model,H,strategy,tau,phase,regime,n_obs,mean_log_ret,std_log_ret,sharpe_ann,max_drawdown,hit_rate
BASELINE,1,always_long,0.0,0,high,388,-3.225756585532876e-05,0.005680262434313022,-0.09014952897732821,-0.1858406969978611,0.5077319587628866
BASELINE,1,always_long,0.0,0,low,219,6.350229538074221e-05,0.0035005911510180487,0.2879707009663466,-0.04159462055715646,0.5068493150684932
BASELINE,1,always_long,0.0,0,mid,411,9.049396795462233e-05,0.004098929543065772,0.3504688702411354,-0.07338501458235713,0.51338199513382
BASELINE,1,always_short,0.0,0,high,388,3.225756585532876e-05,0.005680262434313022,0.09014952897732821,-0.15907404604276032,0.46649484536082475
BASELINE,1,always_short,0.0,0,low,219,-6.350229538074221e-05,0.0035005911510180487,-0.2879707009663466,-0.06468333690548833,0.4657534246575342
BASELINE,1,always_short,0.0,0,mid,411,-9.049396795462233e-05,0.004098929543065772,-0.3504688702411354,-0.08606822305719297,0.45985401459854014
BASELINE,1,cash,0.0,0,high,388,0.0,0.0,,0.0,0.0
BASELINE,1,cash,0.0,0,low,219,0.0,0.0,,0.0,0.0
BASELINE,1,cash,0.0,0,mid,411,0.0,0.0,,0.0,0.0
ElasticNet,1,model,0.0,0,high,388,0.00033072285964356524,0.005664439187096304,0.926845970730112,-0.09829663260600363,0.5180412371134021
ElasticNet,1,model,0.0,0,low,219,0.00018094210502900108,0.0034871504297001883,0.8237003041737302,-0.03380625944632398,0.5205479452054794
ElasticNet,1,model,0.0,0,mid,411,0.00011122104293847673,0.004102586077894285,0.43035765429713696,-0.1269870526242599,0.49878345498783455
ElasticNet,1,model,0.0005,0,high,388,0.0006654671778406206,0.004259255438561427,2.4802372390752065,-0.03837931100297354,0.33505154639175255
ElasticNet,1,model,0.0005,0,low,219,-7.592577586091187e-05,0.0010098441107106667,-1.1935350351426197,-0.027317937076597798,0.0502283105022831
ElasticNet,1,model,0.0005,0,mid,411,0.00010264502696207155,0.00208689756434277,0.7807950499324716,-0.050863258158726055,0.11435523114355231
ElasticNet,1,model,0.001,0,high,388,0.00024054482569870462,0.0028954770415177498,1.3187915749355454,-0.03149602303435084,0.13144329896907217
ElasticNet,1,model,0.001,0,low,219,-3.9301666784822826e-05,0.0005748629008986044,-1.0852928890741829,-0.008570130284232147,0.0
ElasticNet,1,model,0.001,0,mid,411,7.934040543745327e-05,0.0007799217852836853,1.6148925623113703,-0.001291898212213538,0.019464720194647202
LSTM,1,model,0.0,0,high,388,0.00019380379015115286,0.0056734355326059525,0.5422710408197877,-0.0996668159705596,0.5128865979381443
LSTM,1,model,0.0,0,low,219,-0.0003672642174748104,0.0034902256431890663,-1.6704188512062699,-0.07959245873342413,0.4657534246575342
LSTM,1,model,0.0,0,mid,411,-0.000127238145984083,0.0040981410783709725,-0.49286808596930687,-0.11710216830908038,0.49635036496350365
LSTM,1,model,0.0005,0,high,388,0.0001808029437839396,0.004788186432774795,0.5994248122249687,-0.1041446220880835,0.33762886597938147
LSTM,1,model,0.0005,0,low,219,-4.566604436129501e-05,0.0016755749578459501,-0.4326431217211047,-0.03172908169842126,0.1461187214611872
LSTM,1,model,0.0005,0,mid,411,-0.00015876766316854404,0.0021163521973972437,-1.1908974890836395,-0.07251313492559563,0.11192214111922141
LSTM,1,model,0.001,0,high,388,9.038928244245101e-05,0.003910783578545638,0.3669048277285205,-0.059553796228247746,0.19329896907216496
LSTM,1,model,0.001,0,low,219,-3.457178541490868e-05,0.0004456176694825539,-1.231571629916071,-0.008202869376383926,0.0136986301369863
LSTM,1,model,0.001,0,mid,411,-4.450730195552993e-05,0.0009837568355864608,-0.718197312025335,-0.028134486873821696,0.019464720194647202
Lasso,1,model,0.0,0,high,388,0.0007065408328757596,0.005625914154116428,1.9936294266423569,-0.05768486448091459,0.5592783505154639
Lasso,1,model,0.0,0,low,219,8.820524577852283e-05,0.0034919023530091938,0.4009891246704403,-0.033487335856582146,0.502283105022831
Lasso,1,model,0.0,0,mid,411,-4.844255012115782e-05,0.004110643825669149,-0.18707571747377338,-0.14367128205555368,0.48905109489051096
Lasso,1,model,0.0005,0,high,388,0.0004799306227156061,0.0041583446437943655,1.832138290170042,-0.06189070146481035,0.27319587628865977
Lasso,1,model,0.0005,0,low,219,-9.640345425367444e-05,0.0008283649630521932,-1.8474434110034452,-0.024741170799165935,0.0091324200913242
Lasso,1,model,0.0005,0,mid,411,5.410780590627298e-05,0.0014323209522743591,0.5996803922530158,-0.02473279698797448,0.06082725060827251
Lasso,1,model,0.001,0,high,388,0.00022366492385152156,0.0025393712413274232,1.3982085546735323,-0.021362639854765275,0.06701030927835051
Lasso,1,model,0.001,0,low,219,0.0,0.0,,0.0,0.0
Lasso,1,model,0.001,0,mid,411,8.056859718507787e-06,0.00016835474715678513,0.7596975145626487,-9.999500016655283e-05,0.0024330900243309003
LightGBM,1,model,0.0,0,high,388,0.0003106649215304061,0.005661847169345816,0.8710324728201585,-0.1349014752773542,0.5051546391752577
LightGBM,1,model,0.0,0,low,219,-0.0005292261678686784,0.0034701634363301483,-2.420982503871379,-0.11341626051365805,0.4337899543378995
LightGBM,1,model,0.0,0,mid,411,-0.00013596919430505062,0.004102562096086241,-0.5261209931815567,-0.09813663017209395,0.46715328467153283
LightGBM,1,model,0.0005,0,high,388,0.00018835675147958788,0.004041791459450541,0.7397884732668529,-0.082943586642649,0.22164948453608246
LightGBM,1,model,0.0005,0,low,219,1.050139347608286e-05,0.00024582432555359966,0.6781446586650347,-0.002531891036264722,0.0228310502283105
LightGBM,1,model,0.0005,0,mid,411,2.3576094659654744e-05,0.0008781610399990923,0.4261848147280292,-0.01626296522177717,0.038929440389294405
LightGBM,1,model,0.001,0,high,388,9.95114749470653e-05,0.002995218657015867,0.5274057999548067,-0.07206040484605514,0.0979381443298969
LightGBM,1,model,0.001,0,low,219,5.489697805985844e-06,8.82874530083281e-05,0.98707401828652,-9.999500016655283e-05,0.0045662100456621
LightGBM,1,model,0.001,0,mid,411,2.455309279337178e-05,0.00046381950524034476,0.840344703680694,-0.0035559950016109676,0.012165450121654502
MLP,1,model,0.0,0,high,388,0.0005445959298460966,0.005642250995747093,1.5322239969226656,-0.07204365050634931,0.5412371134020618
MLP,1,model,0.0,0,low,219,-5.987820364479756e-05,0.003499220511261887,-0.27164250201588813,-0.048622762599247915,0.4794520547945205
MLP,1,model,0.0,0,mid,411,-0.000101137100111916,0.0041027813870449376,-0.3913203117231189,-0.07939846900721037,0.4793187347931874
MLP,1,model,0.0005,0,high,388,0.0005275623654191677,0.005258888905631294,1.592502346054268,-0.05950132153140597,0.4948453608247423
MLP,1,model,0.0005,0,low,219,-0.0001392493504377816,0.0031811341407110825,-0.6948826459797766,-0.061298279155803326,0.4155251141552511
MLP,1,model,0.0005,0,mid,411,-0.00013373360099134035,0.003675726709039558,-0.5775606482703061,-0.0792251103480196,0.3722627737226277
MLP,1,model,0.001,0,high,388,0.0005325470721011506,0.005024591572537783,1.6825094265366383,-0.05950132153140586,0.44072164948453607
MLP,1,model,0.001,0,low,219,-0.0002595363775805167,0.0029255563239427036,-1.408283352399518,-0.07572552768307994,0.319634703196347
MLP,1,model,0.001,0,mid,411,-0.00011852999731192917,0.0032192022640654037,-0.584494300260248,-0.07397889118764656,0.29927007299270075
RandomForest,1,model,0.0,0,high,388,0.00018813957074228073,0.0056744531163395295,0.5263279182142083,-0.1483175720159905,0.48195876288659795
RandomForest,1,model,0.0,0,low,219,-0.00027068527022099245,0.003488144345531833,-1.2318857896298512,-0.06830276131700797,0.4657534246575342
RandomForest,1,model,0.0,0,mid,411,-0.00028934203151057176,0.004095411142092109,-1.1215387652006883,-0.12225811797834252,0.46228710462287104
RandomForest,1,model,0.0005,0,high,388,0.0001308006692795986,0.0025846712025243525,0.8033502487201484,-0.03294826596975764,0.06443298969072164
RandomForest,1,model,0.0005,0,low,219,0.0,0.0,,0.0,0.0
RandomForest,1,model,0.0005,0,mid,411,0.0,0.0,,0.0,0.0
RandomForest,1,model,0.001,0,high,388,0.00011168182905220672,0.0014891155069471046,1.1905685392105583,-0.00489398118529738,0.01288659793814433
RandomForest,1,model,0.001,0,low,219,0.0,0.0,,0.0,0.0
RandomForest,1,model,0.001,0,mid,411,0.0,0.0,,0.0,0.0
RandomWalk,1,model,0.0,0,high,388,0.0,0.0,,0.0,0.0
RandomWalk,1,model,0.0,0,low,219,0.0,0.0,,0.0,0.0
RandomWalk,1,model,0.0,0,mid,411,0.0,0.0,,0.0,0.0
RandomWalk,1,model,0.0005,0,high,388,0.0,0.0,,0.0,0.0
RandomWalk,1,model,0.0005,0,low,219,0.0,0.0,,0.0,0.0
RandomWalk,1,model,0.0005,0,mid,411,0.0,0.0,,0.0,0.0
RandomWalk,1,model,0.001,0,high,388,0.0,0.0,,0.0,0.0
RandomWalk,1,model,0.001,0,low,219,0.0,0.0,,0.0,0.0
RandomWalk,1,model,0.001,0,mid,411,0.0,0.0,,0.0,0.0
Ridge,1,model,0.0,0,high,388,0.0007608323386950047,0.005617435108055442,2.1500629225420296,-0.074251107854438,0.5644329896907216
Ridge,1,model,0.0,0,low,219,0.00027152698009162604,0.003478898999463522,1.239000379736712,-0.040990494818632595,0.5159817351598174
Ridge,1,model,0.0,0,mid,411,1.657710454568788e-05,0.004105640565419052,0.06409557103681618,-0.1285107986453099,0.51338199513382
Ridge,1,model,0.0005,0,high,388,0.0007278259875095367,0.004783796477255721,2.415211311562618,-0.04377790914022739,0.40463917525773196
Ridge,1,model,0.0005,0,low,219,-7.845789689976053e-05,0.00185699025053959,-0.6706984601311554,-0.043202812957815806,0.1598173515981735
Ridge,1,model,0.0005,0,mid,411,4.343902987208275e-05,0.003001988622392267,0.22970547465403257,-0.08915770415997215,0.25790754257907544
Ridge,1,model,0.001,0,high,388,0.0006143854798256879,0.003818868515611284,2.5539154052089694,-0.041627960696689614,0.2706185567010309
Ridge,1,model,0.001,0,low,219,-7.371820950570001e-05,0.0011794007564033006,-0.9922329541851435,-0.02114226183261325,0.0365296803652968
Ridge,1,model,0.001,0,mid,411,0.0001654495834212995,0.0019575900989821215,1.3416653031079453,-0.03252706534023875,0.12165450121654502
Transformer,1,model,0.0,0,high,388,0.00016287219273921358,0.005675313467679452,0.4555723520081811,-0.0978439927298772,0.48195876288659795
Transformer,1,model,0.0,0,low,219,-5.873192690436449e-05,0.003492480946987436,-0.2669564844600386,-0.041046657407691534,0.502283105022831
Transformer,1,model,0.0,0,mid,411,4.695867827711615e-05,0.0041037186751127774,0.18165131840689738,-0.06420336419158745,0.49878345498783455
Transformer,1,model,0.0005,0,high,388,0.00019935766049174316,0.005561649535704389,0.5690226846161712,-0.09693430709529827,0.46134020618556704
Transformer,1,model,0.0005,0,low,219,-0.00020219703935521306,0.0031895585814818222,-1.0063394071017142,-0.05109601619571702,0.4018264840182648
Transformer,1,model,0.0005,0,mid,411,-4.395669794543128e-06,0.0037996787431960216,-0.01836447222188678,-0.07253317135221415,0.45012165450121655
Transformer,1,model,0.001,0,high,388,0.0002011800843352089,0.005420377163394527,0.5891905184951669,-0.09206180594444413,0.43041237113402064
Transformer,1,model,0.001,0,low,219,-0.00017025681375459794,0.00302064990539202,-0.8947555042472498,-0.04152579723942662,0.3515981735159817
Transformer,1,model,0.001,0,mid,411,7.777892471056414e-05,0.003555328006264571,0.34728220574344787,-0.04849390762056538,0.40632603406326034
XGBoost,1,model,0.0,0,high,388,0.00017409079706871803,0.005671213581553717,0.4873041171508673,-0.16841498063188465,0.48711340206185566
XGBoost,1,model,0.0,0,low,219,-9.946255170213552e-05,0.003498333808533864,-0.45133459121450903,-0.04339241104370206,0.4840182648401826
XGBoost,1,model,0.0,0,mid,411,-0.00010550977662040928,0.004101272703552684,-0.408389273283535,-0.08748242412831975,0.49878345498783455
XGBoost,1,model,0.0005,0,high,388,0.0002602309440017291,0.004053255958414262,1.0191900560972895,-0.05321624177793416,0.20618556701030927
XGBoost,1,model,0.0005,0,low,219,1.1994382006329222e-05,0.00012258440617681513,1.5532555685532412,-0.00010759401835469529,0.0182648401826484
XGBoost,1,model,0.0005,0,mid,411,-3.526219470291508e-05,0.0006455968058204439,-0.8670581733844578,-0.018651332434440948,0.019464720194647202
XGBoost,1,model,0.001,0,high,388,0.00022902309632081753,0.0028741191437634574,1.2649541519592848,-0.040740693130251526,0.07731958762886598
XGBoost,1,model,0.001,0,low,219,0.0,0.0,,0.0,0.0
XGBoost,1,model,0.001,0,mid,411,-3.6730714417688466e-07,0.00023665692847333946,-0.024638282036493046,-0.0034563456187249875,0.0024330900243309003
BASELINE,5,always_long,0.0,0,high,76,-0.0003764813970601184,0.012579279026482437,-0.21247265225660114,-0.1762894583217388,0.42105263157894735
BASELINE,5,always_long,0.0,0,low,45,0.0007578701514478188,0.008797648309905787,0.6115661990461767,-0.02989261874818605,0.6
BASELINE,5,always_long,0.0,0,mid,83,0.0004384501894337938,0.00874570237296416,0.3559105294445987,-0.054762648657514346,0.4819277108433735
BASELINE,5,always_long,0.0,1,high,80,-0.00023317311215538105,0.012615268042012885,-0.13121916048307078,-0.17362252457504024,0.525
BASELINE,5,always_long,0.0,1,low,44,0.00045903001464230714,0.008442553267910036,0.3859957673871149,-0.034546158312366626,0.5909090909090909
BASELINE,5,always_long,0.0,1,mid,80,0.0004129932692483873,0.008793565299300777,0.3334212298555464,-0.07349130924351743,0.475
BASELINE,5,always_long,0.0,2,high,79,0.0001330987777522769,0.011123523434239177,0.08494678789906704,-0.15249546649348666,0.5189873417721519
BASELINE,5,always_long,0.0,2,low,43,0.00011389248094966372,0.00714657277321475,0.11313904307005647,-0.029151685939170502,0.5813953488372093
BASELINE,5,always_long,0.0,2,mid,82,0.0002622678669736769,0.009331103328625337,0.19953879890705847,-0.09812369158109246,0.4878048780487805
BASELINE,5,always_long,0.0,3,high,77,0.00023716735955572914,0.011964726490239991,0.14072375383323515,-0.14426398647781058,0.5324675324675324
BASELINE,5,always_long,0.0,3,low,43,0.0007032717687166328,0.008037827042444934,0.6211547281560235,-0.030303030303030165,0.6046511627906976
BASELINE,5,always_long,0.0,3,mid,83,-0.0001119743992222362,0.008583856883118558,-0.09260864739246105,-0.09549029290311306,0.5421686746987951
BASELINE,5,always_long,0.0,4,high,76,8.33643225360039e-05,0.01210964211305816,0.048872458351702536,-0.15520398941719604,0.5263157894736842
BASELINE,5,always_long,0.0,4,low,44,0.000325140063470393,0.008571012160019304,0.26931072133752554,-0.032901103154635236,0.5
BASELINE,5,always_long,0.0,4,mid,83,0.0002495475595090158,0.008414512525824005,0.21054243138181986,-0.06296943928401677,0.4819277108433735
BASELINE,5,always_short,0.0,0,high,76,0.0003764813970601184,0.012579279026482437,0.21247265225660114,-0.156036969165803,0.5789473684210527
BASELINE,5,always_short,0.0,0,low,45,-0.0007578701514478188,0.008797648309905787,-0.6115661990461767,-0.06899428125992546,0.4
BASELINE,5,always_short,0.0,0,mid,83,-0.0004384501894337938,0.00874570237296416,-0.3559105294445987,-0.06290491855037128,0.5060240963855421
BASELINE,5,always_short,0.0,1,high,80,0.00023317311215538105,0.012615268042012885,0.13121916048307078,-0.15495200542191723,0.4625
BASELINE,5,always_short,0.0,1,low,44,-0.00045903001464230714,0.008442553267910036,-0.3859957673871149,-0.054472231379944946,0.38636363636363635
BASELINE,5,always_short,0.0,1,mid,80,-0.0004129932692483873,0.008793565299300777,-0.3334212298555464,-0.0817931936398677,0.5125
BASELINE,5,always_short,0.0,2,high,79,-0.0001330987777522769,0.011123523434239177,-0.08494678789906704,-0.15734204024002796,0.46835443037974683
BASELINE,5,always_short,0.0,2,low,43,-0.00011389248094966372,0.00714657277321475,-0.11313904307005647,-0.04945030017170049,0.4186046511627907
BASELINE,5,always_short,0.0,2,mid,82,-0.0002622678669736769,0.009331103328625337,-0.19953879890705847,-0.10178459707376708,0.5
BASELINE,5,always_short,0.0,3,high,77,-0.00023716735955572914,0.011964726490239991,-0.14072375383323515,-0.1554060037191175,0.4675324675324675
BASELINE,5,always_short,0.0,3,low,43,-0.0007032717687166328,0.008037827042444934,-0.6211547281560235,-0.06545137504495935,0.3953488372093023
BASELINE,5,always_short,0.0,3,mid,83,0.0001119743992222362,0.008583856883118558,0.09260864739246105,-0.06109338341950743,0.4578313253012048
BASELINE,5,always_short,0.0,4,high,76,-8.33643225360039e-05,0.01210964211305816,-0.048872458351702536,-0.15726767275615539,0.4605263157894737
BASELINE,5,always_short,0.0,4,low,44,-0.000325140063470393,0.008571012160019304,-0.26931072133752554,-0.0538709241468216,0.5
BASELINE,5,always_short,0.0,4,mid,83,-0.0002495475595090158,0.008414512525824005,-0.21054243138181986,-0.05659804196351259,0.5180722891566265
BASELINE,5,cash,0.0,0,high,76,0.0,0.0,,0.0,0.0
BASELINE,5,cash,0.0,0,low,45,0.0,0.0,,0.0,0.0
BASELINE,5,cash,0.0,0,mid,83,0.0,0.0,,0.0,0.0
BASELINE,5,cash,0.0,1,high,80,0.0,0.0,,0.0,0.0
BASELINE,5,cash,0.0,1,low,44,0.0,0.0,,0.0,0.0
BASELINE,5,cash,0.0,1,mid,80,0.0,0.0,,0.0,0.0
BASELINE,5,cash,0.0,2,high,79,0.0,0.0,,0.0,0.0
BASELINE,5,cash,0.0,2,low,43,0.0,0.0,,0.0,0.0
BASELINE,5,cash,0.0,2,mid,82,0.0,0.0,,0.0,0.0
BASELINE,5,cash,0.0,3,high,77,0.0,0.0,,0.0,0.0
BASELINE,5,cash,0.0,3,low,43,0.0,0.0,,0.0,0.0
BASELINE,5,cash,0.0,3,mid,83,0.0,0.0,,0.0,0.0
BASELINE,5,cash,0.0,4,high,76,0.0,0.0,,0.0,0.0
BASELINE,5,cash,0.0,4,low,44,0.0,0.0,,0.0,0.0
BASELINE,5,cash,0.0,4,mid,83,0.0,0.0,,0.0,0.0
ElasticNet,5,model,0.0,0,high,76,-0.0003764813970601184,0.012579279026482437,-0.21247265225660114,-0.1762894583217388,0.42105263157894735
ElasticNet,5,model,0.0,0,low,45,0.0007578701514478188,0.008797648309905787,0.6115661990461767,-0.02989261874818605,0.6
ElasticNet,5,model,0.0,0,mid,83,0.0004384501894337938,0.00874570237296416,0.3559105294445987,-0.054762648657514346,0.4819277108433735
ElasticNet,5,model,0.0,1,high,80,-0.00023317311215538105,0.012615268042012885,-0.13121916048307078,-0.17362252457504024,0.525
ElasticNet,5,model,0.0,1,low,44,0.00045903001464230714,0.008442553267910036,0.3859957673871149,-0.034546158312366626,0.5909090909090909
ElasticNet,5,model,0.0,1,mid,80,0.0004129932692483873,0.008793565299300777,0.3334212298555464,-0.07349130924351743,0.475
ElasticNet,5,model,0.0,2,high,79,0.0001330987777522769,0.011123523434239177,0.08494678789906704,-0.15249546649348666,0.5189873417721519
ElasticNet,5,model,0.0,2,low,43,0.00011389248094966372,0.00714657277321475,0.11313904307005647,-0.029151685939170502,0.5813953488372093
ElasticNet,5,model,0.0,2,mid,82,0.0002622678669736769,0.009331103328625337,0.19953879890705847,-0.09812369158109246,0.4878048780487805
ElasticNet,5,model,0.0,3,high,77,0.00023716735955572914,0.011964726490239991,0.14072375383323515,-0.14426398647781058,0.5324675324675324
ElasticNet,5,model,0.0,3,low,43,0.0007032717687166328,0.008037827042444934,0.6211547281560235,-0.030303030303030165,0.6046511627906976
ElasticNet,5,model,0.0,3,mid,83,-0.0001119743992222362,0.008583856883118558,-0.09260864739246105,-0.09549029290311306,0.5421686746987951
ElasticNet,5,model,0.0,4,high,76,8.33643225360039e-05,0.01210964211305816,0.048872458351702536,-0.15520398941719604,0.5263157894736842
ElasticNet,5,model,0.0,4,low,44,0.000325140063470393,0.008571012160019304,0.26931072133752554,-0.032901103154635236,0.5
ElasticNet,5,model,0.0,4,mid,83,0.0002495475595090158,0.008414512525824005,0.21054243138181986,-0.06296943928401677,0.4819277108433735
ElasticNet,5,model,0.0005,0,high,76,0.0,0.0,,0.0,0.0
ElasticNet,5,model,0.0005,0,low,45,0.0,0.0,,0.0,0.0
ElasticNet,5,model,0.0005,0,mid,83,0.0,0.0,,0.0,0.0
ElasticNet,5,model,0.0005,1,high,80,0.0,0.0,,0.0,0.0
ElasticNet,5,model,0.0005,1,low,44,0.0,0.0,,0.0,0.0
ElasticNet,5,model,0.0005,1,mid,80,0.0,0.0,,0.0,0.0
ElasticNet,5,model,0.0005,2,high,79,0.0,0.0,,0.0,0.0
ElasticNet,5,model,0.0005,2,low,43,0.0,0.0,,0.0,0.0
ElasticNet,5,model,0.0005,2,mid,82,0.0,0.0,,0.0,0.0
ElasticNet,5,model,0.0005,3,high,77,0.0,0.0,,0.0,0.0
ElasticNet,5,model,0.0005,3,low,43,0.0,0.0,,0.0,0.0
ElasticNet,5,model,0.0005,3,mid,83,0.0,0.0,,0.0,0.0
ElasticNet,5,model,0.0005,4,high,76,0.0,0.0,,0.0,0.0
ElasticNet,5,model,0.0005,4,low,44,0.0,0.0,,0.0,0.0
ElasticNet,5,model,0.0005,4,mid,83,0.0,0.0,,0.0,0.0
ElasticNet,5,model,0.001,0,high,76,0.0,0.0,,0.0,0.0
ElasticNet,5,model,0.001,0,low,45,0.0,0.0,,0.0,0.0
ElasticNet,5,model,0.001,0,mid,83,0.0,0.0,,0.0,0.0
ElasticNet,5,model,0.001,1,high,80,0.0,0.0,,0.0,0.0
ElasticNet,5,model,0.001,1,low,44,0.0,0.0,,0.0,0.0
ElasticNet,5,model,0.001,1,mid,80,0.0,0.0,,0.0,0.0
ElasticNet,5,model,0.001,2,high,79,0.0,0.0,,0.0,0.0
ElasticNet,5,model,0.001,2,low,43,0.0,0.0,,0.0,0.0
ElasticNet,5,model,0.001,2,mid,82,0.0,0.0,,0.0,0.0
ElasticNet,5,model,0.001,3,high,77,0.0,0.0,,0.0,0.0
ElasticNet,5,model,0.001,3,low,43,0.0,0.0,,0.0,0.0
ElasticNet,5,model,0.001,3,mid,83,0.0,0.0,,0.0,0.0
ElasticNet,5,model,0.001,4,high,76,0.0,0.0,,0.0,0.0
ElasticNet,5,model,0.001,4,low,44,0.0,0.0,,0.0,0.0
ElasticNet,5,model,0.001,4,mid,83,0.0,0.0,,0.0,0.0
LSTM,5,model,0.0,0,high,76,0.0010676319757955497,0.012543672317837954,0.6042437131090573,-0.1114602888630497,0.5131578947368421
LSTM,5,model,0.0,0,low,45,0.0005308835500655321,0.008819516667373187,0.4273362665337475,-0.04746794804353649,0.5555555555555556
LSTM,5,model,0.0,0,mid,83,-0.00157768204908749,0.008634991490038884,-1.2970981456831032,-0.14065594651480495,0.46987951807228917
LSTM,5,model,0.0,1,high,80,0.0014954610931889685,0.012523755319413583,0.8477266041229149,-0.12300830469051405,0.5375
LSTM,5,model,0.0,1,low,44,-0.00023797463868993867,0.008457738142085384,-0.19975226357578127,-0.06061477704766893,0.5
LSTM,5,model,0.0,1,mid,80,-0.0016120936861424864,0.008669789527029011,-1.3200700896348099,-0.14304623107963554,0.4375
LSTM,5,model,0.0,2,high,79,0.0013149308916585454,0.011040106345105214,0.8455609923826474,-0.09456563848327082,0.569620253164557
LSTM,5,model,0.0,2,low,43,-0.0009706319441491058,0.0071088698547218864,-0.9693247121912634,-0.05253010227421673,0.46511627906976744
LSTM,5,model,0.0,2,mid,82,-0.0005877378194705354,0.009337008991983309,-0.4468802162900052,-0.1039411414696223,0.4268292682926829
LSTM,5,model,0.0,3,high,77,0.0009265393795132247,0.011926532876138091,0.5515246667219652,-0.0985625865087526,0.5454545454545454
LSTM,5,model,0.0,3,low,43,0.0007344860946834071,0.008032549291832818,0.6491505764142506,-0.02788021664425322,0.5348837209302325
LSTM,5,model,0.0,3,mid,83,-0.0009853378156020132,0.008526270130811867,-0.8204296191847079,-0.09687678849470815,0.4578313253012048
LSTM,5,model,0.0,4,high,76,0.0007186674901397117,0.012082730838572659,0.4222582725037758,-0.12381594469531709,0.5657894736842105
LSTM,5,model,0.0,4,low,44,0.0003204822304501204,0.008571553514203486,0.26543591304892866,-0.036857858929496556,0.4772727272727273
LSTM,5,model,0.0,4,mid,83,-0.0006278488654346274,0.008393439154853001,-0.5310439133868791,-0.09893905188847041,0.46987951807228917
LSTM,5,model,0.0005,0,high,76,0.0007173813901761117,0.0124513547505961,0.4090239776348458,-0.13375034672517672,0.4473684210526316
LSTM,5,model,0.0005,0,low,45,0.0005442257332083476,0.00827411569473782,0.4669525507927033,-0.0315146033058028,0.4888888888888889
LSTM,5,model,0.0005,0,mid,83,-0.0019111192810110059,0.0076737494405575155,-1.7680536841702752,-0.1674077652723044,0.37349397590361444
LSTM,5,model,0.0005,1,high,80,0.001340610312792236,0.01161234179166309,0.8195925725388887,-0.1077261563609111,0.5125
LSTM,5,model,0.0005,1,low,44,-0.0008840236566278068,0.006508112828153036,-0.9643264560750023,-0.06973644573354731,0.4090909090909091
LSTM,5,model,0.0005,1,mid,80,-0.0016228754351775801,0.007538134925681096,-1.5283983076239118,-0.1373224515010596,0.375
LSTM,5,model,0.0005,2,high,79,0.001542466772881821,0.010912070872127751,1.0035150905543586,-0.08697015208350667,0.5569620253164557
LSTM,5,model,0.0005,2,low,43,-0.00022690102870378599,0.005692858259388236,-0.2829575993321626,-0.037996831555419,0.4418604651162791
LSTM,5,model,0.0005,2,mid,82,-0.001608067944054465,0.008022100865270476,-1.4230873054499436,-0.1399320108591695,0.2926829268292683
LSTM,5,model,0.0005,3,high,77,0.0009393868169622052,0.011879266523567876,0.5613970201255731,-0.09758015842795897,0.5324675324675324
LSTM,5,model,0.0005,3,low,43,0.0003261864346955953,0.006992978201902934,0.331145600533775,-0.027456175066356447,0.4418604651162791
LSTM,5,model,0.0005,3,mid,83,-0.0008863184877414109,0.00790393577211754,-0.7960890935189764,-0.08696041345907046,0.3614457831325301
LSTM,5,model,0.0005,4,high,76,0.0008035368239291185,0.011964884554956567,0.4767739734241396,-0.12427641618116392,0.5394736842105263
LSTM,5,model,0.0005,4,low,44,0.0006319500765415883,0.008362192980758272,0.5365100394633938,-0.03676153989951836,0.4318181818181818
LSTM,5,model,0.0005,4,mid,83,-0.0009119470307859639,0.007807860013858623,-0.8291877235269686,-0.08717881961718588,0.37349397590361444
LSTM,5,model,0.001,0,high,76,0.0009813137072327092,0.01196990322179915,0.5820127441296414,-0.13010207672445706,0.40789473684210525
LSTM,5,model,0.001,0,low,45,0.00013206974788304782,0.006906569745868598,0.13575511911000596,-0.037316157206238154,0.4222222222222222
LSTM,5,model,0.001,0,mid,83,-0.0009656167144788181,0.006998105074211875,-0.9795792653304057,-0.11161877792058195,0.3373493975903614
LSTM,5,model,0.001,1,high,80,0.0012878381953045923,0.011528692098443075,0.7930426222943971,-0.11368765977061457,0.5
LSTM,5,model,0.001,1,low,44,-0.000394691353038684,0.006042752361059776,-0.463701054371894,-0.05966314143722107,0.36363636363636365
LSTM,5,model,0.001,1,mid,80,-0.0014296852506744586,0.006901235659341126,-1.4707161021975683,-0.11412199000360557,0.3
LSTM,5,model,0.001,2,high,79,0.0015485836929498443,0.010765150265710408,1.0212447892135839,-0.0877531960515312,0.5189873417721519
LSTM,5,model,0.001,2,low,43,-0.0008225996208352558,0.005186986581583564,-1.1258710412757136,-0.04009767402353759,0.32558139534883723
LSTM,5,model,0.001,2,mid,82,-0.0011499835414543111,0.006890566330716178,-1.1848189052619769,-0.09543996614721217,0.2073170731707317
LSTM,5,model,0.001,3,high,77,0.0009980475541599893,0.011802053400504994,0.600356099810762,-0.0997944097852399,0.5194805194805194
LSTM,5,model,0.001,3,low,43,-0.000499647555848742,0.006384077366267693,-0.5556238687426831,-0.03292641988063272,0.32558139534883723
LSTM,5,model,0.001,3,mid,83,-0.0003678443353783312,0.006330862245815092,-0.41249289932940764,-0.057032203422756056,0.3132530120481928
LSTM,5,model,0.001,4,high,76,0.0008812973673716499,0.011761867831321193,0.5319385267148344,-0.12015297683487325,0.5
LSTM,5,model,0.001,4,low,44,-3.811236707286601e-05,0.007661159993214263,-0.03531723204197255,-0.03396377658291483,0.3409090909090909
LSTM,5,model,0.001,4,mid,83,-0.0007541455463383205,0.007107435567504193,-0.7532818572041096,-0.07695346037934114,0.30120481927710846
Lasso,5,model,0.0,0,high,76,-0.0003764813970601184,0.012579279026482437,-0.21247265225660114,-0.1762894583217388,0.42105263157894735
Lasso,5,model,0.0,0,low,45,0.0007578701514478188,0.008797648309905787,0.6115661990461767,-0.02989261874818605,0.6
Lasso,5,model,0.0,0,mid,83,0.0004384501894337938,0.00874570237296416,0.3559105294445987,-0.054762648657514346,0.4819277108433735
Lasso,5,model,0.0,1,high,80,-0.00023317311215538105,0.012615268042012885,-0.13121916048307078,-0.17362252457504024,0.525
Lasso,5,model,0.0,1,low,44,0.00045903001464230714,0.008442553267910036,0.3859957673871149,-0.034546158312366626,0.5909090909090909
Lasso,5,model,0.0,1,mid,80,0.0004129932692483873,0.008793565299300777,0.3334212298555464,-0.07349130924351743,0.475
Lasso,5,model,0.0,2,high,79,0.0001330987777522769,0.011123523434239177,0.08494678789906704,-0.15249546649348666,0.5189873417721519
Lasso,5,model,0.0,2,low,43,0.00011389248094966372,0.00714657277321475,0.11313904307005647,-0.029151685939170502,0.5813953488372093
Lasso,5,model,0.0,2,mid,82,0.0002622678669736769,0.009331103328625337,0.19953879890705847,-0.09812369158109246,0.4878048780487805
Lasso,5,model,0.0,3,high,77,0.00023716735955572914,0.011964726490239991,0.14072375383323515,-0.14426398647781058,0.5324675324675324
Lasso,5,model,0.0,3,low,43,0.0007032717687166328,0.008037827042444934,0.6211547281560235,-0.030303030303030165,0.6046511627906976
Lasso,5,model,0.0,3,mid,83,-0.0001119743992222362,0.008583856883118558,-0.09260864739246105,-0.09549029290311306,0.5421686746987951
Lasso,5,model,0.0,4,high,76,8.33643225360039e-05,0.01210964211305816,0.048872458351702536,-0.15520398941719604,0.5263157894736842
Lasso,5,model,0.0,4,low,44,0.000325140063470393,0.008571012160019304,0.26931072133752554,-0.032901103154635236,0.5
Lasso,5,model,0.0,4,mid,83,0.0002495475595090158,0.008414512525824005,0.21054243138181986,-0.06296943928401677,0.4819277108433735
Lasso,5,model,0.0005,0,high,76,0.0,0.0,,0.0,0.0
Lasso,5,model,0.0005,0,low,45,0.0,0.0,,0.0,0.0
Lasso,5,model,0.0005,0,mid,83,0.0,0.0,,0.0,0.0
Lasso,5,model,0.0005,1,high,80,0.0,0.0,,0.0,0.0
Lasso,5,model,0.0005,1,low,44,0.0,0.0,,0.0,0.0
Lasso,5,model,0.0005,1,mid,80,0.0,0.0,,0.0,0.0
Lasso,5,model,0.0005,2,high,79,0.0,0.0,,0.0,0.0
Lasso,5,model,0.0005,2,low,43,0.0,0.0,,0.0,0.0
Lasso,5,model,0.0005,2,mid,82,0.0,0.0,,0.0,0.0
Lasso,5,model,0.0005,3,high,77,0.0,0.0,,0.0,0.0
Lasso,5,model,0.0005,3,low,43,0.0,0.0,,0.0,0.0
Lasso,5,model,0.0005,3,mid,83,0.0,0.0,,0.0,0.0
Lasso,5,model,0.0005,4,high,76,0.0,0.0,,0.0,0.0
Lasso,5,model,0.0005,4,low,44,0.0,0.0,,0.0,0.0
Lasso,5,model,0.0005,4,mid,83,0.0,0.0,,0.0,0.0
Lasso,5,model,0.001,0,high,76,0.0,0.0,,0.0,0.0
Lasso,5,model,0.001,0,low,45,0.0,0.0,,0.0,0.0
Lasso,5,model,0.001,0,mid,83,0.0,0.0,,0.0,0.0
Lasso,5,model,0.001,1,high,80,0.0,0.0,,0.0,0.0
Lasso,5,model,0.001,1,low,44,0.0,0.0,,0.0,0.0
Lasso,5,model,0.001,1,mid,80,0.0,0.0,,0.0,0.0
Lasso,5,model,0.001,2,high,79,0.0,0.0,,0.0,0.0
Lasso,5,model,0.001,2,low,43,0.0,0.0,,0.0,0.0
Lasso,5,model,0.001,2,mid,82,0.0,0.0,,0.0,0.0
Lasso,5,model,0.001,3,high,77,0.0,0.0,,0.0,0.0
Lasso,5,model,0.001,3,low,43,0.0,0.0,,0.0,0.0
Lasso,5,model,0.001,3,mid,83,0.0,0.0,,0.0,0.0
Lasso,5,model,0.001,4,high,76,0.0,0.0,,0.0,0.0
Lasso,5,model,0.001,4,low,44,0.0,0.0,,0.0,0.0
Lasso,5,model,0.001,4,mid,83,0.0,0.0,,0.0,0.0
LightGBM,5,model,0.0,0,high,76,0.003896385361610138,0.011940678456955975,2.3165846143248525,-0.03488168273444281,0.6052631578947368
LightGBM,5,model,0.0,0,low,45,7.78986404245148e-05,0.008820243476798257,0.0626995714517906,-0.029434324065196193,0.5333333333333333
LightGBM,5,model,0.0,0,mid,83,0.0001918339505715655,0.008734090751527816,0.15592761590988222,-0.05330293418673149,0.6024096385542169
LightGBM,5,model,0.0,1,high,80,0.0037420310884737477,0.012007177669215966,2.2124920690071224,-0.031619855149266685,0.6125
LightGBM,5,model,0.0,1,low,44,0.0008936719429534297,0.008393134768348022,0.7559084409370102,-0.034546158312366626,0.5454545454545454
LightGBM,5,model,0.0,1,mid,80,0.0005887278675084938,0.008762237867739301,0.4769960944618322,-0.037837943900865256,0.5625
LightGBM,5,model,0.0,2,high,79,0.002863078940351446,0.01073201786797839,1.8939443051399398,-0.03194493469819926,0.6075949367088608
LightGBM,5,model,0.0,2,low,43,-0.0005078941126639804,0.007113362877847371,-0.5068897189953533,-0.040486222354549684,0.5813953488372093
LightGBM,5,model,0.0,2,mid,82,0.0010828906088679033,0.009250219068254375,0.8310895806242755,-0.0467653286141716,0.573170731707317
LightGBM,5,model,0.0,3,high,77,0.0018079932671810023,0.011824493494414572,1.0854992567083468,-0.05828980577573473,0.6103896103896104
LightGBM,5,model,0.0,3,low,43,0.0009875015027682604,0.007980237148018652,0.8784908369934783,-0.05728011901314045,0.5813953488372093
LightGBM,5,model,0.0,3,mid,83,0.00045039597365093833,0.00856264769464287,0.3734235403527601,-0.04835368251092553,0.43373493975903615
LightGBM,5,model,0.0,4,high,76,0.0019720732261658963,0.011938414043356884,1.1727128077556483,-0.06775481519571802,0.618421052631579
LightGBM,5,model,0.0,4,low,44,0.0020441134108172792,0.008291048102129182,1.7502932621018077,-0.031735378715244456,0.5681818181818182
LightGBM,5,model,0.0,4,mid,83,-0.00043512897202926503,0.008389679038839427,-0.36820350850790484,-0.07693813766546653,0.4578313253012048
LightGBM,5,model,0.0005,0,high,76,0.003904113777505592,0.011694449175156319,2.3700524832675858,-0.03488168273444281,0.5394736842105263
LightGBM,5,model,0.0005,0,low,45,0.00101019984804752,0.005606440943654305,1.2791907646198324,-0.015320624712182207,0.26666666666666666
LightGBM,5,model,0.0005,0,mid,83,-0.0002984701311687432,0.0066912534580065835,-0.31667127003003237,-0.05752907000922991,0.3493975903614458
LightGBM,5,model,0.0005,1,high,80,0.0036044239580197827,0.01074154714556624,2.382233332176467,-0.031619855149266796,0.5375
LightGBM,5,model,0.0005,1,low,44,-7.011591475205434e-05,0.006657404074245176,-0.07476992673638123,-0.032210653000222744,0.22727272727272727
LightGBM,5,model,0.0005,1,mid,80,0.0010198311396912875,0.006453292335047685,1.121920794742701,-0.037837943900865256,0.375
LightGBM,5,model,0.0005,2,high,79,0.002407751231299114,0.010357231140830581,1.6503771931168376,-0.031944934698199035,0.4810126582278481
LightGBM,5,model,0.0005,2,low,43,3.9508984654744405e-06,0.004376556068677375,0.006408828358157797,-0.012200568015379054,0.20930232558139536
LightGBM,5,model,0.0005,2,mid,82,0.0014987865141174253,0.006256050399300425,1.700806105336488,-0.03260558256298973,0.35365853658536583
LightGBM,5,model,0.0005,3,high,77,0.0016490077165893344,0.011346592344516284,1.0317453118693478,-0.059645537073228505,0.5194805194805194
LightGBM,5,model,0.0005,3,low,43,0.0016331748058440883,0.00554059279498759,2.092626433733828,-0.016388729504206112,0.27906976744186046
LightGBM,5,model,0.0005,3,mid,83,-0.00011976607754414442,0.006505322078611699,-0.13070141551754152,-0.03487701970117907,0.26506024096385544
LightGBM,5,model,0.0005,4,high,76,0.0016016087813974522,0.010996224954576111,1.0340179875767779,-0.06775481519571802,0.5131578947368421
LightGBM,5,model,0.0005,4,low,44,0.0015293905441629294,0.00639366159750345,1.6981811766176096,-0.02597426982025286,0.2727272727272727
LightGBM,5,model,0.0005,4,mid,83,-0.0006151052681352155,0.0060564640356579645,-0.7210171122690365,-0.05208173059214238,0.24096385542168675
LightGBM,5,model,0.001,0,high,76,0.002936234195871567,0.011241279684049291,1.8543435892933027,-0.03488168273444281,0.4342105263157895
LightGBM,5,model,0.001,0,low,45,0.0003226920776737267,0.0031558702144273594,0.725912770999685,-0.013622234654419918,0.06666666666666667
LightGBM,5,model,0.001,0,mid,83,-1.3739206519625259e-05,0.0045067958506072635,-0.021642580126801123,-0.027803107935209903,0.20481927710843373
LightGBM,5,model,0.001,1,high,80,0.0033256045819387036,0.010408183364853489,2.2683545834015537,-0.031619855149266574,0.475
LightGBM,5,model,0.001,1,low,44,-0.0004245302982059454,0.005706565561454379,-0.5281401054590211,-0.03221065300022263,0.09090909090909091
LightGBM,5,model,0.001,1,mid,80,0.0005369216965900488,0.0032809536492271517,1.1617859685590515,-0.017372505341348266,0.2125
LightGBM,5,model,0.001,2,high,79,0.0025777621363458686,0.010119667916858921,1.808388961270466,-0.03194493469819926,0.4430379746835443
LightGBM,5,model,0.001,2,low,43,0.00011465622029929073,0.0030948034809345657,0.2630145730795466,-0.012200568015379054,0.06976744186046512
LightGBM,5,model,0.001,2,mid,82,0.0008229712333926635,0.004655777233561528,1.2548959879394668,-0.01322855540401191,0.23170731707317074
LightGBM,5,model,0.001,3,high,77,0.0015889021090465824,0.01091002521640856,1.0339193310589847,-0.044506269511040975,0.4675324675324675
LightGBM,5,model,0.001,3,low,43,0.0005756163220873675,0.004153735696437123,0.9838060969100798,-0.016388729504206223,0.09302325581395349
LightGBM,5,model,0.001,3,mid,83,-0.0007050217412492951,0.004293630792807059,-1.1657168689132995,-0.07882026227250816,0.14457831325301204
LightGBM,5,model,0.001,4,high,76,0.0015317134050417127,0.01074448752289966,1.0120618994352282,-0.06775481519571802,0.4342105263157895
LightGBM,5,model,0.001,4,low,44,0.0006847984625081273,0.005215460581644284,0.9321490846965086,-0.02495375335798855,0.09090909090909091
LightGBM,5,model,0.001,4,mid,83,-0.0004848376943804988,0.004633113466680966,-0.7429142849455568,-0.0501357909487955,0.1566265060240964
MLP,5,model,0.0,0,high,76,0.0015292772238714788,0.012493410487327624,0.8690014060846897,-0.06520595968448706,0.5657894736842105
MLP,5,model,0.0,0,low,45,-0.0016071293739703411,0.008705394325706297,-1.3106226198294681,-0.08690136296502615,0.4666666666666667
MLP,5,model,0.0,0,mid,83,0.0018654524357047293,0.008539732572952369,1.5507978050031015,-0.05394954358877202,0.6144578313253012
MLP,5,model,0.0,1,high,80,0.0007361664735532726,0.012578383773130418,0.4154956315282174,-0.14686214535163356,0.4875
MLP,5,model,0.0,1,low,44,-0.00047832495104303645,0.008447532389597773,-0.4019836954189026,-0.06764967397693777,0.5454545454545454
MLP,5,model,0.0,1,mid,80,0.0009657121048110187,0.008739281002048896,0.7844896885536827,-0.03426254363175052,0.5375
MLP,5,model,0.0,2,high,79,0.0018791964326562369,0.010955829667275718,1.2177052431091648,-0.06885724718730035,0.6329113924050633
MLP,5,model,0.0,2,low,43,0.0006220962405034371,0.0071194303151606055,0.6203368801148191,-0.028679516788374992,0.5348837209302325
MLP,5,model,0.0,2,mid,82,6.28849318651171e-05,0.009332051371364716,0.04783929182521123,-0.0929975597319247,0.4634146341463415
MLP,5,model,0.0,3,high,77,0.0006920169930736313,0.011936855510733401,0.4115684642679663,-0.08918469094486703,0.5454545454545454
MLP,5,model,0.0,3,low,43,-0.0004684401471035747,0.008068133306980847,-0.4121889183175214,-0.07090976402333382,0.4186046511627907
MLP,5,model,0.0,3,mid,83,0.0019589384617783178,0.00832605346728454,1.6703091723732606,-0.033191071771096925,0.6265060240963856
MLP,5,model,0.0,4,high,76,0.003159732047336194,0.011669526036416921,1.9222607835405072,-0.09566121945131623,0.6052631578947368
MLP,5,model,0.0,4,low,44,0.0011855873430467883,0.008455093464750723,0.995475119068435,-0.031087155595765914,0.5454545454545454
MLP,5,model,0.0,4,mid,83,0.0012067079081082145,0.008305502109905388,1.0314579657865035,-0.04489728607635224,0.5903614457831325
MLP,5,model,0.0005,0,high,76,0.0013525717841961274,0.01196620188262678,0.8024523737268385,-0.06520595968448695,0.5263157894736842
MLP,5,model,0.0005,0,low,45,-0.0006963585680506234,0.007581630249859269,-0.6520570447986109,-0.05157105238358528,0.4666666666666667
MLP,5,model,0.0005,0,mid,83,0.0017254847668140528,0.008354403607315743,1.4662598588446445,-0.05394954358877202,0.6024096385542169
MLP,5,model,0.0005,1,high,80,0.0006857211450484839,0.012560210423746807,0.3875840483113581,-0.14520648157467453,0.475
MLP,5,model,0.0005,1,low,44,-0.0007623707517727996,0.008330587416696431,-0.6496895308126678,-0.06764967397693777,0.4772727272727273
MLP,5,model,0.0005,1,mid,80,0.00066365155388788,0.008437844750163306,0.5583722844726782,-0.03437796286812467,0.5125
MLP,5,model,0.0005,2,high,79,0.001774743793772738,0.010935746941571626,1.152132645492048,-0.06885724718730035,0.620253164556962
MLP,5,model,0.0005,2,low,43,0.00039825970672552086,0.006647958683840108,0.4252979860015095,-0.03524945536584767,0.4883720930232558
MLP,5,model,0.0005,2,mid,82,4.376018778569706e-06,0.009192400196588962,0.003379601715247403,-0.0851652935482472,0.4268292682926829
MLP,5,model,0.0005,3,high,77,0.0006368440451119819,0.011930016117218558,0.37897218007978184,-0.08918469094486703,0.5194805194805194
MLP,5,model,0.0005,3,low,43,-0.00030672513025634644,0.00781294479733521,-0.2787082805495439,-0.06442659172571286,0.3953488372093023
MLP,5,model,0.0005,3,mid,83,0.0016460208819989094,0.00818863294016717,1.4270500485793784,-0.030141046053273612,0.5662650602409639
MLP,5,model,0.0005,4,high,76,0.0034171993964830067,0.011504963131052447,2.108629887891242,-0.09566121945131623,0.6052631578947368
MLP,5,model,0.0005,4,low,44,0.0011878600703195156,0.008452539070590043,0.9976848218240314,-0.030990259466599723,0.5454545454545454
MLP,5,model,0.0005,4,mid,83,0.0012127882917571207,0.007652639640136588,1.1250944978116584,-0.044897286076352017,0.5542168674698795
MLP,5,model,0.001,0,high,76,0.0011177884605857106,0.011889816885166021,0.6674207797131261,-0.06520595968448684,0.5
MLP,5,model,0.001,0,low,45,-0.0008387774412192634,0.0075341897444228855,-0.7903609169690352,-0.054917908592000075,0.4222222222222222
MLP,5,model,0.001,0,mid,83,0.0013375526148090046,0.00797241400805171,1.1910672940936295,-0.055041414851816906,0.5301204819277109
MLP,5,model,0.001,1,high,80,0.0007052060770265439,0.012500247883504408,0.4005093774872666,-0.1438762521152125,0.4625
MLP,5,model,0.001,1,low,44,-0.0007623707517727996,0.008330587416696431,-0.6496895308126678,-0.06764967397693777,0.4772727272727273
MLP,5,model,0.001,1,mid,80,0.0008300071464017553,0.00782524384863827,0.7530073582834287,-0.030148115858199875,0.475
MLP,5,model,0.001,2,high,79,0.002013878047465438,0.010642849274820268,1.3433541595399068,-0.05283702778490085,0.5949367088607594
MLP,5,model,0.001,2,low,43,0.00014720447634763024,0.006520485128379213,0.1602715275361947,-0.03526778443049561,0.4186046511627907
MLP,5,model,0.001,2,mid,82,3.1565065834477412e-06,0.00919085925256884,0.002438180492645879,-0.0852567724448714,0.4268292682926829
MLP,5,model,0.001,3,high,77,0.0008035250875374781,0.011875843764040614,0.4803416366915653,-0.0844802289471066,0.5194805194805194
MLP,5,model,0.001,3,low,43,5.131255932632333e-05,0.007470881775419606,0.04876037993507309,-0.0564099256548547,0.3953488372093023
MLP,5,model,0.001,3,mid,83,0.0015919549349757492,0.008139737416367537,1.3884672575521964,-0.030141046053273612,0.5421686746987951
MLP,5,model,0.001,4,high,76,0.0030758294768772933,0.011473978677394416,1.9031082168837932,-0.09566121945131634,0.5657894736842105
MLP,5,model,0.001,4,low,44,0.0014758759672126817,0.008176924013219433,1.2813718152997922,-0.02730767475128193,0.5454545454545454
MLP,5,model,0.001,4,mid,83,0.001077763123416146,0.007379788388584444,1.0367992613894879,-0.04489728607635213,0.5301204819277109
RandomForest,5,model,0.0,0,high,76,0.0038549380587635826,0.011962520402950379,2.287757463779394,-0.02729325946773342,0.618421052631579
RandomForest,5,model,0.0,0,low,45,0.0010696642141875743,0.008747721507637396,0.8680960627384287,-0.04370430160774508,0.5555555555555556
RandomForest,5,model,0.0,0,mid,83,-0.00012744817854686255,0.008738812611653882,-0.1035372139443917,-0.05181255807543572,0.5542168674698795
RandomForest,5,model,0.0,1,high,80,0.0037621541114207175,0.012018268748462001,2.2223371114741797,-0.03917272806940675,0.65
RandomForest,5,model,0.0,1,low,44,0.0019386695483182476,0.008198018274737966,1.67884335016802,-0.020472290992191722,0.5227272727272727
RandomForest,5,model,0.0,1,mid,80,2.758945218826617e-05,0.008793974239639691,0.02227271482084521,-0.07189841729272306,0.525
RandomForest,5,model,0.0,2,high,79,0.00295470842107226,0.010706380630248997,1.9592381057858854,-0.03194493469819926,0.5949367088607594
RandomForest,5,model,0.0,2,low,43,0.0010819523268447678,0.007045092871855318,1.0902765491189177,-0.02315815422771661,0.6046511627906976
RandomForest,5,model,0.0,2,mid,82,0.0015530039750208148,0.009180224238042092,1.2009766011972907,-0.046034900640128495,0.5365853658536586
RandomForest,5,model,0.0,3,high,77,0.002121336082041398,0.01177097085915176,1.2794180182716968,-0.04485836343526539,0.6493506493506493
RandomForest,5,model,0.0,3,low,43,0.001071831505195202,0.007972896865726564,0.9543894730709093,-0.02813355006756768,0.5581395348837209
RandomForest,5,model,0.0,3,mid,83,0.00014261425638425524,0.008574473909099673,0.11807847262763699,-0.06675598431632979,0.4578313253012048
RandomForest,5,model,0.0,4,high,76,0.004399398986598811,0.01125337159414105,2.7754023957716227,-0.0276396327467473,0.6710526315789473
RandomForest,5,model,0.0,4,low,44,0.0002677004789961976,0.008560821254369319,0.2219979618297258,-0.03405069344811118,0.5227272727272727
RandomForest,5,model,0.0,4,mid,83,0.0002674027743065049,0.008392926860580302,0.22618705106791542,-0.06334874105817523,0.4939759036144578
RandomForest,5,model,0.0005,0,high,76,0.004035065408280907,0.011262321355870842,2.5435362530803327,-0.031094900098381117,0.5
RandomForest,5,model,0.0005,0,low,45,0.00034365176465731993,0.00438367164587024,0.5565392907740221,-0.017809516925293756,0.15555555555555556
RandomForest,5,model,0.0005,0,mid,83,0.0006497300158209,0.006479597790816333,0.7118691132068095,-0.030454818673611772,0.3493975903614458
RandomForest,5,model,0.0005,1,high,80,0.0032972392185748657,0.011600274255447407,2.017889906893577,-0.03917272806940697,0.5375
RandomForest,5,model,0.0005,1,low,44,0.0015633612721205157,0.005922613018831953,1.8739640735461347,-0.011102066823618362,0.20454545454545456
RandomForest,5,model,0.0005,1,mid,80,0.00031211209401589747,0.00628364890185748,0.35262569471489885,-0.03783794390086537,0.3125
RandomForest,5,model,0.0005,2,high,79,0.00275585825202699,0.010432426617708622,1.8753693138541652,-0.03194493469819926,0.4936708860759494
RandomForest,5,model,0.0005,2,low,43,0.0008416177167270675,0.005277629105696365,1.1321168940015138,-0.011576041362092337,0.23255813953488372
RandomForest,5,model,0.0005,2,mid,82,0.0007397509027864805,0.005575477184243099,0.9419302167440745,-0.022825965955377336,0.2926829268292683
RandomForest,5,model,0.0005,3,high,77,0.0016959390201441232,0.0113610578466116,1.059758063297265,-0.04485836343526539,0.5454545454545454
RandomForest,5,model,0.0005,3,low,43,0.0008493495007871465,0.005512028816130567,1.093931743394622,-0.014997370506330987,0.23255813953488372
RandomForest,5,model,0.0005,3,mid,83,0.00032737691731133024,0.006347581383534461,0.3661466334846284,-0.028240436838994576,0.26506024096385544
RandomForest,5,model,0.0005,4,high,76,0.0038093879688541623,0.010355031235957983,2.611674572676775,-0.02763963274674741,0.5657894736842105
RandomForest,5,model,0.0005,4,low,44,0.00064441619458735,0.006184214979892397,0.7397707162049294,-0.01795618728183168,0.1590909090909091
RandomForest,5,model,0.0005,4,mid,83,-7.468743183322883e-05,0.005661808205659153,-0.09364996965002373,-0.032664855144246774,0.27710843373493976
RandomForest,5,model,0.001,0,high,76,0.0031841049789369073,0.010343457310742587,2.1854300967926257,-0.03109490009838123,0.39473684210526316
RandomForest,5,model,0.001,0,low,45,0.0007244164626370333,0.0028062271328244855,1.8326551856141031,-9.99950001668859e-05,0.08888888888888889
RandomForest,5,model,0.001,0,mid,83,-5.333846413760362e-05,0.003996543132510033,-0.0947482658538084,-0.031142117305138495,0.13253012048192772
RandomForest,5,model,0.001,1,high,80,0.0028870074256559233,0.01126114775816459,1.8200382374556718,-0.03917272806940708,0.4125
RandomForest,5,model,0.001,1,low,44,-0.00015734765033089773,0.0018552858508839665,-0.6020945522312858,-0.011675044915725685,0.022727272727272728
RandomForest,5,model,0.001,1,mid,80,4.2592681779261303e-05,0.005001854685087898,0.060453184535773086,-0.04145896499867752,0.175
RandomForest,5,model,0.001,2,high,79,0.0025837125004416267,0.009947816842700815,1.8438758410096936,-0.031944934698199146,0.3924050632911392
RandomForest,5,model,0.001,2,low,43,0.00034469384837525815,0.004254528808373035,0.5751714653951978,-0.011576041362092337,0.046511627906976744
RandomForest,5,model,0.001,2,mid,82,0.00032453746371068407,0.003141566156607869,0.7333881633065441,-0.016277074175631068,0.15853658536585366
RandomForest,5,model,0.001,3,high,77,0.0018687548018535675,0.009450314040117267,1.4038520780432011,-0.03178551686014319,0.44155844155844154
RandomForest,5,model,0.001,3,low,43,0.00014840790248868603,0.004571887668932902,0.23045001674867358,-0.014997370506330987,0.046511627906976744
RandomForest,5,model,0.001,3,mid,83,-1.9837970101240952e-05,0.005298167619278718,-0.02658194808936539,-0.03825502989386187,0.10843373493975904
RandomForest,5,model,0.001,4,high,76,0.003128734921948099,0.008990293975519864,2.470643847974224,-0.022592886770806064,0.4605263157894737
RandomForest,5,model,0.001,4,low,44,0.0007116834379856046,0.004543986896579347,1.1118982766265404,-0.014060715632365328,0.06818181818181818
RandomForest,5,model,0.001,4,mid,83,0.00022103965102467828,0.0031836140629547837,0.4929070615337584,-0.018251875887244307,0.12048192771084337
RandomWalk,5,model,0.0,0,high,76,0.0,0.0,,0.0,0.0
RandomWalk,5,model,0.0,0,low,45,0.0,0.0,,0.0,0.0
RandomWalk,5,model,0.0,0,mid,83,0.0,0.0,,0.0,0.0
RandomWalk,5,model,0.0,1,high,80,0.0,0.0,,0.0,0.0
RandomWalk,5,model,0.0,1,low,44,0.0,0.0,,0.0,0.0
RandomWalk,5,model,0.0,1,mid,80,0.0,0.0,,0.0,0.0
RandomWalk,5,model,0.0,2,high,79,0.0,0.0,,0.0,0.0
RandomWalk,5,model,0.0,2,low,43,0.0,0.0,,0.0,0.0
RandomWalk,5,model,0.0,2,mid,82,0.0,0.0,,0.0,0.0
RandomWalk,5,model,0.0,3,high,77,0.0,0.0,,0.0,0.0
RandomWalk,5,model,0.0,3,low,43,0.0,0.0,,0.0,0.0
RandomWalk,5,model,0.0,3,mid,83,0.0,0.0,,0.0,0.0
RandomWalk,5,model,0.0,4,high,76,0.0,0.0,,0.0,0.0
RandomWalk,5,model,0.0,4,low,44,0.0,0.0,,0.0,0.0
RandomWalk,5,model,0.0,4,mid,83,0.0,0.0,,0.0,0.0
RandomWalk,5,model,0.0005,0,high,76,0.0,0.0,,0.0,0.0
RandomWalk,5,model,0.0005,0,low,45,0.0,0.0,,0.0,0.0
RandomWalk,5,model,0.0005,0,mid,83,0.0,0.0,,0.0,0.0
RandomWalk,5,model,0.0005,1,high,80,0.0,0.0,,0.0,0.0
RandomWalk,5,model,0.0005,1,low,44,0.0,0.0,,0.0,0.0
RandomWalk,5,model,0.0005,1,mid,80,0.0,0.0,,0.0,0.0
RandomWalk,5,model,0.0005,2,high,79,0.0,0.0,,0.0,0.0
RandomWalk,5,model,0.0005,2,low,43,0.0,0.0,,0.0,0.0
RandomWalk,5,model,0.0005,2,mid,82,0.0,0.0,,0.0,0.0
RandomWalk,5,model,0.0005,3,high,77,0.0,0.0,,0.0,0.0
RandomWalk,5,model,0.0005,3,low,43,0.0,0.0,,0.0,0.0
RandomWalk,5,model,0.0005,3,mid,83,0.0,0.0,,0.0,0.0
RandomWalk,5,model,0.0005,4,high,76,0.0,0.0,,0.0,0.0
RandomWalk,5,model,0.0005,4,low,44,0.0,0.0,,0.0,0.0
RandomWalk,5,model,0.0005,4,mid,83,0.0,0.0,,0.0,0.0
RandomWalk,5,model,0.001,0,high,76,0.0,0.0,,0.0,0.0
RandomWalk,5,model,0.001,0,low,45,0.0,0.0,,0.0,0.0
RandomWalk,5,model,0.001,0,mid,83,0.0,0.0,,0.0,0.0
RandomWalk,5,model,0.001,1,high,80,0.0,0.0,,0.0,0.0
RandomWalk,5,model,0.001,1,low,44,0.0,0.0,,0.0,0.0
RandomWalk,5,model,0.001,1,mid,80,0.0,0.0,,0.0,0.0
RandomWalk,5,model,0.001,2,high,79,0.0,0.0,,0.0,0.0
RandomWalk,5,model,0.001,2,low,43,0.0,0.0,,0.0,0.0
RandomWalk,5,model,0.001,2,mid,82,0.0,0.0,,0.0,0.0
RandomWalk,5,model,0.001,3,high,77,0.0,0.0,,0.0,0.0
RandomWalk,5,model,0.001,3,low,43,0.0,0.0,,0.0,0.0
RandomWalk,5,model,0.001,3,mid,83,0.0,0.0,,0.0,0.0
RandomWalk,5,model,0.001,4,high,76,0.0,0.0,,0.0,0.0
RandomWalk,5,model,0.001,4,low,44,0.0,0.0,,0.0,0.0
RandomWalk,5,model,0.001,4,mid,83,0.0,0.0,,0.0,0.0
Ridge,5,model,0.0,0,high,76,0.002011250720877189,0.012413446950724346,1.150241647699482,-0.0772129710780014,0.5
Ridge,5,model,0.0,0,low,45,-1.1570460790827777e-05,0.008826940092013022,-0.009305843490797132,-0.07915097494475865,0.5555555555555556
Ridge,5,model,0.0,0,mid,83,-0.00014093932872521027,0.00874946903005121,-0.11435779388911793,-0.0870807194609039,0.5060240963855421
Ridge,5,model,0.0,1,high,80,0.003139033253355024,0.012204240235425445,1.825998585122446,-0.06756638331434595,0.6125
Ridge,5,model,0.0,1,low,44,9.946346498380445e-05,0.008458048535369127,0.08348504389215472,-0.06375423649100165,0.5454545454545454
Ridge,5,model,0.0,1,mid,80,-0.0010210988530842463,0.008743889986100449,-0.8290455105287072,-0.12139297739377741,0.4625
Ridge,5,model,0.0,2,high,79,0.002178810533919074,0.010907864921157527,1.4180612294808554,-0.06503706318390357,0.5949367088607594
Ridge,5,model,0.0,2,low,43,-0.000687314494858366,0.007123781662497648,-0.6849520516445357,-0.07144133659646623,0.46511627906976744
Ridge,5,model,0.0,2,mid,82,-0.0011554774817721792,0.009250068067522725,-0.8868125406004685,-0.10647595585662262,0.43902439024390244
Ridge,5,model,0.0,3,high,77,0.0036778676776193903,0.01136055608267566,2.298326784794675,-0.03833221250840613,0.6753246753246753
Ridge,5,model,0.0,3,low,43,0.0008707022849158582,0.008017094078683297,0.7710241343310306,-0.056223304411641806,0.5116279069767442
Ridge,5,model,0.0,3,mid,83,-0.001401875648786878,0.00846283961080989,-1.1760035967521798,-0.12157492971428974,0.4578313253012048
Ridge,5,model,0.0,4,high,76,0.0019889487185552382,0.01193384299263523,1.1832010168789588,-0.0785587262874633,0.6052631578947368
Ridge,5,model,0.0,4,low,44,0.0004765450799746745,0.008566395963576768,0.39493089864549497,-0.06224730013692947,0.45454545454545453
Ridge,5,model,0.0,4,mid,83,-0.0007848246272475613,0.008384446256255618,-0.6645283376333354,-0.08106907286665654,0.42168674698795183
Ridge,5,model,0.0005,0,high,76,0.002093024538137139,0.012374324056451252,1.200792877165588,-0.0772129710780014,0.5
Ridge,5,model,0.0005,0,low,45,9.940065172134676e-05,0.008695492121095407,0.08115407540635043,-0.07915097494475865,0.5111111111111111
Ridge,5,model,0.0005,0,mid,83,0.0002020906037453463,0.008000782458347998,0.17932008146399767,-0.06186877732618867,0.4457831325301205
Ridge,5,model,0.0005,1,high,80,0.003203616511421577,0.011855985217249197,1.9183071363939554,-0.052107696761998556,0.575
Ridge,5,model,0.0005,1,low,44,-0.00024301482183353626,0.008026749057352102,-0.21493559559474437,-0.059867501300154724,0.4090909090909091
Ridge,5,model,0.0005,1,mid,80,-0.0010019739893269537,0.0077255362385320854,-0.920752871271266,-0.11841845832717202,0.375
Ridge,5,model,0.0005,2,high,79,0.002056643540058367,0.01077296250992387,1.3553115689958208,-0.06503706318390357,0.569620253164557
Ridge,5,model,0.0005,2,low,43,-0.00032514318733017287,0.006924784462777171,-0.333337110637837,-0.05660701364697174,0.4186046511627907
Ridge,5,model,0.0005,2,mid,82,-0.0016690915521404633,0.007941075300126244,-1.4921624713877588,-0.13008885711979012,0.32926829268292684
Ridge,5,model,0.0005,3,high,77,0.0030081425326506867,0.010206220808235444,2.0924193065942847,-0.03833221250840613,0.6493506493506493
Ridge,5,model,0.0005,3,low,43,0.0013771827195297535,0.007308368391655785,1.3377852469418094,-0.056223304411641806,0.46511627906976744
Ridge,5,model,0.0005,3,mid,83,-0.0010461948081109845,0.008158489251403134,-0.9103703045097035,-0.09525591837225356,0.40963855421686746
Ridge,5,model,0.0005,4,high,76,0.002058120643154173,0.011599766549905535,1.2596121698580431,-0.0729043385867163,0.5526315789473685
Ridge,5,model,0.0005,4,low,44,0.000936341437049152,0.007817936691809526,0.8502709905453748,-0.04692651114351554,0.4318181818181818
Ridge,5,model,0.0005,4,mid,83,-9.76985062707977e-05,0.007612484790376038,-0.09111224632226492,-0.07183722489578304,0.3855421686746988
Ridge,5,model,0.001,0,high,76,0.0015130492943583485,0.011801423352603107,0.9101939730900805,-0.06520595968448706,0.4342105263157895
Ridge,5,model,0.001,0,low,45,-0.000544505061669849,0.008192723913282433,-0.4718336057073015,-0.07915097494475865,0.3333333333333333
Ridge,5,model,0.001,0,mid,83,-0.00036072952081147653,0.006325418633238764,-0.4048626183934852,-0.0699007792808215,0.3253012048192771
Ridge,5,model,0.001,1,high,80,0.002763630920406585,0.011611782869990832,1.6896486473325822,-0.052107696761998556,0.525
Ridge,5,model,0.001,1,low,44,-0.0002563118809143909,0.00742331719767801,-0.24512408614092543,-0.059867501300154724,0.3181818181818182
Ridge,5,model,0.001,1,mid,80,-0.001540890486317576,0.005901706575096833,-1.8535718653056301,-0.12289746724171058,0.25
Ridge,5,model,0.001,2,high,79,0.0020088688662821884,0.010616498363096957,1.343338801202631,-0.06503706318390357,0.5443037974683544
Ridge,5,model,0.001,2,low,43,0.00021317945933409897,0.00622988693809359,0.24292961372897837,-0.04048720042980958,0.3488372093023256
Ridge,5,model,0.001,2,mid,82,-0.0014096732711614572,0.0072879488782120385,-1.373182992305544,-0.11540564046055024,0.2682926829268293
Ridge,5,model,0.001,3,high,77,0.0027774897061280134,0.010006315698069115,1.970577526515023,-0.03897305941215057,0.6103896103896104
Ridge,5,model,0.001,3,low,43,0.0002866822564538767,0.006385936126203834,0.31870693374849896,-0.04627593290915755,0.27906976744186046
Ridge,5,model,0.001,3,mid,83,-0.0007773135644158158,0.007203657688895256,-0.7660523465447596,-0.07483762355975399,0.3253012048192771
Ridge,5,model,0.001,4,high,76,0.0023894136726748502,0.011399055393993886,1.4881192976556634,-0.06456209296700488,0.5394736842105263
Ridge,5,model,0.001,4,low,44,0.00033895602969193626,0.007389758311065224,0.3256329904512589,-0.05900495190361876,0.3181818181818182
Ridge,5,model,0.001,4,mid,83,-0.00028771027622183744,0.00684712049208909,-0.2983064692106847,-0.06353055755690518,0.3132530120481928
Transformer,5,model,0.0,0,high,76,-0.0010349220660004603,0.012530818468996917,-0.5863318371642607,-0.14808670887143272,0.4605263157894737
Transformer,5,model,0.0,0,low,45,0.001375779271058157,0.008716845573321813,1.12048146725348,-0.02989261874818605,0.6222222222222222
Transformer,5,model,0.0,0,mid,83,-0.0002784896134358407,0.008752455066770118,-0.22588863480458848,-0.09661333303414954,0.5421686746987951
Transformer,5,model,0.0,1,high,80,-0.000362743783937974,0.012592059312933149,-0.2045118543299444,-0.1308650100688914,0.4625
Transformer,5,model,0.0,1,low,44,0.0004848428835071476,0.008445990052436248,0.4075357650134541,-0.051601368141337756,0.6136363636363636
Transformer,5,model,0.0,1,mid,80,-0.0002928467187281915,0.008791335100077444,-0.2364834736693841,-0.07162474520618334,0.5375
Transformer,5,model,0.0,2,high,79,-0.00028500164598338105,0.011113314030924738,-0.1820618913055689,-0.09708811198588674,0.46835443037974683
Transformer,5,model,0.0,2,low,43,0.00026929433044281016,0.007137113551067205,0.2678674059427566,-0.029416148216669158,0.627906976744186
Transformer,5,model,0.0,2,mid,82,-0.0012559889024611867,0.009255245744810417,-0.963414360918233,-0.12994948634985104,0.4024390243902439
Transformer,5,model,0.0,3,high,77,-0.0012909799962857013,0.011893463357833367,-0.770595453313258,-0.1351180206513245,0.4805194805194805
Transformer,5,model,0.0,3,low,43,0.0003171659099803818,0.008063533831247706,0.2792391823027283,-0.030303030303030387,0.6046511627906976
Transformer,5,model,0.0,3,mid,83,-0.0003379014070624723,0.008570151549112642,-0.2799089381158291,-0.09373140070883856,0.5421686746987951
Transformer,5,model,0.0,4,high,76,-0.0008809107087800539,0.012066782089515055,-0.5182695432404952,-0.16145608615446483,0.4605263157894737
Transformer,5,model,0.0,4,low,44,0.0008722076944051249,0.008531133997049297,0.7258191432912181,-0.04172716994212855,0.5454545454545454
Transformer,5,model,0.0,4,mid,83,-0.00041914079806348317,0.008403488771827334,-0.354091563971673,-0.09481668319824699,0.5180722891566265
Transformer,5,model,0.0005,0,high,76,-0.0013033969616573276,0.011569402032648808,-0.7997993734632751,-0.17224705031964083,0.4342105263157895
Transformer,5,model,0.0005,0,low,45,0.0009176665710479657,0.008451645894797516,0.7708304937780337,-0.02989261874818605,0.5777777777777777
Transformer,5,model,0.0005,0,mid,83,-0.0003669811213818262,0.00849396847825454,-0.3067244148896198,-0.09727874186812069,0.4819277108433735
Transformer,5,model,0.0005,1,high,80,-0.0004291145871505725,0.012294186178751236,-0.24779284420426786,-0.13395110118013653,0.4125
Transformer,5,model,0.0005,1,low,44,0.00019653836387232952,0.008088640045150093,0.1724992040122842,-0.04433014565570914,0.5681818181818182
Transformer,5,model,0.0005,1,mid,80,-0.0004312496507871551,0.008666558722260284,-0.35326233937872814,-0.06776452524701915,0.4875
Transformer,5,model,0.0005,2,high,79,-0.0009491499094659558,0.01048990265007418,-0.6423601946943898,-0.12634192189650884,0.379746835443038
Transformer,5,model,0.0005,2,low,43,0.0003187222214268404,0.00712484695694779,0.3175792157223872,-0.029416148216669158,0.627906976744186
Transformer,5,model,0.0005,2,mid,82,-0.0009637350279208876,0.009064079739141374,-0.75483007374617,-0.10528647245354616,0.3780487804878049
Transformer,5,model,0.0005,3,high,77,-0.0011794695101504707,0.011238306624790377,-0.7450769184451322,-0.14243304116348843,0.42857142857142855
Transformer,5,model,0.0005,3,low,43,0.00035607346734075625,0.008053187846288395,0.31389691858292573,-0.030303030303030387,0.5813953488372093
Transformer,5,model,0.0005,3,mid,83,-0.0003421048158683772,0.00833886016372468,-0.291251227883295,-0.08267591788592532,0.4939759036144578
Transformer,5,model,0.0005,4,high,76,-0.001739924571020246,0.011134578103056117,-1.1093585208304435,-0.16841691919541513,0.39473684210526316
Transformer,5,model,0.0005,4,low,44,0.0008505130834343139,0.008533274900903092,0.707588115925099,-0.04172716994212844,0.5227272727272727
Transformer,5,model,0.0005,4,mid,83,-0.00021528598334773612,0.008132548074600192,-0.18793357879744868,-0.09851399240762093,0.4819277108433735
Transformer,5,model,0.001,0,high,76,-0.0009005244272300975,0.011251439974847108,-0.5682018696309032,-0.14740863910658775,0.40789473684210525
Transformer,5,model,0.001,0,low,45,0.00032171122741156806,0.008004658046230214,0.2853242615727352,-0.04163666153832446,0.5111111111111111
Transformer,5,model,0.001,0,mid,83,-0.0004681636259851301,0.008420537474298403,-0.3947054502865698,-0.09781439173115258,0.4457831325301205
Transformer,5,model,0.001,1,high,80,-0.0005645080342534852,0.010962034857508716,-0.36558992328583123,-0.1511293019753266,0.375
Transformer,5,model,0.001,1,low,44,-0.0001537072040982364,0.007923982250164763,-0.13771016450675694,-0.04452126051445515,0.5
Transformer,5,model,0.001,1,mid,80,-0.0005295193359778951,0.008532260515422767,-0.44058832465463277,-0.06134819423917193,0.4625
Transformer,5,model,0.001,2,high,79,-0.0007183165960325913,0.009784404769869916,-0.5211908204868568,-0.11973020829789116,0.35443037974683544
Transformer,5,model,0.001,2,low,43,-0.00012188058148927644,0.0068590408841426006,-0.12614975002143047,-0.030966400469221167,0.5116279069767442
Transformer,5,model,0.001,2,mid,82,-0.0009958812260743317,0.00892103167932015,-0.7925154398818328,-0.10764182109849962,0.34146341463414637
Transformer,5,model,0.001,3,high,77,-0.0012516088693989573,0.011127194806585904,-0.7985428195307662,-0.154431268711829,0.37662337662337664
Transformer,5,model,0.001,3,low,43,0.00035607346734075625,0.008053187846288395,0.31389691858292573,-0.030303030303030387,0.5813953488372093
Transformer,5,model,0.001,3,mid,83,-0.0001871625397253122,0.008183159583362479,-0.1623727616907873,-0.07819895251894637,0.46987951807228917
Transformer,5,model,0.001,4,high,76,-0.0019359782473279711,0.01099346220064085,-1.2502050648469936,-0.17814335397080627,0.35526315789473684
Transformer,5,model,0.001,4,low,44,0.0006589535872303592,0.008433223565926426,0.5547233934836977,-0.04172716994212855,0.4318181818181818
Transformer,5,model,0.001,4,mid,83,-0.00010619177144504574,0.008051510270885642,-0.09363296639378926,-0.08903844228924895,0.4578313253012048
XGBoost,5,model,0.0,0,high,76,0.003788191030699942,0.011973350371789388,2.2461122083970806,-0.03488168273444281,0.5789473684210527
XGBoost,5,model,0.0,0,low,45,-0.0005849138293677343,0.008807907669270221,-0.4714486587343451,-0.039872834458754336,0.5111111111111111
XGBoost,5,model,0.0,0,mid,83,0.00011901072381872413,0.00873220736974515,0.09675587040162849,-0.047888907011799264,0.5662650602409639
XGBoost,5,model,0.0,1,high,80,0.0030955119645693944,0.012208304821573061,1.8000824212289552,-0.03917272806940697,0.6
XGBoost,5,model,0.0,1,low,44,0.00039157186060905224,0.008427867659997753,0.32984433951311465,-0.045360160135246685,0.5227272727272727
XGBoost,5,model,0.0,1,mid,80,0.0004966297637059777,0.00876565372738089,0.40222003690182595,-0.051777618720877605,0.5625
XGBoost,5,model,0.0,2,high,79,0.0024014721786961984,0.010847379615288352,1.571693976971573,-0.031944934698199146,0.569620253164557
XGBoost,5,model,0.0,2,low,43,0.00013932299662882785,0.007112079885381677,0.13907255997573997,-0.03424513092011994,0.5813953488372093
XGBoost,5,model,0.0,2,mid,82,0.0011646169509556305,0.009233624917572254,0.8954186716627338,-0.03386974846045543,0.5487804878048781
XGBoost,5,model,0.0,3,high,77,0.001249646649089432,0.01189840843760428,0.7456132623584473,-0.06153740630695037,0.5844155844155844
XGBoost,5,model,0.0,3,low,43,0.001427915989417107,0.007908087531790916,1.281877300876378,-0.04622994232908029,0.627906976744186
XGBoost,5,model,0.0,3,mid,83,-2.6292317373463967e-05,0.008568639209952142,-0.0217837315988275,-0.09056122887065776,0.4578313253012048
XGBoost,5,model,0.0,4,high,76,0.003575398753744569,0.01154571416080594,2.198461938926569,-0.06775481519571791,0.631578947368421
XGBoost,5,model,0.0,4,low,44,0.001195123529914332,0.008469021903426969,1.0018317913342683,-0.03380893729309087,0.5681818181818182
XGBoost,5,model,0.0,4,mid,83,-0.0007477014500971757,0.008369782732225413,-0.6342044816551211,-0.10002747719200844,0.4578313253012048
XGBoost,5,model,0.0005,0,high,76,0.0035476720580119013,0.01182875418586934,2.1292160384441137,-0.03488168273444292,0.5
XGBoost,5,model,0.0005,0,low,45,0.0007203867703039977,0.0036197425052359035,1.4128736289865425,-0.015320624712182207,0.17777777777777778
XGBoost,5,model,0.0005,0,mid,83,-1.0180049516027686e-05,0.004283683806648901,-0.016871269080853703,-0.02926245792505988,0.20481927710843373
XGBoost,5,model,0.0005,1,high,80,0.0028509690595557476,0.011734068390342195,1.7248810749419958,-0.03917272806940686,0.5
XGBoost,5,model,0.0005,1,low,44,0.0003745727154540045,0.0035524207424656425,0.748560678989874,-0.01120095167261137,0.1590909090909091
XGBoost,5,model,0.0005,1,mid,80,0.00021974483234524258,0.004996515237594084,0.31222431593046646,-0.029754811190296993,0.225
XGBoost,5,model,0.0005,2,high,79,0.0024924251077151115,0.01023425793376054,1.7289444005902774,-0.031944934698199146,0.45569620253164556
XGBoost,5,model,0.0005,2,low,43,-2.835214945825581e-05,0.003633398370985498,-0.05539725439087849,-0.013801025756985164,0.13953488372093023
XGBoost,5,model,0.0005,2,mid,82,0.0010069567423275476,0.004981611470563965,1.43501430272693,-0.018227006590091355,0.23170731707317074
XGBoost,5,model,0.0005,3,high,77,0.0016371338215180919,0.011252796919422478,1.0328540759847513,-0.04179580270964389,0.5064935064935064
XGBoost,5,model,0.0005,3,low,43,0.0005278096212873674,0.0036706929309170576,1.0208090587550864,-0.016388729504206112,0.16279069767441862
XGBoost,5,model,0.0005,3,mid,83,0.00010603909726957224,0.006077596690404791,0.12386522993177432,-0.03377329217841196,0.1686746987951807
XGBoost,5,model,0.0005,4,high,76,0.003112954499695612,0.01107199429170561,1.9960075877374228,-0.06775481519571813,0.5657894736842105
XGBoost,5,model,0.0005,4,low,44,0.0010227986396097,0.005569285293964509,1.3037848918677348,-0.02597426982025275,0.1590909090909091
XGBoost,5,model,0.0005,4,mid,83,-0.00044424631975730237,0.004627451265967194,-0.6815492641563046,-0.047988852043935104,0.1566265060240964
XGBoost,5,model,0.001,0,high,76,0.002489575495126099,0.0111439502361814,1.5859935060437915,-0.03488168273444281,0.3684210526315789
XGBoost,5,model,0.001,0,low,45,0.00040753050808327556,0.001970841457192489,1.4679920545018075,-0.0038425879361317916,0.1111111111111111
XGBoost,5,model,0.001,0,mid,83,4.127591244931332e-05,0.0034854773081326837,0.0840716732599918,-0.030728234107036956,0.08433734939759036
XGBoost,5,model,0.001,1,high,80,0.0025186287932285672,0.01144823294166207,1.5618559434296957,-0.03917272806940697,0.4375
XGBoost,5,model,0.001,1,low,44,1.107838644663637e-05,0.0020378640868857476,0.03859371300063629,-0.011200951672611259,0.09090909090909091
XGBoost,5,model,0.001,1,mid,80,5.436332654850373e-05,0.0015373163389854323,0.2510487417426921,-0.006921575720234663,0.0625
XGBoost,5,model,0.001,2,high,79,0.0024032023326335137,0.009905698551467789,1.722346384064062,-0.031944934698199035,0.4050632911392405
XGBoost,5,model,0.001,2,low,43,2.1731105460774403e-05,0.00339703466219224,0.045414768984874496,-0.012200568015379165,0.09302325581395349
XGBoost,5,model,0.001,2,mid,82,0.00011683307599897318,0.002295319988805322,0.361358138622557,-0.013425889958817883,0.08536585365853659
XGBoost,5,model,0.001,3,high,77,0.0015242087409076959,0.010521570499689147,1.0284404425260452,-0.04179580270964367,0.44155844155844154
XGBoost,5,model,0.001,3,low,43,0.0003496869958747116,0.0034607260234126498,0.7173441015710975,-0.016388729504206112,0.09302325581395349
XGBoost,5,model,0.001,3,mid,83,-5.5292050083844554e-05,0.003696659673702188,-0.10618630067383926,-0.03906091852595417,0.07228915662650602
XGBoost,5,model,0.001,4,high,76,0.0027276893076076305,0.010813082180275277,1.7908559981261891,-0.06775481519571802,0.4868421052631579
XGBoost,5,model,0.001,4,low,44,0.0004005447162351841,0.004575799544474985,0.6214401155245273,-0.02597426982025275,0.11363636363636363
XGBoost,5,model,0.001,4,mid,83,-4.9591867489373514e-05,0.0030996542672381893,-0.11358277512212335,-0.03345033721418056,0.07228915662650602
BASELINE,10,always_long,0.0,0,high,36,-0.0008191529614262781,0.018045525029789112,-0.22787451314750215,-0.15380958948174628,0.4166666666666667
BASELINE,10,always_long,0.0,0,low,23,0.001925948661314113,0.010892672669818287,0.8875861637942054,-0.023129251700680253,0.6521739130434783
BASELINE,10,always_long,0.0,0,mid,43,0.0006296656689001979,0.013673571172937377,0.23116832695132616,-0.07302160405800329,0.5581395348837209
BASELINE,10,always_long,0.0,1,high,39,-0.000962675328400723,0.018071530973102046,-0.2674146314450945,-0.16226501595026044,0.38461538461538464
BASELINE,10,always_long,0.0,1,low,22,0.0012422940175813905,0.012595277852135066,0.49512734434988964,-0.03454615831236674,0.5909090909090909
BASELINE,10,always_long,0.0,1,mid,41,0.0010926049422570687,0.012202792489694057,0.44947361716694084,-0.07663173358000908,0.5121951219512195
BASELINE,10,always_long,0.0,2,high,40,-0.0002486188074432901,0.01553831620854385,-0.0803212195867135,-0.1547542300085878,0.5
BASELINE,10,always_long,0.0,2,low,21,0.0009986515970426952,0.011149386143589853,0.4496383177976554,-0.029151685939170502,0.5714285714285714
BASELINE,10,always_long,0.0,2,mid,41,0.0006314930237790584,0.014004525255323745,0.22636039154425022,-0.08674658101467159,0.4878048780487805
BASELINE,10,always_long,0.0,3,high,39,0.00014943862035297456,0.01820112699744737,0.041215904955974485,-0.14312161696354553,0.48717948717948717
BASELINE,10,always_long,0.0,3,low,21,0.0022263645283083,0.01253187694769325,0.8918266017630267,-0.030303030303030054,0.6190476190476191
BASELINE,10,always_long,0.0,3,mid,42,-0.00038525347606128415,0.012632380645454286,-0.15309522055279423,-0.09024968508414899,0.5476190476190477
BASELINE,10,always_long,0.0,4,high,39,-0.000935092010492654,0.01794131111342067,-0.2616377704053168,-0.17763777017250515,0.38461538461538464
BASELINE,10,always_long,0.0,4,low,22,0.0016822683473215595,0.013600881127391733,0.6209097779435152,-0.030085403726708648,0.5454545454545454
BASELINE,10,always_long,0.0,4,mid,41,0.0008048697849682489,0.01182250062578585,0.34175631550194957,-0.06798890222248466,0.5121951219512195
BASELINE,10,always_long,0.0,5,high,40,-0.0006527211948894601,0.017155175524074074,-0.19099975915811956,-0.18255543113955064,0.475
BASELINE,10,always_long,0.0,5,low,22,0.002048184537378364,0.013165779039384104,0.7809492127720665,-0.02989261874818616,0.5909090909090909
BASELINE,10,always_long,0.0,5,mid,40,0.00039022553173831,0.011186512953395195,0.17511414241344464,-0.06218922258895021,0.425
BASELINE,10,always_long,0.0,6,high,41,-0.0003736119577132437,0.01636221445243221,-0.11462489678125877,-0.18407925216366006,0.5121951219512195
BASELINE,10,always_long,0.0,6,low,22,0.002241283715012409,0.010725069406273208,1.0490519481631624,-0.02124769574075802,0.5454545454545454
BASELINE,10,always_long,0.0,6,mid,39,-0.00012910874529673065,0.010992980556023732,-0.058957691618886546,-0.0708666732075598,0.46153846153846156
BASELINE,10,always_long,0.0,7,high,39,0.00041623934099209973,0.016107685679814663,0.12972098847771282,-0.16769537232936638,0.5128205128205128
BASELINE,10,always_long,0.0,7,low,22,0.001933947842140246,0.009359213412720621,1.0373031033065576,-0.022209402942024892,0.5909090909090909
BASELINE,10,always_long,0.0,7,mid,41,-0.0007031601375084611,0.010241678732589366,-0.34465403260513755,-0.08527748838493909,0.4878048780487805
BASELINE,10,always_long,0.0,8,high,38,-7.993595064457874e-05,0.016558928066021276,-0.024233168108709343,-0.1703316868349074,0.5526315789473685
BASELINE,10,always_long,0.0,8,low,22,0.002251906885513168,0.010492444653694722,1.0773926592534966,-0.025264169068203834,0.5909090909090909
BASELINE,10,always_long,0.0,8,mid,41,-0.00014235966505713235,0.011674916247387321,-0.06121156089872773,-0.08646180293865324,0.5121951219512195
BASELINE,10,always_long,0.0,9,high,37,-0.00027683240076573773,0.017294467671084335,-0.08035446068943923,-0.1623700314071913,0.5135135135135135
BASELINE,10,always_long,0.0,9,low,22,0.0019304671289839682,0.010762072404024383,0.9004648651619841,-0.02763335259002475,0.6363636363636364
BASELINE,10,always_long,0.0,9,mid,42,0.00019008446981878105,0.01298389395496292,0.07349231815075367,-0.07570262096926661,0.5
BASELINE,10,always_short,0.0,0,high,36,0.0008191529614262781,0.018045525029789112,0.22787451314750215,-0.1332089188926029,0.5833333333333334
BASELINE,10,always_short,0.0,0,low,23,-0.001925948661314113,0.010892672669818287,-0.8875861637942054,-0.06591098486294844,0.34782608695652173
BASELINE,10,always_short,0.0,0,mid,43,-0.0006296656689001979,0.013673571172937377,-0.23116832695132616,-0.06651529761588071,0.4418604651162791
BASELINE,10,always_short,0.0,1,high,39,0.000962675328400723,0.018071530973102046,0.2674146314450945,-0.1342849466391981,0.5897435897435898
BASELINE,10,always_short,0.0,1,low,22,-0.0012422940175813905,0.012595277852135066,-0.49512734434988964,-0.049258996766874175,0.4090909090909091
BASELINE,10,always_short,0.0,1,mid,41,-0.0010926049422570687,0.012202792489694057,-0.44947361716694084,-0.0979186561997969,0.4878048780487805
BASELINE,10,always_short,0.0,2,high,40,0.0002486188074432901,0.01553831620854385,0.0803212195867135,-0.15480616038236816,0.5
BASELINE,10,always_short,0.0,2,low,21,-0.0009986515970426952,0.011149386143589853,-0.4496383177976554,-0.04832167087678396,0.42857142857142855
BASELINE,10,always_short,0.0,2,mid,41,-0.0006314930237790584,0.014004525255323745,-0.22636039154425022,-0.095208393672926,0.5121951219512195
BASELINE,10,always_short,0.0,3,high,39,-0.00014943862035297456,0.01820112699744737,-0.041215904955974485,-0.15390064641813495,0.5128205128205128
BASELINE,10,always_short,0.0,3,low,21,-0.0022263645283083,0.01253187694769325,-0.8918266017630267,-0.07062471208098353,0.38095238095238093
BASELINE,10,always_short,0.0,3,mid,42,0.00038525347606128415,0.012632380645454286,0.15309522055279423,-0.060648138200723345,0.4523809523809524
BASELINE,10,always_short,0.0,4,high,39,0.000935092010492654,0.01794131111342067,0.2616377704053168,-0.15116176340666077,0.6153846153846154
BASELINE,10,always_short,0.0,4,low,22,-0.0016822683473215595,0.013600881127391733,-0.6209097779435152,-0.07510958269580281,0.45454545454545453
BASELINE,10,always_short,0.0,4,mid,41,-0.0008048697849682489,0.01182250062578585,-0.34175631550194957,-0.07621144965171023,0.4878048780487805
BASELINE,10,always_short,0.0,5,high,40,0.0006527211948894601,0.017155175524074074,0.19099975915811956,-0.15539000876424136,0.525
BASELINE,10,always_short,0.0,5,low,22,-0.002048184537378364,0.013165779039384104,-0.7809492127720665,-0.07913861795903487,0.36363636363636365
BASELINE,10,always_short,0.0,5,mid,40,-0.00039022553173831,0.011186512953395195,-0.17511414241344464,-0.06508050922644693,0.575
BASELINE,10,always_short,0.0,6,high,41,0.0003736119577132437,0.01636221445243221,0.11462489678125877,-0.1610726491981418,0.4878048780487805
BASELINE,10,always_short,0.0,6,low,22,-0.002241283715012409,0.010725069406273208,-1.0490519481631624,-0.07077193294773043,0.45454545454545453
BASELINE,10,always_short,0.0,6,mid,39,0.00012910874529673065,0.010992980556023732,0.058957691618886546,-0.06628188661035872,0.5128205128205128
BASELINE,10,always_short,0.0,7,high,39,-0.00041623934099209973,0.016107685679814663,-0.12972098847771282,-0.15716554888810386,0.48717948717948717
BASELINE,10,always_short,0.0,7,low,22,-0.001933947842140246,0.009359213412720621,-1.0373031033065576,-0.06469692826606543,0.4090909090909091
BASELINE,10,always_short,0.0,7,mid,41,0.0007031601375084611,0.010241678732589366,0.34465403260513755,-0.05983007803714668,0.5121951219512195
BASELINE,10,always_short,0.0,8,high,38,7.993595064457874e-05,0.016558928066021276,0.024233168108709343,-0.1511213955144176,0.4473684210526316
BASELINE,10,always_short,0.0,8,low,22,-0.002251906885513168,0.010492444653694722,-1.0773926592534966,-0.07182907870602195,0.4090909090909091
BASELINE,10,always_short,0.0,8,mid,41,0.00014235966505713235,0.011674916247387321,0.06121156089872773,-0.06968310376604214,0.4878048780487805
BASELINE,10,always_short,0.0,9,high,37,0.00027683240076573773,0.017294467671084335,0.08035446068943923,-0.1572676727561556,0.4864864864864865
BASELINE,10,always_short,0.0,9,low,22,-0.0019304671289839682,0.010762072404024383,-0.9004648651619841,-0.06003715096158857,0.36363636363636365
BASELINE,10,always_short,0.0,9,mid,42,-0.00019008446981878105,0.01298389395496292,-0.07349231815075367,-0.0675621837852689,0.5
BASELINE,10,cash,0.0,0,high,36,0.0,0.0,,0.0,0.0
BASELINE,10,cash,0.0,0,low,23,0.0,0.0,,0.0,0.0
BASELINE,10,cash,0.0,0,mid,43,0.0,0.0,,0.0,0.0
BASELINE,10,cash,0.0,1,high,39,0.0,0.0,,0.0,0.0
BASELINE,10,cash,0.0,1,low,22,0.0,0.0,,0.0,0.0
BASELINE,10,cash,0.0,1,mid,41,0.0,0.0,,0.0,0.0
BASELINE,10,cash,0.0,2,high,40,0.0,0.0,,0.0,0.0
BASELINE,10,cash,0.0,2,low,21,0.0,0.0,,0.0,0.0
BASELINE,10,cash,0.0,2,mid,41,0.0,0.0,,0.0,0.0
BASELINE,10,cash,0.0,3,high,39,0.0,0.0,,0.0,0.0
BASELINE,10,cash,0.0,3,low,21,0.0,0.0,,0.0,0.0
BASELINE,10,cash,0.0,3,mid,42,0.0,0.0,,0.0,0.0
BASELINE,10,cash,0.0,4,high,39,0.0,0.0,,0.0,0.0
BASELINE,10,cash,0.0,4,low,22,0.0,0.0,,0.0,0.0
BASELINE,10,cash,0.0,4,mid,41,0.0,0.0,,0.0,0.0
BASELINE,10,cash,0.0,5,high,40,0.0,0.0,,0.0,0.0
BASELINE,10,cash,0.0,5,low,22,0.0,0.0,,0.0,0.0
BASELINE,10,cash,0.0,5,mid,40,0.0,0.0,,0.0,0.0
BASELINE,10,cash,0.0,6,high,41,0.0,0.0,,0.0,0.0
BASELINE,10,cash,0.0,6,low,22,0.0,0.0,,0.0,0.0
BASELINE,10,cash,0.0,6,mid,39,0.0,0.0,,0.0,0.0
BASELINE,10,cash,0.0,7,high,39,0.0,0.0,,0.0,0.0
BASELINE,10,cash,0.0,7,low,22,0.0,0.0,,0.0,0.0
BASELINE,10,cash,0.0,7,mid,41,0.0,0.0,,0.0,0.0
BASELINE,10,cash,0.0,8,high,38,0.0,0.0,,0.0,0.0
BASELINE,10,cash,0.0,8,low,22,0.0,0.0,,0.0,0.0
BASELINE,10,cash,0.0,8,mid,41,0.0,0.0,,0.0,0.0
BASELINE,10,cash,0.0,9,high,37,0.0,0.0,,0.0,0.0
BASELINE,10,cash,0.0,9,low,22,0.0,0.0,,0.0,0.0
BASELINE,10,cash,0.0,9,mid,42,0.0,0.0,,0.0,0.0
ElasticNet,10,model,0.0,0,high,36,-0.0008191529614262781,0.018045525029789112,-0.22787451314750215,-0.15380958948174628,0.4166666666666667
ElasticNet,10,model,0.0,0,low,23,0.001925948661314113,0.010892672669818287,0.8875861637942054,-0.023129251700680253,0.6521739130434783
ElasticNet,10,model,0.0,0,mid,43,0.0006296656689001979,0.013673571172937377,0.23116832695132616,-0.07302160405800329,0.5581395348837209
ElasticNet,10,model,0.0,1,high,39,-0.000962675328400723,0.018071530973102046,-0.2674146314450945,-0.16226501595026044,0.38461538461538464
ElasticNet,10,model,0.0,1,low,22,0.0012422940175813905,0.012595277852135066,0.49512734434988964,-0.03454615831236674,0.5909090909090909
ElasticNet,10,model,0.0,1,mid,41,0.0010926049422570687,0.012202792489694057,0.44947361716694084,-0.07663173358000908,0.5121951219512195
ElasticNet,10,model,0.0,2,high,40,-0.0002486188074432901,0.01553831620854385,-0.0803212195867135,-0.1547542300085878,0.5
ElasticNet,10,model,0.0,2,low,21,0.0009986515970426952,0.011149386143589853,0.4496383177976554,-0.029151685939170502,0.5714285714285714
ElasticNet,10,model,0.0,2,mid,41,0.0006314930237790584,0.014004525255323745,0.22636039154425022,-0.08674658101467159,0.4878048780487805
ElasticNet,10,model,0.0,3,high,39,0.00014943862035297456,0.01820112699744737,0.041215904955974485,-0.14312161696354553,0.48717948717948717
ElasticNet,10,model,0.0,3,low,21,0.0022263645283083,0.01253187694769325,0.8918266017630267,-0.030303030303030054,0.6190476190476191
ElasticNet,10,model,0.0,3,mid,42,-0.00038525347606128415,0.012632380645454286,-0.15309522055279423,-0.09024968508414899,0.5476190476190477
ElasticNet,10,model,0.0,4,high,39,-0.000935092010492654,0.01794131111342067,-0.2616377704053168,-0.17763777017250515,0.38461538461538464
ElasticNet,10,model,0.0,4,low,22,0.0016822683473215595,0.013600881127391733,0.6209097779435152,-0.030085403726708648,0.5454545454545454
ElasticNet,10,model,0.0,4,mid,41,0.0008048697849682489,0.01182250062578585,0.34175631550194957,-0.06798890222248466,0.5121951219512195
ElasticNet,10,model,0.0,5,high,40,-0.0006527211948894601,0.017155175524074074,-0.19099975915811956,-0.18255543113955064,0.475
ElasticNet,10,model,0.0,5,low,22,0.002048184537378364,0.013165779039384104,0.7809492127720665,-0.02989261874818616,0.5909090909090909
ElasticNet,10,model,0.0,5,mid,40,0.00039022553173831,0.011186512953395195,0.17511414241344464,-0.06218922258895021,0.425
ElasticNet,10,model,0.0,6,high,41,-0.0003736119577132437,0.01636221445243221,-0.11462489678125877,-0.18407925216366006,0.5121951219512195
ElasticNet,10,model,0.0,6,low,22,0.002241283715012409,0.010725069406273208,1.0490519481631624,-0.02124769574075802,0.5454545454545454
ElasticNet,10,model,0.0,6,mid,39,-0.00012910874529673065,0.010992980556023732,-0.058957691618886546,-0.0708666732075598,0.46153846153846156
ElasticNet,10,model,0.0,7,high,39,0.00041623934099209973,0.016107685679814663,0.12972098847771282,-0.16769537232936638,0.5128205128205128
ElasticNet,10,model,0.0,7,low,22,0.001933947842140246,0.009359213412720621,1.0373031033065576,-0.022209402942024892,0.5909090909090909
ElasticNet,10,model,0.0,7,mid,41,-0.0007031601375084611,0.010241678732589366,-0.34465403260513755,-0.08527748838493909,0.4878048780487805
ElasticNet,10,model,0.0,8,high,38,-7.993595064457874e-05,0.016558928066021276,-0.024233168108709343,-0.1703316868349074,0.5526315789473685
ElasticNet,10,model,0.0,8,low,22,0.002251906885513168,0.010492444653694722,1.0773926592534966,-0.025264169068203834,0.5909090909090909
ElasticNet,10,model,0.0,8,mid,41,-0.00014235966505713235,0.011674916247387321,-0.06121156089872773,-0.08646180293865324,0.5121951219512195
ElasticNet,10,model,0.0,9,high,37,-0.00027683240076573773,0.017294467671084335,-0.08035446068943923,-0.1623700314071913,0.5135135135135135
ElasticNet,10,model,0.0,9,low,22,0.0019304671289839682,0.010762072404024383,0.9004648651619841,-0.02763335259002475,0.6363636363636364
ElasticNet,10,model,0.0,9,mid,42,0.00019008446981878105,0.01298389395496292,0.07349231815075367,-0.07570262096926661,0.5
ElasticNet,10,model,0.0005,0,high,36,0.00044388003821154456,0.0031453469245842397,0.7084306312514769,-0.004651485562019331,0.05555555555555555
ElasticNet,10,model,0.0005,0,low,23,0.0,0.0,,0.0,0.0
ElasticNet,10,model,0.0005,0,mid,43,0.0,0.0,,0.0,0.0
ElasticNet,10,model,0.0005,1,high,39,0.0002886555361614487,0.0031466760366921556,0.4604984035113859,-0.005896258295002621,0.02564102564102564
ElasticNet,10,model,0.0005,1,low,22,0.0,0.0,,0.0,0.0
ElasticNet,10,model,0.0005,1,mid,41,0.0,0.0,,0.0,0.0
ElasticNet,10,model,0.0005,2,high,40,0.00015491765867184747,0.0036346982563269263,0.2139601198355871,-0.014525884610271711,0.05
ElasticNet,10,model,0.0005,2,low,21,0.0,0.0,,0.0,0.0
ElasticNet,10,model,0.0005,2,mid,41,0.0,0.0,,0.0,0.0
ElasticNet,10,model,0.0005,3,high,39,0.0003561477956974898,0.0015408732648346524,1.1602821503829104,-9.999500016677487e-05,0.07692307692307693
ElasticNet,10,model,0.0005,3,low,21,0.0,0.0,,0.0,0.0
ElasticNet,10,model,0.0005,3,mid,42,0.0,0.0,,0.0,0.0
ElasticNet,10,model,0.0005,4,high,39,-0.0005338278769932051,0.002007326183389104,-1.335007083828353,-0.02060406204212173,0.0
ElasticNet,10,model,0.0005,4,low,22,0.0,0.0,,0.0,0.0
ElasticNet,10,model,0.0005,4,mid,41,0.0,0.0,,0.0,0.0
ElasticNet,10,model,0.0005,5,high,40,-0.0008926144148405674,0.003317216713819584,-1.3507977279156294,-0.03507468709681638,0.0
ElasticNet,10,model,0.0005,5,low,22,0.0,0.0,,0.0,0.0
ElasticNet,10,model,0.0005,5,mid,40,0.0,0.0,,0.0,0.0
ElasticNet,10,model,0.0005,6,high,41,-4.4887571125397544e-05,0.007199456520979924,-0.03129872623527998,-0.039268805992623834,0.024390243902439025
ElasticNet,10,model,0.0005,6,low,22,0.0,0.0,,0.0,0.0
ElasticNet,10,model,0.0005,6,mid,39,0.0,0.0,,0.0,0.0
ElasticNet,10,model,0.0005,7,high,39,4.2230078277486464e-06,0.0068621610358833894,0.0030893083004685977,-0.0320417353646153,0.05128205128205128
ElasticNet,10,model,0.0005,7,low,22,0.0,0.0,,0.0,0.0
ElasticNet,10,model,0.0005,7,mid,41,0.0,0.0,,0.0,0.0
ElasticNet,10,model,0.0005,8,high,38,-0.0003747407380861236,0.005760959037453392,-0.3265400019325221,-0.03703115396019996,0.05263157894736842
ElasticNet,10,model,0.0005,8,low,22,0.0,0.0,,0.0,0.0
ElasticNet,10,model,0.0005,8,mid,41,0.0,0.0,,0.0,0.0
ElasticNet,10,model,0.0005,9,high,37,0.00023727689047754863,0.005477038677142758,0.2174752831065623,-0.022690622595256338,0.05405405405405406
ElasticNet,10,model,0.0005,9,low,22,0.0,0.0,,0.0,0.0
ElasticNet,10,model,0.0005,9,mid,42,0.0,0.0,,0.0,0.0
ElasticNet,10,model,0.001,0,high,36,0.0,0.0,,0.0,0.0
ElasticNet,10,model,0.001,0,low,23,0.0,0.0,,0.0,0.0
ElasticNet,10,model,0.001,0,mid,43,0.0,0.0,,0.0,0.0
ElasticNet,10,model,0.001,1,high,39,0.0,0.0,,0.0,0.0
ElasticNet,10,model,0.001,1,low,22,0.0,0.0,,0.0,0.0
ElasticNet,10,model,0.001,1,mid,41,0.0,0.0,,0.0,0.0
ElasticNet,10,model,0.001,2,high,40,0.0,0.0,,0.0,0.0
ElasticNet,10,model,0.001,2,low,21,0.0,0.0,,0.0,0.0
ElasticNet,10,model,0.001,2,mid,41,0.0,0.0,,0.0,0.0
ElasticNet,10,model,0.001,3,high,39,0.0,0.0,,0.0,0.0
ElasticNet,10,model,0.001,3,low,21,0.0,0.0,,0.0,0.0
ElasticNet,10,model,0.001,3,mid,42,0.0,0.0,,0.0,0.0
ElasticNet,10,model,0.001,4,high,39,0.0,0.0,,0.0,0.0
ElasticNet,10,model,0.001,4,low,22,0.0,0.0,,0.0,0.0
ElasticNet,10,model,0.001,4,mid,41,0.0,0.0,,0.0,0.0
ElasticNet,10,model,0.001,5,high,40,0.0,0.0,,0.0,0.0
ElasticNet,10,model,0.001,5,low,22,0.0,0.0,,0.0,0.0
ElasticNet,10,model,0.001,5,mid,40,0.0,0.0,,0.0,0.0
ElasticNet,10,model,0.001,6,high,41,0.0,0.0,,0.0,0.0
ElasticNet,10,model,0.001,6,low,22,0.0,0.0,,0.0,0.0
ElasticNet,10,model,0.001,6,mid,39,0.0,0.0,,0.0,0.0
ElasticNet,10,model,0.001,7,high,39,0.0,0.0,,0.0,0.0
ElasticNet,10,model,0.001,7,low,22,0.0,0.0,,0.0,0.0
ElasticNet,10,model,0.001,7,mid,41,0.0,0.0,,0.0,0.0
ElasticNet,10,model,0.001,8,high,38,0.0,0.0,,0.0,0.0
ElasticNet,10,model,0.001,8,low,22,0.0,0.0,,0.0,0.0
ElasticNet,10,model,0.001,8,mid,41,0.0,0.0,,0.0,0.0
ElasticNet,10,model,0.001,9,high,37,0.0,0.0,,0.0,0.0
ElasticNet,10,model,0.001,9,low,22,0.0,0.0,,0.0,0.0
ElasticNet,10,model,0.001,9,mid,42,0.0,0.0,,0.0,0.0
LSTM,10,model,0.0,0,high,36,0.006438845661141864,0.016823612500729987,1.9212727759151673,-0.03339033546404957,0.5277777777777778
LSTM,10,model,0.0,0,low,23,0.0012513206373884387,0.010966164513257005,0.5728146553415716,-0.032404705851950544,0.5217391304347826
LSTM,10,model,0.0,0,mid,43,0.0038815389517023327,0.013067092351055652,1.4911634792549529,-0.0315331803515283,0.5581395348837209
LSTM,10,model,0.0,1,high,39,0.007347171157211714,0.01645007710624257,2.242087149735152,-0.05234289946013648,0.5641025641025641
LSTM,10,model,0.0,1,low,22,0.002093313675185227,0.01244894475889345,0.844115822960865,-0.04450716871183413,0.5909090909090909
LSTM,10,model,0.0,1,mid,41,0.001301431572955671,0.012156321630794859,0.5374269326354665,-0.04328544182391292,0.5121951219512195
LSTM,10,model,0.0,2,high,40,0.004913690274566247,0.014688104991584796,1.6793541050479326,-0.036461245913252616,0.575
LSTM,10,model,0.0,2,low,21,0.0015684154185995052,0.01105353768274046,0.7122952977077538,-0.040115642513227856,0.5714285714285714
LSTM,10,model,0.0,2,mid,41,0.0009451117378151807,0.01397214132051768,0.33956307490689674,-0.05001579358917174,0.5365853658536586
LSTM,10,model,0.0,3,high,39,0.0007168956282559615,0.01819210732408463,0.19782136439951178,-0.1323532450412257,0.5641025641025641
LSTM,10,model,0.0,3,low,21,-0.002520431838158628,0.012516526209742657,-1.0108609369345856,-0.06237196400368161,0.38095238095238093
LSTM,10,model,0.0,3,mid,42,0.0004114301568057204,0.012617092028867247,0.16369564323811817,-0.04827602173247658,0.5476190476190477
LSTM,10,model,0.0,4,high,39,0.0024541113886127667,0.017780347209659268,0.6928740621214275,-0.08282595297578887,0.4358974358974359
LSTM,10,model,0.0,4,low,22,-0.0023648297767363225,0.013530581940772463,-0.8773718170054527,-0.06593317303733737,0.36363636363636365
LSTM,10,model,0.0,4,mid,41,-0.0003464691937502195,0.011849104289902527,-0.1467842215297185,-0.06359495681560057,0.5121951219512195
LSTM,10,model,0.0,5,high,40,0.001166214322891025,0.01713995236939552,0.341561593161709,-0.12885109448944732,0.525
LSTM,10,model,0.0,5,low,22,-0.003429519896888031,0.012921326490524054,-1.3323750669253962,-0.07878785074824535,0.4090909090909091
LSTM,10,model,0.0,5,mid,40,-0.0009144422376572423,0.011173286381607514,-0.41084274081523103,-0.06765449773027898,0.425
LSTM,10,model,0.0,6,high,41,0.0019442430435857758,0.016264364902946683,0.6000863038213523,-0.12035943345170053,0.5853658536585366
LSTM,10,model,0.0,6,low,22,-0.0017324905596511494,0.010877699944122583,-0.7995287266905868,-0.07083943874915255,0.36363636363636365
LSTM,10,model,0.0,6,mid,39,-0.0023441193972098947,0.010740597935146078,-1.0955987789009427,-0.09710499873279044,0.3333333333333333
LSTM,10,model,0.0,7,high,39,0.0033262188012214847,0.01576045117007744,1.059454813998615,-0.07510225339814502,0.5384615384615384
LSTM,10,model,0.0,7,low,22,0.0006592514605360046,0.009559688558686672,0.34618450658425465,-0.03953192536680672,0.5454545454545454
LSTM,10,model,0.0,7,mid,41,-0.0003305470785382585,0.01025057749305295,-0.16187704215962964,-0.06643006814257468,0.4634146341463415
LSTM,10,model,0.0,8,high,38,0.004718452057307992,0.015842085906189646,1.4951592537159455,-0.06106156888038361,0.5789473684210527
LSTM,10,model,0.0,8,low,22,0.0011460892790725,0.010662987099940867,0.5395601125567534,-0.030195136319825955,0.5454545454545454
LSTM,10,model,0.0,8,mid,41,0.00048517310932582935,0.01165521561437643,0.20896650561563337,-0.06735121636244823,0.5365853658536586
LSTM,10,model,0.0,9,high,37,0.003143449907041097,0.01700591610078925,0.9279119808822821,-0.1272246605237306,0.5405405405405406
LSTM,10,model,0.0,9,low,22,-0.0007098082533287046,0.010919286549646278,-0.32632252447849047,-0.032857630487844514,0.45454545454545453
LSTM,10,model,0.0,9,mid,42,0.0007159250954396951,0.01295619303201232,0.27738977392525915,-0.06077809670005496,0.5238095238095238
LSTM,10,model,0.0005,0,high,36,0.006328994675863637,0.016849296251470396,1.88561591217081,-0.03339033546404957,0.5
LSTM,10,model,0.0005,0,low,23,0.0014297855487391173,0.010872022124133433,0.6601776936182178,-0.027035890471936996,0.4782608695652174
LSTM,10,model,0.0005,0,mid,43,0.0028412184840295555,0.011799825341855507,1.2087300599977215,-0.0315331803515283,0.5116279069767442
LSTM,10,model,0.0005,1,high,39,0.006547214122611292,0.016436091628728708,1.9996696776648228,-0.05234289946013637,0.48717948717948717
LSTM,10,model,0.0005,1,low,22,0.0015348527760961545,0.012215079269890171,0.6307695280569657,-0.04450716871183413,0.45454545454545453
LSTM,10,model,0.0005,1,mid,41,0.001340413779001427,0.012153128041388517,0.5536701122970368,-0.0418509503145742,0.5121951219512195
LSTM,10,model,0.0005,2,high,40,0.004913690274566247,0.014688104991584796,1.6793541050479326,-0.036461245913252616,0.575
LSTM,10,model,0.0005,2,low,21,0.0009508901298431004,0.010539687682808658,0.4529005707995582,-0.040115642513227856,0.42857142857142855
LSTM,10,model,0.0005,2,mid,41,0.0013237129010175977,0.013687918755659603,0.4854635787917544,-0.05001579358917174,0.5121951219512195
LSTM,10,model,0.0005,3,high,39,0.0007168956282559615,0.01819210732408463,0.19782136439951178,-0.1323532450412257,0.5641025641025641
LSTM,10,model,0.0005,3,low,21,-0.002089044712700257,0.012512342600591003,-0.8381261258029067,-0.06215885860553594,0.38095238095238093
LSTM,10,model,0.0005,3,mid,42,0.0005659960012241062,0.0125545204646055,0.22631508582301949,-0.04198175811618987,0.5238095238095238
LSTM,10,model,0.0005,4,high,39,0.0020502648905116206,0.01760599891458461,0.5845875667786185,-0.0812384707416296,0.41025641025641024
LSTM,10,model,0.0005,4,low,22,-0.0023175111441246132,0.013545312905068095,-0.8588811268926092,-0.06593317303733737,0.36363636363636365
LSTM,10,model,0.0005,4,mid,41,9.722145623778016e-06,0.011487106245175963,0.004248657812653665,-0.06368859263804993,0.4634146341463415
LSTM,10,model,0.0005,5,high,40,0.0015195794107416526,0.01692343399400968,0.4507494225681744,-0.11645031652734739,0.5
LSTM,10,model,0.0005,5,low,22,-0.003429519896888031,0.012921326490524054,-1.3323750669253962,-0.07878785074824535,0.4090909090909091
LSTM,10,model,0.0005,5,mid,40,-0.0017350558508294023,0.010173190132312092,-0.8561632223400366,-0.08247693398422307,0.35
LSTM,10,model,0.0005,6,high,41,0.0021863338253601708,0.016155245717142837,0.6793650118476923,-0.11158489088533718,0.5853658536585366
LSTM,10,model,0.0005,6,low,22,-0.0017324905596511494,0.010877699944122583,-0.7995287266905868,-0.07083943874915255,0.36363636363636365
LSTM,10,model,0.0005,6,mid,39,-0.0016992634186643433,0.010293050138088032,-0.8287373079164929,-0.07773070858214182,0.3333333333333333
LSTM,10,model,0.0005,7,high,39,0.004039083330286975,0.015239463347193049,1.3304954994679712,-0.06495504784744388,0.5384615384615384
LSTM,10,model,0.0005,7,low,22,0.00048631359664226813,0.009540481929716217,0.25588590786170345,-0.03953192536680672,0.5
LSTM,10,model,0.0005,7,mid,41,-0.0007483380375036803,0.010017707571657024,-0.37499868178567136,-0.06643006814257468,0.4146341463414634
LSTM,10,model,0.0005,8,high,38,0.0044225396953685246,0.015819008132094407,1.403436478941289,-0.06106156888038339,0.5526315789473685
LSTM,10,model,0.0005,8,low,22,0.001233016065622891,0.010532658457266452,0.5876665943549784,-0.025264169068203834,0.5
LSTM,10,model,0.0005,8,mid,41,0.0010749345546949075,0.010494682497178536,0.5141774074414684,-0.06735121636244823,0.5121951219512195
LSTM,10,model,0.0005,9,high,37,0.0021946987139807215,0.01653524251832201,0.6662920179992923,-0.12722466052373071,0.4864864864864865
LSTM,10,model,0.0005,9,low,22,-0.000245401646326659,0.010739980732689117,-0.11470285824754553,-0.02763335259002464,0.4090909090909091
LSTM,10,model,0.0005,9,mid,42,0.0007557755530409069,0.012952972468377899,0.2929028973718789,-0.06077809670005485,0.5238095238095238
LSTM,10,model,0.001,0,high,36,0.005819264068562281,0.016758324038194557,1.7431620079366745,-0.03339033546404935,0.4722222222222222
LSTM,10,model,0.001,0,low,23,0.000627629859218291,0.009329857326178704,0.33769829246610417,-0.027035890471936885,0.391304347826087
LSTM,10,model,0.001,0,mid,43,0.0023162895869975326,0.011649054458757607,0.9981652575386676,-0.0315331803515283,0.46511627906976744
LSTM,10,model,0.001,1,high,39,0.006372418645017123,0.016470451325173482,1.9422228987049717,-0.05234289946013637,0.46153846153846156
LSTM,10,model,0.001,1,low,22,0.0017005306802722407,0.012164672345616818,0.7017530782526507,-0.04450716871183413,0.45454545454545453
LSTM,10,model,0.001,1,mid,41,0.0019000350914202704,0.011519234522365874,0.828015129086995,-0.04039791647467017,0.5121951219512195
LSTM,10,model,0.001,2,high,40,0.003753658454272145,0.013070158444337333,1.4416975870610806,-0.03646124591325284,0.55
LSTM,10,model,0.001,2,low,21,-0.0009810378007304905,0.007877359105160854,-0.6251804200616111,-0.040307600188317694,0.3333333333333333
LSTM,10,model,0.001,2,mid,41,0.0013237129010175977,0.013687918755659603,0.4854635787917544,-0.05001579358917174,0.5121951219512195
LSTM,10,model,0.001,3,high,39,0.0007168956282559615,0.01819210732408463,0.19782136439951178,-0.1323532450412257,0.5641025641025641
LSTM,10,model,0.001,3,low,21,-0.0007043019508118189,0.009810562905839579,-0.36038377889823386,-0.0325611348077971,0.3333333333333333
LSTM,10,model,0.001,3,mid,42,0.00022232259281095148,0.012361090070804468,0.09028738986685318,-0.04198175811618987,0.5
LSTM,10,model,0.001,4,high,39,0.00195225126050189,0.017606513083452,0.5566248979581988,-0.0813437884216951,0.38461538461538464
LSTM,10,model,0.001,4,low,22,-0.0013882814102109363,0.011641398165487303,-0.5986495152862381,-0.040217020508896306,0.3181818181818182
LSTM,10,model,0.001,4,mid,41,-0.00038182894145506095,0.011196530760826358,-0.17119285559790212,-0.06368859263804993,0.43902439024390244
LSTM,10,model,0.001,5,high,40,0.00151457941074165,0.016919178096205783,0.4493792935236897,-0.11662700879422638,0.5
LSTM,10,model,0.001,5,low,22,-0.0036755479921378093,0.012320317592124892,-1.4976159783064045,-0.07878785074824535,0.36363636363636365
LSTM,10,model,0.001,5,mid,40,-0.0023269731533065103,0.009693063482184492,-1.2051208106298774,-0.10069606074161797,0.3
LSTM,10,model,0.001,6,high,41,0.0021863338253601708,0.016155245717142837,0.6793650118476923,-0.11158489088533718,0.5853658536585366
LSTM,10,model,0.001,6,low,22,-0.0007573628988157271,0.010290416718019411,-0.36946332517875896,-0.05468913511608242,0.36363636363636365
LSTM,10,model,0.001,6,mid,39,-0.0011729810060113232,0.009810934512979557,-0.6001791072899675,-0.058605517379275884,0.3333333333333333
LSTM,10,model,0.001,7,high,39,0.003891362145393953,0.015007224856695135,1.3016719027968147,-0.05639875016613205,0.5128205128205128
LSTM,10,model,0.001,7,low,22,0.00021625595927490015,0.009456495845148294,0.11479900351328452,-0.03953192536680661,0.45454545454545453
LSTM,10,model,0.001,7,mid,41,-0.0007483380375036804,0.010018345530086245,-0.37497480223697016,-0.0664300681425748,0.4146341463414634
LSTM,10,model,0.001,8,high,38,0.0034495902319720004,0.015140918112593134,1.1437090803415288,-0.06537711779361788,0.5
LSTM,10,model,0.001,8,low,22,0.0010504058013145684,0.009951563416921291,0.5298660172963723,-0.025264169068203723,0.45454545454545453
LSTM,10,model,0.001,8,mid,41,0.0015165464786268997,0.010048355920334772,0.757636668390943,-0.050498762868530056,0.5121951219512195
LSTM,10,model,0.001,9,high,37,0.002560452536719559,0.01632373540304962,0.7874037042688699,-0.11533320519694557,0.4864864864864865
LSTM,10,model,0.001,9,low,22,7.659613723165458e-05,0.010441290352450753,0.036825865795563455,-0.02763335259002475,0.36363636363636365
LSTM,10,model,0.001,9,mid,42,0.00014526641775943085,0.01234285278318217,0.05908128715723744,-0.06077809670005485,0.5
Lasso,10,model,0.0,0,high,36,-0.0008191529614262781,0.018045525029789112,-0.22787451314750215,-0.15380958948174628,0.4166666666666667
Lasso,10,model,0.0,0,low,23,0.001925948661314113,0.010892672669818287,0.8875861637942054,-0.023129251700680253,0.6521739130434783
Lasso,10,model,0.0,0,mid,43,0.0006296656689001979,0.013673571172937377,0.23116832695132616,-0.07302160405800329,0.5581395348837209
Lasso,10,model,0.0,1,high,39,-0.000962675328400723,0.018071530973102046,-0.2674146314450945,-0.16226501595026044,0.38461538461538464
Lasso,10,model,0.0,1,low,22,0.0012422940175813905,0.012595277852135066,0.49512734434988964,-0.03454615831236674,0.5909090909090909
Lasso,10,model,0.0,1,mid,41,0.0010926049422570687,0.012202792489694057,0.44947361716694084,-0.07663173358000908,0.5121951219512195
Lasso,10,model,0.0,2,high,40,-0.0002486188074432901,0.01553831620854385,-0.0803212195867135,-0.1547542300085878,0.5
Lasso,10,model,0.0,2,low,21,0.0009986515970426952,0.011149386143589853,0.4496383177976554,-0.029151685939170502,0.5714285714285714
Lasso,10,model,0.0,2,mid,41,0.0006314930237790584,0.014004525255323745,0.22636039154425022,-0.08674658101467159,0.4878048780487805
Lasso,10,model,0.0,3,high,39,0.00014943862035297456,0.01820112699744737,0.041215904955974485,-0.14312161696354553,0.48717948717948717
Lasso,10,model,0.0,3,low,21,0.0022263645283083,0.01253187694769325,0.8918266017630267,-0.030303030303030054,0.6190476190476191
Lasso,10,model,0.0,3,mid,42,-0.00038525347606128415,0.012632380645454286,-0.15309522055279423,-0.09024968508414899,0.5476190476190477
Lasso,10,model,0.0,4,high,39,-0.000935092010492654,0.01794131111342067,-0.2616377704053168,-0.17763777017250515,0.38461538461538464
Lasso,10,model,0.0,4,low,22,0.0016822683473215595,0.013600881127391733,0.6209097779435152,-0.030085403726708648,0.5454545454545454
Lasso,10,model,0.0,4,mid,41,0.0008048697849682489,0.01182250062578585,0.34175631550194957,-0.06798890222248466,0.5121951219512195
Lasso,10,model,0.0,5,high,40,-0.0006527211948894601,0.017155175524074074,-0.19099975915811956,-0.18255543113955064,0.475
Lasso,10,model,0.0,5,low,22,0.002048184537378364,0.013165779039384104,0.7809492127720665,-0.02989261874818616,0.5909090909090909
Lasso,10,model,0.0,5,mid,40,0.00039022553173831,0.011186512953395195,0.17511414241344464,-0.06218922258895021,0.425
Lasso,10,model,0.0,6,high,41,-0.0003736119577132437,0.01636221445243221,-0.11462489678125877,-0.18407925216366006,0.5121951219512195
Lasso,10,model,0.0,6,low,22,0.002241283715012409,0.010725069406273208,1.0490519481631624,-0.02124769574075802,0.5454545454545454
Lasso,10,model,0.0,6,mid,39,-0.00012910874529673065,0.010992980556023732,-0.058957691618886546,-0.0708666732075598,0.46153846153846156
Lasso,10,model,0.0,7,high,39,0.00041623934099209973,0.016107685679814663,0.12972098847771282,-0.16769537232936638,0.5128205128205128
Lasso,10,model,0.0,7,low,22,0.001933947842140246,0.009359213412720621,1.0373031033065576,-0.022209402942024892,0.5909090909090909
Lasso,10,model,0.0,7,mid,41,-0.0007031601375084611,0.010241678732589366,-0.34465403260513755,-0.08527748838493909,0.4878048780487805
Lasso,10,model,0.0,8,high,38,-7.993595064457874e-05,0.016558928066021276,-0.024233168108709343,-0.1703316868349074,0.5526315789473685
Lasso,10,model,0.0,8,low,22,0.002251906885513168,0.010492444653694722,1.0773926592534966,-0.025264169068203834,0.5909090909090909
Lasso,10,model,0.0,8,mid,41,-0.00014235966505713235,0.011674916247387321,-0.06121156089872773,-0.08646180293865324,0.5121951219512195
Lasso,10,model,0.0,9,high,37,-0.00027683240076573773,0.017294467671084335,-0.08035446068943923,-0.1623700314071913,0.5135135135135135
Lasso,10,model,0.0,9,low,22,0.0019304671289839682,0.010762072404024383,0.9004648651619841,-0.02763335259002475,0.6363636363636364
Lasso,10,model,0.0,9,mid,42,0.00019008446981878105,0.01298389395496292,0.07349231815075367,-0.07570262096926661,0.5
Lasso,10,model,0.0005,0,high,36,0.00044388003821154456,0.0031453469245842397,0.7084306312514769,-0.004651485562019331,0.05555555555555555
Lasso,10,model,0.0005,0,low,23,0.0,0.0,,0.0,0.0
Lasso,10,model,0.0005,0,mid,43,0.0,0.0,,0.0,0.0
Lasso,10,model,0.0005,1,high,39,0.0002886555361614487,0.0031466760366921556,0.4604984035113859,-0.005896258295002621,0.02564102564102564
Lasso,10,model,0.0005,1,low,22,0.0,0.0,,0.0,0.0
Lasso,10,model,0.0005,1,mid,41,0.0,0.0,,0.0,0.0
Lasso,10,model,0.0005,2,high,40,0.00015491765867184747,0.0036346982563269263,0.2139601198355871,-0.014525884610271711,0.05
Lasso,10,model,0.0005,2,low,21,0.0,0.0,,0.0,0.0
Lasso,10,model,0.0005,2,mid,41,0.0,0.0,,0.0,0.0
Lasso,10,model,0.0005,3,high,39,0.0003561477956974898,0.0015408732648346524,1.1602821503829104,-9.999500016677487e-05,0.07692307692307693
Lasso,10,model,0.0005,3,low,21,0.0,0.0,,0.0,0.0
Lasso,10,model,0.0005,3,mid,42,0.0,0.0,,0.0,0.0
Lasso,10,model,0.0005,4,high,39,-0.0005338278769932051,0.002007326183389104,-1.335007083828353,-0.02060406204212173,0.0
Lasso,10,model,0.0005,4,low,22,0.0,0.0,,0.0,0.0
Lasso,10,model,0.0005,4,mid,41,0.0,0.0,,0.0,0.0
Lasso,10,model,0.0005,5,high,40,-0.0008926144148405674,0.003317216713819584,-1.3507977279156294,-0.03507468709681638,0.0
Lasso,10,model,0.0005,5,low,22,0.0,0.0,,0.0,0.0
Lasso,10,model,0.0005,5,mid,40,0.0,0.0,,0.0,0.0
Lasso,10,model,0.0005,6,high,41,-4.4887571125397544e-05,0.007199456520979924,-0.03129872623527998,-0.039268805992623834,0.024390243902439025
Lasso,10,model,0.0005,6,low,22,0.0,0.0,,0.0,0.0
Lasso,10,model,0.0005,6,mid,39,0.0,0.0,,0.0,0.0
Lasso,10,model,0.0005,7,high,39,4.2230078277486464e-06,0.0068621610358833894,0.0030893083004685977,-0.0320417353646153,0.05128205128205128
Lasso,10,model,0.0005,7,low,22,0.0,0.0,,0.0,0.0
Lasso,10,model,0.0005,7,mid,41,0.0,0.0,,0.0,0.0
Lasso,10,model,0.0005,8,high,38,-0.0003747407380861236,0.005760959037453392,-0.3265400019325221,-0.03703115396019996,0.05263157894736842
Lasso,10,model,0.0005,8,low,22,0.0,0.0,,0.0,0.0
Lasso,10,model,0.0005,8,mid,41,0.0,0.0,,0.0,0.0
Lasso,10,model,0.0005,9,high,37,0.00023727689047754863,0.005477038677142758,0.2174752831065623,-0.022690622595256338,0.05405405405405406
Lasso,10,model,0.0005,9,low,22,0.0,0.0,,0.0,0.0
Lasso,10,model,0.0005,9,mid,42,0.0,0.0,,0.0,0.0
Lasso,10,model,0.001,0,high,36,0.0,0.0,,0.0,0.0
Lasso,10,model,0.001,0,low,23,0.0,0.0,,0.0,0.0
Lasso,10,model,0.001,0,mid,43,0.0,0.0,,0.0,0.0
Lasso,10,model,0.001,1,high,39,0.0,0.0,,0.0,0.0
Lasso,10,model,0.001,1,low,22,0.0,0.0,,0.0,0.0
Lasso,10,model,0.001,1,mid,41,0.0,0.0,,0.0,0.0
Lasso,10,model,0.001,2,high,40,0.0,0.0,,0.0,0.0
Lasso,10,model,0.001,2,low,21,0.0,0.0,,0.0,0.0
Lasso,10,model,0.001,2,mid,41,0.0,0.0,,0.0,0.0
Lasso,10,model,0.001,3,high,39,0.0,0.0,,0.0,0.0
Lasso,10,model,0.001,3,low,21,0.0,0.0,,0.0,0.0
Lasso,10,model,0.001,3,mid,42,0.0,0.0,,0.0,0.0
Lasso,10,model,0.001,4,high,39,0.0,0.0,,0.0,0.0
Lasso,10,model,0.001,4,low,22,0.0,0.0,,0.0,0.0
Lasso,10,model,0.001,4,mid,41,0.0,0.0,,0.0,0.0
Lasso,10,model,0.001,5,high,40,0.0,0.0,,0.0,0.0
Lasso,10,model,0.001,5,low,22,0.0,0.0,,0.0,0.0
Lasso,10,model,0.001,5,mid,40,0.0,0.0,,0.0,0.0
Lasso,10,model,0.001,6,high,41,0.0,0.0,,0.0,0.0
Lasso,10,model,0.001,6,low,22,0.0,0.0,,0.0,0.0
Lasso,10,model,0.001,6,mid,39,0.0,0.0,,0.0,0.0
Lasso,10,model,0.001,7,high,39,0.0,0.0,,0.0,0.0
Lasso,10,model,0.001,7,low,22,0.0,0.0,,0.0,0.0
Lasso,10,model,0.001,7,mid,41,0.0,0.0,,0.0,0.0
Lasso,10,model,0.001,8,high,38,0.0,0.0,,0.0,0.0
Lasso,10,model,0.001,8,low,22,0.0,0.0,,0.0,0.0
Lasso,10,model,0.001,8,mid,41,0.0,0.0,,0.0,0.0
Lasso,10,model,0.001,9,high,37,0.0,0.0,,0.0,0.0
Lasso,10,model,0.001,9,low,22,0.0,0.0,,0.0,0.0
Lasso,10,model,0.001,9,mid,42,0.0,0.0,,0.0,0.0
LightGBM,10,model,0.0,0,high,36,0.0070557384619445735,0.016551364624195035,2.139976175798307,-0.04838738056551872,0.6111111111111112
LightGBM,10,model,0.0,0,low,23,0.004628342905056792,0.009958280768609688,2.333143393562451,-0.016813072636252424,0.7391304347826086
LightGBM,10,model,0.0,0,mid,43,0.0012038355782784656,0.013617954226435657,0.4437675836403873,-0.07545885156379983,0.5116279069767442
LightGBM,10,model,0.0,1,high,39,0.006944771220158881,0.01663849491693808,2.095290169815606,-0.05502133982553037,0.5641025641025641
LightGBM,10,model,0.0,1,low,22,0.0028305503519839045,0.012282609374221903,1.1568592277633587,-0.0291186544663401,0.6363636363636364
LightGBM,10,model,0.0,1,mid,41,0.003109803778249493,0.0118023807374181,1.3227069535439366,-0.04588074053084601,0.5853658536585366
LightGBM,10,model,0.0,2,high,40,0.004449869631844557,0.014856257243434118,1.503620185049371,-0.059302531421490445,0.65
LightGBM,10,model,0.0,2,low,21,0.0013473537638603239,0.0110732372945443,0.6108116384596396,-0.029798434669535134,0.6190476190476191
LightGBM,10,model,0.0,2,mid,41,0.002190160152642949,0.013816169283015236,0.7957717138035318,-0.032807435794554696,0.6097560975609756
LightGBM,10,model,0.0,3,high,39,0.008690270887143666,0.01588692062147647,2.745957801739254,-0.03178551686014297,0.7692307692307693
LightGBM,10,model,0.0,3,low,21,0.003342269097045161,0.012260370185775879,1.3684788839387867,-0.024435747723551726,0.6190476190476191
LightGBM,10,model,0.0,3,mid,42,0.00020339387348326048,0.012612352770895547,0.0809546925985436,-0.046651483304585684,0.5
LightGBM,10,model,0.0,4,high,39,0.008290500863939976,0.015839481529965317,2.6274839841250732,-0.02248750694058843,0.6153846153846154
LightGBM,10,model,0.0,4,low,22,0.004301865016872346,0.012943204510955006,1.668457836442019,-0.02306940371456545,0.5909090909090909
LightGBM,10,model,0.0,4,mid,41,0.00019884408701804137,0.011825909861568392,0.08440698486700353,-0.034799033459905426,0.5365853658536586
LightGBM,10,model,0.0,5,high,40,0.00859757024044586,0.014766639134039678,2.9227679826962105,-0.03488168273444303,0.775
LightGBM,10,model,0.0,5,low,22,0.007131141708891875,0.011049941878810289,3.2396593267993397,-0.013232514177693333,0.6363636363636364
LightGBM,10,model,0.0,5,mid,40,0.0011082144427363074,0.011103232790762167,0.5010425751876315,-0.04608723910328405,0.6
LightGBM,10,model,0.0,6,high,41,0.006597128783803575,0.014912120184140606,2.2208326683858095,-0.03917272806940697,0.6341463414634146
LightGBM,10,model,0.0,6,low,22,0.005833839820761055,0.009113181776249835,3.2135476054832166,-0.010998388167250961,0.7272727272727273
LightGBM,10,model,0.0,6,mid,39,2.2330543220346134e-05,0.01097983865027696,0.010209479471422206,-0.0833909841788717,0.48717948717948717
LightGBM,10,model,0.0,7,high,39,0.006190299017879053,0.014817153265140222,2.0972351360112103,-0.03642861110456297,0.717948717948718
LightGBM,10,model,0.0,7,low,22,0.004067321077193481,0.008578709787739234,2.38005367559876,-0.017412281697928744,0.6363636363636364
LightGBM,10,model,0.0,7,mid,41,0.00042882496763979274,0.010242129091560484,0.21017937125960565,-0.08520246680572485,0.4878048780487805
LightGBM,10,model,0.0,8,high,38,0.005430516306191326,0.01560684062971816,1.7467324840288887,-0.04620126222608245,0.7631578947368421
LightGBM,10,model,0.0,8,low,22,0.006008626045254124,0.008716174797699658,3.460584953699465,-0.015652993870815868,0.8181818181818182
LightGBM,10,model,0.0,8,mid,41,-0.00021889209037682383,0.01165789423916255,-0.09425626535239276,-0.07502724603154198,0.43902439024390244
LightGBM,10,model,0.0,9,high,37,0.007464898785164506,0.015533874695831396,2.412372651884193,-0.044885471105928,0.7837837837837838
LightGBM,10,model,0.0,9,low,22,0.005246032508961173,0.009464037738403699,2.7826256526866278,-0.014635067510149646,0.7727272727272727
LightGBM,10,model,0.0,9,mid,42,-0.000718956537364364,0.012956009490970326,-0.27856827183432337,-0.08690304755073464,0.47619047619047616
LightGBM,10,model,0.0005,0,high,36,0.0064148976681042864,0.016288330887649194,1.9770307308574504,-0.048387380565518834,0.5555555555555556
LightGBM,10,model,0.0005,0,low,23,0.005517167105435896,0.00834661055762662,3.3182282640052843,-0.0114257812499996,0.6086956521739131
LightGBM,10,model,0.0005,0,mid,43,0.0005955012907122164,0.012370101997392868,0.24166274091840162,-0.06318496914596627,0.4186046511627907
LightGBM,10,model,0.0005,1,high,39,0.006760012760586018,0.016694999849063644,2.032644207286938,-0.05502133982553026,0.5128205128205128
LightGBM,10,model,0.0005,1,low,22,0.004231890877168359,0.011151979935195186,1.9049463615372018,-0.0291186544663401,0.6363636363636364
LightGBM,10,model,0.0005,1,mid,41,0.00362996741989261,0.01137346437323558,1.6021760150717486,-0.03284143884123847,0.5853658536585366
LightGBM,10,model,0.0005,2,high,40,0.0038561171898564574,0.014067003488124903,1.3760965282083089,-0.04572298046288037,0.55
LightGBM,10,model,0.0005,2,low,21,0.0036918292604096146,0.009076332124055569,2.0418860337561666,-0.01682739618185458,0.6190476190476191
LightGBM,10,model,0.0005,2,mid,41,0.003194988795983183,0.012945972933115465,1.2388961839950678,-0.030694031508738506,0.5853658536585366
LightGBM,10,model,0.0005,3,high,39,0.00867891575404058,0.015902519955799006,2.7396797131191883,-0.03178551686014297,0.7435897435897436
LightGBM,10,model,0.0005,3,low,21,0.0038344817275735663,0.010656527942442087,1.806305544130691,-0.019831140781464307,0.47619047619047616
LightGBM,10,model,0.0005,3,mid,42,0.0010916339634398202,0.012083612116259562,0.45350338559184483,-0.038930098658406354,0.5
LightGBM,10,model,0.0005,4,high,39,0.008431554139778199,0.015740503586520144,2.688990579571364,-0.02248750694058843,0.6153846153846154
LightGBM,10,model,0.0005,4,low,22,0.0024559180109697365,0.011385716205515919,1.0828137946533403,-0.023069403714565673,0.3181818181818182
LightGBM,10,model,0.0005,4,mid,41,0.0014782329689460609,0.010647583141931932,0.6969347420174555,-0.02818545320763144,0.4878048780487805
LightGBM,10,model,0.0005,5,high,40,0.007886916572064907,0.014949347782677112,2.6484103217274337,-0.03488168273444281,0.675
LightGBM,10,model,0.0005,5,low,22,0.007105229758602096,0.010463670462122113,3.408743656376833,-0.013232514177693222,0.5
LightGBM,10,model,0.0005,5,mid,40,0.0019289323279181327,0.009560510306680876,1.0128291404261067,-0.025981524249422794,0.55
LightGBM,10,model,0.0005,6,high,41,0.006164449646668108,0.014806173889174448,2.090026218881676,-0.03917272806940675,0.5853658536585366
LightGBM,10,model,0.0005,6,low,22,0.004622679774211277,0.007999196908804265,2.9009997578331497,-0.006597458038225867,0.45454545454545453
LightGBM,10,model,0.0005,6,mid,39,0.0008301797455717464,0.009798683966501161,0.4253090784431886,-0.04518882031957361,0.4358974358974359
LightGBM,10,model,0.0005,7,high,39,0.006733555159973013,0.013786649899269487,2.4518051071030076,-0.03194493469819926,0.6923076923076923
LightGBM,10,model,0.0005,7,low,22,0.004662074793915999,0.007605177443342524,3.077302258762772,-0.008482012284293461,0.5909090909090909
LightGBM,10,model,0.0005,7,mid,41,0.001122888133856227,0.008753194332888759,0.6439767564650198,-0.04447071540820968,0.43902439024390244
LightGBM,10,model,0.0005,8,high,38,0.006004401004610863,0.014594351452370823,2.0653095768868335,-0.04620126222608234,0.7105263157894737
LightGBM,10,model,0.0005,8,low,22,0.0058030744044029635,0.0077466288191986934,3.7605005985061903,-0.008694802657287948,0.5454545454545454
LightGBM,10,model,0.0005,8,mid,41,0.0006427150307004911,0.009405325059353164,0.34304012115241267,-0.029938920596775498,0.3902439024390244
LightGBM,10,model,0.0005,9,high,37,0.007428684121475688,0.015553052805215208,2.3977092338179506,-0.04498097778340404,0.7567567567567568
LightGBM,10,model,0.0005,9,low,22,0.005668599104985827,0.009049794683768281,3.1443963824471988,-0.014635067510149757,0.7272727272727273
LightGBM,10,model,0.0005,9,mid,42,3.567354594643564e-05,0.01098021798592196,0.01630931003539816,-0.06435656755931385,0.40476190476190477
LightGBM,10,model,0.001,0,high,36,0.005734676978546172,0.016035896750543305,1.7952129778606494,-0.04838738056551872,0.5
LightGBM,10,model,0.001,0,low,23,0.003992507448472274,0.008161262230102186,2.455775560394767,-0.011524633729168121,0.34782608695652173
LightGBM,10,model,0.001,0,mid,43,0.001363593708913207,0.011271180070212784,0.6073176055607908,-0.03846031476915324,0.37209302325581395
LightGBM,10,model,0.001,1,high,39,0.006031482586870261,0.01613963123690232,1.8759909593098825,-0.05502133982553015,0.4358974358974359
LightGBM,10,model,0.001,1,low,22,0.003864517274988004,0.010388999687034921,1.867333077236229,-0.019652156824211064,0.45454545454545453
LightGBM,10,model,0.001,1,mid,41,0.002541129495485331,0.010365455328034151,1.230661695315508,-0.03284143884123869,0.43902439024390244
LightGBM,10,model,0.001,2,high,40,0.004163358882676259,0.013491692147859224,1.5490937304570094,-0.04572298046288037,0.45
LightGBM,10,model,0.001,2,low,21,0.0027834316935938957,0.008180124065338253,1.7081301085536231,-0.01682739618185458,0.42857142857142855
LightGBM,10,model,0.001,2,mid,41,0.0026731128511783635,0.011504255713417408,1.166430958095127,-0.029130498450050557,0.4634146341463415
LightGBM,10,model,0.001,3,high,39,0.008916912104907925,0.015568938033872314,2.8751186119681886,-0.03178551686014308,0.717948717948718
LightGBM,10,model,0.001,3,low,21,0.0038331738697774433,0.008345558562868461,2.305703083218495,-9.999500016666385e-05,0.2857142857142857
LightGBM,10,model,0.001,3,mid,42,0.0023669202685410984,0.009113622500916818,1.3037456233121927,-0.01994287814562512,0.40476190476190477
LightGBM,10,model,0.001,4,high,39,0.008769629341215252,0.015406012533848663,2.8575330447880196,-0.02248750694058843,0.5897435897435898
LightGBM,10,model,0.001,4,low,22,0.0035429124951713324,0.00953538936398702,1.8651865062247646,-0.01479049806034538,0.2727272727272727
LightGBM,10,model,0.001,4,mid,41,0.0022635065804718782,0.009747816107618426,1.1656675432341594,-0.02443210499747539,0.4878048780487805
LightGBM,10,model,0.001,5,high,40,0.007714481045234154,0.01476896372747973,2.6221465642817914,-0.03488168273444281,0.65
LightGBM,10,model,0.001,5,low,22,0.004310643492392936,0.008697816082264491,2.4878956266355847,-0.0038425879361319026,0.2727272727272727
LightGBM,10,model,0.001,5,mid,40,0.002687549453806503,0.008977090221667088,1.5028690645703369,-0.025981524249422794,0.525
LightGBM,10,model,0.001,6,high,41,0.0070491489038363876,0.014075398426104571,2.514063586855904,-0.03917272806940697,0.5609756097560976
LightGBM,10,model,0.001,6,low,22,0.0035255809784789367,0.0073275198652391444,2.4153160108062983,-0.003719631061705808,0.2727272727272727
LightGBM,10,model,0.001,6,mid,39,0.0022971761573282058,0.007970749214381989,1.4467564438804246,-0.01897965840911897,0.358974358974359
LightGBM,10,model,0.001,7,high,39,0.006767064832382841,0.01331866437458525,2.550585771808915,-0.031944934698199146,0.6153846153846154
LightGBM,10,model,0.001,7,low,22,0.00326227206031735,0.007007033844226766,2.3371480908104685,-0.00848201228429335,0.3181818181818182
LightGBM,10,model,0.001,7,mid,41,0.0028128819276178026,0.007059655179656946,2.000176332957067,-0.01034988093057354,0.43902439024390244
LightGBM,10,model,0.001,8,high,38,0.0050480923109161606,0.014292800416648084,1.7730060969205386,-0.04629663733102507,0.631578947368421
LightGBM,10,model,0.001,8,low,22,0.003366216120574768,0.007569034419881874,2.2325530411342527,-0.008793928220661607,0.2727272727272727
LightGBM,10,model,0.001,8,mid,41,0.0015897483666804664,0.008420558309383567,0.9477368567121186,-0.022998307117208183,0.3902439024390244
LightGBM,10,model,0.001,9,high,37,0.007637727896159747,0.012877931209011255,2.9772708926055937,-0.040462806991798494,0.6486486486486487
LightGBM,10,model,0.001,9,low,22,0.004853006998834941,0.008234100913125188,2.9586596088054753,-0.012708964708182946,0.5
LightGBM,10,model,0.001,9,mid,42,0.00030590997938779297,0.010236461233072784,0.15001824105661196,-0.04766361612361225,0.3333333333333333
MLP,10,model,0.0,0,high,36,0.0024364229385716992,0.01788639549004509,0.6838016127625576,-0.07341822593059055,0.5555555555555556
MLP,10,model,0.0,0,low,23,0.0018082722459787522,0.010909197503974658,0.8320918773815591,-0.019176942767439864,0.7391304347826086
MLP,10,model,0.0,0,mid,43,-0.00017486893363924204,0.013659379016722501,-0.06426610454815497,-0.09800399594515996,0.5116279069767442
MLP,10,model,0.0,1,high,39,2.223600122682037e-05,0.018092321114101684,0.006169680471327514,-0.10355004549171853,0.4358974358974359
MLP,10,model,0.0,1,low,22,0.0028725748711461775,0.012269383991174151,1.1753003588329047,-0.05013071797636337,0.6363636363636364
MLP,10,model,0.0,1,mid,41,0.002293789789822561,0.012000615255125191,0.959511917822841,-0.056265293934892324,0.5609756097560976
MLP,10,model,0.0,2,high,40,0.0011979343594060478,0.01548043403444291,0.3884634464499288,-0.09172884519064695,0.5
MLP,10,model,0.0,2,low,21,0.003548079751326266,0.010558471755959387,1.6869125954033009,-0.027977237763811114,0.6666666666666666
MLP,10,model,0.0,2,mid,41,0.003046650372236785,0.013686483037185575,1.11745752697028,-0.05001579358917174,0.6341463414634146
MLP,10,model,0.0,3,high,39,0.00021663574966635646,0.01819556974957945,0.05976745149239606,-0.0678876062126541,0.46153846153846156
MLP,10,model,0.0,3,low,21,-0.0022493307230310477,0.0125679941614193,-0.8984369716810288,-0.07382964115695512,0.38095238095238093
MLP,10,model,0.0,3,mid,42,0.002937832472549594,0.012246932236179727,1.2042037697447454,-0.0409805849240763,0.5476190476190477
MLP,10,model,0.0,4,high,39,0.0014796876350890514,0.017888067545580782,0.41524736852022703,-0.1352615259645753,0.46153846153846156
MLP,10,model,0.0,4,low,22,-0.0004961019319141178,0.013689025837929974,-0.18192762309007568,-0.05458995300591607,0.5
MLP,10,model,0.0,4,mid,41,0.002419568349455371,0.011537061816167687,1.0527928956501573,-0.03219189489875374,0.5365853658536586
MLP,10,model,0.0,5,high,40,0.0035896087646171623,0.016761026495855917,1.0750948332409447,-0.05495179666958783,0.525
MLP,10,model,0.0,5,low,22,-0.00043672825399574533,0.013330520511422972,-0.16446157774401418,-0.04406715229833302,0.4090909090909091
MLP,10,model,0.0,5,mid,40,0.004674937904789805,0.010081588900638837,2.3278078743433466,-0.019869441122851383,0.675
MLP,10,model,0.0,6,high,41,0.0029201501106456878,0.016111063501957668,0.9098739640965723,-0.07418824669684909,0.5609756097560976
MLP,10,model,0.0,6,low,22,-0.000885480923628414,0.010924753712843883,-0.40688138837622145,-0.05236160435805148,0.36363636363636365
MLP,10,model,0.0,6,mid,39,0.0015119331132430946,0.010868489672012323,0.6983347475967207,-0.05322422730522369,0.5384615384615384
MLP,10,model,0.0,7,high,39,-9.972505424348767e-05,0.01613343351111887,-0.031029712232786395,-0.10039348997247355,0.5897435897435898
MLP,10,model,0.0,7,low,22,0.00020983197843394083,0.009574058515296807,0.11002107102045176,-0.04453605534507288,0.5
MLP,10,model,0.0,7,mid,41,0.003146255565922117,0.009738023172914315,1.6218977210420384,-0.021297006907136873,0.6341463414634146
MLP,10,model,0.0,8,high,38,0.0008393058673449422,0.01652907010766216,0.25490133371175266,-0.07344904894090154,0.5789473684210527
MLP,10,model,0.0,8,low,22,0.003160045702066468,0.01020754400029989,1.5540764286857724,-0.017433932476518144,0.5909090909090909
MLP,10,model,0.0,8,mid,41,0.001695162082415574,0.011544213138984597,0.7371352221818669,-0.03353750661858701,0.5853658536585366
MLP,10,model,0.0,9,high,37,0.003523953680310883,0.016901109316566548,1.046683193789097,-0.05126080547223866,0.5675675675675675
MLP,10,model,0.0,9,low,22,0.0028504842896456546,0.010489288926479778,1.3641837562826695,-0.031934194438125174,0.6818181818181818
MLP,10,model,0.0,9,mid,42,-0.001001941860662014,0.012947757052376226,-0.38846173912719634,-0.08079548054135854,0.5
MLP,10,model,0.0005,0,high,36,0.0024364229385716992,0.01788639549004509,0.6838016127625576,-0.07341822593059055,0.5555555555555556
MLP,10,model,0.0005,0,low,23,0.0018082722459787522,0.010909197503974658,0.8320918773815591,-0.019176942767439864,0.7391304347826086
MLP,10,model,0.0005,0,mid,43,-0.00017486893363924204,0.013659379016722501,-0.06426610454815497,-0.09800399594515996,0.5116279069767442
MLP,10,model,0.0005,1,high,39,-0.0005144811870584334,0.01776721884796794,-0.14536180838392349,-0.10355004549171853,0.41025641025641024
MLP,10,model,0.0005,1,low,22,0.002688748726139991,0.012278512106897019,1.0992709349329703,-0.05013071797636337,0.5909090909090909
MLP,10,model,0.0005,1,mid,41,0.002293789789822561,0.012000615255125191,0.959511917822841,-0.056265293934892324,0.5609756097560976
MLP,10,model,0.0005,2,high,40,0.001981448315712558,0.015070219630810705,0.660029637661274,-0.08212617139583389,0.5
MLP,10,model,0.0005,2,low,21,0.003548079751326266,0.010558471755959387,1.6869125954033009,-0.027977237763811114,0.6666666666666666
MLP,10,model,0.0005,2,mid,41,0.0037708024459952435,0.012234340245914646,1.5472250784792247,-0.03313699573371076,0.6097560975609756
MLP,10,model,0.0005,3,high,39,0.00021663574966635646,0.01819556974957945,0.05976745149239606,-0.0678876062126541,0.46153846153846156
MLP,10,model,0.0005,3,low,21,-0.0018400916251715472,0.011366904575857109,-0.8126387079263768,-0.06423971401651085,0.3333333333333333
MLP,10,model,0.0005,3,mid,42,0.002940213424930547,0.012247748481623272,1.2050993923377185,-0.0409805849240763,0.5476190476190477
MLP,10,model,0.0005,4,high,39,0.0015931024012305,0.0176644173075502,0.4527356008676162,-0.12067045707611002,0.4358974358974359
MLP,10,model,0.0005,4,low,22,0.0005647920245187231,0.012706552396015229,0.22313160745392616,-0.05458995300591585,0.5
MLP,10,model,0.0005,4,mid,41,0.002422007373845615,0.011540587202896128,1.0535322257218618,-0.032191894898753626,0.5365853658536586
MLP,10,model,0.0005,5,high,40,0.0035896087646171623,0.016761026495855917,1.0750948332409447,-0.05495179666958783,0.525
MLP,10,model,0.0005,5,low,22,-0.0014643263211492638,0.012761021316145949,-0.5760400841069842,-0.06543562641253098,0.3181818181818182
MLP,10,model,0.0005,5,mid,40,0.0040193127403795,0.009484797019920443,2.127276923450408,-0.019869441122851716,0.65
MLP,10,model,0.0005,6,high,41,0.0029177110862554463,0.01611366433893192,0.9089672653589815,-0.07418824669684909,0.5609756097560976
MLP,10,model,0.0005,6,low,22,-0.000885480923628414,0.010924753712843883,-0.40688138837622145,-0.05236160435805148,0.36363636363636365
MLP,10,model,0.0005,6,mid,39,0.0015202888187386976,0.00993069240386785,0.7685052552407927,-0.05322422730522369,0.5128205128205128
MLP,10,model,0.0005,7,high,39,-9.972505424348767e-05,0.01613343351111887,-0.031029712232786395,-0.10039348997247355,0.5897435897435898
MLP,10,model,0.0005,7,low,22,0.0005463346887382773,0.008964494493234994,0.3059378722500404,-0.03657440797958922,0.45454545454545453
MLP,10,model,0.0005,7,mid,41,0.0031486945903123607,0.009737079922167779,1.6233122787546819,-0.021297006907136873,0.6341463414634146
MLP,10,model,0.0005,8,high,38,0.0012720842857183632,0.016113062237800325,0.3963127765047345,-0.0668067912467113,0.5526315789473685
MLP,10,model,0.0005,8,low,22,0.002206541394623768,0.009214591328692158,1.2020880249085217,-0.01867546131174791,0.5
MLP,10,model,0.0005,8,mid,41,0.0010101252505356564,0.011168721450630732,0.45401692001272437,-0.04297220509123845,0.5365853658536586
MLP,10,model,0.0005,9,high,37,0.003526656383013586,0.016903865505881955,1.0473151559193383,-0.05126080547223866,0.5675675675675675
MLP,10,model,0.0005,9,low,22,0.0012013194535877546,0.008773081306122258,0.6873954070480778,-0.03193419443812506,0.5909090909090909
MLP,10,model,0.0005,9,mid,42,-0.0013049624918006094,0.012709006011825928,-0.5154502021636901,-0.09241994534418596,0.4523809523809524
MLP,10,model,0.001,0,high,36,0.0025657762476744383,0.01784968972393776,0.7215864667656164,-0.07341822593059055,0.5555555555555556
MLP,10,model,0.001,0,low,23,0.0022521132366007048,0.010604166227030611,1.0661393342678969,-0.019176942767439642,0.7391304347826086
MLP,10,model,0.001,0,mid,43,-0.00018189693421014904,0.013658429335420141,-0.06685361401317334,-0.09800399594515996,0.4883720930232558
MLP,10,model,0.001,1,high,39,-0.0006892766646526027,0.01772769171928368,-0.19518285008654285,-0.10355004549171853,0.38461538461538464
MLP,10,model,0.001,1,low,22,0.002688748726139991,0.012278512106897019,1.0992709349329703,-0.05013071797636337,0.5909090909090909
MLP,10,model,0.001,1,mid,41,0.0025328265098387803,0.011239530253599713,1.1312472926077473,-0.042525600660398344,0.5121951219512195
MLP,10,model,0.001,2,high,40,0.001981448315712558,0.015070219630810705,0.660029637661274,-0.08212617139583389,0.5
MLP,10,model,0.001,2,low,21,0.003548079751326266,0.010558471755959387,1.6869125954033009,-0.027977237763811114,0.6666666666666666
MLP,10,model,0.001,2,mid,41,0.004458778447732513,0.011475910415483485,1.9504239189718082,-0.02646343971130727,0.5853658536585366
MLP,10,model,0.001,3,high,39,0.0005171079488648365,0.018081711153487764,0.14356281212957545,-0.0678876062126541,0.46153846153846156
MLP,10,model,0.001,3,low,21,8.021515710193319e-05,0.008968302968584868,0.044900009982554175,-0.035199605568346226,0.3333333333333333
MLP,10,model,0.001,3,mid,42,0.002940213424930547,0.012247748481623272,1.2050993923377185,-0.0409805849240763,0.5476190476190477
MLP,10,model,0.001,4,high,39,0.002721597857235321,0.016766336299843705,0.8148657266778598,-0.1206704570761099,0.4358974358974359
MLP,10,model,0.001,4,low,22,0.0001667886326886866,0.012574204285561994,0.0665865029779076,-0.05458995300591607,0.45454545454545453
MLP,10,model,0.001,4,mid,41,0.0022372879022997585,0.011515963129357504,0.9752632939214261,-0.03219189489875374,0.5121951219512195
MLP,10,model,0.001,5,high,40,0.0037006893100301674,0.016720419791893235,1.1110554118355522,-0.05495179666958783,0.525
MLP,10,model,0.001,5,low,22,-0.002613643782702218,0.011539690977402301,-1.1369791171367298,-0.06562252059720686,0.22727272727272727
MLP,10,model,0.001,5,mid,40,0.003994036679717655,0.009263666185685294,2.1643596179627065,-0.019869441122851494,0.625
MLP,10,model,0.001,6,high,41,0.0028053736273742514,0.016116091928375795,0.8738386392736911,-0.07428082324327512,0.5365853658536586
MLP,10,model,0.001,6,low,22,-0.000885480923628414,0.010924753712843883,-0.40688138837622145,-0.05236160435805148,0.36363636363636365
MLP,10,model,0.001,6,mid,39,0.0014531916038606357,0.009581469164110245,0.761361731705603,-0.04234343840569699,0.46153846153846156
MLP,10,model,0.001,7,high,39,-0.00011416527931503898,0.01612983192034289,-0.03553075794938357,-0.10089997763881164,0.5641025641025641
MLP,10,model,0.001,7,low,22,0.0002913673525086728,0.008897010294018804,0.1643982026490084,-0.03682793226610892,0.4090909090909091
MLP,10,model,0.001,7,mid,41,0.0027254979921440053,0.009686814564007776,1.412424202419537,-0.021297006907136873,0.5609756097560976
MLP,10,model,0.001,8,high,38,0.0011529235637586842,0.01610583344357621,0.3593499446615101,-0.0668067912467113,0.5263157894736842
MLP,10,model,0.001,8,low,22,0.002206541394623768,0.009214591328692158,1.2020880249085217,-0.01867546131174791,0.5
MLP,10,model,0.001,8,mid,41,0.0010125642749259005,0.011163250614136876,0.4553362183166195,-0.04287649752644895,0.5365853658536586
MLP,10,model,0.001,9,high,37,0.003988537515951648,0.01655395934366992,1.2095172525131224,-0.05126080547223866,0.5675675675675675
MLP,10,model,0.001,9,low,22,0.0006269650839572318,0.008405280594889528,0.3744479089242047,-0.03193419443812506,0.5454545454545454
MLP,10,model,0.001,9,mid,42,-0.0014793700376895045,0.012639161277936236,-0.5875689443797261,-0.09241994534418574,0.42857142857142855
RandomForest,10,model,0.0,0,high,36,0.007628573264123075,0.016304308707613152,2.3487738452589855,-0.04838738056551872,0.6944444444444444
RandomForest,10,model,0.0,0,low,23,0.0055125847710337395,0.009466396005122153,2.9232831491364903,-0.011425781249999378,0.6956521739130435
RandomForest,10,model,0.0,0,mid,43,-3.547072366002315e-05,0.013666377005319209,-0.013029175144382602,-0.067954442735643,0.5116279069767442
RandomForest,10,model,0.0,1,high,39,0.008882428966314878,0.015661293745806344,2.8471108614385123,-0.022997098971142327,0.5641025641025641
RandomForest,10,model,0.0,1,low,22,0.004597328958778923,0.011715305731999637,1.9699364864879143,-0.019652156824211175,0.7727272727272727
RandomForest,10,model,0.0,1,mid,41,0.002352930818297371,0.011980926331376244,0.9858685913362376,-0.03513276485323469,0.5609756097560976
RandomForest,10,model,0.0,2,high,40,0.007205997413150818,0.013683338246028666,2.6436399708124028,-0.025565024082993548,0.675
RandomForest,10,model,0.0,2,low,21,0.004383109134349171,0.01020703152592868,2.155674073503562,-0.01682739618185447,0.7619047619047619
RandomForest,10,model,0.0,2,mid,41,0.0036477488956123353,0.013487662615680476,1.3576521483764976,-0.030694031508738506,0.6585365853658537
RandomForest,10,model,0.0,3,high,39,0.007964377914949158,0.01628202874491447,2.4555207739932428,-0.03178551686014308,0.7692307692307693
RandomForest,10,model,0.0,3,low,21,0.004851197963174615,0.011689961548315819,2.083225030201993,-0.023372921615202324,0.6666666666666666
RandomForest,10,model,0.0,3,mid,42,0.003073271265548256,0.012228318094471469,1.261637061801254,-0.027816809066260162,0.5952380952380952
RandomForest,10,model,0.0,4,high,39,0.008201140836477334,0.015893549837203962,2.59032127377678,-0.02248750694058843,0.6410256410256411
RandomForest,10,model,0.0,4,low,22,0.00455505478100644,0.012845968654942194,1.7800287497080922,-0.02306940371456545,0.6363636363636364
RandomForest,10,model,0.0,4,mid,41,0.003624667497848398,0.011232077214687816,1.619975190855023,-0.03198628117559221,0.6341463414634146
RandomForest,10,model,0.0,5,high,40,0.00737866321106774,0.01543255127615461,2.400160199369006,-0.03488168273444292,0.675
RandomForest,10,model,0.0,5,low,22,0.005597994943956904,0.011994560092891803,2.3428713827316785,-0.0190110444032473,0.5909090909090909
RandomForest,10,model,0.0,5,mid,40,0.003915764154584078,0.010408730353157796,1.8885089133747666,-0.031464403913710304,0.65
RandomForest,10,model,0.0,6,high,41,0.006204047278099609,0.015093878194383957,2.0633577242904195,-0.03917272806940686,0.5853658536585366
RandomForest,10,model,0.0,6,low,22,0.004618593136056354,0.009858490015972603,2.351795609369564,-0.03150971230678945,0.6818181818181818
RandomForest,10,model,0.0,6,mid,39,0.004456860126470496,0.009977969937149592,2.2422657525484775,-0.018783434719085834,0.6410256410256411
RandomForest,10,model,0.0,7,high,39,0.00689092218530923,0.014493993293208532,2.3866545354784527,-0.031944934698199035,0.6923076923076923
RandomForest,10,model,0.0,7,low,22,0.004684595454180018,0.008219860081904718,2.8609346518857905,-0.009730967372638677,0.7272727272727273
RandomForest,10,model,0.0,7,mid,41,0.0035461794267426855,0.00958249692021615,1.8577286888642404,-0.022951772225449862,0.5853658536585366
RandomForest,10,model,0.0,8,high,38,0.007628242746822404,0.014616385699158768,2.6199003954850997,-0.03693485226059123,0.7368421052631579
RandomForest,10,model,0.0,8,low,22,0.005861550711881352,0.008855155666775113,3.322894836869293,-0.009429514380009829,0.7727272727272727
RandomForest,10,model,0.0,8,mid,41,0.0019560358354015223,0.01148206350359136,0.8551792071713055,-0.03192972904153757,0.5121951219512195
RandomForest,10,model,0.0,9,high,37,0.0068488086102302765,0.015824864779670492,2.1725775758627552,-0.06195393169181884,0.7027027027027027
RandomForest,10,model,0.0,9,low,22,0.0035230937658379275,0.010292653502288515,1.7182925994463567,-0.026710616423497924,0.6818181818181818
RandomForest,10,model,0.0,9,mid,42,0.0005983962049324218,0.012941783740047754,0.2321105937572108,-0.03971363244317727,0.5
RandomForest,10,model,0.0005,0,high,36,0.008871556815067214,0.013702099029624232,3.2502218576490245,-0.014719496389556386,0.6944444444444444
RandomForest,10,model,0.0005,0,low,23,0.004455406355445643,0.008518208218963397,2.6256651425368904,-0.011425781249999378,0.5652173913043478
RandomForest,10,model,0.0005,0,mid,43,0.0006392621419886139,0.012851315926020025,0.2497075398771534,-0.04696538002537398,0.4418604651162791
RandomForest,10,model,0.0005,1,high,39,0.008199020178866027,0.015448264894044614,2.6642962769422565,-0.022997098971142438,0.5384615384615384
RandomForest,10,model,0.0005,1,low,22,0.004634712505585386,0.011046482182418263,2.1061974068482994,-0.019652156824211064,0.6818181818181818
RandomForest,10,model,0.0005,1,mid,41,0.0028143719751129266,0.010951615777836883,1.290041166056955,-0.029481018218509236,0.4878048780487805
RandomForest,10,model,0.0005,2,high,40,0.00721735478820896,0.013288631024825968,2.726453419014015,-0.025565024082993437,0.65
RandomForest,10,model,0.0005,2,low,21,0.0034590176891521806,0.009766641883628338,1.7779018823895456,-0.016827396181854692,0.5714285714285714
RandomForest,10,model,0.0005,2,mid,41,0.0032758891070751293,0.012410541501086671,1.3250697241574096,-0.030694031508738617,0.5365853658536586
RandomForest,10,model,0.0005,3,high,39,0.007412164211574766,0.01634534974803604,2.27641314558333,-0.03178551686014308,0.717948717948718
RandomForest,10,model,0.0005,3,low,21,0.00457992517510279,0.010146622903010568,2.265881183416395,-0.019831140781464307,0.5238095238095238
RandomForest,10,model,0.0005,3,mid,42,0.002548337699240337,0.01169284682209406,1.094049543026018,-0.027816809066260162,0.5
RandomForest,10,model,0.0005,4,high,39,0.007339528266964335,0.016016424963925413,2.300397221633526,-0.02248750694058843,0.5641025641025641
RandomForest,10,model,0.0005,4,low,22,0.0035153565050167136,0.012487898299584093,1.413124064372933,-0.02306940371456545,0.5
RandomForest,10,model,0.0005,4,mid,41,0.0028898378116633486,0.009443952982963697,1.5361015357956658,-0.03198628117559221,0.5121951219512195
RandomForest,10,model,0.0005,5,high,40,0.007089542146490475,0.015426213062082951,2.3070612974910842,-0.03488168273444303,0.65
RandomForest,10,model,0.0005,5,low,22,0.004009387375805886,0.010799317379264917,1.8637256580686616,-0.01587544857367995,0.4090909090909091
RandomForest,10,model,0.0005,5,mid,40,0.003595803599665665,0.008943170609444858,2.018388287436025,-0.022194543931317035,0.55
RandomForest,10,model,0.0005,6,high,41,0.006063381921213781,0.015054407523952798,2.021862077674228,-0.03917272806940697,0.5609756097560976
RandomForest,10,model,0.0005,6,low,22,0.004652243405164681,0.0076870151009911705,3.0381202896085195,-0.009960613843981836,0.5454545454545454
RandomForest,10,model,0.0005,6,mid,39,0.0033003684169851232,0.008828066198368801,1.8767097563250348,-0.014905698641249132,0.48717948717948717
RandomForest,10,model,0.0005,7,high,39,0.00695842852010531,0.014255485448783094,2.450357377663524,-0.03194493469819926,0.6666666666666666
RandomForest,10,model,0.0005,7,low,22,0.0036502005409716864,0.0075332189668689525,2.4324078948684,-0.008482012284293461,0.45454545454545453
RandomForest,10,model,0.0005,7,mid,41,0.0027918776193581927,0.008315109073220335,1.6854997685706639,-0.018669491161554586,0.4878048780487805
RandomForest,10,model,0.0005,8,high,38,0.0076308743257697716,0.014615659798660204,2.6209343692285394,-0.03693485226059123,0.7368421052631579
RandomForest,10,model,0.0005,8,low,22,0.004859571606399877,0.007907268906598146,3.0851177749339618,-0.008694802657288059,0.5909090909090909
RandomForest,10,model,0.0005,8,mid,41,0.0014503732717961564,0.010391910350752123,0.7006234459927536,-0.029938920596775498,0.43902439024390244
RandomForest,10,model,0.0005,9,high,37,0.007461239714647159,0.015008187259386968,2.495646240179752,-0.06195393169181895,0.6756756756756757
RandomForest,10,model,0.0005,9,low,22,0.003929556844607955,0.008837443533845572,2.232118228276512,-0.012708964708182724,0.5454545454545454
RandomForest,10,model,0.0005,9,mid,42,0.0009732824203443095,0.011207192301685362,0.43595566509979244,-0.039006485769483956,0.4523809523809524
RandomForest,10,model,0.001,0,high,36,0.008195307299944896,0.013546415758990942,3.036974272021405,-0.014719496389556386,0.6388888888888888
RandomForest,10,model,0.001,0,low,23,0.003229478832170135,0.005936403376835558,2.7309220825101757,-0.003966215452992028,0.34782608695652173
RandomForest,10,model,0.001,0,mid,43,0.0009939505082324045,0.011414667931365507,0.4371210780330424,-0.03846031476915324,0.37209302325581395
RandomForest,10,model,0.001,1,high,39,0.008558868435519546,0.015066865418397806,2.851633525691208,-0.015730545017118125,0.5384615384615384
RandomForest,10,model,0.001,1,low,22,0.0021572394298143543,0.010153512662722571,1.0665526651964823,-0.019750186706952833,0.2727272727272727
RandomForest,10,model,0.001,1,mid,41,0.0016747938143589901,0.00988289122890326,0.850702292298444,-0.03258649478432252,0.4146341463414634
RandomForest,10,model,0.001,2,high,40,0.00721735478820896,0.013286415800097012,2.726907996616208,-0.025565024082993437,0.65
RandomForest,10,model,0.001,2,low,21,0.0021708765299009334,0.008415538813993591,1.2949513906980834,-0.016827396181854692,0.38095238095238093
RandomForest,10,model,0.001,2,mid,41,0.002811516950223556,0.010623097419644774,1.3285864300698667,-0.021989106314303175,0.4634146341463415
RandomForest,10,model,0.001,3,high,39,0.007852996560837683,0.015883522428989456,2.481926162286589,-0.03178551686014308,0.6923076923076923
RandomForest,10,model,0.001,3,low,21,0.0029496232420926334,0.00974537484996611,1.5193865180075636,-0.01983114078146453,0.2857142857142857
RandomForest,10,model,0.001,3,mid,42,0.0024600785452664367,0.009408945136213157,1.3125271863070396,-0.01994287814562501,0.40476190476190477
RandomForest,10,model,0.001,4,high,39,0.007399857261125609,0.015977692508823527,2.3249282469378025,-0.02040816326530559,0.5641025641025641
RandomForest,10,model,0.001,4,low,22,0.0031782914355093315,0.008824604394922773,1.8080013184247907,-0.007439939277566698,0.18181818181818182
RandomForest,10,model,0.001,4,mid,41,0.0029961682302117485,0.009310550179082376,1.6154410702525703,-0.024529656909298758,0.4878048780487805
RandomForest,10,model,0.001,5,high,40,0.00682166392317895,0.015493333092083944,2.210272051230688,-0.03488168273444292,0.6
RandomForest,10,model,0.001,5,low,22,0.005431316860919518,0.009138324753244756,2.9835878008330097,-0.0023081275124082756,0.36363636363636365
RandomForest,10,model,0.001,5,mid,40,0.0036006521186572383,0.008429794355584996,2.1441958629559115,-0.019533217083369747,0.475
RandomForest,10,model,0.001,6,high,41,0.006562879520486033,0.014719419332437556,2.2382264529889517,-0.03917272806940697,0.5609756097560976
RandomForest,10,model,0.001,6,low,22,0.004611894439874086,0.007188384422875439,3.220685620672964,-0.003719631061705697,0.5
RandomForest,10,model,0.001,6,mid,39,0.0023313683505283237,0.008239428357936372,1.42041118966821,-0.019123472855009038,0.358974358974359
RandomForest,10,model,0.001,7,high,39,0.007127421862726777,0.014129961868766475,2.53216350624552,-0.031944934698199146,0.6666666666666666
RandomForest,10,model,0.001,7,low,22,0.0028707665209392456,0.007128763122390863,2.0215475411476076,-0.00858115912564017,0.3181818181818182
RandomForest,10,model,0.001,7,mid,41,0.0023099627082774363,0.007802649108043435,1.4861517677178362,-0.018669491161554475,0.36585365853658536
RandomForest,10,model,0.001,8,high,38,0.007123302486250132,0.013852998573353032,2.581296352092421,-0.03693485226059123,0.6578947368421053
RandomForest,10,model,0.001,8,low,22,0.0032432995639831773,0.007753227487463374,2.0999299481263463,-0.008793928220661718,0.36363636363636365
RandomForest,10,model,0.001,8,mid,41,0.0015499654784271154,0.00889914265946757,0.8743274771046212,-0.025669013687619202,0.34146341463414637
RandomForest,10,model,0.001,9,high,37,0.006644993620614366,0.014545229132717944,2.293370762968422,-0.06195393169181895,0.5945945945945946
RandomForest,10,model,0.001,9,low,22,0.004000100838688305,0.007208191335589043,2.785767733976872,-0.00019998000133325533,0.36363636363636365
RandomForest,10,model,0.001,9,mid,42,0.0010480847216358022,0.009458040240449416,0.5562826349142933,-0.039006485769483956,0.38095238095238093
RandomWalk,10,model,0.0,0,high,36,0.0,0.0,,0.0,0.0
RandomWalk,10,model,0.0,0,low,23,0.0,0.0,,0.0,0.0
RandomWalk,10,model,0.0,0,mid,43,0.0,0.0,,0.0,0.0
RandomWalk,10,model,0.0,1,high,39,0.0,0.0,,0.0,0.0
RandomWalk,10,model,0.0,1,low,22,0.0,0.0,,0.0,0.0
RandomWalk,10,model,0.0,1,mid,41,0.0,0.0,,0.0,0.0
RandomWalk,10,model,0.0,2,high,40,0.0,0.0,,0.0,0.0
RandomWalk,10,model,0.0,2,low,21,0.0,0.0,,0.0,0.0
RandomWalk,10,model,0.0,2,mid,41,0.0,0.0,,0.0,0.0
RandomWalk,10,model,0.0,3,high,39,0.0,0.0,,0.0,0.0
RandomWalk,10,model,0.0,3,low,21,0.0,0.0,,0.0,0.0
RandomWalk,10,model,0.0,3,mid,42,0.0,0.0,,0.0,0.0
RandomWalk,10,model,0.0,4,high,39,0.0,0.0,,0.0,0.0
RandomWalk,10,model,0.0,4,low,22,0.0,0.0,,0.0,0.0
RandomWalk,10,model,0.0,4,mid,41,0.0,0.0,,0.0,0.0
RandomWalk,10,model,0.0,5,high,40,0.0,0.0,,0.0,0.0
RandomWalk,10,model,0.0,5,low,22,0.0,0.0,,0.0,0.0
RandomWalk,10,model,0.0,5,mid,40,0.0,0.0,,0.0,0.0
RandomWalk,10,model,0.0,6,high,41,0.0,0.0,,0.0,0.0
RandomWalk,10,model,0.0,6,low,22,0.0,0.0,,0.0,0.0
RandomWalk,10,model,0.0,6,mid,39,0.0,0.0,,0.0,0.0
RandomWalk,10,model,0.0,7,high,39,0.0,0.0,,0.0,0.0
RandomWalk,10,model,0.0,7,low,22,0.0,0.0,,0.0,0.0
RandomWalk,10,model,0.0,7,mid,41,0.0,0.0,,0.0,0.0
RandomWalk,10,model,0.0,8,high,38,0.0,0.0,,0.0,0.0
RandomWalk,10,model,0.0,8,low,22,0.0,0.0,,0.0,0.0
RandomWalk,10,model,0.0,8,mid,41,0.0,0.0,,0.0,0.0
RandomWalk,10,model,0.0,9,high,37,0.0,0.0,,0.0,0.0
RandomWalk,10,model,0.0,9,low,22,0.0,0.0,,0.0,0.0
RandomWalk,10,model,0.0,9,mid,42,0.0,0.0,,0.0,0.0
RandomWalk,10,model,0.0005,0,high,36,0.0,0.0,,0.0,0.0
RandomWalk,10,model,0.0005,0,low,23,0.0,0.0,,0.0,0.0
RandomWalk,10,model,0.0005,0,mid,43,0.0,0.0,,0.0,0.0
RandomWalk,10,model,0.0005,1,high,39,0.0,0.0,,0.0,0.0
RandomWalk,10,model,0.0005,1,low,22,0.0,0.0,,0.0,0.0
RandomWalk,10,model,0.0005,1,mid,41,0.0,0.0,,0.0,0.0
RandomWalk,10,model,0.0005,2,high,40,0.0,0.0,,0.0,0.0
RandomWalk,10,model,0.0005,2,low,21,0.0,0.0,,0.0,0.0
RandomWalk,10,model,0.0005,2,mid,41,0.0,0.0,,0.0,0.0
RandomWalk,10,model,0.0005,3,high,39,0.0,0.0,,0.0,0.0
RandomWalk,10,model,0.0005,3,low,21,0.0,0.0,,0.0,0.0
RandomWalk,10,model,0.0005,3,mid,42,0.0,0.0,,0.0,0.0
RandomWalk,10,model,0.0005,4,high,39,0.0,0.0,,0.0,0.0
RandomWalk,10,model,0.0005,4,low,22,0.0,0.0,,0.0,0.0
RandomWalk,10,model,0.0005,4,mid,41,0.0,0.0,,0.0,0.0
RandomWalk,10,model,0.0005,5,high,40,0.0,0.0,,0.0,0.0
RandomWalk,10,model,0.0005,5,low,22,0.0,0.0,,0.0,0.0
RandomWalk,10,model,0.0005,5,mid,40,0.0,0.0,,0.0,0.0
RandomWalk,10,model,0.0005,6,high,41,0.0,0.0,,0.0,0.0
RandomWalk,10,model,0.0005,6,low,22,0.0,0.0,,0.0,0.0
RandomWalk,10,model,0.0005,6,mid,39,0.0,0.0,,0.0,0.0
RandomWalk,10,model,0.0005,7,high,39,0.0,0.0,,0.0,0.0
RandomWalk,10,model,0.0005,7,low,22,0.0,0.0,,0.0,0.0
RandomWalk,10,model,0.0005,7,mid,41,0.0,0.0,,0.0,0.0
RandomWalk,10,model,0.0005,8,high,38,0.0,0.0,,0.0,0.0
RandomWalk,10,model,0.0005,8,low,22,0.0,0.0,,0.0,0.0
RandomWalk,10,model,0.0005,8,mid,41,0.0,0.0,,0.0,0.0
RandomWalk,10,model,0.0005,9,high,37,0.0,0.0,,0.0,0.0
RandomWalk,10,model,0.0005,9,low,22,0.0,0.0,,0.0,0.0
RandomWalk,10,model,0.0005,9,mid,42,0.0,0.0,,0.0,0.0
RandomWalk,10,model,0.001,0,high,36,0.0,0.0,,0.0,0.0
RandomWalk,10,model,0.001,0,low,23,0.0,0.0,,0.0,0.0
RandomWalk,10,model,0.001,0,mid,43,0.0,0.0,,0.0,0.0
RandomWalk,10,model,0.001,1,high,39,0.0,0.0,,0.0,0.0
RandomWalk,10,model,0.001,1,low,22,0.0,0.0,,0.0,0.0
RandomWalk,10,model,0.001,1,mid,41,0.0,0.0,,0.0,0.0
RandomWalk,10,model,0.001,2,high,40,0.0,0.0,,0.0,0.0
RandomWalk,10,model,0.001,2,low,21,0.0,0.0,,0.0,0.0
RandomWalk,10,model,0.001,2,mid,41,0.0,0.0,,0.0,0.0
RandomWalk,10,model,0.001,3,high,39,0.0,0.0,,0.0,0.0
RandomWalk,10,model,0.001,3,low,21,0.0,0.0,,0.0,0.0
RandomWalk,10,model,0.001,3,mid,42,0.0,0.0,,0.0,0.0
RandomWalk,10,model,0.001,4,high,39,0.0,0.0,,0.0,0.0
RandomWalk,10,model,0.001,4,low,22,0.0,0.0,,0.0,0.0
RandomWalk,10,model,0.001,4,mid,41,0.0,0.0,,0.0,0.0
RandomWalk,10,model,0.001,5,high,40,0.0,0.0,,0.0,0.0
RandomWalk,10,model,0.001,5,low,22,0.0,0.0,,0.0,0.0
RandomWalk,10,model,0.001,5,mid,40,0.0,0.0,,0.0,0.0
RandomWalk,10,model,0.001,6,high,41,0.0,0.0,,0.0,0.0
RandomWalk,10,model,0.001,6,low,22,0.0,0.0,,0.0,0.0
RandomWalk,10,model,0.001,6,mid,39,0.0,0.0,,0.0,0.0
RandomWalk,10,model,0.001,7,high,39,0.0,0.0,,0.0,0.0
RandomWalk,10,model,0.001,7,low,22,0.0,0.0,,0.0,0.0
RandomWalk,10,model,0.001,7,mid,41,0.0,0.0,,0.0,0.0
RandomWalk,10,model,0.001,8,high,38,0.0,0.0,,0.0,0.0
RandomWalk,10,model,0.001,8,low,22,0.0,0.0,,0.0,0.0
RandomWalk,10,model,0.001,8,mid,41,0.0,0.0,,0.0,0.0
RandomWalk,10,model,0.001,9,high,37,0.0,0.0,,0.0,0.0
RandomWalk,10,model,0.001,9,low,22,0.0,0.0,,0.0,0.0
RandomWalk,10,model,0.001,9,mid,42,0.0,0.0,,0.0,0.0
Ridge,10,model,0.0,0,high,36,0.004467523885817994,0.017473207449932762,1.283496002743726,-0.048018564798286256,0.5833333333333334
Ridge,10,model,0.0,0,low,23,0.0009847841198586567,0.0110014648531195,0.4493562551086925,-0.051374644192277774,0.6086956521739131
Ridge,10,model,0.0,0,mid,43,-0.001542115203389516,0.013598759054025893,-0.569269361355956,-0.09012665024088495,0.4418604651162791
Ridge,10,model,0.0,1,high,39,0.005941645474481866,0.017042575281821907,1.7501359430009702,-0.05110140016052822,0.5641025641025641
Ridge,10,model,0.0,1,low,22,0.0012522135887711816,0.01258847036859054,0.49935076640686216,-0.04994072512130643,0.5
Ridge,10,model,0.0,1,mid,41,-0.0019409068785579096,0.012099927680400599,-0.8052341683718234,-0.10223816376048134,0.43902439024390244
Ridge,10,model,0.0,2,high,40,0.005053917032817315,0.014661927311167075,1.7303633836286043,-0.06222340237210111,0.65
Ridge,10,model,0.0,2,low,21,0.000734293092378362,0.01114663127677773,0.33069381927056957,-0.049004672562231955,0.42857142857142855
Ridge,10,model,0.0,2,mid,41,-0.0028038938770934977,0.013730633333173549,-1.025111894849021,-0.1151956452709545,0.36585365853658536
Ridge,10,model,0.0,3,high,39,0.006847993930000258,0.016803366460557075,2.0458196147640018,-0.0378700499807767,0.7948717948717948
Ridge,10,model,0.0,3,low,21,0.0013899727027584716,0.012646129733858435,0.5517583432303077,-0.054283026109660626,0.5238095238095238
Ridge,10,model,0.0,3,mid,42,-0.001042880146557275,0.012587855653277968,-0.4158942500408744,-0.07036178046524366,0.4523809523809524
Ridge,10,model,0.0,4,high,39,0.0022103716362895823,0.0178254711831022,0.6224787797883167,-0.0850146765113724,0.5641025641025641
Ridge,10,model,0.0,4,low,22,0.0013188512483101546,0.013631653220805564,0.48567702062206597,-0.058440082226223766,0.5454545454545454
Ridge,10,model,0.0,4,mid,41,-0.0032806331855268996,0.011404500780454808,-1.444048117961746,-0.1399779592419118,0.3902439024390244
Ridge,10,model,0.0,5,high,40,0.0030559307079701193,0.01688502888037798,0.9085356330735544,-0.0772129710780014,0.6
Ridge,10,model,0.0,5,low,22,0.0007462804346226539,0.013304784493379313,0.281575252215752,-0.06841698453119416,0.5454545454545454
Ridge,10,model,0.0,5,mid,40,-0.0008368672547734351,0.011159801899500292,-0.3764439830866137,-0.10982620200337234,0.45
Ridge,10,model,0.0,6,high,41,0.003582168446557942,0.01595489833200063,1.1270734862166507,-0.07475243186399094,0.6341463414634146
Ridge,10,model,0.0,6,low,22,0.0012179241316565502,0.01089744867808816,0.5610423869343869,-0.05811989132505235,0.5454545454545454
Ridge,10,model,0.0,6,mid,39,-0.002455942214764715,0.010707005143076317,-1.1514641028634967,-0.11782353504928511,0.358974358974359
Ridge,10,model,0.0,7,high,39,0.0033536457577082,0.015743394672670854,1.0693480308287364,-0.07253794564066329,0.6666666666666666
Ridge,10,model,0.0,7,low,22,0.0009814982436055092,0.0095166314757708,0.5177338317421537,-0.0455464940820306,0.6363636363636364
Ridge,10,model,0.0,7,mid,41,-0.0023791850318022174,0.009983140049567445,-1.1963584615383815,-0.10961714637984266,0.36585365853658536
Ridge,10,model,0.0,8,high,38,0.0018586604614748527,0.01645061139018788,0.5671765775014009,-0.10690526463192196,0.6578947368421053
Ridge,10,model,0.0,8,low,22,0.0012428754929263547,0.010673930508370986,0.5845255833780107,-0.0478060789272865,0.6363636363636364
Ridge,10,model,0.0,8,mid,41,-0.0013811489894540773,0.011597989425798712,-0.5978030024378547,-0.08758686872471455,0.4878048780487805
Ridge,10,model,0.0,9,high,37,0.002478816635504619,0.01711169605673772,0.7271962236207888,-0.10212487504348389,0.6216216216216216
Ridge,10,model,0.0,9,low,22,0.0014084001172246683,0.010841808201808644,0.6521156199301951,-0.04832583306798921,0.6818181818181818
Ridge,10,model,0.0,9,mid,42,-0.0012940640375146526,0.012918505636060834,-0.5028561425595078,-0.08171888613978673,0.38095238095238093
Ridge,10,model,0.0005,0,high,36,0.004058190004538149,0.017400387020508817,1.1707758061502898,-0.048018564798286256,0.5555555555555556
Ridge,10,model,0.0005,0,low,23,0.0014329729365675696,0.010739065088305468,0.6698410887388034,-0.051374644192277774,0.6086956521739131
Ridge,10,model,0.0005,0,mid,43,-0.0010607654753435347,0.01276268877072781,-0.41723186392333006,-0.07947559514991209,0.37209302325581395
Ridge,10,model,0.0005,1,high,39,0.006514799941727801,0.016427278839057324,1.9908370992585993,-0.05110140016052822,0.5641025641025641
Ridge,10,model,0.0005,1,low,22,0.0008913250460005181,0.012233190244895905,0.3657603724172076,-0.04994072512130643,0.45454545454545453
Ridge,10,model,0.0005,1,mid,41,-0.0029205816810615537,0.011060298396176877,-1.325570355832279,-0.12577161544234505,0.36585365853658536
Ridge,10,model,0.0005,2,high,40,0.004753143603759215,0.014633151181675182,1.630584637964303,-0.06222340237210111,0.625
Ridge,10,model,0.0005,2,low,21,0.0001231065759378809,0.010808792644540875,0.05717475826093897,-0.049004672562231955,0.38095238095238093
Ridge,10,model,0.0005,2,mid,41,-0.002522871253883893,0.01354300432373832,-0.9351479833097657,-0.1049420363633553,0.34146341463414637
Ridge,10,model,0.0005,3,high,39,0.006720911478040929,0.016843672741937207,2.003049356884208,-0.03787004998077659,0.7435897435897436
Ridge,10,model,0.0005,3,low,21,0.0013899727027584716,0.012646129733858435,0.5517583432303077,-0.054283026109660626,0.5238095238095238
Ridge,10,model,0.0005,3,mid,42,-0.0008603850152036416,0.012257571311656931,-0.35236168634738785,-0.05658904549514099,0.40476190476190477
Ridge,10,model,0.0005,4,high,39,0.0022521497027438073,0.017818258047756858,0.6345009568295786,-0.08361427808246358,0.5641025641025641
Ridge,10,model,0.0005,4,low,22,0.0011032283329789046,0.013619903420319978,0.40662272757360973,-0.058440082226223766,0.5
Ridge,10,model,0.0005,4,mid,41,-0.0027497846810098318,0.010890734100821886,-1.2674820096854955,-0.12105457655160345,0.36585365853658536
Ridge,10,model,0.0005,5,high,40,0.0040414255897131945,0.015418155864744121,1.31583800453987,-0.0772129710780014,0.6
Ridge,10,model,0.0005,5,low,22,0.0005531539334199131,0.01328245437810171,0.20905855413689364,-0.06841698453119416,0.5
Ridge,10,model,0.0005,5,mid,40,-0.0009548528620565249,0.010725008172299296,-0.4469295732385887,-0.10982620200337234,0.375
Ridge,10,model,0.0005,6,high,41,0.004061416873343037,0.015673492928833986,1.3008045485888717,-0.07475243186399094,0.6341463414634146
Ridge,10,model,0.0005,6,low,22,0.0013231125973543227,0.0108647943419411,0.6113297974928416,-0.05811989132505235,0.5454545454545454
Ridge,10,model,0.0005,6,mid,39,-0.0026805032555396358,0.010605533679719698,-1.2687734493887766,-0.11791174828504469,0.3076923076923077
Ridge,10,model,0.0005,7,high,39,0.004054974813851908,0.013887298869410173,1.4657862701401367,-0.04950648893416654,0.6410256410256411
Ridge,10,model,0.0005,7,low,22,0.0012000044458613684,0.009129852709257402,0.6598107002300436,-0.04376317107140015,0.5909090909090909
Ridge,10,model,0.0005,7,mid,41,-0.0024664489671164585,0.009812112412079885,-1.261856268013452,-0.10961714637984266,0.34146341463414637
Ridge,10,model,0.0005,8,high,38,0.0018586604614748527,0.01645061139018788,0.5671765775014009,-0.10690526463192196,0.6578947368421053
Ridge,10,model,0.0005,8,low,22,0.001584893510892473,0.010474025519491285,0.7596031025947229,-0.0478060789272865,0.5909090909090909
Ridge,10,model,0.0005,8,mid,41,-0.0013661247573240995,0.011291256586216837,-0.6073630336805219,-0.08758686872471455,0.4634146341463415
Ridge,10,model,0.0005,9,high,37,0.002478816635504619,0.01711169605673772,0.7271962236207888,-0.10212487504348389,0.6216216216216216
Ridge,10,model,0.0005,9,low,22,0.0013514373451795866,0.010846504058750508,0.6254698835418203,-0.04832583306798921,0.6363636363636364
Ridge,10,model,0.0005,9,mid,42,-0.001627603026208829,0.012075228207378181,-0.6766333692622554,-0.07126984519708668,0.3333333333333333
Ridge,10,model,0.001,0,high,36,0.004714937195835952,0.0167553266492935,1.4126132764618864,-0.048018564798286256,0.5555555555555556
Ridge,10,model,0.001,0,low,23,0.0011567565410480394,0.01068625676572284,0.5433962403548442,-0.051374644192277774,0.5652173913043478
Ridge,10,model,0.001,0,mid,43,-0.0020603681916369,0.011733891232083588,-0.8814608922766333,-0.1068297044066665,0.32558139534883723
Ridge,10,model,0.001,1,high,39,0.0065122358391636985,0.016425519669565892,1.9902666775601103,-0.05110140016052822,0.5641025641025641
Ridge,10,model,0.001,1,low,22,0.0003573642433526364,0.011990756552517575,0.14961143244775674,-0.04994072512130643,0.4090909090909091
Ridge,10,model,0.001,1,mid,41,-0.0034640390484424223,0.010501574816616698,-1.655879076878472,-0.14297807167109677,0.3170731707317073
Ridge,10,model,0.001,2,high,40,0.00425855573481331,0.014415694372599864,1.482951814318951,-0.0630429808698797,0.6
Ridge,10,model,0.001,2,low,21,0.00048155559322705254,0.010688231287006914,0.2261730521663164,-0.049004672562231955,0.38095238095238093
Ridge,10,model,0.001,2,mid,41,-0.0028094936446674585,0.012698300511068437,-1.1106640728399393,-0.12325270614630868,0.3170731707317073
Ridge,10,model,0.001,3,high,39,0.006594033132165255,0.01687598289534682,1.9614729297379665,-0.03787004998077659,0.717948717948718
Ridge,10,model,0.001,3,low,21,0.001660987613449443,0.01254532255178042,0.6646374862051639,-0.054283026109660626,0.5238095238095238
Ridge,10,model,0.001,3,mid,42,-0.0005383620540492989,0.011991317470253967,-0.22537607475233634,-0.05210699886504644,0.35714285714285715
Ridge,10,model,0.001,4,high,39,0.002705107369876361,0.016644223330955926,0.8158705247539937,-0.07044424827931206,0.48717948717948717
Ridge,10,model,0.001,4,low,22,0.0011414560564997045,0.01360893328515398,0.42105165827817564,-0.058440082226223766,0.5
Ridge,10,model,0.001,4,mid,41,-0.0008308889602142412,0.009763795246559657,-0.42719346029588207,-0.08940445597910318,0.34146341463414637
Ridge,10,model,0.001,5,high,40,0.0041475061351262,0.01537131459805721,1.3544915384804537,-0.0772129710780014,0.6
Ridge,10,model,0.001,5,low,22,-0.00014043884648042736,0.012784591255317702,-0.05514430614613001,-0.06841698453119416,0.4090909090909091
Ridge,10,model,0.001,5,mid,40,-0.0013923274014450723,0.009737449757577595,-0.7177883591526435,-0.10991521493245138,0.325
Ridge,10,model,0.001,6,high,41,0.005117792947269376,0.013711653534456825,1.8736702056968608,-0.07475243186399094,0.6341463414634146
Ridge,10,model,0.001,6,low,22,0.0011491777749982545,0.010851964125181385,0.531592860037955,-0.05821407462667616,0.5
Ridge,10,model,0.001,6,mid,39,-0.003344744589346129,0.009050583200670566,-1.855182611877233,-0.13359168423558587,0.23076923076923078
Ridge,10,model,0.001,7,high,39,0.00405753891641601,0.013886520730913255,1.4667953261673792,-0.04950648893416654,0.6410256410256411
Ridge,10,model,0.001,7,low,22,0.002194298222522068,0.007458370424181617,1.4769029999850942,-0.02777887796246581,0.5454545454545454
Ridge,10,model,0.001,7,mid,41,-0.0024497113819342852,0.009716298518640447,-1.2656520912019609,-0.10961714637984266,0.2926829268292683
Ridge,10,model,0.001,8,high,38,0.0018586604614748527,0.01645061139018788,0.5671765775014009,-0.10690526463192196,0.6578947368421053
Ridge,10,model,0.001,8,low,22,0.0015630477155690091,0.010474351966708229,0.7491095663035904,-0.0478060789272865,0.5454545454545454
Ridge,10,model,0.001,8,mid,41,-0.0012228172915444825,0.011089319096737544,-0.5535501352238599,-0.08758686872471455,0.3902439024390244
Ridge,10,model,0.001,9,high,37,0.0028391650528380515,0.016898420401107807,0.843421758504616,-0.08998244457061155,0.6216216216216216
Ridge,10,model,0.001,9,low,22,0.0009570146652082318,0.010451671381580813,0.4596561942797212,-0.04832583306798921,0.5454545454545454
Ridge,10,model,0.001,9,mid,42,-0.0027700986182065956,0.010375510941781541,-1.3402505937771876,-0.11871144368081099,0.21428571428571427
Transformer,10,model,0.0,0,high,36,-0.0026713794235621335,0.017857530981375578,-0.7509559014841742,-0.16917418248225768,0.4444444444444444
Transformer,10,model,0.0,0,low,23,0.0016526419819002868,0.010941803122037652,0.7582111297413983,-0.023129251700680253,0.7391304347826086
Transformer,10,model,0.0,0,mid,43,-0.0020265072080769067,0.013545420562536955,-0.7510276554293562,-0.12139786606623437,0.4186046511627907
Transformer,10,model,0.0,1,high,39,-0.0005221310591562923,0.018074792426912772,-0.1450128473367757,-0.08965405597173515,0.4358974358974359
Transformer,10,model,0.0,1,low,22,0.00115842367298315,0.012599934655584559,0.46152943208140074,-0.034546158312366515,0.6818181818181818
Transformer,10,model,0.0,1,mid,41,-0.002962968030493751,0.01189860025076676,-1.2500614486243136,-0.13583495390071665,0.36585365853658536
Transformer,10,model,0.0,2,high,40,-0.00026677033791847743,0.015539060169836763,-0.08618130397665702,-0.08688640263846947,0.575
Transformer,10,model,0.0,2,low,21,-7.859384962713355e-05,0.011204404900562376,-0.03521275760633333,-0.029151685939170613,0.6190476190476191
Transformer,10,model,0.0,2,mid,41,-0.003300894482559464,0.013630698414438484,-1.215664692179966,-0.13641924852395737,0.34146341463414637
Transformer,10,model,0.0,3,high,39,-0.0017568320502967642,0.018124425777633044,-0.4865934516825821,-0.13395623790048794,0.48717948717948717
Transformer,10,model,0.0,3,low,21,0.0002560819219811953,0.012737322145067937,0.10092553451950452,-0.03559977015322369,0.5714285714285714
Transformer,10,model,0.0,3,mid,42,-0.0031563826456852268,0.012238210812582454,-1.2947084644312201,-0.14279809190600856,0.42857142857142855
Transformer,10,model,0.0,4,high,39,-0.0021386410806681954,0.017843721334802054,-0.6016622215934978,-0.14706246249277122,0.38461538461538464
Transformer,10,model,0.0,4,low,22,0.0012021776076095688,0.0136560876588227,0.44191893353795525,-0.03919215294547962,0.5909090909090909
Transformer,10,model,0.0,4,mid,41,-0.0029096255405011064,0.011489581423732763,-1.2712564324883802,-0.1310964241291941,0.36585365853658536
Transformer,10,model,0.0,5,high,40,-0.001829194266842818,0.017076297618808883,-0.5377326249503871,-0.14133437116087655,0.425
Transformer,10,model,0.0,5,low,22,0.0010604682949775632,0.013267149850745166,0.40125487770742574,-0.029892618748186273,0.5909090909090909
Transformer,10,model,0.0,5,mid,40,-0.0026937607945471355,0.01086899771126258,-1.24414156910175,-0.10773543864744783,0.375
Transformer,10,model,0.0,6,high,41,-0.0018061873559288536,0.016275703312489415,-0.5570873585452976,-0.15557967005559192,0.43902439024390244
Transformer,10,model,0.0,6,low,22,-8.744851856200449e-05,0.010973680037893258,-0.04000372506277221,-0.03943264409663705,0.5909090909090909
Transformer,10,model,0.0,6,mid,39,-0.0026722725942168327,0.01066414038100171,-1.257926234860981,-0.11019337619471847,0.358974358974359
Transformer,10,model,0.0,7,high,39,-0.0008863895883225725,0.01608989170258463,-0.27654881096546935,-0.13661206497110245,0.5384615384615384
Transformer,10,model,0.0,7,low,22,0.00011774034901164102,0.009556400648990871,0.06184879463291221,-0.026993728035680675,0.5909090909090909
Transformer,10,model,0.0,7,mid,41,-0.0021479575501170663,0.010041104924666464,-1.0738520716740985,-0.11959278284765928,0.4146341463414634
Transformer,10,model,0.0,8,high,38,-0.0014095120272851582,0.01650618474146229,-0.42866927347040923,-0.15471034787234417,0.5526315789473685
Transformer,10,model,0.0,8,low,22,-5.932429878516411e-05,0.01073829433119377,-0.027733046533206556,-0.03804974242549508,0.5
Transformer,10,model,0.0,8,mid,41,-0.001251087941761956,0.0116119651134736,-0.5408569145646873,-0.11423526086078173,0.43902439024390244
Transformer,10,model,0.0,9,high,37,-0.00196424357862266,0.017200764519031582,-0.5732550141448063,-0.14721404795400728,0.5405405405405406
Transformer,10,model,0.0,9,low,22,0.0021595288210269955,0.01070206411373205,1.0129586712435483,-0.02763335259002475,0.5909090909090909
Transformer,10,model,0.0,9,mid,42,-0.001767646440575924,0.012870770753505383,-0.6894314938236297,-0.14400454237294935,0.42857142857142855
Transformer,10,model,0.0005,0,high,36,-0.0029459066699124136,0.01715513010215028,-0.8620356725736149,-0.17734477672466697,0.4166666666666667
Transformer,10,model,0.0005,0,low,23,0.0026657259021008305,0.009498420258166617,1.4088487832910945,-0.01684694170575296,0.7391304347826086
Transformer,10,model,0.0005,0,mid,43,-0.002338496022171777,0.013336524976521196,-0.8802260622183866,-0.1331060583556244,0.3953488372093023
Transformer,10,model,0.0005,1,high,39,-0.0006402246502481616,0.018059887318297163,-0.1779580448395295,-0.09383715048766039,0.41025641025641024
Transformer,10,model,0.0005,1,low,22,0.0027473775790568954,0.009654574920497093,1.428517164424997,-0.020966183574878894,0.6818181818181818
Transformer,10,model,0.0005,1,mid,41,-0.002962968030493751,0.01189860025076676,-1.2500614486243136,-0.13583495390071665,0.36585365853658536
Transformer,10,model,0.0005,2,high,40,-0.0001725112208250855,0.014292756404258769,-0.0605900941052638,-0.09444500323764138,0.525
Transformer,10,model,0.0005,2,low,21,0.0010191780496251286,0.008861008919610234,0.5773872084623622,-0.024310918372178136,0.5714285714285714
Transformer,10,model,0.0005,2,mid,41,-0.0030979459752114155,0.013614496173488993,-1.1422799031823216,-0.12920351007445263,0.34146341463414637
Transformer,10,model,0.0005,3,high,39,-0.0017861154308281514,0.017965576618740983,-0.4990782368290034,-0.13494474020526237,0.46153846153846156
Transformer,10,model,0.0005,3,low,21,0.0017166370965885044,0.010569357634335962,0.8153238948686691,-0.0355997701532238,0.5714285714285714
Transformer,10,model,0.0005,3,mid,42,-0.0035000254467686008,0.011933994502066786,-1.4722638171097941,-0.1550812305459487,0.40476190476190477
Transformer,10,model,0.0005,4,high,39,-0.0024298639364871413,0.017709486340753148,-0.688773232534897,-0.15669505823488916,0.358974358974359
Transformer,10,model,0.0005,4,low,22,0.0025815983548816185,0.011677518702905282,1.1097837835489186,-0.03919215294547973,0.5909090909090909
Transformer,10,model,0.0005,4,mid,41,-0.0031981817634104243,0.011253432898698134,-1.4266531092100692,-0.14131568279406836,0.34146341463414637
Transformer,10,model,0.0005,5,high,40,-0.0017190715730804728,0.017064330511186786,-0.5057139980984068,-0.1375436855964971,0.425
Transformer,10,model,0.0005,5,low,22,0.001055922840432109,0.013260477587601856,0.3997360242227756,-0.02989261874818605,0.5909090909090909
Transformer,10,model,0.0005,5,mid,40,-0.002640777581085053,0.010876532675853211,-1.2188257638206705,-0.10584243165537022,0.375
Transformer,10,model,0.0005,6,high,41,-0.0013191486867505683,0.016123835708699026,-0.41070090090176437,-0.1424211385578047,0.43902439024390244
Transformer,10,model,0.0005,6,low,22,0.00021342954789142714,0.010866922544797205,0.09859349073256667,-0.03305325351147981,0.5909090909090909
Transformer,10,model,0.0005,6,mid,39,-0.0025409145936046125,0.010663390261969255,-1.1961758610043363,-0.10562323431590348,0.358974358974359
Transformer,10,model,0.0005,7,high,39,-0.001184804660279819,0.015957312458075187,-0.37272392871110593,-0.14660209025347304,0.5128205128205128
Transformer,10,model,0.0005,7,low,22,0.0003968888954699228,0.009453719626083996,0.21074947446002998,-0.02315076228119739,0.5909090909090909
Transformer,10,model,0.0005,7,mid,41,-0.0021479575501170663,0.010041104924666464,-1.0738520716740985,-0.11959278284765928,0.4146341463414634
Transformer,10,model,0.0005,8,high,38,-0.0011080815596305263,0.016422579676202136,-0.33871202893629426,-0.1449724334686009,0.5526315789473685
Transformer,10,model,0.0005,8,low,22,-0.00048228328385720507,0.010529953864389516,-0.22991960853703358,-0.03804974242549519,0.45454545454545453
Transformer,10,model,0.0005,8,mid,41,-0.0010589100449328978,0.01156225715903569,-0.4597446817372017,-0.10722849232639498,0.43902439024390244
Transformer,10,model,0.0005,9,high,37,-0.0020287215313790135,0.017181739100898968,-0.5927281983411127,-0.14924610108775338,0.4864864864864865
Transformer,10,model,0.0005,9,low,22,0.002497846459109468,0.010494683737880376,1.1948039618649795,-0.027633352590024862,0.5909090909090909
Transformer,10,model,0.0005,9,mid,42,-0.001767646440575924,0.012870770753505383,-0.6894314938236297,-0.14400454237294935,0.42857142857142855
Transformer,10,model,0.001,0,high,36,-0.0031925040940983386,0.017040638855511044,-0.9404719797396435,-0.18461558338005213,0.3888888888888889
Transformer,10,model,0.001,0,low,23,0.002731851315827139,0.00807890919964481,1.6974797497322323,-0.016813072636252424,0.6956521739130435
Transformer,10,model,0.001,0,mid,43,-0.0017364709641883981,0.013147026744406248,-0.6630407944937046,-0.12009550472893471,0.3953488372093023
Transformer,10,model,0.001,1,high,39,-0.0011820700436616205,0.01770706048697101,-0.33511742555669505,-0.11278524653093869,0.38461538461538464
Transformer,10,model,0.001,1,low,22,0.0028090147782414087,0.008826521726987292,1.5975876692484468,-0.020966183574878783,0.6363636363636364
Transformer,10,model,0.001,1,mid,41,-0.0028067252739526318,0.011497422479943656,-1.2254615395452932,-0.12654165434278108,0.34146341463414637
Transformer,10,model,0.001,2,high,40,-0.0003395203557952,0.014259862717047263,-0.11952279577651811,-0.10047428019563875,0.475
Transformer,10,model,0.001,2,low,21,0.0010191780496251286,0.008861008919610234,0.5773872084623622,-0.024310918372178136,0.5714285714285714
Transformer,10,model,0.001,2,mid,41,-0.0028637355619047194,0.013550392178563036,-1.0609167792207155,-0.12603145903550073,0.3170731707317073
Transformer,10,model,0.001,3,high,39,-0.003030249769715544,0.016917567825066277,-0.8991678516501473,-0.17599866518396567,0.38461538461538464
Transformer,10,model,0.001,3,low,21,0.001163574050633843,0.010345104741185827,0.564624092515132,-0.04673583275457527,0.5238095238095238
Transformer,10,model,0.001,3,mid,42,-0.0029853405103504862,0.011818112096402482,-1.2680782092243368,-0.1366179791500287,0.40476190476190477
Transformer,10,model,0.001,4,high,39,-0.0024604866322429086,0.016734793285580044,-0.7380757357043402,-0.14808254395160692,0.3333333333333333
Transformer,10,model,0.001,4,low,22,0.0023650394457684636,0.011674957863211065,1.016911917953535,-0.03919215294547973,0.5454545454545454
Transformer,10,model,0.001,4,mid,41,-0.002728185547415731,0.011146930917684884,-1.2286236324669686,-0.12460851392732708,0.34146341463414637
Transformer,10,model,0.001,5,high,40,-0.002228360267393395,0.016690475581484968,-0.6702193540295617,-0.15707315901742092,0.375
Transformer,10,model,0.001,5,low,22,0.0028511137550843364,0.009511754416179592,1.5047147806441998,-0.015465452746179054,0.5454545454545454
Transformer,10,model,0.001,5,mid,40,-0.0024274267181361,0.010839978477990569,-1.1241337276797352,-0.09817900664623114,0.375
Transformer,10,model,0.001,6,high,41,-0.0024938867085842606,0.015029021573882093,-0.8330024584181046,-0.17858580257474044,0.34146341463414637
Transformer,10,model,0.001,6,low,22,-0.0003160985210932998,0.010669932972475846,-0.14871714624310456,-0.0329565540019362,0.5
Transformer,10,model,0.001,6,mid,39,-0.0026325086879165002,0.010516990676636764,-1.2565465862261735,-0.1010546052297644,0.3333333333333333
Transformer,10,model,0.001,7,high,39,-0.002541447215517454,0.01518626279110237,-0.8400989726118532,-0.18027623906411516,0.38461538461538464
Transformer,10,model,0.001,7,low,22,0.0015359604266260089,0.007546383422454668,1.0217424315910524,-0.014128847476930995,0.5454545454545454
Transformer,10,model,0.001,7,mid,41,-0.0019489724253277832,0.01001616038939974,-0.9767978492924154,-0.11238069780980964,0.4146341463414634
Transformer,10,model,0.001,8,high,38,-0.001648961077418737,0.016030327659417178,-0.5163786473109351,-0.16236680630805556,0.5263157894736842
Transformer,10,model,0.001,8,low,22,0.0004734012522437638,0.01018164466484499,0.2334058498217461,-0.030429748623883035,0.45454545454545453
Transformer,10,model,0.001,8,mid,41,-0.0009349944739170367,0.01154914052086535,-0.40640556755371166,-0.10692165363368378,0.43902439024390244
Transformer,10,model,0.001,9,high,37,-0.0020314242340817167,0.017178782696560136,-0.5936199847020949,-0.14933117222401693,0.4864864864864865
Transformer,10,model,0.001,9,low,22,0.004071320585645895,0.007179535101226441,2.8466839213307904,-0.014635067510149646,0.5454545454545454
Transformer,10,model,0.001,9,mid,42,-0.0021729332296856097,0.012068120433397762,-0.9038721731219977,-0.13307230761791156,0.38095238095238093
XGBoost,10,model,0.0,0,high,36,0.0060252968579443105,0.01698797255750407,1.7804802822629568,-0.048387380565518834,0.6111111111111112
XGBoost,10,model,0.0,0,low,23,0.000815613530256618,0.011020391807090097,0.37152466980004945,-0.042097662471520914,0.5652173913043478
XGBoost,10,model,0.0,0,mid,43,0.0011382418058422002,0.013607334742002701,0.4199153342815326,-0.03846031476915335,0.5348837209302325
XGBoost,10,model,0.0,1,high,39,0.004574429759551216,0.017480509147410013,1.3136605433159638,-0.05502133982553026,0.48717948717948717
XGBoost,10,model,0.0,1,low,22,0.0029752493501585637,0.012243577564010507,1.2198749200068457,-0.02682403433476399,0.6363636363636364
XGBoost,10,model,0.0,1,mid,41,0.00242961707228151,0.011955211912600787,1.020189436552016,-0.029481018218509236,0.5365853658536586
XGBoost,10,model,0.0,2,high,40,0.005785639219646068,0.014364047235290809,2.0219704030767205,-0.02864247363689687,0.625
XGBoost,10,model,0.0,2,low,21,0.0010821100656681908,0.011097056386640712,0.48951264445839643,-0.02849085958770947,0.5714285714285714
XGBoost,10,model,0.0,2,mid,41,0.0034802610293738394,0.013534535099111414,1.2908290963193532,-0.030694031508738506,0.6341463414634146
XGBoost,10,model,0.0,3,high,39,0.009464764745514592,0.015430764265815864,3.079091943876184,-0.03178551686014297,0.7692307692307693
XGBoost,10,model,0.0,3,low,21,0.0030109189167246233,0.012307322576957418,1.2281056996792596,-0.023592576577636026,0.6666666666666666
XGBoost,10,model,0.0,3,mid,42,-0.0009398125516829059,0.012595012881476183,-0.3745785423933221,-0.046651483304585906,0.47619047619047616
XGBoost,10,model,0.0,4,high,39,0.007495812047682977,0.016261443389060985,2.3139814184985554,-0.03798250830881267,0.5897435897435898
XGBoost,10,model,0.0,4,low,22,0.001444984358649528,0.013600513535761787,0.5333448543704518,-0.026702751662231683,0.5
XGBoost,10,model,0.0,4,mid,41,-0.0009062334089992758,0.011802300537531752,-0.38545498766529446,-0.05733432963804275,0.5121951219512195
XGBoost,10,model,0.0,5,high,40,0.008415828660163195,0.014871151413340812,2.8408778450611845,-0.03488168273444292,0.75
XGBoost,10,model,0.0,5,low,22,0.0029644189993362907,0.01293773052032693,1.1502222316716542,-0.022516814504336957,0.5
XGBoost,10,model,0.0,5,mid,40,9.671374520170486e-05,0.011150819926686994,0.043539322754022385,-0.04857739133611849,0.525
XGBoost,10,model,0.0,6,high,41,0.005880794373685592,0.015215386821978186,1.9402302291606965,-0.03917272806940697,0.6097560975609756
XGBoost,10,model,0.0,6,low,22,0.0028405122823144725,0.010541829816590917,1.3526359974535058,-0.024988032551459427,0.6363636363636364
XGBoost,10,model,0.0,6,mid,39,-0.0009074916299285717,0.010920091172947326,-0.4171734241870249,-0.08490298682997732,0.41025641025641024
XGBoost,10,model,0.0,7,high,39,0.0075701947225576575,0.014131823440893697,2.689113408726256,-0.031944934698199146,0.7435897435897436
XGBoost,10,model,0.0,7,low,22,0.0022502154839023456,0.00925637619333069,1.220347125363554,-0.01852924145917778,0.5454545454545454
XGBoost,10,model,0.0,7,mid,41,0.0008766457648501071,0.010183824408356615,0.4321290938276309,-0.06541868680710394,0.4878048780487805
XGBoost,10,model,0.0,8,high,38,0.007914863489583984,0.014459324153581752,2.7478669792053423,-0.03693485226059123,0.7894736842105263
XGBoost,10,model,0.0,8,low,22,0.0020128006661813184,0.01053754923972737,0.9588737307681438,-0.024889486834518637,0.5454545454545454
XGBoost,10,model,0.0,8,mid,41,-0.00046172536887320923,0.011643648053540883,-0.19906501343731567,-0.06975496089110422,0.43902439024390244
XGBoost,10,model,0.0,9,high,37,0.007062619071767798,0.015727368886172294,2.254291014378353,-0.06195393169181884,0.7567567567567568
XGBoost,10,model,0.0,9,low,22,0.002775743165355168,0.010540322488654752,1.3219823318750656,-0.015357041217042844,0.6818181818181818
XGBoost,10,model,0.0,9,mid,42,-0.0006990821616916238,0.012950597270822331,-0.27098090739097175,-0.06730698953266312,0.5
XGBoost,10,model,0.0005,0,high,36,0.00429633812390227,0.01611211105353711,1.338585995391701,-0.048387380565518834,0.5277777777777778
XGBoost,10,model,0.0005,0,low,23,0.002480595551930035,0.0064693454323412666,1.924845561582879,-0.011524633729168232,0.34782608695652173
XGBoost,10,model,0.0005,0,mid,43,4.9689530142253594e-05,0.012112302260417155,0.020593893405291473,-0.04947435283919499,0.37209302325581395
XGBoost,10,model,0.0005,1,high,39,0.004846173404317954,0.017240584021343954,1.4110657379213267,-0.05502133982553026,0.46153846153846156
XGBoost,10,model,0.0005,1,low,22,0.0006650061300378909,0.006594594389796536,0.5062182874479936,-0.021566562469246486,0.3181818181818182
XGBoost,10,model,0.0005,1,mid,41,0.0015403595351845317,0.010105231686240885,0.765202000069483,-0.032744718149168794,0.43902439024390244
XGBoost,10,model,0.0005,2,high,40,0.004736337294913134,0.012436076776352743,1.9118750188346156,-0.025565024082993437,0.55
XGBoost,10,model,0.0005,2,low,21,0.0004992828420081998,0.005715715902977643,0.43850674484185226,-0.017024011040476794,0.3333333333333333
XGBoost,10,model,0.0005,2,mid,41,0.0026717003448849396,0.013075698767246222,1.025706505433649,-0.030694031508738506,0.5365853658536586
XGBoost,10,model,0.0005,3,high,39,0.008546311753887481,0.015556889951362188,2.757758436730428,-0.03178551686014308,0.6923076923076923
XGBoost,10,model,0.0005,3,low,21,0.0024819524780359003,0.010007039552057442,1.2450537935784776,-0.01992915276670526,0.3333333333333333
XGBoost,10,model,0.0005,3,mid,42,0.0001514964452744391,0.011081521876386198,0.0686283100843177,-0.038833986862762515,0.40476190476190477
XGBoost,10,model,0.0005,4,high,39,0.006930517379650844,0.016045717003363838,2.1682372387115945,-0.030267333295160403,0.48717948717948717
XGBoost,10,model,0.0005,4,low,22,0.0012825859060548042,0.012431245791324532,0.5179312079603123,-0.023167091889703895,0.3181818181818182
XGBoost,10,model,0.0005,4,mid,41,-4.468019050269021e-05,0.010969956979208668,-0.02044609442446051,-0.029841974326240472,0.43902439024390244
XGBoost,10,model,0.0005,5,high,40,0.007388326630775667,0.014607137764520082,2.539108340565561,-0.03488168273444292,0.65
XGBoost,10,model,0.0005,5,low,22,0.0014848257987733365,0.01198388110871017,0.6219826686851477,-0.022516814504336957,0.2727272727272727
XGBoost,10,model,0.0005,5,mid,40,0.0009525850027533253,0.009627238893788652,0.4967092657441576,-0.028071265796560607,0.45
XGBoost,10,model,0.0005,6,high,41,0.006103470667975439,0.014626199533256298,2.0948148229787176,-0.03917272806940697,0.5609756097560976
XGBoost,10,model,0.0005,6,low,22,0.003016063127166013,0.008526480783209238,1.7757052553070225,-0.016188804369026255,0.4090909090909091
XGBoost,10,model,0.0005,6,mid,39,0.0006076868119734462,0.009975973865706842,0.3057910562363449,-0.049271136005454186,0.38461538461538464
XGBoost,10,model,0.0005,7,high,39,0.007289152055114441,0.013805325842861118,2.6505171502329654,-0.031944934698199146,0.6923076923076923
XGBoost,10,model,0.0005,7,low,22,0.0018953229011311001,0.007850598271615222,1.2119389024027047,-0.009311899627524434,0.36363636363636365
XGBoost,10,model,0.0005,7,mid,41,0.002569668104906634,0.008050069399861345,1.6024248821049785,-0.01564866224197492,0.4146341463414634
XGBoost,10,model,0.0005,8,high,38,0.0071576638395407744,0.014421538770425115,2.491494692727154,-0.036934852260591344,0.7105263157894737
XGBoost,10,model,0.0005,8,low,22,0.002192415656788723,0.008863068048604855,1.2417640470703477,-0.009528566475884515,0.36363636363636365
XGBoost,10,model,0.0005,8,mid,41,0.0007385410999582297,0.009409043248795886,0.3940301686039975,-0.02624465854663771,0.34146341463414637
XGBoost,10,model,0.0005,9,high,37,0.0072818301004946824,0.014642893482717259,2.4963984770990564,-0.06195393169181895,0.6756756756756757
XGBoost,10,model,0.0005,9,low,22,0.002283834635069118,0.009269838985191296,1.2367808002461893,-0.01397831628568913,0.4090909090909091
XGBoost,10,model,0.0005,9,mid,42,-0.00011650209044530724,0.01032098139905542,-0.056664752109038825,-0.053042397651342665,0.35714285714285715
XGBoost,10,model,0.001,0,high,36,0.004166984814799528,0.01613016503406535,1.2968309815880106,-0.048387380565518834,0.5
XGBoost,10,model,0.001,0,low,23,0.001838302694731739,0.006153613048673478,1.499640327579717,-0.011524633729168232,0.2608695652173913
XGBoost,10,model,0.001,0,mid,43,-0.0007915142312375161,0.009403313762574021,-0.42254996553130214,-0.0640379487576811,0.20930232558139536
XGBoost,10,model,0.001,1,high,39,0.0037700463626071747,0.01698067225872554,1.1145308177605748,-0.05502133982553026,0.38461538461538464
XGBoost,10,model,0.001,1,low,22,0.0002497291677929864,0.006453980446731274,0.19424144266612983,-0.021566562469246486,0.22727272727272727
XGBoost,10,model,0.001,1,mid,41,0.0008582419528910707,0.00850537131720126,0.5065434829115355,-0.029578065264254105,0.24390243902439024
XGBoost,10,model,0.001,2,high,40,0.004449347503026832,0.012411130674306499,1.799638387974556,-0.02569121778309269,0.525
XGBoost,10,model,0.001,2,low,21,-5.645533935322387e-05,0.004443218598830239,-0.06378339215679427,-0.017024011040476794,0.14285714285714285
XGBoost,10,model,0.001,2,mid,41,0.0010170122348591734,0.011300631474290647,0.4517766031067748,-0.030203710884719293,0.3170731707317073
XGBoost,10,model,0.001,3,high,39,0.008546311753887485,0.015557419691569095,2.757664533271254,-0.03178551686014308,0.6923076923076923
XGBoost,10,model,0.001,3,low,21,0.0012037845140716761,0.003772974242122622,1.6016410166392836,-9.999500016666385e-05,0.14285714285714285
XGBoost,10,model,0.001,3,mid,42,0.0005187027012486245,0.010013011342147451,0.2600483316921305,-0.03567410422212847,0.3333333333333333
XGBoost,10,model,0.001,4,high,39,0.007686520923252533,0.015461479942786384,2.4956232482532577,-0.02248750694058843,0.48717948717948717
XGBoost,10,model,0.001,4,low,22,0.0013027856371558408,0.00703814813749036,0.9292120408306861,-0.019531547074543076,0.18181818181818182
XGBoost,10,model,0.001,4,mid,41,0.0009456729084796096,0.009186806485108978,0.5167454361754008,-0.029841974326240472,0.34146341463414637
XGBoost,10,model,0.001,5,high,40,0.006247136351869306,0.013548236485743805,2.314720120843836,-0.03488168273444303,0.575
XGBoost,10,model,0.001,5,low,22,0.004214698249454891,0.008770558662033887,2.4123454514841436,-0.0038425879361317916,0.2727272727272727
XGBoost,10,model,0.001,5,mid,40,0.002255251862683843,0.007042692580486164,1.6075207557708,-0.016048973366661223,0.35
XGBoost,10,model,0.001,6,high,41,0.0058885380082406265,0.014223445849657169,2.0782745974346004,-0.03917272806940675,0.5365853658536586
XGBoost,10,model,0.001,6,low,22,0.003726514333831636,0.007286734462090068,2.567261588282632,-0.003719631061705808,0.3181818181818182
XGBoost,10,model,0.001,6,mid,39,0.0014244187336147128,0.007159718605666102,0.9987159672883642,-0.031183425643798612,0.3333333333333333
XGBoost,10,model,0.001,7,high,39,0.006131244167764338,0.013532347799179898,2.274446526595845,-0.031944934698199035,0.5897435897435898
XGBoost,10,model,0.001,7,low,22,0.0029263172605509635,0.006846543019198486,2.1456077935924354,-0.008581159125640392,0.3181818181818182
XGBoost,10,model,0.001,7,mid,41,0.0016419585294262637,0.00591489369105531,1.3935273956403387,-0.00884181888845692,0.2926829268292683
XGBoost,10,model,0.001,8,high,38,0.007298932073862057,0.013016005137743177,2.8150225685820582,-0.03693485226059123,0.6578947368421053
XGBoost,10,model,0.001,8,low,22,0.003051128756027527,0.00725951775931333,2.109857059886855,-0.008793928220661718,0.3181818181818182
XGBoost,10,model,0.001,8,mid,41,0.0005271239727687419,0.006642695079523631,0.3983535764598758,-0.022519853790624933,0.2682926829268293
XGBoost,10,model,0.001,9,high,37,0.007145144241052814,0.01468925344230564,2.4418081941831034,-0.06195393169181895,0.6486486486486487
XGBoost,10,model,0.001,9,low,22,0.002789751310647895,0.007909151174658008,1.770662884585259,-0.012807688875421608,0.3181818181818182
XGBoost,10,model,0.001,9,mid,42,-0.0006044034684006119,0.007369002524825552,-0.4117356889530834,-0.04399766431090113,0.21428571428571427
BASELINE,20,always_long,0.0,0,high,20,0.0009320545674596946,0.021502071156719423,0.15386729426492826,-0.13002163128151956,0.45
BASELINE,20,always_long,0.0,0,low,12,0.0046780096334156996,0.01624239852036915,1.0223420457029966,-0.022832780672667252,0.6666666666666666
BASELINE,20,always_long,0.0,0,mid,19,-0.0017312773993997308,0.018955997969841362,-0.32419422826974725,-0.11064721573172587,0.47368421052631576
BASELINE,20,always_long,0.0,1,high,21,0.0020345277204882094,0.020430366907307613,0.35348640687497807,-0.12428873307387833,0.5238095238095238
BASELINE,20,always_long,0.0,1,low,12,0.003821516525409775,0.016913074298783064,0.8020444866744749,-0.020966183574878783,0.6666666666666666
BASELINE,20,always_long,0.0,1,mid,18,-0.0030000192901926443,0.02001807871312292,-0.531969737734598,-0.11976533665430622,0.3333333333333333
BASELINE,20,always_long,0.0,2,high,22,0.0016458237313607957,0.021311961619062757,0.27412280514638176,-0.1140935269751725,0.5
BASELINE,20,always_long,0.0,2,low,12,0.003811691152309908,0.016278326115466507,0.8311764541014325,-0.025650769523086203,0.6666666666666666
BASELINE,20,always_long,0.0,2,mid,17,-0.0026488394530911593,0.020184442697713058,-0.4658264517420077,-0.11467277043817392,0.35294117647058826
BASELINE,20,always_long,0.0,3,high,22,-0.0008991782782776503,0.027756122584824666,-0.11499323258708684,-0.15790163176465333,0.5
BASELINE,20,always_long,0.0,3,low,12,0.0035881227018453254,0.01718360853230413,0.7412047406373793,-0.02546318289786298,0.6666666666666666
BASELINE,20,always_long,0.0,3,mid,17,0.0007720920584488938,0.015138607281270434,0.18103745474654817,-0.06576696787477698,0.47058823529411764
BASELINE,20,always_long,0.0,4,high,22,-0.002318596089959313,0.025495725214938286,-0.32280704323590226,-0.18208595359923274,0.45454545454545453
BASELINE,20,always_long,0.0,4,low,11,0.004245228870979418,0.01702029815638379,0.8853586159586365,-0.015665545410860182,0.7272727272727273
BASELINE,20,always_long,0.0,4,mid,18,0.002102920711882778,0.01500286659361881,0.49754678406549535,-0.047595963059144486,0.5
BASELINE,20,always_long,0.0,5,high,22,-0.0014901326502511812,0.024203281893090015,-0.21854251878472414,-0.18089961186173598,0.5454545454545454
BASELINE,20,always_long,0.0,5,low,11,0.005482031660725836,0.01603793823590829,1.2133281548267059,-0.016706673067691247,0.6363636363636364
BASELINE,20,always_long,0.0,5,mid,18,0.00039115574076777223,0.016225082945218048,0.08557522612905714,-0.06879757205310966,0.4444444444444444
BASELINE,20,always_long,0.0,6,high,22,-0.0010025674849425503,0.023215400115126513,-0.15329313816125875,-0.17350694426427715,0.4090909090909091
BASELINE,20,always_long,0.0,6,low,11,0.006084401802475672,0.01551577049270814,1.391969796645211,-0.012845277187560566,0.6363636363636364
BASELINE,20,always_long,0.0,6,mid,18,-0.0008842791533910226,0.01862575721849407,-0.16852359753079765,-0.08414898081905398,0.5
BASELINE,20,always_long,0.0,7,high,20,0.0024241326653768594,0.02406442051855125,0.3575742596950966,-0.11726697130448249,0.45
BASELINE,20,always_long,0.0,7,low,11,0.005680910176302228,0.014986935082683808,1.345520654818555,-0.013844822613210517,0.6363636363636364
BASELINE,20,always_long,0.0,7,mid,20,-0.00405110220294653,0.016654065744203254,-0.8634519958154112,-0.10940982626492013,0.4
BASELINE,20,always_long,0.0,8,high,18,0.003565950466797006,0.024781819630741483,0.5107723592173007,-0.09888848532586425,0.6111111111111112
BASELINE,20,always_long,0.0,8,low,11,0.004716915492553746,0.015270719316476774,1.096437481657213,-0.01671469740634013,0.6363636363636364
BASELINE,20,always_long,0.0,8,mid,22,-0.003555141911021768,0.017473074241259656,-0.7222256219634682,-0.09986003947343791,0.4090909090909091
BASELINE,20,always_long,0.0,9,high,18,0.00303129793624886,0.02700004009720895,0.3985194178814709,-0.1048939282681095,0.5
BASELINE,20,always_long,0.0,9,low,10,0.004741604086314311,0.01657931116724691,1.0151823965976545,-0.01511650298478684,0.6
BASELINE,20,always_long,0.0,9,mid,23,-0.0029772224780561752,0.01975216272075009,-0.5350346479390184,-0.10839746857828914,0.43478260869565216
BASELINE,20,always_long,0.0,10,high,16,-0.0007396441005613629,0.02347835836236915,-0.11182536979331872,-0.11723695107852694,0.4375
BASELINE,20,always_long,0.0,10,low,11,0.00425051328662099,0.015830407676442462,0.9530914011846537,-0.014640596958534147,0.5454545454545454
BASELINE,20,always_long,0.0,10,mid,24,0.0002982036881949701,0.023772173577554723,0.04452761053305774,-0.08606652584161245,0.4583333333333333
BASELINE,20,always_long,0.0,11,high,18,-0.003902288126428877,0.02347383742480005,-0.5900930676516911,-0.16697031765656112,0.4444444444444444
BASELINE,20,always_long,0.0,11,low,10,0.00433079234283663,0.015180886470725921,1.0126409840557846,-0.01265344664778112,0.6
BASELINE,20,always_long,0.0,11,mid,23,0.002870703853853513,0.02064635314780873,0.49354904214213996,-0.06523917373202381,0.6086956521739131
BASELINE,20,always_long,0.0,12,high,18,-0.0022480481889943834,0.02492932735254684,-0.3200960600563814,-0.17421468374584903,0.4444444444444444
BASELINE,20,always_long,0.0,12,low,9,0.0027291654684821,0.014931572945685506,0.648798115706327,-0.01318321785989185,0.5555555555555556
BASELINE,20,always_long,0.0,12,mid,24,0.0021917838390084874,0.018888934304231178,0.41188458332383465,-0.068505111668835,0.625
BASELINE,20,always_long,0.0,13,high,17,7.10740054793878e-05,0.027054737127906157,0.009325083846114449,-0.15145049209881656,0.5294117647058824
BASELINE,20,always_long,0.0,13,low,9,0.003638120175175955,0.014696126117042291,0.8787380720101109,-0.013737565135006902,0.5555555555555556
BASELINE,20,always_long,0.0,13,mid,25,0.00011884949252080855,0.01775404280325134,0.023762128583082152,-0.09164810432804649,0.56
BASELINE,20,always_long,0.0,14,high,17,-0.00047219788426655385,0.026840551718219342,-0.06244790463458704,-0.1616929437856759,0.47058823529411764
BASELINE,20,always_long,0.0,14,low,11,0.00026089631292020856,0.011836581543359663,0.0782396537394721,-0.013517427826591266,0.45454545454545453
BASELINE,20,always_long,0.0,14,mid,23,0.001832918525678909,0.018061832657686717,0.3602190023354993,-0.08725797353397824,0.5652173913043478
BASELINE,20,always_long,0.0,15,high,18,-0.0025001851211197113,0.026741241680771015,-0.33187601740345934,-0.18817785377244234,0.4444444444444444
BASELINE,20,always_long,0.0,15,low,11,0.0017267817817579558,0.015936821658002323,0.3846103950251592,-0.01984805318138627,0.36363636363636365
BASELINE,20,always_long,0.0,15,mid,22,0.002586489236024673,0.016903044083504452,0.5431640574155511,-0.07751038285671319,0.5454545454545454
BASELINE,20,always_long,0.0,16,high,19,-0.002092158124392832,0.028042520845035168,-0.2648272839200065,-0.1989514294953636,0.42105263157894735
BASELINE,20,always_long,0.0,16,low,11,0.0014466542479937455,0.015620758777996709,0.32873647450774734,-0.02404485839194004,0.36363636363636365
BASELINE,20,always_long,0.0,16,mid,21,0.0026161411119791237,0.016183265270636224,0.5738260833083523,-0.07443511612004938,0.6190476190476191
BASELINE,20,always_long,0.0,17,high,19,-0.0017729738937625687,0.02651140791604932,-0.23738584632094933,-0.18547419273413768,0.42105263157894735
BASELINE,20,always_long,0.0,17,low,11,0.001045478062575791,0.014566111957793998,0.25477484922265486,-0.02147676518103181,0.45454545454545453
BASELINE,20,always_long,0.0,17,mid,21,0.0024905388792056523,0.015673852242919346,0.5640308387728351,-0.0721997144251505,0.47619047619047616
BASELINE,20,always_long,0.0,18,high,20,-0.0015458860250443505,0.02768714986126451,-0.19819125707560464,-0.19075250602922056,0.45
BASELINE,20,always_long,0.0,18,low,11,0.002259780616324828,0.01564433635600091,0.5127367034659118,-0.017610661589719023,0.6363636363636364
BASELINE,20,always_long,0.0,18,mid,19,0.002355173484454153,0.015119091865340288,0.5529456806468538,-0.06592620933721183,0.5789473684210527
BASELINE,20,always_long,0.0,19,high,19,0.0020072007480371637,0.021695492233424263,0.32840259086974943,-0.1302414172572799,0.47368421052631576
BASELINE,20,always_long,0.0,19,low,12,0.0042248893474885335,0.014874528695597272,1.0082248506566023,-0.01891634980988599,0.6666666666666666
BASELINE,20,always_long,0.0,19,mid,19,-0.002422327365988636,0.02018802306584557,-0.4259163538073977,-0.11841665643567922,0.42105263157894735
BASELINE,20,always_short,0.0,0,high,20,-0.0009320545674596946,0.021502071156719423,-0.15386729426492826,-0.14165548098434022,0.5
BASELINE,20,always_short,0.0,0,low,12,-0.0046780096334156996,0.01624239852036915,-1.0223420457029966,-0.07759359473391014,0.3333333333333333
BASELINE,20,always_short,0.0,0,mid,19,0.0017312773993997308,0.018955997969841362,0.32419422826974725,-0.0598253555139423,0.5263157894736842
BASELINE,20,always_short,0.0,1,high,21,-0.0020345277204882094,0.020430366907307613,-0.35348640687497807,-0.13930749910297768,0.47619047619047616
BASELINE,20,always_short,0.0,1,low,12,-0.003821516525409775,0.016913074298783064,-0.8020444866744749,-0.06851459697210216,0.3333333333333333
BASELINE,20,always_short,0.0,1,mid,18,0.0030000192901926443,0.02001807871312292,0.531969737734598,-0.05243715848853503,0.6666666666666666
BASELINE,20,always_short,0.0,2,high,22,-0.0016458237313607957,0.021311961619062757,-0.27412280514638176,-0.1361472833408175,0.5
BASELINE,20,always_short,0.0,2,low,12,-0.003811691152309908,0.016278326115466507,-0.8311764541014325,-0.06648057152665665,0.3333333333333333
BASELINE,20,always_short,0.0,2,mid,17,0.0026488394530911593,0.020184442697713058,0.4658264517420077,-0.055813185098926965,0.6470588235294118
BASELINE,20,always_short,0.0,3,high,22,0.0008991782782776503,0.027756122584824666,0.11499323258708684,-0.13982112813247138,0.5
BASELINE,20,always_short,0.0,3,low,12,-0.0035881227018453254,0.01718360853230413,-0.7412047406373793,-0.0684484993077511,0.3333333333333333
BASELINE,20,always_short,0.0,3,mid,17,-0.0007720920584488938,0.015138607281270434,-0.18103745474654817,-0.04673388639279541,0.5294117647058824
BASELINE,20,always_short,0.0,4,high,22,0.002318596089959313,0.025495725214938286,0.32280704323590226,-0.14345243372639338,0.5454545454545454
BASELINE,20,always_short,0.0,4,low,11,-0.004245228870979418,0.01702029815638379,-0.8853586159586365,-0.06982308339690746,0.2727272727272727
BASELINE,20,always_short,0.0,4,mid,18,-0.002102920711882778,0.01500286659361881,-0.49754678406549535,-0.04672445642020062,0.5
BASELINE,20,always_short,0.0,5,high,22,0.0014901326502511812,0.024203281893090015,0.21854251878472414,-0.14672087678981727,0.45454545454545453
BASELINE,20,always_short,0.0,5,low,11,-0.005482031660725836,0.01603793823590829,-1.2133281548267059,-0.07503088146381154,0.36363636363636365
BASELINE,20,always_short,0.0,5,mid,18,-0.00039115574076777223,0.016225082945218048,-0.08557522612905714,-0.05376919382719669,0.5555555555555556
BASELINE,20,always_short,0.0,6,high,22,0.0010025674849425503,0.023215400115126513,0.15329313816125875,-0.14864864864864824,0.5909090909090909
BASELINE,20,always_short,0.0,6,low,11,-0.006084401802475672,0.01551577049270814,-1.391969796645211,-0.07853066506082207,0.36363636363636365
BASELINE,20,always_short,0.0,6,mid,18,0.0008842791533910226,0.01862575721849407,0.16852359753079765,-0.056784278375642705,0.5
BASELINE,20,always_short,0.0,7,high,20,-0.0024241326653768594,0.02406442051855125,-0.3575742596950966,-0.1533709848217436,0.55
BASELINE,20,always_short,0.0,7,low,11,-0.005680910176302228,0.014986935082683808,-1.345520654818555,-0.07728448401866073,0.36363636363636365
BASELINE,20,always_short,0.0,7,mid,20,0.00405110220294653,0.016654065744203254,0.8634519958154112,-0.03024861618457786,0.6
BASELINE,20,always_short,0.0,8,high,18,-0.003565950466797006,0.024781819630741483,-0.5107723592173007,-0.15112139551441772,0.3888888888888889
BASELINE,20,always_short,0.0,8,low,11,-0.004716915492553746,0.015270719316476774,-1.096437481657213,-0.06295215742005378,0.36363636363636365
BASELINE,20,always_short,0.0,8,mid,22,0.003555141911021768,0.017473074241259656,0.7222256219634682,-0.03095695204694804,0.5909090909090909
BASELINE,20,always_short,0.0,9,high,18,-0.00303129793624886,0.02700004009720895,-0.3985194178814709,-0.15726767275615572,0.5
BASELINE,20,always_short,0.0,9,low,10,-0.004741604086314311,0.01657931116724691,-1.0151823965976545,-0.05691739378779481,0.4
BASELINE,20,always_short,0.0,9,mid,23,0.0029772224780561752,0.01975216272075009,0.5350346479390184,-0.033546361813431846,0.5652173913043478
BASELINE,20,always_short,0.0,10,high,16,0.0007396441005613629,0.02347835836236915,0.11182536979331872,-0.1077504787251301,0.5625
BASELINE,20,always_short,0.0,10,low,11,-0.00425051328662099,0.015830407676442462,-0.9530914011846537,-0.06432068610742536,0.45454545454545453
BASELINE,20,always_short,0.0,10,mid,24,-0.0002982036881949701,0.023772173577554723,-0.04452761053305774,-0.06601288964778618,0.5
BASELINE,20,always_short,0.0,11,high,18,0.003902288126428877,0.02347383742480005,0.5900930676516911,-0.11284786627665733,0.5555555555555556
BASELINE,20,always_short,0.0,11,low,10,-0.00433079234283663,0.015180886470725921,-1.0126409840557846,-0.056932181466431975,0.4
BASELINE,20,always_short,0.0,11,mid,23,-0.002870703853853513,0.02064635314780873,-0.49354904214213996,-0.09794307763097887,0.34782608695652173
BASELINE,20,always_short,0.0,12,high,18,0.0022480481889943834,0.02492932735254684,0.3200960600563814,-0.15480616038236839,0.5555555555555556
BASELINE,20,always_short,0.0,12,low,9,-0.0027291654684821,0.014931572945685506,-0.648798115706327,-0.04715745254653403,0.4444444444444444
BASELINE,20,always_short,0.0,12,mid,24,-0.0021917838390084874,0.018888934304231178,-0.41188458332383465,-0.08140527051253288,0.375
BASELINE,20,always_short,0.0,13,high,17,-7.10740054793878e-05,0.027054737127906157,-0.009325083846114449,-0.1535258681785968,0.47058823529411764
BASELINE,20,always_short,0.0,13,low,9,-0.003638120175175955,0.014696126117042291,-0.8787380720101109,-0.0557054347786361,0.4444444444444444
BASELINE,20,always_short,0.0,13,mid,25,-0.00011884949252080855,0.01775404280325134,-0.023762128583082152,-0.07718335619570182,0.44
BASELINE,20,always_short,0.0,14,high,17,0.00047219788426655385,0.026840551718219342,0.06244790463458704,-0.151161763406661,0.5294117647058824
BASELINE,20,always_short,0.0,14,low,11,-0.00026089631292020856,0.011836581543359663,-0.0782396537394721,-0.029540273556231234,0.5454545454545454
BASELINE,20,always_short,0.0,14,mid,23,-0.001832918525678909,0.018061832657686717,-0.3602190023354993,-0.0971833584392181,0.43478260869565216
BASELINE,20,always_short,0.0,15,high,18,0.0025001851211197113,0.026741241680771015,0.33187601740345934,-0.15539000876424147,0.5555555555555556
BASELINE,20,always_short,0.0,15,low,11,-0.0017267817817579558,0.015936821658002323,-0.3846103950251592,-0.05223982120230497,0.6363636363636364
BASELINE,20,always_short,0.0,15,mid,22,-0.002586489236024673,0.016903044083504452,-0.5431640574155511,-0.09994767253413916,0.45454545454545453
BASELINE,20,always_short,0.0,16,high,19,0.002092158124392832,0.028042520845035168,0.2648272839200065,-0.1610726491981418,0.5789473684210527
BASELINE,20,always_short,0.0,16,low,11,-0.0014466542479937455,0.015620758777996709,-0.32873647450774734,-0.04688852392574405,0.6363636363636364
BASELINE,20,always_short,0.0,16,mid,21,-0.0026161411119791237,0.016183265270636224,-0.5738260833083523,-0.09065847099292057,0.38095238095238093
BASELINE,20,always_short,0.0,17,high,19,0.0017729738937625687,0.02651140791604932,0.23738584632094933,-0.15177619893428018,0.5789473684210527
BASELINE,20,always_short,0.0,17,low,11,-0.001045478062575791,0.014566111957793998,-0.25477484922265486,-0.047050424595798,0.5454545454545454
BASELINE,20,always_short,0.0,17,mid,21,-0.0024905388792056523,0.015673852242919346,-0.5640308387728351,-0.08904720487265116,0.5238095238095238
BASELINE,20,always_short,0.0,18,high,20,0.0015458860250443505,0.02768714986126451,0.19819125707560464,-0.14654788418708264,0.55
BASELINE,20,always_short,0.0,18,low,11,-0.002259780616324828,0.01564433635600091,-0.5127367034659118,-0.05726150589666845,0.36363636363636365
BASELINE,20,always_short,0.0,18,mid,19,-0.002355173484454153,0.015119091865340288,-0.5529456806468538,-0.0878612976779658,0.42105263157894735
BASELINE,20,always_short,0.0,19,high,19,-0.0020072007480371637,0.021695492233424263,-0.32840259086974943,-0.143417766678558,0.5263157894736842
BASELINE,20,always_short,0.0,19,low,12,-0.0042248893474885335,0.014874528695597272,-1.0082248506566023,-0.06585747237445072,0.3333333333333333
BASELINE,20,always_short,0.0,19,mid,19,0.002422327365988636,0.02018802306584557,0.4259163538073977,-0.05769985277521161,0.5789473684210527
BASELINE,20,cash,0.0,0,high,20,0.0,0.0,,0.0,0.0
BASELINE,20,cash,0.0,0,low,12,0.0,0.0,,0.0,0.0
BASELINE,20,cash,0.0,0,mid,19,0.0,0.0,,0.0,0.0
BASELINE,20,cash,0.0,1,high,21,0.0,0.0,,0.0,0.0
BASELINE,20,cash,0.0,1,low,12,0.0,0.0,,0.0,0.0
BASELINE,20,cash,0.0,1,mid,18,0.0,0.0,,0.0,0.0
BASELINE,20,cash,0.0,2,high,22,0.0,0.0,,0.0,0.0
BASELINE,20,cash,0.0,2,low,12,0.0,0.0,,0.0,0.0
BASELINE,20,cash,0.0,2,mid,17,0.0,0.0,,0.0,0.0
BASELINE,20,cash,0.0,3,high,22,0.0,0.0,,0.0,0.0
BASELINE,20,cash,0.0,3,low,12,0.0,0.0,,0.0,0.0
BASELINE,20,cash,0.0,3,mid,17,0.0,0.0,,0.0,0.0
BASELINE,20,cash,0.0,4,high,22,0.0,0.0,,0.0,0.0
BASELINE,20,cash,0.0,4,low,11,0.0,0.0,,0.0,0.0
BASELINE,20,cash,0.0,4,mid,18,0.0,0.0,,0.0,0.0
BASELINE,20,cash,0.0,5,high,22,0.0,0.0,,0.0,0.0
BASELINE,20,cash,0.0,5,low,11,0.0,0.0,,0.0,0.0
BASELINE,20,cash,0.0,5,mid,18,0.0,0.0,,0.0,0.0
BASELINE,20,cash,0.0,6,high,22,0.0,0.0,,0.0,0.0
BASELINE,20,cash,0.0,6,low,11,0.0,0.0,,0.0,0.0
BASELINE,20,cash,0.0,6,mid,18,0.0,0.0,,0.0,0.0
BASELINE,20,cash,0.0,7,high,20,0.0,0.0,,0.0,0.0
BASELINE,20,cash,0.0,7,low,11,0.0,0.0,,0.0,0.0
BASELINE,20,cash,0.0,7,mid,20,0.0,0.0,,0.0,0.0
BASELINE,20,cash,0.0,8,high,18,0.0,0.0,,0.0,0.0
BASELINE,20,cash,0.0,8,low,11,0.0,0.0,,0.0,0.0
BASELINE,20,cash,0.0,8,mid,22,0.0,0.0,,0.0,0.0
BASELINE,20,cash,0.0,9,high,18,0.0,0.0,,0.0,0.0
BASELINE,20,cash,0.0,9,low,10,0.0,0.0,,0.0,0.0
BASELINE,20,cash,0.0,9,mid,23,0.0,0.0,,0.0,0.0
BASELINE,20,cash,0.0,10,high,16,0.0,0.0,,0.0,0.0
BASELINE,20,cash,0.0,10,low,11,0.0,0.0,,0.0,0.0
BASELINE,20,cash,0.0,10,mid,24,0.0,0.0,,0.0,0.0
BASELINE,20,cash,0.0,11,high,18,0.0,0.0,,0.0,0.0
BASELINE,20,cash,0.0,11,low,10,0.0,0.0,,0.0,0.0
BASELINE,20,cash,0.0,11,mid,23,0.0,0.0,,0.0,0.0
BASELINE,20,cash,0.0,12,high,18,0.0,0.0,,0.0,0.0
BASELINE,20,cash,0.0,12,low,9,0.0,0.0,,0.0,0.0
BASELINE,20,cash,0.0,12,mid,24,0.0,0.0,,0.0,0.0
BASELINE,20,cash,0.0,13,high,17,0.0,0.0,,0.0,0.0
BASELINE,20,cash,0.0,13,low,9,0.0,0.0,,0.0,0.0
BASELINE,20,cash,0.0,13,mid,25,0.0,0.0,,0.0,0.0
BASELINE,20,cash,0.0,14,high,17,0.0,0.0,,0.0,0.0
BASELINE,20,cash,0.0,14,low,11,0.0,0.0,,0.0,0.0
BASELINE,20,cash,0.0,14,mid,23,0.0,0.0,,0.0,0.0
BASELINE,20,cash,0.0,15,high,18,0.0,0.0,,0.0,0.0
BASELINE,20,cash,0.0,15,low,11,0.0,0.0,,0.0,0.0
BASELINE,20,cash,0.0,15,mid,22,0.0,0.0,,0.0,0.0
BASELINE,20,cash,0.0,16,high,19,0.0,0.0,,0.0,0.0
BASELINE,20,cash,0.0,16,low,11,0.0,0.0,,0.0,0.0
BASELINE,20,cash,0.0,16,mid,21,0.0,0.0,,0.0,0.0
BASELINE,20,cash,0.0,17,high,19,0.0,0.0,,0.0,0.0
BASELINE,20,cash,0.0,17,low,11,0.0,0.0,,0.0,0.0
BASELINE,20,cash,0.0,17,mid,21,0.0,0.0,,0.0,0.0
BASELINE,20,cash,0.0,18,high,20,0.0,0.0,,0.0,0.0
BASELINE,20,cash,0.0,18,low,11,0.0,0.0,,0.0,0.0
BASELINE,20,cash,0.0,18,mid,19,0.0,0.0,,0.0,0.0
BASELINE,20,cash,0.0,19,high,19,0.0,0.0,,0.0,0.0
BASELINE,20,cash,0.0,19,low,12,0.0,0.0,,0.0,0.0
BASELINE,20,cash,0.0,19,mid,19,0.0,0.0,,0.0,0.0
ElasticNet,20,model,0.0,0,high,20,0.0009320545674596946,0.021502071156719423,0.15386729426492826,-0.13002163128151956,0.45
ElasticNet,20,model,0.0,0,low,12,0.0046780096334156996,0.01624239852036915,1.0223420457029966,-0.022832780672667252,0.6666666666666666
ElasticNet,20,model,0.0,0,mid,19,-0.0017312773993997308,0.018955997969841362,-0.32419422826974725,-0.11064721573172587,0.47368421052631576
ElasticNet,20,model,0.0,1,high,21,0.0020345277204882094,0.020430366907307613,0.35348640687497807,-0.12428873307387833,0.5238095238095238
ElasticNet,20,model,0.0,1,low,12,0.003821516525409775,0.016913074298783064,0.8020444866744749,-0.020966183574878783,0.6666666666666666
ElasticNet,20,model,0.0,1,mid,18,-0.0030000192901926443,0.02001807871312292,-0.531969737734598,-0.11976533665430622,0.3333333333333333
ElasticNet,20,model,0.0,2,high,22,0.0016458237313607957,0.021311961619062757,0.27412280514638176,-0.1140935269751725,0.5
ElasticNet,20,model,0.0,2,low,12,0.003811691152309908,0.016278326115466507,0.8311764541014325,-0.025650769523086203,0.6666666666666666
ElasticNet,20,model,0.0,2,mid,17,-0.0026488394530911593,0.020184442697713058,-0.4658264517420077,-0.11467277043817392,0.35294117647058826
ElasticNet,20,model,0.0,3,high,22,-0.0008991782782776503,0.027756122584824666,-0.11499323258708684,-0.15790163176465333,0.5
ElasticNet,20,model,0.0,3,low,12,0.0035881227018453254,0.01718360853230413,0.7412047406373793,-0.02546318289786298,0.6666666666666666
ElasticNet,20,model,0.0,3,mid,17,0.0007720920584488938,0.015138607281270434,0.18103745474654817,-0.06576696787477698,0.47058823529411764
ElasticNet,20,model,0.0,4,high,22,-0.002318596089959313,0.025495725214938286,-0.32280704323590226,-0.18208595359923274,0.45454545454545453
ElasticNet,20,model,0.0,4,low,11,0.004245228870979418,0.01702029815638379,0.8853586159586365,-0.015665545410860182,0.7272727272727273
ElasticNet,20,model,0.0,4,mid,18,0.002102920711882778,0.01500286659361881,0.49754678406549535,-0.047595963059144486,0.5
ElasticNet,20,model,0.0,5,high,22,-0.0014901326502511812,0.024203281893090015,-0.21854251878472414,-0.18089961186173598,0.5454545454545454
ElasticNet,20,model,0.0,5,low,11,0.005482031660725836,0.01603793823590829,1.2133281548267059,-0.016706673067691247,0.6363636363636364
ElasticNet,20,model,0.0,5,mid,18,0.00039115574076777223,0.016225082945218048,0.08557522612905714,-0.06879757205310966,0.4444444444444444
ElasticNet,20,model,0.0,6,high,22,-0.0010025674849425503,0.023215400115126513,-0.15329313816125875,-0.17350694426427715,0.4090909090909091
ElasticNet,20,model,0.0,6,low,11,0.006084401802475672,0.01551577049270814,1.391969796645211,-0.012845277187560566,0.6363636363636364
ElasticNet,20,model,0.0,6,mid,18,-0.0008842791533910226,0.01862575721849407,-0.16852359753079765,-0.08414898081905398,0.5
ElasticNet,20,model,0.0,7,high,20,0.0024241326653768594,0.02406442051855125,0.3575742596950966,-0.11726697130448249,0.45
ElasticNet,20,model,0.0,7,low,11,0.005680910176302228,0.014986935082683808,1.345520654818555,-0.013844822613210517,0.6363636363636364
ElasticNet,20,model,0.0,7,mid,20,-0.00405110220294653,0.016654065744203254,-0.8634519958154112,-0.10940982626492013,0.4
ElasticNet,20,model,0.0,8,high,18,0.003565950466797006,0.024781819630741483,0.5107723592173007,-0.09888848532586425,0.6111111111111112
ElasticNet,20,model,0.0,8,low,11,0.004716915492553746,0.015270719316476774,1.096437481657213,-0.01671469740634013,0.6363636363636364
ElasticNet,20,model,0.0,8,mid,22,-0.003555141911021768,0.017473074241259656,-0.7222256219634682,-0.09986003947343791,0.4090909090909091
ElasticNet,20,model,0.0,9,high,18,0.00303129793624886,0.02700004009720895,0.3985194178814709,-0.1048939282681095,0.5
ElasticNet,20,model,0.0,9,low,10,0.004741604086314311,0.01657931116724691,1.0151823965976545,-0.01511650298478684,0.6
ElasticNet,20,model,0.0,9,mid,23,-0.0029772224780561752,0.01975216272075009,-0.5350346479390184,-0.10839746857828914,0.43478260869565216
ElasticNet,20,model,0.0,10,high,16,-0.0007396441005613629,0.02347835836236915,-0.11182536979331872,-0.11723695107852694,0.4375
ElasticNet,20,model,0.0,10,low,11,0.00425051328662099,0.015830407676442462,0.9530914011846537,-0.014640596958534147,0.5454545454545454
ElasticNet,20,model,0.0,10,mid,24,0.0002982036881949701,0.023772173577554723,0.04452761053305774,-0.08606652584161245,0.4583333333333333
ElasticNet,20,model,0.0,11,high,18,-0.003902288126428877,0.02347383742480005,-0.5900930676516911,-0.16697031765656112,0.4444444444444444
ElasticNet,20,model,0.0,11,low,10,0.00433079234283663,0.015180886470725921,1.0126409840557846,-0.01265344664778112,0.6
ElasticNet,20,model,0.0,11,mid,23,0.002870703853853513,0.02064635314780873,0.49354904214213996,-0.06523917373202381,0.6086956521739131
ElasticNet,20,model,0.0,12,high,18,-0.0022480481889943834,0.02492932735254684,-0.3200960600563814,-0.17421468374584903,0.4444444444444444
ElasticNet,20,model,0.0,12,low,9,0.0027291654684821,0.014931572945685506,0.648798115706327,-0.01318321785989185,0.5555555555555556
ElasticNet,20,model,0.0,12,mid,24,0.0021917838390084874,0.018888934304231178,0.41188458332383465,-0.068505111668835,0.625
ElasticNet,20,model,0.0,13,high,17,7.10740054793878e-05,0.027054737127906157,0.009325083846114449,-0.15145049209881656,0.5294117647058824
ElasticNet,20,model,0.0,13,low,9,0.003638120175175955,0.014696126117042291,0.8787380720101109,-0.013737565135006902,0.5555555555555556
ElasticNet,20,model,0.0,13,mid,25,0.00011884949252080855,0.01775404280325134,0.023762128583082152,-0.09164810432804649,0.56
ElasticNet,20,model,0.0,14,high,17,-0.00047219788426655385,0.026840551718219342,-0.06244790463458704,-0.1616929437856759,0.47058823529411764
ElasticNet,20,model,0.0,14,low,11,0.00026089631292020856,0.011836581543359663,0.0782396537394721,-0.013517427826591266,0.45454545454545453
ElasticNet,20,model,0.0,14,mid,23,0.001832918525678909,0.018061832657686717,0.3602190023354993,-0.08725797353397824,0.5652173913043478
ElasticNet,20,model,0.0,15,high,18,-0.0025001851211197113,0.026741241680771015,-0.33187601740345934,-0.18817785377244234,0.4444444444444444
ElasticNet,20,model,0.0,15,low,11,0.0017267817817579558,0.015936821658002323,0.3846103950251592,-0.01984805318138627,0.36363636363636365
ElasticNet,20,model,0.0,15,mid,22,0.002586489236024673,0.016903044083504452,0.5431640574155511,-0.07751038285671319,0.5454545454545454
ElasticNet,20,model,0.0,16,high,19,-0.002092158124392832,0.028042520845035168,-0.2648272839200065,-0.1989514294953636,0.42105263157894735
ElasticNet,20,model,0.0,16,low,11,0.0014466542479937455,0.015620758777996709,0.32873647450774734,-0.02404485839194004,0.36363636363636365
ElasticNet,20,model,0.0,16,mid,21,0.0026161411119791237,0.016183265270636224,0.5738260833083523,-0.07443511612004938,0.6190476190476191
ElasticNet,20,model,0.0,17,high,19,-0.0017729738937625687,0.02651140791604932,-0.23738584632094933,-0.18547419273413768,0.42105263157894735
ElasticNet,20,model,0.0,17,low,11,0.001045478062575791,0.014566111957793998,0.25477484922265486,-0.02147676518103181,0.45454545454545453
ElasticNet,20,model,0.0,17,mid,21,0.0024905388792056523,0.015673852242919346,0.5640308387728351,-0.0721997144251505,0.47619047619047616
ElasticNet,20,model,0.0,18,high,20,-0.0015458860250443505,0.02768714986126451,-0.19819125707560464,-0.19075250602922056,0.45
ElasticNet,20,model,0.0,18,low,11,0.002259780616324828,0.01564433635600091,0.5127367034659118,-0.017610661589719023,0.6363636363636364
ElasticNet,20,model,0.0,18,mid,19,0.002355173484454153,0.015119091865340288,0.5529456806468538,-0.06592620933721183,0.5789473684210527
ElasticNet,20,model,0.0,19,high,19,0.0020072007480371637,0.021695492233424263,0.32840259086974943,-0.1302414172572799,0.47368421052631576
ElasticNet,20,model,0.0,19,low,12,0.0042248893474885335,0.014874528695597272,1.0082248506566023,-0.01891634980988599,0.6666666666666666
ElasticNet,20,model,0.0,19,mid,19,-0.002422327365988636,0.02018802306584557,-0.4259163538073977,-0.11841665643567922,0.42105263157894735
ElasticNet,20,model,0.0005,0,high,20,-6.122661843580129e-06,0.020699708403032473,-0.001049932354010939,-0.13002163128151933,0.35
ElasticNet,20,model,0.0005,0,low,12,0.0046780096334156996,0.01624239852036915,1.0223420457029966,-0.022832780672667252,0.6666666666666666
ElasticNet,20,model,0.0005,0,mid,19,-0.002247437153739084,0.018333465851078576,-0.435139245913195,-0.09912695413300499,0.3684210526315789
ElasticNet,20,model,0.0005,1,high,21,0.0006548902450236287,0.019674278669182983,0.11815578107477327,-0.12428873307387822,0.38095238095238093
ElasticNet,20,model,0.0005,1,low,12,0.003821516525409775,0.016913074298783064,0.8020444866744749,-0.020966183574878783,0.6666666666666666
ElasticNet,20,model,0.0005,1,mid,18,-0.0028230570809916664,0.019116966166208182,-0.5241866552940722,-0.0993846690215413,0.2222222222222222
ElasticNet,20,model,0.0005,2,high,22,0.0007963644480334181,0.0205625872142964,0.13747362319409379,-0.1140935269751725,0.4090909090909091
ElasticNet,20,model,0.0005,2,low,12,0.003811691152309908,0.016278326115466507,0.8311764541014325,-0.025650769523086203,0.6666666666666666
ElasticNet,20,model,0.0005,2,mid,17,-0.003228135371535988,0.019645973068991893,-0.583261709916397,-0.10623243908509872,0.23529411764705882
ElasticNet,20,model,0.0005,3,high,22,-0.0012046141231440957,0.027413461974058334,-0.15598015165934967,-0.14800386060393766,0.36363636363636365
ElasticNet,20,model,0.0005,3,low,12,0.0035881227018453254,0.01718360853230413,0.7412047406373793,-0.02546318289786298,0.6666666666666666
ElasticNet,20,model,0.0005,3,mid,17,-0.0008547936255843175,0.013686964110052734,-0.22168658789691179,-0.06048610284220912,0.29411764705882354
ElasticNet,20,model,0.0005,4,high,22,-0.00248470250418415,0.02466323209076429,-0.3576100212151548,-0.17063485191445826,0.3181818181818182
ElasticNet,20,model,0.0005,4,low,11,0.004245228870979418,0.01702029815638379,0.8853586159586365,-0.015665545410860182,0.7272727272727273
ElasticNet,20,model,0.0005,4,mid,18,0.0006839284043608553,0.012655318548450013,0.19183278511574406,-0.0475959630591446,0.3333333333333333
ElasticNet,20,model,0.0005,5,high,22,-0.002226904790690105,0.02296679148832609,-0.3441807642426493,-0.16597288673302302,0.3181818181818182
ElasticNet,20,model,0.0005,5,low,11,0.005482031660725836,0.01603793823590829,1.2133281548267059,-0.016706673067691247,0.6363636363636364
ElasticNet,20,model,0.0005,5,mid,18,-0.00042682665440486146,0.01486450389236559,-0.10192632970318881,-0.06228776740268038,0.2777777777777778
ElasticNet,20,model,0.0005,6,high,22,-0.00040676907186914146,0.022455597123434937,-0.06429964705673649,-0.1472193138560135,0.3181818181818182
ElasticNet,20,model,0.0005,6,low,11,0.006084401802475672,0.01551577049270814,1.391969796645211,-0.012845277187560566,0.6363636363636364
ElasticNet,20,model,0.0005,6,mid,18,-0.0016356282690164828,0.01786493400917867,-0.32498885235253683,-0.08414898081905409,0.2777777777777778
ElasticNet,20,model,0.0005,7,high,20,0.0026885440662644546,0.023182710197197816,0.4116595789129647,-0.09930638606005071,0.35
ElasticNet,20,model,0.0005,7,low,11,0.005680910176302228,0.014986935082683808,1.345520654818555,-0.013844822613210517,0.6363636363636364
ElasticNet,20,model,0.0005,7,mid,20,-0.0034762788411156946,0.01604806707678889,-0.7689128992520374,-0.09176260824327032,0.25
ElasticNet,20,model,0.0005,8,high,18,0.004294239125609055,0.022461612607979402,0.6786261089496144,-0.08330366678533263,0.5
ElasticNet,20,model,0.0005,8,low,11,0.004716915492553746,0.015270719316476774,1.096437481657213,-0.01671469740634013,0.6363636363636364
ElasticNet,20,model,0.0005,8,mid,22,-0.00351279785753629,0.0158240629948559,-0.7879894965221734,-0.08285698282847953,0.2727272727272727
ElasticNet,20,model,0.0005,9,high,18,0.0037414351456122714,0.023809230470222306,0.5577995186132143,-0.08887123819609921,0.4444444444444444
ElasticNet,20,model,0.0005,9,low,10,0.004741604086314311,0.01657931116724691,1.0151823965976545,-0.01511650298478684,0.6
ElasticNet,20,model,0.0005,9,mid,23,-0.0030126098478819615,0.017899980714186664,-0.5974142821716816,-0.08620409839933463,0.30434782608695654
ElasticNet,20,model,0.0005,10,high,16,-0.0005944445854971503,0.01916786316865257,-0.11008368215558184,-0.08006685855820994,0.375
ElasticNet,20,model,0.0005,10,low,11,0.00425051328662099,0.015830407676442462,0.9530914011846537,-0.014640596958534147,0.5454545454545454
ElasticNet,20,model,0.0005,10,mid,24,-4.786793927116263e-05,0.02189230925437249,-0.007761370748703577,-0.0709981966827774,0.3333333333333333
ElasticNet,20,model,0.0005,11,high,18,-0.0031674601374359723,0.02074489611521218,-0.5419823780881987,-0.13196087840502346,0.3888888888888889
ElasticNet,20,model,0.0005,11,low,10,0.00433079234283663,0.015180886470725921,1.0126409840557846,-0.01265344664778112,0.6
ElasticNet,20,model,0.0005,11,mid,23,0.0022407945532779312,0.018705206017785213,0.4252309012407327,-0.050233751947932226,0.391304347826087
ElasticNet,20,model,0.0005,12,high,18,-0.0017930882264573888,0.023614300479304726,-0.269532938699292,-0.16031217289502842,0.3888888888888889
ElasticNet,20,model,0.0005,12,low,9,0.0027291654684821,0.014931572945685506,0.648798115706327,-0.01318321785989185,0.5555555555555556
ElasticNet,20,model,0.0005,12,mid,24,0.0015285145237536504,0.017183120737814875,0.31575686431345146,-0.04708149779735682,0.4166666666666667
ElasticNet,20,model,0.0005,13,high,17,-0.001662329810419706,0.025158904227355228,-0.23453666412644872,-0.15153534280700065,0.4117647058823529
ElasticNet,20,model,0.0005,13,low,9,0.003638120175175955,0.014696126117042291,0.8787380720101109,-0.013737565135006902,0.5555555555555556
ElasticNet,20,model,0.0005,13,mid,25,0.000453125826165528,0.015706292712227402,0.10240717864469322,-0.051486053955190014,0.36
ElasticNet,20,model,0.0005,14,high,17,-0.0025784849858923125,0.025222927056320687,-0.36287278305173704,-0.16177677029990178,0.35294117647058826
ElasticNet,20,model,0.0005,14,low,11,0.00026089631292020856,0.011836581543359663,0.0782396537394721,-0.013517427826591266,0.45454545454545453
ElasticNet,20,model,0.0005,14,mid,23,0.0019998625387452266,0.016585077410571296,0.42802379662964846,-0.05468678555098261,0.391304347826087
ElasticNet,20,model,0.0005,15,high,18,-0.0037065882120797225,0.02548405933972963,-0.5162867805343805,-0.18825903192808968,0.3333333333333333
ElasticNet,20,model,0.0005,15,low,11,0.0017267817817579558,0.015936821658002323,0.3846103950251592,-0.01984805318138627,0.36363636363636365
ElasticNet,20,model,0.0005,15,mid,22,0.0027123691888065768,0.015181347649901764,0.6341963661824738,-0.04460484915787499,0.36363636363636365
ElasticNet,20,model,0.0005,16,high,19,-0.004263170647756469,0.026425118496747852,-0.5726655345185997,-0.1990315303473048,0.2631578947368421
ElasticNet,20,model,0.0005,16,low,11,0.0014466542479937455,0.015620758777996709,0.32873647450774734,-0.02404485839194004,0.36363636363636365
ElasticNet,20,model,0.0005,16,mid,21,0.0032242138294130327,0.013953120435929778,0.8202339974130487,-0.043819913099750196,0.47619047619047616
ElasticNet,20,model,0.0005,17,high,19,-0.003830606933524663,0.024863212650886087,-0.5468845049423369,-0.1855556412423709,0.2631578947368421
ElasticNet,20,model,0.0005,17,low,11,0.001045478062575791,0.014566111957793998,0.25477484922265486,-0.02147676518103181,0.45454545454545453
ElasticNet,20,model,0.0005,17,mid,21,0.003274194210801395,0.01316865182608584,0.8825684405184001,-0.04020332717190367,0.38095238095238093
ElasticNet,20,model,0.0005,18,high,20,-0.0037891632822671857,0.026507702741133926,-0.5074070546512853,-0.19083342673251513,0.3
ElasticNet,20,model,0.0005,18,low,11,0.002259780616324828,0.01564433635600091,0.5127367034659118,-0.017610661589719023,0.6363636363636364
ElasticNet,20,model,0.0005,18,mid,19,0.002836048271694658,0.012808406717315245,0.7859660400095845,-0.03736243410709306,0.3684210526315789
ElasticNet,20,model,0.0005,19,high,19,6.232620143779995e-05,0.020909196006102828,0.010580802251103518,-0.1302414172572799,0.3157894736842105
ElasticNet,20,model,0.0005,19,low,12,0.0042248893474885335,0.014874528695597272,1.0082248506566023,-0.01891634980988599,0.6666666666666666
ElasticNet,20,model,0.0005,19,mid,19,-0.002372794475302279,0.01940655055928416,-0.43400731258973646,-0.09923828405449064,0.3157894736842105
ElasticNet,20,model,0.001,0,high,20,0.00075799486030952,0.0039020437352412225,0.6895398985311499,-0.0020684782314865924,0.05
ElasticNet,20,model,0.001,0,low,12,0.0,0.0,,0.0,0.0
ElasticNet,20,model,0.001,0,mid,19,0.0,0.0,,0.0,0.0
ElasticNet,20,model,0.001,1,high,21,0.0005360745671569714,0.0028095749583418477,0.6772824977475522,-0.0013701701267428978,0.047619047619047616
ElasticNet,20,model,0.001,1,low,12,0.0,0.0,,0.0,0.0
ElasticNet,20,model,0.001,1,mid,18,0.0,0.0,,0.0,0.0
ElasticNet,20,model,0.001,2,high,22,0.0006115287383482455,0.0023895835452162353,0.9084058549789907,-9.999500016666385e-05,0.09090909090909091
ElasticNet,20,model,0.001,2,low,12,0.0,0.0,,0.0,0.0
ElasticNet,20,model,0.001,2,mid,17,0.0,0.0,,0.0,0.0
ElasticNet,20,model,0.001,3,high,22,0.0013058016775536227,0.0049821950333543506,0.9303401637544574,-9.99950001664418e-05,0.09090909090909091
ElasticNet,20,model,0.001,3,low,12,0.0,0.0,,0.0,0.0
ElasticNet,20,model,0.001,3,mid,17,0.0,0.0,,0.0,0.0
ElasticNet,20,model,0.001,4,high,22,0.0007682115096568,0.008281237513802147,0.3292841612512852,-0.017032427038021658,0.045454545454545456
ElasticNet,20,model,0.001,4,low,11,0.0,0.0,,0.0,0.0
ElasticNet,20,model,0.001,4,mid,18,0.0,0.0,,0.0,0.0
ElasticNet,20,model,0.001,5,high,22,0.0007358434689513818,0.011124358199691514,0.23479873222582207,-0.026789919121604444,0.045454545454545456
ElasticNet,20,model,0.001,5,low,11,0.0,0.0,,0.0,0.0
ElasticNet,20,model,0.001,5,mid,18,0.0,0.0,,0.0,0.0
ElasticNet,20,model,0.001,6,high,22,-8.365410982460482e-05,0.00965053905144123,-0.030769538484959322,-0.031716688322012576,0.045454545454545456
ElasticNet,20,model,0.001,6,low,11,0.0,0.0,,0.0,0.0
ElasticNet,20,model,0.001,6,mid,18,0.0,0.0,,0.0,0.0
ElasticNet,20,model,0.001,7,high,20,0.00039416186637761496,0.009405131354127346,0.1487630291046659,-0.024541602958598863,0.05
ElasticNet,20,model,0.001,7,low,11,0.0,0.0,,0.0,0.0
ElasticNet,20,model,0.001,7,mid,20,0.0,0.0,,0.0,0.0
ElasticNet,20,model,0.001,8,high,18,-0.0007911193359595946,0.010729426580584895,-0.2617283453689253,-0.03703115396020018,0.05555555555555555
ElasticNet,20,model,0.001,8,low,11,0.0,0.0,,0.0,0.0
ElasticNet,20,model,0.001,8,mid,22,0.0,0.0,,0.0,0.0
ElasticNet,20,model,0.001,9,high,18,-0.0017958309128936227,0.017217006975411116,-0.37024828901359946,-0.062047731608575796,0.05555555555555555
ElasticNet,20,model,0.001,9,low,10,0.0,0.0,,0.0,0.0
ElasticNet,20,model,0.001,9,mid,23,0.0,0.0,,0.0,0.0
ElasticNet,20,model,0.001,10,high,16,-0.0017917329036483437,0.01365366142426711,-0.46581064867253297,-0.048113758182057986,0.0625
ElasticNet,20,model,0.001,10,low,11,0.0,0.0,,0.0,0.0
ElasticNet,20,model,0.001,10,mid,24,0.0,0.0,,0.0,0.0
ElasticNet,20,model,0.001,11,high,18,-0.001965669988661483,0.01323245935611078,-0.5272970126205085,-0.05119628527617737,0.05555555555555555
ElasticNet,20,model,0.001,11,low,10,0.0,0.0,,0.0,0.0
ElasticNet,20,model,0.001,11,mid,23,0.0,0.0,,0.0,0.0
ElasticNet,20,model,0.001,12,high,18,-0.0022446981369383446,0.015492872270095093,-0.5142937875787755,-0.059396596465017826,0.05555555555555555
ElasticNet,20,model,0.001,12,low,9,0.0,0.0,,0.0,0.0
ElasticNet,20,model,0.001,12,mid,24,0.0,0.0,,0.0,0.0
ElasticNet,20,model,0.001,13,high,17,0.0007909949318342235,0.0032872141883669593,0.8541437563732581,-9.999500016677487e-05,0.058823529411764705
ElasticNet,20,model,0.001,13,low,9,0.0,0.0,,0.0,0.0
ElasticNet,20,model,0.001,13,mid,25,0.0,0.0,,0.0,0.0
ElasticNet,20,model,0.001,14,high,17,-0.0006282158600399941,0.0025645451771103434,-0.869528487665687,-0.010622844420436928,0.0
ElasticNet,20,model,0.001,14,low,11,0.0,0.0,,0.0,0.0
ElasticNet,20,model,0.001,14,mid,23,0.0,0.0,,0.0,0.0
ElasticNet,20,model,0.001,15,high,18,-0.0010480930707459832,0.004421788199218477,-0.8413703163452774,-0.018688832255471577,0.0
ElasticNet,20,model,0.001,15,low,11,0.0,0.0,,0.0,0.0
ElasticNet,20,model,0.001,15,mid,22,0.0,0.0,,0.0,0.0
ElasticNet,20,model,0.001,16,high,19,0.0010338993827812683,0.013029502013857,0.2816668463488322,-0.027789803218547404,0.05263157894736842
ElasticNet,20,model,0.001,16,low,11,0.0,0.0,,0.0,0.0
ElasticNet,20,model,0.001,16,mid,21,0.0,0.0,,0.0,0.0
ElasticNet,20,model,0.001,17,high,19,0.00047145121863269486,0.010306725351521748,0.16236833299484926,-0.025852304187551134,0.05263157894736842
ElasticNet,20,model,0.001,17,low,11,0.0,0.0,,0.0,0.0
ElasticNet,20,model,0.001,17,mid,21,0.0,0.0,,0.0,0.0
ElasticNet,20,model,0.001,18,high,20,0.0003985731832013101,0.006267898162754272,0.22572071434422633,-0.014886934940476104,0.05
ElasticNet,20,model,0.001,18,low,11,0.0,0.0,,0.0,0.0
ElasticNet,20,model,0.001,18,mid,19,0.0,0.0,,0.0,0.0
ElasticNet,20,model,0.001,19,high,19,0.0005724697152415737,0.006175598181143778,0.32904762351136707,-0.012317824172925707,0.05263157894736842
ElasticNet,20,model,0.001,19,low,12,0.0,0.0,,0.0,0.0
ElasticNet,20,model,0.001,19,mid,19,0.0,0.0,,0.0,0.0
LSTM,20,model,0.0,0,high,20,0.011970453995990404,0.017646812033706438,2.407851143139147,-0.021323388793267894,0.75
LSTM,20,model,0.0,0,low,12,0.002007003211309474,0.01681206137709951,0.4237525972591638,-0.019417523560679384,0.5833333333333334
LSTM,20,model,0.0,0,mid,19,0.00990025679757025,0.015999479483165383,2.1964730471098592,-0.016375509699706803,0.7368421052631579
LSTM,20,model,0.0,1,high,21,0.009281124898960911,0.018165848909724835,1.81355274896416,-0.022288802761086468,0.6666666666666666
LSTM,20,model,0.0,1,low,12,-0.0009866693559258417,0.017365111291091445,-0.20168766665577437,-0.036096034012044975,0.5
LSTM,20,model,0.0,1,mid,18,0.006213555695208051,0.019177574033125224,1.150089927936313,-0.03094596422735152,0.6111111111111112
LSTM,20,model,0.0,2,high,22,0.009041620171422494,0.019234506106893243,1.6685932876679876,-0.025565024082993326,0.7272727272727273
LSTM,20,model,0.0,2,low,12,0.0008801178454133177,0.01670236520517816,0.18704587025964442,-0.030447433956140357,0.5833333333333334
LSTM,20,model,0.0,2,mid,17,0.002907956784825705,0.020130740829556022,0.5127592021723167,-0.060096178895524544,0.5882352941176471
LSTM,20,model,0.0,3,high,22,0.005153686529045355,0.027259803830675267,0.6710896572617657,-0.09501342139053415,0.6363636363636364
LSTM,20,model,0.0,3,low,12,-0.0007306465062125508,0.017539620362425824,-0.14786738599849394,-0.03265787385728347,0.5833333333333334
LSTM,20,model,0.0,3,mid,17,-0.000595146826731294,0.015139706335731693,-0.1395378231858181,-0.07005828790173863,0.4117647058823529
LSTM,20,model,0.0,4,high,22,0.006881246354149492,0.02461459783794285,0.9923380273690646,-0.08181213022377232,0.5909090909090909
LSTM,20,model,0.0,4,low,11,-0.0023789509610508547,0.017406082881276166,-0.4851429393386811,-0.03713337406955142,0.5454545454545454
LSTM,20,model,0.0,4,mid,18,-0.0003470127049796329,0.0151155052805871,-0.08149068695885417,-0.0596188006106787,0.4444444444444444
LSTM,20,model,0.0,5,high,22,0.007559554090150477,0.022972475668815173,1.1680828596814583,-0.0785752165458723,0.6818181818181818
LSTM,20,model,0.0,5,low,11,0.0017806152184030631,0.016867459159324544,0.3747189755933239,-0.03729141018421467,0.5454545454545454
LSTM,20,model,0.0,5,mid,18,-0.00021860780192932763,0.01617731810601635,-0.04796720404258953,-0.07854912555578275,0.4444444444444444
LSTM,20,model,0.0,6,high,22,0.006931120036952055,0.02211813620087801,1.112346684705404,-0.08317422971911881,0.6363636363636364
LSTM,20,model,0.0,6,low,11,0.0018381249100369091,0.01660915136965571,0.39283741994001375,-0.02773184841514653,0.5454545454545454
LSTM,20,model,0.0,6,mid,18,-0.0005512172916437509,0.018580830174785415,-0.10530354492816457,-0.09597810867742018,0.3888888888888889
LSTM,20,model,0.0,7,high,20,0.007695787661591876,0.022884238951955554,1.1937183638579478,-0.0862215685036346,0.65
LSTM,20,model,0.0,7,low,11,0.002965910254461955,0.015749950940462304,0.668442527646191,-0.023900371539291254,0.5454545454545454
LSTM,20,model,0.0,7,mid,20,-0.0009786088576081901,0.017090156803536066,-0.2032583367588576,-0.10950090813652125,0.35
LSTM,20,model,0.0,8,high,18,0.010286265929199699,0.022717845493836823,1.607222038476335,-0.06878006671388803,0.7777777777777778
LSTM,20,model,0.0,8,low,11,-0.0003802807485553363,0.016018093520989096,-0.084271124231442,-0.026128663517340223,0.45454545454545453
LSTM,20,model,0.0,8,mid,22,-0.0016028185515504503,0.017744694428143318,-0.3206277504705434,-0.09809137883135022,0.3181818181818182
LSTM,20,model,0.0,9,high,18,0.005195818139073255,0.026660578607365967,0.6917826151171559,-0.11176034997088302,0.6111111111111112
LSTM,20,model,0.0,9,low,10,-0.004445402061338789,0.016737252871034402,-0.9427838653862822,-0.05911126834085978,0.3
LSTM,20,model,0.0,9,mid,23,0.005153491767745955,0.019196153022907194,0.9529555767704992,-0.05289163401044561,0.5217391304347826
LSTM,20,model,0.0,10,high,16,0.004537163511050875,0.022996846996317245,0.7003278664586648,-0.08113284536321441,0.5625
LSTM,20,model,0.0,10,low,11,-0.005209271052523772,0.015580382773070207,-1.1868179469296436,-0.057370641397467614,0.2727272727272727
LSTM,20,model,0.0,10,mid,24,0.006821543548138838,0.022656553760337105,1.0687449548128631,-0.06334614982009967,0.625
LSTM,20,model,0.0,11,high,18,0.004120346601747678,0.023422267531747993,0.6244390948977463,-0.09686203795552661,0.6111111111111112
LSTM,20,model,0.0,11,low,10,-0.0027898571693540197,0.015615519731940584,-0.6341774547634494,-0.061677331094993404,0.4
LSTM,20,model,0.0,11,mid,23,0.005733621060612583,0.01997801817078185,1.0187364737785736,-0.05024144932559926,0.6086956521739131
LSTM,20,model,0.0,12,high,18,0.005498095715063372,0.024377253250484808,0.8005948636921058,-0.09541511771995059,0.6666666666666666
LSTM,20,model,0.0,12,low,9,-0.0005215425066512559,0.015237003111192176,-0.12149976174882506,-0.026322093112812972,0.4444444444444444
LSTM,20,model,0.0,12,mid,24,0.0017650536463222292,0.01889833472777875,0.33152756611123513,-0.07560564541384651,0.5416666666666666
LSTM,20,model,0.0,13,high,17,0.00463359009020114,0.026620521576631268,0.6178546557075836,-0.10291376156454102,0.5882352941176471
LSTM,20,model,0.0,13,low,9,-0.006138901326222322,0.013848765819179633,-1.5734931401414385,-0.043532883907360764,0.3333333333333333
LSTM,20,model,0.0,13,mid,25,0.0017020587301629117,0.017646100721603254,0.342382107028463,-0.07709987534681506,0.48
LSTM,20,model,0.0,14,high,17,0.005272458647845199,0.02627689086979321,0.712236911930925,-0.10763891376136203,0.5294117647058824
LSTM,20,model,0.0,14,low,11,-0.003386508274599546,0.011374093906204797,-1.0568676487396602,-0.03939736082155387,0.36363636363636365
LSTM,20,model,0.0,14,mid,23,0.0011347023620166608,0.01807736607370708,0.2228086661427729,-0.04900197391368222,0.6521739130434783
LSTM,20,model,0.0,15,high,18,0.004264659833576694,0.026486406578129486,0.5715399954039785,-0.12989544464604497,0.5555555555555556
LSTM,20,model,0.0,15,low,11,-0.008251193579867882,0.013574072973350858,-2.1577040120588413,-0.08013277346526115,0.2727272727272727
LSTM,20,model,0.0,15,mid,22,-0.0003003574283843003,0.01715369326570016,-0.06215356013114372,-0.046797571146825256,0.5454545454545454
LSTM,20,model,0.0,16,high,19,0.0006545557409993519,0.028122423675211738,0.08261885314638832,-0.1348079087993116,0.47368421052631576
LSTM,20,model,0.0,16,low,11,-0.007552259518751001,0.013619754517604995,-1.9683072759285507,-0.07712243375156658,0.2727272727272727
LSTM,20,model,0.0,16,mid,21,0.0008023093866879856,0.016402753615803234,0.17362425066738074,-0.04542509226315283,0.6190476190476191
LSTM,20,model,0.0,17,high,19,0.0012683562281138414,0.026546437592402407,0.16959782146573987,-0.11291823781746901,0.47368421052631576
LSTM,20,model,0.0,17,low,11,-0.0032340979496091452,0.014252657541644887,-0.8054574288482529,-0.04435058066537767,0.36363636363636365
LSTM,20,model,0.0,17,mid,21,-0.0021706720249048002,0.015749129254649837,-0.48924110055751974,-0.05622730878175397,0.47619047619047616
LSTM,20,model,0.0,18,high,20,0.0001999648942398404,0.027745614786426582,0.025582599857633247,-0.11023229161277615,0.45
LSTM,20,model,0.0,18,low,11,-0.005736241486161763,0.014645505740559244,-1.3902993678098703,-0.0462385647916721,0.5454545454545454
LSTM,20,model,0.0,18,mid,19,0.00013270619970875226,0.015322855285482993,0.03074233035142245,-0.05910418535911133,0.3684210526315789
LSTM,20,model,0.0,19,high,19,-0.0006565729652128681,0.021792734867805655,-0.10694402705822677,-0.09918162866466795,0.47368421052631576
LSTM,20,model,0.0,19,low,12,-0.005278260123777266,0.014542457875296002,-1.2883630102693613,-0.06256615893315598,0.25
LSTM,20,model,0.0,19,mid,19,0.00299558563077661,0.020097092039996482,0.5290951612356047,-0.061069724776621315,0.47368421052631576
LSTM,20,model,0.0005,0,high,20,0.011970453995990404,0.017646812033706438,2.407851143139147,-0.021323388793267894,0.75
LSTM,20,model,0.0005,0,low,12,0.0006858999363221407,0.016247058964046986,0.14985501396225484,-0.019417523560679384,0.5
LSTM,20,model,0.0005,0,mid,19,0.009905519955464988,0.016001627865745594,2.1973456766257207,-0.016375509699706692,0.7368421052631579
LSTM,20,model,0.0005,1,high,21,0.010354503561030976,0.01681416265614363,2.1859453997514033,-0.019789674952198633,0.6666666666666666
LSTM,20,model,0.0005,1,low,12,-0.0009866693559258417,0.017365111291091445,-0.20168766665577437,-0.036096034012044975,0.5
LSTM,20,model,0.0005,1,mid,18,0.006213555695208051,0.019177574033125224,1.150089927936313,-0.03094596422735152,0.6111111111111112
LSTM,20,model,0.0005,2,high,22,0.009041620171422494,0.019234506106893243,1.6685932876679876,-0.025565024082993326,0.7272727272727273
LSTM,20,model,0.0005,2,low,12,0.0008801178454133177,0.01670236520517816,0.18704587025964442,-0.030447433956140357,0.5833333333333334
LSTM,20,model,0.0005,2,mid,17,0.002907956784825705,0.020130740829556022,0.5127592021723167,-0.060096178895524544,0.5882352941176471
LSTM,20,model,0.0005,3,high,22,0.005153686529045355,0.027259803830675267,0.6710896572617657,-0.09501342139053415,0.6363636363636364
LSTM,20,model,0.0005,3,low,12,-0.0007306465062125421,0.017547278398834958,-0.1478028532658392,-0.03265787385728347,0.5833333333333334
LSTM,20,model,0.0005,3,mid,17,-0.0002695112409353526,0.014559361870236135,-0.06570823713401676,-0.06489603653555664,0.35294117647058826
LSTM,20,model,0.0005,4,high,22,0.006881246354149492,0.02461459783794285,0.9923380273690646,-0.08181213022377232,0.5909090909090909
LSTM,20,model,0.0005,4,low,11,-0.0023789509610508547,0.017406082881276166,-0.4851429393386811,-0.03713337406955142,0.5454545454545454
LSTM,20,model,0.0005,4,mid,18,-0.0003470127049796329,0.0151155052805871,-0.08149068695885417,-0.0596188006106787,0.4444444444444444
LSTM,20,model,0.0005,5,high,22,0.007559554090150477,0.022972475668815173,1.1680828596814583,-0.0785752165458723,0.6818181818181818
LSTM,20,model,0.0005,5,low,11,0.0017806152184030631,0.016867459159324544,0.3747189755933239,-0.03729141018421467,0.5454545454545454
LSTM,20,model,0.0005,5,mid,18,7.905778059592783e-05,0.01613394451902789,0.01739359411811618,-0.07854912555578275,0.4444444444444444
LSTM,20,model,0.0005,6,high,22,0.006931120036952055,0.02211813620087801,1.112346684705404,-0.08317422971911881,0.6363636363636364
LSTM,20,model,0.0005,6,low,11,0.0018381249100369091,0.01660915136965571,0.39283741994001375,-0.02773184841514653,0.5454545454545454
LSTM,20,model,0.0005,6,mid,18,-0.0005512172916437509,0.018580830174785415,-0.10530354492816457,-0.09597810867742018,0.3888888888888889
LSTM,20,model,0.0005,7,high,20,0.007695787661591876,0.022884238951955554,1.1937183638579478,-0.0862215685036346,0.65
LSTM,20,model,0.0005,7,low,11,0.002965910254461955,0.015749950940462304,0.668442527646191,-0.023900371539291254,0.5454545454545454
LSTM,20,model,0.0005,7,mid,20,-0.0009786088576081901,0.017090156803536066,-0.2032583367588576,-0.10950090813652125,0.35
LSTM,20,model,0.0005,8,high,18,0.010286265929199699,0.022717845493836823,1.607222038476335,-0.06878006671388803,0.7777777777777778
LSTM,20,model,0.0005,8,low,11,-0.0003802807485553363,0.016018093520989096,-0.084271124231442,-0.026128663517340223,0.45454545454545453
LSTM,20,model,0.0005,8,mid,22,-0.0014044448980687822,0.017726510052688507,-0.2812332955526785,-0.09809137883135022,0.3181818181818182
LSTM,20,model,0.0005,9,high,18,0.005195818139073255,0.026660578607365967,0.6917826151171559,-0.11176034997088302,0.6111111111111112
LSTM,20,model,0.0005,9,low,10,-0.0032954465359455094,0.016583219781258398,-0.7053922537875253,-0.048229015772948136,0.3
LSTM,20,model,0.0005,9,mid,23,0.0060741159115787514,0.01860161639071128,1.1590913474370605,-0.05289163401044561,0.5217391304347826
LSTM,20,model,0.0005,10,high,16,0.004537163511050875,0.022996846996317245,0.7003278664586648,-0.08113284536321441,0.5625
LSTM,20,model,0.0005,10,low,11,-0.0041547817353877825,0.01548736602438732,-0.9522608372223159,-0.04637306367301397,0.2727272727272727
LSTM,20,model,0.0005,10,mid,24,0.0073240891911742585,0.022359794124572438,1.1627091667871874,-0.06334614982009967,0.625
LSTM,20,model,0.0005,11,high,18,0.004120346601747678,0.023422267531747993,0.6244390948977463,-0.09686203795552661,0.6111111111111112
LSTM,20,model,0.0005,11,low,10,-0.0027898571693540197,0.015615519731940584,-0.6341774547634494,-0.061677331094993404,0.4
LSTM,20,model,0.0005,11,mid,23,0.005733621060612583,0.01997801817078185,1.0187364737785736,-0.05024144932559926,0.6086956521739131
LSTM,20,model,0.0005,12,high,18,0.005498095715063372,0.024377253250484808,0.8005948636921058,-0.09541511771995059,0.6666666666666666
LSTM,20,model,0.0005,12,low,9,-0.003190372288725034,0.012227228531240157,-0.9261868435515237,-0.026322093112812972,0.3333333333333333
LSTM,20,model,0.0005,12,mid,24,0.001736056115303979,0.01890515734692399,0.325963321995226,-0.07551320135626205,0.5
LSTM,20,model,0.0005,13,high,17,0.0034572198834999825,0.026344241557743196,0.4658290567296878,-0.10300346570310293,0.5294117647058824
LSTM,20,model,0.0005,13,low,9,-0.006127790215111211,0.013846454594099666,-1.5709073637728121,-0.04343723241325659,0.3333333333333333
LSTM,20,model,0.0005,13,mid,25,0.0017733458777440755,0.017626065546817858,0.357127539367133,-0.07709987534681506,0.48
LSTM,20,model,0.0005,14,high,17,0.005272458647845199,0.02627689086979321,0.712236911930925,-0.10763891376136203,0.5294117647058824
LSTM,20,model,0.0005,14,low,11,-0.0042815722715828005,0.010613850178544357,-1.4319095933911978,-0.03939736082155387,0.2727272727272727
LSTM,20,model,0.0005,14,mid,23,0.0023425617296636697,0.016954066295540977,0.49045869638380674,-0.04900197391368222,0.6521739130434783
LSTM,20,model,0.0005,15,high,18,0.004264659833576694,0.026486406578129486,0.5715399954039785,-0.12989544464604497,0.5555555555555556
LSTM,20,model,0.0005,15,low,11,-0.008242526078225336,0.013591431546366238,-2.152684581901787,-0.08004506682657564,0.2727272727272727
LSTM,20,model,0.0005,15,mid,22,-0.0018481342313694956,0.014464922114944568,-0.45352651645582626,-0.06380523623267376,0.45454545454545453
LSTM,20,model,0.0005,16,high,19,0.0006545557409993519,0.028122423675211738,0.08261885314638832,-0.1348079087993116,0.47368421052631576
LSTM,20,model,0.0005,16,low,11,-0.006949106785740955,0.013805013795802118,-1.7868060448396115,-0.07097907930177472,0.2727272727272727
LSTM,20,model,0.0005,16,mid,21,0.0013059948643588237,0.016193686103009385,0.2862734190863185,-0.04542509226315283,0.6190476190476191
LSTM,20,model,0.0005,17,high,19,0.0012683562281138414,0.026546437592402407,0.16959782146573987,-0.11291823781746901,0.47368421052631576
LSTM,20,model,0.0005,17,low,11,-0.004725725306808545,0.012426817729907494,-1.3498758196544522,-0.04214183778555958,0.2727272727272727
LSTM,20,model,0.0005,17,mid,21,-0.0036165368076036,0.013898531611979313,-0.9236538458720942,-0.06498719481288928,0.42857142857142855
LSTM,20,model,0.0005,18,high,20,0.0001999648942398404,0.027745614786426582,0.025582599857633247,-0.11023229161277615,0.45
LSTM,20,model,0.0005,18,low,11,-0.005736241486161763,0.014645505740559244,-1.3902993678098703,-0.0462385647916721,0.5454545454545454
LSTM,20,model,0.0005,18,mid,19,0.00013270619970875226,0.015322855285482993,0.03074233035142245,-0.05910418535911133,0.3684210526315789
LSTM,20,model,0.0005,19,high,19,-0.0006565729652128681,0.021792734867805655,-0.10694402705822677,-0.09918162866466795,0.47368421052631576
LSTM,20,model,0.0005,19,low,12,-0.004690003682489193,0.014601929986865417,-1.1401137792166622,-0.05592532950189555,0.25
LSTM,20,model,0.0005,19,mid,19,0.00299558563077661,0.020097092039996482,0.5290951612356047,-0.061069724776621315,0.47368421052631576
LSTM,20,model,0.001,0,high,20,0.011970453995990404,0.017646812033706438,2.407851143139147,-0.021323388793267894,0.75
LSTM,20,model,0.001,0,low,12,-0.00020343593562795857,0.015955493332875114,-0.04525876577359255,-0.019417523560679384,0.4166666666666667
LSTM,20,model,0.001,0,mid,19,0.009317651071349273,0.015235805920942886,2.170832343830795,-0.016375509699706914,0.6842105263157895
LSTM,20,model,0.001,1,high,21,0.009360100305089682,0.016783162215217338,1.9796662681070984,-0.01978967495219852,0.6190476190476191
LSTM,20,model,0.001,1,low,12,-0.0009866693559258417,0.017365111291091445,-0.20168766665577437,-0.036096034012044975,0.5
LSTM,20,model,0.001,1,mid,18,0.006213555695208051,0.019177574033125224,1.150089927936313,-0.03094596422735152,0.6111111111111112
LSTM,20,model,0.001,2,high,22,0.009041620171422494,0.019234506106893243,1.6685932876679876,-0.025565024082993326,0.7272727272727273
LSTM,20,model,0.001,2,low,12,0.00040374459694905083,0.016644618645666354,0.08610297292096443,-0.030447433956140357,0.5
LSTM,20,model,0.001,2,mid,17,0.002907956784825705,0.020130740829556022,0.5127592021723167,-0.060096178895524544,0.5882352941176471
LSTM,20,model,0.001,3,high,22,0.004676912281249581,0.027229758471667514,0.6096782582163655,-0.10529027658183332,0.5909090909090909
LSTM,20,model,0.001,3,low,12,-0.0007306465062125421,0.017547278398834958,-0.1478028532658392,-0.03265787385728347,0.5833333333333334
LSTM,20,model,0.001,3,mid,17,-0.0002695112409353526,0.014559361870236135,-0.06570823713401676,-0.06489603653555664,0.35294117647058826
LSTM,20,model,0.001,4,high,22,0.006881246354149492,0.02461459783794285,0.9923380273690646,-0.08181213022377232,0.5909090909090909
LSTM,20,model,0.001,4,low,11,-0.0023789509610508547,0.017406082881276166,-0.4851429393386811,-0.03713337406955142,0.5454545454545454
LSTM,20,model,0.001,4,mid,18,-0.0007203679012234386,0.015021417822352197,-0.17022709948778483,-0.05971283402886851,0.3888888888888889
LSTM,20,model,0.001,5,high,22,0.007564099544695931,0.022966668458071972,1.1690807434806845,-0.0785752165458723,0.6818181818181818
LSTM,20,model,0.001,5,low,11,0.0017806152184030631,0.016867459159324544,0.3747189755933239,-0.03729141018421467,0.5454545454545454
LSTM,20,model,0.001,5,mid,18,-0.0008849101796490999,0.015555567428177042,-0.20192895879316447,-0.07854912555578275,0.3888888888888889
LSTM,20,model,0.001,6,high,22,0.008199374692187787,0.02078692765491868,1.4001536635655525,-0.07224871930754273,0.6363636363636364
LSTM,20,model,0.001,6,low,11,0.0018381249100369091,0.01660915136965571,0.39283741994001375,-0.02773184841514653,0.5454545454545454
LSTM,20,model,0.001,6,mid,18,-0.0005512172916437509,0.018580830174785415,-0.10530354492816457,-0.09597810867742018,0.3888888888888889
LSTM,20,model,0.001,7,high,20,0.007695787661591876,0.022884238951955554,1.1937183638579478,-0.0862215685036346,0.65
LSTM,20,model,0.001,7,low,11,0.0013346105496044728,0.014991527391278583,0.31600499207651817,-0.02399797662180192,0.45454545454545453
LSTM,20,model,0.001,7,mid,20,-0.0009786088576081901,0.017090156803536066,-0.2032583367588576,-0.10950090813652125,0.35
LSTM,20,model,0.001,8,high,18,0.008206587115172699,0.021771773525797886,1.3379936383076003,-0.06878006671388814,0.7222222222222222
LSTM,20,model,0.001,8,low,11,-0.0003802807485553363,0.016018093520989096,-0.084271124231442,-0.026128663517340223,0.45454545454545453
LSTM,20,model,0.001,8,mid,22,-0.0007320837190014231,0.017484039167641983,-0.14862923771766465,-0.09809137883135022,0.3181818181818182
LSTM,20,model,0.001,9,high,18,0.005195818139073255,0.026660578607365967,0.6917826151171559,-0.11176034997088302,0.6111111111111112
LSTM,20,model,0.001,9,low,10,-0.00199101719904568,0.016231999809940514,-0.4353998301009445,-0.035732508977514676,0.3
LSTM,20,model,0.001,9,mid,23,0.005141785455559514,0.01834633162167035,0.9948325455997101,-0.05651728641324838,0.4782608695652174
LSTM,20,model,0.001,10,high,16,0.004537163511050875,0.022996846996317245,0.7003278664586648,-0.08113284536321441,0.5625
LSTM,20,model,0.001,10,low,11,-0.0041547817353877825,0.01548736602438732,-0.9522608372223159,-0.04637306367301397,0.2727272727272727
LSTM,20,model,0.001,10,mid,24,0.0073240891911742585,0.022359794124572438,1.1627091667871874,-0.06334614982009967,0.625
LSTM,20,model,0.001,11,high,18,0.004120346601747678,0.023422267531747993,0.6244390948977463,-0.09686203795552661,0.6111111111111112
LSTM,20,model,0.001,11,low,10,-0.004320772934873839,0.014382753359086838,-1.0663620561033125,-0.06177115867042682,0.3
LSTM,20,model,0.001,11,mid,23,0.005272850955431369,0.019971387182839598,0.9371789746341396,-0.05024144932559926,0.5652173913043478
LSTM,20,model,0.001,12,high,18,0.005498095715063372,0.024377253250484808,0.8005948636921058,-0.09541511771995059,0.6666666666666666
LSTM,20,model,0.001,12,low,9,-0.003190372288725034,0.012227228531240157,-0.9261868435515237,-0.026322093112812972,0.3333333333333333
LSTM,20,model,0.001,12,mid,24,0.0023718478012275494,0.018569924475314588,0.45337957655405714,-0.07551320135626205,0.5
LSTM,20,model,0.001,13,high,17,0.0034572198834999825,0.026344241557743196,0.4658290567296878,-0.10300346570310293,0.5294117647058824
LSTM,20,model,0.001,13,low,9,-0.006127790215111211,0.013846454594099666,-1.5709073637728121,-0.04343723241325659,0.3333333333333333
LSTM,20,model,0.001,13,mid,25,0.0017733458777440755,0.017626065546817858,0.357127539367133,-0.07709987534681506,0.48
LSTM,20,model,0.001,14,high,17,0.005272458647845199,0.02627689086979321,0.712236911930925,-0.10763891376136203,0.5294117647058824
LSTM,20,model,0.001,14,low,11,-0.0042815722715828005,0.010613850178544357,-1.4319095933911978,-0.03939736082155387,0.2727272727272727
LSTM,20,model,0.001,14,mid,23,0.001989323148256178,0.016921983072782615,0.41729132131256247,-0.04900197391368222,0.6086956521739131
LSTM,20,model,0.001,15,high,18,0.004264659833576694,0.026486406578129486,0.5715399954039785,-0.12989544464604497,0.5555555555555556
LSTM,20,model,0.001,15,low,11,-0.008242526078225336,0.013591431546366238,-2.152684581901787,-0.08004506682657564,0.2727272727272727
LSTM,20,model,0.001,15,mid,22,-0.0018391767881531232,0.014457628009132582,-0.45155608957703114,-0.06362072800173879,0.45454545454545453
LSTM,20,model,0.001,16,high,19,0.002536418017958657,0.026708308815014892,0.3371007455724548,-0.1348079087993116,0.47368421052631576
LSTM,20,model,0.001,16,low,11,-0.006949106785740955,0.013805013795802118,-1.7868060448396115,-0.07097907930177472,0.2727272727272727
LSTM,20,model,0.001,16,mid,21,0.0013059948643588237,0.016193686103009385,0.2862734190863185,-0.04542509226315283,0.6190476190476191
LSTM,20,model,0.001,17,high,19,0.0006825070073522993,0.026441633478278277,0.09162291530902064,-0.11291823781746901,0.42105263157894735
LSTM,20,model,0.001,17,low,11,-0.004915984128155673,0.012331693501939066,-1.4150540301726067,-0.04414439214921195,0.18181818181818182
LSTM,20,model,0.001,17,mid,21,-0.003621298712365505,0.013895014418281946,-0.9251041325701279,-0.06508069141849981,0.42857142857142855
LSTM,20,model,0.001,18,high,20,-0.0006995509574890749,0.027435792012756696,-0.09050803289931901,-0.1132098804606464,0.4
LSTM,20,model,0.001,18,low,11,-0.0062621850469033544,0.01431492088592831,-1.5528239373127832,-0.051740505577413276,0.45454545454545453
LSTM,20,model,0.001,18,mid,19,-0.00027546412937536855,0.015208303828658688,-0.06429386676359497,-0.05910418535911133,0.3157894736842105
LSTM,20,model,0.001,19,high,19,-0.0006565729652128681,0.021792734867805655,-0.10694402705822677,-0.09918162866466795,0.47368421052631576
LSTM,20,model,0.001,19,low,12,-0.004028904192793934,0.014616387240056634,-0.9784354335267783,-0.048406015454995566,0.25
LSTM,20,model,0.001,19,mid,19,0.0029903224728818727,0.020104011889371737,0.5279837603792151,-0.061163613109648796,0.47368421052631576
Lasso,20,model,0.0,0,high,20,0.0009320545674596946,0.021502071156719423,0.15386729426492826,-0.13002163128151956,0.45
Lasso,20,model,0.0,0,low,12,0.0046780096334156996,0.01624239852036915,1.0223420457029966,-0.022832780672667252,0.6666666666666666
Lasso,20,model,0.0,0,mid,19,-0.0017312773993997308,0.018955997969841362,-0.32419422826974725,-0.11064721573172587,0.47368421052631576
Lasso,20,model,0.0,1,high,21,0.0020345277204882094,0.020430366907307613,0.35348640687497807,-0.12428873307387833,0.5238095238095238
Lasso,20,model,0.0,1,low,12,0.003821516525409775,0.016913074298783064,0.8020444866744749,-0.020966183574878783,0.6666666666666666
Lasso,20,model,0.0,1,mid,18,-0.0030000192901926443,0.02001807871312292,-0.531969737734598,-0.11976533665430622,0.3333333333333333
Lasso,20,model,0.0,2,high,22,0.0016458237313607957,0.021311961619062757,0.27412280514638176,-0.1140935269751725,0.5
Lasso,20,model,0.0,2,low,12,0.003811691152309908,0.016278326115466507,0.8311764541014325,-0.025650769523086203,0.6666666666666666
Lasso,20,model,0.0,2,mid,17,-0.0026488394530911593,0.020184442697713058,-0.4658264517420077,-0.11467277043817392,0.35294117647058826
Lasso,20,model,0.0,3,high,22,-0.0008991782782776503,0.027756122584824666,-0.11499323258708684,-0.15790163176465333,0.5
Lasso,20,model,0.0,3,low,12,0.0035881227018453254,0.01718360853230413,0.7412047406373793,-0.02546318289786298,0.6666666666666666
Lasso,20,model,0.0,3,mid,17,0.0007720920584488938,0.015138607281270434,0.18103745474654817,-0.06576696787477698,0.47058823529411764
Lasso,20,model,0.0,4,high,22,-0.002318596089959313,0.025495725214938286,-0.32280704323590226,-0.18208595359923274,0.45454545454545453
Lasso,20,model,0.0,4,low,11,0.004245228870979418,0.01702029815638379,0.8853586159586365,-0.015665545410860182,0.7272727272727273
Lasso,20,model,0.0,4,mid,18,0.002102920711882778,0.01500286659361881,0.49754678406549535,-0.047595963059144486,0.5
Lasso,20,model,0.0,5,high,22,-0.0014901326502511812,0.024203281893090015,-0.21854251878472414,-0.18089961186173598,0.5454545454545454
Lasso,20,model,0.0,5,low,11,0.005482031660725836,0.01603793823590829,1.2133281548267059,-0.016706673067691247,0.6363636363636364
Lasso,20,model,0.0,5,mid,18,0.00039115574076777223,0.016225082945218048,0.08557522612905714,-0.06879757205310966,0.4444444444444444
Lasso,20,model,0.0,6,high,22,-0.0010025674849425503,0.023215400115126513,-0.15329313816125875,-0.17350694426427715,0.4090909090909091
Lasso,20,model,0.0,6,low,11,0.006084401802475672,0.01551577049270814,1.391969796645211,-0.012845277187560566,0.6363636363636364
Lasso,20,model,0.0,6,mid,18,-0.0008842791533910226,0.01862575721849407,-0.16852359753079765,-0.08414898081905398,0.5
Lasso,20,model,0.0,7,high,20,0.0024241326653768594,0.02406442051855125,0.3575742596950966,-0.11726697130448249,0.45
Lasso,20,model,0.0,7,low,11,0.005680910176302228,0.014986935082683808,1.345520654818555,-0.013844822613210517,0.6363636363636364
Lasso,20,model,0.0,7,mid,20,-0.00405110220294653,0.016654065744203254,-0.8634519958154112,-0.10940982626492013,0.4
Lasso,20,model,0.0,8,high,18,0.003565950466797006,0.024781819630741483,0.5107723592173007,-0.09888848532586425,0.6111111111111112
Lasso,20,model,0.0,8,low,11,0.004716915492553746,0.015270719316476774,1.096437481657213,-0.01671469740634013,0.6363636363636364
Lasso,20,model,0.0,8,mid,22,-0.003555141911021768,0.017473074241259656,-0.7222256219634682,-0.09986003947343791,0.4090909090909091
Lasso,20,model,0.0,9,high,18,0.00303129793624886,0.02700004009720895,0.3985194178814709,-0.1048939282681095,0.5
Lasso,20,model,0.0,9,low,10,0.004741604086314311,0.01657931116724691,1.0151823965976545,-0.01511650298478684,0.6
Lasso,20,model,0.0,9,mid,23,-0.0029772224780561752,0.01975216272075009,-0.5350346479390184,-0.10839746857828914,0.43478260869565216
Lasso,20,model,0.0,10,high,16,-0.0007396441005613629,0.02347835836236915,-0.11182536979331872,-0.11723695107852694,0.4375
Lasso,20,model,0.0,10,low,11,0.00425051328662099,0.015830407676442462,0.9530914011846537,-0.014640596958534147,0.5454545454545454
Lasso,20,model,0.0,10,mid,24,0.0002982036881949701,0.023772173577554723,0.04452761053305774,-0.08606652584161245,0.4583333333333333
Lasso,20,model,0.0,11,high,18,-0.003902288126428877,0.02347383742480005,-0.5900930676516911,-0.16697031765656112,0.4444444444444444
Lasso,20,model,0.0,11,low,10,0.00433079234283663,0.015180886470725921,1.0126409840557846,-0.01265344664778112,0.6
Lasso,20,model,0.0,11,mid,23,0.002870703853853513,0.02064635314780873,0.49354904214213996,-0.06523917373202381,0.6086956521739131
Lasso,20,model,0.0,12,high,18,-0.0022480481889943834,0.02492932735254684,-0.3200960600563814,-0.17421468374584903,0.4444444444444444
Lasso,20,model,0.0,12,low,9,0.0027291654684821,0.014931572945685506,0.648798115706327,-0.01318321785989185,0.5555555555555556
Lasso,20,model,0.0,12,mid,24,0.0021917838390084874,0.018888934304231178,0.41188458332383465,-0.068505111668835,0.625
Lasso,20,model,0.0,13,high,17,7.10740054793878e-05,0.027054737127906157,0.009325083846114449,-0.15145049209881656,0.5294117647058824
Lasso,20,model,0.0,13,low,9,0.003638120175175955,0.014696126117042291,0.8787380720101109,-0.013737565135006902,0.5555555555555556
Lasso,20,model,0.0,13,mid,25,0.00011884949252080855,0.01775404280325134,0.023762128583082152,-0.09164810432804649,0.56
Lasso,20,model,0.0,14,high,17,-0.00047219788426655385,0.026840551718219342,-0.06244790463458704,-0.1616929437856759,0.47058823529411764
Lasso,20,model,0.0,14,low,11,0.00026089631292020856,0.011836581543359663,0.0782396537394721,-0.013517427826591266,0.45454545454545453
Lasso,20,model,0.0,14,mid,23,0.001832918525678909,0.018061832657686717,0.3602190023354993,-0.08725797353397824,0.5652173913043478
Lasso,20,model,0.0,15,high,18,-0.0025001851211197113,0.026741241680771015,-0.33187601740345934,-0.18817785377244234,0.4444444444444444
Lasso,20,model,0.0,15,low,11,0.0017267817817579558,0.015936821658002323,0.3846103950251592,-0.01984805318138627,0.36363636363636365
Lasso,20,model,0.0,15,mid,22,0.002586489236024673,0.016903044083504452,0.5431640574155511,-0.07751038285671319,0.5454545454545454
Lasso,20,model,0.0,16,high,19,-0.002092158124392832,0.028042520845035168,-0.2648272839200065,-0.1989514294953636,0.42105263157894735
Lasso,20,model,0.0,16,low,11,0.0014466542479937455,0.015620758777996709,0.32873647450774734,-0.02404485839194004,0.36363636363636365
Lasso,20,model,0.0,16,mid,21,0.0026161411119791237,0.016183265270636224,0.5738260833083523,-0.07443511612004938,0.6190476190476191
Lasso,20,model,0.0,17,high,19,-0.0017729738937625687,0.02651140791604932,-0.23738584632094933,-0.18547419273413768,0.42105263157894735
Lasso,20,model,0.0,17,low,11,0.001045478062575791,0.014566111957793998,0.25477484922265486,-0.02147676518103181,0.45454545454545453
Lasso,20,model,0.0,17,mid,21,0.0024905388792056523,0.015673852242919346,0.5640308387728351,-0.0721997144251505,0.47619047619047616
Lasso,20,model,0.0,18,high,20,-0.0015458860250443505,0.02768714986126451,-0.19819125707560464,-0.19075250602922056,0.45
Lasso,20,model,0.0,18,low,11,0.002259780616324828,0.01564433635600091,0.5127367034659118,-0.017610661589719023,0.6363636363636364
Lasso,20,model,0.0,18,mid,19,0.002355173484454153,0.015119091865340288,0.5529456806468538,-0.06592620933721183,0.5789473684210527
Lasso,20,model,0.0,19,high,19,0.0020072007480371637,0.021695492233424263,0.32840259086974943,-0.1302414172572799,0.47368421052631576
Lasso,20,model,0.0,19,low,12,0.0042248893474885335,0.014874528695597272,1.0082248506566023,-0.01891634980988599,0.6666666666666666
Lasso,20,model,0.0,19,mid,19,-0.002422327365988636,0.02018802306584557,-0.4259163538073977,-0.11841665643567922,0.42105263157894735
Lasso,20,model,0.0005,0,high,20,-6.122661843580129e-06,0.020699708403032473,-0.001049932354010939,-0.13002163128151933,0.35
Lasso,20,model,0.0005,0,low,12,0.0046780096334156996,0.01624239852036915,1.0223420457029966,-0.022832780672667252,0.6666666666666666
Lasso,20,model,0.0005,0,mid,19,-0.002247437153739084,0.018333465851078576,-0.435139245913195,-0.09912695413300499,0.3684210526315789
Lasso,20,model,0.0005,1,high,21,0.0006548902450236287,0.019674278669182983,0.11815578107477327,-0.12428873307387822,0.38095238095238093
Lasso,20,model,0.0005,1,low,12,0.003821516525409775,0.016913074298783064,0.8020444866744749,-0.020966183574878783,0.6666666666666666
Lasso,20,model,0.0005,1,mid,18,-0.0028230570809916664,0.019116966166208182,-0.5241866552940722,-0.0993846690215413,0.2222222222222222
Lasso,20,model,0.0005,2,high,22,0.0007963644480334181,0.0205625872142964,0.13747362319409379,-0.1140935269751725,0.4090909090909091
Lasso,20,model,0.0005,2,low,12,0.003811691152309908,0.016278326115466507,0.8311764541014325,-0.025650769523086203,0.6666666666666666
Lasso,20,model,0.0005,2,mid,17,-0.003228135371535988,0.019645973068991893,-0.583261709916397,-0.10623243908509872,0.23529411764705882
Lasso,20,model,0.0005,3,high,22,-0.0012046141231440957,0.027413461974058334,-0.15598015165934967,-0.14800386060393766,0.36363636363636365
Lasso,20,model,0.0005,3,low,12,0.0035881227018453254,0.01718360853230413,0.7412047406373793,-0.02546318289786298,0.6666666666666666
Lasso,20,model,0.0005,3,mid,17,-0.0008547936255843175,0.013686964110052734,-0.22168658789691179,-0.06048610284220912,0.29411764705882354
Lasso,20,model,0.0005,4,high,22,-0.00248470250418415,0.02466323209076429,-0.3576100212151548,-0.17063485191445826,0.3181818181818182
Lasso,20,model,0.0005,4,low,11,0.004245228870979418,0.01702029815638379,0.8853586159586365,-0.015665545410860182,0.7272727272727273
Lasso,20,model,0.0005,4,mid,18,0.0006839284043608553,0.012655318548450013,0.19183278511574406,-0.0475959630591446,0.3333333333333333
Lasso,20,model,0.0005,5,high,22,-0.002226904790690105,0.02296679148832609,-0.3441807642426493,-0.16597288673302302,0.3181818181818182
Lasso,20,model,0.0005,5,low,11,0.005482031660725836,0.01603793823590829,1.2133281548267059,-0.016706673067691247,0.6363636363636364
Lasso,20,model,0.0005,5,mid,18,-0.00042682665440486146,0.01486450389236559,-0.10192632970318881,-0.06228776740268038,0.2777777777777778
Lasso,20,model,0.0005,6,high,22,-0.00040676907186914146,0.022455597123434937,-0.06429964705673649,-0.1472193138560135,0.3181818181818182
Lasso,20,model,0.0005,6,low,11,0.006084401802475672,0.01551577049270814,1.391969796645211,-0.012845277187560566,0.6363636363636364
Lasso,20,model,0.0005,6,mid,18,-0.0016356282690164828,0.01786493400917867,-0.32498885235253683,-0.08414898081905409,0.2777777777777778
Lasso,20,model,0.0005,7,high,20,0.0026885440662644546,0.023182710197197816,0.4116595789129647,-0.09930638606005071,0.35
Lasso,20,model,0.0005,7,low,11,0.005680910176302228,0.014986935082683808,1.345520654818555,-0.013844822613210517,0.6363636363636364
Lasso,20,model,0.0005,7,mid,20,-0.0034762788411156946,0.01604806707678889,-0.7689128992520374,-0.09176260824327032,0.25
Lasso,20,model,0.0005,8,high,18,0.004294239125609055,0.022461612607979402,0.6786261089496144,-0.08330366678533263,0.5
Lasso,20,model,0.0005,8,low,11,0.004716915492553746,0.015270719316476774,1.096437481657213,-0.01671469740634013,0.6363636363636364
Lasso,20,model,0.0005,8,mid,22,-0.00351279785753629,0.0158240629948559,-0.7879894965221734,-0.08285698282847953,0.2727272727272727
Lasso,20,model,0.0005,9,high,18,0.0037414351456122714,0.023809230470222306,0.5577995186132143,-0.08887123819609921,0.4444444444444444
Lasso,20,model,0.0005,9,low,10,0.004741604086314311,0.01657931116724691,1.0151823965976545,-0.01511650298478684,0.6
Lasso,20,model,0.0005,9,mid,23,-0.0030126098478819615,0.017899980714186664,-0.5974142821716816,-0.08620409839933463,0.30434782608695654
Lasso,20,model,0.0005,10,high,16,-0.0005944445854971503,0.01916786316865257,-0.11008368215558184,-0.08006685855820994,0.375
Lasso,20,model,0.0005,10,low,11,0.00425051328662099,0.015830407676442462,0.9530914011846537,-0.014640596958534147,0.5454545454545454
Lasso,20,model,0.0005,10,mid,24,-4.786793927116263e-05,0.02189230925437249,-0.007761370748703577,-0.0709981966827774,0.3333333333333333
Lasso,20,model,0.0005,11,high,18,-0.0031674601374359723,0.02074489611521218,-0.5419823780881987,-0.13196087840502346,0.3888888888888889
Lasso,20,model,0.0005,11,low,10,0.00433079234283663,0.015180886470725921,1.0126409840557846,-0.01265344664778112,0.6
Lasso,20,model,0.0005,11,mid,23,0.0022407945532779312,0.018705206017785213,0.4252309012407327,-0.050233751947932226,0.391304347826087
Lasso,20,model,0.0005,12,high,18,-0.0017930882264573888,0.023614300479304726,-0.269532938699292,-0.16031217289502842,0.3888888888888889
Lasso,20,model,0.0005,12,low,9,0.0027291654684821,0.014931572945685506,0.648798115706327,-0.01318321785989185,0.5555555555555556
Lasso,20,model,0.0005,12,mid,24,0.0015285145237536504,0.017183120737814875,0.31575686431345146,-0.04708149779735682,0.4166666666666667
Lasso,20,model,0.0005,13,high,17,-0.001662329810419706,0.025158904227355228,-0.23453666412644872,-0.15153534280700065,0.4117647058823529
Lasso,20,model,0.0005,13,low,9,0.003638120175175955,0.014696126117042291,0.8787380720101109,-0.013737565135006902,0.5555555555555556
Lasso,20,model,0.0005,13,mid,25,0.000453125826165528,0.015706292712227402,0.10240717864469322,-0.051486053955190014,0.36
Lasso,20,model,0.0005,14,high,17,-0.0025784849858923125,0.025222927056320687,-0.36287278305173704,-0.16177677029990178,0.35294117647058826
Lasso,20,model,0.0005,14,low,11,0.00026089631292020856,0.011836581543359663,0.0782396537394721,-0.013517427826591266,0.45454545454545453
Lasso,20,model,0.0005,14,mid,23,0.0019998625387452266,0.016585077410571296,0.42802379662964846,-0.05468678555098261,0.391304347826087
Lasso,20,model,0.0005,15,high,18,-0.0037065882120797225,0.02548405933972963,-0.5162867805343805,-0.18825903192808968,0.3333333333333333
Lasso,20,model,0.0005,15,low,11,0.0017267817817579558,0.015936821658002323,0.3846103950251592,-0.01984805318138627,0.36363636363636365
Lasso,20,model,0.0005,15,mid,22,0.0027123691888065768,0.015181347649901764,0.6341963661824738,-0.04460484915787499,0.36363636363636365
Lasso,20,model,0.0005,16,high,19,-0.004263170647756469,0.026425118496747852,-0.5726655345185997,-0.1990315303473048,0.2631578947368421
Lasso,20,model,0.0005,16,low,11,0.0014466542479937455,0.015620758777996709,0.32873647450774734,-0.02404485839194004,0.36363636363636365
Lasso,20,model,0.0005,16,mid,21,0.0032242138294130327,0.013953120435929778,0.8202339974130487,-0.043819913099750196,0.47619047619047616
Lasso,20,model,0.0005,17,high,19,-0.003830606933524663,0.024863212650886087,-0.5468845049423369,-0.1855556412423709,0.2631578947368421
Lasso,20,model,0.0005,17,low,11,0.001045478062575791,0.014566111957793998,0.25477484922265486,-0.02147676518103181,0.45454545454545453
Lasso,20,model,0.0005,17,mid,21,0.003274194210801395,0.01316865182608584,0.8825684405184001,-0.04020332717190367,0.38095238095238093
Lasso,20,model,0.0005,18,high,20,-0.0037891632822671857,0.026507702741133926,-0.5074070546512853,-0.19083342673251513,0.3
Lasso,20,model,0.0005,18,low,11,0.002259780616324828,0.01564433635600091,0.5127367034659118,-0.017610661589719023,0.6363636363636364
Lasso,20,model,0.0005,18,mid,19,0.002836048271694658,0.012808406717315245,0.7859660400095845,-0.03736243410709306,0.3684210526315789
Lasso,20,model,0.0005,19,high,19,6.232620143779995e-05,0.020909196006102828,0.010580802251103518,-0.1302414172572799,0.3157894736842105
Lasso,20,model,0.0005,19,low,12,0.0042248893474885335,0.014874528695597272,1.0082248506566023,-0.01891634980988599,0.6666666666666666
Lasso,20,model,0.0005,19,mid,19,-0.002372794475302279,0.01940655055928416,-0.43400731258973646,-0.09923828405449064,0.3157894736842105
Lasso,20,model,0.001,0,high,20,0.00075799486030952,0.0039020437352412225,0.6895398985311499,-0.0020684782314865924,0.05
Lasso,20,model,0.001,0,low,12,0.0,0.0,,0.0,0.0
Lasso,20,model,0.001,0,mid,19,0.0,0.0,,0.0,0.0
Lasso,20,model,0.001,1,high,21,0.0005360745671569714,0.0028095749583418477,0.6772824977475522,-0.0013701701267428978,0.047619047619047616
Lasso,20,model,0.001,1,low,12,0.0,0.0,,0.0,0.0
Lasso,20,model,0.001,1,mid,18,0.0,0.0,,0.0,0.0
Lasso,20,model,0.001,2,high,22,0.0006115287383482455,0.0023895835452162353,0.9084058549789907,-9.999500016666385e-05,0.09090909090909091
Lasso,20,model,0.001,2,low,12,0.0,0.0,,0.0,0.0
Lasso,20,model,0.001,2,mid,17,0.0,0.0,,0.0,0.0
Lasso,20,model,0.001,3,high,22,0.0013058016775536227,0.0049821950333543506,0.9303401637544574,-9.99950001664418e-05,0.09090909090909091
Lasso,20,model,0.001,3,low,12,0.0,0.0,,0.0,0.0
Lasso,20,model,0.001,3,mid,17,0.0,0.0,,0.0,0.0
Lasso,20,model,0.001,4,high,22,0.0007682115096568,0.008281237513802147,0.3292841612512852,-0.017032427038021658,0.045454545454545456
Lasso,20,model,0.001,4,low,11,0.0,0.0,,0.0,0.0
Lasso,20,model,0.001,4,mid,18,0.0,0.0,,0.0,0.0
Lasso,20,model,0.001,5,high,22,0.0007358434689513818,0.011124358199691514,0.23479873222582207,-0.026789919121604444,0.045454545454545456
Lasso,20,model,0.001,5,low,11,0.0,0.0,,0.0,0.0
Lasso,20,model,0.001,5,mid,18,0.0,0.0,,0.0,0.0
Lasso,20,model,0.001,6,high,22,-8.365410982460482e-05,0.00965053905144123,-0.030769538484959322,-0.031716688322012576,0.045454545454545456
Lasso,20,model,0.001,6,low,11,0.0,0.0,,0.0,0.0
Lasso,20,model,0.001,6,mid,18,0.0,0.0,,0.0,0.0
Lasso,20,model,0.001,7,high,20,0.00039416186637761496,0.009405131354127346,0.1487630291046659,-0.024541602958598863,0.05
Lasso,20,model,0.001,7,low,11,0.0,0.0,,0.0,0.0
Lasso,20,model,0.001,7,mid,20,0.0,0.0,,0.0,0.0
Lasso,20,model,0.001,8,high,18,-0.0007911193359595946,0.010729426580584895,-0.2617283453689253,-0.03703115396020018,0.05555555555555555
Lasso,20,model,0.001,8,low,11,0.0,0.0,,0.0,0.0
Lasso,20,model,0.001,8,mid,22,0.0,0.0,,0.0,0.0
Lasso,20,model,0.001,9,high,18,-0.0017958309128936227,0.017217006975411116,-0.37024828901359946,-0.062047731608575796,0.05555555555555555
Lasso,20,model,0.001,9,low,10,0.0,0.0,,0.0,0.0
Lasso,20,model,0.001,9,mid,23,0.0,0.0,,0.0,0.0
Lasso,20,model,0.001,10,high,16,-0.0017917329036483437,0.01365366142426711,-0.46581064867253297,-0.048113758182057986,0.0625
Lasso,20,model,0.001,10,low,11,0.0,0.0,,0.0,0.0
Lasso,20,model,0.001,10,mid,24,0.0,0.0,,0.0,0.0
Lasso,20,model,0.001,11,high,18,-0.001965669988661483,0.01323245935611078,-0.5272970126205085,-0.05119628527617737,0.05555555555555555
Lasso,20,model,0.001,11,low,10,0.0,0.0,,0.0,0.0
Lasso,20,model,0.001,11,mid,23,0.0,0.0,,0.0,0.0
Lasso,20,model,0.001,12,high,18,-0.0022446981369383446,0.015492872270095093,-0.5142937875787755,-0.059396596465017826,0.05555555555555555
Lasso,20,model,0.001,12,low,9,0.0,0.0,,0.0,0.0
Lasso,20,model,0.001,12,mid,24,0.0,0.0,,0.0,0.0
Lasso,20,model,0.001,13,high,17,0.0007909949318342235,0.0032872141883669593,0.8541437563732581,-9.999500016677487e-05,0.058823529411764705
Lasso,20,model,0.001,13,low,9,0.0,0.0,,0.0,0.0
Lasso,20,model,0.001,13,mid,25,0.0,0.0,,0.0,0.0
Lasso,20,model,0.001,14,high,17,-0.0006282158600399941,0.0025645451771103434,-0.869528487665687,-0.010622844420436928,0.0
Lasso,20,model,0.001,14,low,11,0.0,0.0,,0.0,0.0
Lasso,20,model,0.001,14,mid,23,0.0,0.0,,0.0,0.0
Lasso,20,model,0.001,15,high,18,-0.0010480930707459832,0.004421788199218477,-0.8413703163452774,-0.018688832255471577,0.0
Lasso,20,model,0.001,15,low,11,0.0,0.0,,0.0,0.0
Lasso,20,model,0.001,15,mid,22,0.0,0.0,,0.0,0.0
Lasso,20,model,0.001,16,high,19,0.0010338993827812683,0.013029502013857,0.2816668463488322,-0.027789803218547404,0.05263157894736842
Lasso,20,model,0.001,16,low,11,0.0,0.0,,0.0,0.0
Lasso,20,model,0.001,16,mid,21,0.0,0.0,,0.0,0.0
Lasso,20,model,0.001,17,high,19,0.00047145121863269486,0.010306725351521748,0.16236833299484926,-0.025852304187551134,0.05263157894736842
Lasso,20,model,0.001,17,low,11,0.0,0.0,,0.0,0.0
Lasso,20,model,0.001,17,mid,21,0.0,0.0,,0.0,0.0
Lasso,20,model,0.001,18,high,20,0.0003985731832013101,0.006267898162754272,0.22572071434422633,-0.014886934940476104,0.05
Lasso,20,model,0.001,18,low,11,0.0,0.0,,0.0,0.0
Lasso,20,model,0.001,18,mid,19,0.0,0.0,,0.0,0.0
Lasso,20,model,0.001,19,high,19,0.0005724697152415737,0.006175598181143778,0.32904762351136707,-0.012317824172925707,0.05263157894736842
Lasso,20,model,0.001,19,low,12,0.0,0.0,,0.0,0.0
Lasso,20,model,0.001,19,mid,19,0.0,0.0,,0.0,0.0
LightGBM,20,model,0.0,0,high,20,0.011492944578570832,0.01796609275580553,2.270716665901529,-0.021323388793267783,0.65
LightGBM,20,model,0.0,0,low,12,0.006726287705647642,0.015351644174470856,1.5552700775934363,-0.024398324493348333,0.6666666666666666
LightGBM,20,model,0.0,0,mid,19,0.0077114330655908255,0.017224815167904625,1.5891533051597058,-0.03278334293159457,0.6842105263157895
LightGBM,20,model,0.0,1,high,21,0.010637988782102762,0.0173590426229416,2.175299354935528,-0.022523823274617216,0.6666666666666666
LightGBM,20,model,0.0,1,low,12,0.00642536762527875,0.015963889581121764,1.4287114921609203,-0.02682403433476399,0.6666666666666666
LightGBM,20,model,0.0,1,mid,18,0.010588787919683016,0.016966271670520124,2.215364059554011,-0.02205956081419902,0.6666666666666666
LightGBM,20,model,0.0,2,high,22,0.009393902637575129,0.019049672298431394,1.7504262522082523,-0.02851652794652526,0.6818181818181818
LightGBM,20,model,0.0,2,low,12,0.005538779648152417,0.015669950999955586,1.254676378997139,-0.028490859587709694,0.6666666666666666
LightGBM,20,model,0.0,2,mid,17,0.010323985897747136,0.017276425902093055,2.1211861040054973,-0.014535149465215613,0.7647058823529411
LightGBM,20,model,0.0,3,high,22,0.012986060692987338,0.02433886639029606,1.8939231572063153,-0.03178551686014308,0.7727272727272727
LightGBM,20,model,0.0,3,low,12,0.005165569367162884,0.01669466213977461,1.0983122717456897,-0.03246438608392255,0.6666666666666666
LightGBM,20,model,0.0,3,mid,17,0.00610718651189996,0.013703694051896203,1.5819356088004852,-0.019844867532990973,0.6470588235294118
LightGBM,20,model,0.0,4,high,22,0.01058571945745196,0.023164052561524186,1.6221503738724468,-0.05487502575718595,0.6818181818181818
LightGBM,20,model,0.0,4,low,11,0.0023851194276369087,0.01739467867813802,0.48671977518694626,-0.031682976455769896,0.5454545454545454
LightGBM,20,model,0.0,4,mid,18,0.006351954594363389,0.013597042375682343,1.6582431290831725,-0.024432104997475612,0.7222222222222222
LightGBM,20,model,0.0,5,high,22,0.012093331839064785,0.020805848757454077,2.0632212654465367,-0.026692593247303886,0.7272727272727273
LightGBM,20,model,0.0,5,low,11,0.002978325363326882,0.01671861692502681,0.6323493342237482,-0.030455380450545744,0.5454545454545454
LightGBM,20,model,0.0,5,mid,18,0.005395305731477801,0.015143642288582254,1.2646518672342026,-0.019435165502581286,0.6111111111111112
LightGBM,20,model,0.0,6,high,22,0.01114370323272139,0.020218049490409624,1.9564806417722094,-0.042345900575032625,0.6363636363636364
LightGBM,20,model,0.0,6,low,11,0.003765221666815564,0.016260889953225704,0.8219237143604453,-0.025972772038235004,0.6363636363636364
LightGBM,20,model,0.0,6,mid,18,0.005585281120594321,0.017629959940110743,1.1245505548301935,-0.03281496082595592,0.5555555555555556
LightGBM,20,model,0.0,7,high,20,0.011775082042680827,0.020945301452671934,1.9955499320299372,-0.026032823995472687,0.65
LightGBM,20,model,0.0,7,low,11,0.006184113341124808,0.014699950655154878,1.493299213259419,-0.04285935554163933,0.6363636363636364
LightGBM,20,model,0.0,7,mid,20,0.004883661094023791,0.0163233187139682,1.061994653371831,-0.03302497454827735,0.6
LightGBM,20,model,0.0,8,high,18,0.012713276667281552,0.021324817452776784,2.1162035989704395,-0.03693485226059123,0.7777777777777778
LightGBM,20,model,0.0,8,low,11,0.004060133488455728,0.015463882735341692,0.931980954285524,-0.04017360859057073,0.6363636363636364
LightGBM,20,model,0.0,8,mid,22,0.0025942556044722506,0.017572824468589706,0.5240303797916289,-0.041056180126057384,0.5909090909090909
LightGBM,20,model,0.0,9,high,18,0.01829725428836456,0.019528238930451414,3.325891799065286,-0.012529137529137202,0.7222222222222222
LightGBM,20,model,0.0,9,low,10,0.01025400808787109,0.013427788902041821,2.7106561051985105,-0.02590142280425034,0.8
LightGBM,20,model,0.0,9,mid,23,0.002518753628718892,0.019765992504329904,0.452326815915014,-0.04232823952853204,0.6521739130434783
LightGBM,20,model,0.0,10,high,16,0.007625673504068632,0.02210354277806279,1.2246206855503754,-0.04801856479828648,0.625
LightGBM,20,model,0.0,10,low,11,0.012273721599809329,0.010059246764148223,4.331078733180291,-0.011334655709832608,0.9090909090909091
LightGBM,20,model,0.0,10,mid,24,0.0059462718779906875,0.02293521294441513,0.9202954145867839,-0.0360590573537759,0.625
LightGBM,20,model,0.0,11,high,18,0.00852976682226241,0.022089679677644414,1.3706703344225692,-0.05110140016052822,0.7222222222222222
LightGBM,20,model,0.0,11,low,10,0.008913273244245751,0.012617271222738551,2.5075930307256913,-0.025459636168013056,0.8
LightGBM,20,model,0.0,11,mid,23,0.006221890430659149,0.019821505296305476,1.114220125239764,-0.05109145652992064,0.5652173913043478
LightGBM,20,model,0.0,12,high,18,0.007158972553168794,0.02390388616001251,1.0630836970873052,-0.0653767921063022,0.7222222222222222
LightGBM,20,model,0.0,12,low,9,0.009357445866460569,0.011325383066131386,2.9328489458816978,-0.011066969353007328,0.7777777777777778
LightGBM,20,model,0.0,12,mid,24,0.005466089446926871,0.018138556671409296,1.0696933120555407,-0.05517450659448453,0.625
LightGBM,20,model,0.0,13,high,17,0.007235091839792718,0.025982380294468928,0.9884401677712015,-0.054836995038979985,0.6470588235294118
LightGBM,20,model,0.0,13,low,9,0.0006811289859620676,0.015110428555324634,0.16000658388130373,-0.04351725401886164,0.5555555555555556
LightGBM,20,model,0.0,13,mid,25,0.010447799296785838,0.014114911608920052,2.6274346978638814,-0.02656281206311084,0.72
LightGBM,20,model,0.0,14,high,17,0.008926070701233718,0.025186493176837264,1.2579920367790822,-0.05530523897870787,0.6470588235294118
LightGBM,20,model,0.0,14,low,11,0.000466039868200282,0.011739854295521766,0.1409112399340333,-0.029540273556231234,0.5454545454545454
LightGBM,20,model,0.0,14,mid,23,0.00780004628524157,0.01625491489438259,1.7033259085708057,-0.03401883528733485,0.7391304347826086
LightGBM,20,model,0.0,15,high,18,0.011487805060493538,0.024085599794552808,1.6930308196670873,-0.05386301282129835,0.6666666666666666
LightGBM,20,model,0.0,15,low,11,0.005861157720003656,0.014706984472495278,1.4146371103221278,-0.018120805369127635,0.6363636363636364
LightGBM,20,model,0.0,15,mid,22,0.008261329097167118,0.014820385816629634,1.9786805549329936,-0.02048192771084334,0.6818181818181818
LightGBM,20,model,0.0,16,high,19,0.01007089958029038,0.026121257755040834,1.3685461694833887,-0.05833745988292982,0.5789473684210527
LightGBM,20,model,0.0,16,low,11,0.0003454589476360544,0.015644843218315906,0.07838094639163276,-0.04704265315267642,0.6363636363636364
LightGBM,20,model,0.0,16,mid,21,0.008768300004984467,0.013670821811636421,2.2767012739857284,-0.01957831325301118,0.8095238095238095
LightGBM,20,model,0.0,17,high,19,0.01500693671867103,0.021580332580827345,2.468420760293433,-0.02575488454706898,0.6842105263157895
LightGBM,20,model,0.0,17,low,11,0.003331408478920146,0.014125559940906581,0.8371581063194808,-0.023717799122686123,0.6363636363636364
LightGBM,20,model,0.0,17,mid,21,0.008440745989220465,0.013238808397011385,2.2631701526421035,-0.020841683366733754,0.7619047619047619
LightGBM,20,model,0.0,18,high,20,0.01465644960133046,0.023269988857497852,2.235722390142298,-0.0277104969481492,0.65
LightGBM,20,model,0.0,18,low,11,0.010966125030776165,0.010704780658994426,3.6363082622719607,-0.007601633836531119,0.8181818181818182
LightGBM,20,model,0.0,18,mid,19,0.00856656398870354,0.012424383923240807,2.4474682851386937,-0.024231500951236162,0.6842105263157895
LightGBM,20,model,0.0,19,high,19,0.013669375065225151,0.016584773030461675,2.9256636791754755,-0.012219051016767679,0.7368421052631579
LightGBM,20,model,0.0,19,low,12,0.00959993021872495,0.011722878404708368,2.906826350601149,-0.007802594362625759,0.6666666666666666
LightGBM,20,model,0.0,19,mid,19,0.008525991886670648,0.018270318905491915,1.6564718489869898,-0.024246657353822032,0.631578947368421
LightGBM,20,model,0.0005,0,high,20,0.011487944578570834,0.017963852801870087,2.270011809390129,-0.021323388793267783,0.65
LightGBM,20,model,0.0005,0,low,12,0.005560673114385325,0.015546433574218324,1.2696437019611948,-0.02449587978305312,0.5
LightGBM,20,model,0.0005,0,mid,19,0.0077114330655908255,0.017224815167904625,1.5891533051597058,-0.03278334293159457,0.6842105263157895
LightGBM,20,model,0.0005,1,high,21,0.010637988782102762,0.0173590426229416,2.175299354935528,-0.022523823274617216,0.6666666666666666
LightGBM,20,model,0.0005,1,low,12,0.00642536762527875,0.015963889581121764,1.4287114921609203,-0.02682403433476399,0.6666666666666666
LightGBM,20,model,0.0005,1,mid,18,0.010588787919683016,0.016966271670520124,2.215364059554011,-0.02205956081419902,0.6666666666666666
LightGBM,20,model,0.0005,2,high,22,0.009393902637575129,0.019049672298431394,1.7504262522082523,-0.02851652794652526,0.6818181818181818
LightGBM,20,model,0.0005,2,low,12,0.0046455115941882,0.015101943252804381,1.0919078464724652,-0.028490859587709694,0.5833333333333334
LightGBM,20,model,0.0005,2,mid,17,0.01031810354480596,0.017276882377450054,2.1199214921215837,-0.014535149465215502,0.7647058823529411
LightGBM,20,model,0.0005,3,high,22,0.012986060692987338,0.02433886639029606,1.8939231572063153,-0.03178551686014308,0.7727272727272727
LightGBM,20,model,0.0005,3,low,12,0.0042206804678721664,0.01664047396512622,0.9003306915139019,-0.03246438608392255,0.5833333333333334
LightGBM,20,model,0.0005,3,mid,17,0.006101304158958783,0.013702526150921652,1.580546614009409,-0.019844867532990862,0.6470588235294118
LightGBM,20,model,0.0005,4,high,22,0.01161045612021781,0.02208650176005509,1.8659827293142452,-0.05487502575718606,0.6818181818181818
LightGBM,20,model,0.0005,4,low,11,0.0033591077116179725,0.016869678184414406,0.7068095433017987,-0.031682976455769896,0.5454545454545454
LightGBM,20,model,0.0005,4,mid,18,0.006351954594363389,0.013597042375682343,1.6582431290831725,-0.024432104997475612,0.7222222222222222
LightGBM,20,model,0.0005,5,high,22,0.013332475151699724,0.019437401431235065,2.4347694927028183,-0.026692593247303886,0.7272727272727273
LightGBM,20,model,0.0005,5,low,11,0.0041984020883869,0.01586190580497342,0.9395371031130858,-0.030455380450545744,0.5454545454545454
LightGBM,20,model,0.0005,5,mid,18,0.005406416842588917,0.015150516102993481,1.2666813393292882,-0.019435165502581175,0.6111111111111112
LightGBM,20,model,0.0005,6,high,22,0.012114278316899978,0.019057974427472348,2.256347986304632,-0.02751594782443123,0.6363636363636364
LightGBM,20,model,0.0005,6,low,11,0.006147371273342563,0.012280653953780047,1.7768600457096144,-0.019878624614142804,0.45454545454545453
LightGBM,20,model,0.0005,6,mid,18,0.005607503342816544,0.017640966221073747,1.1283204132142344,-0.03271823748595204,0.5555555555555556
LightGBM,20,model,0.0005,7,high,20,0.014273989613548537,0.017823854297456296,2.84268688357512,-0.008644973288004176,0.65
LightGBM,20,model,0.0005,7,low,11,0.004793593232210119,0.012994887462130856,1.3094047990238389,-0.03232632260121948,0.45454545454545453
LightGBM,20,model,0.0005,7,mid,20,0.0048886610940237895,0.01632624962809628,1.0628911007831576,-0.03292827221069594,0.6
LightGBM,20,model,0.0005,8,high,18,0.011195700333012365,0.021196053376227857,1.8749147840529783,-0.03693485226059123,0.7222222222222222
LightGBM,20,model,0.0005,8,low,11,0.0030366986033998,0.013384982859816935,0.8053212201955458,-0.03285140916557505,0.45454545454545453
LightGBM,20,model,0.0005,8,mid,22,0.0057281395967544455,0.014659280434224419,1.3870311444761287,-0.022428066356424248,0.5909090909090909
LightGBM,20,model,0.0005,9,high,18,0.01829725428836456,0.019528238930451414,3.325891799065286,-0.012529137529137202,0.7222222222222222
LightGBM,20,model,0.0005,9,low,10,0.00959120154804334,0.010925370905606665,3.116176872945925,-0.011334826517018004,0.7
LightGBM,20,model,0.0005,9,mid,23,0.004473338838719017,0.017500091973864866,0.9073539558382753,-0.03091889809285342,0.6521739130434783
LightGBM,20,model,0.0005,10,high,16,0.007625673504068632,0.02210354277806279,1.2246206855503754,-0.04801856479828648,0.625
LightGBM,20,model,0.0005,10,low,11,0.008672232443015475,0.010099198373577239,3.0481004808082495,-0.011433517301099871,0.7272727272727273
LightGBM,20,model,0.0005,10,mid,24,0.005521006193409671,0.022834338212351354,0.8582525007586449,-0.03615544662849646,0.5416666666666666
LightGBM,20,model,0.0005,11,high,18,0.00852976682226241,0.022089679677644414,1.3706703344225692,-0.05110140016052822,0.7222222222222222
LightGBM,20,model,0.0005,11,low,10,0.00889327324424575,0.012607186304924823,2.503967789798285,-0.025459636168013056,0.8
LightGBM,20,model,0.0005,11,mid,23,0.006372231035800205,0.019648500978941243,1.1511909405570002,-0.05118634263988309,0.5217391304347826
LightGBM,20,model,0.0005,12,high,18,0.007158972553168794,0.02390388616001251,1.0630836970873052,-0.0653767921063022,0.7222222222222222
LightGBM,20,model,0.0005,12,low,9,0.01058285296217669,0.009235545465334482,4.067480541916117,-0.007836687306501333,0.7777777777777778
LightGBM,20,model,0.0005,12,mid,24,0.005470256113593537,0.018146559027252016,1.0700366351573336,-0.05517450659448431,0.625
LightGBM,20,model,0.0005,13,high,17,0.007235091839792718,0.025982380294468928,0.9884401677712015,-0.054836995038979985,0.6470588235294118
LightGBM,20,model,0.0005,13,low,9,0.006010326589750012,0.008968289697389503,2.3788864651280988,-0.00880144948223105,0.5555555555555556
LightGBM,20,model,0.0005,13,mid,25,0.0077994160908965516,0.013333611092852152,2.0763452991397324,-0.02656281206311073,0.6
LightGBM,20,model,0.0005,14,high,17,0.008131620580305582,0.025249288050646943,1.1431763784187174,-0.05530523897870787,0.5882352941176471
LightGBM,20,model,0.0005,14,low,11,0.0016687786252555731,0.009106994058030024,0.6504425559806851,-0.020421860019175786,0.45454545454545453
LightGBM,20,model,0.0005,14,mid,23,0.004204504656713331,0.014304292342453185,1.0433589192122457,-0.03411542857406136,0.6086956521739131
LightGBM,20,model,0.0005,15,high,18,0.011493360616049098,0.024098962147436242,1.6929103742597922,-0.05395762178948893,0.6666666666666666
LightGBM,20,model,0.0005,15,low,11,0.00505477279695729,0.011819098015173729,1.5181076820167836,-0.018120805369127635,0.5454545454545454
LightGBM,20,model,0.0005,15,mid,22,0.007061839870995377,0.012667856617399194,1.9787913308823022,-0.02048192771084356,0.5909090909090909
LightGBM,20,model,0.0005,16,high,19,0.010076162738185115,0.02612124832678303,1.36926188030938,-0.05833745988292982,0.5789473684210527
LightGBM,20,model,0.0005,16,low,11,0.0024884735784092005,0.013704856413907297,0.6445310093025749,-0.024668110347424776,0.6363636363636364
LightGBM,20,model,0.0005,16,mid,21,0.007823430240133272,0.013917146349288837,1.9954106818963382,-0.01957831325301118,0.7142857142857143
LightGBM,20,model,0.0005,17,high,19,0.013909712793657922,0.021798629588608637,2.26503148684956,-0.02575488454706898,0.631578947368421
LightGBM,20,model,0.0005,17,low,11,0.0052095899261092,0.011780874388976712,1.5696805834174312,-0.01852924145917778,0.6363636363636364
LightGBM,20,model,0.0005,17,mid,21,0.007521836824452419,0.011772086844820713,2.2680661817490133,-0.020841683366733643,0.7142857142857143
LightGBM,20,model,0.0005,18,high,20,0.015486982344045917,0.021602733342577514,2.5447397334553847,-0.015546018121124883,0.6
LightGBM,20,model,0.0005,18,low,11,0.0075719418499899825,0.01109826606793158,2.4217951789948637,-0.00760163383653123,0.5454545454545454
LightGBM,20,model,0.0005,18,mid,19,0.006043881513896905,0.01222810207710999,1.7544546983827094,-0.02423150095123594,0.47368421052631576
LightGBM,20,model,0.0005,19,high,19,0.013664111907330415,0.01658248162351708,2.9249413222080607,-0.012219051016767679,0.7368421052631579
LightGBM,20,model,0.0005,19,low,12,0.008345965520721484,0.012003540318748937,2.4680417565040322,-0.007802594362625759,0.5
LightGBM,20,model,0.0005,19,mid,19,0.00894331656296828,0.017963834723097684,1.7671964297469185,-0.024246657353822032,0.631578947368421
LightGBM,20,model,0.001,0,high,20,0.011052654108908483,0.018136451545433082,2.163214232712631,-0.021323388793267783,0.6
LightGBM,20,model,0.001,0,low,12,0.005560673114385325,0.015546433574218324,1.2696437019611948,-0.02449587978305312,0.5
LightGBM,20,model,0.001,0,mid,19,0.008129174089604308,0.016418642707752906,1.7574964023827293,-0.024151696606785844,0.631578947368421
LightGBM,20,model,0.001,1,high,21,0.010633226877340857,0.017357645487145894,2.1745006350567473,-0.022523823274617105,0.6666666666666666
LightGBM,20,model,0.001,1,low,12,0.005589628725172133,0.016026194121442416,1.238049005725413,-0.02682403433476399,0.5833333333333334
LightGBM,20,model,0.001,1,mid,18,0.010588787919683016,0.016966271670520124,2.215364059554011,-0.02205956081419902,0.6666666666666666
LightGBM,20,model,0.001,2,high,22,0.009673191504248403,0.018853512166841432,1.8212216012563462,-0.028450957861869908,0.6818181818181818
LightGBM,20,model,0.001,2,low,12,0.003672737902127817,0.014995182959334408,0.8694076161788903,-0.028490859587709694,0.5
LightGBM,20,model,0.001,2,mid,17,0.01031810354480596,0.017276882377450054,2.1199214921215837,-0.014535149465215502,0.7647058823529411
LightGBM,20,model,0.001,3,high,22,0.012986060692987338,0.02433886639029606,1.8939231572063153,-0.03178551686014308,0.7727272727272727
LightGBM,20,model,0.001,3,low,12,0.004474431417261483,0.01653459029869271,0.9605714845182223,-0.03246438608392255,0.5833333333333334
LightGBM,20,model,0.001,3,mid,17,0.006101304158958783,0.013702526150921652,1.580546614009409,-0.019844867532990862,0.6470588235294118
LightGBM,20,model,0.001,4,high,22,0.012445935144154062,0.021349523431290873,2.0693055428164238,-0.04607246055591485,0.6818181818181818
LightGBM,20,model,0.001,4,low,11,0.007516856028331554,0.010597765516737884,2.517718659359691,-0.004645425461384023,0.5454545454545454
LightGBM,20,model,0.001,4,mid,18,0.005730322073343323,0.013618031239370316,1.4936539051583255,-0.0244321049974755,0.6666666666666666
LightGBM,20,model,0.001,5,high,22,0.013332475151699724,0.019437401431235065,2.4347694927028183,-0.026692593247303886,0.7272727272727273
LightGBM,20,model,0.001,5,low,11,0.0076120720482132,0.010337607096799768,2.613774646119387,-0.010306913765759984,0.5454545454545454
LightGBM,20,model,0.001,5,mid,18,0.0036126002287597894,0.014677072805352522,0.873706826745151,-0.019435165502581064,0.5
LightGBM,20,model,0.001,6,high,22,0.0110267004991394,0.018367920691981246,2.13093820442285,-0.02751594782443112,0.5909090909090909
LightGBM,20,model,0.001,6,low,11,0.006909462242224391,0.01154565954576441,2.1242751730875242,-0.011726563461316064,0.45454545454545453
LightGBM,20,model,0.001,6,mid,18,0.0066021038479379505,0.016711717120183857,1.4023181275682166,-0.03271823748595215,0.5555555555555556
LightGBM,20,model,0.001,7,high,20,0.014278989613548542,0.01782205294004073,2.8439700654018214,-0.008644973288004176,0.65
LightGBM,20,model,0.001,7,low,11,0.006897815437888737,0.010697823080180278,2.2887661996533017,-0.009666886733637692,0.45454545454545453
LightGBM,20,model,0.001,7,mid,20,0.006254789924088644,0.014819869581623965,1.498144204858021,-0.023147162331342952,0.55
LightGBM,20,model,0.001,8,high,18,0.009809399807784301,0.02107132486607524,1.652478681507318,-0.03693485226059123,0.6666666666666666
LightGBM,20,model,0.001,8,low,11,0.003739706418464618,0.012198191164207145,1.0882466706338638,-0.025343373242817435,0.36363636363636365
LightGBM,20,model,0.001,8,mid,22,0.005723594142208987,0.014659153852666572,1.3859424601876507,-0.022428066356424248,0.5909090909090909
LightGBM,20,model,0.001,9,high,18,0.01829725428836456,0.019528238930451414,3.325891799065286,-0.012529137529137202,0.7222222222222222
LightGBM,20,model,0.001,9,low,10,0.00707035286124297,0.011443843853609015,2.1930798160229337,-0.011433688091205374,0.5
LightGBM,20,model,0.001,9,mid,23,0.004518212448275763,0.01683299031704223,0.9527756441681391,-0.03091889809285331,0.6086956521739131
LightGBM,20,model,0.001,10,high,16,0.007625673504068632,0.02210354277806279,1.2246206855503754,-0.04801856479828648,0.625
LightGBM,20,model,0.001,10,low,11,0.008663141533924565,0.010087036261767855,3.048576518827701,-0.011433517301099871,0.7272727272727273
LightGBM,20,model,0.001,10,mid,24,0.0046878587611715004,0.02196285398534346,0.7576541681195196,-0.03615544662849646,0.4583333333333333
LightGBM,20,model,0.001,11,high,18,0.00852976682226241,0.022089679677644414,1.3706703344225692,-0.05110140016052822,0.7222222222222222
LightGBM,20,model,0.001,11,low,10,0.00937568353215791,0.008226945287910403,4.04528946209349,-0.004396440334150431,0.7
LightGBM,20,model,0.001,11,mid,23,0.0067253546981966535,0.019337383799678132,1.2345331315657344,-0.051186342639882976,0.4782608695652174
LightGBM,20,model,0.001,12,high,18,0.007158972553168794,0.02390388616001251,1.0630836970873052,-0.0653767921063022,0.7222222222222222
LightGBM,20,model,0.001,12,low,9,0.006253350152388845,0.008263826964046447,2.686066775658297,-0.007836687306501111,0.5555555555555556
LightGBM,20,model,0.001,12,mid,24,0.005511284844301975,0.01561120605793602,1.253146005194259,-0.021989106314303175,0.4583333333333333
LightGBM,20,model,0.001,13,high,17,0.007235091839792718,0.025982380294468928,0.9884401677712015,-0.054836995038979985,0.6470588235294118
LightGBM,20,model,0.001,13,low,9,0.003636067211338966,0.00706267062370066,1.827461440447792,-0.008801449482230939,0.4444444444444444
LightGBM,20,model,0.001,13,mid,25,0.006305044673772456,0.011448956566442943,1.9548234169413488,-0.013259237827659476,0.52
LightGBM,20,model,0.001,14,high,17,0.006813381386789953,0.02504697359458103,0.965589899906856,-0.060073335985576404,0.5294117647058824
LightGBM,20,model,0.001,14,low,11,0.0023154468555257003,0.008635719164436438,0.9517471379034442,-0.01333027321969349,0.45454545454545453
LightGBM,20,model,0.001,14,mid,23,0.004395536035511979,0.014042365431984428,1.1111094637808494,-0.034115428574061246,0.5652173913043478
LightGBM,20,model,0.001,15,high,18,0.011493360616049098,0.024098962147436242,1.6929103742597922,-0.05395762178948893,0.6666666666666666
LightGBM,20,model,0.001,15,low,11,0.005948058115707553,0.010919544676057024,1.9335524004511315,-0.008618844883019228,0.5454545454545454
LightGBM,20,model,0.001,15,mid,22,0.00581899521613676,0.011450714096651023,1.8038511659045873,-0.01682881991751961,0.5454545454545454
LightGBM,20,model,0.001,16,high,19,0.011487036428424933,0.024697910244161538,1.650946739463479,-0.03275330870491111,0.5789473684210527
LightGBM,20,model,0.001,16,low,11,0.00249756448750011,0.013716621599086182,0.6463307600089224,-0.024668110347424554,0.6363636363636364
LightGBM,20,model,0.001,16,mid,21,0.007520794507624187,0.010930535555844932,2.4423480503081016,-0.007621951219511369,0.6666666666666666
LightGBM,20,model,0.001,17,high,19,0.012330594650618422,0.021661980077769788,2.02055716414352,-0.02575488454706898,0.5789473684210527
LightGBM,20,model,0.001,17,low,11,0.003097074647289454,0.01026030304726607,1.071461961104259,-0.018529241459177892,0.5454545454545454
LightGBM,20,model,0.001,17,mid,21,0.006773636976176824,0.009872769512299437,2.435388168814792,-0.0033611733550628076,0.5714285714285714
LightGBM,20,model,0.001,18,high,20,0.01626038857541328,0.02067658880386477,2.791497873141405,-0.014788418708240436,0.6
LightGBM,20,model,0.001,18,low,11,0.0082474576240471,0.0102776854643417,2.8484594599171893,-0.0007839294463491964,0.5454545454545454
LightGBM,20,model,0.001,18,mid,19,0.006043881513896905,0.01222810207710999,1.7544546983827094,-0.02423150095123594,0.47368421052631576
LightGBM,20,model,0.001,19,high,19,0.013894302894852969,0.016354488030589233,3.015678789923229,-0.012219051016767679,0.7368421052631579
LightGBM,20,model,0.001,19,low,12,0.008958511893444916,0.011265858170021585,2.8226489433622284,-0.007802594362625759,0.5
LightGBM,20,model,0.001,19,mid,19,0.006008250155380537,0.0152151445074437,1.4017068556396077,-0.024246657353822032,0.47368421052631576
MLP,20,model,0.0,0,high,20,-0.0005405793054013795,0.021539291355369146,-0.08908678323021806,-0.09077019492474059,0.55
MLP,20,model,0.0,0,low,12,-0.00034590923062083394,0.016951944804867232,-0.0724315692253513,-0.03745893434820857,0.5
MLP,20,model,0.0,0,mid,19,0.004828789496635921,0.018364120731769837,0.9333690733737087,-0.055311244621772504,0.631578947368421
MLP,20,model,0.0,1,high,21,0.01110085438723262,0.01706434087692591,2.3091500816504014,-0.031871219994470845,0.6190476190476191
MLP,20,model,0.0,1,low,12,0.008383022612208024,0.014926086854468302,1.9936088171363178,-0.02682403433476399,0.8333333333333334
MLP,20,model,0.0,1,mid,18,-0.0029923114021489393,0.020037384260694825,-0.5300917353484322,-0.08133317326768907,0.4444444444444444
MLP,20,model,0.0,2,high,22,0.009134808554512997,0.019154628569462654,1.692820803573196,-0.0422432629278946,0.7727272727272727
MLP,20,model,0.0,2,low,12,0.004179925739106543,0.016119452889736006,0.92045707738872,-0.037756623288003,0.5
MLP,20,model,0.0,2,mid,17,0.009627079283238813,0.017732372300790254,1.9271387319787348,-0.027641970665663984,0.7647058823529411
MLP,20,model,0.0,3,high,22,0.002859289684199891,0.02764387260808224,0.3671508576502684,-0.11478434622764111,0.5454545454545454
MLP,20,model,0.0,3,low,12,0.003684186306246283,0.017106831703030255,0.7644644140514417,-0.032464386083922436,0.6666666666666666
MLP,20,model,0.0,3,mid,17,0.00732786258552083,0.013072081584719022,1.989838546274512,-0.02129002655563872,0.7058823529411765
MLP,20,model,0.0,4,high,22,0.012413503869647386,0.022181805432191486,1.9864734501927566,-0.030917431192660105,0.6818181818181818
MLP,20,model,0.0,4,low,11,0.005331700310644927,0.01660593423950584,1.139692496516512,-0.032472235612935996,0.5454545454545454
MLP,20,model,0.0,4,mid,18,0.0010560697053580781,0.015118514802730066,0.2479526348296335,-0.054433572163802735,0.4444444444444444
MLP,20,model,0.0,5,high,22,0.00574754957983385,0.023508579735815566,0.8678438830521232,-0.10535619586353184,0.6818181818181818
MLP,20,model,0.0,5,low,11,-0.005024356125800236,0.01618662689451201,-1.101816649978536,-0.09124004304522104,0.36363636363636365
MLP,20,model,0.0,5,mid,18,0.0084133293844657,0.013639949410592826,2.189477088881615,-0.02069167611585787,0.7222222222222222
MLP,20,model,0.0,6,high,22,0.005411152951775814,0.022558530679711742,0.8514600450476619,-0.07255345472332608,0.5454545454545454
MLP,20,model,0.0,6,low,11,-0.0004732504968224817,0.016764848422708492,-0.10020207612975264,-0.04896327897213182,0.5454545454545454
MLP,20,model,0.0,6,mid,18,0.012004646864723172,0.013845464818925847,3.077705929636626,-0.023722840888457997,0.7777777777777778
MLP,20,model,0.0,7,high,20,0.0017420028347085348,0.024142206147943067,0.2561280693910266,-0.07253794564066318,0.5
MLP,20,model,0.0,7,low,11,0.0012179258176049361,0.01606675763964966,0.26907779908497137,-0.029689768379945303,0.45454545454545453
MLP,20,model,0.0,7,mid,20,0.00492050771205684,0.016304361130836005,1.0712514019146704,-0.037938830435524484,0.6
MLP,20,model,0.0,8,high,18,0.007067731792476045,0.023931034873875476,1.0483440951937375,-0.08330366678533274,0.6111111111111112
MLP,20,model,0.0,8,low,11,0.004865016606215719,0.01517473579354988,1.1380162441066273,-0.018877057115197937,0.7272727272727273
MLP,20,model,0.0,8,mid,22,0.006577707032483476,0.016468223312067175,1.4177937300199126,-0.020433799703973188,0.6818181818181818
MLP,20,model,0.0,9,high,18,0.0038410445976001725,0.026915941282188726,0.506553184633754,-0.09072684653258956,0.6111111111111112
MLP,20,model,0.0,9,low,10,0.0004405286015532698,0.017327142673460288,0.09024692885521136,-0.038255989750976105,0.5
MLP,20,model,0.0,9,mid,23,0.011007935375328447,0.016432240857836764,2.377904188152984,-0.020932349074730294,0.6956521739130435
MLP,20,model,0.0,10,high,16,0.01117838234617807,0.020421229008007302,1.9430427555574892,-0.04801856479828648,0.75
MLP,20,model,0.0,10,low,11,0.0010953937832327728,0.0164133545905636,0.23689625346577806,-0.04317358679691685,0.45454545454545453
MLP,20,model,0.0,10,mid,24,0.009364382537797087,0.021706583482505613,1.5313446519408913,-0.040885860306643984,0.625
MLP,20,model,0.0,11,high,18,0.0019914954771461393,0.023749685296258427,0.297650583159552,-0.09686203795552661,0.5555555555555556
MLP,20,model,0.0,11,low,10,0.00980424884455999,0.011923321564258571,2.9187865846870285,-0.012653446647781341,0.8
MLP,20,model,0.0,11,mid,23,0.007137731510274517,0.019465463211658162,1.301609582858656,-0.03986567644754091,0.6086956521739131
MLP,20,model,0.0,12,high,18,-0.0020903465151804464,0.02494328771133014,-0.29747458076701877,-0.10178940951335846,0.5
MLP,20,model,0.0,12,low,9,0.0053850572739820544,0.014058225297973913,1.35970626992428,-0.023617711477797787,0.6666666666666666
MLP,20,model,0.0,12,mid,24,0.00968476371423237,0.016214828062367962,2.1201273769966664,-0.021989106314303064,0.75
MLP,20,model,0.0,13,high,17,-0.0007698475567339651,0.027062913537631253,-0.10097537118749753,-0.1493719618106717,0.5294117647058824
MLP,20,model,0.0,13,low,9,-0.001867192749110722,0.015072380204585645,-0.4397365694425626,-0.023372921615202435,0.5555555555555556
MLP,20,model,0.0,13,mid,25,0.005377007681386123,0.01683780591916066,1.133549344498164,-0.026952109073692943,0.68
MLP,20,model,0.0,14,high,17,0.0006875034652251531,0.026855397459875568,0.09087168471454761,-0.08159786956681925,0.5294117647058824
MLP,20,model,0.0,14,low,11,0.0036744954303274363,0.011121532379813595,1.1727848673754304,-0.018237082066869248,0.7272727272727273
MLP,20,model,0.0,14,mid,23,0.006071949571672256,0.01702978655620534,1.2656226072973735,-0.03041797634186405,0.6521739130434783
MLP,20,model,0.0,15,high,18,0.0002118830546320614,0.026842458895311266,0.028019423871240557,-0.12989544464604486,0.4444444444444444
MLP,20,model,0.0,15,low,11,0.0013025079830678648,0.01598552619008107,0.28922693145008976,-0.04416406578947085,0.5454545454545454
MLP,20,model,0.0,15,mid,22,0.005363050003970672,0.016225609417467365,1.1732649623657327,-0.03448877625536251,0.5909090909090909
MLP,20,model,0.0,16,high,19,0.01418170761557458,0.024049052136513482,2.0932246286816207,-0.05016937366766416,0.7368421052631579
MLP,20,model,0.0,16,low,11,0.0023300190952186177,0.015503916568740828,0.5334618050480825,-0.02404485839194015,0.5454545454545454
MLP,20,model,0.0,16,mid,21,0.006601730595793718,0.014878028881632687,1.5750620685833523,-0.017996578927010343,0.6666666666666666
MLP,20,model,0.0,17,high,19,0.01096721710310248,0.02404263134502305,1.619197094929296,-0.08964966875074254,0.6842105263157895
MLP,20,model,0.0,17,low,11,4.7129635715991136e-05,0.014634760046559494,0.011431250699997923,-0.03931642456620155,0.6363636363636364
MLP,20,model,0.0,17,mid,21,0.003221754210017157,0.015473855426062387,0.7390590550262932,-0.03544641125079251,0.5714285714285714
MLP,20,model,0.0,18,high,20,0.007852073752124081,0.026531361295025754,1.0505339910106561,-0.07628303981331686,0.65
MLP,20,model,0.0,18,low,11,0.0058040464974714635,0.01453578629150993,1.4173516914148674,-0.016763565891472654,0.6363636363636364
MLP,20,model,0.0,18,mid,19,0.0038872545976842573,0.014724959015252038,0.9370745947734198,-0.02423150095123594,0.5263157894736842
MLP,20,model,0.0,19,high,19,0.008828649566576759,0.019780254057125735,1.5843374426451313,-0.03542294561742354,0.631578947368421
MLP,20,model,0.0,19,low,12,0.0019423472690111663,0.015356454506212506,0.44897400263740395,-0.04494867118361867,0.5
MLP,20,model,0.0,19,mid,19,0.007381196276054985,0.01884623898143856,1.3902321659043033,-0.03685119018504546,0.7368421052631579
MLP,20,model,0.0005,0,high,20,-0.0005405793054013795,0.021539291355369146,-0.08908678323021806,-0.09077019492474059,0.55
MLP,20,model,0.0005,0,low,12,-0.00034590923062083394,0.016951944804867232,-0.0724315692253513,-0.03745893434820857,0.5
MLP,20,model,0.0005,0,mid,19,0.004828789496635921,0.018364120731769837,0.9333690733737087,-0.055311244621772504,0.631578947368421
MLP,20,model,0.0005,1,high,21,0.01110085438723262,0.01706434087692591,2.3091500816504014,-0.031871219994470845,0.6190476190476191
MLP,20,model,0.0005,1,low,12,0.00803794040377241,0.015074532555749075,1.892719255260033,-0.02682403433476399,0.75
MLP,20,model,0.0005,1,mid,18,-0.0029923114021489393,0.020037384260694825,-0.5300917353484322,-0.08133317326768907,0.4444444444444444
MLP,20,model,0.0005,2,high,22,0.009134808554512997,0.019154628569462654,1.692820803573196,-0.0422432629278946,0.7727272727272727
MLP,20,model,0.0005,2,low,12,0.004179925739106543,0.016119452889736006,0.92045707738872,-0.037756623288003,0.5
MLP,20,model,0.0005,2,mid,17,0.009627079283238813,0.017732372300790254,1.9271387319787348,-0.027641970665663984,0.7647058823529411
MLP,20,model,0.0005,3,high,22,0.002859289684199891,0.02764387260808224,0.3671508576502684,-0.11478434622764111,0.5454545454545454
MLP,20,model,0.0005,3,low,12,0.0025061177373250747,0.016818845494204027,0.5289206973795761,-0.0441328636137871,0.5833333333333334
MLP,20,model,0.0005,3,mid,17,0.007488721880521635,0.01244957277790655,2.135199829374049,-0.021387892659596286,0.6470588235294118
MLP,20,model,0.0005,4,high,22,0.012532479786341429,0.022099455587004248,2.012985795170798,-0.030917431192660105,0.6818181818181818
MLP,20,model,0.0005,4,low,11,0.005331700310644927,0.01660593423950584,1.139692496516512,-0.032472235612935996,0.5454545454545454
MLP,20,model,0.0005,4,mid,18,0.0015612636368799839,0.014903263561698948,0.37186057402777223,-0.045795858620231944,0.4444444444444444
MLP,20,model,0.0005,5,high,22,0.0049899238792497315,0.023408072136621334,0.756682248984977,-0.10535619586353162,0.6363636363636364
MLP,20,model,0.0005,5,low,11,-0.0040825017782953185,0.01614450259608233,-0.8976085608571944,-0.08177598732897062,0.36363636363636365
MLP,20,model,0.0005,5,mid,18,0.00667948015486434,0.013552350634080942,1.74949742252538,-0.02078960205186786,0.6111111111111112
MLP,20,model,0.0005,6,high,22,0.005411152951775814,0.022558530679711742,0.8514600450476619,-0.07255345472332608,0.5454545454545454
MLP,20,model,0.0005,6,low,11,-0.0025293175439890818,0.015788091413000888,-0.5686682701131688,-0.06750743913798807,0.36363636363636365
MLP,20,model,0.0005,6,mid,18,0.011999091309167617,0.013853341864135909,3.074532435823664,-0.023820463723146168,0.7777777777777778
MLP,20,model,0.0005,7,high,20,0.0027464384056244393,0.023580063665535642,0.41343778263307746,-0.07253794564066318,0.5
MLP,20,model,0.0005,7,low,11,0.0012179258176049361,0.01606675763964966,0.26907779908497137,-0.029689768379945303,0.45454545454545453
MLP,20,model,0.0005,7,mid,20,0.0037645444604961003,0.01576426189071089,0.8476646301509638,-0.03963439407754299,0.55
MLP,20,model,0.0005,8,high,18,0.007067731792476045,0.023931034873875476,1.0483440951937375,-0.08330366678533274,0.6111111111111112
MLP,20,model,0.0005,8,low,11,0.004269301035146273,0.015242499741134593,0.9942276911640633,-0.018877057115197937,0.6363636363636364
MLP,20,model,0.0005,8,mid,22,0.007245454587671999,0.015846637391053776,1.6229823279615883,-0.020433799703973188,0.6818181818181818
MLP,20,model,0.0005,9,high,18,0.0038410445976001725,0.026915941282188726,0.506553184633754,-0.09072684653258956,0.6111111111111112
MLP,20,model,0.0005,9,low,10,0.0004405286015532698,0.017327142673460288,0.09024692885521136,-0.038255989750976105,0.5
MLP,20,model,0.0005,9,mid,23,0.011007935375328447,0.016432240857836764,2.377904188152984,-0.020932349074730294,0.6956521739130435
MLP,20,model,0.0005,10,high,16,0.01117838234617807,0.020421229008007302,1.9430427555574892,-0.04801856479828648,0.75
MLP,20,model,0.0005,10,low,11,0.003362478492091327,0.015029809850711891,0.7941294491051685,-0.024463353316572456,0.45454545454545453
MLP,20,model,0.0005,10,mid,24,0.009364382537797087,0.021706583482505613,1.5313446519408913,-0.040885860306643984,0.625
MLP,20,model,0.0005,11,high,18,0.0019914954771461393,0.023749685296258427,0.297650583159552,-0.09686203795552661,0.5555555555555556
MLP,20,model,0.0005,11,low,10,0.00980424884455999,0.011923321564258571,2.9187865846870285,-0.012653446647781341,0.8
MLP,20,model,0.0005,11,mid,23,0.006221293956959139,0.01928497748901923,1.1451090806129094,-0.04470637291356505,0.5652173913043478
MLP,20,model,0.0005,12,high,18,-0.0020903465151804464,0.02494328771133014,-0.29747458076701877,-0.10178940951335846,0.5
MLP,20,model,0.0005,12,low,9,0.0053850572739820544,0.014058225297973913,1.35970626992428,-0.023617711477797787,0.6666666666666666
MLP,20,model,0.0005,12,mid,24,0.008209573123584678,0.015375451013247925,1.8953000939927926,-0.021989106314302953,0.7083333333333334
MLP,20,model,0.0005,13,high,17,-0.0007698475567339651,0.027062913537631253,-0.10097537118749753,-0.1493719618106717,0.5294117647058824
MLP,20,model,0.0005,13,low,9,-0.001867192749110722,0.015072380204585645,-0.4397365694425626,-0.023372921615202435,0.5555555555555556
MLP,20,model,0.0005,13,mid,25,0.005377007681386123,0.01683780591916066,1.133549344498164,-0.026952109073692943,0.68
MLP,20,model,0.0005,14,high,17,0.0006875034652251531,0.026855397459875568,0.09087168471454761,-0.08159786956681925,0.5294117647058824
MLP,20,model,0.0005,14,low,11,0.0053386252069379265,0.00856239472906419,2.213193877813434,-0.013517427826591377,0.7272727272727273
MLP,20,model,0.0005,14,mid,23,0.0060676017455853,0.017031293138147115,1.2646044805096606,-0.03041797634186416,0.6521739130434783
MLP,20,model,0.0005,15,high,18,0.0002118830546320614,0.026842458895311266,0.028019423871240557,-0.12989544464604486,0.4444444444444444
MLP,20,model,0.0005,15,low,11,0.0013025079830678648,0.01598552619008107,0.28922693145008976,-0.04416406578947085,0.5454545454545454
MLP,20,model,0.0005,15,mid,22,0.005363050003970672,0.016225609417467365,1.1732649623657327,-0.03448877625536251,0.5909090909090909
MLP,20,model,0.0005,16,high,19,0.014186970773469318,0.024048092241674635,2.09408505588389,-0.05016937366766416,0.7368421052631579
MLP,20,model,0.0005,16,low,11,0.004343256272247618,0.013270544169633894,1.1617481678194184,-0.018795084931442108,0.5454545454545454
MLP,20,model,0.0005,16,mid,21,0.006601730595793718,0.014878028881632687,1.5750620685833523,-0.017996578927010343,0.6666666666666666
MLP,20,model,0.0005,17,high,19,0.01096721710310248,0.02404263134502305,1.619197094929296,-0.08964966875074254,0.6842105263157895
MLP,20,model,0.0005,17,low,11,4.7129635715991136e-05,0.014634760046559494,0.011431250699997923,-0.03931642456620155,0.6363636363636364
MLP,20,model,0.0005,17,mid,21,0.0039679685285562575,0.01489185699356706,0.9458115963069397,-0.03544641125079251,0.5714285714285714
MLP,20,model,0.0005,18,high,20,0.007852073752124081,0.026531361295025754,1.0505339910106561,-0.07628303981331686,0.65
MLP,20,model,0.0005,18,low,11,0.0058040464974714635,0.01453578629150993,1.4173516914148674,-0.016763565891472654,0.6363636363636364
MLP,20,model,0.0005,18,mid,19,0.0038872545976842573,0.014724959015252038,0.9370745947734198,-0.02423150095123594,0.5263157894736842
MLP,20,model,0.0005,19,high,19,0.008828649566576759,0.019780254057125735,1.5843374426451313,-0.03542294561742354,0.631578947368421
MLP,20,model,0.0005,19,low,12,0.0019340139356778328,0.015367855328583997,0.4467161032085588,-0.04504417154140283,0.5
MLP,20,model,0.0005,19,mid,19,0.009352109528481922,0.015557851557160426,2.1337583498919868,-0.024246657353822032,0.7368421052631579
MLP,20,model,0.001,0,high,20,-0.0005405793054013795,0.021539291355369146,-0.08908678323021806,-0.09077019492474059,0.55
MLP,20,model,0.001,0,low,12,0.0009751940443664999,0.01622730782702034,0.21331914690873888,-0.02713621359416285,0.5
MLP,20,model,0.001,0,mid,19,0.004834052654530658,0.01835769952217984,0.9347132350223364,-0.05521677102263356,0.631578947368421
MLP,20,model,0.001,1,high,21,0.008827743461746876,0.0167855576101755,1.8668060664045276,-0.031871219994470845,0.5238095238095238
MLP,20,model,0.001,1,low,12,0.00803794040377241,0.015074532555749075,1.892719255260033,-0.02682403433476399,0.75
MLP,20,model,0.001,1,mid,18,-0.00016928141878958355,0.016076690446636076,-0.03737643824192786,-0.041042526870091134,0.4444444444444444
MLP,20,model,0.001,2,high,22,0.009134808554512997,0.019154628569462654,1.692820803573196,-0.0422432629278946,0.7727272727272727
MLP,20,model,0.001,2,low,12,0.004179925739106543,0.016119452889736006,0.92045707738872,-0.037756623288003,0.5
MLP,20,model,0.001,2,mid,17,0.008765795774015159,0.017837302511448303,1.744405482661305,-0.0277392016069693,0.7058823529411765
MLP,20,model,0.001,3,high,22,0.0013910331952111093,0.026859722469230837,0.18383205649059486,-0.11802581981175064,0.5
MLP,20,model,0.001,3,low,12,0.001943161211777917,0.0167746564091634,0.4111880379507345,-0.0441328636137871,0.5
MLP,20,model,0.001,3,mid,17,0.007488721880521635,0.01244957277790655,2.135199829374049,-0.021387892659596286,0.6470588235294118
MLP,20,model,0.001,4,high,22,0.012532479786341429,0.022099455587004248,2.012985795170798,-0.030917431192660105,0.6818181818181818
MLP,20,model,0.001,4,low,11,0.005331700310644927,0.01660593423950584,1.139692496516512,-0.032472235612935996,0.5454545454545454
MLP,20,model,0.001,4,mid,18,0.0006969522355640008,0.014495572941879219,0.1706683156494149,-0.04740088371956308,0.3888888888888889
MLP,20,model,0.001,5,high,22,0.004947383356299523,0.023416639396086195,0.7499568360352966,-0.10535619586353173,0.5909090909090909
MLP,20,model,0.001,5,low,11,-0.0040825017782953185,0.01614450259608233,-0.8976085608571944,-0.08177598732897062,0.36363636363636365
MLP,20,model,0.001,5,mid,18,0.0066739245993087835,0.013553784029817353,1.7478574385887113,-0.020789602051867972,0.6111111111111112
MLP,20,model,0.001,6,high,22,0.004428488047294645,0.0215734004173866,0.7286553283046677,-0.07255345472332597,0.5
MLP,20,model,0.001,6,low,11,-0.0025293175439890818,0.015788091413000888,-0.5686682701131688,-0.06750743913798807,0.36363636363636365
MLP,20,model,0.001,6,mid,18,0.011290127477069194,0.01413986816714073,2.83425393191115,-0.023820463723146168,0.7222222222222222
MLP,20,model,0.001,7,high,20,0.0027464384056244393,0.023580063665535642,0.41343778263307746,-0.07253794564066318,0.5
MLP,20,model,0.001,7,low,11,0.004128115643426372,0.013441942286055395,1.090121991925567,-0.014042033926898956,0.45454545454545453
MLP,20,model,0.001,7,mid,20,0.0037595444604961005,0.015771740013613984,0.8461373934850422,-0.03973042583646724,0.55
MLP,20,model,0.001,8,high,18,0.007067731792476045,0.023931034873875476,1.0483440951937375,-0.08330366678533274,0.6111111111111112
MLP,20,model,0.001,8,low,11,0.004269301035146273,0.015242499741134593,0.9942276911640633,-0.018877057115197937,0.6363636363636364
MLP,20,model,0.001,8,mid,22,0.007227838947548985,0.01584866526738504,1.618829263600815,-0.020433799703973188,0.6363636363636364
MLP,20,model,0.001,9,high,18,0.0038298906588529725,0.02691762396929246,0.5050506402237488,-0.09072684653258956,0.5555555555555556
MLP,20,model,0.001,9,low,10,0.0004405286015532698,0.017327142673460288,0.09024692885521136,-0.038255989750976105,0.5
MLP,20,model,0.001,9,mid,23,0.011003587549241491,0.01642849750091791,2.3775065919934675,-0.020932349074730183,0.6956521739130435
MLP,20,model,0.001,10,high,16,0.010655496339884869,0.020607030062065837,1.8354542003991792,-0.04801856479828648,0.6875
MLP,20,model,0.001,10,low,11,0.003362478492091327,0.015029809850711891,0.7941294491051685,-0.024463353316572456,0.45454545454545453
MLP,20,model,0.001,10,mid,24,0.009360215871130421,0.02170435128104332,1.5308207049433902,-0.040885860306643984,0.625
MLP,20,model,0.001,11,high,18,0.0019914954771461393,0.023749685296258427,0.297650583159552,-0.09686203795552661,0.5555555555555556
MLP,20,model,0.001,11,low,10,0.00980424884455999,0.011923321564258571,2.9187865846870285,-0.012653446647781341,0.8
MLP,20,model,0.001,11,mid,23,0.005760523851777927,0.019297582221382382,1.0596058607322847,-0.04470637291356505,0.5217391304347826
MLP,20,model,0.001,12,high,18,-0.0020903465151804464,0.02494328771133014,-0.29747458076701877,-0.10178940951335846,0.5
MLP,20,model,0.001,12,low,9,0.0053850572739820544,0.014058225297973913,1.35970626992428,-0.023617711477797787,0.6666666666666666
MLP,20,model,0.001,12,mid,24,0.00791637868774138,0.015460379159327863,1.817572289550894,-0.021989106314303064,0.6666666666666666
MLP,20,model,0.001,13,high,17,-0.0007698475567339651,0.027062913537631253,-0.10097537118749753,-0.1493719618106717,0.5294117647058824
MLP,20,model,0.001,13,low,9,-0.001867192749110722,0.015072380204585645,-0.4397365694425626,-0.023372921615202435,0.5555555555555556
MLP,20,model,0.001,13,mid,25,0.00440453049295406,0.016790570714719233,0.9311495450444083,-0.03321613010047186,0.6
MLP,20,model,0.001,14,high,17,0.0006875034652251531,0.026855397459875568,0.09087168471454761,-0.08159786956681925,0.5294117647058824
MLP,20,model,0.001,14,low,11,0.0053386252069379265,0.00856239472906419,2.213193877813434,-0.013517427826591377,0.7272727272727273
MLP,20,model,0.001,14,mid,23,0.0060676017455853,0.017031293138147115,1.2646044805096606,-0.03041797634186416,0.6521739130434783
MLP,20,model,0.001,15,high,18,0.0008531373629911837,0.02667168015306538,0.11354129945545967,-0.12989544464604497,0.4444444444444444
MLP,20,model,0.001,15,low,11,0.0013025079830678648,0.01598552619008107,0.28922693145008976,-0.04416406578947085,0.5454545454545454
MLP,20,model,0.001,15,mid,22,0.005363050003970672,0.016225609417467365,1.1732649623657327,-0.03448877625536251,0.5909090909090909
MLP,20,model,0.001,16,high,19,0.014186970773469318,0.024048092241674635,2.09408505588389,-0.05016937366766416,0.7368421052631579
MLP,20,model,0.001,16,low,11,0.004343256272247618,0.013270544169633894,1.1617481678194184,-0.018795084931442108,0.5454545454545454
MLP,20,model,0.001,16,mid,21,0.006601730595793718,0.014878028881632687,1.5750620685833523,-0.017996578927010343,0.6666666666666666
MLP,20,model,0.001,17,high,19,0.01096721710310248,0.02404263134502305,1.619197094929296,-0.08964966875074254,0.6842105263157895
MLP,20,model,0.001,17,low,11,4.7129635715991136e-05,0.014634760046559494,0.011431250699997923,-0.03931642456620155,0.6363636363636364
MLP,20,model,0.001,17,mid,21,0.0039679685285562575,0.01489185699356706,0.9458115963069397,-0.03544641125079251,0.5714285714285714
MLP,20,model,0.001,18,high,20,0.007852073752124081,0.026531361295025754,1.0505339910106561,-0.07628303981331686,0.65
MLP,20,model,0.001,18,low,11,0.0058040464974714635,0.01453578629150993,1.4173516914148674,-0.016763565891472654,0.6363636363636364
MLP,20,model,0.001,18,mid,19,0.004945085427442699,0.013591596997375437,1.2914826680916265,-0.02423150095123605,0.5263157894736842
MLP,20,model,0.001,19,high,19,0.009486245217700038,0.01924481861643523,1.7497088853422345,-0.023683432867328325,0.631578947368421
MLP,20,model,0.001,19,low,12,0.0019340139356778328,0.015367855328583997,0.4467161032085588,-0.04504417154140283,0.5
MLP,20,model,0.001,19,mid,19,0.009352109528481922,0.015557851557160426,2.1337583498919868,-0.024246657353822032,0.7368421052631579
RandomForest,20,model,0.0,0,high,20,0.011960453995990402,0.01764256401254938,2.406418932034144,-0.021323388793267894,0.75
RandomForest,20,model,0.0,0,low,12,0.005214850888220307,0.015990365093251777,1.1576273736751306,-0.033302365147890645,0.5833333333333334
RandomForest,20,model,0.0,0,mid,19,0.008557441429407273,0.01680562607769768,1.8074842080210485,-0.024151696606785955,0.6842105263157895
RandomForest,20,model,0.0,1,high,21,0.01019172215387383,0.017654924226327525,2.0491181026850662,-0.02819545375181498,0.6666666666666666
RandomForest,20,model,0.0,1,low,12,0.00642536762527875,0.015963889581121764,1.4287114921609203,-0.02682403433476399,0.6666666666666666
RandomForest,20,model,0.0,1,mid,18,0.008717531614505863,0.018085629609322862,1.7109809386959192,-0.03094596422735152,0.6111111111111112
RandomForest,20,model,0.0,2,high,22,0.012154044796966117,0.01734353008647043,2.487531604502259,-0.025565024082993326,0.7727272727272727
RandomForest,20,model,0.0,2,low,12,0.002799497043295417,0.01646397179945893,0.6035742066041971,-0.03139846643555699,0.5833333333333334
RandomForest,20,model,0.0,2,mid,17,0.008740185359715135,0.018209862861867546,1.7037239972443479,-0.022745497488539157,0.7058823529411765
RandomForest,20,model,0.0,3,high,22,0.014706673917886031,0.02329283884046451,2.241182970564241,-0.031785516860143304,0.7272727272727273
RandomForest,20,model,0.0,3,low,12,0.005165569367162884,0.01669466213977461,1.0983122717456897,-0.03246438608392255,0.6666666666666666
RandomForest,20,model,0.0,3,mid,17,0.006118951217782312,0.013708640018599274,1.584411154316397,-0.019844867532990862,0.6470588235294118
RandomForest,20,model,0.0,4,high,22,0.013208514769387876,0.021711518416155942,2.159479379400777,-0.023266901878516766,0.6818181818181818
RandomForest,20,model,0.0,4,low,11,0.010168685388650527,0.01391140708435461,2.5946514403774326,-0.01812938782557305,0.7272727272727273
RandomForest,20,model,0.0,4,mid,18,0.006363065705474505,0.013590654831757943,1.6619245287898878,-0.024432104997475612,0.7222222222222222
RandomForest,20,model,0.0,5,high,22,0.015358226769957406,0.01842400861365852,2.958981298911644,-0.026692593247303997,0.8181818181818182
RandomForest,20,model,0.0,5,low,11,0.008601740290530355,0.014399695771277048,2.1204023740746143,-0.023500696373941476,0.6363636363636364
RandomForest,20,model,0.0,5,mid,18,0.007761741567722973,0.014014321305035802,1.9659496041645448,-0.019435165502581064,0.7222222222222222
RandomForest,20,model,0.0,6,high,22,0.01457761553913054,0.01778019062976389,2.910283867231886,-0.031619855149266685,0.7727272727272727
RandomForest,20,model,0.0,6,low,11,0.008549952747565254,0.014111729804190508,2.150645029270926,-0.02548954251852875,0.7272727272727273
RandomForest,20,model,0.0,6,mid,18,0.010512873526625678,0.015044140741800166,2.480500532423674,-0.014905698641249243,0.7222222222222222
RandomForest,20,model,0.0,7,high,20,0.014170376954511971,0.019309371646321027,2.604944857502751,-0.024444052241440195,0.75
RandomForest,20,model,0.0,7,low,11,0.009693989884746065,0.012476089362792262,2.758095869964953,-0.02054451585388184,0.7272727272727273
RandomForest,20,model,0.0,7,mid,20,0.0115371117355237,0.01228550736592348,3.3334141502309467,-0.010464289342680289,0.75
RandomForest,20,model,0.0,8,high,18,0.014000218991563482,0.02047703316523354,2.4269066285124037,-0.036934852260591566,0.8333333333333334
RandomForest,20,model,0.0,8,low,11,0.008479175404143436,0.013334351810528286,2.257184101571463,-0.02466589873580538,0.7272727272727273
RandomForest,20,model,0.0,8,mid,22,0.009070829615877957,0.015142087733493303,2.126407638798822,-0.02721156742644837,0.7272727272727273
RandomForest,20,model,0.0,9,high,18,0.01833067327697007,0.01951448196879029,3.3343152769699564,-0.012529137529137202,0.7777777777777778
RandomForest,20,model,0.0,9,low,10,0.01027400808787109,0.013429148123570664,2.7156682306618958,-0.025901422804250118,0.8
RandomForest,20,model,0.0,9,mid,23,0.007106681692175651,0.018545834700656405,1.360209337437364,-0.03091889809285364,0.6956521739130435
RandomForest,20,model,0.0,10,high,16,0.0148351636690865,0.01776944127746704,2.96349256539485,-0.02281618811083297,0.75
RandomForest,20,model,0.0,10,low,11,0.012291903417991145,0.010073837704591986,4.3312122017119075,-0.01133465570983272,0.9090909090909091
RandomForest,20,model,0.0,10,mid,24,0.009651365026492722,0.02157295109005626,1.5880510350445347,-0.03442083208620095,0.6666666666666666
RandomForest,20,model,0.0,11,high,18,0.014369026329511921,0.01861472614472037,2.740034062600341,-0.017882352941177126,0.7777777777777778
RandomForest,20,model,0.0,11,low,10,0.00987809382007007,0.011806875841470197,2.9697741517302623,-0.01661945231350337,0.8
RandomForest,20,model,0.0,11,mid,23,0.006257467769108453,0.019815655120303925,1.1209221699954228,-0.05109145652992053,0.6086956521739131
RandomForest,20,model,0.0,12,high,18,0.016629110618120273,0.018221635288547297,3.239417656458814,-0.02110022607385109,0.8333333333333334
RandomForest,20,model,0.0,12,low,9,0.011808260057892811,0.008327995220584044,5.033043854017714,-0.007836687306501333,0.8888888888888888
RandomForest,20,model,0.0,12,mid,24,0.007769219098815762,0.01723536321953917,1.6000818592161106,-0.03459210147016367,0.75
RandomForest,20,model,0.0,13,high,17,0.015034176805139698,0.022139528812006152,2.41044125756277,-0.019897669130187645,0.7647058823529411
RandomForest,20,model,0.0,13,low,9,0.011339524193537934,0.009043833862555816,4.45069187587222,-0.008603189946834844,0.8888888888888888
RandomForest,20,model,0.0,13,mid,25,0.007511229768502294,0.01596260808482633,1.6702922608953812,-0.03370678923681003,0.68
RandomForest,20,model,0.0,14,high,17,0.01439827520183173,0.022335832511085143,2.2881979829707153,-0.02540698221511195,0.7058823529411765
RandomForest,20,model,0.0,14,low,11,0.004904705018030255,0.010534840742924335,1.6526092937128574,-0.01823708206686947,0.8181818181818182
RandomForest,20,model,0.0,14,mid,23,0.010994127572872518,0.014204802897691554,2.74733002640646,-0.021473008227974932,0.8260869565217391
RandomForest,20,model,0.0,15,high,18,0.01762868435726347,0.019751725977352395,3.1681090527957205,-0.018492550394390794,0.7777777777777778
RandomForest,20,model,0.0,15,low,11,0.00764772835750418,0.013841428118796252,1.9612674675250013,-0.016119755300701866,0.8181818181818182
RandomForest,20,model,0.0,15,mid,22,0.008452266582007918,0.014701395590552462,2.04079741161389,-0.02048192771084345,0.7727272727272727
RandomForest,20,model,0.0,16,high,19,0.016694120282717044,0.022242698542032556,2.664166328053568,-0.027692577337656288,0.7368421052631579
RandomForest,20,model,0.0,16,low,11,0.011850081343827782,0.009481835248489329,4.436231478129192,0.0,1.0
RandomForest,20,model,0.0,16,mid,21,0.008768300004984467,0.013656399398414053,2.2791056798323477,-0.01957831325301118,0.8095238095238095
RandomForest,20,model,0.0,17,high,19,0.01524770981469861,0.021421676214689267,2.5265996984340062,-0.02575488454706909,0.7368421052631579
RandomForest,20,model,0.0,17,low,11,0.010488327433685146,0.009451809218014941,3.9389145796989795,-0.0032383434181609827,0.8181818181818182
RandomForest,20,model,0.0,17,mid,21,0.008440745989220465,0.013238808397011385,2.2631701526421035,-0.020841683366733754,0.7619047619047619
RandomForest,20,model,0.0,18,high,20,0.016922037812291093,0.021559394741096156,2.786129953805536,-0.02140794583291805,0.75
RandomForest,20,model,0.0,18,low,11,0.01233533839707221,0.008924167789911468,4.906463963470724,-0.0007839294463491964,0.9090909090909091
RandomForest,20,model,0.0,18,mid,19,0.0074770690371999534,0.013165372865459168,2.0159673753201814,-0.024231500951236162,0.5789473684210527
RandomForest,20,model,0.0,19,high,19,0.012871017681285226,0.01726528743687458,2.646210244824749,-0.020510498686994616,0.7368421052631579
RandomForest,20,model,0.0,19,low,12,0.009049833531565741,0.012207185173483556,2.631542150084443,-0.014404876308253822,0.6666666666666666
RandomForest,20,model,0.0,19,mid,19,0.01057060280173834,0.017114495741977855,2.1924056825286256,-0.024246657353822143,0.6842105263157895
RandomForest,20,model,0.0005,0,high,20,0.011530163526328055,0.0178326379770293,2.2951186724636967,-0.021323388793267783,0.7
RandomForest,20,model,0.0005,0,low,12,0.005962235963600643,0.01544880891719827,1.3699333263314462,-0.02449587978305323,0.5833333333333334
RandomForest,20,model,0.0005,0,mid,19,0.006493728926951906,0.0151735580584048,1.5191197057590393,-0.024151696606785844,0.631578947368421
RandomForest,20,model,0.0005,1,high,21,0.010805040283725535,0.01701371526771303,2.2543041083836637,-0.01978967495219852,0.6666666666666666
RandomForest,20,model,0.0005,1,low,12,0.005589628725172133,0.016026194121442416,1.238049005725413,-0.02682403433476399,0.5833333333333334
RandomForest,20,model,0.0005,1,mid,18,0.008723087170061419,0.018090661320446073,1.7115951287427067,-0.03094596422735152,0.6111111111111112
RandomForest,20,model,0.0005,2,high,22,0.012154044796966117,0.01734353008647043,2.487531604502259,-0.025565024082993326,0.7727272727272727
RandomForest,20,model,0.0005,2,low,12,0.004169138345723917,0.015355580689422901,0.9637520942625951,-0.028490859587709694,0.5833333333333334
RandomForest,20,model,0.0005,2,mid,17,0.00953796798167231,0.01745773616626174,1.939336658917074,-0.014535149465215835,0.7058823529411765
RandomForest,20,model,0.0005,3,high,22,0.015499569532432516,0.022430240441994303,2.4528499423277133,-0.031785516860143304,0.7272727272727273
RandomForest,20,model,0.0005,3,low,12,0.006970934176747583,0.012032828610570643,2.056404396027648,-0.017543611819572758,0.5833333333333334
RandomForest,20,model,0.0005,3,mid,17,0.006815934453506823,0.013190105967182467,1.8342663261531338,-0.01984486753299075,0.6470588235294118
RandomForest,20,model,0.0005,4,high,22,0.01428314428747292,0.020352857025064234,2.4910572816627927,-0.02248750694058832,0.6818181818181818
RandomForest,20,model,0.0005,4,low,11,0.009194697104669462,0.014237888787598874,2.2923298164839734,-0.018129387825573162,0.6363636363636364
RandomForest,20,model,0.0005,4,mid,18,0.006226672807288544,0.012713899604512883,1.7384513449248966,-0.024432104997475612,0.6111111111111112
RandomForest,20,model,0.0005,5,high,22,0.01536277222450286,0.018425246448146894,2.959658198077018,-0.026692593247303997,0.8181818181818182
RandomForest,20,model,0.0005,5,low,11,0.00921279369584583,0.013806988656480274,2.3685232407696653,-0.023500696373941588,0.6363636363636364
RandomForest,20,model,0.0005,5,mid,18,0.008047053184546989,0.012421978897780574,2.2994891096038685,-0.019435165502581064,0.6666666666666666
RandomForest,20,model,0.0005,6,high,22,0.014573070084585084,0.017778362040409855,2.9096756532173775,-0.031619855149266685,0.7727272727272727
RandomForest,20,model,0.0005,6,low,11,0.00906289094821422,0.013153351651767174,2.4457698996269057,-0.01935260497924085,0.6363636363636364
RandomForest,20,model,0.0005,6,mid,18,0.00990968175570264,0.013871881789424442,2.5357684897470265,-0.014905698641249243,0.6666666666666666
RandomForest,20,model,0.0005,7,high,20,0.014165376954511972,0.01930605696381109,2.6044727945533945,-0.024444052241440195,0.75
RandomForest,20,model,0.0005,7,low,11,0.007948142522026346,0.01268127101022842,2.22478544539397,-0.02064245650518237,0.5454545454545454
RandomForest,20,model,0.0005,7,mid,20,0.009699090133321837,0.012420990639752837,2.77178814716576,-0.010464289342680178,0.65
RandomForest,20,model,0.0005,8,high,18,0.013994663436007927,0.020473163634795115,2.426402100875265,-0.036934852260591566,0.8333333333333334
RandomForest,20,model,0.0005,8,low,11,0.009065800066121971,0.012723591482779692,2.5291913794024174,-0.02466589873580538,0.7272727272727273
RandomForest,20,model,0.0005,8,mid,22,0.007744077688406494,0.014572656350280384,1.8863238252476726,-0.027211567426448258,0.6818181818181818
RandomForest,20,model,0.0005,9,high,18,0.018336228832525628,0.019517073499451427,3.3348829484330893,-0.012529137529137202,0.7777777777777778
RandomForest,20,model,0.0005,9,low,10,0.011758329746576071,0.010917659952572163,3.8229739998642476,-0.011334826517018004,0.8
RandomForest,20,model,0.0005,9,mid,23,0.008472202305007134,0.016646989716027755,1.8065329154396566,-0.027423405323958372,0.6956521739130435
RandomForest,20,model,0.0005,10,high,16,0.011759554592870768,0.015578168758365546,2.6795368928499768,-0.02281618811083297,0.6875
RandomForest,20,model,0.0005,10,low,11,0.012282812508900237,0.010082672446448419,4.324216569532858,-0.01133465570983272,0.9090909090909091
RandomForest,20,model,0.0005,10,mid,24,0.009946142594324275,0.021380516858596522,1.6512839285767495,-0.03442083208620117,0.6666666666666666
RandomForest,20,model,0.0005,11,high,18,0.014369026329511921,0.01861472614472037,2.740034062600341,-0.017882352941177126,0.7777777777777778
RandomForest,20,model,0.0005,11,low,10,0.01153400430733087,0.008286287324511702,4.940892370381697,-0.004296875000000089,0.8
RandomForest,20,model,0.0005,11,mid,23,0.00672820305521953,0.019556691348318517,1.2212061446169642,-0.05109145652992064,0.6086956521739131
RandomForest,20,model,0.0005,12,high,18,0.016629110618120273,0.018221635288547297,3.239417656458814,-0.02110022607385109,0.8333333333333334
RandomForest,20,model,0.0005,12,low,9,0.010542526233547287,0.009232855873746847,4.053161481081941,-0.007836687306501333,0.7777777777777778
RandomForest,20,model,0.0005,12,mid,24,0.009231909689463453,0.014740958242471097,2.223059588455107,-0.03214214414054717,0.75
RandomForest,20,model,0.0005,13,high,17,0.015034176805139698,0.022139528812006152,2.41044125756277,-0.019897669130187645,0.7647058823529411
RandomForest,20,model,0.0005,13,low,9,0.009971673028389224,0.009795356881655764,3.613541431088395,-0.008603189946834844,0.7777777777777778
RandomForest,20,model,0.0005,13,mid,25,0.008878748169103107,0.013505705030619222,2.3335641829897997,-0.02656281206311062,0.68
RandomForest,20,model,0.0005,14,high,17,0.01439827520183173,0.022335832511085143,2.2881979829707153,-0.02540698221511195,0.7058823529411765
RandomForest,20,model,0.0005,14,low,11,0.006568834794640746,0.007490332970291304,3.112952458687621,-0.013231601313502317,0.8181818181818182
RandomForest,20,model,0.0005,14,mid,23,0.009484956129969618,0.013416806789581855,2.509408896653666,-0.02147300822797482,0.782608695652174
RandomForest,20,model,0.0005,15,high,18,0.014569355819989622,0.020118660653194016,2.5705529678708916,-0.018492550394390794,0.6666666666666666
RandomForest,20,model,0.0005,15,low,11,0.007619603381105791,0.009854662746028713,2.7445798611239116,-9.999500016666385e-05,0.6363636363636364
RandomForest,20,model,0.0005,15,mid,22,0.008452266582007918,0.014703567526631158,2.04049595541834,-0.02048192771084345,0.7727272727272727
RandomForest,20,model,0.0005,16,high,19,0.017132503436204465,0.021792224862186516,2.7906445859602136,-0.02769257733765651,0.7368421052631579
RandomForest,20,model,0.0005,16,low,11,0.006236638508566982,0.008367013605890716,2.6458509140506528,-9.999500016677487e-05,0.7272727272727273
RandomForest,20,model,0.0005,16,mid,21,0.008773061909746372,0.013656562027821567,2.280316265297014,-0.019578313253011292,0.8095238095238095
RandomForest,20,model,0.0005,17,high,19,0.016437341706920353,0.02009612537624969,2.9033843033783646,-0.02575488454706909,0.7368421052631579
RandomForest,20,model,0.0005,17,low,11,0.008892663145762727,0.009450538521830525,3.3401083673507945,-0.0021904445022091767,0.7272727272727273
RandomForest,20,model,0.0005,17,mid,21,0.008440745989220465,0.013238808397011385,2.2631701526421035,-0.020841683366733754,0.7619047619047619
RandomForest,20,model,0.0005,18,high,20,0.016143631580923724,0.021897702514746813,2.616905011584471,-0.021407945832918163,0.7
RandomForest,20,model,0.0005,18,low,11,0.010476899448960726,0.00973011133008389,3.8220841005955686,-0.0007839294463491964,0.7272727272727273
RandomForest,20,model,0.0005,18,mid,19,0.0074770690371999534,0.013165372865459168,2.0159673753201814,-0.024231500951236162,0.5789473684210527
RandomForest,20,model,0.0005,19,high,19,0.01286575452339049,0.017262829430966773,2.6455048009782804,-0.020510498686994616,0.7368421052631579
RandomForest,20,model,0.0005,19,low,12,0.008062583843808549,0.012441838658771428,2.300249533180077,-0.014503430892811697,0.5833333333333334
RandomForest,20,model,0.0005,19,mid,19,0.009483213094149968,0.01710085617932809,1.9684433812014157,-0.024246657353822032,0.631578947368421
RandomForest,20,model,0.001,0,high,20,0.011530163526328055,0.0178326379770293,2.2951186724636967,-0.021323388793267783,0.7
RandomForest,20,model,0.001,0,low,12,0.005962235963600643,0.01544880891719827,1.3699333263314462,-0.02449587978305323,0.5833333333333334
RandomForest,20,model,0.001,0,mid,19,0.006493728926951906,0.0151735580584048,1.5191197057590393,-0.024151696606785844,0.631578947368421
RandomForest,20,model,0.001,1,high,21,0.010805040283725535,0.01701371526771303,2.2543041083836637,-0.01978967495219852,0.6666666666666666
RandomForest,20,model,0.001,1,low,12,0.005572962058505466,0.016009786935747748,1.2356224963626794,-0.02682403433476399,0.5833333333333334
RandomForest,20,model,0.001,1,mid,18,0.0069341786103631125,0.016405200853106892,1.500371287977319,-0.022059560814198798,0.5
RandomForest,20,model,0.001,2,high,22,0.011272173921046378,0.017216949819050347,2.3240032972192353,-0.025565024082993326,0.6818181818181818
RandomForest,20,model,0.001,2,low,12,0.0041608050123905825,0.015351909528122442,0.9620557378923271,-0.028490859587709694,0.5833333333333334
RandomForest,20,model,0.001,2,mid,17,0.008549503833060518,0.017498259393067025,1.7343283916230696,-0.014535149465215835,0.6470588235294118
RandomForest,20,model,0.001,3,high,22,0.014564661335203571,0.022636620253122942,2.283884188789264,-0.031785516860143304,0.6818181818181818
RandomForest,20,model,0.001,3,low,12,0.006970934176747583,0.012032828610570643,2.056404396027648,-0.017543611819572758,0.5833333333333334
RandomForest,20,model,0.001,3,mid,17,0.006470613189260766,0.012222022711170547,1.879263266542093,-0.01984486753299075,0.5882352941176471
RandomForest,20,model,0.001,4,high,22,0.013621741357077395,0.020578915611880386,2.349608021329183,-0.02248750694058832,0.6363636363636364
RandomForest,20,model,0.001,4,low,11,0.006285993317234628,0.012263278722943355,1.8195022140962318,-0.018129387825573162,0.5454545454545454
RandomForest,20,model,0.001,4,mid,18,0.006722340769762289,0.012228748422973543,1.9512988384837444,-0.024432104997475723,0.6111111111111112
RandomForest,20,model,0.001,5,high,22,0.01536277222450286,0.018425246448146894,2.959658198077018,-0.026692593247303997,0.8181818181818182
RandomForest,20,model,0.001,5,low,11,0.010476282597830526,0.012025750730592267,3.0922904557499207,-0.010306913765760095,0.6363636363636364
RandomForest,20,model,0.001,5,mid,18,0.0062532365707178615,0.012259038612861152,1.8106467051739983,-0.019435165502581175,0.5555555555555556
RandomForest,20,model,0.001,6,high,22,0.014573070084585084,0.017778362040409855,2.9096756532173775,-0.031619855149266685,0.7727272727272727
RandomForest,20,model,0.001,6,low,11,0.00906289094821422,0.013153351651767174,2.4457698996269057,-0.01935260497924085,0.6363636363636364
RandomForest,20,model,0.001,6,mid,18,0.00990968175570264,0.013871881789424442,2.5357684897470265,-0.014905698641249243,0.6666666666666666
RandomForest,20,model,0.001,7,high,20,0.014165376954511972,0.01930605696381109,2.6044727945533945,-0.024444052241440195,0.75
RandomForest,20,model,0.001,7,low,11,0.008961285772554383,0.011372191766779694,2.7971221032935425,-0.00966688673363758,0.5454545454545454
RandomForest,20,model,0.001,7,mid,20,0.009704090133321835,0.012429203815843497,2.771384505479316,-0.010464289342680178,0.65
RandomForest,20,model,0.001,8,high,18,0.013994663436007927,0.020473163634795115,2.426402100875265,-0.036934852260591566,0.8333333333333334
RandomForest,20,model,0.001,8,low,11,0.009201330824577237,0.010641136646247752,3.069360487241993,-0.009156227233759195,0.6363636363636364
RandomForest,20,model,0.001,8,mid,22,0.007080807418430025,0.014577860162390563,1.724146938558348,-0.02721156742644848,0.6363636363636364
RandomForest,20,model,0.001,9,high,18,0.01478310561880424,0.01631693875665324,3.2159720737018658,-0.012529137529137202,0.7222222222222222
RandomForest,20,model,0.001,9,low,10,0.01047390040967625,0.011526934363986547,3.225372601624893,-0.011334826517018004,0.7
RandomForest,20,model,0.001,9,mid,23,0.008472202305007134,0.016646989716027755,1.8065329154396566,-0.027423405323958372,0.6956521739130435
RandomForest,20,model,0.001,10,high,16,0.011759554592870768,0.015578168758365546,2.6795368928499768,-0.02281618811083297,0.6875
RandomForest,20,model,0.001,10,low,11,0.01092382812917791,0.01068672831978734,3.628401704350824,-0.011433517301099871,0.8181818181818182
RandomForest,20,model,0.001,10,mid,24,0.008971310979355987,0.01944828745337231,1.6374189750161605,-0.03442083208620106,0.5833333333333334
RandomForest,20,model,0.001,11,high,18,0.015365924900696206,0.017203770325330107,3.1704458709189898,-0.016528126812294652,0.7777777777777778
RandomForest,20,model,0.001,11,low,10,0.01153400430733087,0.008286287324511702,4.940892370381697,-0.004296875000000089,0.8
RandomForest,20,model,0.001,11,mid,23,0.009012675076584382,0.01675327399749759,1.9095863227757486,-0.029752396166133677,0.6086956521739131
RandomForest,20,model,0.001,12,high,18,0.017808333821542958,0.016194982957348916,3.903265250841581,-0.0008772784871814432,0.8333333333333334
RandomForest,20,model,0.001,12,low,9,0.0105536373446584,0.009236338437755134,4.055903383380586,-0.007836687306501222,0.7777777777777778
RandomForest,20,model,0.001,12,mid,24,0.008350640629958496,0.01468126168728554,2.0190249554483066,-0.03214214414054728,0.6666666666666666
RandomForest,20,model,0.001,13,high,17,0.014458038695477335,0.022412923746231064,2.289792569627661,-0.01999567446292616,0.7058823529411765
RandomForest,20,model,0.001,13,low,9,0.007343850746426923,0.00883720616081882,2.9498105718297563,-0.008603189946834844,0.6666666666666666
RandomForest,20,model,0.001,13,mid,25,0.008143931885482408,0.013269849962528097,2.178479074836373,-0.02656281206311084,0.64
RandomForest,20,model,0.001,14,high,17,0.015906234777350307,0.020222309319249582,2.7920417744359827,-0.014663322400154666,0.7058823529411765
RandomForest,20,model,0.001,14,low,11,0.007172786364194409,0.005010830453808192,5.081166899046011,-9.99950001668859e-05,0.7272727272727273
RandomForest,20,model,0.001,14,mid,23,0.00946430235500064,0.013421689425573478,2.5030336814474,-0.02147300822797482,0.7391304347826086
RandomForest,20,model,0.001,15,high,18,0.014569355819989622,0.020118660653194016,2.5705529678708916,-0.018492550394390794,0.6666666666666666
RandomForest,20,model,0.001,15,low,11,0.007610512472014882,0.009858481336046087,2.74024349836255,-9.999500016677487e-05,0.6363636363636364
RandomForest,20,model,0.001,15,mid,22,0.008138495569239968,0.014811461738262277,1.9504350057893167,-0.02048192771084345,0.7272727272727273
RandomForest,20,model,0.001,16,high,19,0.017132503436204465,0.021792224862186516,2.7906445859602136,-0.02769257733765651,0.7368421052631579
RandomForest,20,model,0.001,16,low,11,0.006097770145731909,0.008466106624613515,2.556657713920521,-9.999500016666385e-05,0.6363636363636364
RandomForest,20,model,0.001,16,mid,21,0.008331877622566016,0.013788892184216119,2.144859156178474,-0.019578313253011292,0.7619047619047619
RandomForest,20,model,0.001,17,high,19,0.016432078549025616,0.020097577669778103,2.902244916143727,-0.02575488454706909,0.7368421052631579
RandomForest,20,model,0.001,17,low,11,0.007005390789482763,0.00892616074453966,2.7858192570231566,-0.002290220468877391,0.6363636363636364
RandomForest,20,model,0.001,17,mid,21,0.007882015641368315,0.013344506147784594,2.0966216150478747,-0.020841683366733643,0.7142857142857143
RandomForest,20,model,0.001,18,high,20,0.016143631580923724,0.021897702514746813,2.616905011584471,-0.021407945832918163,0.7
RandomForest,20,model,0.001,18,low,11,0.00890479157992239,0.00994122076155487,3.1795767563533013,-0.0007839294463491964,0.6363636363636364
RandomForest,20,model,0.001,18,mid,19,0.0074770690371999534,0.013165372865459168,2.0159673753201814,-0.024231500951236162,0.5789473684210527
RandomForest,20,model,0.001,19,high,19,0.012669496543970234,0.017401798749579433,2.5843449902319175,-0.020510498686994727,0.6842105263157895
RandomForest,20,model,0.001,19,low,12,0.008650840285096625,0.011807204291388542,2.6007373153428417,-0.007802594362625759,0.5833333333333334
RandomForest,20,model,0.001,19,mid,19,0.008476697110300331,0.017064662979046068,1.7632513386271436,-0.024246657353822143,0.5789473684210527
RandomWalk,20,model,0.0,0,high,20,0.0,0.0,,0.0,0.0
RandomWalk,20,model,0.0,0,low,12,0.0,0.0,,0.0,0.0
RandomWalk,20,model,0.0,0,mid,19,0.0,0.0,,0.0,0.0
RandomWalk,20,model,0.0,1,high,21,0.0,0.0,,0.0,0.0
RandomWalk,20,model,0.0,1,low,12,0.0,0.0,,0.0,0.0
RandomWalk,20,model,0.0,1,mid,18,0.0,0.0,,0.0,0.0
RandomWalk,20,model,0.0,2,high,22,0.0,0.0,,0.0,0.0
RandomWalk,20,model,0.0,2,low,12,0.0,0.0,,0.0,0.0
RandomWalk,20,model,0.0,2,mid,17,0.0,0.0,,0.0,0.0
RandomWalk,20,model,0.0,3,high,22,0.0,0.0,,0.0,0.0
RandomWalk,20,model,0.0,3,low,12,0.0,0.0,,0.0,0.0
RandomWalk,20,model,0.0,3,mid,17,0.0,0.0,,0.0,0.0
RandomWalk,20,model,0.0,4,high,22,0.0,0.0,,0.0,0.0
RandomWalk,20,model,0.0,4,low,11,0.0,0.0,,0.0,0.0
RandomWalk,20,model,0.0,4,mid,18,0.0,0.0,,0.0,0.0
RandomWalk,20,model,0.0,5,high,22,0.0,0.0,,0.0,0.0
RandomWalk,20,model,0.0,5,low,11,0.0,0.0,,0.0,0.0
RandomWalk,20,model,0.0,5,mid,18,0.0,0.0,,0.0,0.0
RandomWalk,20,model,0.0,6,high,22,0.0,0.0,,0.0,0.0
RandomWalk,20,model,0.0,6,low,11,0.0,0.0,,0.0,0.0
RandomWalk,20,model,0.0,6,mid,18,0.0,0.0,,0.0,0.0
RandomWalk,20,model,0.0,7,high,20,0.0,0.0,,0.0,0.0
RandomWalk,20,model,0.0,7,low,11,0.0,0.0,,0.0,0.0
RandomWalk,20,model,0.0,7,mid,20,0.0,0.0,,0.0,0.0
RandomWalk,20,model,0.0,8,high,18,0.0,0.0,,0.0,0.0
RandomWalk,20,model,0.0,8,low,11,0.0,0.0,,0.0,0.0
RandomWalk,20,model,0.0,8,mid,22,0.0,0.0,,0.0,0.0
RandomWalk,20,model,0.0,9,high,18,0.0,0.0,,0.0,0.0
RandomWalk,20,model,0.0,9,low,10,0.0,0.0,,0.0,0.0
RandomWalk,20,model,0.0,9,mid,23,0.0,0.0,,0.0,0.0
RandomWalk,20,model,0.0,10,high,16,0.0,0.0,,0.0,0.0
RandomWalk,20,model,0.0,10,low,11,0.0,0.0,,0.0,0.0
RandomWalk,20,model,0.0,10,mid,24,0.0,0.0,,0.0,0.0
RandomWalk,20,model,0.0,11,high,18,0.0,0.0,,0.0,0.0
RandomWalk,20,model,0.0,11,low,10,0.0,0.0,,0.0,0.0
RandomWalk,20,model,0.0,11,mid,23,0.0,0.0,,0.0,0.0
RandomWalk,20,model,0.0,12,high,18,0.0,0.0,,0.0,0.0
RandomWalk,20,model,0.0,12,low,9,0.0,0.0,,0.0,0.0
RandomWalk,20,model,0.0,12,mid,24,0.0,0.0,,0.0,0.0
RandomWalk,20,model,0.0,13,high,17,0.0,0.0,,0.0,0.0
RandomWalk,20,model,0.0,13,low,9,0.0,0.0,,0.0,0.0
RandomWalk,20,model,0.0,13,mid,25,0.0,0.0,,0.0,0.0
RandomWalk,20,model,0.0,14,high,17,0.0,0.0,,0.0,0.0
RandomWalk,20,model,0.0,14,low,11,0.0,0.0,,0.0,0.0
RandomWalk,20,model,0.0,14,mid,23,0.0,0.0,,0.0,0.0
RandomWalk,20,model,0.0,15,high,18,0.0,0.0,,0.0,0.0
RandomWalk,20,model,0.0,15,low,11,0.0,0.0,,0.0,0.0
RandomWalk,20,model,0.0,15,mid,22,0.0,0.0,,0.0,0.0
RandomWalk,20,model,0.0,16,high,19,0.0,0.0,,0.0,0.0
RandomWalk,20,model,0.0,16,low,11,0.0,0.0,,0.0,0.0
RandomWalk,20,model,0.0,16,mid,21,0.0,0.0,,0.0,0.0
RandomWalk,20,model,0.0,17,high,19,0.0,0.0,,0.0,0.0
RandomWalk,20,model,0.0,17,low,11,0.0,0.0,,0.0,0.0
RandomWalk,20,model,0.0,17,mid,21,0.0,0.0,,0.0,0.0
RandomWalk,20,model,0.0,18,high,20,0.0,0.0,,0.0,0.0
RandomWalk,20,model,0.0,18,low,11,0.0,0.0,,0.0,0.0
RandomWalk,20,model,0.0,18,mid,19,0.0,0.0,,0.0,0.0
RandomWalk,20,model,0.0,19,high,19,0.0,0.0,,0.0,0.0
RandomWalk,20,model,0.0,19,low,12,0.0,0.0,,0.0,0.0
RandomWalk,20,model,0.0,19,mid,19,0.0,0.0,,0.0,0.0
RandomWalk,20,model,0.0005,0,high,20,0.0,0.0,,0.0,0.0
RandomWalk,20,model,0.0005,0,low,12,0.0,0.0,,0.0,0.0
RandomWalk,20,model,0.0005,0,mid,19,0.0,0.0,,0.0,0.0
RandomWalk,20,model,0.0005,1,high,21,0.0,0.0,,0.0,0.0
RandomWalk,20,model,0.0005,1,low,12,0.0,0.0,,0.0,0.0
RandomWalk,20,model,0.0005,1,mid,18,0.0,0.0,,0.0,0.0
RandomWalk,20,model,0.0005,2,high,22,0.0,0.0,,0.0,0.0
RandomWalk,20,model,0.0005,2,low,12,0.0,0.0,,0.0,0.0
RandomWalk,20,model,0.0005,2,mid,17,0.0,0.0,,0.0,0.0
RandomWalk,20,model,0.0005,3,high,22,0.0,0.0,,0.0,0.0
RandomWalk,20,model,0.0005,3,low,12,0.0,0.0,,0.0,0.0
RandomWalk,20,model,0.0005,3,mid,17,0.0,0.0,,0.0,0.0
RandomWalk,20,model,0.0005,4,high,22,0.0,0.0,,0.0,0.0
RandomWalk,20,model,0.0005,4,low,11,0.0,0.0,,0.0,0.0
RandomWalk,20,model,0.0005,4,mid,18,0.0,0.0,,0.0,0.0
RandomWalk,20,model,0.0005,5,high,22,0.0,0.0,,0.0,0.0
RandomWalk,20,model,0.0005,5,low,11,0.0,0.0,,0.0,0.0
RandomWalk,20,model,0.0005,5,mid,18,0.0,0.0,,0.0,0.0
RandomWalk,20,model,0.0005,6,high,22,0.0,0.0,,0.0,0.0
RandomWalk,20,model,0.0005,6,low,11,0.0,0.0,,0.0,0.0
RandomWalk,20,model,0.0005,6,mid,18,0.0,0.0,,0.0,0.0
RandomWalk,20,model,0.0005,7,high,20,0.0,0.0,,0.0,0.0
RandomWalk,20,model,0.0005,7,low,11,0.0,0.0,,0.0,0.0
RandomWalk,20,model,0.0005,7,mid,20,0.0,0.0,,0.0,0.0
RandomWalk,20,model,0.0005,8,high,18,0.0,0.0,,0.0,0.0
RandomWalk,20,model,0.0005,8,low,11,0.0,0.0,,0.0,0.0
RandomWalk,20,model,0.0005,8,mid,22,0.0,0.0,,0.0,0.0
RandomWalk,20,model,0.0005,9,high,18,0.0,0.0,,0.0,0.0
RandomWalk,20,model,0.0005,9,low,10,0.0,0.0,,0.0,0.0
RandomWalk,20,model,0.0005,9,mid,23,0.0,0.0,,0.0,0.0
RandomWalk,20,model,0.0005,10,high,16,0.0,0.0,,0.0,0.0
RandomWalk,20,model,0.0005,10,low,11,0.0,0.0,,0.0,0.0
RandomWalk,20,model,0.0005,10,mid,24,0.0,0.0,,0.0,0.0
RandomWalk,20,model,0.0005,11,high,18,0.0,0.0,,0.0,0.0
RandomWalk,20,model,0.0005,11,low,10,0.0,0.0,,0.0,0.0
RandomWalk,20,model,0.0005,11,mid,23,0.0,0.0,,0.0,0.0
RandomWalk,20,model,0.0005,12,high,18,0.0,0.0,,0.0,0.0
RandomWalk,20,model,0.0005,12,low,9,0.0,0.0,,0.0,0.0
RandomWalk,20,model,0.0005,12,mid,24,0.0,0.0,,0.0,0.0
RandomWalk,20,model,0.0005,13,high,17,0.0,0.0,,0.0,0.0
RandomWalk,20,model,0.0005,13,low,9,0.0,0.0,,0.0,0.0
RandomWalk,20,model,0.0005,13,mid,25,0.0,0.0,,0.0,0.0
RandomWalk,20,model,0.0005,14,high,17,0.0,0.0,,0.0,0.0
RandomWalk,20,model,0.0005,14,low,11,0.0,0.0,,0.0,0.0
RandomWalk,20,model,0.0005,14,mid,23,0.0,0.0,,0.0,0.0
RandomWalk,20,model,0.0005,15,high,18,0.0,0.0,,0.0,0.0
RandomWalk,20,model,0.0005,15,low,11,0.0,0.0,,0.0,0.0
RandomWalk,20,model,0.0005,15,mid,22,0.0,0.0,,0.0,0.0
RandomWalk,20,model,0.0005,16,high,19,0.0,0.0,,0.0,0.0
RandomWalk,20,model,0.0005,16,low,11,0.0,0.0,,0.0,0.0
RandomWalk,20,model,0.0005,16,mid,21,0.0,0.0,,0.0,0.0
RandomWalk,20,model,0.0005,17,high,19,0.0,0.0,,0.0,0.0
RandomWalk,20,model,0.0005,17,low,11,0.0,0.0,,0.0,0.0
RandomWalk,20,model,0.0005,17,mid,21,0.0,0.0,,0.0,0.0
RandomWalk,20,model,0.0005,18,high,20,0.0,0.0,,0.0,0.0
RandomWalk,20,model,0.0005,18,low,11,0.0,0.0,,0.0,0.0
RandomWalk,20,model,0.0005,18,mid,19,0.0,0.0,,0.0,0.0
RandomWalk,20,model,0.0005,19,high,19,0.0,0.0,,0.0,0.0
RandomWalk,20,model,0.0005,19,low,12,0.0,0.0,,0.0,0.0
RandomWalk,20,model,0.0005,19,mid,19,0.0,0.0,,0.0,0.0
RandomWalk,20,model,0.001,0,high,20,0.0,0.0,,0.0,0.0
RandomWalk,20,model,0.001,0,low,12,0.0,0.0,,0.0,0.0
RandomWalk,20,model,0.001,0,mid,19,0.0,0.0,,0.0,0.0
RandomWalk,20,model,0.001,1,high,21,0.0,0.0,,0.0,0.0
RandomWalk,20,model,0.001,1,low,12,0.0,0.0,,0.0,0.0
RandomWalk,20,model,0.001,1,mid,18,0.0,0.0,,0.0,0.0
RandomWalk,20,model,0.001,2,high,22,0.0,0.0,,0.0,0.0
RandomWalk,20,model,0.001,2,low,12,0.0,0.0,,0.0,0.0
RandomWalk,20,model,0.001,2,mid,17,0.0,0.0,,0.0,0.0
RandomWalk,20,model,0.001,3,high,22,0.0,0.0,,0.0,0.0
RandomWalk,20,model,0.001,3,low,12,0.0,0.0,,0.0,0.0
RandomWalk,20,model,0.001,3,mid,17,0.0,0.0,,0.0,0.0
RandomWalk,20,model,0.001,4,high,22,0.0,0.0,,0.0,0.0
RandomWalk,20,model,0.001,4,low,11,0.0,0.0,,0.0,0.0
RandomWalk,20,model,0.001,4,mid,18,0.0,0.0,,0.0,0.0
RandomWalk,20,model,0.001,5,high,22,0.0,0.0,,0.0,0.0
RandomWalk,20,model,0.001,5,low,11,0.0,0.0,,0.0,0.0
RandomWalk,20,model,0.001,5,mid,18,0.0,0.0,,0.0,0.0
RandomWalk,20,model,0.001,6,high,22,0.0,0.0,,0.0,0.0
RandomWalk,20,model,0.001,6,low,11,0.0,0.0,,0.0,0.0
RandomWalk,20,model,0.001,6,mid,18,0.0,0.0,,0.0,0.0
RandomWalk,20,model,0.001,7,high,20,0.0,0.0,,0.0,0.0
RandomWalk,20,model,0.001,7,low,11,0.0,0.0,,0.0,0.0
RandomWalk,20,model,0.001,7,mid,20,0.0,0.0,,0.0,0.0
RandomWalk,20,model,0.001,8,high,18,0.0,0.0,,0.0,0.0
RandomWalk,20,model,0.001,8,low,11,0.0,0.0,,0.0,0.0
RandomWalk,20,model,0.001,8,mid,22,0.0,0.0,,0.0,0.0
RandomWalk,20,model,0.001,9,high,18,0.0,0.0,,0.0,0.0
RandomWalk,20,model,0.001,9,low,10,0.0,0.0,,0.0,0.0
RandomWalk,20,model,0.001,9,mid,23,0.0,0.0,,0.0,0.0
RandomWalk,20,model,0.001,10,high,16,0.0,0.0,,0.0,0.0
RandomWalk,20,model,0.001,10,low,11,0.0,0.0,,0.0,0.0
RandomWalk,20,model,0.001,10,mid,24,0.0,0.0,,0.0,0.0
RandomWalk,20,model,0.001,11,high,18,0.0,0.0,,0.0,0.0
RandomWalk,20,model,0.001,11,low,10,0.0,0.0,,0.0,0.0
RandomWalk,20,model,0.001,11,mid,23,0.0,0.0,,0.0,0.0
RandomWalk,20,model,0.001,12,high,18,0.0,0.0,,0.0,0.0
RandomWalk,20,model,0.001,12,low,9,0.0,0.0,,0.0,0.0
RandomWalk,20,model,0.001,12,mid,24,0.0,0.0,,0.0,0.0
RandomWalk,20,model,0.001,13,high,17,0.0,0.0,,0.0,0.0
RandomWalk,20,model,0.001,13,low,9,0.0,0.0,,0.0,0.0
RandomWalk,20,model,0.001,13,mid,25,0.0,0.0,,0.0,0.0
RandomWalk,20,model,0.001,14,high,17,0.0,0.0,,0.0,0.0
RandomWalk,20,model,0.001,14,low,11,0.0,0.0,,0.0,0.0
RandomWalk,20,model,0.001,14,mid,23,0.0,0.0,,0.0,0.0
RandomWalk,20,model,0.001,15,high,18,0.0,0.0,,0.0,0.0
RandomWalk,20,model,0.001,15,low,11,0.0,0.0,,0.0,0.0
RandomWalk,20,model,0.001,15,mid,22,0.0,0.0,,0.0,0.0
RandomWalk,20,model,0.001,16,high,19,0.0,0.0,,0.0,0.0
RandomWalk,20,model,0.001,16,low,11,0.0,0.0,,0.0,0.0
RandomWalk,20,model,0.001,16,mid,21,0.0,0.0,,0.0,0.0
RandomWalk,20,model,0.001,17,high,19,0.0,0.0,,0.0,0.0
RandomWalk,20,model,0.001,17,low,11,0.0,0.0,,0.0,0.0
RandomWalk,20,model,0.001,17,mid,21,0.0,0.0,,0.0,0.0
RandomWalk,20,model,0.001,18,high,20,0.0,0.0,,0.0,0.0
RandomWalk,20,model,0.001,18,low,11,0.0,0.0,,0.0,0.0
RandomWalk,20,model,0.001,18,mid,19,0.0,0.0,,0.0,0.0
RandomWalk,20,model,0.001,19,high,19,0.0,0.0,,0.0,0.0
RandomWalk,20,model,0.001,19,low,12,0.0,0.0,,0.0,0.0
RandomWalk,20,model,0.001,19,mid,19,0.0,0.0,,0.0,0.0
Ridge,20,model,0.0,0,high,20,0.008333348143354425,0.01972205886392307,1.4998663014827764,-0.0677404921700222,0.7
Ridge,20,model,0.0,0,low,12,0.0014547199633320584,0.016874010565802098,0.30601756464164376,-0.0515643502921973,0.5
Ridge,20,model,0.0,0,mid,19,-0.006790280564300436,0.017719758661322443,-1.3602388949816768,-0.11948171896248361,0.2631578947368421
Ridge,20,model,0.0,1,high,21,0.014809692801249587,0.013787677655124142,3.8127664295731494,-0.015730545017118347,0.8571428571428571
Ridge,20,model,0.0,1,low,12,0.00044417076427130924,0.017337708844611284,0.09093761011794103,-0.05860768173404318,0.5
Ridge,20,model,0.0,1,mid,18,-0.011438313073063595,0.01651178433851654,-2.458970078713924,-0.18426904030960345,0.2777777777777778
Ridge,20,model,0.0,2,high,22,0.008692155406125493,0.019424537529930487,1.5884080058174672,-0.04849573417153141,0.7727272727272727
Ridge,20,model,0.0,2,low,12,0.0005664942973860422,0.016738284743367422,0.12013508593231913,-0.04717030663890143,0.5
Ridge,20,model,0.0,2,mid,17,-0.0088758970661683,0.018209442635811205,-1.7302182029480513,-0.1441618117186615,0.35294117647058826
Ridge,20,model,0.0,3,high,22,0.011888365495903276,0.024932325489030644,1.6925621830668691,-0.0483467896962706,0.7727272727272727
Ridge,20,model,0.0,3,low,12,-0.000528395296844242,0.017567992748079096,-0.10676332047622039,-0.05745647192432213,0.5
Ridge,20,model,0.0,3,mid,17,-0.0055965808435195765,0.014031856086908441,-1.41577073956965,-0.1027234995581986,0.35294117647058826
Ridge,20,model,0.0,4,high,22,0.013361826481058558,0.021575194096101324,2.198347727239961,-0.023793911007025992,0.6818181818181818
Ridge,20,model,0.0,4,low,11,-0.0015381916630346178,0.017492840380280348,-0.3121299138064497,-0.06485063976079042,0.45454545454545453
Ridge,20,model,0.0,4,mid,18,-0.007325979732450593,0.013188050308353494,-1.9718341789655889,-0.13525672623374296,0.3333333333333333
Ridge,20,model,0.0,5,high,22,0.010355105894881771,0.021768654998164983,1.688527820622721,-0.0693830652289198,0.7727272727272727
Ridge,20,model,0.0,5,low,11,0.00012706391568669142,0.017020935378846743,0.026498670467537216,-0.05611283806567169,0.5454545454545454
Ridge,20,model,0.0,5,mid,18,-0.0027301517810043386,0.015972008964188593,-0.6067538201089553,-0.08062957115148062,0.4444444444444444
Ridge,20,model,0.0,6,high,22,0.01071921837179535,0.02046646344465317,1.8591121403510207,-0.06747924394983185,0.6818181818181818
Ridge,20,model,0.0,6,low,11,0.002988766356778946,0.016460531610295613,0.6445155225249983,-0.049308236909188397,0.6363636363636364
Ridge,20,model,0.0,6,mid,18,-0.007967971065337177,0.01676479815237315,-1.6870761736653959,-0.13723790321560925,0.3333333333333333
Ridge,20,model,0.0,7,high,20,0.004462812448967678,0.02375022935184341,0.6670004094858236,-0.07253794564066329,0.55
Ridge,20,model,0.0,7,low,11,0.0032334803681945547,0.015750126126151297,0.7287380817946428,-0.047903458331116644,0.6363636363636364
Ridge,20,model,0.0,7,mid,20,-0.00508979520190323,0.01635010394793139,-1.105007084602915,-0.1062195169013016,0.35
Ridge,20,model,0.0,8,high,18,0.008253896552056696,0.023549943510224096,1.244097519865862,-0.06755072979708054,0.6666666666666666
Ridge,20,model,0.0,8,low,11,0.0030247065728922005,0.01571649314097714,0.6831449705166298,-0.04472006230758596,0.6363636363636364
Ridge,20,model,0.0,8,mid,22,-0.004694009149410704,0.017186958751365923,-0.9694606136751079,-0.10267459898351805,0.36363636363636365
Ridge,20,model,0.0,9,high,18,0.004492953790673722,0.02677694110875634,0.5956021558873302,-0.08103132801251012,0.5
Ridge,20,model,0.0,9,low,10,0.0031709167635717702,0.01695739627607605,0.663759798501314,-0.0460223274805851,0.6
Ridge,20,model,0.0,9,mid,23,-0.001985779873819252,0.019882836166430346,-0.3545177981707635,-0.06501992599267958,0.391304347826087
Ridge,20,model,0.0,10,high,16,0.006465379477231637,0.022491232726872742,1.0203896232761704,-0.0616744019992862,0.5625
Ridge,20,model,0.0,10,low,11,0.0002572430689952178,0.016445623824226697,0.055523726047406484,-0.058054353769858236,0.45454545454545453
Ridge,20,model,0.0,10,mid,24,-0.00014039302672831235,0.02377909361241845,-0.020957308818914038,-0.06830752160120457,0.5
Ridge,20,model,0.0,11,high,18,0.007225429367338588,0.022604296706130983,1.1346395906951259,-0.07268349237492233,0.6666666666666666
Ridge,20,model,0.0,11,low,10,0.0055676072942141,0.014688837987084659,1.345446480484004,-0.021254087324485416,0.7
Ridge,20,model,0.0,11,mid,23,-0.003289185922390004,0.020591260619427256,-0.5670100543513577,-0.10880265506716513,0.43478260869565216
Ridge,20,model,0.0,12,high,18,0.006336858410682683,0.02416250235298758,0.9309307302064896,-0.08151885289431748,0.7222222222222222
Ridge,20,model,0.0,12,low,9,0.00017249561153774497,0.015211730601717195,0.04025174361068389,-0.03669996788748753,0.5555555555555556
Ridge,20,model,0.0,12,mid,24,0.001959238581938638,0.01888928642970113,0.3681773308276103,-0.05649844047234798,0.5
Ridge,20,model,0.0,13,high,17,0.004211680444673612,0.026701820397335766,0.55988626604864,-0.07419750724289309,0.6470588235294118
Ridge,20,model,0.0,13,low,9,0.0012320996031123113,0.015113350719971184,0.28938121086963187,-0.02966322371637109,0.5555555555555556
Ridge,20,model,0.0,13,mid,25,0.0027784149440925722,0.01750471840640799,0.5634135013719731,-0.051486053955190014,0.56
Ridge,20,model,0.0,14,high,17,0.006769099895658129,0.025911626028019774,0.9273027095832601,-0.07500662602703378,0.6470588235294118
Ridge,20,model,0.0,14,low,11,0.0029030808104143365,0.01141783276351621,0.9025280741232845,-0.025432379811437422,0.6363636363636364
Ridge,20,model,0.0,14,mid,23,0.0006518605522184657,0.018126262085010263,0.12765320338942787,-0.05545632852278615,0.4782608695652174
Ridge,20,model,0.0,15,high,18,0.006173373098989823,0.0260926488323994,0.8398266044752403,-0.08220858895705496,0.6111111111111112
Ridge,20,model,0.0,15,low,11,-0.0002315737611384541,0.01601464402946585,-0.05132835337632826,-0.047148092860710644,0.5454545454545454
Ridge,20,model,0.0,15,mid,22,-0.000812756144616891,0.017075463142600337,-0.16895577551025326,-0.06920227691399616,0.5
Ridge,20,model,0.0,16,high,19,0.0072270883523632,0.027115292747220292,0.946094110596842,-0.08894925948646049,0.631578947368421
Ridge,20,model,0.0,16,low,11,-0.0004762215776455641,0.0156702010490123,-0.10787474285643474,-0.042812527778158804,0.5454545454545454
Ridge,20,model,0.0,16,mid,21,-0.001873793942020181,0.01627814838389284,-0.4086035166892519,-0.05860397193741951,0.38095238095238093
Ridge,20,model,0.0,17,high,19,0.006967969817111198,0.02557761166866753,0.9670112885815209,-0.07495559502664273,0.631578947368421
Ridge,20,model,0.0,17,low,11,0.0007135474188235273,0.014576526879254242,0.17376169894597382,-0.03496811930331556,0.6363636363636364
Ridge,20,model,0.0,17,mid,21,-0.0021740705524714425,0.015711176855197063,-0.49119076035048004,-0.06064580555350707,0.38095238095238093
Ridge,20,model,0.0,18,high,20,0.00693968155237239,0.026786085116573537,0.9196351662693025,-0.06966592427616891,0.7
Ridge,20,model,0.0,18,low,11,0.00015319335542575419,0.01582250116709069,0.03436766804572688,-0.04217269826607728,0.5454545454545454
Ridge,20,model,0.0,18,mid,19,-0.001874790574168458,0.015172005562046256,-0.4386266760063526,-0.05907602737742235,0.3157894736842105
Ridge,20,model,0.0,19,high,19,0.009276994216934583,0.01956899011021578,1.682767612195402,-0.06965750981091634,0.7368421052631579
Ridge,20,model,0.0,19,low,12,0.0013492644069275509,0.015452175997348178,0.30995074925045646,-0.04494867118361856,0.4166666666666667
Ridge,20,model,0.0,19,mid,19,-0.0047408202116392155,0.019741775717243937,-0.8524178679091285,-0.08702247931113327,0.3684210526315789
Ridge,20,model,0.0005,0,high,20,0.008333348143354425,0.01972205886392307,1.4998663014827764,-0.0677404921700222,0.7
Ridge,20,model,0.0005,0,low,12,0.0014547199633320584,0.016874010565802098,0.30601756464164376,-0.0515643502921973,0.5
Ridge,20,model,0.0005,0,mid,19,-0.006790280564300436,0.017719758661322443,-1.3602388949816768,-0.11948171896248361,0.2631578947368421
Ridge,20,model,0.0005,1,high,21,0.014182088957112168,0.014165160574087543,3.5538899536984414,-0.015730545017118347,0.8095238095238095
Ridge,20,model,0.0005,1,low,12,0.0002674127599628509,0.017327748946359148,0.054780406659510325,-0.05860768173404318,0.4166666666666667
Ridge,20,model,0.0005,1,mid,18,-0.011332370796209794,0.0165738297100267,-2.4270748861919107,-0.18418746313484358,0.2777777777777778
Ridge,20,model,0.0005,2,high,22,0.00841286653945222,0.019508412011440927,1.5307608724722332,-0.04849573417153141,0.7272727272727273
Ridge,20,model,0.0005,2,low,12,0.0005581609640527089,0.016723354439567115,0.11847353258272862,-0.04717030663890143,0.5
Ridge,20,model,0.0005,2,mid,17,-0.010530673501859118,0.015759268247367005,-2.371949139853512,-0.16790207976634086,0.29411764705882354
Ridge,20,model,0.0005,3,high,22,0.011888365495903276,0.024932325489030644,1.6925621830668691,-0.0483467896962706,0.7727272727272727
Ridge,20,model,0.0005,3,low,12,-0.000528395296844242,0.017567992748079096,-0.10676332047622039,-0.05745647192432213,0.5
Ridge,20,model,0.0005,3,mid,17,-0.0055965808435195765,0.014031856086908441,-1.41577073956965,-0.1027234995581986,0.35294117647058826
Ridge,20,model,0.0005,4,high,22,0.012718211397588686,0.021756492901226353,2.0750206478973556,-0.023891526735057567,0.6363636363636364
Ridge,20,model,0.0005,4,low,11,-0.0015381916630346178,0.017492840380280348,-0.3121299138064497,-0.06485063976079042,0.45454545454545453
Ridge,20,model,0.0005,4,mid,18,-0.007320424176895032,0.013186157401435543,-1.9706217129757981,-0.13517024758250584,0.3333333333333333
Ridge,20,model,0.0005,5,high,22,0.010359651349427228,0.021770243193002078,1.6891457765986169,-0.0693830652289198,0.7727272727272727
Ridge,20,model,0.0005,5,low,11,0.00012706391568669142,0.017020935378846743,0.026498670467537216,-0.05611283806567169,0.5454545454545454
Ridge,20,model,0.0005,5,mid,18,-0.004485668433348166,0.013539865856270778,-1.175974974076811,-0.0807215035976665,0.3888888888888889
Ridge,20,model,0.0005,6,high,22,0.010268176313144124,0.020593343960331793,1.7699121739289077,-0.06747924394983185,0.6363636363636364
Ridge,20,model,0.0005,6,low,11,0.0019527789118379641,0.01624627102619775,0.4266626780714853,-0.049308236909188397,0.5454545454545454
Ridge,20,model,0.0005,6,mid,18,-0.007967971065337177,0.01676479815237315,-1.6870761736653959,-0.13723790321560925,0.3333333333333333
Ridge,20,model,0.0005,7,high,20,0.005243934257959268,0.023439751525327623,0.7941261684594421,-0.07253794564066329,0.55
Ridge,20,model,0.0005,7,low,11,0.0032334803681945547,0.015750126126151297,0.7287380817946428,-0.047903458331116644,0.6363636363636364
Ridge,20,model,0.0005,7,mid,20,-0.004323472539959815,0.01619863428313931,-0.947413517930929,-0.10621951690130138,0.35
Ridge,20,model,0.0005,8,high,18,0.008886256603086552,0.023138028837718882,1.3632570882940969,-0.06755072979708054,0.6666666666666666
Ridge,20,model,0.0005,8,low,11,0.0016674386292303183,0.01557930781358079,0.37991546538478055,-0.04472006230758596,0.45454545454545453
Ridge,20,model,0.0005,8,mid,22,-0.00468946369486525,0.017193400661806604,-0.9681589548622827,-0.10258486195663974,0.36363636363636365
Ridge,20,model,0.0005,9,high,18,0.006693449381112767,0.024451382654958415,0.9716991743558125,-0.07501544435619079,0.5555555555555556
Ridge,20,model,0.0005,9,low,10,0.0031709167635717702,0.01695739627607605,0.663759798501314,-0.0460223274805851,0.6
Ridge,20,model,0.0005,9,mid,23,-0.0033556483127376914,0.018515985191116035,-0.6433019773110938,-0.09401908224159194,0.34782608695652173
Ridge,20,model,0.0005,10,high,16,0.006465379477231637,0.022491232726872742,1.0203896232761704,-0.0616744019992862,0.5625
Ridge,20,model,0.0005,10,low,11,0.0017537266945637819,0.015439119305461003,0.4032038422989999,-0.042228825044051455,0.45454545454545453
Ridge,20,model,0.0005,10,mid,24,-0.000265451412500654,0.0237702915681245,-0.03964019701793497,-0.06840068619073725,0.4583333333333333
Ridge,20,model,0.0005,11,high,18,0.007225429367338588,0.022604296706130983,1.1346395906951259,-0.07268349237492233,0.6666666666666666
Ridge,20,model,0.0005,11,low,10,0.005557607294214099,0.014677456037293786,1.3440714006091168,-0.021254087324485416,0.7
Ridge,20,model,0.0005,11,mid,23,-0.0035301618196948827,0.020516727351855144,-0.6107617052486287,-0.11372840494435477,0.391304347826087
Ridge,20,model,0.0005,12,high,18,0.006336858410682683,0.02416250235298758,0.9309307302064896,-0.08151885289431748,0.7222222222222222
Ridge,20,model,0.0005,12,low,9,0.00017249561153774497,0.015211730601717195,0.04025174361068389,-0.03669996788748753,0.5555555555555556
Ridge,20,model,0.0005,12,mid,24,0.0003421423462727253,0.01718115277381365,0.07068704100500398,-0.056498440472347755,0.4583333333333333
Ridge,20,model,0.0005,13,high,17,0.004211680444673612,0.026701820397335766,0.55988626604864,-0.07419750724289309,0.6470588235294118
Ridge,20,model,0.0005,13,low,9,0.0012320996031123113,0.015113350719971184,0.28938121086963187,-0.02966322371637109,0.5555555555555556
Ridge,20,model,0.0005,13,mid,25,0.0027784149440925722,0.01750471840640799,0.5634135013719731,-0.051486053955190014,0.56
Ridge,20,model,0.0005,14,high,17,0.006769099895658129,0.025911626028019774,0.9273027095832601,-0.07500662602703378,0.6470588235294118
Ridge,20,model,0.0005,14,low,11,0.002238230761962391,0.011355944840745877,0.6996274786354612,-0.025432379811437422,0.5454545454545454
Ridge,20,model,0.0005,14,mid,23,-0.0006411841405920953,0.016979337249608536,-0.13404397859481068,-0.06328653394807404,0.43478260869565216
Ridge,20,model,0.0005,15,high,18,0.006173373098989823,0.0260926488323994,0.8398266044752403,-0.08220858895705496,0.6111111111111112
Ridge,20,model,0.0005,15,low,11,-0.0002315737611384541,0.01601464402946585,-0.05132835337632826,-0.047148092860710644,0.5454545454545454
Ridge,20,model,0.0005,15,mid,22,-0.000812756144616891,0.017075463142600337,-0.16895577551025326,-0.06920227691399616,0.5
Ridge,20,model,0.0005,16,high,19,0.006433361748021621,0.027096432597993814,0.8427739977325661,-0.08894925948646049,0.5789473684210527
Ridge,20,model,0.0005,16,low,11,-0.0004762215776455641,0.0156702010490123,-0.10787474285643474,-0.042812527778158804,0.5454545454545454
Ridge,20,model,0.0005,16,mid,21,-0.0018690320372582764,0.01628782175942677,-0.40732307166326687,-0.05860397193741951,0.38095238095238093
Ridge,20,model,0.0005,17,high,19,0.006967969817111198,0.02557761166866753,0.9670112885815209,-0.07495559502664273,0.631578947368421
Ridge,20,model,0.0005,17,low,11,0.0007135474188235273,0.014576526879254242,0.17376169894597382,-0.03496811930331556,0.6363636363636364
Ridge,20,model,0.0005,17,mid,21,-0.0019652730709320662,0.01570959553631441,-0.444061551667638,-0.06064580555350707,0.38095238095238093
Ridge,20,model,0.0005,18,high,20,0.00693968155237239,0.026786085116573537,0.9196351662693025,-0.06966592427616891,0.7
Ridge,20,model,0.0005,18,low,11,0.0008287091294828633,0.015610429145019762,0.18843976477998778,-0.04217269826607728,0.5454545454545454
Ridge,20,model,0.0005,18,mid,19,-0.001874790574168458,0.015172005562046256,-0.4386266760063526,-0.05907602737742235,0.3157894736842105
Ridge,20,model,0.0005,19,high,19,0.009276994216934583,0.01956899011021578,1.682767612195402,-0.06965750981091634,0.7368421052631579
Ridge,20,model,0.0005,19,low,12,0.0016541391713026925,0.015363599300555832,0.3821768239981227,-0.04494867118361856,0.4166666666666667
Ridge,20,model,0.0005,19,mid,19,-0.00582820991922759,0.0188181326332767,-1.0993701302911634,-0.10126820669827252,0.3157894736842105
Ridge,20,model,0.001,0,high,20,0.0073840391554033154,0.019642571902683564,1.3343842643822832,-0.0677404921700222,0.65
Ridge,20,model,0.001,0,low,12,0.0014630532966653919,0.016885181702058483,0.30756696076101453,-0.0515643502921973,0.5
Ridge,20,model,0.001,0,mid,19,-0.006053245735773989,0.017689875273769116,-1.2146434329918112,-0.10706449843923915,0.2631578947368421
Ridge,20,model,0.001,1,high,21,0.012148754304630112,0.012897020340815952,3.343702552938029,-0.015730545017118347,0.7619047619047619
Ridge,20,model,0.001,1,low,12,0.0002590794266295173,0.017339026362767615,0.05303877597387572,-0.05870181625906501,0.4166666666666667
Ridge,20,model,0.001,1,mid,18,-0.009937986542647841,0.01639341449467195,-2.1518612106873882,-0.16345232610960214,0.2777777777777778
Ridge,20,model,0.001,2,high,22,0.00841286653945222,0.019508412011440927,1.5307608724722332,-0.04849573417153141,0.7272727272727273
Ridge,20,model,0.001,2,low,12,0.0005581609640527089,0.016723354439567115,0.11847353258272862,-0.04717030663890143,0.5
Ridge,20,model,0.001,2,mid,17,-0.010723063312033482,0.015607813207938801,-2.4387208084070724,-0.1706191158744551,0.23529411764705882
Ridge,20,model,0.001,3,high,22,0.011883820041357823,0.024930638601448035,1.692029521183325,-0.048346789696270376,0.7727272727272727
Ridge,20,model,0.001,3,low,12,-0.000528395296844242,0.017567992748079096,-0.10676332047622039,-0.05745647192432213,0.5
Ridge,20,model,0.001,3,mid,17,-0.006321199588064859,0.01335616937299385,-1.6799751505175236,-0.11370881653914311,0.29411764705882354
Ridge,20,model,0.001,4,high,22,0.010510623434827969,0.020354548901156358,1.8329569605060478,-0.023891526735057567,0.5909090909090909
Ridge,20,model,0.001,4,low,11,-0.0015291007539437087,0.017507251709103337,-0.31002977076150384,-0.06485063976079042,0.45454545454545453
Ridge,20,model,0.001,4,mid,18,-0.005794232959252717,0.013118846890141134,-1.5677815934218444,-0.11108278342594036,0.3333333333333333
Ridge,20,model,0.001,5,high,22,0.010355105894881773,0.021774085722293588,1.6881066810674614,-0.0693830652289198,0.7727272727272727
Ridge,20,model,0.001,5,low,11,0.0007290264119112638,0.016882623635887887,0.15328109575406243,-0.05611283806567169,0.5454545454545454
Ridge,20,model,0.001,5,mid,18,-0.0034008622323432277,0.013027983276447622,-0.9266102912910209,-0.07538665587877691,0.3888888888888889
Ridge,20,model,0.001,6,high,22,0.010268176313144124,0.020593343960331793,1.7699121739289077,-0.06747924394983185,0.6363636363636364
Ridge,20,model,0.001,6,low,11,0.0019527789118379641,0.01624627102619775,0.4266626780714853,-0.049308236909188397,0.5454545454545454
Ridge,20,model,0.001,6,mid,18,-0.007967971065337177,0.01676479815237315,-1.6870761736653959,-0.13723790321560925,0.3333333333333333
Ridge,20,model,0.001,7,high,20,0.005243934257959268,0.023439751525327623,0.7941261684594421,-0.07253794564066329,0.55
Ridge,20,model,0.001,7,low,11,0.0017914256695566724,0.015197102043860976,0.41843045428011116,-0.04799866322495949,0.5454545454545454
Ridge,20,model,0.001,7,mid,20,-0.004323472539959815,0.01619863428313931,-0.947413517930929,-0.10621951690130138,0.35
Ridge,20,model,0.001,8,high,18,0.008886256603086552,0.023138028837718882,1.3632570882940969,-0.06755072979708054,0.6666666666666666
Ridge,20,model,0.001,8,low,11,0.0016674386292303183,0.01557930781358079,0.37991546538478055,-0.04472006230758596,0.45454545454545453
Ridge,20,model,0.001,8,mid,22,-0.00468946369486525,0.017193400661806604,-0.9681589548622827,-0.10258486195663974,0.36363636363636365
Ridge,20,model,0.001,9,high,18,0.006693449381112767,0.024451382654958415,0.9716991743558125,-0.07501544435619079,0.5555555555555556
Ridge,20,model,0.001,9,low,10,0.0013496904108276904,0.016128692174093396,0.29704365611615186,-0.04611772047810758,0.5
Ridge,20,model,0.001,9,mid,23,-0.0033556483127376914,0.018515985191116035,-0.6433019773110938,-0.09401908224159194,0.34782608695652173
Ridge,20,model,0.001,10,high,16,0.005942493470938438,0.022543764882862884,0.9356804154219636,-0.0616744019992862,0.5
Ridge,20,model,0.001,10,low,11,0.0017537266945637819,0.015439119305461003,0.4032038422989999,-0.042228825044051455,0.45454545454545453
Ridge,20,model,0.001,10,mid,24,-0.0009469887606125085,0.023510538159646967,-0.1429774433091841,-0.08351481253367532,0.4166666666666667
Ridge,20,model,0.001,11,high,18,0.007225429367338588,0.022604296706130983,1.1346395906951259,-0.07268349237492233,0.6666666666666666
Ridge,20,model,0.001,11,low,10,0.005557607294214099,0.014677456037293786,1.3440714006091168,-0.021254087324485416,0.7
Ridge,20,model,0.001,11,mid,23,-0.0035301618196948827,0.020516727351855144,-0.6107617052486287,-0.11372840494435477,0.391304347826087
Ridge,20,model,0.001,12,high,18,0.006336858410682683,0.02416250235298758,0.9309307302064896,-0.08151885289431748,0.7222222222222222
Ridge,20,model,0.001,12,low,9,0.00026337020724068915,0.013992332141526743,0.06681312919537599,-0.03669996788748753,0.4444444444444444
Ridge,20,model,0.001,12,mid,24,0.00033797567960605857,0.017178208121799102,0.06983817186704383,-0.056498440472347866,0.4583333333333333
Ridge,20,model,0.001,13,high,17,0.004211680444673612,0.026701820397335766,0.55988626604864,-0.07419750724289309,0.6470588235294118
Ridge,20,model,0.001,13,low,9,0.0012320996031123113,0.015113350719971184,0.28938121086963187,-0.02966322371637109,0.5555555555555556
Ridge,20,model,0.001,13,mid,25,0.0027784149440925722,0.01750471840640799,0.5634135013719731,-0.051486053955190014,0.56
Ridge,20,model,0.001,14,high,17,0.006769099895658129,0.025911626028019774,0.9273027095832601,-0.07500662602703378,0.6470588235294118
Ridge,20,model,0.001,14,low,11,0.002238230761962391,0.011355944840745877,0.6996274786354612,-0.025432379811437422,0.5454545454545454
Ridge,20,model,0.001,14,mid,23,-0.0012312673734252082,0.016701423630387485,-0.26168820730674586,-0.06328653394807404,0.391304347826087
Ridge,20,model,0.001,15,high,18,0.006173373098989823,0.0260926488323994,0.8398266044752403,-0.08220858895705496,0.6111111111111112
Ridge,20,model,0.001,15,low,11,0.00010490234489947213,0.015968645815891056,0.02331859503985924,-0.047148092860710644,0.5454545454545454
Ridge,20,model,0.001,15,mid,22,-0.0008790355226025458,0.017068893658397973,-0.1828042656298354,-0.06920227691399616,0.4090909090909091
Ridge,20,model,0.001,16,high,19,0.006433361748021621,0.027096432597993814,0.8427739977325661,-0.08894925948646049,0.5789473684210527
Ridge,20,model,0.001,16,low,11,-0.0004762215776455641,0.0156702010490123,-0.10787474285643474,-0.042812527778158804,0.5454545454545454
Ridge,20,model,0.001,16,mid,21,-0.0018690320372582764,0.01628782175942677,-0.40732307166326687,-0.05860397193741951,0.38095238095238093
Ridge,20,model,0.001,17,high,19,0.006382120596349657,0.025606836818935674,0.8846965730366352,-0.07495559502664273,0.5789473684210527
Ridge,20,model,0.001,17,low,11,0.0003108680717682458,0.014526219280988057,0.07596416985139376,-0.03496811930331556,0.5454545454545454
Ridge,20,model,0.001,17,mid,21,-0.0019605111661701617,0.015708197055310007,-0.44302501810541917,-0.06055186543713498,0.38095238095238093
Ridge,20,model,0.001,18,high,20,0.00693968155237239,0.026786085116573537,0.9196351662693025,-0.06966592427616891,0.7
Ridge,20,model,0.001,18,low,11,0.0008287091294828633,0.015610429145019762,0.18843976477998778,-0.04217269826607728,0.5454545454545454
Ridge,20,model,0.001,18,mid,19,-0.001874790574168458,0.015172005562046256,-0.4386266760063526,-0.05907602737742235,0.3157894736842105
Ridge,20,model,0.001,19,high,19,0.009276994216934583,0.01956899011021578,1.682767612195402,-0.06965750981091634,0.7368421052631579
Ridge,20,model,0.001,19,low,12,-4.271824602167443e-05,0.014202124939929417,-0.010676904451717619,-0.04494867118361856,0.3333333333333333
Ridge,20,model,0.001,19,mid,19,-0.0058334730771223255,0.018821163780868937,-1.1001857017544951,-0.10135807538409347,0.3157894736842105
Transformer,20,model,0.0,0,high,20,0.0009320545674596946,0.021502071156719423,0.15386729426492826,-0.13002163128151956,0.45
Transformer,20,model,0.0,0,low,12,0.004661342966749024,0.016235902038311326,1.019107290347228,-0.022832780672667252,0.6666666666666666
Transformer,20,model,0.0,0,mid,19,-3.2283260627457207e-05,0.019029816648457463,-0.006021824037262605,-0.0884744521845161,0.5263157894736842
Transformer,20,model,0.0,1,high,21,0.0020345277204882094,0.020430366907307613,0.35348640687497807,-0.12428873307387833,0.5238095238095238
Transformer,20,model,0.0,1,low,12,0.003804849858743108,0.016909597934759647,0.7987107232432071,-0.020966183574878783,0.6666666666666666
Transformer,20,model,0.0,1,mid,18,-0.0014181500871865834,0.020193775600944104,-0.24928143877601347,-0.10470035032695102,0.3888888888888889
Transformer,20,model,0.0,2,high,22,0.0016458237313607957,0.021311961619062757,0.27412280514638176,-0.1140935269751725,0.5
Transformer,20,model,0.0,2,low,12,0.003795024485643242,0.016276300852553664,0.827645095993398,-0.025650769523086203,0.6666666666666666
Transformer,20,model,0.0,2,mid,17,-0.0015195854213255592,0.020302048462982267,-0.26568713810891387,-0.09927186311744696,0.4117647058823529
Transformer,20,model,0.0,3,high,22,-0.0008991782782776503,0.027756122584824666,-0.11499323258708684,-0.15790163176465333,0.5
Transformer,20,model,0.0,3,low,12,0.00357145603517865,0.017184280171917605,0.7377330432663118,-0.025463182897862868,0.6666666666666666
Transformer,20,model,0.0,3,mid,17,0.0017984456184515175,0.015038489194671054,0.4245006646583359,-0.05043408031746344,0.5294117647058824
Transformer,20,model,0.0,4,high,22,-0.002318596089959313,0.025495725214938286,-0.32280704323590226,-0.18208595359923274,0.45454545454545453
Transformer,20,model,0.0,4,low,11,0.004227047052797599,0.017020039509100752,0.8815801255183322,-0.015665545410860182,0.7272727272727273
Transformer,20,model,0.0,4,mid,18,0.0026085818715380887,0.014914970948651497,0.6208223345213534,-0.03888770519242468,0.5555555555555556
Transformer,20,model,0.0,5,high,22,-0.0014901326502511812,0.024203281893090015,-0.21854251878472414,-0.18089961186173598,0.5454545454545454
Transformer,20,model,0.0,5,low,11,0.005463849842544019,0.016032091709317672,1.2097450105994596,-0.016706673067691247,0.6363636363636364
Transformer,20,model,0.0,5,mid,18,0.001667019575738394,0.016130800180542682,0.3668344049771282,-0.04716454060860087,0.5
Transformer,20,model,0.0,6,high,22,-0.0010025674849425503,0.023215400115126513,-0.15329313816125875,-0.17350694426427715,0.4090909090909091
Transformer,20,model,0.0,6,low,11,0.006066219984293853,0.015513053419356874,1.3880532905585865,-0.012845277187560566,0.6363636363636364
Transformer,20,model,0.0,6,mid,18,0.00014076615379202205,0.018641586024187647,0.02680406470285718,-0.06709392662102087,0.5555555555555556
Transformer,20,model,0.0,7,high,20,0.0024241326653768594,0.02406442051855125,0.3575742596950966,-0.11726697130448249,0.45
Transformer,20,model,0.0,7,low,11,0.005662728358120409,0.014981940440649157,1.3416614312161603,-0.013844822613210517,0.6363636363636364
Transformer,20,model,0.0,7,mid,20,-0.00253377563908817,0.016957468631793326,-0.5303864329802829,-0.08196924632468894,0.45
Transformer,20,model,0.0,8,high,18,0.003565950466797006,0.024781819630741483,0.5107723592173007,-0.09888848532586425,0.6111111111111112
Transformer,20,model,0.0,8,low,11,0.004698733674371919,0.015265229945888265,1.0926039134291028,-0.01671469740634013,0.6363636363636364
Transformer,20,model,0.0,8,mid,22,-0.003003729179796122,0.01757787403407965,-0.6065682837428067,-0.08887386718447443,0.45454545454545453
Transformer,20,model,0.0,9,high,18,0.00303129793624886,0.02700004009720895,0.3985194178814709,-0.1048939282681095,0.5
Transformer,20,model,0.0,9,low,10,0.00472160408631431,0.016570639525499895,1.0114293936281356,-0.01511650298478684,0.6
Transformer,20,model,0.0,9,mid,23,-0.0025056313877705404,0.019817984811741393,-0.4487897837616699,-0.09867397890250329,0.4782608695652174
Transformer,20,model,0.0,10,high,16,-0.0007396441005613629,0.02347835836236915,-0.11182536979331872,-0.11723695107852694,0.4375
Transformer,20,model,0.0,10,low,11,0.004838418698964873,0.015624938949470691,1.0991839829781958,-0.014640596958534258,0.6363636363636364
Transformer,20,model,0.0,10,mid,24,0.0002982036881949701,0.023772173577554723,0.04452761053305774,-0.08606652584161245,0.4583333333333333
Transformer,20,model,0.0,11,high,18,-0.003902288126428877,0.02347383742480005,-0.5900930676516911,-0.16697031765656112,0.4444444444444444
Transformer,20,model,0.0,11,low,10,0.00603084825408792,0.014483233176068906,1.4780807157025397,-0.012653446647781008,0.7
Transformer,20,model,0.0,11,mid,23,0.002870703853853513,0.02064635314780873,0.49354904214213996,-0.06523917373202381,0.6086956521739131
Transformer,20,model,0.0,12,high,18,-0.0022480481889943834,0.02492932735254684,-0.3200960600563814,-0.17421468374584903,0.4444444444444444
Transformer,20,model,0.0,12,low,9,0.005442382308579033,0.014022535980080705,1.3776781030230505,-0.01318321785989185,0.6666666666666666
Transformer,20,model,0.0,12,mid,24,0.0021917838390084874,0.018888934304231178,0.41188458332383465,-0.068505111668835,0.625
Transformer,20,model,0.0,13,high,17,7.10740054793878e-05,0.027054737127906157,0.009325083846114449,-0.15145049209881656,0.5294117647058824
Transformer,20,model,0.0,13,low,9,0.006305028062471054,0.013601653509449394,1.645434462494438,-0.012333965844402162,0.6666666666666666
Transformer,20,model,0.0,13,mid,25,0.00011884949252080855,0.01775404280325134,0.023762128583082152,-0.09164810432804649,0.56
Transformer,20,model,0.0,14,high,17,-0.00047219788426655385,0.026840551718219342,-0.06244790463458704,-0.1616929437856759,0.47058823529411764
Transformer,20,model,0.0,14,low,11,0.0021875245187014903,0.011580071673847732,0.6705434963421683,-0.013517427826591266,0.5454545454545454
Transformer,20,model,0.0,14,mid,23,0.001832918525678909,0.018061832657686717,0.3602190023354993,-0.08725797353397824,0.5652173913043478
Transformer,20,model,0.0,15,high,18,-0.0025001851211197113,0.026741241680771015,-0.33187601740345934,-0.18817785377244234,0.4444444444444444
Transformer,20,model,0.0,15,low,11,0.0023997339938337907,0.01583614239837949,0.5378968214073309,-0.016213556449018895,0.45454545454545453
Transformer,20,model,0.0,15,mid,22,0.002586489236024673,0.016903044083504452,0.5431640574155511,-0.07751038285671319,0.5454545454545454
Transformer,20,model,0.0,16,high,19,-0.002092158124392832,0.028042520845035168,-0.2648272839200065,-0.1989514294953636,0.42105263157894735
Transformer,20,model,0.0,16,low,11,0.0015312895487123086,0.015613114488410622,0.3481392958951202,-0.02359045122526726,0.45454545454545453
Transformer,20,model,0.0,16,mid,21,0.0026161411119791237,0.016183265270636224,0.5738260833083523,-0.07443511612004938,0.6190476190476191
Transformer,20,model,0.0,17,high,19,-0.0017729738937625687,0.02651140791604932,-0.23738584632094933,-0.18547419273413768,0.42105263157894735
Transformer,20,model,0.0,17,low,11,0.0006285967835179001,0.01459688463352257,0.1528611953601878,-0.02391303603851913,0.36363636363636365
Transformer,20,model,0.0,17,mid,21,0.0024905388792056523,0.015673852242919346,0.5640308387728351,-0.0721997144251505,0.47619047619047616
Transformer,20,model,0.0,18,high,20,-0.0015458860250443505,0.02768714986126451,-0.19819125707560464,-0.19075250602922056,0.45
Transformer,20,model,0.0,18,low,11,0.001718825309837682,0.015718629755510846,0.3881524467861035,-0.017610661589719134,0.5454545454545454
Transformer,20,model,0.0,18,mid,19,0.002355173484454153,0.015119091865340288,0.5529456806468538,-0.06592620933721183,0.5789473684210527
Transformer,20,model,0.0,19,high,19,0.0020072007480371637,0.021695492233424263,0.32840259086974943,-0.1302414172572799,0.47368421052631576
Transformer,20,model,0.0,19,low,12,0.0030150431315790413,0.015209691753327871,0.7036527500436166,-0.02620710363834078,0.5833333333333334
Transformer,20,model,0.0,19,mid,19,-0.002422327365988636,0.02018802306584557,-0.4259163538073977,-0.11841665643567922,0.42105263157894735
Transformer,20,model,0.0005,0,high,20,0.0009320545674596946,0.021502071156719423,0.15386729426492826,-0.13002163128151956,0.45
Transformer,20,model,0.0005,0,low,12,0.004661342966749024,0.016235902038311326,1.019107290347228,-0.022832780672667252,0.6666666666666666
Transformer,20,model,0.0005,0,mid,19,-3.2283260627457207e-05,0.019029816648457463,-0.006021824037262605,-0.0884744521845161,0.5263157894736842
Transformer,20,model,0.0005,1,high,21,0.0020345277204882094,0.020430366907307613,0.35348640687497807,-0.12428873307387833,0.5238095238095238
Transformer,20,model,0.0005,1,low,12,0.003804849858743108,0.016909597934759647,0.7987107232432071,-0.020966183574878783,0.6666666666666666
Transformer,20,model,0.0005,1,mid,18,-0.0014181500871865834,0.020193775600944104,-0.24928143877601347,-0.10470035032695102,0.3888888888888889
Transformer,20,model,0.0005,2,high,22,0.0016458237313607957,0.021311961619062757,0.27412280514638176,-0.1140935269751725,0.5
Transformer,20,model,0.0005,2,low,12,0.003795024485643242,0.016276300852553664,0.827645095993398,-0.025650769523086203,0.6666666666666666
Transformer,20,model,0.0005,2,mid,17,-0.0015195854213255592,0.020302048462982267,-0.26568713810891387,-0.09927186311744696,0.4117647058823529
Transformer,20,model,0.0005,3,high,22,-0.0008991782782776503,0.027756122584824666,-0.11499323258708684,-0.15790163176465333,0.5
Transformer,20,model,0.0005,3,low,12,0.00357145603517865,0.017184280171917605,0.7377330432663118,-0.025463182897862868,0.6666666666666666
Transformer,20,model,0.0005,3,mid,17,0.0017984456184515175,0.015038489194671054,0.4245006646583359,-0.05043408031746344,0.5294117647058824
Transformer,20,model,0.0005,4,high,22,-0.002318596089959313,0.025495725214938286,-0.32280704323590226,-0.18208595359923274,0.45454545454545453
Transformer,20,model,0.0005,4,low,11,0.004227047052797599,0.017020039509100752,0.8815801255183322,-0.015665545410860182,0.7272727272727273
Transformer,20,model,0.0005,4,mid,18,0.0026085818715380887,0.014914970948651497,0.6208223345213534,-0.03888770519242468,0.5555555555555556
Transformer,20,model,0.0005,5,high,22,-0.0014901326502511812,0.024203281893090015,-0.21854251878472414,-0.18089961186173598,0.5454545454545454
Transformer,20,model,0.0005,5,low,11,0.005463849842544019,0.016032091709317672,1.2097450105994596,-0.016706673067691247,0.6363636363636364
Transformer,20,model,0.0005,5,mid,18,0.001667019575738394,0.016130800180542682,0.3668344049771282,-0.04716454060860087,0.5
Transformer,20,model,0.0005,6,high,22,-0.0010025674849425503,0.023215400115126513,-0.15329313816125875,-0.17350694426427715,0.4090909090909091
Transformer,20,model,0.0005,6,low,11,0.006066219984293853,0.015513053419356874,1.3880532905585865,-0.012845277187560566,0.6363636363636364
Transformer,20,model,0.0005,6,mid,18,0.00014076615379202205,0.018641586024187647,0.02680406470285718,-0.06709392662102087,0.5555555555555556
Transformer,20,model,0.0005,7,high,20,0.0024241326653768594,0.02406442051855125,0.3575742596950966,-0.11726697130448249,0.45
Transformer,20,model,0.0005,7,low,11,0.005662728358120409,0.014981940440649157,1.3416614312161603,-0.013844822613210517,0.6363636363636364
Transformer,20,model,0.0005,7,mid,20,-0.00253377563908817,0.016957468631793326,-0.5303864329802829,-0.08196924632468894,0.45
Transformer,20,model,0.0005,8,high,18,0.003565950466797006,0.024781819630741483,0.5107723592173007,-0.09888848532586425,0.6111111111111112
Transformer,20,model,0.0005,8,low,11,0.004698733674371919,0.015265229945888265,1.0926039134291028,-0.01671469740634013,0.6363636363636364
Transformer,20,model,0.0005,8,mid,22,-0.003003729179796122,0.01757787403407965,-0.6065682837428067,-0.08887386718447443,0.45454545454545453
Transformer,20,model,0.0005,9,high,18,0.00303129793624886,0.02700004009720895,0.3985194178814709,-0.1048939282681095,0.5
Transformer,20,model,0.0005,9,low,10,0.00472160408631431,0.016570639525499895,1.0114293936281356,-0.01511650298478684,0.6
Transformer,20,model,0.0005,9,mid,23,-0.0025056313877705404,0.019817984811741393,-0.4487897837616699,-0.09867397890250329,0.4782608695652174
Transformer,20,model,0.0005,10,high,16,-0.0007396441005613629,0.02347835836236915,-0.11182536979331872,-0.11723695107852694,0.4375
Transformer,20,model,0.0005,10,low,11,0.004838418698964873,0.015624938949470691,1.0991839829781958,-0.014640596958534258,0.6363636363636364
Transformer,20,model,0.0005,10,mid,24,0.0002982036881949701,0.023772173577554723,0.04452761053305774,-0.08606652584161245,0.4583333333333333
Transformer,20,model,0.0005,11,high,18,-0.003902288126428877,0.02347383742480005,-0.5900930676516911,-0.16697031765656112,0.4444444444444444
Transformer,20,model,0.0005,11,low,10,0.00603084825408792,0.014483233176068906,1.4780807157025397,-0.012653446647781008,0.7
Transformer,20,model,0.0005,11,mid,23,0.002870703853853513,0.02064635314780873,0.49354904214213996,-0.06523917373202381,0.6086956521739131
Transformer,20,model,0.0005,12,high,18,-0.0022480481889943834,0.02492932735254684,-0.3200960600563814,-0.17421468374584903,0.4444444444444444
Transformer,20,model,0.0005,12,low,9,0.005442382308579033,0.014022535980080705,1.3776781030230505,-0.01318321785989185,0.6666666666666666
Transformer,20,model,0.0005,12,mid,24,0.0021917838390084874,0.018888934304231178,0.41188458332383465,-0.068505111668835,0.625
Transformer,20,model,0.0005,13,high,17,7.10740054793878e-05,0.027054737127906157,0.009325083846114449,-0.15145049209881656,0.5294117647058824
Transformer,20,model,0.0005,13,low,9,0.006305028062471054,0.013601653509449394,1.645434462494438,-0.012333965844402162,0.6666666666666666
Transformer,20,model,0.0005,13,mid,25,0.00011884949252080855,0.01775404280325134,0.023762128583082152,-0.09164810432804649,0.56
Transformer,20,model,0.0005,14,high,17,-0.00047219788426655385,0.026840551718219342,-0.06244790463458704,-0.1616929437856759,0.47058823529411764
Transformer,20,model,0.0005,14,low,11,0.0021875245187014903,0.011580071673847732,0.6705434963421683,-0.013517427826591266,0.5454545454545454
Transformer,20,model,0.0005,14,mid,23,0.001832918525678909,0.018061832657686717,0.3602190023354993,-0.08725797353397824,0.5652173913043478
Transformer,20,model,0.0005,15,high,18,-0.0025001851211197113,0.026741241680771015,-0.33187601740345934,-0.18817785377244234,0.4444444444444444
Transformer,20,model,0.0005,15,low,11,0.0023997339938337907,0.01583614239837949,0.5378968214073309,-0.016213556449018895,0.45454545454545453
Transformer,20,model,0.0005,15,mid,22,0.002586489236024673,0.016903044083504452,0.5431640574155511,-0.07751038285671319,0.5454545454545454
Transformer,20,model,0.0005,16,high,19,-0.002092158124392832,0.028042520845035168,-0.2648272839200065,-0.1989514294953636,0.42105263157894735
Transformer,20,model,0.0005,16,low,11,0.0015312895487123086,0.015613114488410622,0.3481392958951202,-0.02359045122526726,0.45454545454545453
Transformer,20,model,0.0005,16,mid,21,0.0026161411119791237,0.016183265270636224,0.5738260833083523,-0.07443511612004938,0.6190476190476191
Transformer,20,model,0.0005,17,high,19,-0.0017729738937625687,0.02651140791604932,-0.23738584632094933,-0.18547419273413768,0.42105263157894735
Transformer,20,model,0.0005,17,low,11,0.0006285967835179001,0.01459688463352257,0.1528611953601878,-0.02391303603851913,0.36363636363636365
Transformer,20,model,0.0005,17,mid,21,0.0024905388792056523,0.015673852242919346,0.5640308387728351,-0.0721997144251505,0.47619047619047616
Transformer,20,model,0.0005,18,high,20,-0.0015458860250443505,0.02768714986126451,-0.19819125707560464,-0.19075250602922056,0.45
Transformer,20,model,0.0005,18,low,11,0.001718825309837682,0.015718629755510846,0.3881524467861035,-0.017610661589719134,0.5454545454545454
Transformer,20,model,0.0005,18,mid,19,0.002355173484454153,0.015119091865340288,0.5529456806468538,-0.06592620933721183,0.5789473684210527
Transformer,20,model,0.0005,19,high,19,0.0020072007480371637,0.021695492233424263,0.32840259086974943,-0.1302414172572799,0.47368421052631576
Transformer,20,model,0.0005,19,low,12,0.0030150431315790413,0.015209691753327871,0.7036527500436166,-0.02620710363834078,0.5833333333333334
Transformer,20,model,0.0005,19,mid,19,-0.002422327365988636,0.02018802306584557,-0.4259163538073977,-0.11841665643567922,0.42105263157894735
Transformer,20,model,0.001,0,high,20,0.0009320545674596946,0.021502071156719423,0.15386729426492826,-0.13002163128151956,0.45
Transformer,20,model,0.001,0,low,12,0.004661342966749024,0.016235902038311326,1.019107290347228,-0.022832780672667252,0.6666666666666666
Transformer,20,model,0.001,0,mid,19,-3.2283260627457207e-05,0.019029816648457463,-0.006021824037262605,-0.0884744521845161,0.5263157894736842
Transformer,20,model,0.001,1,high,21,0.0020345277204882094,0.020430366907307613,0.35348640687497807,-0.12428873307387833,0.5238095238095238
Transformer,20,model,0.001,1,low,12,0.003804849858743108,0.016909597934759647,0.7987107232432071,-0.020966183574878783,0.6666666666666666
Transformer,20,model,0.001,1,mid,18,-0.0014181500871865834,0.020193775600944104,-0.24928143877601347,-0.10470035032695102,0.3888888888888889
Transformer,20,model,0.001,2,high,22,0.0016458237313607957,0.021311961619062757,0.27412280514638176,-0.1140935269751725,0.5
Transformer,20,model,0.001,2,low,12,0.003795024485643242,0.016276300852553664,0.827645095993398,-0.025650769523086203,0.6666666666666666
Transformer,20,model,0.001,2,mid,17,-0.0015195854213255592,0.020302048462982267,-0.26568713810891387,-0.09927186311744696,0.4117647058823529
Transformer,20,model,0.001,3,high,22,-0.0008991782782776503,0.027756122584824666,-0.11499323258708684,-0.15790163176465333,0.5
Transformer,20,model,0.001,3,low,12,0.00357145603517865,0.017184280171917605,0.7377330432663118,-0.025463182897862868,0.6666666666666666
Transformer,20,model,0.001,3,mid,17,0.0017984456184515175,0.015038489194671054,0.4245006646583359,-0.05043408031746344,0.5294117647058824
Transformer,20,model,0.001,4,high,22,-0.002318596089959313,0.025495725214938286,-0.32280704323590226,-0.18208595359923274,0.45454545454545453
Transformer,20,model,0.001,4,low,11,0.004227047052797599,0.017020039509100752,0.8815801255183322,-0.015665545410860182,0.7272727272727273
Transformer,20,model,0.001,4,mid,18,0.0026085818715380887,0.014914970948651497,0.6208223345213534,-0.03888770519242468,0.5555555555555556
Transformer,20,model,0.001,5,high,22,-0.0014901326502511812,0.024203281893090015,-0.21854251878472414,-0.18089961186173598,0.5454545454545454
Transformer,20,model,0.001,5,low,11,0.005463849842544019,0.016032091709317672,1.2097450105994596,-0.016706673067691247,0.6363636363636364
Transformer,20,model,0.001,5,mid,18,0.001667019575738394,0.016130800180542682,0.3668344049771282,-0.04716454060860087,0.5
Transformer,20,model,0.001,6,high,22,-0.0010025674849425503,0.023215400115126513,-0.15329313816125875,-0.17350694426427715,0.4090909090909091
Transformer,20,model,0.001,6,low,11,0.006066219984293853,0.015513053419356874,1.3880532905585865,-0.012845277187560566,0.6363636363636364
Transformer,20,model,0.001,6,mid,18,0.00014076615379202205,0.018641586024187647,0.02680406470285718,-0.06709392662102087,0.5555555555555556
Transformer,20,model,0.001,7,high,20,0.0024241326653768594,0.02406442051855125,0.3575742596950966,-0.11726697130448249,0.45
Transformer,20,model,0.001,7,low,11,0.005662728358120409,0.014981940440649157,1.3416614312161603,-0.013844822613210517,0.6363636363636364
Transformer,20,model,0.001,7,mid,20,-0.00253377563908817,0.016957468631793326,-0.5303864329802829,-0.08196924632468894,0.45
Transformer,20,model,0.001,8,high,18,0.003565950466797006,0.024781819630741483,0.5107723592173007,-0.09888848532586425,0.6111111111111112
Transformer,20,model,0.001,8,low,11,0.004698733674371919,0.015265229945888265,1.0926039134291028,-0.01671469740634013,0.6363636363636364
Transformer,20,model,0.001,8,mid,22,-0.003003729179796122,0.01757787403407965,-0.6065682837428067,-0.08887386718447443,0.45454545454545453
Transformer,20,model,0.001,9,high,18,0.00303129793624886,0.02700004009720895,0.3985194178814709,-0.1048939282681095,0.5
Transformer,20,model,0.001,9,low,10,0.00472160408631431,0.016570639525499895,1.0114293936281356,-0.01511650298478684,0.6
Transformer,20,model,0.001,9,mid,23,-0.0025056313877705404,0.019817984811741393,-0.4487897837616699,-0.09867397890250329,0.4782608695652174
Transformer,20,model,0.001,10,high,16,-0.0007396441005613629,0.02347835836236915,-0.11182536979331872,-0.11723695107852694,0.4375
Transformer,20,model,0.001,10,low,11,0.004838418698964873,0.015624938949470691,1.0991839829781958,-0.014640596958534258,0.6363636363636364
Transformer,20,model,0.001,10,mid,24,0.0002982036881949701,0.023772173577554723,0.04452761053305774,-0.08606652584161245,0.4583333333333333
Transformer,20,model,0.001,11,high,18,-0.003902288126428877,0.02347383742480005,-0.5900930676516911,-0.16697031765656112,0.4444444444444444
Transformer,20,model,0.001,11,low,10,0.00603084825408792,0.014483233176068906,1.4780807157025397,-0.012653446647781008,0.7
Transformer,20,model,0.001,11,mid,23,0.002870703853853513,0.02064635314780873,0.49354904214213996,-0.06523917373202381,0.6086956521739131
Transformer,20,model,0.001,12,high,18,-0.0022480481889943834,0.02492932735254684,-0.3200960600563814,-0.17421468374584903,0.4444444444444444
Transformer,20,model,0.001,12,low,9,0.005442382308579033,0.014022535980080705,1.3776781030230505,-0.01318321785989185,0.6666666666666666
Transformer,20,model,0.001,12,mid,24,0.0021917838390084874,0.018888934304231178,0.41188458332383465,-0.068505111668835,0.625
Transformer,20,model,0.001,13,high,17,7.10740054793878e-05,0.027054737127906157,0.009325083846114449,-0.15145049209881656,0.5294117647058824
Transformer,20,model,0.001,13,low,9,0.006305028062471054,0.013601653509449394,1.645434462494438,-0.012333965844402162,0.6666666666666666
Transformer,20,model,0.001,13,mid,25,0.00011884949252080855,0.01775404280325134,0.023762128583082152,-0.09164810432804649,0.56
Transformer,20,model,0.001,14,high,17,-0.00047219788426655385,0.026840551718219342,-0.06244790463458704,-0.1616929437856759,0.47058823529411764
Transformer,20,model,0.001,14,low,11,0.0021875245187014903,0.011580071673847732,0.6705434963421683,-0.013517427826591266,0.5454545454545454
Transformer,20,model,0.001,14,mid,23,0.001832918525678909,0.018061832657686717,0.3602190023354993,-0.08725797353397824,0.5652173913043478
Transformer,20,model,0.001,15,high,18,-0.0025001851211197113,0.026741241680771015,-0.33187601740345934,-0.18817785377244234,0.4444444444444444
Transformer,20,model,0.001,15,low,11,0.0023997339938337907,0.01583614239837949,0.5378968214073309,-0.016213556449018895,0.45454545454545453
Transformer,20,model,0.001,15,mid,22,0.002586489236024673,0.016903044083504452,0.5431640574155511,-0.07751038285671319,0.5454545454545454
Transformer,20,model,0.001,16,high,19,-0.002092158124392832,0.028042520845035168,-0.2648272839200065,-0.1989514294953636,0.42105263157894735
Transformer,20,model,0.001,16,low,11,0.0015312895487123086,0.015613114488410622,0.3481392958951202,-0.02359045122526726,0.45454545454545453
Transformer,20,model,0.001,16,mid,21,0.0026161411119791237,0.016183265270636224,0.5738260833083523,-0.07443511612004938,0.6190476190476191
Transformer,20,model,0.001,17,high,19,-0.0017729738937625687,0.02651140791604932,-0.23738584632094933,-0.18547419273413768,0.42105263157894735
Transformer,20,model,0.001,17,low,11,0.0006285967835179001,0.01459688463352257,0.1528611953601878,-0.02391303603851913,0.36363636363636365
Transformer,20,model,0.001,17,mid,21,0.0024905388792056523,0.015673852242919346,0.5640308387728351,-0.0721997144251505,0.47619047619047616
Transformer,20,model,0.001,18,high,20,-0.0015458860250443505,0.02768714986126451,-0.19819125707560464,-0.19075250602922056,0.45
Transformer,20,model,0.001,18,low,11,0.001718825309837682,0.015718629755510846,0.3881524467861035,-0.017610661589719134,0.5454545454545454
Transformer,20,model,0.001,18,mid,19,0.002355173484454153,0.015119091865340288,0.5529456806468538,-0.06592620933721183,0.5789473684210527
Transformer,20,model,0.001,19,high,19,0.0020072007480371637,0.021695492233424263,0.32840259086974943,-0.1302414172572799,0.47368421052631576
Transformer,20,model,0.001,19,low,12,0.0030150431315790413,0.015209691753327871,0.7036527500436166,-0.02620710363834078,0.5833333333333334
Transformer,20,model,0.001,19,mid,19,-0.002422327365988636,0.02018802306584557,-0.4259163538073977,-0.11841665643567922,0.42105263157894735
XGBoost,20,model,0.0,0,high,20,0.011421821317627054,0.018014189202467657,2.2506393851175925,-0.024956970740102613,0.65
XGBoost,20,model,0.0,0,low,12,-0.0016246080890261923,0.01689706456745938,-0.34128925882632527,-0.039837222664366956,0.4166666666666667
XGBoost,20,model,0.0,0,mid,19,0.009278265170127278,0.016398743836589763,2.0083595746919944,-0.024151696606785955,0.7368421052631579
XGBoost,20,model,0.0,1,high,21,0.01132946125203695,0.016889102116053753,2.3811566608816497,-0.019789674952198633,0.6666666666666666
XGBoost,20,model,0.0,1,low,12,0.002544846518273684,0.01717307826711673,0.526015713793569,-0.027018650065675276,0.5833333333333334
XGBoost,20,model,0.0,1,mid,18,0.009029140938899179,0.01792777556126482,1.7877438721218537,-0.02205956081419891,0.6111111111111112
XGBoost,20,model,0.0,2,high,22,0.010300275529622116,0.01854930877805864,1.9710896794138362,-0.025565024082993215,0.7727272727272727
XGBoost,20,model,0.0,2,low,12,-0.0002656360500179339,0.016754857005934768,-0.05627708065608265,-0.02868514198690464,0.5
XGBoost,20,model,0.0,2,mid,17,0.0083588223064059,0.018382109157674492,1.6141170493529848,-0.02612221803093151,0.7058823529411765
XGBoost,20,model,0.0,3,high,22,0.015074864183601943,0.0230362962842243,2.322875990025921,-0.03178551686014308,0.8181818181818182
XGBoost,20,model,0.0,3,low,12,-0.0005128775852694161,0.01759906310619267,-0.10344498551231425,-0.03265787385728347,0.5
XGBoost,20,model,0.0,3,mid,17,0.006118951217782312,0.013708640018599274,1.584411154316397,-0.019844867532990862,0.6470588235294118
XGBoost,20,model,0.0,4,high,22,0.013897168277125156,0.021235465981554305,2.323003121986091,-0.028702202727186488,0.7727272727272727
XGBoost,20,model,0.0,4,low,11,0.0013065191908981273,0.01751466716896147,0.26478853512678185,-0.034343883229404404,0.45454545454545453
XGBoost,20,model,0.0,4,mid,18,0.006363065705474505,0.013591907184386447,1.6617713997606962,-0.024432104997475612,0.7222222222222222
XGBoost,20,model,0.0,5,high,22,0.013538479190117454,0.019843762580866054,2.421760168844142,-0.02880934150076553,0.7727272727272727
XGBoost,20,model,0.0,5,low,11,0.0004584209399038733,0.01701032239998165,0.09566149744643598,-0.03493878624562985,0.5454545454545454
XGBoost,20,model,0.0,5,mid,18,0.005417527953700028,0.015161190448099458,1.2683909371488498,-0.019435165502580953,0.6111111111111112
XGBoost,20,model,0.0,6,high,22,0.010338277516679572,0.020645965856081146,1.7774535238946856,-0.03360944492049922,0.6363636363636364
XGBoost,20,model,0.0,6,low,11,-0.00014004518074618155,0.016765644996457385,-0.029650578765377078,-0.042674776821468474,0.5454545454545454
XGBoost,20,model,0.0,6,mid,18,0.003704734223505271,0.01819897377563726,0.7225957961688195,-0.050357615157164415,0.5555555555555556
XGBoost,20,model,0.0,7,high,20,0.011975422150955855,0.0207988109757399,2.0437962428907426,-0.024444052241440195,0.65
XGBoost,20,model,0.0,7,low,11,0.0016399399327419546,0.016011095923168354,0.3635734441220888,-0.02896209035400199,0.5454545454545454
XGBoost,20,model,0.0,7,mid,20,0.006257777795306044,0.015831988154491484,1.4030396817131356,-0.022951772225449973,0.65
XGBoost,20,model,0.0,8,high,18,0.009940675616825417,0.022841087792243083,1.544843150605748,-0.036934852260591566,0.7222222222222222
XGBoost,20,model,0.0,8,low,11,0.0016876567468878912,0.015939959986125577,0.3758219708116824,-0.028763319201721815,0.5454545454545454
XGBoost,20,model,0.0,8,mid,22,0.004829152631388631,0.017065929812615545,1.0044452039504308,-0.02886378994111438,0.6818181818181818
XGBoost,20,model,0.0,9,high,18,0.007573596471309234,0.02602013490493801,1.0331845195951854,-0.061953931691819175,0.6111111111111112
XGBoost,20,model,0.0,9,low,10,0.00235729898531747,0.017125805746923926,0.48859489857040495,-0.025901422804250118,0.6
XGBoost,20,model,0.0,9,mid,23,0.0033781428095479783,0.019629768509229137,0.6108690187740261,-0.038064577218066,0.7391304347826086
XGBoost,20,model,0.0,10,high,16,0.00262988818016087,0.02333153648367194,0.4001098248806047,-0.06128821783222804,0.5625
XGBoost,20,model,0.0,10,low,11,0.011628367838273009,0.010843014554631896,3.8067468155743818,-0.014640596958534147,0.9090909090909091
XGBoost,20,model,0.0,10,mid,24,0.007214023995575154,0.02255475140423512,1.13533704939006,-0.040885860306644095,0.6666666666666666
XGBoost,20,model,0.0,11,high,18,0.004796229831338478,0.023268526685142114,0.731671894595699,-0.0713806804446645,0.6666666666666666
XGBoost,20,model,0.0,11,low,10,0.010643078136312741,0.010992590198634147,3.4367859578725817,-0.01265344664778112,0.8
XGBoost,20,model,0.0,11,mid,23,0.007693379455996083,0.019263136974660963,1.4176708619121499,-0.05109145652992053,0.6086956521739131
XGBoost,20,model,0.0,12,high,18,0.007158972553168794,0.02390388616001251,1.0630836970873052,-0.0653767921063022,0.7222222222222222
XGBoost,20,model,0.0,12,low,9,0.009335223644238345,0.01131838750212513,2.9276923693603414,-0.011066969353007106,0.7777777777777778
XGBoost,20,model,0.0,12,mid,24,0.004904794145571879,0.018321386368500763,0.9502715428163623,-0.05517450659448453,0.5833333333333334
XGBoost,20,model,0.0,13,high,17,0.011253112997809723,0.024409128257028595,1.636461087890943,-0.050991321833631864,0.6470588235294118
XGBoost,20,model,0.0,13,low,9,0.005870106883219979,0.013702806987692412,1.5206236512406677,-0.020626432391138594,0.6666666666666666
XGBoost,20,model,0.0,13,mid,25,0.002396001068669768,0.017568318031082993,0.48410781695423843,-0.07998311569571981,0.56
XGBoost,20,model,0.0,14,high,17,0.012797610254093107,0.023338873647493742,1.9464096967085363,-0.03857715813112361,0.6470588235294118
XGBoost,20,model,0.0,14,low,11,0.0016799401600790095,0.011605671650314082,0.5138173981128404,-0.029540273556231234,0.6363636363636364
XGBoost,20,model,0.0,14,mid,23,0.0031542139654019865,0.017857554336734353,0.6269810900331045,-0.08156329321766842,0.6521739130434783
XGBoost,20,model,0.0,15,high,18,0.011487805060493538,0.024085599794552808,1.6930308196670873,-0.05386301282129835,0.6666666666666666
XGBoost,20,model,0.0,15,low,11,0.0018015720684660173,0.015872965576190435,0.40288290329449994,-0.03686965498102479,0.5454545454545454
XGBoost,20,model,0.0,15,mid,22,0.0021859090164912808,0.01695362317713311,0.45767251065017683,-0.06666666666666676,0.6363636363636364
XGBoost,20,model,0.0,16,high,19,0.013555289700428633,0.024386228910573134,1.9731015150766795,-0.0276925773376564,0.631578947368421
XGBoost,20,model,0.0,16,low,11,0.00437478848456331,0.014923821739537586,1.040548386086416,-0.023590451225267373,0.6363636363636364
XGBoost,20,model,0.0,16,mid,21,0.0033848990942562237,0.015996033361551518,0.7511362090864925,-0.0572691961030527,0.7619047619047619
XGBoost,20,model,0.0,17,high,19,0.011848700432592032,0.023577658189094734,1.7838376446822044,-0.029654654654654777,0.631578947368421
XGBoost,20,model,0.0,17,low,11,0.0010159939215718906,0.014506418750320875,0.2486086139915383,-0.02391303603851913,0.5454545454545454
XGBoost,20,model,0.0,17,mid,21,0.005579775007898674,0.014762596824087365,1.3416498944662296,-0.0253327905218117,0.6666666666666666
XGBoost,20,model,0.0,18,high,20,0.012512407626103558,0.02454940684334005,1.8091940616017275,-0.027516019600452246,0.6
XGBoost,20,model,0.0,18,low,11,0.004905329928035118,0.014885693021096715,1.1697267910423683,-0.024420728776078926,0.6363636363636364
XGBoost,20,model,0.0,18,mid,19,0.0017662650930285104,0.015154131501491896,0.4137234208677078,-0.06284148626449582,0.47368421052631576
XGBoost,20,model,0.0,19,high,19,0.010477987628578734,0.01891230649536111,1.966611871234448,-0.023488150026268695,0.5789473684210527
XGBoost,20,model,0.0,19,low,12,0.0063994538560022,0.01393469729305302,1.6301615507319847,-0.014601975622403618,0.5833333333333334
XGBoost,20,model,0.0,19,mid,19,0.003782081561663362,0.019926696790704617,0.6737221878769577,-0.07309365610735441,0.5789473684210527
XGBoost,20,model,0.0005,0,high,20,0.01159780430418526,0.0178694606964077,2.3038256186252846,-0.021421251561168475,0.65
XGBoost,20,model,0.0005,0,low,12,-0.001995430315191209,0.01654561775559067,-0.4280937147468401,-0.03529574390115264,0.3333333333333333
XGBoost,20,model,0.0005,0,mid,19,0.006032061037197356,0.012758531106669774,1.6782255286706418,-0.011623306824871671,0.5263157894736842
XGBoost,20,model,0.0005,1,high,21,0.010978963112307954,0.016831828476177892,2.3153428090138433,-0.019789674952198633,0.6190476190476191
XGBoost,20,model,0.0005,1,low,12,0.004673173403722224,0.010119322428629153,1.6392520482475708,-0.01092704060329408,0.4166666666666667
XGBoost,20,model,0.0005,1,mid,18,0.008431246842395804,0.01685434299192873,1.775682232686506,-0.022059560814198798,0.5555555555555556
XGBoost,20,model,0.0005,2,high,22,0.00965441055145967,0.018556765512480995,1.8467527557909373,-0.02894941042419341,0.6363636363636364
XGBoost,20,model,0.0005,2,low,12,0.0007705300530426333,0.014279690821086682,0.1915384860718978,-0.02858800564436703,0.4166666666666667
XGBoost,20,model,0.0005,2,mid,17,0.007800077643464277,0.018500221630125633,1.4966052594082226,-0.026219600939901833,0.6470588235294118
XGBoost,20,model,0.0005,3,high,22,0.013362782099714627,0.02347020421367258,2.0209952407665916,-0.03178551686014308,0.6818181818181818
XGBoost,20,model,0.0005,3,low,12,0.003770321246600684,0.01085859604811924,1.2325085786758965,-0.014448911402739406,0.4166666666666667
XGBoost,20,model,0.0005,3,mid,17,0.005605774437781,0.013777056553044469,1.4443234093850386,-0.01984486753299075,0.5882352941176471
XGBoost,20,model,0.0005,4,high,22,0.01294271333649487,0.021610408028223456,2.1259235256036693,-0.02879932765058668,0.6363636363636364
XGBoost,20,model,0.0005,4,low,11,-0.0006050000324050818,0.015543380823142014,-0.1381640906008296,-0.03177980331670072,0.36363636363636365
XGBoost,20,model,0.0005,4,mid,18,0.00509302518616075,0.013738711186117166,1.3158764136089969,-0.024432104997475612,0.5555555555555556
XGBoost,20,model,0.0005,5,high,22,0.012638024866988838,0.019752129812658607,2.271174727678826,-0.026692593247303886,0.6363636363636364
XGBoost,20,model,0.0005,5,low,11,-0.00027882590090808133,0.01577410351767925,-0.06274421643745594,-0.03055233006493918,0.36363636363636365
XGBoost,20,model,0.0005,5,mid,18,0.004024084011102072,0.014625980486548206,0.9766238407936187,-0.019435165502580953,0.5
XGBoost,20,model,0.0005,6,high,22,0.008999345833264803,0.020706170182455887,1.5427531255512446,-0.03370607914421542,0.5454545454545454
XGBoost,20,model,0.0005,6,low,11,0.0036254665768312914,0.011032410002707552,1.1664839965645466,-0.017285883113852596,0.45454545454545453
XGBoost,20,model,0.0005,6,mid,18,0.0029855258699702392,0.017721400629038615,0.5980094782906566,-0.06340870359338047,0.4444444444444444
XGBoost,20,model,0.0005,7,high,20,0.011535425380455506,0.020961510481998732,1.9534230686678948,-0.024444052241440195,0.6
XGBoost,20,model,0.0005,7,low,11,0.004369975661434691,0.011010904772246257,1.4087738581709868,-0.0110827050257305,0.45454545454545453
XGBoost,20,model,0.0005,7,mid,20,0.0037846608394452945,0.014253110649976251,0.9425460600701266,-0.022951772225450084,0.55
XGBoost,20,model,0.0005,8,high,18,0.009940675616825417,0.022841087792243083,1.544843150605748,-0.036934852260591566,0.7222222222222222
XGBoost,20,model,0.0005,8,low,11,0.005008836969968463,0.013340995769297833,1.3327046787497183,-0.016336728810301904,0.5454545454545454
XGBoost,20,model,0.0005,8,mid,22,0.0034314522977721596,0.01693058143292511,0.7194346743239953,-0.028863789941114493,0.5454545454545454
XGBoost,20,model,0.0005,9,high,18,0.007573596471309234,0.02602013490493801,1.0331845195951854,-0.061953931691819175,0.6111111111111112
XGBoost,20,model,0.0005,9,low,10,0.00439796335934293,0.013956100580301648,1.1185947808550063,-0.019910305735040934,0.5
XGBoost,20,model,0.0005,9,mid,23,0.0032292111872926003,0.019016362628873604,0.60277366581642,-0.038064577218066,0.6521739130434783
XGBoost,20,model,0.0005,10,high,16,0.005127780842114751,0.020424584829061877,0.8911719134393976,-0.048018564798286256,0.5625
XGBoost,20,model,0.0005,10,low,11,0.006530660080318829,0.008614763261153997,2.690908959438621,-0.00019998000133347738,0.45454545454545453
XGBoost,20,model,0.0005,10,mid,24,0.007218190662241821,0.022550344913213047,1.1362147766287822,-0.040885860306644095,0.6666666666666666
XGBoost,20,model,0.0005,11,high,18,0.0037318042690377053,0.023014506001746357,0.5755757292082708,-0.0713806804446645,0.6111111111111112
XGBoost,20,model,0.0005,11,low,10,0.00726223724739281,0.00901425115050674,2.859736715253937,-0.004396440334150431,0.5
XGBoost,20,model,0.0005,11,mid,23,0.0076890316299091195,0.019266595536794384,1.416615337892354,-0.05109145652992064,0.6086956521739131
XGBoost,20,model,0.0005,12,high,18,0.006513016092157444,0.023935979076528845,0.9658645516012766,-0.0653767921063022,0.6666666666666666
XGBoost,20,model,0.0005,12,low,9,0.007938288495560476,0.010275379398999236,2.7422957103990684,-0.007836687306501222,0.5555555555555556
XGBoost,20,model,0.0005,12,mid,24,0.005294508800761571,0.018102953378158353,1.0381533606141908,-0.054233047648375665,0.5833333333333334
XGBoost,20,model,0.0005,13,high,17,0.011253112997809723,0.024409128257028595,1.636461087890943,-0.050991321833631864,0.6470588235294118
XGBoost,20,model,0.0005,13,low,9,0.004632428201658,0.008834847751540241,1.8612079529527754,-0.008900564381455145,0.4444444444444444
XGBoost,20,model,0.0005,13,mid,25,0.003919490356728008,0.016107180874885867,0.8637644727382541,-0.05408698912635934,0.56
XGBoost,20,model,0.0005,14,high,17,0.012797610254093107,0.023338873647493742,1.9464096967085363,-0.03857715813112361,0.6470588235294118
XGBoost,20,model,0.0005,14,low,11,0.002737119790750137,0.00955803736087822,1.0165069530440218,-0.020421860019175786,0.5454545454545454
XGBoost,20,model,0.0005,14,mid,23,0.005969473579376313,0.014021945744012535,1.5111689605749172,-0.02739842870841047,0.6521739130434783
XGBoost,20,model,0.0005,15,high,18,0.010680113698086444,0.024220670176753785,1.5652185741193116,-0.05386301282129835,0.6111111111111112
XGBoost,20,model,0.0005,15,low,11,0.005508155514712809,0.011587860252854323,1.6872841113906782,-0.008519701810436486,0.5454545454545454
XGBoost,20,model,0.0005,15,mid,22,0.004597749654210554,0.013810725231875874,1.1817186999382674,-0.03078428558753099,0.6363636363636364
XGBoost,20,model,0.0005,16,high,19,0.011818357798254242,0.024100096563999814,1.7406987757252081,-0.0276925773376564,0.5789473684210527
XGBoost,20,model,0.0005,16,low,11,0.004126437819461635,0.010684843183391874,1.3708578558015867,-0.014419819994193284,0.5454545454545454
XGBoost,20,model,0.0005,16,mid,21,0.005337529263163151,0.01260868845622682,1.5026423600739045,-0.024447527441915695,0.7142857142857143
XGBoost,20,model,0.0005,17,high,19,0.01185396359048677,0.023577476708489694,1.7846437567772273,-0.029654654654654777,0.631578947368421
XGBoost,20,model,0.0005,17,low,11,0.0025187687489783904,0.012637514192199759,0.7074763271086166,-0.018627383627841554,0.45454545454545453
XGBoost,20,model,0.0005,17,mid,21,0.0063952624212377475,0.009688717340602091,2.343027341256927,-0.0038064730594443708,0.5714285714285714
XGBoost,20,model,0.0005,18,high,20,0.013897491437207385,0.02286932452287484,2.157090421587856,-0.021407945832918163,0.6
XGBoost,20,model,0.0005,18,low,11,0.0033082777240763,0.01433482890573817,0.819209008589646,-0.024420728776078926,0.5454545454545454
XGBoost,20,model,0.0005,18,mid,19,0.002813569606997479,0.014240731761376576,0.7013109669875126,-0.04410198810846411,0.47368421052631576
XGBoost,20,model,0.0005,19,high,19,0.010472724470683996,0.01890935951946611,1.9659303674840345,-0.02358579632886948,0.5789473684210527
XGBoost,20,model,0.0005,19,low,12,0.005728919178491275,0.013594480854573774,1.4958751258006697,-0.00800101400112796,0.4166666666666667
XGBoost,20,model,0.0005,19,mid,19,0.00846205466085888,0.01446195323694528,2.0769887586705593,-0.008112989562449546,0.5789473684210527
XGBoost,20,model,0.001,0,high,20,0.011452382948098947,0.01795637610388034,2.263927114321969,-0.021421251561168475,0.6
XGBoost,20,model,0.001,0,low,12,0.0026844572715471666,0.012860109145042391,0.7409640095745517,-0.019319460409959688,0.3333333333333333
XGBoost,20,model,0.001,0,mid,19,0.005559186925977662,0.012813988203903821,1.5399698919605,-0.011623306824871782,0.47368421052631576
XGBoost,20,model,0.001,1,high,21,0.010662178139315146,0.01698124156248924,2.2287521074953434,-0.019887691083815273,0.5714285714285714
XGBoost,20,model,0.001,1,low,12,0.004664840070388892,0.010106500291704993,1.6384049019108038,-0.01092704060329408,0.4166666666666667
XGBoost,20,model,0.001,1,mid,18,0.007382494643851946,0.015034888860125953,1.7429630927501707,-0.014290504822041306,0.4444444444444444
XGBoost,20,model,0.001,2,high,22,0.009658956006005123,0.018554274485480415,1.8478702920243864,-0.02894941042419341,0.6363636363636364
XGBoost,20,model,0.001,2,low,12,0.0004496980329565167,0.014248603421262163,0.11202990339265319,-0.02858800564436703,0.3333333333333333
XGBoost,20,model,0.001,2,mid,17,0.008840920490978873,0.01679076170658614,1.8690131595455353,-0.014535149465215724,0.5882352941176471
XGBoost,20,model,0.001,3,high,22,0.013367327554260082,0.02346748225533729,2.0219171900260218,-0.03178551686014308,0.6818181818181818
XGBoost,20,model,0.001,3,low,12,0.004402128316587417,0.010352375235539791,1.5094125788813848,-0.014448911402739406,0.4166666666666667
XGBoost,20,model,0.001,3,mid,17,0.007092961782804311,0.011955625754100009,2.105913751498437,-0.012144175653357014,0.5882352941176471
XGBoost,20,model,0.001,4,high,22,0.01102330621857643,0.021436115046723533,1.8253706584562555,-0.023657516989534777,0.5454545454545454
XGBoost,20,model,0.001,4,low,11,0.0011651627970612358,0.014766291222854387,0.28009183742949206,-0.03177980331670072,0.36363636363636365
XGBoost,20,model,0.001,4,mid,18,0.005682861074797672,0.011601683533590116,1.7387265951928899,-0.015729682493446306,0.5
XGBoost,20,model,0.001,5,high,22,0.012642570321534291,0.019749070159352535,2.2723435812057393,-0.026692593247303886,0.6363636363636364
XGBoost,20,model,0.001,5,low,11,0.003153025877100045,0.011709005864531895,0.9558566899486601,-0.014937691065209258,0.36363636363636365
XGBoost,20,model,0.001,5,mid,18,0.004357140094804672,0.013329855137103845,1.1602761543261855,-0.01751852921359076,0.4444444444444444
XGBoost,20,model,0.001,6,high,22,0.009003891287810258,0.020705148478405926,1.5436085166719484,-0.03370607914421542,0.5454545454545454
XGBoost,20,model,0.001,6,low,11,0.005675937440012537,0.00868327968070282,2.3202729825888873,-9.999500016677487e-05,0.45454545454545453
XGBoost,20,model,0.001,6,mid,18,0.003412745877563773,0.014913094321774564,0.812309362046968,-0.03385840824160957,0.3888888888888889
XGBoost,20,model,0.001,7,high,20,0.01063786371387532,0.02050899805422841,1.8411757693853221,-0.024444052241440195,0.55
XGBoost,20,model,0.001,7,low,11,0.0050750099139626,0.00865199298301984,2.082121213686755,-9.999500016666385e-05,0.36363636363636365
XGBoost,20,model,0.001,7,mid,20,0.0028015158746819598,0.011278229370009302,0.8817336951301024,-0.019230769230769496,0.45
XGBoost,20,model,0.001,8,high,18,0.008198764239652897,0.02229709621552002,1.305224937698804,-0.036934852260591566,0.6666666666666666
XGBoost,20,model,0.001,8,low,11,0.005465892842821445,0.009131857905121445,2.1246492321701185,-9.999500016666385e-05,0.36363636363636365
XGBoost,20,model,0.001,8,mid,22,0.0030954029636723447,0.014040801940931437,0.7825472207770678,-0.022428066356424248,0.45454545454545453
XGBoost,20,model,0.001,9,high,18,0.007573596471309234,0.02602013490493801,1.0331845195951854,-0.061953931691819175,0.6111111111111112
XGBoost,20,model,0.001,9,low,10,0.0065849753762457705,0.009646426439435038,2.4231091134240588,-9.999500016677487e-05,0.4
XGBoost,20,model,0.001,9,mid,23,0.0015956407502612081,0.018246124873143515,0.31042003875370455,-0.048217728229678736,0.5217391304347826
XGBoost,20,model,0.001,10,high,16,0.005127780842114751,0.020424584829061877,0.8911719134393976,-0.048018564798286256,0.5625
XGBoost,20,model,0.001,10,low,11,0.0065215691712279195,0.008592684126923236,2.6940678575928683,-9.999500016677487e-05,0.45454545454545453
XGBoost,20,model,0.001,10,mid,24,0.005345550979755642,0.022498269211762265,0.8433903723845672,-0.03615544662849646,0.4583333333333333
XGBoost,20,model,0.001,11,high,18,0.001779882904039494,0.02166152300034182,0.29166728298947,-0.07138068044466439,0.5555555555555556
XGBoost,20,model,0.001,11,low,10,0.00435148124911641,0.00840081661083549,1.8386576998643247,-0.004495995712265111,0.3
XGBoost,20,model,0.001,11,mid,23,0.0062515411147545654,0.019361964759335347,1.1461011254361497,-0.05147094404474595,0.43478260869565216
XGBoost,20,model,0.001,12,high,18,0.006513016092157444,0.023935979076528845,0.9658645516012766,-0.0653767921063022,0.6666666666666666
XGBoost,20,model,0.001,12,low,9,0.003595982584432611,0.007929199549629418,1.609805862620851,-0.00813429165742452,0.3333333333333333
XGBoost,20,model,0.001,12,mid,24,0.0053218009412717366,0.015958764803575214,1.1837081132225802,-0.021989106314303064,0.4583333333333333
XGBoost,20,model,0.001,13,high,17,0.011253112997809723,0.024409128257028595,1.636461087890943,-0.050991321833631864,0.6470588235294118
XGBoost,20,model,0.001,13,low,9,0.0011049524559402666,0.00552759239288563,0.7095660918436758,-0.008801449482230828,0.2222222222222222
XGBoost,20,model,0.001,13,mid,25,0.005517077025553489,0.013268311771084016,1.475973812605719,-0.021286875811203698,0.48
XGBoost,20,model,0.001,14,high,17,0.012797610254093107,0.023338873647493742,1.9464096967085363,-0.03857715813112361,0.6470588235294118
XGBoost,20,model,0.001,14,low,11,0.0013521327526350548,0.00819844366960664,0.5854275931603653,-0.01333027321969349,0.36363636363636365
XGBoost,20,model,0.001,14,mid,23,0.006413034510037705,0.012192069772016523,1.86711647108032,-0.012755618546264058,0.5652173913043478
XGBoost,20,model,0.001,15,high,18,0.010680113698086444,0.024220670176753785,1.5652185741193116,-0.05386301282129835,0.6111111111111112
XGBoost,20,model,0.001,15,low,11,0.004341183638664281,0.011688630276781662,1.3183472221090424,-0.008618844883019339,0.36363636363636365
XGBoost,20,model,0.001,15,mid,22,0.005455455802823904,0.011018876750346466,1.7574338572213453,-0.006314931757996023,0.5
XGBoost,20,model,0.001,16,high,19,0.011287873527946435,0.02425096313847419,1.6522220579418407,-0.0276925773376564,0.5263157894736842
XGBoost,20,model,0.001,16,low,11,0.004232079441028327,0.010602469698299801,1.4168766523645429,-0.014419819994193284,0.45454545454545453
XGBoost,20,model,0.001,16,mid,21,0.006397838472706045,0.010386668581636359,2.186463689281405,-0.007621951219511369,0.6190476190476191
XGBoost,20,model,0.001,17,high,19,0.011744745429856878,0.021845961425125845,1.9083486318522864,-0.02575488454706898,0.5263157894736842
XGBoost,20,model,0.001,17,low,11,0.0007556714883222546,0.010659108851220293,0.2516502764234147,-0.018627383627841665,0.36363636363636365
XGBoost,20,model,0.001,17,mid,21,0.0064000243259996524,0.00968218473099033,2.346353983840144,-0.0038064730594443708,0.5714285714285714
XGBoost,20,model,0.001,18,high,20,0.01299797558547847,0.02305776388439972,2.000984856155062,-0.021407945832918163,0.55
XGBoost,20,model,0.001,18,low,11,0.003704224935798937,0.013998230886481885,0.939311135776297,-0.0172427982629495,0.45454545454545453
XGBoost,20,model,0.001,18,mid,19,0.005907452028349647,0.010615380998340073,1.9753765326001094,-0.007495059660818315,0.42105263157894735
XGBoost,20,model,0.001,19,high,19,0.011872160209586948,0.017447746753125503,2.4153255314211344,-0.012219051016767679,0.5789473684210527
XGBoost,20,model,0.001,19,low,12,0.0036350682982977584,0.012204376497981333,1.0572610935086832,-0.00800101400112796,0.3333333333333333
XGBoost,20,model,0.001,19,mid,19,0.007380818116606969,0.014023363761141605,1.8682611213462175,-0.009566437363423441,0.47368421052631576
