model,H,strategy,tau,phase,use_non_overlapping,is_baseline,n_obs,mean_log_ret,std_log_ret,sharpe_ann,max_drawdown,hit_rate,turnover,tc_bps,allow_short
ElasticNet,1,model,0.0,0,True,False,1018,0.00020988078505969373,0.004648807666864156,0.7166900444563088,-0.14605850813254173,0.5108055009823183,0.8939096267190569,1.0,True
ElasticNet,1,model,0.0005,0,True,False,1018,0.00027874324771123073,0.0029957210464986164,1.4770774080137263,-0.09090531916071887,0.18467583497053044,0.4292730844793713,1.0,True
ElasticNet,1,model,0.001,0,True,False,1018,0.00011525857954814821,0.0018756352556224903,0.9754952207370922,-0.03149602303435106,0.05795677799607073,0.13555992141453832,1.0,True
ElasticNet,5,model,0.0,0,True,False,204,0.00020530851157641057,0.010312683754559746,0.14133526017590897,-0.1517966695880797,0.4852941176470588,0.0,1.0,True
ElasticNet,5,model,0.0,1,True,False,204,0.00016952418241030398,0.010355163873421393,0.11622242976317732,-0.14862851634387841,0.5196078431372549,0.0,1.0,True
ElasticNet,5,model,0.0,2,True,False,204,0.0001809713000740536,0.009636187071063554,0.1333275049718845,-0.14436992587363218,0.5196078431372549,0.0,1.0,True
ElasticNet,5,model,0.0,3,True,False,203,0.00019314629362148162,0.009863994649886009,0.1390108883996049,-0.14212343929868032,0.5517241379310345,0.0,1.0,True
ElasticNet,5,model,0.0,4,True,False,203,0.00020371575736296483,0.009941658465634827,0.14547255001364462,-0.14720677786603031,0.5024630541871922,0.0,1.0,True
ElasticNet,5,model,0.0005,0,True,False,204,0.0,0.0,,0.0,0.0,0.0,1.0,True
ElasticNet,5,model,0.0005,1,True,False,204,0.0,0.0,,0.0,0.0,0.0,1.0,True
ElasticNet,5,model,0.0005,2,True,False,204,0.0,0.0,,0.0,0.0,0.0,1.0,True
ElasticNet,5,model,0.0005,3,True,False,203,0.0,0.0,,0.0,0.0,0.0,1.0,True
ElasticNet,5,model,0.0005,4,True,False,203,0.0,0.0,,0.0,0.0,0.0,1.0,True
ElasticNet,5,model,0.001,0,True,False,204,0.0,0.0,,0.0,0.0,0.0,1.0,True
ElasticNet,5,model,0.001,1,True,False,204,0.0,0.0,,0.0,0.0,0.0,1.0,True
ElasticNet,5,model,0.001,2,True,False,204,0.0,0.0,,0.0,0.0,0.0,1.0,True
ElasticNet,5,model,0.001,3,True,False,203,0.0,0.0,,0.0,0.0,0.0,1.0,True
ElasticNet,5,model,0.001,4,True,False,203,0.0,0.0,,0.0,0.0,0.0,1.0,True
ElasticNet,10,model,0.0,0,True,False,102,0.00041061702315281506,0.014748605126920297,0.1397610878574445,-0.13620135665833644,0.5294117647058824,0.0,1.0,True
ElasticNet,10,model,0.0,1,True,False,102,0.0003390483648206098,0.01469328380979449,0.1158358679703937,-0.13332738785338405,0.4803921568627451,0.0,1.0,True
ElasticNet,10,model,0.0,2,True,False,102,0.00036194260014810154,0.01399214086874584,0.129854140957144,-0.14179500796601174,0.5098039215686274,0.0,1.0,True
ElasticNet,10,model,0.0,3,True,False,102,0.00035687367934967,0.014882543782420168,0.12037536582423679,-0.13840432126095836,0.5392156862745098,0.0,1.0,True
ElasticNet,10,model,0.0,4,True,False,102,0.0003288331021133238,0.014698037105395545,0.11230949138307213,-0.1463026769149206,0.47058823529411764,0.0,1.0,True
ElasticNet,10,model,0.0,5,True,False,102,0.0003388258166301765,0.01410775132802451,0.12056436641427344,-0.15100788781770336,0.4803921568627451,0.0,1.0,True
ElasticNet,10,model,0.0,6,True,False,102,0.000283871670563309,0.013284865532402714,0.10726675953767756,-0.14862851634387864,0.5,0.0,1.0,True
ElasticNet,10,model,0.0,7,True,False,102,0.0002936335410581412,0.0125843985616958,0.11713143622172137,-0.1404871161313096,0.5196078431372549,0.0,1.0,True
ElasticNet,10,model,0.0,8,True,False,101,0.00040264989197478525,0.01341851649298964,0.1506341194182977,-0.13777144891420368,0.5445544554455446,0.0,1.0,True
ElasticNet,10,model,0.0,9,True,False,101,0.0003981289677396415,0.014206332834970362,0.14068314317953012,-0.1455299620510111,0.5346534653465347,0.0,1.0,True
ElasticNet,10,model,0.0005,0,True,False,102,0.00015666354289819217,0.0018638082029098324,0.42195583350310495,-0.004651485562019331,0.0196078431372549,0.0196078431372549,1.0,True
ElasticNet,10,model,0.0005,1,True,False,102,0.00011036829323820097,0.0019352558697564208,0.2862900165056197,-0.005896258295002621,0.00980392156862745,0.0196078431372549,1.0,True
ElasticNet,10,model,0.0005,2,True,False,102,6.075202300856765e-05,0.0022598820217157173,0.13495073289823536,-0.014525884610271711,0.0196078431372549,0.0196078431372549,1.0,True
ElasticNet,10,model,0.0005,3,True,False,102,0.00013617415717845198,0.0009610144074658868,0.7113200784904357,-9.999500016677487e-05,0.029411764705882353,0.0196078431372549,1.0,True
ElasticNet,10,model,0.0005,4,True,False,102,-0.0002041106588503441,0.0012585552651847246,-0.8141298231725321,-0.02060406204212184,0.0,0.0196078431372549,1.0,True
ElasticNet,10,model,0.0005,5,True,False,102,-0.0003500448685649294,0.002107331281793299,-0.8338562186741477,-0.03507468709681638,0.0,0.0196078431372549,1.0,True
ElasticNet,10,model,0.0005,6,True,False,102,-1.8043043295501952e-05,0.004530792744561151,-0.019991061962158652,-0.03926880599262372,0.00980392156862745,0.0196078431372549,1.0,True
ElasticNet,10,model,0.0005,7,True,False,102,1.6146794635509188e-06,0.004209127381538473,0.0019257261285232368,-0.0320417353646153,0.0196078431372549,0.0196078431372549,1.0,True
ElasticNet,10,model,0.0005,8,True,False,101,-0.0001409915648244821,0.0035090007651583125,-0.20170187628068537,-0.03703115396019996,0.019801980198019802,0.019801980198019802,1.0,True
ElasticNet,10,model,0.0005,9,True,False,101,8.69232173036565e-05,0.003288230964939373,0.13270086329908154,-0.022690622595256338,0.019801980198019802,0.019801980198019802,1.0,True
ElasticNet,10,model,0.001,0,True,False,102,0.0,0.0,,0.0,0.0,0.0,1.0,True
ElasticNet,10,model,0.001,1,True,False,102,0.0,0.0,,0.0,0.0,0.0,1.0,True
ElasticNet,10,model,0.001,2,True,False,102,0.0,0.0,,0.0,0.0,0.0,1.0,True
ElasticNet,10,model,0.001,3,True,False,102,0.0,0.0,,0.0,0.0,0.0,1.0,True
ElasticNet,10,model,0.001,4,True,False,102,0.0,0.0,,0.0,0.0,0.0,1.0,True
ElasticNet,10,model,0.001,5,True,False,102,0.0,0.0,,0.0,0.0,0.0,1.0,True
ElasticNet,10,model,0.001,6,True,False,102,0.0,0.0,,0.0,0.0,0.0,1.0,True
ElasticNet,10,model,0.001,7,True,False,102,0.0,0.0,,0.0,0.0,0.0,1.0,True
ElasticNet,10,model,0.001,8,True,False,101,0.0,0.0,,0.0,0.0,0.0,1.0,True
ElasticNet,10,model,0.001,9,True,False,101,0.0,0.0,,0.0,0.0,0.0,1.0,True
ElasticNet,20,model,0.0,0,True,False,51,0.0008212340463056352,0.01921295578697323,0.15172531053767419,-0.1250111856823265,0.5098039215686274,0.0,1.0,True
ElasticNet,20,model,0.0,1,True,False,51,0.0006780967296412174,0.01934300626127201,0.12443797925811854,-0.12513455328309964,0.49019607843137253,0.0,1.0,True
ElasticNet,20,model,0.0,2,True,False,51,0.00072388520029621,0.01964591455355562,0.1307924633515932,-0.12393354288280167,0.49019607843137253,0.0,1.0,True
ElasticNet,20,model,0.0,3,True,False,51,0.0007137473586993488,0.021563749388335645,0.1174912463412156,-0.13840432126095847,0.5294117647058824,0.0,1.0,True
ElasticNet,20,model,0.0,4,True,False,51,0.000657666204226642,0.020370612685678094,0.11460055114361674,-0.14327511304193552,0.5294117647058824,0.0,1.0,True
ElasticNet,20,model,0.0,5,True,False,51,0.0006776516332603551,0.019853463921553783,0.12115894163426967,-0.14380413646809198,0.5294117647058824,0.0,1.0,True
ElasticNet,20,model,0.0,6,True,False,51,0.0005677433411266255,0.02002499986716618,0.10063864942948371,-0.141936053700759,0.49019607843137253,0.0,1.0,True
ElasticNet,20,model,0.0,7,True,False,51,0.0005872670821162963,0.019647840034329584,0.10609773610893526,-0.14048711613130915,0.47058823529411764,0.0,1.0,True
ElasticNet,20,model,0.0,8,True,False,51,0.0007423540544697727,0.01995362766433436,0.13206097319538698,-0.1377714489142038,0.5294117647058824,0.0,1.0,True
ElasticNet,20,model,0.0,9,True,False,51,0.0006569271905947163,0.021919050464175246,0.10638509211695632,-0.14552996205101076,0.49019607843137253,0.0,1.0,True
ElasticNet,20,model,0.0,10,True,False,51,0.0008250633149123219,0.021884742110271967,0.13382310943035228,-0.13620135665833555,0.47058823529411764,0.0,1.0,True
ElasticNet,20,model,0.0,11,True,False,51,0.0007665279566917122,0.02070782852527681,0.131394961346983,-0.13332738785338427,0.5490196078431373,0.0,1.0,True
ElasticNet,20,model,0.0,12,True,False,51,0.000719616351973406,0.020396924402545143,0.12523381469119535,-0.14179500796601185,0.5490196078431373,0.0,1.0,True
ElasticNet,20,model,0.0,13,True,False,51,0.0007239720977010475,0.020541142137835332,0.12510726020969193,-0.13642806520198414,0.5490196078431373,0.0,1.0,True
ElasticNet,20,model,0.0,14,True,False,51,0.0007254827745138388,0.02007969765575819,0.12824936058907835,-0.13843979150101515,0.5098039215686274,0.0,1.0,True
ElasticNet,20,model,0.0,15,True,False,51,0.0006057653061122645,0.020479341730632344,0.10499622286492102,-0.14496056091148124,0.47058823529411764,0.0,1.0,True
ElasticNet,20,model,0.0,16,True,False,51,0.000609826582667235,0.021006610459633434,0.10304706865052171,-0.14424677942336295,0.49019607843137253,0.0,1.0,True
ElasticNet,20,model,0.0,17,True,False,51,0.0005904915915718351,0.019935254640386237,0.10514223459913927,-0.13214920071047975,0.45098039215686275,0.0,1.0,True
ElasticNet,20,model,0.0,18,True,False,50,0.0007737632496663004,0.020852458900539883,0.1317152612099212,-0.13184855233852977,0.54,0.0,1.0,True
ElasticNet,20,model,0.0,19,True,False,50,0.0008562253285756877,0.019487229547254115,0.15596359689450723,-0.1278094898323222,0.5,0.0,1.0,True
ElasticNet,20,model,0.0005,0,True,False,51,0.00026102659692302325,0.01868059868513465,0.04959972211607283,-0.10666651902296787,0.43137254901960786,0.0392156862745098,1.0,True
ElasticNet,20,model,0.0005,1,True,False,51,0.0001724679606384998,0.018669280401776296,0.032791865349093015,-0.1086287899454298,0.39215686274509803,0.0392156862745098,1.0,True
ElasticNet,20,model,0.0005,2,True,False,51,0.00016435314447729992,0.01914865429105558,0.03046667302731082,-0.10677994164945326,0.4117647058823529,0.0392156862745098,1.0,True
ElasticNet,20,model,0.0005,3,True,False,51,3.9695491726281965e-05,0.02108344597394913,0.006683206237886171,-0.12334986721833452,0.4117647058823529,0.0392156862745098,1.0,True
ElasticNet,20,model,0.0005,4,True,False,51,8.519164249446475e-05,0.019357409394135855,0.015621942283348164,-0.12022274584463588,0.4117647058823529,0.0392156862745098,1.0,True
ElasticNet,20,model,0.0005,5,True,False,51,7.112868810812532e-05,0.018893389522245695,0.013363499224511655,-0.12091167140415915,0.37254901960784315,0.0392156862745098,1.0,True
ElasticNet,20,model,0.0005,6,True,False,51,0.0005595723804669526,0.019424426458585973,0.10225706857248815,-0.11464427220249651,0.37254901960784315,0.0392156862745098,1.0,True
ElasticNet,20,model,0.0005,7,True,False,51,0.0009163787537705822,0.018999527610842587,0.1712054087834367,-0.1096893752206134,0.37254901960784315,0.0392156862745098,1.0,True
ElasticNet,20,model,0.0005,8,True,False,51,0.0010176631728089375,0.018418797835538608,0.19612278422569193,-0.10466358134567455,0.43137254901960786,0.0392156862745098,1.0,True
ElasticNet,20,model,0.0005,9,True,False,51,0.0008916048428015465,0.01990216904755106,0.1590220253604267,-0.1120818992145447,0.4117647058823529,0.0392156862745098,1.0,True
ElasticNet,20,model,0.0005,10,True,False,51,0.000707758867497423,0.019605766353757385,0.1281406047106706,-0.10103534451981411,0.39215686274509803,0.0392156862745098,1.0,True
ElasticNet,20,model,0.0005,11,True,False,51,0.0007418022682335552,0.018731327267839937,0.14057395952999296,-0.10059752073486139,0.43137254901960786,0.0392156862745098,1.0,True
ElasticNet,20,model,0.0005,12,True,False,51,0.0005680637198077155,0.019088691911689423,0.10563459153140123,-0.11072756240042492,0.43137254901960786,0.0392156862745098,1.0,True
ElasticNet,20,model,0.0005,13,True,False,51,0.000310031773599741,0.018943162637162336,0.05809503121660478,-0.1133062499957187,0.4117647058823529,0.0392156862745098,1.0,True
ElasticNet,20,model,0.0005,14,True,False,51,9.867555045280711e-05,0.018887495496393826,0.018544727517680815,-0.11979824632756031,0.39215686274509803,0.0392156862745098,1.0,True
ElasticNet,20,model,0.0005,15,True,False,51,0.00023427713599308205,0.01942130158838863,0.042819032130775356,-0.12182314197166277,0.35294117647058826,0.0392156862745098,1.0,True
ElasticNet,20,model,0.0005,16,True,False,51,5.1400879181018754e-05,0.019743123905764926,0.00924144639747443,-0.12917305672698798,0.37254901960784315,0.0392156862745098,1.0,True
ElasticNet,20,model,0.0005,17,True,False,51,0.00014660402702341898,0.018564516721234985,0.028031576585093285,-0.11749500446817551,0.35294117647058826,0.0392156862745098,1.0,True
ElasticNet,20,model,0.0005,18,True,False,50,5.9184765928558256e-05,0.019819042801085176,0.010600162702860344,-0.12454189317252873,0.4,0.04,1.0,True
ElasticNet,20,model,0.0005,19,True,False,50,0.000135995499328746,0.018845582056740168,0.025615347567901053,-0.11781922498587594,0.4,0.04,1.0,True
ElasticNet,20,model,0.001,0,True,False,51,0.0002972528863958902,0.002434246338750776,0.4334578050742086,-0.0020684782314865924,0.0196078431372549,0.0392156862745098,1.0,True
ElasticNet,20,model,0.001,1,True,False,51,0.00022073658647640002,0.0017967980800989475,0.43607412689517216,-0.0013701701267428978,0.0196078431372549,0.0392156862745098,1.0,True
ElasticNet,20,model,0.001,2,True,False,51,0.00026379671066002747,0.001578547172122468,0.5931944566543071,-9.999500016666385e-05,0.0392156862745098,0.0392156862745098,1.0,True
ElasticNet,20,model,0.001,3,True,False,51,0.0005632869981603863,0.0032942322518763416,0.6069609973616321,-9.99950001664418e-05,0.0392156862745098,0.0392156862745098,1.0,True
ElasticNet,20,model,0.001,4,True,False,51,0.00033138535710685495,0.005380593716828021,0.21861924331475494,-0.017032427038021658,0.0196078431372549,0.0392156862745098,1.0,True
ElasticNet,20,model,0.001,5,True,False,51,0.0003174226728809882,0.007218797519084853,0.15608398928746156,-0.026789919121604444,0.0196078431372549,0.0392156862745098,1.0,True
ElasticNet,20,model,0.001,6,True,False,51,-3.6086086591005884e-05,0.006254404092134293,-0.020480432430074726,-0.031716688322012576,0.0196078431372549,0.0392156862745098,1.0,True
ElasticNet,20,model,0.001,7,True,False,51,0.00015457328093239803,0.005800969149477409,0.09458431914749131,-0.024541602958598863,0.0196078431372549,0.0392156862745098,1.0,True
ElasticNet,20,model,0.001,8,True,False,51,-0.00027921858916220976,0.006267917761328163,-0.15812710185190262,-0.03703115396020018,0.0196078431372549,0.0392156862745098,1.0,True
ElasticNet,20,model,0.001,9,True,False,51,-0.0006338226751389257,0.01007649985055543,-0.22327666769644164,-0.062047731608575796,0.0196078431372549,0.0392156862745098,1.0,True
ElasticNet,20,model,0.001,10,True,False,51,-0.0005621122834975195,0.007525406941706018,-0.2651418966701945,-0.04811375818205821,0.0196078431372549,0.0392156862745098,1.0,True
ElasticNet,20,model,0.001,11,True,False,51,-0.0006937658783511116,0.0077738899627853835,-0.31678150630627877,-0.05119628527617737,0.0196078431372549,0.0392156862745098,1.0,True
ElasticNet,20,model,0.001,12,True,False,51,-0.000792246401272357,0.009098549590685264,-0.30908176326911546,-0.059396596465017826,0.0196078431372549,0.0392156862745098,1.0,True
ElasticNet,20,model,0.001,13,True,False,51,0.00026366497727807453,0.0018972790748227192,0.49329475951722784,-9.999500016677487e-05,0.0196078431372549,0.0392156862745098,1.0,True
ElasticNet,20,model,0.001,14,True,False,51,-0.000209405286679998,0.0014812361729594035,-0.5018207382256533,-0.010622844420436928,0.0,0.0392156862745098,1.0,True
ElasticNet,20,model,0.001,15,True,False,51,-0.0003699152014397588,0.0026274773772524424,-0.49974500948604383,-0.018688832255471577,0.0,0.0392156862745098,1.0,True
ElasticNet,20,model,0.001,16,True,False,51,0.00038517820142831757,0.00783398512287946,0.17452764598995044,-0.027789803218547404,0.0196078431372549,0.0392156862745098,1.0,True
ElasticNet,20,model,0.001,17,True,False,51,0.00017563868929453336,0.006188318571085431,0.10074715646223563,-0.025852304187551134,0.0196078431372549,0.0392156862745098,1.0,True
ElasticNet,20,model,0.001,18,True,False,50,0.00015942927328052405,0.003907999976977931,0.14481007769378987,-0.014886934940476104,0.02,0.04,1.0,True
ElasticNet,20,model,0.001,19,True,False,50,0.00021753849179179802,0.0037534876088534085,0.2057246818079,-0.012317824172925707,0.02,0.04,1.0,True
LSTM,1,model,0.0,0,True,False,1018,-5.6512643465416425e-05,0.004655874395961809,-0.192683549199738,-0.23097379588453515,0.4960707269155206,0.22986247544204322,1.0,True
LSTM,1,model,0.0005,0,True,False,1018,-5.012604213385604e-06,0.0033398952297631662,-0.023824886573498794,-0.1626310526197947,0.20530451866404714,0.14047151277013753,1.0,True
LSTM,1,model,0.001,0,True,False,1018,9.044518151358552e-06,0.002501348139329996,0.05739995656097854,-0.08195489663700273,0.08447937131630648,0.054027504911591355,1.0,True
LSTM,5,model,0.0,0,True,False,204,-0.00012704813804338658,0.010324787897488549,-0.08735795002337138,-0.16153779543506075,0.5049019607843137,0.39215686274509803,1.0,True
LSTM,5,model,0.0,1,True,False,204,-9.706613499332744e-05,0.010360993839800896,-0.06650917945555052,-0.2179225259683849,0.49019607843137253,0.47058823529411764,1.0,True
LSTM,5,model,0.0,2,True,False,204,6.837189042171376e-05,0.00964786350896151,0.05031085586322635,-0.17926752383720812,0.49019607843137253,0.35294117647058826,1.0,True
LSTM,5,model,0.0,3,True,False,203,0.00010415465812284643,0.009862716693238462,0.07497170847362905,-0.1480205033271651,0.5073891625615764,0.4236453201970443,1.0,True
LSTM,5,model,0.0,4,True,False,203,8.181522935640133e-05,0.009940596110576638,0.058430148730827365,-0.18827147902650143,0.5073891625615764,0.39408866995073893,1.0,True
LSTM,5,model,0.0005,0,True,False,204,-0.00039025370919683013,0.009874385316362689,-0.2805771100019571,-0.22048868839638336,0.4264705882352941,0.4362745098039216,1.0,True
LSTM,5,model,0.0005,1,True,False,204,-0.00030136397393358495,0.009240505758367296,-0.23153191310057397,-0.22404196611049465,0.4362745098039216,0.47058823529411764,1.0,True
LSTM,5,model,0.0005,2,True,False,204,-9.68796107307119e-05,0.008950289711389668,-0.07684410559928596,-0.19174207934311704,0.4264705882352941,0.3431372549019608,1.0,True
LSTM,5,model,0.0005,3,True,False,203,6.302643899243008e-05,0.009449815956214464,0.047349422666205586,-0.1572380244684286,0.4433497536945813,0.39901477832512317,1.0,True
LSTM,5,model,0.0005,4,True,False,203,6.494087897146638e-05,0.009667099320898306,0.047691090172117145,-0.16756461966128666,0.4482758620689655,0.3793103448275862,1.0,True
LSTM,5,model,0.001,0,True,False,204,1.8470250131428852e-06,0.00915437138460832,0.0014323841863142575,-0.17678233366065166,0.38235294117647056,0.39705882352941174,1.0,True
LSTM,5,model,0.001,1,True,False,204,-0.0001407558037416265,0.00891438188331757,-0.11209605903397107,-0.19135204167003195,0.39215686274509803,0.4068627450980392,1.0,True
LSTM,5,model,0.001,2,True,False,204,-3.594275662809848e-05,0.008405341070043773,-0.030357870891526705,-0.18467178811376772,0.35294117647058826,0.39705882352941174,1.0,True
LSTM,5,model,0.001,3,True,False,203,0.00012233367947005734,0.008810397228946864,0.09857478010555108,-0.15026144871727531,0.39408866995073893,0.4088669950738916,1.0,True
LSTM,5,model,0.001,4,True,False,203,1.3337809965312219e-05,0.009213628935724692,0.01027706434939928,-0.1751723037310683,0.3842364532019704,0.35960591133004927,1.0,True
LSTM,10,model,0.0,0,True,False,102,0.004191029346904332,0.014109918244312434,1.4910646527662865,-0.06075196952604267,0.5392156862745098,0.6274509803921569,1.0,True
LSTM,10,model,0.0,1,True,False,102,0.0037838359850638644,0.01416286594436609,1.3411625845078854,-0.051202145818614486,0.5490196078431373,0.5882352941176471,1.0,True
LSTM,10,model,0.0,2,True,False,102,0.0026297442747417843,0.013721050013197464,0.9621137941631511,-0.0682604849068249,0.5588235294117647,0.6274509803921569,1.0,True
LSTM,10,model,0.0,3,True,False,102,-7.539286777949472e-05,0.014891117278759088,-0.025415768706696488,-0.20560383236233037,0.5196078431372549,0.5490196078431373,1.0,True
LSTM,10,model,0.0,4,True,False,102,0.0002890083541562728,0.014701090417901186,0.09868726620272475,-0.17882832587936126,0.45098039215686275,0.5882352941176471,1.0,True
LSTM,10,model,0.0,5,True,False,102,-0.0006409662188449585,0.014120088246460162,-0.22787569212283482,-0.23773331851546853,0.46078431372549017,0.5882352941176471,1.0,True
LSTM,10,model,0.0,6,True,False,102,-0.0004884459217303419,0.013298058240768393,-0.18438624817381852,-0.2190524489153649,0.4411764705882353,0.5882352941176471,1.0,True
LSTM,10,model,0.0,7,True,False,102,0.0012811140701898193,0.012522898708482104,0.5135505557825171,-0.13969397344370083,0.5098039215686274,0.5882352941176471,1.0,True
LSTM,10,model,0.0,8,True,False,101,0.0022218538594025537,0.013226251197995463,0.8432939679435308,-0.12814365724929622,0.5544554455445545,0.6732673267326733,1.0,True
LSTM,10,model,0.0,9,True,False,101,0.001294660584116402,0.014151465642872578,0.4592559326340883,-0.17680711652233794,0.5148514851485149,0.5148514851485149,1.0,True
LSTM,10,model,0.0005,0,True,False,102,0.0037539340271113913,0.013637294728569668,1.381842926434839,-0.06075196952604267,0.5,0.5294117647058824,1.0,True
LSTM,10,model,0.0005,1,True,False,102,0.0033731870274021016,0.014052059173993546,1.2050379433672336,-0.0512021458186146,0.49019607843137253,0.5490196078431373,1.0,True
LSTM,10,model,0.0005,2,True,False,102,0.0026547895357948675,0.013522133754637717,0.9855647002598498,-0.05272082851853499,0.5196078431372549,0.6078431372549019,1.0,True
LSTM,10,model,0.0005,3,True,False,102,7.706688810479901e-05,0.014857132755116154,0.02603952688965079,-0.19887988136183388,0.5098039215686274,0.6078431372549019,1.0,True
LSTM,10,model,0.0005,4,True,False,102,0.00028797738754692475,0.014482382296503565,0.09982024936507565,-0.16598440573429818,0.4215686274509804,0.5882352941176471,1.0,True
LSTM,10,model,0.0005,5,True,False,102,-0.0008242009346573256,0.013756864023541461,-0.3007557425935604,-0.24551110204017268,0.4215686274509804,0.5490196078431373,1.0,True
LSTM,10,model,0.0005,6,True,False,102,-0.00014457234118106247,0.013096355685968548,-0.055415980617372324,-0.2022949029926201,0.4411764705882353,0.5686274509803921,1.0,True
LSTM,10,model,0.0005,7,True,False,102,0.0013484440144085413,0.012279634919058474,0.5512488989996462,-0.13969397344370083,0.4803921568627451,0.5882352941176471,1.0,True
LSTM,10,model,0.0005,8,True,False,101,0.002368863154556424,0.012748106828491762,0.9328129124163871,-0.12281015026848274,0.5247524752475248,0.594059405940594,1.0,True
LSTM,10,model,0.0005,9,True,False,101,0.001064827618077411,0.013868372850299656,0.38543759075915535,-0.17551062216899194,0.48514851485148514,0.5148514851485149,1.0,True
LSTM,10,model,0.001,0,True,False,102,0.003171857308540755,0.01330397069156067,1.1968304567640475,-0.06711102196485097,0.45098039215686275,0.5686274509803921,1.0,True
LSTM,10,model,0.001,1,True,False,102,0.0035670337340185125,0.01379527463140221,1.2980073039322413,-0.0512021458186146,0.4803921568627451,0.5098039215686274,1.0,True
LSTM,10,model,0.001,2,True,False,102,0.0018021252284045788,0.012476569076401892,0.7250869043476776,-0.058661190132187846,0.49019607843137253,0.5882352941176471,1.0,True
LSTM,10,model,0.001,3,True,False,102,0.0002206484062058268,0.014348345566746938,0.07719678921814101,-0.1699672007896561,0.49019607843137253,0.5490196078431373,1.0,True
LSTM,10,model,0.001,4,True,False,102,0.00029353550524779823,0.014011410093494416,0.10516689839376472,-0.15158875602066968,0.39215686274509803,0.5686274509803921,1.0,True
LSTM,10,model,0.001,5,True,False,102,-0.0011113510346041843,0.013532332239947095,-0.4122672882753185,-0.26728907367227805,0.39215686274509803,0.5490196078431373,1.0,True
LSTM,10,model,0.001,6,True,False,102,0.0002669749395233207,0.012810918983215425,0.10461416247101339,-0.17159988748774957,0.4411764705882353,0.5686274509803921,1.0,True
LSTM,10,model,0.001,7,True,False,102,0.001233714659183933,0.012150119197166636,0.5097232657910118,-0.1368780680880355,0.46078431372549017,0.5882352941176471,1.0,True
LSTM,10,model,0.001,8,True,False,101,0.0021422946739362335,0.012127598156526474,0.886757111641961,-0.10252065468189042,0.49504950495049505,0.5346534653465347,1.0,True
LSTM,10,model,0.001,9,True,False,101,0.0010150796873625398,0.013515860842131392,0.3770133214965906,-0.167482054077416,0.46534653465346537,0.5544554455445545,1.0,True
LSTM,20,model,0.0,0,True,False,51,0.008854862698222677,0.016977166819860227,1.8514069425222057,-0.06754467085773219,0.7058823529411765,0.7058823529411765,1.0,True
LSTM,20,model,0.0,1,True,False,51,0.0057825018258983165,0.018427957298481085,1.1138426769879708,-0.09103075922027759,0.6078431372549019,0.7843137254901961,1.0,True
LSTM,20,model,0.0,2,True,False,51,0.005076712220750818,0.018952068295589035,0.950848236678915,-0.09990343206539765,0.6470588235294118,0.7843137254901961,1.0,True
LSTM,20,model,0.0,3,True,False,51,0.0018528597943140315,0.02148399314384545,0.30613488740196027,-0.1622501938687898,0.5490196078431373,0.5490196078431373,1.0,True
LSTM,20,model,0.0,4,True,False,51,0.0023327986378450212,0.020231616042176777,0.40929077036534234,-0.15638508999116874,0.5294117647058824,0.47058823529411764,1.0,True
LSTM,20,model,0.0,5,True,False,51,0.003567882685314045,0.019503990976804372,0.649340290861312,-0.11155072843959335,0.5686274509803921,0.5490196078431373,1.0,True
LSTM,20,model,0.0,6,True,False,51,0.003191805952426736,0.019738920232452942,0.5739821158712566,-0.13199217928804496,0.5294117647058824,0.5490196078431373,1.0,True
LSTM,20,model,0.0,7,True,False,51,0.003273893899583437,0.019356583691299226,0.6003730147911871,-0.1453844211900044,0.5098039215686274,0.5490196078431373,1.0,True
LSTM,20,model,0.0,8,True,False,51,0.0028570135364191333,0.019747511671389044,0.513552906435495,-0.15903953650917424,0.5098039215686274,0.5098039215686274,1.0,True
LSTM,20,model,0.0,9,True,False,51,0.003286294442119366,0.02165873169750475,0.5385905430254222,-0.12634502617332943,0.5098039215686274,0.5098039215686274,1.0,True
LSTM,20,model,0.0,10,True,False,51,0.003509993720674208,0.0215791612439611,0.5773737724536941,-0.12799651416904012,0.5294117647058824,0.7058823529411765,1.0,True
LSTM,20,model,0.0,11,True,False,51,0.0034929598339609354,0.02040529691007685,0.6076254361190999,-0.1427644378333972,0.5686274509803921,0.6274509803921569,1.0,True
LSTM,20,model,0.0,12,True,False,51,0.002679080937706135,0.020213490689218024,0.4704676737889249,-0.16266453925312918,0.5686274509803921,0.5490196078431373,1.0,True
LSTM,20,model,0.0,13,True,False,51,0.0012955370166959016,0.020511933915883854,0.2241963254414537,-0.1983723657268428,0.49019607843137253,0.6274509803921569,1.0,True
LSTM,20,model,0.0,14,True,False,51,0.001538791378806992,0.02001913595117263,0.2728473173499213,-0.17602313576127837,0.5490196078431373,0.7058823529411765,1.0,True
LSTM,20,model,0.0,15,True,False,51,-0.0004040610940906093,0.020502549717153387,-0.0699559138604092,-0.21334337058719366,0.49019607843137253,0.7058823529411765,1.0,True
LSTM,20,model,0.0,16,True,False,51,-0.0010547019315063845,0.021006658602365866,-0.17822065543003476,-0.1635389727423452,0.49019607843137253,0.7058823529411765,1.0,True
LSTM,20,model,0.0,17,True,False,51,-0.001118831796755663,0.019928698124334534,-0.1992834092476743,-0.15988247207623885,0.45098039215686275,0.7843137254901961,1.0,True
LSTM,20,model,0.0,18,True,False,50,-0.0011315588133703315,0.020847724059813864,-0.1926654113406808,-0.20988613813358248,0.44,0.6,1.0,True
LSTM,20,model,0.0,19,True,False,50,-0.00037795761679232723,0.019509743606911774,-0.06876648285981889,-0.17926052657459535,0.42,0.68,1.0,True
LSTM,20,model,0.0005,0,True,False,51,0.008545975653127619,0.01699434775003756,1.7850172727535754,-0.06754467085773219,0.6862745098039216,0.6666666666666666,1.0,True
LSTM,20,model,0.0005,1,True,False,51,0.006224481274985991,0.01800322050200268,1.2272646827981821,-0.09103075922027759,0.6078431372549019,0.7450980392156863,1.0,True
LSTM,20,model,0.0005,2,True,False,51,0.005076712220750818,0.018952068295589035,0.950848236678915,-0.09990343206539765,0.6470588235294118,0.7843137254901961,1.0,True
LSTM,20,model,0.0005,3,True,False,51,0.001961404989579345,0.021344498631885686,0.32618695633318606,-0.1575997141398382,0.5294117647058824,0.5490196078431373,1.0,True
LSTM,20,model,0.0005,4,True,False,51,0.0023327986378450212,0.020231616042176777,0.40929077036534234,-0.15638508999116874,0.5294117647058824,0.47058823529411764,1.0,True
LSTM,20,model,0.0005,5,True,False,51,0.0036729411262053117,0.0194714737814417,0.6695768276760456,-0.11155072843959335,0.5686274509803921,0.5490196078431373,1.0,True
LSTM,20,model,0.0005,6,True,False,51,0.003191805952426736,0.019738920232452942,0.5739821158712566,-0.13199217928804496,0.5294117647058824,0.5490196078431373,1.0,True
LSTM,20,model,0.0005,7,True,False,51,0.003273893899583437,0.019356583691299226,0.6003730147911871,-0.1453844211900044,0.5098039215686274,0.5490196078431373,1.0,True
LSTM,20,model,0.0005,8,True,False,51,0.002942586484979853,0.019721171522942452,0.5296412455079361,-0.15903953650917424,0.5098039215686274,0.5098039215686274,1.0,True
LSTM,20,model,0.0005,9,True,False,51,0.003926959355101464,0.02136702561425083,0.652375448109395,-0.11624039449639456,0.5098039215686274,0.49019607843137253,1.0,True
LSTM,20,model,0.0005,10,True,False,51,0.0039739246603084435,0.021369031562362095,0.6601156989394151,-0.11782292258301341,0.5294117647058824,0.6666666666666666,1.0,True
LSTM,20,model,0.0005,11,True,False,51,0.0034929598339609354,0.02040529691007685,0.6076254361190999,-0.1427644378333972,0.5686274509803921,0.6274509803921569,1.0,True
LSTM,20,model,0.0005,12,True,False,51,0.0021944650792139393,0.019990536056375366,0.3896633022719351,-0.18245551958976736,0.5294117647058824,0.5490196078431373,1.0,True
LSTM,20,model,0.0005,13,True,False,51,0.0009403190789627567,0.020331767860594176,0.16416681709699127,-0.214165736022067,0.47058823529411764,0.5882352941176471,1.0,True
LSTM,20,model,0.0005,14,True,False,51,0.0018904592511416079,0.01955300771212913,0.34319347451128274,-0.17602313576127837,0.5294117647058824,0.6666666666666666,1.0,True
LSTM,20,model,0.0005,15,True,False,51,-0.0010698600577691607,0.01962583042140405,-0.19350144139463452,-0.22632061174230833,0.45098039215686275,0.6666666666666666,1.0,True
LSTM,20,model,0.0005,16,True,False,51,-0.0007172102629926968,0.020945205563486894,-0.12154781076542305,-0.14901712567976266,0.49019607843137253,0.7058823529411765,1.0,True
LSTM,20,model,0.0005,17,True,False,51,-0.0020359114313805277,0.01919998926656626,-0.37639441227226716,-0.16539936886438722,0.4117647058823529,0.7450980392156863,1.0,True
LSTM,20,model,0.0005,18,True,False,50,-0.0011315588133703315,0.020847724059813864,-0.1926654113406808,-0.20988613813358248,0.44,0.6,1.0,True
LSTM,20,model,0.0005,19,True,False,50,-0.0002367760708831874,0.019485166233298205,-0.04313392380548387,-0.17926052657459535,0.42,0.68,1.0,True
LSTM,20,model,0.001,0,True,False,51,0.008117710177409972,0.016763417741453575,1.7189223035423624,-0.06763791172852518,0.6470588235294118,0.6666666666666666,1.0,True
LSTM,20,model,0.001,1,True,False,51,0.005815021110774869,0.0179023415901667,1.1529931542804064,-0.09103075922027759,0.5882352941176471,0.7843137254901961,1.0,True
LSTM,20,model,0.001,2,True,False,51,0.004964624397582753,0.01896730035699854,0.9291078902027858,-0.09990343206539765,0.6274509803921569,0.7843137254901961,1.0,True
LSTM,20,model,0.001,3,True,False,51,0.0017557376670007745,0.021298298767054295,0.29261729013503857,-0.1671658513130505,0.5098039215686274,0.5490196078431373,1.0,True
LSTM,20,model,0.001,4,True,False,51,0.002201026215641325,0.020226395169903072,0.3862709075061634,-0.15638508999116874,0.5098039215686274,0.47058823529411764,1.0,True
LSTM,20,model,0.001,5,True,False,51,0.0033346779245502045,0.01937839744635102,0.6108313354764505,-0.11155072843959335,0.5490196078431373,0.5098039215686274,1.0,True
LSTM,20,model,0.001,6,True,False,51,0.003738896195861757,0.019240898424226348,0.6897684621918129,-0.10743233395950014,0.5294117647058824,0.5490196078431373,1.0,True
LSTM,20,model,0.001,7,True,False,51,0.002922044943633782,0.01925342979452999,0.5387211899643447,-0.16058312390353469,0.49019607843137253,0.5490196078431373,1.0,True
LSTM,20,model,0.001,8,True,False,51,0.0024986203533523227,0.018947684820546543,0.46809003310249836,-0.15903953650917424,0.49019607843137253,0.47058823529411764,1.0,True
LSTM,20,model,0.001,9,True,False,51,0.0037622670586417695,0.021105150155203468,0.632770823819926,-0.12363227604408134,0.49019607843137253,0.49019607843137253,1.0,True
LSTM,20,model,0.001,10,True,False,51,0.0039739246603084435,0.021369031562362095,0.6601156989394151,-0.11782292258301341,0.5294117647058824,0.6666666666666666,1.0,True
LSTM,20,model,0.001,11,True,False,51,0.0029849819893655195,0.020317573171693748,0.5215010114929883,-0.1557880475934278,0.5294117647058824,0.6274509803921569,1.0,True
LSTM,20,model,0.001,12,True,False,51,0.002493661166707384,0.01984100640316883,0.4461275234073404,-0.18245551958976736,0.5294117647058824,0.5490196078431373,1.0,True
LSTM,20,model,0.001,13,True,False,51,0.0009403190789627567,0.020331767860594176,0.16416681709699127,-0.214165736022067,0.47058823529411764,0.5882352941176471,1.0,True
LSTM,20,model,0.001,14,True,False,51,0.001731155577173525,0.019537821878112625,0.3145177975951266,-0.17602313576127837,0.5098039215686274,0.6666666666666666,1.0,True
LSTM,20,model,0.001,15,True,False,51,-0.0010659960626562153,0.01962341713565901,-0.1928262864172898,-0.22616813255660573,0.45098039215686275,0.6666666666666666,1.0,True
LSTM,20,model,0.001,16,True,False,51,-1.612431667452374e-05,0.020337026227324622,-0.0028143567155244323,-0.14901712567976277,0.49019607843137253,0.6666666666666666,1.0,True
LSTM,20,model,0.001,17,True,False,51,-0.0022971659848959724,0.01910390827021058,-0.426830480426633,-0.17644581807455528,0.37254901960784315,0.7450980392156863,1.0,True
LSTM,20,model,0.001,18,True,False,50,-0.0017621774624770156,0.020603891026761426,-0.3035887477696308,-0.20988613813358248,0.38,0.6,1.0,True
LSTM,20,model,0.001,19,True,False,50,-8.011219335632602e-05,0.019454962247683113,-0.01461684031440062,-0.172806269435695,0.42,0.68,1.0,True
Lasso,1,model,0.0,0,True,False,1018,0.00026870815705451494,0.00464659025856081,0.9180085859874346,-0.139848119069375,0.518664047151277,0.9332023575638507,1.0,True
Lasso,1,model,0.0005,0,True,False,1018,0.0001840265553630443,0.0027588763877485567,1.0588843391852245,-0.08915712740062087,0.13064833005893908,0.3113948919449902,1.0,True
Lasso,1,model,0.001,0,True,False,1018,8.850035343683404e-05,0.0015736952337703925,0.8927392843690085,-0.021362639854765275,0.026522593320235755,0.06483300589390963,1.0,True
Lasso,5,model,0.0,0,True,False,204,0.00020530851157641057,0.010312683754559746,0.14133526017590897,-0.1517966695880797,0.4852941176470588,0.0,1.0,True
Lasso,5,model,0.0,1,True,False,204,0.00016952418241030398,0.010355163873421393,0.11622242976317732,-0.14862851634387841,0.5196078431372549,0.0,1.0,True
Lasso,5,model,0.0,2,True,False,204,0.0001809713000740536,0.009636187071063554,0.1333275049718845,-0.14436992587363218,0.5196078431372549,0.0,1.0,True
Lasso,5,model,0.0,3,True,False,203,0.00019314629362148162,0.009863994649886009,0.1390108883996049,-0.14212343929868032,0.5517241379310345,0.0,1.0,True
Lasso,5,model,0.0,4,True,False,203,0.00020371575736296483,0.009941658465634827,0.14547255001364462,-0.14720677786603031,0.5024630541871922,0.0,1.0,True
Lasso,5,model,0.0005,0,True,False,204,0.0,0.0,,0.0,0.0,0.0,1.0,True
Lasso,5,model,0.0005,1,True,False,204,0.0,0.0,,0.0,0.0,0.0,1.0,True
Lasso,5,model,0.0005,2,True,False,204,0.0,0.0,,0.0,0.0,0.0,1.0,True
Lasso,5,model,0.0005,3,True,False,203,0.0,0.0,,0.0,0.0,0.0,1.0,True
Lasso,5,model,0.0005,4,True,False,203,0.0,0.0,,0.0,0.0,0.0,1.0,True
Lasso,5,model,0.001,0,True,False,204,0.0,0.0,,0.0,0.0,0.0,1.0,True
Lasso,5,model,0.001,1,True,False,204,0.0,0.0,,0.0,0.0,0.0,1.0,True
Lasso,5,model,0.001,2,True,False,204,0.0,0.0,,0.0,0.0,0.0,1.0,True
Lasso,5,model,0.001,3,True,False,203,0.0,0.0,,0.0,0.0,0.0,1.0,True
Lasso,5,model,0.001,4,True,False,203,0.0,0.0,,0.0,0.0,0.0,1.0,True
Lasso,10,model,0.0,0,True,False,102,0.00041061702315281506,0.014748605126920297,0.1397610878574445,-0.13620135665833644,0.5294117647058824,0.0,1.0,True
Lasso,10,model,0.0,1,True,False,102,0.0003390483648206098,0.01469328380979449,0.1158358679703937,-0.13332738785338405,0.4803921568627451,0.0,1.0,True
Lasso,10,model,0.0,2,True,False,102,0.00036194260014810154,0.01399214086874584,0.129854140957144,-0.14179500796601174,0.5098039215686274,0.0,1.0,True
Lasso,10,model,0.0,3,True,False,102,0.00035687367934967,0.014882543782420168,0.12037536582423679,-0.13840432126095836,0.5392156862745098,0.0,1.0,True
Lasso,10,model,0.0,4,True,False,102,0.0003288331021133238,0.014698037105395545,0.11230949138307213,-0.1463026769149206,0.47058823529411764,0.0,1.0,True
Lasso,10,model,0.0,5,True,False,102,0.0003388258166301765,0.01410775132802451,0.12056436641427344,-0.15100788781770336,0.4803921568627451,0.0,1.0,True
Lasso,10,model,0.0,6,True,False,102,0.000283871670563309,0.013284865532402714,0.10726675953767756,-0.14862851634387864,0.5,0.0,1.0,True
Lasso,10,model,0.0,7,True,False,102,0.0002936335410581412,0.0125843985616958,0.11713143622172137,-0.1404871161313096,0.5196078431372549,0.0,1.0,True
Lasso,10,model,0.0,8,True,False,101,0.00040264989197478525,0.01341851649298964,0.1506341194182977,-0.13777144891420368,0.5445544554455446,0.0,1.0,True
Lasso,10,model,0.0,9,True,False,101,0.0003981289677396415,0.014206332834970362,0.14068314317953012,-0.1455299620510111,0.5346534653465347,0.0,1.0,True
Lasso,10,model,0.0005,0,True,False,102,0.00015666354289819217,0.0018638082029098324,0.42195583350310495,-0.004651485562019331,0.0196078431372549,0.0196078431372549,1.0,True
Lasso,10,model,0.0005,1,True,False,102,0.00011036829323820097,0.0019352558697564208,0.2862900165056197,-0.005896258295002621,0.00980392156862745,0.0196078431372549,1.0,True
Lasso,10,model,0.0005,2,True,False,102,6.075202300856765e-05,0.0022598820217157173,0.13495073289823536,-0.014525884610271711,0.0196078431372549,0.0196078431372549,1.0,True
Lasso,10,model,0.0005,3,True,False,102,0.00013617415717845198,0.0009610144074658868,0.7113200784904357,-9.999500016677487e-05,0.029411764705882353,0.0196078431372549,1.0,True
Lasso,10,model,0.0005,4,True,False,102,-0.0002041106588503441,0.0012585552651847246,-0.8141298231725321,-0.02060406204212184,0.0,0.0196078431372549,1.0,True
Lasso,10,model,0.0005,5,True,False,102,-0.0003500448685649294,0.002107331281793299,-0.8338562186741477,-0.03507468709681638,0.0,0.0196078431372549,1.0,True
Lasso,10,model,0.0005,6,True,False,102,-1.8043043295501952e-05,0.004530792744561151,-0.019991061962158652,-0.03926880599262372,0.00980392156862745,0.0196078431372549,1.0,True
Lasso,10,model,0.0005,7,True,False,102,1.6146794635509188e-06,0.004209127381538473,0.0019257261285232368,-0.0320417353646153,0.0196078431372549,0.0196078431372549,1.0,True
Lasso,10,model,0.0005,8,True,False,101,-0.0001409915648244821,0.0035090007651583125,-0.20170187628068537,-0.03703115396019996,0.019801980198019802,0.019801980198019802,1.0,True
Lasso,10,model,0.0005,9,True,False,101,8.69232173036565e-05,0.003288230964939373,0.13270086329908154,-0.022690622595256338,0.019801980198019802,0.019801980198019802,1.0,True
Lasso,10,model,0.001,0,True,False,102,0.0,0.0,,0.0,0.0,0.0,1.0,True
Lasso,10,model,0.001,1,True,False,102,0.0,0.0,,0.0,0.0,0.0,1.0,True
Lasso,10,model,0.001,2,True,False,102,0.0,0.0,,0.0,0.0,0.0,1.0,True
Lasso,10,model,0.001,3,True,False,102,0.0,0.0,,0.0,0.0,0.0,1.0,True
Lasso,10,model,0.001,4,True,False,102,0.0,0.0,,0.0,0.0,0.0,1.0,True
Lasso,10,model,0.001,5,True,False,102,0.0,0.0,,0.0,0.0,0.0,1.0,True
Lasso,10,model,0.001,6,True,False,102,0.0,0.0,,0.0,0.0,0.0,1.0,True
Lasso,10,model,0.001,7,True,False,102,0.0,0.0,,0.0,0.0,0.0,1.0,True
Lasso,10,model,0.001,8,True,False,101,0.0,0.0,,0.0,0.0,0.0,1.0,True
Lasso,10,model,0.001,9,True,False,101,0.0,0.0,,0.0,0.0,0.0,1.0,True
Lasso,20,model,0.0,0,True,False,51,0.0008212340463056352,0.01921295578697323,0.15172531053767419,-0.1250111856823265,0.5098039215686274,0.0,1.0,True
Lasso,20,model,0.0,1,True,False,51,0.0006780967296412174,0.01934300626127201,0.12443797925811854,-0.12513455328309964,0.49019607843137253,0.0,1.0,True
Lasso,20,model,0.0,2,True,False,51,0.00072388520029621,0.01964591455355562,0.1307924633515932,-0.12393354288280167,0.49019607843137253,0.0,1.0,True
Lasso,20,model,0.0,3,True,False,51,0.0007137473586993488,0.021563749388335645,0.1174912463412156,-0.13840432126095847,0.5294117647058824,0.0,1.0,True
Lasso,20,model,0.0,4,True,False,51,0.000657666204226642,0.020370612685678094,0.11460055114361674,-0.14327511304193552,0.5294117647058824,0.0,1.0,True
Lasso,20,model,0.0,5,True,False,51,0.0006776516332603551,0.019853463921553783,0.12115894163426967,-0.14380413646809198,0.5294117647058824,0.0,1.0,True
Lasso,20,model,0.0,6,True,False,51,0.0005677433411266255,0.02002499986716618,0.10063864942948371,-0.141936053700759,0.49019607843137253,0.0,1.0,True
Lasso,20,model,0.0,7,True,False,51,0.0005872670821162963,0.019647840034329584,0.10609773610893526,-0.14048711613130915,0.47058823529411764,0.0,1.0,True
Lasso,20,model,0.0,8,True,False,51,0.0007423540544697727,0.01995362766433436,0.13206097319538698,-0.1377714489142038,0.5294117647058824,0.0,1.0,True
Lasso,20,model,0.0,9,True,False,51,0.0006569271905947163,0.021919050464175246,0.10638509211695632,-0.14552996205101076,0.49019607843137253,0.0,1.0,True
Lasso,20,model,0.0,10,True,False,51,0.0008250633149123219,0.021884742110271967,0.13382310943035228,-0.13620135665833555,0.47058823529411764,0.0,1.0,True
Lasso,20,model,0.0,11,True,False,51,0.0007665279566917122,0.02070782852527681,0.131394961346983,-0.13332738785338427,0.5490196078431373,0.0,1.0,True
Lasso,20,model,0.0,12,True,False,51,0.000719616351973406,0.020396924402545143,0.12523381469119535,-0.14179500796601185,0.5490196078431373,0.0,1.0,True
Lasso,20,model,0.0,13,True,False,51,0.0007239720977010475,0.020541142137835332,0.12510726020969193,-0.13642806520198414,0.5490196078431373,0.0,1.0,True
Lasso,20,model,0.0,14,True,False,51,0.0007254827745138388,0.02007969765575819,0.12824936058907835,-0.13843979150101515,0.5098039215686274,0.0,1.0,True
Lasso,20,model,0.0,15,True,False,51,0.0006057653061122645,0.020479341730632344,0.10499622286492102,-0.14496056091148124,0.47058823529411764,0.0,1.0,True
Lasso,20,model,0.0,16,True,False,51,0.000609826582667235,0.021006610459633434,0.10304706865052171,-0.14424677942336295,0.49019607843137253,0.0,1.0,True
Lasso,20,model,0.0,17,True,False,51,0.0005904915915718351,0.019935254640386237,0.10514223459913927,-0.13214920071047975,0.45098039215686275,0.0,1.0,True
Lasso,20,model,0.0,18,True,False,50,0.0007737632496663004,0.020852458900539883,0.1317152612099212,-0.13184855233852977,0.54,0.0,1.0,True
Lasso,20,model,0.0,19,True,False,50,0.0008562253285756877,0.019487229547254115,0.15596359689450723,-0.1278094898323222,0.5,0.0,1.0,True
Lasso,20,model,0.0005,0,True,False,51,0.00026102659692302325,0.01868059868513465,0.04959972211607283,-0.10666651902296787,0.43137254901960786,0.0392156862745098,1.0,True
Lasso,20,model,0.0005,1,True,False,51,0.0001724679606384998,0.018669280401776296,0.032791865349093015,-0.1086287899454298,0.39215686274509803,0.0392156862745098,1.0,True
Lasso,20,model,0.0005,2,True,False,51,0.00016435314447729992,0.01914865429105558,0.03046667302731082,-0.10677994164945326,0.4117647058823529,0.0392156862745098,1.0,True
Lasso,20,model,0.0005,3,True,False,51,3.9695491726281965e-05,0.02108344597394913,0.006683206237886171,-0.12334986721833452,0.4117647058823529,0.0392156862745098,1.0,True
Lasso,20,model,0.0005,4,True,False,51,8.519164249446475e-05,0.019357409394135855,0.015621942283348164,-0.12022274584463588,0.4117647058823529,0.0392156862745098,1.0,True
Lasso,20,model,0.0005,5,True,False,51,7.112868810812532e-05,0.018893389522245695,0.013363499224511655,-0.12091167140415915,0.37254901960784315,0.0392156862745098,1.0,True
Lasso,20,model,0.0005,6,True,False,51,0.0005595723804669526,0.019424426458585973,0.10225706857248815,-0.11464427220249651,0.37254901960784315,0.0392156862745098,1.0,True
Lasso,20,model,0.0005,7,True,False,51,0.0009163787537705822,0.018999527610842587,0.1712054087834367,-0.1096893752206134,0.37254901960784315,0.0392156862745098,1.0,True
Lasso,20,model,0.0005,8,True,False,51,0.0010176631728089375,0.018418797835538608,0.19612278422569193,-0.10466358134567455,0.43137254901960786,0.0392156862745098,1.0,True
Lasso,20,model,0.0005,9,True,False,51,0.0008916048428015465,0.01990216904755106,0.1590220253604267,-0.1120818992145447,0.4117647058823529,0.0392156862745098,1.0,True
Lasso,20,model,0.0005,10,True,False,51,0.000707758867497423,0.019605766353757385,0.1281406047106706,-0.10103534451981411,0.39215686274509803,0.0392156862745098,1.0,True
Lasso,20,model,0.0005,11,True,False,51,0.0007418022682335552,0.018731327267839937,0.14057395952999296,-0.10059752073486139,0.43137254901960786,0.0392156862745098,1.0,True
Lasso,20,model,0.0005,12,True,False,51,0.0005680637198077155,0.019088691911689423,0.10563459153140123,-0.11072756240042492,0.43137254901960786,0.0392156862745098,1.0,True
Lasso,20,model,0.0005,13,True,False,51,0.000310031773599741,0.018943162637162336,0.05809503121660478,-0.1133062499957187,0.4117647058823529,0.0392156862745098,1.0,True
Lasso,20,model,0.0005,14,True,False,51,9.867555045280711e-05,0.018887495496393826,0.018544727517680815,-0.11979824632756031,0.39215686274509803,0.0392156862745098,1.0,True
Lasso,20,model,0.0005,15,True,False,51,0.00023427713599308205,0.01942130158838863,0.042819032130775356,-0.12182314197166277,0.35294117647058826,0.0392156862745098,1.0,True
Lasso,20,model,0.0005,16,True,False,51,5.1400879181018754e-05,0.019743123905764926,0.00924144639747443,-0.12917305672698798,0.37254901960784315,0.0392156862745098,1.0,True
Lasso,20,model,0.0005,17,True,False,51,0.00014660402702341898,0.018564516721234985,0.028031576585093285,-0.11749500446817551,0.35294117647058826,0.0392156862745098,1.0,True
Lasso,20,model,0.0005,18,True,False,50,5.9184765928558256e-05,0.019819042801085176,0.010600162702860344,-0.12454189317252873,0.4,0.04,1.0,True
Lasso,20,model,0.0005,19,True,False,50,0.000135995499328746,0.018845582056740168,0.025615347567901053,-0.11781922498587594,0.4,0.04,1.0,True
Lasso,20,model,0.001,0,True,False,51,0.0002972528863958902,0.002434246338750776,0.4334578050742086,-0.0020684782314865924,0.0196078431372549,0.0392156862745098,1.0,True
Lasso,20,model,0.001,1,True,False,51,0.00022073658647640002,0.0017967980800989475,0.43607412689517216,-0.0013701701267428978,0.0196078431372549,0.0392156862745098,1.0,True
Lasso,20,model,0.001,2,True,False,51,0.00026379671066002747,0.001578547172122468,0.5931944566543071,-9.999500016666385e-05,0.0392156862745098,0.0392156862745098,1.0,True
Lasso,20,model,0.001,3,True,False,51,0.0005632869981603863,0.0032942322518763416,0.6069609973616321,-9.99950001664418e-05,0.0392156862745098,0.0392156862745098,1.0,True
Lasso,20,model,0.001,4,True,False,51,0.00033138535710685495,0.005380593716828021,0.21861924331475494,-0.017032427038021658,0.0196078431372549,0.0392156862745098,1.0,True
Lasso,20,model,0.001,5,True,False,51,0.0003174226728809882,0.007218797519084853,0.15608398928746156,-0.026789919121604444,0.0196078431372549,0.0392156862745098,1.0,True
Lasso,20,model,0.001,6,True,False,51,-3.6086086591005884e-05,0.006254404092134293,-0.020480432430074726,-0.031716688322012576,0.0196078431372549,0.0392156862745098,1.0,True
Lasso,20,model,0.001,7,True,False,51,0.00015457328093239803,0.005800969149477409,0.09458431914749131,-0.024541602958598863,0.0196078431372549,0.0392156862745098,1.0,True
Lasso,20,model,0.001,8,True,False,51,-0.00027921858916220976,0.006267917761328163,-0.15812710185190262,-0.03703115396020018,0.0196078431372549,0.0392156862745098,1.0,True
Lasso,20,model,0.001,9,True,False,51,-0.0006338226751389257,0.01007649985055543,-0.22327666769644164,-0.062047731608575796,0.0196078431372549,0.0392156862745098,1.0,True
Lasso,20,model,0.001,10,True,False,51,-0.0005621122834975195,0.007525406941706018,-0.2651418966701945,-0.04811375818205821,0.0196078431372549,0.0392156862745098,1.0,True
Lasso,20,model,0.001,11,True,False,51,-0.0006937658783511116,0.0077738899627853835,-0.31678150630627877,-0.05119628527617737,0.0196078431372549,0.0392156862745098,1.0,True
Lasso,20,model,0.001,12,True,False,51,-0.000792246401272357,0.009098549590685264,-0.30908176326911546,-0.059396596465017826,0.0196078431372549,0.0392156862745098,1.0,True
Lasso,20,model,0.001,13,True,False,51,0.00026366497727807453,0.0018972790748227192,0.49329475951722784,-9.999500016677487e-05,0.0196078431372549,0.0392156862745098,1.0,True
Lasso,20,model,0.001,14,True,False,51,-0.000209405286679998,0.0014812361729594035,-0.5018207382256533,-0.010622844420436928,0.0,0.0392156862745098,1.0,True
Lasso,20,model,0.001,15,True,False,51,-0.0003699152014397588,0.0026274773772524424,-0.49974500948604383,-0.018688832255471577,0.0,0.0392156862745098,1.0,True
Lasso,20,model,0.001,16,True,False,51,0.00038517820142831757,0.00783398512287946,0.17452764598995044,-0.027789803218547404,0.0196078431372549,0.0392156862745098,1.0,True
Lasso,20,model,0.001,17,True,False,51,0.00017563868929453336,0.006188318571085431,0.10074715646223563,-0.025852304187551134,0.0196078431372549,0.0392156862745098,1.0,True
Lasso,20,model,0.001,18,True,False,50,0.00015942927328052405,0.003907999976977931,0.14481007769378987,-0.014886934940476104,0.02,0.04,1.0,True
Lasso,20,model,0.001,19,True,False,50,0.00021753849179179802,0.0037534876088534085,0.2057246818079,-0.012317824172925707,0.02,0.04,1.0,True
LightGBM,1,model,0.0,0,True,False,1018,-5.033976431121701e-05,0.0046548051773343925,-0.1716761398396765,-0.28297331468276143,0.47445972495088407,0.7053045186640472,1.0,True
LightGBM,1,model,0.0005,0,True,False,1018,8.356777961734838e-05,0.0025587152620787225,0.5184622902645284,-0.08680449331821893,0.10510805500982318,0.20726915520628683,1.0,True
LightGBM,1,model,0.001,0,True,False,1018,4.9021627934231674e-05,0.001871868722390896,0.41573119362297695,-0.0728165793215112,0.043222003929273084,0.1031434184675835,1.0,True
LightGBM,5,model,0.0,0,True,False,204,0.0015468281578378143,0.01018085116021496,1.0786318725422124,-0.04633894159373586,0.5882352941176471,0.39215686274509803,1.0,True
LightGBM,5,model,0.0,1,True,False,204,0.0018910896174927961,0.010155841625803535,1.3219391321329548,-0.04472851673201783,0.5784313725490197,0.43137254901960786,1.0,True
LightGBM,5,model,0.0,2,True,False,204,0.0014369648008352037,0.009513648246860063,1.0722950674640759,-0.08120173426727095,0.5882352941176471,0.45098039215686275,1.0,True
LightGBM,5,model,0.0,3,True,False,203,0.0010791177931280809,0.009796741899389552,0.7819922613136416,-0.06346137554339193,0.5320197044334976,0.5123152709359606,1.0,True
LightGBM,5,model,0.0,4,True,False,203,0.0010034623181583227,0.00987740442528462,0.7212295309114264,-0.06775481519571802,0.541871921182266,0.39408866995073893,1.0,True
LightGBM,5,model,0.0005,0,True,False,204,0.0015558755851252828,0.008886056480464194,1.2430284386889874,-0.03488168273444281,0.4019607843137255,0.31862745098039214,1.0,True
LightGBM,5,model,0.0005,1,True,False,204,0.0017983103312146816,0.008530990918491032,1.4965127726738001,-0.060346051076776375,0.4068627450980392,0.35784313725490197,1.0,True
LightGBM,5,model,0.0005,2,True,False,204,0.0015356996571778158,0.00784799628866115,1.389193576638547,-0.05196976651619445,0.37254901960784315,0.37254901960784315,1.0,True
LightGBM,5,model,0.0005,3,True,False,203,0.0009224607211453722,0.008529696039084544,0.7677672730280329,-0.06480966160026491,0.3645320197044335,0.4187192118226601,1.0,True
LightGBM,5,model,0.0005,4,True,False,203,0.0006796143550450843,0.008345835218567056,0.5781067046099916,-0.06775481519571813,0.3497536945812808,0.3399014778325123,1.0,True
LightGBM,5,model,0.001,0,True,False,204,0.0011594832756883725,0.007677903480309894,1.072104474936468,-0.04084600600865662,0.25980392156862747,0.25,1.0,True
LightGBM,5,model,0.001,1,True,False,204,0.001423150829221759,0.007464656192633792,1.353494167466478,-0.04057845772374069,0.28921568627450983,0.27941176470588236,1.0,True
LightGBM,5,model,0.001,2,True,False,204,0.0013532209185411351,0.007141540183303515,1.3452161936102838,-0.031944934698199146,0.27941176470588236,0.28921568627450983,1.0,True
LightGBM,5,model,0.001,3,True,False,203,0.0004363554666140499,0.007543196574875892,0.4106768893514384,-0.05435282719902612,0.2561576354679803,0.3497536945812808,1.0,True
LightGBM,5,model,0.001,4,True,False,203,0.0005236444458125415,0.00762711552101885,0.48740664449621196,-0.06775481519571824,0.24630541871921183,0.29064039408866993,1.0,True
LightGBM,10,model,0.0,0,True,False,102,0.004041405895218478,0.014156112979118425,1.4331403409323586,-0.055539135200351364,0.5980392156862745,0.49019607843137253,1.0,True
LightGBM,10,model,0.0,1,True,False,102,0.004515883727824234,0.013942416562849853,1.6259416934709379,-0.05502133982553026,0.5882352941176471,0.4117647058823529,1.0,True
LightGBM,10,model,0.0,2,True,False,102,0.002902801770325592,0.01366602586248025,1.0662901844134196,-0.059302531421490445,0.6274509803921569,0.45098039215686275,1.0,True
LightGBM,10,model,0.0,3,True,False,102,0.004094615277674982,0.014278267054606901,1.439586854804362,-0.05037563452722604,0.6274509803921569,0.49019607843137253,1.0,True
LightGBM,10,model,0.0,4,True,False,102,0.004177678153260694,0.014056126591324955,1.4920026332354397,-0.03918830984884203,0.5784313725490197,0.37254901960784315,1.0,True
LightGBM,10,model,0.0,5,True,False,102,0.005344279460028511,0.013007071839552187,2.062575674212734,-0.03488168273444292,0.6764705882352942,0.5294117647058824,1.0,True
LightGBM,10,model,0.0,6,True,False,102,0.003918604386061601,0.0126596636518188,1.5538515428794129,-0.04941484957347797,0.5980392156862745,0.45098039215686275,1.0,True
LightGBM,10,model,0.0,7,True,False,102,0.0034165151869487392,0.012088661844018593,1.4187484390826712,-0.05165207501954172,0.6078431372549019,0.49019607843137253,1.0,True
LightGBM,10,model,0.0,8,True,False,101,0.0032631169992615025,0.012994354817182205,1.2606025894764392,-0.053880044814800354,0.6435643564356436,0.5346534653465347,1.0,True
LightGBM,10,model,0.0,9,True,False,101,0.003578394016623064,0.013727944811518778,1.308527652464828,-0.059646332503632826,0.6534653465346535,0.5346534653465347,1.0,True
LightGBM,10,model,0.0005,0,True,False,102,0.003759193284092208,0.013350073685914008,1.4135502889997598,-0.05245283230931064,0.5098039215686274,0.5196078431372549,1.0,True
LightGBM,10,model,0.0005,1,True,False,102,0.004956576089962311,0.013566103072951032,1.8341165745148398,-0.05502133982553026,0.5686274509803921,0.4803921568627451,1.0,True
LightGBM,10,model,0.0005,2,True,False,102,0.0035565455166487354,0.012617056394769973,1.415046127983909,-0.04572298046288026,0.5784313725490197,0.5588235294117647,1.0,True
LightGBM,10,model,0.0005,3,True,False,102,0.004557357423049999,0.013732077832457813,1.6660080851632442,-0.04285824627884427,0.5882352941176471,0.46078431372549017,1.0,True
LightGBM,10,model,0.0005,4,True,False,102,0.004347729013916399,0.013252661289918118,1.6468712174422768,-0.039821698354285395,0.5,0.4019607843137255,1.0,True
LightGBM,10,model,0.0005,5,True,False,102,0.005381853045966354,0.012337291566390227,2.189839457717303,-0.03488168273444303,0.5882352941176471,0.49019607843137253,1.0,True
LightGBM,10,model,0.0005,6,True,False,102,0.003792337261013124,0.011919388520211394,1.5971777351053902,-0.03917272806940686,0.5,0.4411764705882353,1.0,True
LightGBM,10,model,0.0005,7,True,False,102,0.004031497158756912,0.010964581364961378,1.8457572109025921,-0.031944934698199146,0.5686274509803921,0.4803921568627451,1.0,True
LightGBM,10,model,0.0005,8,True,False,101,0.0037840216963445365,0.011558999707987894,1.6433634948608755,-0.04620126222608245,0.5445544554455446,0.45544554455445546,1.0,True
LightGBM,10,model,0.0005,9,True,False,101,0.003970978036970684,0.012855954933604079,1.5505772726818623,-0.060426600467307745,0.6039603960396039,0.5643564356435643,1.0,True
LightGBM,10,model,0.001,0,True,False,102,0.003499123255154828,0.012658054951501,1.3876902415358936,-0.048387380565518834,0.4117647058823529,0.4117647058823529,1.0,True
LightGBM,10,model,0.001,1,True,False,102,0.0041611128456134835,0.01286208765251956,1.6240458988663227,-0.05502133982553026,0.4411764705882353,0.46078431372549017,1.0,True
LightGBM,10,model,0.001,2,True,False,102,0.003280235762459171,0.011681711603164228,1.4096096017198676,-0.04572298046288026,0.45098039215686275,0.5490196078431373,1.0,True
LightGBM,10,model,0.001,3,True,False,102,0.005173204653288838,0.012155879815372828,2.136355545575502,-0.03178551686014308,0.5,0.4117647058823529,1.0,True
LightGBM,10,model,0.001,4,True,False,102,0.005027092049024621,0.012442805242256313,2.0281440809710003,-0.0333736732339035,0.4803921568627451,0.4215686274509804,1.0,True
LightGBM,10,model,0.001,5,True,False,102,0.005008974282296776,0.011671018115133783,2.1544693948340514,-0.03488168273444303,0.5196078431372549,0.39215686274509803,1.0,True
LightGBM,10,model,0.001,6,True,False,102,0.004472232909015965,0.010874142644100781,2.0645702158526062,-0.03917272806940697,0.4215686274509804,0.47058823529411764,1.0,True
LightGBM,10,model,0.001,7,True,False,102,0.004421702674727867,0.010007690244484576,2.2179714520255773,-0.031944934698199146,0.4803921568627451,0.45098039215686275,1.0,True
LightGBM,10,model,0.001,8,True,False,101,0.003277860846548098,0.010878388249190811,1.512607426776813,-0.04629663733102507,0.45544554455445546,0.44554455445544555,1.0,True
LightGBM,10,model,0.001,9,True,False,101,0.003982280250164027,0.011300010383500729,1.7691035247010993,-0.04375916277854275,0.48514851485148514,0.5544554455445545,1.0,True
LightGBM,20,model,0.0,0,True,False,51,0.008962579848733606,0.016901797321041915,1.8822851714650761,-0.04312464535653415,0.6666666666666666,0.7450980392156863,1.0,True
LightGBM,20,model,0.0,1,True,False,51,0.009629418793760737,0.01666413806309524,2.051173950902298,-0.02682403433476399,0.6666666666666666,0.7450980392156863,1.0,True
LightGBM,20,model,0.0,2,True,False,51,0.008796842628748698,0.017476944061131316,1.7866792723835114,-0.028490859587709694,0.7058823529411765,0.7450980392156863,1.0,True
LightGBM,20,model,0.0,3,True,False,51,0.00885298702654854,0.01958449535989691,1.6045849516772854,-0.032464386083922436,0.7058823529411765,0.7450980392156863,1.0,True
LightGBM,20,model,0.0,4,True,False,51,0.007322692636597849,0.01895052528613703,1.3716232097350962,-0.03168297645577001,0.6666666666666666,0.7450980392156863,1.0,True
LightGBM,20,model,0.0,5,True,False,51,0.0077633408357376775,0.018193158525150757,1.5146971990858997,-0.03704761904761822,0.6470588235294118,0.7450980392156863,1.0,True
LightGBM,20,model,0.0,6,True,False,51,0.007590469992657642,0.018451710411219537,1.4602166975419657,-0.04529088497252187,0.6078431372549019,0.7450980392156863,1.0,True
LightGBM,20,model,0.0,7,True,False,51,0.007866668813460107,0.017929572412115204,1.5574216470283735,-0.048387096774193394,0.6274509803921569,0.6666666666666666,1.0,True
LightGBM,20,model,0.0,8,True,False,51,0.006481844542793538,0.018816416200337874,1.2227761880435082,-0.036934852260591344,0.6666666666666666,0.6666666666666666,1.0,True
LightGBM,20,model,0.0,9,True,False,51,0.009604352775094267,0.019606204806511672,1.7388408774640756,-0.041746989497580045,0.7058823529411765,0.7450980392156863,1.0,True
LightGBM,20,model,0.0,10,True,False,51,0.007837887034015242,0.020367609478484285,1.3659795983364538,-0.04801856479828659,0.6862745098039216,0.6666666666666666,1.0,True
LightGBM,20,model,0.0,11,True,False,51,0.007564157159771403,0.019208344814105445,1.397834879023517,-0.05110140016052822,0.6666666666666666,0.6666666666666666,1.0,True
LightGBM,20,model,0.0,12,True,False,51,0.00675028755845938,0.019188939984539237,1.2486955440025365,-0.059302531421490445,0.6862745098039216,0.7450980392156863,1.0,True
LightGBM,20,model,0.0,13,True,False,51,0.007653366756270212,0.018997467061398814,1.4300199555997968,-0.054836995038979874,0.6666666666666666,0.5098039215686274,1.0,True
LightGBM,20,model,0.0,14,True,False,51,0.006593543235916326,0.018910242375279072,1.2376761882647884,-0.05530523897870776,0.6666666666666666,0.5882352941176471,1.0,True
LightGBM,20,model,0.0,15,True,False,51,0.008882401296992167,0.018367649769904137,1.7165721928545057,-0.030103182311135512,0.6666666666666666,0.5882352941176471,1.0,True
LightGBM,20,model,0.0,16,True,False,51,0.007436890991258582,0.019590518451372278,1.3475061587076673,-0.04504904111311325,0.6862745098039216,0.5882352941176471,1.0,True
LightGBM,20,model,0.0,17,True,False,51,0.009784959935225516,0.017261296291106013,2.0121989452572526,-0.02575488454706898,0.7058823529411765,0.6666666666666666,1.0,True
LightGBM,20,model,0.0,18,True,False,50,0.011530421663010285,0.017248899738565974,2.3728433300112695,-0.0277104969481492,0.7,0.84,1.0,True
LightGBM,20,model,0.0,19,True,False,50,0.010738222694214396,0.0161263673256454,2.363638911534745,-0.027601461819579898,0.68,0.84,1.0,True
LightGBM,20,model,0.0005,0,True,False,51,0.00868635680765228,0.016983921842298494,1.815452769120375,-0.04857732066643916,0.6274509803921569,0.7450980392156863,1.0,True
LightGBM,20,model,0.0005,1,True,False,51,0.009629418793760737,0.01666413806309524,2.051173950902298,-0.02682403433476399,0.6666666666666666,0.7450980392156863,1.0,True
LightGBM,20,model,0.0005,2,True,False,51,0.008584701125855153,0.017410909503114348,1.7502052985413405,-0.028490859587709694,0.6862745098039216,0.7450980392156863,1.0,True
LightGBM,20,model,0.0005,3,True,False,51,0.008628699442401704,0.019621192373158694,1.5610083226787428,-0.04119825688144663,0.6862745098039216,0.7450980392156863,1.0,True
LightGBM,20,model,0.0005,4,True,False,51,0.007974811807277072,0.018333275583511794,1.5440652498396121,-0.03168297645577001,0.6666666666666666,0.7843137254901961,1.0,True
LightGBM,20,model,0.0005,5,True,False,51,0.008564948617181378,0.01745941900569887,1.7413266503606257,-0.0306310610854863,0.6470588235294118,0.7254901960784313,1.0,True
LightGBM,20,model,0.0005,6,True,False,51,0.008530789551946383,0.01727701390582557,1.7526928626872276,-0.02751594782443112,0.5686274509803921,0.6666666666666666,1.0,True
LightGBM,20,model,0.0005,7,True,False,51,0.008548677249132506,0.016653987261642387,1.8220738079578265,-0.02304947216314901,0.5882352941176471,0.6470588235294118,1.0,True
LightGBM,20,model,0.0005,8,True,False,51,0.0070773600345140865,0.01700995940184629,1.4769074621081573,-0.036934852260591344,0.6078431372549019,0.6078431372549019,1.0,True
LightGBM,20,model,0.0005,9,True,False,51,0.010355870312971234,0.018017632489293004,2.0402066153156833,-0.03091889809285342,0.6862745098039216,0.7254901960784313,1.0,True
LightGBM,20,model,0.0005,10,True,False,51,0.0068609702270607965,0.02021352713802928,1.2048381356383138,-0.04801856479828659,0.6078431372549019,0.7058823529411765,1.0,True
LightGBM,20,model,0.0005,11,True,False,51,0.007628036256207564,0.019123808658790323,1.4158708200426546,-0.051186342639882976,0.6470588235294118,0.6666666666666666,1.0,True
LightGBM,20,model,0.0005,12,True,False,51,0.006968496653781832,0.01904837738549762,1.2985730386701604,-0.059302531421490445,0.6862745098039216,0.7450980392156863,1.0,True
LightGBM,20,model,0.0005,13,True,False,51,0.007295586330522352,0.01773860587794792,1.4599096826267934,-0.054836995038979874,0.6078431372549019,0.5882352941176471,1.0,True
LightGBM,20,model,0.0005,14,True,False,51,0.004966621997008095,0.017795822198367096,0.9906684274299014,-0.05530523897870776,0.5686274509803921,0.5490196078431373,1.0,True
LightGBM,20,model,0.0005,15,True,False,51,0.008193009196417888,0.017304532540468244,1.6806173511936615,-0.030103182311135623,0.6078431372549019,0.5490196078431373,1.0,True
LightGBM,20,model,0.0005,16,True,False,51,0.00751200659668269,0.019203269324770365,1.3885645076014217,-0.04280013112502634,0.6470588235294118,0.5882352941176471,1.0,True
LightGBM,20,model,0.0005,17,True,False,51,0.009402913834905935,0.016350180247972766,2.0413862451875526,-0.02575488454706898,0.6666666666666666,0.6274509803921569,1.0,True
LightGBM,20,model,0.0005,18,True,False,50,0.010157295119896987,0.016753430691858088,2.152085841343616,-0.024231500951236162,0.54,0.64,1.0,True
LightGBM,20,model,0.0005,19,True,False,50,0.010593854543686663,0.01605770219569968,2.3418327701127897,-0.027601461819579898,0.64,0.84,1.0,True
LightGBM,20,model,0.001,0,True,False,51,0.008671283671632854,0.016730630680039653,1.8397395891765875,-0.03243741598070249,0.5882352941176471,0.8235294117647058,1.0,True
LightGBM,20,model,0.001,1,True,False,51,0.009430813562363098,0.016718889812397688,2.002290083152712,-0.02682403433476399,0.6470588235294118,0.7450980392156863,1.0,True
LightGBM,20,model,0.001,2,True,False,51,0.008476290748641178,0.017366570924220413,1.7325151598156892,-0.028490859587709694,0.6666666666666666,0.7647058823529411,1.0,True
LightGBM,20,model,0.001,3,True,False,51,0.008688405548140366,0.01958809116180998,1.5744658319011267,-0.03827424508502997,0.6862745098039216,0.7450980392156863,1.0,True
LightGBM,20,model,0.001,4,True,False,51,0.009012584054965026,0.0169266039613714,1.8900128971911485,-0.02452965690929898,0.6470588235294118,0.7647058823529411,1.0,True
LightGBM,20,model,0.001,5,True,False,51,0.008668118627165008,0.01650197469516214,1.8645507212920704,-0.026692593247303997,0.6078431372549019,0.6862745098039216,1.0,True
LightGBM,20,model,0.001,6,True,False,51,0.0085770463707533,0.016369858072643365,1.8598508456534621,-0.02751594782443112,0.5490196078431373,0.6862745098039216,1.0,True
LightGBM,20,model,0.001,7,True,False,51,0.009540226677833722,0.015552535018227549,2.177422861627557,-0.023244842731008464,0.5686274509803921,0.6862745098039216,1.0,True
LightGBM,20,model,0.001,8,True,False,51,0.006737745848467181,0.016637311387301984,1.4375294566477737,-0.03693485226059123,0.5686274509803921,0.6078431372549019,1.0,True
LightGBM,20,model,0.001,9,True,False,51,0.009881823374771262,0.01783860761475136,1.9663526464689385,-0.03091889809285353,0.6274509803921569,0.6862745098039216,1.0,True
LightGBM,20,model,0.001,10,True,False,51,0.0064669400628702845,0.019794405306730115,1.1596892992220114,-0.04801856479828659,0.5686274509803921,0.7254901960784313,1.0,True
LightGBM,20,model,0.001,11,True,False,51,0.007881878356486778,0.018542681379921277,1.5088374839300558,-0.05118634263988309,0.6078431372549019,0.6470588235294118,1.0,True
LightGBM,20,model,0.001,12,True,False,51,0.006223774384152653,0.01782880432356063,1.2391300663948945,-0.059302531421490445,0.5686274509803921,0.6862745098039216,1.0,True
LightGBM,20,model,0.001,13,True,False,51,0.006144064372996831,0.016984567447058382,1.2840636113854478,-0.054836995038979874,0.5490196078431373,0.6078431372549019,1.0,True
LightGBM,20,model,0.001,14,True,False,51,0.004752837800058577,0.017471103233901476,0.9656459782133333,-0.05530523897870776,0.5294117647058824,0.5686274509803921,1.0,True
LightGBM,20,model,0.001,15,True,False,51,0.00784954951209168,0.01684532827275645,1.654057211222023,-0.03019731956537941,0.5882352941176471,0.5294117647058824,1.0,True
LightGBM,20,model,0.001,16,True,False,51,0.007914972277699666,0.01778723057716136,1.5795243876587477,-0.03275330870491133,0.6274509803921569,0.5686274509803921,1.0,True
LightGBM,20,model,0.001,17,True,False,51,0.008050892078071518,0.015556810854533046,1.8369980957292582,-0.02575488454706898,0.5686274509803921,0.6078431372549019,1.0,True
LightGBM,20,model,0.001,18,True,False,50,0.010615271082736497,0.01626738531526294,2.316320272531183,-0.02423150095123605,0.54,0.68,1.0,True
LightGBM,20,model,0.001,19,True,False,50,0.009713013013515515,0.014967560331883605,2.3035000486954234,-0.024246657353822032,0.58,0.72,1.0,True
MLP,1,model,0.0,0,True,False,1018,0.00015385318864054775,0.0046496609232144675,0.5252734970735689,-0.09271847417900214,0.5029469548133595,0.9449901768172888,1.0,True
MLP,1,model,0.0005,0,True,False,1018,0.00011712581535296985,0.004271286118824023,0.43530557903474854,-0.11124217346401044,0.42829076620825146,0.9508840864440079,1.0,True
MLP,1,model,0.001,0,True,False,1018,9.92868058839994e-05,0.003967134778269781,0.3972966055167533,-0.1188047729009104,0.3575638506876228,0.8585461689587426,1.0,True
MLP,5,model,0.0,0,True,False,204,0.0009741999968091163,0.010269784077568223,0.6734449171222903,-0.0828399895647779,0.5637254901960784,0.9607843137254902,1.0,True
MLP,5,model,0.0,1,True,False,204,0.0005642352373688717,0.010330563473150985,0.3877496931569291,-0.1698952209380299,0.5196078431372549,0.8529411764705882,1.0,True
MLP,5,model,0.0,2,True,False,204,0.0008841334359530879,0.009593132043350685,0.6542935828300164,-0.09292403557420059,0.5441176470588235,0.8921568627450981,1.0,True
MLP,5,model,0.0,3,True,False,203,0.0009642082486148583,0.009805963198092278,0.6980649807991953,-0.08918469094486714,0.5517241379310345,0.9064039408866995,1.0,True
MLP,5,model,0.0,4,True,False,203,0.0019333115027812399,0.009730668089529708,1.410504395891792,-0.12083130086807226,0.5862068965517241,0.9753694581280788,1.0,True
MLP,5,model,0.0005,0,True,False,204,0.0010523262533440893,0.009718643544706243,0.7687055557490899,-0.06520595968448706,0.5441176470588235,0.9313725490196079,1.0,True
MLP,5,model,0.0005,1,True,False,204,0.000364732857043657,0.010205514551335195,0.25372032004079637,-0.17740478595251796,0.49019607843137253,0.8627450980392157,1.0,True
MLP,5,model,0.0005,2,True,False,204,0.0007729841207700302,0.009458893449051804,0.5801569607493181,-0.0850911344850932,0.5147058823529411,0.8823529411764706,1.0,True
MLP,5,model,0.0005,3,True,False,203,0.0008495938131946257,0.00969651366689295,0.6220295196507842,-0.08918469094486714,0.5123152709359606,0.896551724137931,1.0,True
MLP,5,model,0.0005,4,True,False,203,0.002032681898732062,0.009448795183502235,1.5272433853862823,-0.12083130086807226,0.5714285714285714,0.9556650246305419,1.0,True
MLP,5,model,0.001,0,True,False,204,0.0007756068881313452,0.009537185845014246,0.5773466896932177,-0.06777838548228687,0.4950980392156863,0.9215686274509803,1.0,True
MLP,5,model,0.001,1,True,False,204,0.0004376114940993177,0.009987013386858484,0.3110773256597028,-0.16710167408618493,0.47058823529411764,0.8725490196078431,1.0,True
MLP,5,model,0.001,2,True,False,204,0.0008121813322184331,0.009324413553649472,0.6183676258590384,-0.09042041350925334,0.49019607843137253,0.8921568627450981,1.0,True
MLP,5,model,0.001,3,True,False,203,0.0009665523714010081,0.009587111822327138,0.7157360068047458,-0.08448022894710672,0.5024630541871922,0.896551724137931,1.0,True
MLP,5,model,0.001,4,True,False,203,0.0019120981381456784,0.009276789746410382,1.463280998829999,-0.12083130086807237,0.5467980295566502,0.9458128078817734,1.0,True
MLP,10,model,0.0,0,True,False,102,0.0011939423852902484,0.014690425220406715,0.407989769977308,-0.11154425758186426,0.5784313725490197,0.8627450980392157,1.0,True
MLP,10,model,0.0,1,True,False,102,0.0015500905156449732,0.014594416529242702,0.533176000294835,-0.09329197871383088,0.5294117647058824,0.9019607843137255,1.0,True
MLP,10,model,0.0,2,True,False,102,0.0024248991609392328,0.013777255040341189,0.8835502531062819,-0.09172884519064706,0.5882352941176471,0.803921568627451,1.0,True
MLP,10,model,0.0,3,True,False,102,0.0008294295382394035,0.014855731340949441,0.2802758841870014,-0.08515832222482955,0.4803921568627451,0.9019607843137255,1.0,True
MLP,10,model,0.0,4,True,False,102,0.0014313321332748354,0.01460385972003702,0.492008990867695,-0.13985713221588036,0.5,0.9411764705882353,1.0,True
MLP,10,model,0.0,5,True,False,102,0.003146802403807572,0.013728547217952221,1.1506550871854817,-0.05495179666958783,0.5588235294117647,0.8235294117647058,1.0,True
MLP,10,model,0.0,6,True,False,102,0.0015608918199326307,0.013195120999782822,0.5938266688891223,-0.09503178990495309,0.5098039215686274,1.0,1.0,True
MLP,10,model,0.0,7,True,False,102,0.0012717990648319312,0.012527688233847102,0.5096216090946901,-0.09500780715251422,0.5882352941176471,0.9215686274509803,1.0,True
MLP,10,model,0.0,8,True,False,101,0.0016922403344911757,0.013305129234560648,0.6384739981990137,-0.0668067912467113,0.5841584158415841,0.9306930693069307,1.0,True
MLP,10,model,0.0,9,True,False,101,0.0014952018059000282,0.01411448028693161,0.5317839086528925,-0.07504507518732295,0.5643564356435643,0.9900990099009901,1.0,True
MLP,10,model,0.0005,0,True,False,102,0.0011939423852902484,0.014690425220406715,0.407989769977308,-0.11154425758186426,0.5784313725490197,0.8627450980392157,1.0,True
MLP,10,model,0.0005,1,True,False,102,0.0013052263437502573,0.014465227957078625,0.4529610085518249,-0.09329197871383099,0.5098039215686274,0.9215686274509803,1.0,True
MLP,10,model,0.0005,2,True,False,102,0.0030232402714917535,0.01302938402618616,1.1647937987006585,-0.08212617139583411,0.5784313725490197,0.7941176470588235,1.0,True
MLP,10,model,0.0005,3,True,False,102,0.0009146650387791034,0.014646362281916899,0.31349641401109424,-0.07716999438809546,0.47058823529411764,0.9019607843137255,1.0,True
MLP,10,model,0.0005,4,True,False,102,0.0017044972599516875,0.014290259216422125,0.598765089341251,-0.1312650105813603,0.49019607843137253,0.9607843137254902,1.0,True
MLP,10,model,0.0005,5,True,False,102,0.002668055697397871,0.013485323867673293,0.9931932992415877,-0.07198121940974778,0.5294117647058824,0.803921568627451,1.0,True
MLP,10,model,0.0005,6,True,False,102,0.0015631062563476166,0.01291521413906405,0.6075571838746843,-0.1077001520001788,0.5,1.0,1.0,True
MLP,10,model,0.0005,7,True,False,102,0.0013453584729367879,0.012427925694534327,0.5434250332668952,-0.09500780715251422,0.5784313725490197,0.9215686274509803,1.0,True
MLP,10,model,0.0005,8,True,False,101,0.0013692895921879446,0.012806289309220871,0.5367502664684836,-0.0668067912467113,0.5346534653465347,0.9108910891089109,1.0,True
MLP,10,model,0.0005,9,True,False,101,0.0010109593019287913,0.013778776929562985,0.3683182799317326,-0.08665093055491302,0.5247524752475248,0.9504950495049505,1.0,True
MLP,10,model,0.001,0,True,False,102,0.0013367155018339208,0.014635267473112222,0.4584992092372274,-0.11154425758186426,0.5686274509803921,0.8431372549019608,1.0,True
MLP,10,model,0.001,1,True,False,102,0.0013344761662452797,0.014219055380166256,0.47112955177764243,-0.09329197871383099,0.4803921568627451,0.9411764705882353,1.0,True
MLP,10,model,0.001,2,True,False,102,0.003299779644739087,0.012774016634518387,1.2967544058132954,-0.08212617139583411,0.5686274509803921,0.7549019607843137,1.0,True
MLP,10,model,0.001,3,True,False,102,0.0014249087465877692,0.014194370390049749,0.5039311319779846,-0.06264283500659862,0.47058823529411764,0.9019607843137255,1.0,True
MLP,10,model,0.001,4,True,False,102,0.001975886964172737,0.013860582927001047,0.7156173655522207,-0.13126501058136053,0.47058823529411764,0.9313725490196079,1.0,True
MLP,10,model,0.001,5,True,False,102,0.0024538125134359223,0.013263739010504571,0.9287005003528848,-0.07421578813952134,0.5,0.7843137254901961,1.0,True
MLP,10,model,0.001,6,True,False,102,0.0014922961858145445,0.012812122841562005,0.5847014964780397,-0.10767807214143332,0.47058823529411764,1.0392156862745099,1.0,True
MLP,10,model,0.001,7,True,False,102,0.0011147358190177255,0.012381067027774665,0.45197472778022135,-0.09551732701336502,0.5294117647058824,0.8823529411764706,1.0,True
MLP,10,model,0.001,8,True,False,101,0.0013254469443219267,0.012801466447571158,0.5197600509977333,-0.06680679124671118,0.5247524752475248,0.8910891089108911,1.0,True
MLP,10,model,0.001,9,True,False,101,0.0009825304787555557,0.013597864820707684,0.36272340721065305,-0.08665093055491313,0.504950495049505,0.9702970297029703,1.0,True
MLP,20,model,0.0,0,True,False,51,0.0015055785011883255,0.019173404541668257,0.27873367549490013,-0.07555825363545399,0.5686274509803921,0.9411764705882353,1.0,True
MLP,20,model,0.0,1,True,False,51,0.005487306043915701,0.018523817824127337,1.051511324230572,-0.0772489668604932,0.6078431372549019,0.8235294117647058,1.0,True
MLP,20,model,0.0,2,True,False,51,0.008133044017325971,0.017799799079780822,1.6218970923312446,-0.04681602830971565,0.7058823529411765,0.9019607843137255,1.0,True
MLP,20,model,0.0,3,True,False,51,0.004542907307474658,0.021073238068053293,0.765222752899762,-0.10981944308098257,0.6274509803921569,0.9019607843137255,1.0,True
MLP,20,model,0.0,4,True,False,51,0.0068775498675643565,0.019124049264686565,1.2765539295244164,-0.06388736939478301,0.5686274509803921,0.8235294117647058,1.0,True
MLP,20,model,0.0,5,True,False,51,0.0043650608292730335,0.019336712081865267,0.8012959394978338,-0.12860956386620903,0.6274509803921569,0.7843137254901961,1.0,True
MLP,20,model,0.0,6,True,False,51,0.006469083392922304,0.018901018594530673,1.2149063803511937,-0.07214837618693537,0.6274509803921569,0.9803921568627451,1.0,True
MLP,20,model,0.0,7,True,False,51,0.0028754391162541548,0.019414353150920206,0.5257345560049852,-0.0725379456406634,0.5294117647058824,0.9019607843137255,1.0,True
MLP,20,model,0.0,8,True,False,51,0.006381253130344671,0.018851207741587616,1.2015782697674682,-0.08330366678533263,0.6666666666666666,0.8627450980392157,1.0,True
MLP,20,model,0.0,9,True,False,51,0.006406403968723333,0.02093791344545139,1.0860909450354117,-0.09072684653258944,0.6274509803921569,0.7843137254901961,1.0,True
MLP,20,model,0.0,10,True,False,51,0.008149973138461565,0.02025635543808847,1.4281707723175907,-0.04801856479828637,0.6274509803921569,0.6274509803921569,1.0,True
MLP,20,model,0.0,11,True,False,51,0.005844259446481264,0.019832637960209905,1.0460062416674345,-0.11478586608840002,0.6274509803921569,0.7058823529411765,1.0,True
MLP,20,model,0.0,12,True,False,51,0.004770070732042499,0.019816848610185664,0.8544280549417012,-0.0815188528943176,0.6470588235294118,0.8235294117647058,1.0,True
MLP,20,model,0.0,13,True,False,51,0.0020496676240819452,0.020440212843947137,0.3559453304762186,-0.11172749566697282,0.6078431372549019,0.6666666666666666,1.0,True
MLP,20,model,0.0,14,True,False,51,0.003760036250801792,0.01971805498325631,0.6768824145985801,-0.0654489590763293,0.6274509803921569,0.9803921568627451,1.0,True
MLP,20,model,0.0,15,True,False,51,0.0026691878996956565,0.020308488834444933,0.4665377724383066,-0.13745179715217004,0.5294117647058824,0.7450980392156863,1.0,True
MLP,20,model,0.0,16,True,False,51,0.008504294063823335,0.019156739842600294,1.5758030623343284,-0.05016937366766416,0.6666666666666666,0.7843137254901961,1.0,True
MLP,20,model,0.0,17,True,False,51,0.005422595869846733,0.01915156166405882,1.005051505258424,-0.07447865058464387,0.6274509803921569,0.7450980392156863,1.0,True
MLP,20,model,0.0,18,True,False,50,0.005894876477413371,0.019971082874243058,1.047751684918584,-0.0817066891187802,0.6,0.76,1.0,True
MLP,20,model,0.0,19,True,False,50,0.0066259047647627385,0.018292515342952842,1.2857514832258783,-0.06995445519406363,0.64,0.8,1.0,True
MLP,20,model,0.0005,0,True,False,51,0.0015055785011883255,0.019173404541668257,0.27873367549490013,-0.07555825363545399,0.5686274509803921,0.9411764705882353,1.0,True
MLP,20,model,0.0005,1,True,False,51,0.005406110230166144,0.01853790168033537,1.035165036132029,-0.0772489668604932,0.5882352941176471,0.8627450980392157,1.0,True
MLP,20,model,0.0005,2,True,False,51,0.008133044017325971,0.017799799079780822,1.6218970923312446,-0.04681602830971565,0.7058823529411765,0.9019607843137255,1.0,True
MLP,20,model,0.0005,3,True,False,51,0.004319334468022876,0.020926754628842966,0.7326561937366678,-0.10981944308098257,0.5882352941176471,0.8627450980392157,1.0,True
MLP,20,model,0.0005,4,True,False,51,0.00710717655255775,0.01898702136358832,1.3286957246956053,-0.06388736939478301,0.5686274509803921,0.8235294117647058,1.0,True
MLP,20,model,0.0005,5,True,False,51,0.003629440168035368,0.019025169597903967,0.6771679219442857,-0.1297611087129027,0.5686274509803921,0.7843137254901961,1.0,True
MLP,20,model,0.0005,6,True,False,51,0.00602365716706284,0.018919552554041694,1.1301462743770037,-0.07214837618693537,0.5882352941176471,0.9803921568627451,1.0,True
MLP,20,model,0.0005,7,True,False,51,0.0028160164963934356,0.018928120098867393,0.5280961292353094,-0.0725379456406634,0.5098039215686274,0.9019607843137255,1.0,True
MLP,20,model,0.0005,8,True,False,51,0.006540813423136505,0.01865757540172072,1.2444052313702783,-0.08330366678533263,0.6470588235294118,0.8235294117647058,1.0,True
MLP,20,model,0.0005,9,True,False,51,0.006406403968723333,0.02093791344545139,1.0860909450354117,-0.09072684653258944,0.6274509803921569,0.7843137254901961,1.0,True
MLP,20,model,0.0005,10,True,False,51,0.008638952193313409,0.019886405192455568,1.5420201868585577,-0.04801856479828637,0.6274509803921569,0.6274509803921569,1.0,True
MLP,20,model,0.0005,11,True,False,51,0.005430964079299819,0.019732657238440778,0.9769596584192645,-0.11478586608840002,0.6078431372549019,0.7058823529411765,1.0,True
MLP,20,model,0.0005,12,True,False,51,0.004075863395267116,0.019341741403862803,0.7480133001860886,-0.0815188528943176,0.6274509803921569,0.8627450980392157,1.0,True
MLP,20,model,0.0005,13,True,False,51,0.0020496676240819452,0.020440212843947137,0.3559453304762186,-0.11172749566697282,0.6078431372549019,0.6666666666666666,1.0,True
MLP,20,model,0.0005,14,True,False,51,0.004117005418306016,0.019471951589084772,0.7505112903774412,-0.0654489590763293,0.6274509803921569,1.0196078431372548,1.0,True
MLP,20,model,0.0005,15,True,False,51,0.0026691878996956565,0.020308488834444933,0.4665377724383066,-0.13745179715217004,0.5294117647058824,0.7450980392156863,1.0,True
MLP,20,model,0.0005,16,True,False,51,0.008940482474555079,0.018691234906018102,1.6978848498182961,-0.05016937366766416,0.6666666666666666,0.7843137254901961,1.0,True
MLP,20,model,0.0005,17,True,False,51,0.005729860589245187,0.01893333660320696,1.0742421085865326,-0.07447865058464387,0.6274509803921569,0.7450980392156863,1.0,True
MLP,20,model,0.0005,18,True,False,50,0.005894876477413371,0.019971082874243058,1.047751684918584,-0.0817066891187802,0.6,0.76,1.0,True
MLP,20,model,0.0005,19,True,False,50,0.0073728518006849755,0.01718271860735924,1.52310168647494,-0.03542294561742354,0.64,0.8,1.0,True
MLP,20,model,0.001,0,True,False,51,0.0018183871149108348,0.01901061289596065,0.33952792497264356,-0.07095991192212414,0.5686274509803921,0.9411764705882353,1.0,True
MLP,20,model,0.001,1,True,False,51,0.005466486902034141,0.016381023582663044,1.1845476865046622,-0.04632239915510106,0.5490196078431373,0.8627450980392157,1.0,True
MLP,20,model,0.001,2,True,False,51,0.007845949514251419,0.01781348707108962,1.5634422316722902,-0.04681602830971565,0.6862745098039216,0.9019607843137255,1.0,True
MLP,20,model,0.001,3,True,False,51,0.0035535085648009347,0.020553708165548683,0.6136948138981889,-0.11307909709641295,0.5490196078431373,0.8627450980392157,1.0,True
MLP,20,model,0.001,4,True,False,51,0.006802125469740342,0.018975171305640685,1.2724601952344508,-0.06398097597743635,0.5490196078431373,0.7843137254901961,1.0,True
MLP,20,model,0.001,5,True,False,51,0.003609128569899983,0.019028295543654445,0.6732676350755845,-0.1297611087129027,0.5490196078431373,0.803921568627451,1.0,True
MLP,20,model,0.001,6,True,False,51,0.005349539973408777,0.01844013342674745,1.0297638705692116,-0.07214837618693548,0.5490196078431373,0.8627450980392157,1.0,True
MLP,20,model,0.001,7,True,False,51,0.0034417437137274688,0.018500976058387165,0.6603423626667287,-0.0725379456406634,0.5098039215686274,0.9411764705882353,1.0,True
MLP,20,model,0.001,8,True,False,51,0.006533214519554028,0.018658008186127333,1.2429306907430044,-0.08330366678533263,0.6274509803921569,0.7843137254901961,1.0,True
MLP,20,model,0.001,9,True,False,51,0.00640050650014589,0.020937409296739314,1.0851172627076022,-0.09072684653258944,0.6078431372549019,0.8235294117647058,1.0,True
MLP,20,model,0.001,10,True,False,51,0.00847294874035868,0.01992280455587634,1.50962603499386,-0.04801856479828637,0.6078431372549019,0.6666666666666666,1.0,True
MLP,20,model,0.001,11,True,False,51,0.005223165796571039,0.019730948650307376,0.9396608177495799,-0.11478586608840002,0.5882352941176471,0.7058823529411765,1.0,True
MLP,20,model,0.001,12,True,False,51,0.003937889543105563,0.019343370066471337,0.7226311227254334,-0.0815188528943176,0.6078431372549019,0.8627450980392157,1.0,True
MLP,20,model,0.001,13,True,False,51,0.0015729631199485799,0.020348099416340592,0.27439738099616506,-0.12229423204400702,0.5686274509803921,0.7450980392156863,1.0,True
MLP,20,model,0.001,14,True,False,51,0.004117005418306016,0.019471951589084772,0.7505112903774412,-0.0654489590763293,0.6274509803921569,1.0196078431372548,1.0,True
MLP,20,model,0.001,15,True,False,51,0.0028955129497047587,0.020206154365192165,0.5086594503987464,-0.13745179715217004,0.5294117647058824,0.7843137254901961,1.0,True
MLP,20,model,0.001,16,True,False,51,0.008940482474555079,0.018691234906018102,1.6978848498182961,-0.05016937366766416,0.6666666666666666,0.7843137254901961,1.0,True
MLP,20,model,0.001,17,True,False,51,0.005729860589245187,0.01893333660320696,1.0742421085865326,-0.07447865058464387,0.6274509803921569,0.7450980392156863,1.0,True
MLP,20,model,0.001,18,True,False,50,0.0062968521927215795,0.019638660025121733,1.1381432309599455,-0.0817066891187802,0.6,0.72,1.0,True
MLP,20,model,0.001,19,True,False,50,0.007622738148111822,0.01698282460135705,1.5932588874398312,-0.03456294103161939,0.64,0.76,1.0,True
RandomForest,1,model,0.0,0,True,False,1018,-0.00010334135135681487,0.004655656152129862,-0.35236560463907685,-0.2381666169472283,0.47053045186640474,0.4027504911591356,1.0,True
RandomForest,1,model,0.0005,0,True,False,1018,4.985330027552483e-05,0.0015956773573082136,0.4959627983467943,-0.03294826596975764,0.02455795677799607,0.06974459724950884,1.0,True
RandomForest,1,model,0.001,0,True,False,1018,4.256635527726543e-05,0.0009201950874786689,0.7343224832289283,-0.00489398118529738,0.004911591355599214,0.015717092337917484,1.0,True
RandomForest,5,model,0.0,0,True,False,204,0.0016202548200249202,0.010172989237774597,1.1307068033013317,-0.05198404009668878,0.5784313725490197,0.28431372549019607,1.0,True
RandomForest,5,model,0.0,1,True,False,204,0.0019043183588956963,0.010163180029318085,1.3302253008780973,-0.04486344344829385,0.5735294117647058,0.2647058823529412,1.0,True
RandomForest,5,model,0.0,2,True,False,204,0.0019965305944644124,0.00941032346015919,1.5062140216018831,-0.03512297834889655,0.5735294117647058,0.28431372549019607,1.0,True
RandomForest,5,model,0.0,3,True,False,203,0.0010899931838447014,0.009796250473483701,0.7899128332148704,-0.054196076218750666,0.5517241379310345,0.3448275862068966,1.0,True
RandomForest,5,model,0.0,4,True,False,203,0.0018144215483979424,0.009758766583594009,1.31995319882453,-0.05704020679197486,0.5665024630541872,0.2857142857142857,1.0,True
RandomForest,5,model,0.0005,0,True,False,204,0.0018434161360395256,0.008418207611765672,1.554601279116083,-0.03109490009838123,0.3627450980392157,0.2696078431372549,1.0,True
RandomForest,5,model,0.0005,1,True,False,204,0.0017526274557870783,0.008770969998763374,1.4185911742873327,-0.03917272806940697,0.37745098039215685,0.25980392156862747,1.0,True
RandomForest,5,model,0.0005,2,True,False,204,0.0015419702831268992,0.007805279658906845,1.4024997873439524,-0.03194493469819926,0.35784313725490197,0.2696078431372549,1.0,True
RandomForest,5,model,0.0005,3,True,False,203,0.0009570523015851505,0.008462214323620841,0.8029100974631223,-0.044858363435265614,0.3645320197044335,0.26108374384236455,1.0,True
RandomForest,5,model,0.0005,4,True,False,203,0.001535313996810847,0.008009340842758846,1.3608670589347278,-0.02763963274674741,0.35960591133004927,0.2512315270935961,1.0,True
RandomForest,5,model,0.001,0,True,False,204,0.0013243315034041675,0.007059513160968115,1.3317945282793764,-0.031142117305138384,0.22058823529411764,0.18137254901960784,1.0,True
RandomForest,5,model,0.001,1,True,False,204,0.0011149250587267426,0.007864985460456839,1.0063823715022566,-0.03917272806940686,0.23529411764705882,0.20098039215686275,1.0,True
RandomForest,5,model,0.001,2,True,False,204,0.0012036627207808852,0.006849556258238391,1.2475490825294224,-0.031944934698199035,0.22549019607843138,0.19117647058823528,1.0,True
RandomForest,5,model,0.001,3,True,False,203,0.00073216309375042,0.007080925803560599,0.7340625331264637,-0.03178551686014319,0.22167487684729065,0.2019704433497537,1.0,True
RandomForest,5,model,0.001,4,True,False,203,0.0014159813614505938,0.006349612405705961,1.5831628459455271,-0.022592886770805953,0.23645320197044334,0.1724137931034483,1.0,True
RandomForest,10,model,0.0,0,True,False,102,0.003920518099262998,0.014193189214901274,1.3866400541660866,-0.050593310720483675,0.6176470588235294,0.49019607843137253,1.0,True
RandomForest,10,model,0.0,1,True,False,102,0.005333589513035386,0.013647533393198215,1.9618495217848226,-0.046807714026702474,0.6078431372549019,0.45098039215686275,1.0,True
RandomForest,10,model,0.0,2,True,False,102,0.005194538167328153,0.012949340734410798,2.0137221793971687,-0.034592101470163894,0.6862745098039216,0.45098039215686275,1.0,True
RandomForest,10,model,0.0,3,True,False,102,0.005309444010418738,0.013868977971266393,1.9217852573598864,-0.03178551686014308,0.6764705882352942,0.4117647058823529,1.0,True
RandomForest,10,model,0.0,4,True,False,102,0.005575167306044536,0.013555378419314715,2.0646504207779737,-0.028258246178599955,0.6372549019607843,0.4117647058823529,1.0,True
RandomForest,10,model,0.0,5,True,False,102,0.005636597876403182,0.012887495304386038,2.1955776591724936,-0.03488168273444281,0.6470588235294118,0.4117647058823529,1.0,True
RandomForest,10,model,0.0,6,True,False,102,0.00519404443458503,0.012189742474476448,2.1390030331936405,-0.03917272806940697,0.6274509803921569,0.45098039215686275,1.0,True
RandomForest,10,model,0.0,7,True,False,102,0.005070592369759515,0.011476418127357672,2.2179543649669573,-0.031944934698199146,0.6568627450980392,0.37254901960784315,1.0,True
RandomForest,10,model,0.0,8,True,False,101,0.004940839695961423,0.012443148999216823,1.9932911217492684,-0.036934852260591344,0.6534653465346535,0.37623762376237624,1.0,True
RandomForest,10,model,0.0,9,True,False,101,0.003525214079545709,0.013738863640161235,1.2880566177435602,-0.06195393169181895,0.6138613861386139,0.33663366336633666,1.0,True
RandomForest,10,model,0.0005,0,True,False,102,0.004405281015913529,0.012755151351755438,1.733757176228421,-0.03650986318644467,0.5588235294117647,0.39215686274509803,1.0,True
RandomForest,10,model,0.0005,1,True,False,102,0.0052658305203753305,0.012981095282744439,2.0363658721884312,-0.030478651050540817,0.5490196078431373,0.37254901960784315,1.0,True
RandomForest,10,model,0.0005,2,True,False,102,0.004859264866574855,0.012316742466179033,1.9805006153380376,-0.02650602409638536,0.5882352941176471,0.4117647058823529,1.0,True
RandomForest,10,model,0.0005,3,True,False,102,0.004826304081339892,0.013459578048406718,1.8000455970757634,-0.03178551686014308,0.5882352941176471,0.35294117647058826,1.0,True
RandomForest,10,model,0.0005,4,True,False,102,0.00472610584117818,0.012984102580100878,1.8272239366976402,-0.028258246178599955,0.5294117647058824,0.3333333333333333,1.0,True
RandomForest,10,model,0.0005,5,True,False,102,0.0050551014913134806,0.01223689979803441,2.0737612063477755,-0.0348816827344427,0.5588235294117647,0.35294117647058826,1.0,True
RandomForest,10,model,0.0005,6,True,False,102,0.004702572372017724,0.011527188163250414,2.0479171172519472,-0.03917272806940697,0.5294117647058824,0.4117647058823529,1.0,True
RandomForest,10,model,0.0005,7,True,False,102,0.004570099084109512,0.01092296055628767,2.100320257280467,-0.031944934698199035,0.5490196078431373,0.43137254901960786,1.0,True
RandomForest,10,model,0.0005,8,True,False,101,0.004518307959046447,0.01195539744689817,1.8971954752800233,-0.036934852260591344,0.5841584158415841,0.45544554455445546,1.0,True
RandomForest,10,model,0.0005,9,True,False,101,0.003993999818591894,0.012540628283238193,1.5987811385813564,-0.06195393169181884,0.5544554455445545,0.39603960396039606,1.0,True
RandomForest,10,model,0.001,0,True,False,102,0.004039695566587479,0.011649179344326662,1.740818833685504,-0.03132689759606222,0.46078431372549017,0.3627450980392157,1.0,True
RandomForest,10,model,0.001,1,True,False,102,0.004410996890489186,0.012502642626224894,1.7710678705783667,-0.0279083725117536,0.43137254901960786,0.3431372549019608,1.0,True
RandomForest,10,model,0.001,2,True,False,102,0.004407399937406314,0.011492725180359183,1.9251284394471553,-0.026458313910664,0.5196078431372549,0.38235294117647056,1.0,True
RandomForest,10,model,0.001,3,True,False,102,0.004622865224096132,0.012498774385731732,1.8567099885270657,-0.03178551686014308,0.49019607843137253,0.3431372549019608,1.0,True
RandomForest,10,model,0.001,4,True,False,102,0.004719213158860646,0.01229098657676614,1.927449996980384,-0.0244321049974755,0.45098039215686275,0.3431372549019608,1.0,True
RandomForest,10,model,0.001,5,True,False,102,0.005258643260918403,0.011813363205925196,2.234603237123778,-0.03488168273444292,0.5,0.38235294117647056,1.0,True
RandomForest,10,model,0.001,6,True,False,102,0.004524148075370213,0.011208836336070527,2.0261731380281502,-0.03917272806940697,0.47058823529411764,0.4019607843137255,1.0,True
RandomForest,10,model,0.001,7,True,False,102,0.004272890070062575,0.01072075445189481,2.000767577750405,-0.03194493469819926,0.47058823529411764,0.4019607843137255,1.0,True
RandomForest,10,model,0.001,8,True,False,101,0.0040157095990163046,0.011027253171550185,1.8280801106485234,-0.03693485226059123,0.46534653465346537,0.36633663366336633,1.0,True
RandomForest,10,model,0.001,9,True,False,101,0.0037414508982433477,0.01139873970479222,1.6477202684876717,-0.06195393169181884,0.45544554455445546,0.40594059405940597,1.0,True
RandomForest,20,model,0.0,0,True,False,51,0.009105464269356666,0.016828928686938433,1.9205733442136355,-0.033302365147890534,0.6862745098039216,0.6666666666666666,1.0,True
RandomForest,20,model,0.0,1,True,False,51,0.008785218545015707,0.017150051289293915,1.8183288066336414,-0.047892919138179946,0.6470588235294118,0.5882352941176471,1.0,True
RandomForest,20,model,0.0,2,True,False,51,0.008815021591528567,0.017483502960205465,1.789699849415619,-0.031497734623346485,0.7058823529411765,0.5882352941176471,1.0,True
RandomForest,20,model,0.0,3,True,False,51,0.009599133907877387,0.01922604010617636,1.7722601763245849,-0.032464386083922436,0.6862745098039216,0.5882352941176471,1.0,True
RandomForest,20,model,0.0,4,True,False,51,0.010136824449024124,0.01757179180890953,2.0477227196817043,-0.028258246178600177,0.7058823529411765,0.5882352941176471,1.0,True
RandomForest,20,model,0.0,5,True,False,51,0.01121983294811588,0.01625305329857862,2.450398420089162,-0.026692593247303886,0.7450980392156863,0.5882352941176471,1.0,True
RandomForest,20,model,0.0,6,True,False,51,0.011842916579673566,0.01599590168905672,2.6280596384713224,-0.031619855149266796,0.7450980392156863,0.5882352941176471,1.0,True
RandomForest,20,model,0.0,7,True,False,51,0.012172228677116084,0.015273461146406367,2.828902053110414,-0.024444052241440084,0.7450980392156863,0.5098039215686274,1.0,True
RandomForest,20,model,0.0,8,True,False,51,0.010683002408686974,0.01675106920939386,2.263789628571099,-0.03693485226059123,0.7647058823529411,0.5098039215686274,1.0,True
RandomForest,20,model,0.0,9,True,False,51,0.011689134878121807,0.018417800924314734,2.252837507101701,-0.03091889809285342,0.7450980392156863,0.5882352941176471,1.0,True
RandomForest,20,model,0.0,10,True,False,51,0.011847182685080629,0.018284354806077176,2.299962302632561,-0.03442083208620095,0.7450980392156863,0.5098039215686274,1.0,True
RandomForest,20,model,0.0,11,True,False,51,0.009830297467086467,0.018137366393069922,1.9238787874662993,-0.05109145652992064,0.7058823529411765,0.5098039215686274,1.0,True
RandomForest,20,model,0.0,12,True,False,51,0.011609011568995657,0.01663699888825774,2.476883208554342,-0.03459210147016378,0.803921568627451,0.5882352941176471,1.0,True
RandomForest,20,model,0.0,13,True,False,51,0.010694460149838702,0.017429524399562198,2.178003645993271,-0.0337067892368097,0.7450980392156863,0.5882352941176471,1.0,True
RandomForest,20,model,0.0,14,True,False,51,0.010815438584422356,0.016813330279636288,2.2833667033408487,-0.027693666930127647,0.7843137254901961,0.5098039215686274,1.0,True
RandomForest,20,model,0.0,15,True,False,51,0.011517474415048294,0.01681100459295937,2.4319176345155964,-0.02048192771084334,0.7843137254901961,0.5882352941176471,1.0,True
RandomForest,20,model,0.0,16,True,False,51,0.01238575451487065,0.01683146731471068,2.612075721520204,-0.027692577337656288,0.8235294117647058,0.5098039215686274,1.0,True
RandomForest,20,model,0.0,17,True,False,51,0.011418308902420397,0.016206785417860286,2.500864596393758,-0.02575488454706909,0.7647058823529411,0.5882352941176471,1.0,True
RandomForest,20,model,0.0,18,True,False,50,0.012323875806408304,0.01667017348040885,2.6241730211172762,-0.024231500951236162,0.72,0.68,1.0,True
RandomForest,20,model,0.0,19,True,False,50,0.011079775831124737,0.01590304515161794,2.4730674095756062,-0.024246657353822032,0.7,0.68,1.0,True
RandomForest,20,model,0.0005,0,True,False,51,0.008343744151016765,0.016215915455128203,1.8264373500384297,-0.026559878985272345,0.6470588235294118,0.7058823529411765,1.0,True
RandomForest,20,model,0.0005,1,True,False,51,0.008843077641596222,0.016962485692996607,1.850543150433233,-0.047892919138179946,0.6274509803921569,0.5882352941176471,1.0,True
RandomForest,20,model,0.0005,2,True,False,51,0.00940321767392884,0.016901114070475096,1.974906000096062,-0.028490859587709583,0.7058823529411765,0.5882352941176471,1.0,True
RandomForest,20,model,0.0005,3,True,False,51,0.01059828677537456,0.017816489217848716,2.1115375546986574,-0.031785516860143304,0.6666666666666666,0.5882352941176471,1.0,True
RandomForest,20,model,0.0005,4,True,False,51,0.01034217554915612,0.016813784786338527,2.1833918938706867,-0.028258246178600177,0.6470588235294118,0.5882352941176471,1.0,True
RandomForest,20,model,0.0005,5,True,False,51,0.011454287782651229,0.015658300634029072,2.5966220204054635,-0.026692593247303886,0.7254901960784313,0.5490196078431373,1.0,True
RandomForest,20,model,0.0005,6,True,False,51,0.011738698311644622,0.0154625936259774,2.6947772453162386,-0.031619855149266796,0.7058823529411765,0.5490196078431373,1.0,True
RandomForest,20,model,0.0005,7,True,False,51,0.011072919794097373,0.015464578188335992,2.541612560107925,-0.024444052241440084,0.6666666666666666,0.5098039215686274,1.0,True
RandomForest,20,model,0.0005,8,True,False,51,0.010235244151380928,0.016498506293768988,2.202109206284047,-0.03693485226059123,0.7450980392156863,0.5490196078431373,1.0,True
RandomForest,20,model,0.0005,9,True,False,51,0.012597962146399726,0.017109222259672832,2.6136973860550525,-0.027423405323958372,0.7450980392156863,0.5490196078431373,1.0,True
RandomForest,20,model,0.0005,10,True,False,51,0.011019043791129758,0.017449739954136217,2.2415076341469433,-0.03442083208620095,0.7254901960784313,0.5098039215686274,1.0,True
RandomForest,20,model,0.0005,11,True,False,51,0.010367278181854362,0.017623428524365724,2.0881400496835196,-0.05109145652992053,0.7058823529411765,0.5490196078431373,1.0,True
RandomForest,20,model,0.0005,12,True,False,51,0.012073971760298301,0.015435476147466523,2.776613285539906,-0.03214214414054717,0.7843137254901961,0.5882352941176471,1.0,True
RandomForest,20,model,0.0005,13,True,False,51,0.011123426807263834,0.016361986645070006,2.4131695697137148,-0.02656281206311073,0.7254901960784313,0.5882352941176471,1.0,True
RandomForest,20,model,0.0005,14,True,False,51,0.010493761807088017,0.01609692407915425,2.3140544778728245,-0.02540698221511184,0.7647058823529411,0.5490196078431373,1.0,True
RandomForest,20,model,0.0005,15,True,False,51,0.01043164523051277,0.016045881076880503,2.3076742931227847,-0.02048192771084345,0.7058823529411765,0.5098039215686274,1.0,True
RandomForest,20,model,0.0005,16,True,False,51,0.011340291940917555,0.016757500263429252,2.402150827919983,-0.02769257733765651,0.7647058823529411,0.5294117647058824,1.0,True
RandomForest,20,model,0.0005,17,True,False,51,0.011517342211931507,0.015749475235652524,2.595801360827681,-0.025754884547068868,0.7450980392156863,0.6078431372549019,1.0,True
RandomForest,20,model,0.0005,18,True,False,50,0.011603656745276834,0.016858991541931313,2.443141118257978,-0.02423150095123605,0.66,0.64,1.0,True
RandomForest,20,model,0.0005,19,True,False,50,0.010427627817179425,0.015989669747375226,2.314895019956088,-0.024246657353822032,0.66,0.72,1.0,True
RandomForest,20,model,0.001,0,True,False,51,0.008343744151016765,0.016215915455128203,1.8264373500384297,-0.026559878985272345,0.6470588235294118,0.7058823529411765,1.0,True
RandomForest,20,model,0.001,1,True,False,51,0.008207776581310545,0.016394000067932953,1.7771572854340816,-0.03162557506218244,0.5882352941176471,0.5882352941176471,1.0,True
RandomForest,20,model,0.001,2,True,False,51,0.008691353952426201,0.016798568228047966,1.8365402113208515,-0.028490859587709694,0.6470588235294118,0.5882352941176471,1.0,True
RandomForest,20,model,0.001,3,True,False,51,0.010079885955154562,0.017620105667957794,2.030637408390229,-0.031785516860143304,0.6274509803921569,0.5490196078431373,1.0,True
RandomForest,20,model,0.001,4,True,False,51,0.00960443863139225,0.016471264428231682,2.069809229137636,-0.028258246178600066,0.6078431372549019,0.5882352941176471,1.0,True
RandomForest,20,model,0.001,5,True,False,51,0.011093693250747452,0.015464270706765641,2.5464314071510117,-0.026692593247303886,0.6862745098039216,0.5098039215686274,1.0,True
RandomForest,20,model,0.001,6,True,False,51,0.011738698311644622,0.0154625936259774,2.6947772453162386,-0.031619855149266796,0.7058823529411765,0.5490196078431373,1.0,True
RandomForest,20,model,0.001,7,True,False,51,0.011293401671662245,0.015222054294077384,2.6335209698262596,-0.024444052241440084,0.6666666666666666,0.47058823529411764,1.0,True
RandomForest,20,model,0.001,8,True,False,51,0.009978359688704964,0.016249548406814966,2.1797321579011615,-0.03693485226059123,0.7058823529411765,0.5098039215686274,1.0,True
RandomForest,20,model,0.001,9,True,False,51,0.011092069769615742,0.015636852705543523,2.517958221611572,-0.027423405323958372,0.7058823529411765,0.5098039215686274,1.0,True
RandomForest,20,model,0.001,10,True,False,51,0.010267185223753592,0.016469582692608183,2.212860692293661,-0.03442083208620084,0.6666666666666666,0.5490196078431373,1.0,True
RandomForest,20,model,0.001,11,True,False,51,0.011749376824456493,0.015641220585367235,2.666425563752289,-0.029752396166133788,0.7058823529411765,0.5490196078431373,1.0,True
RandomForest,20,model,0.001,12,True,False,51,0.0120774141178177,0.014862042268289976,2.8845677143709665,-0.03214214414054728,0.7450980392156863,0.5882352941176471,1.0,True
RandomForest,20,model,0.001,13,True,False,51,0.010107443366235635,0.01635556305009589,2.1936184468119695,-0.02656281206311073,0.6666666666666666,0.5490196078431373,1.0,True
RandomForest,20,model,0.001,14,True,False,51,0.011117364615413891,0.015087175939404436,2.615647208202179,-0.02147300822797482,0.7254901960784313,0.5490196078431373,1.0,True
RandomForest,20,model,0.001,15,True,False,51,0.010294332244612871,0.016106046739953188,2.2687910393972337,-0.02048192771084345,0.6862745098039216,0.5098039215686274,1.0,True
RandomForest,20,model,0.001,16,True,False,51,0.011128675822839652,0.01684944302713917,2.3444620908403877,-0.02769257733765651,0.7254901960784313,0.5294117647058824,1.0,True
RandomForest,20,model,0.001,17,True,False,51,0.010878257246755526,0.015854512367128468,2.435520044362363,-0.025754884547068868,0.7058823529411765,0.6078431372549019,1.0,True
RandomForest,20,model,0.001,18,True,False,50,0.0112577930140884,0.016920437074602824,2.3617121009103186,-0.02423150095123605,0.64,0.64,1.0,True
RandomForest,20,model,0.001,19,True,False,50,0.010111755257046006,0.015924997378811357,2.253888628984864,-0.024246657353822032,0.62,0.64,1.0,True
RandomWalk,1,model,0.0,0,True,False,1018,0.0,0.0,,0.0,0.0,0.0,1.0,True
RandomWalk,1,model,0.0005,0,True,False,1018,0.0,0.0,,0.0,0.0,0.0,1.0,True
RandomWalk,1,model,0.001,0,True,False,1018,0.0,0.0,,0.0,0.0,0.0,1.0,True
RandomWalk,5,model,0.0,0,True,False,204,0.0,0.0,,0.0,0.0,0.0,1.0,True
RandomWalk,5,model,0.0,1,True,False,204,0.0,0.0,,0.0,0.0,0.0,1.0,True
RandomWalk,5,model,0.0,2,True,False,204,0.0,0.0,,0.0,0.0,0.0,1.0,True
RandomWalk,5,model,0.0,3,True,False,203,0.0,0.0,,0.0,0.0,0.0,1.0,True
RandomWalk,5,model,0.0,4,True,False,203,0.0,0.0,,0.0,0.0,0.0,1.0,True
RandomWalk,5,model,0.0005,0,True,False,204,0.0,0.0,,0.0,0.0,0.0,1.0,True
RandomWalk,5,model,0.0005,1,True,False,204,0.0,0.0,,0.0,0.0,0.0,1.0,True
RandomWalk,5,model,0.0005,2,True,False,204,0.0,0.0,,0.0,0.0,0.0,1.0,True
RandomWalk,5,model,0.0005,3,True,False,203,0.0,0.0,,0.0,0.0,0.0,1.0,True
RandomWalk,5,model,0.0005,4,True,False,203,0.0,0.0,,0.0,0.0,0.0,1.0,True
RandomWalk,5,model,0.001,0,True,False,204,0.0,0.0,,0.0,0.0,0.0,1.0,True
RandomWalk,5,model,0.001,1,True,False,204,0.0,0.0,,0.0,0.0,0.0,1.0,True
RandomWalk,5,model,0.001,2,True,False,204,0.0,0.0,,0.0,0.0,0.0,1.0,True
RandomWalk,5,model,0.001,3,True,False,203,0.0,0.0,,0.0,0.0,0.0,1.0,True
RandomWalk,5,model,0.001,4,True,False,203,0.0,0.0,,0.0,0.0,0.0,1.0,True
RandomWalk,10,model,0.0,0,True,False,102,0.0,0.0,,0.0,0.0,0.0,1.0,True
RandomWalk,10,model,0.0,1,True,False,102,0.0,0.0,,0.0,0.0,0.0,1.0,True
RandomWalk,10,model,0.0,2,True,False,102,0.0,0.0,,0.0,0.0,0.0,1.0,True
RandomWalk,10,model,0.0,3,True,False,102,0.0,0.0,,0.0,0.0,0.0,1.0,True
RandomWalk,10,model,0.0,4,True,False,102,0.0,0.0,,0.0,0.0,0.0,1.0,True
RandomWalk,10,model,0.0,5,True,False,102,0.0,0.0,,0.0,0.0,0.0,1.0,True
RandomWalk,10,model,0.0,6,True,False,102,0.0,0.0,,0.0,0.0,0.0,1.0,True
RandomWalk,10,model,0.0,7,True,False,102,0.0,0.0,,0.0,0.0,0.0,1.0,True
RandomWalk,10,model,0.0,8,True,False,101,0.0,0.0,,0.0,0.0,0.0,1.0,True
RandomWalk,10,model,0.0,9,True,False,101,0.0,0.0,,0.0,0.0,0.0,1.0,True
RandomWalk,10,model,0.0005,0,True,False,102,0.0,0.0,,0.0,0.0,0.0,1.0,True
RandomWalk,10,model,0.0005,1,True,False,102,0.0,0.0,,0.0,0.0,0.0,1.0,True
RandomWalk,10,model,0.0005,2,True,False,102,0.0,0.0,,0.0,0.0,0.0,1.0,True
RandomWalk,10,model,0.0005,3,True,False,102,0.0,0.0,,0.0,0.0,0.0,1.0,True
RandomWalk,10,model,0.0005,4,True,False,102,0.0,0.0,,0.0,0.0,0.0,1.0,True
RandomWalk,10,model,0.0005,5,True,False,102,0.0,0.0,,0.0,0.0,0.0,1.0,True
RandomWalk,10,model,0.0005,6,True,False,102,0.0,0.0,,0.0,0.0,0.0,1.0,True
RandomWalk,10,model,0.0005,7,True,False,102,0.0,0.0,,0.0,0.0,0.0,1.0,True
RandomWalk,10,model,0.0005,8,True,False,101,0.0,0.0,,0.0,0.0,0.0,1.0,True
RandomWalk,10,model,0.0005,9,True,False,101,0.0,0.0,,0.0,0.0,0.0,1.0,True
RandomWalk,10,model,0.001,0,True,False,102,0.0,0.0,,0.0,0.0,0.0,1.0,True
RandomWalk,10,model,0.001,1,True,False,102,0.0,0.0,,0.0,0.0,0.0,1.0,True
RandomWalk,10,model,0.001,2,True,False,102,0.0,0.0,,0.0,0.0,0.0,1.0,True
RandomWalk,10,model,0.001,3,True,False,102,0.0,0.0,,0.0,0.0,0.0,1.0,True
RandomWalk,10,model,0.001,4,True,False,102,0.0,0.0,,0.0,0.0,0.0,1.0,True
RandomWalk,10,model,0.001,5,True,False,102,0.0,0.0,,0.0,0.0,0.0,1.0,True
RandomWalk,10,model,0.001,6,True,False,102,0.0,0.0,,0.0,0.0,0.0,1.0,True
RandomWalk,10,model,0.001,7,True,False,102,0.0,0.0,,0.0,0.0,0.0,1.0,True
RandomWalk,10,model,0.001,8,True,False,101,0.0,0.0,,0.0,0.0,0.0,1.0,True
RandomWalk,10,model,0.001,9,True,False,101,0.0,0.0,,0.0,0.0,0.0,1.0,True
RandomWalk,20,model,0.0,0,True,False,51,0.0,0.0,,0.0,0.0,0.0,1.0,True
RandomWalk,20,model,0.0,1,True,False,51,0.0,0.0,,0.0,0.0,0.0,1.0,True
RandomWalk,20,model,0.0,2,True,False,51,0.0,0.0,,0.0,0.0,0.0,1.0,True
RandomWalk,20,model,0.0,3,True,False,51,0.0,0.0,,0.0,0.0,0.0,1.0,True
RandomWalk,20,model,0.0,4,True,False,51,0.0,0.0,,0.0,0.0,0.0,1.0,True
RandomWalk,20,model,0.0,5,True,False,51,0.0,0.0,,0.0,0.0,0.0,1.0,True
RandomWalk,20,model,0.0,6,True,False,51,0.0,0.0,,0.0,0.0,0.0,1.0,True
RandomWalk,20,model,0.0,7,True,False,51,0.0,0.0,,0.0,0.0,0.0,1.0,True
RandomWalk,20,model,0.0,8,True,False,51,0.0,0.0,,0.0,0.0,0.0,1.0,True
RandomWalk,20,model,0.0,9,True,False,51,0.0,0.0,,0.0,0.0,0.0,1.0,True
RandomWalk,20,model,0.0,10,True,False,51,0.0,0.0,,0.0,0.0,0.0,1.0,True
RandomWalk,20,model,0.0,11,True,False,51,0.0,0.0,,0.0,0.0,0.0,1.0,True
RandomWalk,20,model,0.0,12,True,False,51,0.0,0.0,,0.0,0.0,0.0,1.0,True
RandomWalk,20,model,0.0,13,True,False,51,0.0,0.0,,0.0,0.0,0.0,1.0,True
RandomWalk,20,model,0.0,14,True,False,51,0.0,0.0,,0.0,0.0,0.0,1.0,True
RandomWalk,20,model,0.0,15,True,False,51,0.0,0.0,,0.0,0.0,0.0,1.0,True
RandomWalk,20,model,0.0,16,True,False,51,0.0,0.0,,0.0,0.0,0.0,1.0,True
RandomWalk,20,model,0.0,17,True,False,51,0.0,0.0,,0.0,0.0,0.0,1.0,True
RandomWalk,20,model,0.0,18,True,False,50,0.0,0.0,,0.0,0.0,0.0,1.0,True
RandomWalk,20,model,0.0,19,True,False,50,0.0,0.0,,0.0,0.0,0.0,1.0,True
RandomWalk,20,model,0.0005,0,True,False,51,0.0,0.0,,0.0,0.0,0.0,1.0,True
RandomWalk,20,model,0.0005,1,True,False,51,0.0,0.0,,0.0,0.0,0.0,1.0,True
RandomWalk,20,model,0.0005,2,True,False,51,0.0,0.0,,0.0,0.0,0.0,1.0,True
RandomWalk,20,model,0.0005,3,True,False,51,0.0,0.0,,0.0,0.0,0.0,1.0,True
RandomWalk,20,model,0.0005,4,True,False,51,0.0,0.0,,0.0,0.0,0.0,1.0,True
RandomWalk,20,model,0.0005,5,True,False,51,0.0,0.0,,0.0,0.0,0.0,1.0,True
RandomWalk,20,model,0.0005,6,True,False,51,0.0,0.0,,0.0,0.0,0.0,1.0,True
RandomWalk,20,model,0.0005,7,True,False,51,0.0,0.0,,0.0,0.0,0.0,1.0,True
RandomWalk,20,model,0.0005,8,True,False,51,0.0,0.0,,0.0,0.0,0.0,1.0,True
RandomWalk,20,model,0.0005,9,True,False,51,0.0,0.0,,0.0,0.0,0.0,1.0,True
RandomWalk,20,model,0.0005,10,True,False,51,0.0,0.0,,0.0,0.0,0.0,1.0,True
RandomWalk,20,model,0.0005,11,True,False,51,0.0,0.0,,0.0,0.0,0.0,1.0,True
RandomWalk,20,model,0.0005,12,True,False,51,0.0,0.0,,0.0,0.0,0.0,1.0,True
RandomWalk,20,model,0.0005,13,True,False,51,0.0,0.0,,0.0,0.0,0.0,1.0,True
RandomWalk,20,model,0.0005,14,True,False,51,0.0,0.0,,0.0,0.0,0.0,1.0,True
RandomWalk,20,model,0.0005,15,True,False,51,0.0,0.0,,0.0,0.0,0.0,1.0,True
RandomWalk,20,model,0.0005,16,True,False,51,0.0,0.0,,0.0,0.0,0.0,1.0,True
RandomWalk,20,model,0.0005,17,True,False,51,0.0,0.0,,0.0,0.0,0.0,1.0,True
RandomWalk,20,model,0.0005,18,True,False,50,0.0,0.0,,0.0,0.0,0.0,1.0,True
RandomWalk,20,model,0.0005,19,True,False,50,0.0,0.0,,0.0,0.0,0.0,1.0,True
RandomWalk,20,model,0.001,0,True,False,51,0.0,0.0,,0.0,0.0,0.0,1.0,True
RandomWalk,20,model,0.001,1,True,False,51,0.0,0.0,,0.0,0.0,0.0,1.0,True
RandomWalk,20,model,0.001,2,True,False,51,0.0,0.0,,0.0,0.0,0.0,1.0,True
RandomWalk,20,model,0.001,3,True,False,51,0.0,0.0,,0.0,0.0,0.0,1.0,True
RandomWalk,20,model,0.001,4,True,False,51,0.0,0.0,,0.0,0.0,0.0,1.0,True
RandomWalk,20,model,0.001,5,True,False,51,0.0,0.0,,0.0,0.0,0.0,1.0,True
RandomWalk,20,model,0.001,6,True,False,51,0.0,0.0,,0.0,0.0,0.0,1.0,True
RandomWalk,20,model,0.001,7,True,False,51,0.0,0.0,,0.0,0.0,0.0,1.0,True
RandomWalk,20,model,0.001,8,True,False,51,0.0,0.0,,0.0,0.0,0.0,1.0,True
RandomWalk,20,model,0.001,9,True,False,51,0.0,0.0,,0.0,0.0,0.0,1.0,True
RandomWalk,20,model,0.001,10,True,False,51,0.0,0.0,,0.0,0.0,0.0,1.0,True
RandomWalk,20,model,0.001,11,True,False,51,0.0,0.0,,0.0,0.0,0.0,1.0,True
RandomWalk,20,model,0.001,12,True,False,51,0.0,0.0,,0.0,0.0,0.0,1.0,True
RandomWalk,20,model,0.001,13,True,False,51,0.0,0.0,,0.0,0.0,0.0,1.0,True
RandomWalk,20,model,0.001,14,True,False,51,0.0,0.0,,0.0,0.0,0.0,1.0,True
RandomWalk,20,model,0.001,15,True,False,51,0.0,0.0,,0.0,0.0,0.0,1.0,True
RandomWalk,20,model,0.001,16,True,False,51,0.0,0.0,,0.0,0.0,0.0,1.0,True
RandomWalk,20,model,0.001,17,True,False,51,0.0,0.0,,0.0,0.0,0.0,1.0,True
RandomWalk,20,model,0.001,18,True,False,50,0.0,0.0,,0.0,0.0,0.0,1.0,True
RandomWalk,20,model,0.001,19,True,False,50,0.0,0.0,,0.0,0.0,0.0,1.0,True
Ridge,1,model,0.0,0,True,False,1018,0.0003550889450117938,0.004637708644346574,1.2154412196049402,-0.07443981478609363,0.5333988212180747,0.7367387033398821,1.0,True
Ridge,1,model,0.0005,0,True,False,1018,0.0002780625196562666,0.0036342058057602187,1.2145998029705927,-0.10043293896411676,0.29273084479371314,0.593320235756385,1.0,True
Ridge,1,model,0.001,0,True,False,1018,0.0002851051641225675,0.0027326793911655943,1.6562148436597004,-0.041627960696689614,0.16011787819253437,0.34479371316306484,1.0,True
Ridge,5,model,0.0,0,True,False,204,0.0006893942145435647,0.010285283605300887,0.4758462282725991,-0.1182668668853103,0.5147058823529411,0.30392156862745096,1.0,True
Ridge,5,model,0.0,1,True,False,204,0.0008520154141223019,0.01031683466582581,0.5862950794093847,-0.10069744380288226,0.5392156862745098,0.2647058823529412,1.0,True
Ridge,5,model,0.0,2,True,False,204,0.00023442331076165885,0.009632729274863671,0.17276935372033983,-0.14010007008048952,0.5049019607843137,0.30392156862745096,1.0,True
Ridge,5,model,0.0,3,True,False,203,0.0010063070471860304,0.009803198207685881,0.7287490451163637,-0.09880811038476278,0.5517241379310345,0.2561576354679803,1.0,True
Ridge,5,model,0.0,4,True,False,203,0.000527032719544512,0.009927113928823767,0.3769032135000875,-0.12248614293018933,0.4975369458128079,0.27586206896551724,1.0,True
Ridge,5,model,0.0005,0,True,False,204,0.0008839039918467998,0.009984623057177074,0.6284759882976716,-0.11818283921014583,0.4803921568627451,0.29411764705882354,1.0,True
Ridge,5,model,0.0005,1,True,False,204,0.0008109742627788935,0.009765690981320931,0.5895482603105715,-0.11112618583597111,0.46078431372549017,0.29901960784313725,1.0,True
Ridge,5,model,0.0005,2,True,False,204,5.700085947987895e-05,0.00908114131918016,0.044561134404016704,-0.14744070386556674,0.4411764705882353,0.2696078431372549,1.0,True
Ridge,5,model,0.0005,3,True,False,203,0.001004983560988525,0.008978009160795311,0.7946834743908846,-0.08709530323757397,0.5123152709359606,0.2857142857142857,1.0,True
Ridge,5,model,0.0005,4,True,False,203,0.0009335330841842522,0.009349123993428472,0.7088821853357536,-0.08893312801440467,0.458128078817734,0.3054187192118227,1.0,True
Ridge,5,model,0.001,0,True,False,204,0.0002968062174938179,0.00911337625204371,0.23121125004617293,-0.11783719272004811,0.36764705882352944,0.2107843137254902,1.0,True
Ridge,5,model,0.001,1,True,False,204,0.0004242230978768985,0.009026536633325387,0.3336479265291124,-0.12394046710336248,0.37254901960784315,0.2696078431372549,1.0,True
Ridge,5,model,0.001,2,True,False,204,0.0002562458281981365,0.008651442039082547,0.21027302826857416,-0.12174647974806163,0.39215686274509803,0.20098039215686275,1.0,True
Ridge,5,model,0.001,3,True,False,203,0.0007964385150387246,0.008353721326198528,0.6768423719176146,-0.09150178168425094,0.4236453201970443,0.31527093596059114,1.0,True
Ridge,5,model,0.001,4,True,False,203,0.0008503918793267044,0.008965553416104829,0.6733754366073564,-0.09429762285832022,0.39901477832512317,0.33004926108374383,1.0,True
Ridge,10,model,0.0,0,True,False,102,0.001148724910788705,0.014699649722168003,0.39229188416297167,-0.10940148302239694,0.5294117647058824,0.2549019607843137,1.0,True
Ridge,10,model,0.0,1,True,False,102,0.001761722455263573,0.014580084463581946,0.6065655215570885,-0.10245408769222442,0.5,0.17647058823529413,1.0,True
Ridge,10,model,0.0,2,True,False,102,0.0010060508558020081,0.013952598106910784,0.36196378449101685,-0.09068470609744927,0.49019607843137253,0.21568627450980393,1.0,True
Ridge,10,model,0.0,3,True,False,102,0.0024751002340444362,0.014662818302986207,0.8473749253518507,-0.08459076360310958,0.5980392156862745,0.27450980392156865,1.0,True
Ridge,10,model,0.0,4,True,False,102,-0.00018908567969103544,0.014706904454430026,-0.06454128954643293,-0.16668294516763915,0.49019607843137253,0.2549019607843137,1.0,True
Ridge,10,model,0.0,5,True,False,102,0.0010311834087212348,0.01407155940709054,0.3678696496143026,-0.1256346548790026,0.5294117647058824,0.17647058823529413,1.0,True
Ridge,10,model,0.0,6,True,False,102,0.0007635440277401559,0.013263148876922745,0.28899325753051397,-0.12483808218996062,0.5098039215686274,0.13725490196078433,1.0,True
Ridge,10,model,0.0,7,True,False,102,0.0005376329373142176,0.01257425774016899,0.21463659973914023,-0.14731122507137173,0.5392156862745098,0.21568627450980393,1.0,True
Ridge,10,model,0.0,8,True,False,101,0.0004093589090376944,0.013421141887942566,0.15311405179545776,-0.14234570046722872,0.5841584158415841,0.13861386138613863,1.0,True
Ridge,10,model,0.0,9,True,False,101,0.0006767359259108752,0.014194037533226884,0.23933904489278965,-0.10194598495751783,0.5346534653465347,0.13861386138613863,1.0,True
Ridge,10,model,0.0005,0,True,False,102,0.0013082382574966227,0.014243087685939463,0.46108709545214943,-0.09214446102935925,0.49019607843137253,0.21568627450980393,1.0,True
Ridge,10,model,0.0005,1,True,False,102,0.0015092401942732529,0.014100246534320298,0.5373186651368671,-0.10245408769222442,0.46078431372549017,0.19607843137254902,1.0,True
Ridge,10,model,0.0005,2,True,False,102,0.000875228047410044,0.013755644334420152,0.3194041530444916,-0.09068470609744927,0.46078431372549017,0.21568627450980393,1.0,True
Ridge,10,model,0.0005,3,True,False,102,0.002501654938852659,0.014533876655066474,0.8640645867005924,-0.08459076360310958,0.5588235294117647,0.28431372549019607,1.0,True
Ridge,10,model,0.0005,4,True,False,102,-6.238335184889e-06,0.014501312432617727,-0.002159542057549686,-0.16835239364003718,0.47058823529411764,0.21568627450980393,1.0,True
Ridge,10,model,0.0005,5,True,False,102,0.0013297283886422057,0.013341714302691115,0.5003242748347998,-0.12128869030395029,0.49019607843137253,0.17647058823529413,1.0,True
Ridge,10,model,0.0005,6,True,False,102,0.0008930092351256261,0.013160503356470026,0.3406306476817542,-0.11609993674246355,0.49019607843137253,0.14705882352941177,1.0,True
Ridge,10,model,0.0005,7,True,False,102,0.0008178402735039178,0.011682369518106405,0.3514291842266607,-0.11469837876775602,0.5098039215686274,0.19607843137254902,1.0,True
Ridge,10,model,0.0005,8,True,False,101,0.0004899568289642646,0.013287345322424307,0.1851057304110168,-0.1358680298285616,0.5643564356435643,0.15841584158415842,1.0,True
Ridge,10,model,0.0005,9,True,False,101,0.0005256288119490218,0.013907151561122313,0.18973228866581215,-0.12595168695803738,0.504950495049505,0.16831683168316833,1.0,True
Ridge,10,model,0.001,0,True,False,102,0.0010563461495471823,0.013723141078313288,0.38641412740673026,-0.09214446102935925,0.46078431372549017,0.21568627450980393,1.0,True
Ridge,10,model,0.001,1,True,False,102,0.001174643236225519,0.013962818908309383,0.4223117327420139,-0.10245408769222442,0.43137254901960786,0.2549019607843137,1.0,True
Ridge,10,model,0.001,2,True,False,102,0.000639859386460144,0.013294628187574868,0.24160650318336255,-0.11850491063622826,0.4411764705882353,0.20588235294117646,1.0,True
Ridge,10,model,0.001,3,True,False,102,0.002641537507517771,0.014391852702851385,0.9213833215619436,-0.08459076360310969,0.5294117647058824,0.30392156862745096,1.0,True
Ridge,10,model,0.001,4,True,False,102,0.0009465173852881136,0.013526890631046923,0.3512617713663703,-0.11062581576421071,0.43137254901960786,0.24509803921568626,1.0,True
Ridge,10,model,0.001,5,True,False,102,0.0010501715169085849,0.01297317609215802,0.4063630322877597,-0.12204187001425315,0.45098039215686275,0.21568627450980393,1.0,True
Ridge,10,model,0.001,6,True,False,102,0.0010261410088579126,0.01199750871365304,0.4293547189784983,-0.11352413255054972,0.45098039215686275,0.20588235294117646,1.0,True
Ridge,10,model,0.001,7,True,False,102,0.001040004038984353,0.011412998176110179,0.457441485624817,-0.09511952334636775,0.4803921568627451,0.22549019607843138,1.0,True
Ridge,10,model,0.001,8,True,False,101,0.0005433726566855319,0.013210760671299494,0.20647630791529092,-0.13628323834776812,0.5247524752475248,0.16831683168316833,1.0,True
Ridge,10,model,0.001,9,True,False,101,9.662661014764453e-05,0.013276847242547666,0.03653440642938955,-0.16993034557633802,0.43564356435643564,0.22772277227722773,1.0,True
Ridge,20,model,0.0,0,True,False,51,0.0010805543471640161,0.019185877865335724,0.19991722367880024,-0.09147293311238336,0.49019607843137253,0.35294117647058826,1.0,True
Ridge,20,model,0.0,1,True,False,51,0.002165567895732398,0.019218487340332796,0.39997963065443315,-0.14291492599732003,0.5686274509803921,0.35294117647058826,1.0,True
Ridge,20,model,0.0,2,True,False,51,0.0009242176544810261,0.01963289649944097,0.16709950203266138,-0.1106305574676737,0.5686274509803921,0.23529411764705882,1.0,True
Ridge,20,model,0.0,3,True,False,51,0.0031384592746648713,0.02132702898654766,0.5223618013546465,-0.11754311349983704,0.5686274509803921,0.19607843137254902,1.0,True
Ridge,20,model,0.0,4,True,False,51,0.002846518413839152,0.0201487855617853,0.5014762797101043,-0.14105215685204187,0.5098039215686274,0.5098039215686274,1.0,True
Ridge,20,model,0.0,5,True,False,51,0.0035307313863112643,0.019515566094592308,0.6421977760583445,-0.10204932541539391,0.6078431372549019,0.35294117647058826,1.0,True
Ridge,20,model,0.0,6,True,False,51,0.002456387351529351,0.019872115075685967,0.43877111705008887,-0.1057104981617566,0.5490196078431373,0.19607843137254902,1.0,True
Ridge,20,model,0.0,7,True,False,51,0.00045154174492998236,0.01964602579043296,0.0815846528015859,-0.12985391295296433,0.49019607843137253,0.19607843137254902,1.0,True
Ridge,20,model,0.0,8,True,False,51,0.0015406609598392002,0.01989578233807431,0.27487252329875683,-0.10809878936738182,0.5294117647058824,0.27450980392156865,1.0,True
Ridge,20,model,0.0,9,True,False,51,0.0013119489954902352,0.0218819909614273,0.2128214459742569,-0.10048034622165525,0.47058823529411764,0.19607843137254902,1.0,True
Ridge,20,model,0.0,10,True,False,51,0.002017770838297534,0.021799100038008556,0.3285629198242038,-0.09446514827027608,0.5098039215686274,0.19607843137254902,1.0,True
Ridge,20,model,0.0,11,True,False,51,0.0021584808890052058,0.020599517173197458,0.37194304242040055,-0.0974962684481464,0.5686274509803921,0.19607843137254902,1.0,True
Ridge,20,model,0.0,12,True,False,51,0.003188973291424614,0.020139163098166196,0.5620756034284173,-0.1023763339909729,0.5882352941176471,0.27450980392156865,1.0,True
Ridge,20,model,0.0,13,True,False,51,0.0029832909331328704,0.020319137650743762,0.5211654395962732,-0.09996915312954935,0.5882352941176471,0.27450980392156865,1.0,True
Ridge,20,model,0.0,14,True,False,51,0.003176497643956286,0.019819915317306435,0.5688948673579077,-0.08885443840664731,0.5686274509803921,0.27450980392156865,1.0,True
Ridge,20,model,0.0,15,True,False,51,0.001778289592700438,0.020396847852134838,0.3094743810653188,-0.09916662357552686,0.5490196078431373,0.19607843137254902,1.0,True
Ridge,20,model,0.0,16,True,False,51,0.001818168010948545,0.02092340258600759,0.3084515618614851,-0.11168954680186394,0.5098039215686274,0.27450980392156865,1.0,True
Ridge,20,model,0.0,17,True,False,51,0.0018546071868680623,0.019844076824498947,0.3317464706730725,-0.095970752403298,0.5294117647058824,0.35294117647058826,1.0,True
Ridge,20,model,0.0,18,True,False,50,0.0020971547409586043,0.020746105879213175,0.35882207978456326,-0.0913436995949447,0.52,0.28,1.0,True
Ridge,20,model,0.0,19,True,False,50,0.002047569579674852,0.019382931547073906,0.37497686968717175,-0.09322786647341885,0.52,0.28,1.0,True
Ridge,20,model,0.0005,0,True,False,51,0.0010805543471640161,0.019185877865335724,0.19991722367880024,-0.09147293311238336,0.49019607843137253,0.35294117647058826,1.0,True
Ridge,20,model,0.0005,1,True,False,51,0.0019029440566104585,0.019150511919766206,0.3527206659179525,-0.1558447641289138,0.5294117647058824,0.37254901960784315,1.0,True
Ridge,20,model,0.0005,2,True,False,51,0.00025018717460738126,0.0192276008458459,0.046187580995222965,-0.135387421318231,0.5294117647058824,0.2549019607843137,1.0,True
Ridge,20,model,0.0005,3,True,False,51,0.0031384592746648713,0.02132702898654766,0.5223618013546465,-0.11754311349983704,0.5686274509803921,0.19607843137254902,1.0,True
Ridge,20,model,0.0005,4,True,False,51,0.002570841319009011,0.020083936214454007,0.45437215664926867,-0.15337544021758565,0.49019607843137253,0.43137254901960786,1.0,True
Ridge,20,model,0.0005,5,True,False,51,0.002913098058033051,0.019108725661106173,0.5411387708305745,-0.1020493254153938,0.5882352941176471,0.3137254901960784,1.0,True
Ridge,20,model,0.0005,6,True,False,51,0.002038371916535668,0.01980688106307357,0.3653024677874259,-0.11584384902052192,0.5098039215686274,0.23529411764705882,1.0,True
Ridge,20,model,0.0005,7,True,False,51,0.001058382713924102,0.019435486519118084,0.19330032938879915,-0.11036606626299128,0.49019607843137253,0.2549019607843137,1.0,True
Ridge,20,model,0.0005,8,True,False,51,0.0014730635782363903,0.019779477238943757,0.2643576940628002,-0.12131591649338991,0.49019607843137253,0.19607843137254902,1.0,True
Ridge,20,model,0.0005,9,True,False,51,0.001470810692211386,0.02066394838421879,0.25265549175308283,-0.0877341770390998,0.47058823529411764,0.23529411764705882,1.0,True
Ridge,20,model,0.0005,10,True,False,51,0.0022816908112920043,0.0216360539037596,0.3743380823512328,-0.07934342369549263,0.49019607843137253,0.23529411764705882,1.0,True
Ridge,20,model,0.0005,11,True,False,51,0.002047844700024575,0.020594663582965373,0.3529617052476848,-0.0974962684481464,0.5490196078431373,0.23529411764705882,1.0,True
Ridge,20,model,0.0005,12,True,False,51,0.0024279868275818317,0.01948890512703513,0.4422258825929526,-0.1023763339909729,0.5686274509803921,0.23529411764705882,1.0,True
Ridge,20,model,0.0005,13,True,False,51,0.0029832909331328704,0.020319137650743762,0.5211654395962732,-0.09996915312954935,0.5882352941176471,0.27450980392156865,1.0,True
Ridge,20,model,0.0005,14,True,False,51,0.002449960811257967,0.01944845642367632,0.4471562156642285,-0.08885443840664731,0.5294117647058824,0.23529411764705882,1.0,True
Ridge,20,model,0.0005,15,True,False,51,0.001778289592700438,0.020396847852134838,0.3094743810653188,-0.09916662357552686,0.5490196078431373,0.19607843137254902,1.0,True
Ridge,20,model,0.0005,16,True,False,51,0.001524426726978153,0.02084275662769081,0.2596191176068447,-0.11168954680186394,0.49019607843137253,0.27450980392156865,1.0,True
Ridge,20,model,0.0005,17,True,False,51,0.0019405826204431016,0.019826035712198757,0.347441367751819,-0.095970752403298,0.5294117647058824,0.3137254901960784,1.0,True
Ridge,20,model,0.0005,18,True,False,50,0.00224576821125117,0.020700985607880997,0.38508728513059926,-0.0913436995949447,0.52,0.28,1.0,True
Ridge,20,model,0.0005,19,True,False,50,0.0017075314342413037,0.01918294851299534,0.3159647389016956,-0.09322786647341885,0.5,0.32,1.0,True
Ridge,20,model,0.001,0,True,False,51,0.0009848186997714725,0.018901139091427373,0.18494967858457695,-0.09584387378886772,0.47058823529411764,0.27450980392156865,1.0,True
Ridge,20,model,0.001,1,True,False,51,0.0015558634460612845,0.017864435033578308,0.3091487280019451,-0.13447581033198364,0.5098039215686274,0.37254901960784315,1.0,True
Ridge,20,model,0.001,2,True,False,51,0.0001860572378825911,0.01922496309839154,0.03435313112133816,-0.13733759329743367,0.5098039215686274,0.29411764705882354,1.0,True
Ridge,20,model,0.001,3,True,False,51,0.002894958908836052,0.021290189567819855,0.4826676010256747,-0.12843415553738102,0.5490196078431373,0.23529411764705882,1.0,True
Ridge,20,model,0.001,4,True,False,51,0.002159164980515405,0.018715744641496945,0.40950950766708605,-0.1297080069934754,0.47058823529411764,0.3137254901960784,1.0,True
Ridge,20,model,0.001,5,True,False,51,0.003423845098749898,0.01879741091931828,0.646548852587841,-0.0960837374559923,0.5882352941176471,0.35294117647058826,1.0,True
Ridge,20,model,0.001,6,True,False,51,0.002038371916535668,0.01980688106307357,0.3653024677874259,-0.11584384902052192,0.5098039215686274,0.23529411764705882,1.0,True
Ridge,20,model,0.001,7,True,False,51,0.000747351308335539,0.019320816102702414,0.13730444747098983,-0.12436663867762254,0.47058823529411764,0.2549019607843137,1.0,True
Ridge,20,model,0.001,8,True,False,51,0.0014730635782363903,0.019779477238943757,0.2643576940628002,-0.12131591649338991,0.49019607843137253,0.19607843137254902,1.0,True
Ridge,20,model,0.001,9,True,False,51,0.0011137074857909778,0.0205270116594272,0.19258864710437537,-0.10072967979662273,0.45098039215686275,0.23529411764705882,1.0,True
Ridge,20,model,0.001,10,True,False,51,0.0017969246847160103,0.02152943019222023,0.2962665440957889,-0.07934342369549263,0.45098039215686275,0.3137254901960784,1.0,True
Ridge,20,model,0.001,11,True,False,51,0.002047844700024575,0.020594663582965373,0.3529617052476848,-0.0974962684481464,0.5490196078431373,0.23529411764705882,1.0,True
Ridge,20,model,0.001,12,True,False,51,0.0024420627366274496,0.019339309907209005,0.4482302022525764,-0.1023763339909729,0.5490196078431373,0.27450980392156865,1.0,True
Ridge,20,model,0.001,13,True,False,51,0.0029832909331328704,0.020319137650743762,0.5211654395962732,-0.09996915312954935,0.5882352941176471,0.27450980392156865,1.0,True
Ridge,20,model,0.001,14,True,False,51,0.0021838448435097008,0.019387881627890718,0.39983121135404875,-0.08885443840664731,0.5098039215686274,0.27450980392156865,1.0,True
Ridge,20,model,0.001,15,True,False,51,0.001822271766244216,0.020384341784179284,0.3173231278124791,-0.09916662357552686,0.5098039215686274,0.3137254901960784,1.0,True
Ridge,20,model,0.001,16,True,False,51,0.001524426726978153,0.02084275662769081,0.2596191176068447,-0.11168954680186394,0.49019607843137253,0.27450980392156865,1.0,True
Ridge,20,model,0.001,17,True,False,51,0.001637433443735702,0.01978220267203873,0.29381521521913373,-0.095970752403298,0.49019607843137253,0.27450980392156865,1.0,True
Ridge,20,model,0.001,18,True,False,50,0.00224576821125117,0.020700985607880997,0.38508728513059926,-0.0913436995949447,0.52,0.28,1.0,True
Ridge,20,model,0.001,19,True,False,50,0.0012982856540834555,0.018998101679665366,0.24257459951482951,-0.09602959904459718,0.48,0.32,1.0,True
Transformer,1,model,0.0,0,True,False,1018,6.840091902028894e-05,0.004654830264231208,0.2332697145585501,-0.12827250503372278,0.4931237721021611,0.12180746561886051,1.0,True
Transformer,1,model,0.0005,0,True,False,1018,3.071021646998779e-05,0.004449129009096428,0.1095741597815105,-0.1367440938276605,0.444007858546169,0.14931237721021612,1.0,True
Transformer,1,model,0.001,0,True,False,1018,7.145262138098846e-05,0.004272115748205769,0.2655066639200711,-0.1145642276145179,0.4037328094302554,0.13261296660117877,1.0,True
Transformer,5,model,0.0,0,True,False,204,-0.0001953855281058462,0.010307285826554128,-0.1345746756834057,-0.1599901577216697,0.5294117647058824,0.3333333333333333,1.0,True
Transformer,5,model,0.0,1,True,False,204,-0.00015252035950479823,0.010344398096642466,-0.10467376915862822,-0.14166759486411817,0.5245098039215687,0.39215686274509803,1.0,True
Transformer,5,model,0.0,2,True,False,204,-0.0005584635481640366,0.009620010259631434,-0.4121303180836212,-0.17953898857851225,0.47549019607843135,0.43137254901960786,1.0,True
Transformer,5,model,0.0,3,True,False,203,-0.0005606558737489065,0.00984594744122256,-0.40425381911851077,-0.1956357500561995,0.5320197044334976,0.41379310344827586,1.0,True
Transformer,5,model,0.0,4,True,False,203,-0.0003121219780922536,0.009932463575014188,-0.2230913018314297,-0.17599227306873955,0.5024630541871922,0.39408866995073893,1.0,True
Transformer,5,model,0.0005,0,True,False,204,-0.0004324637571739716,0.00973488240991916,-0.31538009188071714,-0.19629529421814584,0.4852941176470588,0.39215686274509803,1.0,True
Transformer,5,model,0.0005,1,True,False,204,-0.00029500711286585996,0.010098315021849918,-0.20739526693552257,-0.1473912128623266,0.47549019607843135,0.39215686274509803,1.0,True
Transformer,5,model,0.0005,2,True,False,204,-0.0006877649981174956,0.009264848617495493,-0.5270077604768947,-0.18693448135770596,0.43137254901960786,0.4117647058823529,1.0,True
Transformer,5,model,0.0005,3,True,False,203,-0.0005118359256305875,0.009464296954921302,-0.3839349741002343,-0.18822108514978064,0.4876847290640394,0.3842364532019704,1.0,True
Transformer,5,model,0.0005,4,True,False,203,-0.000555076001696012,0.009454446341807294,-0.4168037504888696,-0.17018425937156312,0.458128078817734,0.41379310344827586,1.0,True
Transformer,5,model,0.001,0,True,False,204,-0.00045500211859182655,0.009460936599994118,-0.34142439999907903,-0.19456217376082197,0.44607843137254904,0.4215686274509804,1.0,True
Transformer,5,model,0.001,1,True,False,204,-0.00046218287548447436,0.009403286319352878,-0.34893895681398984,-0.19020182497948268,0.4362745098039216,0.43137254901960786,1.0,True
Transformer,5,model,0.001,2,True,False,204,-0.0007041673364152393,0.008853261930389048,-0.5646610493136831,-0.19827220373516008,0.38235294117647056,0.4117647058823529,1.0,True
Transformer,5,model,0.001,3,True,False,203,-0.00047584834800624775,0.009362827476940507,-0.3608085440080358,-0.1892186330101916,0.458128078817734,0.41379310344827586,1.0,True
Transformer,5,model,0.001,4,True,False,203,-0.0006253906698952138,0.00935113630661688,-0.4747907818759744,-0.1791129597403578,0.41379310344827586,0.41379310344827586,1.0,True
Transformer,10,model,0.0,0,True,False,102,-0.0014244970942336968,0.01468835867645703,-0.4868425953825182,-0.2316980337620682,0.5,0.3137254901960784,1.0,True
Transformer,10,model,0.0,1,True,False,102,-0.0011407792132520544,0.014650679179673252,-0.3908805954142553,-0.1895341416771258,0.46078431372549017,0.3137254901960784,1.0,True
Transformer,10,model,0.0,2,True,False,102,-0.001447627040625951,0.013928956732711752,-0.5217210598596311,-0.20746906279938926,0.49019607843137253,0.3137254901960784,1.0,True
Transformer,10,model,0.0,3,True,False,102,-0.001918694124693612,0.014769851330880131,-0.6521235622408692,-0.24512033006963563,0.4803921568627451,0.3137254901960784,1.0,True
Transformer,10,model,0.0,4,True,False,102,-0.001727977862148967,0.01460656788280506,-0.5938684633908169,-0.23190190590198623,0.4215686274509804,0.3137254901960784,1.0,True
Transformer,10,model,0.0,5,True,False,102,-0.0015449794114322725,0.014030162882642486,-0.5527900963841421,-0.21334978822755424,0.4411764705882353,0.3137254901960784,1.0,True
Transformer,10,model,0.0,6,True,False,102,-0.0017666292174108185,0.013178285130868436,-0.6729561698976864,-0.2326516190764143,0.4411764705882353,0.3137254901960784,1.0,True
Transformer,10,model,0.0,7,True,False,102,-0.0011769133904031745,0.01253399896439428,-0.47136259923440055,-0.18404632926512698,0.5,0.3137254901960784,1.0,True
Transformer,10,model,0.0,8,True,False,101,-0.0010511009625975242,0.013388055674569998,-0.3941188387469485,-0.18794707069589245,0.49504950495049505,0.31683168316831684,1.0,True
Transformer,10,model,0.0,9,True,False,101,-0.0009842428599072615,0.014186992135271201,-0.3482669121548401,-0.1769744999936096,0.504950495049505,0.3564356435643564,1.0,True
Transformer,10,model,0.0005,0,True,False,102,-0.0014244732678619027,0.014162972048284221,-0.5048939606842485,-0.23169616656327296,0.4803921568627451,0.35294117647058826,1.0,True
Transformer,10,model,0.0005,1,True,False,102,-0.0008432170967712763,0.014241211668687243,-0.29723006228879706,-0.16455831259149156,0.45098039215686275,0.3333333333333333,1.0,True
Transformer,10,model,0.0005,2,True,False,102,-0.0011030734781818019,0.013066449879557938,-0.4237864886169883,-0.1943867647111409,0.46078431372549017,0.29411764705882354,1.0,True
Transformer,10,model,0.0005,3,True,False,102,-0.0017706881523354956,0.014322804103614448,-0.6206036132866185,-0.23363775078824356,0.46078431372549017,0.35294117647058826,1.0,True
Transformer,10,model,0.0005,4,True,False,102,-0.001657793941327751,0.01419906350136711,-0.5860991844169563,-0.22638354731326094,0.4019607843137255,0.3333333333333333,1.0,True
Transformer,10,model,0.0005,5,True,False,102,-0.00148199670271681,0.014022764619824882,-0.5305347843600657,-0.20827989372678068,0.4411764705882353,0.3333333333333333,1.0,True
Transformer,10,model,0.0005,6,True,False,102,-0.0014557383848406054,0.013090658530733124,-0.5582414877729776,-0.21148932886899174,0.4411764705882353,0.3137254901960784,1.0,True
Transformer,10,model,0.0005,7,True,False,102,-0.001230804760837003,0.012459359199266815,-0.4958995694998911,-0.18851925621762022,0.49019607843137253,0.3137254901960784,1.0,True
Transformer,10,model,0.0005,8,True,False,101,-0.0009518083500303705,0.013289507129610396,-0.35953477805844425,-0.17976238245186227,0.48514851485148514,0.33663366336633666,1.0,True
Transformer,10,model,0.0005,9,True,False,101,-0.0009341705451960802,0.0141651355983403,-0.33105923245352376,-0.1728016672690309,0.48514851485148514,0.3564356435643564,1.0,True
Transformer,10,model,0.001,0,True,False,102,-0.001242802142976639,0.01384835509833607,-0.45050962364954533,-0.2250192158942408,0.46078431372549017,0.3137254901960784,1.0,True
Transformer,10,model,0.001,1,True,False,102,-0.0009742955177799018,0.01382079607222979,-0.3538815461125243,-0.17565382826972298,0.4215686274509804,0.3137254901960784,1.0,True
Transformer,10,model,0.001,2,True,False,102,-0.0010744238551742538,0.013008068850958898,-0.41463225701453904,-0.19651169929829448,0.43137254901960786,0.29411764705882354,1.0,True
Transformer,10,model,0.001,3,True,False,102,-0.0021483234057874116,0.013727424105540544,-0.7856170118461252,-0.2625958067631389,0.4215686274509804,0.3333333333333333,1.0,True
Transformer,10,model,0.001,4,True,False,102,-0.0015272913558295334,0.013679855256137881,-0.5604548889010799,-0.20698449527605778,0.38235294117647056,0.3333333333333333,1.0,True
Transformer,10,model,0.001,5,True,False,102,-0.0012108527138169085,0.013279387615177708,-0.45773438942908135,-0.18813681443772234,0.4117647058823529,0.39215686274509803,1.0,True
Transformer,10,model,0.001,6,True,False,102,-0.0020771702092622604,0.012474172755088574,-0.8359120800318662,-0.2576046330109716,0.37254901960784315,0.29411764705882354,1.0,True
Transformer,10,model,0.001,7,True,False,102,-0.0014238547201749765,0.01186777439900855,-0.6022775397862902,-0.19611271095082805,0.43137254901960786,0.35294117647058826,1.0,True
Transformer,10,model,0.001,8,True,False,101,-0.0008968363051796815,0.013070230909710647,-0.34445317396690095,-0.1790933935394321,0.4752475247524752,0.3564356435643564,1.0,True
Transformer,10,model,0.001,9,True,False,101,-0.0007609588061743517,0.01354061935953324,-0.28211286266618074,-0.15886785047329877,0.45544554455445546,0.39603960396039606,1.0,True
Transformer,20,model,0.0,0,True,False,51,0.0014502710783972663,0.019169437451711242,0.26854995912738866,-0.10049217002237165,0.5294117647058824,0.0784313725490196,1.0,True
Transformer,20,model,0.0,1,True,False,51,0.0012324819385453195,0.019310651027546394,0.22655253215219556,-0.10504126300681671,0.5098039215686274,0.0784313725490196,1.0,True
Transformer,20,model,0.0,2,True,False,51,0.0010963816422572923,0.019625204043751482,0.19830462665844556,-0.10823658469695496,0.5098039215686274,0.0784313725490196,1.0,True
Transformer,20,model,0.0,3,True,False,51,0.0010519436434061056,0.02154745559016505,0.17329329198076354,-0.12341461019336597,0.5490196078431373,0.0784313725490196,1.0,True
Transformer,20,model,0.0,4,True,False,51,0.0008322132801834181,0.02036233160531638,0.14507494301393306,-0.13561458698772422,0.5490196078431373,0.0784313725490196,1.0,True
Transformer,20,model,0.0,5,True,False,51,0.0011240349475637118,0.01982842799169691,0.20122262132622099,-0.12408880385419596,0.5490196078431373,0.0784313725490196,1.0,True
Transformer,20,model,0.0,6,True,False,51,0.0009256024691520133,0.020007904858693477,0.16421323752620723,-0.1261319062992743,0.5098039215686274,0.0784313725490196,1.0,True
Transformer,20,model,0.0,7,True,False,51,0.0011783755385313397,0.019615717182007927,0.21323809786976458,-0.11418126118433414,0.49019607843137253,0.0784313725490196,1.0,True
Transformer,20,model,0.0,8,True,False,51,0.0009762968012729928,0.0199403469930062,0.17379385936488795,-0.12742251681357386,0.5490196078431373,0.0784313725490196,1.0,True
Transformer,20,model,0.0,9,True,False,51,0.0008656839568019637,0.021908618804977537,0.14025864617881456,-0.1363841661485844,0.5098039215686274,0.0784313725490196,1.0,True
Transformer,20,model,0.0,10,True,False,51,0.0009518664430649259,0.02187681530018034,0.15444618632349827,-0.13059710407898928,0.49019607843137253,0.0784313725490196,1.0,True
Transformer,20,model,0.0,11,True,False,51,0.0010998722530154964,0.0206876168326606,0.18871962061239583,-0.11846751369196629,0.5686274509803921,0.0784313725490196,1.0,True
Transformer,20,model,0.0,12,True,False,51,0.0011984193237552178,0.02036853829840889,0.20884987118092796,-0.1205805789223181,0.5686274509803921,0.0784313725490196,1.0,True
Transformer,20,model,0.0,13,True,False,51,0.001194602901341361,0.02051427017373148,0.20670584954586974,-0.11544970804040999,0.5686274509803921,0.0784313725490196,1.0,True
Transformer,20,model,0.0,14,True,False,51,0.001141030034584313,0.02005591144536919,0.2019481808513574,-0.11998596890223501,0.5294117647058824,0.0784313725490196,1.0,True
Transformer,20,model,0.0,15,True,False,51,0.0007509118616580334,0.020473732810715913,0.1301898737680004,-0.13860766885961873,0.49019607843137253,0.0784313725490196,1.0,True
Transformer,20,model,0.0,16,True,False,51,0.0006280812553712389,0.02100624502168365,0.1061335468536145,-0.14344971220799652,0.5098039215686274,0.0784313725490196,1.0,True
Transformer,20,model,0.0,17,True,False,51,0.0005005760215789568,0.01993841499237849,0.08911784659812902,-0.13611978806667957,0.43137254901960786,0.0784313725490196,1.0,True
Transformer,20,model,0.0,18,True,False,50,0.0006547530822391287,0.020856435091694683,0.11143528956105003,-0.1369991552446519,0.52,0.08,1.0,True
Transformer,20,model,0.0,19,True,False,50,0.000565862236757408,0.019501074589210642,0.10300005131262471,-0.1403806109441954,0.48,0.08,1.0,True
Transformer,20,model,0.0005,0,True,False,51,0.0014502710783972663,0.019169437451711242,0.26854995912738866,-0.10049217002237165,0.5294117647058824,0.0784313725490196,1.0,True
Transformer,20,model,0.0005,1,True,False,51,0.0012324819385453195,0.019310651027546394,0.22655253215219556,-0.10504126300681671,0.5098039215686274,0.0784313725490196,1.0,True
Transformer,20,model,0.0005,2,True,False,51,0.0010963816422572923,0.019625204043751482,0.19830462665844556,-0.10823658469695496,0.5098039215686274,0.0784313725490196,1.0,True
Transformer,20,model,0.0005,3,True,False,51,0.0010519436434061056,0.02154745559016505,0.17329329198076354,-0.12341461019336597,0.5490196078431373,0.0784313725490196,1.0,True
Transformer,20,model,0.0005,4,True,False,51,0.0008322132801834181,0.02036233160531638,0.14507494301393306,-0.13561458698772422,0.5490196078431373,0.0784313725490196,1.0,True
Transformer,20,model,0.0005,5,True,False,51,0.0011240349475637118,0.01982842799169691,0.20122262132622099,-0.12408880385419596,0.5490196078431373,0.0784313725490196,1.0,True
Transformer,20,model,0.0005,6,True,False,51,0.0009256024691520133,0.020007904858693477,0.16421323752620723,-0.1261319062992743,0.5098039215686274,0.0784313725490196,1.0,True
Transformer,20,model,0.0005,7,True,False,51,0.0011783755385313397,0.019615717182007927,0.21323809786976458,-0.11418126118433414,0.49019607843137253,0.0784313725490196,1.0,True
Transformer,20,model,0.0005,8,True,False,51,0.0009762968012729928,0.0199403469930062,0.17379385936488795,-0.12742251681357386,0.5490196078431373,0.0784313725490196,1.0,True
Transformer,20,model,0.0005,9,True,False,51,0.0008656839568019637,0.021908618804977537,0.14025864617881456,-0.1363841661485844,0.5098039215686274,0.0784313725490196,1.0,True
Transformer,20,model,0.0005,10,True,False,51,0.0009518664430649259,0.02187681530018034,0.15444618632349827,-0.13059710407898928,0.49019607843137253,0.0784313725490196,1.0,True
Transformer,20,model,0.0005,11,True,False,51,0.0010998722530154964,0.0206876168326606,0.18871962061239583,-0.11846751369196629,0.5686274509803921,0.0784313725490196,1.0,True
Transformer,20,model,0.0005,12,True,False,51,0.0011984193237552178,0.02036853829840889,0.20884987118092796,-0.1205805789223181,0.5686274509803921,0.0784313725490196,1.0,True
Transformer,20,model,0.0005,13,True,False,51,0.001194602901341361,0.02051427017373148,0.20670584954586974,-0.11544970804040999,0.5686274509803921,0.0784313725490196,1.0,True
Transformer,20,model,0.0005,14,True,False,51,0.001141030034584313,0.02005591144536919,0.2019481808513574,-0.11998596890223501,0.5294117647058824,0.0784313725490196,1.0,True
Transformer,20,model,0.0005,15,True,False,51,0.0007509118616580334,0.020473732810715913,0.1301898737680004,-0.13860766885961873,0.49019607843137253,0.0784313725490196,1.0,True
Transformer,20,model,0.0005,16,True,False,51,0.0006280812553712389,0.02100624502168365,0.1061335468536145,-0.14344971220799652,0.5098039215686274,0.0784313725490196,1.0,True
Transformer,20,model,0.0005,17,True,False,51,0.0005005760215789568,0.01993841499237849,0.08911784659812902,-0.13611978806667957,0.43137254901960786,0.0784313725490196,1.0,True
Transformer,20,model,0.0005,18,True,False,50,0.0006547530822391287,0.020856435091694683,0.11143528956105003,-0.1369991552446519,0.52,0.08,1.0,True
Transformer,20,model,0.0005,19,True,False,50,0.000565862236757408,0.019501074589210642,0.10300005131262471,-0.1403806109441954,0.48,0.08,1.0,True
Transformer,20,model,0.001,0,True,False,51,0.0014502710783972663,0.019169437451711242,0.26854995912738866,-0.10049217002237165,0.5294117647058824,0.0784313725490196,1.0,True
Transformer,20,model,0.001,1,True,False,51,0.0012324819385453195,0.019310651027546394,0.22655253215219556,-0.10504126300681671,0.5098039215686274,0.0784313725490196,1.0,True
Transformer,20,model,0.001,2,True,False,51,0.0010963816422572923,0.019625204043751482,0.19830462665844556,-0.10823658469695496,0.5098039215686274,0.0784313725490196,1.0,True
Transformer,20,model,0.001,3,True,False,51,0.0010519436434061056,0.02154745559016505,0.17329329198076354,-0.12341461019336597,0.5490196078431373,0.0784313725490196,1.0,True
Transformer,20,model,0.001,4,True,False,51,0.0008322132801834181,0.02036233160531638,0.14507494301393306,-0.13561458698772422,0.5490196078431373,0.0784313725490196,1.0,True
Transformer,20,model,0.001,5,True,False,51,0.0011240349475637118,0.01982842799169691,0.20122262132622099,-0.12408880385419596,0.5490196078431373,0.0784313725490196,1.0,True
Transformer,20,model,0.001,6,True,False,51,0.0009256024691520133,0.020007904858693477,0.16421323752620723,-0.1261319062992743,0.5098039215686274,0.0784313725490196,1.0,True
Transformer,20,model,0.001,7,True,False,51,0.0011783755385313397,0.019615717182007927,0.21323809786976458,-0.11418126118433414,0.49019607843137253,0.0784313725490196,1.0,True
Transformer,20,model,0.001,8,True,False,51,0.0009762968012729928,0.0199403469930062,0.17379385936488795,-0.12742251681357386,0.5490196078431373,0.0784313725490196,1.0,True
Transformer,20,model,0.001,9,True,False,51,0.0008656839568019637,0.021908618804977537,0.14025864617881456,-0.1363841661485844,0.5098039215686274,0.0784313725490196,1.0,True
Transformer,20,model,0.001,10,True,False,51,0.0009518664430649259,0.02187681530018034,0.15444618632349827,-0.13059710407898928,0.49019607843137253,0.0784313725490196,1.0,True
Transformer,20,model,0.001,11,True,False,51,0.0010998722530154964,0.0206876168326606,0.18871962061239583,-0.11846751369196629,0.5686274509803921,0.0784313725490196,1.0,True
Transformer,20,model,0.001,12,True,False,51,0.0011984193237552178,0.02036853829840889,0.20884987118092796,-0.1205805789223181,0.5686274509803921,0.0784313725490196,1.0,True
Transformer,20,model,0.001,13,True,False,51,0.001194602901341361,0.02051427017373148,0.20670584954586974,-0.11544970804040999,0.5686274509803921,0.0784313725490196,1.0,True
Transformer,20,model,0.001,14,True,False,51,0.001141030034584313,0.02005591144536919,0.2019481808513574,-0.11998596890223501,0.5294117647058824,0.0784313725490196,1.0,True
Transformer,20,model,0.001,15,True,False,51,0.0007509118616580334,0.020473732810715913,0.1301898737680004,-0.13860766885961873,0.49019607843137253,0.0784313725490196,1.0,True
Transformer,20,model,0.001,16,True,False,51,0.0006280812553712389,0.02100624502168365,0.1061335468536145,-0.14344971220799652,0.5098039215686274,0.0784313725490196,1.0,True
Transformer,20,model,0.001,17,True,False,51,0.0005005760215789568,0.01993841499237849,0.08911784659812902,-0.13611978806667957,0.43137254901960786,0.0784313725490196,1.0,True
Transformer,20,model,0.001,18,True,False,50,0.0006547530822391287,0.020856435091694683,0.11143528956105003,-0.1369991552446519,0.52,0.08,1.0,True
Transformer,20,model,0.001,19,True,False,50,0.000565862236757408,0.019501074589210642,0.10300005131262471,-0.1403806109441954,0.48,0.08,1.0,True
XGBoost,1,model,0.0,0,True,False,1018,2.3579688103214057e-06,0.004654195710709839,0.008042548434740128,-0.23123232798982873,0.4911591355599214,0.5599214145383105,1.0,True
XGBoost,1,model,0.0005,0,True,False,1018,8.752810796577494e-05,0.0025380407421651467,0.547456002320668,-0.05321624177793427,0.09037328094302555,0.16208251473477406,1.0,True
XGBoost,1,model,0.001,0,True,False,1018,8.714145200021671e-05,0.001782803429553932,0.7759283173535231,-0.04074069313025197,0.030451866404715127,0.0756385068762279,1.0,True
XGBoost,5,model,0.0,0,True,False,204,0.0013306827749441277,0.010210629934949183,0.9252035002016785,-0.0778457271356755,0.5588235294117647,0.39215686274509803,1.0,True
XGBoost,5,model,0.0,1,True,False,204,0.0014931397065138649,0.010228174923456913,1.0363765223597976,-0.059238151192970934,0.5686274509803921,0.37254901960784315,1.0,True
XGBoost,5,model,0.0,2,True,False,204,0.00142747931838432,0.009510263872163534,1.0655958635602085,-0.031944934698199146,0.5637254901960784,0.43137254901960786,1.0,True
XGBoost,5,model,0.0,3,True,False,203,0.0007657188038562777,0.009824094653723074,0.5533399701090919,-0.09651563372241612,0.541871921182266,0.43349753694581283,1.0,True
XGBoost,5,model,0.0,4,True,False,203,0.0012919040406046912,0.009842386437559685,0.9318480746286717,-0.08969857273169246,0.5467980295566502,0.41379310344827586,1.0,True
XGBoost,5,model,0.0005,0,True,False,204,0.0014764487106017357,0.008036358360924676,1.3042905219427352,-0.0437899053148566,0.3088235294117647,0.25980392156862747,1.0,True
XGBoost,5,model,0.0005,1,True,False,204,0.0012849917197649786,0.008219797127596873,1.1098249871733084,-0.03917272806940686,0.31862745098039214,0.2696078431372549,1.0,True
XGBoost,5,model,0.0005,2,True,False,204,0.0013639847742825868,0.007337309724765895,1.319738659037682,-0.031944934698199146,0.29901960784313725,0.28921568627450983,1.0,True
XGBoost,5,model,0.0005,3,True,False,203,0.0007761397194365727,0.008118946242300031,0.6786650926342664,-0.044424160124486356,0.2955665024630542,0.3497536945812808,1.0,True
XGBoost,5,model,0.0005,4,True,False,203,0.001205493781181462,0.007956466492342874,1.0756228123672904,-0.06775481519571813,0.3103448275862069,0.2413793103448276,1.0,True
XGBoost,5,model,0.001,0,True,False,204,0.0010341789766010977,0.007274233309599698,1.009308072783785,-0.05322143997638085,0.19607843137254902,0.18137254901960784,1.0,True
XGBoost,5,model,0.001,1,True,False,204,0.0010114059734598918,0.007367288954176574,0.9746149720977283,-0.03917272806940686,0.21568627450980393,0.18137254901960784,1.0,True
XGBoost,5,model,0.001,2,True,False,204,0.0009821947747292972,0.006593622625531311,1.0575205127467575,-0.031944934698199146,0.2107843137254902,0.20098039215686275,1.0,True
XGBoost,5,model,0.001,3,True,False,203,0.0006296126784017054,0.007085392040328171,0.6308481704342798,-0.04179580270964367,0.21674876847290642,0.22167487684729065,1.0,True
XGBoost,5,model,0.001,4,True,False,203,0.001087744974832068,0.007308586964765374,1.0565959333802006,-0.06775481519571802,0.23645320197044334,0.1724137931034483,1.0,True
XGBoost,10,model,0.0,0,True,False,102,0.0027903352522854153,0.01446507082085058,0.9683583281946784,-0.05522715871100892,0.5686274509803921,0.3333333333333333,1.0,True
XGBoost,10,model,0.0,1,True,False,102,0.003367377904799293,0.014272088778808735,1.1844168842459215,-0.05502133982553026,0.5392156862745098,0.3333333333333333,1.0,True
XGBoost,10,model,0.0,2,True,False,102,0.0038905939447961024,0.01340649224493119,1.4568036322776963,-0.03459210147016378,0.6176470588235294,0.37254901960784315,1.0,True
XGBoost,10,model,0.0,3,True,False,102,0.0038517940701529836,0.014346971241115138,1.347730642842289,-0.04285824627884427,0.6274509803921569,0.4117647058823529,1.0,True
XGBoost,10,model,0.0,4,True,False,102,0.002813438784127016,0.014408561491345366,0.9802054573707139,-0.063524223387454,0.5392156862745098,0.3333333333333333,1.0,True
XGBoost,10,model,0.0,5,True,False,102,0.003977636413725437,0.01349815440059009,1.479281961971754,-0.03488168273444292,0.6078431372549019,0.43137254901960786,1.0,True
XGBoost,10,model,0.0,6,True,False,102,0.0026295261369099366,0.012991917358951853,1.0160252778839736,-0.056597513576447156,0.5392156862745098,0.35294117647058826,1.0,True
XGBoost,10,model,0.0,7,True,False,102,0.0037322040312201474,0.011979247738817795,1.5639976692389834,-0.039993546158661464,0.5980392156862745,0.4117647058823529,1.0,True
XGBoost,10,model,0.0,8,True,False,101,0.0032288681894691003,0.01300610825341624,1.2462444072153582,-0.05205678931887814,0.594059405940594,0.33663366336633666,1.0,True
XGBoost,10,model,0.0,9,True,False,101,0.002901205985170042,0.013892301317887023,1.0483459958104513,-0.06195393169181884,0.6336633663366337,0.37623762376237624,1.0,True
XGBoost,10,model,0.0005,0,True,False,102,0.002096652156382249,0.012791643810516739,0.8228113953654418,-0.048387380565518834,0.4215686274509804,0.38235294117647056,1.0,True
XGBoost,10,model,0.0005,1,True,False,102,0.0026155454761941158,0.012827135196967075,1.023606119641307,-0.05502133982553015,0.4215686274509804,0.4019607843137255,1.0,True
XGBoost,10,model,0.0005,2,True,False,102,0.0030340994668527485,0.011680629949782835,1.3039586484757564,-0.03950413789084661,0.5,0.4019607843137255,1.0,True
XGBoost,10,model,0.0005,3,True,False,102,0.0038410785406067863,0.013241185861812476,1.456218607868849,-0.04285824627884427,0.5,0.38235294117647056,1.0,True
XGBoost,10,model,0.0005,4,True,False,102,0.002908580195382142,0.01367556993207934,1.0676671446371973,-0.03338874287712079,0.43137254901960786,0.3627450980392157,1.0,True
XGBoost,10,model,0.0005,5,True,False,102,0.003591202283472285,0.012548813871760888,1.436605289623698,-0.035453162355409185,0.49019607843137253,0.4019607843137255,1.0,True
XGBoost,10,model,0.0005,6,True,False,102,0.003336230116192253,0.011970293067157273,1.3991087913439397,-0.043987097023583166,0.46078431372549017,0.4215686274509804,1.0,True
XGBoost,10,model,0.0005,7,True,False,102,0.004228729669367838,0.010775218960666848,1.9700810296070885,-0.03194493469819926,0.5098039215686274,0.38235294117647056,1.0,True
XGBoost,10,model,0.0005,8,True,False,101,0.003470342133170184,0.011723773902172264,1.4859531915823656,-0.036934852260591344,0.48514851485148514,0.40594059405940597,1.0,True
XGBoost,10,model,0.0005,9,True,False,101,0.0031166236424863512,0.012242169775907589,1.277986402974571,-0.061953931691819064,0.48514851485148514,0.40594059405940597,1.0,True
XGBoost,10,model,0.001,0,True,False,102,0.0015515421898862724,0.011831073733343937,0.6583240164079787,-0.048387380565518834,0.3235294117647059,0.3627450980392157,1.0,True
XGBoost,10,model,0.001,1,True,False,102,0.0018403310774672509,0.012172790856093551,0.7589376009041326,-0.05550994447027868,0.29411764705882354,0.38235294117647056,1.0,True
XGBoost,10,model,0.001,2,True,False,102,0.0021420180355282525,0.010843972655730196,0.9915964877472441,-0.04086304244753669,0.3627450980392157,0.3431372549019608,1.0,True
XGBoost,10,model,0.001,3,True,False,102,0.003729128888721169,0.012212826065247734,1.5328211791362245,-0.04285824627884427,0.43137254901960786,0.30392156862745096,1.0,True
XGBoost,10,model,0.001,4,True,False,102,0.003600080286979817,0.012005184808593743,1.5053712124147596,-0.0380252958426881,0.3627450980392157,0.38235294117647056,1.0,True
XGBoost,10,model,0.001,5,True,False,102,0.0042433224516679755,0.01044889377719225,2.038618642724391,-0.03488168273444281,0.4215686274509804,0.3627450980392157,1.0,True
XGBoost,10,model,0.001,6,True,False,102,0.003715350042089566,0.010695397476020531,1.7438257185489576,-0.03917272806940686,0.4117647058823529,0.38235294117647056,1.0,True
XGBoost,10,model,0.001,7,True,False,102,0.0036354686468765417,0.00982997713145714,1.8565564826143088,-0.03194493469819926,0.4117647058823529,0.3627450980392157,1.0,True
XGBoost,10,model,0.001,8,True,False,101,0.003624716181414676,0.010026846913384829,1.8147211158510501,-0.03693485226059112,0.42574257425742573,0.36633663366336633,1.0,True
XGBoost,10,model,0.001,9,True,False,101,0.0029738605948552714,0.011175959165615474,1.3357834870345449,-0.061953931691819064,0.39603960396039606,0.38613861386138615,1.0,True
XGBoost,20,model,0.0,0,True,False,51,0.007553493480718529,0.0176144929116435,1.5221693964354095,-0.05748565182940846,0.6274509803921569,0.5098039215686274,1.0,True
XGBoost,20,model,0.0,1,True,False,51,0.00845061532180873,0.017327081730050684,1.7312037389446162,-0.06280798143514599,0.6274509803921569,0.6666666666666666,1.0,True
XGBoost,20,model,0.0,2,True,False,51,0.0071670276129484674,0.01823353071201076,1.395254967419481,-0.05965050906891123,0.6862745098039216,0.7058823529411765,1.0,True
XGBoost,20,model,0.0,3,True,False,51,0.00842185591604528,0.019788785895654994,1.510685045069893,-0.06415273377820885,0.6862745098039216,0.7058823529411765,1.0,True
XGBoost,20,model,0.0,4,True,False,51,0.00852244305676812,0.018422967332156467,1.6420629368242543,-0.03168297645577001,0.6862745098039216,0.6274509803921569,1.0,True
XGBoost,20,model,0.0,5,True,False,51,0.007851072072316218,0.01816029765658371,1.5345861496664137,-0.03610510084390506,0.6666666666666666,0.6274509803921569,1.0,True
XGBoost,20,model,0.0,6,True,False,51,0.005736996556898774,0.019137786853100726,1.064089477216072,-0.03643529103086274,0.5882352941176471,0.7058823529411765,1.0,True
XGBoost,20,model,0.0,7,True,False,51,0.0075039870232431315,0.018085546826208686,1.4728065348795545,-0.027363184079602032,0.6274509803921569,0.6274509803921569,1.0,True
XGBoost,20,model,0.0,8,True,False,51,0.005955642023709299,0.018994887439503515,1.1129537929843931,-0.036934852260591344,0.6666666666666666,0.7058823529411765,1.0,True
XGBoost,20,model,0.0,9,True,False,51,0.004658725705026365,0.02138704125165016,0.7732175563944291,-0.061953931691819175,0.6666666666666666,0.6274509803921569,1.0,True
XGBoost,20,model,0.0,10,True,False,51,0.006727977117595706,0.02077505064423542,1.1495495271182667,-0.04801856479828637,0.6862745098039216,0.7843137254901961,1.0,True
XGBoost,20,model,0.0,11,True,False,51,0.007249228349316281,0.01933043292688943,1.331175978603305,-0.05110140016052822,0.6666666666666666,0.6274509803921569,1.0,True
XGBoost,20,model,0.0,12,True,False,51,0.006482227024488403,0.019287445645559568,1.1929844818367672,-0.059302531421490445,0.6666666666666666,0.7058823529411765,1.0,True
XGBoost,20,model,0.0,13,True,False,51,0.005961449208401756,0.019614503711054693,1.0788468469867114,-0.09133057252300181,0.6078431372549019,0.6274509803921569,1.0,True
XGBoost,20,model,0.0,14,True,False,51,0.006050698770288192,0.01910745822459892,1.124055839801133,-0.09568248159470161,0.6470588235294118,0.6274509803921569,1.0,True
XGBoost,20,model,0.0,15,True,False,51,0.005386034945192515,0.019725219945173615,0.9692428030375819,-0.08487102650752565,0.6274509803921569,0.6274509803921569,1.0,True
XGBoost,20,model,0.0,16,True,False,51,0.007387373698386691,0.01960006219615418,1.3378822500615157,-0.06984400516264777,0.6862745098039216,0.7058823529411765,1.0,True
XGBoost,20,model,0.0,17,True,False,51,0.006930912088674738,0.01862903570192855,1.3206425563510347,-0.038528017093592104,0.6274509803921569,0.7843137254901961,1.0,True
XGBoost,20,model,0.0,18,True,False,50,0.006755316369959984,0.019677886847949282,1.2185756808209436,-0.0444947209653086,0.56,0.52,1.0,True
XGBoost,20,model,0.0,19,True,False,50,0.006954695217732524,0.018155906407125305,1.3597073322354125,-0.039719626168223554,0.58,0.6,1.0,True
XGBoost,20,model,0.0005,0,True,False,51,0.0063258839609443215,0.016368777323842818,1.3717982768473829,-0.05416247724084289,0.5294117647058824,0.6470588235294118,1.0,True
XGBoost,20,model,0.0005,1,True,False,51,0.008596053909142315,0.015444214225500574,1.9756890187009681,-0.02205956081419891,0.5490196078431373,0.6274509803921569,1.0,True
XGBoost,20,model,0.0005,2,True,False,51,0.006945974758970926,0.01765331665850033,1.3966647165652446,-0.04424450182336104,0.5882352941176471,0.6470588235294118,1.0,True
XGBoost,20,model,0.0005,3,True,False,51,0.008520063266572687,0.01834820007196268,1.648293800298916,-0.03178551686014319,0.5882352941176471,0.6078431372549019,1.0,True
XGBoost,20,model,0.0005,4,True,False,51,0.007250179341124016,0.018388784155705995,1.3995261152889482,-0.053386370416719564,0.5490196078431373,0.5294117647058824,1.0,True
XGBoost,20,model,0.0005,5,True,False,51,0.006811823026737309,0.01775254900995882,1.3620338737358544,-0.047630869066841774,0.5294117647058824,0.6078431372549019,1.0,True
XGBoost,20,model,0.0005,6,True,False,51,0.0057177491438516505,0.017876830109115602,1.135324100804447,-0.03360944492049911,0.49019607843137253,0.6078431372549019,1.0,True
XGBoost,20,model,0.0005,7,True,False,51,0.006950420719094071,0.01680161753091238,1.4684030305278433,-0.027363184079602032,0.5490196078431373,0.6078431372549019,1.0,True
XGBoost,20,model,0.0005,8,True,False,51,0.006069045457323494,0.018495267259996572,1.164783075412258,-0.036934852260591344,0.6078431372549019,0.6470588235294118,1.0,True
XGBoost,20,model,0.0005,9,True,False,51,0.004991690733033833,0.020694641318136867,0.8561996366655323,-0.061953931691819175,0.6078431372549019,0.5882352941176471,1.0,True
XGBoost,20,model,0.0005,10,True,False,51,0.006414084906885232,0.019358539473150388,1.1761085002514224,-0.04801856479828648,0.5882352941176471,0.6274509803921569,1.0,True
XGBoost,20,model,0.0005,11,True,False,51,0.006208677976559156,0.01901264141304027,1.1591561674866895,-0.05110140016052822,0.5882352941176471,0.5882352941176471,1.0,True
XGBoost,20,model,0.0005,12,True,False,51,0.00619111955563051,0.01906337720787491,1.1528017361799248,-0.059302531421490445,0.6078431372549019,0.7058823529411765,1.0,True
XGBoost,20,model,0.0005,13,True,False,51,0.006489843797958582,0.018420554766833214,1.2505953541977222,-0.05408698912635934,0.5686274509803921,0.6274509803921569,1.0,True
XGBoost,20,model,0.0005,14,True,False,51,0.007548344791048818,0.01716667216163298,1.560813054285342,-0.032421733932426755,0.6274509803921569,0.5882352941176471,1.0,True
XGBoost,20,model,0.0005,15,True,False,51,0.006940828423922141,0.01772917231159304,1.38965860317839,-0.03078428558753099,0.6078431372549019,0.6666666666666666,1.0,True
XGBoost,20,model,0.0005,16,True,False,51,0.007490739778575193,0.017523473808868893,1.5173640106241912,-0.0276925773376564,0.6274509803921569,0.7058823529411765,1.0,True
XGBoost,20,model,0.0005,17,True,False,51,0.007592789711843209,0.016816039010517137,1.6027394923430656,-0.032005277835731594,0.5686274509803921,0.6666666666666666,1.0,True
XGBoost,20,model,0.0005,18,True,False,50,0.007355974124838781,0.01866484518093655,1.398946395207516,-0.025388359392411686,0.54,0.52,1.0,True
XGBoost,20,model,0.0005,19,True,False,50,0.008570156672824198,0.015907637472225733,1.912354265752482,-0.031329844061573686,0.54,0.58,1.0,True
XGBoost,20,model,0.001,0,True,False,51,0.00719383721204158,0.015204250098870503,1.6795033474053638,-0.03986594518451514,0.49019607843137253,0.6470588235294118,1.0,True
XGBoost,20,model,0.001,1,True,False,51,0.008093504418816068,0.014847456629605238,1.9349503040585703,-0.03399059653107883,0.49019607843137253,0.6078431372549019,1.0,True
XGBoost,20,model,0.001,2,True,False,51,0.007219393272043762,0.017145952402889388,1.4945978705429988,-0.057024953252466815,0.5490196078431373,0.6078431372549019,1.0,True
XGBoost,20,model,0.001,3,True,False,51,0.009166413652949885,0.017756561445930994,1.8324235126561181,-0.03178551686014319,0.5882352941176471,0.6078431372549019,1.0,True
XGBoost,20,model,0.001,4,True,False,51,0.00701217699848457,0.017251143406232256,1.442846920903703,-0.04827956321909288,0.49019607843137253,0.6078431372549019,1.0,True
XGBoost,20,model,0.001,5,True,False,51,0.007671536341732137,0.016460960657381552,1.6542930391957433,-0.026692593247303997,0.5098039215686274,0.5294117647058824,1.0,True
XGBoost,20,model,0.001,6,True,False,51,0.006312751881727678,0.016644961505885632,1.3462359923154197,-0.03360944492049911,0.47058823529411764,0.5294117647058824,1.0,True
XGBoost,20,model,0.001,7,True,False,51,0.006364954918132048,0.015358725228483746,1.4710432233659645,-0.024444052241440084,0.47058823529411764,0.5294117647058824,1.0,True
XGBoost,20,model,0.001,8,True,False,51,0.0054078714271682295,0.01654300397897899,1.160372041034108,-0.036934852260591344,0.5098039215686274,0.5294117647058824,1.0,True
XGBoost,20,model,0.001,9,True,False,51,0.004683808382392782,0.020038641509040542,0.8296904977261568,-0.061953931691819175,0.5294117647058824,0.5686274509803921,1.0,True
XGBoost,20,model,0.001,10,True,False,51,0.005530881919048602,0.019314231101592583,1.0164879522839478,-0.04801856479828648,0.49019607843137253,0.6470588235294118,1.0,True
XGBoost,20,model,0.001,11,True,False,51,0.004300748047122165,0.018472333556616802,0.8264327350673254,-0.05137608639634694,0.45098039215686275,0.5686274509803921,1.0,True
XGBoost,20,model,0.001,12,True,False,51,0.005437673637436259,0.01797340225184625,1.0739105692766395,-0.059302531421490445,0.5098039215686274,0.6470588235294118,1.0,True
XGBoost,20,model,0.001,13,True,False,51,0.0066504787981385306,0.01712979865010039,1.3781164847037854,-0.02967382261580742,0.49019607843137253,0.5686274509803921,1.0,True
XGBoost,20,model,0.001,14,True,False,51,0.007449659379008541,0.016478787070163963,1.6047095841026247,-0.02541701937311136,0.5490196078431373,0.49019607843137253,1.0,True
XGBoost,20,model,0.001,15,True,False,51,0.007059119495156649,0.016889470053239375,1.4836101073676025,-0.03019731956537952,0.5098039215686274,0.49019607843137253,1.0,True
XGBoost,20,model,0.001,16,True,False,51,0.007752491741355312,0.016899757304013028,1.628343845462961,-0.0276925773376564,0.5490196078431373,0.5294117647058824,1.0,True
XGBoost,20,model,0.001,17,True,False,51,0.007173785497741536,0.01578870184873503,1.6128249589391879,-0.02575488454706898,0.5098039215686274,0.5098039215686274,1.0,True
XGBoost,20,model,0.001,18,True,False,50,0.00825895149084002,0.01742144858223599,1.6827745080066572,-0.021407945832918163,0.48,0.62,1.0,True
XGBoost,20,model,0.001,19,True,False,50,0.00818854815554515,0.015102943933454072,1.924556076328321,-0.024913442604273417,0.48,0.62,1.0,True
BASELINE,1,cash,0.0,0,True,True,1018,0.0,0.0,,0.0,0.0,0.0,1.0,True
BASELINE,1,always_long,0.0,0,True,True,1018,3.790185458336424e-05,0.004656309253493163,0.1292167800673714,-0.15318552274121555,0.5098231827111984,0.0,1.0,True
BASELINE,1,always_short,0.0,0,True,True,1018,-3.790185458336424e-05,0.004656309253493163,-0.1292167800673714,-0.16931031460871082,0.4636542239685658,0.0,1.0,True
BASELINE,5,cash,0.0,0,True,True,204,0.0,0.0,,0.0,0.0,0.0,1.0,True
BASELINE,5,cash,0.0,1,True,True,204,0.0,0.0,,0.0,0.0,0.0,1.0,True
BASELINE,5,cash,0.0,2,True,True,204,0.0,0.0,,0.0,0.0,0.0,1.0,True
BASELINE,5,cash,0.0,3,True,True,203,0.0,0.0,,0.0,0.0,0.0,1.0,True
BASELINE,5,cash,0.0,4,True,True,203,0.0,0.0,,0.0,0.0,0.0,1.0,True
BASELINE,5,always_long,0.0,0,True,True,204,0.00020530851157641057,0.010312683754559746,0.14133526017590897,-0.1517966695880797,0.4852941176470588,0.0,1.0,True
BASELINE,5,always_long,0.0,1,True,True,204,0.00016952418241030398,0.010355163873421393,0.11622242976317732,-0.14862851634387841,0.5196078431372549,0.0,1.0,True
BASELINE,5,always_long,0.0,2,True,True,204,0.0001809713000740536,0.009636187071063554,0.1333275049718845,-0.14436992587363218,0.5196078431372549,0.0,1.0,True
BASELINE,5,always_long,0.0,3,True,True,203,0.00019314629362148162,0.009863994649886009,0.1390108883996049,-0.14212343929868032,0.5517241379310345,0.0,1.0,True
BASELINE,5,always_long,0.0,4,True,True,203,0.00020371575736296483,0.009941658465634827,0.14547255001364462,-0.14720677786603031,0.5024630541871922,0.0,1.0,True
BASELINE,5,always_short,0.0,0,True,True,204,-0.00020530851157641057,0.010312683754559746,-0.14133526017590897,-0.16511831726555581,0.5098039215686274,0.0,1.0,True
BASELINE,5,always_short,0.0,1,True,True,204,-0.00016952418241030398,0.010355163873421393,-0.11622242976317732,-0.16203663132065527,0.46568627450980393,0.0,1.0,True
BASELINE,5,always_short,0.0,2,True,True,204,-0.0001809713000740536,0.009636187071063554,-0.1333275049718845,-0.1623720437698547,0.47058823529411764,0.0,1.0,True
BASELINE,5,always_short,0.0,3,True,True,203,-0.00019314629362148162,0.009863994649886009,-0.1390108883996049,-0.16063047905782313,0.4482758620689655,0.0,1.0,True
BASELINE,5,always_short,0.0,4,True,True,203,-0.00020371575736296483,0.009941658465634827,-0.14547255001364462,-0.16009178360250587,0.49261083743842365,0.0,1.0,True
BASELINE,10,cash,0.0,0,True,True,102,0.0,0.0,,0.0,0.0,0.0,1.0,True
BASELINE,10,cash,0.0,1,True,True,102,0.0,0.0,,0.0,0.0,0.0,1.0,True
BASELINE,10,cash,0.0,2,True,True,102,0.0,0.0,,0.0,0.0,0.0,1.0,True
BASELINE,10,cash,0.0,3,True,True,102,0.0,0.0,,0.0,0.0,0.0,1.0,True
BASELINE,10,cash,0.0,4,True,True,102,0.0,0.0,,0.0,0.0,0.0,1.0,True
BASELINE,10,cash,0.0,5,True,True,102,0.0,0.0,,0.0,0.0,0.0,1.0,True
BASELINE,10,cash,0.0,6,True,True,102,0.0,0.0,,0.0,0.0,0.0,1.0,True
BASELINE,10,cash,0.0,7,True,True,102,0.0,0.0,,0.0,0.0,0.0,1.0,True
BASELINE,10,cash,0.0,8,True,True,101,0.0,0.0,,0.0,0.0,0.0,1.0,True
BASELINE,10,cash,0.0,9,True,True,101,0.0,0.0,,0.0,0.0,0.0,1.0,True
BASELINE,10,always_long,0.0,0,True,True,102,0.00041061702315281506,0.014748605126920297,0.1397610878574445,-0.13620135665833644,0.5294117647058824,0.0,1.0,True
BASELINE,10,always_long,0.0,1,True,True,102,0.0003390483648206098,0.01469328380979449,0.1158358679703937,-0.13332738785338405,0.4803921568627451,0.0,1.0,True
BASELINE,10,always_long,0.0,2,True,True,102,0.00036194260014810154,0.01399214086874584,0.129854140957144,-0.14179500796601174,0.5098039215686274,0.0,1.0,True
BASELINE,10,always_long,0.0,3,True,True,102,0.00035687367934967,0.014882543782420168,0.12037536582423679,-0.13840432126095836,0.5392156862745098,0.0,1.0,True
BASELINE,10,always_long,0.0,4,True,True,102,0.0003288331021133238,0.014698037105395545,0.11230949138307213,-0.1463026769149206,0.47058823529411764,0.0,1.0,True
BASELINE,10,always_long,0.0,5,True,True,102,0.0003388258166301765,0.01410775132802451,0.12056436641427344,-0.15100788781770336,0.4803921568627451,0.0,1.0,True
BASELINE,10,always_long,0.0,6,True,True,102,0.000283871670563309,0.013284865532402714,0.10726675953767756,-0.14862851634387864,0.5,0.0,1.0,True
BASELINE,10,always_long,0.0,7,True,True,102,0.0002936335410581412,0.0125843985616958,0.11713143622172137,-0.1404871161313096,0.5196078431372549,0.0,1.0,True
BASELINE,10,always_long,0.0,8,True,True,101,0.00040264989197478525,0.01341851649298964,0.1506341194182977,-0.13777144891420368,0.5445544554455446,0.0,1.0,True
BASELINE,10,always_long,0.0,9,True,True,101,0.0003981289677396415,0.014206332834970362,0.14068314317953012,-0.1455299620510111,0.5346534653465347,0.0,1.0,True
BASELINE,10,always_short,0.0,0,True,True,102,-0.00041061702315281506,0.014748605126920297,-0.1397610878574445,-0.1485183862906102,0.47058823529411764,0.0,1.0,True
BASELINE,10,always_short,0.0,1,True,True,102,-0.0003390483648206098,0.01469328380979449,-0.1158358679703937,-0.14723981093373772,0.5098039215686274,0.0,1.0,True
BASELINE,10,always_short,0.0,2,True,True,102,-0.00036194260014810154,0.01399214086874584,-0.129854140957144,-0.15985130111524082,0.49019607843137253,0.0,1.0,True
BASELINE,10,always_short,0.0,3,True,True,102,-0.00035687367934967,0.014882543782420168,-0.12037536582423679,-0.16063047905782335,0.46078431372549017,0.0,1.0,True
BASELINE,10,always_short,0.0,4,True,True,102,-0.0003288331021133238,0.014698037105395545,-0.11230949138307213,-0.15920134287481158,0.5294117647058824,0.0,1.0,True
BASELINE,10,always_short,0.0,5,True,True,102,-0.0003388258166301765,0.01410775132802451,-0.12056436641427344,-0.16511831726555581,0.5098039215686274,0.0,1.0,True
BASELINE,10,always_short,0.0,6,True,True,102,-0.000283871670563309,0.013284865532402714,-0.10726675953767756,-0.1610726491981418,0.49019607843137253,0.0,1.0,True
BASELINE,10,always_short,0.0,7,True,True,102,-0.0002936335410581412,0.0125843985616958,-0.11713143622172137,-0.15716554888810386,0.4803921568627451,0.0,1.0,True
BASELINE,10,always_short,0.0,8,True,True,101,-0.00040264989197478525,0.01341851649298964,-0.1506341194182977,-0.1511213955144176,0.45544554455445546,0.0,1.0,True
BASELINE,10,always_short,0.0,9,True,True,101,-0.0003981289677396415,0.014206332834970362,-0.14068314317953012,-0.1572676727561555,0.46534653465346537,0.0,1.0,True
BASELINE,20,cash,0.0,0,True,True,51,0.0,0.0,,0.0,0.0,0.0,1.0,True
BASELINE,20,cash,0.0,1,True,True,51,0.0,0.0,,0.0,0.0,0.0,1.0,True
BASELINE,20,cash,0.0,2,True,True,51,0.0,0.0,,0.0,0.0,0.0,1.0,True
BASELINE,20,cash,0.0,3,True,True,51,0.0,0.0,,0.0,0.0,0.0,1.0,True
BASELINE,20,cash,0.0,4,True,True,51,0.0,0.0,,0.0,0.0,0.0,1.0,True
BASELINE,20,cash,0.0,5,True,True,51,0.0,0.0,,0.0,0.0,0.0,1.0,True
BASELINE,20,cash,0.0,6,True,True,51,0.0,0.0,,0.0,0.0,0.0,1.0,True
BASELINE,20,cash,0.0,7,True,True,51,0.0,0.0,,0.0,0.0,0.0,1.0,True
BASELINE,20,cash,0.0,8,True,True,51,0.0,0.0,,0.0,0.0,0.0,1.0,True
BASELINE,20,cash,0.0,9,True,True,51,0.0,0.0,,0.0,0.0,0.0,1.0,True
BASELINE,20,cash,0.0,10,True,True,51,0.0,0.0,,0.0,0.0,0.0,1.0,True
BASELINE,20,cash,0.0,11,True,True,51,0.0,0.0,,0.0,0.0,0.0,1.0,True
BASELINE,20,cash,0.0,12,True,True,51,0.0,0.0,,0.0,0.0,0.0,1.0,True
BASELINE,20,cash,0.0,13,True,True,51,0.0,0.0,,0.0,0.0,0.0,1.0,True
BASELINE,20,cash,0.0,14,True,True,51,0.0,0.0,,0.0,0.0,0.0,1.0,True
BASELINE,20,cash,0.0,15,True,True,51,0.0,0.0,,0.0,0.0,0.0,1.0,True
BASELINE,20,cash,0.0,16,True,True,51,0.0,0.0,,0.0,0.0,0.0,1.0,True
BASELINE,20,cash,0.0,17,True,True,51,0.0,0.0,,0.0,0.0,0.0,1.0,True
BASELINE,20,cash,0.0,18,True,True,50,0.0,0.0,,0.0,0.0,0.0,1.0,True
BASELINE,20,cash,0.0,19,True,True,50,0.0,0.0,,0.0,0.0,0.0,1.0,True
BASELINE,20,always_long,0.0,0,True,True,51,0.0008212340463056352,0.01921295578697323,0.15172531053767419,-0.1250111856823265,0.5098039215686274,0.0,1.0,True
BASELINE,20,always_long,0.0,1,True,True,51,0.0006780967296412174,0.01934300626127201,0.12443797925811854,-0.12513455328309964,0.49019607843137253,0.0,1.0,True
BASELINE,20,always_long,0.0,2,True,True,51,0.00072388520029621,0.01964591455355562,0.1307924633515932,-0.12393354288280167,0.49019607843137253,0.0,1.0,True
BASELINE,20,always_long,0.0,3,True,True,51,0.0007137473586993488,0.021563749388335645,0.1174912463412156,-0.13840432126095847,0.5294117647058824,0.0,1.0,True
BASELINE,20,always_long,0.0,4,True,True,51,0.000657666204226642,0.020370612685678094,0.11460055114361674,-0.14327511304193552,0.5294117647058824,0.0,1.0,True
BASELINE,20,always_long,0.0,5,True,True,51,0.0006776516332603551,0.019853463921553783,0.12115894163426967,-0.14380413646809198,0.5294117647058824,0.0,1.0,True
BASELINE,20,always_long,0.0,6,True,True,51,0.0005677433411266255,0.02002499986716618,0.10063864942948371,-0.141936053700759,0.49019607843137253,0.0,1.0,True
BASELINE,20,always_long,0.0,7,True,True,51,0.0005872670821162963,0.019647840034329584,0.10609773610893526,-0.14048711613130915,0.47058823529411764,0.0,1.0,True
BASELINE,20,always_long,0.0,8,True,True,51,0.0007423540544697727,0.01995362766433436,0.13206097319538698,-0.1377714489142038,0.5294117647058824,0.0,1.0,True
BASELINE,20,always_long,0.0,9,True,True,51,0.0006569271905947163,0.021919050464175246,0.10638509211695632,-0.14552996205101076,0.49019607843137253,0.0,1.0,True
BASELINE,20,always_long,0.0,10,True,True,51,0.0008250633149123219,0.021884742110271967,0.13382310943035228,-0.13620135665833555,0.47058823529411764,0.0,1.0,True
BASELINE,20,always_long,0.0,11,True,True,51,0.0007665279566917122,0.02070782852527681,0.131394961346983,-0.13332738785338427,0.5490196078431373,0.0,1.0,True
BASELINE,20,always_long,0.0,12,True,True,51,0.000719616351973406,0.020396924402545143,0.12523381469119535,-0.14179500796601185,0.5490196078431373,0.0,1.0,True
BASELINE,20,always_long,0.0,13,True,True,51,0.0007239720977010475,0.020541142137835332,0.12510726020969193,-0.13642806520198414,0.5490196078431373,0.0,1.0,True
BASELINE,20,always_long,0.0,14,True,True,51,0.0007254827745138388,0.02007969765575819,0.12824936058907835,-0.13843979150101515,0.5098039215686274,0.0,1.0,True
BASELINE,20,always_long,0.0,15,True,True,51,0.0006057653061122645,0.020479341730632344,0.10499622286492102,-0.14496056091148124,0.47058823529411764,0.0,1.0,True
BASELINE,20,always_long,0.0,16,True,True,51,0.000609826582667235,0.021006610459633434,0.10304706865052171,-0.14424677942336295,0.49019607843137253,0.0,1.0,True
BASELINE,20,always_long,0.0,17,True,True,51,0.0005904915915718351,0.019935254640386237,0.10514223459913927,-0.13214920071047975,0.45098039215686275,0.0,1.0,True
BASELINE,20,always_long,0.0,18,True,True,50,0.0007737632496663004,0.020852458900539883,0.1317152612099212,-0.13184855233852977,0.54,0.0,1.0,True
BASELINE,20,always_long,0.0,19,True,True,50,0.0008562253285756877,0.019487229547254115,0.15596359689450723,-0.1278094898323222,0.5,0.0,1.0,True
BASELINE,20,always_short,0.0,0,True,True,51,-0.0008212340463056352,0.01921295578697323,-0.15172531053767419,-0.1416554809843401,0.47058823529411764,0.0,1.0,True
BASELINE,20,always_short,0.0,1,True,True,51,-0.0006780967296412174,0.01934300626127201,-0.12443797925811854,-0.13930749910297768,0.5098039215686274,0.0,1.0,True
BASELINE,20,always_short,0.0,2,True,True,51,-0.00072388520029621,0.01964591455355562,-0.1307924633515932,-0.13848226313426093,0.5098039215686274,0.0,1.0,True
BASELINE,20,always_short,0.0,3,True,True,51,-0.0007137473586993488,0.021563749388335645,-0.1174912463412156,-0.15018152838041232,0.47058823529411764,0.0,1.0,True
BASELINE,20,always_short,0.0,4,True,True,51,-0.000657666204226642,0.020370612685678094,-0.11460055114361674,-0.14912669562904435,0.47058823529411764,0.0,1.0,True
BASELINE,20,always_short,0.0,5,True,True,51,-0.0006776516332603551,0.019853463921553783,-0.12115894163426967,-0.14963761711154266,0.47058823529411764,0.0,1.0,True
BASELINE,20,always_short,0.0,6,True,True,51,-0.0005677433411266255,0.02002499986716618,-0.10063864942948371,-0.14979685567920853,0.5098039215686274,0.0,1.0,True
BASELINE,20,always_short,0.0,7,True,True,51,-0.0005872670821162963,0.019647840034329584,-0.10609773610893526,-0.1533709848217435,0.5294117647058824,0.0,1.0,True
BASELINE,20,always_short,0.0,8,True,True,51,-0.0007423540544697727,0.01995362766433436,-0.13206097319538698,-0.15112139551441783,0.47058823529411764,0.0,1.0,True
BASELINE,20,always_short,0.0,9,True,True,51,-0.0006569271905947163,0.021919050464175246,-0.10638509211695632,-0.15726767275615572,0.5098039215686274,0.0,1.0,True
BASELINE,20,always_short,0.0,10,True,True,51,-0.0008250633149123219,0.021884742110271967,-0.13382310943035228,-0.14851838629061032,0.5098039215686274,0.0,1.0,True
BASELINE,20,always_short,0.0,11,True,True,51,-0.0007665279566917122,0.02070782852527681,-0.131394961346983,-0.1472398109337376,0.43137254901960786,0.0,1.0,True
BASELINE,20,always_short,0.0,12,True,True,51,-0.000719616351973406,0.020396924402545143,-0.12523381469119535,-0.15985130111524104,0.45098039215686275,0.0,1.0,True
BASELINE,20,always_short,0.0,13,True,True,51,-0.0007239720977010475,0.020541142137835332,-0.12510726020969193,-0.16025868178596758,0.45098039215686275,0.0,1.0,True
BASELINE,20,always_short,0.0,14,True,True,51,-0.0007254827745138388,0.02007969765575819,-0.12824936058907835,-0.15920134287481158,0.49019607843137253,0.0,1.0,True
BASELINE,20,always_short,0.0,15,True,True,51,-0.0006057653061122645,0.020479341730632344,-0.10499622286492102,-0.1651183172655557,0.5294117647058824,0.0,1.0,True
BASELINE,20,always_short,0.0,16,True,True,51,-0.000609826582667235,0.021006610459633434,-0.10304706865052171,-0.1610726491981418,0.5098039215686274,0.0,1.0,True
BASELINE,20,always_short,0.0,17,True,True,51,-0.0005904915915718351,0.019935254640386237,-0.10514223459913927,-0.15177619893428018,0.5490196078431373,0.0,1.0,True
BASELINE,20,always_short,0.0,18,True,True,50,-0.0007737632496663004,0.020852458900539883,-0.1317152612099212,-0.14708240534521166,0.46,0.0,1.0,True
BASELINE,20,always_short,0.0,19,True,True,50,-0.0008562253285756877,0.019487229547254115,-0.15596359689450723,-0.1469853728148406,0.5,0.0,1.0,True
