2025-12-18 14:30:51,049 | INFO | 读取 Step2 config_snapshot: C:\Users\13377\Desktop\Financial-Big-Data-V2.0\output\step2\meta\config_snapshot.json
2025-12-18 14:30:51,051 | INFO | Step3 选中 combos=40 | 示例={'model': 'ElasticNet', 'H': 1, 'path': 'C:\\Users\\13377\\Desktop\\Financial-Big-Data-V2.0\\output\\step2\\datasets\\predictions_ElasticNet_H1.csv'}
2025-12-18 14:30:52,319 | INFO | ElasticNet-H1 | y_true 对齐检查 | n_check=200 | max_abs_diff=9.899e-17 | threshold=1.000e-10
2025-12-18 14:30:53,108 | INFO | ElasticNet-H10 | y_true 对齐检查 | n_check=200 | max_abs_diff=9.714e-17 | threshold=1.000e-10
2025-12-18 14:30:54,101 | INFO | ElasticNet-H20 | y_true 对齐检查 | n_check=200 | max_abs_diff=9.541e-17 | threshold=1.000e-10
2025-12-18 14:30:55,385 | INFO | ElasticNet-H5 | y_true 对齐检查 | n_check=200 | max_abs_diff=9.888e-17 | threshold=1.000e-10
2025-12-18 14:30:56,154 | INFO | Lasso-H1 | y_true 对齐检查 | n_check=200 | max_abs_diff=9.899e-17 | threshold=1.000e-10
2025-12-18 14:30:57,340 | INFO | Lasso-H10 | y_true 对齐检查 | n_check=200 | max_abs_diff=9.714e-17 | threshold=1.000e-10
2025-12-18 14:30:58,233 | INFO | Lasso-H20 | y_true 对齐检查 | n_check=200 | max_abs_diff=9.541e-17 | threshold=1.000e-10
2025-12-18 14:30:59,385 | INFO | Lasso-H5 | y_true 对齐检查 | n_check=200 | max_abs_diff=9.888e-17 | threshold=1.000e-10
2025-12-18 14:31:00,555 | INFO | LightGBM-H1 | y_true 对齐检查 | n_check=200 | max_abs_diff=9.899e-17 | threshold=1.000e-10
2025-12-18 14:31:01,661 | INFO | LightGBM-H10 | y_true 对齐检查 | n_check=200 | max_abs_diff=9.714e-17 | threshold=1.000e-10
2025-12-18 14:31:02,624 | INFO | LightGBM-H20 | y_true 对齐检查 | n_check=200 | max_abs_diff=9.541e-17 | threshold=1.000e-10
2025-12-18 14:31:03,745 | INFO | LightGBM-H5 | y_true 对齐检查 | n_check=200 | max_abs_diff=9.888e-17 | threshold=1.000e-10
2025-12-18 14:31:04,929 | INFO | LSTM-H1 | y_true 对齐检查 | n_check=200 | max_abs_diff=9.899e-17 | threshold=1.000e-10
2025-12-18 14:31:05,746 | INFO | LSTM-H10 | y_true 对齐检查 | n_check=200 | max_abs_diff=9.714e-17 | threshold=1.000e-10
2025-12-18 14:31:06,453 | INFO | LSTM-H20 | y_true 对齐检查 | n_check=200 | max_abs_diff=9.541e-17 | threshold=1.000e-10
2025-12-18 14:31:07,508 | INFO | LSTM-H5 | y_true 对齐检查 | n_check=200 | max_abs_diff=9.888e-17 | threshold=1.000e-10
2025-12-18 14:31:08,303 | INFO | MLP-H1 | y_true 对齐检查 | n_check=200 | max_abs_diff=9.899e-17 | threshold=1.000e-10
2025-12-18 14:31:09,393 | INFO | MLP-H10 | y_true 对齐检查 | n_check=200 | max_abs_diff=9.714e-17 | threshold=1.000e-10
2025-12-18 14:31:10,154 | INFO | MLP-H20 | y_true 对齐检查 | n_check=200 | max_abs_diff=9.541e-17 | threshold=1.000e-10
2025-12-18 14:31:11,127 | INFO | MLP-H5 | y_true 对齐检查 | n_check=200 | max_abs_diff=9.888e-17 | threshold=1.000e-10
2025-12-18 14:31:11,855 | INFO | RandomForest-H1 | y_true 对齐检查 | n_check=200 | max_abs_diff=9.899e-17 | threshold=1.000e-10
2025-12-18 14:31:12,660 | INFO | RandomForest-H10 | y_true 对齐检查 | n_check=200 | max_abs_diff=9.714e-17 | threshold=1.000e-10
2025-12-18 14:31:13,378 | INFO | RandomForest-H20 | y_true 对齐检查 | n_check=200 | max_abs_diff=9.541e-17 | threshold=1.000e-10
2025-12-18 14:31:14,089 | INFO | RandomForest-H5 | y_true 对齐检查 | n_check=200 | max_abs_diff=9.888e-17 | threshold=1.000e-10
2025-12-18 14:31:14,827 | INFO | RandomWalk-H1 | y_true 对齐检查 | n_check=200 | max_abs_diff=9.899e-17 | threshold=1.000e-10
2025-12-18 14:31:15,678 | INFO | RandomWalk-H10 | y_true 对齐检查 | n_check=200 | max_abs_diff=9.714e-17 | threshold=1.000e-10
2025-12-18 14:31:16,467 | INFO | RandomWalk-H20 | y_true 对齐检查 | n_check=200 | max_abs_diff=9.541e-17 | threshold=1.000e-10
2025-12-18 14:31:17,207 | INFO | RandomWalk-H5 | y_true 对齐检查 | n_check=200 | max_abs_diff=9.888e-17 | threshold=1.000e-10
2025-12-18 14:31:17,940 | INFO | Ridge-H1 | y_true 对齐检查 | n_check=200 | max_abs_diff=9.899e-17 | threshold=1.000e-10
2025-12-18 14:31:18,702 | INFO | Ridge-H10 | y_true 对齐检查 | n_check=200 | max_abs_diff=9.714e-17 | threshold=1.000e-10
2025-12-18 14:31:19,448 | INFO | Ridge-H20 | y_true 对齐检查 | n_check=200 | max_abs_diff=9.541e-17 | threshold=1.000e-10
2025-12-18 14:31:20,286 | INFO | Ridge-H5 | y_true 对齐检查 | n_check=200 | max_abs_diff=9.888e-17 | threshold=1.000e-10
2025-12-18 14:31:21,161 | INFO | Transformer-H1 | y_true 对齐检查 | n_check=200 | max_abs_diff=9.899e-17 | threshold=1.000e-10
2025-12-18 14:31:21,969 | INFO | Transformer-H10 | y_true 对齐检查 | n_check=200 | max_abs_diff=9.714e-17 | threshold=1.000e-10
2025-12-18 14:31:22,669 | INFO | Transformer-H20 | y_true 对齐检查 | n_check=200 | max_abs_diff=9.541e-17 | threshold=1.000e-10
2025-12-18 14:31:23,361 | INFO | Transformer-H5 | y_true 对齐检查 | n_check=200 | max_abs_diff=9.888e-17 | threshold=1.000e-10
2025-12-18 14:31:24,160 | INFO | XGBoost-H1 | y_true 对齐检查 | n_check=200 | max_abs_diff=9.899e-17 | threshold=1.000e-10
2025-12-18 14:31:25,012 | INFO | XGBoost-H10 | y_true 对齐检查 | n_check=200 | max_abs_diff=9.714e-17 | threshold=1.000e-10
2025-12-18 14:31:25,841 | INFO | XGBoost-H20 | y_true 对齐检查 | n_check=200 | max_abs_diff=9.541e-17 | threshold=1.000e-10
2025-12-18 14:31:26,607 | INFO | XGBoost-H5 | y_true 对齐检查 | n_check=200 | max_abs_diff=9.888e-17 | threshold=1.000e-10
2025-12-18 14:31:29,641 | WARNING | findfont: Font family 'Arial Unicode MS' not found.
2025-12-18 14:31:29,642 | WARNING | findfont: Font family 'Noto Sans CJK SC' not found.
2025-12-18 14:31:29,670 | WARNING | findfont: Font family 'Arial Unicode MS' not found.
2025-12-18 14:31:29,671 | WARNING | findfont: Font family 'Noto Sans CJK SC' not found.
2025-12-18 14:31:29,672 | WARNING | findfont: Font family 'Arial Unicode MS' not found.
2025-12-18 14:31:29,672 | WARNING | findfont: Font family 'Noto Sans CJK SC' not found.
2025-12-18 14:31:29,673 | WARNING | findfont: Font family 'Arial Unicode MS' not found.
2025-12-18 14:31:29,673 | WARNING | findfont: Font family 'Noto Sans CJK SC' not found.
2025-12-18 14:31:29,674 | WARNING | findfont: Font family 'Arial Unicode MS' not found.
2025-12-18 14:31:29,674 | WARNING | findfont: Font family 'Noto Sans CJK SC' not found.
2025-12-18 14:31:29,674 | WARNING | findfont: Font family 'Arial Unicode MS' not found.
2025-12-18 14:31:29,674 | WARNING | findfont: Font family 'Noto Sans CJK SC' not found.
2025-12-18 14:31:29,675 | WARNING | findfont: Font family 'Arial Unicode MS' not found.
2025-12-18 14:31:29,675 | WARNING | findfont: Font family 'Noto Sans CJK SC' not found.
2025-12-18 14:31:29,676 | WARNING | findfont: Font family 'Arial Unicode MS' not found.
2025-12-18 14:31:29,676 | WARNING | findfont: Font family 'Noto Sans CJK SC' not found.
2025-12-18 14:31:29,677 | WARNING | findfont: Font family 'Arial Unicode MS' not found.
2025-12-18 14:31:29,677 | WARNING | findfont: Font family 'Noto Sans CJK SC' not found.
2025-12-18 14:31:29,677 | WARNING | findfont: Font family 'Arial Unicode MS' not found.
2025-12-18 14:31:29,678 | WARNING | findfont: Font family 'Noto Sans CJK SC' not found.
2025-12-18 14:31:29,683 | WARNING | findfont: Font family 'Arial Unicode MS' not found.
2025-12-18 14:31:29,683 | WARNING | findfont: Font family 'Noto Sans CJK SC' not found.
2025-12-18 14:31:29,702 | WARNING | findfont: Font family 'Arial Unicode MS' not found.
2025-12-18 14:31:29,702 | WARNING | findfont: Font family 'Noto Sans CJK SC' not found.
2025-12-18 14:31:29,703 | WARNING | findfont: Font family 'Arial Unicode MS' not found.
2025-12-18 14:31:29,703 | WARNING | findfont: Font family 'Noto Sans CJK SC' not found.
2025-12-18 14:31:29,704 | WARNING | findfont: Font family 'Arial Unicode MS' not found.
2025-12-18 14:31:29,704 | WARNING | findfont: Font family 'Noto Sans CJK SC' not found.
2025-12-18 14:31:29,704 | WARNING | findfont: Font family 'Arial Unicode MS' not found.
2025-12-18 14:31:29,705 | WARNING | findfont: Font family 'Noto Sans CJK SC' not found.
2025-12-18 14:31:29,705 | WARNING | findfont: Font family 'Arial Unicode MS' not found.
2025-12-18 14:31:29,705 | WARNING | findfont: Font family 'Noto Sans CJK SC' not found.
2025-12-18 14:31:29,706 | WARNING | findfont: Font family 'Arial Unicode MS' not found.
2025-12-18 14:31:29,706 | WARNING | findfont: Font family 'Noto Sans CJK SC' not found.
2025-12-18 14:31:29,708 | WARNING | findfont: Font family 'Arial Unicode MS' not found.
2025-12-18 14:31:29,708 | WARNING | findfont: Font family 'Noto Sans CJK SC' not found.
2025-12-18 14:31:29,717 | WARNING | findfont: Font family 'Arial Unicode MS' not found.
2025-12-18 14:31:29,718 | WARNING | findfont: Font family 'Noto Sans CJK SC' not found.
2025-12-18 14:31:29,719 | WARNING | findfont: Font family 'Arial Unicode MS' not found.
2025-12-18 14:31:29,720 | WARNING | findfont: Font family 'Noto Sans CJK SC' not found.
2025-12-18 14:31:29,729 | WARNING | findfont: Font family 'Arial Unicode MS' not found.
2025-12-18 14:31:29,729 | WARNING | findfont: Font family 'Noto Sans CJK SC' not found.
2025-12-18 14:31:29,731 | WARNING | findfont: Font family 'Arial Unicode MS' not found.
2025-12-18 14:31:29,731 | WARNING | findfont: Font family 'Noto Sans CJK SC' not found.
2025-12-18 14:31:29,732 | WARNING | findfont: Font family 'Arial Unicode MS' not found.
2025-12-18 14:31:29,733 | WARNING | findfont: Font family 'Noto Sans CJK SC' not found.
2025-12-18 14:31:29,742 | WARNING | findfont: Font family 'Arial Unicode MS' not found.
2025-12-18 14:31:29,743 | WARNING | findfont: Font family 'Noto Sans CJK SC' not found.
2025-12-18 14:31:29,743 | WARNING | findfont: Font family 'Arial Unicode MS' not found.
2025-12-18 14:31:29,744 | WARNING | findfont: Font family 'Noto Sans CJK SC' not found.
2025-12-18 14:31:29,744 | WARNING | findfont: Font family 'Arial Unicode MS' not found.
2025-12-18 14:31:29,744 | WARNING | findfont: Font family 'Noto Sans CJK SC' not found.
2025-12-18 14:31:29,745 | WARNING | findfont: Font family 'Arial Unicode MS' not found.
2025-12-18 14:31:29,745 | WARNING | findfont: Font family 'Noto Sans CJK SC' not found.
2025-12-18 14:31:29,746 | WARNING | findfont: Font family 'Arial Unicode MS' not found.
2025-12-18 14:31:29,746 | WARNING | findfont: Font family 'Noto Sans CJK SC' not found.
2025-12-18 14:31:29,746 | WARNING | findfont: Font family 'Arial Unicode MS' not found.
2025-12-18 14:31:29,747 | WARNING | findfont: Font family 'Noto Sans CJK SC' not found.
2025-12-18 14:31:29,747 | WARNING | findfont: Font family 'Arial Unicode MS' not found.
2025-12-18 14:31:29,748 | WARNING | findfont: Font family 'Noto Sans CJK SC' not found.
2025-12-18 14:31:29,750 | WARNING | findfont: Font family 'Arial Unicode MS' not found.
2025-12-18 14:31:29,750 | WARNING | findfont: Font family 'Noto Sans CJK SC' not found.
2025-12-18 14:31:29,752 | WARNING | findfont: Font family 'Arial Unicode MS' not found.
2025-12-18 14:31:29,752 | WARNING | findfont: Font family 'Noto Sans CJK SC' not found.
2025-12-18 14:31:29,752 | WARNING | findfont: Font family 'Arial Unicode MS' not found.
2025-12-18 14:31:29,753 | WARNING | findfont: Font family 'Noto Sans CJK SC' not found.
2025-12-18 14:31:29,758 | WARNING | findfont: Font family 'Arial Unicode MS' not found.
2025-12-18 14:31:29,758 | WARNING | findfont: Font family 'Noto Sans CJK SC' not found.
2025-12-18 14:31:29,759 | WARNING | findfont: Font family 'Arial Unicode MS' not found.
2025-12-18 14:31:29,759 | WARNING | findfont: Font family 'Noto Sans CJK SC' not found.
2025-12-18 14:31:29,760 | WARNING | findfont: Font family 'Arial Unicode MS' not found.
2025-12-18 14:31:29,760 | WARNING | findfont: Font family 'Noto Sans CJK SC' not found.
2025-12-18 14:31:29,761 | WARNING | findfont: Font family 'Arial Unicode MS' not found.
2025-12-18 14:31:29,761 | WARNING | findfont: Font family 'Noto Sans CJK SC' not found.
2025-12-18 14:31:29,761 | WARNING | findfont: Font family 'Arial Unicode MS' not found.
2025-12-18 14:31:29,761 | WARNING | findfont: Font family 'Noto Sans CJK SC' not found.
2025-12-18 14:31:29,762 | WARNING | findfont: Font family 'Arial Unicode MS' not found.
2025-12-18 14:31:29,762 | WARNING | findfont: Font family 'Noto Sans CJK SC' not found.
2025-12-18 14:31:29,762 | WARNING | findfont: Font family 'Arial Unicode MS' not found.
2025-12-18 14:31:29,763 | WARNING | findfont: Font family 'Noto Sans CJK SC' not found.
2025-12-18 14:31:29,763 | WARNING | findfont: Font family 'Arial Unicode MS' not found.
2025-12-18 14:31:29,764 | WARNING | findfont: Font family 'Noto Sans CJK SC' not found.
2025-12-18 14:31:29,764 | WARNING | findfont: Font family 'Arial Unicode MS' not found.
2025-12-18 14:31:29,764 | WARNING | findfont: Font family 'Noto Sans CJK SC' not found.
2025-12-18 14:31:29,774 | WARNING | findfont: Font family 'Arial Unicode MS' not found.
2025-12-18 14:31:29,774 | WARNING | findfont: Font family 'Noto Sans CJK SC' not found.
2025-12-18 14:31:29,780 | WARNING | findfont: Font family 'Arial Unicode MS' not found.
2025-12-18 14:31:29,781 | WARNING | findfont: Font family 'Noto Sans CJK SC' not found.
2025-12-18 14:31:29,782 | WARNING | findfont: Font family 'Arial Unicode MS' not found.
2025-12-18 14:31:29,782 | WARNING | findfont: Font family 'Noto Sans CJK SC' not found.
2025-12-18 14:31:29,783 | WARNING | findfont: Font family 'Arial Unicode MS' not found.
2025-12-18 14:31:29,783 | WARNING | findfont: Font family 'Noto Sans CJK SC' not found.
2025-12-18 14:31:29,802 | WARNING | findfont: Font family 'Arial Unicode MS' not found.
2025-12-18 14:31:29,802 | WARNING | findfont: Font family 'Noto Sans CJK SC' not found.
2025-12-18 14:31:29,803 | WARNING | findfont: Font family 'Arial Unicode MS' not found.
2025-12-18 14:31:29,803 | WARNING | findfont: Font family 'Noto Sans CJK SC' not found.
2025-12-18 14:31:29,804 | WARNING | findfont: Font family 'Arial Unicode MS' not found.
2025-12-18 14:31:29,804 | WARNING | findfont: Font family 'Noto Sans CJK SC' not found.
2025-12-18 14:31:29,805 | WARNING | findfont: Font family 'Arial Unicode MS' not found.
2025-12-18 14:31:29,806 | WARNING | findfont: Font family 'Noto Sans CJK SC' not found.
2025-12-18 14:31:29,806 | WARNING | findfont: Font family 'Arial Unicode MS' not found.
2025-12-18 14:31:29,806 | WARNING | findfont: Font family 'Noto Sans CJK SC' not found.
2025-12-18 14:31:29,807 | WARNING | findfont: Font family 'Arial Unicode MS' not found.
2025-12-18 14:31:29,807 | WARNING | findfont: Font family 'Noto Sans CJK SC' not found.
2025-12-18 14:31:29,809 | WARNING | findfont: Font family 'Arial Unicode MS' not found.
2025-12-18 14:31:29,809 | WARNING | findfont: Font family 'Noto Sans CJK SC' not found.
2025-12-18 14:31:29,810 | WARNING | findfont: Font family 'Arial Unicode MS' not found.
2025-12-18 14:31:29,810 | WARNING | findfont: Font family 'Noto Sans CJK SC' not found.
2025-12-18 14:31:29,811 | WARNING | findfont: Font family 'Arial Unicode MS' not found.
2025-12-18 14:31:29,811 | WARNING | findfont: Font family 'Noto Sans CJK SC' not found.
2025-12-18 14:31:29,821 | WARNING | findfont: Font family 'Arial Unicode MS' not found.
2025-12-18 14:31:29,821 | WARNING | findfont: Font family 'Noto Sans CJK SC' not found.
2025-12-18 14:31:29,823 | WARNING | findfont: Font family 'Arial Unicode MS' not found.
2025-12-18 14:31:29,823 | WARNING | findfont: Font family 'Noto Sans CJK SC' not found.
2025-12-18 14:31:29,824 | WARNING | findfont: Font family 'Arial Unicode MS' not found.
2025-12-18 14:31:29,825 | WARNING | findfont: Font family 'Noto Sans CJK SC' not found.
2025-12-18 14:31:29,825 | WARNING | findfont: Font family 'Arial Unicode MS' not found.
2025-12-18 14:31:29,826 | WARNING | findfont: Font family 'Noto Sans CJK SC' not found.
2025-12-18 14:31:29,827 | WARNING | findfont: Font family 'Arial Unicode MS' not found.
2025-12-18 14:31:29,827 | WARNING | findfont: Font family 'Noto Sans CJK SC' not found.
2025-12-18 14:31:29,828 | WARNING | findfont: Font family 'Arial Unicode MS' not found.
2025-12-18 14:31:29,828 | WARNING | findfont: Font family 'Noto Sans CJK SC' not found.
2025-12-18 14:31:29,828 | WARNING | findfont: Font family 'Arial Unicode MS' not found.
2025-12-18 14:31:29,829 | WARNING | findfont: Font family 'Noto Sans CJK SC' not found.
2025-12-18 14:31:29,831 | WARNING | findfont: Font family 'Arial Unicode MS' not found.
2025-12-18 14:31:29,831 | WARNING | findfont: Font family 'Noto Sans CJK SC' not found.
2025-12-18 14:31:29,840 | WARNING | findfont: Font family 'Arial Unicode MS' not found.
2025-12-18 14:31:29,841 | WARNING | findfont: Font family 'Noto Sans CJK SC' not found.
2025-12-18 14:31:29,847 | WARNING | findfont: Font family 'Arial Unicode MS' not found.
2025-12-18 14:31:29,847 | WARNING | findfont: Font family 'Noto Sans CJK SC' not found.
2025-12-18 14:31:29,849 | WARNING | findfont: Font family 'Arial Unicode MS' not found.
2025-12-18 14:31:29,849 | WARNING | findfont: Font family 'Noto Sans CJK SC' not found.
2025-12-18 14:31:29,850 | WARNING | findfont: Font family 'Arial Unicode MS' not found.
2025-12-18 14:31:29,850 | WARNING | findfont: Font family 'Noto Sans CJK SC' not found.
2025-12-18 14:31:30,032 | WARNING | findfont: Font family 'Arial Unicode MS' not found.
2025-12-18 14:31:30,032 | WARNING | findfont: Font family 'Noto Sans CJK SC' not found.
2025-12-18 14:31:30,032 | WARNING | findfont: Font family 'Arial Unicode MS' not found.
2025-12-18 14:31:30,033 | WARNING | findfont: Font family 'Noto Sans CJK SC' not found.
2025-12-18 14:31:30,033 | WARNING | findfont: Font family 'Arial Unicode MS' not found.
2025-12-18 14:31:30,033 | WARNING | findfont: Font family 'Noto Sans CJK SC' not found.
2025-12-18 14:31:30,034 | WARNING | findfont: Font family 'Arial Unicode MS' not found.
2025-12-18 14:31:30,034 | WARNING | findfont: Font family 'Noto Sans CJK SC' not found.
2025-12-18 14:31:30,034 | WARNING | findfont: Font family 'Arial Unicode MS' not found.
2025-12-18 14:31:30,034 | WARNING | findfont: Font family 'Noto Sans CJK SC' not found.
2025-12-18 14:31:30,035 | WARNING | findfont: Font family 'Arial Unicode MS' not found.
2025-12-18 14:31:30,035 | WARNING | findfont: Font family 'Noto Sans CJK SC' not found.
2025-12-18 14:31:30,035 | WARNING | findfont: Font family 'Arial Unicode MS' not found.
2025-12-18 14:31:30,035 | WARNING | findfont: Font family 'Noto Sans CJK SC' not found.
2025-12-18 14:31:30,036 | WARNING | findfont: Font family 'Arial Unicode MS' not found.
2025-12-18 14:31:30,036 | WARNING | findfont: Font family 'Noto Sans CJK SC' not found.
2025-12-18 14:31:30,036 | WARNING | findfont: Font family 'Arial Unicode MS' not found.
2025-12-18 14:31:30,037 | WARNING | findfont: Font family 'Noto Sans CJK SC' not found.
2025-12-18 14:31:30,037 | WARNING | findfont: Font family 'Arial Unicode MS' not found.
2025-12-18 14:31:30,037 | WARNING | findfont: Font family 'Noto Sans CJK SC' not found.
2025-12-18 14:31:30,041 | WARNING | findfont: Font family 'Arial Unicode MS' not found.
2025-12-18 14:31:30,041 | WARNING | findfont: Font family 'Noto Sans CJK SC' not found.
2025-12-18 14:31:30,047 | WARNING | findfont: Font family 'Arial Unicode MS' not found.
2025-12-18 14:31:30,047 | WARNING | findfont: Font family 'Noto Sans CJK SC' not found.
2025-12-18 14:31:30,047 | WARNING | findfont: Font family 'Arial Unicode MS' not found.
2025-12-18 14:31:30,047 | WARNING | findfont: Font family 'Noto Sans CJK SC' not found.
2025-12-18 14:31:30,048 | WARNING | findfont: Font family 'Arial Unicode MS' not found.
2025-12-18 14:31:30,048 | WARNING | findfont: Font family 'Noto Sans CJK SC' not found.
2025-12-18 14:31:30,049 | WARNING | findfont: Font family 'Arial Unicode MS' not found.
2025-12-18 14:31:30,049 | WARNING | findfont: Font family 'Noto Sans CJK SC' not found.
2025-12-18 14:31:30,049 | WARNING | findfont: Font family 'Arial Unicode MS' not found.
2025-12-18 14:31:30,049 | WARNING | findfont: Font family 'Noto Sans CJK SC' not found.
2025-12-18 14:31:30,050 | WARNING | findfont: Font family 'Arial Unicode MS' not found.
2025-12-18 14:31:30,050 | WARNING | findfont: Font family 'Noto Sans CJK SC' not found.
2025-12-18 14:31:30,050 | WARNING | findfont: Font family 'Arial Unicode MS' not found.
2025-12-18 14:31:30,050 | WARNING | findfont: Font family 'Noto Sans CJK SC' not found.
2025-12-18 14:31:30,051 | WARNING | findfont: Font family 'Arial Unicode MS' not found.
2025-12-18 14:31:30,051 | WARNING | findfont: Font family 'Noto Sans CJK SC' not found.
2025-12-18 14:31:30,053 | WARNING | findfont: Font family 'Arial Unicode MS' not found.
2025-12-18 14:31:30,053 | WARNING | findfont: Font family 'Noto Sans CJK SC' not found.
2025-12-18 14:31:30,056 | WARNING | findfont: Font family 'Arial Unicode MS' not found.
2025-12-18 14:31:30,057 | WARNING | findfont: Font family 'Noto Sans CJK SC' not found.
2025-12-18 14:31:30,057 | WARNING | findfont: Font family 'Arial Unicode MS' not found.
2025-12-18 14:31:30,057 | WARNING | findfont: Font family 'Noto Sans CJK SC' not found.
2025-12-18 14:31:30,065 | WARNING | findfont: Font family 'Arial Unicode MS' not found.
2025-12-18 14:31:30,065 | WARNING | findfont: Font family 'Noto Sans CJK SC' not found.
2025-12-18 14:31:30,066 | WARNING | findfont: Font family 'Arial Unicode MS' not found.
2025-12-18 14:31:30,066 | WARNING | findfont: Font family 'Noto Sans CJK SC' not found.
2025-12-18 14:31:30,066 | WARNING | findfont: Font family 'Arial Unicode MS' not found.
2025-12-18 14:31:30,067 | WARNING | findfont: Font family 'Noto Sans CJK SC' not found.
2025-12-18 14:31:30,074 | WARNING | findfont: Font family 'Arial Unicode MS' not found.
2025-12-18 14:31:30,074 | WARNING | findfont: Font family 'Noto Sans CJK SC' not found.
2025-12-18 14:31:30,075 | WARNING | findfont: Font family 'Arial Unicode MS' not found.
2025-12-18 14:31:30,075 | WARNING | findfont: Font family 'Noto Sans CJK SC' not found.
2025-12-18 14:31:30,075 | WARNING | findfont: Font family 'Arial Unicode MS' not found.
2025-12-18 14:31:30,076 | WARNING | findfont: Font family 'Noto Sans CJK SC' not found.
2025-12-18 14:31:30,076 | WARNING | findfont: Font family 'Arial Unicode MS' not found.
2025-12-18 14:31:30,076 | WARNING | findfont: Font family 'Noto Sans CJK SC' not found.
2025-12-18 14:31:30,076 | WARNING | findfont: Font family 'Arial Unicode MS' not found.
2025-12-18 14:31:30,076 | WARNING | findfont: Font family 'Noto Sans CJK SC' not found.
2025-12-18 14:31:30,077 | WARNING | findfont: Font family 'Arial Unicode MS' not found.
2025-12-18 14:31:30,077 | WARNING | findfont: Font family 'Noto Sans CJK SC' not found.
2025-12-18 14:31:30,078 | WARNING | findfont: Font family 'Arial Unicode MS' not found.
2025-12-18 14:31:30,078 | WARNING | findfont: Font family 'Noto Sans CJK SC' not found.
2025-12-18 14:31:30,078 | WARNING | findfont: Font family 'Arial Unicode MS' not found.
2025-12-18 14:31:30,078 | WARNING | findfont: Font family 'Noto Sans CJK SC' not found.
2025-12-18 14:31:30,079 | WARNING | findfont: Font family 'Arial Unicode MS' not found.
2025-12-18 14:31:30,079 | WARNING | findfont: Font family 'Noto Sans CJK SC' not found.
2025-12-18 14:31:30,081 | WARNING | findfont: Font family 'Arial Unicode MS' not found.
2025-12-18 14:31:30,081 | WARNING | findfont: Font family 'Noto Sans CJK SC' not found.
2025-12-18 14:31:30,082 | WARNING | findfont: Font family 'Arial Unicode MS' not found.
2025-12-18 14:31:30,082 | WARNING | findfont: Font family 'Noto Sans CJK SC' not found.
2025-12-18 14:31:30,082 | WARNING | findfont: Font family 'Arial Unicode MS' not found.
2025-12-18 14:31:30,083 | WARNING | findfont: Font family 'Noto Sans CJK SC' not found.
2025-12-18 14:31:30,086 | WARNING | findfont: Font family 'Arial Unicode MS' not found.
2025-12-18 14:31:30,087 | WARNING | findfont: Font family 'Noto Sans CJK SC' not found.
2025-12-18 14:31:30,087 | WARNING | findfont: Font family 'Arial Unicode MS' not found.
2025-12-18 14:31:30,087 | WARNING | findfont: Font family 'Noto Sans CJK SC' not found.
2025-12-18 14:31:30,088 | WARNING | findfont: Font family 'Arial Unicode MS' not found.
2025-12-18 14:31:30,088 | WARNING | findfont: Font family 'Noto Sans CJK SC' not found.
2025-12-18 14:31:30,088 | WARNING | findfont: Font family 'Arial Unicode MS' not found.
2025-12-18 14:31:30,089 | WARNING | findfont: Font family 'Noto Sans CJK SC' not found.
2025-12-18 14:31:30,089 | WARNING | findfont: Font family 'Arial Unicode MS' not found.
2025-12-18 14:31:30,089 | WARNING | findfont: Font family 'Noto Sans CJK SC' not found.
2025-12-18 14:31:30,090 | WARNING | findfont: Font family 'Arial Unicode MS' not found.
2025-12-18 14:31:30,090 | WARNING | findfont: Font family 'Noto Sans CJK SC' not found.
2025-12-18 14:31:30,090 | WARNING | findfont: Font family 'Arial Unicode MS' not found.
2025-12-18 14:31:30,090 | WARNING | findfont: Font family 'Noto Sans CJK SC' not found.
2025-12-18 14:31:30,091 | WARNING | findfont: Font family 'Arial Unicode MS' not found.
2025-12-18 14:31:30,091 | WARNING | findfont: Font family 'Noto Sans CJK SC' not found.
2025-12-18 14:31:30,091 | WARNING | findfont: Font family 'Arial Unicode MS' not found.
2025-12-18 14:31:30,092 | WARNING | findfont: Font family 'Noto Sans CJK SC' not found.
2025-12-18 14:31:30,099 | WARNING | findfont: Font family 'Arial Unicode MS' not found.
2025-12-18 14:31:30,099 | WARNING | findfont: Font family 'Noto Sans CJK SC' not found.
2025-12-18 14:31:30,104 | WARNING | findfont: Font family 'Arial Unicode MS' not found.
2025-12-18 14:31:30,105 | WARNING | findfont: Font family 'Noto Sans CJK SC' not found.
2025-12-18 14:31:30,105 | WARNING | findfont: Font family 'Arial Unicode MS' not found.
2025-12-18 14:31:30,105 | WARNING | findfont: Font family 'Noto Sans CJK SC' not found.
2025-12-18 14:31:30,106 | WARNING | findfont: Font family 'Arial Unicode MS' not found.
2025-12-18 14:31:30,106 | WARNING | findfont: Font family 'Noto Sans CJK SC' not found.
2025-12-18 14:31:30,119 | WARNING | findfont: Font family 'Arial Unicode MS' not found.
2025-12-18 14:31:30,119 | WARNING | findfont: Font family 'Noto Sans CJK SC' not found.
2025-12-18 14:31:30,119 | WARNING | findfont: Font family 'Arial Unicode MS' not found.
2025-12-18 14:31:30,120 | WARNING | findfont: Font family 'Noto Sans CJK SC' not found.
2025-12-18 14:31:30,120 | WARNING | findfont: Font family 'Arial Unicode MS' not found.
2025-12-18 14:31:30,120 | WARNING | findfont: Font family 'Noto Sans CJK SC' not found.
2025-12-18 14:31:30,122 | WARNING | findfont: Font family 'Arial Unicode MS' not found.
2025-12-18 14:31:30,122 | WARNING | findfont: Font family 'Noto Sans CJK SC' not found.
2025-12-18 14:31:30,123 | WARNING | findfont: Font family 'Arial Unicode MS' not found.
2025-12-18 14:31:30,123 | WARNING | findfont: Font family 'Noto Sans CJK SC' not found.
2025-12-18 14:31:30,124 | WARNING | findfont: Font family 'Arial Unicode MS' not found.
2025-12-18 14:31:30,124 | WARNING | findfont: Font family 'Noto Sans CJK SC' not found.
2025-12-18 14:31:30,124 | WARNING | findfont: Font family 'Arial Unicode MS' not found.
2025-12-18 14:31:30,125 | WARNING | findfont: Font family 'Noto Sans CJK SC' not found.
2025-12-18 14:31:30,125 | WARNING | findfont: Font family 'Arial Unicode MS' not found.
2025-12-18 14:31:30,125 | WARNING | findfont: Font family 'Noto Sans CJK SC' not found.
2025-12-18 14:31:30,126 | WARNING | findfont: Font family 'Arial Unicode MS' not found.
2025-12-18 14:31:30,126 | WARNING | findfont: Font family 'Noto Sans CJK SC' not found.
2025-12-18 14:31:30,132 | WARNING | findfont: Font family 'Arial Unicode MS' not found.
2025-12-18 14:31:30,132 | WARNING | findfont: Font family 'Noto Sans CJK SC' not found.
2025-12-18 14:31:30,134 | WARNING | findfont: Font family 'Arial Unicode MS' not found.
2025-12-18 14:31:30,134 | WARNING | findfont: Font family 'Noto Sans CJK SC' not found.
2025-12-18 14:31:30,135 | WARNING | findfont: Font family 'Arial Unicode MS' not found.
2025-12-18 14:31:30,136 | WARNING | findfont: Font family 'Noto Sans CJK SC' not found.
2025-12-18 14:31:30,136 | WARNING | findfont: Font family 'Arial Unicode MS' not found.
2025-12-18 14:31:30,136 | WARNING | findfont: Font family 'Noto Sans CJK SC' not found.
2025-12-18 14:31:30,137 | WARNING | findfont: Font family 'Arial Unicode MS' not found.
2025-12-18 14:31:30,137 | WARNING | findfont: Font family 'Noto Sans CJK SC' not found.
2025-12-18 14:31:30,138 | WARNING | findfont: Font family 'Arial Unicode MS' not found.
2025-12-18 14:31:30,138 | WARNING | findfont: Font family 'Noto Sans CJK SC' not found.
2025-12-18 14:31:30,139 | WARNING | findfont: Font family 'Arial Unicode MS' not found.
2025-12-18 14:31:30,139 | WARNING | findfont: Font family 'Noto Sans CJK SC' not found.
2025-12-18 14:31:30,140 | WARNING | findfont: Font family 'Arial Unicode MS' not found.
2025-12-18 14:31:30,140 | WARNING | findfont: Font family 'Noto Sans CJK SC' not found.
2025-12-18 14:31:30,141 | WARNING | findfont: Font family 'Arial Unicode MS' not found.
2025-12-18 14:31:30,141 | WARNING | findfont: Font family 'Noto Sans CJK SC' not found.
2025-12-18 14:31:30,143 | WARNING | findfont: Font family 'Arial Unicode MS' not found.
2025-12-18 14:31:30,143 | WARNING | findfont: Font family 'Noto Sans CJK SC' not found.
2025-12-18 14:31:30,148 | WARNING | findfont: Font family 'Arial Unicode MS' not found.
2025-12-18 14:31:30,149 | WARNING | findfont: Font family 'Noto Sans CJK SC' not found.
2025-12-18 14:31:30,153 | WARNING | findfont: Font family 'Arial Unicode MS' not found.
2025-12-18 14:31:30,154 | WARNING | findfont: Font family 'Noto Sans CJK SC' not found.
2025-12-18 14:31:30,155 | WARNING | findfont: Font family 'Arial Unicode MS' not found.
2025-12-18 14:31:30,155 | WARNING | findfont: Font family 'Noto Sans CJK SC' not found.
2025-12-18 14:31:30,156 | WARNING | findfont: Font family 'Arial Unicode MS' not found.
2025-12-18 14:31:30,156 | WARNING | findfont: Font family 'Noto Sans CJK SC' not found.
2025-12-18 14:31:30,309 | WARNING | findfont: Font family 'Arial Unicode MS' not found.
2025-12-18 14:31:30,310 | WARNING | findfont: Font family 'Noto Sans CJK SC' not found.
2025-12-18 14:31:30,310 | WARNING | findfont: Font family 'Arial Unicode MS' not found.
2025-12-18 14:31:30,310 | WARNING | findfont: Font family 'Noto Sans CJK SC' not found.
2025-12-18 14:31:30,311 | WARNING | findfont: Font family 'Arial Unicode MS' not found.
2025-12-18 14:31:30,311 | WARNING | findfont: Font family 'Noto Sans CJK SC' not found.
2025-12-18 14:31:30,311 | WARNING | findfont: Font family 'Arial Unicode MS' not found.
2025-12-18 14:31:30,312 | WARNING | findfont: Font family 'Noto Sans CJK SC' not found.
2025-12-18 14:31:30,312 | WARNING | findfont: Font family 'Arial Unicode MS' not found.
2025-12-18 14:31:30,312 | WARNING | findfont: Font family 'Noto Sans CJK SC' not found.
2025-12-18 14:31:30,313 | WARNING | findfont: Font family 'Arial Unicode MS' not found.
2025-12-18 14:31:30,313 | WARNING | findfont: Font family 'Noto Sans CJK SC' not found.
2025-12-18 14:31:30,313 | WARNING | findfont: Font family 'Arial Unicode MS' not found.
2025-12-18 14:31:30,314 | WARNING | findfont: Font family 'Noto Sans CJK SC' not found.
2025-12-18 14:31:30,314 | WARNING | findfont: Font family 'Arial Unicode MS' not found.
2025-12-18 14:31:30,314 | WARNING | findfont: Font family 'Noto Sans CJK SC' not found.
2025-12-18 14:31:30,315 | WARNING | findfont: Font family 'Arial Unicode MS' not found.
2025-12-18 14:31:30,315 | WARNING | findfont: Font family 'Noto Sans CJK SC' not found.
2025-12-18 14:31:30,315 | WARNING | findfont: Font family 'Arial Unicode MS' not found.
2025-12-18 14:31:30,316 | WARNING | findfont: Font family 'Noto Sans CJK SC' not found.
2025-12-18 14:31:30,320 | WARNING | findfont: Font family 'Arial Unicode MS' not found.
2025-12-18 14:31:30,320 | WARNING | findfont: Font family 'Noto Sans CJK SC' not found.
2025-12-18 14:31:30,326 | WARNING | findfont: Font family 'Arial Unicode MS' not found.
2025-12-18 14:31:30,327 | WARNING | findfont: Font family 'Noto Sans CJK SC' not found.
2025-12-18 14:31:30,327 | WARNING | findfont: Font family 'Arial Unicode MS' not found.
2025-12-18 14:31:30,327 | WARNING | findfont: Font family 'Noto Sans CJK SC' not found.
2025-12-18 14:31:30,328 | WARNING | findfont: Font family 'Arial Unicode MS' not found.
2025-12-18 14:31:30,328 | WARNING | findfont: Font family 'Noto Sans CJK SC' not found.
2025-12-18 14:31:30,328 | WARNING | findfont: Font family 'Arial Unicode MS' not found.
2025-12-18 14:31:30,328 | WARNING | findfont: Font family 'Noto Sans CJK SC' not found.
2025-12-18 14:31:30,329 | WARNING | findfont: Font family 'Arial Unicode MS' not found.
2025-12-18 14:31:30,329 | WARNING | findfont: Font family 'Noto Sans CJK SC' not found.
2025-12-18 14:31:30,329 | WARNING | findfont: Font family 'Arial Unicode MS' not found.
2025-12-18 14:31:30,329 | WARNING | findfont: Font family 'Noto Sans CJK SC' not found.
2025-12-18 14:31:30,330 | WARNING | findfont: Font family 'Arial Unicode MS' not found.
2025-12-18 14:31:30,330 | WARNING | findfont: Font family 'Noto Sans CJK SC' not found.
2025-12-18 14:31:30,332 | WARNING | findfont: Font family 'Arial Unicode MS' not found.
2025-12-18 14:31:30,332 | WARNING | findfont: Font family 'Noto Sans CJK SC' not found.
2025-12-18 14:31:30,337 | WARNING | findfont: Font family 'Arial Unicode MS' not found.
2025-12-18 14:31:30,337 | WARNING | findfont: Font family 'Noto Sans CJK SC' not found.
2025-12-18 14:31:30,337 | WARNING | findfont: Font family 'Arial Unicode MS' not found.
2025-12-18 14:31:30,337 | WARNING | findfont: Font family 'Noto Sans CJK SC' not found.
2025-12-18 14:31:30,346 | WARNING | findfont: Font family 'Arial Unicode MS' not found.
2025-12-18 14:31:30,346 | WARNING | findfont: Font family 'Noto Sans CJK SC' not found.
2025-12-18 14:31:30,347 | WARNING | findfont: Font family 'Arial Unicode MS' not found.
2025-12-18 14:31:30,347 | WARNING | findfont: Font family 'Noto Sans CJK SC' not found.
2025-12-18 14:31:30,348 | WARNING | findfont: Font family 'Arial Unicode MS' not found.
2025-12-18 14:31:30,348 | WARNING | findfont: Font family 'Noto Sans CJK SC' not found.
2025-12-18 14:31:30,356 | WARNING | findfont: Font family 'Arial Unicode MS' not found.
2025-12-18 14:31:30,357 | WARNING | findfont: Font family 'Noto Sans CJK SC' not found.
2025-12-18 14:31:30,357 | WARNING | findfont: Font family 'Arial Unicode MS' not found.
2025-12-18 14:31:30,358 | WARNING | findfont: Font family 'Noto Sans CJK SC' not found.
2025-12-18 14:31:30,358 | WARNING | findfont: Font family 'Arial Unicode MS' not found.
2025-12-18 14:31:30,358 | WARNING | findfont: Font family 'Noto Sans CJK SC' not found.
2025-12-18 14:31:30,359 | WARNING | findfont: Font family 'Arial Unicode MS' not found.
2025-12-18 14:31:30,359 | WARNING | findfont: Font family 'Noto Sans CJK SC' not found.
2025-12-18 14:31:30,359 | WARNING | findfont: Font family 'Arial Unicode MS' not found.
2025-12-18 14:31:30,360 | WARNING | findfont: Font family 'Noto Sans CJK SC' not found.
2025-12-18 14:31:30,360 | WARNING | findfont: Font family 'Arial Unicode MS' not found.
2025-12-18 14:31:30,360 | WARNING | findfont: Font family 'Noto Sans CJK SC' not found.
2025-12-18 14:31:30,361 | WARNING | findfont: Font family 'Arial Unicode MS' not found.
2025-12-18 14:31:30,361 | WARNING | findfont: Font family 'Noto Sans CJK SC' not found.
2025-12-18 14:31:30,361 | WARNING | findfont: Font family 'Arial Unicode MS' not found.
2025-12-18 14:31:30,361 | WARNING | findfont: Font family 'Noto Sans CJK SC' not found.
2025-12-18 14:31:30,363 | WARNING | findfont: Font family 'Arial Unicode MS' not found.
2025-12-18 14:31:30,363 | WARNING | findfont: Font family 'Noto Sans CJK SC' not found.
2025-12-18 14:31:30,365 | WARNING | findfont: Font family 'Arial Unicode MS' not found.
2025-12-18 14:31:30,365 | WARNING | findfont: Font family 'Noto Sans CJK SC' not found.
2025-12-18 14:31:30,365 | WARNING | findfont: Font family 'Arial Unicode MS' not found.
2025-12-18 14:31:30,365 | WARNING | findfont: Font family 'Noto Sans CJK SC' not found.
2025-12-18 14:31:30,375 | WARNING | findfont: Font family 'Arial Unicode MS' not found.
2025-12-18 14:31:30,376 | WARNING | findfont: Font family 'Noto Sans CJK SC' not found.
2025-12-18 14:31:30,376 | WARNING | findfont: Font family 'Arial Unicode MS' not found.
2025-12-18 14:31:30,377 | WARNING | findfont: Font family 'Noto Sans CJK SC' not found.
2025-12-18 14:31:30,378 | WARNING | findfont: Font family 'Arial Unicode MS' not found.
2025-12-18 14:31:30,378 | WARNING | findfont: Font family 'Noto Sans CJK SC' not found.
2025-12-18 14:31:30,380 | WARNING | findfont: Font family 'Arial Unicode MS' not found.
2025-12-18 14:31:30,380 | WARNING | findfont: Font family 'Noto Sans CJK SC' not found.
2025-12-18 14:31:30,382 | WARNING | findfont: Font family 'Arial Unicode MS' not found.
2025-12-18 14:31:30,382 | WARNING | findfont: Font family 'Noto Sans CJK SC' not found.
2025-12-18 14:31:30,383 | WARNING | findfont: Font family 'Arial Unicode MS' not found.
2025-12-18 14:31:30,383 | WARNING | findfont: Font family 'Noto Sans CJK SC' not found.
2025-12-18 14:31:30,385 | WARNING | findfont: Font family 'Arial Unicode MS' not found.
2025-12-18 14:31:30,385 | WARNING | findfont: Font family 'Noto Sans CJK SC' not found.
2025-12-18 14:31:30,386 | WARNING | findfont: Font family 'Arial Unicode MS' not found.
2025-12-18 14:31:30,386 | WARNING | findfont: Font family 'Noto Sans CJK SC' not found.
2025-12-18 14:31:30,388 | WARNING | findfont: Font family 'Arial Unicode MS' not found.
2025-12-18 14:31:30,389 | WARNING | findfont: Font family 'Noto Sans CJK SC' not found.
2025-12-18 14:31:30,400 | WARNING | findfont: Font family 'Arial Unicode MS' not found.
2025-12-18 14:31:30,400 | WARNING | findfont: Font family 'Noto Sans CJK SC' not found.
2025-12-18 14:31:30,406 | WARNING | findfont: Font family 'Arial Unicode MS' not found.
2025-12-18 14:31:30,406 | WARNING | findfont: Font family 'Noto Sans CJK SC' not found.
2025-12-18 14:31:30,406 | WARNING | findfont: Font family 'Arial Unicode MS' not found.
2025-12-18 14:31:30,407 | WARNING | findfont: Font family 'Noto Sans CJK SC' not found.
2025-12-18 14:31:30,407 | WARNING | findfont: Font family 'Arial Unicode MS' not found.
2025-12-18 14:31:30,408 | WARNING | findfont: Font family 'Noto Sans CJK SC' not found.
2025-12-18 14:31:30,420 | WARNING | findfont: Font family 'Arial Unicode MS' not found.
2025-12-18 14:31:30,420 | WARNING | findfont: Font family 'Noto Sans CJK SC' not found.
2025-12-18 14:31:30,421 | WARNING | findfont: Font family 'Arial Unicode MS' not found.
2025-12-18 14:31:30,421 | WARNING | findfont: Font family 'Noto Sans CJK SC' not found.
2025-12-18 14:31:30,423 | WARNING | findfont: Font family 'Arial Unicode MS' not found.
2025-12-18 14:31:30,424 | WARNING | findfont: Font family 'Noto Sans CJK SC' not found.
2025-12-18 14:31:30,424 | WARNING | findfont: Font family 'Arial Unicode MS' not found.
2025-12-18 14:31:30,425 | WARNING | findfont: Font family 'Noto Sans CJK SC' not found.
2025-12-18 14:31:30,426 | WARNING | findfont: Font family 'Arial Unicode MS' not found.
2025-12-18 14:31:30,426 | WARNING | findfont: Font family 'Noto Sans CJK SC' not found.
2025-12-18 14:31:30,427 | WARNING | findfont: Font family 'Arial Unicode MS' not found.
2025-12-18 14:31:30,427 | WARNING | findfont: Font family 'Noto Sans CJK SC' not found.
2025-12-18 14:31:30,428 | WARNING | findfont: Font family 'Arial Unicode MS' not found.
2025-12-18 14:31:30,428 | WARNING | findfont: Font family 'Noto Sans CJK SC' not found.
2025-12-18 14:31:30,429 | WARNING | findfont: Font family 'Arial Unicode MS' not found.
2025-12-18 14:31:30,429 | WARNING | findfont: Font family 'Noto Sans CJK SC' not found.
2025-12-18 14:31:30,430 | WARNING | findfont: Font family 'Arial Unicode MS' not found.
2025-12-18 14:31:30,430 | WARNING | findfont: Font family 'Noto Sans CJK SC' not found.
2025-12-18 14:31:30,440 | WARNING | findfont: Font family 'Arial Unicode MS' not found.
2025-12-18 14:31:30,440 | WARNING | findfont: Font family 'Noto Sans CJK SC' not found.
2025-12-18 14:31:30,442 | WARNING | findfont: Font family 'Arial Unicode MS' not found.
2025-12-18 14:31:30,443 | WARNING | findfont: Font family 'Noto Sans CJK SC' not found.
2025-12-18 14:31:30,444 | WARNING | findfont: Font family 'Arial Unicode MS' not found.
2025-12-18 14:31:30,444 | WARNING | findfont: Font family 'Noto Sans CJK SC' not found.
2025-12-18 14:31:30,445 | WARNING | findfont: Font family 'Arial Unicode MS' not found.
2025-12-18 14:31:30,445 | WARNING | findfont: Font family 'Noto Sans CJK SC' not found.
2025-12-18 14:31:30,446 | WARNING | findfont: Font family 'Arial Unicode MS' not found.
2025-12-18 14:31:30,446 | WARNING | findfont: Font family 'Noto Sans CJK SC' not found.
2025-12-18 14:31:30,447 | WARNING | findfont: Font family 'Arial Unicode MS' not found.
2025-12-18 14:31:30,447 | WARNING | findfont: Font family 'Noto Sans CJK SC' not found.
2025-12-18 14:31:30,448 | WARNING | findfont: Font family 'Arial Unicode MS' not found.
2025-12-18 14:31:30,448 | WARNING | findfont: Font family 'Noto Sans CJK SC' not found.
2025-12-18 14:31:30,450 | WARNING | findfont: Font family 'Arial Unicode MS' not found.
2025-12-18 14:31:30,450 | WARNING | findfont: Font family 'Noto Sans CJK SC' not found.
2025-12-18 14:31:30,453 | WARNING | findfont: Font family 'Arial Unicode MS' not found.
2025-12-18 14:31:30,453 | WARNING | findfont: Font family 'Noto Sans CJK SC' not found.
2025-12-18 14:31:30,459 | WARNING | findfont: Font family 'Arial Unicode MS' not found.
2025-12-18 14:31:30,459 | WARNING | findfont: Font family 'Noto Sans CJK SC' not found.
2025-12-18 14:31:30,464 | WARNING | findfont: Font family 'Arial Unicode MS' not found.
2025-12-18 14:31:30,465 | WARNING | findfont: Font family 'Noto Sans CJK SC' not found.
2025-12-18 14:31:30,466 | WARNING | findfont: Font family 'Arial Unicode MS' not found.
2025-12-18 14:31:30,466 | WARNING | findfont: Font family 'Noto Sans CJK SC' not found.
2025-12-18 14:31:30,469 | WARNING | findfont: Font family 'Arial Unicode MS' not found.
2025-12-18 14:31:30,469 | WARNING | findfont: Font family 'Noto Sans CJK SC' not found.
2025-12-18 14:31:30,638 | WARNING | findfont: Font family 'Arial Unicode MS' not found.
2025-12-18 14:31:30,639 | WARNING | findfont: Font family 'Noto Sans CJK SC' not found.
2025-12-18 14:31:30,639 | WARNING | findfont: Font family 'Arial Unicode MS' not found.
2025-12-18 14:31:30,639 | WARNING | findfont: Font family 'Noto Sans CJK SC' not found.
2025-12-18 14:31:30,640 | WARNING | findfont: Font family 'Arial Unicode MS' not found.
2025-12-18 14:31:30,640 | WARNING | findfont: Font family 'Noto Sans CJK SC' not found.
2025-12-18 14:31:30,640 | WARNING | findfont: Font family 'Arial Unicode MS' not found.
2025-12-18 14:31:30,640 | WARNING | findfont: Font family 'Noto Sans CJK SC' not found.
2025-12-18 14:31:30,641 | WARNING | findfont: Font family 'Arial Unicode MS' not found.
2025-12-18 14:31:30,641 | WARNING | findfont: Font family 'Noto Sans CJK SC' not found.
2025-12-18 14:31:30,641 | WARNING | findfont: Font family 'Arial Unicode MS' not found.
2025-12-18 14:31:30,641 | WARNING | findfont: Font family 'Noto Sans CJK SC' not found.
2025-12-18 14:31:30,641 | WARNING | findfont: Font family 'Arial Unicode MS' not found.
2025-12-18 14:31:30,641 | WARNING | findfont: Font family 'Noto Sans CJK SC' not found.
2025-12-18 14:31:30,641 | WARNING | findfont: Font family 'Arial Unicode MS' not found.
2025-12-18 14:31:30,642 | WARNING | findfont: Font family 'Noto Sans CJK SC' not found.
2025-12-18 14:31:30,642 | WARNING | findfont: Font family 'Arial Unicode MS' not found.
2025-12-18 14:31:30,642 | WARNING | findfont: Font family 'Noto Sans CJK SC' not found.
2025-12-18 14:31:30,645 | WARNING | findfont: Font family 'Arial Unicode MS' not found.
2025-12-18 14:31:30,645 | WARNING | findfont: Font family 'Noto Sans CJK SC' not found.
2025-12-18 14:31:30,649 | WARNING | findfont: Font family 'Arial Unicode MS' not found.
2025-12-18 14:31:30,649 | WARNING | findfont: Font family 'Noto Sans CJK SC' not found.
2025-12-18 14:31:30,650 | WARNING | findfont: Font family 'Arial Unicode MS' not found.
2025-12-18 14:31:30,650 | WARNING | findfont: Font family 'Noto Sans CJK SC' not found.
2025-12-18 14:31:30,650 | WARNING | findfont: Font family 'Arial Unicode MS' not found.
2025-12-18 14:31:30,650 | WARNING | findfont: Font family 'Noto Sans CJK SC' not found.
2025-12-18 14:31:30,651 | WARNING | findfont: Font family 'Arial Unicode MS' not found.
2025-12-18 14:31:30,651 | WARNING | findfont: Font family 'Noto Sans CJK SC' not found.
2025-12-18 14:31:30,651 | WARNING | findfont: Font family 'Arial Unicode MS' not found.
2025-12-18 14:31:30,651 | WARNING | findfont: Font family 'Noto Sans CJK SC' not found.
2025-12-18 14:31:30,651 | WARNING | findfont: Font family 'Arial Unicode MS' not found.
2025-12-18 14:31:30,651 | WARNING | findfont: Font family 'Noto Sans CJK SC' not found.
2025-12-18 14:31:30,651 | WARNING | findfont: Font family 'Arial Unicode MS' not found.
2025-12-18 14:31:30,652 | WARNING | findfont: Font family 'Noto Sans CJK SC' not found.
2025-12-18 14:31:30,653 | WARNING | findfont: Font family 'Arial Unicode MS' not found.
2025-12-18 14:31:30,653 | WARNING | findfont: Font family 'Noto Sans CJK SC' not found.
2025-12-18 14:31:30,656 | WARNING | findfont: Font family 'Arial Unicode MS' not found.
2025-12-18 14:31:30,656 | WARNING | findfont: Font family 'Noto Sans CJK SC' not found.
2025-12-18 14:31:30,656 | WARNING | findfont: Font family 'Arial Unicode MS' not found.
2025-12-18 14:31:30,656 | WARNING | findfont: Font family 'Noto Sans CJK SC' not found.
2025-12-18 14:31:30,661 | WARNING | findfont: Font family 'Arial Unicode MS' not found.
2025-12-18 14:31:30,661 | WARNING | findfont: Font family 'Noto Sans CJK SC' not found.
2025-12-18 14:31:30,662 | WARNING | findfont: Font family 'Arial Unicode MS' not found.
2025-12-18 14:31:30,662 | WARNING | findfont: Font family 'Noto Sans CJK SC' not found.
2025-12-18 14:31:30,662 | WARNING | findfont: Font family 'Arial Unicode MS' not found.
2025-12-18 14:31:30,662 | WARNING | findfont: Font family 'Noto Sans CJK SC' not found.
2025-12-18 14:31:30,668 | WARNING | findfont: Font family 'Arial Unicode MS' not found.
2025-12-18 14:31:30,668 | WARNING | findfont: Font family 'Noto Sans CJK SC' not found.
2025-12-18 14:31:30,669 | WARNING | findfont: Font family 'Arial Unicode MS' not found.
2025-12-18 14:31:30,669 | WARNING | findfont: Font family 'Noto Sans CJK SC' not found.
2025-12-18 14:31:30,669 | WARNING | findfont: Font family 'Arial Unicode MS' not found.
2025-12-18 14:31:30,669 | WARNING | findfont: Font family 'Noto Sans CJK SC' not found.
2025-12-18 14:31:30,670 | WARNING | findfont: Font family 'Arial Unicode MS' not found.
2025-12-18 14:31:30,670 | WARNING | findfont: Font family 'Noto Sans CJK SC' not found.
2025-12-18 14:31:30,670 | WARNING | findfont: Font family 'Arial Unicode MS' not found.
2025-12-18 14:31:30,670 | WARNING | findfont: Font family 'Noto Sans CJK SC' not found.
2025-12-18 14:31:30,670 | WARNING | findfont: Font family 'Arial Unicode MS' not found.
2025-12-18 14:31:30,670 | WARNING | findfont: Font family 'Noto Sans CJK SC' not found.
2025-12-18 14:31:30,671 | WARNING | findfont: Font family 'Arial Unicode MS' not found.
2025-12-18 14:31:30,671 | WARNING | findfont: Font family 'Noto Sans CJK SC' not found.
2025-12-18 14:31:30,671 | WARNING | findfont: Font family 'Arial Unicode MS' not found.
2025-12-18 14:31:30,671 | WARNING | findfont: Font family 'Noto Sans CJK SC' not found.
2025-12-18 14:31:30,672 | WARNING | findfont: Font family 'Arial Unicode MS' not found.
2025-12-18 14:31:30,672 | WARNING | findfont: Font family 'Noto Sans CJK SC' not found.
2025-12-18 14:31:30,673 | WARNING | findfont: Font family 'Arial Unicode MS' not found.
2025-12-18 14:31:30,673 | WARNING | findfont: Font family 'Noto Sans CJK SC' not found.
2025-12-18 14:31:30,673 | WARNING | findfont: Font family 'Arial Unicode MS' not found.
2025-12-18 14:31:30,674 | WARNING | findfont: Font family 'Noto Sans CJK SC' not found.
2025-12-18 14:31:30,677 | WARNING | findfont: Font family 'Arial Unicode MS' not found.
2025-12-18 14:31:30,677 | WARNING | findfont: Font family 'Noto Sans CJK SC' not found.
2025-12-18 14:31:30,677 | WARNING | findfont: Font family 'Arial Unicode MS' not found.
2025-12-18 14:31:30,677 | WARNING | findfont: Font family 'Noto Sans CJK SC' not found.
2025-12-18 14:31:30,677 | WARNING | findfont: Font family 'Arial Unicode MS' not found.
2025-12-18 14:31:30,678 | WARNING | findfont: Font family 'Noto Sans CJK SC' not found.
2025-12-18 14:31:30,678 | WARNING | findfont: Font family 'Arial Unicode MS' not found.
2025-12-18 14:31:30,678 | WARNING | findfont: Font family 'Noto Sans CJK SC' not found.
2025-12-18 14:31:30,678 | WARNING | findfont: Font family 'Arial Unicode MS' not found.
2025-12-18 14:31:30,678 | WARNING | findfont: Font family 'Noto Sans CJK SC' not found.
2025-12-18 14:31:30,679 | WARNING | findfont: Font family 'Arial Unicode MS' not found.
2025-12-18 14:31:30,679 | WARNING | findfont: Font family 'Noto Sans CJK SC' not found.
2025-12-18 14:31:30,679 | WARNING | findfont: Font family 'Arial Unicode MS' not found.
2025-12-18 14:31:30,679 | WARNING | findfont: Font family 'Noto Sans CJK SC' not found.
2025-12-18 14:31:30,680 | WARNING | findfont: Font family 'Arial Unicode MS' not found.
2025-12-18 14:31:30,680 | WARNING | findfont: Font family 'Noto Sans CJK SC' not found.
2025-12-18 14:31:30,685 | WARNING | findfont: Font family 'Arial Unicode MS' not found.
2025-12-18 14:31:30,685 | WARNING | findfont: Font family 'Noto Sans CJK SC' not found.
2025-12-18 14:31:30,689 | WARNING | findfont: Font family 'Arial Unicode MS' not found.
2025-12-18 14:31:30,690 | WARNING | findfont: Font family 'Noto Sans CJK SC' not found.
2025-12-18 14:31:30,690 | WARNING | findfont: Font family 'Arial Unicode MS' not found.
2025-12-18 14:31:30,690 | WARNING | findfont: Font family 'Noto Sans CJK SC' not found.
2025-12-18 14:31:30,691 | WARNING | findfont: Font family 'Arial Unicode MS' not found.
2025-12-18 14:31:30,691 | WARNING | findfont: Font family 'Noto Sans CJK SC' not found.
2025-12-18 14:31:30,700 | WARNING | findfont: Font family 'Arial Unicode MS' not found.
2025-12-18 14:31:30,700 | WARNING | findfont: Font family 'Noto Sans CJK SC' not found.
2025-12-18 14:31:30,701 | WARNING | findfont: Font family 'Arial Unicode MS' not found.
2025-12-18 14:31:30,701 | WARNING | findfont: Font family 'Noto Sans CJK SC' not found.
2025-12-18 14:31:30,702 | WARNING | findfont: Font family 'Arial Unicode MS' not found.
2025-12-18 14:31:30,702 | WARNING | findfont: Font family 'Noto Sans CJK SC' not found.
2025-12-18 14:31:30,702 | WARNING | findfont: Font family 'Arial Unicode MS' not found.
2025-12-18 14:31:30,702 | WARNING | findfont: Font family 'Noto Sans CJK SC' not found.
2025-12-18 14:31:30,703 | WARNING | findfont: Font family 'Arial Unicode MS' not found.
2025-12-18 14:31:30,703 | WARNING | findfont: Font family 'Noto Sans CJK SC' not found.
2025-12-18 14:31:30,704 | WARNING | findfont: Font family 'Arial Unicode MS' not found.
2025-12-18 14:31:30,704 | WARNING | findfont: Font family 'Noto Sans CJK SC' not found.
2025-12-18 14:31:30,705 | WARNING | findfont: Font family 'Arial Unicode MS' not found.
2025-12-18 14:31:30,705 | WARNING | findfont: Font family 'Noto Sans CJK SC' not found.
2025-12-18 14:31:30,705 | WARNING | findfont: Font family 'Arial Unicode MS' not found.
2025-12-18 14:31:30,705 | WARNING | findfont: Font family 'Noto Sans CJK SC' not found.
2025-12-18 14:31:30,710 | WARNING | findfont: Font family 'Arial Unicode MS' not found.
2025-12-18 14:31:30,710 | WARNING | findfont: Font family 'Noto Sans CJK SC' not found.
2025-12-18 14:31:30,711 | WARNING | findfont: Font family 'Arial Unicode MS' not found.
2025-12-18 14:31:30,711 | WARNING | findfont: Font family 'Noto Sans CJK SC' not found.
2025-12-18 14:31:30,712 | WARNING | findfont: Font family 'Arial Unicode MS' not found.
2025-12-18 14:31:30,712 | WARNING | findfont: Font family 'Noto Sans CJK SC' not found.
2025-12-18 14:31:30,713 | WARNING | findfont: Font family 'Arial Unicode MS' not found.
2025-12-18 14:31:30,713 | WARNING | findfont: Font family 'Noto Sans CJK SC' not found.
2025-12-18 14:31:30,714 | WARNING | findfont: Font family 'Arial Unicode MS' not found.
2025-12-18 14:31:30,714 | WARNING | findfont: Font family 'Noto Sans CJK SC' not found.
2025-12-18 14:31:30,715 | WARNING | findfont: Font family 'Arial Unicode MS' not found.
2025-12-18 14:31:30,715 | WARNING | findfont: Font family 'Noto Sans CJK SC' not found.
2025-12-18 14:31:30,715 | WARNING | findfont: Font family 'Arial Unicode MS' not found.
2025-12-18 14:31:30,716 | WARNING | findfont: Font family 'Noto Sans CJK SC' not found.
2025-12-18 14:31:30,716 | WARNING | findfont: Font family 'Arial Unicode MS' not found.
2025-12-18 14:31:30,717 | WARNING | findfont: Font family 'Noto Sans CJK SC' not found.
2025-12-18 14:31:30,719 | WARNING | findfont: Font family 'Arial Unicode MS' not found.
2025-12-18 14:31:30,719 | WARNING | findfont: Font family 'Noto Sans CJK SC' not found.
2025-12-18 14:31:30,723 | WARNING | findfont: Font family 'Arial Unicode MS' not found.
2025-12-18 14:31:30,723 | WARNING | findfont: Font family 'Noto Sans CJK SC' not found.
2025-12-18 14:31:30,727 | WARNING | findfont: Font family 'Arial Unicode MS' not found.
2025-12-18 14:31:30,727 | WARNING | findfont: Font family 'Noto Sans CJK SC' not found.
2025-12-18 14:31:30,728 | WARNING | findfont: Font family 'Arial Unicode MS' not found.
2025-12-18 14:31:30,728 | WARNING | findfont: Font family 'Noto Sans CJK SC' not found.
2025-12-18 14:31:30,729 | WARNING | findfont: Font family 'Arial Unicode MS' not found.
2025-12-18 14:31:30,729 | WARNING | findfont: Font family 'Noto Sans CJK SC' not found.
2025-12-18 14:31:30,854 | WARNING | findfont: Font family 'Arial Unicode MS' not found.
2025-12-18 14:31:30,855 | WARNING | findfont: Font family 'Noto Sans CJK SC' not found.
2025-12-18 14:31:30,855 | WARNING | findfont: Font family 'Arial Unicode MS' not found.
2025-12-18 14:31:30,855 | WARNING | findfont: Font family 'Noto Sans CJK SC' not found.
2025-12-18 14:31:30,855 | WARNING | findfont: Font family 'Arial Unicode MS' not found.
2025-12-18 14:31:30,856 | WARNING | findfont: Font family 'Noto Sans CJK SC' not found.
2025-12-18 14:31:30,856 | WARNING | findfont: Font family 'Arial Unicode MS' not found.
2025-12-18 14:31:30,856 | WARNING | findfont: Font family 'Noto Sans CJK SC' not found.
2025-12-18 14:31:30,856 | WARNING | findfont: Font family 'Arial Unicode MS' not found.
2025-12-18 14:31:30,857 | WARNING | findfont: Font family 'Noto Sans CJK SC' not found.
2025-12-18 14:31:30,857 | WARNING | findfont: Font family 'Arial Unicode MS' not found.
2025-12-18 14:31:30,857 | WARNING | findfont: Font family 'Noto Sans CJK SC' not found.
2025-12-18 14:31:30,857 | WARNING | findfont: Font family 'Arial Unicode MS' not found.
2025-12-18 14:31:30,858 | WARNING | findfont: Font family 'Noto Sans CJK SC' not found.
2025-12-18 14:31:30,858 | WARNING | findfont: Font family 'Arial Unicode MS' not found.
2025-12-18 14:31:30,858 | WARNING | findfont: Font family 'Noto Sans CJK SC' not found.
2025-12-18 14:31:30,858 | WARNING | findfont: Font family 'Arial Unicode MS' not found.
2025-12-18 14:31:30,858 | WARNING | findfont: Font family 'Noto Sans CJK SC' not found.
2025-12-18 14:31:30,859 | WARNING | findfont: Font family 'Arial Unicode MS' not found.
2025-12-18 14:31:30,859 | WARNING | findfont: Font family 'Noto Sans CJK SC' not found.
2025-12-18 14:31:30,861 | WARNING | findfont: Font family 'Arial Unicode MS' not found.
2025-12-18 14:31:30,861 | WARNING | findfont: Font family 'Noto Sans CJK SC' not found.
2025-12-18 14:31:30,865 | WARNING | findfont: Font family 'Arial Unicode MS' not found.
2025-12-18 14:31:30,866 | WARNING | findfont: Font family 'Noto Sans CJK SC' not found.
2025-12-18 14:31:30,866 | WARNING | findfont: Font family 'Arial Unicode MS' not found.
2025-12-18 14:31:30,866 | WARNING | findfont: Font family 'Noto Sans CJK SC' not found.
2025-12-18 14:31:30,867 | WARNING | findfont: Font family 'Arial Unicode MS' not found.
2025-12-18 14:31:30,867 | WARNING | findfont: Font family 'Noto Sans CJK SC' not found.
2025-12-18 14:31:30,867 | WARNING | findfont: Font family 'Arial Unicode MS' not found.
2025-12-18 14:31:30,867 | WARNING | findfont: Font family 'Noto Sans CJK SC' not found.
2025-12-18 14:31:30,868 | WARNING | findfont: Font family 'Arial Unicode MS' not found.
2025-12-18 14:31:30,868 | WARNING | findfont: Font family 'Noto Sans CJK SC' not found.
2025-12-18 14:31:30,868 | WARNING | findfont: Font family 'Arial Unicode MS' not found.
2025-12-18 14:31:30,868 | WARNING | findfont: Font family 'Noto Sans CJK SC' not found.
2025-12-18 14:31:30,870 | WARNING | findfont: Font family 'Arial Unicode MS' not found.
2025-12-18 14:31:30,870 | WARNING | findfont: Font family 'Noto Sans CJK SC' not found.
2025-12-18 14:31:30,872 | WARNING | findfont: Font family 'Arial Unicode MS' not found.
2025-12-18 14:31:30,873 | WARNING | findfont: Font family 'Noto Sans CJK SC' not found.
2025-12-18 14:31:30,873 | WARNING | findfont: Font family 'Arial Unicode MS' not found.
2025-12-18 14:31:30,873 | WARNING | findfont: Font family 'Noto Sans CJK SC' not found.
2025-12-18 14:31:30,878 | WARNING | findfont: Font family 'Arial Unicode MS' not found.
2025-12-18 14:31:30,878 | WARNING | findfont: Font family 'Noto Sans CJK SC' not found.
2025-12-18 14:31:30,878 | WARNING | findfont: Font family 'Arial Unicode MS' not found.
2025-12-18 14:31:30,878 | WARNING | findfont: Font family 'Noto Sans CJK SC' not found.
2025-12-18 14:31:30,879 | WARNING | findfont: Font family 'Arial Unicode MS' not found.
2025-12-18 14:31:30,879 | WARNING | findfont: Font family 'Noto Sans CJK SC' not found.
2025-12-18 14:31:30,885 | WARNING | findfont: Font family 'Arial Unicode MS' not found.
2025-12-18 14:31:30,885 | WARNING | findfont: Font family 'Noto Sans CJK SC' not found.
2025-12-18 14:31:30,885 | WARNING | findfont: Font family 'Arial Unicode MS' not found.
2025-12-18 14:31:30,886 | WARNING | findfont: Font family 'Noto Sans CJK SC' not found.
2025-12-18 14:31:30,886 | WARNING | findfont: Font family 'Arial Unicode MS' not found.
2025-12-18 14:31:30,886 | WARNING | findfont: Font family 'Noto Sans CJK SC' not found.
2025-12-18 14:31:30,887 | WARNING | findfont: Font family 'Arial Unicode MS' not found.
2025-12-18 14:31:30,887 | WARNING | findfont: Font family 'Noto Sans CJK SC' not found.
2025-12-18 14:31:30,887 | WARNING | findfont: Font family 'Arial Unicode MS' not found.
2025-12-18 14:31:30,887 | WARNING | findfont: Font family 'Noto Sans CJK SC' not found.
2025-12-18 14:31:30,887 | WARNING | findfont: Font family 'Arial Unicode MS' not found.
2025-12-18 14:31:30,888 | WARNING | findfont: Font family 'Noto Sans CJK SC' not found.
2025-12-18 14:31:30,888 | WARNING | findfont: Font family 'Arial Unicode MS' not found.
2025-12-18 14:31:30,888 | WARNING | findfont: Font family 'Noto Sans CJK SC' not found.
2025-12-18 14:31:30,889 | WARNING | findfont: Font family 'Arial Unicode MS' not found.
2025-12-18 14:31:30,889 | WARNING | findfont: Font family 'Noto Sans CJK SC' not found.
2025-12-18 14:31:30,890 | WARNING | findfont: Font family 'Arial Unicode MS' not found.
2025-12-18 14:31:30,890 | WARNING | findfont: Font family 'Noto Sans CJK SC' not found.
2025-12-18 14:31:30,890 | WARNING | findfont: Font family 'Arial Unicode MS' not found.
2025-12-18 14:31:30,890 | WARNING | findfont: Font family 'Noto Sans CJK SC' not found.
2025-12-18 14:31:30,893 | WARNING | findfont: Font family 'Arial Unicode MS' not found.
2025-12-18 14:31:30,893 | WARNING | findfont: Font family 'Noto Sans CJK SC' not found.
2025-12-18 14:31:30,894 | WARNING | findfont: Font family 'Arial Unicode MS' not found.
2025-12-18 14:31:30,894 | WARNING | findfont: Font family 'Noto Sans CJK SC' not found.
2025-12-18 14:31:30,894 | WARNING | findfont: Font family 'Arial Unicode MS' not found.
2025-12-18 14:31:30,895 | WARNING | findfont: Font family 'Noto Sans CJK SC' not found.
2025-12-18 14:31:30,895 | WARNING | findfont: Font family 'Arial Unicode MS' not found.
2025-12-18 14:31:30,895 | WARNING | findfont: Font family 'Noto Sans CJK SC' not found.
2025-12-18 14:31:30,895 | WARNING | findfont: Font family 'Arial Unicode MS' not found.
2025-12-18 14:31:30,895 | WARNING | findfont: Font family 'Noto Sans CJK SC' not found.
2025-12-18 14:31:30,896 | WARNING | findfont: Font family 'Arial Unicode MS' not found.
2025-12-18 14:31:30,896 | WARNING | findfont: Font family 'Noto Sans CJK SC' not found.
2025-12-18 14:31:30,896 | WARNING | findfont: Font family 'Arial Unicode MS' not found.
2025-12-18 14:31:30,896 | WARNING | findfont: Font family 'Noto Sans CJK SC' not found.
2025-12-18 14:31:30,897 | WARNING | findfont: Font family 'Arial Unicode MS' not found.
2025-12-18 14:31:30,897 | WARNING | findfont: Font family 'Noto Sans CJK SC' not found.
2025-12-18 14:31:30,898 | WARNING | findfont: Font family 'Arial Unicode MS' not found.
2025-12-18 14:31:30,898 | WARNING | findfont: Font family 'Noto Sans CJK SC' not found.
2025-12-18 14:31:30,903 | WARNING | findfont: Font family 'Arial Unicode MS' not found.
2025-12-18 14:31:30,903 | WARNING | findfont: Font family 'Noto Sans CJK SC' not found.
2025-12-18 14:31:30,906 | WARNING | findfont: Font family 'Arial Unicode MS' not found.
2025-12-18 14:31:30,906 | WARNING | findfont: Font family 'Noto Sans CJK SC' not found.
2025-12-18 14:31:30,907 | WARNING | findfont: Font family 'Arial Unicode MS' not found.
2025-12-18 14:31:30,907 | WARNING | findfont: Font family 'Noto Sans CJK SC' not found.
2025-12-18 14:31:30,907 | WARNING | findfont: Font family 'Arial Unicode MS' not found.
2025-12-18 14:31:30,908 | WARNING | findfont: Font family 'Noto Sans CJK SC' not found.
2025-12-18 14:31:30,917 | WARNING | findfont: Font family 'Arial Unicode MS' not found.
2025-12-18 14:31:30,917 | WARNING | findfont: Font family 'Noto Sans CJK SC' not found.
2025-12-18 14:31:30,918 | WARNING | findfont: Font family 'Arial Unicode MS' not found.
2025-12-18 14:31:30,918 | WARNING | findfont: Font family 'Noto Sans CJK SC' not found.
2025-12-18 14:31:30,918 | WARNING | findfont: Font family 'Arial Unicode MS' not found.
2025-12-18 14:31:30,919 | WARNING | findfont: Font family 'Noto Sans CJK SC' not found.
2025-12-18 14:31:30,919 | WARNING | findfont: Font family 'Arial Unicode MS' not found.
2025-12-18 14:31:30,919 | WARNING | findfont: Font family 'Noto Sans CJK SC' not found.
2025-12-18 14:31:30,920 | WARNING | findfont: Font family 'Arial Unicode MS' not found.
2025-12-18 14:31:30,920 | WARNING | findfont: Font family 'Noto Sans CJK SC' not found.
2025-12-18 14:31:30,920 | WARNING | findfont: Font family 'Arial Unicode MS' not found.
2025-12-18 14:31:30,920 | WARNING | findfont: Font family 'Noto Sans CJK SC' not found.
2025-12-18 14:31:30,921 | WARNING | findfont: Font family 'Arial Unicode MS' not found.
2025-12-18 14:31:30,921 | WARNING | findfont: Font family 'Noto Sans CJK SC' not found.
2025-12-18 14:31:30,922 | WARNING | findfont: Font family 'Arial Unicode MS' not found.
2025-12-18 14:31:30,922 | WARNING | findfont: Font family 'Noto Sans CJK SC' not found.
2025-12-18 14:31:30,922 | WARNING | findfont: Font family 'Arial Unicode MS' not found.
2025-12-18 14:31:30,922 | WARNING | findfont: Font family 'Noto Sans CJK SC' not found.
2025-12-18 14:31:30,926 | WARNING | findfont: Font family 'Arial Unicode MS' not found.
2025-12-18 14:31:30,927 | WARNING | findfont: Font family 'Noto Sans CJK SC' not found.
2025-12-18 14:31:30,928 | WARNING | findfont: Font family 'Arial Unicode MS' not found.
2025-12-18 14:31:30,928 | WARNING | findfont: Font family 'Noto Sans CJK SC' not found.
2025-12-18 14:31:30,929 | WARNING | findfont: Font family 'Arial Unicode MS' not found.
2025-12-18 14:31:30,929 | WARNING | findfont: Font family 'Noto Sans CJK SC' not found.
2025-12-18 14:31:30,929 | WARNING | findfont: Font family 'Arial Unicode MS' not found.
2025-12-18 14:31:30,930 | WARNING | findfont: Font family 'Noto Sans CJK SC' not found.
2025-12-18 14:31:30,930 | WARNING | findfont: Font family 'Arial Unicode MS' not found.
2025-12-18 14:31:30,930 | WARNING | findfont: Font family 'Noto Sans CJK SC' not found.
2025-12-18 14:31:30,931 | WARNING | findfont: Font family 'Arial Unicode MS' not found.
2025-12-18 14:31:30,931 | WARNING | findfont: Font family 'Noto Sans CJK SC' not found.
2025-12-18 14:31:30,932 | WARNING | findfont: Font family 'Arial Unicode MS' not found.
2025-12-18 14:31:30,932 | WARNING | findfont: Font family 'Noto Sans CJK SC' not found.
2025-12-18 14:31:30,934 | WARNING | findfont: Font family 'Arial Unicode MS' not found.
2025-12-18 14:31:30,934 | WARNING | findfont: Font family 'Noto Sans CJK SC' not found.
2025-12-18 14:31:30,939 | WARNING | findfont: Font family 'Arial Unicode MS' not found.
2025-12-18 14:31:30,939 | WARNING | findfont: Font family 'Noto Sans CJK SC' not found.
2025-12-18 14:31:30,942 | WARNING | findfont: Font family 'Arial Unicode MS' not found.
2025-12-18 14:31:30,942 | WARNING | findfont: Font family 'Noto Sans CJK SC' not found.
2025-12-18 14:31:30,943 | WARNING | findfont: Font family 'Arial Unicode MS' not found.
2025-12-18 14:31:30,943 | WARNING | findfont: Font family 'Noto Sans CJK SC' not found.
2025-12-18 14:31:30,944 | WARNING | findfont: Font family 'Arial Unicode MS' not found.
2025-12-18 14:31:30,944 | WARNING | findfont: Font family 'Noto Sans CJK SC' not found.
2025-12-18 14:31:31,069 | WARNING | findfont: Font family 'Arial Unicode MS' not found.
2025-12-18 14:31:31,069 | WARNING | findfont: Font family 'Noto Sans CJK SC' not found.
2025-12-18 14:31:31,070 | WARNING | findfont: Font family 'Arial Unicode MS' not found.
2025-12-18 14:31:31,070 | WARNING | findfont: Font family 'Noto Sans CJK SC' not found.
2025-12-18 14:31:31,070 | WARNING | findfont: Font family 'Arial Unicode MS' not found.
2025-12-18 14:31:31,070 | WARNING | findfont: Font family 'Noto Sans CJK SC' not found.
2025-12-18 14:31:31,070 | WARNING | findfont: Font family 'Arial Unicode MS' not found.
2025-12-18 14:31:31,071 | WARNING | findfont: Font family 'Noto Sans CJK SC' not found.
2025-12-18 14:31:31,071 | WARNING | findfont: Font family 'Arial Unicode MS' not found.
2025-12-18 14:31:31,071 | WARNING | findfont: Font family 'Noto Sans CJK SC' not found.
2025-12-18 14:31:31,071 | WARNING | findfont: Font family 'Arial Unicode MS' not found.
2025-12-18 14:31:31,071 | WARNING | findfont: Font family 'Noto Sans CJK SC' not found.
2025-12-18 14:31:31,072 | WARNING | findfont: Font family 'Arial Unicode MS' not found.
2025-12-18 14:31:31,072 | WARNING | findfont: Font family 'Noto Sans CJK SC' not found.
2025-12-18 14:31:31,072 | WARNING | findfont: Font family 'Arial Unicode MS' not found.
2025-12-18 14:31:31,072 | WARNING | findfont: Font family 'Noto Sans CJK SC' not found.
2025-12-18 14:31:31,073 | WARNING | findfont: Font family 'Arial Unicode MS' not found.
2025-12-18 14:31:31,073 | WARNING | findfont: Font family 'Noto Sans CJK SC' not found.
2025-12-18 14:31:31,073 | WARNING | findfont: Font family 'Arial Unicode MS' not found.
2025-12-18 14:31:31,073 | WARNING | findfont: Font family 'Noto Sans CJK SC' not found.
2025-12-18 14:31:31,075 | WARNING | findfont: Font family 'Arial Unicode MS' not found.
2025-12-18 14:31:31,076 | WARNING | findfont: Font family 'Noto Sans CJK SC' not found.
2025-12-18 14:31:31,079 | WARNING | findfont: Font family 'Arial Unicode MS' not found.
2025-12-18 14:31:31,079 | WARNING | findfont: Font family 'Noto Sans CJK SC' not found.
2025-12-18 14:31:31,079 | WARNING | findfont: Font family 'Arial Unicode MS' not found.
2025-12-18 14:31:31,079 | WARNING | findfont: Font family 'Noto Sans CJK SC' not found.
2025-12-18 14:31:31,080 | WARNING | findfont: Font family 'Arial Unicode MS' not found.
2025-12-18 14:31:31,080 | WARNING | findfont: Font family 'Noto Sans CJK SC' not found.
2025-12-18 14:31:31,080 | WARNING | findfont: Font family 'Arial Unicode MS' not found.
2025-12-18 14:31:31,080 | WARNING | findfont: Font family 'Noto Sans CJK SC' not found.
2025-12-18 14:31:31,082 | WARNING | findfont: Font family 'Arial Unicode MS' not found.
2025-12-18 14:31:31,082 | WARNING | findfont: Font family 'Noto Sans CJK SC' not found.
2025-12-18 14:31:31,083 | WARNING | findfont: Font family 'Arial Unicode MS' not found.
2025-12-18 14:31:31,083 | WARNING | findfont: Font family 'Noto Sans CJK SC' not found.
2025-12-18 14:31:31,085 | WARNING | findfont: Font family 'Arial Unicode MS' not found.
2025-12-18 14:31:31,085 | WARNING | findfont: Font family 'Noto Sans CJK SC' not found.
2025-12-18 14:31:31,086 | WARNING | findfont: Font family 'Arial Unicode MS' not found.
2025-12-18 14:31:31,086 | WARNING | findfont: Font family 'Noto Sans CJK SC' not found.
2025-12-18 14:31:31,090 | WARNING | findfont: Font family 'Arial Unicode MS' not found.
2025-12-18 14:31:31,090 | WARNING | findfont: Font family 'Noto Sans CJK SC' not found.
2025-12-18 14:31:31,091 | WARNING | findfont: Font family 'Arial Unicode MS' not found.
2025-12-18 14:31:31,091 | WARNING | findfont: Font family 'Noto Sans CJK SC' not found.
2025-12-18 14:31:31,091 | WARNING | findfont: Font family 'Arial Unicode MS' not found.
2025-12-18 14:31:31,091 | WARNING | findfont: Font family 'Noto Sans CJK SC' not found.
2025-12-18 14:31:31,096 | WARNING | findfont: Font family 'Arial Unicode MS' not found.
2025-12-18 14:31:31,096 | WARNING | findfont: Font family 'Noto Sans CJK SC' not found.
2025-12-18 14:31:31,096 | WARNING | findfont: Font family 'Arial Unicode MS' not found.
2025-12-18 14:31:31,096 | WARNING | findfont: Font family 'Noto Sans CJK SC' not found.
2025-12-18 14:31:31,096 | WARNING | findfont: Font family 'Arial Unicode MS' not found.
2025-12-18 14:31:31,096 | WARNING | findfont: Font family 'Noto Sans CJK SC' not found.
2025-12-18 14:31:31,098 | WARNING | findfont: Font family 'Arial Unicode MS' not found.
2025-12-18 14:31:31,098 | WARNING | findfont: Font family 'Noto Sans CJK SC' not found.
2025-12-18 14:31:31,098 | WARNING | findfont: Font family 'Arial Unicode MS' not found.
2025-12-18 14:31:31,098 | WARNING | findfont: Font family 'Noto Sans CJK SC' not found.
2025-12-18 14:31:31,099 | WARNING | findfont: Font family 'Arial Unicode MS' not found.
2025-12-18 14:31:31,099 | WARNING | findfont: Font family 'Noto Sans CJK SC' not found.
2025-12-18 14:31:31,100 | WARNING | findfont: Font family 'Arial Unicode MS' not found.
2025-12-18 14:31:31,100 | WARNING | findfont: Font family 'Noto Sans CJK SC' not found.
2025-12-18 14:31:31,101 | WARNING | findfont: Font family 'Arial Unicode MS' not found.
2025-12-18 14:31:31,101 | WARNING | findfont: Font family 'Noto Sans CJK SC' not found.
2025-12-18 14:31:31,101 | WARNING | findfont: Font family 'Arial Unicode MS' not found.
2025-12-18 14:31:31,101 | WARNING | findfont: Font family 'Noto Sans CJK SC' not found.
2025-12-18 14:31:31,104 | WARNING | findfont: Font family 'Arial Unicode MS' not found.
2025-12-18 14:31:31,104 | WARNING | findfont: Font family 'Noto Sans CJK SC' not found.
2025-12-18 14:31:31,104 | WARNING | findfont: Font family 'Arial Unicode MS' not found.
2025-12-18 14:31:31,104 | WARNING | findfont: Font family 'Noto Sans CJK SC' not found.
2025-12-18 14:31:31,104 | WARNING | findfont: Font family 'Arial Unicode MS' not found.
2025-12-18 14:31:31,104 | WARNING | findfont: Font family 'Noto Sans CJK SC' not found.
2025-12-18 14:31:31,105 | WARNING | findfont: Font family 'Arial Unicode MS' not found.
2025-12-18 14:31:31,105 | WARNING | findfont: Font family 'Noto Sans CJK SC' not found.
2025-12-18 14:31:31,105 | WARNING | findfont: Font family 'Arial Unicode MS' not found.
2025-12-18 14:31:31,105 | WARNING | findfont: Font family 'Noto Sans CJK SC' not found.
2025-12-18 14:31:31,105 | WARNING | findfont: Font family 'Arial Unicode MS' not found.
2025-12-18 14:31:31,105 | WARNING | findfont: Font family 'Noto Sans CJK SC' not found.
2025-12-18 14:31:31,106 | WARNING | findfont: Font family 'Arial Unicode MS' not found.
2025-12-18 14:31:31,106 | WARNING | findfont: Font family 'Noto Sans CJK SC' not found.
2025-12-18 14:31:31,106 | WARNING | findfont: Font family 'Arial Unicode MS' not found.
2025-12-18 14:31:31,106 | WARNING | findfont: Font family 'Noto Sans CJK SC' not found.
2025-12-18 14:31:31,107 | WARNING | findfont: Font family 'Arial Unicode MS' not found.
2025-12-18 14:31:31,107 | WARNING | findfont: Font family 'Noto Sans CJK SC' not found.
2025-12-18 14:31:31,112 | WARNING | findfont: Font family 'Arial Unicode MS' not found.
2025-12-18 14:31:31,112 | WARNING | findfont: Font family 'Noto Sans CJK SC' not found.
2025-12-18 14:31:31,115 | WARNING | findfont: Font family 'Arial Unicode MS' not found.
2025-12-18 14:31:31,115 | WARNING | findfont: Font family 'Noto Sans CJK SC' not found.
2025-12-18 14:31:31,116 | WARNING | findfont: Font family 'Arial Unicode MS' not found.
2025-12-18 14:31:31,116 | WARNING | findfont: Font family 'Noto Sans CJK SC' not found.
2025-12-18 14:31:31,116 | WARNING | findfont: Font family 'Arial Unicode MS' not found.
2025-12-18 14:31:31,117 | WARNING | findfont: Font family 'Noto Sans CJK SC' not found.
2025-12-18 14:31:31,124 | WARNING | findfont: Font family 'Arial Unicode MS' not found.
2025-12-18 14:31:31,124 | WARNING | findfont: Font family 'Noto Sans CJK SC' not found.
2025-12-18 14:31:31,125 | WARNING | findfont: Font family 'Arial Unicode MS' not found.
2025-12-18 14:31:31,125 | WARNING | findfont: Font family 'Noto Sans CJK SC' not found.
2025-12-18 14:31:31,126 | WARNING | findfont: Font family 'Arial Unicode MS' not found.
2025-12-18 14:31:31,126 | WARNING | findfont: Font family 'Noto Sans CJK SC' not found.
2025-12-18 14:31:31,126 | WARNING | findfont: Font family 'Arial Unicode MS' not found.
2025-12-18 14:31:31,126 | WARNING | findfont: Font family 'Noto Sans CJK SC' not found.
2025-12-18 14:31:31,127 | WARNING | findfont: Font family 'Arial Unicode MS' not found.
2025-12-18 14:31:31,127 | WARNING | findfont: Font family 'Noto Sans CJK SC' not found.
2025-12-18 14:31:31,127 | WARNING | findfont: Font family 'Arial Unicode MS' not found.
2025-12-18 14:31:31,128 | WARNING | findfont: Font family 'Noto Sans CJK SC' not found.
2025-12-18 14:31:31,128 | WARNING | findfont: Font family 'Arial Unicode MS' not found.
2025-12-18 14:31:31,128 | WARNING | findfont: Font family 'Noto Sans CJK SC' not found.
2025-12-18 14:31:31,129 | WARNING | findfont: Font family 'Arial Unicode MS' not found.
2025-12-18 14:31:31,129 | WARNING | findfont: Font family 'Noto Sans CJK SC' not found.
2025-12-18 14:31:31,129 | WARNING | findfont: Font family 'Arial Unicode MS' not found.
2025-12-18 14:31:31,129 | WARNING | findfont: Font family 'Noto Sans CJK SC' not found.
2025-12-18 14:31:31,134 | WARNING | findfont: Font family 'Arial Unicode MS' not found.
2025-12-18 14:31:31,134 | WARNING | findfont: Font family 'Noto Sans CJK SC' not found.
2025-12-18 14:31:31,136 | WARNING | findfont: Font family 'Arial Unicode MS' not found.
2025-12-18 14:31:31,136 | WARNING | findfont: Font family 'Noto Sans CJK SC' not found.
2025-12-18 14:31:31,136 | WARNING | findfont: Font family 'Arial Unicode MS' not found.
2025-12-18 14:31:31,136 | WARNING | findfont: Font family 'Noto Sans CJK SC' not found.
2025-12-18 14:31:31,137 | WARNING | findfont: Font family 'Arial Unicode MS' not found.
2025-12-18 14:31:31,137 | WARNING | findfont: Font family 'Noto Sans CJK SC' not found.
2025-12-18 14:31:31,137 | WARNING | findfont: Font family 'Arial Unicode MS' not found.
2025-12-18 14:31:31,137 | WARNING | findfont: Font family 'Noto Sans CJK SC' not found.
2025-12-18 14:31:31,138 | WARNING | findfont: Font family 'Arial Unicode MS' not found.
2025-12-18 14:31:31,138 | WARNING | findfont: Font family 'Noto Sans CJK SC' not found.
2025-12-18 14:31:31,140 | WARNING | findfont: Font family 'Arial Unicode MS' not found.
2025-12-18 14:31:31,140 | WARNING | findfont: Font family 'Noto Sans CJK SC' not found.
2025-12-18 14:31:31,143 | WARNING | findfont: Font family 'Arial Unicode MS' not found.
2025-12-18 14:31:31,143 | WARNING | findfont: Font family 'Noto Sans CJK SC' not found.
2025-12-18 14:31:31,146 | WARNING | findfont: Font family 'Arial Unicode MS' not found.
2025-12-18 14:31:31,146 | WARNING | findfont: Font family 'Noto Sans CJK SC' not found.
2025-12-18 14:31:31,147 | WARNING | findfont: Font family 'Arial Unicode MS' not found.
2025-12-18 14:31:31,147 | WARNING | findfont: Font family 'Noto Sans CJK SC' not found.
2025-12-18 14:31:31,147 | WARNING | findfont: Font family 'Arial Unicode MS' not found.
2025-12-18 14:31:31,147 | WARNING | findfont: Font family 'Noto Sans CJK SC' not found.
2025-12-18 14:31:31,259 | WARNING | findfont: Font family 'Arial Unicode MS' not found.
2025-12-18 14:31:31,259 | WARNING | findfont: Font family 'Noto Sans CJK SC' not found.
2025-12-18 14:31:31,259 | WARNING | findfont: Font family 'Arial Unicode MS' not found.
2025-12-18 14:31:31,259 | WARNING | findfont: Font family 'Noto Sans CJK SC' not found.
2025-12-18 14:31:31,260 | WARNING | findfont: Font family 'Arial Unicode MS' not found.
2025-12-18 14:31:31,260 | WARNING | findfont: Font family 'Noto Sans CJK SC' not found.
2025-12-18 14:31:31,260 | WARNING | findfont: Font family 'Arial Unicode MS' not found.
2025-12-18 14:31:31,260 | WARNING | findfont: Font family 'Noto Sans CJK SC' not found.
2025-12-18 14:31:31,260 | WARNING | findfont: Font family 'Arial Unicode MS' not found.
2025-12-18 14:31:31,260 | WARNING | findfont: Font family 'Noto Sans CJK SC' not found.
2025-12-18 14:31:31,261 | WARNING | findfont: Font family 'Arial Unicode MS' not found.
2025-12-18 14:31:31,261 | WARNING | findfont: Font family 'Noto Sans CJK SC' not found.
2025-12-18 14:31:31,261 | WARNING | findfont: Font family 'Arial Unicode MS' not found.
2025-12-18 14:31:31,261 | WARNING | findfont: Font family 'Noto Sans CJK SC' not found.
2025-12-18 14:31:31,261 | WARNING | findfont: Font family 'Arial Unicode MS' not found.
2025-12-18 14:31:31,261 | WARNING | findfont: Font family 'Noto Sans CJK SC' not found.
2025-12-18 14:31:31,262 | WARNING | findfont: Font family 'Arial Unicode MS' not found.
2025-12-18 14:31:31,262 | WARNING | findfont: Font family 'Noto Sans CJK SC' not found.
2025-12-18 14:31:31,262 | WARNING | findfont: Font family 'Arial Unicode MS' not found.
2025-12-18 14:31:31,262 | WARNING | findfont: Font family 'Noto Sans CJK SC' not found.
2025-12-18 14:31:31,265 | WARNING | findfont: Font family 'Arial Unicode MS' not found.
2025-12-18 14:31:31,265 | WARNING | findfont: Font family 'Noto Sans CJK SC' not found.
2025-12-18 14:31:31,269 | WARNING | findfont: Font family 'Arial Unicode MS' not found.
2025-12-18 14:31:31,269 | WARNING | findfont: Font family 'Noto Sans CJK SC' not found.
2025-12-18 14:31:31,270 | WARNING | findfont: Font family 'Arial Unicode MS' not found.
2025-12-18 14:31:31,270 | WARNING | findfont: Font family 'Noto Sans CJK SC' not found.
2025-12-18 14:31:31,270 | WARNING | findfont: Font family 'Arial Unicode MS' not found.
2025-12-18 14:31:31,270 | WARNING | findfont: Font family 'Noto Sans CJK SC' not found.
2025-12-18 14:31:31,270 | WARNING | findfont: Font family 'Arial Unicode MS' not found.
2025-12-18 14:31:31,270 | WARNING | findfont: Font family 'Noto Sans CJK SC' not found.
2025-12-18 14:31:31,271 | WARNING | findfont: Font family 'Arial Unicode MS' not found.
2025-12-18 14:31:31,271 | WARNING | findfont: Font family 'Noto Sans CJK SC' not found.
2025-12-18 14:31:31,271 | WARNING | findfont: Font family 'Arial Unicode MS' not found.
2025-12-18 14:31:31,271 | WARNING | findfont: Font family 'Noto Sans CJK SC' not found.
2025-12-18 14:31:31,272 | WARNING | findfont: Font family 'Arial Unicode MS' not found.
2025-12-18 14:31:31,272 | WARNING | findfont: Font family 'Noto Sans CJK SC' not found.
2025-12-18 14:31:31,276 | WARNING | findfont: Font family 'Arial Unicode MS' not found.
2025-12-18 14:31:31,276 | WARNING | findfont: Font family 'Noto Sans CJK SC' not found.
2025-12-18 14:31:31,276 | WARNING | findfont: Font family 'Arial Unicode MS' not found.
2025-12-18 14:31:31,276 | WARNING | findfont: Font family 'Noto Sans CJK SC' not found.
2025-12-18 14:31:31,281 | WARNING | findfont: Font family 'Arial Unicode MS' not found.
2025-12-18 14:31:31,281 | WARNING | findfont: Font family 'Noto Sans CJK SC' not found.
2025-12-18 14:31:31,282 | WARNING | findfont: Font family 'Arial Unicode MS' not found.
2025-12-18 14:31:31,282 | WARNING | findfont: Font family 'Noto Sans CJK SC' not found.
2025-12-18 14:31:31,282 | WARNING | findfont: Font family 'Arial Unicode MS' not found.
2025-12-18 14:31:31,283 | WARNING | findfont: Font family 'Noto Sans CJK SC' not found.
2025-12-18 14:31:31,288 | WARNING | findfont: Font family 'Arial Unicode MS' not found.
2025-12-18 14:31:31,289 | WARNING | findfont: Font family 'Noto Sans CJK SC' not found.
2025-12-18 14:31:31,289 | WARNING | findfont: Font family 'Arial Unicode MS' not found.
2025-12-18 14:31:31,289 | WARNING | findfont: Font family 'Noto Sans CJK SC' not found.
2025-12-18 14:31:31,289 | WARNING | findfont: Font family 'Arial Unicode MS' not found.
2025-12-18 14:31:31,289 | WARNING | findfont: Font family 'Noto Sans CJK SC' not found.
2025-12-18 14:31:31,290 | WARNING | findfont: Font family 'Arial Unicode MS' not found.
2025-12-18 14:31:31,290 | WARNING | findfont: Font family 'Noto Sans CJK SC' not found.
2025-12-18 14:31:31,290 | WARNING | findfont: Font family 'Arial Unicode MS' not found.
2025-12-18 14:31:31,290 | WARNING | findfont: Font family 'Noto Sans CJK SC' not found.
2025-12-18 14:31:31,290 | WARNING | findfont: Font family 'Arial Unicode MS' not found.
2025-12-18 14:31:31,290 | WARNING | findfont: Font family 'Noto Sans CJK SC' not found.
2025-12-18 14:31:31,291 | WARNING | findfont: Font family 'Arial Unicode MS' not found.
2025-12-18 14:31:31,291 | WARNING | findfont: Font family 'Noto Sans CJK SC' not found.
2025-12-18 14:31:31,292 | WARNING | findfont: Font family 'Arial Unicode MS' not found.
2025-12-18 14:31:31,292 | WARNING | findfont: Font family 'Noto Sans CJK SC' not found.
2025-12-18 14:31:31,293 | WARNING | findfont: Font family 'Arial Unicode MS' not found.
2025-12-18 14:31:31,293 | WARNING | findfont: Font family 'Noto Sans CJK SC' not found.
2025-12-18 14:31:31,293 | WARNING | findfont: Font family 'Arial Unicode MS' not found.
2025-12-18 14:31:31,293 | WARNING | findfont: Font family 'Noto Sans CJK SC' not found.
2025-12-18 14:31:31,296 | WARNING | findfont: Font family 'Arial Unicode MS' not found.
2025-12-18 14:31:31,296 | WARNING | findfont: Font family 'Noto Sans CJK SC' not found.
2025-12-18 14:31:31,296 | WARNING | findfont: Font family 'Arial Unicode MS' not found.
2025-12-18 14:31:31,296 | WARNING | findfont: Font family 'Noto Sans CJK SC' not found.
2025-12-18 14:31:31,296 | WARNING | findfont: Font family 'Arial Unicode MS' not found.
2025-12-18 14:31:31,296 | WARNING | findfont: Font family 'Noto Sans CJK SC' not found.
2025-12-18 14:31:31,297 | WARNING | findfont: Font family 'Arial Unicode MS' not found.
2025-12-18 14:31:31,298 | WARNING | findfont: Font family 'Noto Sans CJK SC' not found.
2025-12-18 14:31:31,298 | WARNING | findfont: Font family 'Arial Unicode MS' not found.
2025-12-18 14:31:31,298 | WARNING | findfont: Font family 'Noto Sans CJK SC' not found.
2025-12-18 14:31:31,299 | WARNING | findfont: Font family 'Arial Unicode MS' not found.
2025-12-18 14:31:31,299 | WARNING | findfont: Font family 'Noto Sans CJK SC' not found.
2025-12-18 14:31:31,299 | WARNING | findfont: Font family 'Arial Unicode MS' not found.
2025-12-18 14:31:31,299 | WARNING | findfont: Font family 'Noto Sans CJK SC' not found.
2025-12-18 14:31:31,300 | WARNING | findfont: Font family 'Arial Unicode MS' not found.
2025-12-18 14:31:31,300 | WARNING | findfont: Font family 'Noto Sans CJK SC' not found.
2025-12-18 14:31:31,300 | WARNING | findfont: Font family 'Arial Unicode MS' not found.
2025-12-18 14:31:31,300 | WARNING | findfont: Font family 'Noto Sans CJK SC' not found.
2025-12-18 14:31:31,305 | WARNING | findfont: Font family 'Arial Unicode MS' not found.
2025-12-18 14:31:31,306 | WARNING | findfont: Font family 'Noto Sans CJK SC' not found.
2025-12-18 14:31:31,309 | WARNING | findfont: Font family 'Arial Unicode MS' not found.
2025-12-18 14:31:31,309 | WARNING | findfont: Font family 'Noto Sans CJK SC' not found.
2025-12-18 14:31:31,309 | WARNING | findfont: Font family 'Arial Unicode MS' not found.
2025-12-18 14:31:31,309 | WARNING | findfont: Font family 'Noto Sans CJK SC' not found.
2025-12-18 14:31:31,310 | WARNING | findfont: Font family 'Arial Unicode MS' not found.
2025-12-18 14:31:31,310 | WARNING | findfont: Font family 'Noto Sans CJK SC' not found.
2025-12-18 14:31:31,318 | WARNING | findfont: Font family 'Arial Unicode MS' not found.
2025-12-18 14:31:31,318 | WARNING | findfont: Font family 'Noto Sans CJK SC' not found.
2025-12-18 14:31:31,319 | WARNING | findfont: Font family 'Arial Unicode MS' not found.
2025-12-18 14:31:31,319 | WARNING | findfont: Font family 'Noto Sans CJK SC' not found.
2025-12-18 14:31:31,320 | WARNING | findfont: Font family 'Arial Unicode MS' not found.
2025-12-18 14:31:31,320 | WARNING | findfont: Font family 'Noto Sans CJK SC' not found.
2025-12-18 14:31:31,320 | WARNING | findfont: Font family 'Arial Unicode MS' not found.
2025-12-18 14:31:31,320 | WARNING | findfont: Font family 'Noto Sans CJK SC' not found.
2025-12-18 14:31:31,321 | WARNING | findfont: Font family 'Arial Unicode MS' not found.
2025-12-18 14:31:31,321 | WARNING | findfont: Font family 'Noto Sans CJK SC' not found.
2025-12-18 14:31:31,321 | WARNING | findfont: Font family 'Arial Unicode MS' not found.
2025-12-18 14:31:31,322 | WARNING | findfont: Font family 'Noto Sans CJK SC' not found.
2025-12-18 14:31:31,322 | WARNING | findfont: Font family 'Arial Unicode MS' not found.
2025-12-18 14:31:31,322 | WARNING | findfont: Font family 'Noto Sans CJK SC' not found.
2025-12-18 14:31:31,323 | WARNING | findfont: Font family 'Arial Unicode MS' not found.
2025-12-18 14:31:31,323 | WARNING | findfont: Font family 'Noto Sans CJK SC' not found.
2025-12-18 14:31:31,323 | WARNING | findfont: Font family 'Arial Unicode MS' not found.
2025-12-18 14:31:31,323 | WARNING | findfont: Font family 'Noto Sans CJK SC' not found.
2025-12-18 14:31:31,327 | WARNING | findfont: Font family 'Arial Unicode MS' not found.
2025-12-18 14:31:31,327 | WARNING | findfont: Font family 'Noto Sans CJK SC' not found.
2025-12-18 14:31:31,328 | WARNING | findfont: Font family 'Arial Unicode MS' not found.
2025-12-18 14:31:31,329 | WARNING | findfont: Font family 'Noto Sans CJK SC' not found.
2025-12-18 14:31:31,329 | WARNING | findfont: Font family 'Arial Unicode MS' not found.
2025-12-18 14:31:31,329 | WARNING | findfont: Font family 'Noto Sans CJK SC' not found.
2025-12-18 14:31:31,330 | WARNING | findfont: Font family 'Arial Unicode MS' not found.
2025-12-18 14:31:31,331 | WARNING | findfont: Font family 'Noto Sans CJK SC' not found.
2025-12-18 14:31:31,331 | WARNING | findfont: Font family 'Arial Unicode MS' not found.
2025-12-18 14:31:31,331 | WARNING | findfont: Font family 'Noto Sans CJK SC' not found.
2025-12-18 14:31:31,331 | WARNING | findfont: Font family 'Arial Unicode MS' not found.
2025-12-18 14:31:31,331 | WARNING | findfont: Font family 'Noto Sans CJK SC' not found.
2025-12-18 14:31:31,332 | WARNING | findfont: Font family 'Arial Unicode MS' not found.
2025-12-18 14:31:31,332 | WARNING | findfont: Font family 'Noto Sans CJK SC' not found.
2025-12-18 14:31:31,334 | WARNING | findfont: Font family 'Arial Unicode MS' not found.
2025-12-18 14:31:31,334 | WARNING | findfont: Font family 'Noto Sans CJK SC' not found.
2025-12-18 14:31:31,337 | WARNING | findfont: Font family 'Arial Unicode MS' not found.
2025-12-18 14:31:31,337 | WARNING | findfont: Font family 'Noto Sans CJK SC' not found.
2025-12-18 14:31:31,340 | WARNING | findfont: Font family 'Arial Unicode MS' not found.
2025-12-18 14:31:31,340 | WARNING | findfont: Font family 'Noto Sans CJK SC' not found.
2025-12-18 14:31:31,341 | WARNING | findfont: Font family 'Arial Unicode MS' not found.
2025-12-18 14:31:31,341 | WARNING | findfont: Font family 'Noto Sans CJK SC' not found.
2025-12-18 14:31:31,341 | WARNING | findfont: Font family 'Arial Unicode MS' not found.
2025-12-18 14:31:31,342 | WARNING | findfont: Font family 'Noto Sans CJK SC' not found.
2025-12-18 14:31:31,445 | WARNING | findfont: Font family 'Arial Unicode MS' not found.
2025-12-18 14:31:31,445 | WARNING | findfont: Font family 'Noto Sans CJK SC' not found.
2025-12-18 14:31:31,446 | WARNING | findfont: Font family 'Arial Unicode MS' not found.
2025-12-18 14:31:31,446 | WARNING | findfont: Font family 'Noto Sans CJK SC' not found.
2025-12-18 14:31:31,446 | WARNING | findfont: Font family 'Arial Unicode MS' not found.
2025-12-18 14:31:31,446 | WARNING | findfont: Font family 'Noto Sans CJK SC' not found.
2025-12-18 14:31:31,446 | WARNING | findfont: Font family 'Arial Unicode MS' not found.
2025-12-18 14:31:31,446 | WARNING | findfont: Font family 'Noto Sans CJK SC' not found.
2025-12-18 14:31:31,448 | WARNING | findfont: Font family 'Arial Unicode MS' not found.
2025-12-18 14:31:31,448 | WARNING | findfont: Font family 'Noto Sans CJK SC' not found.
2025-12-18 14:31:31,448 | WARNING | findfont: Font family 'Arial Unicode MS' not found.
2025-12-18 14:31:31,448 | WARNING | findfont: Font family 'Noto Sans CJK SC' not found.
2025-12-18 14:31:31,449 | WARNING | findfont: Font family 'Arial Unicode MS' not found.
2025-12-18 14:31:31,449 | WARNING | findfont: Font family 'Noto Sans CJK SC' not found.
2025-12-18 14:31:31,449 | WARNING | findfont: Font family 'Arial Unicode MS' not found.
2025-12-18 14:31:31,449 | WARNING | findfont: Font family 'Noto Sans CJK SC' not found.
2025-12-18 14:31:31,449 | WARNING | findfont: Font family 'Arial Unicode MS' not found.
2025-12-18 14:31:31,450 | WARNING | findfont: Font family 'Noto Sans CJK SC' not found.
2025-12-18 14:31:31,452 | WARNING | findfont: Font family 'Arial Unicode MS' not found.
2025-12-18 14:31:31,452 | WARNING | findfont: Font family 'Noto Sans CJK SC' not found.
2025-12-18 14:31:31,456 | WARNING | findfont: Font family 'Arial Unicode MS' not found.
2025-12-18 14:31:31,456 | WARNING | findfont: Font family 'Noto Sans CJK SC' not found.
2025-12-18 14:31:31,456 | WARNING | findfont: Font family 'Arial Unicode MS' not found.
2025-12-18 14:31:31,456 | WARNING | findfont: Font family 'Noto Sans CJK SC' not found.
2025-12-18 14:31:31,457 | WARNING | findfont: Font family 'Arial Unicode MS' not found.
2025-12-18 14:31:31,457 | WARNING | findfont: Font family 'Noto Sans CJK SC' not found.
2025-12-18 14:31:31,457 | WARNING | findfont: Font family 'Arial Unicode MS' not found.
2025-12-18 14:31:31,457 | WARNING | findfont: Font family 'Noto Sans CJK SC' not found.
2025-12-18 14:31:31,458 | WARNING | findfont: Font family 'Arial Unicode MS' not found.
2025-12-18 14:31:31,458 | WARNING | findfont: Font family 'Noto Sans CJK SC' not found.
2025-12-18 14:31:31,458 | WARNING | findfont: Font family 'Arial Unicode MS' not found.
2025-12-18 14:31:31,458 | WARNING | findfont: Font family 'Noto Sans CJK SC' not found.
2025-12-18 14:31:31,459 | WARNING | findfont: Font family 'Arial Unicode MS' not found.
2025-12-18 14:31:31,459 | WARNING | findfont: Font family 'Noto Sans CJK SC' not found.
2025-12-18 14:31:31,461 | WARNING | findfont: Font family 'Arial Unicode MS' not found.
2025-12-18 14:31:31,461 | WARNING | findfont: Font family 'Noto Sans CJK SC' not found.
2025-12-18 14:31:31,462 | WARNING | findfont: Font family 'Arial Unicode MS' not found.
2025-12-18 14:31:31,462 | WARNING | findfont: Font family 'Noto Sans CJK SC' not found.
2025-12-18 14:31:31,467 | WARNING | findfont: Font family 'Arial Unicode MS' not found.
2025-12-18 14:31:31,467 | WARNING | findfont: Font family 'Noto Sans CJK SC' not found.
2025-12-18 14:31:31,468 | WARNING | findfont: Font family 'Arial Unicode MS' not found.
2025-12-18 14:31:31,468 | WARNING | findfont: Font family 'Noto Sans CJK SC' not found.
2025-12-18 14:31:31,468 | WARNING | findfont: Font family 'Arial Unicode MS' not found.
2025-12-18 14:31:31,468 | WARNING | findfont: Font family 'Noto Sans CJK SC' not found.
2025-12-18 14:31:31,474 | WARNING | findfont: Font family 'Arial Unicode MS' not found.
2025-12-18 14:31:31,474 | WARNING | findfont: Font family 'Noto Sans CJK SC' not found.
2025-12-18 14:31:31,474 | WARNING | findfont: Font family 'Arial Unicode MS' not found.
2025-12-18 14:31:31,475 | WARNING | findfont: Font family 'Noto Sans CJK SC' not found.
2025-12-18 14:31:31,475 | WARNING | findfont: Font family 'Arial Unicode MS' not found.
2025-12-18 14:31:31,476 | WARNING | findfont: Font family 'Noto Sans CJK SC' not found.
2025-12-18 14:31:31,476 | WARNING | findfont: Font family 'Arial Unicode MS' not found.
2025-12-18 14:31:31,476 | WARNING | findfont: Font family 'Noto Sans CJK SC' not found.
2025-12-18 14:31:31,477 | WARNING | findfont: Font family 'Arial Unicode MS' not found.
2025-12-18 14:31:31,477 | WARNING | findfont: Font family 'Noto Sans CJK SC' not found.
2025-12-18 14:31:31,478 | WARNING | findfont: Font family 'Arial Unicode MS' not found.
2025-12-18 14:31:31,478 | WARNING | findfont: Font family 'Noto Sans CJK SC' not found.
2025-12-18 14:31:31,478 | WARNING | findfont: Font family 'Arial Unicode MS' not found.
2025-12-18 14:31:31,478 | WARNING | findfont: Font family 'Noto Sans CJK SC' not found.
2025-12-18 14:31:31,481 | WARNING | findfont: Font family 'Arial Unicode MS' not found.
2025-12-18 14:31:31,481 | WARNING | findfont: Font family 'Noto Sans CJK SC' not found.
2025-12-18 14:31:31,482 | WARNING | findfont: Font family 'Arial Unicode MS' not found.
2025-12-18 14:31:31,482 | WARNING | findfont: Font family 'Noto Sans CJK SC' not found.
2025-12-18 14:31:31,482 | WARNING | findfont: Font family 'Arial Unicode MS' not found.
2025-12-18 14:31:31,482 | WARNING | findfont: Font family 'Noto Sans CJK SC' not found.
2025-12-18 14:31:31,486 | WARNING | findfont: Font family 'Arial Unicode MS' not found.
2025-12-18 14:31:31,487 | WARNING | findfont: Font family 'Noto Sans CJK SC' not found.
2025-12-18 14:31:31,487 | WARNING | findfont: Font family 'Arial Unicode MS' not found.
2025-12-18 14:31:31,487 | WARNING | findfont: Font family 'Noto Sans CJK SC' not found.
2025-12-18 14:31:31,487 | WARNING | findfont: Font family 'Arial Unicode MS' not found.
2025-12-18 14:31:31,488 | WARNING | findfont: Font family 'Noto Sans CJK SC' not found.
2025-12-18 14:31:31,488 | WARNING | findfont: Font family 'Arial Unicode MS' not found.
2025-12-18 14:31:31,488 | WARNING | findfont: Font family 'Noto Sans CJK SC' not found.
2025-12-18 14:31:31,488 | WARNING | findfont: Font family 'Arial Unicode MS' not found.
2025-12-18 14:31:31,488 | WARNING | findfont: Font family 'Noto Sans CJK SC' not found.
2025-12-18 14:31:31,489 | WARNING | findfont: Font family 'Arial Unicode MS' not found.
2025-12-18 14:31:31,489 | WARNING | findfont: Font family 'Noto Sans CJK SC' not found.
2025-12-18 14:31:31,489 | WARNING | findfont: Font family 'Arial Unicode MS' not found.
2025-12-18 14:31:31,489 | WARNING | findfont: Font family 'Noto Sans CJK SC' not found.
2025-12-18 14:31:31,490 | WARNING | findfont: Font family 'Arial Unicode MS' not found.
2025-12-18 14:31:31,490 | WARNING | findfont: Font family 'Noto Sans CJK SC' not found.
2025-12-18 14:31:31,495 | WARNING | findfont: Font family 'Arial Unicode MS' not found.
2025-12-18 14:31:31,495 | WARNING | findfont: Font family 'Noto Sans CJK SC' not found.
2025-12-18 14:31:31,499 | WARNING | findfont: Font family 'Arial Unicode MS' not found.
2025-12-18 14:31:31,499 | WARNING | findfont: Font family 'Noto Sans CJK SC' not found.
2025-12-18 14:31:31,500 | WARNING | findfont: Font family 'Arial Unicode MS' not found.
2025-12-18 14:31:31,500 | WARNING | findfont: Font family 'Noto Sans CJK SC' not found.
2025-12-18 14:31:31,500 | WARNING | findfont: Font family 'Arial Unicode MS' not found.
2025-12-18 14:31:31,501 | WARNING | findfont: Font family 'Noto Sans CJK SC' not found.
2025-12-18 14:31:31,510 | WARNING | findfont: Font family 'Arial Unicode MS' not found.
2025-12-18 14:31:31,510 | WARNING | findfont: Font family 'Noto Sans CJK SC' not found.
2025-12-18 14:31:31,511 | WARNING | findfont: Font family 'Arial Unicode MS' not found.
2025-12-18 14:31:31,511 | WARNING | findfont: Font family 'Noto Sans CJK SC' not found.
2025-12-18 14:31:31,512 | WARNING | findfont: Font family 'Arial Unicode MS' not found.
2025-12-18 14:31:31,512 | WARNING | findfont: Font family 'Noto Sans CJK SC' not found.
2025-12-18 14:31:31,513 | WARNING | findfont: Font family 'Arial Unicode MS' not found.
2025-12-18 14:31:31,513 | WARNING | findfont: Font family 'Noto Sans CJK SC' not found.
2025-12-18 14:31:31,515 | WARNING | findfont: Font family 'Arial Unicode MS' not found.
2025-12-18 14:31:31,515 | WARNING | findfont: Font family 'Noto Sans CJK SC' not found.
2025-12-18 14:31:31,516 | WARNING | findfont: Font family 'Arial Unicode MS' not found.
2025-12-18 14:31:31,516 | WARNING | findfont: Font family 'Noto Sans CJK SC' not found.
2025-12-18 14:31:31,517 | WARNING | findfont: Font family 'Arial Unicode MS' not found.
2025-12-18 14:31:31,517 | WARNING | findfont: Font family 'Noto Sans CJK SC' not found.
2025-12-18 14:31:31,518 | WARNING | findfont: Font family 'Arial Unicode MS' not found.
2025-12-18 14:31:31,519 | WARNING | findfont: Font family 'Noto Sans CJK SC' not found.
2025-12-18 14:31:31,527 | WARNING | findfont: Font family 'Arial Unicode MS' not found.
2025-12-18 14:31:31,527 | WARNING | findfont: Font family 'Noto Sans CJK SC' not found.
2025-12-18 14:31:31,531 | WARNING | findfont: Font family 'Arial Unicode MS' not found.
2025-12-18 14:31:31,531 | WARNING | findfont: Font family 'Noto Sans CJK SC' not found.
2025-12-18 14:31:31,532 | WARNING | findfont: Font family 'Arial Unicode MS' not found.
2025-12-18 14:31:31,533 | WARNING | findfont: Font family 'Noto Sans CJK SC' not found.
2025-12-18 14:31:31,533 | WARNING | findfont: Font family 'Arial Unicode MS' not found.
2025-12-18 14:31:31,534 | WARNING | findfont: Font family 'Noto Sans CJK SC' not found.
2025-12-18 14:31:31,534 | WARNING | findfont: Font family 'Arial Unicode MS' not found.
2025-12-18 14:31:31,534 | WARNING | findfont: Font family 'Noto Sans CJK SC' not found.
2025-12-18 14:31:31,535 | WARNING | findfont: Font family 'Arial Unicode MS' not found.
2025-12-18 14:31:31,535 | WARNING | findfont: Font family 'Noto Sans CJK SC' not found.
2025-12-18 14:31:31,536 | WARNING | findfont: Font family 'Arial Unicode MS' not found.
2025-12-18 14:31:31,536 | WARNING | findfont: Font family 'Noto Sans CJK SC' not found.
2025-12-18 14:31:31,540 | WARNING | findfont: Font family 'Arial Unicode MS' not found.
2025-12-18 14:31:31,540 | WARNING | findfont: Font family 'Noto Sans CJK SC' not found.
2025-12-18 14:31:31,544 | WARNING | findfont: Font family 'Arial Unicode MS' not found.
2025-12-18 14:31:31,544 | WARNING | findfont: Font family 'Noto Sans CJK SC' not found.
2025-12-18 14:31:31,549 | WARNING | findfont: Font family 'Arial Unicode MS' not found.
2025-12-18 14:31:31,549 | WARNING | findfont: Font family 'Noto Sans CJK SC' not found.
2025-12-18 14:31:31,551 | WARNING | findfont: Font family 'Arial Unicode MS' not found.
2025-12-18 14:31:31,551 | WARNING | findfont: Font family 'Noto Sans CJK SC' not found.
2025-12-18 14:31:31,553 | WARNING | findfont: Font family 'Arial Unicode MS' not found.
2025-12-18 14:31:31,553 | WARNING | findfont: Font family 'Noto Sans CJK SC' not found.
2025-12-18 14:31:31,759 | WARNING | findfont: Font family 'Arial Unicode MS' not found.
2025-12-18 14:31:31,759 | WARNING | findfont: Font family 'Noto Sans CJK SC' not found.
2025-12-18 14:31:31,760 | WARNING | findfont: Font family 'Arial Unicode MS' not found.
2025-12-18 14:31:31,760 | WARNING | findfont: Font family 'Noto Sans CJK SC' not found.
2025-12-18 14:31:31,761 | WARNING | findfont: Font family 'Arial Unicode MS' not found.
2025-12-18 14:31:31,761 | WARNING | findfont: Font family 'Noto Sans CJK SC' not found.
2025-12-18 14:31:31,761 | WARNING | findfont: Font family 'Arial Unicode MS' not found.
2025-12-18 14:31:31,761 | WARNING | findfont: Font family 'Noto Sans CJK SC' not found.
2025-12-18 14:31:31,762 | WARNING | findfont: Font family 'Arial Unicode MS' not found.
2025-12-18 14:31:31,762 | WARNING | findfont: Font family 'Noto Sans CJK SC' not found.
2025-12-18 14:31:31,763 | WARNING | findfont: Font family 'Arial Unicode MS' not found.
2025-12-18 14:31:31,763 | WARNING | findfont: Font family 'Noto Sans CJK SC' not found.
2025-12-18 14:31:31,764 | WARNING | findfont: Font family 'Arial Unicode MS' not found.
2025-12-18 14:31:31,764 | WARNING | findfont: Font family 'Noto Sans CJK SC' not found.
2025-12-18 14:31:31,765 | WARNING | findfont: Font family 'Arial Unicode MS' not found.
2025-12-18 14:31:31,765 | WARNING | findfont: Font family 'Noto Sans CJK SC' not found.
2025-12-18 14:31:31,765 | WARNING | findfont: Font family 'Arial Unicode MS' not found.
2025-12-18 14:31:31,766 | WARNING | findfont: Font family 'Noto Sans CJK SC' not found.
2025-12-18 14:31:31,766 | WARNING | findfont: Font family 'Arial Unicode MS' not found.
2025-12-18 14:31:31,766 | WARNING | findfont: Font family 'Noto Sans CJK SC' not found.
2025-12-18 14:31:31,770 | WARNING | findfont: Font family 'Arial Unicode MS' not found.
2025-12-18 14:31:31,771 | WARNING | findfont: Font family 'Noto Sans CJK SC' not found.
2025-12-18 14:31:31,778 | WARNING | findfont: Font family 'Arial Unicode MS' not found.
2025-12-18 14:31:31,778 | WARNING | findfont: Font family 'Noto Sans CJK SC' not found.
2025-12-18 14:31:31,778 | WARNING | findfont: Font family 'Arial Unicode MS' not found.
2025-12-18 14:31:31,779 | WARNING | findfont: Font family 'Noto Sans CJK SC' not found.
2025-12-18 14:31:31,779 | WARNING | findfont: Font family 'Arial Unicode MS' not found.
2025-12-18 14:31:31,779 | WARNING | findfont: Font family 'Noto Sans CJK SC' not found.
2025-12-18 14:31:31,779 | WARNING | findfont: Font family 'Arial Unicode MS' not found.
2025-12-18 14:31:31,780 | WARNING | findfont: Font family 'Noto Sans CJK SC' not found.
2025-12-18 14:31:31,780 | WARNING | findfont: Font family 'Arial Unicode MS' not found.
2025-12-18 14:31:31,780 | WARNING | findfont: Font family 'Noto Sans CJK SC' not found.
2025-12-18 14:31:31,780 | WARNING | findfont: Font family 'Arial Unicode MS' not found.
2025-12-18 14:31:31,781 | WARNING | findfont: Font family 'Noto Sans CJK SC' not found.
2025-12-18 14:31:31,781 | WARNING | findfont: Font family 'Arial Unicode MS' not found.
2025-12-18 14:31:31,781 | WARNING | findfont: Font family 'Noto Sans CJK SC' not found.
2025-12-18 14:31:31,782 | WARNING | findfont: Font family 'Arial Unicode MS' not found.
2025-12-18 14:31:31,782 | WARNING | findfont: Font family 'Noto Sans CJK SC' not found.
2025-12-18 14:31:31,784 | WARNING | findfont: Font family 'Arial Unicode MS' not found.
2025-12-18 14:31:31,784 | WARNING | findfont: Font family 'Noto Sans CJK SC' not found.
2025-12-18 14:31:31,789 | WARNING | findfont: Font family 'Arial Unicode MS' not found.
2025-12-18 14:31:31,789 | WARNING | findfont: Font family 'Noto Sans CJK SC' not found.
2025-12-18 14:31:31,789 | WARNING | findfont: Font family 'Arial Unicode MS' not found.
2025-12-18 14:31:31,790 | WARNING | findfont: Font family 'Noto Sans CJK SC' not found.
2025-12-18 14:31:31,796 | WARNING | findfont: Font family 'Arial Unicode MS' not found.
2025-12-18 14:31:31,796 | WARNING | findfont: Font family 'Noto Sans CJK SC' not found.
2025-12-18 14:31:31,797 | WARNING | findfont: Font family 'Arial Unicode MS' not found.
2025-12-18 14:31:31,797 | WARNING | findfont: Font family 'Noto Sans CJK SC' not found.
2025-12-18 14:31:31,798 | WARNING | findfont: Font family 'Arial Unicode MS' not found.
2025-12-18 14:31:31,798 | WARNING | findfont: Font family 'Noto Sans CJK SC' not found.
2025-12-18 14:31:31,807 | WARNING | findfont: Font family 'Arial Unicode MS' not found.
2025-12-18 14:31:31,807 | WARNING | findfont: Font family 'Noto Sans CJK SC' not found.
2025-12-18 14:31:31,807 | WARNING | findfont: Font family 'Arial Unicode MS' not found.
2025-12-18 14:31:31,808 | WARNING | findfont: Font family 'Noto Sans CJK SC' not found.
2025-12-18 14:31:31,808 | WARNING | findfont: Font family 'Arial Unicode MS' not found.
2025-12-18 14:31:31,808 | WARNING | findfont: Font family 'Noto Sans CJK SC' not found.
2025-12-18 14:31:31,809 | WARNING | findfont: Font family 'Arial Unicode MS' not found.
2025-12-18 14:31:31,809 | WARNING | findfont: Font family 'Noto Sans CJK SC' not found.
2025-12-18 14:31:31,809 | WARNING | findfont: Font family 'Arial Unicode MS' not found.
2025-12-18 14:31:31,809 | WARNING | findfont: Font family 'Noto Sans CJK SC' not found.
2025-12-18 14:31:31,810 | WARNING | findfont: Font family 'Arial Unicode MS' not found.
2025-12-18 14:31:31,810 | WARNING | findfont: Font family 'Noto Sans CJK SC' not found.
2025-12-18 14:31:31,810 | WARNING | findfont: Font family 'Arial Unicode MS' not found.
2025-12-18 14:31:31,811 | WARNING | findfont: Font family 'Noto Sans CJK SC' not found.
2025-12-18 14:31:31,811 | WARNING | findfont: Font family 'Arial Unicode MS' not found.
2025-12-18 14:31:31,811 | WARNING | findfont: Font family 'Noto Sans CJK SC' not found.
2025-12-18 14:31:31,811 | WARNING | findfont: Font family 'Arial Unicode MS' not found.
2025-12-18 14:31:31,812 | WARNING | findfont: Font family 'Noto Sans CJK SC' not found.
2025-12-18 14:31:31,813 | WARNING | findfont: Font family 'Arial Unicode MS' not found.
2025-12-18 14:31:31,813 | WARNING | findfont: Font family 'Noto Sans CJK SC' not found.
2025-12-18 14:31:31,814 | WARNING | findfont: Font family 'Arial Unicode MS' not found.
2025-12-18 14:31:31,814 | WARNING | findfont: Font family 'Noto Sans CJK SC' not found.
2025-12-18 14:31:31,815 | WARNING | findfont: Font family 'Arial Unicode MS' not found.
2025-12-18 14:31:31,815 | WARNING | findfont: Font family 'Noto Sans CJK SC' not found.
2025-12-18 14:31:31,818 | WARNING | findfont: Font family 'Arial Unicode MS' not found.
2025-12-18 14:31:31,819 | WARNING | findfont: Font family 'Noto Sans CJK SC' not found.
2025-12-18 14:31:31,819 | WARNING | findfont: Font family 'Arial Unicode MS' not found.
2025-12-18 14:31:31,819 | WARNING | findfont: Font family 'Noto Sans CJK SC' not found.
2025-12-18 14:31:31,819 | WARNING | findfont: Font family 'Arial Unicode MS' not found.
2025-12-18 14:31:31,820 | WARNING | findfont: Font family 'Noto Sans CJK SC' not found.
2025-12-18 14:31:31,820 | WARNING | findfont: Font family 'Arial Unicode MS' not found.
2025-12-18 14:31:31,820 | WARNING | findfont: Font family 'Noto Sans CJK SC' not found.
2025-12-18 14:31:31,821 | WARNING | findfont: Font family 'Arial Unicode MS' not found.
2025-12-18 14:31:31,821 | WARNING | findfont: Font family 'Noto Sans CJK SC' not found.
2025-12-18 14:31:31,821 | WARNING | findfont: Font family 'Arial Unicode MS' not found.
2025-12-18 14:31:31,821 | WARNING | findfont: Font family 'Noto Sans CJK SC' not found.
2025-12-18 14:31:31,822 | WARNING | findfont: Font family 'Arial Unicode MS' not found.
2025-12-18 14:31:31,822 | WARNING | findfont: Font family 'Noto Sans CJK SC' not found.
2025-12-18 14:31:31,822 | WARNING | findfont: Font family 'Arial Unicode MS' not found.
2025-12-18 14:31:31,823 | WARNING | findfont: Font family 'Noto Sans CJK SC' not found.
2025-12-18 14:31:31,823 | WARNING | findfont: Font family 'Arial Unicode MS' not found.
2025-12-18 14:31:31,823 | WARNING | findfont: Font family 'Noto Sans CJK SC' not found.
2025-12-18 14:31:31,829 | WARNING | findfont: Font family 'Arial Unicode MS' not found.
2025-12-18 14:31:31,829 | WARNING | findfont: Font family 'Noto Sans CJK SC' not found.
2025-12-18 14:31:31,834 | WARNING | findfont: Font family 'Arial Unicode MS' not found.
2025-12-18 14:31:31,834 | WARNING | findfont: Font family 'Noto Sans CJK SC' not found.
2025-12-18 14:31:31,835 | WARNING | findfont: Font family 'Arial Unicode MS' not found.
2025-12-18 14:31:31,835 | WARNING | findfont: Font family 'Noto Sans CJK SC' not found.
2025-12-18 14:31:31,835 | WARNING | findfont: Font family 'Arial Unicode MS' not found.
2025-12-18 14:31:31,836 | WARNING | findfont: Font family 'Noto Sans CJK SC' not found.
2025-12-18 14:31:31,845 | WARNING | findfont: Font family 'Arial Unicode MS' not found.
2025-12-18 14:31:31,845 | WARNING | findfont: Font family 'Noto Sans CJK SC' not found.
2025-12-18 14:31:31,846 | WARNING | findfont: Font family 'Arial Unicode MS' not found.
2025-12-18 14:31:31,846 | WARNING | findfont: Font family 'Noto Sans CJK SC' not found.
2025-12-18 14:31:31,847 | WARNING | findfont: Font family 'Arial Unicode MS' not found.
2025-12-18 14:31:31,847 | WARNING | findfont: Font family 'Noto Sans CJK SC' not found.
2025-12-18 14:31:31,848 | WARNING | findfont: Font family 'Arial Unicode MS' not found.
2025-12-18 14:31:31,848 | WARNING | findfont: Font family 'Noto Sans CJK SC' not found.
2025-12-18 14:31:31,849 | WARNING | findfont: Font family 'Arial Unicode MS' not found.
2025-12-18 14:31:31,849 | WARNING | findfont: Font family 'Noto Sans CJK SC' not found.
2025-12-18 14:31:31,850 | WARNING | findfont: Font family 'Arial Unicode MS' not found.
2025-12-18 14:31:31,850 | WARNING | findfont: Font family 'Noto Sans CJK SC' not found.
2025-12-18 14:31:31,851 | WARNING | findfont: Font family 'Arial Unicode MS' not found.
2025-12-18 14:31:31,851 | WARNING | findfont: Font family 'Noto Sans CJK SC' not found.
2025-12-18 14:31:31,851 | WARNING | findfont: Font family 'Arial Unicode MS' not found.
2025-12-18 14:31:31,852 | WARNING | findfont: Font family 'Noto Sans CJK SC' not found.
2025-12-18 14:31:31,852 | WARNING | findfont: Font family 'Arial Unicode MS' not found.
2025-12-18 14:31:31,852 | WARNING | findfont: Font family 'Noto Sans CJK SC' not found.
2025-12-18 14:31:31,857 | WARNING | findfont: Font family 'Arial Unicode MS' not found.
2025-12-18 14:31:31,857 | WARNING | findfont: Font family 'Noto Sans CJK SC' not found.
2025-12-18 14:31:31,859 | WARNING | findfont: Font family 'Arial Unicode MS' not found.
2025-12-18 14:31:31,859 | WARNING | findfont: Font family 'Noto Sans CJK SC' not found.
2025-12-18 14:31:31,860 | WARNING | findfont: Font family 'Arial Unicode MS' not found.
2025-12-18 14:31:31,860 | WARNING | findfont: Font family 'Noto Sans CJK SC' not found.
2025-12-18 14:31:31,861 | WARNING | findfont: Font family 'Arial Unicode MS' not found.
2025-12-18 14:31:31,861 | WARNING | findfont: Font family 'Noto Sans CJK SC' not found.
2025-12-18 14:31:31,861 | WARNING | findfont: Font family 'Arial Unicode MS' not found.
2025-12-18 14:31:31,862 | WARNING | findfont: Font family 'Noto Sans CJK SC' not found.
2025-12-18 14:31:31,862 | WARNING | findfont: Font family 'Arial Unicode MS' not found.
2025-12-18 14:31:31,862 | WARNING | findfont: Font family 'Noto Sans CJK SC' not found.
2025-12-18 14:31:31,863 | WARNING | findfont: Font family 'Arial Unicode MS' not found.
2025-12-18 14:31:31,863 | WARNING | findfont: Font family 'Noto Sans CJK SC' not found.
2025-12-18 14:31:31,863 | WARNING | findfont: Font family 'Arial Unicode MS' not found.
2025-12-18 14:31:31,864 | WARNING | findfont: Font family 'Noto Sans CJK SC' not found.
2025-12-18 14:31:31,864 | WARNING | findfont: Font family 'Arial Unicode MS' not found.
2025-12-18 14:31:31,865 | WARNING | findfont: Font family 'Noto Sans CJK SC' not found.
2025-12-18 14:31:31,867 | WARNING | findfont: Font family 'Arial Unicode MS' not found.
2025-12-18 14:31:31,867 | WARNING | findfont: Font family 'Noto Sans CJK SC' not found.
2025-12-18 14:31:31,873 | WARNING | findfont: Font family 'Arial Unicode MS' not found.
2025-12-18 14:31:31,873 | WARNING | findfont: Font family 'Noto Sans CJK SC' not found.
2025-12-18 14:31:31,878 | WARNING | findfont: Font family 'Arial Unicode MS' not found.
2025-12-18 14:31:31,878 | WARNING | findfont: Font family 'Noto Sans CJK SC' not found.
2025-12-18 14:31:31,879 | WARNING | findfont: Font family 'Arial Unicode MS' not found.
2025-12-18 14:31:31,879 | WARNING | findfont: Font family 'Noto Sans CJK SC' not found.
2025-12-18 14:31:31,880 | WARNING | findfont: Font family 'Arial Unicode MS' not found.
2025-12-18 14:31:31,880 | WARNING | findfont: Font family 'Noto Sans CJK SC' not found.
2025-12-18 14:31:31,999 | WARNING | findfont: Font family 'Arial Unicode MS' not found.
2025-12-18 14:31:31,999 | WARNING | findfont: Font family 'Noto Sans CJK SC' not found.
2025-12-18 14:31:31,999 | WARNING | findfont: Font family 'Arial Unicode MS' not found.
2025-12-18 14:31:31,999 | WARNING | findfont: Font family 'Noto Sans CJK SC' not found.
2025-12-18 14:31:32,000 | WARNING | findfont: Font family 'Arial Unicode MS' not found.
2025-12-18 14:31:32,000 | WARNING | findfont: Font family 'Noto Sans CJK SC' not found.
2025-12-18 14:31:32,000 | WARNING | findfont: Font family 'Arial Unicode MS' not found.
2025-12-18 14:31:32,000 | WARNING | findfont: Font family 'Noto Sans CJK SC' not found.
2025-12-18 14:31:32,001 | WARNING | findfont: Font family 'Arial Unicode MS' not found.
2025-12-18 14:31:32,001 | WARNING | findfont: Font family 'Noto Sans CJK SC' not found.
2025-12-18 14:31:32,001 | WARNING | findfont: Font family 'Arial Unicode MS' not found.
2025-12-18 14:31:32,001 | WARNING | findfont: Font family 'Noto Sans CJK SC' not found.
2025-12-18 14:31:32,002 | WARNING | findfont: Font family 'Arial Unicode MS' not found.
2025-12-18 14:31:32,002 | WARNING | findfont: Font family 'Noto Sans CJK SC' not found.
2025-12-18 14:31:32,002 | WARNING | findfont: Font family 'Arial Unicode MS' not found.
2025-12-18 14:31:32,002 | WARNING | findfont: Font family 'Noto Sans CJK SC' not found.
2025-12-18 14:31:32,002 | WARNING | findfont: Font family 'Arial Unicode MS' not found.
2025-12-18 14:31:32,002 | WARNING | findfont: Font family 'Noto Sans CJK SC' not found.
2025-12-18 14:31:32,003 | WARNING | findfont: Font family 'Arial Unicode MS' not found.
2025-12-18 14:31:32,003 | WARNING | findfont: Font family 'Noto Sans CJK SC' not found.
2025-12-18 14:31:32,005 | WARNING | findfont: Font family 'Arial Unicode MS' not found.
2025-12-18 14:31:32,005 | WARNING | findfont: Font family 'Noto Sans CJK SC' not found.
2025-12-18 14:31:32,010 | WARNING | findfont: Font family 'Arial Unicode MS' not found.
2025-12-18 14:31:32,011 | WARNING | findfont: Font family 'Noto Sans CJK SC' not found.
2025-12-18 14:31:32,011 | WARNING | findfont: Font family 'Arial Unicode MS' not found.
2025-12-18 14:31:32,011 | WARNING | findfont: Font family 'Noto Sans CJK SC' not found.
2025-12-18 14:31:32,012 | WARNING | findfont: Font family 'Arial Unicode MS' not found.
2025-12-18 14:31:32,012 | WARNING | findfont: Font family 'Noto Sans CJK SC' not found.
2025-12-18 14:31:32,012 | WARNING | findfont: Font family 'Arial Unicode MS' not found.
2025-12-18 14:31:32,012 | WARNING | findfont: Font family 'Noto Sans CJK SC' not found.
2025-12-18 14:31:32,013 | WARNING | findfont: Font family 'Arial Unicode MS' not found.
2025-12-18 14:31:32,013 | WARNING | findfont: Font family 'Noto Sans CJK SC' not found.
2025-12-18 14:31:32,013 | WARNING | findfont: Font family 'Arial Unicode MS' not found.
2025-12-18 14:31:32,013 | WARNING | findfont: Font family 'Noto Sans CJK SC' not found.
2025-12-18 14:31:32,013 | WARNING | findfont: Font family 'Arial Unicode MS' not found.
2025-12-18 14:31:32,013 | WARNING | findfont: Font family 'Noto Sans CJK SC' not found.
2025-12-18 14:31:32,014 | WARNING | findfont: Font family 'Arial Unicode MS' not found.
2025-12-18 14:31:32,014 | WARNING | findfont: Font family 'Noto Sans CJK SC' not found.
2025-12-18 14:31:32,015 | WARNING | findfont: Font family 'Arial Unicode MS' not found.
2025-12-18 14:31:32,015 | WARNING | findfont: Font family 'Noto Sans CJK SC' not found.
2025-12-18 14:31:32,018 | WARNING | findfont: Font family 'Arial Unicode MS' not found.
2025-12-18 14:31:32,018 | WARNING | findfont: Font family 'Noto Sans CJK SC' not found.
2025-12-18 14:31:32,019 | WARNING | findfont: Font family 'Arial Unicode MS' not found.
2025-12-18 14:31:32,019 | WARNING | findfont: Font family 'Noto Sans CJK SC' not found.
2025-12-18 14:31:32,024 | WARNING | findfont: Font family 'Arial Unicode MS' not found.
2025-12-18 14:31:32,024 | WARNING | findfont: Font family 'Noto Sans CJK SC' not found.
2025-12-18 14:31:32,024 | WARNING | findfont: Font family 'Arial Unicode MS' not found.
2025-12-18 14:31:32,024 | WARNING | findfont: Font family 'Noto Sans CJK SC' not found.
2025-12-18 14:31:32,025 | WARNING | findfont: Font family 'Arial Unicode MS' not found.
2025-12-18 14:31:32,025 | WARNING | findfont: Font family 'Noto Sans CJK SC' not found.
2025-12-18 14:31:32,030 | WARNING | findfont: Font family 'Arial Unicode MS' not found.
2025-12-18 14:31:32,030 | WARNING | findfont: Font family 'Noto Sans CJK SC' not found.
2025-12-18 14:31:32,030 | WARNING | findfont: Font family 'Arial Unicode MS' not found.
2025-12-18 14:31:32,031 | WARNING | findfont: Font family 'Noto Sans CJK SC' not found.
2025-12-18 14:31:32,031 | WARNING | findfont: Font family 'Arial Unicode MS' not found.
2025-12-18 14:31:32,032 | WARNING | findfont: Font family 'Noto Sans CJK SC' not found.
2025-12-18 14:31:32,032 | WARNING | findfont: Font family 'Arial Unicode MS' not found.
2025-12-18 14:31:32,032 | WARNING | findfont: Font family 'Noto Sans CJK SC' not found.
2025-12-18 14:31:32,032 | WARNING | findfont: Font family 'Arial Unicode MS' not found.
2025-12-18 14:31:32,032 | WARNING | findfont: Font family 'Noto Sans CJK SC' not found.
2025-12-18 14:31:32,033 | WARNING | findfont: Font family 'Arial Unicode MS' not found.
2025-12-18 14:31:32,033 | WARNING | findfont: Font family 'Noto Sans CJK SC' not found.
2025-12-18 14:31:32,033 | WARNING | findfont: Font family 'Arial Unicode MS' not found.
2025-12-18 14:31:32,033 | WARNING | findfont: Font family 'Noto Sans CJK SC' not found.
2025-12-18 14:31:32,033 | WARNING | findfont: Font family 'Arial Unicode MS' not found.
2025-12-18 14:31:32,033 | WARNING | findfont: Font family 'Noto Sans CJK SC' not found.
2025-12-18 14:31:32,034 | WARNING | findfont: Font family 'Arial Unicode MS' not found.
2025-12-18 14:31:32,034 | WARNING | findfont: Font family 'Noto Sans CJK SC' not found.
2025-12-18 14:31:32,035 | WARNING | findfont: Font family 'Arial Unicode MS' not found.
2025-12-18 14:31:32,035 | WARNING | findfont: Font family 'Noto Sans CJK SC' not found.
2025-12-18 14:31:32,036 | WARNING | findfont: Font family 'Arial Unicode MS' not found.
2025-12-18 14:31:32,036 | WARNING | findfont: Font family 'Noto Sans CJK SC' not found.
2025-12-18 14:31:32,037 | WARNING | findfont: Font family 'Arial Unicode MS' not found.
2025-12-18 14:31:32,037 | WARNING | findfont: Font family 'Noto Sans CJK SC' not found.
2025-12-18 14:31:32,039 | WARNING | findfont: Font family 'Arial Unicode MS' not found.
2025-12-18 14:31:32,039 | WARNING | findfont: Font family 'Noto Sans CJK SC' not found.
2025-12-18 14:31:32,041 | WARNING | findfont: Font family 'Arial Unicode MS' not found.
2025-12-18 14:31:32,041 | WARNING | findfont: Font family 'Noto Sans CJK SC' not found.
2025-12-18 14:31:32,041 | WARNING | findfont: Font family 'Arial Unicode MS' not found.
2025-12-18 14:31:32,042 | WARNING | findfont: Font family 'Noto Sans CJK SC' not found.
2025-12-18 14:31:32,042 | WARNING | findfont: Font family 'Arial Unicode MS' not found.
2025-12-18 14:31:32,042 | WARNING | findfont: Font family 'Noto Sans CJK SC' not found.
2025-12-18 14:31:32,042 | WARNING | findfont: Font family 'Arial Unicode MS' not found.
2025-12-18 14:31:32,043 | WARNING | findfont: Font family 'Noto Sans CJK SC' not found.
2025-12-18 14:31:32,043 | WARNING | findfont: Font family 'Arial Unicode MS' not found.
2025-12-18 14:31:32,043 | WARNING | findfont: Font family 'Noto Sans CJK SC' not found.
2025-12-18 14:31:32,044 | WARNING | findfont: Font family 'Arial Unicode MS' not found.
2025-12-18 14:31:32,044 | WARNING | findfont: Font family 'Noto Sans CJK SC' not found.
2025-12-18 14:31:32,044 | WARNING | findfont: Font family 'Arial Unicode MS' not found.
2025-12-18 14:31:32,044 | WARNING | findfont: Font family 'Noto Sans CJK SC' not found.
2025-12-18 14:31:32,044 | WARNING | findfont: Font family 'Arial Unicode MS' not found.
2025-12-18 14:31:32,044 | WARNING | findfont: Font family 'Noto Sans CJK SC' not found.
2025-12-18 14:31:32,050 | WARNING | findfont: Font family 'Arial Unicode MS' not found.
2025-12-18 14:31:32,050 | WARNING | findfont: Font family 'Noto Sans CJK SC' not found.
2025-12-18 14:31:32,054 | WARNING | findfont: Font family 'Arial Unicode MS' not found.
2025-12-18 14:31:32,054 | WARNING | findfont: Font family 'Noto Sans CJK SC' not found.
2025-12-18 14:31:32,054 | WARNING | findfont: Font family 'Arial Unicode MS' not found.
2025-12-18 14:31:32,054 | WARNING | findfont: Font family 'Noto Sans CJK SC' not found.
2025-12-18 14:31:32,055 | WARNING | findfont: Font family 'Arial Unicode MS' not found.
2025-12-18 14:31:32,055 | WARNING | findfont: Font family 'Noto Sans CJK SC' not found.
2025-12-18 14:31:32,064 | WARNING | findfont: Font family 'Arial Unicode MS' not found.
2025-12-18 14:31:32,064 | WARNING | findfont: Font family 'Noto Sans CJK SC' not found.
2025-12-18 14:31:32,065 | WARNING | findfont: Font family 'Arial Unicode MS' not found.
2025-12-18 14:31:32,065 | WARNING | findfont: Font family 'Noto Sans CJK SC' not found.
2025-12-18 14:31:32,066 | WARNING | findfont: Font family 'Arial Unicode MS' not found.
2025-12-18 14:31:32,066 | WARNING | findfont: Font family 'Noto Sans CJK SC' not found.
2025-12-18 14:31:32,067 | WARNING | findfont: Font family 'Arial Unicode MS' not found.
2025-12-18 14:31:32,067 | WARNING | findfont: Font family 'Noto Sans CJK SC' not found.
2025-12-18 14:31:32,067 | WARNING | findfont: Font family 'Arial Unicode MS' not found.
2025-12-18 14:31:32,067 | WARNING | findfont: Font family 'Noto Sans CJK SC' not found.
2025-12-18 14:31:32,068 | WARNING | findfont: Font family 'Arial Unicode MS' not found.
2025-12-18 14:31:32,068 | WARNING | findfont: Font family 'Noto Sans CJK SC' not found.
2025-12-18 14:31:32,069 | WARNING | findfont: Font family 'Arial Unicode MS' not found.
2025-12-18 14:31:32,069 | WARNING | findfont: Font family 'Noto Sans CJK SC' not found.
2025-12-18 14:31:32,070 | WARNING | findfont: Font family 'Arial Unicode MS' not found.
2025-12-18 14:31:32,070 | WARNING | findfont: Font family 'Noto Sans CJK SC' not found.
2025-12-18 14:31:32,070 | WARNING | findfont: Font family 'Arial Unicode MS' not found.
2025-12-18 14:31:32,070 | WARNING | findfont: Font family 'Noto Sans CJK SC' not found.
2025-12-18 14:31:32,075 | WARNING | findfont: Font family 'Arial Unicode MS' not found.
2025-12-18 14:31:32,075 | WARNING | findfont: Font family 'Noto Sans CJK SC' not found.
2025-12-18 14:31:32,076 | WARNING | findfont: Font family 'Arial Unicode MS' not found.
2025-12-18 14:31:32,077 | WARNING | findfont: Font family 'Noto Sans CJK SC' not found.
2025-12-18 14:31:32,077 | WARNING | findfont: Font family 'Arial Unicode MS' not found.
2025-12-18 14:31:32,077 | WARNING | findfont: Font family 'Noto Sans CJK SC' not found.
2025-12-18 14:31:32,078 | WARNING | findfont: Font family 'Arial Unicode MS' not found.
2025-12-18 14:31:32,078 | WARNING | findfont: Font family 'Noto Sans CJK SC' not found.
2025-12-18 14:31:32,078 | WARNING | findfont: Font family 'Arial Unicode MS' not found.
2025-12-18 14:31:32,078 | WARNING | findfont: Font family 'Noto Sans CJK SC' not found.
2025-12-18 14:31:32,079 | WARNING | findfont: Font family 'Arial Unicode MS' not found.
2025-12-18 14:31:32,079 | WARNING | findfont: Font family 'Noto Sans CJK SC' not found.
2025-12-18 14:31:32,080 | WARNING | findfont: Font family 'Arial Unicode MS' not found.
2025-12-18 14:31:32,080 | WARNING | findfont: Font family 'Noto Sans CJK SC' not found.
2025-12-18 14:31:32,080 | WARNING | findfont: Font family 'Arial Unicode MS' not found.
2025-12-18 14:31:32,080 | WARNING | findfont: Font family 'Noto Sans CJK SC' not found.
2025-12-18 14:31:32,082 | WARNING | findfont: Font family 'Arial Unicode MS' not found.
2025-12-18 14:31:32,082 | WARNING | findfont: Font family 'Noto Sans CJK SC' not found.
2025-12-18 14:31:32,084 | WARNING | findfont: Font family 'Arial Unicode MS' not found.
2025-12-18 14:31:32,084 | WARNING | findfont: Font family 'Noto Sans CJK SC' not found.
2025-12-18 14:31:32,088 | WARNING | findfont: Font family 'Arial Unicode MS' not found.
2025-12-18 14:31:32,088 | WARNING | findfont: Font family 'Noto Sans CJK SC' not found.
2025-12-18 14:31:32,091 | WARNING | findfont: Font family 'Arial Unicode MS' not found.
2025-12-18 14:31:32,091 | WARNING | findfont: Font family 'Noto Sans CJK SC' not found.
2025-12-18 14:31:32,092 | WARNING | findfont: Font family 'Arial Unicode MS' not found.
2025-12-18 14:31:32,092 | WARNING | findfont: Font family 'Noto Sans CJK SC' not found.
2025-12-18 14:31:32,092 | WARNING | findfont: Font family 'Arial Unicode MS' not found.
2025-12-18 14:31:32,092 | WARNING | findfont: Font family 'Noto Sans CJK SC' not found.
2025-12-18 14:31:32,223 | WARNING | findfont: Font family 'Arial Unicode MS' not found.
2025-12-18 14:31:32,223 | WARNING | findfont: Font family 'Noto Sans CJK SC' not found.
2025-12-18 14:31:32,223 | WARNING | findfont: Font family 'Arial Unicode MS' not found.
2025-12-18 14:31:32,223 | WARNING | findfont: Font family 'Noto Sans CJK SC' not found.
2025-12-18 14:31:32,224 | WARNING | findfont: Font family 'Arial Unicode MS' not found.
2025-12-18 14:31:32,224 | WARNING | findfont: Font family 'Noto Sans CJK SC' not found.
2025-12-18 14:31:32,225 | WARNING | findfont: Font family 'Arial Unicode MS' not found.
2025-12-18 14:31:32,225 | WARNING | findfont: Font family 'Noto Sans CJK SC' not found.
2025-12-18 14:31:32,225 | WARNING | findfont: Font family 'Arial Unicode MS' not found.
2025-12-18 14:31:32,225 | WARNING | findfont: Font family 'Noto Sans CJK SC' not found.
2025-12-18 14:31:32,226 | WARNING | findfont: Font family 'Arial Unicode MS' not found.
2025-12-18 14:31:32,226 | WARNING | findfont: Font family 'Noto Sans CJK SC' not found.
2025-12-18 14:31:32,226 | WARNING | findfont: Font family 'Arial Unicode MS' not found.
2025-12-18 14:31:32,227 | WARNING | findfont: Font family 'Noto Sans CJK SC' not found.
2025-12-18 14:31:32,227 | WARNING | findfont: Font family 'Arial Unicode MS' not found.
2025-12-18 14:31:32,227 | WARNING | findfont: Font family 'Noto Sans CJK SC' not found.
2025-12-18 14:31:32,227 | WARNING | findfont: Font family 'Arial Unicode MS' not found.
2025-12-18 14:31:32,227 | WARNING | findfont: Font family 'Noto Sans CJK SC' not found.
2025-12-18 14:31:32,228 | WARNING | findfont: Font family 'Arial Unicode MS' not found.
2025-12-18 14:31:32,228 | WARNING | findfont: Font family 'Noto Sans CJK SC' not found.
2025-12-18 14:31:32,230 | WARNING | findfont: Font family 'Arial Unicode MS' not found.
2025-12-18 14:31:32,230 | WARNING | findfont: Font family 'Noto Sans CJK SC' not found.
2025-12-18 14:31:32,235 | WARNING | findfont: Font family 'Arial Unicode MS' not found.
2025-12-18 14:31:32,235 | WARNING | findfont: Font family 'Noto Sans CJK SC' not found.
2025-12-18 14:31:32,236 | WARNING | findfont: Font family 'Arial Unicode MS' not found.
2025-12-18 14:31:32,236 | WARNING | findfont: Font family 'Noto Sans CJK SC' not found.
2025-12-18 14:31:32,236 | WARNING | findfont: Font family 'Arial Unicode MS' not found.
2025-12-18 14:31:32,236 | WARNING | findfont: Font family 'Noto Sans CJK SC' not found.
2025-12-18 14:31:32,237 | WARNING | findfont: Font family 'Arial Unicode MS' not found.
2025-12-18 14:31:32,237 | WARNING | findfont: Font family 'Noto Sans CJK SC' not found.
2025-12-18 14:31:32,237 | WARNING | findfont: Font family 'Arial Unicode MS' not found.
2025-12-18 14:31:32,237 | WARNING | findfont: Font family 'Noto Sans CJK SC' not found.
2025-12-18 14:31:32,238 | WARNING | findfont: Font family 'Arial Unicode MS' not found.
2025-12-18 14:31:32,238 | WARNING | findfont: Font family 'Noto Sans CJK SC' not found.
2025-12-18 14:31:32,238 | WARNING | findfont: Font family 'Arial Unicode MS' not found.
2025-12-18 14:31:32,238 | WARNING | findfont: Font family 'Noto Sans CJK SC' not found.
2025-12-18 14:31:32,240 | WARNING | findfont: Font family 'Arial Unicode MS' not found.
2025-12-18 14:31:32,241 | WARNING | findfont: Font family 'Noto Sans CJK SC' not found.
2025-12-18 14:31:32,243 | WARNING | findfont: Font family 'Arial Unicode MS' not found.
2025-12-18 14:31:32,243 | WARNING | findfont: Font family 'Noto Sans CJK SC' not found.
2025-12-18 14:31:32,244 | WARNING | findfont: Font family 'Arial Unicode MS' not found.
2025-12-18 14:31:32,244 | WARNING | findfont: Font family 'Noto Sans CJK SC' not found.
2025-12-18 14:31:32,248 | WARNING | findfont: Font family 'Arial Unicode MS' not found.
2025-12-18 14:31:32,250 | WARNING | findfont: Font family 'Noto Sans CJK SC' not found.
2025-12-18 14:31:32,250 | WARNING | findfont: Font family 'Arial Unicode MS' not found.
2025-12-18 14:31:32,250 | WARNING | findfont: Font family 'Noto Sans CJK SC' not found.
2025-12-18 14:31:32,251 | WARNING | findfont: Font family 'Arial Unicode MS' not found.
2025-12-18 14:31:32,251 | WARNING | findfont: Font family 'Noto Sans CJK SC' not found.
2025-12-18 14:31:32,257 | WARNING | findfont: Font family 'Arial Unicode MS' not found.
2025-12-18 14:31:32,257 | WARNING | findfont: Font family 'Noto Sans CJK SC' not found.
2025-12-18 14:31:32,257 | WARNING | findfont: Font family 'Arial Unicode MS' not found.
2025-12-18 14:31:32,258 | WARNING | findfont: Font family 'Noto Sans CJK SC' not found.
2025-12-18 14:31:32,258 | WARNING | findfont: Font family 'Arial Unicode MS' not found.
2025-12-18 14:31:32,258 | WARNING | findfont: Font family 'Noto Sans CJK SC' not found.
2025-12-18 14:31:32,259 | WARNING | findfont: Font family 'Arial Unicode MS' not found.
2025-12-18 14:31:32,259 | WARNING | findfont: Font family 'Noto Sans CJK SC' not found.
2025-12-18 14:31:32,259 | WARNING | findfont: Font family 'Arial Unicode MS' not found.
2025-12-18 14:31:32,259 | WARNING | findfont: Font family 'Noto Sans CJK SC' not found.
2025-12-18 14:31:32,259 | WARNING | findfont: Font family 'Arial Unicode MS' not found.
2025-12-18 14:31:32,259 | WARNING | findfont: Font family 'Noto Sans CJK SC' not found.
2025-12-18 14:31:32,260 | WARNING | findfont: Font family 'Arial Unicode MS' not found.
2025-12-18 14:31:32,260 | WARNING | findfont: Font family 'Noto Sans CJK SC' not found.
2025-12-18 14:31:32,260 | WARNING | findfont: Font family 'Arial Unicode MS' not found.
2025-12-18 14:31:32,260 | WARNING | findfont: Font family 'Noto Sans CJK SC' not found.
2025-12-18 14:31:32,261 | WARNING | findfont: Font family 'Arial Unicode MS' not found.
2025-12-18 14:31:32,261 | WARNING | findfont: Font family 'Noto Sans CJK SC' not found.
2025-12-18 14:31:32,262 | WARNING | findfont: Font family 'Arial Unicode MS' not found.
2025-12-18 14:31:32,262 | WARNING | findfont: Font family 'Noto Sans CJK SC' not found.
2025-12-18 14:31:32,262 | WARNING | findfont: Font family 'Arial Unicode MS' not found.
2025-12-18 14:31:32,263 | WARNING | findfont: Font family 'Noto Sans CJK SC' not found.
2025-12-18 14:31:32,266 | WARNING | findfont: Font family 'Arial Unicode MS' not found.
2025-12-18 14:31:32,266 | WARNING | findfont: Font family 'Noto Sans CJK SC' not found.
2025-12-18 14:31:32,266 | WARNING | findfont: Font family 'Arial Unicode MS' not found.
2025-12-18 14:31:32,266 | WARNING | findfont: Font family 'Noto Sans CJK SC' not found.
2025-12-18 14:31:32,267 | WARNING | findfont: Font family 'Arial Unicode MS' not found.
2025-12-18 14:31:32,267 | WARNING | findfont: Font family 'Noto Sans CJK SC' not found.
2025-12-18 14:31:32,267 | WARNING | findfont: Font family 'Arial Unicode MS' not found.
2025-12-18 14:31:32,267 | WARNING | findfont: Font family 'Noto Sans CJK SC' not found.
2025-12-18 14:31:32,268 | WARNING | findfont: Font family 'Arial Unicode MS' not found.
2025-12-18 14:31:32,268 | WARNING | findfont: Font family 'Noto Sans CJK SC' not found.
2025-12-18 14:31:32,268 | WARNING | findfont: Font family 'Arial Unicode MS' not found.
2025-12-18 14:31:32,268 | WARNING | findfont: Font family 'Noto Sans CJK SC' not found.
2025-12-18 14:31:32,269 | WARNING | findfont: Font family 'Arial Unicode MS' not found.
2025-12-18 14:31:32,269 | WARNING | findfont: Font family 'Noto Sans CJK SC' not found.
2025-12-18 14:31:32,269 | WARNING | findfont: Font family 'Arial Unicode MS' not found.
2025-12-18 14:31:32,269 | WARNING | findfont: Font family 'Noto Sans CJK SC' not found.
2025-12-18 14:31:32,269 | WARNING | findfont: Font family 'Arial Unicode MS' not found.
2025-12-18 14:31:32,270 | WARNING | findfont: Font family 'Noto Sans CJK SC' not found.
2025-12-18 14:31:32,275 | WARNING | findfont: Font family 'Arial Unicode MS' not found.
2025-12-18 14:31:32,275 | WARNING | findfont: Font family 'Noto Sans CJK SC' not found.
2025-12-18 14:31:32,278 | WARNING | findfont: Font family 'Arial Unicode MS' not found.
2025-12-18 14:31:32,279 | WARNING | findfont: Font family 'Noto Sans CJK SC' not found.
2025-12-18 14:31:32,279 | WARNING | findfont: Font family 'Arial Unicode MS' not found.
2025-12-18 14:31:32,279 | WARNING | findfont: Font family 'Noto Sans CJK SC' not found.
2025-12-18 14:31:32,280 | WARNING | findfont: Font family 'Arial Unicode MS' not found.
2025-12-18 14:31:32,280 | WARNING | findfont: Font family 'Noto Sans CJK SC' not found.
2025-12-18 14:31:32,289 | WARNING | findfont: Font family 'Arial Unicode MS' not found.
2025-12-18 14:31:32,289 | WARNING | findfont: Font family 'Noto Sans CJK SC' not found.
2025-12-18 14:31:32,290 | WARNING | findfont: Font family 'Arial Unicode MS' not found.
2025-12-18 14:31:32,290 | WARNING | findfont: Font family 'Noto Sans CJK SC' not found.
2025-12-18 14:31:32,291 | WARNING | findfont: Font family 'Arial Unicode MS' not found.
2025-12-18 14:31:32,291 | WARNING | findfont: Font family 'Noto Sans CJK SC' not found.
2025-12-18 14:31:32,291 | WARNING | findfont: Font family 'Arial Unicode MS' not found.
2025-12-18 14:31:32,291 | WARNING | findfont: Font family 'Noto Sans CJK SC' not found.
2025-12-18 14:31:32,292 | WARNING | findfont: Font family 'Arial Unicode MS' not found.
2025-12-18 14:31:32,292 | WARNING | findfont: Font family 'Noto Sans CJK SC' not found.
2025-12-18 14:31:32,292 | WARNING | findfont: Font family 'Arial Unicode MS' not found.
2025-12-18 14:31:32,292 | WARNING | findfont: Font family 'Noto Sans CJK SC' not found.
2025-12-18 14:31:32,293 | WARNING | findfont: Font family 'Arial Unicode MS' not found.
2025-12-18 14:31:32,293 | WARNING | findfont: Font family 'Noto Sans CJK SC' not found.
2025-12-18 14:31:32,294 | WARNING | findfont: Font family 'Arial Unicode MS' not found.
2025-12-18 14:31:32,294 | WARNING | findfont: Font family 'Noto Sans CJK SC' not found.
2025-12-18 14:31:32,294 | WARNING | findfont: Font family 'Arial Unicode MS' not found.
2025-12-18 14:31:32,294 | WARNING | findfont: Font family 'Noto Sans CJK SC' not found.
2025-12-18 14:31:32,299 | WARNING | findfont: Font family 'Arial Unicode MS' not found.
2025-12-18 14:31:32,299 | WARNING | findfont: Font family 'Noto Sans CJK SC' not found.
2025-12-18 14:31:32,301 | WARNING | findfont: Font family 'Arial Unicode MS' not found.
2025-12-18 14:31:32,301 | WARNING | findfont: Font family 'Noto Sans CJK SC' not found.
2025-12-18 14:31:32,301 | WARNING | findfont: Font family 'Arial Unicode MS' not found.
2025-12-18 14:31:32,301 | WARNING | findfont: Font family 'Noto Sans CJK SC' not found.
2025-12-18 14:31:32,302 | WARNING | findfont: Font family 'Arial Unicode MS' not found.
2025-12-18 14:31:32,302 | WARNING | findfont: Font family 'Noto Sans CJK SC' not found.
2025-12-18 14:31:32,303 | WARNING | findfont: Font family 'Arial Unicode MS' not found.
2025-12-18 14:31:32,303 | WARNING | findfont: Font family 'Noto Sans CJK SC' not found.
2025-12-18 14:31:32,303 | WARNING | findfont: Font family 'Arial Unicode MS' not found.
2025-12-18 14:31:32,303 | WARNING | findfont: Font family 'Noto Sans CJK SC' not found.
2025-12-18 14:31:32,303 | WARNING | findfont: Font family 'Arial Unicode MS' not found.
2025-12-18 14:31:32,303 | WARNING | findfont: Font family 'Noto Sans CJK SC' not found.
2025-12-18 14:31:32,304 | WARNING | findfont: Font family 'Arial Unicode MS' not found.
2025-12-18 14:31:32,304 | WARNING | findfont: Font family 'Noto Sans CJK SC' not found.
2025-12-18 14:31:32,305 | WARNING | findfont: Font family 'Arial Unicode MS' not found.
2025-12-18 14:31:32,306 | WARNING | findfont: Font family 'Noto Sans CJK SC' not found.
2025-12-18 14:31:32,310 | WARNING | findfont: Font family 'Arial Unicode MS' not found.
2025-12-18 14:31:32,310 | WARNING | findfont: Font family 'Noto Sans CJK SC' not found.
2025-12-18 14:31:32,313 | WARNING | findfont: Font family 'Arial Unicode MS' not found.
2025-12-18 14:31:32,313 | WARNING | findfont: Font family 'Noto Sans CJK SC' not found.
2025-12-18 14:31:32,313 | WARNING | findfont: Font family 'Arial Unicode MS' not found.
2025-12-18 14:31:32,313 | WARNING | findfont: Font family 'Noto Sans CJK SC' not found.
2025-12-18 14:31:32,315 | WARNING | findfont: Font family 'Arial Unicode MS' not found.
2025-12-18 14:31:32,315 | WARNING | findfont: Font family 'Noto Sans CJK SC' not found.
2025-12-18 14:31:32,426 | WARNING | findfont: Font family 'Arial Unicode MS' not found.
2025-12-18 14:31:32,426 | WARNING | findfont: Font family 'Noto Sans CJK SC' not found.
2025-12-18 14:31:32,427 | WARNING | findfont: Font family 'Arial Unicode MS' not found.
2025-12-18 14:31:32,427 | WARNING | findfont: Font family 'Noto Sans CJK SC' not found.
2025-12-18 14:31:32,427 | WARNING | findfont: Font family 'Arial Unicode MS' not found.
2025-12-18 14:31:32,427 | WARNING | findfont: Font family 'Noto Sans CJK SC' not found.
2025-12-18 14:31:32,428 | WARNING | findfont: Font family 'Arial Unicode MS' not found.
2025-12-18 14:31:32,428 | WARNING | findfont: Font family 'Noto Sans CJK SC' not found.
2025-12-18 14:31:32,428 | WARNING | findfont: Font family 'Arial Unicode MS' not found.
2025-12-18 14:31:32,428 | WARNING | findfont: Font family 'Noto Sans CJK SC' not found.
2025-12-18 14:31:32,429 | WARNING | findfont: Font family 'Arial Unicode MS' not found.
2025-12-18 14:31:32,429 | WARNING | findfont: Font family 'Noto Sans CJK SC' not found.
2025-12-18 14:31:32,429 | WARNING | findfont: Font family 'Arial Unicode MS' not found.
2025-12-18 14:31:32,429 | WARNING | findfont: Font family 'Noto Sans CJK SC' not found.
2025-12-18 14:31:32,430 | WARNING | findfont: Font family 'Arial Unicode MS' not found.
2025-12-18 14:31:32,430 | WARNING | findfont: Font family 'Noto Sans CJK SC' not found.
2025-12-18 14:31:32,430 | WARNING | findfont: Font family 'Arial Unicode MS' not found.
2025-12-18 14:31:32,431 | WARNING | findfont: Font family 'Noto Sans CJK SC' not found.
2025-12-18 14:31:32,433 | WARNING | findfont: Font family 'Arial Unicode MS' not found.
2025-12-18 14:31:32,433 | WARNING | findfont: Font family 'Noto Sans CJK SC' not found.
2025-12-18 14:31:32,437 | WARNING | findfont: Font family 'Arial Unicode MS' not found.
2025-12-18 14:31:32,437 | WARNING | findfont: Font family 'Noto Sans CJK SC' not found.
2025-12-18 14:31:32,438 | WARNING | findfont: Font family 'Arial Unicode MS' not found.
2025-12-18 14:31:32,438 | WARNING | findfont: Font family 'Noto Sans CJK SC' not found.
2025-12-18 14:31:32,438 | WARNING | findfont: Font family 'Arial Unicode MS' not found.
2025-12-18 14:31:32,438 | WARNING | findfont: Font family 'Noto Sans CJK SC' not found.
2025-12-18 14:31:32,438 | WARNING | findfont: Font family 'Arial Unicode MS' not found.
2025-12-18 14:31:32,439 | WARNING | findfont: Font family 'Noto Sans CJK SC' not found.
2025-12-18 14:31:32,439 | WARNING | findfont: Font family 'Arial Unicode MS' not found.
2025-12-18 14:31:32,439 | WARNING | findfont: Font family 'Noto Sans CJK SC' not found.
2025-12-18 14:31:32,439 | WARNING | findfont: Font family 'Arial Unicode MS' not found.
2025-12-18 14:31:32,439 | WARNING | findfont: Font family 'Noto Sans CJK SC' not found.
2025-12-18 14:31:32,440 | WARNING | findfont: Font family 'Arial Unicode MS' not found.
2025-12-18 14:31:32,440 | WARNING | findfont: Font family 'Noto Sans CJK SC' not found.
2025-12-18 14:31:32,441 | WARNING | findfont: Font family 'Arial Unicode MS' not found.
2025-12-18 14:31:32,441 | WARNING | findfont: Font family 'Noto Sans CJK SC' not found.
2025-12-18 14:31:32,444 | WARNING | findfont: Font family 'Arial Unicode MS' not found.
2025-12-18 14:31:32,444 | WARNING | findfont: Font family 'Noto Sans CJK SC' not found.
2025-12-18 14:31:32,444 | WARNING | findfont: Font family 'Arial Unicode MS' not found.
2025-12-18 14:31:32,444 | WARNING | findfont: Font family 'Noto Sans CJK SC' not found.
2025-12-18 14:31:32,448 | WARNING | findfont: Font family 'Arial Unicode MS' not found.
2025-12-18 14:31:32,449 | WARNING | findfont: Font family 'Noto Sans CJK SC' not found.
2025-12-18 14:31:32,449 | WARNING | findfont: Font family 'Arial Unicode MS' not found.
2025-12-18 14:31:32,449 | WARNING | findfont: Font family 'Noto Sans CJK SC' not found.
2025-12-18 14:31:32,450 | WARNING | findfont: Font family 'Arial Unicode MS' not found.
2025-12-18 14:31:32,450 | WARNING | findfont: Font family 'Noto Sans CJK SC' not found.
2025-12-18 14:31:32,455 | WARNING | findfont: Font family 'Arial Unicode MS' not found.
2025-12-18 14:31:32,456 | WARNING | findfont: Font family 'Noto Sans CJK SC' not found.
2025-12-18 14:31:32,456 | WARNING | findfont: Font family 'Arial Unicode MS' not found.
2025-12-18 14:31:32,456 | WARNING | findfont: Font family 'Noto Sans CJK SC' not found.
2025-12-18 14:31:32,456 | WARNING | findfont: Font family 'Arial Unicode MS' not found.
2025-12-18 14:31:32,456 | WARNING | findfont: Font family 'Noto Sans CJK SC' not found.
2025-12-18 14:31:32,457 | WARNING | findfont: Font family 'Arial Unicode MS' not found.
2025-12-18 14:31:32,457 | WARNING | findfont: Font family 'Noto Sans CJK SC' not found.
2025-12-18 14:31:32,457 | WARNING | findfont: Font family 'Arial Unicode MS' not found.
2025-12-18 14:31:32,457 | WARNING | findfont: Font family 'Noto Sans CJK SC' not found.
2025-12-18 14:31:32,457 | WARNING | findfont: Font family 'Arial Unicode MS' not found.
2025-12-18 14:31:32,458 | WARNING | findfont: Font family 'Noto Sans CJK SC' not found.
2025-12-18 14:31:32,458 | WARNING | findfont: Font family 'Arial Unicode MS' not found.
2025-12-18 14:31:32,458 | WARNING | findfont: Font family 'Noto Sans CJK SC' not found.
2025-12-18 14:31:32,458 | WARNING | findfont: Font family 'Arial Unicode MS' not found.
2025-12-18 14:31:32,458 | WARNING | findfont: Font family 'Noto Sans CJK SC' not found.
2025-12-18 14:31:32,459 | WARNING | findfont: Font family 'Arial Unicode MS' not found.
2025-12-18 14:31:32,460 | WARNING | findfont: Font family 'Noto Sans CJK SC' not found.
2025-12-18 14:31:32,460 | WARNING | findfont: Font family 'Arial Unicode MS' not found.
2025-12-18 14:31:32,460 | WARNING | findfont: Font family 'Noto Sans CJK SC' not found.
2025-12-18 14:31:32,460 | WARNING | findfont: Font family 'Arial Unicode MS' not found.
2025-12-18 14:31:32,461 | WARNING | findfont: Font family 'Noto Sans CJK SC' not found.
2025-12-18 14:31:32,463 | WARNING | findfont: Font family 'Arial Unicode MS' not found.
2025-12-18 14:31:32,464 | WARNING | findfont: Font family 'Noto Sans CJK SC' not found.
2025-12-18 14:31:32,464 | WARNING | findfont: Font family 'Arial Unicode MS' not found.
2025-12-18 14:31:32,464 | WARNING | findfont: Font family 'Noto Sans CJK SC' not found.
2025-12-18 14:31:32,465 | WARNING | findfont: Font family 'Arial Unicode MS' not found.
2025-12-18 14:31:32,465 | WARNING | findfont: Font family 'Noto Sans CJK SC' not found.
2025-12-18 14:31:32,465 | WARNING | findfont: Font family 'Arial Unicode MS' not found.
2025-12-18 14:31:32,465 | WARNING | findfont: Font family 'Noto Sans CJK SC' not found.
2025-12-18 14:31:32,466 | WARNING | findfont: Font family 'Arial Unicode MS' not found.
2025-12-18 14:31:32,466 | WARNING | findfont: Font family 'Noto Sans CJK SC' not found.
2025-12-18 14:31:32,466 | WARNING | findfont: Font family 'Arial Unicode MS' not found.
2025-12-18 14:31:32,466 | WARNING | findfont: Font family 'Noto Sans CJK SC' not found.
2025-12-18 14:31:32,467 | WARNING | findfont: Font family 'Arial Unicode MS' not found.
2025-12-18 14:31:32,467 | WARNING | findfont: Font family 'Noto Sans CJK SC' not found.
2025-12-18 14:31:32,467 | WARNING | findfont: Font family 'Arial Unicode MS' not found.
2025-12-18 14:31:32,467 | WARNING | findfont: Font family 'Noto Sans CJK SC' not found.
2025-12-18 14:31:32,472 | WARNING | findfont: Font family 'Arial Unicode MS' not found.
2025-12-18 14:31:32,472 | WARNING | findfont: Font family 'Noto Sans CJK SC' not found.
2025-12-18 14:31:32,476 | WARNING | findfont: Font family 'Arial Unicode MS' not found.
2025-12-18 14:31:32,476 | WARNING | findfont: Font family 'Noto Sans CJK SC' not found.
2025-12-18 14:31:32,477 | WARNING | findfont: Font family 'Arial Unicode MS' not found.
2025-12-18 14:31:32,477 | WARNING | findfont: Font family 'Noto Sans CJK SC' not found.
2025-12-18 14:31:32,477 | WARNING | findfont: Font family 'Arial Unicode MS' not found.
2025-12-18 14:31:32,477 | WARNING | findfont: Font family 'Noto Sans CJK SC' not found.
2025-12-18 14:31:32,486 | WARNING | findfont: Font family 'Arial Unicode MS' not found.
2025-12-18 14:31:32,486 | WARNING | findfont: Font family 'Noto Sans CJK SC' not found.
2025-12-18 14:31:32,487 | WARNING | findfont: Font family 'Arial Unicode MS' not found.
2025-12-18 14:31:32,487 | WARNING | findfont: Font family 'Noto Sans CJK SC' not found.
2025-12-18 14:31:32,488 | WARNING | findfont: Font family 'Arial Unicode MS' not found.
2025-12-18 14:31:32,488 | WARNING | findfont: Font family 'Noto Sans CJK SC' not found.
2025-12-18 14:31:32,489 | WARNING | findfont: Font family 'Arial Unicode MS' not found.
2025-12-18 14:31:32,489 | WARNING | findfont: Font family 'Noto Sans CJK SC' not found.
2025-12-18 14:31:32,489 | WARNING | findfont: Font family 'Arial Unicode MS' not found.
2025-12-18 14:31:32,489 | WARNING | findfont: Font family 'Noto Sans CJK SC' not found.
2025-12-18 14:31:32,490 | WARNING | findfont: Font family 'Arial Unicode MS' not found.
2025-12-18 14:31:32,490 | WARNING | findfont: Font family 'Noto Sans CJK SC' not found.
2025-12-18 14:31:32,490 | WARNING | findfont: Font family 'Arial Unicode MS' not found.
2025-12-18 14:31:32,491 | WARNING | findfont: Font family 'Noto Sans CJK SC' not found.
2025-12-18 14:31:32,491 | WARNING | findfont: Font family 'Arial Unicode MS' not found.
2025-12-18 14:31:32,491 | WARNING | findfont: Font family 'Noto Sans CJK SC' not found.
2025-12-18 14:31:32,496 | WARNING | findfont: Font family 'Arial Unicode MS' not found.
2025-12-18 14:31:32,496 | WARNING | findfont: Font family 'Noto Sans CJK SC' not found.
2025-12-18 14:31:32,498 | WARNING | findfont: Font family 'Arial Unicode MS' not found.
2025-12-18 14:31:32,498 | WARNING | findfont: Font family 'Noto Sans CJK SC' not found.
2025-12-18 14:31:32,499 | WARNING | findfont: Font family 'Arial Unicode MS' not found.
2025-12-18 14:31:32,499 | WARNING | findfont: Font family 'Noto Sans CJK SC' not found.
2025-12-18 14:31:32,499 | WARNING | findfont: Font family 'Arial Unicode MS' not found.
2025-12-18 14:31:32,499 | WARNING | findfont: Font family 'Noto Sans CJK SC' not found.
2025-12-18 14:31:32,500 | WARNING | findfont: Font family 'Arial Unicode MS' not found.
2025-12-18 14:31:32,500 | WARNING | findfont: Font family 'Noto Sans CJK SC' not found.
2025-12-18 14:31:32,501 | WARNING | findfont: Font family 'Arial Unicode MS' not found.
2025-12-18 14:31:32,501 | WARNING | findfont: Font family 'Noto Sans CJK SC' not found.
2025-12-18 14:31:32,501 | WARNING | findfont: Font family 'Arial Unicode MS' not found.
2025-12-18 14:31:32,501 | WARNING | findfont: Font family 'Noto Sans CJK SC' not found.
2025-12-18 14:31:32,502 | WARNING | findfont: Font family 'Arial Unicode MS' not found.
2025-12-18 14:31:32,502 | WARNING | findfont: Font family 'Noto Sans CJK SC' not found.
2025-12-18 14:31:32,504 | WARNING | findfont: Font family 'Arial Unicode MS' not found.
2025-12-18 14:31:32,504 | WARNING | findfont: Font family 'Noto Sans CJK SC' not found.
2025-12-18 14:31:32,508 | WARNING | findfont: Font family 'Arial Unicode MS' not found.
2025-12-18 14:31:32,508 | WARNING | findfont: Font family 'Noto Sans CJK SC' not found.
2025-12-18 14:31:32,512 | WARNING | findfont: Font family 'Arial Unicode MS' not found.
2025-12-18 14:31:32,512 | WARNING | findfont: Font family 'Noto Sans CJK SC' not found.
2025-12-18 14:31:32,513 | WARNING | findfont: Font family 'Arial Unicode MS' not found.
2025-12-18 14:31:32,514 | WARNING | findfont: Font family 'Noto Sans CJK SC' not found.
2025-12-18 14:31:32,515 | WARNING | findfont: Font family 'Arial Unicode MS' not found.
2025-12-18 14:31:32,515 | WARNING | findfont: Font family 'Noto Sans CJK SC' not found.
2025-12-18 14:31:32,646 | WARNING | findfont: Font family 'Arial Unicode MS' not found.
2025-12-18 14:31:32,646 | WARNING | findfont: Font family 'Noto Sans CJK SC' not found.
2025-12-18 14:31:32,647 | WARNING | findfont: Font family 'Arial Unicode MS' not found.
2025-12-18 14:31:32,647 | WARNING | findfont: Font family 'Noto Sans CJK SC' not found.
2025-12-18 14:31:32,648 | WARNING | findfont: Font family 'Arial Unicode MS' not found.
2025-12-18 14:31:32,648 | WARNING | findfont: Font family 'Noto Sans CJK SC' not found.
2025-12-18 14:31:32,648 | WARNING | findfont: Font family 'Arial Unicode MS' not found.
2025-12-18 14:31:32,648 | WARNING | findfont: Font family 'Noto Sans CJK SC' not found.
2025-12-18 14:31:32,649 | WARNING | findfont: Font family 'Arial Unicode MS' not found.
2025-12-18 14:31:32,649 | WARNING | findfont: Font family 'Noto Sans CJK SC' not found.
2025-12-18 14:31:32,649 | WARNING | findfont: Font family 'Arial Unicode MS' not found.
2025-12-18 14:31:32,649 | WARNING | findfont: Font family 'Noto Sans CJK SC' not found.
2025-12-18 14:31:32,649 | WARNING | findfont: Font family 'Arial Unicode MS' not found.
2025-12-18 14:31:32,650 | WARNING | findfont: Font family 'Noto Sans CJK SC' not found.
2025-12-18 14:31:32,650 | WARNING | findfont: Font family 'Arial Unicode MS' not found.
2025-12-18 14:31:32,650 | WARNING | findfont: Font family 'Noto Sans CJK SC' not found.
2025-12-18 14:31:32,651 | WARNING | findfont: Font family 'Arial Unicode MS' not found.
2025-12-18 14:31:32,651 | WARNING | findfont: Font family 'Noto Sans CJK SC' not found.
2025-12-18 14:31:32,651 | WARNING | findfont: Font family 'Arial Unicode MS' not found.
2025-12-18 14:31:32,651 | WARNING | findfont: Font family 'Noto Sans CJK SC' not found.
2025-12-18 14:31:32,654 | WARNING | findfont: Font family 'Arial Unicode MS' not found.
2025-12-18 14:31:32,654 | WARNING | findfont: Font family 'Noto Sans CJK SC' not found.
2025-12-18 14:31:32,660 | WARNING | findfont: Font family 'Arial Unicode MS' not found.
2025-12-18 14:31:32,661 | WARNING | findfont: Font family 'Noto Sans CJK SC' not found.
2025-12-18 14:31:32,661 | WARNING | findfont: Font family 'Arial Unicode MS' not found.
2025-12-18 14:31:32,661 | WARNING | findfont: Font family 'Noto Sans CJK SC' not found.
2025-12-18 14:31:32,662 | WARNING | findfont: Font family 'Arial Unicode MS' not found.
2025-12-18 14:31:32,662 | WARNING | findfont: Font family 'Noto Sans CJK SC' not found.
2025-12-18 14:31:32,662 | WARNING | findfont: Font family 'Arial Unicode MS' not found.
2025-12-18 14:31:32,662 | WARNING | findfont: Font family 'Noto Sans CJK SC' not found.
2025-12-18 14:31:32,663 | WARNING | findfont: Font family 'Arial Unicode MS' not found.
2025-12-18 14:31:32,663 | WARNING | findfont: Font family 'Noto Sans CJK SC' not found.
2025-12-18 14:31:32,663 | WARNING | findfont: Font family 'Arial Unicode MS' not found.
2025-12-18 14:31:32,663 | WARNING | findfont: Font family 'Noto Sans CJK SC' not found.
2025-12-18 14:31:32,664 | WARNING | findfont: Font family 'Arial Unicode MS' not found.
2025-12-18 14:31:32,664 | WARNING | findfont: Font family 'Noto Sans CJK SC' not found.
2025-12-18 14:31:32,664 | WARNING | findfont: Font family 'Arial Unicode MS' not found.
2025-12-18 14:31:32,664 | WARNING | findfont: Font family 'Noto Sans CJK SC' not found.
2025-12-18 14:31:32,666 | WARNING | findfont: Font family 'Arial Unicode MS' not found.
2025-12-18 14:31:32,666 | WARNING | findfont: Font family 'Noto Sans CJK SC' not found.
2025-12-18 14:31:32,670 | WARNING | findfont: Font family 'Arial Unicode MS' not found.
2025-12-18 14:31:32,670 | WARNING | findfont: Font family 'Noto Sans CJK SC' not found.
2025-12-18 14:31:32,670 | WARNING | findfont: Font family 'Arial Unicode MS' not found.
2025-12-18 14:31:32,670 | WARNING | findfont: Font family 'Noto Sans CJK SC' not found.
2025-12-18 14:31:32,677 | WARNING | findfont: Font family 'Arial Unicode MS' not found.
2025-12-18 14:31:32,677 | WARNING | findfont: Font family 'Noto Sans CJK SC' not found.
2025-12-18 14:31:32,677 | WARNING | findfont: Font family 'Arial Unicode MS' not found.
2025-12-18 14:31:32,677 | WARNING | findfont: Font family 'Noto Sans CJK SC' not found.
2025-12-18 14:31:32,678 | WARNING | findfont: Font family 'Arial Unicode MS' not found.
2025-12-18 14:31:32,678 | WARNING | findfont: Font family 'Noto Sans CJK SC' not found.
2025-12-18 14:31:32,686 | WARNING | findfont: Font family 'Arial Unicode MS' not found.
2025-12-18 14:31:32,687 | WARNING | findfont: Font family 'Noto Sans CJK SC' not found.
2025-12-18 14:31:32,687 | WARNING | findfont: Font family 'Arial Unicode MS' not found.
2025-12-18 14:31:32,687 | WARNING | findfont: Font family 'Noto Sans CJK SC' not found.
2025-12-18 14:31:32,688 | WARNING | findfont: Font family 'Arial Unicode MS' not found.
2025-12-18 14:31:32,688 | WARNING | findfont: Font family 'Noto Sans CJK SC' not found.
2025-12-18 14:31:32,688 | WARNING | findfont: Font family 'Arial Unicode MS' not found.
2025-12-18 14:31:32,688 | WARNING | findfont: Font family 'Noto Sans CJK SC' not found.
2025-12-18 14:31:32,689 | WARNING | findfont: Font family 'Arial Unicode MS' not found.
2025-12-18 14:31:32,689 | WARNING | findfont: Font family 'Noto Sans CJK SC' not found.
2025-12-18 14:31:32,689 | WARNING | findfont: Font family 'Arial Unicode MS' not found.
2025-12-18 14:31:32,689 | WARNING | findfont: Font family 'Noto Sans CJK SC' not found.
2025-12-18 14:31:32,690 | WARNING | findfont: Font family 'Arial Unicode MS' not found.
2025-12-18 14:31:32,690 | WARNING | findfont: Font family 'Noto Sans CJK SC' not found.
2025-12-18 14:31:32,690 | WARNING | findfont: Font family 'Arial Unicode MS' not found.
2025-12-18 14:31:32,690 | WARNING | findfont: Font family 'Noto Sans CJK SC' not found.
2025-12-18 14:31:32,690 | WARNING | findfont: Font family 'Arial Unicode MS' not found.
2025-12-18 14:31:32,691 | WARNING | findfont: Font family 'Noto Sans CJK SC' not found.
2025-12-18 14:31:32,692 | WARNING | findfont: Font family 'Arial Unicode MS' not found.
2025-12-18 14:31:32,692 | WARNING | findfont: Font family 'Noto Sans CJK SC' not found.
2025-12-18 14:31:32,693 | WARNING | findfont: Font family 'Arial Unicode MS' not found.
2025-12-18 14:31:32,693 | WARNING | findfont: Font family 'Noto Sans CJK SC' not found.
2025-12-18 14:31:32,694 | WARNING | findfont: Font family 'Arial Unicode MS' not found.
2025-12-18 14:31:32,694 | WARNING | findfont: Font family 'Noto Sans CJK SC' not found.
2025-12-18 14:31:32,698 | WARNING | findfont: Font family 'Arial Unicode MS' not found.
2025-12-18 14:31:32,699 | WARNING | findfont: Font family 'Noto Sans CJK SC' not found.
2025-12-18 14:31:32,700 | WARNING | findfont: Font family 'Arial Unicode MS' not found.
2025-12-18 14:31:32,700 | WARNING | findfont: Font family 'Noto Sans CJK SC' not found.
2025-12-18 14:31:32,700 | WARNING | findfont: Font family 'Arial Unicode MS' not found.
2025-12-18 14:31:32,700 | WARNING | findfont: Font family 'Noto Sans CJK SC' not found.
2025-12-18 14:31:32,701 | WARNING | findfont: Font family 'Arial Unicode MS' not found.
2025-12-18 14:31:32,701 | WARNING | findfont: Font family 'Noto Sans CJK SC' not found.
2025-12-18 14:31:32,702 | WARNING | findfont: Font family 'Arial Unicode MS' not found.
2025-12-18 14:31:32,702 | WARNING | findfont: Font family 'Noto Sans CJK SC' not found.
2025-12-18 14:31:32,702 | WARNING | findfont: Font family 'Arial Unicode MS' not found.
2025-12-18 14:31:32,702 | WARNING | findfont: Font family 'Noto Sans CJK SC' not found.
2025-12-18 14:31:32,703 | WARNING | findfont: Font family 'Arial Unicode MS' not found.
2025-12-18 14:31:32,704 | WARNING | findfont: Font family 'Noto Sans CJK SC' not found.
2025-12-18 14:31:32,704 | WARNING | findfont: Font family 'Arial Unicode MS' not found.
2025-12-18 14:31:32,704 | WARNING | findfont: Font family 'Noto Sans CJK SC' not found.
2025-12-18 14:31:32,705 | WARNING | findfont: Font family 'Arial Unicode MS' not found.
2025-12-18 14:31:32,705 | WARNING | findfont: Font family 'Noto Sans CJK SC' not found.
2025-12-18 14:31:32,712 | WARNING | findfont: Font family 'Arial Unicode MS' not found.
2025-12-18 14:31:32,712 | WARNING | findfont: Font family 'Noto Sans CJK SC' not found.
2025-12-18 14:31:32,718 | WARNING | findfont: Font family 'Arial Unicode MS' not found.
2025-12-18 14:31:32,719 | WARNING | findfont: Font family 'Noto Sans CJK SC' not found.
2025-12-18 14:31:32,719 | WARNING | findfont: Font family 'Arial Unicode MS' not found.
2025-12-18 14:31:32,719 | WARNING | findfont: Font family 'Noto Sans CJK SC' not found.
2025-12-18 14:31:32,720 | WARNING | findfont: Font family 'Arial Unicode MS' not found.
2025-12-18 14:31:32,720 | WARNING | findfont: Font family 'Noto Sans CJK SC' not found.
2025-12-18 14:31:32,733 | WARNING | findfont: Font family 'Arial Unicode MS' not found.
2025-12-18 14:31:32,733 | WARNING | findfont: Font family 'Noto Sans CJK SC' not found.
2025-12-18 14:31:32,734 | WARNING | findfont: Font family 'Arial Unicode MS' not found.
2025-12-18 14:31:32,735 | WARNING | findfont: Font family 'Noto Sans CJK SC' not found.
2025-12-18 14:31:32,735 | WARNING | findfont: Font family 'Arial Unicode MS' not found.
2025-12-18 14:31:32,736 | WARNING | findfont: Font family 'Noto Sans CJK SC' not found.
2025-12-18 14:31:32,736 | WARNING | findfont: Font family 'Arial Unicode MS' not found.
2025-12-18 14:31:32,736 | WARNING | findfont: Font family 'Noto Sans CJK SC' not found.
2025-12-18 14:31:32,737 | WARNING | findfont: Font family 'Arial Unicode MS' not found.
2025-12-18 14:31:32,737 | WARNING | findfont: Font family 'Noto Sans CJK SC' not found.
2025-12-18 14:31:32,738 | WARNING | findfont: Font family 'Arial Unicode MS' not found.
2025-12-18 14:31:32,738 | WARNING | findfont: Font family 'Noto Sans CJK SC' not found.
2025-12-18 14:31:32,739 | WARNING | findfont: Font family 'Arial Unicode MS' not found.
2025-12-18 14:31:32,739 | WARNING | findfont: Font family 'Noto Sans CJK SC' not found.
2025-12-18 14:31:32,740 | WARNING | findfont: Font family 'Arial Unicode MS' not found.
2025-12-18 14:31:32,740 | WARNING | findfont: Font family 'Noto Sans CJK SC' not found.
2025-12-18 14:31:32,741 | WARNING | findfont: Font family 'Arial Unicode MS' not found.
2025-12-18 14:31:32,741 | WARNING | findfont: Font family 'Noto Sans CJK SC' not found.
2025-12-18 14:31:32,747 | WARNING | findfont: Font family 'Arial Unicode MS' not found.
2025-12-18 14:31:32,748 | WARNING | findfont: Font family 'Noto Sans CJK SC' not found.
2025-12-18 14:31:32,750 | WARNING | findfont: Font family 'Arial Unicode MS' not found.
2025-12-18 14:31:32,750 | WARNING | findfont: Font family 'Noto Sans CJK SC' not found.
2025-12-18 14:31:32,751 | WARNING | findfont: Font family 'Arial Unicode MS' not found.
2025-12-18 14:31:32,751 | WARNING | findfont: Font family 'Noto Sans CJK SC' not found.
2025-12-18 14:31:32,752 | WARNING | findfont: Font family 'Arial Unicode MS' not found.
2025-12-18 14:31:32,752 | WARNING | findfont: Font family 'Noto Sans CJK SC' not found.
2025-12-18 14:31:32,753 | WARNING | findfont: Font family 'Arial Unicode MS' not found.
2025-12-18 14:31:32,753 | WARNING | findfont: Font family 'Noto Sans CJK SC' not found.
2025-12-18 14:31:32,753 | WARNING | findfont: Font family 'Arial Unicode MS' not found.
2025-12-18 14:31:32,754 | WARNING | findfont: Font family 'Noto Sans CJK SC' not found.
2025-12-18 14:31:32,754 | WARNING | findfont: Font family 'Arial Unicode MS' not found.
2025-12-18 14:31:32,754 | WARNING | findfont: Font family 'Noto Sans CJK SC' not found.
2025-12-18 14:31:32,756 | WARNING | findfont: Font family 'Arial Unicode MS' not found.
2025-12-18 14:31:32,756 | WARNING | findfont: Font family 'Noto Sans CJK SC' not found.
2025-12-18 14:31:32,756 | WARNING | findfont: Font family 'Arial Unicode MS' not found.
2025-12-18 14:31:32,757 | WARNING | findfont: Font family 'Noto Sans CJK SC' not found.
2025-12-18 14:31:32,759 | WARNING | findfont: Font family 'Arial Unicode MS' not found.
2025-12-18 14:31:32,759 | WARNING | findfont: Font family 'Noto Sans CJK SC' not found.
2025-12-18 14:31:32,767 | WARNING | findfont: Font family 'Arial Unicode MS' not found.
2025-12-18 14:31:32,767 | WARNING | findfont: Font family 'Noto Sans CJK SC' not found.
2025-12-18 14:31:32,773 | WARNING | findfont: Font family 'Arial Unicode MS' not found.
2025-12-18 14:31:32,773 | WARNING | findfont: Font family 'Noto Sans CJK SC' not found.
2025-12-18 14:31:32,774 | WARNING | findfont: Font family 'Arial Unicode MS' not found.
2025-12-18 14:31:32,774 | WARNING | findfont: Font family 'Noto Sans CJK SC' not found.
2025-12-18 14:31:32,775 | WARNING | findfont: Font family 'Arial Unicode MS' not found.
2025-12-18 14:31:32,776 | WARNING | findfont: Font family 'Noto Sans CJK SC' not found.
2025-12-18 14:31:32,942 | WARNING | findfont: Font family 'Arial Unicode MS' not found.
2025-12-18 14:31:32,942 | WARNING | findfont: Font family 'Noto Sans CJK SC' not found.
2025-12-18 14:31:32,943 | WARNING | findfont: Font family 'Arial Unicode MS' not found.
2025-12-18 14:31:32,943 | WARNING | findfont: Font family 'Noto Sans CJK SC' not found.
2025-12-18 14:31:32,943 | WARNING | findfont: Font family 'Arial Unicode MS' not found.
2025-12-18 14:31:32,943 | WARNING | findfont: Font family 'Noto Sans CJK SC' not found.
2025-12-18 14:31:32,944 | WARNING | findfont: Font family 'Arial Unicode MS' not found.
2025-12-18 14:31:32,944 | WARNING | findfont: Font family 'Noto Sans CJK SC' not found.
2025-12-18 14:31:32,944 | WARNING | findfont: Font family 'Arial Unicode MS' not found.
2025-12-18 14:31:32,944 | WARNING | findfont: Font family 'Noto Sans CJK SC' not found.
2025-12-18 14:31:32,945 | WARNING | findfont: Font family 'Arial Unicode MS' not found.
2025-12-18 14:31:32,945 | WARNING | findfont: Font family 'Noto Sans CJK SC' not found.
2025-12-18 14:31:32,945 | WARNING | findfont: Font family 'Arial Unicode MS' not found.
2025-12-18 14:31:32,945 | WARNING | findfont: Font family 'Noto Sans CJK SC' not found.
2025-12-18 14:31:32,945 | WARNING | findfont: Font family 'Arial Unicode MS' not found.
2025-12-18 14:31:32,946 | WARNING | findfont: Font family 'Noto Sans CJK SC' not found.
2025-12-18 14:31:32,946 | WARNING | findfont: Font family 'Arial Unicode MS' not found.
2025-12-18 14:31:32,946 | WARNING | findfont: Font family 'Noto Sans CJK SC' not found.
2025-12-18 14:31:32,946 | WARNING | findfont: Font family 'Arial Unicode MS' not found.
2025-12-18 14:31:32,946 | WARNING | findfont: Font family 'Noto Sans CJK SC' not found.
2025-12-18 14:31:32,949 | WARNING | findfont: Font family 'Arial Unicode MS' not found.
2025-12-18 14:31:32,950 | WARNING | findfont: Font family 'Noto Sans CJK SC' not found.
2025-12-18 14:31:32,957 | WARNING | findfont: Font family 'Arial Unicode MS' not found.
2025-12-18 14:31:32,957 | WARNING | findfont: Font family 'Noto Sans CJK SC' not found.
2025-12-18 14:31:32,958 | WARNING | findfont: Font family 'Arial Unicode MS' not found.
2025-12-18 14:31:32,958 | WARNING | findfont: Font family 'Noto Sans CJK SC' not found.
2025-12-18 14:31:32,958 | WARNING | findfont: Font family 'Arial Unicode MS' not found.
2025-12-18 14:31:32,958 | WARNING | findfont: Font family 'Noto Sans CJK SC' not found.
2025-12-18 14:31:32,959 | WARNING | findfont: Font family 'Arial Unicode MS' not found.
2025-12-18 14:31:32,959 | WARNING | findfont: Font family 'Noto Sans CJK SC' not found.
2025-12-18 14:31:32,959 | WARNING | findfont: Font family 'Arial Unicode MS' not found.
2025-12-18 14:31:32,959 | WARNING | findfont: Font family 'Noto Sans CJK SC' not found.
2025-12-18 14:31:32,959 | WARNING | findfont: Font family 'Arial Unicode MS' not found.
2025-12-18 14:31:32,960 | WARNING | findfont: Font family 'Noto Sans CJK SC' not found.
2025-12-18 14:31:32,960 | WARNING | findfont: Font family 'Arial Unicode MS' not found.
2025-12-18 14:31:32,960 | WARNING | findfont: Font family 'Noto Sans CJK SC' not found.
2025-12-18 14:31:32,960 | WARNING | findfont: Font family 'Arial Unicode MS' not found.
2025-12-18 14:31:32,960 | WARNING | findfont: Font family 'Noto Sans CJK SC' not found.
2025-12-18 14:31:32,961 | WARNING | findfont: Font family 'Arial Unicode MS' not found.
2025-12-18 14:31:32,961 | WARNING | findfont: Font family 'Noto Sans CJK SC' not found.
2025-12-18 14:31:32,962 | WARNING | findfont: Font family 'Arial Unicode MS' not found.
2025-12-18 14:31:32,962 | WARNING | findfont: Font family 'Noto Sans CJK SC' not found.
2025-12-18 14:31:32,966 | WARNING | findfont: Font family 'Arial Unicode MS' not found.
2025-12-18 14:31:32,966 | WARNING | findfont: Font family 'Noto Sans CJK SC' not found.
2025-12-18 14:31:32,967 | WARNING | findfont: Font family 'Arial Unicode MS' not found.
2025-12-18 14:31:32,967 | WARNING | findfont: Font family 'Noto Sans CJK SC' not found.
2025-12-18 14:31:32,972 | WARNING | findfont: Font family 'Arial Unicode MS' not found.
2025-12-18 14:31:32,972 | WARNING | findfont: Font family 'Noto Sans CJK SC' not found.
2025-12-18 14:31:32,973 | WARNING | findfont: Font family 'Arial Unicode MS' not found.
2025-12-18 14:31:32,973 | WARNING | findfont: Font family 'Noto Sans CJK SC' not found.
2025-12-18 14:31:32,973 | WARNING | findfont: Font family 'Arial Unicode MS' not found.
2025-12-18 14:31:32,974 | WARNING | findfont: Font family 'Noto Sans CJK SC' not found.
2025-12-18 14:31:32,979 | WARNING | findfont: Font family 'Arial Unicode MS' not found.
2025-12-18 14:31:32,979 | WARNING | findfont: Font family 'Noto Sans CJK SC' not found.
2025-12-18 14:31:32,980 | WARNING | findfont: Font family 'Arial Unicode MS' not found.
2025-12-18 14:31:32,980 | WARNING | findfont: Font family 'Noto Sans CJK SC' not found.
2025-12-18 14:31:32,980 | WARNING | findfont: Font family 'Arial Unicode MS' not found.
2025-12-18 14:31:32,981 | WARNING | findfont: Font family 'Noto Sans CJK SC' not found.
2025-12-18 14:31:32,981 | WARNING | findfont: Font family 'Arial Unicode MS' not found.
2025-12-18 14:31:32,981 | WARNING | findfont: Font family 'Noto Sans CJK SC' not found.
2025-12-18 14:31:32,981 | WARNING | findfont: Font family 'Arial Unicode MS' not found.
2025-12-18 14:31:32,981 | WARNING | findfont: Font family 'Noto Sans CJK SC' not found.
2025-12-18 14:31:32,982 | WARNING | findfont: Font family 'Arial Unicode MS' not found.
2025-12-18 14:31:32,982 | WARNING | findfont: Font family 'Noto Sans CJK SC' not found.
2025-12-18 14:31:32,982 | WARNING | findfont: Font family 'Arial Unicode MS' not found.
2025-12-18 14:31:32,982 | WARNING | findfont: Font family 'Noto Sans CJK SC' not found.
2025-12-18 14:31:32,983 | WARNING | findfont: Font family 'Arial Unicode MS' not found.
2025-12-18 14:31:32,983 | WARNING | findfont: Font family 'Noto Sans CJK SC' not found.
2025-12-18 14:31:32,983 | WARNING | findfont: Font family 'Arial Unicode MS' not found.
2025-12-18 14:31:32,983 | WARNING | findfont: Font family 'Noto Sans CJK SC' not found.
2025-12-18 14:31:32,983 | WARNING | findfont: Font family 'Arial Unicode MS' not found.
2025-12-18 14:31:32,983 | WARNING | findfont: Font family 'Noto Sans CJK SC' not found.
2025-12-18 14:31:32,985 | WARNING | findfont: Font family 'Arial Unicode MS' not found.
2025-12-18 14:31:32,985 | WARNING | findfont: Font family 'Noto Sans CJK SC' not found.
2025-12-18 14:31:32,986 | WARNING | findfont: Font family 'Arial Unicode MS' not found.
2025-12-18 14:31:32,986 | WARNING | findfont: Font family 'Noto Sans CJK SC' not found.
2025-12-18 14:31:32,986 | WARNING | findfont: Font family 'Arial Unicode MS' not found.
2025-12-18 14:31:32,986 | WARNING | findfont: Font family 'Noto Sans CJK SC' not found.
2025-12-18 14:31:32,989 | WARNING | findfont: Font family 'Arial Unicode MS' not found.
2025-12-18 14:31:32,989 | WARNING | findfont: Font family 'Noto Sans CJK SC' not found.
2025-12-18 14:31:32,989 | WARNING | findfont: Font family 'Arial Unicode MS' not found.
2025-12-18 14:31:32,989 | WARNING | findfont: Font family 'Noto Sans CJK SC' not found.
2025-12-18 14:31:32,989 | WARNING | findfont: Font family 'Arial Unicode MS' not found.
2025-12-18 14:31:32,990 | WARNING | findfont: Font family 'Noto Sans CJK SC' not found.
2025-12-18 14:31:32,990 | WARNING | findfont: Font family 'Arial Unicode MS' not found.
2025-12-18 14:31:32,990 | WARNING | findfont: Font family 'Noto Sans CJK SC' not found.
2025-12-18 14:31:32,990 | WARNING | findfont: Font family 'Arial Unicode MS' not found.
2025-12-18 14:31:32,990 | WARNING | findfont: Font family 'Noto Sans CJK SC' not found.
2025-12-18 14:31:32,991 | WARNING | findfont: Font family 'Arial Unicode MS' not found.
2025-12-18 14:31:32,991 | WARNING | findfont: Font family 'Noto Sans CJK SC' not found.
2025-12-18 14:31:32,991 | WARNING | findfont: Font family 'Arial Unicode MS' not found.
2025-12-18 14:31:32,991 | WARNING | findfont: Font family 'Noto Sans CJK SC' not found.
2025-12-18 14:31:32,992 | WARNING | findfont: Font family 'Arial Unicode MS' not found.
2025-12-18 14:31:32,992 | WARNING | findfont: Font family 'Noto Sans CJK SC' not found.
2025-12-18 14:31:32,992 | WARNING | findfont: Font family 'Arial Unicode MS' not found.
2025-12-18 14:31:32,992 | WARNING | findfont: Font family 'Noto Sans CJK SC' not found.
2025-12-18 14:31:32,998 | WARNING | findfont: Font family 'Arial Unicode MS' not found.
2025-12-18 14:31:32,999 | WARNING | findfont: Font family 'Noto Sans CJK SC' not found.
2025-12-18 14:31:33,003 | WARNING | findfont: Font family 'Arial Unicode MS' not found.
2025-12-18 14:31:33,003 | WARNING | findfont: Font family 'Noto Sans CJK SC' not found.
2025-12-18 14:31:33,003 | WARNING | findfont: Font family 'Arial Unicode MS' not found.
2025-12-18 14:31:33,003 | WARNING | findfont: Font family 'Noto Sans CJK SC' not found.
2025-12-18 14:31:33,004 | WARNING | findfont: Font family 'Arial Unicode MS' not found.
2025-12-18 14:31:33,004 | WARNING | findfont: Font family 'Noto Sans CJK SC' not found.
2025-12-18 14:31:33,012 | WARNING | findfont: Font family 'Arial Unicode MS' not found.
2025-12-18 14:31:33,012 | WARNING | findfont: Font family 'Noto Sans CJK SC' not found.
2025-12-18 14:31:33,013 | WARNING | findfont: Font family 'Arial Unicode MS' not found.
2025-12-18 14:31:33,013 | WARNING | findfont: Font family 'Noto Sans CJK SC' not found.
2025-12-18 14:31:33,013 | WARNING | findfont: Font family 'Arial Unicode MS' not found.
2025-12-18 14:31:33,014 | WARNING | findfont: Font family 'Noto Sans CJK SC' not found.
2025-12-18 14:31:33,014 | WARNING | findfont: Font family 'Arial Unicode MS' not found.
2025-12-18 14:31:33,014 | WARNING | findfont: Font family 'Noto Sans CJK SC' not found.
2025-12-18 14:31:33,015 | WARNING | findfont: Font family 'Arial Unicode MS' not found.
2025-12-18 14:31:33,015 | WARNING | findfont: Font family 'Noto Sans CJK SC' not found.
2025-12-18 14:31:33,016 | WARNING | findfont: Font family 'Arial Unicode MS' not found.
2025-12-18 14:31:33,016 | WARNING | findfont: Font family 'Noto Sans CJK SC' not found.
2025-12-18 14:31:33,016 | WARNING | findfont: Font family 'Arial Unicode MS' not found.
2025-12-18 14:31:33,017 | WARNING | findfont: Font family 'Noto Sans CJK SC' not found.
2025-12-18 14:31:33,017 | WARNING | findfont: Font family 'Arial Unicode MS' not found.
2025-12-18 14:31:33,017 | WARNING | findfont: Font family 'Noto Sans CJK SC' not found.
2025-12-18 14:31:33,018 | WARNING | findfont: Font family 'Arial Unicode MS' not found.
2025-12-18 14:31:33,018 | WARNING | findfont: Font family 'Noto Sans CJK SC' not found.
2025-12-18 14:31:33,022 | WARNING | findfont: Font family 'Arial Unicode MS' not found.
2025-12-18 14:31:33,023 | WARNING | findfont: Font family 'Noto Sans CJK SC' not found.
2025-12-18 14:31:33,024 | WARNING | findfont: Font family 'Arial Unicode MS' not found.
2025-12-18 14:31:33,024 | WARNING | findfont: Font family 'Noto Sans CJK SC' not found.
2025-12-18 14:31:33,024 | WARNING | findfont: Font family 'Arial Unicode MS' not found.
2025-12-18 14:31:33,025 | WARNING | findfont: Font family 'Noto Sans CJK SC' not found.
2025-12-18 14:31:33,025 | WARNING | findfont: Font family 'Arial Unicode MS' not found.
2025-12-18 14:31:33,025 | WARNING | findfont: Font family 'Noto Sans CJK SC' not found.
2025-12-18 14:31:33,025 | WARNING | findfont: Font family 'Arial Unicode MS' not found.
2025-12-18 14:31:33,026 | WARNING | findfont: Font family 'Noto Sans CJK SC' not found.
2025-12-18 14:31:33,026 | WARNING | findfont: Font family 'Arial Unicode MS' not found.
2025-12-18 14:31:33,026 | WARNING | findfont: Font family 'Noto Sans CJK SC' not found.
2025-12-18 14:31:33,026 | WARNING | findfont: Font family 'Arial Unicode MS' not found.
2025-12-18 14:31:33,027 | WARNING | findfont: Font family 'Noto Sans CJK SC' not found.
2025-12-18 14:31:33,027 | WARNING | findfont: Font family 'Arial Unicode MS' not found.
2025-12-18 14:31:33,027 | WARNING | findfont: Font family 'Noto Sans CJK SC' not found.
2025-12-18 14:31:33,027 | WARNING | findfont: Font family 'Arial Unicode MS' not found.
2025-12-18 14:31:33,027 | WARNING | findfont: Font family 'Noto Sans CJK SC' not found.
2025-12-18 14:31:33,028 | WARNING | findfont: Font family 'Arial Unicode MS' not found.
2025-12-18 14:31:33,028 | WARNING | findfont: Font family 'Noto Sans CJK SC' not found.
2025-12-18 14:31:33,029 | WARNING | findfont: Font family 'Arial Unicode MS' not found.
2025-12-18 14:31:33,030 | WARNING | findfont: Font family 'Noto Sans CJK SC' not found.
2025-12-18 14:31:33,033 | WARNING | findfont: Font family 'Arial Unicode MS' not found.
2025-12-18 14:31:33,033 | WARNING | findfont: Font family 'Noto Sans CJK SC' not found.
2025-12-18 14:31:33,036 | WARNING | findfont: Font family 'Arial Unicode MS' not found.
2025-12-18 14:31:33,037 | WARNING | findfont: Font family 'Noto Sans CJK SC' not found.
2025-12-18 14:31:33,037 | WARNING | findfont: Font family 'Arial Unicode MS' not found.
2025-12-18 14:31:33,038 | WARNING | findfont: Font family 'Noto Sans CJK SC' not found.
2025-12-18 14:31:33,038 | WARNING | findfont: Font family 'Arial Unicode MS' not found.
2025-12-18 14:31:33,038 | WARNING | findfont: Font family 'Noto Sans CJK SC' not found.
2025-12-18 14:31:33,152 | WARNING | findfont: Font family 'Arial Unicode MS' not found.
2025-12-18 14:31:33,152 | WARNING | findfont: Font family 'Noto Sans CJK SC' not found.
2025-12-18 14:31:33,153 | WARNING | findfont: Font family 'Arial Unicode MS' not found.
2025-12-18 14:31:33,153 | WARNING | findfont: Font family 'Noto Sans CJK SC' not found.
2025-12-18 14:31:33,154 | WARNING | findfont: Font family 'Arial Unicode MS' not found.
2025-12-18 14:31:33,154 | WARNING | findfont: Font family 'Noto Sans CJK SC' not found.
2025-12-18 14:31:33,154 | WARNING | findfont: Font family 'Arial Unicode MS' not found.
2025-12-18 14:31:33,154 | WARNING | findfont: Font family 'Noto Sans CJK SC' not found.
2025-12-18 14:31:33,155 | WARNING | findfont: Font family 'Arial Unicode MS' not found.
2025-12-18 14:31:33,155 | WARNING | findfont: Font family 'Noto Sans CJK SC' not found.
2025-12-18 14:31:33,155 | WARNING | findfont: Font family 'Arial Unicode MS' not found.
2025-12-18 14:31:33,155 | WARNING | findfont: Font family 'Noto Sans CJK SC' not found.
2025-12-18 14:31:33,155 | WARNING | findfont: Font family 'Arial Unicode MS' not found.
2025-12-18 14:31:33,155 | WARNING | findfont: Font family 'Noto Sans CJK SC' not found.
2025-12-18 14:31:33,156 | WARNING | findfont: Font family 'Arial Unicode MS' not found.
2025-12-18 14:31:33,156 | WARNING | findfont: Font family 'Noto Sans CJK SC' not found.
2025-12-18 14:31:33,156 | WARNING | findfont: Font family 'Arial Unicode MS' not found.
2025-12-18 14:31:33,156 | WARNING | findfont: Font family 'Noto Sans CJK SC' not found.
2025-12-18 14:31:33,156 | WARNING | findfont: Font family 'Arial Unicode MS' not found.
2025-12-18 14:31:33,157 | WARNING | findfont: Font family 'Noto Sans CJK SC' not found.
2025-12-18 14:31:33,159 | WARNING | findfont: Font family 'Arial Unicode MS' not found.
2025-12-18 14:31:33,159 | WARNING | findfont: Font family 'Noto Sans CJK SC' not found.
2025-12-18 14:31:33,163 | WARNING | findfont: Font family 'Arial Unicode MS' not found.
2025-12-18 14:31:33,163 | WARNING | findfont: Font family 'Noto Sans CJK SC' not found.
2025-12-18 14:31:33,164 | WARNING | findfont: Font family 'Arial Unicode MS' not found.
2025-12-18 14:31:33,164 | WARNING | findfont: Font family 'Noto Sans CJK SC' not found.
2025-12-18 14:31:33,164 | WARNING | findfont: Font family 'Arial Unicode MS' not found.
2025-12-18 14:31:33,165 | WARNING | findfont: Font family 'Noto Sans CJK SC' not found.
2025-12-18 14:31:33,165 | WARNING | findfont: Font family 'Arial Unicode MS' not found.
2025-12-18 14:31:33,165 | WARNING | findfont: Font family 'Noto Sans CJK SC' not found.
2025-12-18 14:31:33,165 | WARNING | findfont: Font family 'Arial Unicode MS' not found.
2025-12-18 14:31:33,165 | WARNING | findfont: Font family 'Noto Sans CJK SC' not found.
2025-12-18 14:31:33,166 | WARNING | findfont: Font family 'Arial Unicode MS' not found.
2025-12-18 14:31:33,166 | WARNING | findfont: Font family 'Noto Sans CJK SC' not found.
2025-12-18 14:31:33,167 | WARNING | findfont: Font family 'Arial Unicode MS' not found.
2025-12-18 14:31:33,167 | WARNING | findfont: Font family 'Noto Sans CJK SC' not found.
2025-12-18 14:31:33,169 | WARNING | findfont: Font family 'Arial Unicode MS' not found.
2025-12-18 14:31:33,169 | WARNING | findfont: Font family 'Noto Sans CJK SC' not found.
2025-12-18 14:31:33,169 | WARNING | findfont: Font family 'Arial Unicode MS' not found.
2025-12-18 14:31:33,170 | WARNING | findfont: Font family 'Noto Sans CJK SC' not found.
2025-12-18 14:31:33,174 | WARNING | findfont: Font family 'Arial Unicode MS' not found.
2025-12-18 14:31:33,175 | WARNING | findfont: Font family 'Noto Sans CJK SC' not found.
2025-12-18 14:31:33,175 | WARNING | findfont: Font family 'Arial Unicode MS' not found.
2025-12-18 14:31:33,175 | WARNING | findfont: Font family 'Noto Sans CJK SC' not found.
2025-12-18 14:31:33,175 | WARNING | findfont: Font family 'Arial Unicode MS' not found.
2025-12-18 14:31:33,176 | WARNING | findfont: Font family 'Noto Sans CJK SC' not found.
2025-12-18 14:31:33,181 | WARNING | findfont: Font family 'Arial Unicode MS' not found.
2025-12-18 14:31:33,182 | WARNING | findfont: Font family 'Noto Sans CJK SC' not found.
2025-12-18 14:31:33,182 | WARNING | findfont: Font family 'Arial Unicode MS' not found.
2025-12-18 14:31:33,182 | WARNING | findfont: Font family 'Noto Sans CJK SC' not found.
2025-12-18 14:31:33,182 | WARNING | findfont: Font family 'Arial Unicode MS' not found.
2025-12-18 14:31:33,183 | WARNING | findfont: Font family 'Noto Sans CJK SC' not found.
2025-12-18 14:31:33,183 | WARNING | findfont: Font family 'Arial Unicode MS' not found.
2025-12-18 14:31:33,183 | WARNING | findfont: Font family 'Noto Sans CJK SC' not found.
2025-12-18 14:31:33,183 | WARNING | findfont: Font family 'Arial Unicode MS' not found.
2025-12-18 14:31:33,183 | WARNING | findfont: Font family 'Noto Sans CJK SC' not found.
2025-12-18 14:31:33,184 | WARNING | findfont: Font family 'Arial Unicode MS' not found.
2025-12-18 14:31:33,184 | WARNING | findfont: Font family 'Noto Sans CJK SC' not found.
2025-12-18 14:31:33,184 | WARNING | findfont: Font family 'Arial Unicode MS' not found.
2025-12-18 14:31:33,184 | WARNING | findfont: Font family 'Noto Sans CJK SC' not found.
2025-12-18 14:31:33,185 | WARNING | findfont: Font family 'Arial Unicode MS' not found.
2025-12-18 14:31:33,185 | WARNING | findfont: Font family 'Noto Sans CJK SC' not found.
2025-12-18 14:31:33,186 | WARNING | findfont: Font family 'Arial Unicode MS' not found.
2025-12-18 14:31:33,186 | WARNING | findfont: Font family 'Noto Sans CJK SC' not found.
2025-12-18 14:31:33,186 | WARNING | findfont: Font family 'Arial Unicode MS' not found.
2025-12-18 14:31:33,186 | WARNING | findfont: Font family 'Noto Sans CJK SC' not found.
2025-12-18 14:31:33,189 | WARNING | findfont: Font family 'Arial Unicode MS' not found.
2025-12-18 14:31:33,189 | WARNING | findfont: Font family 'Noto Sans CJK SC' not found.
2025-12-18 14:31:33,189 | WARNING | findfont: Font family 'Arial Unicode MS' not found.
2025-12-18 14:31:33,190 | WARNING | findfont: Font family 'Noto Sans CJK SC' not found.
2025-12-18 14:31:33,190 | WARNING | findfont: Font family 'Arial Unicode MS' not found.
2025-12-18 14:31:33,190 | WARNING | findfont: Font family 'Noto Sans CJK SC' not found.
2025-12-18 14:31:33,190 | WARNING | findfont: Font family 'Arial Unicode MS' not found.
2025-12-18 14:31:33,190 | WARNING | findfont: Font family 'Noto Sans CJK SC' not found.
2025-12-18 14:31:33,191 | WARNING | findfont: Font family 'Arial Unicode MS' not found.
2025-12-18 14:31:33,191 | WARNING | findfont: Font family 'Noto Sans CJK SC' not found.
2025-12-18 14:31:33,191 | WARNING | findfont: Font family 'Arial Unicode MS' not found.
2025-12-18 14:31:33,191 | WARNING | findfont: Font family 'Noto Sans CJK SC' not found.
2025-12-18 14:31:33,191 | WARNING | findfont: Font family 'Arial Unicode MS' not found.
2025-12-18 14:31:33,192 | WARNING | findfont: Font family 'Noto Sans CJK SC' not found.
2025-12-18 14:31:33,192 | WARNING | findfont: Font family 'Arial Unicode MS' not found.
2025-12-18 14:31:33,192 | WARNING | findfont: Font family 'Noto Sans CJK SC' not found.
2025-12-18 14:31:33,192 | WARNING | findfont: Font family 'Arial Unicode MS' not found.
2025-12-18 14:31:33,192 | WARNING | findfont: Font family 'Noto Sans CJK SC' not found.
2025-12-18 14:31:33,197 | WARNING | findfont: Font family 'Arial Unicode MS' not found.
2025-12-18 14:31:33,197 | WARNING | findfont: Font family 'Noto Sans CJK SC' not found.
2025-12-18 14:31:33,201 | WARNING | findfont: Font family 'Arial Unicode MS' not found.
2025-12-18 14:31:33,201 | WARNING | findfont: Font family 'Noto Sans CJK SC' not found.
2025-12-18 14:31:33,201 | WARNING | findfont: Font family 'Arial Unicode MS' not found.
2025-12-18 14:31:33,201 | WARNING | findfont: Font family 'Noto Sans CJK SC' not found.
2025-12-18 14:31:33,202 | WARNING | findfont: Font family 'Arial Unicode MS' not found.
2025-12-18 14:31:33,202 | WARNING | findfont: Font family 'Noto Sans CJK SC' not found.
2025-12-18 14:31:33,210 | WARNING | findfont: Font family 'Arial Unicode MS' not found.
2025-12-18 14:31:33,210 | WARNING | findfont: Font family 'Noto Sans CJK SC' not found.
2025-12-18 14:31:33,210 | WARNING | findfont: Font family 'Arial Unicode MS' not found.
2025-12-18 14:31:33,211 | WARNING | findfont: Font family 'Noto Sans CJK SC' not found.
2025-12-18 14:31:33,211 | WARNING | findfont: Font family 'Arial Unicode MS' not found.
2025-12-18 14:31:33,211 | WARNING | findfont: Font family 'Noto Sans CJK SC' not found.
2025-12-18 14:31:33,212 | WARNING | findfont: Font family 'Arial Unicode MS' not found.
2025-12-18 14:31:33,212 | WARNING | findfont: Font family 'Noto Sans CJK SC' not found.
2025-12-18 14:31:33,213 | WARNING | findfont: Font family 'Arial Unicode MS' not found.
2025-12-18 14:31:33,213 | WARNING | findfont: Font family 'Noto Sans CJK SC' not found.
2025-12-18 14:31:33,213 | WARNING | findfont: Font family 'Arial Unicode MS' not found.
2025-12-18 14:31:33,213 | WARNING | findfont: Font family 'Noto Sans CJK SC' not found.
2025-12-18 14:31:33,214 | WARNING | findfont: Font family 'Arial Unicode MS' not found.
2025-12-18 14:31:33,214 | WARNING | findfont: Font family 'Noto Sans CJK SC' not found.
2025-12-18 14:31:33,215 | WARNING | findfont: Font family 'Arial Unicode MS' not found.
2025-12-18 14:31:33,215 | WARNING | findfont: Font family 'Noto Sans CJK SC' not found.
2025-12-18 14:31:33,216 | WARNING | findfont: Font family 'Arial Unicode MS' not found.
2025-12-18 14:31:33,216 | WARNING | findfont: Font family 'Noto Sans CJK SC' not found.
2025-12-18 14:31:33,220 | WARNING | findfont: Font family 'Arial Unicode MS' not found.
2025-12-18 14:31:33,220 | WARNING | findfont: Font family 'Noto Sans CJK SC' not found.
2025-12-18 14:31:33,221 | WARNING | findfont: Font family 'Arial Unicode MS' not found.
2025-12-18 14:31:33,221 | WARNING | findfont: Font family 'Noto Sans CJK SC' not found.
2025-12-18 14:31:33,222 | WARNING | findfont: Font family 'Arial Unicode MS' not found.
2025-12-18 14:31:33,222 | WARNING | findfont: Font family 'Noto Sans CJK SC' not found.
2025-12-18 14:31:33,222 | WARNING | findfont: Font family 'Arial Unicode MS' not found.
2025-12-18 14:31:33,222 | WARNING | findfont: Font family 'Noto Sans CJK SC' not found.
2025-12-18 14:31:33,223 | WARNING | findfont: Font family 'Arial Unicode MS' not found.
2025-12-18 14:31:33,223 | WARNING | findfont: Font family 'Noto Sans CJK SC' not found.
2025-12-18 14:31:33,223 | WARNING | findfont: Font family 'Arial Unicode MS' not found.
2025-12-18 14:31:33,223 | WARNING | findfont: Font family 'Noto Sans CJK SC' not found.
2025-12-18 14:31:33,224 | WARNING | findfont: Font family 'Arial Unicode MS' not found.
2025-12-18 14:31:33,224 | WARNING | findfont: Font family 'Noto Sans CJK SC' not found.
2025-12-18 14:31:33,225 | WARNING | findfont: Font family 'Arial Unicode MS' not found.
2025-12-18 14:31:33,226 | WARNING | findfont: Font family 'Noto Sans CJK SC' not found.
2025-12-18 14:31:33,228 | WARNING | findfont: Font family 'Arial Unicode MS' not found.
2025-12-18 14:31:33,228 | WARNING | findfont: Font family 'Noto Sans CJK SC' not found.
2025-12-18 14:31:33,232 | WARNING | findfont: Font family 'Arial Unicode MS' not found.
2025-12-18 14:31:33,232 | WARNING | findfont: Font family 'Noto Sans CJK SC' not found.
2025-12-18 14:31:33,233 | WARNING | findfont: Font family 'Arial Unicode MS' not found.
2025-12-18 14:31:33,233 | WARNING | findfont: Font family 'Noto Sans CJK SC' not found.
2025-12-18 14:31:33,234 | WARNING | findfont: Font family 'Arial Unicode MS' not found.
2025-12-18 14:31:33,234 | WARNING | findfont: Font family 'Noto Sans CJK SC' not found.
2025-12-18 14:31:33,332 | WARNING | findfont: Font family 'Arial Unicode MS' not found.
2025-12-18 14:31:33,333 | WARNING | findfont: Font family 'Noto Sans CJK SC' not found.
2025-12-18 14:31:33,333 | WARNING | findfont: Font family 'Arial Unicode MS' not found.
2025-12-18 14:31:33,333 | WARNING | findfont: Font family 'Noto Sans CJK SC' not found.
2025-12-18 14:31:33,333 | WARNING | findfont: Font family 'Arial Unicode MS' not found.
2025-12-18 14:31:33,334 | WARNING | findfont: Font family 'Noto Sans CJK SC' not found.
2025-12-18 14:31:33,334 | WARNING | findfont: Font family 'Arial Unicode MS' not found.
2025-12-18 14:31:33,334 | WARNING | findfont: Font family 'Noto Sans CJK SC' not found.
2025-12-18 14:31:33,334 | WARNING | findfont: Font family 'Arial Unicode MS' not found.
2025-12-18 14:31:33,334 | WARNING | findfont: Font family 'Noto Sans CJK SC' not found.
2025-12-18 14:31:33,334 | WARNING | findfont: Font family 'Arial Unicode MS' not found.
2025-12-18 14:31:33,335 | WARNING | findfont: Font family 'Noto Sans CJK SC' not found.
2025-12-18 14:31:33,335 | WARNING | findfont: Font family 'Arial Unicode MS' not found.
2025-12-18 14:31:33,335 | WARNING | findfont: Font family 'Noto Sans CJK SC' not found.
2025-12-18 14:31:33,335 | WARNING | findfont: Font family 'Arial Unicode MS' not found.
2025-12-18 14:31:33,335 | WARNING | findfont: Font family 'Noto Sans CJK SC' not found.
2025-12-18 14:31:33,336 | WARNING | findfont: Font family 'Arial Unicode MS' not found.
2025-12-18 14:31:33,336 | WARNING | findfont: Font family 'Noto Sans CJK SC' not found.
2025-12-18 14:31:33,338 | WARNING | findfont: Font family 'Arial Unicode MS' not found.
2025-12-18 14:31:33,338 | WARNING | findfont: Font family 'Noto Sans CJK SC' not found.
2025-12-18 14:31:33,342 | WARNING | findfont: Font family 'Arial Unicode MS' not found.
2025-12-18 14:31:33,342 | WARNING | findfont: Font family 'Noto Sans CJK SC' not found.
2025-12-18 14:31:33,343 | WARNING | findfont: Font family 'Arial Unicode MS' not found.
2025-12-18 14:31:33,343 | WARNING | findfont: Font family 'Noto Sans CJK SC' not found.
2025-12-18 14:31:33,343 | WARNING | findfont: Font family 'Arial Unicode MS' not found.
2025-12-18 14:31:33,343 | WARNING | findfont: Font family 'Noto Sans CJK SC' not found.
2025-12-18 14:31:33,343 | WARNING | findfont: Font family 'Arial Unicode MS' not found.
2025-12-18 14:31:33,343 | WARNING | findfont: Font family 'Noto Sans CJK SC' not found.
2025-12-18 14:31:33,344 | WARNING | findfont: Font family 'Arial Unicode MS' not found.
2025-12-18 14:31:33,344 | WARNING | findfont: Font family 'Noto Sans CJK SC' not found.
2025-12-18 14:31:33,344 | WARNING | findfont: Font family 'Arial Unicode MS' not found.
2025-12-18 14:31:33,344 | WARNING | findfont: Font family 'Noto Sans CJK SC' not found.
2025-12-18 14:31:33,344 | WARNING | findfont: Font family 'Arial Unicode MS' not found.
2025-12-18 14:31:33,344 | WARNING | findfont: Font family 'Noto Sans CJK SC' not found.
2025-12-18 14:31:33,345 | WARNING | findfont: Font family 'Arial Unicode MS' not found.
2025-12-18 14:31:33,345 | WARNING | findfont: Font family 'Noto Sans CJK SC' not found.
2025-12-18 14:31:33,348 | WARNING | findfont: Font family 'Arial Unicode MS' not found.
2025-12-18 14:31:33,348 | WARNING | findfont: Font family 'Noto Sans CJK SC' not found.
2025-12-18 14:31:33,349 | WARNING | findfont: Font family 'Arial Unicode MS' not found.
2025-12-18 14:31:33,349 | WARNING | findfont: Font family 'Noto Sans CJK SC' not found.
2025-12-18 14:31:33,353 | WARNING | findfont: Font family 'Arial Unicode MS' not found.
2025-12-18 14:31:33,353 | WARNING | findfont: Font family 'Noto Sans CJK SC' not found.
2025-12-18 14:31:33,354 | WARNING | findfont: Font family 'Arial Unicode MS' not found.
2025-12-18 14:31:33,354 | WARNING | findfont: Font family 'Noto Sans CJK SC' not found.
2025-12-18 14:31:33,355 | WARNING | findfont: Font family 'Arial Unicode MS' not found.
2025-12-18 14:31:33,355 | WARNING | findfont: Font family 'Noto Sans CJK SC' not found.
2025-12-18 14:31:33,360 | WARNING | findfont: Font family 'Arial Unicode MS' not found.
2025-12-18 14:31:33,360 | WARNING | findfont: Font family 'Noto Sans CJK SC' not found.
2025-12-18 14:31:33,360 | WARNING | findfont: Font family 'Arial Unicode MS' not found.
2025-12-18 14:31:33,360 | WARNING | findfont: Font family 'Noto Sans CJK SC' not found.
2025-12-18 14:31:33,360 | WARNING | findfont: Font family 'Arial Unicode MS' not found.
2025-12-18 14:31:33,361 | WARNING | findfont: Font family 'Noto Sans CJK SC' not found.
2025-12-18 14:31:33,361 | WARNING | findfont: Font family 'Arial Unicode MS' not found.
2025-12-18 14:31:33,361 | WARNING | findfont: Font family 'Noto Sans CJK SC' not found.
2025-12-18 14:31:33,361 | WARNING | findfont: Font family 'Arial Unicode MS' not found.
2025-12-18 14:31:33,361 | WARNING | findfont: Font family 'Noto Sans CJK SC' not found.
2025-12-18 14:31:33,361 | WARNING | findfont: Font family 'Arial Unicode MS' not found.
2025-12-18 14:31:33,361 | WARNING | findfont: Font family 'Noto Sans CJK SC' not found.
2025-12-18 14:31:33,362 | WARNING | findfont: Font family 'Arial Unicode MS' not found.
2025-12-18 14:31:33,362 | WARNING | findfont: Font family 'Noto Sans CJK SC' not found.
2025-12-18 14:31:33,362 | WARNING | findfont: Font family 'Arial Unicode MS' not found.
2025-12-18 14:31:33,362 | WARNING | findfont: Font family 'Noto Sans CJK SC' not found.
2025-12-18 14:31:33,363 | WARNING | findfont: Font family 'Arial Unicode MS' not found.
2025-12-18 14:31:33,363 | WARNING | findfont: Font family 'Noto Sans CJK SC' not found.
2025-12-18 14:31:33,364 | WARNING | findfont: Font family 'Arial Unicode MS' not found.
2025-12-18 14:31:33,364 | WARNING | findfont: Font family 'Noto Sans CJK SC' not found.
2025-12-18 14:31:33,364 | WARNING | findfont: Font family 'Arial Unicode MS' not found.
2025-12-18 14:31:33,364 | WARNING | findfont: Font family 'Noto Sans CJK SC' not found.
2025-12-18 14:31:33,367 | WARNING | findfont: Font family 'Arial Unicode MS' not found.
2025-12-18 14:31:33,367 | WARNING | findfont: Font family 'Noto Sans CJK SC' not found.
2025-12-18 14:31:33,368 | WARNING | findfont: Font family 'Arial Unicode MS' not found.
2025-12-18 14:31:33,368 | WARNING | findfont: Font family 'Noto Sans CJK SC' not found.
2025-12-18 14:31:33,368 | WARNING | findfont: Font family 'Arial Unicode MS' not found.
2025-12-18 14:31:33,368 | WARNING | findfont: Font family 'Noto Sans CJK SC' not found.
2025-12-18 14:31:33,368 | WARNING | findfont: Font family 'Arial Unicode MS' not found.
2025-12-18 14:31:33,368 | WARNING | findfont: Font family 'Noto Sans CJK SC' not found.
2025-12-18 14:31:33,369 | WARNING | findfont: Font family 'Arial Unicode MS' not found.
2025-12-18 14:31:33,369 | WARNING | findfont: Font family 'Noto Sans CJK SC' not found.
2025-12-18 14:31:33,369 | WARNING | findfont: Font family 'Arial Unicode MS' not found.
2025-12-18 14:31:33,369 | WARNING | findfont: Font family 'Noto Sans CJK SC' not found.
2025-12-18 14:31:33,370 | WARNING | findfont: Font family 'Arial Unicode MS' not found.
2025-12-18 14:31:33,370 | WARNING | findfont: Font family 'Noto Sans CJK SC' not found.
2025-12-18 14:31:33,370 | WARNING | findfont: Font family 'Arial Unicode MS' not found.
2025-12-18 14:31:33,370 | WARNING | findfont: Font family 'Noto Sans CJK SC' not found.
2025-12-18 14:31:33,374 | WARNING | findfont: Font family 'Arial Unicode MS' not found.
2025-12-18 14:31:33,375 | WARNING | findfont: Font family 'Noto Sans CJK SC' not found.
2025-12-18 14:31:33,378 | WARNING | findfont: Font family 'Arial Unicode MS' not found.
2025-12-18 14:31:33,378 | WARNING | findfont: Font family 'Noto Sans CJK SC' not found.
2025-12-18 14:31:33,378 | WARNING | findfont: Font family 'Arial Unicode MS' not found.
2025-12-18 14:31:33,379 | WARNING | findfont: Font family 'Noto Sans CJK SC' not found.
2025-12-18 14:31:33,379 | WARNING | findfont: Font family 'Arial Unicode MS' not found.
2025-12-18 14:31:33,379 | WARNING | findfont: Font family 'Noto Sans CJK SC' not found.
2025-12-18 14:31:33,388 | WARNING | findfont: Font family 'Arial Unicode MS' not found.
2025-12-18 14:31:33,389 | WARNING | findfont: Font family 'Noto Sans CJK SC' not found.
2025-12-18 14:31:33,389 | WARNING | findfont: Font family 'Arial Unicode MS' not found.
2025-12-18 14:31:33,389 | WARNING | findfont: Font family 'Noto Sans CJK SC' not found.
2025-12-18 14:31:33,390 | WARNING | findfont: Font family 'Arial Unicode MS' not found.
2025-12-18 14:31:33,390 | WARNING | findfont: Font family 'Noto Sans CJK SC' not found.
2025-12-18 14:31:33,391 | WARNING | findfont: Font family 'Arial Unicode MS' not found.
2025-12-18 14:31:33,391 | WARNING | findfont: Font family 'Noto Sans CJK SC' not found.
2025-12-18 14:31:33,391 | WARNING | findfont: Font family 'Arial Unicode MS' not found.
2025-12-18 14:31:33,391 | WARNING | findfont: Font family 'Noto Sans CJK SC' not found.
2025-12-18 14:31:33,392 | WARNING | findfont: Font family 'Arial Unicode MS' not found.
2025-12-18 14:31:33,392 | WARNING | findfont: Font family 'Noto Sans CJK SC' not found.
2025-12-18 14:31:33,392 | WARNING | findfont: Font family 'Arial Unicode MS' not found.
2025-12-18 14:31:33,392 | WARNING | findfont: Font family 'Noto Sans CJK SC' not found.
2025-12-18 14:31:33,393 | WARNING | findfont: Font family 'Arial Unicode MS' not found.
2025-12-18 14:31:33,393 | WARNING | findfont: Font family 'Noto Sans CJK SC' not found.
2025-12-18 14:31:33,398 | WARNING | findfont: Font family 'Arial Unicode MS' not found.
2025-12-18 14:31:33,398 | WARNING | findfont: Font family 'Noto Sans CJK SC' not found.
2025-12-18 14:31:33,399 | WARNING | findfont: Font family 'Arial Unicode MS' not found.
2025-12-18 14:31:33,399 | WARNING | findfont: Font family 'Noto Sans CJK SC' not found.
2025-12-18 14:31:33,400 | WARNING | findfont: Font family 'Arial Unicode MS' not found.
2025-12-18 14:31:33,400 | WARNING | findfont: Font family 'Noto Sans CJK SC' not found.
2025-12-18 14:31:33,401 | WARNING | findfont: Font family 'Arial Unicode MS' not found.
2025-12-18 14:31:33,401 | WARNING | findfont: Font family 'Noto Sans CJK SC' not found.
2025-12-18 14:31:33,401 | WARNING | findfont: Font family 'Arial Unicode MS' not found.
2025-12-18 14:31:33,402 | WARNING | findfont: Font family 'Noto Sans CJK SC' not found.
2025-12-18 14:31:33,402 | WARNING | findfont: Font family 'Arial Unicode MS' not found.
2025-12-18 14:31:33,402 | WARNING | findfont: Font family 'Noto Sans CJK SC' not found.
2025-12-18 14:31:33,403 | WARNING | findfont: Font family 'Arial Unicode MS' not found.
2025-12-18 14:31:33,403 | WARNING | findfont: Font family 'Noto Sans CJK SC' not found.
2025-12-18 14:31:33,403 | WARNING | findfont: Font family 'Arial Unicode MS' not found.
2025-12-18 14:31:33,403 | WARNING | findfont: Font family 'Noto Sans CJK SC' not found.
2025-12-18 14:31:33,405 | WARNING | findfont: Font family 'Arial Unicode MS' not found.
2025-12-18 14:31:33,405 | WARNING | findfont: Font family 'Noto Sans CJK SC' not found.
2025-12-18 14:31:33,408 | WARNING | findfont: Font family 'Arial Unicode MS' not found.
2025-12-18 14:31:33,408 | WARNING | findfont: Font family 'Noto Sans CJK SC' not found.
2025-12-18 14:31:33,412 | WARNING | findfont: Font family 'Arial Unicode MS' not found.
2025-12-18 14:31:33,413 | WARNING | findfont: Font family 'Noto Sans CJK SC' not found.
2025-12-18 14:31:33,414 | WARNING | findfont: Font family 'Arial Unicode MS' not found.
2025-12-18 14:31:33,414 | WARNING | findfont: Font family 'Noto Sans CJK SC' not found.
2025-12-18 14:31:33,415 | WARNING | findfont: Font family 'Arial Unicode MS' not found.
2025-12-18 14:31:33,415 | WARNING | findfont: Font family 'Noto Sans CJK SC' not found.
2025-12-18 14:31:33,521 | WARNING | findfont: Font family 'Arial Unicode MS' not found.
2025-12-18 14:31:33,522 | WARNING | findfont: Font family 'Noto Sans CJK SC' not found.
2025-12-18 14:31:33,522 | WARNING | findfont: Font family 'Arial Unicode MS' not found.
2025-12-18 14:31:33,522 | WARNING | findfont: Font family 'Noto Sans CJK SC' not found.
2025-12-18 14:31:33,522 | WARNING | findfont: Font family 'Arial Unicode MS' not found.
2025-12-18 14:31:33,522 | WARNING | findfont: Font family 'Noto Sans CJK SC' not found.
2025-12-18 14:31:33,523 | WARNING | findfont: Font family 'Arial Unicode MS' not found.
2025-12-18 14:31:33,523 | WARNING | findfont: Font family 'Noto Sans CJK SC' not found.
2025-12-18 14:31:33,523 | WARNING | findfont: Font family 'Arial Unicode MS' not found.
2025-12-18 14:31:33,523 | WARNING | findfont: Font family 'Noto Sans CJK SC' not found.
2025-12-18 14:31:33,523 | WARNING | findfont: Font family 'Arial Unicode MS' not found.
2025-12-18 14:31:33,523 | WARNING | findfont: Font family 'Noto Sans CJK SC' not found.
2025-12-18 14:31:33,524 | WARNING | findfont: Font family 'Arial Unicode MS' not found.
2025-12-18 14:31:33,524 | WARNING | findfont: Font family 'Noto Sans CJK SC' not found.
2025-12-18 14:31:33,524 | WARNING | findfont: Font family 'Arial Unicode MS' not found.
2025-12-18 14:31:33,524 | WARNING | findfont: Font family 'Noto Sans CJK SC' not found.
2025-12-18 14:31:33,524 | WARNING | findfont: Font family 'Arial Unicode MS' not found.
2025-12-18 14:31:33,524 | WARNING | findfont: Font family 'Noto Sans CJK SC' not found.
2025-12-18 14:31:33,525 | WARNING | findfont: Font family 'Arial Unicode MS' not found.
2025-12-18 14:31:33,525 | WARNING | findfont: Font family 'Noto Sans CJK SC' not found.
2025-12-18 14:31:33,527 | WARNING | findfont: Font family 'Arial Unicode MS' not found.
2025-12-18 14:31:33,527 | WARNING | findfont: Font family 'Noto Sans CJK SC' not found.
2025-12-18 14:31:33,531 | WARNING | findfont: Font family 'Arial Unicode MS' not found.
2025-12-18 14:31:33,532 | WARNING | findfont: Font family 'Noto Sans CJK SC' not found.
2025-12-18 14:31:33,532 | WARNING | findfont: Font family 'Arial Unicode MS' not found.
2025-12-18 14:31:33,532 | WARNING | findfont: Font family 'Noto Sans CJK SC' not found.
2025-12-18 14:31:33,532 | WARNING | findfont: Font family 'Arial Unicode MS' not found.
2025-12-18 14:31:33,533 | WARNING | findfont: Font family 'Noto Sans CJK SC' not found.
2025-12-18 14:31:33,533 | WARNING | findfont: Font family 'Arial Unicode MS' not found.
2025-12-18 14:31:33,533 | WARNING | findfont: Font family 'Noto Sans CJK SC' not found.
2025-12-18 14:31:33,533 | WARNING | findfont: Font family 'Arial Unicode MS' not found.
2025-12-18 14:31:33,533 | WARNING | findfont: Font family 'Noto Sans CJK SC' not found.
2025-12-18 14:31:33,534 | WARNING | findfont: Font family 'Arial Unicode MS' not found.
2025-12-18 14:31:33,534 | WARNING | findfont: Font family 'Noto Sans CJK SC' not found.
2025-12-18 14:31:33,535 | WARNING | findfont: Font family 'Arial Unicode MS' not found.
2025-12-18 14:31:33,535 | WARNING | findfont: Font family 'Noto Sans CJK SC' not found.
2025-12-18 14:31:33,537 | WARNING | findfont: Font family 'Arial Unicode MS' not found.
2025-12-18 14:31:33,537 | WARNING | findfont: Font family 'Noto Sans CJK SC' not found.
2025-12-18 14:31:33,538 | WARNING | findfont: Font family 'Arial Unicode MS' not found.
2025-12-18 14:31:33,538 | WARNING | findfont: Font family 'Noto Sans CJK SC' not found.
2025-12-18 14:31:33,543 | WARNING | findfont: Font family 'Arial Unicode MS' not found.
2025-12-18 14:31:33,543 | WARNING | findfont: Font family 'Noto Sans CJK SC' not found.
2025-12-18 14:31:33,544 | WARNING | findfont: Font family 'Arial Unicode MS' not found.
2025-12-18 14:31:33,544 | WARNING | findfont: Font family 'Noto Sans CJK SC' not found.
2025-12-18 14:31:33,545 | WARNING | findfont: Font family 'Arial Unicode MS' not found.
2025-12-18 14:31:33,545 | WARNING | findfont: Font family 'Noto Sans CJK SC' not found.
2025-12-18 14:31:33,551 | WARNING | findfont: Font family 'Arial Unicode MS' not found.
2025-12-18 14:31:33,551 | WARNING | findfont: Font family 'Noto Sans CJK SC' not found.
2025-12-18 14:31:33,552 | WARNING | findfont: Font family 'Arial Unicode MS' not found.
2025-12-18 14:31:33,552 | WARNING | findfont: Font family 'Noto Sans CJK SC' not found.
2025-12-18 14:31:33,552 | WARNING | findfont: Font family 'Arial Unicode MS' not found.
2025-12-18 14:31:33,552 | WARNING | findfont: Font family 'Noto Sans CJK SC' not found.
2025-12-18 14:31:33,552 | WARNING | findfont: Font family 'Arial Unicode MS' not found.
2025-12-18 14:31:33,553 | WARNING | findfont: Font family 'Noto Sans CJK SC' not found.
2025-12-18 14:31:33,553 | WARNING | findfont: Font family 'Arial Unicode MS' not found.
2025-12-18 14:31:33,553 | WARNING | findfont: Font family 'Noto Sans CJK SC' not found.
2025-12-18 14:31:33,553 | WARNING | findfont: Font family 'Arial Unicode MS' not found.
2025-12-18 14:31:33,553 | WARNING | findfont: Font family 'Noto Sans CJK SC' not found.
2025-12-18 14:31:33,554 | WARNING | findfont: Font family 'Arial Unicode MS' not found.
2025-12-18 14:31:33,554 | WARNING | findfont: Font family 'Noto Sans CJK SC' not found.
2025-12-18 14:31:33,555 | WARNING | findfont: Font family 'Arial Unicode MS' not found.
2025-12-18 14:31:33,555 | WARNING | findfont: Font family 'Noto Sans CJK SC' not found.
2025-12-18 14:31:33,556 | WARNING | findfont: Font family 'Arial Unicode MS' not found.
2025-12-18 14:31:33,556 | WARNING | findfont: Font family 'Noto Sans CJK SC' not found.
2025-12-18 14:31:33,556 | WARNING | findfont: Font family 'Arial Unicode MS' not found.
2025-12-18 14:31:33,556 | WARNING | findfont: Font family 'Noto Sans CJK SC' not found.
2025-12-18 14:31:33,559 | WARNING | findfont: Font family 'Arial Unicode MS' not found.
2025-12-18 14:31:33,559 | WARNING | findfont: Font family 'Noto Sans CJK SC' not found.
2025-12-18 14:31:33,560 | WARNING | findfont: Font family 'Arial Unicode MS' not found.
2025-12-18 14:31:33,560 | WARNING | findfont: Font family 'Noto Sans CJK SC' not found.
2025-12-18 14:31:33,560 | WARNING | findfont: Font family 'Arial Unicode MS' not found.
2025-12-18 14:31:33,560 | WARNING | findfont: Font family 'Noto Sans CJK SC' not found.
2025-12-18 14:31:33,561 | WARNING | findfont: Font family 'Arial Unicode MS' not found.
2025-12-18 14:31:33,561 | WARNING | findfont: Font family 'Noto Sans CJK SC' not found.
2025-12-18 14:31:33,561 | WARNING | findfont: Font family 'Arial Unicode MS' not found.
2025-12-18 14:31:33,561 | WARNING | findfont: Font family 'Noto Sans CJK SC' not found.
2025-12-18 14:31:33,562 | WARNING | findfont: Font family 'Arial Unicode MS' not found.
2025-12-18 14:31:33,562 | WARNING | findfont: Font family 'Noto Sans CJK SC' not found.
2025-12-18 14:31:33,562 | WARNING | findfont: Font family 'Arial Unicode MS' not found.
2025-12-18 14:31:33,562 | WARNING | findfont: Font family 'Noto Sans CJK SC' not found.
2025-12-18 14:31:33,563 | WARNING | findfont: Font family 'Arial Unicode MS' not found.
2025-12-18 14:31:33,563 | WARNING | findfont: Font family 'Noto Sans CJK SC' not found.
2025-12-18 14:31:33,563 | WARNING | findfont: Font family 'Arial Unicode MS' not found.
2025-12-18 14:31:33,563 | WARNING | findfont: Font family 'Noto Sans CJK SC' not found.
2025-12-18 14:31:33,570 | WARNING | findfont: Font family 'Arial Unicode MS' not found.
2025-12-18 14:31:33,570 | WARNING | findfont: Font family 'Noto Sans CJK SC' not found.
2025-12-18 14:31:33,574 | WARNING | findfont: Font family 'Arial Unicode MS' not found.
2025-12-18 14:31:33,574 | WARNING | findfont: Font family 'Noto Sans CJK SC' not found.
2025-12-18 14:31:33,574 | WARNING | findfont: Font family 'Arial Unicode MS' not found.
2025-12-18 14:31:33,575 | WARNING | findfont: Font family 'Noto Sans CJK SC' not found.
2025-12-18 14:31:33,575 | WARNING | findfont: Font family 'Arial Unicode MS' not found.
2025-12-18 14:31:33,575 | WARNING | findfont: Font family 'Noto Sans CJK SC' not found.
2025-12-18 14:31:33,586 | WARNING | findfont: Font family 'Arial Unicode MS' not found.
2025-12-18 14:31:33,586 | WARNING | findfont: Font family 'Noto Sans CJK SC' not found.
2025-12-18 14:31:33,587 | WARNING | findfont: Font family 'Arial Unicode MS' not found.
2025-12-18 14:31:33,587 | WARNING | findfont: Font family 'Noto Sans CJK SC' not found.
2025-12-18 14:31:33,588 | WARNING | findfont: Font family 'Arial Unicode MS' not found.
2025-12-18 14:31:33,588 | WARNING | findfont: Font family 'Noto Sans CJK SC' not found.
2025-12-18 14:31:33,589 | WARNING | findfont: Font family 'Arial Unicode MS' not found.
2025-12-18 14:31:33,589 | WARNING | findfont: Font family 'Noto Sans CJK SC' not found.
2025-12-18 14:31:33,589 | WARNING | findfont: Font family 'Arial Unicode MS' not found.
2025-12-18 14:31:33,589 | WARNING | findfont: Font family 'Noto Sans CJK SC' not found.
2025-12-18 14:31:33,590 | WARNING | findfont: Font family 'Arial Unicode MS' not found.
2025-12-18 14:31:33,590 | WARNING | findfont: Font family 'Noto Sans CJK SC' not found.
2025-12-18 14:31:33,591 | WARNING | findfont: Font family 'Arial Unicode MS' not found.
2025-12-18 14:31:33,591 | WARNING | findfont: Font family 'Noto Sans CJK SC' not found.
2025-12-18 14:31:33,591 | WARNING | findfont: Font family 'Arial Unicode MS' not found.
2025-12-18 14:31:33,591 | WARNING | findfont: Font family 'Noto Sans CJK SC' not found.
2025-12-18 14:31:33,592 | WARNING | findfont: Font family 'Arial Unicode MS' not found.
2025-12-18 14:31:33,592 | WARNING | findfont: Font family 'Noto Sans CJK SC' not found.
2025-12-18 14:31:33,597 | WARNING | findfont: Font family 'Arial Unicode MS' not found.
2025-12-18 14:31:33,598 | WARNING | findfont: Font family 'Noto Sans CJK SC' not found.
2025-12-18 14:31:33,600 | WARNING | findfont: Font family 'Arial Unicode MS' not found.
2025-12-18 14:31:33,600 | WARNING | findfont: Font family 'Noto Sans CJK SC' not found.
2025-12-18 14:31:33,600 | WARNING | findfont: Font family 'Arial Unicode MS' not found.
2025-12-18 14:31:33,601 | WARNING | findfont: Font family 'Noto Sans CJK SC' not found.
2025-12-18 14:31:33,601 | WARNING | findfont: Font family 'Arial Unicode MS' not found.
2025-12-18 14:31:33,601 | WARNING | findfont: Font family 'Noto Sans CJK SC' not found.
2025-12-18 14:31:33,602 | WARNING | findfont: Font family 'Arial Unicode MS' not found.
2025-12-18 14:31:33,602 | WARNING | findfont: Font family 'Noto Sans CJK SC' not found.
2025-12-18 14:31:33,602 | WARNING | findfont: Font family 'Arial Unicode MS' not found.
2025-12-18 14:31:33,603 | WARNING | findfont: Font family 'Noto Sans CJK SC' not found.
2025-12-18 14:31:33,603 | WARNING | findfont: Font family 'Arial Unicode MS' not found.
2025-12-18 14:31:33,603 | WARNING | findfont: Font family 'Noto Sans CJK SC' not found.
2025-12-18 14:31:33,605 | WARNING | findfont: Font family 'Arial Unicode MS' not found.
2025-12-18 14:31:33,605 | WARNING | findfont: Font family 'Noto Sans CJK SC' not found.
2025-12-18 14:31:33,612 | WARNING | findfont: Font family 'Arial Unicode MS' not found.
2025-12-18 14:31:33,612 | WARNING | findfont: Font family 'Noto Sans CJK SC' not found.
2025-12-18 14:31:33,618 | WARNING | findfont: Font family 'Arial Unicode MS' not found.
2025-12-18 14:31:33,618 | WARNING | findfont: Font family 'Noto Sans CJK SC' not found.
2025-12-18 14:31:33,619 | WARNING | findfont: Font family 'Arial Unicode MS' not found.
2025-12-18 14:31:33,619 | WARNING | findfont: Font family 'Noto Sans CJK SC' not found.
2025-12-18 14:31:33,620 | WARNING | findfont: Font family 'Arial Unicode MS' not found.
2025-12-18 14:31:33,620 | WARNING | findfont: Font family 'Noto Sans CJK SC' not found.
2025-12-18 14:31:33,777 | WARNING | findfont: Font family 'Arial Unicode MS' not found.
2025-12-18 14:31:33,777 | WARNING | findfont: Font family 'Noto Sans CJK SC' not found.
2025-12-18 14:31:33,778 | WARNING | findfont: Font family 'Arial Unicode MS' not found.
2025-12-18 14:31:33,778 | WARNING | findfont: Font family 'Noto Sans CJK SC' not found.
2025-12-18 14:31:33,779 | WARNING | findfont: Font family 'Arial Unicode MS' not found.
2025-12-18 14:31:33,779 | WARNING | findfont: Font family 'Noto Sans CJK SC' not found.
2025-12-18 14:31:33,779 | WARNING | findfont: Font family 'Arial Unicode MS' not found.
2025-12-18 14:31:33,780 | WARNING | findfont: Font family 'Noto Sans CJK SC' not found.
2025-12-18 14:31:33,780 | WARNING | findfont: Font family 'Arial Unicode MS' not found.
2025-12-18 14:31:33,780 | WARNING | findfont: Font family 'Noto Sans CJK SC' not found.
2025-12-18 14:31:33,781 | WARNING | findfont: Font family 'Arial Unicode MS' not found.
2025-12-18 14:31:33,781 | WARNING | findfont: Font family 'Noto Sans CJK SC' not found.
2025-12-18 14:31:33,782 | WARNING | findfont: Font family 'Arial Unicode MS' not found.
2025-12-18 14:31:33,782 | WARNING | findfont: Font family 'Noto Sans CJK SC' not found.
2025-12-18 14:31:33,782 | WARNING | findfont: Font family 'Arial Unicode MS' not found.
2025-12-18 14:31:33,782 | WARNING | findfont: Font family 'Noto Sans CJK SC' not found.
2025-12-18 14:31:33,783 | WARNING | findfont: Font family 'Arial Unicode MS' not found.
2025-12-18 14:31:33,783 | WARNING | findfont: Font family 'Noto Sans CJK SC' not found.
2025-12-18 14:31:33,784 | WARNING | findfont: Font family 'Arial Unicode MS' not found.
2025-12-18 14:31:33,784 | WARNING | findfont: Font family 'Noto Sans CJK SC' not found.
2025-12-18 14:31:33,789 | WARNING | findfont: Font family 'Arial Unicode MS' not found.
2025-12-18 14:31:33,790 | WARNING | findfont: Font family 'Noto Sans CJK SC' not found.
2025-12-18 14:31:33,795 | WARNING | findfont: Font family 'Arial Unicode MS' not found.
2025-12-18 14:31:33,796 | WARNING | findfont: Font family 'Noto Sans CJK SC' not found.
2025-12-18 14:31:33,797 | WARNING | findfont: Font family 'Arial Unicode MS' not found.
2025-12-18 14:31:33,797 | WARNING | findfont: Font family 'Noto Sans CJK SC' not found.
2025-12-18 14:31:33,798 | WARNING | findfont: Font family 'Arial Unicode MS' not found.
2025-12-18 14:31:33,798 | WARNING | findfont: Font family 'Noto Sans CJK SC' not found.
2025-12-18 14:31:33,799 | WARNING | findfont: Font family 'Arial Unicode MS' not found.
2025-12-18 14:31:33,799 | WARNING | findfont: Font family 'Noto Sans CJK SC' not found.
2025-12-18 14:31:33,799 | WARNING | findfont: Font family 'Arial Unicode MS' not found.
2025-12-18 14:31:33,799 | WARNING | findfont: Font family 'Noto Sans CJK SC' not found.
2025-12-18 14:31:33,801 | WARNING | findfont: Font family 'Arial Unicode MS' not found.
2025-12-18 14:31:33,802 | WARNING | findfont: Font family 'Noto Sans CJK SC' not found.
2025-12-18 14:31:33,806 | WARNING | findfont: Font family 'Arial Unicode MS' not found.
2025-12-18 14:31:33,806 | WARNING | findfont: Font family 'Noto Sans CJK SC' not found.
2025-12-18 14:31:33,807 | WARNING | findfont: Font family 'Arial Unicode MS' not found.
2025-12-18 14:31:33,807 | WARNING | findfont: Font family 'Noto Sans CJK SC' not found.
2025-12-18 14:31:33,815 | WARNING | findfont: Font family 'Arial Unicode MS' not found.
2025-12-18 14:31:33,816 | WARNING | findfont: Font family 'Noto Sans CJK SC' not found.
2025-12-18 14:31:33,816 | WARNING | findfont: Font family 'Arial Unicode MS' not found.
2025-12-18 14:31:33,817 | WARNING | findfont: Font family 'Noto Sans CJK SC' not found.
2025-12-18 14:31:33,818 | WARNING | findfont: Font family 'Arial Unicode MS' not found.
2025-12-18 14:31:33,818 | WARNING | findfont: Font family 'Noto Sans CJK SC' not found.
2025-12-18 14:31:33,826 | WARNING | findfont: Font family 'Arial Unicode MS' not found.
2025-12-18 14:31:33,827 | WARNING | findfont: Font family 'Noto Sans CJK SC' not found.
2025-12-18 14:31:33,827 | WARNING | findfont: Font family 'Arial Unicode MS' not found.
2025-12-18 14:31:33,828 | WARNING | findfont: Font family 'Noto Sans CJK SC' not found.
2025-12-18 14:31:33,828 | WARNING | findfont: Font family 'Arial Unicode MS' not found.
2025-12-18 14:31:33,828 | WARNING | findfont: Font family 'Noto Sans CJK SC' not found.
2025-12-18 14:31:33,829 | WARNING | findfont: Font family 'Arial Unicode MS' not found.
2025-12-18 14:31:33,829 | WARNING | findfont: Font family 'Noto Sans CJK SC' not found.
2025-12-18 14:31:33,830 | WARNING | findfont: Font family 'Arial Unicode MS' not found.
2025-12-18 14:31:33,830 | WARNING | findfont: Font family 'Noto Sans CJK SC' not found.
2025-12-18 14:31:33,830 | WARNING | findfont: Font family 'Arial Unicode MS' not found.
2025-12-18 14:31:33,831 | WARNING | findfont: Font family 'Noto Sans CJK SC' not found.
2025-12-18 14:31:33,832 | WARNING | findfont: Font family 'Arial Unicode MS' not found.
2025-12-18 14:31:33,833 | WARNING | findfont: Font family 'Noto Sans CJK SC' not found.
2025-12-18 14:31:33,834 | WARNING | findfont: Font family 'Arial Unicode MS' not found.
2025-12-18 14:31:33,834 | WARNING | findfont: Font family 'Noto Sans CJK SC' not found.
2025-12-18 14:31:33,835 | WARNING | findfont: Font family 'Arial Unicode MS' not found.
2025-12-18 14:31:33,835 | WARNING | findfont: Font family 'Noto Sans CJK SC' not found.
2025-12-18 14:31:33,840 | WARNING | findfont: Font family 'Arial Unicode MS' not found.
2025-12-18 14:31:33,840 | WARNING | findfont: Font family 'Noto Sans CJK SC' not found.
2025-12-18 14:31:33,840 | WARNING | findfont: Font family 'Arial Unicode MS' not found.
2025-12-18 14:31:33,841 | WARNING | findfont: Font family 'Noto Sans CJK SC' not found.
2025-12-18 14:31:33,841 | WARNING | findfont: Font family 'Arial Unicode MS' not found.
2025-12-18 14:31:33,841 | WARNING | findfont: Font family 'Noto Sans CJK SC' not found.
2025-12-18 14:31:33,842 | WARNING | findfont: Font family 'Arial Unicode MS' not found.
2025-12-18 14:31:33,842 | WARNING | findfont: Font family 'Noto Sans CJK SC' not found.
2025-12-18 14:31:33,843 | WARNING | findfont: Font family 'Arial Unicode MS' not found.
2025-12-18 14:31:33,843 | WARNING | findfont: Font family 'Noto Sans CJK SC' not found.
2025-12-18 14:31:33,843 | WARNING | findfont: Font family 'Arial Unicode MS' not found.
2025-12-18 14:31:33,843 | WARNING | findfont: Font family 'Noto Sans CJK SC' not found.
2025-12-18 14:31:33,844 | WARNING | findfont: Font family 'Arial Unicode MS' not found.
2025-12-18 14:31:33,844 | WARNING | findfont: Font family 'Noto Sans CJK SC' not found.
2025-12-18 14:31:33,844 | WARNING | findfont: Font family 'Arial Unicode MS' not found.
2025-12-18 14:31:33,846 | WARNING | findfont: Font family 'Noto Sans CJK SC' not found.
2025-12-18 14:31:33,846 | WARNING | findfont: Font family 'Arial Unicode MS' not found.
2025-12-18 14:31:33,847 | WARNING | findfont: Font family 'Noto Sans CJK SC' not found.
2025-12-18 14:31:33,855 | WARNING | findfont: Font family 'Arial Unicode MS' not found.
2025-12-18 14:31:33,856 | WARNING | findfont: Font family 'Noto Sans CJK SC' not found.
2025-12-18 14:31:33,861 | WARNING | findfont: Font family 'Arial Unicode MS' not found.
2025-12-18 14:31:33,861 | WARNING | findfont: Font family 'Noto Sans CJK SC' not found.
2025-12-18 14:31:33,862 | WARNING | findfont: Font family 'Arial Unicode MS' not found.
2025-12-18 14:31:33,862 | WARNING | findfont: Font family 'Noto Sans CJK SC' not found.
2025-12-18 14:31:33,863 | WARNING | findfont: Font family 'Arial Unicode MS' not found.
2025-12-18 14:31:33,863 | WARNING | findfont: Font family 'Noto Sans CJK SC' not found.
2025-12-18 14:31:33,876 | WARNING | findfont: Font family 'Arial Unicode MS' not found.
2025-12-18 14:31:33,877 | WARNING | findfont: Font family 'Noto Sans CJK SC' not found.
2025-12-18 14:31:33,878 | WARNING | findfont: Font family 'Arial Unicode MS' not found.
2025-12-18 14:31:33,878 | WARNING | findfont: Font family 'Noto Sans CJK SC' not found.
2025-12-18 14:31:33,879 | WARNING | findfont: Font family 'Arial Unicode MS' not found.
2025-12-18 14:31:33,879 | WARNING | findfont: Font family 'Noto Sans CJK SC' not found.
2025-12-18 14:31:33,880 | WARNING | findfont: Font family 'Arial Unicode MS' not found.
2025-12-18 14:31:33,880 | WARNING | findfont: Font family 'Noto Sans CJK SC' not found.
2025-12-18 14:31:33,882 | WARNING | findfont: Font family 'Arial Unicode MS' not found.
2025-12-18 14:31:33,882 | WARNING | findfont: Font family 'Noto Sans CJK SC' not found.
2025-12-18 14:31:33,883 | WARNING | findfont: Font family 'Arial Unicode MS' not found.
2025-12-18 14:31:33,884 | WARNING | findfont: Font family 'Noto Sans CJK SC' not found.
2025-12-18 14:31:33,885 | WARNING | findfont: Font family 'Arial Unicode MS' not found.
2025-12-18 14:31:33,885 | WARNING | findfont: Font family 'Noto Sans CJK SC' not found.
2025-12-18 14:31:33,886 | WARNING | findfont: Font family 'Arial Unicode MS' not found.
2025-12-18 14:31:33,886 | WARNING | findfont: Font family 'Noto Sans CJK SC' not found.
2025-12-18 14:31:33,887 | WARNING | findfont: Font family 'Arial Unicode MS' not found.
2025-12-18 14:31:33,887 | WARNING | findfont: Font family 'Noto Sans CJK SC' not found.
2025-12-18 14:31:33,895 | WARNING | findfont: Font family 'Arial Unicode MS' not found.
2025-12-18 14:31:33,895 | WARNING | findfont: Font family 'Noto Sans CJK SC' not found.
2025-12-18 14:31:33,898 | WARNING | findfont: Font family 'Arial Unicode MS' not found.
2025-12-18 14:31:33,898 | WARNING | findfont: Font family 'Noto Sans CJK SC' not found.
2025-12-18 14:31:33,900 | WARNING | findfont: Font family 'Arial Unicode MS' not found.
2025-12-18 14:31:33,900 | WARNING | findfont: Font family 'Noto Sans CJK SC' not found.
2025-12-18 14:31:33,901 | WARNING | findfont: Font family 'Arial Unicode MS' not found.
2025-12-18 14:31:33,901 | WARNING | findfont: Font family 'Noto Sans CJK SC' not found.
2025-12-18 14:31:33,902 | WARNING | findfont: Font family 'Arial Unicode MS' not found.
2025-12-18 14:31:33,902 | WARNING | findfont: Font family 'Noto Sans CJK SC' not found.
2025-12-18 14:31:33,903 | WARNING | findfont: Font family 'Arial Unicode MS' not found.
2025-12-18 14:31:33,903 | WARNING | findfont: Font family 'Noto Sans CJK SC' not found.
2025-12-18 14:31:33,906 | WARNING | findfont: Font family 'Arial Unicode MS' not found.
2025-12-18 14:31:33,906 | WARNING | findfont: Font family 'Noto Sans CJK SC' not found.
2025-12-18 14:31:33,911 | WARNING | findfont: Font family 'Arial Unicode MS' not found.
2025-12-18 14:31:33,912 | WARNING | findfont: Font family 'Noto Sans CJK SC' not found.
2025-12-18 14:31:33,917 | WARNING | findfont: Font family 'Arial Unicode MS' not found.
2025-12-18 14:31:33,918 | WARNING | findfont: Font family 'Noto Sans CJK SC' not found.
2025-12-18 14:31:33,919 | WARNING | findfont: Font family 'Arial Unicode MS' not found.
2025-12-18 14:31:33,919 | WARNING | findfont: Font family 'Noto Sans CJK SC' not found.
2025-12-18 14:31:33,920 | WARNING | findfont: Font family 'Arial Unicode MS' not found.
2025-12-18 14:31:33,920 | WARNING | findfont: Font family 'Noto Sans CJK SC' not found.
2025-12-18 14:31:34,057 | WARNING | findfont: Font family 'Arial Unicode MS' not found.
2025-12-18 14:31:34,057 | WARNING | findfont: Font family 'Noto Sans CJK SC' not found.
2025-12-18 14:31:34,057 | WARNING | findfont: Font family 'Arial Unicode MS' not found.
2025-12-18 14:31:34,057 | WARNING | findfont: Font family 'Noto Sans CJK SC' not found.
2025-12-18 14:31:34,058 | WARNING | findfont: Font family 'Arial Unicode MS' not found.
2025-12-18 14:31:34,058 | WARNING | findfont: Font family 'Noto Sans CJK SC' not found.
2025-12-18 14:31:34,058 | WARNING | findfont: Font family 'Arial Unicode MS' not found.
2025-12-18 14:31:34,058 | WARNING | findfont: Font family 'Noto Sans CJK SC' not found.
2025-12-18 14:31:34,059 | WARNING | findfont: Font family 'Arial Unicode MS' not found.
2025-12-18 14:31:34,059 | WARNING | findfont: Font family 'Noto Sans CJK SC' not found.
2025-12-18 14:31:34,059 | WARNING | findfont: Font family 'Arial Unicode MS' not found.
2025-12-18 14:31:34,059 | WARNING | findfont: Font family 'Noto Sans CJK SC' not found.
2025-12-18 14:31:34,059 | WARNING | findfont: Font family 'Arial Unicode MS' not found.
2025-12-18 14:31:34,059 | WARNING | findfont: Font family 'Noto Sans CJK SC' not found.
2025-12-18 14:31:34,059 | WARNING | findfont: Font family 'Arial Unicode MS' not found.
2025-12-18 14:31:34,060 | WARNING | findfont: Font family 'Noto Sans CJK SC' not found.
2025-12-18 14:31:34,060 | WARNING | findfont: Font family 'Arial Unicode MS' not found.
2025-12-18 14:31:34,060 | WARNING | findfont: Font family 'Noto Sans CJK SC' not found.
2025-12-18 14:31:34,060 | WARNING | findfont: Font family 'Arial Unicode MS' not found.
2025-12-18 14:31:34,060 | WARNING | findfont: Font family 'Noto Sans CJK SC' not found.
2025-12-18 14:31:34,063 | WARNING | findfont: Font family 'Arial Unicode MS' not found.
2025-12-18 14:31:34,063 | WARNING | findfont: Font family 'Noto Sans CJK SC' not found.
2025-12-18 14:31:34,066 | WARNING | findfont: Font family 'Arial Unicode MS' not found.
2025-12-18 14:31:34,067 | WARNING | findfont: Font family 'Noto Sans CJK SC' not found.
2025-12-18 14:31:34,067 | WARNING | findfont: Font family 'Arial Unicode MS' not found.
2025-12-18 14:31:34,067 | WARNING | findfont: Font family 'Noto Sans CJK SC' not found.
2025-12-18 14:31:34,067 | WARNING | findfont: Font family 'Arial Unicode MS' not found.
2025-12-18 14:31:34,068 | WARNING | findfont: Font family 'Noto Sans CJK SC' not found.
2025-12-18 14:31:34,068 | WARNING | findfont: Font family 'Arial Unicode MS' not found.
2025-12-18 14:31:34,068 | WARNING | findfont: Font family 'Noto Sans CJK SC' not found.
2025-12-18 14:31:34,068 | WARNING | findfont: Font family 'Arial Unicode MS' not found.
2025-12-18 14:31:34,068 | WARNING | findfont: Font family 'Noto Sans CJK SC' not found.
2025-12-18 14:31:34,069 | WARNING | findfont: Font family 'Arial Unicode MS' not found.
2025-12-18 14:31:34,069 | WARNING | findfont: Font family 'Noto Sans CJK SC' not found.
2025-12-18 14:31:34,071 | WARNING | findfont: Font family 'Arial Unicode MS' not found.
2025-12-18 14:31:34,071 | WARNING | findfont: Font family 'Noto Sans CJK SC' not found.
2025-12-18 14:31:34,072 | WARNING | findfont: Font family 'Arial Unicode MS' not found.
2025-12-18 14:31:34,072 | WARNING | findfont: Font family 'Noto Sans CJK SC' not found.
2025-12-18 14:31:34,077 | WARNING | findfont: Font family 'Arial Unicode MS' not found.
2025-12-18 14:31:34,077 | WARNING | findfont: Font family 'Noto Sans CJK SC' not found.
2025-12-18 14:31:34,077 | WARNING | findfont: Font family 'Arial Unicode MS' not found.
2025-12-18 14:31:34,078 | WARNING | findfont: Font family 'Noto Sans CJK SC' not found.
2025-12-18 14:31:34,079 | WARNING | findfont: Font family 'Arial Unicode MS' not found.
2025-12-18 14:31:34,079 | WARNING | findfont: Font family 'Noto Sans CJK SC' not found.
2025-12-18 14:31:34,085 | WARNING | findfont: Font family 'Arial Unicode MS' not found.
2025-12-18 14:31:34,086 | WARNING | findfont: Font family 'Noto Sans CJK SC' not found.
2025-12-18 14:31:34,086 | WARNING | findfont: Font family 'Arial Unicode MS' not found.
2025-12-18 14:31:34,086 | WARNING | findfont: Font family 'Noto Sans CJK SC' not found.
2025-12-18 14:31:34,087 | WARNING | findfont: Font family 'Arial Unicode MS' not found.
2025-12-18 14:31:34,087 | WARNING | findfont: Font family 'Noto Sans CJK SC' not found.
2025-12-18 14:31:34,087 | WARNING | findfont: Font family 'Arial Unicode MS' not found.
2025-12-18 14:31:34,087 | WARNING | findfont: Font family 'Noto Sans CJK SC' not found.
2025-12-18 14:31:34,087 | WARNING | findfont: Font family 'Arial Unicode MS' not found.
2025-12-18 14:31:34,088 | WARNING | findfont: Font family 'Noto Sans CJK SC' not found.
2025-12-18 14:31:34,088 | WARNING | findfont: Font family 'Arial Unicode MS' not found.
2025-12-18 14:31:34,088 | WARNING | findfont: Font family 'Noto Sans CJK SC' not found.
2025-12-18 14:31:34,089 | WARNING | findfont: Font family 'Arial Unicode MS' not found.
2025-12-18 14:31:34,089 | WARNING | findfont: Font family 'Noto Sans CJK SC' not found.
2025-12-18 14:31:34,090 | WARNING | findfont: Font family 'Arial Unicode MS' not found.
2025-12-18 14:31:34,090 | WARNING | findfont: Font family 'Noto Sans CJK SC' not found.
2025-12-18 14:31:34,090 | WARNING | findfont: Font family 'Arial Unicode MS' not found.
2025-12-18 14:31:34,090 | WARNING | findfont: Font family 'Noto Sans CJK SC' not found.
2025-12-18 14:31:34,093 | WARNING | findfont: Font family 'Arial Unicode MS' not found.
2025-12-18 14:31:34,093 | WARNING | findfont: Font family 'Noto Sans CJK SC' not found.
2025-12-18 14:31:34,093 | WARNING | findfont: Font family 'Arial Unicode MS' not found.
2025-12-18 14:31:34,093 | WARNING | findfont: Font family 'Noto Sans CJK SC' not found.
2025-12-18 14:31:34,094 | WARNING | findfont: Font family 'Arial Unicode MS' not found.
2025-12-18 14:31:34,094 | WARNING | findfont: Font family 'Noto Sans CJK SC' not found.
2025-12-18 14:31:34,094 | WARNING | findfont: Font family 'Arial Unicode MS' not found.
2025-12-18 14:31:34,094 | WARNING | findfont: Font family 'Noto Sans CJK SC' not found.
2025-12-18 14:31:34,095 | WARNING | findfont: Font family 'Arial Unicode MS' not found.
2025-12-18 14:31:34,095 | WARNING | findfont: Font family 'Noto Sans CJK SC' not found.
2025-12-18 14:31:34,095 | WARNING | findfont: Font family 'Arial Unicode MS' not found.
2025-12-18 14:31:34,095 | WARNING | findfont: Font family 'Noto Sans CJK SC' not found.
2025-12-18 14:31:34,095 | WARNING | findfont: Font family 'Arial Unicode MS' not found.
2025-12-18 14:31:34,095 | WARNING | findfont: Font family 'Noto Sans CJK SC' not found.
2025-12-18 14:31:34,096 | WARNING | findfont: Font family 'Arial Unicode MS' not found.
2025-12-18 14:31:34,096 | WARNING | findfont: Font family 'Noto Sans CJK SC' not found.
2025-12-18 14:31:34,096 | WARNING | findfont: Font family 'Arial Unicode MS' not found.
2025-12-18 14:31:34,096 | WARNING | findfont: Font family 'Noto Sans CJK SC' not found.
2025-12-18 14:31:34,102 | WARNING | findfont: Font family 'Arial Unicode MS' not found.
2025-12-18 14:31:34,102 | WARNING | findfont: Font family 'Noto Sans CJK SC' not found.
2025-12-18 14:31:34,105 | WARNING | findfont: Font family 'Arial Unicode MS' not found.
2025-12-18 14:31:34,105 | WARNING | findfont: Font family 'Noto Sans CJK SC' not found.
2025-12-18 14:31:34,106 | WARNING | findfont: Font family 'Arial Unicode MS' not found.
2025-12-18 14:31:34,106 | WARNING | findfont: Font family 'Noto Sans CJK SC' not found.
2025-12-18 14:31:34,107 | WARNING | findfont: Font family 'Arial Unicode MS' not found.
2025-12-18 14:31:34,107 | WARNING | findfont: Font family 'Noto Sans CJK SC' not found.
2025-12-18 14:31:34,115 | WARNING | findfont: Font family 'Arial Unicode MS' not found.
2025-12-18 14:31:34,115 | WARNING | findfont: Font family 'Noto Sans CJK SC' not found.
2025-12-18 14:31:34,116 | WARNING | findfont: Font family 'Arial Unicode MS' not found.
2025-12-18 14:31:34,116 | WARNING | findfont: Font family 'Noto Sans CJK SC' not found.
2025-12-18 14:31:34,117 | WARNING | findfont: Font family 'Arial Unicode MS' not found.
2025-12-18 14:31:34,117 | WARNING | findfont: Font family 'Noto Sans CJK SC' not found.
2025-12-18 14:31:34,118 | WARNING | findfont: Font family 'Arial Unicode MS' not found.
2025-12-18 14:31:34,118 | WARNING | findfont: Font family 'Noto Sans CJK SC' not found.
2025-12-18 14:31:34,118 | WARNING | findfont: Font family 'Arial Unicode MS' not found.
2025-12-18 14:31:34,118 | WARNING | findfont: Font family 'Noto Sans CJK SC' not found.
2025-12-18 14:31:34,119 | WARNING | findfont: Font family 'Arial Unicode MS' not found.
2025-12-18 14:31:34,119 | WARNING | findfont: Font family 'Noto Sans CJK SC' not found.
2025-12-18 14:31:34,120 | WARNING | findfont: Font family 'Arial Unicode MS' not found.
2025-12-18 14:31:34,120 | WARNING | findfont: Font family 'Noto Sans CJK SC' not found.
2025-12-18 14:31:34,121 | WARNING | findfont: Font family 'Arial Unicode MS' not found.
2025-12-18 14:31:34,121 | WARNING | findfont: Font family 'Noto Sans CJK SC' not found.
2025-12-18 14:31:34,121 | WARNING | findfont: Font family 'Arial Unicode MS' not found.
2025-12-18 14:31:34,121 | WARNING | findfont: Font family 'Noto Sans CJK SC' not found.
2025-12-18 14:31:34,125 | WARNING | findfont: Font family 'Arial Unicode MS' not found.
2025-12-18 14:31:34,126 | WARNING | findfont: Font family 'Noto Sans CJK SC' not found.
2025-12-18 14:31:34,127 | WARNING | findfont: Font family 'Arial Unicode MS' not found.
2025-12-18 14:31:34,127 | WARNING | findfont: Font family 'Noto Sans CJK SC' not found.
2025-12-18 14:31:34,128 | WARNING | findfont: Font family 'Arial Unicode MS' not found.
2025-12-18 14:31:34,128 | WARNING | findfont: Font family 'Noto Sans CJK SC' not found.
2025-12-18 14:31:34,128 | WARNING | findfont: Font family 'Arial Unicode MS' not found.
2025-12-18 14:31:34,128 | WARNING | findfont: Font family 'Noto Sans CJK SC' not found.
2025-12-18 14:31:34,129 | WARNING | findfont: Font family 'Arial Unicode MS' not found.
2025-12-18 14:31:34,129 | WARNING | findfont: Font family 'Noto Sans CJK SC' not found.
2025-12-18 14:31:34,129 | WARNING | findfont: Font family 'Arial Unicode MS' not found.
2025-12-18 14:31:34,129 | WARNING | findfont: Font family 'Noto Sans CJK SC' not found.
2025-12-18 14:31:34,130 | WARNING | findfont: Font family 'Arial Unicode MS' not found.
2025-12-18 14:31:34,131 | WARNING | findfont: Font family 'Noto Sans CJK SC' not found.
2025-12-18 14:31:34,135 | WARNING | findfont: Font family 'Arial Unicode MS' not found.
2025-12-18 14:31:34,135 | WARNING | findfont: Font family 'Noto Sans CJK SC' not found.
2025-12-18 14:31:34,138 | WARNING | findfont: Font family 'Arial Unicode MS' not found.
2025-12-18 14:31:34,138 | WARNING | findfont: Font family 'Noto Sans CJK SC' not found.
2025-12-18 14:31:34,139 | WARNING | findfont: Font family 'Arial Unicode MS' not found.
2025-12-18 14:31:34,139 | WARNING | findfont: Font family 'Noto Sans CJK SC' not found.
2025-12-18 14:31:34,140 | WARNING | findfont: Font family 'Arial Unicode MS' not found.
2025-12-18 14:31:34,140 | WARNING | findfont: Font family 'Noto Sans CJK SC' not found.
2025-12-18 14:31:34,261 | WARNING | findfont: Font family 'Arial Unicode MS' not found.
2025-12-18 14:31:34,261 | WARNING | findfont: Font family 'Noto Sans CJK SC' not found.
2025-12-18 14:31:34,261 | WARNING | findfont: Font family 'Arial Unicode MS' not found.
2025-12-18 14:31:34,262 | WARNING | findfont: Font family 'Noto Sans CJK SC' not found.
2025-12-18 14:31:34,262 | WARNING | findfont: Font family 'Arial Unicode MS' not found.
2025-12-18 14:31:34,262 | WARNING | findfont: Font family 'Noto Sans CJK SC' not found.
2025-12-18 14:31:34,262 | WARNING | findfont: Font family 'Arial Unicode MS' not found.
2025-12-18 14:31:34,262 | WARNING | findfont: Font family 'Noto Sans CJK SC' not found.
2025-12-18 14:31:34,263 | WARNING | findfont: Font family 'Arial Unicode MS' not found.
2025-12-18 14:31:34,263 | WARNING | findfont: Font family 'Noto Sans CJK SC' not found.
2025-12-18 14:31:34,263 | WARNING | findfont: Font family 'Arial Unicode MS' not found.
2025-12-18 14:31:34,263 | WARNING | findfont: Font family 'Noto Sans CJK SC' not found.
2025-12-18 14:31:34,263 | WARNING | findfont: Font family 'Arial Unicode MS' not found.
2025-12-18 14:31:34,263 | WARNING | findfont: Font family 'Noto Sans CJK SC' not found.
2025-12-18 14:31:34,264 | WARNING | findfont: Font family 'Arial Unicode MS' not found.
2025-12-18 14:31:34,264 | WARNING | findfont: Font family 'Noto Sans CJK SC' not found.
2025-12-18 14:31:34,264 | WARNING | findfont: Font family 'Arial Unicode MS' not found.
2025-12-18 14:31:34,264 | WARNING | findfont: Font family 'Noto Sans CJK SC' not found.
2025-12-18 14:31:34,266 | WARNING | findfont: Font family 'Arial Unicode MS' not found.
2025-12-18 14:31:34,267 | WARNING | findfont: Font family 'Noto Sans CJK SC' not found.
2025-12-18 14:31:34,270 | WARNING | findfont: Font family 'Arial Unicode MS' not found.
2025-12-18 14:31:34,271 | WARNING | findfont: Font family 'Noto Sans CJK SC' not found.
2025-12-18 14:31:34,271 | WARNING | findfont: Font family 'Arial Unicode MS' not found.
2025-12-18 14:31:34,272 | WARNING | findfont: Font family 'Noto Sans CJK SC' not found.
2025-12-18 14:31:34,272 | WARNING | findfont: Font family 'Arial Unicode MS' not found.
2025-12-18 14:31:34,272 | WARNING | findfont: Font family 'Noto Sans CJK SC' not found.
2025-12-18 14:31:34,273 | WARNING | findfont: Font family 'Arial Unicode MS' not found.
2025-12-18 14:31:34,273 | WARNING | findfont: Font family 'Noto Sans CJK SC' not found.
2025-12-18 14:31:34,273 | WARNING | findfont: Font family 'Arial Unicode MS' not found.
2025-12-18 14:31:34,273 | WARNING | findfont: Font family 'Noto Sans CJK SC' not found.
2025-12-18 14:31:34,273 | WARNING | findfont: Font family 'Arial Unicode MS' not found.
2025-12-18 14:31:34,273 | WARNING | findfont: Font family 'Noto Sans CJK SC' not found.
2025-12-18 14:31:34,274 | WARNING | findfont: Font family 'Arial Unicode MS' not found.
2025-12-18 14:31:34,274 | WARNING | findfont: Font family 'Noto Sans CJK SC' not found.
2025-12-18 14:31:34,275 | WARNING | findfont: Font family 'Arial Unicode MS' not found.
2025-12-18 14:31:34,275 | WARNING | findfont: Font family 'Noto Sans CJK SC' not found.
2025-12-18 14:31:34,277 | WARNING | findfont: Font family 'Arial Unicode MS' not found.
2025-12-18 14:31:34,278 | WARNING | findfont: Font family 'Noto Sans CJK SC' not found.
2025-12-18 14:31:34,278 | WARNING | findfont: Font family 'Arial Unicode MS' not found.
2025-12-18 14:31:34,278 | WARNING | findfont: Font family 'Noto Sans CJK SC' not found.
2025-12-18 14:31:34,283 | WARNING | findfont: Font family 'Arial Unicode MS' not found.
2025-12-18 14:31:34,283 | WARNING | findfont: Font family 'Noto Sans CJK SC' not found.
2025-12-18 14:31:34,284 | WARNING | findfont: Font family 'Arial Unicode MS' not found.
2025-12-18 14:31:34,284 | WARNING | findfont: Font family 'Noto Sans CJK SC' not found.
2025-12-18 14:31:34,284 | WARNING | findfont: Font family 'Arial Unicode MS' not found.
2025-12-18 14:31:34,285 | WARNING | findfont: Font family 'Noto Sans CJK SC' not found.
2025-12-18 14:31:34,291 | WARNING | findfont: Font family 'Arial Unicode MS' not found.
2025-12-18 14:31:34,291 | WARNING | findfont: Font family 'Noto Sans CJK SC' not found.
2025-12-18 14:31:34,291 | WARNING | findfont: Font family 'Arial Unicode MS' not found.
2025-12-18 14:31:34,291 | WARNING | findfont: Font family 'Noto Sans CJK SC' not found.
2025-12-18 14:31:34,292 | WARNING | findfont: Font family 'Arial Unicode MS' not found.
2025-12-18 14:31:34,292 | WARNING | findfont: Font family 'Noto Sans CJK SC' not found.
2025-12-18 14:31:34,292 | WARNING | findfont: Font family 'Arial Unicode MS' not found.
2025-12-18 14:31:34,292 | WARNING | findfont: Font family 'Noto Sans CJK SC' not found.
2025-12-18 14:31:34,293 | WARNING | findfont: Font family 'Arial Unicode MS' not found.
2025-12-18 14:31:34,293 | WARNING | findfont: Font family 'Noto Sans CJK SC' not found.
2025-12-18 14:31:34,293 | WARNING | findfont: Font family 'Arial Unicode MS' not found.
2025-12-18 14:31:34,293 | WARNING | findfont: Font family 'Noto Sans CJK SC' not found.
2025-12-18 14:31:34,293 | WARNING | findfont: Font family 'Arial Unicode MS' not found.
2025-12-18 14:31:34,294 | WARNING | findfont: Font family 'Noto Sans CJK SC' not found.
2025-12-18 14:31:34,294 | WARNING | findfont: Font family 'Arial Unicode MS' not found.
2025-12-18 14:31:34,294 | WARNING | findfont: Font family 'Noto Sans CJK SC' not found.
2025-12-18 14:31:34,295 | WARNING | findfont: Font family 'Arial Unicode MS' not found.
2025-12-18 14:31:34,295 | WARNING | findfont: Font family 'Noto Sans CJK SC' not found.
2025-12-18 14:31:34,296 | WARNING | findfont: Font family 'Arial Unicode MS' not found.
2025-12-18 14:31:34,296 | WARNING | findfont: Font family 'Noto Sans CJK SC' not found.
2025-12-18 14:31:34,296 | WARNING | findfont: Font family 'Arial Unicode MS' not found.
2025-12-18 14:31:34,296 | WARNING | findfont: Font family 'Noto Sans CJK SC' not found.
2025-12-18 14:31:34,299 | WARNING | findfont: Font family 'Arial Unicode MS' not found.
2025-12-18 14:31:34,299 | WARNING | findfont: Font family 'Noto Sans CJK SC' not found.
2025-12-18 14:31:34,299 | WARNING | findfont: Font family 'Arial Unicode MS' not found.
2025-12-18 14:31:34,299 | WARNING | findfont: Font family 'Noto Sans CJK SC' not found.
2025-12-18 14:31:34,300 | WARNING | findfont: Font family 'Arial Unicode MS' not found.
2025-12-18 14:31:34,300 | WARNING | findfont: Font family 'Noto Sans CJK SC' not found.
2025-12-18 14:31:34,300 | WARNING | findfont: Font family 'Arial Unicode MS' not found.
2025-12-18 14:31:34,300 | WARNING | findfont: Font family 'Noto Sans CJK SC' not found.
2025-12-18 14:31:34,301 | WARNING | findfont: Font family 'Arial Unicode MS' not found.
2025-12-18 14:31:34,301 | WARNING | findfont: Font family 'Noto Sans CJK SC' not found.
2025-12-18 14:31:34,301 | WARNING | findfont: Font family 'Arial Unicode MS' not found.
2025-12-18 14:31:34,301 | WARNING | findfont: Font family 'Noto Sans CJK SC' not found.
2025-12-18 14:31:34,301 | WARNING | findfont: Font family 'Arial Unicode MS' not found.
2025-12-18 14:31:34,301 | WARNING | findfont: Font family 'Noto Sans CJK SC' not found.
2025-12-18 14:31:34,302 | WARNING | findfont: Font family 'Arial Unicode MS' not found.
2025-12-18 14:31:34,302 | WARNING | findfont: Font family 'Noto Sans CJK SC' not found.
2025-12-18 14:31:34,307 | WARNING | findfont: Font family 'Arial Unicode MS' not found.
2025-12-18 14:31:34,307 | WARNING | findfont: Font family 'Noto Sans CJK SC' not found.
2025-12-18 14:31:34,310 | WARNING | findfont: Font family 'Arial Unicode MS' not found.
2025-12-18 14:31:34,310 | WARNING | findfont: Font family 'Noto Sans CJK SC' not found.
2025-12-18 14:31:34,310 | WARNING | findfont: Font family 'Arial Unicode MS' not found.
2025-12-18 14:31:34,310 | WARNING | findfont: Font family 'Noto Sans CJK SC' not found.
2025-12-18 14:31:34,311 | WARNING | findfont: Font family 'Arial Unicode MS' not found.
2025-12-18 14:31:34,311 | WARNING | findfont: Font family 'Noto Sans CJK SC' not found.
2025-12-18 14:31:34,320 | WARNING | findfont: Font family 'Arial Unicode MS' not found.
2025-12-18 14:31:34,320 | WARNING | findfont: Font family 'Noto Sans CJK SC' not found.
2025-12-18 14:31:34,321 | WARNING | findfont: Font family 'Arial Unicode MS' not found.
2025-12-18 14:31:34,321 | WARNING | findfont: Font family 'Noto Sans CJK SC' not found.
2025-12-18 14:31:34,321 | WARNING | findfont: Font family 'Arial Unicode MS' not found.
2025-12-18 14:31:34,322 | WARNING | findfont: Font family 'Noto Sans CJK SC' not found.
2025-12-18 14:31:34,322 | WARNING | findfont: Font family 'Arial Unicode MS' not found.
2025-12-18 14:31:34,322 | WARNING | findfont: Font family 'Noto Sans CJK SC' not found.
2025-12-18 14:31:34,323 | WARNING | findfont: Font family 'Arial Unicode MS' not found.
2025-12-18 14:31:34,323 | WARNING | findfont: Font family 'Noto Sans CJK SC' not found.
2025-12-18 14:31:34,323 | WARNING | findfont: Font family 'Arial Unicode MS' not found.
2025-12-18 14:31:34,324 | WARNING | findfont: Font family 'Noto Sans CJK SC' not found.
2025-12-18 14:31:34,324 | WARNING | findfont: Font family 'Arial Unicode MS' not found.
2025-12-18 14:31:34,324 | WARNING | findfont: Font family 'Noto Sans CJK SC' not found.
2025-12-18 14:31:34,325 | WARNING | findfont: Font family 'Arial Unicode MS' not found.
2025-12-18 14:31:34,325 | WARNING | findfont: Font family 'Noto Sans CJK SC' not found.
2025-12-18 14:31:34,329 | WARNING | findfont: Font family 'Arial Unicode MS' not found.
2025-12-18 14:31:34,329 | WARNING | findfont: Font family 'Noto Sans CJK SC' not found.
2025-12-18 14:31:34,330 | WARNING | findfont: Font family 'Arial Unicode MS' not found.
2025-12-18 14:31:34,330 | WARNING | findfont: Font family 'Noto Sans CJK SC' not found.
2025-12-18 14:31:34,330 | WARNING | findfont: Font family 'Arial Unicode MS' not found.
2025-12-18 14:31:34,331 | WARNING | findfont: Font family 'Noto Sans CJK SC' not found.
2025-12-18 14:31:34,331 | WARNING | findfont: Font family 'Arial Unicode MS' not found.
2025-12-18 14:31:34,331 | WARNING | findfont: Font family 'Noto Sans CJK SC' not found.
2025-12-18 14:31:34,332 | WARNING | findfont: Font family 'Arial Unicode MS' not found.
2025-12-18 14:31:34,332 | WARNING | findfont: Font family 'Noto Sans CJK SC' not found.
2025-12-18 14:31:34,332 | WARNING | findfont: Font family 'Arial Unicode MS' not found.
2025-12-18 14:31:34,332 | WARNING | findfont: Font family 'Noto Sans CJK SC' not found.
2025-12-18 14:31:34,333 | WARNING | findfont: Font family 'Arial Unicode MS' not found.
2025-12-18 14:31:34,333 | WARNING | findfont: Font family 'Noto Sans CJK SC' not found.
2025-12-18 14:31:34,334 | WARNING | findfont: Font family 'Arial Unicode MS' not found.
2025-12-18 14:31:34,334 | WARNING | findfont: Font family 'Noto Sans CJK SC' not found.
2025-12-18 14:31:34,335 | WARNING | findfont: Font family 'Arial Unicode MS' not found.
2025-12-18 14:31:34,335 | WARNING | findfont: Font family 'Noto Sans CJK SC' not found.
2025-12-18 14:31:34,339 | WARNING | findfont: Font family 'Arial Unicode MS' not found.
2025-12-18 14:31:34,339 | WARNING | findfont: Font family 'Noto Sans CJK SC' not found.
2025-12-18 14:31:34,342 | WARNING | findfont: Font family 'Arial Unicode MS' not found.
2025-12-18 14:31:34,342 | WARNING | findfont: Font family 'Noto Sans CJK SC' not found.
2025-12-18 14:31:34,343 | WARNING | findfont: Font family 'Arial Unicode MS' not found.
2025-12-18 14:31:34,343 | WARNING | findfont: Font family 'Noto Sans CJK SC' not found.
2025-12-18 14:31:34,344 | WARNING | findfont: Font family 'Arial Unicode MS' not found.
2025-12-18 14:31:34,344 | WARNING | findfont: Font family 'Noto Sans CJK SC' not found.
2025-12-18 14:31:34,466 | WARNING | findfont: Font family 'Arial Unicode MS' not found.
2025-12-18 14:31:34,466 | WARNING | findfont: Font family 'Noto Sans CJK SC' not found.
2025-12-18 14:31:34,467 | WARNING | findfont: Font family 'Arial Unicode MS' not found.
2025-12-18 14:31:34,467 | WARNING | findfont: Font family 'Noto Sans CJK SC' not found.
2025-12-18 14:31:34,467 | WARNING | findfont: Font family 'Arial Unicode MS' not found.
2025-12-18 14:31:34,467 | WARNING | findfont: Font family 'Noto Sans CJK SC' not found.
2025-12-18 14:31:34,468 | WARNING | findfont: Font family 'Arial Unicode MS' not found.
2025-12-18 14:31:34,468 | WARNING | findfont: Font family 'Noto Sans CJK SC' not found.
2025-12-18 14:31:34,468 | WARNING | findfont: Font family 'Arial Unicode MS' not found.
2025-12-18 14:31:34,468 | WARNING | findfont: Font family 'Noto Sans CJK SC' not found.
2025-12-18 14:31:34,469 | WARNING | findfont: Font family 'Arial Unicode MS' not found.
2025-12-18 14:31:34,469 | WARNING | findfont: Font family 'Noto Sans CJK SC' not found.
2025-12-18 14:31:34,469 | WARNING | findfont: Font family 'Arial Unicode MS' not found.
2025-12-18 14:31:34,469 | WARNING | findfont: Font family 'Noto Sans CJK SC' not found.
2025-12-18 14:31:34,469 | WARNING | findfont: Font family 'Arial Unicode MS' not found.
2025-12-18 14:31:34,469 | WARNING | findfont: Font family 'Noto Sans CJK SC' not found.
2025-12-18 14:31:34,469 | WARNING | findfont: Font family 'Arial Unicode MS' not found.
2025-12-18 14:31:34,470 | WARNING | findfont: Font family 'Noto Sans CJK SC' not found.
2025-12-18 14:31:34,470 | WARNING | findfont: Font family 'Arial Unicode MS' not found.
2025-12-18 14:31:34,470 | WARNING | findfont: Font family 'Noto Sans CJK SC' not found.
2025-12-18 14:31:34,472 | WARNING | findfont: Font family 'Arial Unicode MS' not found.
2025-12-18 14:31:34,472 | WARNING | findfont: Font family 'Noto Sans CJK SC' not found.
2025-12-18 14:31:34,477 | WARNING | findfont: Font family 'Arial Unicode MS' not found.
2025-12-18 14:31:34,477 | WARNING | findfont: Font family 'Noto Sans CJK SC' not found.
2025-12-18 14:31:34,478 | WARNING | findfont: Font family 'Arial Unicode MS' not found.
2025-12-18 14:31:34,478 | WARNING | findfont: Font family 'Noto Sans CJK SC' not found.
2025-12-18 14:31:34,478 | WARNING | findfont: Font family 'Arial Unicode MS' not found.
2025-12-18 14:31:34,478 | WARNING | findfont: Font family 'Noto Sans CJK SC' not found.
2025-12-18 14:31:34,479 | WARNING | findfont: Font family 'Arial Unicode MS' not found.
2025-12-18 14:31:34,479 | WARNING | findfont: Font family 'Noto Sans CJK SC' not found.
2025-12-18 14:31:34,479 | WARNING | findfont: Font family 'Arial Unicode MS' not found.
2025-12-18 14:31:34,479 | WARNING | findfont: Font family 'Noto Sans CJK SC' not found.
2025-12-18 14:31:34,480 | WARNING | findfont: Font family 'Arial Unicode MS' not found.
2025-12-18 14:31:34,480 | WARNING | findfont: Font family 'Noto Sans CJK SC' not found.
2025-12-18 14:31:34,480 | WARNING | findfont: Font family 'Arial Unicode MS' not found.
2025-12-18 14:31:34,480 | WARNING | findfont: Font family 'Noto Sans CJK SC' not found.
2025-12-18 14:31:34,481 | WARNING | findfont: Font family 'Arial Unicode MS' not found.
2025-12-18 14:31:34,481 | WARNING | findfont: Font family 'Noto Sans CJK SC' not found.
2025-12-18 14:31:34,484 | WARNING | findfont: Font family 'Arial Unicode MS' not found.
2025-12-18 14:31:34,484 | WARNING | findfont: Font family 'Noto Sans CJK SC' not found.
2025-12-18 14:31:34,484 | WARNING | findfont: Font family 'Arial Unicode MS' not found.
2025-12-18 14:31:34,484 | WARNING | findfont: Font family 'Noto Sans CJK SC' not found.
2025-12-18 14:31:34,489 | WARNING | findfont: Font family 'Arial Unicode MS' not found.
2025-12-18 14:31:34,489 | WARNING | findfont: Font family 'Noto Sans CJK SC' not found.
2025-12-18 14:31:34,490 | WARNING | findfont: Font family 'Arial Unicode MS' not found.
2025-12-18 14:31:34,490 | WARNING | findfont: Font family 'Noto Sans CJK SC' not found.
2025-12-18 14:31:34,490 | WARNING | findfont: Font family 'Arial Unicode MS' not found.
2025-12-18 14:31:34,490 | WARNING | findfont: Font family 'Noto Sans CJK SC' not found.
2025-12-18 14:31:34,495 | WARNING | findfont: Font family 'Arial Unicode MS' not found.
2025-12-18 14:31:34,495 | WARNING | findfont: Font family 'Noto Sans CJK SC' not found.
2025-12-18 14:31:34,495 | WARNING | findfont: Font family 'Arial Unicode MS' not found.
2025-12-18 14:31:34,496 | WARNING | findfont: Font family 'Noto Sans CJK SC' not found.
2025-12-18 14:31:34,496 | WARNING | findfont: Font family 'Arial Unicode MS' not found.
2025-12-18 14:31:34,496 | WARNING | findfont: Font family 'Noto Sans CJK SC' not found.
2025-12-18 14:31:34,496 | WARNING | findfont: Font family 'Arial Unicode MS' not found.
2025-12-18 14:31:34,496 | WARNING | findfont: Font family 'Noto Sans CJK SC' not found.
2025-12-18 14:31:34,498 | WARNING | findfont: Font family 'Arial Unicode MS' not found.
2025-12-18 14:31:34,498 | WARNING | findfont: Font family 'Noto Sans CJK SC' not found.
2025-12-18 14:31:34,498 | WARNING | findfont: Font family 'Arial Unicode MS' not found.
2025-12-18 14:31:34,498 | WARNING | findfont: Font family 'Noto Sans CJK SC' not found.
2025-12-18 14:31:34,499 | WARNING | findfont: Font family 'Arial Unicode MS' not found.
2025-12-18 14:31:34,499 | WARNING | findfont: Font family 'Noto Sans CJK SC' not found.
2025-12-18 14:31:34,499 | WARNING | findfont: Font family 'Arial Unicode MS' not found.
2025-12-18 14:31:34,499 | WARNING | findfont: Font family 'Noto Sans CJK SC' not found.
2025-12-18 14:31:34,500 | WARNING | findfont: Font family 'Arial Unicode MS' not found.
2025-12-18 14:31:34,501 | WARNING | findfont: Font family 'Noto Sans CJK SC' not found.
2025-12-18 14:31:34,502 | WARNING | findfont: Font family 'Arial Unicode MS' not found.
2025-12-18 14:31:34,502 | WARNING | findfont: Font family 'Noto Sans CJK SC' not found.
2025-12-18 14:31:34,502 | WARNING | findfont: Font family 'Arial Unicode MS' not found.
2025-12-18 14:31:34,502 | WARNING | findfont: Font family 'Noto Sans CJK SC' not found.
2025-12-18 14:31:34,505 | WARNING | findfont: Font family 'Arial Unicode MS' not found.
2025-12-18 14:31:34,505 | WARNING | findfont: Font family 'Noto Sans CJK SC' not found.
2025-12-18 14:31:34,506 | WARNING | findfont: Font family 'Arial Unicode MS' not found.
2025-12-18 14:31:34,506 | WARNING | findfont: Font family 'Noto Sans CJK SC' not found.
2025-12-18 14:31:34,506 | WARNING | findfont: Font family 'Arial Unicode MS' not found.
2025-12-18 14:31:34,506 | WARNING | findfont: Font family 'Noto Sans CJK SC' not found.
2025-12-18 14:31:34,506 | WARNING | findfont: Font family 'Arial Unicode MS' not found.
2025-12-18 14:31:34,506 | WARNING | findfont: Font family 'Noto Sans CJK SC' not found.
2025-12-18 14:31:34,507 | WARNING | findfont: Font family 'Arial Unicode MS' not found.
2025-12-18 14:31:34,507 | WARNING | findfont: Font family 'Noto Sans CJK SC' not found.
2025-12-18 14:31:34,507 | WARNING | findfont: Font family 'Arial Unicode MS' not found.
2025-12-18 14:31:34,507 | WARNING | findfont: Font family 'Noto Sans CJK SC' not found.
2025-12-18 14:31:34,507 | WARNING | findfont: Font family 'Arial Unicode MS' not found.
2025-12-18 14:31:34,508 | WARNING | findfont: Font family 'Noto Sans CJK SC' not found.
2025-12-18 14:31:34,508 | WARNING | findfont: Font family 'Arial Unicode MS' not found.
2025-12-18 14:31:34,508 | WARNING | findfont: Font family 'Noto Sans CJK SC' not found.
2025-12-18 14:31:34,508 | WARNING | findfont: Font family 'Arial Unicode MS' not found.
2025-12-18 14:31:34,508 | WARNING | findfont: Font family 'Noto Sans CJK SC' not found.
2025-12-18 14:31:34,513 | WARNING | findfont: Font family 'Arial Unicode MS' not found.
2025-12-18 14:31:34,513 | WARNING | findfont: Font family 'Noto Sans CJK SC' not found.
2025-12-18 14:31:34,517 | WARNING | findfont: Font family 'Arial Unicode MS' not found.
2025-12-18 14:31:34,517 | WARNING | findfont: Font family 'Noto Sans CJK SC' not found.
2025-12-18 14:31:34,518 | WARNING | findfont: Font family 'Arial Unicode MS' not found.
2025-12-18 14:31:34,518 | WARNING | findfont: Font family 'Noto Sans CJK SC' not found.
2025-12-18 14:31:34,518 | WARNING | findfont: Font family 'Arial Unicode MS' not found.
2025-12-18 14:31:34,519 | WARNING | findfont: Font family 'Noto Sans CJK SC' not found.
2025-12-18 14:31:34,526 | WARNING | findfont: Font family 'Arial Unicode MS' not found.
2025-12-18 14:31:34,526 | WARNING | findfont: Font family 'Noto Sans CJK SC' not found.
2025-12-18 14:31:34,527 | WARNING | findfont: Font family 'Arial Unicode MS' not found.
2025-12-18 14:31:34,527 | WARNING | findfont: Font family 'Noto Sans CJK SC' not found.
2025-12-18 14:31:34,527 | WARNING | findfont: Font family 'Arial Unicode MS' not found.
2025-12-18 14:31:34,528 | WARNING | findfont: Font family 'Noto Sans CJK SC' not found.
2025-12-18 14:31:34,528 | WARNING | findfont: Font family 'Arial Unicode MS' not found.
2025-12-18 14:31:34,528 | WARNING | findfont: Font family 'Noto Sans CJK SC' not found.
2025-12-18 14:31:34,529 | WARNING | findfont: Font family 'Arial Unicode MS' not found.
2025-12-18 14:31:34,529 | WARNING | findfont: Font family 'Noto Sans CJK SC' not found.
2025-12-18 14:31:34,529 | WARNING | findfont: Font family 'Arial Unicode MS' not found.
2025-12-18 14:31:34,529 | WARNING | findfont: Font family 'Noto Sans CJK SC' not found.
2025-12-18 14:31:34,530 | WARNING | findfont: Font family 'Arial Unicode MS' not found.
2025-12-18 14:31:34,530 | WARNING | findfont: Font family 'Noto Sans CJK SC' not found.
2025-12-18 14:31:34,530 | WARNING | findfont: Font family 'Arial Unicode MS' not found.
2025-12-18 14:31:34,530 | WARNING | findfont: Font family 'Noto Sans CJK SC' not found.
2025-12-18 14:31:34,531 | WARNING | findfont: Font family 'Arial Unicode MS' not found.
2025-12-18 14:31:34,531 | WARNING | findfont: Font family 'Noto Sans CJK SC' not found.
2025-12-18 14:31:34,535 | WARNING | findfont: Font family 'Arial Unicode MS' not found.
2025-12-18 14:31:34,535 | WARNING | findfont: Font family 'Noto Sans CJK SC' not found.
2025-12-18 14:31:34,537 | WARNING | findfont: Font family 'Arial Unicode MS' not found.
2025-12-18 14:31:34,537 | WARNING | findfont: Font family 'Noto Sans CJK SC' not found.
2025-12-18 14:31:34,537 | WARNING | findfont: Font family 'Arial Unicode MS' not found.
2025-12-18 14:31:34,538 | WARNING | findfont: Font family 'Noto Sans CJK SC' not found.
2025-12-18 14:31:34,538 | WARNING | findfont: Font family 'Arial Unicode MS' not found.
2025-12-18 14:31:34,538 | WARNING | findfont: Font family 'Noto Sans CJK SC' not found.
2025-12-18 14:31:34,539 | WARNING | findfont: Font family 'Arial Unicode MS' not found.
2025-12-18 14:31:34,539 | WARNING | findfont: Font family 'Noto Sans CJK SC' not found.
2025-12-18 14:31:34,539 | WARNING | findfont: Font family 'Arial Unicode MS' not found.
2025-12-18 14:31:34,539 | WARNING | findfont: Font family 'Noto Sans CJK SC' not found.
2025-12-18 14:31:34,540 | WARNING | findfont: Font family 'Arial Unicode MS' not found.
2025-12-18 14:31:34,540 | WARNING | findfont: Font family 'Noto Sans CJK SC' not found.
2025-12-18 14:31:34,540 | WARNING | findfont: Font family 'Arial Unicode MS' not found.
2025-12-18 14:31:34,540 | WARNING | findfont: Font family 'Noto Sans CJK SC' not found.
2025-12-18 14:31:34,542 | WARNING | findfont: Font family 'Arial Unicode MS' not found.
2025-12-18 14:31:34,542 | WARNING | findfont: Font family 'Noto Sans CJK SC' not found.
2025-12-18 14:31:34,546 | WARNING | findfont: Font family 'Arial Unicode MS' not found.
2025-12-18 14:31:34,547 | WARNING | findfont: Font family 'Noto Sans CJK SC' not found.
2025-12-18 14:31:34,551 | WARNING | findfont: Font family 'Arial Unicode MS' not found.
2025-12-18 14:31:34,552 | WARNING | findfont: Font family 'Noto Sans CJK SC' not found.
2025-12-18 14:31:34,552 | WARNING | findfont: Font family 'Arial Unicode MS' not found.
2025-12-18 14:31:34,552 | WARNING | findfont: Font family 'Noto Sans CJK SC' not found.
2025-12-18 14:31:34,553 | WARNING | findfont: Font family 'Arial Unicode MS' not found.
2025-12-18 14:31:34,553 | WARNING | findfont: Font family 'Noto Sans CJK SC' not found.
2025-12-18 14:31:34,697 | WARNING | findfont: Font family 'Arial Unicode MS' not found.
2025-12-18 14:31:34,697 | WARNING | findfont: Font family 'Noto Sans CJK SC' not found.
2025-12-18 14:31:34,698 | WARNING | findfont: Font family 'Arial Unicode MS' not found.
2025-12-18 14:31:34,698 | WARNING | findfont: Font family 'Noto Sans CJK SC' not found.
2025-12-18 14:31:34,698 | WARNING | findfont: Font family 'Arial Unicode MS' not found.
2025-12-18 14:31:34,699 | WARNING | findfont: Font family 'Noto Sans CJK SC' not found.
2025-12-18 14:31:34,699 | WARNING | findfont: Font family 'Arial Unicode MS' not found.
2025-12-18 14:31:34,699 | WARNING | findfont: Font family 'Noto Sans CJK SC' not found.
2025-12-18 14:31:34,700 | WARNING | findfont: Font family 'Arial Unicode MS' not found.
2025-12-18 14:31:34,700 | WARNING | findfont: Font family 'Noto Sans CJK SC' not found.
2025-12-18 14:31:34,700 | WARNING | findfont: Font family 'Arial Unicode MS' not found.
2025-12-18 14:31:34,701 | WARNING | findfont: Font family 'Noto Sans CJK SC' not found.
2025-12-18 14:31:34,701 | WARNING | findfont: Font family 'Arial Unicode MS' not found.
2025-12-18 14:31:34,701 | WARNING | findfont: Font family 'Noto Sans CJK SC' not found.
2025-12-18 14:31:34,702 | WARNING | findfont: Font family 'Arial Unicode MS' not found.
2025-12-18 14:31:34,702 | WARNING | findfont: Font family 'Noto Sans CJK SC' not found.
2025-12-18 14:31:34,702 | WARNING | findfont: Font family 'Arial Unicode MS' not found.
2025-12-18 14:31:34,703 | WARNING | findfont: Font family 'Noto Sans CJK SC' not found.
2025-12-18 14:31:34,703 | WARNING | findfont: Font family 'Arial Unicode MS' not found.
2025-12-18 14:31:34,704 | WARNING | findfont: Font family 'Noto Sans CJK SC' not found.
2025-12-18 14:31:34,708 | WARNING | findfont: Font family 'Arial Unicode MS' not found.
2025-12-18 14:31:34,709 | WARNING | findfont: Font family 'Noto Sans CJK SC' not found.
2025-12-18 14:31:34,715 | WARNING | findfont: Font family 'Arial Unicode MS' not found.
2025-12-18 14:31:34,716 | WARNING | findfont: Font family 'Noto Sans CJK SC' not found.
2025-12-18 14:31:34,716 | WARNING | findfont: Font family 'Arial Unicode MS' not found.
2025-12-18 14:31:34,716 | WARNING | findfont: Font family 'Noto Sans CJK SC' not found.
2025-12-18 14:31:34,717 | WARNING | findfont: Font family 'Arial Unicode MS' not found.
2025-12-18 14:31:34,717 | WARNING | findfont: Font family 'Noto Sans CJK SC' not found.
2025-12-18 14:31:34,718 | WARNING | findfont: Font family 'Arial Unicode MS' not found.
2025-12-18 14:31:34,718 | WARNING | findfont: Font family 'Noto Sans CJK SC' not found.
2025-12-18 14:31:34,718 | WARNING | findfont: Font family 'Arial Unicode MS' not found.
2025-12-18 14:31:34,719 | WARNING | findfont: Font family 'Noto Sans CJK SC' not found.
2025-12-18 14:31:34,721 | WARNING | findfont: Font family 'Arial Unicode MS' not found.
2025-12-18 14:31:34,721 | WARNING | findfont: Font family 'Noto Sans CJK SC' not found.
2025-12-18 14:31:34,725 | WARNING | findfont: Font family 'Arial Unicode MS' not found.
2025-12-18 14:31:34,725 | WARNING | findfont: Font family 'Noto Sans CJK SC' not found.
2025-12-18 14:31:34,725 | WARNING | findfont: Font family 'Arial Unicode MS' not found.
2025-12-18 14:31:34,725 | WARNING | findfont: Font family 'Noto Sans CJK SC' not found.
2025-12-18 14:31:34,734 | WARNING | findfont: Font family 'Arial Unicode MS' not found.
2025-12-18 14:31:34,734 | WARNING | findfont: Font family 'Noto Sans CJK SC' not found.
2025-12-18 14:31:34,735 | WARNING | findfont: Font family 'Arial Unicode MS' not found.
2025-12-18 14:31:34,735 | WARNING | findfont: Font family 'Noto Sans CJK SC' not found.
2025-12-18 14:31:34,736 | WARNING | findfont: Font family 'Arial Unicode MS' not found.
2025-12-18 14:31:34,736 | WARNING | findfont: Font family 'Noto Sans CJK SC' not found.
2025-12-18 14:31:34,745 | WARNING | findfont: Font family 'Arial Unicode MS' not found.
2025-12-18 14:31:34,745 | WARNING | findfont: Font family 'Noto Sans CJK SC' not found.
2025-12-18 14:31:34,745 | WARNING | findfont: Font family 'Arial Unicode MS' not found.
2025-12-18 14:31:34,745 | WARNING | findfont: Font family 'Noto Sans CJK SC' not found.
2025-12-18 14:31:34,746 | WARNING | findfont: Font family 'Arial Unicode MS' not found.
2025-12-18 14:31:34,746 | WARNING | findfont: Font family 'Noto Sans CJK SC' not found.
2025-12-18 14:31:34,746 | WARNING | findfont: Font family 'Arial Unicode MS' not found.
2025-12-18 14:31:34,747 | WARNING | findfont: Font family 'Noto Sans CJK SC' not found.
2025-12-18 14:31:34,747 | WARNING | findfont: Font family 'Arial Unicode MS' not found.
2025-12-18 14:31:34,747 | WARNING | findfont: Font family 'Noto Sans CJK SC' not found.
2025-12-18 14:31:34,748 | WARNING | findfont: Font family 'Arial Unicode MS' not found.
2025-12-18 14:31:34,748 | WARNING | findfont: Font family 'Noto Sans CJK SC' not found.
2025-12-18 14:31:34,750 | WARNING | findfont: Font family 'Arial Unicode MS' not found.
2025-12-18 14:31:34,750 | WARNING | findfont: Font family 'Noto Sans CJK SC' not found.
2025-12-18 14:31:34,752 | WARNING | findfont: Font family 'Arial Unicode MS' not found.
2025-12-18 14:31:34,752 | WARNING | findfont: Font family 'Noto Sans CJK SC' not found.
2025-12-18 14:31:34,752 | WARNING | findfont: Font family 'Arial Unicode MS' not found.
2025-12-18 14:31:34,752 | WARNING | findfont: Font family 'Noto Sans CJK SC' not found.
2025-12-18 14:31:34,757 | WARNING | findfont: Font family 'Arial Unicode MS' not found.
2025-12-18 14:31:34,757 | WARNING | findfont: Font family 'Noto Sans CJK SC' not found.
2025-12-18 14:31:34,758 | WARNING | findfont: Font family 'Arial Unicode MS' not found.
2025-12-18 14:31:34,758 | WARNING | findfont: Font family 'Noto Sans CJK SC' not found.
2025-12-18 14:31:34,759 | WARNING | findfont: Font family 'Arial Unicode MS' not found.
2025-12-18 14:31:34,759 | WARNING | findfont: Font family 'Noto Sans CJK SC' not found.
2025-12-18 14:31:34,759 | WARNING | findfont: Font family 'Arial Unicode MS' not found.
2025-12-18 14:31:34,760 | WARNING | findfont: Font family 'Noto Sans CJK SC' not found.
2025-12-18 14:31:34,760 | WARNING | findfont: Font family 'Arial Unicode MS' not found.
2025-12-18 14:31:34,760 | WARNING | findfont: Font family 'Noto Sans CJK SC' not found.
2025-12-18 14:31:34,761 | WARNING | findfont: Font family 'Arial Unicode MS' not found.
2025-12-18 14:31:34,761 | WARNING | findfont: Font family 'Noto Sans CJK SC' not found.
2025-12-18 14:31:34,761 | WARNING | findfont: Font family 'Arial Unicode MS' not found.
2025-12-18 14:31:34,761 | WARNING | findfont: Font family 'Noto Sans CJK SC' not found.
2025-12-18 14:31:34,762 | WARNING | findfont: Font family 'Arial Unicode MS' not found.
2025-12-18 14:31:34,762 | WARNING | findfont: Font family 'Noto Sans CJK SC' not found.
2025-12-18 14:31:34,763 | WARNING | findfont: Font family 'Arial Unicode MS' not found.
2025-12-18 14:31:34,763 | WARNING | findfont: Font family 'Noto Sans CJK SC' not found.
2025-12-18 14:31:34,771 | WARNING | findfont: Font family 'Arial Unicode MS' not found.
2025-12-18 14:31:34,772 | WARNING | findfont: Font family 'Noto Sans CJK SC' not found.
2025-12-18 14:31:34,777 | WARNING | findfont: Font family 'Arial Unicode MS' not found.
2025-12-18 14:31:34,777 | WARNING | findfont: Font family 'Noto Sans CJK SC' not found.
2025-12-18 14:31:34,778 | WARNING | findfont: Font family 'Arial Unicode MS' not found.
2025-12-18 14:31:34,778 | WARNING | findfont: Font family 'Noto Sans CJK SC' not found.
2025-12-18 14:31:34,779 | WARNING | findfont: Font family 'Arial Unicode MS' not found.
2025-12-18 14:31:34,779 | WARNING | findfont: Font family 'Noto Sans CJK SC' not found.
2025-12-18 14:31:34,794 | WARNING | findfont: Font family 'Arial Unicode MS' not found.
2025-12-18 14:31:34,794 | WARNING | findfont: Font family 'Noto Sans CJK SC' not found.
2025-12-18 14:31:34,795 | WARNING | findfont: Font family 'Arial Unicode MS' not found.
2025-12-18 14:31:34,796 | WARNING | findfont: Font family 'Noto Sans CJK SC' not found.
2025-12-18 14:31:34,796 | WARNING | findfont: Font family 'Arial Unicode MS' not found.
2025-12-18 14:31:34,797 | WARNING | findfont: Font family 'Noto Sans CJK SC' not found.
2025-12-18 14:31:34,798 | WARNING | findfont: Font family 'Arial Unicode MS' not found.
2025-12-18 14:31:34,798 | WARNING | findfont: Font family 'Noto Sans CJK SC' not found.
2025-12-18 14:31:34,799 | WARNING | findfont: Font family 'Arial Unicode MS' not found.
2025-12-18 14:31:34,799 | WARNING | findfont: Font family 'Noto Sans CJK SC' not found.
2025-12-18 14:31:34,800 | WARNING | findfont: Font family 'Arial Unicode MS' not found.
2025-12-18 14:31:34,801 | WARNING | findfont: Font family 'Noto Sans CJK SC' not found.
2025-12-18 14:31:34,802 | WARNING | findfont: Font family 'Arial Unicode MS' not found.
2025-12-18 14:31:34,802 | WARNING | findfont: Font family 'Noto Sans CJK SC' not found.
2025-12-18 14:31:34,803 | WARNING | findfont: Font family 'Arial Unicode MS' not found.
2025-12-18 14:31:34,803 | WARNING | findfont: Font family 'Noto Sans CJK SC' not found.
2025-12-18 14:31:34,804 | WARNING | findfont: Font family 'Arial Unicode MS' not found.
2025-12-18 14:31:34,804 | WARNING | findfont: Font family 'Noto Sans CJK SC' not found.
2025-12-18 14:31:34,811 | WARNING | findfont: Font family 'Arial Unicode MS' not found.
2025-12-18 14:31:34,811 | WARNING | findfont: Font family 'Noto Sans CJK SC' not found.
2025-12-18 14:31:34,813 | WARNING | findfont: Font family 'Arial Unicode MS' not found.
2025-12-18 14:31:34,814 | WARNING | findfont: Font family 'Noto Sans CJK SC' not found.
2025-12-18 14:31:34,814 | WARNING | findfont: Font family 'Arial Unicode MS' not found.
2025-12-18 14:31:34,815 | WARNING | findfont: Font family 'Noto Sans CJK SC' not found.
2025-12-18 14:31:34,815 | WARNING | findfont: Font family 'Arial Unicode MS' not found.
2025-12-18 14:31:34,816 | WARNING | findfont: Font family 'Noto Sans CJK SC' not found.
2025-12-18 14:31:34,817 | WARNING | findfont: Font family 'Arial Unicode MS' not found.
2025-12-18 14:31:34,817 | WARNING | findfont: Font family 'Noto Sans CJK SC' not found.
2025-12-18 14:31:34,818 | WARNING | findfont: Font family 'Arial Unicode MS' not found.
2025-12-18 14:31:34,818 | WARNING | findfont: Font family 'Noto Sans CJK SC' not found.
2025-12-18 14:31:34,820 | WARNING | findfont: Font family 'Arial Unicode MS' not found.
2025-12-18 14:31:34,820 | WARNING | findfont: Font family 'Noto Sans CJK SC' not found.
2025-12-18 14:31:34,825 | WARNING | findfont: Font family 'Arial Unicode MS' not found.
2025-12-18 14:31:34,825 | WARNING | findfont: Font family 'Noto Sans CJK SC' not found.
2025-12-18 14:31:34,831 | WARNING | findfont: Font family 'Arial Unicode MS' not found.
2025-12-18 14:31:34,831 | WARNING | findfont: Font family 'Noto Sans CJK SC' not found.
2025-12-18 14:31:34,833 | WARNING | findfont: Font family 'Arial Unicode MS' not found.
2025-12-18 14:31:34,833 | WARNING | findfont: Font family 'Noto Sans CJK SC' not found.
2025-12-18 14:31:34,834 | WARNING | findfont: Font family 'Arial Unicode MS' not found.
2025-12-18 14:31:34,834 | WARNING | findfont: Font family 'Noto Sans CJK SC' not found.
2025-12-18 14:31:34,980 | WARNING | findfont: Font family 'Arial Unicode MS' not found.
2025-12-18 14:31:34,980 | WARNING | findfont: Font family 'Noto Sans CJK SC' not found.
2025-12-18 14:31:34,981 | WARNING | findfont: Font family 'Arial Unicode MS' not found.
2025-12-18 14:31:34,981 | WARNING | findfont: Font family 'Noto Sans CJK SC' not found.
2025-12-18 14:31:34,981 | WARNING | findfont: Font family 'Arial Unicode MS' not found.
2025-12-18 14:31:34,981 | WARNING | findfont: Font family 'Noto Sans CJK SC' not found.
2025-12-18 14:31:34,982 | WARNING | findfont: Font family 'Arial Unicode MS' not found.
2025-12-18 14:31:34,982 | WARNING | findfont: Font family 'Noto Sans CJK SC' not found.
2025-12-18 14:31:34,982 | WARNING | findfont: Font family 'Arial Unicode MS' not found.
2025-12-18 14:31:34,982 | WARNING | findfont: Font family 'Noto Sans CJK SC' not found.
2025-12-18 14:31:34,983 | WARNING | findfont: Font family 'Arial Unicode MS' not found.
2025-12-18 14:31:34,983 | WARNING | findfont: Font family 'Noto Sans CJK SC' not found.
2025-12-18 14:31:34,983 | WARNING | findfont: Font family 'Arial Unicode MS' not found.
2025-12-18 14:31:34,983 | WARNING | findfont: Font family 'Noto Sans CJK SC' not found.
2025-12-18 14:31:34,984 | WARNING | findfont: Font family 'Arial Unicode MS' not found.
2025-12-18 14:31:34,984 | WARNING | findfont: Font family 'Noto Sans CJK SC' not found.
2025-12-18 14:31:34,984 | WARNING | findfont: Font family 'Arial Unicode MS' not found.
2025-12-18 14:31:34,984 | WARNING | findfont: Font family 'Noto Sans CJK SC' not found.
2025-12-18 14:31:34,984 | WARNING | findfont: Font family 'Arial Unicode MS' not found.
2025-12-18 14:31:34,984 | WARNING | findfont: Font family 'Noto Sans CJK SC' not found.
2025-12-18 14:31:34,988 | WARNING | findfont: Font family 'Arial Unicode MS' not found.
2025-12-18 14:31:34,988 | WARNING | findfont: Font family 'Noto Sans CJK SC' not found.
2025-12-18 14:31:34,993 | WARNING | findfont: Font family 'Arial Unicode MS' not found.
2025-12-18 14:31:34,993 | WARNING | findfont: Font family 'Noto Sans CJK SC' not found.
2025-12-18 14:31:34,993 | WARNING | findfont: Font family 'Arial Unicode MS' not found.
2025-12-18 14:31:34,994 | WARNING | findfont: Font family 'Noto Sans CJK SC' not found.
2025-12-18 14:31:34,994 | WARNING | findfont: Font family 'Arial Unicode MS' not found.
2025-12-18 14:31:34,994 | WARNING | findfont: Font family 'Noto Sans CJK SC' not found.
2025-12-18 14:31:34,994 | WARNING | findfont: Font family 'Arial Unicode MS' not found.
2025-12-18 14:31:34,994 | WARNING | findfont: Font family 'Noto Sans CJK SC' not found.
2025-12-18 14:31:34,995 | WARNING | findfont: Font family 'Arial Unicode MS' not found.
2025-12-18 14:31:34,995 | WARNING | findfont: Font family 'Noto Sans CJK SC' not found.
2025-12-18 14:31:34,995 | WARNING | findfont: Font family 'Arial Unicode MS' not found.
2025-12-18 14:31:34,995 | WARNING | findfont: Font family 'Noto Sans CJK SC' not found.
2025-12-18 14:31:34,996 | WARNING | findfont: Font family 'Arial Unicode MS' not found.
2025-12-18 14:31:34,996 | WARNING | findfont: Font family 'Noto Sans CJK SC' not found.
2025-12-18 14:31:34,999 | WARNING | findfont: Font family 'Arial Unicode MS' not found.
2025-12-18 14:31:34,999 | WARNING | findfont: Font family 'Noto Sans CJK SC' not found.
2025-12-18 14:31:35,000 | WARNING | findfont: Font family 'Arial Unicode MS' not found.
2025-12-18 14:31:35,000 | WARNING | findfont: Font family 'Noto Sans CJK SC' not found.
2025-12-18 14:31:35,004 | WARNING | findfont: Font family 'Arial Unicode MS' not found.
2025-12-18 14:31:35,004 | WARNING | findfont: Font family 'Noto Sans CJK SC' not found.
2025-12-18 14:31:35,005 | WARNING | findfont: Font family 'Arial Unicode MS' not found.
2025-12-18 14:31:35,005 | WARNING | findfont: Font family 'Noto Sans CJK SC' not found.
2025-12-18 14:31:35,005 | WARNING | findfont: Font family 'Arial Unicode MS' not found.
2025-12-18 14:31:35,006 | WARNING | findfont: Font family 'Noto Sans CJK SC' not found.
2025-12-18 14:31:35,010 | WARNING | findfont: Font family 'Arial Unicode MS' not found.
2025-12-18 14:31:35,011 | WARNING | findfont: Font family 'Noto Sans CJK SC' not found.
2025-12-18 14:31:35,011 | WARNING | findfont: Font family 'Arial Unicode MS' not found.
2025-12-18 14:31:35,011 | WARNING | findfont: Font family 'Noto Sans CJK SC' not found.
2025-12-18 14:31:35,011 | WARNING | findfont: Font family 'Arial Unicode MS' not found.
2025-12-18 14:31:35,012 | WARNING | findfont: Font family 'Noto Sans CJK SC' not found.
2025-12-18 14:31:35,012 | WARNING | findfont: Font family 'Arial Unicode MS' not found.
2025-12-18 14:31:35,012 | WARNING | findfont: Font family 'Noto Sans CJK SC' not found.
2025-12-18 14:31:35,012 | WARNING | findfont: Font family 'Arial Unicode MS' not found.
2025-12-18 14:31:35,012 | WARNING | findfont: Font family 'Noto Sans CJK SC' not found.
2025-12-18 14:31:35,012 | WARNING | findfont: Font family 'Arial Unicode MS' not found.
2025-12-18 14:31:35,012 | WARNING | findfont: Font family 'Noto Sans CJK SC' not found.
2025-12-18 14:31:35,013 | WARNING | findfont: Font family 'Arial Unicode MS' not found.
2025-12-18 14:31:35,013 | WARNING | findfont: Font family 'Noto Sans CJK SC' not found.
2025-12-18 14:31:35,015 | WARNING | findfont: Font family 'Arial Unicode MS' not found.
2025-12-18 14:31:35,015 | WARNING | findfont: Font family 'Noto Sans CJK SC' not found.
2025-12-18 14:31:35,016 | WARNING | findfont: Font family 'Arial Unicode MS' not found.
2025-12-18 14:31:35,016 | WARNING | findfont: Font family 'Noto Sans CJK SC' not found.
2025-12-18 14:31:35,016 | WARNING | findfont: Font family 'Arial Unicode MS' not found.
2025-12-18 14:31:35,016 | WARNING | findfont: Font family 'Noto Sans CJK SC' not found.
2025-12-18 14:31:35,019 | WARNING | findfont: Font family 'Arial Unicode MS' not found.
2025-12-18 14:31:35,019 | WARNING | findfont: Font family 'Noto Sans CJK SC' not found.
2025-12-18 14:31:35,020 | WARNING | findfont: Font family 'Arial Unicode MS' not found.
2025-12-18 14:31:35,020 | WARNING | findfont: Font family 'Noto Sans CJK SC' not found.
2025-12-18 14:31:35,020 | WARNING | findfont: Font family 'Arial Unicode MS' not found.
2025-12-18 14:31:35,020 | WARNING | findfont: Font family 'Noto Sans CJK SC' not found.
2025-12-18 14:31:35,020 | WARNING | findfont: Font family 'Arial Unicode MS' not found.
2025-12-18 14:31:35,021 | WARNING | findfont: Font family 'Noto Sans CJK SC' not found.
2025-12-18 14:31:35,021 | WARNING | findfont: Font family 'Arial Unicode MS' not found.
2025-12-18 14:31:35,021 | WARNING | findfont: Font family 'Noto Sans CJK SC' not found.
2025-12-18 14:31:35,021 | WARNING | findfont: Font family 'Arial Unicode MS' not found.
2025-12-18 14:31:35,021 | WARNING | findfont: Font family 'Noto Sans CJK SC' not found.
2025-12-18 14:31:35,022 | WARNING | findfont: Font family 'Arial Unicode MS' not found.
2025-12-18 14:31:35,022 | WARNING | findfont: Font family 'Noto Sans CJK SC' not found.
2025-12-18 14:31:35,022 | WARNING | findfont: Font family 'Arial Unicode MS' not found.
2025-12-18 14:31:35,022 | WARNING | findfont: Font family 'Noto Sans CJK SC' not found.
2025-12-18 14:31:35,022 | WARNING | findfont: Font family 'Arial Unicode MS' not found.
2025-12-18 14:31:35,022 | WARNING | findfont: Font family 'Noto Sans CJK SC' not found.
2025-12-18 14:31:35,027 | WARNING | findfont: Font family 'Arial Unicode MS' not found.
2025-12-18 14:31:35,027 | WARNING | findfont: Font family 'Noto Sans CJK SC' not found.
2025-12-18 14:31:35,031 | WARNING | findfont: Font family 'Arial Unicode MS' not found.
2025-12-18 14:31:35,031 | WARNING | findfont: Font family 'Noto Sans CJK SC' not found.
2025-12-18 14:31:35,031 | WARNING | findfont: Font family 'Arial Unicode MS' not found.
2025-12-18 14:31:35,031 | WARNING | findfont: Font family 'Noto Sans CJK SC' not found.
2025-12-18 14:31:35,032 | WARNING | findfont: Font family 'Arial Unicode MS' not found.
2025-12-18 14:31:35,032 | WARNING | findfont: Font family 'Noto Sans CJK SC' not found.
2025-12-18 14:31:35,040 | WARNING | findfont: Font family 'Arial Unicode MS' not found.
2025-12-18 14:31:35,040 | WARNING | findfont: Font family 'Noto Sans CJK SC' not found.
2025-12-18 14:31:35,041 | WARNING | findfont: Font family 'Arial Unicode MS' not found.
2025-12-18 14:31:35,041 | WARNING | findfont: Font family 'Noto Sans CJK SC' not found.
2025-12-18 14:31:35,042 | WARNING | findfont: Font family 'Arial Unicode MS' not found.
2025-12-18 14:31:35,042 | WARNING | findfont: Font family 'Noto Sans CJK SC' not found.
2025-12-18 14:31:35,043 | WARNING | findfont: Font family 'Arial Unicode MS' not found.
2025-12-18 14:31:35,043 | WARNING | findfont: Font family 'Noto Sans CJK SC' not found.
2025-12-18 14:31:35,043 | WARNING | findfont: Font family 'Arial Unicode MS' not found.
2025-12-18 14:31:35,043 | WARNING | findfont: Font family 'Noto Sans CJK SC' not found.
2025-12-18 14:31:35,044 | WARNING | findfont: Font family 'Arial Unicode MS' not found.
2025-12-18 14:31:35,044 | WARNING | findfont: Font family 'Noto Sans CJK SC' not found.
2025-12-18 14:31:35,044 | WARNING | findfont: Font family 'Arial Unicode MS' not found.
2025-12-18 14:31:35,044 | WARNING | findfont: Font family 'Noto Sans CJK SC' not found.
2025-12-18 14:31:35,045 | WARNING | findfont: Font family 'Arial Unicode MS' not found.
2025-12-18 14:31:35,045 | WARNING | findfont: Font family 'Noto Sans CJK SC' not found.
2025-12-18 14:31:35,045 | WARNING | findfont: Font family 'Arial Unicode MS' not found.
2025-12-18 14:31:35,045 | WARNING | findfont: Font family 'Noto Sans CJK SC' not found.
2025-12-18 14:31:35,050 | WARNING | findfont: Font family 'Arial Unicode MS' not found.
2025-12-18 14:31:35,050 | WARNING | findfont: Font family 'Noto Sans CJK SC' not found.
2025-12-18 14:31:35,052 | WARNING | findfont: Font family 'Arial Unicode MS' not found.
2025-12-18 14:31:35,052 | WARNING | findfont: Font family 'Noto Sans CJK SC' not found.
2025-12-18 14:31:35,052 | WARNING | findfont: Font family 'Arial Unicode MS' not found.
2025-12-18 14:31:35,052 | WARNING | findfont: Font family 'Noto Sans CJK SC' not found.
2025-12-18 14:31:35,053 | WARNING | findfont: Font family 'Arial Unicode MS' not found.
2025-12-18 14:31:35,053 | WARNING | findfont: Font family 'Noto Sans CJK SC' not found.
2025-12-18 14:31:35,054 | WARNING | findfont: Font family 'Arial Unicode MS' not found.
2025-12-18 14:31:35,054 | WARNING | findfont: Font family 'Noto Sans CJK SC' not found.
2025-12-18 14:31:35,054 | WARNING | findfont: Font family 'Arial Unicode MS' not found.
2025-12-18 14:31:35,054 | WARNING | findfont: Font family 'Noto Sans CJK SC' not found.
2025-12-18 14:31:35,055 | WARNING | findfont: Font family 'Arial Unicode MS' not found.
2025-12-18 14:31:35,055 | WARNING | findfont: Font family 'Noto Sans CJK SC' not found.
2025-12-18 14:31:35,056 | WARNING | findfont: Font family 'Arial Unicode MS' not found.
2025-12-18 14:31:35,056 | WARNING | findfont: Font family 'Noto Sans CJK SC' not found.
2025-12-18 14:31:35,059 | WARNING | findfont: Font family 'Arial Unicode MS' not found.
2025-12-18 14:31:35,059 | WARNING | findfont: Font family 'Noto Sans CJK SC' not found.
2025-12-18 14:31:35,062 | WARNING | findfont: Font family 'Arial Unicode MS' not found.
2025-12-18 14:31:35,062 | WARNING | findfont: Font family 'Noto Sans CJK SC' not found.
2025-12-18 14:31:35,063 | WARNING | findfont: Font family 'Arial Unicode MS' not found.
2025-12-18 14:31:35,063 | WARNING | findfont: Font family 'Noto Sans CJK SC' not found.
2025-12-18 14:31:35,064 | WARNING | findfont: Font family 'Arial Unicode MS' not found.
2025-12-18 14:31:35,064 | WARNING | findfont: Font family 'Noto Sans CJK SC' not found.
2025-12-18 14:31:35,171 | WARNING | findfont: Font family 'Arial Unicode MS' not found.
2025-12-18 14:31:35,171 | WARNING | findfont: Font family 'Noto Sans CJK SC' not found.
2025-12-18 14:31:35,171 | WARNING | findfont: Font family 'Arial Unicode MS' not found.
2025-12-18 14:31:35,171 | WARNING | findfont: Font family 'Noto Sans CJK SC' not found.
2025-12-18 14:31:35,172 | WARNING | findfont: Font family 'Arial Unicode MS' not found.
2025-12-18 14:31:35,172 | WARNING | findfont: Font family 'Noto Sans CJK SC' not found.
2025-12-18 14:31:35,172 | WARNING | findfont: Font family 'Arial Unicode MS' not found.
2025-12-18 14:31:35,172 | WARNING | findfont: Font family 'Noto Sans CJK SC' not found.
2025-12-18 14:31:35,173 | WARNING | findfont: Font family 'Arial Unicode MS' not found.
2025-12-18 14:31:35,173 | WARNING | findfont: Font family 'Noto Sans CJK SC' not found.
2025-12-18 14:31:35,173 | WARNING | findfont: Font family 'Arial Unicode MS' not found.
2025-12-18 14:31:35,173 | WARNING | findfont: Font family 'Noto Sans CJK SC' not found.
2025-12-18 14:31:35,173 | WARNING | findfont: Font family 'Arial Unicode MS' not found.
2025-12-18 14:31:35,174 | WARNING | findfont: Font family 'Noto Sans CJK SC' not found.
2025-12-18 14:31:35,174 | WARNING | findfont: Font family 'Arial Unicode MS' not found.
2025-12-18 14:31:35,174 | WARNING | findfont: Font family 'Noto Sans CJK SC' not found.
2025-12-18 14:31:35,174 | WARNING | findfont: Font family 'Arial Unicode MS' not found.
2025-12-18 14:31:35,174 | WARNING | findfont: Font family 'Noto Sans CJK SC' not found.
2025-12-18 14:31:35,177 | WARNING | findfont: Font family 'Arial Unicode MS' not found.
2025-12-18 14:31:35,177 | WARNING | findfont: Font family 'Noto Sans CJK SC' not found.
2025-12-18 14:31:35,181 | WARNING | findfont: Font family 'Arial Unicode MS' not found.
2025-12-18 14:31:35,181 | WARNING | findfont: Font family 'Noto Sans CJK SC' not found.
2025-12-18 14:31:35,181 | WARNING | findfont: Font family 'Arial Unicode MS' not found.
2025-12-18 14:31:35,182 | WARNING | findfont: Font family 'Noto Sans CJK SC' not found.
2025-12-18 14:31:35,182 | WARNING | findfont: Font family 'Arial Unicode MS' not found.
2025-12-18 14:31:35,182 | WARNING | findfont: Font family 'Noto Sans CJK SC' not found.
2025-12-18 14:31:35,183 | WARNING | findfont: Font family 'Arial Unicode MS' not found.
2025-12-18 14:31:35,183 | WARNING | findfont: Font family 'Noto Sans CJK SC' not found.
2025-12-18 14:31:35,183 | WARNING | findfont: Font family 'Arial Unicode MS' not found.
2025-12-18 14:31:35,183 | WARNING | findfont: Font family 'Noto Sans CJK SC' not found.
2025-12-18 14:31:35,183 | WARNING | findfont: Font family 'Arial Unicode MS' not found.
2025-12-18 14:31:35,183 | WARNING | findfont: Font family 'Noto Sans CJK SC' not found.
2025-12-18 14:31:35,184 | WARNING | findfont: Font family 'Arial Unicode MS' not found.
2025-12-18 14:31:35,184 | WARNING | findfont: Font family 'Noto Sans CJK SC' not found.
2025-12-18 14:31:35,185 | WARNING | findfont: Font family 'Arial Unicode MS' not found.
2025-12-18 14:31:35,185 | WARNING | findfont: Font family 'Noto Sans CJK SC' not found.
2025-12-18 14:31:35,187 | WARNING | findfont: Font family 'Arial Unicode MS' not found.
2025-12-18 14:31:35,188 | WARNING | findfont: Font family 'Noto Sans CJK SC' not found.
2025-12-18 14:31:35,188 | WARNING | findfont: Font family 'Arial Unicode MS' not found.
2025-12-18 14:31:35,188 | WARNING | findfont: Font family 'Noto Sans CJK SC' not found.
2025-12-18 14:31:35,193 | WARNING | findfont: Font family 'Arial Unicode MS' not found.
2025-12-18 14:31:35,193 | WARNING | findfont: Font family 'Noto Sans CJK SC' not found.
2025-12-18 14:31:35,194 | WARNING | findfont: Font family 'Arial Unicode MS' not found.
2025-12-18 14:31:35,194 | WARNING | findfont: Font family 'Noto Sans CJK SC' not found.
2025-12-18 14:31:35,194 | WARNING | findfont: Font family 'Arial Unicode MS' not found.
2025-12-18 14:31:35,194 | WARNING | findfont: Font family 'Noto Sans CJK SC' not found.
2025-12-18 14:31:35,199 | WARNING | findfont: Font family 'Arial Unicode MS' not found.
2025-12-18 14:31:35,199 | WARNING | findfont: Font family 'Noto Sans CJK SC' not found.
2025-12-18 14:31:35,200 | WARNING | findfont: Font family 'Arial Unicode MS' not found.
2025-12-18 14:31:35,200 | WARNING | findfont: Font family 'Noto Sans CJK SC' not found.
2025-12-18 14:31:35,200 | WARNING | findfont: Font family 'Arial Unicode MS' not found.
2025-12-18 14:31:35,200 | WARNING | findfont: Font family 'Noto Sans CJK SC' not found.
2025-12-18 14:31:35,200 | WARNING | findfont: Font family 'Arial Unicode MS' not found.
2025-12-18 14:31:35,201 | WARNING | findfont: Font family 'Noto Sans CJK SC' not found.
2025-12-18 14:31:35,201 | WARNING | findfont: Font family 'Arial Unicode MS' not found.
2025-12-18 14:31:35,201 | WARNING | findfont: Font family 'Noto Sans CJK SC' not found.
2025-12-18 14:31:35,201 | WARNING | findfont: Font family 'Arial Unicode MS' not found.
2025-12-18 14:31:35,201 | WARNING | findfont: Font family 'Noto Sans CJK SC' not found.
2025-12-18 14:31:35,202 | WARNING | findfont: Font family 'Arial Unicode MS' not found.
2025-12-18 14:31:35,202 | WARNING | findfont: Font family 'Noto Sans CJK SC' not found.
2025-12-18 14:31:35,202 | WARNING | findfont: Font family 'Arial Unicode MS' not found.
2025-12-18 14:31:35,202 | WARNING | findfont: Font family 'Noto Sans CJK SC' not found.
2025-12-18 14:31:35,203 | WARNING | findfont: Font family 'Arial Unicode MS' not found.
2025-12-18 14:31:35,203 | WARNING | findfont: Font family 'Noto Sans CJK SC' not found.
2025-12-18 14:31:35,204 | WARNING | findfont: Font family 'Arial Unicode MS' not found.
2025-12-18 14:31:35,204 | WARNING | findfont: Font family 'Noto Sans CJK SC' not found.
2025-12-18 14:31:35,204 | WARNING | findfont: Font family 'Arial Unicode MS' not found.
2025-12-18 14:31:35,205 | WARNING | findfont: Font family 'Noto Sans CJK SC' not found.
2025-12-18 14:31:35,207 | WARNING | findfont: Font family 'Arial Unicode MS' not found.
2025-12-18 14:31:35,208 | WARNING | findfont: Font family 'Noto Sans CJK SC' not found.
2025-12-18 14:31:35,208 | WARNING | findfont: Font family 'Arial Unicode MS' not found.
2025-12-18 14:31:35,208 | WARNING | findfont: Font family 'Noto Sans CJK SC' not found.
2025-12-18 14:31:35,208 | WARNING | findfont: Font family 'Arial Unicode MS' not found.
2025-12-18 14:31:35,208 | WARNING | findfont: Font family 'Noto Sans CJK SC' not found.
2025-12-18 14:31:35,209 | WARNING | findfont: Font family 'Arial Unicode MS' not found.
2025-12-18 14:31:35,209 | WARNING | findfont: Font family 'Noto Sans CJK SC' not found.
2025-12-18 14:31:35,209 | WARNING | findfont: Font family 'Arial Unicode MS' not found.
2025-12-18 14:31:35,209 | WARNING | findfont: Font family 'Noto Sans CJK SC' not found.
2025-12-18 14:31:35,210 | WARNING | findfont: Font family 'Arial Unicode MS' not found.
2025-12-18 14:31:35,210 | WARNING | findfont: Font family 'Noto Sans CJK SC' not found.
2025-12-18 14:31:35,210 | WARNING | findfont: Font family 'Arial Unicode MS' not found.
2025-12-18 14:31:35,210 | WARNING | findfont: Font family 'Noto Sans CJK SC' not found.
2025-12-18 14:31:35,211 | WARNING | findfont: Font family 'Arial Unicode MS' not found.
2025-12-18 14:31:35,211 | WARNING | findfont: Font family 'Noto Sans CJK SC' not found.
2025-12-18 14:31:35,215 | WARNING | findfont: Font family 'Arial Unicode MS' not found.
2025-12-18 14:31:35,216 | WARNING | findfont: Font family 'Noto Sans CJK SC' not found.
2025-12-18 14:31:35,219 | WARNING | findfont: Font family 'Arial Unicode MS' not found.
2025-12-18 14:31:35,219 | WARNING | findfont: Font family 'Noto Sans CJK SC' not found.
2025-12-18 14:31:35,220 | WARNING | findfont: Font family 'Arial Unicode MS' not found.
2025-12-18 14:31:35,220 | WARNING | findfont: Font family 'Noto Sans CJK SC' not found.
2025-12-18 14:31:35,220 | WARNING | findfont: Font family 'Arial Unicode MS' not found.
2025-12-18 14:31:35,221 | WARNING | findfont: Font family 'Noto Sans CJK SC' not found.
2025-12-18 14:31:35,229 | WARNING | findfont: Font family 'Arial Unicode MS' not found.
2025-12-18 14:31:35,229 | WARNING | findfont: Font family 'Noto Sans CJK SC' not found.
2025-12-18 14:31:35,230 | WARNING | findfont: Font family 'Arial Unicode MS' not found.
2025-12-18 14:31:35,230 | WARNING | findfont: Font family 'Noto Sans CJK SC' not found.
2025-12-18 14:31:35,231 | WARNING | findfont: Font family 'Arial Unicode MS' not found.
2025-12-18 14:31:35,231 | WARNING | findfont: Font family 'Noto Sans CJK SC' not found.
2025-12-18 14:31:35,231 | WARNING | findfont: Font family 'Arial Unicode MS' not found.
2025-12-18 14:31:35,232 | WARNING | findfont: Font family 'Noto Sans CJK SC' not found.
2025-12-18 14:31:35,232 | WARNING | findfont: Font family 'Arial Unicode MS' not found.
2025-12-18 14:31:35,232 | WARNING | findfont: Font family 'Noto Sans CJK SC' not found.
2025-12-18 14:31:35,233 | WARNING | findfont: Font family 'Arial Unicode MS' not found.
2025-12-18 14:31:35,233 | WARNING | findfont: Font family 'Noto Sans CJK SC' not found.
2025-12-18 14:31:35,233 | WARNING | findfont: Font family 'Arial Unicode MS' not found.
2025-12-18 14:31:35,233 | WARNING | findfont: Font family 'Noto Sans CJK SC' not found.
2025-12-18 14:31:35,234 | WARNING | findfont: Font family 'Arial Unicode MS' not found.
2025-12-18 14:31:35,234 | WARNING | findfont: Font family 'Noto Sans CJK SC' not found.
2025-12-18 14:31:35,239 | WARNING | findfont: Font family 'Arial Unicode MS' not found.
2025-12-18 14:31:35,239 | WARNING | findfont: Font family 'Noto Sans CJK SC' not found.
2025-12-18 14:31:35,241 | WARNING | findfont: Font family 'Arial Unicode MS' not found.
2025-12-18 14:31:35,241 | WARNING | findfont: Font family 'Noto Sans CJK SC' not found.
2025-12-18 14:31:35,241 | WARNING | findfont: Font family 'Arial Unicode MS' not found.
2025-12-18 14:31:35,242 | WARNING | findfont: Font family 'Noto Sans CJK SC' not found.
2025-12-18 14:31:35,242 | WARNING | findfont: Font family 'Arial Unicode MS' not found.
2025-12-18 14:31:35,242 | WARNING | findfont: Font family 'Noto Sans CJK SC' not found.
2025-12-18 14:31:35,243 | WARNING | findfont: Font family 'Arial Unicode MS' not found.
2025-12-18 14:31:35,243 | WARNING | findfont: Font family 'Noto Sans CJK SC' not found.
2025-12-18 14:31:35,243 | WARNING | findfont: Font family 'Arial Unicode MS' not found.
2025-12-18 14:31:35,243 | WARNING | findfont: Font family 'Noto Sans CJK SC' not found.
2025-12-18 14:31:35,244 | WARNING | findfont: Font family 'Arial Unicode MS' not found.
2025-12-18 14:31:35,244 | WARNING | findfont: Font family 'Noto Sans CJK SC' not found.
2025-12-18 14:31:35,244 | WARNING | findfont: Font family 'Arial Unicode MS' not found.
2025-12-18 14:31:35,244 | WARNING | findfont: Font family 'Noto Sans CJK SC' not found.
2025-12-18 14:31:35,246 | WARNING | findfont: Font family 'Arial Unicode MS' not found.
2025-12-18 14:31:35,246 | WARNING | findfont: Font family 'Noto Sans CJK SC' not found.
2025-12-18 14:31:35,249 | WARNING | findfont: Font family 'Arial Unicode MS' not found.
2025-12-18 14:31:35,249 | WARNING | findfont: Font family 'Noto Sans CJK SC' not found.
2025-12-18 14:31:35,253 | WARNING | findfont: Font family 'Arial Unicode MS' not found.
2025-12-18 14:31:35,253 | WARNING | findfont: Font family 'Noto Sans CJK SC' not found.
2025-12-18 14:31:35,254 | WARNING | findfont: Font family 'Arial Unicode MS' not found.
2025-12-18 14:31:35,254 | WARNING | findfont: Font family 'Noto Sans CJK SC' not found.
2025-12-18 14:31:35,255 | WARNING | findfont: Font family 'Arial Unicode MS' not found.
2025-12-18 14:31:35,255 | WARNING | findfont: Font family 'Noto Sans CJK SC' not found.
2025-12-18 14:31:35,402 | WARNING | findfont: Font family 'Arial Unicode MS' not found.
2025-12-18 14:31:35,402 | WARNING | findfont: Font family 'Noto Sans CJK SC' not found.
2025-12-18 14:31:35,403 | WARNING | findfont: Font family 'Arial Unicode MS' not found.
2025-12-18 14:31:35,403 | WARNING | findfont: Font family 'Noto Sans CJK SC' not found.
2025-12-18 14:31:35,403 | WARNING | findfont: Font family 'Arial Unicode MS' not found.
2025-12-18 14:31:35,404 | WARNING | findfont: Font family 'Noto Sans CJK SC' not found.
2025-12-18 14:31:35,404 | WARNING | findfont: Font family 'Arial Unicode MS' not found.
2025-12-18 14:31:35,404 | WARNING | findfont: Font family 'Noto Sans CJK SC' not found.
2025-12-18 14:31:35,405 | WARNING | findfont: Font family 'Arial Unicode MS' not found.
2025-12-18 14:31:35,405 | WARNING | findfont: Font family 'Noto Sans CJK SC' not found.
2025-12-18 14:31:35,406 | WARNING | findfont: Font family 'Arial Unicode MS' not found.
2025-12-18 14:31:35,406 | WARNING | findfont: Font family 'Noto Sans CJK SC' not found.
2025-12-18 14:31:35,406 | WARNING | findfont: Font family 'Arial Unicode MS' not found.
2025-12-18 14:31:35,406 | WARNING | findfont: Font family 'Noto Sans CJK SC' not found.
2025-12-18 14:31:35,407 | WARNING | findfont: Font family 'Arial Unicode MS' not found.
2025-12-18 14:31:35,407 | WARNING | findfont: Font family 'Noto Sans CJK SC' not found.
2025-12-18 14:31:35,408 | WARNING | findfont: Font family 'Arial Unicode MS' not found.
2025-12-18 14:31:35,408 | WARNING | findfont: Font family 'Noto Sans CJK SC' not found.
2025-12-18 14:31:35,408 | WARNING | findfont: Font family 'Arial Unicode MS' not found.
2025-12-18 14:31:35,408 | WARNING | findfont: Font family 'Noto Sans CJK SC' not found.
2025-12-18 14:31:35,413 | WARNING | findfont: Font family 'Arial Unicode MS' not found.
2025-12-18 14:31:35,413 | WARNING | findfont: Font family 'Noto Sans CJK SC' not found.
2025-12-18 14:31:35,420 | WARNING | findfont: Font family 'Arial Unicode MS' not found.
2025-12-18 14:31:35,420 | WARNING | findfont: Font family 'Noto Sans CJK SC' not found.
2025-12-18 14:31:35,421 | WARNING | findfont: Font family 'Arial Unicode MS' not found.
2025-12-18 14:31:35,421 | WARNING | findfont: Font family 'Noto Sans CJK SC' not found.
2025-12-18 14:31:35,421 | WARNING | findfont: Font family 'Arial Unicode MS' not found.
2025-12-18 14:31:35,422 | WARNING | findfont: Font family 'Noto Sans CJK SC' not found.
2025-12-18 14:31:35,422 | WARNING | findfont: Font family 'Arial Unicode MS' not found.
2025-12-18 14:31:35,422 | WARNING | findfont: Font family 'Noto Sans CJK SC' not found.
2025-12-18 14:31:35,423 | WARNING | findfont: Font family 'Arial Unicode MS' not found.
2025-12-18 14:31:35,423 | WARNING | findfont: Font family 'Noto Sans CJK SC' not found.
2025-12-18 14:31:35,423 | WARNING | findfont: Font family 'Arial Unicode MS' not found.
2025-12-18 14:31:35,423 | WARNING | findfont: Font family 'Noto Sans CJK SC' not found.
2025-12-18 14:31:35,424 | WARNING | findfont: Font family 'Arial Unicode MS' not found.
2025-12-18 14:31:35,424 | WARNING | findfont: Font family 'Noto Sans CJK SC' not found.
2025-12-18 14:31:35,424 | WARNING | findfont: Font family 'Arial Unicode MS' not found.
2025-12-18 14:31:35,425 | WARNING | findfont: Font family 'Noto Sans CJK SC' not found.
2025-12-18 14:31:35,427 | WARNING | findfont: Font family 'Arial Unicode MS' not found.
2025-12-18 14:31:35,427 | WARNING | findfont: Font family 'Noto Sans CJK SC' not found.
2025-12-18 14:31:35,431 | WARNING | findfont: Font family 'Arial Unicode MS' not found.
2025-12-18 14:31:35,431 | WARNING | findfont: Font family 'Noto Sans CJK SC' not found.
2025-12-18 14:31:35,432 | WARNING | findfont: Font family 'Arial Unicode MS' not found.
2025-12-18 14:31:35,432 | WARNING | findfont: Font family 'Noto Sans CJK SC' not found.
2025-12-18 14:31:35,441 | WARNING | findfont: Font family 'Arial Unicode MS' not found.
2025-12-18 14:31:35,441 | WARNING | findfont: Font family 'Noto Sans CJK SC' not found.
2025-12-18 14:31:35,442 | WARNING | findfont: Font family 'Arial Unicode MS' not found.
2025-12-18 14:31:35,442 | WARNING | findfont: Font family 'Noto Sans CJK SC' not found.
2025-12-18 14:31:35,442 | WARNING | findfont: Font family 'Arial Unicode MS' not found.
2025-12-18 14:31:35,443 | WARNING | findfont: Font family 'Noto Sans CJK SC' not found.
2025-12-18 14:31:35,451 | WARNING | findfont: Font family 'Arial Unicode MS' not found.
2025-12-18 14:31:35,452 | WARNING | findfont: Font family 'Noto Sans CJK SC' not found.
2025-12-18 14:31:35,452 | WARNING | findfont: Font family 'Arial Unicode MS' not found.
2025-12-18 14:31:35,452 | WARNING | findfont: Font family 'Noto Sans CJK SC' not found.
2025-12-18 14:31:35,453 | WARNING | findfont: Font family 'Arial Unicode MS' not found.
2025-12-18 14:31:35,453 | WARNING | findfont: Font family 'Noto Sans CJK SC' not found.
2025-12-18 14:31:35,454 | WARNING | findfont: Font family 'Arial Unicode MS' not found.
2025-12-18 14:31:35,454 | WARNING | findfont: Font family 'Noto Sans CJK SC' not found.
2025-12-18 14:31:35,455 | WARNING | findfont: Font family 'Arial Unicode MS' not found.
2025-12-18 14:31:35,455 | WARNING | findfont: Font family 'Noto Sans CJK SC' not found.
2025-12-18 14:31:35,456 | WARNING | findfont: Font family 'Arial Unicode MS' not found.
2025-12-18 14:31:35,456 | WARNING | findfont: Font family 'Noto Sans CJK SC' not found.
2025-12-18 14:31:35,456 | WARNING | findfont: Font family 'Arial Unicode MS' not found.
2025-12-18 14:31:35,457 | WARNING | findfont: Font family 'Noto Sans CJK SC' not found.
2025-12-18 14:31:35,457 | WARNING | findfont: Font family 'Arial Unicode MS' not found.
2025-12-18 14:31:35,457 | WARNING | findfont: Font family 'Noto Sans CJK SC' not found.
2025-12-18 14:31:35,458 | WARNING | findfont: Font family 'Arial Unicode MS' not found.
2025-12-18 14:31:35,458 | WARNING | findfont: Font family 'Noto Sans CJK SC' not found.
2025-12-18 14:31:35,460 | WARNING | findfont: Font family 'Arial Unicode MS' not found.
2025-12-18 14:31:35,461 | WARNING | findfont: Font family 'Noto Sans CJK SC' not found.
2025-12-18 14:31:35,462 | WARNING | findfont: Font family 'Arial Unicode MS' not found.
2025-12-18 14:31:35,462 | WARNING | findfont: Font family 'Noto Sans CJK SC' not found.
2025-12-18 14:31:35,462 | WARNING | findfont: Font family 'Arial Unicode MS' not found.
2025-12-18 14:31:35,463 | WARNING | findfont: Font family 'Noto Sans CJK SC' not found.
2025-12-18 14:31:35,467 | WARNING | findfont: Font family 'Arial Unicode MS' not found.
2025-12-18 14:31:35,467 | WARNING | findfont: Font family 'Noto Sans CJK SC' not found.
2025-12-18 14:31:35,468 | WARNING | findfont: Font family 'Arial Unicode MS' not found.
2025-12-18 14:31:35,468 | WARNING | findfont: Font family 'Noto Sans CJK SC' not found.
2025-12-18 14:31:35,468 | WARNING | findfont: Font family 'Arial Unicode MS' not found.
2025-12-18 14:31:35,469 | WARNING | findfont: Font family 'Noto Sans CJK SC' not found.
2025-12-18 14:31:35,469 | WARNING | findfont: Font family 'Arial Unicode MS' not found.
2025-12-18 14:31:35,469 | WARNING | findfont: Font family 'Noto Sans CJK SC' not found.
2025-12-18 14:31:35,470 | WARNING | findfont: Font family 'Arial Unicode MS' not found.
2025-12-18 14:31:35,470 | WARNING | findfont: Font family 'Noto Sans CJK SC' not found.
2025-12-18 14:31:35,470 | WARNING | findfont: Font family 'Arial Unicode MS' not found.
2025-12-18 14:31:35,471 | WARNING | findfont: Font family 'Noto Sans CJK SC' not found.
2025-12-18 14:31:35,471 | WARNING | findfont: Font family 'Arial Unicode MS' not found.
2025-12-18 14:31:35,471 | WARNING | findfont: Font family 'Noto Sans CJK SC' not found.
2025-12-18 14:31:35,472 | WARNING | findfont: Font family 'Arial Unicode MS' not found.
2025-12-18 14:31:35,472 | WARNING | findfont: Font family 'Noto Sans CJK SC' not found.
2025-12-18 14:31:35,473 | WARNING | findfont: Font family 'Arial Unicode MS' not found.
2025-12-18 14:31:35,473 | WARNING | findfont: Font family 'Noto Sans CJK SC' not found.
2025-12-18 14:31:35,481 | WARNING | findfont: Font family 'Arial Unicode MS' not found.
2025-12-18 14:31:35,481 | WARNING | findfont: Font family 'Noto Sans CJK SC' not found.
2025-12-18 14:31:35,487 | WARNING | findfont: Font family 'Arial Unicode MS' not found.
2025-12-18 14:31:35,487 | WARNING | findfont: Font family 'Noto Sans CJK SC' not found.
2025-12-18 14:31:35,488 | WARNING | findfont: Font family 'Arial Unicode MS' not found.
2025-12-18 14:31:35,488 | WARNING | findfont: Font family 'Noto Sans CJK SC' not found.
2025-12-18 14:31:35,489 | WARNING | findfont: Font family 'Arial Unicode MS' not found.
2025-12-18 14:31:35,489 | WARNING | findfont: Font family 'Noto Sans CJK SC' not found.
2025-12-18 14:31:35,502 | WARNING | findfont: Font family 'Arial Unicode MS' not found.
2025-12-18 14:31:35,502 | WARNING | findfont: Font family 'Noto Sans CJK SC' not found.
2025-12-18 14:31:35,503 | WARNING | findfont: Font family 'Arial Unicode MS' not found.
2025-12-18 14:31:35,503 | WARNING | findfont: Font family 'Noto Sans CJK SC' not found.
2025-12-18 14:31:35,504 | WARNING | findfont: Font family 'Arial Unicode MS' not found.
2025-12-18 14:31:35,504 | WARNING | findfont: Font family 'Noto Sans CJK SC' not found.
2025-12-18 14:31:35,505 | WARNING | findfont: Font family 'Arial Unicode MS' not found.
2025-12-18 14:31:35,505 | WARNING | findfont: Font family 'Noto Sans CJK SC' not found.
2025-12-18 14:31:35,506 | WARNING | findfont: Font family 'Arial Unicode MS' not found.
2025-12-18 14:31:35,506 | WARNING | findfont: Font family 'Noto Sans CJK SC' not found.
2025-12-18 14:31:35,507 | WARNING | findfont: Font family 'Arial Unicode MS' not found.
2025-12-18 14:31:35,507 | WARNING | findfont: Font family 'Noto Sans CJK SC' not found.
2025-12-18 14:31:35,508 | WARNING | findfont: Font family 'Arial Unicode MS' not found.
2025-12-18 14:31:35,508 | WARNING | findfont: Font family 'Noto Sans CJK SC' not found.
2025-12-18 14:31:35,509 | WARNING | findfont: Font family 'Arial Unicode MS' not found.
2025-12-18 14:31:35,509 | WARNING | findfont: Font family 'Noto Sans CJK SC' not found.
2025-12-18 14:31:35,510 | WARNING | findfont: Font family 'Arial Unicode MS' not found.
2025-12-18 14:31:35,510 | WARNING | findfont: Font family 'Noto Sans CJK SC' not found.
2025-12-18 14:31:35,518 | WARNING | findfont: Font family 'Arial Unicode MS' not found.
2025-12-18 14:31:35,518 | WARNING | findfont: Font family 'Noto Sans CJK SC' not found.
2025-12-18 14:31:35,521 | WARNING | findfont: Font family 'Arial Unicode MS' not found.
2025-12-18 14:31:35,521 | WARNING | findfont: Font family 'Noto Sans CJK SC' not found.
2025-12-18 14:31:35,522 | WARNING | findfont: Font family 'Arial Unicode MS' not found.
2025-12-18 14:31:35,522 | WARNING | findfont: Font family 'Noto Sans CJK SC' not found.
2025-12-18 14:31:35,523 | WARNING | findfont: Font family 'Arial Unicode MS' not found.
2025-12-18 14:31:35,523 | WARNING | findfont: Font family 'Noto Sans CJK SC' not found.
2025-12-18 14:31:35,524 | WARNING | findfont: Font family 'Arial Unicode MS' not found.
2025-12-18 14:31:35,524 | WARNING | findfont: Font family 'Noto Sans CJK SC' not found.
2025-12-18 14:31:35,525 | WARNING | findfont: Font family 'Arial Unicode MS' not found.
2025-12-18 14:31:35,525 | WARNING | findfont: Font family 'Noto Sans CJK SC' not found.
2025-12-18 14:31:35,526 | WARNING | findfont: Font family 'Arial Unicode MS' not found.
2025-12-18 14:31:35,526 | WARNING | findfont: Font family 'Noto Sans CJK SC' not found.
2025-12-18 14:31:35,527 | WARNING | findfont: Font family 'Arial Unicode MS' not found.
2025-12-18 14:31:35,527 | WARNING | findfont: Font family 'Noto Sans CJK SC' not found.
2025-12-18 14:31:35,528 | WARNING | findfont: Font family 'Arial Unicode MS' not found.
2025-12-18 14:31:35,528 | WARNING | findfont: Font family 'Noto Sans CJK SC' not found.
2025-12-18 14:31:35,531 | WARNING | findfont: Font family 'Arial Unicode MS' not found.
2025-12-18 14:31:35,531 | WARNING | findfont: Font family 'Noto Sans CJK SC' not found.
2025-12-18 14:31:35,539 | WARNING | findfont: Font family 'Arial Unicode MS' not found.
2025-12-18 14:31:35,539 | WARNING | findfont: Font family 'Noto Sans CJK SC' not found.
2025-12-18 14:31:35,544 | WARNING | findfont: Font family 'Arial Unicode MS' not found.
2025-12-18 14:31:35,546 | WARNING | findfont: Font family 'Noto Sans CJK SC' not found.
2025-12-18 14:31:35,547 | WARNING | findfont: Font family 'Arial Unicode MS' not found.
2025-12-18 14:31:35,547 | WARNING | findfont: Font family 'Noto Sans CJK SC' not found.
2025-12-18 14:31:35,548 | WARNING | findfont: Font family 'Arial Unicode MS' not found.
2025-12-18 14:31:35,548 | WARNING | findfont: Font family 'Noto Sans CJK SC' not found.
2025-12-18 14:31:35,708 | WARNING | findfont: Font family 'Arial Unicode MS' not found.
2025-12-18 14:31:35,708 | WARNING | findfont: Font family 'Noto Sans CJK SC' not found.
2025-12-18 14:31:35,709 | WARNING | findfont: Font family 'Arial Unicode MS' not found.
2025-12-18 14:31:35,709 | WARNING | findfont: Font family 'Noto Sans CJK SC' not found.
2025-12-18 14:31:35,710 | WARNING | findfont: Font family 'Arial Unicode MS' not found.
2025-12-18 14:31:35,710 | WARNING | findfont: Font family 'Noto Sans CJK SC' not found.
2025-12-18 14:31:35,710 | WARNING | findfont: Font family 'Arial Unicode MS' not found.
2025-12-18 14:31:35,710 | WARNING | findfont: Font family 'Noto Sans CJK SC' not found.
2025-12-18 14:31:35,711 | WARNING | findfont: Font family 'Arial Unicode MS' not found.
2025-12-18 14:31:35,711 | WARNING | findfont: Font family 'Noto Sans CJK SC' not found.
2025-12-18 14:31:35,711 | WARNING | findfont: Font family 'Arial Unicode MS' not found.
2025-12-18 14:31:35,711 | WARNING | findfont: Font family 'Noto Sans CJK SC' not found.
2025-12-18 14:31:35,711 | WARNING | findfont: Font family 'Arial Unicode MS' not found.
2025-12-18 14:31:35,712 | WARNING | findfont: Font family 'Noto Sans CJK SC' not found.
2025-12-18 14:31:35,712 | WARNING | findfont: Font family 'Arial Unicode MS' not found.
2025-12-18 14:31:35,712 | WARNING | findfont: Font family 'Noto Sans CJK SC' not found.
2025-12-18 14:31:35,712 | WARNING | findfont: Font family 'Arial Unicode MS' not found.
2025-12-18 14:31:35,712 | WARNING | findfont: Font family 'Noto Sans CJK SC' not found.
2025-12-18 14:31:35,713 | WARNING | findfont: Font family 'Arial Unicode MS' not found.
2025-12-18 14:31:35,713 | WARNING | findfont: Font family 'Noto Sans CJK SC' not found.
2025-12-18 14:31:35,716 | WARNING | findfont: Font family 'Arial Unicode MS' not found.
2025-12-18 14:31:35,716 | WARNING | findfont: Font family 'Noto Sans CJK SC' not found.
2025-12-18 14:31:35,722 | WARNING | findfont: Font family 'Arial Unicode MS' not found.
2025-12-18 14:31:35,722 | WARNING | findfont: Font family 'Noto Sans CJK SC' not found.
2025-12-18 14:31:35,722 | WARNING | findfont: Font family 'Arial Unicode MS' not found.
2025-12-18 14:31:35,723 | WARNING | findfont: Font family 'Noto Sans CJK SC' not found.
2025-12-18 14:31:35,723 | WARNING | findfont: Font family 'Arial Unicode MS' not found.
2025-12-18 14:31:35,723 | WARNING | findfont: Font family 'Noto Sans CJK SC' not found.
2025-12-18 14:31:35,723 | WARNING | findfont: Font family 'Arial Unicode MS' not found.
2025-12-18 14:31:35,724 | WARNING | findfont: Font family 'Noto Sans CJK SC' not found.
2025-12-18 14:31:35,724 | WARNING | findfont: Font family 'Arial Unicode MS' not found.
2025-12-18 14:31:35,724 | WARNING | findfont: Font family 'Noto Sans CJK SC' not found.
2025-12-18 14:31:35,725 | WARNING | findfont: Font family 'Arial Unicode MS' not found.
2025-12-18 14:31:35,726 | WARNING | findfont: Font family 'Noto Sans CJK SC' not found.
2025-12-18 14:31:35,726 | WARNING | findfont: Font family 'Arial Unicode MS' not found.
2025-12-18 14:31:35,726 | WARNING | findfont: Font family 'Noto Sans CJK SC' not found.
2025-12-18 14:31:35,727 | WARNING | findfont: Font family 'Arial Unicode MS' not found.
2025-12-18 14:31:35,727 | WARNING | findfont: Font family 'Noto Sans CJK SC' not found.
2025-12-18 14:31:35,728 | WARNING | findfont: Font family 'Arial Unicode MS' not found.
2025-12-18 14:31:35,728 | WARNING | findfont: Font family 'Noto Sans CJK SC' not found.
2025-12-18 14:31:35,731 | WARNING | findfont: Font family 'Arial Unicode MS' not found.
2025-12-18 14:31:35,731 | WARNING | findfont: Font family 'Noto Sans CJK SC' not found.
2025-12-18 14:31:35,732 | WARNING | findfont: Font family 'Arial Unicode MS' not found.
2025-12-18 14:31:35,732 | WARNING | findfont: Font family 'Noto Sans CJK SC' not found.
2025-12-18 14:31:35,737 | WARNING | findfont: Font family 'Arial Unicode MS' not found.
2025-12-18 14:31:35,737 | WARNING | findfont: Font family 'Noto Sans CJK SC' not found.
2025-12-18 14:31:35,738 | WARNING | findfont: Font family 'Arial Unicode MS' not found.
2025-12-18 14:31:35,738 | WARNING | findfont: Font family 'Noto Sans CJK SC' not found.
2025-12-18 14:31:35,738 | WARNING | findfont: Font family 'Arial Unicode MS' not found.
2025-12-18 14:31:35,738 | WARNING | findfont: Font family 'Noto Sans CJK SC' not found.
2025-12-18 14:31:35,744 | WARNING | findfont: Font family 'Arial Unicode MS' not found.
2025-12-18 14:31:35,744 | WARNING | findfont: Font family 'Noto Sans CJK SC' not found.
2025-12-18 14:31:35,745 | WARNING | findfont: Font family 'Arial Unicode MS' not found.
2025-12-18 14:31:35,746 | WARNING | findfont: Font family 'Noto Sans CJK SC' not found.
2025-12-18 14:31:35,746 | WARNING | findfont: Font family 'Arial Unicode MS' not found.
2025-12-18 14:31:35,746 | WARNING | findfont: Font family 'Noto Sans CJK SC' not found.
2025-12-18 14:31:35,746 | WARNING | findfont: Font family 'Arial Unicode MS' not found.
2025-12-18 14:31:35,746 | WARNING | findfont: Font family 'Noto Sans CJK SC' not found.
2025-12-18 14:31:35,747 | WARNING | findfont: Font family 'Arial Unicode MS' not found.
2025-12-18 14:31:35,747 | WARNING | findfont: Font family 'Noto Sans CJK SC' not found.
2025-12-18 14:31:35,747 | WARNING | findfont: Font family 'Arial Unicode MS' not found.
2025-12-18 14:31:35,747 | WARNING | findfont: Font family 'Noto Sans CJK SC' not found.
2025-12-18 14:31:35,748 | WARNING | findfont: Font family 'Arial Unicode MS' not found.
2025-12-18 14:31:35,748 | WARNING | findfont: Font family 'Noto Sans CJK SC' not found.
2025-12-18 14:31:35,748 | WARNING | findfont: Font family 'Arial Unicode MS' not found.
2025-12-18 14:31:35,748 | WARNING | findfont: Font family 'Noto Sans CJK SC' not found.
2025-12-18 14:31:35,749 | WARNING | findfont: Font family 'Arial Unicode MS' not found.
2025-12-18 14:31:35,749 | WARNING | findfont: Font family 'Noto Sans CJK SC' not found.
2025-12-18 14:31:35,750 | WARNING | findfont: Font family 'Arial Unicode MS' not found.
2025-12-18 14:31:35,750 | WARNING | findfont: Font family 'Noto Sans CJK SC' not found.
2025-12-18 14:31:35,751 | WARNING | findfont: Font family 'Arial Unicode MS' not found.
2025-12-18 14:31:35,752 | WARNING | findfont: Font family 'Noto Sans CJK SC' not found.
2025-12-18 14:31:35,752 | WARNING | findfont: Font family 'Arial Unicode MS' not found.
2025-12-18 14:31:35,752 | WARNING | findfont: Font family 'Noto Sans CJK SC' not found.
2025-12-18 14:31:35,755 | WARNING | findfont: Font family 'Arial Unicode MS' not found.
2025-12-18 14:31:35,755 | WARNING | findfont: Font family 'Noto Sans CJK SC' not found.
2025-12-18 14:31:35,755 | WARNING | findfont: Font family 'Arial Unicode MS' not found.
2025-12-18 14:31:35,756 | WARNING | findfont: Font family 'Noto Sans CJK SC' not found.
2025-12-18 14:31:35,756 | WARNING | findfont: Font family 'Arial Unicode MS' not found.
2025-12-18 14:31:35,756 | WARNING | findfont: Font family 'Noto Sans CJK SC' not found.
2025-12-18 14:31:35,756 | WARNING | findfont: Font family 'Arial Unicode MS' not found.
2025-12-18 14:31:35,756 | WARNING | findfont: Font family 'Noto Sans CJK SC' not found.
2025-12-18 14:31:35,757 | WARNING | findfont: Font family 'Arial Unicode MS' not found.
2025-12-18 14:31:35,757 | WARNING | findfont: Font family 'Noto Sans CJK SC' not found.
2025-12-18 14:31:35,757 | WARNING | findfont: Font family 'Arial Unicode MS' not found.
2025-12-18 14:31:35,757 | WARNING | findfont: Font family 'Noto Sans CJK SC' not found.
2025-12-18 14:31:35,757 | WARNING | findfont: Font family 'Arial Unicode MS' not found.
2025-12-18 14:31:35,758 | WARNING | findfont: Font family 'Noto Sans CJK SC' not found.
2025-12-18 14:31:35,758 | WARNING | findfont: Font family 'Arial Unicode MS' not found.
2025-12-18 14:31:35,758 | WARNING | findfont: Font family 'Noto Sans CJK SC' not found.
2025-12-18 14:31:35,758 | WARNING | findfont: Font family 'Arial Unicode MS' not found.
2025-12-18 14:31:35,758 | WARNING | findfont: Font family 'Noto Sans CJK SC' not found.
2025-12-18 14:31:35,763 | WARNING | findfont: Font family 'Arial Unicode MS' not found.
2025-12-18 14:31:35,763 | WARNING | findfont: Font family 'Noto Sans CJK SC' not found.
2025-12-18 14:31:35,768 | WARNING | findfont: Font family 'Arial Unicode MS' not found.
2025-12-18 14:31:35,768 | WARNING | findfont: Font family 'Noto Sans CJK SC' not found.
2025-12-18 14:31:35,769 | WARNING | findfont: Font family 'Arial Unicode MS' not found.
2025-12-18 14:31:35,769 | WARNING | findfont: Font family 'Noto Sans CJK SC' not found.
2025-12-18 14:31:35,770 | WARNING | findfont: Font family 'Arial Unicode MS' not found.
2025-12-18 14:31:35,770 | WARNING | findfont: Font family 'Noto Sans CJK SC' not found.
2025-12-18 14:31:35,777 | WARNING | findfont: Font family 'Arial Unicode MS' not found.
2025-12-18 14:31:35,778 | WARNING | findfont: Font family 'Noto Sans CJK SC' not found.
2025-12-18 14:31:35,779 | WARNING | findfont: Font family 'Arial Unicode MS' not found.
2025-12-18 14:31:35,779 | WARNING | findfont: Font family 'Noto Sans CJK SC' not found.
2025-12-18 14:31:35,779 | WARNING | findfont: Font family 'Arial Unicode MS' not found.
2025-12-18 14:31:35,779 | WARNING | findfont: Font family 'Noto Sans CJK SC' not found.
2025-12-18 14:31:35,780 | WARNING | findfont: Font family 'Arial Unicode MS' not found.
2025-12-18 14:31:35,780 | WARNING | findfont: Font family 'Noto Sans CJK SC' not found.
2025-12-18 14:31:35,780 | WARNING | findfont: Font family 'Arial Unicode MS' not found.
2025-12-18 14:31:35,781 | WARNING | findfont: Font family 'Noto Sans CJK SC' not found.
2025-12-18 14:31:35,781 | WARNING | findfont: Font family 'Arial Unicode MS' not found.
2025-12-18 14:31:35,781 | WARNING | findfont: Font family 'Noto Sans CJK SC' not found.
2025-12-18 14:31:35,782 | WARNING | findfont: Font family 'Arial Unicode MS' not found.
2025-12-18 14:31:35,782 | WARNING | findfont: Font family 'Noto Sans CJK SC' not found.
2025-12-18 14:31:35,783 | WARNING | findfont: Font family 'Arial Unicode MS' not found.
2025-12-18 14:31:35,783 | WARNING | findfont: Font family 'Noto Sans CJK SC' not found.
2025-12-18 14:31:35,783 | WARNING | findfont: Font family 'Arial Unicode MS' not found.
2025-12-18 14:31:35,783 | WARNING | findfont: Font family 'Noto Sans CJK SC' not found.
2025-12-18 14:31:35,788 | WARNING | findfont: Font family 'Arial Unicode MS' not found.
2025-12-18 14:31:35,788 | WARNING | findfont: Font family 'Noto Sans CJK SC' not found.
2025-12-18 14:31:35,790 | WARNING | findfont: Font family 'Arial Unicode MS' not found.
2025-12-18 14:31:35,790 | WARNING | findfont: Font family 'Noto Sans CJK SC' not found.
2025-12-18 14:31:35,790 | WARNING | findfont: Font family 'Arial Unicode MS' not found.
2025-12-18 14:31:35,790 | WARNING | findfont: Font family 'Noto Sans CJK SC' not found.
2025-12-18 14:31:35,791 | WARNING | findfont: Font family 'Arial Unicode MS' not found.
2025-12-18 14:31:35,791 | WARNING | findfont: Font family 'Noto Sans CJK SC' not found.
2025-12-18 14:31:35,792 | WARNING | findfont: Font family 'Arial Unicode MS' not found.
2025-12-18 14:31:35,792 | WARNING | findfont: Font family 'Noto Sans CJK SC' not found.
2025-12-18 14:31:35,792 | WARNING | findfont: Font family 'Arial Unicode MS' not found.
2025-12-18 14:31:35,792 | WARNING | findfont: Font family 'Noto Sans CJK SC' not found.
2025-12-18 14:31:35,793 | WARNING | findfont: Font family 'Arial Unicode MS' not found.
2025-12-18 14:31:35,793 | WARNING | findfont: Font family 'Noto Sans CJK SC' not found.
2025-12-18 14:31:35,793 | WARNING | findfont: Font family 'Arial Unicode MS' not found.
2025-12-18 14:31:35,793 | WARNING | findfont: Font family 'Noto Sans CJK SC' not found.
2025-12-18 14:31:35,794 | WARNING | findfont: Font family 'Arial Unicode MS' not found.
2025-12-18 14:31:35,794 | WARNING | findfont: Font family 'Noto Sans CJK SC' not found.
2025-12-18 14:31:35,795 | WARNING | findfont: Font family 'Arial Unicode MS' not found.
2025-12-18 14:31:35,796 | WARNING | findfont: Font family 'Noto Sans CJK SC' not found.
2025-12-18 14:31:35,799 | WARNING | findfont: Font family 'Arial Unicode MS' not found.
2025-12-18 14:31:35,799 | WARNING | findfont: Font family 'Noto Sans CJK SC' not found.
2025-12-18 14:31:35,802 | WARNING | findfont: Font family 'Arial Unicode MS' not found.
2025-12-18 14:31:35,802 | WARNING | findfont: Font family 'Noto Sans CJK SC' not found.
2025-12-18 14:31:35,803 | WARNING | findfont: Font family 'Arial Unicode MS' not found.
2025-12-18 14:31:35,803 | WARNING | findfont: Font family 'Noto Sans CJK SC' not found.
2025-12-18 14:31:35,803 | WARNING | findfont: Font family 'Arial Unicode MS' not found.
2025-12-18 14:31:35,804 | WARNING | findfont: Font family 'Noto Sans CJK SC' not found.
2025-12-18 14:31:35,917 | WARNING | findfont: Font family 'Arial Unicode MS' not found.
2025-12-18 14:31:35,917 | WARNING | findfont: Font family 'Noto Sans CJK SC' not found.
2025-12-18 14:31:35,918 | WARNING | findfont: Font family 'Arial Unicode MS' not found.
2025-12-18 14:31:35,918 | WARNING | findfont: Font family 'Noto Sans CJK SC' not found.
2025-12-18 14:31:35,918 | WARNING | findfont: Font family 'Arial Unicode MS' not found.
2025-12-18 14:31:35,918 | WARNING | findfont: Font family 'Noto Sans CJK SC' not found.
2025-12-18 14:31:35,918 | WARNING | findfont: Font family 'Arial Unicode MS' not found.
2025-12-18 14:31:35,919 | WARNING | findfont: Font family 'Noto Sans CJK SC' not found.
2025-12-18 14:31:35,919 | WARNING | findfont: Font family 'Arial Unicode MS' not found.
2025-12-18 14:31:35,919 | WARNING | findfont: Font family 'Noto Sans CJK SC' not found.
2025-12-18 14:31:35,919 | WARNING | findfont: Font family 'Arial Unicode MS' not found.
2025-12-18 14:31:35,919 | WARNING | findfont: Font family 'Noto Sans CJK SC' not found.
2025-12-18 14:31:35,919 | WARNING | findfont: Font family 'Arial Unicode MS' not found.
2025-12-18 14:31:35,920 | WARNING | findfont: Font family 'Noto Sans CJK SC' not found.
2025-12-18 14:31:35,920 | WARNING | findfont: Font family 'Arial Unicode MS' not found.
2025-12-18 14:31:35,920 | WARNING | findfont: Font family 'Noto Sans CJK SC' not found.
2025-12-18 14:31:35,920 | WARNING | findfont: Font family 'Arial Unicode MS' not found.
2025-12-18 14:31:35,920 | WARNING | findfont: Font family 'Noto Sans CJK SC' not found.
2025-12-18 14:31:35,921 | WARNING | findfont: Font family 'Arial Unicode MS' not found.
2025-12-18 14:31:35,921 | WARNING | findfont: Font family 'Noto Sans CJK SC' not found.
2025-12-18 14:31:35,923 | WARNING | findfont: Font family 'Arial Unicode MS' not found.
2025-12-18 14:31:35,924 | WARNING | findfont: Font family 'Noto Sans CJK SC' not found.
2025-12-18 14:31:35,928 | WARNING | findfont: Font family 'Arial Unicode MS' not found.
2025-12-18 14:31:35,928 | WARNING | findfont: Font family 'Noto Sans CJK SC' not found.
2025-12-18 14:31:35,929 | WARNING | findfont: Font family 'Arial Unicode MS' not found.
2025-12-18 14:31:35,929 | WARNING | findfont: Font family 'Noto Sans CJK SC' not found.
2025-12-18 14:31:35,929 | WARNING | findfont: Font family 'Arial Unicode MS' not found.
2025-12-18 14:31:35,929 | WARNING | findfont: Font family 'Noto Sans CJK SC' not found.
2025-12-18 14:31:35,930 | WARNING | findfont: Font family 'Arial Unicode MS' not found.
2025-12-18 14:31:35,930 | WARNING | findfont: Font family 'Noto Sans CJK SC' not found.
2025-12-18 14:31:35,930 | WARNING | findfont: Font family 'Arial Unicode MS' not found.
2025-12-18 14:31:35,931 | WARNING | findfont: Font family 'Noto Sans CJK SC' not found.
2025-12-18 14:31:35,931 | WARNING | findfont: Font family 'Arial Unicode MS' not found.
2025-12-18 14:31:35,931 | WARNING | findfont: Font family 'Noto Sans CJK SC' not found.
2025-12-18 14:31:35,931 | WARNING | findfont: Font family 'Arial Unicode MS' not found.
2025-12-18 14:31:35,931 | WARNING | findfont: Font family 'Noto Sans CJK SC' not found.
2025-12-18 14:31:35,933 | WARNING | findfont: Font family 'Arial Unicode MS' not found.
2025-12-18 14:31:35,933 | WARNING | findfont: Font family 'Noto Sans CJK SC' not found.
2025-12-18 14:31:35,935 | WARNING | findfont: Font family 'Arial Unicode MS' not found.
2025-12-18 14:31:35,936 | WARNING | findfont: Font family 'Noto Sans CJK SC' not found.
2025-12-18 14:31:35,936 | WARNING | findfont: Font family 'Arial Unicode MS' not found.
2025-12-18 14:31:35,936 | WARNING | findfont: Font family 'Noto Sans CJK SC' not found.
2025-12-18 14:31:35,941 | WARNING | findfont: Font family 'Arial Unicode MS' not found.
2025-12-18 14:31:35,941 | WARNING | findfont: Font family 'Noto Sans CJK SC' not found.
2025-12-18 14:31:35,942 | WARNING | findfont: Font family 'Arial Unicode MS' not found.
2025-12-18 14:31:35,942 | WARNING | findfont: Font family 'Noto Sans CJK SC' not found.
2025-12-18 14:31:35,943 | WARNING | findfont: Font family 'Arial Unicode MS' not found.
2025-12-18 14:31:35,943 | WARNING | findfont: Font family 'Noto Sans CJK SC' not found.
2025-12-18 14:31:35,948 | WARNING | findfont: Font family 'Arial Unicode MS' not found.
2025-12-18 14:31:35,949 | WARNING | findfont: Font family 'Noto Sans CJK SC' not found.
2025-12-18 14:31:35,949 | WARNING | findfont: Font family 'Arial Unicode MS' not found.
2025-12-18 14:31:35,949 | WARNING | findfont: Font family 'Noto Sans CJK SC' not found.
2025-12-18 14:31:35,950 | WARNING | findfont: Font family 'Arial Unicode MS' not found.
2025-12-18 14:31:35,950 | WARNING | findfont: Font family 'Noto Sans CJK SC' not found.
2025-12-18 14:31:35,951 | WARNING | findfont: Font family 'Arial Unicode MS' not found.
2025-12-18 14:31:35,951 | WARNING | findfont: Font family 'Noto Sans CJK SC' not found.
2025-12-18 14:31:35,951 | WARNING | findfont: Font family 'Arial Unicode MS' not found.
2025-12-18 14:31:35,951 | WARNING | findfont: Font family 'Noto Sans CJK SC' not found.
2025-12-18 14:31:35,951 | WARNING | findfont: Font family 'Arial Unicode MS' not found.
2025-12-18 14:31:35,951 | WARNING | findfont: Font family 'Noto Sans CJK SC' not found.
2025-12-18 14:31:35,952 | WARNING | findfont: Font family 'Arial Unicode MS' not found.
2025-12-18 14:31:35,952 | WARNING | findfont: Font family 'Noto Sans CJK SC' not found.
2025-12-18 14:31:35,952 | WARNING | findfont: Font family 'Arial Unicode MS' not found.
2025-12-18 14:31:35,952 | WARNING | findfont: Font family 'Noto Sans CJK SC' not found.
2025-12-18 14:31:35,953 | WARNING | findfont: Font family 'Arial Unicode MS' not found.
2025-12-18 14:31:35,953 | WARNING | findfont: Font family 'Noto Sans CJK SC' not found.
2025-12-18 14:31:35,954 | WARNING | findfont: Font family 'Arial Unicode MS' not found.
2025-12-18 14:31:35,954 | WARNING | findfont: Font family 'Noto Sans CJK SC' not found.
2025-12-18 14:31:35,954 | WARNING | findfont: Font family 'Arial Unicode MS' not found.
2025-12-18 14:31:35,954 | WARNING | findfont: Font family 'Noto Sans CJK SC' not found.
2025-12-18 14:31:35,957 | WARNING | findfont: Font family 'Arial Unicode MS' not found.
2025-12-18 14:31:35,957 | WARNING | findfont: Font family 'Noto Sans CJK SC' not found.
2025-12-18 14:31:35,958 | WARNING | findfont: Font family 'Arial Unicode MS' not found.
2025-12-18 14:31:35,958 | WARNING | findfont: Font family 'Noto Sans CJK SC' not found.
2025-12-18 14:31:35,958 | WARNING | findfont: Font family 'Arial Unicode MS' not found.
2025-12-18 14:31:35,958 | WARNING | findfont: Font family 'Noto Sans CJK SC' not found.
2025-12-18 14:31:35,959 | WARNING | findfont: Font family 'Arial Unicode MS' not found.
2025-12-18 14:31:35,959 | WARNING | findfont: Font family 'Noto Sans CJK SC' not found.
2025-12-18 14:31:35,959 | WARNING | findfont: Font family 'Arial Unicode MS' not found.
2025-12-18 14:31:35,959 | WARNING | findfont: Font family 'Noto Sans CJK SC' not found.
2025-12-18 14:31:35,959 | WARNING | findfont: Font family 'Arial Unicode MS' not found.
2025-12-18 14:31:35,959 | WARNING | findfont: Font family 'Noto Sans CJK SC' not found.
2025-12-18 14:31:35,960 | WARNING | findfont: Font family 'Arial Unicode MS' not found.
2025-12-18 14:31:35,960 | WARNING | findfont: Font family 'Noto Sans CJK SC' not found.
2025-12-18 14:31:35,960 | WARNING | findfont: Font family 'Arial Unicode MS' not found.
2025-12-18 14:31:35,960 | WARNING | findfont: Font family 'Noto Sans CJK SC' not found.
2025-12-18 14:31:35,960 | WARNING | findfont: Font family 'Arial Unicode MS' not found.
2025-12-18 14:31:35,960 | WARNING | findfont: Font family 'Noto Sans CJK SC' not found.
2025-12-18 14:31:35,967 | WARNING | findfont: Font family 'Arial Unicode MS' not found.
2025-12-18 14:31:35,967 | WARNING | findfont: Font family 'Noto Sans CJK SC' not found.
2025-12-18 14:31:35,971 | WARNING | findfont: Font family 'Arial Unicode MS' not found.
2025-12-18 14:31:35,971 | WARNING | findfont: Font family 'Noto Sans CJK SC' not found.
2025-12-18 14:31:35,971 | WARNING | findfont: Font family 'Arial Unicode MS' not found.
2025-12-18 14:31:35,971 | WARNING | findfont: Font family 'Noto Sans CJK SC' not found.
2025-12-18 14:31:35,972 | WARNING | findfont: Font family 'Arial Unicode MS' not found.
2025-12-18 14:31:35,972 | WARNING | findfont: Font family 'Noto Sans CJK SC' not found.
2025-12-18 14:31:35,979 | WARNING | findfont: Font family 'Arial Unicode MS' not found.
2025-12-18 14:31:35,980 | WARNING | findfont: Font family 'Noto Sans CJK SC' not found.
2025-12-18 14:31:35,981 | WARNING | findfont: Font family 'Arial Unicode MS' not found.
2025-12-18 14:31:35,981 | WARNING | findfont: Font family 'Noto Sans CJK SC' not found.
2025-12-18 14:31:35,981 | WARNING | findfont: Font family 'Arial Unicode MS' not found.
2025-12-18 14:31:35,981 | WARNING | findfont: Font family 'Noto Sans CJK SC' not found.
2025-12-18 14:31:35,982 | WARNING | findfont: Font family 'Arial Unicode MS' not found.
2025-12-18 14:31:35,982 | WARNING | findfont: Font family 'Noto Sans CJK SC' not found.
2025-12-18 14:31:35,983 | WARNING | findfont: Font family 'Arial Unicode MS' not found.
2025-12-18 14:31:35,983 | WARNING | findfont: Font family 'Noto Sans CJK SC' not found.
2025-12-18 14:31:35,984 | WARNING | findfont: Font family 'Arial Unicode MS' not found.
2025-12-18 14:31:35,984 | WARNING | findfont: Font family 'Noto Sans CJK SC' not found.
2025-12-18 14:31:35,985 | WARNING | findfont: Font family 'Arial Unicode MS' not found.
2025-12-18 14:31:35,985 | WARNING | findfont: Font family 'Noto Sans CJK SC' not found.
2025-12-18 14:31:35,985 | WARNING | findfont: Font family 'Arial Unicode MS' not found.
2025-12-18 14:31:35,985 | WARNING | findfont: Font family 'Noto Sans CJK SC' not found.
2025-12-18 14:31:35,986 | WARNING | findfont: Font family 'Arial Unicode MS' not found.
2025-12-18 14:31:35,986 | WARNING | findfont: Font family 'Noto Sans CJK SC' not found.
2025-12-18 14:31:35,990 | WARNING | findfont: Font family 'Arial Unicode MS' not found.
2025-12-18 14:31:35,990 | WARNING | findfont: Font family 'Noto Sans CJK SC' not found.
2025-12-18 14:31:35,992 | WARNING | findfont: Font family 'Arial Unicode MS' not found.
2025-12-18 14:31:35,992 | WARNING | findfont: Font family 'Noto Sans CJK SC' not found.
2025-12-18 14:31:35,993 | WARNING | findfont: Font family 'Arial Unicode MS' not found.
2025-12-18 14:31:35,993 | WARNING | findfont: Font family 'Noto Sans CJK SC' not found.
2025-12-18 14:31:35,993 | WARNING | findfont: Font family 'Arial Unicode MS' not found.
2025-12-18 14:31:35,994 | WARNING | findfont: Font family 'Noto Sans CJK SC' not found.
2025-12-18 14:31:35,994 | WARNING | findfont: Font family 'Arial Unicode MS' not found.
2025-12-18 14:31:35,994 | WARNING | findfont: Font family 'Noto Sans CJK SC' not found.
2025-12-18 14:31:35,995 | WARNING | findfont: Font family 'Arial Unicode MS' not found.
2025-12-18 14:31:35,995 | WARNING | findfont: Font family 'Noto Sans CJK SC' not found.
2025-12-18 14:31:35,995 | WARNING | findfont: Font family 'Arial Unicode MS' not found.
2025-12-18 14:31:35,995 | WARNING | findfont: Font family 'Noto Sans CJK SC' not found.
2025-12-18 14:31:35,996 | WARNING | findfont: Font family 'Arial Unicode MS' not found.
2025-12-18 14:31:35,996 | WARNING | findfont: Font family 'Noto Sans CJK SC' not found.
2025-12-18 14:31:35,997 | WARNING | findfont: Font family 'Arial Unicode MS' not found.
2025-12-18 14:31:35,998 | WARNING | findfont: Font family 'Noto Sans CJK SC' not found.
2025-12-18 14:31:36,001 | WARNING | findfont: Font family 'Arial Unicode MS' not found.
2025-12-18 14:31:36,001 | WARNING | findfont: Font family 'Noto Sans CJK SC' not found.
2025-12-18 14:31:36,005 | WARNING | findfont: Font family 'Arial Unicode MS' not found.
2025-12-18 14:31:36,005 | WARNING | findfont: Font family 'Noto Sans CJK SC' not found.
2025-12-18 14:31:36,005 | WARNING | findfont: Font family 'Arial Unicode MS' not found.
2025-12-18 14:31:36,006 | WARNING | findfont: Font family 'Noto Sans CJK SC' not found.
2025-12-18 14:31:36,006 | WARNING | findfont: Font family 'Arial Unicode MS' not found.
2025-12-18 14:31:36,006 | WARNING | findfont: Font family 'Noto Sans CJK SC' not found.
2025-12-18 14:31:36,118 | WARNING | findfont: Font family 'Arial Unicode MS' not found.
2025-12-18 14:31:36,119 | WARNING | findfont: Font family 'Noto Sans CJK SC' not found.
2025-12-18 14:31:36,119 | WARNING | findfont: Font family 'Arial Unicode MS' not found.
2025-12-18 14:31:36,119 | WARNING | findfont: Font family 'Noto Sans CJK SC' not found.
2025-12-18 14:31:36,119 | WARNING | findfont: Font family 'Arial Unicode MS' not found.
2025-12-18 14:31:36,120 | WARNING | findfont: Font family 'Noto Sans CJK SC' not found.
2025-12-18 14:31:36,120 | WARNING | findfont: Font family 'Arial Unicode MS' not found.
2025-12-18 14:31:36,120 | WARNING | findfont: Font family 'Noto Sans CJK SC' not found.
2025-12-18 14:31:36,120 | WARNING | findfont: Font family 'Arial Unicode MS' not found.
2025-12-18 14:31:36,120 | WARNING | findfont: Font family 'Noto Sans CJK SC' not found.
2025-12-18 14:31:36,121 | WARNING | findfont: Font family 'Arial Unicode MS' not found.
2025-12-18 14:31:36,121 | WARNING | findfont: Font family 'Noto Sans CJK SC' not found.
2025-12-18 14:31:36,121 | WARNING | findfont: Font family 'Arial Unicode MS' not found.
2025-12-18 14:31:36,121 | WARNING | findfont: Font family 'Noto Sans CJK SC' not found.
2025-12-18 14:31:36,122 | WARNING | findfont: Font family 'Arial Unicode MS' not found.
2025-12-18 14:31:36,122 | WARNING | findfont: Font family 'Noto Sans CJK SC' not found.
2025-12-18 14:31:36,122 | WARNING | findfont: Font family 'Arial Unicode MS' not found.
2025-12-18 14:31:36,122 | WARNING | findfont: Font family 'Noto Sans CJK SC' not found.
2025-12-18 14:31:36,125 | WARNING | findfont: Font family 'Arial Unicode MS' not found.
2025-12-18 14:31:36,125 | WARNING | findfont: Font family 'Noto Sans CJK SC' not found.
2025-12-18 14:31:36,330 | WARNING | findfont: Font family 'Arial Unicode MS' not found.
2025-12-18 14:31:36,330 | WARNING | findfont: Font family 'Noto Sans CJK SC' not found.
2025-12-18 14:31:36,331 | WARNING | findfont: Font family 'Arial Unicode MS' not found.
2025-12-18 14:31:36,331 | WARNING | findfont: Font family 'Noto Sans CJK SC' not found.
2025-12-18 14:31:36,332 | WARNING | findfont: Font family 'Arial Unicode MS' not found.
2025-12-18 14:31:36,332 | WARNING | findfont: Font family 'Noto Sans CJK SC' not found.
2025-12-18 14:31:36,333 | WARNING | findfont: Font family 'Arial Unicode MS' not found.
2025-12-18 14:31:36,333 | WARNING | findfont: Font family 'Noto Sans CJK SC' not found.
2025-12-18 14:31:36,334 | WARNING | findfont: Font family 'Arial Unicode MS' not found.
2025-12-18 14:31:36,334 | WARNING | findfont: Font family 'Noto Sans CJK SC' not found.
2025-12-18 14:31:36,334 | WARNING | findfont: Font family 'Arial Unicode MS' not found.
2025-12-18 14:31:36,335 | WARNING | findfont: Font family 'Noto Sans CJK SC' not found.
2025-12-18 14:31:36,335 | WARNING | findfont: Font family 'Arial Unicode MS' not found.
2025-12-18 14:31:36,335 | WARNING | findfont: Font family 'Noto Sans CJK SC' not found.
2025-12-18 14:31:36,338 | WARNING | findfont: Font family 'Arial Unicode MS' not found.
2025-12-18 14:31:36,338 | WARNING | findfont: Font family 'Noto Sans CJK SC' not found.
2025-12-18 14:31:36,343 | WARNING | findfont: Font family 'Arial Unicode MS' not found.
2025-12-18 14:31:36,343 | WARNING | findfont: Font family 'Noto Sans CJK SC' not found.
2025-12-18 14:31:36,343 | WARNING | findfont: Font family 'Arial Unicode MS' not found.
2025-12-18 14:31:36,343 | WARNING | findfont: Font family 'Noto Sans CJK SC' not found.
2025-12-18 14:31:36,352 | WARNING | findfont: Font family 'Arial Unicode MS' not found.
2025-12-18 14:31:36,353 | WARNING | findfont: Font family 'Noto Sans CJK SC' not found.
2025-12-18 14:31:36,353 | WARNING | findfont: Font family 'Arial Unicode MS' not found.
2025-12-18 14:31:36,354 | WARNING | findfont: Font family 'Noto Sans CJK SC' not found.
2025-12-18 14:31:36,354 | WARNING | findfont: Font family 'Arial Unicode MS' not found.
2025-12-18 14:31:36,355 | WARNING | findfont: Font family 'Noto Sans CJK SC' not found.
2025-12-18 14:31:36,363 | WARNING | findfont: Font family 'Arial Unicode MS' not found.
2025-12-18 14:31:36,364 | WARNING | findfont: Font family 'Noto Sans CJK SC' not found.
2025-12-18 14:31:36,364 | WARNING | findfont: Font family 'Arial Unicode MS' not found.
2025-12-18 14:31:36,365 | WARNING | findfont: Font family 'Noto Sans CJK SC' not found.
2025-12-18 14:31:36,365 | WARNING | findfont: Font family 'Arial Unicode MS' not found.
2025-12-18 14:31:36,365 | WARNING | findfont: Font family 'Noto Sans CJK SC' not found.
2025-12-18 14:31:36,366 | WARNING | findfont: Font family 'Arial Unicode MS' not found.
2025-12-18 14:31:36,366 | WARNING | findfont: Font family 'Noto Sans CJK SC' not found.
2025-12-18 14:31:36,367 | WARNING | findfont: Font family 'Arial Unicode MS' not found.
2025-12-18 14:31:36,367 | WARNING | findfont: Font family 'Noto Sans CJK SC' not found.
2025-12-18 14:31:36,367 | WARNING | findfont: Font family 'Arial Unicode MS' not found.
2025-12-18 14:31:36,368 | WARNING | findfont: Font family 'Noto Sans CJK SC' not found.
2025-12-18 14:31:36,368 | WARNING | findfont: Font family 'Arial Unicode MS' not found.
2025-12-18 14:31:36,368 | WARNING | findfont: Font family 'Noto Sans CJK SC' not found.
2025-12-18 14:31:36,369 | WARNING | findfont: Font family 'Arial Unicode MS' not found.
2025-12-18 14:31:36,369 | WARNING | findfont: Font family 'Noto Sans CJK SC' not found.
2025-12-18 14:31:36,371 | WARNING | findfont: Font family 'Arial Unicode MS' not found.
2025-12-18 14:31:36,371 | WARNING | findfont: Font family 'Noto Sans CJK SC' not found.
2025-12-18 14:31:36,373 | WARNING | findfont: Font family 'Arial Unicode MS' not found.
2025-12-18 14:31:36,373 | WARNING | findfont: Font family 'Noto Sans CJK SC' not found.
2025-12-18 14:31:36,373 | WARNING | findfont: Font family 'Arial Unicode MS' not found.
2025-12-18 14:31:36,373 | WARNING | findfont: Font family 'Noto Sans CJK SC' not found.
2025-12-18 14:31:36,377 | WARNING | findfont: Font family 'Arial Unicode MS' not found.
2025-12-18 14:31:36,378 | WARNING | findfont: Font family 'Noto Sans CJK SC' not found.
2025-12-18 14:31:36,378 | WARNING | findfont: Font family 'Arial Unicode MS' not found.
2025-12-18 14:31:36,379 | WARNING | findfont: Font family 'Noto Sans CJK SC' not found.
2025-12-18 14:31:36,379 | WARNING | findfont: Font family 'Arial Unicode MS' not found.
2025-12-18 14:31:36,379 | WARNING | findfont: Font family 'Noto Sans CJK SC' not found.
2025-12-18 14:31:36,380 | WARNING | findfont: Font family 'Arial Unicode MS' not found.
2025-12-18 14:31:36,380 | WARNING | findfont: Font family 'Noto Sans CJK SC' not found.
2025-12-18 14:31:36,381 | WARNING | findfont: Font family 'Arial Unicode MS' not found.
2025-12-18 14:31:36,381 | WARNING | findfont: Font family 'Noto Sans CJK SC' not found.
2025-12-18 14:31:36,382 | WARNING | findfont: Font family 'Arial Unicode MS' not found.
2025-12-18 14:31:36,382 | WARNING | findfont: Font family 'Noto Sans CJK SC' not found.
2025-12-18 14:31:36,383 | WARNING | findfont: Font family 'Arial Unicode MS' not found.
2025-12-18 14:31:36,383 | WARNING | findfont: Font family 'Noto Sans CJK SC' not found.
2025-12-18 14:31:36,383 | WARNING | findfont: Font family 'Arial Unicode MS' not found.
2025-12-18 14:31:36,383 | WARNING | findfont: Font family 'Noto Sans CJK SC' not found.
2025-12-18 14:31:36,393 | WARNING | findfont: Font family 'Arial Unicode MS' not found.
2025-12-18 14:31:36,393 | WARNING | findfont: Font family 'Noto Sans CJK SC' not found.
2025-12-18 14:31:36,399 | WARNING | findfont: Font family 'Arial Unicode MS' not found.
2025-12-18 14:31:36,400 | WARNING | findfont: Font family 'Noto Sans CJK SC' not found.
2025-12-18 14:31:36,401 | WARNING | findfont: Font family 'Arial Unicode MS' not found.
2025-12-18 14:31:36,401 | WARNING | findfont: Font family 'Noto Sans CJK SC' not found.
2025-12-18 14:31:36,402 | WARNING | findfont: Font family 'Arial Unicode MS' not found.
2025-12-18 14:31:36,402 | WARNING | findfont: Font family 'Noto Sans CJK SC' not found.
2025-12-18 14:31:36,415 | WARNING | findfont: Font family 'Arial Unicode MS' not found.
2025-12-18 14:31:36,416 | WARNING | findfont: Font family 'Noto Sans CJK SC' not found.
2025-12-18 14:31:36,417 | WARNING | findfont: Font family 'Arial Unicode MS' not found.
2025-12-18 14:31:36,417 | WARNING | findfont: Font family 'Noto Sans CJK SC' not found.
2025-12-18 14:31:36,418 | WARNING | findfont: Font family 'Arial Unicode MS' not found.
2025-12-18 14:31:36,418 | WARNING | findfont: Font family 'Noto Sans CJK SC' not found.
2025-12-18 14:31:36,419 | WARNING | findfont: Font family 'Arial Unicode MS' not found.
2025-12-18 14:31:36,420 | WARNING | findfont: Font family 'Noto Sans CJK SC' not found.
2025-12-18 14:31:36,421 | WARNING | findfont: Font family 'Arial Unicode MS' not found.
2025-12-18 14:31:36,421 | WARNING | findfont: Font family 'Noto Sans CJK SC' not found.
2025-12-18 14:31:36,422 | WARNING | findfont: Font family 'Arial Unicode MS' not found.
2025-12-18 14:31:36,422 | WARNING | findfont: Font family 'Noto Sans CJK SC' not found.
2025-12-18 14:31:36,423 | WARNING | findfont: Font family 'Arial Unicode MS' not found.
2025-12-18 14:31:36,423 | WARNING | findfont: Font family 'Noto Sans CJK SC' not found.
2025-12-18 14:31:36,424 | WARNING | findfont: Font family 'Arial Unicode MS' not found.
2025-12-18 14:31:36,424 | WARNING | findfont: Font family 'Noto Sans CJK SC' not found.
2025-12-18 14:31:36,433 | WARNING | findfont: Font family 'Arial Unicode MS' not found.
2025-12-18 14:31:36,433 | WARNING | findfont: Font family 'Noto Sans CJK SC' not found.
2025-12-18 14:31:36,436 | WARNING | findfont: Font family 'Arial Unicode MS' not found.
2025-12-18 14:31:36,436 | WARNING | findfont: Font family 'Noto Sans CJK SC' not found.
2025-12-18 14:31:36,437 | WARNING | findfont: Font family 'Arial Unicode MS' not found.
2025-12-18 14:31:36,438 | WARNING | findfont: Font family 'Noto Sans CJK SC' not found.
2025-12-18 14:31:36,439 | WARNING | findfont: Font family 'Arial Unicode MS' not found.
2025-12-18 14:31:36,439 | WARNING | findfont: Font family 'Noto Sans CJK SC' not found.
2025-12-18 14:31:36,440 | WARNING | findfont: Font family 'Arial Unicode MS' not found.
2025-12-18 14:31:36,440 | WARNING | findfont: Font family 'Noto Sans CJK SC' not found.
2025-12-18 14:31:36,441 | WARNING | findfont: Font family 'Arial Unicode MS' not found.
2025-12-18 14:31:36,441 | WARNING | findfont: Font family 'Noto Sans CJK SC' not found.
2025-12-18 14:31:36,442 | WARNING | findfont: Font family 'Arial Unicode MS' not found.
2025-12-18 14:31:36,442 | WARNING | findfont: Font family 'Noto Sans CJK SC' not found.
2025-12-18 14:31:36,443 | WARNING | findfont: Font family 'Arial Unicode MS' not found.
2025-12-18 14:31:36,443 | WARNING | findfont: Font family 'Noto Sans CJK SC' not found.
2025-12-18 14:31:36,447 | WARNING | findfont: Font family 'Arial Unicode MS' not found.
2025-12-18 14:31:36,448 | WARNING | findfont: Font family 'Noto Sans CJK SC' not found.
2025-12-18 14:31:36,453 | WARNING | findfont: Font family 'Arial Unicode MS' not found.
2025-12-18 14:31:36,453 | WARNING | findfont: Font family 'Noto Sans CJK SC' not found.
2025-12-18 14:31:36,459 | WARNING | findfont: Font family 'Arial Unicode MS' not found.
2025-12-18 14:31:36,459 | WARNING | findfont: Font family 'Noto Sans CJK SC' not found.
2025-12-18 14:31:36,460 | WARNING | findfont: Font family 'Arial Unicode MS' not found.
2025-12-18 14:31:36,460 | WARNING | findfont: Font family 'Noto Sans CJK SC' not found.
2025-12-18 14:31:36,461 | WARNING | findfont: Font family 'Arial Unicode MS' not found.
2025-12-18 14:31:36,461 | WARNING | findfont: Font family 'Noto Sans CJK SC' not found.
2025-12-18 14:31:36,646 | WARNING | findfont: Font family 'Arial Unicode MS' not found.
2025-12-18 14:31:36,646 | WARNING | findfont: Font family 'Noto Sans CJK SC' not found.
2025-12-18 14:31:36,647 | WARNING | findfont: Font family 'Arial Unicode MS' not found.
2025-12-18 14:31:36,647 | WARNING | findfont: Font family 'Noto Sans CJK SC' not found.
2025-12-18 14:31:36,648 | WARNING | findfont: Font family 'Arial Unicode MS' not found.
2025-12-18 14:31:36,649 | WARNING | findfont: Font family 'Noto Sans CJK SC' not found.
2025-12-18 14:31:36,649 | WARNING | findfont: Font family 'Arial Unicode MS' not found.
2025-12-18 14:31:36,650 | WARNING | findfont: Font family 'Noto Sans CJK SC' not found.
2025-12-18 14:31:36,650 | WARNING | findfont: Font family 'Arial Unicode MS' not found.
2025-12-18 14:31:36,651 | WARNING | findfont: Font family 'Noto Sans CJK SC' not found.
2025-12-18 14:31:36,651 | WARNING | findfont: Font family 'Arial Unicode MS' not found.
2025-12-18 14:31:36,652 | WARNING | findfont: Font family 'Noto Sans CJK SC' not found.
2025-12-18 14:31:36,653 | WARNING | findfont: Font family 'Arial Unicode MS' not found.
2025-12-18 14:31:36,653 | WARNING | findfont: Font family 'Noto Sans CJK SC' not found.
2025-12-18 14:31:36,654 | WARNING | findfont: Font family 'Arial Unicode MS' not found.
2025-12-18 14:31:36,654 | WARNING | findfont: Font family 'Noto Sans CJK SC' not found.
2025-12-18 14:31:36,655 | WARNING | findfont: Font family 'Arial Unicode MS' not found.
2025-12-18 14:31:36,655 | WARNING | findfont: Font family 'Noto Sans CJK SC' not found.
2025-12-18 14:31:36,656 | WARNING | findfont: Font family 'Arial Unicode MS' not found.
2025-12-18 14:31:36,656 | WARNING | findfont: Font family 'Noto Sans CJK SC' not found.
2025-12-18 14:31:36,661 | WARNING | findfont: Font family 'Arial Unicode MS' not found.
2025-12-18 14:31:36,661 | WARNING | findfont: Font family 'Noto Sans CJK SC' not found.
2025-12-18 14:31:36,669 | WARNING | findfont: Font family 'Arial Unicode MS' not found.
2025-12-18 14:31:36,669 | WARNING | findfont: Font family 'Noto Sans CJK SC' not found.
2025-12-18 14:31:36,670 | WARNING | findfont: Font family 'Arial Unicode MS' not found.
2025-12-18 14:31:36,670 | WARNING | findfont: Font family 'Noto Sans CJK SC' not found.
2025-12-18 14:31:36,671 | WARNING | findfont: Font family 'Arial Unicode MS' not found.
2025-12-18 14:31:36,671 | WARNING | findfont: Font family 'Noto Sans CJK SC' not found.
2025-12-18 14:31:36,672 | WARNING | findfont: Font family 'Arial Unicode MS' not found.
2025-12-18 14:31:36,672 | WARNING | findfont: Font family 'Noto Sans CJK SC' not found.
2025-12-18 14:31:36,673 | WARNING | findfont: Font family 'Arial Unicode MS' not found.
2025-12-18 14:31:36,673 | WARNING | findfont: Font family 'Noto Sans CJK SC' not found.
2025-12-18 14:31:36,675 | WARNING | findfont: Font family 'Arial Unicode MS' not found.
2025-12-18 14:31:36,675 | WARNING | findfont: Font family 'Noto Sans CJK SC' not found.
2025-12-18 14:31:36,679 | WARNING | findfont: Font family 'Arial Unicode MS' not found.
2025-12-18 14:31:36,679 | WARNING | findfont: Font family 'Noto Sans CJK SC' not found.
2025-12-18 14:31:36,680 | WARNING | findfont: Font family 'Arial Unicode MS' not found.
2025-12-18 14:31:36,680 | WARNING | findfont: Font family 'Noto Sans CJK SC' not found.
2025-12-18 14:31:36,689 | WARNING | findfont: Font family 'Arial Unicode MS' not found.
2025-12-18 14:31:36,689 | WARNING | findfont: Font family 'Noto Sans CJK SC' not found.
2025-12-18 14:31:36,690 | WARNING | findfont: Font family 'Arial Unicode MS' not found.
2025-12-18 14:31:36,690 | WARNING | findfont: Font family 'Noto Sans CJK SC' not found.
2025-12-18 14:31:36,691 | WARNING | findfont: Font family 'Arial Unicode MS' not found.
2025-12-18 14:31:36,691 | WARNING | findfont: Font family 'Noto Sans CJK SC' not found.
2025-12-18 14:31:36,700 | WARNING | findfont: Font family 'Arial Unicode MS' not found.
2025-12-18 14:31:36,700 | WARNING | findfont: Font family 'Noto Sans CJK SC' not found.
2025-12-18 14:31:36,700 | WARNING | findfont: Font family 'Arial Unicode MS' not found.
2025-12-18 14:31:36,701 | WARNING | findfont: Font family 'Noto Sans CJK SC' not found.
2025-12-18 14:31:36,701 | WARNING | findfont: Font family 'Arial Unicode MS' not found.
2025-12-18 14:31:36,702 | WARNING | findfont: Font family 'Noto Sans CJK SC' not found.
2025-12-18 14:31:36,702 | WARNING | findfont: Font family 'Arial Unicode MS' not found.
2025-12-18 14:31:36,702 | WARNING | findfont: Font family 'Noto Sans CJK SC' not found.
2025-12-18 14:31:36,703 | WARNING | findfont: Font family 'Arial Unicode MS' not found.
2025-12-18 14:31:36,703 | WARNING | findfont: Font family 'Noto Sans CJK SC' not found.
2025-12-18 14:31:36,703 | WARNING | findfont: Font family 'Arial Unicode MS' not found.
2025-12-18 14:31:36,704 | WARNING | findfont: Font family 'Noto Sans CJK SC' not found.
2025-12-18 14:31:36,705 | WARNING | findfont: Font family 'Arial Unicode MS' not found.
2025-12-18 14:31:36,705 | WARNING | findfont: Font family 'Noto Sans CJK SC' not found.
2025-12-18 14:31:36,706 | WARNING | findfont: Font family 'Arial Unicode MS' not found.
2025-12-18 14:31:36,706 | WARNING | findfont: Font family 'Noto Sans CJK SC' not found.
2025-12-18 14:31:36,706 | WARNING | findfont: Font family 'Arial Unicode MS' not found.
2025-12-18 14:31:36,708 | WARNING | findfont: Font family 'Noto Sans CJK SC' not found.
2025-12-18 14:31:36,712 | WARNING | findfont: Font family 'Arial Unicode MS' not found.
2025-12-18 14:31:36,712 | WARNING | findfont: Font family 'Noto Sans CJK SC' not found.
2025-12-18 14:31:36,713 | WARNING | findfont: Font family 'Arial Unicode MS' not found.
2025-12-18 14:31:36,713 | WARNING | findfont: Font family 'Noto Sans CJK SC' not found.
2025-12-18 14:31:36,713 | WARNING | findfont: Font family 'Arial Unicode MS' not found.
2025-12-18 14:31:36,713 | WARNING | findfont: Font family 'Noto Sans CJK SC' not found.
2025-12-18 14:31:36,714 | WARNING | findfont: Font family 'Arial Unicode MS' not found.
2025-12-18 14:31:36,714 | WARNING | findfont: Font family 'Noto Sans CJK SC' not found.
2025-12-18 14:31:36,715 | WARNING | findfont: Font family 'Arial Unicode MS' not found.
2025-12-18 14:31:36,715 | WARNING | findfont: Font family 'Noto Sans CJK SC' not found.
2025-12-18 14:31:36,715 | WARNING | findfont: Font family 'Arial Unicode MS' not found.
2025-12-18 14:31:36,715 | WARNING | findfont: Font family 'Noto Sans CJK SC' not found.
2025-12-18 14:31:36,716 | WARNING | findfont: Font family 'Arial Unicode MS' not found.
2025-12-18 14:31:36,716 | WARNING | findfont: Font family 'Noto Sans CJK SC' not found.
2025-12-18 14:31:36,717 | WARNING | findfont: Font family 'Arial Unicode MS' not found.
2025-12-18 14:31:36,717 | WARNING | findfont: Font family 'Noto Sans CJK SC' not found.
2025-12-18 14:31:36,717 | WARNING | findfont: Font family 'Arial Unicode MS' not found.
2025-12-18 14:31:36,717 | WARNING | findfont: Font family 'Noto Sans CJK SC' not found.
2025-12-18 14:31:36,727 | WARNING | findfont: Font family 'Arial Unicode MS' not found.
2025-12-18 14:31:36,727 | WARNING | findfont: Font family 'Noto Sans CJK SC' not found.
2025-12-18 14:31:36,733 | WARNING | findfont: Font family 'Arial Unicode MS' not found.
2025-12-18 14:31:36,733 | WARNING | findfont: Font family 'Noto Sans CJK SC' not found.
2025-12-18 14:31:36,734 | WARNING | findfont: Font family 'Arial Unicode MS' not found.
2025-12-18 14:31:36,734 | WARNING | findfont: Font family 'Noto Sans CJK SC' not found.
2025-12-18 14:31:36,735 | WARNING | findfont: Font family 'Arial Unicode MS' not found.
2025-12-18 14:31:36,735 | WARNING | findfont: Font family 'Noto Sans CJK SC' not found.
2025-12-18 14:31:36,750 | WARNING | findfont: Font family 'Arial Unicode MS' not found.
2025-12-18 14:31:36,750 | WARNING | findfont: Font family 'Noto Sans CJK SC' not found.
2025-12-18 14:31:36,751 | WARNING | findfont: Font family 'Arial Unicode MS' not found.
2025-12-18 14:31:36,752 | WARNING | findfont: Font family 'Noto Sans CJK SC' not found.
2025-12-18 14:31:36,753 | WARNING | findfont: Font family 'Arial Unicode MS' not found.
2025-12-18 14:31:36,753 | WARNING | findfont: Font family 'Noto Sans CJK SC' not found.
2025-12-18 14:31:36,753 | WARNING | findfont: Font family 'Arial Unicode MS' not found.
2025-12-18 14:31:36,753 | WARNING | findfont: Font family 'Noto Sans CJK SC' not found.
2025-12-18 14:31:36,755 | WARNING | findfont: Font family 'Arial Unicode MS' not found.
2025-12-18 14:31:36,755 | WARNING | findfont: Font family 'Noto Sans CJK SC' not found.
2025-12-18 14:31:36,756 | WARNING | findfont: Font family 'Arial Unicode MS' not found.
2025-12-18 14:31:36,757 | WARNING | findfont: Font family 'Noto Sans CJK SC' not found.
2025-12-18 14:31:36,757 | WARNING | findfont: Font family 'Arial Unicode MS' not found.
2025-12-18 14:31:36,758 | WARNING | findfont: Font family 'Noto Sans CJK SC' not found.
2025-12-18 14:31:36,759 | WARNING | findfont: Font family 'Arial Unicode MS' not found.
2025-12-18 14:31:36,759 | WARNING | findfont: Font family 'Noto Sans CJK SC' not found.
2025-12-18 14:31:36,760 | WARNING | findfont: Font family 'Arial Unicode MS' not found.
2025-12-18 14:31:36,760 | WARNING | findfont: Font family 'Noto Sans CJK SC' not found.
2025-12-18 14:31:36,767 | WARNING | findfont: Font family 'Arial Unicode MS' not found.
2025-12-18 14:31:36,767 | WARNING | findfont: Font family 'Noto Sans CJK SC' not found.
2025-12-18 14:31:36,770 | WARNING | findfont: Font family 'Arial Unicode MS' not found.
2025-12-18 14:31:36,771 | WARNING | findfont: Font family 'Noto Sans CJK SC' not found.
2025-12-18 14:31:36,771 | WARNING | findfont: Font family 'Arial Unicode MS' not found.
2025-12-18 14:31:36,772 | WARNING | findfont: Font family 'Noto Sans CJK SC' not found.
2025-12-18 14:31:36,772 | WARNING | findfont: Font family 'Arial Unicode MS' not found.
2025-12-18 14:31:36,773 | WARNING | findfont: Font family 'Noto Sans CJK SC' not found.
2025-12-18 14:31:36,773 | WARNING | findfont: Font family 'Arial Unicode MS' not found.
2025-12-18 14:31:36,773 | WARNING | findfont: Font family 'Noto Sans CJK SC' not found.
2025-12-18 14:31:36,774 | WARNING | findfont: Font family 'Arial Unicode MS' not found.
2025-12-18 14:31:36,774 | WARNING | findfont: Font family 'Noto Sans CJK SC' not found.
2025-12-18 14:31:36,776 | WARNING | findfont: Font family 'Arial Unicode MS' not found.
2025-12-18 14:31:36,776 | WARNING | findfont: Font family 'Noto Sans CJK SC' not found.
2025-12-18 14:31:36,784 | WARNING | findfont: Font family 'Arial Unicode MS' not found.
2025-12-18 14:31:36,785 | WARNING | findfont: Font family 'Noto Sans CJK SC' not found.
2025-12-18 14:31:36,791 | WARNING | findfont: Font family 'Arial Unicode MS' not found.
2025-12-18 14:31:36,791 | WARNING | findfont: Font family 'Noto Sans CJK SC' not found.
2025-12-18 14:31:36,792 | WARNING | findfont: Font family 'Arial Unicode MS' not found.
2025-12-18 14:31:36,793 | WARNING | findfont: Font family 'Noto Sans CJK SC' not found.
2025-12-18 14:31:36,794 | WARNING | findfont: Font family 'Arial Unicode MS' not found.
2025-12-18 14:31:36,794 | WARNING | findfont: Font family 'Noto Sans CJK SC' not found.
2025-12-18 14:31:36,966 | WARNING | findfont: Font family 'Arial Unicode MS' not found.
2025-12-18 14:31:36,967 | WARNING | findfont: Font family 'Noto Sans CJK SC' not found.
2025-12-18 14:31:36,967 | WARNING | findfont: Font family 'Arial Unicode MS' not found.
2025-12-18 14:31:36,967 | WARNING | findfont: Font family 'Noto Sans CJK SC' not found.
2025-12-18 14:31:36,967 | WARNING | findfont: Font family 'Arial Unicode MS' not found.
2025-12-18 14:31:36,967 | WARNING | findfont: Font family 'Noto Sans CJK SC' not found.
2025-12-18 14:31:36,968 | WARNING | findfont: Font family 'Arial Unicode MS' not found.
2025-12-18 14:31:36,968 | WARNING | findfont: Font family 'Noto Sans CJK SC' not found.
2025-12-18 14:31:36,968 | WARNING | findfont: Font family 'Arial Unicode MS' not found.
2025-12-18 14:31:36,968 | WARNING | findfont: Font family 'Noto Sans CJK SC' not found.
2025-12-18 14:31:36,968 | WARNING | findfont: Font family 'Arial Unicode MS' not found.
2025-12-18 14:31:36,969 | WARNING | findfont: Font family 'Noto Sans CJK SC' not found.
2025-12-18 14:31:36,969 | WARNING | findfont: Font family 'Arial Unicode MS' not found.
2025-12-18 14:31:36,969 | WARNING | findfont: Font family 'Noto Sans CJK SC' not found.
2025-12-18 14:31:36,969 | WARNING | findfont: Font family 'Arial Unicode MS' not found.
2025-12-18 14:31:36,969 | WARNING | findfont: Font family 'Noto Sans CJK SC' not found.
2025-12-18 14:31:36,969 | WARNING | findfont: Font family 'Arial Unicode MS' not found.
2025-12-18 14:31:36,970 | WARNING | findfont: Font family 'Noto Sans CJK SC' not found.
2025-12-18 14:31:36,970 | WARNING | findfont: Font family 'Arial Unicode MS' not found.
2025-12-18 14:31:36,970 | WARNING | findfont: Font family 'Noto Sans CJK SC' not found.
2025-12-18 14:31:36,972 | WARNING | findfont: Font family 'Arial Unicode MS' not found.
2025-12-18 14:31:36,972 | WARNING | findfont: Font family 'Noto Sans CJK SC' not found.
2025-12-18 14:31:36,977 | WARNING | findfont: Font family 'Arial Unicode MS' not found.
2025-12-18 14:31:36,977 | WARNING | findfont: Font family 'Noto Sans CJK SC' not found.
2025-12-18 14:31:36,978 | WARNING | findfont: Font family 'Arial Unicode MS' not found.
2025-12-18 14:31:36,978 | WARNING | findfont: Font family 'Noto Sans CJK SC' not found.
2025-12-18 14:31:36,978 | WARNING | findfont: Font family 'Arial Unicode MS' not found.
2025-12-18 14:31:36,978 | WARNING | findfont: Font family 'Noto Sans CJK SC' not found.
2025-12-18 14:31:36,978 | WARNING | findfont: Font family 'Arial Unicode MS' not found.
2025-12-18 14:31:36,978 | WARNING | findfont: Font family 'Noto Sans CJK SC' not found.
2025-12-18 14:31:36,979 | WARNING | findfont: Font family 'Arial Unicode MS' not found.
2025-12-18 14:31:36,979 | WARNING | findfont: Font family 'Noto Sans CJK SC' not found.
2025-12-18 14:31:36,979 | WARNING | findfont: Font family 'Arial Unicode MS' not found.
2025-12-18 14:31:36,979 | WARNING | findfont: Font family 'Noto Sans CJK SC' not found.
2025-12-18 14:31:36,979 | WARNING | findfont: Font family 'Arial Unicode MS' not found.
2025-12-18 14:31:36,980 | WARNING | findfont: Font family 'Noto Sans CJK SC' not found.
2025-12-18 14:31:36,980 | WARNING | findfont: Font family 'Arial Unicode MS' not found.
2025-12-18 14:31:36,980 | WARNING | findfont: Font family 'Noto Sans CJK SC' not found.
2025-12-18 14:31:36,982 | WARNING | findfont: Font family 'Arial Unicode MS' not found.
2025-12-18 14:31:36,982 | WARNING | findfont: Font family 'Noto Sans CJK SC' not found.
2025-12-18 14:31:36,985 | WARNING | findfont: Font family 'Arial Unicode MS' not found.
2025-12-18 14:31:36,985 | WARNING | findfont: Font family 'Noto Sans CJK SC' not found.
2025-12-18 14:31:36,985 | WARNING | findfont: Font family 'Arial Unicode MS' not found.
2025-12-18 14:31:36,985 | WARNING | findfont: Font family 'Noto Sans CJK SC' not found.
2025-12-18 14:31:36,990 | WARNING | findfont: Font family 'Arial Unicode MS' not found.
2025-12-18 14:31:36,991 | WARNING | findfont: Font family 'Noto Sans CJK SC' not found.
2025-12-18 14:31:36,991 | WARNING | findfont: Font family 'Arial Unicode MS' not found.
2025-12-18 14:31:36,991 | WARNING | findfont: Font family 'Noto Sans CJK SC' not found.
2025-12-18 14:31:36,992 | WARNING | findfont: Font family 'Arial Unicode MS' not found.
2025-12-18 14:31:36,992 | WARNING | findfont: Font family 'Noto Sans CJK SC' not found.
2025-12-18 14:31:36,998 | WARNING | findfont: Font family 'Arial Unicode MS' not found.
2025-12-18 14:31:36,998 | WARNING | findfont: Font family 'Noto Sans CJK SC' not found.
2025-12-18 14:31:36,999 | WARNING | findfont: Font family 'Arial Unicode MS' not found.
2025-12-18 14:31:36,999 | WARNING | findfont: Font family 'Noto Sans CJK SC' not found.
2025-12-18 14:31:36,999 | WARNING | findfont: Font family 'Arial Unicode MS' not found.
2025-12-18 14:31:36,999 | WARNING | findfont: Font family 'Noto Sans CJK SC' not found.
2025-12-18 14:31:37,000 | WARNING | findfont: Font family 'Arial Unicode MS' not found.
2025-12-18 14:31:37,000 | WARNING | findfont: Font family 'Noto Sans CJK SC' not found.
2025-12-18 14:31:37,000 | WARNING | findfont: Font family 'Arial Unicode MS' not found.
2025-12-18 14:31:37,000 | WARNING | findfont: Font family 'Noto Sans CJK SC' not found.
2025-12-18 14:31:37,000 | WARNING | findfont: Font family 'Arial Unicode MS' not found.
2025-12-18 14:31:37,001 | WARNING | findfont: Font family 'Noto Sans CJK SC' not found.
2025-12-18 14:31:37,001 | WARNING | findfont: Font family 'Arial Unicode MS' not found.
2025-12-18 14:31:37,001 | WARNING | findfont: Font family 'Noto Sans CJK SC' not found.
2025-12-18 14:31:37,001 | WARNING | findfont: Font family 'Arial Unicode MS' not found.
2025-12-18 14:31:37,001 | WARNING | findfont: Font family 'Noto Sans CJK SC' not found.
2025-12-18 14:31:37,001 | WARNING | findfont: Font family 'Arial Unicode MS' not found.
2025-12-18 14:31:37,002 | WARNING | findfont: Font family 'Noto Sans CJK SC' not found.
2025-12-18 14:31:37,003 | WARNING | findfont: Font family 'Arial Unicode MS' not found.
2025-12-18 14:31:37,003 | WARNING | findfont: Font family 'Noto Sans CJK SC' not found.
2025-12-18 14:31:37,004 | WARNING | findfont: Font family 'Arial Unicode MS' not found.
2025-12-18 14:31:37,004 | WARNING | findfont: Font family 'Noto Sans CJK SC' not found.
2025-12-18 14:31:37,004 | WARNING | findfont: Font family 'Arial Unicode MS' not found.
2025-12-18 14:31:37,004 | WARNING | findfont: Font family 'Noto Sans CJK SC' not found.
2025-12-18 14:31:37,007 | WARNING | findfont: Font family 'Arial Unicode MS' not found.
2025-12-18 14:31:37,007 | WARNING | findfont: Font family 'Noto Sans CJK SC' not found.
2025-12-18 14:31:37,007 | WARNING | findfont: Font family 'Arial Unicode MS' not found.
2025-12-18 14:31:37,007 | WARNING | findfont: Font family 'Noto Sans CJK SC' not found.
2025-12-18 14:31:37,008 | WARNING | findfont: Font family 'Arial Unicode MS' not found.
2025-12-18 14:31:37,008 | WARNING | findfont: Font family 'Noto Sans CJK SC' not found.
2025-12-18 14:31:37,008 | WARNING | findfont: Font family 'Arial Unicode MS' not found.
2025-12-18 14:31:37,008 | WARNING | findfont: Font family 'Noto Sans CJK SC' not found.
2025-12-18 14:31:37,009 | WARNING | findfont: Font family 'Arial Unicode MS' not found.
2025-12-18 14:31:37,009 | WARNING | findfont: Font family 'Noto Sans CJK SC' not found.
2025-12-18 14:31:37,009 | WARNING | findfont: Font family 'Arial Unicode MS' not found.
2025-12-18 14:31:37,009 | WARNING | findfont: Font family 'Noto Sans CJK SC' not found.
2025-12-18 14:31:37,010 | WARNING | findfont: Font family 'Arial Unicode MS' not found.
2025-12-18 14:31:37,010 | WARNING | findfont: Font family 'Noto Sans CJK SC' not found.
2025-12-18 14:31:37,010 | WARNING | findfont: Font family 'Arial Unicode MS' not found.
2025-12-18 14:31:37,010 | WARNING | findfont: Font family 'Noto Sans CJK SC' not found.
2025-12-18 14:31:37,010 | WARNING | findfont: Font family 'Arial Unicode MS' not found.
2025-12-18 14:31:37,010 | WARNING | findfont: Font family 'Noto Sans CJK SC' not found.
2025-12-18 14:31:37,015 | WARNING | findfont: Font family 'Arial Unicode MS' not found.
2025-12-18 14:31:37,016 | WARNING | findfont: Font family 'Noto Sans CJK SC' not found.
2025-12-18 14:31:37,020 | WARNING | findfont: Font family 'Arial Unicode MS' not found.
2025-12-18 14:31:37,020 | WARNING | findfont: Font family 'Noto Sans CJK SC' not found.
2025-12-18 14:31:37,021 | WARNING | findfont: Font family 'Arial Unicode MS' not found.
2025-12-18 14:31:37,021 | WARNING | findfont: Font family 'Noto Sans CJK SC' not found.
2025-12-18 14:31:37,021 | WARNING | findfont: Font family 'Arial Unicode MS' not found.
2025-12-18 14:31:37,021 | WARNING | findfont: Font family 'Noto Sans CJK SC' not found.
2025-12-18 14:31:37,029 | WARNING | findfont: Font family 'Arial Unicode MS' not found.
2025-12-18 14:31:37,029 | WARNING | findfont: Font family 'Noto Sans CJK SC' not found.
2025-12-18 14:31:37,030 | WARNING | findfont: Font family 'Arial Unicode MS' not found.
2025-12-18 14:31:37,030 | WARNING | findfont: Font family 'Noto Sans CJK SC' not found.
2025-12-18 14:31:37,030 | WARNING | findfont: Font family 'Arial Unicode MS' not found.
2025-12-18 14:31:37,030 | WARNING | findfont: Font family 'Noto Sans CJK SC' not found.
2025-12-18 14:31:37,031 | WARNING | findfont: Font family 'Arial Unicode MS' not found.
2025-12-18 14:31:37,031 | WARNING | findfont: Font family 'Noto Sans CJK SC' not found.
2025-12-18 14:31:37,032 | WARNING | findfont: Font family 'Arial Unicode MS' not found.
2025-12-18 14:31:37,032 | WARNING | findfont: Font family 'Noto Sans CJK SC' not found.
2025-12-18 14:31:37,034 | WARNING | findfont: Font family 'Arial Unicode MS' not found.
2025-12-18 14:31:37,035 | WARNING | findfont: Font family 'Noto Sans CJK SC' not found.
2025-12-18 14:31:37,036 | WARNING | findfont: Font family 'Arial Unicode MS' not found.
2025-12-18 14:31:37,037 | WARNING | findfont: Font family 'Noto Sans CJK SC' not found.
2025-12-18 14:31:37,038 | WARNING | findfont: Font family 'Arial Unicode MS' not found.
2025-12-18 14:31:37,038 | WARNING | findfont: Font family 'Noto Sans CJK SC' not found.
2025-12-18 14:31:37,040 | WARNING | findfont: Font family 'Arial Unicode MS' not found.
2025-12-18 14:31:37,040 | WARNING | findfont: Font family 'Noto Sans CJK SC' not found.
2025-12-18 14:31:37,052 | WARNING | findfont: Font family 'Arial Unicode MS' not found.
2025-12-18 14:31:37,053 | WARNING | findfont: Font family 'Noto Sans CJK SC' not found.
2025-12-18 14:31:37,056 | WARNING | findfont: Font family 'Arial Unicode MS' not found.
2025-12-18 14:31:37,056 | WARNING | findfont: Font family 'Noto Sans CJK SC' not found.
2025-12-18 14:31:37,057 | WARNING | findfont: Font family 'Arial Unicode MS' not found.
2025-12-18 14:31:37,057 | WARNING | findfont: Font family 'Noto Sans CJK SC' not found.
2025-12-18 14:31:37,058 | WARNING | findfont: Font family 'Arial Unicode MS' not found.
2025-12-18 14:31:37,058 | WARNING | findfont: Font family 'Noto Sans CJK SC' not found.
2025-12-18 14:31:37,058 | WARNING | findfont: Font family 'Arial Unicode MS' not found.
2025-12-18 14:31:37,058 | WARNING | findfont: Font family 'Noto Sans CJK SC' not found.
2025-12-18 14:31:37,059 | WARNING | findfont: Font family 'Arial Unicode MS' not found.
2025-12-18 14:31:37,059 | WARNING | findfont: Font family 'Noto Sans CJK SC' not found.
2025-12-18 14:31:37,060 | WARNING | findfont: Font family 'Arial Unicode MS' not found.
2025-12-18 14:31:37,060 | WARNING | findfont: Font family 'Noto Sans CJK SC' not found.
2025-12-18 14:31:37,060 | WARNING | findfont: Font family 'Arial Unicode MS' not found.
2025-12-18 14:31:37,061 | WARNING | findfont: Font family 'Noto Sans CJK SC' not found.
2025-12-18 14:31:37,061 | WARNING | findfont: Font family 'Arial Unicode MS' not found.
2025-12-18 14:31:37,061 | WARNING | findfont: Font family 'Noto Sans CJK SC' not found.
2025-12-18 14:31:37,064 | WARNING | findfont: Font family 'Arial Unicode MS' not found.
2025-12-18 14:31:37,064 | WARNING | findfont: Font family 'Noto Sans CJK SC' not found.
2025-12-18 14:31:37,070 | WARNING | findfont: Font family 'Arial Unicode MS' not found.
2025-12-18 14:31:37,070 | WARNING | findfont: Font family 'Noto Sans CJK SC' not found.
2025-12-18 14:31:37,074 | WARNING | findfont: Font family 'Arial Unicode MS' not found.
2025-12-18 14:31:37,074 | WARNING | findfont: Font family 'Noto Sans CJK SC' not found.
2025-12-18 14:31:37,075 | WARNING | findfont: Font family 'Arial Unicode MS' not found.
2025-12-18 14:31:37,075 | WARNING | findfont: Font family 'Noto Sans CJK SC' not found.
2025-12-18 14:31:37,076 | WARNING | findfont: Font family 'Arial Unicode MS' not found.
2025-12-18 14:31:37,076 | WARNING | findfont: Font family 'Noto Sans CJK SC' not found.
2025-12-18 14:31:37,193 | WARNING | findfont: Font family 'Arial Unicode MS' not found.
2025-12-18 14:31:37,194 | WARNING | findfont: Font family 'Noto Sans CJK SC' not found.
2025-12-18 14:31:37,194 | WARNING | findfont: Font family 'Arial Unicode MS' not found.
2025-12-18 14:31:37,194 | WARNING | findfont: Font family 'Noto Sans CJK SC' not found.
2025-12-18 14:31:37,195 | WARNING | findfont: Font family 'Arial Unicode MS' not found.
2025-12-18 14:31:37,195 | WARNING | findfont: Font family 'Noto Sans CJK SC' not found.
2025-12-18 14:31:37,195 | WARNING | findfont: Font family 'Arial Unicode MS' not found.
2025-12-18 14:31:37,195 | WARNING | findfont: Font family 'Noto Sans CJK SC' not found.
2025-12-18 14:31:37,196 | WARNING | findfont: Font family 'Arial Unicode MS' not found.
2025-12-18 14:31:37,196 | WARNING | findfont: Font family 'Noto Sans CJK SC' not found.
2025-12-18 14:31:37,196 | WARNING | findfont: Font family 'Arial Unicode MS' not found.
2025-12-18 14:31:37,196 | WARNING | findfont: Font family 'Noto Sans CJK SC' not found.
2025-12-18 14:31:37,197 | WARNING | findfont: Font family 'Arial Unicode MS' not found.
2025-12-18 14:31:37,197 | WARNING | findfont: Font family 'Noto Sans CJK SC' not found.
2025-12-18 14:31:37,197 | WARNING | findfont: Font family 'Arial Unicode MS' not found.
2025-12-18 14:31:37,197 | WARNING | findfont: Font family 'Noto Sans CJK SC' not found.
2025-12-18 14:31:37,198 | WARNING | findfont: Font family 'Arial Unicode MS' not found.
2025-12-18 14:31:37,198 | WARNING | findfont: Font family 'Noto Sans CJK SC' not found.
2025-12-18 14:31:37,198 | WARNING | findfont: Font family 'Arial Unicode MS' not found.
2025-12-18 14:31:37,198 | WARNING | findfont: Font family 'Noto Sans CJK SC' not found.
2025-12-18 14:31:37,201 | WARNING | findfont: Font family 'Arial Unicode MS' not found.
2025-12-18 14:31:37,201 | WARNING | findfont: Font family 'Noto Sans CJK SC' not found.
2025-12-18 14:31:37,206 | WARNING | findfont: Font family 'Arial Unicode MS' not found.
2025-12-18 14:31:37,206 | WARNING | findfont: Font family 'Noto Sans CJK SC' not found.
2025-12-18 14:31:37,207 | WARNING | findfont: Font family 'Arial Unicode MS' not found.
2025-12-18 14:31:37,207 | WARNING | findfont: Font family 'Noto Sans CJK SC' not found.
2025-12-18 14:31:37,207 | WARNING | findfont: Font family 'Arial Unicode MS' not found.
2025-12-18 14:31:37,207 | WARNING | findfont: Font family 'Noto Sans CJK SC' not found.
2025-12-18 14:31:37,208 | WARNING | findfont: Font family 'Arial Unicode MS' not found.
2025-12-18 14:31:37,208 | WARNING | findfont: Font family 'Noto Sans CJK SC' not found.
2025-12-18 14:31:37,208 | WARNING | findfont: Font family 'Arial Unicode MS' not found.
2025-12-18 14:31:37,208 | WARNING | findfont: Font family 'Noto Sans CJK SC' not found.
2025-12-18 14:31:37,208 | WARNING | findfont: Font family 'Arial Unicode MS' not found.
2025-12-18 14:31:37,209 | WARNING | findfont: Font family 'Noto Sans CJK SC' not found.
2025-12-18 14:31:37,209 | WARNING | findfont: Font family 'Arial Unicode MS' not found.
2025-12-18 14:31:37,209 | WARNING | findfont: Font family 'Noto Sans CJK SC' not found.
2025-12-18 14:31:37,209 | WARNING | findfont: Font family 'Arial Unicode MS' not found.
2025-12-18 14:31:37,209 | WARNING | findfont: Font family 'Noto Sans CJK SC' not found.
2025-12-18 14:31:37,210 | WARNING | findfont: Font family 'Arial Unicode MS' not found.
2025-12-18 14:31:37,210 | WARNING | findfont: Font family 'Noto Sans CJK SC' not found.
2025-12-18 14:31:37,213 | WARNING | findfont: Font family 'Arial Unicode MS' not found.
2025-12-18 14:31:37,214 | WARNING | findfont: Font family 'Noto Sans CJK SC' not found.
2025-12-18 14:31:37,214 | WARNING | findfont: Font family 'Arial Unicode MS' not found.
2025-12-18 14:31:37,214 | WARNING | findfont: Font family 'Noto Sans CJK SC' not found.
2025-12-18 14:31:37,219 | WARNING | findfont: Font family 'Arial Unicode MS' not found.
2025-12-18 14:31:37,219 | WARNING | findfont: Font family 'Noto Sans CJK SC' not found.
2025-12-18 14:31:37,220 | WARNING | findfont: Font family 'Arial Unicode MS' not found.
2025-12-18 14:31:37,220 | WARNING | findfont: Font family 'Noto Sans CJK SC' not found.
2025-12-18 14:31:37,220 | WARNING | findfont: Font family 'Arial Unicode MS' not found.
2025-12-18 14:31:37,220 | WARNING | findfont: Font family 'Noto Sans CJK SC' not found.
2025-12-18 14:31:37,226 | WARNING | findfont: Font family 'Arial Unicode MS' not found.
2025-12-18 14:31:37,226 | WARNING | findfont: Font family 'Noto Sans CJK SC' not found.
2025-12-18 14:31:37,226 | WARNING | findfont: Font family 'Arial Unicode MS' not found.
2025-12-18 14:31:37,227 | WARNING | findfont: Font family 'Noto Sans CJK SC' not found.
2025-12-18 14:31:37,227 | WARNING | findfont: Font family 'Arial Unicode MS' not found.
2025-12-18 14:31:37,227 | WARNING | findfont: Font family 'Noto Sans CJK SC' not found.
2025-12-18 14:31:37,227 | WARNING | findfont: Font family 'Arial Unicode MS' not found.
2025-12-18 14:31:37,227 | WARNING | findfont: Font family 'Noto Sans CJK SC' not found.
2025-12-18 14:31:37,228 | WARNING | findfont: Font family 'Arial Unicode MS' not found.
2025-12-18 14:31:37,228 | WARNING | findfont: Font family 'Noto Sans CJK SC' not found.
2025-12-18 14:31:37,228 | WARNING | findfont: Font family 'Arial Unicode MS' not found.
2025-12-18 14:31:37,228 | WARNING | findfont: Font family 'Noto Sans CJK SC' not found.
2025-12-18 14:31:37,229 | WARNING | findfont: Font family 'Arial Unicode MS' not found.
2025-12-18 14:31:37,229 | WARNING | findfont: Font family 'Noto Sans CJK SC' not found.
2025-12-18 14:31:37,229 | WARNING | findfont: Font family 'Arial Unicode MS' not found.
2025-12-18 14:31:37,229 | WARNING | findfont: Font family 'Noto Sans CJK SC' not found.
2025-12-18 14:31:37,229 | WARNING | findfont: Font family 'Arial Unicode MS' not found.
2025-12-18 14:31:37,229 | WARNING | findfont: Font family 'Noto Sans CJK SC' not found.
2025-12-18 14:31:37,231 | WARNING | findfont: Font family 'Arial Unicode MS' not found.
2025-12-18 14:31:37,231 | WARNING | findfont: Font family 'Noto Sans CJK SC' not found.
2025-12-18 14:31:37,232 | WARNING | findfont: Font family 'Arial Unicode MS' not found.
2025-12-18 14:31:37,232 | WARNING | findfont: Font family 'Noto Sans CJK SC' not found.
2025-12-18 14:31:37,232 | WARNING | findfont: Font family 'Arial Unicode MS' not found.
2025-12-18 14:31:37,232 | WARNING | findfont: Font family 'Noto Sans CJK SC' not found.
2025-12-18 14:31:37,235 | WARNING | findfont: Font family 'Arial Unicode MS' not found.
2025-12-18 14:31:37,235 | WARNING | findfont: Font family 'Noto Sans CJK SC' not found.
2025-12-18 14:31:37,236 | WARNING | findfont: Font family 'Arial Unicode MS' not found.
2025-12-18 14:31:37,236 | WARNING | findfont: Font family 'Noto Sans CJK SC' not found.
2025-12-18 14:31:37,236 | WARNING | findfont: Font family 'Arial Unicode MS' not found.
2025-12-18 14:31:37,236 | WARNING | findfont: Font family 'Noto Sans CJK SC' not found.
2025-12-18 14:31:37,237 | WARNING | findfont: Font family 'Arial Unicode MS' not found.
2025-12-18 14:31:37,237 | WARNING | findfont: Font family 'Noto Sans CJK SC' not found.
2025-12-18 14:31:37,237 | WARNING | findfont: Font family 'Arial Unicode MS' not found.
2025-12-18 14:31:37,237 | WARNING | findfont: Font family 'Noto Sans CJK SC' not found.
2025-12-18 14:31:37,238 | WARNING | findfont: Font family 'Arial Unicode MS' not found.
2025-12-18 14:31:37,238 | WARNING | findfont: Font family 'Noto Sans CJK SC' not found.
2025-12-18 14:31:37,238 | WARNING | findfont: Font family 'Arial Unicode MS' not found.
2025-12-18 14:31:37,238 | WARNING | findfont: Font family 'Noto Sans CJK SC' not found.
2025-12-18 14:31:37,238 | WARNING | findfont: Font family 'Arial Unicode MS' not found.
2025-12-18 14:31:37,238 | WARNING | findfont: Font family 'Noto Sans CJK SC' not found.
2025-12-18 14:31:37,239 | WARNING | findfont: Font family 'Arial Unicode MS' not found.
2025-12-18 14:31:37,239 | WARNING | findfont: Font family 'Noto Sans CJK SC' not found.
2025-12-18 14:31:37,244 | WARNING | findfont: Font family 'Arial Unicode MS' not found.
2025-12-18 14:31:37,244 | WARNING | findfont: Font family 'Noto Sans CJK SC' not found.
2025-12-18 14:31:37,247 | WARNING | findfont: Font family 'Arial Unicode MS' not found.
2025-12-18 14:31:37,248 | WARNING | findfont: Font family 'Noto Sans CJK SC' not found.
2025-12-18 14:31:37,248 | WARNING | findfont: Font family 'Arial Unicode MS' not found.
2025-12-18 14:31:37,248 | WARNING | findfont: Font family 'Noto Sans CJK SC' not found.
2025-12-18 14:31:37,249 | WARNING | findfont: Font family 'Arial Unicode MS' not found.
2025-12-18 14:31:37,249 | WARNING | findfont: Font family 'Noto Sans CJK SC' not found.
2025-12-18 14:31:37,258 | WARNING | findfont: Font family 'Arial Unicode MS' not found.
2025-12-18 14:31:37,258 | WARNING | findfont: Font family 'Noto Sans CJK SC' not found.
2025-12-18 14:31:37,259 | WARNING | findfont: Font family 'Arial Unicode MS' not found.
2025-12-18 14:31:37,259 | WARNING | findfont: Font family 'Noto Sans CJK SC' not found.
2025-12-18 14:31:37,259 | WARNING | findfont: Font family 'Arial Unicode MS' not found.
2025-12-18 14:31:37,259 | WARNING | findfont: Font family 'Noto Sans CJK SC' not found.
2025-12-18 14:31:37,260 | WARNING | findfont: Font family 'Arial Unicode MS' not found.
2025-12-18 14:31:37,260 | WARNING | findfont: Font family 'Noto Sans CJK SC' not found.
2025-12-18 14:31:37,260 | WARNING | findfont: Font family 'Arial Unicode MS' not found.
2025-12-18 14:31:37,261 | WARNING | findfont: Font family 'Noto Sans CJK SC' not found.
2025-12-18 14:31:37,261 | WARNING | findfont: Font family 'Arial Unicode MS' not found.
2025-12-18 14:31:37,261 | WARNING | findfont: Font family 'Noto Sans CJK SC' not found.
2025-12-18 14:31:37,262 | WARNING | findfont: Font family 'Arial Unicode MS' not found.
2025-12-18 14:31:37,262 | WARNING | findfont: Font family 'Noto Sans CJK SC' not found.
2025-12-18 14:31:37,262 | WARNING | findfont: Font family 'Arial Unicode MS' not found.
2025-12-18 14:31:37,262 | WARNING | findfont: Font family 'Noto Sans CJK SC' not found.
2025-12-18 14:31:37,263 | WARNING | findfont: Font family 'Arial Unicode MS' not found.
2025-12-18 14:31:37,263 | WARNING | findfont: Font family 'Noto Sans CJK SC' not found.
2025-12-18 14:31:37,267 | WARNING | findfont: Font family 'Arial Unicode MS' not found.
2025-12-18 14:31:37,267 | WARNING | findfont: Font family 'Noto Sans CJK SC' not found.
2025-12-18 14:31:37,269 | WARNING | findfont: Font family 'Arial Unicode MS' not found.
2025-12-18 14:31:37,269 | WARNING | findfont: Font family 'Noto Sans CJK SC' not found.
2025-12-18 14:31:37,269 | WARNING | findfont: Font family 'Arial Unicode MS' not found.
2025-12-18 14:31:37,270 | WARNING | findfont: Font family 'Noto Sans CJK SC' not found.
2025-12-18 14:31:37,270 | WARNING | findfont: Font family 'Arial Unicode MS' not found.
2025-12-18 14:31:37,270 | WARNING | findfont: Font family 'Noto Sans CJK SC' not found.
2025-12-18 14:31:37,271 | WARNING | findfont: Font family 'Arial Unicode MS' not found.
2025-12-18 14:31:37,271 | WARNING | findfont: Font family 'Noto Sans CJK SC' not found.
2025-12-18 14:31:37,271 | WARNING | findfont: Font family 'Arial Unicode MS' not found.
2025-12-18 14:31:37,271 | WARNING | findfont: Font family 'Noto Sans CJK SC' not found.
2025-12-18 14:31:37,272 | WARNING | findfont: Font family 'Arial Unicode MS' not found.
2025-12-18 14:31:37,272 | WARNING | findfont: Font family 'Noto Sans CJK SC' not found.
2025-12-18 14:31:37,272 | WARNING | findfont: Font family 'Arial Unicode MS' not found.
2025-12-18 14:31:37,272 | WARNING | findfont: Font family 'Noto Sans CJK SC' not found.
2025-12-18 14:31:37,273 | WARNING | findfont: Font family 'Arial Unicode MS' not found.
2025-12-18 14:31:37,273 | WARNING | findfont: Font family 'Noto Sans CJK SC' not found.
2025-12-18 14:31:37,275 | WARNING | findfont: Font family 'Arial Unicode MS' not found.
2025-12-18 14:31:37,275 | WARNING | findfont: Font family 'Noto Sans CJK SC' not found.
2025-12-18 14:31:37,278 | WARNING | findfont: Font family 'Arial Unicode MS' not found.
2025-12-18 14:31:37,278 | WARNING | findfont: Font family 'Noto Sans CJK SC' not found.
2025-12-18 14:31:37,282 | WARNING | findfont: Font family 'Arial Unicode MS' not found.
2025-12-18 14:31:37,282 | WARNING | findfont: Font family 'Noto Sans CJK SC' not found.
2025-12-18 14:31:37,283 | WARNING | findfont: Font family 'Arial Unicode MS' not found.
2025-12-18 14:31:37,283 | WARNING | findfont: Font family 'Noto Sans CJK SC' not found.
2025-12-18 14:31:37,284 | WARNING | findfont: Font family 'Arial Unicode MS' not found.
2025-12-18 14:31:37,284 | WARNING | findfont: Font family 'Noto Sans CJK SC' not found.
2025-12-18 14:31:37,405 | WARNING | findfont: Font family 'Arial Unicode MS' not found.
2025-12-18 14:31:37,405 | WARNING | findfont: Font family 'Noto Sans CJK SC' not found.
2025-12-18 14:31:37,406 | WARNING | findfont: Font family 'Arial Unicode MS' not found.
2025-12-18 14:31:37,406 | WARNING | findfont: Font family 'Noto Sans CJK SC' not found.
2025-12-18 14:31:37,406 | WARNING | findfont: Font family 'Arial Unicode MS' not found.
2025-12-18 14:31:37,407 | WARNING | findfont: Font family 'Noto Sans CJK SC' not found.
2025-12-18 14:31:37,407 | WARNING | findfont: Font family 'Arial Unicode MS' not found.
2025-12-18 14:31:37,407 | WARNING | findfont: Font family 'Noto Sans CJK SC' not found.
2025-12-18 14:31:37,408 | WARNING | findfont: Font family 'Arial Unicode MS' not found.
2025-12-18 14:31:37,408 | WARNING | findfont: Font family 'Noto Sans CJK SC' not found.
2025-12-18 14:31:37,408 | WARNING | findfont: Font family 'Arial Unicode MS' not found.
2025-12-18 14:31:37,408 | WARNING | findfont: Font family 'Noto Sans CJK SC' not found.
2025-12-18 14:31:37,408 | WARNING | findfont: Font family 'Arial Unicode MS' not found.
2025-12-18 14:31:37,409 | WARNING | findfont: Font family 'Noto Sans CJK SC' not found.
2025-12-18 14:31:37,409 | WARNING | findfont: Font family 'Arial Unicode MS' not found.
2025-12-18 14:31:37,409 | WARNING | findfont: Font family 'Noto Sans CJK SC' not found.
2025-12-18 14:31:37,410 | WARNING | findfont: Font family 'Arial Unicode MS' not found.
2025-12-18 14:31:37,410 | WARNING | findfont: Font family 'Noto Sans CJK SC' not found.
2025-12-18 14:31:37,413 | WARNING | findfont: Font family 'Arial Unicode MS' not found.
2025-12-18 14:31:37,413 | WARNING | findfont: Font family 'Noto Sans CJK SC' not found.
2025-12-18 14:31:37,420 | WARNING | findfont: Font family 'Arial Unicode MS' not found.
2025-12-18 14:31:37,420 | WARNING | findfont: Font family 'Noto Sans CJK SC' not found.
2025-12-18 14:31:37,421 | WARNING | findfont: Font family 'Arial Unicode MS' not found.
2025-12-18 14:31:37,421 | WARNING | findfont: Font family 'Noto Sans CJK SC' not found.
2025-12-18 14:31:37,422 | WARNING | findfont: Font family 'Arial Unicode MS' not found.
2025-12-18 14:31:37,422 | WARNING | findfont: Font family 'Noto Sans CJK SC' not found.
2025-12-18 14:31:37,423 | WARNING | findfont: Font family 'Arial Unicode MS' not found.
2025-12-18 14:31:37,423 | WARNING | findfont: Font family 'Noto Sans CJK SC' not found.
2025-12-18 14:31:37,423 | WARNING | findfont: Font family 'Arial Unicode MS' not found.
2025-12-18 14:31:37,424 | WARNING | findfont: Font family 'Noto Sans CJK SC' not found.
2025-12-18 14:31:37,424 | WARNING | findfont: Font family 'Arial Unicode MS' not found.
2025-12-18 14:31:37,424 | WARNING | findfont: Font family 'Noto Sans CJK SC' not found.
2025-12-18 14:31:37,425 | WARNING | findfont: Font family 'Arial Unicode MS' not found.
2025-12-18 14:31:37,425 | WARNING | findfont: Font family 'Noto Sans CJK SC' not found.
2025-12-18 14:31:37,426 | WARNING | findfont: Font family 'Arial Unicode MS' not found.
2025-12-18 14:31:37,426 | WARNING | findfont: Font family 'Noto Sans CJK SC' not found.
2025-12-18 14:31:37,431 | WARNING | findfont: Font family 'Arial Unicode MS' not found.
2025-12-18 14:31:37,431 | WARNING | findfont: Font family 'Noto Sans CJK SC' not found.
2025-12-18 14:31:37,432 | WARNING | findfont: Font family 'Arial Unicode MS' not found.
2025-12-18 14:31:37,432 | WARNING | findfont: Font family 'Noto Sans CJK SC' not found.
2025-12-18 14:31:37,441 | WARNING | findfont: Font family 'Arial Unicode MS' not found.
2025-12-18 14:31:37,441 | WARNING | findfont: Font family 'Noto Sans CJK SC' not found.
2025-12-18 14:31:37,443 | WARNING | findfont: Font family 'Arial Unicode MS' not found.
2025-12-18 14:31:37,443 | WARNING | findfont: Font family 'Noto Sans CJK SC' not found.
2025-12-18 14:31:37,443 | WARNING | findfont: Font family 'Arial Unicode MS' not found.
2025-12-18 14:31:37,443 | WARNING | findfont: Font family 'Noto Sans CJK SC' not found.
2025-12-18 14:31:37,453 | WARNING | findfont: Font family 'Arial Unicode MS' not found.
2025-12-18 14:31:37,453 | WARNING | findfont: Font family 'Noto Sans CJK SC' not found.
2025-12-18 14:31:37,454 | WARNING | findfont: Font family 'Arial Unicode MS' not found.
2025-12-18 14:31:37,454 | WARNING | findfont: Font family 'Noto Sans CJK SC' not found.
2025-12-18 14:31:37,454 | WARNING | findfont: Font family 'Arial Unicode MS' not found.
2025-12-18 14:31:37,455 | WARNING | findfont: Font family 'Noto Sans CJK SC' not found.
2025-12-18 14:31:37,455 | WARNING | findfont: Font family 'Arial Unicode MS' not found.
2025-12-18 14:31:37,455 | WARNING | findfont: Font family 'Noto Sans CJK SC' not found.
2025-12-18 14:31:37,456 | WARNING | findfont: Font family 'Arial Unicode MS' not found.
2025-12-18 14:31:37,456 | WARNING | findfont: Font family 'Noto Sans CJK SC' not found.
2025-12-18 14:31:37,456 | WARNING | findfont: Font family 'Arial Unicode MS' not found.
2025-12-18 14:31:37,456 | WARNING | findfont: Font family 'Noto Sans CJK SC' not found.
2025-12-18 14:31:37,457 | WARNING | findfont: Font family 'Arial Unicode MS' not found.
2025-12-18 14:31:37,457 | WARNING | findfont: Font family 'Noto Sans CJK SC' not found.
2025-12-18 14:31:37,458 | WARNING | findfont: Font family 'Arial Unicode MS' not found.
2025-12-18 14:31:37,458 | WARNING | findfont: Font family 'Noto Sans CJK SC' not found.
2025-12-18 14:31:37,460 | WARNING | findfont: Font family 'Arial Unicode MS' not found.
2025-12-18 14:31:37,460 | WARNING | findfont: Font family 'Noto Sans CJK SC' not found.
2025-12-18 14:31:37,461 | WARNING | findfont: Font family 'Arial Unicode MS' not found.
2025-12-18 14:31:37,462 | WARNING | findfont: Font family 'Noto Sans CJK SC' not found.
2025-12-18 14:31:37,462 | WARNING | findfont: Font family 'Arial Unicode MS' not found.
2025-12-18 14:31:37,462 | WARNING | findfont: Font family 'Noto Sans CJK SC' not found.
2025-12-18 14:31:37,467 | WARNING | findfont: Font family 'Arial Unicode MS' not found.
2025-12-18 14:31:37,467 | WARNING | findfont: Font family 'Noto Sans CJK SC' not found.
2025-12-18 14:31:37,468 | WARNING | findfont: Font family 'Arial Unicode MS' not found.
2025-12-18 14:31:37,468 | WARNING | findfont: Font family 'Noto Sans CJK SC' not found.
2025-12-18 14:31:37,469 | WARNING | findfont: Font family 'Arial Unicode MS' not found.
2025-12-18 14:31:37,469 | WARNING | findfont: Font family 'Noto Sans CJK SC' not found.
2025-12-18 14:31:37,470 | WARNING | findfont: Font family 'Arial Unicode MS' not found.
2025-12-18 14:31:37,470 | WARNING | findfont: Font family 'Noto Sans CJK SC' not found.
2025-12-18 14:31:37,471 | WARNING | findfont: Font family 'Arial Unicode MS' not found.
2025-12-18 14:31:37,471 | WARNING | findfont: Font family 'Noto Sans CJK SC' not found.
2025-12-18 14:31:37,472 | WARNING | findfont: Font family 'Arial Unicode MS' not found.
2025-12-18 14:31:37,472 | WARNING | findfont: Font family 'Noto Sans CJK SC' not found.
2025-12-18 14:31:37,472 | WARNING | findfont: Font family 'Arial Unicode MS' not found.
2025-12-18 14:31:37,472 | WARNING | findfont: Font family 'Noto Sans CJK SC' not found.
2025-12-18 14:31:37,473 | WARNING | findfont: Font family 'Arial Unicode MS' not found.
2025-12-18 14:31:37,473 | WARNING | findfont: Font family 'Noto Sans CJK SC' not found.
2025-12-18 14:31:37,482 | WARNING | findfont: Font family 'Arial Unicode MS' not found.
2025-12-18 14:31:37,482 | WARNING | findfont: Font family 'Noto Sans CJK SC' not found.
2025-12-18 14:31:37,488 | WARNING | findfont: Font family 'Arial Unicode MS' not found.
2025-12-18 14:31:37,489 | WARNING | findfont: Font family 'Noto Sans CJK SC' not found.
2025-12-18 14:31:37,489 | WARNING | findfont: Font family 'Arial Unicode MS' not found.
2025-12-18 14:31:37,490 | WARNING | findfont: Font family 'Noto Sans CJK SC' not found.
2025-12-18 14:31:37,490 | WARNING | findfont: Font family 'Arial Unicode MS' not found.
2025-12-18 14:31:37,490 | WARNING | findfont: Font family 'Noto Sans CJK SC' not found.
2025-12-18 14:31:37,505 | WARNING | findfont: Font family 'Arial Unicode MS' not found.
2025-12-18 14:31:37,505 | WARNING | findfont: Font family 'Noto Sans CJK SC' not found.
2025-12-18 14:31:37,506 | WARNING | findfont: Font family 'Arial Unicode MS' not found.
2025-12-18 14:31:37,506 | WARNING | findfont: Font family 'Noto Sans CJK SC' not found.
2025-12-18 14:31:37,507 | WARNING | findfont: Font family 'Arial Unicode MS' not found.
2025-12-18 14:31:37,507 | WARNING | findfont: Font family 'Noto Sans CJK SC' not found.
2025-12-18 14:31:37,508 | WARNING | findfont: Font family 'Arial Unicode MS' not found.
2025-12-18 14:31:37,508 | WARNING | findfont: Font family 'Noto Sans CJK SC' not found.
2025-12-18 14:31:37,509 | WARNING | findfont: Font family 'Arial Unicode MS' not found.
2025-12-18 14:31:37,510 | WARNING | findfont: Font family 'Noto Sans CJK SC' not found.
2025-12-18 14:31:37,510 | WARNING | findfont: Font family 'Arial Unicode MS' not found.
2025-12-18 14:31:37,510 | WARNING | findfont: Font family 'Noto Sans CJK SC' not found.
2025-12-18 14:31:37,511 | WARNING | findfont: Font family 'Arial Unicode MS' not found.
2025-12-18 14:31:37,511 | WARNING | findfont: Font family 'Noto Sans CJK SC' not found.
2025-12-18 14:31:37,512 | WARNING | findfont: Font family 'Arial Unicode MS' not found.
2025-12-18 14:31:37,512 | WARNING | findfont: Font family 'Noto Sans CJK SC' not found.
2025-12-18 14:31:37,519 | WARNING | findfont: Font family 'Arial Unicode MS' not found.
2025-12-18 14:31:37,520 | WARNING | findfont: Font family 'Noto Sans CJK SC' not found.
2025-12-18 14:31:37,522 | WARNING | findfont: Font family 'Arial Unicode MS' not found.
2025-12-18 14:31:37,522 | WARNING | findfont: Font family 'Noto Sans CJK SC' not found.
2025-12-18 14:31:37,523 | WARNING | findfont: Font family 'Arial Unicode MS' not found.
2025-12-18 14:31:37,523 | WARNING | findfont: Font family 'Noto Sans CJK SC' not found.
2025-12-18 14:31:37,524 | WARNING | findfont: Font family 'Arial Unicode MS' not found.
2025-12-18 14:31:37,525 | WARNING | findfont: Font family 'Noto Sans CJK SC' not found.
2025-12-18 14:31:37,525 | WARNING | findfont: Font family 'Arial Unicode MS' not found.
2025-12-18 14:31:37,526 | WARNING | findfont: Font family 'Noto Sans CJK SC' not found.
2025-12-18 14:31:37,526 | WARNING | findfont: Font family 'Arial Unicode MS' not found.
2025-12-18 14:31:37,527 | WARNING | findfont: Font family 'Noto Sans CJK SC' not found.
2025-12-18 14:31:37,527 | WARNING | findfont: Font family 'Arial Unicode MS' not found.
2025-12-18 14:31:37,528 | WARNING | findfont: Font family 'Noto Sans CJK SC' not found.
2025-12-18 14:31:37,528 | WARNING | findfont: Font family 'Arial Unicode MS' not found.
2025-12-18 14:31:37,529 | WARNING | findfont: Font family 'Noto Sans CJK SC' not found.
2025-12-18 14:31:37,531 | WARNING | findfont: Font family 'Arial Unicode MS' not found.
2025-12-18 14:31:37,532 | WARNING | findfont: Font family 'Noto Sans CJK SC' not found.
2025-12-18 14:31:37,537 | WARNING | findfont: Font family 'Arial Unicode MS' not found.
2025-12-18 14:31:37,537 | WARNING | findfont: Font family 'Noto Sans CJK SC' not found.
2025-12-18 14:31:37,544 | WARNING | findfont: Font family 'Arial Unicode MS' not found.
2025-12-18 14:31:37,544 | WARNING | findfont: Font family 'Noto Sans CJK SC' not found.
2025-12-18 14:31:37,545 | WARNING | findfont: Font family 'Arial Unicode MS' not found.
2025-12-18 14:31:37,545 | WARNING | findfont: Font family 'Noto Sans CJK SC' not found.
2025-12-18 14:31:37,546 | WARNING | findfont: Font family 'Arial Unicode MS' not found.
2025-12-18 14:31:37,547 | WARNING | findfont: Font family 'Noto Sans CJK SC' not found.
2025-12-18 14:31:37,693 | WARNING | findfont: Font family 'Arial Unicode MS' not found.
2025-12-18 14:31:37,693 | WARNING | findfont: Font family 'Noto Sans CJK SC' not found.
2025-12-18 14:31:37,694 | WARNING | findfont: Font family 'Arial Unicode MS' not found.
2025-12-18 14:31:37,694 | WARNING | findfont: Font family 'Noto Sans CJK SC' not found.
2025-12-18 14:31:37,694 | WARNING | findfont: Font family 'Arial Unicode MS' not found.
2025-12-18 14:31:37,694 | WARNING | findfont: Font family 'Noto Sans CJK SC' not found.
2025-12-18 14:31:37,695 | WARNING | findfont: Font family 'Arial Unicode MS' not found.
2025-12-18 14:31:37,695 | WARNING | findfont: Font family 'Noto Sans CJK SC' not found.
2025-12-18 14:31:37,695 | WARNING | findfont: Font family 'Arial Unicode MS' not found.
2025-12-18 14:31:37,695 | WARNING | findfont: Font family 'Noto Sans CJK SC' not found.
2025-12-18 14:31:37,695 | WARNING | findfont: Font family 'Arial Unicode MS' not found.
2025-12-18 14:31:37,696 | WARNING | findfont: Font family 'Noto Sans CJK SC' not found.
2025-12-18 14:31:37,696 | WARNING | findfont: Font family 'Arial Unicode MS' not found.
2025-12-18 14:31:37,696 | WARNING | findfont: Font family 'Noto Sans CJK SC' not found.
2025-12-18 14:31:37,696 | WARNING | findfont: Font family 'Arial Unicode MS' not found.
2025-12-18 14:31:37,697 | WARNING | findfont: Font family 'Noto Sans CJK SC' not found.
2025-12-18 14:31:37,697 | WARNING | findfont: Font family 'Arial Unicode MS' not found.
2025-12-18 14:31:37,697 | WARNING | findfont: Font family 'Noto Sans CJK SC' not found.
2025-12-18 14:31:37,698 | WARNING | findfont: Font family 'Arial Unicode MS' not found.
2025-12-18 14:31:37,698 | WARNING | findfont: Font family 'Noto Sans CJK SC' not found.
2025-12-18 14:31:37,701 | WARNING | findfont: Font family 'Arial Unicode MS' not found.
2025-12-18 14:31:37,701 | WARNING | findfont: Font family 'Noto Sans CJK SC' not found.
2025-12-18 14:31:37,707 | WARNING | findfont: Font family 'Arial Unicode MS' not found.
2025-12-18 14:31:37,707 | WARNING | findfont: Font family 'Noto Sans CJK SC' not found.
2025-12-18 14:31:37,708 | WARNING | findfont: Font family 'Arial Unicode MS' not found.
2025-12-18 14:31:37,708 | WARNING | findfont: Font family 'Noto Sans CJK SC' not found.
2025-12-18 14:31:37,708 | WARNING | findfont: Font family 'Arial Unicode MS' not found.
2025-12-18 14:31:37,708 | WARNING | findfont: Font family 'Noto Sans CJK SC' not found.
2025-12-18 14:31:37,709 | WARNING | findfont: Font family 'Arial Unicode MS' not found.
2025-12-18 14:31:37,709 | WARNING | findfont: Font family 'Noto Sans CJK SC' not found.
2025-12-18 14:31:37,709 | WARNING | findfont: Font family 'Arial Unicode MS' not found.
2025-12-18 14:31:37,709 | WARNING | findfont: Font family 'Noto Sans CJK SC' not found.
2025-12-18 14:31:37,710 | WARNING | findfont: Font family 'Arial Unicode MS' not found.
2025-12-18 14:31:37,710 | WARNING | findfont: Font family 'Noto Sans CJK SC' not found.
2025-12-18 14:31:37,711 | WARNING | findfont: Font family 'Arial Unicode MS' not found.
2025-12-18 14:31:37,712 | WARNING | findfont: Font family 'Noto Sans CJK SC' not found.
2025-12-18 14:31:37,716 | WARNING | findfont: Font family 'Arial Unicode MS' not found.
2025-12-18 14:31:37,716 | WARNING | findfont: Font family 'Noto Sans CJK SC' not found.
2025-12-18 14:31:37,716 | WARNING | findfont: Font family 'Arial Unicode MS' not found.
2025-12-18 14:31:37,716 | WARNING | findfont: Font family 'Noto Sans CJK SC' not found.
2025-12-18 14:31:37,724 | WARNING | findfont: Font family 'Arial Unicode MS' not found.
2025-12-18 14:31:37,724 | WARNING | findfont: Font family 'Noto Sans CJK SC' not found.
2025-12-18 14:31:37,725 | WARNING | findfont: Font family 'Arial Unicode MS' not found.
2025-12-18 14:31:37,725 | WARNING | findfont: Font family 'Noto Sans CJK SC' not found.
2025-12-18 14:31:37,726 | WARNING | findfont: Font family 'Arial Unicode MS' not found.
2025-12-18 14:31:37,726 | WARNING | findfont: Font family 'Noto Sans CJK SC' not found.
2025-12-18 14:31:37,733 | WARNING | findfont: Font family 'Arial Unicode MS' not found.
2025-12-18 14:31:37,733 | WARNING | findfont: Font family 'Noto Sans CJK SC' not found.
2025-12-18 14:31:37,733 | WARNING | findfont: Font family 'Arial Unicode MS' not found.
2025-12-18 14:31:37,734 | WARNING | findfont: Font family 'Noto Sans CJK SC' not found.
2025-12-18 14:31:37,734 | WARNING | findfont: Font family 'Arial Unicode MS' not found.
2025-12-18 14:31:37,734 | WARNING | findfont: Font family 'Noto Sans CJK SC' not found.
2025-12-18 14:31:37,734 | WARNING | findfont: Font family 'Arial Unicode MS' not found.
2025-12-18 14:31:37,735 | WARNING | findfont: Font family 'Noto Sans CJK SC' not found.
2025-12-18 14:31:37,735 | WARNING | findfont: Font family 'Arial Unicode MS' not found.
2025-12-18 14:31:37,735 | WARNING | findfont: Font family 'Noto Sans CJK SC' not found.
2025-12-18 14:31:37,735 | WARNING | findfont: Font family 'Arial Unicode MS' not found.
2025-12-18 14:31:37,736 | WARNING | findfont: Font family 'Noto Sans CJK SC' not found.
2025-12-18 14:31:37,736 | WARNING | findfont: Font family 'Arial Unicode MS' not found.
2025-12-18 14:31:37,736 | WARNING | findfont: Font family 'Noto Sans CJK SC' not found.
2025-12-18 14:31:37,738 | WARNING | findfont: Font family 'Arial Unicode MS' not found.
2025-12-18 14:31:37,738 | WARNING | findfont: Font family 'Noto Sans CJK SC' not found.
2025-12-18 14:31:37,739 | WARNING | findfont: Font family 'Arial Unicode MS' not found.
2025-12-18 14:31:37,740 | WARNING | findfont: Font family 'Noto Sans CJK SC' not found.
2025-12-18 14:31:37,740 | WARNING | findfont: Font family 'Arial Unicode MS' not found.
2025-12-18 14:31:37,740 | WARNING | findfont: Font family 'Noto Sans CJK SC' not found.
2025-12-18 14:31:37,744 | WARNING | findfont: Font family 'Arial Unicode MS' not found.
2025-12-18 14:31:37,744 | WARNING | findfont: Font family 'Noto Sans CJK SC' not found.
2025-12-18 14:31:37,745 | WARNING | findfont: Font family 'Arial Unicode MS' not found.
2025-12-18 14:31:37,745 | WARNING | findfont: Font family 'Noto Sans CJK SC' not found.
2025-12-18 14:31:37,745 | WARNING | findfont: Font family 'Arial Unicode MS' not found.
2025-12-18 14:31:37,745 | WARNING | findfont: Font family 'Noto Sans CJK SC' not found.
2025-12-18 14:31:37,745 | WARNING | findfont: Font family 'Arial Unicode MS' not found.
2025-12-18 14:31:37,746 | WARNING | findfont: Font family 'Noto Sans CJK SC' not found.
2025-12-18 14:31:37,746 | WARNING | findfont: Font family 'Arial Unicode MS' not found.
2025-12-18 14:31:37,746 | WARNING | findfont: Font family 'Noto Sans CJK SC' not found.
2025-12-18 14:31:37,747 | WARNING | findfont: Font family 'Arial Unicode MS' not found.
2025-12-18 14:31:37,747 | WARNING | findfont: Font family 'Noto Sans CJK SC' not found.
2025-12-18 14:31:37,747 | WARNING | findfont: Font family 'Arial Unicode MS' not found.
2025-12-18 14:31:37,748 | WARNING | findfont: Font family 'Noto Sans CJK SC' not found.
2025-12-18 14:31:37,748 | WARNING | findfont: Font family 'Arial Unicode MS' not found.
2025-12-18 14:31:37,748 | WARNING | findfont: Font family 'Noto Sans CJK SC' not found.
2025-12-18 14:31:37,748 | WARNING | findfont: Font family 'Arial Unicode MS' not found.
2025-12-18 14:31:37,749 | WARNING | findfont: Font family 'Noto Sans CJK SC' not found.
2025-12-18 14:31:37,758 | WARNING | findfont: Font family 'Arial Unicode MS' not found.
2025-12-18 14:31:37,758 | WARNING | findfont: Font family 'Noto Sans CJK SC' not found.
2025-12-18 14:31:37,764 | WARNING | findfont: Font family 'Arial Unicode MS' not found.
2025-12-18 14:31:37,764 | WARNING | findfont: Font family 'Noto Sans CJK SC' not found.
2025-12-18 14:31:37,764 | WARNING | findfont: Font family 'Arial Unicode MS' not found.
2025-12-18 14:31:37,765 | WARNING | findfont: Font family 'Noto Sans CJK SC' not found.
2025-12-18 14:31:37,765 | WARNING | findfont: Font family 'Arial Unicode MS' not found.
2025-12-18 14:31:37,765 | WARNING | findfont: Font family 'Noto Sans CJK SC' not found.
2025-12-18 14:31:37,778 | WARNING | findfont: Font family 'Arial Unicode MS' not found.
2025-12-18 14:31:37,778 | WARNING | findfont: Font family 'Noto Sans CJK SC' not found.
2025-12-18 14:31:37,779 | WARNING | findfont: Font family 'Arial Unicode MS' not found.
2025-12-18 14:31:37,779 | WARNING | findfont: Font family 'Noto Sans CJK SC' not found.
2025-12-18 14:31:37,780 | WARNING | findfont: Font family 'Arial Unicode MS' not found.
2025-12-18 14:31:37,780 | WARNING | findfont: Font family 'Noto Sans CJK SC' not found.
2025-12-18 14:31:37,781 | WARNING | findfont: Font family 'Arial Unicode MS' not found.
2025-12-18 14:31:37,781 | WARNING | findfont: Font family 'Noto Sans CJK SC' not found.
2025-12-18 14:31:37,782 | WARNING | findfont: Font family 'Arial Unicode MS' not found.
2025-12-18 14:31:37,782 | WARNING | findfont: Font family 'Noto Sans CJK SC' not found.
2025-12-18 14:31:37,783 | WARNING | findfont: Font family 'Arial Unicode MS' not found.
2025-12-18 14:31:37,783 | WARNING | findfont: Font family 'Noto Sans CJK SC' not found.
2025-12-18 14:31:37,785 | WARNING | findfont: Font family 'Arial Unicode MS' not found.
2025-12-18 14:31:37,785 | WARNING | findfont: Font family 'Noto Sans CJK SC' not found.
2025-12-18 14:31:37,785 | WARNING | findfont: Font family 'Arial Unicode MS' not found.
2025-12-18 14:31:37,785 | WARNING | findfont: Font family 'Noto Sans CJK SC' not found.
2025-12-18 14:31:37,786 | WARNING | findfont: Font family 'Arial Unicode MS' not found.
2025-12-18 14:31:37,786 | WARNING | findfont: Font family 'Noto Sans CJK SC' not found.
2025-12-18 14:31:37,792 | WARNING | findfont: Font family 'Arial Unicode MS' not found.
2025-12-18 14:31:37,792 | WARNING | findfont: Font family 'Noto Sans CJK SC' not found.
2025-12-18 14:31:37,794 | WARNING | findfont: Font family 'Arial Unicode MS' not found.
2025-12-18 14:31:37,795 | WARNING | findfont: Font family 'Noto Sans CJK SC' not found.
2025-12-18 14:31:37,795 | WARNING | findfont: Font family 'Arial Unicode MS' not found.
2025-12-18 14:31:37,796 | WARNING | findfont: Font family 'Noto Sans CJK SC' not found.
2025-12-18 14:31:37,796 | WARNING | findfont: Font family 'Arial Unicode MS' not found.
2025-12-18 14:31:37,796 | WARNING | findfont: Font family 'Noto Sans CJK SC' not found.
2025-12-18 14:31:37,797 | WARNING | findfont: Font family 'Arial Unicode MS' not found.
2025-12-18 14:31:37,797 | WARNING | findfont: Font family 'Noto Sans CJK SC' not found.
2025-12-18 14:31:37,798 | WARNING | findfont: Font family 'Arial Unicode MS' not found.
2025-12-18 14:31:37,798 | WARNING | findfont: Font family 'Noto Sans CJK SC' not found.
2025-12-18 14:31:37,799 | WARNING | findfont: Font family 'Arial Unicode MS' not found.
2025-12-18 14:31:37,799 | WARNING | findfont: Font family 'Noto Sans CJK SC' not found.
2025-12-18 14:31:37,801 | WARNING | findfont: Font family 'Arial Unicode MS' not found.
2025-12-18 14:31:37,801 | WARNING | findfont: Font family 'Noto Sans CJK SC' not found.
2025-12-18 14:31:37,808 | WARNING | findfont: Font family 'Arial Unicode MS' not found.
2025-12-18 14:31:37,809 | WARNING | findfont: Font family 'Noto Sans CJK SC' not found.
2025-12-18 14:31:37,813 | WARNING | findfont: Font family 'Arial Unicode MS' not found.
2025-12-18 14:31:37,813 | WARNING | findfont: Font family 'Noto Sans CJK SC' not found.
2025-12-18 14:31:37,814 | WARNING | findfont: Font family 'Arial Unicode MS' not found.
2025-12-18 14:31:37,814 | WARNING | findfont: Font family 'Noto Sans CJK SC' not found.
2025-12-18 14:31:37,815 | WARNING | findfont: Font family 'Arial Unicode MS' not found.
2025-12-18 14:31:37,815 | WARNING | findfont: Font family 'Noto Sans CJK SC' not found.
2025-12-18 14:31:37,950 | WARNING | findfont: Font family 'Arial Unicode MS' not found.
2025-12-18 14:31:37,950 | WARNING | findfont: Font family 'Noto Sans CJK SC' not found.
2025-12-18 14:31:37,951 | WARNING | findfont: Font family 'Arial Unicode MS' not found.
2025-12-18 14:31:37,951 | WARNING | findfont: Font family 'Noto Sans CJK SC' not found.
2025-12-18 14:31:37,951 | WARNING | findfont: Font family 'Arial Unicode MS' not found.
2025-12-18 14:31:37,951 | WARNING | findfont: Font family 'Noto Sans CJK SC' not found.
2025-12-18 14:31:37,951 | WARNING | findfont: Font family 'Arial Unicode MS' not found.
2025-12-18 14:31:37,952 | WARNING | findfont: Font family 'Noto Sans CJK SC' not found.
2025-12-18 14:31:37,952 | WARNING | findfont: Font family 'Arial Unicode MS' not found.
2025-12-18 14:31:37,952 | WARNING | findfont: Font family 'Noto Sans CJK SC' not found.
2025-12-18 14:31:37,952 | WARNING | findfont: Font family 'Arial Unicode MS' not found.
2025-12-18 14:31:37,952 | WARNING | findfont: Font family 'Noto Sans CJK SC' not found.
2025-12-18 14:31:37,953 | WARNING | findfont: Font family 'Arial Unicode MS' not found.
2025-12-18 14:31:37,953 | WARNING | findfont: Font family 'Noto Sans CJK SC' not found.
2025-12-18 14:31:37,953 | WARNING | findfont: Font family 'Arial Unicode MS' not found.
2025-12-18 14:31:37,953 | WARNING | findfont: Font family 'Noto Sans CJK SC' not found.
2025-12-18 14:31:37,953 | WARNING | findfont: Font family 'Arial Unicode MS' not found.
2025-12-18 14:31:37,953 | WARNING | findfont: Font family 'Noto Sans CJK SC' not found.
2025-12-18 14:31:37,954 | WARNING | findfont: Font family 'Arial Unicode MS' not found.
2025-12-18 14:31:37,954 | WARNING | findfont: Font family 'Noto Sans CJK SC' not found.
2025-12-18 14:31:37,956 | WARNING | findfont: Font family 'Arial Unicode MS' not found.
2025-12-18 14:31:37,956 | WARNING | findfont: Font family 'Noto Sans CJK SC' not found.
2025-12-18 14:31:37,960 | WARNING | findfont: Font family 'Arial Unicode MS' not found.
2025-12-18 14:31:37,961 | WARNING | findfont: Font family 'Noto Sans CJK SC' not found.
2025-12-18 14:31:37,961 | WARNING | findfont: Font family 'Arial Unicode MS' not found.
2025-12-18 14:31:37,961 | WARNING | findfont: Font family 'Noto Sans CJK SC' not found.
2025-12-18 14:31:37,962 | WARNING | findfont: Font family 'Arial Unicode MS' not found.
2025-12-18 14:31:37,962 | WARNING | findfont: Font family 'Noto Sans CJK SC' not found.
2025-12-18 14:31:37,962 | WARNING | findfont: Font family 'Arial Unicode MS' not found.
2025-12-18 14:31:37,962 | WARNING | findfont: Font family 'Noto Sans CJK SC' not found.
2025-12-18 14:31:37,963 | WARNING | findfont: Font family 'Arial Unicode MS' not found.
2025-12-18 14:31:37,963 | WARNING | findfont: Font family 'Noto Sans CJK SC' not found.
2025-12-18 14:31:37,963 | WARNING | findfont: Font family 'Arial Unicode MS' not found.
2025-12-18 14:31:37,963 | WARNING | findfont: Font family 'Noto Sans CJK SC' not found.
2025-12-18 14:31:37,963 | WARNING | findfont: Font family 'Arial Unicode MS' not found.
2025-12-18 14:31:37,963 | WARNING | findfont: Font family 'Noto Sans CJK SC' not found.
2025-12-18 14:31:37,966 | WARNING | findfont: Font family 'Arial Unicode MS' not found.
2025-12-18 14:31:37,966 | WARNING | findfont: Font family 'Noto Sans CJK SC' not found.
2025-12-18 14:31:37,968 | WARNING | findfont: Font family 'Arial Unicode MS' not found.
2025-12-18 14:31:37,968 | WARNING | findfont: Font family 'Noto Sans CJK SC' not found.
2025-12-18 14:31:37,969 | WARNING | findfont: Font family 'Arial Unicode MS' not found.
2025-12-18 14:31:37,969 | WARNING | findfont: Font family 'Noto Sans CJK SC' not found.
2025-12-18 14:31:37,975 | WARNING | findfont: Font family 'Arial Unicode MS' not found.
2025-12-18 14:31:37,975 | WARNING | findfont: Font family 'Noto Sans CJK SC' not found.
2025-12-18 14:31:37,975 | WARNING | findfont: Font family 'Arial Unicode MS' not found.
2025-12-18 14:31:37,975 | WARNING | findfont: Font family 'Noto Sans CJK SC' not found.
2025-12-18 14:31:37,976 | WARNING | findfont: Font family 'Arial Unicode MS' not found.
2025-12-18 14:31:37,976 | WARNING | findfont: Font family 'Noto Sans CJK SC' not found.
2025-12-18 14:31:37,982 | WARNING | findfont: Font family 'Arial Unicode MS' not found.
2025-12-18 14:31:37,982 | WARNING | findfont: Font family 'Noto Sans CJK SC' not found.
2025-12-18 14:31:37,982 | WARNING | findfont: Font family 'Arial Unicode MS' not found.
2025-12-18 14:31:37,982 | WARNING | findfont: Font family 'Noto Sans CJK SC' not found.
2025-12-18 14:31:37,983 | WARNING | findfont: Font family 'Arial Unicode MS' not found.
2025-12-18 14:31:37,983 | WARNING | findfont: Font family 'Noto Sans CJK SC' not found.
2025-12-18 14:31:37,983 | WARNING | findfont: Font family 'Arial Unicode MS' not found.
2025-12-18 14:31:37,983 | WARNING | findfont: Font family 'Noto Sans CJK SC' not found.
2025-12-18 14:31:37,984 | WARNING | findfont: Font family 'Arial Unicode MS' not found.
2025-12-18 14:31:37,984 | WARNING | findfont: Font family 'Noto Sans CJK SC' not found.
2025-12-18 14:31:37,984 | WARNING | findfont: Font family 'Arial Unicode MS' not found.
2025-12-18 14:31:37,984 | WARNING | findfont: Font family 'Noto Sans CJK SC' not found.
2025-12-18 14:31:37,984 | WARNING | findfont: Font family 'Arial Unicode MS' not found.
2025-12-18 14:31:37,984 | WARNING | findfont: Font family 'Noto Sans CJK SC' not found.
2025-12-18 14:31:37,985 | WARNING | findfont: Font family 'Arial Unicode MS' not found.
2025-12-18 14:31:37,985 | WARNING | findfont: Font family 'Noto Sans CJK SC' not found.
2025-12-18 14:31:37,986 | WARNING | findfont: Font family 'Arial Unicode MS' not found.
2025-12-18 14:31:37,986 | WARNING | findfont: Font family 'Noto Sans CJK SC' not found.
2025-12-18 14:31:37,986 | WARNING | findfont: Font family 'Arial Unicode MS' not found.
2025-12-18 14:31:37,987 | WARNING | findfont: Font family 'Noto Sans CJK SC' not found.
2025-12-18 14:31:37,987 | WARNING | findfont: Font family 'Arial Unicode MS' not found.
2025-12-18 14:31:37,987 | WARNING | findfont: Font family 'Noto Sans CJK SC' not found.
2025-12-18 14:31:37,991 | WARNING | findfont: Font family 'Arial Unicode MS' not found.
2025-12-18 14:31:37,991 | WARNING | findfont: Font family 'Noto Sans CJK SC' not found.
2025-12-18 14:31:37,992 | WARNING | findfont: Font family 'Arial Unicode MS' not found.
2025-12-18 14:31:37,992 | WARNING | findfont: Font family 'Noto Sans CJK SC' not found.
2025-12-18 14:31:37,992 | WARNING | findfont: Font family 'Arial Unicode MS' not found.
2025-12-18 14:31:37,992 | WARNING | findfont: Font family 'Noto Sans CJK SC' not found.
2025-12-18 14:31:37,993 | WARNING | findfont: Font family 'Arial Unicode MS' not found.
2025-12-18 14:31:37,993 | WARNING | findfont: Font family 'Noto Sans CJK SC' not found.
2025-12-18 14:31:37,993 | WARNING | findfont: Font family 'Arial Unicode MS' not found.
2025-12-18 14:31:37,993 | WARNING | findfont: Font family 'Noto Sans CJK SC' not found.
2025-12-18 14:31:37,994 | WARNING | findfont: Font family 'Arial Unicode MS' not found.
2025-12-18 14:31:37,994 | WARNING | findfont: Font family 'Noto Sans CJK SC' not found.
2025-12-18 14:31:37,994 | WARNING | findfont: Font family 'Arial Unicode MS' not found.
2025-12-18 14:31:37,994 | WARNING | findfont: Font family 'Noto Sans CJK SC' not found.
2025-12-18 14:31:37,995 | WARNING | findfont: Font family 'Arial Unicode MS' not found.
2025-12-18 14:31:37,995 | WARNING | findfont: Font family 'Noto Sans CJK SC' not found.
2025-12-18 14:31:37,995 | WARNING | findfont: Font family 'Arial Unicode MS' not found.
2025-12-18 14:31:37,995 | WARNING | findfont: Font family 'Noto Sans CJK SC' not found.
2025-12-18 14:31:38,001 | WARNING | findfont: Font family 'Arial Unicode MS' not found.
2025-12-18 14:31:38,001 | WARNING | findfont: Font family 'Noto Sans CJK SC' not found.
2025-12-18 14:31:38,006 | WARNING | findfont: Font family 'Arial Unicode MS' not found.
2025-12-18 14:31:38,006 | WARNING | findfont: Font family 'Noto Sans CJK SC' not found.
2025-12-18 14:31:38,006 | WARNING | findfont: Font family 'Arial Unicode MS' not found.
2025-12-18 14:31:38,006 | WARNING | findfont: Font family 'Noto Sans CJK SC' not found.
2025-12-18 14:31:38,007 | WARNING | findfont: Font family 'Arial Unicode MS' not found.
2025-12-18 14:31:38,007 | WARNING | findfont: Font family 'Noto Sans CJK SC' not found.
2025-12-18 14:31:38,017 | WARNING | findfont: Font family 'Arial Unicode MS' not found.
2025-12-18 14:31:38,017 | WARNING | findfont: Font family 'Noto Sans CJK SC' not found.
2025-12-18 14:31:38,018 | WARNING | findfont: Font family 'Arial Unicode MS' not found.
2025-12-18 14:31:38,018 | WARNING | findfont: Font family 'Noto Sans CJK SC' not found.
2025-12-18 14:31:38,019 | WARNING | findfont: Font family 'Arial Unicode MS' not found.
2025-12-18 14:31:38,019 | WARNING | findfont: Font family 'Noto Sans CJK SC' not found.
2025-12-18 14:31:38,019 | WARNING | findfont: Font family 'Arial Unicode MS' not found.
2025-12-18 14:31:38,019 | WARNING | findfont: Font family 'Noto Sans CJK SC' not found.
2025-12-18 14:31:38,020 | WARNING | findfont: Font family 'Arial Unicode MS' not found.
2025-12-18 14:31:38,020 | WARNING | findfont: Font family 'Noto Sans CJK SC' not found.
2025-12-18 14:31:38,021 | WARNING | findfont: Font family 'Arial Unicode MS' not found.
2025-12-18 14:31:38,021 | WARNING | findfont: Font family 'Noto Sans CJK SC' not found.
2025-12-18 14:31:38,022 | WARNING | findfont: Font family 'Arial Unicode MS' not found.
2025-12-18 14:31:38,022 | WARNING | findfont: Font family 'Noto Sans CJK SC' not found.
2025-12-18 14:31:38,022 | WARNING | findfont: Font family 'Arial Unicode MS' not found.
2025-12-18 14:31:38,022 | WARNING | findfont: Font family 'Noto Sans CJK SC' not found.
2025-12-18 14:31:38,023 | WARNING | findfont: Font family 'Arial Unicode MS' not found.
2025-12-18 14:31:38,023 | WARNING | findfont: Font family 'Noto Sans CJK SC' not found.
2025-12-18 14:31:38,028 | WARNING | findfont: Font family 'Arial Unicode MS' not found.
2025-12-18 14:31:38,028 | WARNING | findfont: Font family 'Noto Sans CJK SC' not found.
2025-12-18 14:31:38,030 | WARNING | findfont: Font family 'Arial Unicode MS' not found.
2025-12-18 14:31:38,030 | WARNING | findfont: Font family 'Noto Sans CJK SC' not found.
2025-12-18 14:31:38,031 | WARNING | findfont: Font family 'Arial Unicode MS' not found.
2025-12-18 14:31:38,031 | WARNING | findfont: Font family 'Noto Sans CJK SC' not found.
2025-12-18 14:31:38,031 | WARNING | findfont: Font family 'Arial Unicode MS' not found.
2025-12-18 14:31:38,031 | WARNING | findfont: Font family 'Noto Sans CJK SC' not found.
2025-12-18 14:31:38,032 | WARNING | findfont: Font family 'Arial Unicode MS' not found.
2025-12-18 14:31:38,032 | WARNING | findfont: Font family 'Noto Sans CJK SC' not found.
2025-12-18 14:31:38,033 | WARNING | findfont: Font family 'Arial Unicode MS' not found.
2025-12-18 14:31:38,033 | WARNING | findfont: Font family 'Noto Sans CJK SC' not found.
2025-12-18 14:31:38,033 | WARNING | findfont: Font family 'Arial Unicode MS' not found.
2025-12-18 14:31:38,034 | WARNING | findfont: Font family 'Noto Sans CJK SC' not found.
2025-12-18 14:31:38,034 | WARNING | findfont: Font family 'Arial Unicode MS' not found.
2025-12-18 14:31:38,034 | WARNING | findfont: Font family 'Noto Sans CJK SC' not found.
2025-12-18 14:31:38,036 | WARNING | findfont: Font family 'Arial Unicode MS' not found.
2025-12-18 14:31:38,036 | WARNING | findfont: Font family 'Noto Sans CJK SC' not found.
2025-12-18 14:31:38,040 | WARNING | findfont: Font family 'Arial Unicode MS' not found.
2025-12-18 14:31:38,040 | WARNING | findfont: Font family 'Noto Sans CJK SC' not found.
2025-12-18 14:31:38,044 | WARNING | findfont: Font family 'Arial Unicode MS' not found.
2025-12-18 14:31:38,044 | WARNING | findfont: Font family 'Noto Sans CJK SC' not found.
2025-12-18 14:31:38,045 | WARNING | findfont: Font family 'Arial Unicode MS' not found.
2025-12-18 14:31:38,045 | WARNING | findfont: Font family 'Noto Sans CJK SC' not found.
2025-12-18 14:31:38,045 | WARNING | findfont: Font family 'Arial Unicode MS' not found.
2025-12-18 14:31:38,046 | WARNING | findfont: Font family 'Noto Sans CJK SC' not found.
2025-12-18 14:31:38,164 | WARNING | findfont: Font family 'Arial Unicode MS' not found.
2025-12-18 14:31:38,164 | WARNING | findfont: Font family 'Noto Sans CJK SC' not found.
2025-12-18 14:31:38,164 | WARNING | findfont: Font family 'Arial Unicode MS' not found.
2025-12-18 14:31:38,165 | WARNING | findfont: Font family 'Noto Sans CJK SC' not found.
2025-12-18 14:31:38,165 | WARNING | findfont: Font family 'Arial Unicode MS' not found.
2025-12-18 14:31:38,165 | WARNING | findfont: Font family 'Noto Sans CJK SC' not found.
2025-12-18 14:31:38,166 | WARNING | findfont: Font family 'Arial Unicode MS' not found.
2025-12-18 14:31:38,166 | WARNING | findfont: Font family 'Noto Sans CJK SC' not found.
2025-12-18 14:31:38,166 | WARNING | findfont: Font family 'Arial Unicode MS' not found.
2025-12-18 14:31:38,166 | WARNING | findfont: Font family 'Noto Sans CJK SC' not found.
2025-12-18 14:31:38,166 | WARNING | findfont: Font family 'Arial Unicode MS' not found.
2025-12-18 14:31:38,166 | WARNING | findfont: Font family 'Noto Sans CJK SC' not found.
2025-12-18 14:31:38,167 | WARNING | findfont: Font family 'Arial Unicode MS' not found.
2025-12-18 14:31:38,167 | WARNING | findfont: Font family 'Noto Sans CJK SC' not found.
2025-12-18 14:31:38,167 | WARNING | findfont: Font family 'Arial Unicode MS' not found.
2025-12-18 14:31:38,167 | WARNING | findfont: Font family 'Noto Sans CJK SC' not found.
2025-12-18 14:31:38,167 | WARNING | findfont: Font family 'Arial Unicode MS' not found.
2025-12-18 14:31:38,167 | WARNING | findfont: Font family 'Noto Sans CJK SC' not found.
2025-12-18 14:31:38,168 | WARNING | findfont: Font family 'Arial Unicode MS' not found.
2025-12-18 14:31:38,168 | WARNING | findfont: Font family 'Noto Sans CJK SC' not found.
2025-12-18 14:31:38,170 | WARNING | findfont: Font family 'Arial Unicode MS' not found.
2025-12-18 14:31:38,170 | WARNING | findfont: Font family 'Noto Sans CJK SC' not found.
2025-12-18 14:31:38,174 | WARNING | findfont: Font family 'Arial Unicode MS' not found.
2025-12-18 14:31:38,174 | WARNING | findfont: Font family 'Noto Sans CJK SC' not found.
2025-12-18 14:31:38,175 | WARNING | findfont: Font family 'Arial Unicode MS' not found.
2025-12-18 14:31:38,175 | WARNING | findfont: Font family 'Noto Sans CJK SC' not found.
2025-12-18 14:31:38,176 | WARNING | findfont: Font family 'Arial Unicode MS' not found.
2025-12-18 14:31:38,176 | WARNING | findfont: Font family 'Noto Sans CJK SC' not found.
2025-12-18 14:31:38,176 | WARNING | findfont: Font family 'Arial Unicode MS' not found.
2025-12-18 14:31:38,176 | WARNING | findfont: Font family 'Noto Sans CJK SC' not found.
2025-12-18 14:31:38,177 | WARNING | findfont: Font family 'Arial Unicode MS' not found.
2025-12-18 14:31:38,177 | WARNING | findfont: Font family 'Noto Sans CJK SC' not found.
2025-12-18 14:31:38,177 | WARNING | findfont: Font family 'Arial Unicode MS' not found.
2025-12-18 14:31:38,177 | WARNING | findfont: Font family 'Noto Sans CJK SC' not found.
2025-12-18 14:31:38,178 | WARNING | findfont: Font family 'Arial Unicode MS' not found.
2025-12-18 14:31:38,178 | WARNING | findfont: Font family 'Noto Sans CJK SC' not found.
2025-12-18 14:31:38,179 | WARNING | findfont: Font family 'Arial Unicode MS' not found.
2025-12-18 14:31:38,179 | WARNING | findfont: Font family 'Noto Sans CJK SC' not found.
2025-12-18 14:31:38,181 | WARNING | findfont: Font family 'Arial Unicode MS' not found.
2025-12-18 14:31:38,181 | WARNING | findfont: Font family 'Noto Sans CJK SC' not found.
2025-12-18 14:31:38,182 | WARNING | findfont: Font family 'Arial Unicode MS' not found.
2025-12-18 14:31:38,182 | WARNING | findfont: Font family 'Noto Sans CJK SC' not found.
2025-12-18 14:31:38,187 | WARNING | findfont: Font family 'Arial Unicode MS' not found.
2025-12-18 14:31:38,187 | WARNING | findfont: Font family 'Noto Sans CJK SC' not found.
2025-12-18 14:31:38,187 | WARNING | findfont: Font family 'Arial Unicode MS' not found.
2025-12-18 14:31:38,188 | WARNING | findfont: Font family 'Noto Sans CJK SC' not found.
2025-12-18 14:31:38,188 | WARNING | findfont: Font family 'Arial Unicode MS' not found.
2025-12-18 14:31:38,188 | WARNING | findfont: Font family 'Noto Sans CJK SC' not found.
2025-12-18 14:31:38,194 | WARNING | findfont: Font family 'Arial Unicode MS' not found.
2025-12-18 14:31:38,194 | WARNING | findfont: Font family 'Noto Sans CJK SC' not found.
2025-12-18 14:31:38,195 | WARNING | findfont: Font family 'Arial Unicode MS' not found.
2025-12-18 14:31:38,195 | WARNING | findfont: Font family 'Noto Sans CJK SC' not found.
2025-12-18 14:31:38,195 | WARNING | findfont: Font family 'Arial Unicode MS' not found.
2025-12-18 14:31:38,195 | WARNING | findfont: Font family 'Noto Sans CJK SC' not found.
2025-12-18 14:31:38,195 | WARNING | findfont: Font family 'Arial Unicode MS' not found.
2025-12-18 14:31:38,195 | WARNING | findfont: Font family 'Noto Sans CJK SC' not found.
2025-12-18 14:31:38,196 | WARNING | findfont: Font family 'Arial Unicode MS' not found.
2025-12-18 14:31:38,196 | WARNING | findfont: Font family 'Noto Sans CJK SC' not found.
2025-12-18 14:31:38,196 | WARNING | findfont: Font family 'Arial Unicode MS' not found.
2025-12-18 14:31:38,196 | WARNING | findfont: Font family 'Noto Sans CJK SC' not found.
2025-12-18 14:31:38,196 | WARNING | findfont: Font family 'Arial Unicode MS' not found.
2025-12-18 14:31:38,197 | WARNING | findfont: Font family 'Noto Sans CJK SC' not found.
2025-12-18 14:31:38,197 | WARNING | findfont: Font family 'Arial Unicode MS' not found.
2025-12-18 14:31:38,197 | WARNING | findfont: Font family 'Noto Sans CJK SC' not found.
2025-12-18 14:31:38,198 | WARNING | findfont: Font family 'Arial Unicode MS' not found.
2025-12-18 14:31:38,198 | WARNING | findfont: Font family 'Noto Sans CJK SC' not found.
2025-12-18 14:31:38,199 | WARNING | findfont: Font family 'Arial Unicode MS' not found.
2025-12-18 14:31:38,199 | WARNING | findfont: Font family 'Noto Sans CJK SC' not found.
2025-12-18 14:31:38,200 | WARNING | findfont: Font family 'Arial Unicode MS' not found.
2025-12-18 14:31:38,200 | WARNING | findfont: Font family 'Noto Sans CJK SC' not found.
2025-12-18 14:31:38,203 | WARNING | findfont: Font family 'Arial Unicode MS' not found.
2025-12-18 14:31:38,203 | WARNING | findfont: Font family 'Noto Sans CJK SC' not found.
2025-12-18 14:31:38,203 | WARNING | findfont: Font family 'Arial Unicode MS' not found.
2025-12-18 14:31:38,203 | WARNING | findfont: Font family 'Noto Sans CJK SC' not found.
2025-12-18 14:31:38,204 | WARNING | findfont: Font family 'Arial Unicode MS' not found.
2025-12-18 14:31:38,204 | WARNING | findfont: Font family 'Noto Sans CJK SC' not found.
2025-12-18 14:31:38,204 | WARNING | findfont: Font family 'Arial Unicode MS' not found.
2025-12-18 14:31:38,204 | WARNING | findfont: Font family 'Noto Sans CJK SC' not found.
2025-12-18 14:31:38,205 | WARNING | findfont: Font family 'Arial Unicode MS' not found.
2025-12-18 14:31:38,205 | WARNING | findfont: Font family 'Noto Sans CJK SC' not found.
2025-12-18 14:31:38,205 | WARNING | findfont: Font family 'Arial Unicode MS' not found.
2025-12-18 14:31:38,205 | WARNING | findfont: Font family 'Noto Sans CJK SC' not found.
2025-12-18 14:31:38,206 | WARNING | findfont: Font family 'Arial Unicode MS' not found.
2025-12-18 14:31:38,206 | WARNING | findfont: Font family 'Noto Sans CJK SC' not found.
2025-12-18 14:31:38,206 | WARNING | findfont: Font family 'Arial Unicode MS' not found.
2025-12-18 14:31:38,206 | WARNING | findfont: Font family 'Noto Sans CJK SC' not found.
2025-12-18 14:31:38,206 | WARNING | findfont: Font family 'Arial Unicode MS' not found.
2025-12-18 14:31:38,206 | WARNING | findfont: Font family 'Noto Sans CJK SC' not found.
2025-12-18 14:31:38,213 | WARNING | findfont: Font family 'Arial Unicode MS' not found.
2025-12-18 14:31:38,213 | WARNING | findfont: Font family 'Noto Sans CJK SC' not found.
2025-12-18 14:31:38,218 | WARNING | findfont: Font family 'Arial Unicode MS' not found.
2025-12-18 14:31:38,218 | WARNING | findfont: Font family 'Noto Sans CJK SC' not found.
2025-12-18 14:31:38,218 | WARNING | findfont: Font family 'Arial Unicode MS' not found.
2025-12-18 14:31:38,218 | WARNING | findfont: Font family 'Noto Sans CJK SC' not found.
2025-12-18 14:31:38,219 | WARNING | findfont: Font family 'Arial Unicode MS' not found.
2025-12-18 14:31:38,219 | WARNING | findfont: Font family 'Noto Sans CJK SC' not found.
2025-12-18 14:31:38,231 | WARNING | findfont: Font family 'Arial Unicode MS' not found.
2025-12-18 14:31:38,231 | WARNING | findfont: Font family 'Noto Sans CJK SC' not found.
2025-12-18 14:31:38,232 | WARNING | findfont: Font family 'Arial Unicode MS' not found.
2025-12-18 14:31:38,232 | WARNING | findfont: Font family 'Noto Sans CJK SC' not found.
2025-12-18 14:31:38,233 | WARNING | findfont: Font family 'Arial Unicode MS' not found.
2025-12-18 14:31:38,233 | WARNING | findfont: Font family 'Noto Sans CJK SC' not found.
2025-12-18 14:31:38,234 | WARNING | findfont: Font family 'Arial Unicode MS' not found.
2025-12-18 14:31:38,234 | WARNING | findfont: Font family 'Noto Sans CJK SC' not found.
2025-12-18 14:31:38,235 | WARNING | findfont: Font family 'Arial Unicode MS' not found.
2025-12-18 14:31:38,235 | WARNING | findfont: Font family 'Noto Sans CJK SC' not found.
2025-12-18 14:31:38,236 | WARNING | findfont: Font family 'Arial Unicode MS' not found.
2025-12-18 14:31:38,236 | WARNING | findfont: Font family 'Noto Sans CJK SC' not found.
2025-12-18 14:31:38,236 | WARNING | findfont: Font family 'Arial Unicode MS' not found.
2025-12-18 14:31:38,237 | WARNING | findfont: Font family 'Noto Sans CJK SC' not found.
2025-12-18 14:31:38,237 | WARNING | findfont: Font family 'Arial Unicode MS' not found.
2025-12-18 14:31:38,238 | WARNING | findfont: Font family 'Noto Sans CJK SC' not found.
2025-12-18 14:31:38,238 | WARNING | findfont: Font family 'Arial Unicode MS' not found.
2025-12-18 14:31:38,238 | WARNING | findfont: Font family 'Noto Sans CJK SC' not found.
2025-12-18 14:31:38,244 | WARNING | findfont: Font family 'Arial Unicode MS' not found.
2025-12-18 14:31:38,244 | WARNING | findfont: Font family 'Noto Sans CJK SC' not found.
2025-12-18 14:31:38,246 | WARNING | findfont: Font family 'Arial Unicode MS' not found.
2025-12-18 14:31:38,246 | WARNING | findfont: Font family 'Noto Sans CJK SC' not found.
2025-12-18 14:31:38,247 | WARNING | findfont: Font family 'Arial Unicode MS' not found.
2025-12-18 14:31:38,247 | WARNING | findfont: Font family 'Noto Sans CJK SC' not found.
2025-12-18 14:31:38,248 | WARNING | findfont: Font family 'Arial Unicode MS' not found.
2025-12-18 14:31:38,248 | WARNING | findfont: Font family 'Noto Sans CJK SC' not found.
2025-12-18 14:31:38,249 | WARNING | findfont: Font family 'Arial Unicode MS' not found.
2025-12-18 14:31:38,249 | WARNING | findfont: Font family 'Noto Sans CJK SC' not found.
2025-12-18 14:31:38,250 | WARNING | findfont: Font family 'Arial Unicode MS' not found.
2025-12-18 14:31:38,250 | WARNING | findfont: Font family 'Noto Sans CJK SC' not found.
2025-12-18 14:31:38,251 | WARNING | findfont: Font family 'Arial Unicode MS' not found.
2025-12-18 14:31:38,251 | WARNING | findfont: Font family 'Noto Sans CJK SC' not found.
2025-12-18 14:31:38,251 | WARNING | findfont: Font family 'Arial Unicode MS' not found.
2025-12-18 14:31:38,252 | WARNING | findfont: Font family 'Noto Sans CJK SC' not found.
2025-12-18 14:31:38,254 | WARNING | findfont: Font family 'Arial Unicode MS' not found.
2025-12-18 14:31:38,254 | WARNING | findfont: Font family 'Noto Sans CJK SC' not found.
2025-12-18 14:31:38,258 | WARNING | findfont: Font family 'Arial Unicode MS' not found.
2025-12-18 14:31:38,259 | WARNING | findfont: Font family 'Noto Sans CJK SC' not found.
2025-12-18 14:31:38,264 | WARNING | findfont: Font family 'Arial Unicode MS' not found.
2025-12-18 14:31:38,264 | WARNING | findfont: Font family 'Noto Sans CJK SC' not found.
2025-12-18 14:31:38,265 | WARNING | findfont: Font family 'Arial Unicode MS' not found.
2025-12-18 14:31:38,265 | WARNING | findfont: Font family 'Noto Sans CJK SC' not found.
2025-12-18 14:31:38,266 | WARNING | findfont: Font family 'Arial Unicode MS' not found.
2025-12-18 14:31:38,266 | WARNING | findfont: Font family 'Noto Sans CJK SC' not found.
2025-12-18 14:31:38,430 | WARNING | findfont: Font family 'Arial Unicode MS' not found.
2025-12-18 14:31:38,430 | WARNING | findfont: Font family 'Noto Sans CJK SC' not found.
2025-12-18 14:31:38,431 | WARNING | findfont: Font family 'Arial Unicode MS' not found.
2025-12-18 14:31:38,431 | WARNING | findfont: Font family 'Noto Sans CJK SC' not found.
2025-12-18 14:31:38,431 | WARNING | findfont: Font family 'Arial Unicode MS' not found.
2025-12-18 14:31:38,431 | WARNING | findfont: Font family 'Noto Sans CJK SC' not found.
2025-12-18 14:31:38,432 | WARNING | findfont: Font family 'Arial Unicode MS' not found.
2025-12-18 14:31:38,433 | WARNING | findfont: Font family 'Noto Sans CJK SC' not found.
2025-12-18 14:31:38,433 | WARNING | findfont: Font family 'Arial Unicode MS' not found.
2025-12-18 14:31:38,433 | WARNING | findfont: Font family 'Noto Sans CJK SC' not found.
2025-12-18 14:31:38,434 | WARNING | findfont: Font family 'Arial Unicode MS' not found.
2025-12-18 14:31:38,434 | WARNING | findfont: Font family 'Noto Sans CJK SC' not found.
2025-12-18 14:31:38,434 | WARNING | findfont: Font family 'Arial Unicode MS' not found.
2025-12-18 14:31:38,434 | WARNING | findfont: Font family 'Noto Sans CJK SC' not found.
2025-12-18 14:31:38,435 | WARNING | findfont: Font family 'Arial Unicode MS' not found.
2025-12-18 14:31:38,435 | WARNING | findfont: Font family 'Noto Sans CJK SC' not found.
2025-12-18 14:31:38,435 | WARNING | findfont: Font family 'Arial Unicode MS' not found.
2025-12-18 14:31:38,436 | WARNING | findfont: Font family 'Noto Sans CJK SC' not found.
2025-12-18 14:31:38,439 | WARNING | findfont: Font family 'Arial Unicode MS' not found.
2025-12-18 14:31:38,439 | WARNING | findfont: Font family 'Noto Sans CJK SC' not found.
2025-12-18 14:31:38,446 | WARNING | findfont: Font family 'Arial Unicode MS' not found.
2025-12-18 14:31:38,446 | WARNING | findfont: Font family 'Noto Sans CJK SC' not found.
2025-12-18 14:31:38,447 | WARNING | findfont: Font family 'Arial Unicode MS' not found.
2025-12-18 14:31:38,447 | WARNING | findfont: Font family 'Noto Sans CJK SC' not found.
2025-12-18 14:31:38,448 | WARNING | findfont: Font family 'Arial Unicode MS' not found.
2025-12-18 14:31:38,449 | WARNING | findfont: Font family 'Noto Sans CJK SC' not found.
2025-12-18 14:31:38,449 | WARNING | findfont: Font family 'Arial Unicode MS' not found.
2025-12-18 14:31:38,449 | WARNING | findfont: Font family 'Noto Sans CJK SC' not found.
2025-12-18 14:31:38,450 | WARNING | findfont: Font family 'Arial Unicode MS' not found.
2025-12-18 14:31:38,450 | WARNING | findfont: Font family 'Noto Sans CJK SC' not found.
2025-12-18 14:31:38,451 | WARNING | findfont: Font family 'Arial Unicode MS' not found.
2025-12-18 14:31:38,451 | WARNING | findfont: Font family 'Noto Sans CJK SC' not found.
2025-12-18 14:31:38,451 | WARNING | findfont: Font family 'Arial Unicode MS' not found.
2025-12-18 14:31:38,452 | WARNING | findfont: Font family 'Noto Sans CJK SC' not found.
2025-12-18 14:31:38,454 | WARNING | findfont: Font family 'Arial Unicode MS' not found.
2025-12-18 14:31:38,454 | WARNING | findfont: Font family 'Noto Sans CJK SC' not found.
2025-12-18 14:31:38,459 | WARNING | findfont: Font family 'Arial Unicode MS' not found.
2025-12-18 14:31:38,459 | WARNING | findfont: Font family 'Noto Sans CJK SC' not found.
2025-12-18 14:31:38,459 | WARNING | findfont: Font family 'Arial Unicode MS' not found.
2025-12-18 14:31:38,459 | WARNING | findfont: Font family 'Noto Sans CJK SC' not found.
2025-12-18 14:31:38,468 | WARNING | findfont: Font family 'Arial Unicode MS' not found.
2025-12-18 14:31:38,468 | WARNING | findfont: Font family 'Noto Sans CJK SC' not found.
2025-12-18 14:31:38,469 | WARNING | findfont: Font family 'Arial Unicode MS' not found.
2025-12-18 14:31:38,469 | WARNING | findfont: Font family 'Noto Sans CJK SC' not found.
2025-12-18 14:31:38,470 | WARNING | findfont: Font family 'Arial Unicode MS' not found.
2025-12-18 14:31:38,470 | WARNING | findfont: Font family 'Noto Sans CJK SC' not found.
2025-12-18 14:31:38,480 | WARNING | findfont: Font family 'Arial Unicode MS' not found.
2025-12-18 14:31:38,480 | WARNING | findfont: Font family 'Noto Sans CJK SC' not found.
2025-12-18 14:31:38,480 | WARNING | findfont: Font family 'Arial Unicode MS' not found.
2025-12-18 14:31:38,480 | WARNING | findfont: Font family 'Noto Sans CJK SC' not found.
2025-12-18 14:31:38,480 | WARNING | findfont: Font family 'Arial Unicode MS' not found.
2025-12-18 14:31:38,481 | WARNING | findfont: Font family 'Noto Sans CJK SC' not found.
2025-12-18 14:31:38,482 | WARNING | findfont: Font family 'Arial Unicode MS' not found.
2025-12-18 14:31:38,482 | WARNING | findfont: Font family 'Noto Sans CJK SC' not found.
2025-12-18 14:31:38,482 | WARNING | findfont: Font family 'Arial Unicode MS' not found.
2025-12-18 14:31:38,483 | WARNING | findfont: Font family 'Noto Sans CJK SC' not found.
2025-12-18 14:31:38,483 | WARNING | findfont: Font family 'Arial Unicode MS' not found.
2025-12-18 14:31:38,483 | WARNING | findfont: Font family 'Noto Sans CJK SC' not found.
2025-12-18 14:31:38,484 | WARNING | findfont: Font family 'Arial Unicode MS' not found.
2025-12-18 14:31:38,484 | WARNING | findfont: Font family 'Noto Sans CJK SC' not found.
2025-12-18 14:31:38,484 | WARNING | findfont: Font family 'Arial Unicode MS' not found.
2025-12-18 14:31:38,484 | WARNING | findfont: Font family 'Noto Sans CJK SC' not found.
2025-12-18 14:31:38,486 | WARNING | findfont: Font family 'Arial Unicode MS' not found.
2025-12-18 14:31:38,487 | WARNING | findfont: Font family 'Noto Sans CJK SC' not found.
2025-12-18 14:31:38,488 | WARNING | findfont: Font family 'Arial Unicode MS' not found.
2025-12-18 14:31:38,488 | WARNING | findfont: Font family 'Noto Sans CJK SC' not found.
2025-12-18 14:31:38,489 | WARNING | findfont: Font family 'Arial Unicode MS' not found.
2025-12-18 14:31:38,489 | WARNING | findfont: Font family 'Noto Sans CJK SC' not found.
2025-12-18 14:31:38,493 | WARNING | findfont: Font family 'Arial Unicode MS' not found.
2025-12-18 14:31:38,494 | WARNING | findfont: Font family 'Noto Sans CJK SC' not found.
2025-12-18 14:31:38,494 | WARNING | findfont: Font family 'Arial Unicode MS' not found.
2025-12-18 14:31:38,494 | WARNING | findfont: Font family 'Noto Sans CJK SC' not found.
2025-12-18 14:31:38,495 | WARNING | findfont: Font family 'Arial Unicode MS' not found.
2025-12-18 14:31:38,495 | WARNING | findfont: Font family 'Noto Sans CJK SC' not found.
2025-12-18 14:31:38,496 | WARNING | findfont: Font family 'Arial Unicode MS' not found.
2025-12-18 14:31:38,496 | WARNING | findfont: Font family 'Noto Sans CJK SC' not found.
2025-12-18 14:31:38,497 | WARNING | findfont: Font family 'Arial Unicode MS' not found.
2025-12-18 14:31:38,497 | WARNING | findfont: Font family 'Noto Sans CJK SC' not found.
2025-12-18 14:31:38,498 | WARNING | findfont: Font family 'Arial Unicode MS' not found.
2025-12-18 14:31:38,498 | WARNING | findfont: Font family 'Noto Sans CJK SC' not found.
2025-12-18 14:31:38,498 | WARNING | findfont: Font family 'Arial Unicode MS' not found.
2025-12-18 14:31:38,498 | WARNING | findfont: Font family 'Noto Sans CJK SC' not found.
2025-12-18 14:31:38,499 | WARNING | findfont: Font family 'Arial Unicode MS' not found.
2025-12-18 14:31:38,499 | WARNING | findfont: Font family 'Noto Sans CJK SC' not found.
2025-12-18 14:31:38,507 | WARNING | findfont: Font family 'Arial Unicode MS' not found.
2025-12-18 14:31:38,508 | WARNING | findfont: Font family 'Noto Sans CJK SC' not found.
2025-12-18 14:31:38,514 | WARNING | findfont: Font family 'Arial Unicode MS' not found.
2025-12-18 14:31:38,514 | WARNING | findfont: Font family 'Noto Sans CJK SC' not found.
2025-12-18 14:31:38,515 | WARNING | findfont: Font family 'Arial Unicode MS' not found.
2025-12-18 14:31:38,515 | WARNING | findfont: Font family 'Noto Sans CJK SC' not found.
2025-12-18 14:31:38,516 | WARNING | findfont: Font family 'Arial Unicode MS' not found.
2025-12-18 14:31:38,516 | WARNING | findfont: Font family 'Noto Sans CJK SC' not found.
2025-12-18 14:31:38,530 | WARNING | findfont: Font family 'Arial Unicode MS' not found.
2025-12-18 14:31:38,530 | WARNING | findfont: Font family 'Noto Sans CJK SC' not found.
2025-12-18 14:31:38,531 | WARNING | findfont: Font family 'Arial Unicode MS' not found.
2025-12-18 14:31:38,531 | WARNING | findfont: Font family 'Noto Sans CJK SC' not found.
2025-12-18 14:31:38,532 | WARNING | findfont: Font family 'Arial Unicode MS' not found.
2025-12-18 14:31:38,532 | WARNING | findfont: Font family 'Noto Sans CJK SC' not found.
2025-12-18 14:31:38,533 | WARNING | findfont: Font family 'Arial Unicode MS' not found.
2025-12-18 14:31:38,533 | WARNING | findfont: Font family 'Noto Sans CJK SC' not found.
2025-12-18 14:31:38,534 | WARNING | findfont: Font family 'Arial Unicode MS' not found.
2025-12-18 14:31:38,534 | WARNING | findfont: Font family 'Noto Sans CJK SC' not found.
2025-12-18 14:31:38,536 | WARNING | findfont: Font family 'Arial Unicode MS' not found.
2025-12-18 14:31:38,536 | WARNING | findfont: Font family 'Noto Sans CJK SC' not found.
2025-12-18 14:31:38,537 | WARNING | findfont: Font family 'Arial Unicode MS' not found.
2025-12-18 14:31:38,537 | WARNING | findfont: Font family 'Noto Sans CJK SC' not found.
2025-12-18 14:31:38,538 | WARNING | findfont: Font family 'Arial Unicode MS' not found.
2025-12-18 14:31:38,538 | WARNING | findfont: Font family 'Noto Sans CJK SC' not found.
2025-12-18 14:31:38,545 | WARNING | findfont: Font family 'Arial Unicode MS' not found.
2025-12-18 14:31:38,546 | WARNING | findfont: Font family 'Noto Sans CJK SC' not found.
2025-12-18 14:31:38,548 | WARNING | findfont: Font family 'Arial Unicode MS' not found.
2025-12-18 14:31:38,548 | WARNING | findfont: Font family 'Noto Sans CJK SC' not found.
2025-12-18 14:31:38,549 | WARNING | findfont: Font family 'Arial Unicode MS' not found.
2025-12-18 14:31:38,549 | WARNING | findfont: Font family 'Noto Sans CJK SC' not found.
2025-12-18 14:31:38,549 | WARNING | findfont: Font family 'Arial Unicode MS' not found.
2025-12-18 14:31:38,550 | WARNING | findfont: Font family 'Noto Sans CJK SC' not found.
2025-12-18 14:31:38,550 | WARNING | findfont: Font family 'Arial Unicode MS' not found.
2025-12-18 14:31:38,550 | WARNING | findfont: Font family 'Noto Sans CJK SC' not found.
2025-12-18 14:31:38,551 | WARNING | findfont: Font family 'Arial Unicode MS' not found.
2025-12-18 14:31:38,551 | WARNING | findfont: Font family 'Noto Sans CJK SC' not found.
2025-12-18 14:31:38,552 | WARNING | findfont: Font family 'Arial Unicode MS' not found.
2025-12-18 14:31:38,552 | WARNING | findfont: Font family 'Noto Sans CJK SC' not found.
2025-12-18 14:31:38,553 | WARNING | findfont: Font family 'Arial Unicode MS' not found.
2025-12-18 14:31:38,553 | WARNING | findfont: Font family 'Noto Sans CJK SC' not found.
2025-12-18 14:31:38,556 | WARNING | findfont: Font family 'Arial Unicode MS' not found.
2025-12-18 14:31:38,557 | WARNING | findfont: Font family 'Noto Sans CJK SC' not found.
2025-12-18 14:31:38,562 | WARNING | findfont: Font family 'Arial Unicode MS' not found.
2025-12-18 14:31:38,562 | WARNING | findfont: Font family 'Noto Sans CJK SC' not found.
2025-12-18 14:31:38,567 | WARNING | findfont: Font family 'Arial Unicode MS' not found.
2025-12-18 14:31:38,568 | WARNING | findfont: Font family 'Noto Sans CJK SC' not found.
2025-12-18 14:31:38,569 | WARNING | findfont: Font family 'Arial Unicode MS' not found.
2025-12-18 14:31:38,569 | WARNING | findfont: Font family 'Noto Sans CJK SC' not found.
2025-12-18 14:31:38,570 | WARNING | findfont: Font family 'Arial Unicode MS' not found.
2025-12-18 14:31:38,571 | WARNING | findfont: Font family 'Noto Sans CJK SC' not found.
2025-12-18 14:31:38,750 | WARNING | findfont: Font family 'Arial Unicode MS' not found.
2025-12-18 14:31:38,751 | WARNING | findfont: Font family 'Noto Sans CJK SC' not found.
2025-12-18 14:31:38,751 | WARNING | findfont: Font family 'Arial Unicode MS' not found.
2025-12-18 14:31:38,751 | WARNING | findfont: Font family 'Noto Sans CJK SC' not found.
2025-12-18 14:31:38,751 | WARNING | findfont: Font family 'Arial Unicode MS' not found.
2025-12-18 14:31:38,751 | WARNING | findfont: Font family 'Noto Sans CJK SC' not found.
2025-12-18 14:31:38,751 | WARNING | findfont: Font family 'Arial Unicode MS' not found.
2025-12-18 14:31:38,751 | WARNING | findfont: Font family 'Noto Sans CJK SC' not found.
2025-12-18 14:31:38,752 | WARNING | findfont: Font family 'Arial Unicode MS' not found.
2025-12-18 14:31:38,752 | WARNING | findfont: Font family 'Noto Sans CJK SC' not found.
2025-12-18 14:31:38,754 | WARNING | findfont: Font family 'Arial Unicode MS' not found.
2025-12-18 14:31:38,754 | WARNING | findfont: Font family 'Noto Sans CJK SC' not found.
2025-12-18 14:31:38,754 | WARNING | findfont: Font family 'Arial Unicode MS' not found.
2025-12-18 14:31:38,754 | WARNING | findfont: Font family 'Noto Sans CJK SC' not found.
2025-12-18 14:31:38,754 | WARNING | findfont: Font family 'Arial Unicode MS' not found.
2025-12-18 14:31:38,754 | WARNING | findfont: Font family 'Noto Sans CJK SC' not found.
2025-12-18 14:31:38,754 | WARNING | findfont: Font family 'Arial Unicode MS' not found.
2025-12-18 14:31:38,754 | WARNING | findfont: Font family 'Noto Sans CJK SC' not found.
2025-12-18 14:31:38,754 | WARNING | findfont: Font family 'Arial Unicode MS' not found.
2025-12-18 14:31:38,754 | WARNING | findfont: Font family 'Noto Sans CJK SC' not found.
2025-12-18 14:31:38,759 | WARNING | findfont: Font family 'Arial Unicode MS' not found.
2025-12-18 14:31:38,759 | WARNING | findfont: Font family 'Noto Sans CJK SC' not found.
2025-12-18 14:31:38,765 | WARNING | findfont: Font family 'Arial Unicode MS' not found.
2025-12-18 14:31:38,766 | WARNING | findfont: Font family 'Noto Sans CJK SC' not found.
2025-12-18 14:31:38,766 | WARNING | findfont: Font family 'Arial Unicode MS' not found.
2025-12-18 14:31:38,767 | WARNING | findfont: Font family 'Noto Sans CJK SC' not found.
2025-12-18 14:31:38,767 | WARNING | findfont: Font family 'Arial Unicode MS' not found.
2025-12-18 14:31:38,767 | WARNING | findfont: Font family 'Noto Sans CJK SC' not found.
2025-12-18 14:31:38,768 | WARNING | findfont: Font family 'Arial Unicode MS' not found.
2025-12-18 14:31:38,768 | WARNING | findfont: Font family 'Noto Sans CJK SC' not found.
2025-12-18 14:31:38,769 | WARNING | findfont: Font family 'Arial Unicode MS' not found.
2025-12-18 14:31:38,769 | WARNING | findfont: Font family 'Noto Sans CJK SC' not found.
2025-12-18 14:31:38,769 | WARNING | findfont: Font family 'Arial Unicode MS' not found.
2025-12-18 14:31:38,769 | WARNING | findfont: Font family 'Noto Sans CJK SC' not found.
2025-12-18 14:31:38,771 | WARNING | findfont: Font family 'Arial Unicode MS' not found.
2025-12-18 14:31:38,771 | WARNING | findfont: Font family 'Noto Sans CJK SC' not found.
2025-12-18 14:31:38,775 | WARNING | findfont: Font family 'Arial Unicode MS' not found.
2025-12-18 14:31:38,775 | WARNING | findfont: Font family 'Noto Sans CJK SC' not found.
2025-12-18 14:31:38,775 | WARNING | findfont: Font family 'Arial Unicode MS' not found.
2025-12-18 14:31:38,775 | WARNING | findfont: Font family 'Noto Sans CJK SC' not found.
2025-12-18 14:31:38,783 | WARNING | findfont: Font family 'Arial Unicode MS' not found.
2025-12-18 14:31:38,784 | WARNING | findfont: Font family 'Noto Sans CJK SC' not found.
2025-12-18 14:31:38,784 | WARNING | findfont: Font family 'Arial Unicode MS' not found.
2025-12-18 14:31:38,785 | WARNING | findfont: Font family 'Noto Sans CJK SC' not found.
2025-12-18 14:31:38,785 | WARNING | findfont: Font family 'Arial Unicode MS' not found.
2025-12-18 14:31:38,786 | WARNING | findfont: Font family 'Noto Sans CJK SC' not found.
2025-12-18 14:31:38,795 | WARNING | findfont: Font family 'Arial Unicode MS' not found.
2025-12-18 14:31:38,795 | WARNING | findfont: Font family 'Noto Sans CJK SC' not found.
2025-12-18 14:31:38,795 | WARNING | findfont: Font family 'Arial Unicode MS' not found.
2025-12-18 14:31:38,796 | WARNING | findfont: Font family 'Noto Sans CJK SC' not found.
2025-12-18 14:31:38,796 | WARNING | findfont: Font family 'Arial Unicode MS' not found.
2025-12-18 14:31:38,796 | WARNING | findfont: Font family 'Noto Sans CJK SC' not found.
2025-12-18 14:31:38,797 | WARNING | findfont: Font family 'Arial Unicode MS' not found.
2025-12-18 14:31:38,797 | WARNING | findfont: Font family 'Noto Sans CJK SC' not found.
2025-12-18 14:31:38,798 | WARNING | findfont: Font family 'Arial Unicode MS' not found.
2025-12-18 14:31:38,798 | WARNING | findfont: Font family 'Noto Sans CJK SC' not found.
2025-12-18 14:31:38,798 | WARNING | findfont: Font family 'Arial Unicode MS' not found.
2025-12-18 14:31:38,798 | WARNING | findfont: Font family 'Noto Sans CJK SC' not found.
2025-12-18 14:31:38,799 | WARNING | findfont: Font family 'Arial Unicode MS' not found.
2025-12-18 14:31:38,799 | WARNING | findfont: Font family 'Noto Sans CJK SC' not found.
2025-12-18 14:31:38,801 | WARNING | findfont: Font family 'Arial Unicode MS' not found.
2025-12-18 14:31:38,801 | WARNING | findfont: Font family 'Noto Sans CJK SC' not found.
2025-12-18 14:31:38,802 | WARNING | findfont: Font family 'Arial Unicode MS' not found.
2025-12-18 14:31:38,802 | WARNING | findfont: Font family 'Noto Sans CJK SC' not found.
2025-12-18 14:31:38,803 | WARNING | findfont: Font family 'Arial Unicode MS' not found.
2025-12-18 14:31:38,803 | WARNING | findfont: Font family 'Noto Sans CJK SC' not found.
2025-12-18 14:31:38,808 | WARNING | findfont: Font family 'Arial Unicode MS' not found.
2025-12-18 14:31:38,808 | WARNING | findfont: Font family 'Noto Sans CJK SC' not found.
2025-12-18 14:31:38,809 | WARNING | findfont: Font family 'Arial Unicode MS' not found.
2025-12-18 14:31:38,809 | WARNING | findfont: Font family 'Noto Sans CJK SC' not found.
2025-12-18 14:31:38,810 | WARNING | findfont: Font family 'Arial Unicode MS' not found.
2025-12-18 14:31:38,810 | WARNING | findfont: Font family 'Noto Sans CJK SC' not found.
2025-12-18 14:31:38,810 | WARNING | findfont: Font family 'Arial Unicode MS' not found.
2025-12-18 14:31:38,811 | WARNING | findfont: Font family 'Noto Sans CJK SC' not found.
2025-12-18 14:31:38,811 | WARNING | findfont: Font family 'Arial Unicode MS' not found.
2025-12-18 14:31:38,811 | WARNING | findfont: Font family 'Noto Sans CJK SC' not found.
2025-12-18 14:31:38,812 | WARNING | findfont: Font family 'Arial Unicode MS' not found.
2025-12-18 14:31:38,812 | WARNING | findfont: Font family 'Noto Sans CJK SC' not found.
2025-12-18 14:31:38,812 | WARNING | findfont: Font family 'Arial Unicode MS' not found.
2025-12-18 14:31:38,812 | WARNING | findfont: Font family 'Noto Sans CJK SC' not found.
2025-12-18 14:31:38,813 | WARNING | findfont: Font family 'Arial Unicode MS' not found.
2025-12-18 14:31:38,813 | WARNING | findfont: Font family 'Noto Sans CJK SC' not found.
2025-12-18 14:31:38,813 | WARNING | findfont: Font family 'Arial Unicode MS' not found.
2025-12-18 14:31:38,813 | WARNING | findfont: Font family 'Noto Sans CJK SC' not found.
2025-12-18 14:31:38,822 | WARNING | findfont: Font family 'Arial Unicode MS' not found.
2025-12-18 14:31:38,822 | WARNING | findfont: Font family 'Noto Sans CJK SC' not found.
2025-12-18 14:31:38,828 | WARNING | findfont: Font family 'Arial Unicode MS' not found.
2025-12-18 14:31:38,828 | WARNING | findfont: Font family 'Noto Sans CJK SC' not found.
2025-12-18 14:31:38,829 | WARNING | findfont: Font family 'Arial Unicode MS' not found.
2025-12-18 14:31:38,829 | WARNING | findfont: Font family 'Noto Sans CJK SC' not found.
2025-12-18 14:31:38,830 | WARNING | findfont: Font family 'Arial Unicode MS' not found.
2025-12-18 14:31:38,830 | WARNING | findfont: Font family 'Noto Sans CJK SC' not found.
2025-12-18 14:31:38,841 | WARNING | findfont: Font family 'Arial Unicode MS' not found.
2025-12-18 14:31:38,841 | WARNING | findfont: Font family 'Noto Sans CJK SC' not found.
2025-12-18 14:31:38,842 | WARNING | findfont: Font family 'Arial Unicode MS' not found.
2025-12-18 14:31:38,842 | WARNING | findfont: Font family 'Noto Sans CJK SC' not found.
2025-12-18 14:31:38,843 | WARNING | findfont: Font family 'Arial Unicode MS' not found.
2025-12-18 14:31:38,843 | WARNING | findfont: Font family 'Noto Sans CJK SC' not found.
2025-12-18 14:31:38,843 | WARNING | findfont: Font family 'Arial Unicode MS' not found.
2025-12-18 14:31:38,844 | WARNING | findfont: Font family 'Noto Sans CJK SC' not found.
2025-12-18 14:31:38,844 | WARNING | findfont: Font family 'Arial Unicode MS' not found.
2025-12-18 14:31:38,844 | WARNING | findfont: Font family 'Noto Sans CJK SC' not found.
2025-12-18 14:31:38,845 | WARNING | findfont: Font family 'Arial Unicode MS' not found.
2025-12-18 14:31:38,845 | WARNING | findfont: Font family 'Noto Sans CJK SC' not found.
2025-12-18 14:31:38,846 | WARNING | findfont: Font family 'Arial Unicode MS' not found.
2025-12-18 14:31:38,846 | WARNING | findfont: Font family 'Noto Sans CJK SC' not found.
2025-12-18 14:31:38,846 | WARNING | findfont: Font family 'Arial Unicode MS' not found.
2025-12-18 14:31:38,847 | WARNING | findfont: Font family 'Noto Sans CJK SC' not found.
2025-12-18 14:31:38,848 | WARNING | findfont: Font family 'Arial Unicode MS' not found.
2025-12-18 14:31:38,848 | WARNING | findfont: Font family 'Noto Sans CJK SC' not found.
2025-12-18 14:31:38,854 | WARNING | findfont: Font family 'Arial Unicode MS' not found.
2025-12-18 14:31:38,854 | WARNING | findfont: Font family 'Noto Sans CJK SC' not found.
2025-12-18 14:31:38,857 | WARNING | findfont: Font family 'Arial Unicode MS' not found.
2025-12-18 14:31:38,857 | WARNING | findfont: Font family 'Noto Sans CJK SC' not found.
2025-12-18 14:31:38,858 | WARNING | findfont: Font family 'Arial Unicode MS' not found.
2025-12-18 14:31:38,858 | WARNING | findfont: Font family 'Noto Sans CJK SC' not found.
2025-12-18 14:31:38,859 | WARNING | findfont: Font family 'Arial Unicode MS' not found.
2025-12-18 14:31:38,859 | WARNING | findfont: Font family 'Noto Sans CJK SC' not found.
2025-12-18 14:31:38,860 | WARNING | findfont: Font family 'Arial Unicode MS' not found.
2025-12-18 14:31:38,860 | WARNING | findfont: Font family 'Noto Sans CJK SC' not found.
2025-12-18 14:31:38,861 | WARNING | findfont: Font family 'Arial Unicode MS' not found.
2025-12-18 14:31:38,861 | WARNING | findfont: Font family 'Noto Sans CJK SC' not found.
2025-12-18 14:31:38,862 | WARNING | findfont: Font family 'Arial Unicode MS' not found.
2025-12-18 14:31:38,862 | WARNING | findfont: Font family 'Noto Sans CJK SC' not found.
2025-12-18 14:31:38,864 | WARNING | findfont: Font family 'Arial Unicode MS' not found.
2025-12-18 14:31:38,864 | WARNING | findfont: Font family 'Noto Sans CJK SC' not found.
2025-12-18 14:31:38,871 | WARNING | findfont: Font family 'Arial Unicode MS' not found.
2025-12-18 14:31:38,871 | WARNING | findfont: Font family 'Noto Sans CJK SC' not found.
2025-12-18 14:31:38,876 | WARNING | findfont: Font family 'Arial Unicode MS' not found.
2025-12-18 14:31:38,876 | WARNING | findfont: Font family 'Noto Sans CJK SC' not found.
2025-12-18 14:31:38,877 | WARNING | findfont: Font family 'Arial Unicode MS' not found.
2025-12-18 14:31:38,877 | WARNING | findfont: Font family 'Noto Sans CJK SC' not found.
2025-12-18 14:31:38,878 | WARNING | findfont: Font family 'Arial Unicode MS' not found.
2025-12-18 14:31:38,879 | WARNING | findfont: Font family 'Noto Sans CJK SC' not found.
2025-12-18 14:31:39,014 | WARNING | findfont: Font family 'Arial Unicode MS' not found.
2025-12-18 14:31:39,014 | WARNING | findfont: Font family 'Noto Sans CJK SC' not found.
2025-12-18 14:31:39,015 | WARNING | findfont: Font family 'Arial Unicode MS' not found.
2025-12-18 14:31:39,015 | WARNING | findfont: Font family 'Noto Sans CJK SC' not found.
2025-12-18 14:31:39,015 | WARNING | findfont: Font family 'Arial Unicode MS' not found.
2025-12-18 14:31:39,015 | WARNING | findfont: Font family 'Noto Sans CJK SC' not found.
2025-12-18 14:31:39,016 | WARNING | findfont: Font family 'Arial Unicode MS' not found.
2025-12-18 14:31:39,016 | WARNING | findfont: Font family 'Noto Sans CJK SC' not found.
2025-12-18 14:31:39,016 | WARNING | findfont: Font family 'Arial Unicode MS' not found.
2025-12-18 14:31:39,016 | WARNING | findfont: Font family 'Noto Sans CJK SC' not found.
2025-12-18 14:31:39,016 | WARNING | findfont: Font family 'Arial Unicode MS' not found.
2025-12-18 14:31:39,016 | WARNING | findfont: Font family 'Noto Sans CJK SC' not found.
2025-12-18 14:31:39,017 | WARNING | findfont: Font family 'Arial Unicode MS' not found.
2025-12-18 14:31:39,017 | WARNING | findfont: Font family 'Noto Sans CJK SC' not found.
2025-12-18 14:31:39,017 | WARNING | findfont: Font family 'Arial Unicode MS' not found.
2025-12-18 14:31:39,017 | WARNING | findfont: Font family 'Noto Sans CJK SC' not found.
2025-12-18 14:31:39,017 | WARNING | findfont: Font family 'Arial Unicode MS' not found.
2025-12-18 14:31:39,017 | WARNING | findfont: Font family 'Noto Sans CJK SC' not found.
2025-12-18 14:31:39,018 | WARNING | findfont: Font family 'Arial Unicode MS' not found.
2025-12-18 14:31:39,018 | WARNING | findfont: Font family 'Noto Sans CJK SC' not found.
2025-12-18 14:31:39,020 | WARNING | findfont: Font family 'Arial Unicode MS' not found.
2025-12-18 14:31:39,021 | WARNING | findfont: Font family 'Noto Sans CJK SC' not found.
2025-12-18 14:31:39,024 | WARNING | findfont: Font family 'Arial Unicode MS' not found.
2025-12-18 14:31:39,025 | WARNING | findfont: Font family 'Noto Sans CJK SC' not found.
2025-12-18 14:31:39,025 | WARNING | findfont: Font family 'Arial Unicode MS' not found.
2025-12-18 14:31:39,025 | WARNING | findfont: Font family 'Noto Sans CJK SC' not found.
2025-12-18 14:31:39,025 | WARNING | findfont: Font family 'Arial Unicode MS' not found.
2025-12-18 14:31:39,026 | WARNING | findfont: Font family 'Noto Sans CJK SC' not found.
2025-12-18 14:31:39,026 | WARNING | findfont: Font family 'Arial Unicode MS' not found.
2025-12-18 14:31:39,026 | WARNING | findfont: Font family 'Noto Sans CJK SC' not found.
2025-12-18 14:31:39,026 | WARNING | findfont: Font family 'Arial Unicode MS' not found.
2025-12-18 14:31:39,026 | WARNING | findfont: Font family 'Noto Sans CJK SC' not found.
2025-12-18 14:31:39,027 | WARNING | findfont: Font family 'Arial Unicode MS' not found.
2025-12-18 14:31:39,027 | WARNING | findfont: Font family 'Noto Sans CJK SC' not found.
2025-12-18 14:31:39,027 | WARNING | findfont: Font family 'Arial Unicode MS' not found.
2025-12-18 14:31:39,027 | WARNING | findfont: Font family 'Noto Sans CJK SC' not found.
2025-12-18 14:31:39,028 | WARNING | findfont: Font family 'Arial Unicode MS' not found.
2025-12-18 14:31:39,028 | WARNING | findfont: Font family 'Noto Sans CJK SC' not found.
2025-12-18 14:31:39,031 | WARNING | findfont: Font family 'Arial Unicode MS' not found.
2025-12-18 14:31:39,031 | WARNING | findfont: Font family 'Noto Sans CJK SC' not found.
2025-12-18 14:31:39,031 | WARNING | findfont: Font family 'Arial Unicode MS' not found.
2025-12-18 14:31:39,032 | WARNING | findfont: Font family 'Noto Sans CJK SC' not found.
2025-12-18 14:31:39,036 | WARNING | findfont: Font family 'Arial Unicode MS' not found.
2025-12-18 14:31:39,036 | WARNING | findfont: Font family 'Noto Sans CJK SC' not found.
2025-12-18 14:31:39,037 | WARNING | findfont: Font family 'Arial Unicode MS' not found.
2025-12-18 14:31:39,037 | WARNING | findfont: Font family 'Noto Sans CJK SC' not found.
2025-12-18 14:31:39,038 | WARNING | findfont: Font family 'Arial Unicode MS' not found.
2025-12-18 14:31:39,038 | WARNING | findfont: Font family 'Noto Sans CJK SC' not found.
2025-12-18 14:31:39,044 | WARNING | findfont: Font family 'Arial Unicode MS' not found.
2025-12-18 14:31:39,044 | WARNING | findfont: Font family 'Noto Sans CJK SC' not found.
2025-12-18 14:31:39,044 | WARNING | findfont: Font family 'Arial Unicode MS' not found.
2025-12-18 14:31:39,044 | WARNING | findfont: Font family 'Noto Sans CJK SC' not found.
2025-12-18 14:31:39,045 | WARNING | findfont: Font family 'Arial Unicode MS' not found.
2025-12-18 14:31:39,045 | WARNING | findfont: Font family 'Noto Sans CJK SC' not found.
2025-12-18 14:31:39,045 | WARNING | findfont: Font family 'Arial Unicode MS' not found.
2025-12-18 14:31:39,045 | WARNING | findfont: Font family 'Noto Sans CJK SC' not found.
2025-12-18 14:31:39,045 | WARNING | findfont: Font family 'Arial Unicode MS' not found.
2025-12-18 14:31:39,045 | WARNING | findfont: Font family 'Noto Sans CJK SC' not found.
2025-12-18 14:31:39,046 | WARNING | findfont: Font family 'Arial Unicode MS' not found.
2025-12-18 14:31:39,046 | WARNING | findfont: Font family 'Noto Sans CJK SC' not found.
2025-12-18 14:31:39,046 | WARNING | findfont: Font family 'Arial Unicode MS' not found.
2025-12-18 14:31:39,046 | WARNING | findfont: Font family 'Noto Sans CJK SC' not found.
2025-12-18 14:31:39,047 | WARNING | findfont: Font family 'Arial Unicode MS' not found.
2025-12-18 14:31:39,047 | WARNING | findfont: Font family 'Noto Sans CJK SC' not found.
2025-12-18 14:31:39,048 | WARNING | findfont: Font family 'Arial Unicode MS' not found.
2025-12-18 14:31:39,048 | WARNING | findfont: Font family 'Noto Sans CJK SC' not found.
2025-12-18 14:31:39,049 | WARNING | findfont: Font family 'Arial Unicode MS' not found.
2025-12-18 14:31:39,049 | WARNING | findfont: Font family 'Noto Sans CJK SC' not found.
2025-12-18 14:31:39,049 | WARNING | findfont: Font family 'Arial Unicode MS' not found.
2025-12-18 14:31:39,049 | WARNING | findfont: Font family 'Noto Sans CJK SC' not found.
2025-12-18 14:31:39,051 | WARNING | findfont: Font family 'Arial Unicode MS' not found.
2025-12-18 14:31:39,052 | WARNING | findfont: Font family 'Noto Sans CJK SC' not found.
2025-12-18 14:31:39,052 | WARNING | findfont: Font family 'Arial Unicode MS' not found.
2025-12-18 14:31:39,052 | WARNING | findfont: Font family 'Noto Sans CJK SC' not found.
2025-12-18 14:31:39,052 | WARNING | findfont: Font family 'Arial Unicode MS' not found.
2025-12-18 14:31:39,052 | WARNING | findfont: Font family 'Noto Sans CJK SC' not found.
2025-12-18 14:31:39,053 | WARNING | findfont: Font family 'Arial Unicode MS' not found.
2025-12-18 14:31:39,053 | WARNING | findfont: Font family 'Noto Sans CJK SC' not found.
2025-12-18 14:31:39,053 | WARNING | findfont: Font family 'Arial Unicode MS' not found.
2025-12-18 14:31:39,053 | WARNING | findfont: Font family 'Noto Sans CJK SC' not found.
2025-12-18 14:31:39,054 | WARNING | findfont: Font family 'Arial Unicode MS' not found.
2025-12-18 14:31:39,054 | WARNING | findfont: Font family 'Noto Sans CJK SC' not found.
2025-12-18 14:31:39,054 | WARNING | findfont: Font family 'Arial Unicode MS' not found.
2025-12-18 14:31:39,054 | WARNING | findfont: Font family 'Noto Sans CJK SC' not found.
2025-12-18 14:31:39,055 | WARNING | findfont: Font family 'Arial Unicode MS' not found.
2025-12-18 14:31:39,055 | WARNING | findfont: Font family 'Noto Sans CJK SC' not found.
2025-12-18 14:31:39,055 | WARNING | findfont: Font family 'Arial Unicode MS' not found.
2025-12-18 14:31:39,055 | WARNING | findfont: Font family 'Noto Sans CJK SC' not found.
2025-12-18 14:31:39,060 | WARNING | findfont: Font family 'Arial Unicode MS' not found.
2025-12-18 14:31:39,060 | WARNING | findfont: Font family 'Noto Sans CJK SC' not found.
2025-12-18 14:31:39,063 | WARNING | findfont: Font family 'Arial Unicode MS' not found.
2025-12-18 14:31:39,065 | WARNING | findfont: Font family 'Noto Sans CJK SC' not found.
2025-12-18 14:31:39,065 | WARNING | findfont: Font family 'Arial Unicode MS' not found.
2025-12-18 14:31:39,065 | WARNING | findfont: Font family 'Noto Sans CJK SC' not found.
2025-12-18 14:31:39,065 | WARNING | findfont: Font family 'Arial Unicode MS' not found.
2025-12-18 14:31:39,065 | WARNING | findfont: Font family 'Noto Sans CJK SC' not found.
2025-12-18 14:31:39,074 | WARNING | findfont: Font family 'Arial Unicode MS' not found.
2025-12-18 14:31:39,074 | WARNING | findfont: Font family 'Noto Sans CJK SC' not found.
2025-12-18 14:31:39,075 | WARNING | findfont: Font family 'Arial Unicode MS' not found.
2025-12-18 14:31:39,075 | WARNING | findfont: Font family 'Noto Sans CJK SC' not found.
2025-12-18 14:31:39,075 | WARNING | findfont: Font family 'Arial Unicode MS' not found.
2025-12-18 14:31:39,075 | WARNING | findfont: Font family 'Noto Sans CJK SC' not found.
2025-12-18 14:31:39,076 | WARNING | findfont: Font family 'Arial Unicode MS' not found.
2025-12-18 14:31:39,076 | WARNING | findfont: Font family 'Noto Sans CJK SC' not found.
2025-12-18 14:31:39,077 | WARNING | findfont: Font family 'Arial Unicode MS' not found.
2025-12-18 14:31:39,077 | WARNING | findfont: Font family 'Noto Sans CJK SC' not found.
2025-12-18 14:31:39,077 | WARNING | findfont: Font family 'Arial Unicode MS' not found.
2025-12-18 14:31:39,077 | WARNING | findfont: Font family 'Noto Sans CJK SC' not found.
2025-12-18 14:31:39,078 | WARNING | findfont: Font family 'Arial Unicode MS' not found.
2025-12-18 14:31:39,078 | WARNING | findfont: Font family 'Noto Sans CJK SC' not found.
2025-12-18 14:31:39,078 | WARNING | findfont: Font family 'Arial Unicode MS' not found.
2025-12-18 14:31:39,078 | WARNING | findfont: Font family 'Noto Sans CJK SC' not found.
2025-12-18 14:31:39,079 | WARNING | findfont: Font family 'Arial Unicode MS' not found.
2025-12-18 14:31:39,079 | WARNING | findfont: Font family 'Noto Sans CJK SC' not found.
2025-12-18 14:31:39,083 | WARNING | findfont: Font family 'Arial Unicode MS' not found.
2025-12-18 14:31:39,083 | WARNING | findfont: Font family 'Noto Sans CJK SC' not found.
2025-12-18 14:31:39,085 | WARNING | findfont: Font family 'Arial Unicode MS' not found.
2025-12-18 14:31:39,085 | WARNING | findfont: Font family 'Noto Sans CJK SC' not found.
2025-12-18 14:31:39,086 | WARNING | findfont: Font family 'Arial Unicode MS' not found.
2025-12-18 14:31:39,086 | WARNING | findfont: Font family 'Noto Sans CJK SC' not found.
2025-12-18 14:31:39,086 | WARNING | findfont: Font family 'Arial Unicode MS' not found.
2025-12-18 14:31:39,087 | WARNING | findfont: Font family 'Noto Sans CJK SC' not found.
2025-12-18 14:31:39,087 | WARNING | findfont: Font family 'Arial Unicode MS' not found.
2025-12-18 14:31:39,087 | WARNING | findfont: Font family 'Noto Sans CJK SC' not found.
2025-12-18 14:31:39,088 | WARNING | findfont: Font family 'Arial Unicode MS' not found.
2025-12-18 14:31:39,088 | WARNING | findfont: Font family 'Noto Sans CJK SC' not found.
2025-12-18 14:31:39,088 | WARNING | findfont: Font family 'Arial Unicode MS' not found.
2025-12-18 14:31:39,088 | WARNING | findfont: Font family 'Noto Sans CJK SC' not found.
2025-12-18 14:31:39,089 | WARNING | findfont: Font family 'Arial Unicode MS' not found.
2025-12-18 14:31:39,089 | WARNING | findfont: Font family 'Noto Sans CJK SC' not found.
2025-12-18 14:31:39,091 | WARNING | findfont: Font family 'Arial Unicode MS' not found.
2025-12-18 14:31:39,091 | WARNING | findfont: Font family 'Noto Sans CJK SC' not found.
2025-12-18 14:31:39,094 | WARNING | findfont: Font family 'Arial Unicode MS' not found.
2025-12-18 14:31:39,094 | WARNING | findfont: Font family 'Noto Sans CJK SC' not found.
2025-12-18 14:31:39,097 | WARNING | findfont: Font family 'Arial Unicode MS' not found.
2025-12-18 14:31:39,097 | WARNING | findfont: Font family 'Noto Sans CJK SC' not found.
2025-12-18 14:31:39,098 | WARNING | findfont: Font family 'Arial Unicode MS' not found.
2025-12-18 14:31:39,098 | WARNING | findfont: Font family 'Noto Sans CJK SC' not found.
2025-12-18 14:31:39,098 | WARNING | findfont: Font family 'Arial Unicode MS' not found.
2025-12-18 14:31:39,099 | WARNING | findfont: Font family 'Noto Sans CJK SC' not found.
2025-12-18 14:31:39,210 | WARNING | findfont: Font family 'Arial Unicode MS' not found.
2025-12-18 14:31:39,211 | WARNING | findfont: Font family 'Noto Sans CJK SC' not found.
2025-12-18 14:31:39,211 | WARNING | findfont: Font family 'Arial Unicode MS' not found.
2025-12-18 14:31:39,211 | WARNING | findfont: Font family 'Noto Sans CJK SC' not found.
2025-12-18 14:31:39,211 | WARNING | findfont: Font family 'Arial Unicode MS' not found.
2025-12-18 14:31:39,212 | WARNING | findfont: Font family 'Noto Sans CJK SC' not found.
2025-12-18 14:31:39,212 | WARNING | findfont: Font family 'Arial Unicode MS' not found.
2025-12-18 14:31:39,212 | WARNING | findfont: Font family 'Noto Sans CJK SC' not found.
2025-12-18 14:31:39,212 | WARNING | findfont: Font family 'Arial Unicode MS' not found.
2025-12-18 14:31:39,212 | WARNING | findfont: Font family 'Noto Sans CJK SC' not found.
2025-12-18 14:31:39,212 | WARNING | findfont: Font family 'Arial Unicode MS' not found.
2025-12-18 14:31:39,213 | WARNING | findfont: Font family 'Noto Sans CJK SC' not found.
2025-12-18 14:31:39,213 | WARNING | findfont: Font family 'Arial Unicode MS' not found.
2025-12-18 14:31:39,213 | WARNING | findfont: Font family 'Noto Sans CJK SC' not found.
2025-12-18 14:31:39,213 | WARNING | findfont: Font family 'Arial Unicode MS' not found.
2025-12-18 14:31:39,213 | WARNING | findfont: Font family 'Noto Sans CJK SC' not found.
2025-12-18 14:31:39,214 | WARNING | findfont: Font family 'Arial Unicode MS' not found.
2025-12-18 14:31:39,214 | WARNING | findfont: Font family 'Noto Sans CJK SC' not found.
2025-12-18 14:31:39,214 | WARNING | findfont: Font family 'Arial Unicode MS' not found.
2025-12-18 14:31:39,214 | WARNING | findfont: Font family 'Noto Sans CJK SC' not found.
2025-12-18 14:31:39,217 | WARNING | findfont: Font family 'Arial Unicode MS' not found.
2025-12-18 14:31:39,217 | WARNING | findfont: Font family 'Noto Sans CJK SC' not found.
2025-12-18 14:31:39,221 | WARNING | findfont: Font family 'Arial Unicode MS' not found.
2025-12-18 14:31:39,221 | WARNING | findfont: Font family 'Noto Sans CJK SC' not found.
2025-12-18 14:31:39,222 | WARNING | findfont: Font family 'Arial Unicode MS' not found.
2025-12-18 14:31:39,222 | WARNING | findfont: Font family 'Noto Sans CJK SC' not found.
2025-12-18 14:31:39,222 | WARNING | findfont: Font family 'Arial Unicode MS' not found.
2025-12-18 14:31:39,222 | WARNING | findfont: Font family 'Noto Sans CJK SC' not found.
2025-12-18 14:31:39,223 | WARNING | findfont: Font family 'Arial Unicode MS' not found.
2025-12-18 14:31:39,223 | WARNING | findfont: Font family 'Noto Sans CJK SC' not found.
2025-12-18 14:31:39,223 | WARNING | findfont: Font family 'Arial Unicode MS' not found.
2025-12-18 14:31:39,223 | WARNING | findfont: Font family 'Noto Sans CJK SC' not found.
2025-12-18 14:31:39,223 | WARNING | findfont: Font family 'Arial Unicode MS' not found.
2025-12-18 14:31:39,224 | WARNING | findfont: Font family 'Noto Sans CJK SC' not found.
2025-12-18 14:31:39,224 | WARNING | findfont: Font family 'Arial Unicode MS' not found.
2025-12-18 14:31:39,224 | WARNING | findfont: Font family 'Noto Sans CJK SC' not found.
2025-12-18 14:31:39,224 | WARNING | findfont: Font family 'Arial Unicode MS' not found.
2025-12-18 14:31:39,224 | WARNING | findfont: Font family 'Noto Sans CJK SC' not found.
2025-12-18 14:31:39,226 | WARNING | findfont: Font family 'Arial Unicode MS' not found.
2025-12-18 14:31:39,226 | WARNING | findfont: Font family 'Noto Sans CJK SC' not found.
2025-12-18 14:31:39,228 | WARNING | findfont: Font family 'Arial Unicode MS' not found.
2025-12-18 14:31:39,229 | WARNING | findfont: Font family 'Noto Sans CJK SC' not found.
2025-12-18 14:31:39,229 | WARNING | findfont: Font family 'Arial Unicode MS' not found.
2025-12-18 14:31:39,229 | WARNING | findfont: Font family 'Noto Sans CJK SC' not found.
2025-12-18 14:31:39,234 | WARNING | findfont: Font family 'Arial Unicode MS' not found.
2025-12-18 14:31:39,234 | WARNING | findfont: Font family 'Noto Sans CJK SC' not found.
2025-12-18 14:31:39,235 | WARNING | findfont: Font family 'Arial Unicode MS' not found.
2025-12-18 14:31:39,235 | WARNING | findfont: Font family 'Noto Sans CJK SC' not found.
2025-12-18 14:31:39,235 | WARNING | findfont: Font family 'Arial Unicode MS' not found.
2025-12-18 14:31:39,235 | WARNING | findfont: Font family 'Noto Sans CJK SC' not found.
2025-12-18 14:31:39,242 | WARNING | findfont: Font family 'Arial Unicode MS' not found.
2025-12-18 14:31:39,242 | WARNING | findfont: Font family 'Noto Sans CJK SC' not found.
2025-12-18 14:31:39,242 | WARNING | findfont: Font family 'Arial Unicode MS' not found.
2025-12-18 14:31:39,242 | WARNING | findfont: Font family 'Noto Sans CJK SC' not found.
2025-12-18 14:31:39,243 | WARNING | findfont: Font family 'Arial Unicode MS' not found.
2025-12-18 14:31:39,243 | WARNING | findfont: Font family 'Noto Sans CJK SC' not found.
2025-12-18 14:31:39,243 | WARNING | findfont: Font family 'Arial Unicode MS' not found.
2025-12-18 14:31:39,243 | WARNING | findfont: Font family 'Noto Sans CJK SC' not found.
2025-12-18 14:31:39,244 | WARNING | findfont: Font family 'Arial Unicode MS' not found.
2025-12-18 14:31:39,244 | WARNING | findfont: Font family 'Noto Sans CJK SC' not found.
2025-12-18 14:31:39,244 | WARNING | findfont: Font family 'Arial Unicode MS' not found.
2025-12-18 14:31:39,244 | WARNING | findfont: Font family 'Noto Sans CJK SC' not found.
2025-12-18 14:31:39,244 | WARNING | findfont: Font family 'Arial Unicode MS' not found.
2025-12-18 14:31:39,244 | WARNING | findfont: Font family 'Noto Sans CJK SC' not found.
2025-12-18 14:31:39,244 | WARNING | findfont: Font family 'Arial Unicode MS' not found.
2025-12-18 14:31:39,244 | WARNING | findfont: Font family 'Noto Sans CJK SC' not found.
2025-12-18 14:31:39,246 | WARNING | findfont: Font family 'Arial Unicode MS' not found.
2025-12-18 14:31:39,246 | WARNING | findfont: Font family 'Noto Sans CJK SC' not found.
2025-12-18 14:31:39,247 | WARNING | findfont: Font family 'Arial Unicode MS' not found.
2025-12-18 14:31:39,247 | WARNING | findfont: Font family 'Noto Sans CJK SC' not found.
2025-12-18 14:31:39,248 | WARNING | findfont: Font family 'Arial Unicode MS' not found.
2025-12-18 14:31:39,248 | WARNING | findfont: Font family 'Noto Sans CJK SC' not found.
2025-12-18 14:31:39,248 | WARNING | findfont: Font family 'Arial Unicode MS' not found.
2025-12-18 14:31:39,248 | WARNING | findfont: Font family 'Noto Sans CJK SC' not found.
2025-12-18 14:31:39,251 | WARNING | findfont: Font family 'Arial Unicode MS' not found.
2025-12-18 14:31:39,251 | WARNING | findfont: Font family 'Noto Sans CJK SC' not found.
2025-12-18 14:31:39,251 | WARNING | findfont: Font family 'Arial Unicode MS' not found.
2025-12-18 14:31:39,251 | WARNING | findfont: Font family 'Noto Sans CJK SC' not found.
2025-12-18 14:31:39,252 | WARNING | findfont: Font family 'Arial Unicode MS' not found.
2025-12-18 14:31:39,252 | WARNING | findfont: Font family 'Noto Sans CJK SC' not found.
2025-12-18 14:31:39,252 | WARNING | findfont: Font family 'Arial Unicode MS' not found.
2025-12-18 14:31:39,252 | WARNING | findfont: Font family 'Noto Sans CJK SC' not found.
2025-12-18 14:31:39,252 | WARNING | findfont: Font family 'Arial Unicode MS' not found.
2025-12-18 14:31:39,253 | WARNING | findfont: Font family 'Noto Sans CJK SC' not found.
2025-12-18 14:31:39,253 | WARNING | findfont: Font family 'Arial Unicode MS' not found.
2025-12-18 14:31:39,253 | WARNING | findfont: Font family 'Noto Sans CJK SC' not found.
2025-12-18 14:31:39,254 | WARNING | findfont: Font family 'Arial Unicode MS' not found.
2025-12-18 14:31:39,254 | WARNING | findfont: Font family 'Noto Sans CJK SC' not found.
2025-12-18 14:31:39,254 | WARNING | findfont: Font family 'Arial Unicode MS' not found.
2025-12-18 14:31:39,254 | WARNING | findfont: Font family 'Noto Sans CJK SC' not found.
2025-12-18 14:31:39,255 | WARNING | findfont: Font family 'Arial Unicode MS' not found.
2025-12-18 14:31:39,255 | WARNING | findfont: Font family 'Noto Sans CJK SC' not found.
2025-12-18 14:31:39,260 | WARNING | findfont: Font family 'Arial Unicode MS' not found.
2025-12-18 14:31:39,261 | WARNING | findfont: Font family 'Noto Sans CJK SC' not found.
2025-12-18 14:31:39,265 | WARNING | findfont: Font family 'Arial Unicode MS' not found.
2025-12-18 14:31:39,265 | WARNING | findfont: Font family 'Noto Sans CJK SC' not found.
2025-12-18 14:31:39,266 | WARNING | findfont: Font family 'Arial Unicode MS' not found.
2025-12-18 14:31:39,266 | WARNING | findfont: Font family 'Noto Sans CJK SC' not found.
2025-12-18 14:31:39,267 | WARNING | findfont: Font family 'Arial Unicode MS' not found.
2025-12-18 14:31:39,267 | WARNING | findfont: Font family 'Noto Sans CJK SC' not found.
2025-12-18 14:31:39,275 | WARNING | findfont: Font family 'Arial Unicode MS' not found.
2025-12-18 14:31:39,276 | WARNING | findfont: Font family 'Noto Sans CJK SC' not found.
2025-12-18 14:31:39,276 | WARNING | findfont: Font family 'Arial Unicode MS' not found.
2025-12-18 14:31:39,277 | WARNING | findfont: Font family 'Noto Sans CJK SC' not found.
2025-12-18 14:31:39,277 | WARNING | findfont: Font family 'Arial Unicode MS' not found.
2025-12-18 14:31:39,277 | WARNING | findfont: Font family 'Noto Sans CJK SC' not found.
2025-12-18 14:31:39,278 | WARNING | findfont: Font family 'Arial Unicode MS' not found.
2025-12-18 14:31:39,278 | WARNING | findfont: Font family 'Noto Sans CJK SC' not found.
2025-12-18 14:31:39,279 | WARNING | findfont: Font family 'Arial Unicode MS' not found.
2025-12-18 14:31:39,279 | WARNING | findfont: Font family 'Noto Sans CJK SC' not found.
2025-12-18 14:31:39,279 | WARNING | findfont: Font family 'Arial Unicode MS' not found.
2025-12-18 14:31:39,279 | WARNING | findfont: Font family 'Noto Sans CJK SC' not found.
2025-12-18 14:31:39,280 | WARNING | findfont: Font family 'Arial Unicode MS' not found.
2025-12-18 14:31:39,280 | WARNING | findfont: Font family 'Noto Sans CJK SC' not found.
2025-12-18 14:31:39,281 | WARNING | findfont: Font family 'Arial Unicode MS' not found.
2025-12-18 14:31:39,281 | WARNING | findfont: Font family 'Noto Sans CJK SC' not found.
2025-12-18 14:31:39,282 | WARNING | findfont: Font family 'Arial Unicode MS' not found.
2025-12-18 14:31:39,282 | WARNING | findfont: Font family 'Noto Sans CJK SC' not found.
2025-12-18 14:31:39,287 | WARNING | findfont: Font family 'Arial Unicode MS' not found.
2025-12-18 14:31:39,287 | WARNING | findfont: Font family 'Noto Sans CJK SC' not found.
2025-12-18 14:31:39,288 | WARNING | findfont: Font family 'Arial Unicode MS' not found.
2025-12-18 14:31:39,288 | WARNING | findfont: Font family 'Noto Sans CJK SC' not found.
2025-12-18 14:31:39,289 | WARNING | findfont: Font family 'Arial Unicode MS' not found.
2025-12-18 14:31:39,289 | WARNING | findfont: Font family 'Noto Sans CJK SC' not found.
2025-12-18 14:31:39,290 | WARNING | findfont: Font family 'Arial Unicode MS' not found.
2025-12-18 14:31:39,290 | WARNING | findfont: Font family 'Noto Sans CJK SC' not found.
2025-12-18 14:31:39,290 | WARNING | findfont: Font family 'Arial Unicode MS' not found.
2025-12-18 14:31:39,290 | WARNING | findfont: Font family 'Noto Sans CJK SC' not found.
2025-12-18 14:31:39,291 | WARNING | findfont: Font family 'Arial Unicode MS' not found.
2025-12-18 14:31:39,291 | WARNING | findfont: Font family 'Noto Sans CJK SC' not found.
2025-12-18 14:31:39,291 | WARNING | findfont: Font family 'Arial Unicode MS' not found.
2025-12-18 14:31:39,292 | WARNING | findfont: Font family 'Noto Sans CJK SC' not found.
2025-12-18 14:31:39,292 | WARNING | findfont: Font family 'Arial Unicode MS' not found.
2025-12-18 14:31:39,292 | WARNING | findfont: Font family 'Noto Sans CJK SC' not found.
2025-12-18 14:31:39,293 | WARNING | findfont: Font family 'Arial Unicode MS' not found.
2025-12-18 14:31:39,293 | WARNING | findfont: Font family 'Noto Sans CJK SC' not found.
2025-12-18 14:31:39,294 | WARNING | findfont: Font family 'Arial Unicode MS' not found.
2025-12-18 14:31:39,295 | WARNING | findfont: Font family 'Noto Sans CJK SC' not found.
2025-12-18 14:31:39,299 | WARNING | findfont: Font family 'Arial Unicode MS' not found.
2025-12-18 14:31:39,299 | WARNING | findfont: Font family 'Noto Sans CJK SC' not found.
2025-12-18 14:31:39,303 | WARNING | findfont: Font family 'Arial Unicode MS' not found.
2025-12-18 14:31:39,303 | WARNING | findfont: Font family 'Noto Sans CJK SC' not found.
2025-12-18 14:31:39,304 | WARNING | findfont: Font family 'Arial Unicode MS' not found.
2025-12-18 14:31:39,305 | WARNING | findfont: Font family 'Noto Sans CJK SC' not found.
2025-12-18 14:31:39,305 | WARNING | findfont: Font family 'Arial Unicode MS' not found.
2025-12-18 14:31:39,306 | WARNING | findfont: Font family 'Noto Sans CJK SC' not found.
2025-12-18 14:31:39,418 | WARNING | findfont: Font family 'Arial Unicode MS' not found.
2025-12-18 14:31:39,418 | WARNING | findfont: Font family 'Noto Sans CJK SC' not found.
2025-12-18 14:31:39,419 | WARNING | findfont: Font family 'Arial Unicode MS' not found.
2025-12-18 14:31:39,419 | WARNING | findfont: Font family 'Noto Sans CJK SC' not found.
2025-12-18 14:31:39,419 | WARNING | findfont: Font family 'Arial Unicode MS' not found.
2025-12-18 14:31:39,419 | WARNING | findfont: Font family 'Noto Sans CJK SC' not found.
2025-12-18 14:31:39,420 | WARNING | findfont: Font family 'Arial Unicode MS' not found.
2025-12-18 14:31:39,420 | WARNING | findfont: Font family 'Noto Sans CJK SC' not found.
2025-12-18 14:31:39,420 | WARNING | findfont: Font family 'Arial Unicode MS' not found.
2025-12-18 14:31:39,420 | WARNING | findfont: Font family 'Noto Sans CJK SC' not found.
2025-12-18 14:31:39,420 | WARNING | findfont: Font family 'Arial Unicode MS' not found.
2025-12-18 14:31:39,420 | WARNING | findfont: Font family 'Noto Sans CJK SC' not found.
2025-12-18 14:31:39,421 | WARNING | findfont: Font family 'Arial Unicode MS' not found.
2025-12-18 14:31:39,421 | WARNING | findfont: Font family 'Noto Sans CJK SC' not found.
2025-12-18 14:31:39,421 | WARNING | findfont: Font family 'Arial Unicode MS' not found.
2025-12-18 14:31:39,421 | WARNING | findfont: Font family 'Noto Sans CJK SC' not found.
2025-12-18 14:31:39,422 | WARNING | findfont: Font family 'Arial Unicode MS' not found.
2025-12-18 14:31:39,422 | WARNING | findfont: Font family 'Noto Sans CJK SC' not found.
2025-12-18 14:31:39,424 | WARNING | findfont: Font family 'Arial Unicode MS' not found.
2025-12-18 14:31:39,424 | WARNING | findfont: Font family 'Noto Sans CJK SC' not found.
2025-12-18 14:31:39,427 | WARNING | findfont: Font family 'Arial Unicode MS' not found.
2025-12-18 14:31:39,427 | WARNING | findfont: Font family 'Noto Sans CJK SC' not found.
2025-12-18 14:31:39,428 | WARNING | findfont: Font family 'Arial Unicode MS' not found.
2025-12-18 14:31:39,428 | WARNING | findfont: Font family 'Noto Sans CJK SC' not found.
2025-12-18 14:31:39,428 | WARNING | findfont: Font family 'Arial Unicode MS' not found.
2025-12-18 14:31:39,428 | WARNING | findfont: Font family 'Noto Sans CJK SC' not found.
2025-12-18 14:31:39,429 | WARNING | findfont: Font family 'Arial Unicode MS' not found.
2025-12-18 14:31:39,429 | WARNING | findfont: Font family 'Noto Sans CJK SC' not found.
2025-12-18 14:31:39,429 | WARNING | findfont: Font family 'Arial Unicode MS' not found.
2025-12-18 14:31:39,429 | WARNING | findfont: Font family 'Noto Sans CJK SC' not found.
2025-12-18 14:31:39,429 | WARNING | findfont: Font family 'Arial Unicode MS' not found.
2025-12-18 14:31:39,429 | WARNING | findfont: Font family 'Noto Sans CJK SC' not found.
2025-12-18 14:31:39,431 | WARNING | findfont: Font family 'Arial Unicode MS' not found.
2025-12-18 14:31:39,431 | WARNING | findfont: Font family 'Noto Sans CJK SC' not found.
2025-12-18 14:31:39,433 | WARNING | findfont: Font family 'Arial Unicode MS' not found.
2025-12-18 14:31:39,433 | WARNING | findfont: Font family 'Noto Sans CJK SC' not found.
2025-12-18 14:31:39,433 | WARNING | findfont: Font family 'Arial Unicode MS' not found.
2025-12-18 14:31:39,433 | WARNING | findfont: Font family 'Noto Sans CJK SC' not found.
2025-12-18 14:31:39,438 | WARNING | findfont: Font family 'Arial Unicode MS' not found.
2025-12-18 14:31:39,438 | WARNING | findfont: Font family 'Noto Sans CJK SC' not found.
2025-12-18 14:31:39,439 | WARNING | findfont: Font family 'Arial Unicode MS' not found.
2025-12-18 14:31:39,439 | WARNING | findfont: Font family 'Noto Sans CJK SC' not found.
2025-12-18 14:31:39,439 | WARNING | findfont: Font family 'Arial Unicode MS' not found.
2025-12-18 14:31:39,440 | WARNING | findfont: Font family 'Noto Sans CJK SC' not found.
2025-12-18 14:31:39,445 | WARNING | findfont: Font family 'Arial Unicode MS' not found.
2025-12-18 14:31:39,445 | WARNING | findfont: Font family 'Noto Sans CJK SC' not found.
2025-12-18 14:31:39,445 | WARNING | findfont: Font family 'Arial Unicode MS' not found.
2025-12-18 14:31:39,445 | WARNING | findfont: Font family 'Noto Sans CJK SC' not found.
2025-12-18 14:31:39,446 | WARNING | findfont: Font family 'Arial Unicode MS' not found.
2025-12-18 14:31:39,446 | WARNING | findfont: Font family 'Noto Sans CJK SC' not found.
2025-12-18 14:31:39,446 | WARNING | findfont: Font family 'Arial Unicode MS' not found.
2025-12-18 14:31:39,446 | WARNING | findfont: Font family 'Noto Sans CJK SC' not found.
2025-12-18 14:31:39,446 | WARNING | findfont: Font family 'Arial Unicode MS' not found.
2025-12-18 14:31:39,446 | WARNING | findfont: Font family 'Noto Sans CJK SC' not found.
2025-12-18 14:31:39,446 | WARNING | findfont: Font family 'Arial Unicode MS' not found.
2025-12-18 14:31:39,447 | WARNING | findfont: Font family 'Noto Sans CJK SC' not found.
2025-12-18 14:31:39,447 | WARNING | findfont: Font family 'Arial Unicode MS' not found.
2025-12-18 14:31:39,447 | WARNING | findfont: Font family 'Noto Sans CJK SC' not found.
2025-12-18 14:31:39,448 | WARNING | findfont: Font family 'Arial Unicode MS' not found.
2025-12-18 14:31:39,448 | WARNING | findfont: Font family 'Noto Sans CJK SC' not found.
2025-12-18 14:31:39,449 | WARNING | findfont: Font family 'Arial Unicode MS' not found.
2025-12-18 14:31:39,449 | WARNING | findfont: Font family 'Noto Sans CJK SC' not found.
2025-12-18 14:31:39,449 | WARNING | findfont: Font family 'Arial Unicode MS' not found.
2025-12-18 14:31:39,449 | WARNING | findfont: Font family 'Noto Sans CJK SC' not found.
2025-12-18 14:31:39,451 | WARNING | findfont: Font family 'Arial Unicode MS' not found.
2025-12-18 14:31:39,451 | WARNING | findfont: Font family 'Noto Sans CJK SC' not found.
2025-12-18 14:31:39,452 | WARNING | findfont: Font family 'Arial Unicode MS' not found.
2025-12-18 14:31:39,452 | WARNING | findfont: Font family 'Noto Sans CJK SC' not found.
2025-12-18 14:31:39,452 | WARNING | findfont: Font family 'Arial Unicode MS' not found.
2025-12-18 14:31:39,452 | WARNING | findfont: Font family 'Noto Sans CJK SC' not found.
2025-12-18 14:31:39,453 | WARNING | findfont: Font family 'Arial Unicode MS' not found.
2025-12-18 14:31:39,453 | WARNING | findfont: Font family 'Noto Sans CJK SC' not found.
2025-12-18 14:31:39,453 | WARNING | findfont: Font family 'Arial Unicode MS' not found.
2025-12-18 14:31:39,453 | WARNING | findfont: Font family 'Noto Sans CJK SC' not found.
2025-12-18 14:31:39,454 | WARNING | findfont: Font family 'Arial Unicode MS' not found.
2025-12-18 14:31:39,454 | WARNING | findfont: Font family 'Noto Sans CJK SC' not found.
2025-12-18 14:31:39,454 | WARNING | findfont: Font family 'Arial Unicode MS' not found.
2025-12-18 14:31:39,454 | WARNING | findfont: Font family 'Noto Sans CJK SC' not found.
2025-12-18 14:31:39,454 | WARNING | findfont: Font family 'Arial Unicode MS' not found.
2025-12-18 14:31:39,455 | WARNING | findfont: Font family 'Noto Sans CJK SC' not found.
2025-12-18 14:31:39,459 | WARNING | findfont: Font family 'Arial Unicode MS' not found.
2025-12-18 14:31:39,459 | WARNING | findfont: Font family 'Noto Sans CJK SC' not found.
2025-12-18 14:31:39,462 | WARNING | findfont: Font family 'Arial Unicode MS' not found.
2025-12-18 14:31:39,463 | WARNING | findfont: Font family 'Noto Sans CJK SC' not found.
2025-12-18 14:31:39,463 | WARNING | findfont: Font family 'Arial Unicode MS' not found.
2025-12-18 14:31:39,463 | WARNING | findfont: Font family 'Noto Sans CJK SC' not found.
2025-12-18 14:31:39,464 | WARNING | findfont: Font family 'Arial Unicode MS' not found.
2025-12-18 14:31:39,464 | WARNING | findfont: Font family 'Noto Sans CJK SC' not found.
2025-12-18 14:31:39,473 | WARNING | findfont: Font family 'Arial Unicode MS' not found.
2025-12-18 14:31:39,473 | WARNING | findfont: Font family 'Noto Sans CJK SC' not found.
2025-12-18 14:31:39,474 | WARNING | findfont: Font family 'Arial Unicode MS' not found.
2025-12-18 14:31:39,474 | WARNING | findfont: Font family 'Noto Sans CJK SC' not found.
2025-12-18 14:31:39,474 | WARNING | findfont: Font family 'Arial Unicode MS' not found.
2025-12-18 14:31:39,474 | WARNING | findfont: Font family 'Noto Sans CJK SC' not found.
2025-12-18 14:31:39,475 | WARNING | findfont: Font family 'Arial Unicode MS' not found.
2025-12-18 14:31:39,475 | WARNING | findfont: Font family 'Noto Sans CJK SC' not found.
2025-12-18 14:31:39,475 | WARNING | findfont: Font family 'Arial Unicode MS' not found.
2025-12-18 14:31:39,475 | WARNING | findfont: Font family 'Noto Sans CJK SC' not found.
2025-12-18 14:31:39,476 | WARNING | findfont: Font family 'Arial Unicode MS' not found.
2025-12-18 14:31:39,476 | WARNING | findfont: Font family 'Noto Sans CJK SC' not found.
2025-12-18 14:31:39,477 | WARNING | findfont: Font family 'Arial Unicode MS' not found.
2025-12-18 14:31:39,477 | WARNING | findfont: Font family 'Noto Sans CJK SC' not found.
2025-12-18 14:31:39,477 | WARNING | findfont: Font family 'Arial Unicode MS' not found.
2025-12-18 14:31:39,478 | WARNING | findfont: Font family 'Noto Sans CJK SC' not found.
2025-12-18 14:31:39,482 | WARNING | findfont: Font family 'Arial Unicode MS' not found.
2025-12-18 14:31:39,482 | WARNING | findfont: Font family 'Noto Sans CJK SC' not found.
2025-12-18 14:31:39,483 | WARNING | findfont: Font family 'Arial Unicode MS' not found.
2025-12-18 14:31:39,484 | WARNING | findfont: Font family 'Noto Sans CJK SC' not found.
2025-12-18 14:31:39,484 | WARNING | findfont: Font family 'Arial Unicode MS' not found.
2025-12-18 14:31:39,484 | WARNING | findfont: Font family 'Noto Sans CJK SC' not found.
2025-12-18 14:31:39,485 | WARNING | findfont: Font family 'Arial Unicode MS' not found.
2025-12-18 14:31:39,485 | WARNING | findfont: Font family 'Noto Sans CJK SC' not found.
2025-12-18 14:31:39,485 | WARNING | findfont: Font family 'Arial Unicode MS' not found.
2025-12-18 14:31:39,485 | WARNING | findfont: Font family 'Noto Sans CJK SC' not found.
2025-12-18 14:31:39,486 | WARNING | findfont: Font family 'Arial Unicode MS' not found.
2025-12-18 14:31:39,486 | WARNING | findfont: Font family 'Noto Sans CJK SC' not found.
2025-12-18 14:31:39,487 | WARNING | findfont: Font family 'Arial Unicode MS' not found.
2025-12-18 14:31:39,487 | WARNING | findfont: Font family 'Noto Sans CJK SC' not found.
2025-12-18 14:31:39,489 | WARNING | findfont: Font family 'Arial Unicode MS' not found.
2025-12-18 14:31:39,489 | WARNING | findfont: Font family 'Noto Sans CJK SC' not found.
2025-12-18 14:31:39,492 | WARNING | findfont: Font family 'Arial Unicode MS' not found.
2025-12-18 14:31:39,492 | WARNING | findfont: Font family 'Noto Sans CJK SC' not found.
2025-12-18 14:31:39,496 | WARNING | findfont: Font family 'Arial Unicode MS' not found.
2025-12-18 14:31:39,496 | WARNING | findfont: Font family 'Noto Sans CJK SC' not found.
2025-12-18 14:31:39,497 | WARNING | findfont: Font family 'Arial Unicode MS' not found.
2025-12-18 14:31:39,497 | WARNING | findfont: Font family 'Noto Sans CJK SC' not found.
2025-12-18 14:31:39,498 | WARNING | findfont: Font family 'Arial Unicode MS' not found.
2025-12-18 14:31:39,498 | WARNING | findfont: Font family 'Noto Sans CJK SC' not found.
2025-12-18 14:31:47,982 | WARNING | findfont: Font family 'Arial Unicode MS' not found.
2025-12-18 14:31:47,982 | WARNING | findfont: Font family 'Noto Sans CJK SC' not found.
2025-12-18 14:31:47,983 | WARNING | findfont: Font family 'Arial Unicode MS' not found.
2025-12-18 14:31:47,983 | WARNING | findfont: Font family 'Noto Sans CJK SC' not found.
2025-12-18 14:31:47,984 | WARNING | findfont: Font family 'Arial Unicode MS' not found.
2025-12-18 14:31:47,984 | WARNING | findfont: Font family 'Noto Sans CJK SC' not found.
2025-12-18 14:31:47,985 | WARNING | findfont: Font family 'Arial Unicode MS' not found.
2025-12-18 14:31:47,985 | WARNING | findfont: Font family 'Noto Sans CJK SC' not found.
2025-12-18 14:31:47,985 | WARNING | findfont: Font family 'Arial Unicode MS' not found.
2025-12-18 14:31:47,985 | WARNING | findfont: Font family 'Noto Sans CJK SC' not found.
2025-12-18 14:31:47,986 | WARNING | findfont: Font family 'Arial Unicode MS' not found.
2025-12-18 14:31:47,987 | WARNING | findfont: Font family 'Noto Sans CJK SC' not found.
2025-12-18 14:31:47,987 | WARNING | findfont: Font family 'Arial Unicode MS' not found.
2025-12-18 14:31:47,987 | WARNING | findfont: Font family 'Noto Sans CJK SC' not found.
2025-12-18 14:31:47,988 | WARNING | findfont: Font family 'Arial Unicode MS' not found.
2025-12-18 14:31:47,988 | WARNING | findfont: Font family 'Noto Sans CJK SC' not found.
2025-12-18 14:31:47,989 | WARNING | findfont: Font family 'Arial Unicode MS' not found.
2025-12-18 14:31:47,989 | WARNING | findfont: Font family 'Noto Sans CJK SC' not found.
2025-12-18 14:31:47,990 | WARNING | findfont: Font family 'Arial Unicode MS' not found.
2025-12-18 14:31:47,990 | WARNING | findfont: Font family 'Noto Sans CJK SC' not found.
2025-12-18 14:31:47,990 | WARNING | findfont: Font family 'Arial Unicode MS' not found.
2025-12-18 14:31:47,990 | WARNING | findfont: Font family 'Noto Sans CJK SC' not found.
2025-12-18 14:31:47,995 | WARNING | findfont: Font family 'Arial Unicode MS' not found.
2025-12-18 14:31:47,995 | WARNING | findfont: Font family 'Noto Sans CJK SC' not found.
2025-12-18 14:31:48,005 | WARNING | findfont: Font family 'Arial Unicode MS' not found.
2025-12-18 14:31:48,005 | WARNING | findfont: Font family 'Noto Sans CJK SC' not found.
2025-12-18 14:31:48,006 | WARNING | findfont: Font family 'Arial Unicode MS' not found.
2025-12-18 14:31:48,006 | WARNING | findfont: Font family 'Noto Sans CJK SC' not found.
2025-12-18 14:31:48,006 | WARNING | findfont: Font family 'Arial Unicode MS' not found.
2025-12-18 14:31:48,007 | WARNING | findfont: Font family 'Noto Sans CJK SC' not found.
2025-12-18 14:31:48,008 | WARNING | findfont: Font family 'Arial Unicode MS' not found.
2025-12-18 14:31:48,008 | WARNING | findfont: Font family 'Noto Sans CJK SC' not found.
2025-12-18 14:31:48,009 | WARNING | findfont: Font family 'Arial Unicode MS' not found.
2025-12-18 14:31:48,009 | WARNING | findfont: Font family 'Noto Sans CJK SC' not found.
2025-12-18 14:31:48,010 | WARNING | findfont: Font family 'Arial Unicode MS' not found.
2025-12-18 14:31:48,010 | WARNING | findfont: Font family 'Noto Sans CJK SC' not found.
2025-12-18 14:31:48,013 | WARNING | findfont: Font family 'Arial Unicode MS' not found.
2025-12-18 14:31:48,013 | WARNING | findfont: Font family 'Noto Sans CJK SC' not found.
2025-12-18 14:31:48,023 | WARNING | findfont: Font family 'Arial Unicode MS' not found.
2025-12-18 14:31:48,024 | WARNING | findfont: Font family 'Noto Sans CJK SC' not found.
2025-12-18 14:31:48,024 | WARNING | findfont: Font family 'Arial Unicode MS' not found.
2025-12-18 14:31:48,024 | WARNING | findfont: Font family 'Noto Sans CJK SC' not found.
2025-12-18 14:31:48,039 | WARNING | findfont: Font family 'Arial Unicode MS' not found.
2025-12-18 14:31:48,039 | WARNING | findfont: Font family 'Noto Sans CJK SC' not found.
2025-12-18 14:31:48,055 | WARNING | findfont: Font family 'Arial Unicode MS' not found.
2025-12-18 14:31:48,055 | WARNING | findfont: Font family 'Noto Sans CJK SC' not found.
2025-12-18 14:31:48,056 | WARNING | findfont: Font family 'Arial Unicode MS' not found.
2025-12-18 14:31:48,056 | WARNING | findfont: Font family 'Noto Sans CJK SC' not found.
2025-12-18 14:31:48,057 | WARNING | findfont: Font family 'Arial Unicode MS' not found.
2025-12-18 14:31:48,057 | WARNING | findfont: Font family 'Noto Sans CJK SC' not found.
2025-12-18 14:31:48,058 | WARNING | findfont: Font family 'Arial Unicode MS' not found.
2025-12-18 14:31:48,058 | WARNING | findfont: Font family 'Noto Sans CJK SC' not found.
2025-12-18 14:31:48,059 | WARNING | findfont: Font family 'Arial Unicode MS' not found.
2025-12-18 14:31:48,059 | WARNING | findfont: Font family 'Noto Sans CJK SC' not found.
2025-12-18 14:31:48,060 | WARNING | findfont: Font family 'Arial Unicode MS' not found.
2025-12-18 14:31:48,060 | WARNING | findfont: Font family 'Noto Sans CJK SC' not found.
2025-12-18 14:31:48,060 | WARNING | findfont: Font family 'Arial Unicode MS' not found.
2025-12-18 14:31:48,060 | WARNING | findfont: Font family 'Noto Sans CJK SC' not found.
2025-12-18 14:31:48,063 | WARNING | findfont: Font family 'Arial Unicode MS' not found.
2025-12-18 14:31:48,063 | WARNING | findfont: Font family 'Noto Sans CJK SC' not found.
2025-12-18 14:31:48,064 | WARNING | findfont: Font family 'Arial Unicode MS' not found.
2025-12-18 14:31:48,065 | WARNING | findfont: Font family 'Noto Sans CJK SC' not found.
2025-12-18 14:31:48,065 | WARNING | findfont: Font family 'Arial Unicode MS' not found.
2025-12-18 14:31:48,065 | WARNING | findfont: Font family 'Noto Sans CJK SC' not found.
2025-12-18 14:31:48,074 | WARNING | findfont: Font family 'Arial Unicode MS' not found.
2025-12-18 14:31:48,074 | WARNING | findfont: Font family 'Noto Sans CJK SC' not found.
2025-12-18 14:31:48,075 | WARNING | findfont: Font family 'Arial Unicode MS' not found.
2025-12-18 14:31:48,075 | WARNING | findfont: Font family 'Noto Sans CJK SC' not found.
2025-12-18 14:31:48,076 | WARNING | findfont: Font family 'Arial Unicode MS' not found.
2025-12-18 14:31:48,076 | WARNING | findfont: Font family 'Noto Sans CJK SC' not found.
2025-12-18 14:31:48,077 | WARNING | findfont: Font family 'Arial Unicode MS' not found.
2025-12-18 14:31:48,077 | WARNING | findfont: Font family 'Noto Sans CJK SC' not found.
2025-12-18 14:31:48,077 | WARNING | findfont: Font family 'Arial Unicode MS' not found.
2025-12-18 14:31:48,078 | WARNING | findfont: Font family 'Noto Sans CJK SC' not found.
2025-12-18 14:31:48,078 | WARNING | findfont: Font family 'Arial Unicode MS' not found.
2025-12-18 14:31:48,078 | WARNING | findfont: Font family 'Noto Sans CJK SC' not found.
2025-12-18 14:31:48,079 | WARNING | findfont: Font family 'Arial Unicode MS' not found.
2025-12-18 14:31:48,079 | WARNING | findfont: Font family 'Noto Sans CJK SC' not found.
2025-12-18 14:31:48,079 | WARNING | findfont: Font family 'Arial Unicode MS' not found.
2025-12-18 14:31:48,079 | WARNING | findfont: Font family 'Noto Sans CJK SC' not found.
2025-12-18 14:31:48,080 | WARNING | findfont: Font family 'Arial Unicode MS' not found.
2025-12-18 14:31:48,080 | WARNING | findfont: Font family 'Noto Sans CJK SC' not found.
2025-12-18 14:31:48,081 | WARNING | findfont: Font family 'Arial Unicode MS' not found.
2025-12-18 14:31:48,081 | WARNING | findfont: Font family 'Noto Sans CJK SC' not found.
2025-12-18 14:31:48,092 | WARNING | findfont: Font family 'Arial Unicode MS' not found.
2025-12-18 14:31:48,092 | WARNING | findfont: Font family 'Noto Sans CJK SC' not found.
2025-12-18 14:31:48,101 | WARNING | findfont: Font family 'Arial Unicode MS' not found.
2025-12-18 14:31:48,101 | WARNING | findfont: Font family 'Noto Sans CJK SC' not found.
2025-12-18 14:31:48,136 | WARNING | findfont: Font family 'Arial Unicode MS' not found.
2025-12-18 14:31:48,137 | WARNING | findfont: Font family 'Noto Sans CJK SC' not found.
2025-12-18 14:31:48,139 | WARNING | findfont: Font family 'Arial Unicode MS' not found.
2025-12-18 14:31:48,139 | WARNING | findfont: Font family 'Noto Sans CJK SC' not found.
2025-12-18 14:31:48,140 | WARNING | findfont: Font family 'Arial Unicode MS' not found.
2025-12-18 14:31:48,140 | WARNING | findfont: Font family 'Noto Sans CJK SC' not found.
2025-12-18 14:31:48,142 | WARNING | findfont: Font family 'Arial Unicode MS' not found.
2025-12-18 14:31:48,142 | WARNING | findfont: Font family 'Noto Sans CJK SC' not found.
2025-12-18 14:31:48,143 | WARNING | findfont: Font family 'Arial Unicode MS' not found.
2025-12-18 14:31:48,143 | WARNING | findfont: Font family 'Noto Sans CJK SC' not found.
2025-12-18 14:31:48,144 | WARNING | findfont: Font family 'Arial Unicode MS' not found.
2025-12-18 14:31:48,144 | WARNING | findfont: Font family 'Noto Sans CJK SC' not found.
2025-12-18 14:31:48,145 | WARNING | findfont: Font family 'Arial Unicode MS' not found.
2025-12-18 14:31:48,146 | WARNING | findfont: Font family 'Noto Sans CJK SC' not found.
2025-12-18 14:31:48,147 | WARNING | findfont: Font family 'Arial Unicode MS' not found.
2025-12-18 14:31:48,147 | WARNING | findfont: Font family 'Noto Sans CJK SC' not found.
2025-12-18 14:31:48,148 | WARNING | findfont: Font family 'Arial Unicode MS' not found.
2025-12-18 14:31:48,149 | WARNING | findfont: Font family 'Noto Sans CJK SC' not found.
2025-12-18 14:31:48,150 | WARNING | findfont: Font family 'Arial Unicode MS' not found.
2025-12-18 14:31:48,150 | WARNING | findfont: Font family 'Noto Sans CJK SC' not found.
2025-12-18 14:31:48,159 | WARNING | findfont: Font family 'Arial Unicode MS' not found.
2025-12-18 14:31:48,160 | WARNING | findfont: Font family 'Noto Sans CJK SC' not found.
2025-12-18 14:31:48,163 | WARNING | findfont: Font family 'Arial Unicode MS' not found.
2025-12-18 14:31:48,163 | WARNING | findfont: Font family 'Noto Sans CJK SC' not found.
2025-12-18 14:31:48,164 | WARNING | findfont: Font family 'Arial Unicode MS' not found.
2025-12-18 14:31:48,164 | WARNING | findfont: Font family 'Noto Sans CJK SC' not found.
2025-12-18 14:31:48,165 | WARNING | findfont: Font family 'Arial Unicode MS' not found.
2025-12-18 14:31:48,166 | WARNING | findfont: Font family 'Noto Sans CJK SC' not found.
2025-12-18 14:31:48,167 | WARNING | findfont: Font family 'Arial Unicode MS' not found.
2025-12-18 14:31:48,167 | WARNING | findfont: Font family 'Noto Sans CJK SC' not found.
2025-12-18 14:31:48,168 | WARNING | findfont: Font family 'Arial Unicode MS' not found.
2025-12-18 14:31:48,168 | WARNING | findfont: Font family 'Noto Sans CJK SC' not found.
2025-12-18 14:31:48,169 | WARNING | findfont: Font family 'Arial Unicode MS' not found.
2025-12-18 14:31:48,169 | WARNING | findfont: Font family 'Noto Sans CJK SC' not found.
2025-12-18 14:31:48,178 | WARNING | findfont: Font family 'Arial Unicode MS' not found.
2025-12-18 14:31:48,178 | WARNING | findfont: Font family 'Noto Sans CJK SC' not found.
2025-12-18 14:31:48,184 | WARNING | findfont: Font family 'Arial Unicode MS' not found.
2025-12-18 14:31:48,185 | WARNING | findfont: Font family 'Noto Sans CJK SC' not found.
2025-12-18 14:31:48,202 | WARNING | findfont: Font family 'Arial Unicode MS' not found.
2025-12-18 14:31:48,203 | WARNING | findfont: Font family 'Noto Sans CJK SC' not found.
2025-12-18 14:31:48,519 | WARNING | findfont: Font family 'Arial Unicode MS' not found.
2025-12-18 14:31:48,519 | WARNING | findfont: Font family 'Noto Sans CJK SC' not found.
2025-12-18 14:31:48,520 | WARNING | findfont: Font family 'Arial Unicode MS' not found.
2025-12-18 14:31:48,520 | WARNING | findfont: Font family 'Noto Sans CJK SC' not found.
2025-12-18 14:31:48,521 | WARNING | findfont: Font family 'Arial Unicode MS' not found.
2025-12-18 14:31:48,521 | WARNING | findfont: Font family 'Noto Sans CJK SC' not found.
2025-12-18 14:31:48,522 | WARNING | findfont: Font family 'Arial Unicode MS' not found.
2025-12-18 14:31:48,522 | WARNING | findfont: Font family 'Noto Sans CJK SC' not found.
2025-12-18 14:31:48,523 | WARNING | findfont: Font family 'Arial Unicode MS' not found.
2025-12-18 14:31:48,523 | WARNING | findfont: Font family 'Noto Sans CJK SC' not found.
2025-12-18 14:31:48,524 | WARNING | findfont: Font family 'Arial Unicode MS' not found.
2025-12-18 14:31:48,524 | WARNING | findfont: Font family 'Noto Sans CJK SC' not found.
2025-12-18 14:31:48,526 | WARNING | findfont: Font family 'Arial Unicode MS' not found.
2025-12-18 14:31:48,526 | WARNING | findfont: Font family 'Noto Sans CJK SC' not found.
2025-12-18 14:31:48,528 | WARNING | findfont: Font family 'Arial Unicode MS' not found.
2025-12-18 14:31:48,528 | WARNING | findfont: Font family 'Noto Sans CJK SC' not found.
2025-12-18 14:31:48,529 | WARNING | findfont: Font family 'Arial Unicode MS' not found.
2025-12-18 14:31:48,530 | WARNING | findfont: Font family 'Noto Sans CJK SC' not found.
2025-12-18 14:31:48,532 | WARNING | findfont: Font family 'Arial Unicode MS' not found.
2025-12-18 14:31:48,537 | WARNING | findfont: Font family 'Noto Sans CJK SC' not found.
2025-12-18 14:31:48,538 | WARNING | findfont: Font family 'Arial Unicode MS' not found.
2025-12-18 14:31:48,538 | WARNING | findfont: Font family 'Noto Sans CJK SC' not found.
2025-12-18 14:31:48,545 | WARNING | findfont: Font family 'Arial Unicode MS' not found.
2025-12-18 14:31:48,545 | WARNING | findfont: Font family 'Noto Sans CJK SC' not found.
2025-12-18 14:31:48,557 | WARNING | findfont: Font family 'Arial Unicode MS' not found.
2025-12-18 14:31:48,557 | WARNING | findfont: Font family 'Noto Sans CJK SC' not found.
2025-12-18 14:31:48,558 | WARNING | findfont: Font family 'Arial Unicode MS' not found.
2025-12-18 14:31:48,558 | WARNING | findfont: Font family 'Noto Sans CJK SC' not found.
2025-12-18 14:31:48,559 | WARNING | findfont: Font family 'Arial Unicode MS' not found.
2025-12-18 14:31:48,560 | WARNING | findfont: Font family 'Noto Sans CJK SC' not found.
2025-12-18 14:31:48,560 | WARNING | findfont: Font family 'Arial Unicode MS' not found.
2025-12-18 14:31:48,560 | WARNING | findfont: Font family 'Noto Sans CJK SC' not found.
2025-12-18 14:31:48,561 | WARNING | findfont: Font family 'Arial Unicode MS' not found.
2025-12-18 14:31:48,562 | WARNING | findfont: Font family 'Noto Sans CJK SC' not found.
2025-12-18 14:31:48,562 | WARNING | findfont: Font family 'Arial Unicode MS' not found.
2025-12-18 14:31:48,563 | WARNING | findfont: Font family 'Noto Sans CJK SC' not found.
2025-12-18 14:31:48,566 | WARNING | findfont: Font family 'Arial Unicode MS' not found.
2025-12-18 14:31:48,567 | WARNING | findfont: Font family 'Noto Sans CJK SC' not found.
2025-12-18 14:31:48,573 | WARNING | findfont: Font family 'Arial Unicode MS' not found.
2025-12-18 14:31:48,573 | WARNING | findfont: Font family 'Noto Sans CJK SC' not found.
2025-12-18 14:31:48,574 | WARNING | findfont: Font family 'Arial Unicode MS' not found.
2025-12-18 14:31:48,574 | WARNING | findfont: Font family 'Noto Sans CJK SC' not found.
2025-12-18 14:31:48,588 | WARNING | findfont: Font family 'Arial Unicode MS' not found.
2025-12-18 14:31:48,588 | WARNING | findfont: Font family 'Noto Sans CJK SC' not found.
2025-12-18 14:31:48,604 | WARNING | findfont: Font family 'Arial Unicode MS' not found.
2025-12-18 14:31:48,604 | WARNING | findfont: Font family 'Noto Sans CJK SC' not found.
2025-12-18 14:31:48,605 | WARNING | findfont: Font family 'Arial Unicode MS' not found.
2025-12-18 14:31:48,605 | WARNING | findfont: Font family 'Noto Sans CJK SC' not found.
2025-12-18 14:31:48,605 | WARNING | findfont: Font family 'Arial Unicode MS' not found.
2025-12-18 14:31:48,605 | WARNING | findfont: Font family 'Noto Sans CJK SC' not found.
2025-12-18 14:31:48,607 | WARNING | findfont: Font family 'Arial Unicode MS' not found.
2025-12-18 14:31:48,607 | WARNING | findfont: Font family 'Noto Sans CJK SC' not found.
2025-12-18 14:31:48,608 | WARNING | findfont: Font family 'Arial Unicode MS' not found.
2025-12-18 14:31:48,608 | WARNING | findfont: Font family 'Noto Sans CJK SC' not found.
2025-12-18 14:31:48,609 | WARNING | findfont: Font family 'Arial Unicode MS' not found.
2025-12-18 14:31:48,609 | WARNING | findfont: Font family 'Noto Sans CJK SC' not found.
2025-12-18 14:31:48,610 | WARNING | findfont: Font family 'Arial Unicode MS' not found.
2025-12-18 14:31:48,610 | WARNING | findfont: Font family 'Noto Sans CJK SC' not found.
2025-12-18 14:31:48,613 | WARNING | findfont: Font family 'Arial Unicode MS' not found.
2025-12-18 14:31:48,613 | WARNING | findfont: Font family 'Noto Sans CJK SC' not found.
2025-12-18 14:31:48,614 | WARNING | findfont: Font family 'Arial Unicode MS' not found.
2025-12-18 14:31:48,614 | WARNING | findfont: Font family 'Noto Sans CJK SC' not found.
2025-12-18 14:31:48,615 | WARNING | findfont: Font family 'Arial Unicode MS' not found.
2025-12-18 14:31:48,615 | WARNING | findfont: Font family 'Noto Sans CJK SC' not found.
2025-12-18 14:31:48,624 | WARNING | findfont: Font family 'Arial Unicode MS' not found.
2025-12-18 14:31:48,625 | WARNING | findfont: Font family 'Noto Sans CJK SC' not found.
2025-12-18 14:31:48,626 | WARNING | findfont: Font family 'Arial Unicode MS' not found.
2025-12-18 14:31:48,626 | WARNING | findfont: Font family 'Noto Sans CJK SC' not found.
2025-12-18 14:31:48,627 | WARNING | findfont: Font family 'Arial Unicode MS' not found.
2025-12-18 14:31:48,627 | WARNING | findfont: Font family 'Noto Sans CJK SC' not found.
2025-12-18 14:31:48,627 | WARNING | findfont: Font family 'Arial Unicode MS' not found.
2025-12-18 14:31:48,628 | WARNING | findfont: Font family 'Noto Sans CJK SC' not found.
2025-12-18 14:31:48,628 | WARNING | findfont: Font family 'Arial Unicode MS' not found.
2025-12-18 14:31:48,628 | WARNING | findfont: Font family 'Noto Sans CJK SC' not found.
2025-12-18 14:31:48,629 | WARNING | findfont: Font family 'Arial Unicode MS' not found.
2025-12-18 14:31:48,629 | WARNING | findfont: Font family 'Noto Sans CJK SC' not found.
2025-12-18 14:31:48,629 | WARNING | findfont: Font family 'Arial Unicode MS' not found.
2025-12-18 14:31:48,630 | WARNING | findfont: Font family 'Noto Sans CJK SC' not found.
2025-12-18 14:31:48,631 | WARNING | findfont: Font family 'Arial Unicode MS' not found.
2025-12-18 14:31:48,631 | WARNING | findfont: Font family 'Noto Sans CJK SC' not found.
2025-12-18 14:31:48,632 | WARNING | findfont: Font family 'Arial Unicode MS' not found.
2025-12-18 14:31:48,632 | WARNING | findfont: Font family 'Noto Sans CJK SC' not found.
2025-12-18 14:31:48,633 | WARNING | findfont: Font family 'Arial Unicode MS' not found.
2025-12-18 14:31:48,633 | WARNING | findfont: Font family 'Noto Sans CJK SC' not found.
2025-12-18 14:31:48,643 | WARNING | findfont: Font family 'Arial Unicode MS' not found.
2025-12-18 14:31:48,643 | WARNING | findfont: Font family 'Noto Sans CJK SC' not found.
2025-12-18 14:31:48,652 | WARNING | findfont: Font family 'Arial Unicode MS' not found.
2025-12-18 14:31:48,652 | WARNING | findfont: Font family 'Noto Sans CJK SC' not found.
2025-12-18 14:31:48,683 | WARNING | findfont: Font family 'Arial Unicode MS' not found.
2025-12-18 14:31:48,683 | WARNING | findfont: Font family 'Noto Sans CJK SC' not found.
2025-12-18 14:31:48,684 | WARNING | findfont: Font family 'Arial Unicode MS' not found.
2025-12-18 14:31:48,685 | WARNING | findfont: Font family 'Noto Sans CJK SC' not found.
2025-12-18 14:31:48,686 | WARNING | findfont: Font family 'Arial Unicode MS' not found.
2025-12-18 14:31:48,686 | WARNING | findfont: Font family 'Noto Sans CJK SC' not found.
2025-12-18 14:31:48,687 | WARNING | findfont: Font family 'Arial Unicode MS' not found.
2025-12-18 14:31:48,687 | WARNING | findfont: Font family 'Noto Sans CJK SC' not found.
2025-12-18 14:31:48,688 | WARNING | findfont: Font family 'Arial Unicode MS' not found.
2025-12-18 14:31:48,689 | WARNING | findfont: Font family 'Noto Sans CJK SC' not found.
2025-12-18 14:31:48,690 | WARNING | findfont: Font family 'Arial Unicode MS' not found.
2025-12-18 14:31:48,690 | WARNING | findfont: Font family 'Noto Sans CJK SC' not found.
2025-12-18 14:31:48,691 | WARNING | findfont: Font family 'Arial Unicode MS' not found.
2025-12-18 14:31:48,691 | WARNING | findfont: Font family 'Noto Sans CJK SC' not found.
2025-12-18 14:31:48,692 | WARNING | findfont: Font family 'Arial Unicode MS' not found.
2025-12-18 14:31:48,693 | WARNING | findfont: Font family 'Noto Sans CJK SC' not found.
2025-12-18 14:31:48,693 | WARNING | findfont: Font family 'Arial Unicode MS' not found.
2025-12-18 14:31:48,694 | WARNING | findfont: Font family 'Noto Sans CJK SC' not found.
2025-12-18 14:31:48,695 | WARNING | findfont: Font family 'Arial Unicode MS' not found.
2025-12-18 14:31:48,696 | WARNING | findfont: Font family 'Noto Sans CJK SC' not found.
2025-12-18 14:31:48,703 | WARNING | findfont: Font family 'Arial Unicode MS' not found.
2025-12-18 14:31:48,703 | WARNING | findfont: Font family 'Noto Sans CJK SC' not found.
2025-12-18 14:31:48,706 | WARNING | findfont: Font family 'Arial Unicode MS' not found.
2025-12-18 14:31:48,707 | WARNING | findfont: Font family 'Noto Sans CJK SC' not found.
2025-12-18 14:31:48,708 | WARNING | findfont: Font family 'Arial Unicode MS' not found.
2025-12-18 14:31:48,708 | WARNING | findfont: Font family 'Noto Sans CJK SC' not found.
2025-12-18 14:31:48,709 | WARNING | findfont: Font family 'Arial Unicode MS' not found.
2025-12-18 14:31:48,709 | WARNING | findfont: Font family 'Noto Sans CJK SC' not found.
2025-12-18 14:31:48,710 | WARNING | findfont: Font family 'Arial Unicode MS' not found.
2025-12-18 14:31:48,710 | WARNING | findfont: Font family 'Noto Sans CJK SC' not found.
2025-12-18 14:31:48,711 | WARNING | findfont: Font family 'Arial Unicode MS' not found.
2025-12-18 14:31:48,711 | WARNING | findfont: Font family 'Noto Sans CJK SC' not found.
2025-12-18 14:31:48,712 | WARNING | findfont: Font family 'Arial Unicode MS' not found.
2025-12-18 14:31:48,712 | WARNING | findfont: Font family 'Noto Sans CJK SC' not found.
2025-12-18 14:31:48,715 | WARNING | findfont: Font family 'Arial Unicode MS' not found.
2025-12-18 14:31:48,716 | WARNING | findfont: Font family 'Noto Sans CJK SC' not found.
2025-12-18 14:31:48,718 | WARNING | findfont: Font family 'Arial Unicode MS' not found.
2025-12-18 14:31:48,719 | WARNING | findfont: Font family 'Noto Sans CJK SC' not found.
2025-12-18 14:31:48,728 | WARNING | findfont: Font family 'Arial Unicode MS' not found.
2025-12-18 14:31:48,729 | WARNING | findfont: Font family 'Noto Sans CJK SC' not found.
2025-12-18 14:31:49,007 | WARNING | findfont: Font family 'Arial Unicode MS' not found.
2025-12-18 14:31:49,008 | WARNING | findfont: Font family 'Noto Sans CJK SC' not found.
2025-12-18 14:31:49,008 | WARNING | findfont: Font family 'Arial Unicode MS' not found.
2025-12-18 14:31:49,008 | WARNING | findfont: Font family 'Noto Sans CJK SC' not found.
2025-12-18 14:31:49,009 | WARNING | findfont: Font family 'Arial Unicode MS' not found.
2025-12-18 14:31:49,010 | WARNING | findfont: Font family 'Noto Sans CJK SC' not found.
2025-12-18 14:31:49,010 | WARNING | findfont: Font family 'Arial Unicode MS' not found.
2025-12-18 14:31:49,010 | WARNING | findfont: Font family 'Noto Sans CJK SC' not found.
2025-12-18 14:31:49,011 | WARNING | findfont: Font family 'Arial Unicode MS' not found.
2025-12-18 14:31:49,011 | WARNING | findfont: Font family 'Noto Sans CJK SC' not found.
2025-12-18 14:31:49,012 | WARNING | findfont: Font family 'Arial Unicode MS' not found.
2025-12-18 14:31:49,013 | WARNING | findfont: Font family 'Noto Sans CJK SC' not found.
2025-12-18 14:31:49,013 | WARNING | findfont: Font family 'Arial Unicode MS' not found.
2025-12-18 14:31:49,014 | WARNING | findfont: Font family 'Noto Sans CJK SC' not found.
2025-12-18 14:31:49,016 | WARNING | findfont: Font family 'Arial Unicode MS' not found.
2025-12-18 14:31:49,016 | WARNING | findfont: Font family 'Noto Sans CJK SC' not found.
2025-12-18 14:31:49,017 | WARNING | findfont: Font family 'Arial Unicode MS' not found.
2025-12-18 14:31:49,018 | WARNING | findfont: Font family 'Noto Sans CJK SC' not found.
2025-12-18 14:31:49,019 | WARNING | findfont: Font family 'Arial Unicode MS' not found.
2025-12-18 14:31:49,019 | WARNING | findfont: Font family 'Noto Sans CJK SC' not found.
2025-12-18 14:31:49,020 | WARNING | findfont: Font family 'Arial Unicode MS' not found.
2025-12-18 14:31:49,020 | WARNING | findfont: Font family 'Noto Sans CJK SC' not found.
2025-12-18 14:31:49,026 | WARNING | findfont: Font family 'Arial Unicode MS' not found.
2025-12-18 14:31:49,026 | WARNING | findfont: Font family 'Noto Sans CJK SC' not found.
2025-12-18 14:31:49,039 | WARNING | findfont: Font family 'Arial Unicode MS' not found.
2025-12-18 14:31:49,039 | WARNING | findfont: Font family 'Noto Sans CJK SC' not found.
2025-12-18 14:31:49,040 | WARNING | findfont: Font family 'Arial Unicode MS' not found.
2025-12-18 14:31:49,040 | WARNING | findfont: Font family 'Noto Sans CJK SC' not found.
2025-12-18 14:31:49,041 | WARNING | findfont: Font family 'Arial Unicode MS' not found.
2025-12-18 14:31:49,042 | WARNING | findfont: Font family 'Noto Sans CJK SC' not found.
2025-12-18 14:31:49,042 | WARNING | findfont: Font family 'Arial Unicode MS' not found.
2025-12-18 14:31:49,043 | WARNING | findfont: Font family 'Noto Sans CJK SC' not found.
2025-12-18 14:31:49,043 | WARNING | findfont: Font family 'Arial Unicode MS' not found.
2025-12-18 14:31:49,043 | WARNING | findfont: Font family 'Noto Sans CJK SC' not found.
2025-12-18 14:31:49,044 | WARNING | findfont: Font family 'Arial Unicode MS' not found.
2025-12-18 14:31:49,045 | WARNING | findfont: Font family 'Noto Sans CJK SC' not found.
2025-12-18 14:31:49,045 | WARNING | findfont: Font family 'Arial Unicode MS' not found.
2025-12-18 14:31:49,046 | WARNING | findfont: Font family 'Noto Sans CJK SC' not found.
2025-12-18 14:31:49,049 | WARNING | findfont: Font family 'Arial Unicode MS' not found.
2025-12-18 14:31:49,049 | WARNING | findfont: Font family 'Noto Sans CJK SC' not found.
2025-12-18 14:31:49,055 | WARNING | findfont: Font family 'Arial Unicode MS' not found.
2025-12-18 14:31:49,055 | WARNING | findfont: Font family 'Noto Sans CJK SC' not found.
2025-12-18 14:31:49,055 | WARNING | findfont: Font family 'Arial Unicode MS' not found.
2025-12-18 14:31:49,056 | WARNING | findfont: Font family 'Noto Sans CJK SC' not found.
2025-12-18 14:31:49,068 | WARNING | findfont: Font family 'Arial Unicode MS' not found.
2025-12-18 14:31:49,068 | WARNING | findfont: Font family 'Noto Sans CJK SC' not found.
2025-12-18 14:31:49,082 | WARNING | findfont: Font family 'Arial Unicode MS' not found.
2025-12-18 14:31:49,083 | WARNING | findfont: Font family 'Noto Sans CJK SC' not found.
2025-12-18 14:31:49,084 | WARNING | findfont: Font family 'Arial Unicode MS' not found.
2025-12-18 14:31:49,084 | WARNING | findfont: Font family 'Noto Sans CJK SC' not found.
2025-12-18 14:31:49,085 | WARNING | findfont: Font family 'Arial Unicode MS' not found.
2025-12-18 14:31:49,085 | WARNING | findfont: Font family 'Noto Sans CJK SC' not found.
2025-12-18 14:31:49,085 | WARNING | findfont: Font family 'Arial Unicode MS' not found.
2025-12-18 14:31:49,085 | WARNING | findfont: Font family 'Noto Sans CJK SC' not found.
2025-12-18 14:31:49,086 | WARNING | findfont: Font family 'Arial Unicode MS' not found.
2025-12-18 14:31:49,086 | WARNING | findfont: Font family 'Noto Sans CJK SC' not found.
2025-12-18 14:31:49,087 | WARNING | findfont: Font family 'Arial Unicode MS' not found.
2025-12-18 14:31:49,087 | WARNING | findfont: Font family 'Noto Sans CJK SC' not found.
2025-12-18 14:31:49,088 | WARNING | findfont: Font family 'Arial Unicode MS' not found.
2025-12-18 14:31:49,088 | WARNING | findfont: Font family 'Noto Sans CJK SC' not found.
2025-12-18 14:31:49,089 | WARNING | findfont: Font family 'Arial Unicode MS' not found.
2025-12-18 14:31:49,089 | WARNING | findfont: Font family 'Noto Sans CJK SC' not found.
2025-12-18 14:31:49,092 | WARNING | findfont: Font family 'Arial Unicode MS' not found.
2025-12-18 14:31:49,092 | WARNING | findfont: Font family 'Noto Sans CJK SC' not found.
2025-12-18 14:31:49,093 | WARNING | findfont: Font family 'Arial Unicode MS' not found.
2025-12-18 14:31:49,093 | WARNING | findfont: Font family 'Noto Sans CJK SC' not found.
2025-12-18 14:31:49,094 | WARNING | findfont: Font family 'Arial Unicode MS' not found.
2025-12-18 14:31:49,094 | WARNING | findfont: Font family 'Noto Sans CJK SC' not found.
2025-12-18 14:31:49,104 | WARNING | findfont: Font family 'Arial Unicode MS' not found.
2025-12-18 14:31:49,104 | WARNING | findfont: Font family 'Noto Sans CJK SC' not found.
2025-12-18 14:31:49,105 | WARNING | findfont: Font family 'Arial Unicode MS' not found.
2025-12-18 14:31:49,105 | WARNING | findfont: Font family 'Noto Sans CJK SC' not found.
2025-12-18 14:31:49,106 | WARNING | findfont: Font family 'Arial Unicode MS' not found.
2025-12-18 14:31:49,106 | WARNING | findfont: Font family 'Noto Sans CJK SC' not found.
2025-12-18 14:31:49,107 | WARNING | findfont: Font family 'Arial Unicode MS' not found.
2025-12-18 14:31:49,108 | WARNING | findfont: Font family 'Noto Sans CJK SC' not found.
2025-12-18 14:31:49,108 | WARNING | findfont: Font family 'Arial Unicode MS' not found.
2025-12-18 14:31:49,108 | WARNING | findfont: Font family 'Noto Sans CJK SC' not found.
2025-12-18 14:31:49,109 | WARNING | findfont: Font family 'Arial Unicode MS' not found.
2025-12-18 14:31:49,109 | WARNING | findfont: Font family 'Noto Sans CJK SC' not found.
2025-12-18 14:31:49,110 | WARNING | findfont: Font family 'Arial Unicode MS' not found.
2025-12-18 14:31:49,110 | WARNING | findfont: Font family 'Noto Sans CJK SC' not found.
2025-12-18 14:31:49,111 | WARNING | findfont: Font family 'Arial Unicode MS' not found.
2025-12-18 14:31:49,111 | WARNING | findfont: Font family 'Noto Sans CJK SC' not found.
2025-12-18 14:31:49,111 | WARNING | findfont: Font family 'Arial Unicode MS' not found.
2025-12-18 14:31:49,112 | WARNING | findfont: Font family 'Noto Sans CJK SC' not found.
2025-12-18 14:31:49,112 | WARNING | findfont: Font family 'Arial Unicode MS' not found.
2025-12-18 14:31:49,112 | WARNING | findfont: Font family 'Noto Sans CJK SC' not found.
2025-12-18 14:31:49,123 | WARNING | findfont: Font family 'Arial Unicode MS' not found.
2025-12-18 14:31:49,124 | WARNING | findfont: Font family 'Noto Sans CJK SC' not found.
2025-12-18 14:31:49,133 | WARNING | findfont: Font family 'Arial Unicode MS' not found.
2025-12-18 14:31:49,133 | WARNING | findfont: Font family 'Noto Sans CJK SC' not found.
2025-12-18 14:31:49,166 | WARNING | findfont: Font family 'Arial Unicode MS' not found.
2025-12-18 14:31:49,167 | WARNING | findfont: Font family 'Noto Sans CJK SC' not found.
2025-12-18 14:31:49,168 | WARNING | findfont: Font family 'Arial Unicode MS' not found.
2025-12-18 14:31:49,169 | WARNING | findfont: Font family 'Noto Sans CJK SC' not found.
2025-12-18 14:31:49,170 | WARNING | findfont: Font family 'Arial Unicode MS' not found.
2025-12-18 14:31:49,170 | WARNING | findfont: Font family 'Noto Sans CJK SC' not found.
2025-12-18 14:31:49,171 | WARNING | findfont: Font family 'Arial Unicode MS' not found.
2025-12-18 14:31:49,172 | WARNING | findfont: Font family 'Noto Sans CJK SC' not found.
2025-12-18 14:31:49,173 | WARNING | findfont: Font family 'Arial Unicode MS' not found.
2025-12-18 14:31:49,173 | WARNING | findfont: Font family 'Noto Sans CJK SC' not found.
2025-12-18 14:31:49,174 | WARNING | findfont: Font family 'Arial Unicode MS' not found.
2025-12-18 14:31:49,175 | WARNING | findfont: Font family 'Noto Sans CJK SC' not found.
2025-12-18 14:31:49,176 | WARNING | findfont: Font family 'Arial Unicode MS' not found.
2025-12-18 14:31:49,177 | WARNING | findfont: Font family 'Noto Sans CJK SC' not found.
2025-12-18 14:31:49,177 | WARNING | findfont: Font family 'Arial Unicode MS' not found.
2025-12-18 14:31:49,178 | WARNING | findfont: Font family 'Noto Sans CJK SC' not found.
2025-12-18 14:31:49,179 | WARNING | findfont: Font family 'Arial Unicode MS' not found.
2025-12-18 14:31:49,179 | WARNING | findfont: Font family 'Noto Sans CJK SC' not found.
2025-12-18 14:31:49,181 | WARNING | findfont: Font family 'Arial Unicode MS' not found.
2025-12-18 14:31:49,181 | WARNING | findfont: Font family 'Noto Sans CJK SC' not found.
2025-12-18 14:31:49,190 | WARNING | findfont: Font family 'Arial Unicode MS' not found.
2025-12-18 14:31:49,190 | WARNING | findfont: Font family 'Noto Sans CJK SC' not found.
2025-12-18 14:31:49,193 | WARNING | findfont: Font family 'Arial Unicode MS' not found.
2025-12-18 14:31:49,194 | WARNING | findfont: Font family 'Noto Sans CJK SC' not found.
2025-12-18 14:31:49,194 | WARNING | findfont: Font family 'Arial Unicode MS' not found.
2025-12-18 14:31:49,195 | WARNING | findfont: Font family 'Noto Sans CJK SC' not found.
2025-12-18 14:31:49,195 | WARNING | findfont: Font family 'Arial Unicode MS' not found.
2025-12-18 14:31:49,196 | WARNING | findfont: Font family 'Noto Sans CJK SC' not found.
2025-12-18 14:31:49,197 | WARNING | findfont: Font family 'Arial Unicode MS' not found.
2025-12-18 14:31:49,197 | WARNING | findfont: Font family 'Noto Sans CJK SC' not found.
2025-12-18 14:31:49,199 | WARNING | findfont: Font family 'Arial Unicode MS' not found.
2025-12-18 14:31:49,199 | WARNING | findfont: Font family 'Noto Sans CJK SC' not found.
2025-12-18 14:31:49,200 | WARNING | findfont: Font family 'Arial Unicode MS' not found.
2025-12-18 14:31:49,200 | WARNING | findfont: Font family 'Noto Sans CJK SC' not found.
2025-12-18 14:31:49,202 | WARNING | findfont: Font family 'Arial Unicode MS' not found.
2025-12-18 14:31:49,202 | WARNING | findfont: Font family 'Noto Sans CJK SC' not found.
2025-12-18 14:31:49,206 | WARNING | findfont: Font family 'Arial Unicode MS' not found.
2025-12-18 14:31:49,206 | WARNING | findfont: Font family 'Noto Sans CJK SC' not found.
2025-12-18 14:31:49,209 | WARNING | findfont: Font family 'Arial Unicode MS' not found.
2025-12-18 14:31:49,210 | WARNING | findfont: Font family 'Noto Sans CJK SC' not found.
2025-12-18 14:31:49,220 | WARNING | findfont: Font family 'Arial Unicode MS' not found.
2025-12-18 14:31:49,221 | WARNING | findfont: Font family 'Noto Sans CJK SC' not found.
