model,H,strategy,tau,phase,regime,n_obs,mean_log_ret,std_log_ret,sharpe_ann,max_drawdown,hit_rate
BASELINE,1,always_long,0.0,0,high,388,-3.225756585532876e-05,0.005680262434313022,-0.09014952897732821,-0.1858406969978611,0.5077319587628866
BASELINE,1,always_long,0.0,0,low,219,6.350229538074221e-05,0.0035005911510180487,0.2879707009663466,-0.04159462055715646,0.5068493150684932
BASELINE,1,always_long,0.0,0,mid,411,9.049396795462233e-05,0.004098929543065772,0.3504688702411354,-0.07338501458235713,0.51338199513382
BASELINE,1,always_short,0.0,0,high,388,3.225756585532876e-05,0.005680262434313022,0.09014952897732821,-0.15907404604276032,0.46649484536082475
BASELINE,1,always_short,0.0,0,low,219,-6.350229538074221e-05,0.0035005911510180487,-0.2879707009663466,-0.06468333690548833,0.4657534246575342
BASELINE,1,always_short,0.0,0,mid,411,-9.049396795462233e-05,0.004098929543065772,-0.3504688702411354,-0.08606822305719297,0.45985401459854014
BASELINE,1,cash,0.0,0,high,388,0.0,0.0,,0.0,0.0
BASELINE,1,cash,0.0,0,low,219,0.0,0.0,,0.0,0.0
BASELINE,1,cash,0.0,0,mid,411,0.0,0.0,,0.0,0.0
ElasticNet,1,model,0.0,0,high,388,0.00033072285964356524,0.005664439187096304,0.926845970730112,-0.09829663260600363,0.5180412371134021
ElasticNet,1,model,0.0,0,low,219,0.00018094210502900108,0.0034871504297001883,0.8237003041737302,-0.03380625944632398,0.5205479452054794
ElasticNet,1,model,0.0,0,mid,411,0.00011122104293847673,0.004102586077894285,0.43035765429713696,-0.1269870526242599,0.49878345498783455
ElasticNet,1,model,0.0005,0,high,388,0.0006654671778406206,0.004259255438561427,2.4802372390752065,-0.03837931100297354,0.33505154639175255
ElasticNet,1,model,0.0005,0,low,219,-7.592577586091187e-05,0.0010098441107106667,-1.1935350351426197,-0.027317937076597798,0.0502283105022831
ElasticNet,1,model,0.0005,0,mid,411,0.00010264502696207155,0.00208689756434277,0.7807950499324716,-0.050863258158726055,0.11435523114355231
ElasticNet,1,model,0.001,0,high,388,0.00024054482569870462,0.0028954770415177498,1.3187915749355454,-0.03149602303435084,0.13144329896907217
ElasticNet,1,model,0.001,0,low,219,-3.9301666784822826e-05,0.0005748629008986044,-1.0852928890741829,-0.008570130284232147,0.0
ElasticNet,1,model,0.001,0,mid,411,7.934040543745327e-05,0.0007799217852836853,1.6148925623113703,-0.001291898212213538,0.019464720194647202
Lasso,1,model,0.0,0,high,388,0.0007065408328757596,0.005625914154116428,1.9936294266423569,-0.05768486448091459,0.5592783505154639
Lasso,1,model,0.0,0,low,219,8.820524577852283e-05,0.0034919023530091938,0.4009891246704403,-0.033487335856582146,0.502283105022831
Lasso,1,model,0.0,0,mid,411,-4.844255012115782e-05,0.004110643825669149,-0.18707571747377338,-0.14367128205555368,0.48905109489051096
Lasso,1,model,0.0005,0,high,388,0.0004799306227156061,0.0041583446437943655,1.832138290170042,-0.06189070146481035,0.27319587628865977
Lasso,1,model,0.0005,0,low,219,-9.640345425367444e-05,0.0008283649630521932,-1.8474434110034452,-0.024741170799165935,0.0091324200913242
Lasso,1,model,0.0005,0,mid,411,5.410780590627298e-05,0.0014323209522743591,0.5996803922530158,-0.02473279698797448,0.06082725060827251
Lasso,1,model,0.001,0,high,388,0.00022366492385152156,0.0025393712413274232,1.3982085546735323,-0.021362639854765275,0.06701030927835051
Lasso,1,model,0.001,0,low,219,0.0,0.0,,0.0,0.0
Lasso,1,model,0.001,0,mid,411,8.056859718507787e-06,0.00016835474715678513,0.7596975145626487,-9.999500016655283e-05,0.0024330900243309003
LightGBM,1,model,0.0,0,high,388,0.00013312174139406578,0.005672678881592796,0.3725298355605036,-0.1918619230420745,0.49742268041237114
LightGBM,1,model,0.0,0,low,219,-0.0005173095069877623,0.0034739602237083356,-2.363882517131479,-0.10813892678197257,0.4429223744292237
LightGBM,1,model,0.0,0,mid,411,-0.0002011982622003747,0.004106573293754118,-0.7777587705207019,-0.13282956404847124,0.46472019464720193
LightGBM,1,model,0.0005,0,high,388,0.00021506046321726112,0.00450884114639036,0.7571743834498332,-0.14168480577667397,0.2757731958762887
LightGBM,1,model,0.0005,0,low,219,6.845204476956832e-06,0.0005253478551303123,0.20684247828427574,-0.004067432091349299,0.0365296803652968
LightGBM,1,model,0.0005,0,mid,411,1.9835791519609966e-05,0.0015093458193187407,0.20862245383645595,-0.028289945743396827,0.06326034063260341
LightGBM,1,model,0.001,0,high,388,1.0806650651938004e-05,0.003283004792516012,0.052254039096915283,-0.0971894553594933,0.13144329896907217
LightGBM,1,model,0.001,0,low,219,1.0311515784003652e-05,0.0001178717762312404,1.3887144459961172,-9.999500016666385e-05,0.0091324200913242
LightGBM,1,model,0.001,0,mid,411,2.1856614448092943e-05,0.0006807176411978686,0.5097017867471384,-0.01129671097541285,0.024330900243309004
RandomForest,1,model,0.0,0,high,388,0.000227899543182523,0.005673053476498711,0.6377153160963881,-0.14027521359240847,0.49226804123711343
RandomForest,1,model,0.0,0,low,219,-0.00011604570745483906,0.0034938753923598326,-0.5272564957183872,-0.04932735911879815,0.4931506849315068
RandomForest,1,model,0.0,0,mid,411,-0.00019530330709220924,0.004102552622601027,-0.7557109365732287,-0.1055951042671931,0.46958637469586373
RandomForest,1,model,0.0005,0,high,388,0.0001308006692795986,0.0025846712025243525,0.8033502487201484,-0.03294826596975764,0.06443298969072164
RandomForest,1,model,0.0005,0,low,219,0.0,0.0,,0.0,0.0
RandomForest,1,model,0.0005,0,mid,411,0.0,0.0,,0.0,0.0
RandomForest,1,model,0.001,0,high,388,8.211617183424923e-05,0.0015991782005422054,0.8151398107468246,-0.01601033382567507,0.01288659793814433
RandomForest,1,model,0.001,0,low,219,0.0,0.0,,0.0,0.0
RandomForest,1,model,0.001,0,mid,411,0.0,0.0,,0.0,0.0
Ridge,1,model,0.0,0,high,388,0.0007608323386950047,0.005617435108055442,2.1500629225420296,-0.074251107854438,0.5644329896907216
Ridge,1,model,0.0,0,low,219,0.00027152698009162604,0.003478898999463522,1.239000379736712,-0.040990494818632595,0.5159817351598174
Ridge,1,model,0.0,0,mid,411,1.657710454568788e-05,0.004105640565419052,0.06409557103681618,-0.1285107986453099,0.51338199513382
Ridge,1,model,0.0005,0,high,388,0.0007278259875095367,0.004783796477255721,2.415211311562618,-0.04377790914022739,0.40463917525773196
Ridge,1,model,0.0005,0,low,219,-7.845789689976053e-05,0.00185699025053959,-0.6706984601311554,-0.043202812957815806,0.1598173515981735
Ridge,1,model,0.0005,0,mid,411,4.343902987208275e-05,0.003001988622392267,0.22970547465403257,-0.08915770415997215,0.25790754257907544
Ridge,1,model,0.001,0,high,388,0.0006143854798256879,0.003818868515611284,2.5539154052089694,-0.041627960696689614,0.2706185567010309
Ridge,1,model,0.001,0,low,219,-7.371820950570001e-05,0.0011794007564033006,-0.9922329541851435,-0.02114226183261325,0.0365296803652968
Ridge,1,model,0.001,0,mid,411,0.0001654495834212995,0.0019575900989821215,1.3416653031079453,-0.03252706534023875,0.12165450121654502
XGBoost,1,model,0.0,0,high,388,0.00017409079706871803,0.005671213581553717,0.4873041171508673,-0.16841498063188465,0.48711340206185566
XGBoost,1,model,0.0,0,low,219,-9.946255170213552e-05,0.003498333808533864,-0.45133459121450903,-0.04339241104370206,0.4840182648401826
XGBoost,1,model,0.0,0,mid,411,-0.00010550977662040928,0.004101272703552684,-0.408389273283535,-0.08748242412831975,0.49878345498783455
XGBoost,1,model,0.0005,0,high,388,0.0002602309440017291,0.004053255958414262,1.0191900560972895,-0.05321624177793416,0.20618556701030927
XGBoost,1,model,0.0005,0,low,219,1.1994382006329222e-05,0.00012258440617681513,1.5532555685532412,-0.00010759401835469529,0.0182648401826484
XGBoost,1,model,0.0005,0,mid,411,-3.526219470291508e-05,0.0006455968058204439,-0.8670581733844578,-0.018651332434440948,0.019464720194647202
XGBoost,1,model,0.001,0,high,388,0.00022902309632081753,0.0028741191437634574,1.2649541519592848,-0.040740693130251526,0.07731958762886598
XGBoost,1,model,0.001,0,low,219,0.0,0.0,,0.0,0.0
XGBoost,1,model,0.001,0,mid,411,-3.6730714417688466e-07,0.00023665692847333946,-0.024638282036493046,-0.0034563456187249875,0.0024330900243309003
BASELINE,5,always_long,0.0,0,high,76,-0.0003764813970601184,0.012579279026482437,-0.21247265225660114,-0.1762894583217388,0.42105263157894735
BASELINE,5,always_long,0.0,0,low,45,0.0007578701514478188,0.008797648309905787,0.6115661990461767,-0.02989261874818605,0.6
BASELINE,5,always_long,0.0,0,mid,83,0.0004384501894337938,0.00874570237296416,0.3559105294445987,-0.054762648657514346,0.4819277108433735
BASELINE,5,always_long,0.0,1,high,80,-0.00023317311215538105,0.012615268042012885,-0.13121916048307078,-0.17362252457504024,0.525
BASELINE,5,always_long,0.0,1,low,44,0.00045903001464230714,0.008442553267910036,0.3859957673871149,-0.034546158312366626,0.5909090909090909
BASELINE,5,always_long,0.0,1,mid,80,0.0004129932692483873,0.008793565299300777,0.3334212298555464,-0.07349130924351743,0.475
BASELINE,5,always_long,0.0,2,high,79,0.0001330987777522769,0.011123523434239177,0.08494678789906704,-0.15249546649348666,0.5189873417721519
BASELINE,5,always_long,0.0,2,low,43,0.00011389248094966372,0.00714657277321475,0.11313904307005647,-0.029151685939170502,0.5813953488372093
BASELINE,5,always_long,0.0,2,mid,82,0.0002622678669736769,0.009331103328625337,0.19953879890705847,-0.09812369158109246,0.4878048780487805
BASELINE,5,always_long,0.0,3,high,77,0.00023716735955572914,0.011964726490239991,0.14072375383323515,-0.14426398647781058,0.5324675324675324
BASELINE,5,always_long,0.0,3,low,43,0.0007032717687166328,0.008037827042444934,0.6211547281560235,-0.030303030303030165,0.6046511627906976
BASELINE,5,always_long,0.0,3,mid,83,-0.0001119743992222362,0.008583856883118558,-0.09260864739246105,-0.09549029290311306,0.5421686746987951
BASELINE,5,always_long,0.0,4,high,76,8.33643225360039e-05,0.01210964211305816,0.048872458351702536,-0.15520398941719604,0.5263157894736842
BASELINE,5,always_long,0.0,4,low,44,0.000325140063470393,0.008571012160019304,0.26931072133752554,-0.032901103154635236,0.5
BASELINE,5,always_long,0.0,4,mid,83,0.0002495475595090158,0.008414512525824005,0.21054243138181986,-0.06296943928401677,0.4819277108433735
BASELINE,5,always_short,0.0,0,high,76,0.0003764813970601184,0.012579279026482437,0.21247265225660114,-0.156036969165803,0.5789473684210527
BASELINE,5,always_short,0.0,0,low,45,-0.0007578701514478188,0.008797648309905787,-0.6115661990461767,-0.06899428125992546,0.4
BASELINE,5,always_short,0.0,0,mid,83,-0.0004384501894337938,0.00874570237296416,-0.3559105294445987,-0.06290491855037128,0.5060240963855421
BASELINE,5,always_short,0.0,1,high,80,0.00023317311215538105,0.012615268042012885,0.13121916048307078,-0.15495200542191723,0.4625
BASELINE,5,always_short,0.0,1,low,44,-0.00045903001464230714,0.008442553267910036,-0.3859957673871149,-0.054472231379944946,0.38636363636363635
BASELINE,5,always_short,0.0,1,mid,80,-0.0004129932692483873,0.008793565299300777,-0.3334212298555464,-0.0817931936398677,0.5125
BASELINE,5,always_short,0.0,2,high,79,-0.0001330987777522769,0.011123523434239177,-0.08494678789906704,-0.15734204024002796,0.46835443037974683
BASELINE,5,always_short,0.0,2,low,43,-0.00011389248094966372,0.00714657277321475,-0.11313904307005647,-0.04945030017170049,0.4186046511627907
BASELINE,5,always_short,0.0,2,mid,82,-0.0002622678669736769,0.009331103328625337,-0.19953879890705847,-0.10178459707376708,0.5
BASELINE,5,always_short,0.0,3,high,77,-0.00023716735955572914,0.011964726490239991,-0.14072375383323515,-0.1554060037191175,0.4675324675324675
BASELINE,5,always_short,0.0,3,low,43,-0.0007032717687166328,0.008037827042444934,-0.6211547281560235,-0.06545137504495935,0.3953488372093023
BASELINE,5,always_short,0.0,3,mid,83,0.0001119743992222362,0.008583856883118558,0.09260864739246105,-0.06109338341950743,0.4578313253012048
BASELINE,5,always_short,0.0,4,high,76,-8.33643225360039e-05,0.01210964211305816,-0.048872458351702536,-0.15726767275615539,0.4605263157894737
BASELINE,5,always_short,0.0,4,low,44,-0.000325140063470393,0.008571012160019304,-0.26931072133752554,-0.0538709241468216,0.5
BASELINE,5,always_short,0.0,4,mid,83,-0.0002495475595090158,0.008414512525824005,-0.21054243138181986,-0.05659804196351259,0.5180722891566265
BASELINE,5,cash,0.0,0,high,76,0.0,0.0,,0.0,0.0
BASELINE,5,cash,0.0,0,low,45,0.0,0.0,,0.0,0.0
BASELINE,5,cash,0.0,0,mid,83,0.0,0.0,,0.0,0.0
BASELINE,5,cash,0.0,1,high,80,0.0,0.0,,0.0,0.0
BASELINE,5,cash,0.0,1,low,44,0.0,0.0,,0.0,0.0
BASELINE,5,cash,0.0,1,mid,80,0.0,0.0,,0.0,0.0
BASELINE,5,cash,0.0,2,high,79,0.0,0.0,,0.0,0.0
BASELINE,5,cash,0.0,2,low,43,0.0,0.0,,0.0,0.0
BASELINE,5,cash,0.0,2,mid,82,0.0,0.0,,0.0,0.0
BASELINE,5,cash,0.0,3,high,77,0.0,0.0,,0.0,0.0
BASELINE,5,cash,0.0,3,low,43,0.0,0.0,,0.0,0.0
BASELINE,5,cash,0.0,3,mid,83,0.0,0.0,,0.0,0.0
BASELINE,5,cash,0.0,4,high,76,0.0,0.0,,0.0,0.0
BASELINE,5,cash,0.0,4,low,44,0.0,0.0,,0.0,0.0
BASELINE,5,cash,0.0,4,mid,83,0.0,0.0,,0.0,0.0
ElasticNet,5,model,0.0,0,high,76,-0.0003764813970601184,0.012579279026482437,-0.21247265225660114,-0.1762894583217388,0.42105263157894735
ElasticNet,5,model,0.0,0,low,45,0.0007578701514478188,0.008797648309905787,0.6115661990461767,-0.02989261874818605,0.6
ElasticNet,5,model,0.0,0,mid,83,0.0004384501894337938,0.00874570237296416,0.3559105294445987,-0.054762648657514346,0.4819277108433735
ElasticNet,5,model,0.0,1,high,80,-0.00023317311215538105,0.012615268042012885,-0.13121916048307078,-0.17362252457504024,0.525
ElasticNet,5,model,0.0,1,low,44,0.00045903001464230714,0.008442553267910036,0.3859957673871149,-0.034546158312366626,0.5909090909090909
ElasticNet,5,model,0.0,1,mid,80,0.0004129932692483873,0.008793565299300777,0.3334212298555464,-0.07349130924351743,0.475
ElasticNet,5,model,0.0,2,high,79,0.0001330987777522769,0.011123523434239177,0.08494678789906704,-0.15249546649348666,0.5189873417721519
ElasticNet,5,model,0.0,2,low,43,0.00011389248094966372,0.00714657277321475,0.11313904307005647,-0.029151685939170502,0.5813953488372093
ElasticNet,5,model,0.0,2,mid,82,0.0002622678669736769,0.009331103328625337,0.19953879890705847,-0.09812369158109246,0.4878048780487805
ElasticNet,5,model,0.0,3,high,77,0.00023716735955572914,0.011964726490239991,0.14072375383323515,-0.14426398647781058,0.5324675324675324
ElasticNet,5,model,0.0,3,low,43,0.0007032717687166328,0.008037827042444934,0.6211547281560235,-0.030303030303030165,0.6046511627906976
ElasticNet,5,model,0.0,3,mid,83,-0.0001119743992222362,0.008583856883118558,-0.09260864739246105,-0.09549029290311306,0.5421686746987951
ElasticNet,5,model,0.0,4,high,76,8.33643225360039e-05,0.01210964211305816,0.048872458351702536,-0.15520398941719604,0.5263157894736842
ElasticNet,5,model,0.0,4,low,44,0.000325140063470393,0.008571012160019304,0.26931072133752554,-0.032901103154635236,0.5
ElasticNet,5,model,0.0,4,mid,83,0.0002495475595090158,0.008414512525824005,0.21054243138181986,-0.06296943928401677,0.4819277108433735
ElasticNet,5,model,0.0005,0,high,76,0.0,0.0,,0.0,0.0
ElasticNet,5,model,0.0005,0,low,45,0.0,0.0,,0.0,0.0
ElasticNet,5,model,0.0005,0,mid,83,0.0,0.0,,0.0,0.0
ElasticNet,5,model,0.0005,1,high,80,0.0,0.0,,0.0,0.0
ElasticNet,5,model,0.0005,1,low,44,0.0,0.0,,0.0,0.0
ElasticNet,5,model,0.0005,1,mid,80,0.0,0.0,,0.0,0.0
ElasticNet,5,model,0.0005,2,high,79,0.0,0.0,,0.0,0.0
ElasticNet,5,model,0.0005,2,low,43,0.0,0.0,,0.0,0.0
ElasticNet,5,model,0.0005,2,mid,82,0.0,0.0,,0.0,0.0
ElasticNet,5,model,0.0005,3,high,77,0.0,0.0,,0.0,0.0
ElasticNet,5,model,0.0005,3,low,43,0.0,0.0,,0.0,0.0
ElasticNet,5,model,0.0005,3,mid,83,0.0,0.0,,0.0,0.0
ElasticNet,5,model,0.0005,4,high,76,0.0,0.0,,0.0,0.0
ElasticNet,5,model,0.0005,4,low,44,0.0,0.0,,0.0,0.0
ElasticNet,5,model,0.0005,4,mid,83,0.0,0.0,,0.0,0.0
ElasticNet,5,model,0.001,0,high,76,0.0,0.0,,0.0,0.0
ElasticNet,5,model,0.001,0,low,45,0.0,0.0,,0.0,0.0
ElasticNet,5,model,0.001,0,mid,83,0.0,0.0,,0.0,0.0
ElasticNet,5,model,0.001,1,high,80,0.0,0.0,,0.0,0.0
ElasticNet,5,model,0.001,1,low,44,0.0,0.0,,0.0,0.0
ElasticNet,5,model,0.001,1,mid,80,0.0,0.0,,0.0,0.0
ElasticNet,5,model,0.001,2,high,79,0.0,0.0,,0.0,0.0
ElasticNet,5,model,0.001,2,low,43,0.0,0.0,,0.0,0.0
ElasticNet,5,model,0.001,2,mid,82,0.0,0.0,,0.0,0.0
ElasticNet,5,model,0.001,3,high,77,0.0,0.0,,0.0,0.0
ElasticNet,5,model,0.001,3,low,43,0.0,0.0,,0.0,0.0
ElasticNet,5,model,0.001,3,mid,83,0.0,0.0,,0.0,0.0
ElasticNet,5,model,0.001,4,high,76,0.0,0.0,,0.0,0.0
ElasticNet,5,model,0.001,4,low,44,0.0,0.0,,0.0,0.0
ElasticNet,5,model,0.001,4,mid,83,0.0,0.0,,0.0,0.0
Lasso,5,model,0.0,0,high,76,-0.0003764813970601184,0.012579279026482437,-0.21247265225660114,-0.1762894583217388,0.42105263157894735
Lasso,5,model,0.0,0,low,45,0.0007578701514478188,0.008797648309905787,0.6115661990461767,-0.02989261874818605,0.6
Lasso,5,model,0.0,0,mid,83,0.0004384501894337938,0.00874570237296416,0.3559105294445987,-0.054762648657514346,0.4819277108433735
Lasso,5,model,0.0,1,high,80,-0.00023317311215538105,0.012615268042012885,-0.13121916048307078,-0.17362252457504024,0.525
Lasso,5,model,0.0,1,low,44,0.00045903001464230714,0.008442553267910036,0.3859957673871149,-0.034546158312366626,0.5909090909090909
Lasso,5,model,0.0,1,mid,80,0.0004129932692483873,0.008793565299300777,0.3334212298555464,-0.07349130924351743,0.475
Lasso,5,model,0.0,2,high,79,0.0001330987777522769,0.011123523434239177,0.08494678789906704,-0.15249546649348666,0.5189873417721519
Lasso,5,model,0.0,2,low,43,0.00011389248094966372,0.00714657277321475,0.11313904307005647,-0.029151685939170502,0.5813953488372093
Lasso,5,model,0.0,2,mid,82,0.0002622678669736769,0.009331103328625337,0.19953879890705847,-0.09812369158109246,0.4878048780487805
Lasso,5,model,0.0,3,high,77,0.00023716735955572914,0.011964726490239991,0.14072375383323515,-0.14426398647781058,0.5324675324675324
Lasso,5,model,0.0,3,low,43,0.0007032717687166328,0.008037827042444934,0.6211547281560235,-0.030303030303030165,0.6046511627906976
Lasso,5,model,0.0,3,mid,83,-0.0001119743992222362,0.008583856883118558,-0.09260864739246105,-0.09549029290311306,0.5421686746987951
Lasso,5,model,0.0,4,high,76,8.33643225360039e-05,0.01210964211305816,0.048872458351702536,-0.15520398941719604,0.5263157894736842
Lasso,5,model,0.0,4,low,44,0.000325140063470393,0.008571012160019304,0.26931072133752554,-0.032901103154635236,0.5
Lasso,5,model,0.0,4,mid,83,0.0002495475595090158,0.008414512525824005,0.21054243138181986,-0.06296943928401677,0.4819277108433735
Lasso,5,model,0.0005,0,high,76,0.0,0.0,,0.0,0.0
Lasso,5,model,0.0005,0,low,45,0.0,0.0,,0.0,0.0
Lasso,5,model,0.0005,0,mid,83,0.0,0.0,,0.0,0.0
Lasso,5,model,0.0005,1,high,80,0.0,0.0,,0.0,0.0
Lasso,5,model,0.0005,1,low,44,0.0,0.0,,0.0,0.0
Lasso,5,model,0.0005,1,mid,80,0.0,0.0,,0.0,0.0
Lasso,5,model,0.0005,2,high,79,0.0,0.0,,0.0,0.0
Lasso,5,model,0.0005,2,low,43,0.0,0.0,,0.0,0.0
Lasso,5,model,0.0005,2,mid,82,0.0,0.0,,0.0,0.0
Lasso,5,model,0.0005,3,high,77,0.0,0.0,,0.0,0.0
Lasso,5,model,0.0005,3,low,43,0.0,0.0,,0.0,0.0
Lasso,5,model,0.0005,3,mid,83,0.0,0.0,,0.0,0.0
Lasso,5,model,0.0005,4,high,76,0.0,0.0,,0.0,0.0
Lasso,5,model,0.0005,4,low,44,0.0,0.0,,0.0,0.0
Lasso,5,model,0.0005,4,mid,83,0.0,0.0,,0.0,0.0
Lasso,5,model,0.001,0,high,76,0.0,0.0,,0.0,0.0
Lasso,5,model,0.001,0,low,45,0.0,0.0,,0.0,0.0
Lasso,5,model,0.001,0,mid,83,0.0,0.0,,0.0,0.0
Lasso,5,model,0.001,1,high,80,0.0,0.0,,0.0,0.0
Lasso,5,model,0.001,1,low,44,0.0,0.0,,0.0,0.0
Lasso,5,model,0.001,1,mid,80,0.0,0.0,,0.0,0.0
Lasso,5,model,0.001,2,high,79,0.0,0.0,,0.0,0.0
Lasso,5,model,0.001,2,low,43,0.0,0.0,,0.0,0.0
Lasso,5,model,0.001,2,mid,82,0.0,0.0,,0.0,0.0
Lasso,5,model,0.001,3,high,77,0.0,0.0,,0.0,0.0
Lasso,5,model,0.001,3,low,43,0.0,0.0,,0.0,0.0
Lasso,5,model,0.001,3,mid,83,0.0,0.0,,0.0,0.0
Lasso,5,model,0.001,4,high,76,0.0,0.0,,0.0,0.0
Lasso,5,model,0.001,4,low,44,0.0,0.0,,0.0,0.0
Lasso,5,model,0.001,4,mid,83,0.0,0.0,,0.0,0.0
LightGBM,5,model,0.0,0,high,76,0.004516831570439413,0.011704697853398107,2.7396113532090665,-0.026692593247303664,0.6052631578947368
LightGBM,5,model,0.0,0,low,45,0.0016173665994801954,0.008655399392131786,1.3265897145881358,-0.03725497525854937,0.5777777777777777
LightGBM,5,model,0.0,0,mid,83,0.0002503318922926665,0.008736524401598927,0.2034195813776935,-0.05002391941361062,0.5783132530120482
LightGBM,5,model,0.0,1,high,80,0.00416044732311541,0.011862109735507548,2.4899656650374946,-0.031619855149266685,0.675
LightGBM,5,model,0.0,1,low,44,0.001023668223020284,0.008382912591695763,0.8669210581741353,-0.034546158312366626,0.5909090909090909
LightGBM,5,model,0.0,1,mid,80,-0.00017215003045661638,0.008787267481045517,-0.13908123093435568,-0.07894908907015252,0.525
LightGBM,5,model,0.0,2,high,79,0.003144478069907897,0.010645287818373947,2.0970386283786313,-0.031944934698199146,0.6075949367088608
LightGBM,5,model,0.0,2,low,43,0.0008702519330275126,0.0070478168006232215,0.8766084612299504,-0.028528187858630094,0.6744186046511628
LightGBM,5,model,0.0,2,mid,82,0.0010298445825208205,0.009250982885536463,0.7903129156896429,-0.046196948701320184,0.573170731707317
LightGBM,5,model,0.0,3,high,77,0.0018057140095368552,0.011822974128216325,1.0842701367723344,-0.0524202465447553,0.6103896103896104
LightGBM,5,model,0.0,3,low,43,0.0012721991464949816,0.00794422489344969,1.1368910248542492,-0.04466756843840047,0.6046511627906976
LightGBM,5,model,0.0,3,mid,83,0.00036486567088644684,0.008563168723941542,0.3024919146637787,-0.05561301802196317,0.46987951807228917
LightGBM,5,model,0.0,4,high,76,0.0016255124195132687,0.011995064485471326,0.9620618053941462,-0.06775481519571791,0.618421052631579
LightGBM,5,model,0.0,4,low,44,0.0021662314039821886,0.00825443177629166,1.8630861329193014,-0.020787777325556922,0.5454545454545454
LightGBM,5,model,0.0,4,mid,83,0.00010770484334152419,0.008405897288570111,0.0909633450460243,-0.04471382623144138,0.4819277108433735
LightGBM,5,model,0.0005,0,high,76,0.004445465491332379,0.01154939404219352,2.732582688614563,-0.026692593247303664,0.5526315789473685
LightGBM,5,model,0.0005,0,low,45,0.0014154143625742602,0.007397711776837912,1.3583180120132246,-0.026286559423213007,0.35555555555555557
LightGBM,5,model,0.0005,0,mid,83,0.00045165144818295214,0.007395883350941843,0.4335394502287636,-0.040858996678769355,0.4457831325301205
LightGBM,5,model,0.0005,1,high,80,0.003970664920192101,0.01126187678791865,2.5030396871340046,-0.031619855149266796,0.55
LightGBM,5,model,0.0005,1,low,44,-2.4199648903120395e-05,0.007187957472397427,-0.023901152033851694,-0.03230742709613732,0.29545454545454547
LightGBM,5,model,0.0005,1,mid,80,0.0009755264580462638,0.007417236872152197,0.9337103488757807,-0.03783794390086548,0.4625
LightGBM,5,model,0.0005,2,high,79,0.002814590228268865,0.010292350009048368,1.9414038969757985,-0.031944934698199035,0.5189873417721519
LightGBM,5,model,0.0005,2,low,43,0.00016168804987947672,0.005012641154242807,0.22899530374348595,-0.013866976437277745,0.37209302325581395
LightGBM,5,model,0.0005,2,mid,82,0.0016825241248116464,0.007233294525742025,1.6513548990354878,-0.024247932633525426,0.43902439024390244
LightGBM,5,model,0.0005,3,high,77,0.002247717001515149,0.01124140177182066,1.4195033730537363,-0.04179580270964367,0.5584415584415584
LightGBM,5,model,0.0005,3,low,43,0.002350082593026588,0.005779362005830138,2.8868119567232844,-0.015622514061003678,0.4186046511627907
LightGBM,5,model,0.0005,3,mid,83,0.00038867725320043136,0.007497906939387766,0.36801400578559673,-0.041135177295785974,0.3493975903614458
LightGBM,5,model,0.0005,4,high,76,0.0018508789919386608,0.011320218803434461,1.1607494139795234,-0.06775481519571802,0.5394736842105263
LightGBM,5,model,0.0005,4,low,44,0.0019822866487685747,0.007138063123775073,1.9715206935663847,-0.020099031488955754,0.38636363636363635
LightGBM,5,model,0.0005,4,mid,83,-0.00020443256710232774,0.006621900863555564,-0.21917079137759976,-0.04471382623144138,0.3253012048192771
LightGBM,5,model,0.001,0,high,76,0.0038381466009970687,0.011030363125995504,2.470284749616377,-0.026692593247303664,0.5
LightGBM,5,model,0.001,0,low,45,0.0015701530917889555,0.004784037510204771,2.3300363200470953,-0.013622234654420029,0.24444444444444444
LightGBM,5,model,0.001,0,mid,83,-0.00020930505184101332,0.005961868443491766,-0.24923704320560383,-0.04669145631612226,0.27710843373493976
LightGBM,5,model,0.001,1,high,80,0.0038302835340977754,0.011214664339910415,2.424710606697967,-0.031619855149266685,0.5
LightGBM,5,model,0.001,1,low,44,-0.00011368266817905885,0.006331064498813236,-0.12747728001109893,-0.03230742709613732,0.22727272727272727
LightGBM,5,model,0.001,1,mid,80,0.0010016848344363313,0.004441151078662077,1.6012193126737377,-0.02575366405114421,0.275
LightGBM,5,model,0.001,2,high,79,0.0026264655941450913,0.010156557272254904,1.835863817158833,-0.03194493469819926,0.45569620253164556
LightGBM,5,model,0.001,2,low,43,-5.80361193664629e-05,0.004278603492853663,-0.09629674160186932,-0.012200568015379165,0.20930232558139536
LightGBM,5,model,0.001,2,mid,82,0.0010783862636761549,0.005781356169233647,1.3242192287390275,-0.019586507072905213,0.3048780487804878
LightGBM,5,model,0.001,3,high,77,0.002016840492037754,0.010777254206997594,1.328552415838982,-0.04179580270964367,0.5064935064935064
LightGBM,5,model,0.001,3,low,43,0.0015778342403949955,0.005686444107065303,1.9698623058480664,-0.016487085713363214,0.20930232558139536
LightGBM,5,model,0.001,3,mid,83,-2.958846329954696e-05,0.0059866975959887506,-0.03508733288751143,-0.03402680887854337,0.20481927710843373
LightGBM,5,model,0.001,4,high,76,0.002245105202174924,0.011062479895587205,1.4407859672929673,-0.06775481519571813,0.5263157894736842
LightGBM,5,model,0.001,4,low,44,0.0011772320791361294,0.005893033177709369,1.4182032294820508,-0.02987084611542179,0.18181818181818182
LightGBM,5,model,0.001,4,mid,83,-0.0004169101550025157,0.005248540883681263,-0.5639221552903722,-0.03885128230985657,0.20481927710843373
RandomForest,5,model,0.0,0,high,76,0.003601503798749901,0.012041607678736946,2.1233161930858366,-0.03488168273444292,0.5921052631578947
RandomForest,5,model,0.0,0,low,45,0.00058039567431537,0.008804483439304869,0.4679889020660217,-0.043704301607744966,0.5333333333333333
RandomForest,5,model,0.0,0,mid,83,-0.00019292253890663613,0.008736286888842775,-0.15677302908915583,-0.056762756893516286,0.5421686746987951
RandomForest,5,model,0.0,1,high,80,0.0036322710417378773,0.012060538194959997,2.1380941642299485,-0.03917272806940675,0.65
RandomForest,5,model,0.0,1,low,44,0.0019676257568273163,0.008195987285861855,1.704340998295937,-0.027013848254339168,0.5227272727272727
RandomForest,5,model,0.0,1,mid,80,-0.0002578358114679073,0.008787693047973267,-0.20829729348858034,-0.07379436576691001,0.5375
RandomForest,5,model,0.0,2,high,79,0.0027847220642533738,0.010748277453957407,1.839324075112894,-0.03194493469819926,0.5949367088607594
RandomForest,5,model,0.0,2,low,43,0.0013189039981843062,0.006984753216382486,1.3405326208874002,-0.020682219172711958,0.627906976744186
RandomForest,5,model,0.0,2,mid,82,0.0016420899040534317,0.009161650298826964,1.272443444122247,-0.04437728467886781,0.5609756097560976
RandomForest,5,model,0.0,3,high,77,0.0020067673361884412,0.011791072526850369,1.208256057111752,-0.04485836343526528,0.6493506493506493
RandomForest,5,model,0.0,3,low,43,0.0011087215654349044,0.007970667648885139,0.9875135475167047,-0.028133550067567792,0.5581395348837209
RandomForest,5,model,0.0,3,mid,83,0.00012978172549492283,0.00857462758333536,0.10745176300020322,-0.062872115464089,0.4578313253012048
RandomForest,5,model,0.0,4,high,76,0.004188169137615323,0.011336092951733046,2.6228658712040445,-0.0276396327467473,0.6578947368421053
RandomForest,5,model,0.0,4,low,44,0.0002677004789961976,0.008560821254369319,0.2219979618297258,-0.03405069344811118,0.5227272727272727
RandomForest,5,model,0.0,4,mid,83,0.0001474252251276999,0.008390569194536162,0.12473710047678495,-0.05650164353276976,0.4819277108433735
RandomForest,5,model,0.0005,0,high,76,0.004100678435322288,0.01127106848349747,2.5828898997878973,-0.031094900098381006,0.5131578947368421
RandomForest,5,model,0.0005,0,low,45,0.0006071734522833221,0.004368771761514439,0.9866626453315918,-0.013444795835017898,0.17777777777777778
RandomForest,5,model,0.0005,0,mid,83,0.0005354579746180627,0.006435567836875085,0.5906820679013612,-0.030454818673611883,0.3373493975903614
RandomForest,5,model,0.0005,1,high,80,0.0033291095568172375,0.011735709173489884,2.013881985688642,-0.03917272806940708,0.525
RandomForest,5,model,0.0005,1,low,44,0.0006272741129377114,0.0038067848347414814,1.1698072339088388,-0.011200951672611259,0.18181818181818182
RandomForest,5,model,0.0005,1,mid,80,0.00097703364503682,0.005948941552099746,1.1659638497077385,-0.03783794390086548,0.35
RandomForest,5,model,0.0005,2,high,79,0.00281033287992216,0.01030558111248557,1.9359785754782268,-0.031944934698199146,0.4810126582278481
RandomForest,5,model,0.0005,2,low,43,0.0008314117059787699,0.005507445041504475,1.0717197425896892,-0.011576041362092448,0.23255813953488372
RandomForest,5,model,0.0005,2,mid,82,0.0011939823827834194,0.006515026477171675,1.3010590322380904,-0.022825965955377447,0.32926829268292684
RandomForest,5,model,0.0005,3,high,77,0.0020294334786349413,0.011242647392308944,1.2815085225187617,-0.04179580270964378,0.5714285714285714
RandomForest,5,model,0.0005,3,low,43,0.0006789053631656488,0.005455317461267973,0.8834957794141622,-0.015903176937517305,0.18604651162790697
RandomForest,5,model,0.0005,3,mid,83,0.0005080798901399362,0.006231211649321545,0.5788616408014888,-0.028240436838994465,0.27710843373493976
RandomForest,5,model,0.0005,4,high,76,0.003896881796651263,0.010367890822403227,2.668345646288769,-0.02763963274674741,0.5789473684210527
RandomForest,5,model,0.0005,4,low,44,0.0005278650419634818,0.005790296557066425,0.647198292285193,-0.016632303968277307,0.13636363636363635
RandomForest,5,model,0.0005,4,mid,83,0.0003217789205459398,0.005775825744111367,0.3955111911214363,-0.032664855144246774,0.2891566265060241
RandomForest,5,model,0.001,0,high,76,0.003729205787189407,0.011057896139032195,2.394192749204852,-0.031094900098381117,0.42105263157894735
RandomForest,5,model,0.001,0,low,45,0.0006248233280683133,0.002742907752997108,1.6171909486149745,-9.99950001668859e-05,0.06666666666666667
RandomForest,5,model,0.001,0,mid,83,-3.067612781098191e-05,0.003957164289961005,-0.0550340818631369,-0.031142117305138495,0.10843373493975904
RandomForest,5,model,0.001,1,high,80,0.0029324030656917065,0.011241840640595994,1.8518316756980793,-0.03917272806940708,0.4125
RandomForest,5,model,0.001,1,low,44,-0.00015734765033089773,0.0018552858508839665,-0.6020945522312858,-0.011675044915725685,0.022727272727272728
RandomForest,5,model,0.001,1,mid,80,0.0004665959605012238,0.0033786403121175254,0.9804247888348346,-0.02575366405114421,0.15
RandomForest,5,model,0.001,2,high,79,0.002502048444981555,0.010003361468255867,1.7756812969717144,-0.031944934698199146,0.379746835443038
RandomForest,5,model,0.001,2,low,43,0.0001757371722622442,0.004078821249781923,0.3058751737204501,-0.015567450473235267,0.046511627906976744
RandomForest,5,model,0.001,2,mid,82,0.00025083678567674875,0.0030790536108402503,0.5783480085083444,-0.016277074175630957,0.14634146341463414
RandomForest,5,model,0.001,3,high,77,0.0014074936436922747,0.010807090113835596,0.9245979743941002,-0.04179580270964367,0.44155844155844154
RandomForest,5,model,0.001,3,low,43,0.00014840790248868603,0.004571887668932902,0.23045001674867358,-0.014997370506330987,0.046511627906976744
RandomForest,5,model,0.001,3,mid,83,-0.0005012522680774639,0.003670837536120865,-0.9694076777496285,-0.04426126749208603,0.10843373493975904
RandomForest,5,model,0.001,4,high,76,0.002884255843145449,0.008056878241080766,2.5414539734631707,-0.02749697910340798,0.47368421052631576
RandomForest,5,model,0.001,4,low,44,0.0010312403469842158,0.003934498484447802,1.8607403792149229,-9.99950001668859e-05,0.06818181818181818
RandomForest,5,model,0.001,4,mid,83,3.688802079826988e-05,0.0036100529398124495,0.07254158685923547,-0.02103025094464761,0.12048192771084337
Ridge,5,model,0.0,0,high,76,0.002011250720877189,0.012413446950724346,1.150241647699482,-0.0772129710780014,0.5
Ridge,5,model,0.0,0,low,45,-1.1570460790827777e-05,0.008826940092013022,-0.009305843490797132,-0.07915097494475865,0.5555555555555556
Ridge,5,model,0.0,0,mid,83,-0.00014093932872521027,0.00874946903005121,-0.11435779388911793,-0.0870807194609039,0.5060240963855421
Ridge,5,model,0.0,1,high,80,0.003139033253355024,0.012204240235425445,1.825998585122446,-0.06756638331434595,0.6125
Ridge,5,model,0.0,1,low,44,9.946346498380445e-05,0.008458048535369127,0.08348504389215472,-0.06375423649100165,0.5454545454545454
Ridge,5,model,0.0,1,mid,80,-0.0010210988530842463,0.008743889986100449,-0.8290455105287072,-0.12139297739377741,0.4625
Ridge,5,model,0.0,2,high,79,0.002178810533919074,0.010907864921157527,1.4180612294808554,-0.06503706318390357,0.5949367088607594
Ridge,5,model,0.0,2,low,43,-0.000687314494858366,0.007123781662497648,-0.6849520516445357,-0.07144133659646623,0.46511627906976744
Ridge,5,model,0.0,2,mid,82,-0.0011554774817721792,0.009250068067522725,-0.8868125406004685,-0.10647595585662262,0.43902439024390244
Ridge,5,model,0.0,3,high,77,0.0036778676776193903,0.01136055608267566,2.298326784794675,-0.03833221250840613,0.6753246753246753
Ridge,5,model,0.0,3,low,43,0.0008707022849158582,0.008017094078683297,0.7710241343310306,-0.056223304411641806,0.5116279069767442
Ridge,5,model,0.0,3,mid,83,-0.001401875648786878,0.00846283961080989,-1.1760035967521798,-0.12157492971428974,0.4578313253012048
Ridge,5,model,0.0,4,high,76,0.0019889487185552382,0.01193384299263523,1.1832010168789588,-0.0785587262874633,0.6052631578947368
Ridge,5,model,0.0,4,low,44,0.0004765450799746745,0.008566395963576768,0.39493089864549497,-0.06224730013692947,0.45454545454545453
Ridge,5,model,0.0,4,mid,83,-0.0007848246272475613,0.008384446256255618,-0.6645283376333354,-0.08106907286665654,0.42168674698795183
Ridge,5,model,0.0005,0,high,76,0.002093024538137139,0.012374324056451252,1.200792877165588,-0.0772129710780014,0.5
Ridge,5,model,0.0005,0,low,45,9.940065172134676e-05,0.008695492121095407,0.08115407540635043,-0.07915097494475865,0.5111111111111111
Ridge,5,model,0.0005,0,mid,83,0.0002020906037453463,0.008000782458347998,0.17932008146399767,-0.06186877732618867,0.4457831325301205
Ridge,5,model,0.0005,1,high,80,0.003203616511421577,0.011855985217249197,1.9183071363939554,-0.052107696761998556,0.575
Ridge,5,model,0.0005,1,low,44,-0.00024301482183353626,0.008026749057352102,-0.21493559559474437,-0.059867501300154724,0.4090909090909091
Ridge,5,model,0.0005,1,mid,80,-0.0010019739893269537,0.0077255362385320854,-0.920752871271266,-0.11841845832717202,0.375
Ridge,5,model,0.0005,2,high,79,0.002056643540058367,0.01077296250992387,1.3553115689958208,-0.06503706318390357,0.569620253164557
Ridge,5,model,0.0005,2,low,43,-0.00032514318733017287,0.006924784462777171,-0.333337110637837,-0.05660701364697174,0.4186046511627907
Ridge,5,model,0.0005,2,mid,82,-0.0016690915521404633,0.007941075300126244,-1.4921624713877588,-0.13008885711979012,0.32926829268292684
Ridge,5,model,0.0005,3,high,77,0.0030081425326506867,0.010206220808235444,2.0924193065942847,-0.03833221250840613,0.6493506493506493
Ridge,5,model,0.0005,3,low,43,0.0013771827195297535,0.007308368391655785,1.3377852469418094,-0.056223304411641806,0.46511627906976744
Ridge,5,model,0.0005,3,mid,83,-0.0010461948081109845,0.008158489251403134,-0.9103703045097035,-0.09525591837225356,0.40963855421686746
Ridge,5,model,0.0005,4,high,76,0.002058120643154173,0.011599766549905535,1.2596121698580431,-0.0729043385867163,0.5526315789473685
Ridge,5,model,0.0005,4,low,44,0.000936341437049152,0.007817936691809526,0.8502709905453748,-0.04692651114351554,0.4318181818181818
Ridge,5,model,0.0005,4,mid,83,-9.76985062707977e-05,0.007612484790376038,-0.09111224632226492,-0.07183722489578304,0.3855421686746988
Ridge,5,model,0.001,0,high,76,0.0015130492943583485,0.011801423352603107,0.9101939730900805,-0.06520595968448706,0.4342105263157895
Ridge,5,model,0.001,0,low,45,-0.000544505061669849,0.008192723913282433,-0.4718336057073015,-0.07915097494475865,0.3333333333333333
Ridge,5,model,0.001,0,mid,83,-0.00036072952081147653,0.006325418633238764,-0.4048626183934852,-0.0699007792808215,0.3253012048192771
Ridge,5,model,0.001,1,high,80,0.002763630920406585,0.011611782869990832,1.6896486473325822,-0.052107696761998556,0.525
Ridge,5,model,0.001,1,low,44,-0.0002563118809143909,0.00742331719767801,-0.24512408614092543,-0.059867501300154724,0.3181818181818182
Ridge,5,model,0.001,1,mid,80,-0.001540890486317576,0.005901706575096833,-1.8535718653056301,-0.12289746724171058,0.25
Ridge,5,model,0.001,2,high,79,0.0020088688662821884,0.010616498363096957,1.343338801202631,-0.06503706318390357,0.5443037974683544
Ridge,5,model,0.001,2,low,43,0.00021317945933409897,0.00622988693809359,0.24292961372897837,-0.04048720042980958,0.3488372093023256
Ridge,5,model,0.001,2,mid,82,-0.0014096732711614572,0.0072879488782120385,-1.373182992305544,-0.11540564046055024,0.2682926829268293
Ridge,5,model,0.001,3,high,77,0.0027774897061280134,0.010006315698069115,1.970577526515023,-0.03897305941215057,0.6103896103896104
Ridge,5,model,0.001,3,low,43,0.0002866822564538767,0.006385936126203834,0.31870693374849896,-0.04627593290915755,0.27906976744186046
Ridge,5,model,0.001,3,mid,83,-0.0007773135644158158,0.007203657688895256,-0.7660523465447596,-0.07483762355975399,0.3253012048192771
Ridge,5,model,0.001,4,high,76,0.0023894136726748502,0.011399055393993886,1.4881192976556634,-0.06456209296700488,0.5394736842105263
Ridge,5,model,0.001,4,low,44,0.00033895602969193626,0.007389758311065224,0.3256329904512589,-0.05900495190361876,0.3181818181818182
Ridge,5,model,0.001,4,mid,83,-0.00028771027622183744,0.00684712049208909,-0.2983064692106847,-0.06353055755690518,0.3132530120481928
XGBoost,5,model,0.0,0,high,76,0.003788191030699942,0.011973350371789388,2.2461122083970806,-0.03488168273444281,0.5789473684210527
XGBoost,5,model,0.0,0,low,45,-0.0005849138293677343,0.008807907669270221,-0.4714486587343451,-0.039872834458754336,0.5111111111111111
XGBoost,5,model,0.0,0,mid,83,0.00011901072381872413,0.00873220736974515,0.09675587040162849,-0.047888907011799264,0.5662650602409639
XGBoost,5,model,0.0,1,high,80,0.0030955119645693944,0.012208304821573061,1.8000824212289552,-0.03917272806940697,0.6
XGBoost,5,model,0.0,1,low,44,0.00039157186060905224,0.008427867659997753,0.32984433951311465,-0.045360160135246685,0.5227272727272727
XGBoost,5,model,0.0,1,mid,80,0.0004966297637059777,0.00876565372738089,0.40222003690182595,-0.051777618720877605,0.5625
XGBoost,5,model,0.0,2,high,79,0.0024014721786961984,0.010847379615288352,1.571693976971573,-0.031944934698199146,0.569620253164557
XGBoost,5,model,0.0,2,low,43,0.00013932299662882785,0.007112079885381677,0.13907255997573997,-0.03424513092011994,0.5813953488372093
XGBoost,5,model,0.0,2,mid,82,0.0011646169509556305,0.009233624917572254,0.8954186716627338,-0.03386974846045543,0.5487804878048781
XGBoost,5,model,0.0,3,high,77,0.001249646649089432,0.01189840843760428,0.7456132623584473,-0.06153740630695037,0.5844155844155844
XGBoost,5,model,0.0,3,low,43,0.001427915989417107,0.007908087531790916,1.281877300876378,-0.04622994232908029,0.627906976744186
XGBoost,5,model,0.0,3,mid,83,-2.6292317373463967e-05,0.008568639209952142,-0.0217837315988275,-0.09056122887065776,0.4578313253012048
XGBoost,5,model,0.0,4,high,76,0.003575398753744569,0.01154571416080594,2.198461938926569,-0.06775481519571791,0.631578947368421
XGBoost,5,model,0.0,4,low,44,0.001195123529914332,0.008469021903426969,1.0018317913342683,-0.03380893729309087,0.5681818181818182
XGBoost,5,model,0.0,4,mid,83,-0.0007477014500971757,0.008369782732225413,-0.6342044816551211,-0.10002747719200844,0.4578313253012048
XGBoost,5,model,0.0005,0,high,76,0.0035476720580119013,0.01182875418586934,2.1292160384441137,-0.03488168273444292,0.5
XGBoost,5,model,0.0005,0,low,45,0.0007203867703039977,0.0036197425052359035,1.4128736289865425,-0.015320624712182207,0.17777777777777778
XGBoost,5,model,0.0005,0,mid,83,-1.0180049516027686e-05,0.004283683806648901,-0.016871269080853703,-0.02926245792505988,0.20481927710843373
XGBoost,5,model,0.0005,1,high,80,0.0028509690595557476,0.011734068390342195,1.7248810749419958,-0.03917272806940686,0.5
XGBoost,5,model,0.0005,1,low,44,0.0003745727154540045,0.0035524207424656425,0.748560678989874,-0.01120095167261137,0.1590909090909091
XGBoost,5,model,0.0005,1,mid,80,0.00021974483234524258,0.004996515237594084,0.31222431593046646,-0.029754811190296993,0.225
XGBoost,5,model,0.0005,2,high,79,0.0024924251077151115,0.01023425793376054,1.7289444005902774,-0.031944934698199146,0.45569620253164556
XGBoost,5,model,0.0005,2,low,43,-2.835214945825581e-05,0.003633398370985498,-0.05539725439087849,-0.013801025756985164,0.13953488372093023
XGBoost,5,model,0.0005,2,mid,82,0.0010069567423275476,0.004981611470563965,1.43501430272693,-0.018227006590091355,0.23170731707317074
XGBoost,5,model,0.0005,3,high,77,0.0016371338215180919,0.011252796919422478,1.0328540759847513,-0.04179580270964389,0.5064935064935064
XGBoost,5,model,0.0005,3,low,43,0.0005278096212873674,0.0036706929309170576,1.0208090587550864,-0.016388729504206112,0.16279069767441862
XGBoost,5,model,0.0005,3,mid,83,0.00010603909726957224,0.006077596690404791,0.12386522993177432,-0.03377329217841196,0.1686746987951807
XGBoost,5,model,0.0005,4,high,76,0.003112954499695612,0.01107199429170561,1.9960075877374228,-0.06775481519571813,0.5657894736842105
XGBoost,5,model,0.0005,4,low,44,0.0010227986396097,0.005569285293964509,1.3037848918677348,-0.02597426982025275,0.1590909090909091
XGBoost,5,model,0.0005,4,mid,83,-0.00044424631975730237,0.004627451265967194,-0.6815492641563046,-0.047988852043935104,0.1566265060240964
XGBoost,5,model,0.001,0,high,76,0.002489575495126099,0.0111439502361814,1.5859935060437915,-0.03488168273444281,0.3684210526315789
XGBoost,5,model,0.001,0,low,45,0.00040753050808327556,0.001970841457192489,1.4679920545018075,-0.0038425879361317916,0.1111111111111111
XGBoost,5,model,0.001,0,mid,83,4.127591244931332e-05,0.0034854773081326837,0.0840716732599918,-0.030728234107036956,0.08433734939759036
XGBoost,5,model,0.001,1,high,80,0.0025186287932285672,0.01144823294166207,1.5618559434296957,-0.03917272806940697,0.4375
XGBoost,5,model,0.001,1,low,44,1.107838644663637e-05,0.0020378640868857476,0.03859371300063629,-0.011200951672611259,0.09090909090909091
XGBoost,5,model,0.001,1,mid,80,5.436332654850373e-05,0.0015373163389854323,0.2510487417426921,-0.006921575720234663,0.0625
XGBoost,5,model,0.001,2,high,79,0.0024032023326335137,0.009905698551467789,1.722346384064062,-0.031944934698199035,0.4050632911392405
XGBoost,5,model,0.001,2,low,43,2.1731105460774403e-05,0.00339703466219224,0.045414768984874496,-0.012200568015379165,0.09302325581395349
XGBoost,5,model,0.001,2,mid,82,0.00011683307599897318,0.002295319988805322,0.361358138622557,-0.013425889958817883,0.08536585365853659
XGBoost,5,model,0.001,3,high,77,0.0015242087409076959,0.010521570499689147,1.0284404425260452,-0.04179580270964367,0.44155844155844154
XGBoost,5,model,0.001,3,low,43,0.0003496869958747116,0.0034607260234126498,0.7173441015710975,-0.016388729504206112,0.09302325581395349
XGBoost,5,model,0.001,3,mid,83,-5.5292050083844554e-05,0.003696659673702188,-0.10618630067383926,-0.03906091852595417,0.07228915662650602
XGBoost,5,model,0.001,4,high,76,0.0027276893076076305,0.010813082180275277,1.7908559981261891,-0.06775481519571802,0.4868421052631579
XGBoost,5,model,0.001,4,low,44,0.0004005447162351841,0.004575799544474985,0.6214401155245273,-0.02597426982025275,0.11363636363636363
XGBoost,5,model,0.001,4,mid,83,-4.9591867489373514e-05,0.0030996542672381893,-0.11358277512212335,-0.03345033721418056,0.07228915662650602
BASELINE,10,always_long,0.0,0,high,36,-0.0008191529614262781,0.018045525029789112,-0.22787451314750215,-0.15380958948174628,0.4166666666666667
BASELINE,10,always_long,0.0,0,low,23,0.001925948661314113,0.010892672669818287,0.8875861637942054,-0.023129251700680253,0.6521739130434783
BASELINE,10,always_long,0.0,0,mid,43,0.0006296656689001979,0.013673571172937377,0.23116832695132616,-0.07302160405800329,0.5581395348837209
BASELINE,10,always_long,0.0,1,high,39,-0.000962675328400723,0.018071530973102046,-0.2674146314450945,-0.16226501595026044,0.38461538461538464
BASELINE,10,always_long,0.0,1,low,22,0.0012422940175813905,0.012595277852135066,0.49512734434988964,-0.03454615831236674,0.5909090909090909
BASELINE,10,always_long,0.0,1,mid,41,0.0010926049422570687,0.012202792489694057,0.44947361716694084,-0.07663173358000908,0.5121951219512195
BASELINE,10,always_long,0.0,2,high,40,-0.0002486188074432901,0.01553831620854385,-0.0803212195867135,-0.1547542300085878,0.5
BASELINE,10,always_long,0.0,2,low,21,0.0009986515970426952,0.011149386143589853,0.4496383177976554,-0.029151685939170502,0.5714285714285714
BASELINE,10,always_long,0.0,2,mid,41,0.0006314930237790584,0.014004525255323745,0.22636039154425022,-0.08674658101467159,0.4878048780487805
BASELINE,10,always_long,0.0,3,high,39,0.00014943862035297456,0.01820112699744737,0.041215904955974485,-0.14312161696354553,0.48717948717948717
BASELINE,10,always_long,0.0,3,low,21,0.0022263645283083,0.01253187694769325,0.8918266017630267,-0.030303030303030054,0.6190476190476191
BASELINE,10,always_long,0.0,3,mid,42,-0.00038525347606128415,0.012632380645454286,-0.15309522055279423,-0.09024968508414899,0.5476190476190477
BASELINE,10,always_long,0.0,4,high,39,-0.000935092010492654,0.01794131111342067,-0.2616377704053168,-0.17763777017250515,0.38461538461538464
BASELINE,10,always_long,0.0,4,low,22,0.0016822683473215595,0.013600881127391733,0.6209097779435152,-0.030085403726708648,0.5454545454545454
BASELINE,10,always_long,0.0,4,mid,41,0.0008048697849682489,0.01182250062578585,0.34175631550194957,-0.06798890222248466,0.5121951219512195
BASELINE,10,always_long,0.0,5,high,40,-0.0006527211948894601,0.017155175524074074,-0.19099975915811956,-0.18255543113955064,0.475
BASELINE,10,always_long,0.0,5,low,22,0.002048184537378364,0.013165779039384104,0.7809492127720665,-0.02989261874818616,0.5909090909090909
BASELINE,10,always_long,0.0,5,mid,40,0.00039022553173831,0.011186512953395195,0.17511414241344464,-0.06218922258895021,0.425
BASELINE,10,always_long,0.0,6,high,41,-0.0003736119577132437,0.01636221445243221,-0.11462489678125877,-0.18407925216366006,0.5121951219512195
BASELINE,10,always_long,0.0,6,low,22,0.002241283715012409,0.010725069406273208,1.0490519481631624,-0.02124769574075802,0.5454545454545454
BASELINE,10,always_long,0.0,6,mid,39,-0.00012910874529673065,0.010992980556023732,-0.058957691618886546,-0.0708666732075598,0.46153846153846156
BASELINE,10,always_long,0.0,7,high,39,0.00041623934099209973,0.016107685679814663,0.12972098847771282,-0.16769537232936638,0.5128205128205128
BASELINE,10,always_long,0.0,7,low,22,0.001933947842140246,0.009359213412720621,1.0373031033065576,-0.022209402942024892,0.5909090909090909
BASELINE,10,always_long,0.0,7,mid,41,-0.0007031601375084611,0.010241678732589366,-0.34465403260513755,-0.08527748838493909,0.4878048780487805
BASELINE,10,always_long,0.0,8,high,38,-7.993595064457874e-05,0.016558928066021276,-0.024233168108709343,-0.1703316868349074,0.5526315789473685
BASELINE,10,always_long,0.0,8,low,22,0.002251906885513168,0.010492444653694722,1.0773926592534966,-0.025264169068203834,0.5909090909090909
BASELINE,10,always_long,0.0,8,mid,41,-0.00014235966505713235,0.011674916247387321,-0.06121156089872773,-0.08646180293865324,0.5121951219512195
BASELINE,10,always_long,0.0,9,high,37,-0.00027683240076573773,0.017294467671084335,-0.08035446068943923,-0.1623700314071913,0.5135135135135135
BASELINE,10,always_long,0.0,9,low,22,0.0019304671289839682,0.010762072404024383,0.9004648651619841,-0.02763335259002475,0.6363636363636364
BASELINE,10,always_long,0.0,9,mid,42,0.00019008446981878105,0.01298389395496292,0.07349231815075367,-0.07570262096926661,0.5
BASELINE,10,always_short,0.0,0,high,36,0.0008191529614262781,0.018045525029789112,0.22787451314750215,-0.1332089188926029,0.5833333333333334
BASELINE,10,always_short,0.0,0,low,23,-0.001925948661314113,0.010892672669818287,-0.8875861637942054,-0.06591098486294844,0.34782608695652173
BASELINE,10,always_short,0.0,0,mid,43,-0.0006296656689001979,0.013673571172937377,-0.23116832695132616,-0.06651529761588071,0.4418604651162791
BASELINE,10,always_short,0.0,1,high,39,0.000962675328400723,0.018071530973102046,0.2674146314450945,-0.1342849466391981,0.5897435897435898
BASELINE,10,always_short,0.0,1,low,22,-0.0012422940175813905,0.012595277852135066,-0.49512734434988964,-0.049258996766874175,0.4090909090909091
BASELINE,10,always_short,0.0,1,mid,41,-0.0010926049422570687,0.012202792489694057,-0.44947361716694084,-0.0979186561997969,0.4878048780487805
BASELINE,10,always_short,0.0,2,high,40,0.0002486188074432901,0.01553831620854385,0.0803212195867135,-0.15480616038236816,0.5
BASELINE,10,always_short,0.0,2,low,21,-0.0009986515970426952,0.011149386143589853,-0.4496383177976554,-0.04832167087678396,0.42857142857142855
BASELINE,10,always_short,0.0,2,mid,41,-0.0006314930237790584,0.014004525255323745,-0.22636039154425022,-0.095208393672926,0.5121951219512195
BASELINE,10,always_short,0.0,3,high,39,-0.00014943862035297456,0.01820112699744737,-0.041215904955974485,-0.15390064641813495,0.5128205128205128
BASELINE,10,always_short,0.0,3,low,21,-0.0022263645283083,0.01253187694769325,-0.8918266017630267,-0.07062471208098353,0.38095238095238093
BASELINE,10,always_short,0.0,3,mid,42,0.00038525347606128415,0.012632380645454286,0.15309522055279423,-0.060648138200723345,0.4523809523809524
BASELINE,10,always_short,0.0,4,high,39,0.000935092010492654,0.01794131111342067,0.2616377704053168,-0.15116176340666077,0.6153846153846154
BASELINE,10,always_short,0.0,4,low,22,-0.0016822683473215595,0.013600881127391733,-0.6209097779435152,-0.07510958269580281,0.45454545454545453
BASELINE,10,always_short,0.0,4,mid,41,-0.0008048697849682489,0.01182250062578585,-0.34175631550194957,-0.07621144965171023,0.4878048780487805
BASELINE,10,always_short,0.0,5,high,40,0.0006527211948894601,0.017155175524074074,0.19099975915811956,-0.15539000876424136,0.525
BASELINE,10,always_short,0.0,5,low,22,-0.002048184537378364,0.013165779039384104,-0.7809492127720665,-0.07913861795903487,0.36363636363636365
BASELINE,10,always_short,0.0,5,mid,40,-0.00039022553173831,0.011186512953395195,-0.17511414241344464,-0.06508050922644693,0.575
BASELINE,10,always_short,0.0,6,high,41,0.0003736119577132437,0.01636221445243221,0.11462489678125877,-0.1610726491981418,0.4878048780487805
BASELINE,10,always_short,0.0,6,low,22,-0.002241283715012409,0.010725069406273208,-1.0490519481631624,-0.07077193294773043,0.45454545454545453
BASELINE,10,always_short,0.0,6,mid,39,0.00012910874529673065,0.010992980556023732,0.058957691618886546,-0.06628188661035872,0.5128205128205128
BASELINE,10,always_short,0.0,7,high,39,-0.00041623934099209973,0.016107685679814663,-0.12972098847771282,-0.15716554888810386,0.48717948717948717
BASELINE,10,always_short,0.0,7,low,22,-0.001933947842140246,0.009359213412720621,-1.0373031033065576,-0.06469692826606543,0.4090909090909091
BASELINE,10,always_short,0.0,7,mid,41,0.0007031601375084611,0.010241678732589366,0.34465403260513755,-0.05983007803714668,0.5121951219512195
BASELINE,10,always_short,0.0,8,high,38,7.993595064457874e-05,0.016558928066021276,0.024233168108709343,-0.1511213955144176,0.4473684210526316
BASELINE,10,always_short,0.0,8,low,22,-0.002251906885513168,0.010492444653694722,-1.0773926592534966,-0.07182907870602195,0.4090909090909091
BASELINE,10,always_short,0.0,8,mid,41,0.00014235966505713235,0.011674916247387321,0.06121156089872773,-0.06968310376604214,0.4878048780487805
BASELINE,10,always_short,0.0,9,high,37,0.00027683240076573773,0.017294467671084335,0.08035446068943923,-0.1572676727561556,0.4864864864864865
BASELINE,10,always_short,0.0,9,low,22,-0.0019304671289839682,0.010762072404024383,-0.9004648651619841,-0.06003715096158857,0.36363636363636365
BASELINE,10,always_short,0.0,9,mid,42,-0.00019008446981878105,0.01298389395496292,-0.07349231815075367,-0.0675621837852689,0.5
BASELINE,10,cash,0.0,0,high,36,0.0,0.0,,0.0,0.0
BASELINE,10,cash,0.0,0,low,23,0.0,0.0,,0.0,0.0
BASELINE,10,cash,0.0,0,mid,43,0.0,0.0,,0.0,0.0
BASELINE,10,cash,0.0,1,high,39,0.0,0.0,,0.0,0.0
BASELINE,10,cash,0.0,1,low,22,0.0,0.0,,0.0,0.0
BASELINE,10,cash,0.0,1,mid,41,0.0,0.0,,0.0,0.0
BASELINE,10,cash,0.0,2,high,40,0.0,0.0,,0.0,0.0
BASELINE,10,cash,0.0,2,low,21,0.0,0.0,,0.0,0.0
BASELINE,10,cash,0.0,2,mid,41,0.0,0.0,,0.0,0.0
BASELINE,10,cash,0.0,3,high,39,0.0,0.0,,0.0,0.0
BASELINE,10,cash,0.0,3,low,21,0.0,0.0,,0.0,0.0
BASELINE,10,cash,0.0,3,mid,42,0.0,0.0,,0.0,0.0
BASELINE,10,cash,0.0,4,high,39,0.0,0.0,,0.0,0.0
BASELINE,10,cash,0.0,4,low,22,0.0,0.0,,0.0,0.0
BASELINE,10,cash,0.0,4,mid,41,0.0,0.0,,0.0,0.0
BASELINE,10,cash,0.0,5,high,40,0.0,0.0,,0.0,0.0
BASELINE,10,cash,0.0,5,low,22,0.0,0.0,,0.0,0.0
BASELINE,10,cash,0.0,5,mid,40,0.0,0.0,,0.0,0.0
BASELINE,10,cash,0.0,6,high,41,0.0,0.0,,0.0,0.0
BASELINE,10,cash,0.0,6,low,22,0.0,0.0,,0.0,0.0
BASELINE,10,cash,0.0,6,mid,39,0.0,0.0,,0.0,0.0
BASELINE,10,cash,0.0,7,high,39,0.0,0.0,,0.0,0.0
BASELINE,10,cash,0.0,7,low,22,0.0,0.0,,0.0,0.0
BASELINE,10,cash,0.0,7,mid,41,0.0,0.0,,0.0,0.0
BASELINE,10,cash,0.0,8,high,38,0.0,0.0,,0.0,0.0
BASELINE,10,cash,0.0,8,low,22,0.0,0.0,,0.0,0.0
BASELINE,10,cash,0.0,8,mid,41,0.0,0.0,,0.0,0.0
BASELINE,10,cash,0.0,9,high,37,0.0,0.0,,0.0,0.0
BASELINE,10,cash,0.0,9,low,22,0.0,0.0,,0.0,0.0
BASELINE,10,cash,0.0,9,mid,42,0.0,0.0,,0.0,0.0
ElasticNet,10,model,0.0,0,high,36,-0.0008191529614262781,0.018045525029789112,-0.22787451314750215,-0.15380958948174628,0.4166666666666667
ElasticNet,10,model,0.0,0,low,23,0.001925948661314113,0.010892672669818287,0.8875861637942054,-0.023129251700680253,0.6521739130434783
ElasticNet,10,model,0.0,0,mid,43,0.0006296656689001979,0.013673571172937377,0.23116832695132616,-0.07302160405800329,0.5581395348837209
ElasticNet,10,model,0.0,1,high,39,-0.000962675328400723,0.018071530973102046,-0.2674146314450945,-0.16226501595026044,0.38461538461538464
ElasticNet,10,model,0.0,1,low,22,0.0012422940175813905,0.012595277852135066,0.49512734434988964,-0.03454615831236674,0.5909090909090909
ElasticNet,10,model,0.0,1,mid,41,0.0010926049422570687,0.012202792489694057,0.44947361716694084,-0.07663173358000908,0.5121951219512195
ElasticNet,10,model,0.0,2,high,40,-0.0002486188074432901,0.01553831620854385,-0.0803212195867135,-0.1547542300085878,0.5
ElasticNet,10,model,0.0,2,low,21,0.0009986515970426952,0.011149386143589853,0.4496383177976554,-0.029151685939170502,0.5714285714285714
ElasticNet,10,model,0.0,2,mid,41,0.0006314930237790584,0.014004525255323745,0.22636039154425022,-0.08674658101467159,0.4878048780487805
ElasticNet,10,model,0.0,3,high,39,0.00014943862035297456,0.01820112699744737,0.041215904955974485,-0.14312161696354553,0.48717948717948717
ElasticNet,10,model,0.0,3,low,21,0.0022263645283083,0.01253187694769325,0.8918266017630267,-0.030303030303030054,0.6190476190476191
ElasticNet,10,model,0.0,3,mid,42,-0.00038525347606128415,0.012632380645454286,-0.15309522055279423,-0.09024968508414899,0.5476190476190477
ElasticNet,10,model,0.0,4,high,39,-0.000935092010492654,0.01794131111342067,-0.2616377704053168,-0.17763777017250515,0.38461538461538464
ElasticNet,10,model,0.0,4,low,22,0.0016822683473215595,0.013600881127391733,0.6209097779435152,-0.030085403726708648,0.5454545454545454
ElasticNet,10,model,0.0,4,mid,41,0.0008048697849682489,0.01182250062578585,0.34175631550194957,-0.06798890222248466,0.5121951219512195
ElasticNet,10,model,0.0,5,high,40,-0.0006527211948894601,0.017155175524074074,-0.19099975915811956,-0.18255543113955064,0.475
ElasticNet,10,model,0.0,5,low,22,0.002048184537378364,0.013165779039384104,0.7809492127720665,-0.02989261874818616,0.5909090909090909
ElasticNet,10,model,0.0,5,mid,40,0.00039022553173831,0.011186512953395195,0.17511414241344464,-0.06218922258895021,0.425
ElasticNet,10,model,0.0,6,high,41,-0.0003736119577132437,0.01636221445243221,-0.11462489678125877,-0.18407925216366006,0.5121951219512195
ElasticNet,10,model,0.0,6,low,22,0.002241283715012409,0.010725069406273208,1.0490519481631624,-0.02124769574075802,0.5454545454545454
ElasticNet,10,model,0.0,6,mid,39,-0.00012910874529673065,0.010992980556023732,-0.058957691618886546,-0.0708666732075598,0.46153846153846156
ElasticNet,10,model,0.0,7,high,39,0.00041623934099209973,0.016107685679814663,0.12972098847771282,-0.16769537232936638,0.5128205128205128
ElasticNet,10,model,0.0,7,low,22,0.001933947842140246,0.009359213412720621,1.0373031033065576,-0.022209402942024892,0.5909090909090909
ElasticNet,10,model,0.0,7,mid,41,-0.0007031601375084611,0.010241678732589366,-0.34465403260513755,-0.08527748838493909,0.4878048780487805
ElasticNet,10,model,0.0,8,high,38,-7.993595064457874e-05,0.016558928066021276,-0.024233168108709343,-0.1703316868349074,0.5526315789473685
ElasticNet,10,model,0.0,8,low,22,0.002251906885513168,0.010492444653694722,1.0773926592534966,-0.025264169068203834,0.5909090909090909
ElasticNet,10,model,0.0,8,mid,41,-0.00014235966505713235,0.011674916247387321,-0.06121156089872773,-0.08646180293865324,0.5121951219512195
ElasticNet,10,model,0.0,9,high,37,-0.00027683240076573773,0.017294467671084335,-0.08035446068943923,-0.1623700314071913,0.5135135135135135
ElasticNet,10,model,0.0,9,low,22,0.0019304671289839682,0.010762072404024383,0.9004648651619841,-0.02763335259002475,0.6363636363636364
ElasticNet,10,model,0.0,9,mid,42,0.00019008446981878105,0.01298389395496292,0.07349231815075367,-0.07570262096926661,0.5
ElasticNet,10,model,0.0005,0,high,36,0.00044388003821154456,0.0031453469245842397,0.7084306312514769,-0.004651485562019331,0.05555555555555555
ElasticNet,10,model,0.0005,0,low,23,0.0,0.0,,0.0,0.0
ElasticNet,10,model,0.0005,0,mid,43,0.0,0.0,,0.0,0.0
ElasticNet,10,model,0.0005,1,high,39,0.0002886555361614487,0.0031466760366921556,0.4604984035113859,-0.005896258295002621,0.02564102564102564
ElasticNet,10,model,0.0005,1,low,22,0.0,0.0,,0.0,0.0
ElasticNet,10,model,0.0005,1,mid,41,0.0,0.0,,0.0,0.0
ElasticNet,10,model,0.0005,2,high,40,0.00015491765867184747,0.0036346982563269263,0.2139601198355871,-0.014525884610271711,0.05
ElasticNet,10,model,0.0005,2,low,21,0.0,0.0,,0.0,0.0
ElasticNet,10,model,0.0005,2,mid,41,0.0,0.0,,0.0,0.0
ElasticNet,10,model,0.0005,3,high,39,0.0003561477956974898,0.0015408732648346524,1.1602821503829104,-9.999500016677487e-05,0.07692307692307693
ElasticNet,10,model,0.0005,3,low,21,0.0,0.0,,0.0,0.0
ElasticNet,10,model,0.0005,3,mid,42,0.0,0.0,,0.0,0.0
ElasticNet,10,model,0.0005,4,high,39,-0.0005338278769932051,0.002007326183389104,-1.335007083828353,-0.02060406204212173,0.0
ElasticNet,10,model,0.0005,4,low,22,0.0,0.0,,0.0,0.0
ElasticNet,10,model,0.0005,4,mid,41,0.0,0.0,,0.0,0.0
ElasticNet,10,model,0.0005,5,high,40,-0.0008926144148405674,0.003317216713819584,-1.3507977279156294,-0.03507468709681638,0.0
ElasticNet,10,model,0.0005,5,low,22,0.0,0.0,,0.0,0.0
ElasticNet,10,model,0.0005,5,mid,40,0.0,0.0,,0.0,0.0
ElasticNet,10,model,0.0005,6,high,41,-4.4887571125397544e-05,0.007199456520979924,-0.03129872623527998,-0.039268805992623834,0.024390243902439025
ElasticNet,10,model,0.0005,6,low,22,0.0,0.0,,0.0,0.0
ElasticNet,10,model,0.0005,6,mid,39,0.0,0.0,,0.0,0.0
ElasticNet,10,model,0.0005,7,high,39,4.2230078277486464e-06,0.0068621610358833894,0.0030893083004685977,-0.0320417353646153,0.05128205128205128
ElasticNet,10,model,0.0005,7,low,22,0.0,0.0,,0.0,0.0
ElasticNet,10,model,0.0005,7,mid,41,0.0,0.0,,0.0,0.0
ElasticNet,10,model,0.0005,8,high,38,-0.0003747407380861236,0.005760959037453392,-0.3265400019325221,-0.03703115396019996,0.05263157894736842
ElasticNet,10,model,0.0005,8,low,22,0.0,0.0,,0.0,0.0
ElasticNet,10,model,0.0005,8,mid,41,0.0,0.0,,0.0,0.0
ElasticNet,10,model,0.0005,9,high,37,0.00023727689047754863,0.005477038677142758,0.2174752831065623,-0.022690622595256338,0.05405405405405406
ElasticNet,10,model,0.0005,9,low,22,0.0,0.0,,0.0,0.0
ElasticNet,10,model,0.0005,9,mid,42,0.0,0.0,,0.0,0.0
ElasticNet,10,model,0.001,0,high,36,0.0,0.0,,0.0,0.0
ElasticNet,10,model,0.001,0,low,23,0.0,0.0,,0.0,0.0
ElasticNet,10,model,0.001,0,mid,43,0.0,0.0,,0.0,0.0
ElasticNet,10,model,0.001,1,high,39,0.0,0.0,,0.0,0.0
ElasticNet,10,model,0.001,1,low,22,0.0,0.0,,0.0,0.0
ElasticNet,10,model,0.001,1,mid,41,0.0,0.0,,0.0,0.0
ElasticNet,10,model,0.001,2,high,40,0.0,0.0,,0.0,0.0
ElasticNet,10,model,0.001,2,low,21,0.0,0.0,,0.0,0.0
ElasticNet,10,model,0.001,2,mid,41,0.0,0.0,,0.0,0.0
ElasticNet,10,model,0.001,3,high,39,0.0,0.0,,0.0,0.0
ElasticNet,10,model,0.001,3,low,21,0.0,0.0,,0.0,0.0
ElasticNet,10,model,0.001,3,mid,42,0.0,0.0,,0.0,0.0
ElasticNet,10,model,0.001,4,high,39,0.0,0.0,,0.0,0.0
ElasticNet,10,model,0.001,4,low,22,0.0,0.0,,0.0,0.0
ElasticNet,10,model,0.001,4,mid,41,0.0,0.0,,0.0,0.0
ElasticNet,10,model,0.001,5,high,40,0.0,0.0,,0.0,0.0
ElasticNet,10,model,0.001,5,low,22,0.0,0.0,,0.0,0.0
ElasticNet,10,model,0.001,5,mid,40,0.0,0.0,,0.0,0.0
ElasticNet,10,model,0.001,6,high,41,0.0,0.0,,0.0,0.0
ElasticNet,10,model,0.001,6,low,22,0.0,0.0,,0.0,0.0
ElasticNet,10,model,0.001,6,mid,39,0.0,0.0,,0.0,0.0
ElasticNet,10,model,0.001,7,high,39,0.0,0.0,,0.0,0.0
ElasticNet,10,model,0.001,7,low,22,0.0,0.0,,0.0,0.0
ElasticNet,10,model,0.001,7,mid,41,0.0,0.0,,0.0,0.0
ElasticNet,10,model,0.001,8,high,38,0.0,0.0,,0.0,0.0
ElasticNet,10,model,0.001,8,low,22,0.0,0.0,,0.0,0.0
ElasticNet,10,model,0.001,8,mid,41,0.0,0.0,,0.0,0.0
ElasticNet,10,model,0.001,9,high,37,0.0,0.0,,0.0,0.0
ElasticNet,10,model,0.001,9,low,22,0.0,0.0,,0.0,0.0
ElasticNet,10,model,0.001,9,mid,42,0.0,0.0,,0.0,0.0
Lasso,10,model,0.0,0,high,36,-0.0008191529614262781,0.018045525029789112,-0.22787451314750215,-0.15380958948174628,0.4166666666666667
Lasso,10,model,0.0,0,low,23,0.001925948661314113,0.010892672669818287,0.8875861637942054,-0.023129251700680253,0.6521739130434783
Lasso,10,model,0.0,0,mid,43,0.0006296656689001979,0.013673571172937377,0.23116832695132616,-0.07302160405800329,0.5581395348837209
Lasso,10,model,0.0,1,high,39,-0.000962675328400723,0.018071530973102046,-0.2674146314450945,-0.16226501595026044,0.38461538461538464
Lasso,10,model,0.0,1,low,22,0.0012422940175813905,0.012595277852135066,0.49512734434988964,-0.03454615831236674,0.5909090909090909
Lasso,10,model,0.0,1,mid,41,0.0010926049422570687,0.012202792489694057,0.44947361716694084,-0.07663173358000908,0.5121951219512195
Lasso,10,model,0.0,2,high,40,-0.0002486188074432901,0.01553831620854385,-0.0803212195867135,-0.1547542300085878,0.5
Lasso,10,model,0.0,2,low,21,0.0009986515970426952,0.011149386143589853,0.4496383177976554,-0.029151685939170502,0.5714285714285714
Lasso,10,model,0.0,2,mid,41,0.0006314930237790584,0.014004525255323745,0.22636039154425022,-0.08674658101467159,0.4878048780487805
Lasso,10,model,0.0,3,high,39,0.00014943862035297456,0.01820112699744737,0.041215904955974485,-0.14312161696354553,0.48717948717948717
Lasso,10,model,0.0,3,low,21,0.0022263645283083,0.01253187694769325,0.8918266017630267,-0.030303030303030054,0.6190476190476191
Lasso,10,model,0.0,3,mid,42,-0.00038525347606128415,0.012632380645454286,-0.15309522055279423,-0.09024968508414899,0.5476190476190477
Lasso,10,model,0.0,4,high,39,-0.000935092010492654,0.01794131111342067,-0.2616377704053168,-0.17763777017250515,0.38461538461538464
Lasso,10,model,0.0,4,low,22,0.0016822683473215595,0.013600881127391733,0.6209097779435152,-0.030085403726708648,0.5454545454545454
Lasso,10,model,0.0,4,mid,41,0.0008048697849682489,0.01182250062578585,0.34175631550194957,-0.06798890222248466,0.5121951219512195
Lasso,10,model,0.0,5,high,40,-0.0006527211948894601,0.017155175524074074,-0.19099975915811956,-0.18255543113955064,0.475
Lasso,10,model,0.0,5,low,22,0.002048184537378364,0.013165779039384104,0.7809492127720665,-0.02989261874818616,0.5909090909090909
Lasso,10,model,0.0,5,mid,40,0.00039022553173831,0.011186512953395195,0.17511414241344464,-0.06218922258895021,0.425
Lasso,10,model,0.0,6,high,41,-0.0003736119577132437,0.01636221445243221,-0.11462489678125877,-0.18407925216366006,0.5121951219512195
Lasso,10,model,0.0,6,low,22,0.002241283715012409,0.010725069406273208,1.0490519481631624,-0.02124769574075802,0.5454545454545454
Lasso,10,model,0.0,6,mid,39,-0.00012910874529673065,0.010992980556023732,-0.058957691618886546,-0.0708666732075598,0.46153846153846156
Lasso,10,model,0.0,7,high,39,0.00041623934099209973,0.016107685679814663,0.12972098847771282,-0.16769537232936638,0.5128205128205128
Lasso,10,model,0.0,7,low,22,0.001933947842140246,0.009359213412720621,1.0373031033065576,-0.022209402942024892,0.5909090909090909
Lasso,10,model,0.0,7,mid,41,-0.0007031601375084611,0.010241678732589366,-0.34465403260513755,-0.08527748838493909,0.4878048780487805
Lasso,10,model,0.0,8,high,38,-7.993595064457874e-05,0.016558928066021276,-0.024233168108709343,-0.1703316868349074,0.5526315789473685
Lasso,10,model,0.0,8,low,22,0.002251906885513168,0.010492444653694722,1.0773926592534966,-0.025264169068203834,0.5909090909090909
Lasso,10,model,0.0,8,mid,41,-0.00014235966505713235,0.011674916247387321,-0.06121156089872773,-0.08646180293865324,0.5121951219512195
Lasso,10,model,0.0,9,high,37,-0.00027683240076573773,0.017294467671084335,-0.08035446068943923,-0.1623700314071913,0.5135135135135135
Lasso,10,model,0.0,9,low,22,0.0019304671289839682,0.010762072404024383,0.9004648651619841,-0.02763335259002475,0.6363636363636364
Lasso,10,model,0.0,9,mid,42,0.00019008446981878105,0.01298389395496292,0.07349231815075367,-0.07570262096926661,0.5
Lasso,10,model,0.0005,0,high,36,0.00044388003821154456,0.0031453469245842397,0.7084306312514769,-0.004651485562019331,0.05555555555555555
Lasso,10,model,0.0005,0,low,23,0.0,0.0,,0.0,0.0
Lasso,10,model,0.0005,0,mid,43,0.0,0.0,,0.0,0.0
Lasso,10,model,0.0005,1,high,39,0.0002886555361614487,0.0031466760366921556,0.4604984035113859,-0.005896258295002621,0.02564102564102564
Lasso,10,model,0.0005,1,low,22,0.0,0.0,,0.0,0.0
Lasso,10,model,0.0005,1,mid,41,0.0,0.0,,0.0,0.0
Lasso,10,model,0.0005,2,high,40,0.00015491765867184747,0.0036346982563269263,0.2139601198355871,-0.014525884610271711,0.05
Lasso,10,model,0.0005,2,low,21,0.0,0.0,,0.0,0.0
Lasso,10,model,0.0005,2,mid,41,0.0,0.0,,0.0,0.0
Lasso,10,model,0.0005,3,high,39,0.0003561477956974898,0.0015408732648346524,1.1602821503829104,-9.999500016677487e-05,0.07692307692307693
Lasso,10,model,0.0005,3,low,21,0.0,0.0,,0.0,0.0
Lasso,10,model,0.0005,3,mid,42,0.0,0.0,,0.0,0.0
Lasso,10,model,0.0005,4,high,39,-0.0005338278769932051,0.002007326183389104,-1.335007083828353,-0.02060406204212173,0.0
Lasso,10,model,0.0005,4,low,22,0.0,0.0,,0.0,0.0
Lasso,10,model,0.0005,4,mid,41,0.0,0.0,,0.0,0.0
Lasso,10,model,0.0005,5,high,40,-0.0008926144148405674,0.003317216713819584,-1.3507977279156294,-0.03507468709681638,0.0
Lasso,10,model,0.0005,5,low,22,0.0,0.0,,0.0,0.0
Lasso,10,model,0.0005,5,mid,40,0.0,0.0,,0.0,0.0
Lasso,10,model,0.0005,6,high,41,-4.4887571125397544e-05,0.007199456520979924,-0.03129872623527998,-0.039268805992623834,0.024390243902439025
Lasso,10,model,0.0005,6,low,22,0.0,0.0,,0.0,0.0
Lasso,10,model,0.0005,6,mid,39,0.0,0.0,,0.0,0.0
Lasso,10,model,0.0005,7,high,39,4.2230078277486464e-06,0.0068621610358833894,0.0030893083004685977,-0.0320417353646153,0.05128205128205128
Lasso,10,model,0.0005,7,low,22,0.0,0.0,,0.0,0.0
Lasso,10,model,0.0005,7,mid,41,0.0,0.0,,0.0,0.0
Lasso,10,model,0.0005,8,high,38,-0.0003747407380861236,0.005760959037453392,-0.3265400019325221,-0.03703115396019996,0.05263157894736842
Lasso,10,model,0.0005,8,low,22,0.0,0.0,,0.0,0.0
Lasso,10,model,0.0005,8,mid,41,0.0,0.0,,0.0,0.0
Lasso,10,model,0.0005,9,high,37,0.00023727689047754863,0.005477038677142758,0.2174752831065623,-0.022690622595256338,0.05405405405405406
Lasso,10,model,0.0005,9,low,22,0.0,0.0,,0.0,0.0
Lasso,10,model,0.0005,9,mid,42,0.0,0.0,,0.0,0.0
Lasso,10,model,0.001,0,high,36,0.0,0.0,,0.0,0.0
Lasso,10,model,0.001,0,low,23,0.0,0.0,,0.0,0.0
Lasso,10,model,0.001,0,mid,43,0.0,0.0,,0.0,0.0
Lasso,10,model,0.001,1,high,39,0.0,0.0,,0.0,0.0
Lasso,10,model,0.001,1,low,22,0.0,0.0,,0.0,0.0
Lasso,10,model,0.001,1,mid,41,0.0,0.0,,0.0,0.0
Lasso,10,model,0.001,2,high,40,0.0,0.0,,0.0,0.0
Lasso,10,model,0.001,2,low,21,0.0,0.0,,0.0,0.0
Lasso,10,model,0.001,2,mid,41,0.0,0.0,,0.0,0.0
Lasso,10,model,0.001,3,high,39,0.0,0.0,,0.0,0.0
Lasso,10,model,0.001,3,low,21,0.0,0.0,,0.0,0.0
Lasso,10,model,0.001,3,mid,42,0.0,0.0,,0.0,0.0
Lasso,10,model,0.001,4,high,39,0.0,0.0,,0.0,0.0
Lasso,10,model,0.001,4,low,22,0.0,0.0,,0.0,0.0
Lasso,10,model,0.001,4,mid,41,0.0,0.0,,0.0,0.0
Lasso,10,model,0.001,5,high,40,0.0,0.0,,0.0,0.0
Lasso,10,model,0.001,5,low,22,0.0,0.0,,0.0,0.0
Lasso,10,model,0.001,5,mid,40,0.0,0.0,,0.0,0.0
Lasso,10,model,0.001,6,high,41,0.0,0.0,,0.0,0.0
Lasso,10,model,0.001,6,low,22,0.0,0.0,,0.0,0.0
Lasso,10,model,0.001,6,mid,39,0.0,0.0,,0.0,0.0
Lasso,10,model,0.001,7,high,39,0.0,0.0,,0.0,0.0
Lasso,10,model,0.001,7,low,22,0.0,0.0,,0.0,0.0
Lasso,10,model,0.001,7,mid,41,0.0,0.0,,0.0,0.0
Lasso,10,model,0.001,8,high,38,0.0,0.0,,0.0,0.0
Lasso,10,model,0.001,8,low,22,0.0,0.0,,0.0,0.0
Lasso,10,model,0.001,8,mid,41,0.0,0.0,,0.0,0.0
Lasso,10,model,0.001,9,high,37,0.0,0.0,,0.0,0.0
Lasso,10,model,0.001,9,low,22,0.0,0.0,,0.0,0.0
Lasso,10,model,0.001,9,mid,42,0.0,0.0,,0.0,0.0
LightGBM,10,model,0.0,0,high,36,0.006768888353247541,0.01667589813255419,2.037644364657747,-0.048387380565518834,0.5833333333333334
LightGBM,10,model,0.0,0,low,23,0.0042865709640783735,0.010084008598472256,2.133914826543894,-0.022445364113418464,0.6956521739130435
LightGBM,10,model,0.0,0,mid,43,0.0009411044577207953,0.013619728774551669,0.3468723174748844,-0.08904968216102727,0.5116279069767442
LightGBM,10,model,0.0,1,high,39,0.006999620973440865,0.016609452601627713,2.1155313940184612,-0.05502133982553037,0.5641025641025641
LightGBM,10,model,0.0,1,low,22,0.005555069122185833,0.011229024999764166,2.4834057877318294,-0.0291186544663401,0.8181818181818182
LightGBM,10,model,0.0,1,mid,41,0.0031416407469552683,0.01179345843137565,1.3372592506275673,-0.04588074053084601,0.6097560975609756
LightGBM,10,model,0.0,2,high,40,0.0067292924897405515,0.013945123930283805,2.422408030721877,-0.03760118371435195,0.7
LightGBM,10,model,0.0,2,low,21,0.003806389641481505,0.010422347163245584,1.8333609552011267,-0.029798434669535134,0.7619047619047619
LightGBM,10,model,0.0,2,mid,41,0.003386411367162961,0.01356038809498335,1.2536256356943167,-0.0347373481340868,0.6585365853658537
LightGBM,10,model,0.0,3,high,39,0.008942162418094717,0.01576923456508765,2.846637792766026,-0.03178551686014308,0.7435897435897436
LightGBM,10,model,0.0,3,low,21,0.0067431161286446335,0.010662792653677396,3.174606823383248,-0.024435747723551615,0.7142857142857143
LightGBM,10,model,0.0,3,mid,42,0.0027283540149217293,0.012287027184447475,1.114690172774163,-0.038833986862762626,0.5952380952380952
LightGBM,10,model,0.0,4,high,39,0.008567479210488215,0.01569014232834271,2.741109889345795,-0.02248750694058843,0.6410256410256411
LightGBM,10,model,0.0,4,low,22,0.004249471482433532,0.012958634319022487,1.6461748216922425,-0.040613051198783,0.6363636363636364
LightGBM,10,model,0.0,4,mid,41,0.0014819499860569197,0.011716024182692533,0.6349705131992697,-0.03479903345990554,0.5609756097560976
LightGBM,10,model,0.0,5,high,40,0.007759462512551124,0.015240932323368837,2.5557618027160944,-0.03488168273444303,0.725
LightGBM,10,model,0.0,5,low,22,0.007642350576008672,0.010677505458472203,3.593001714065723,-0.013232514177693222,0.6818181818181818
LightGBM,10,model,0.0,5,mid,40,0.002036231180122457,0.010950989823064413,0.9334132863146282,-0.03127067742248946,0.65
LightGBM,10,model,0.0,6,high,41,0.007575332648677247,0.014424958402424191,2.636254956734554,-0.019822940723633664,0.6585365853658537
LightGBM,10,model,0.0,6,low,22,0.0038253844755427053,0.01018084845294471,1.8862158443493229,-0.01935260497924063,0.5909090909090909
LightGBM,10,model,0.0,6,mid,39,0.0008678877815489513,0.010936670233227176,0.39836275512811975,-0.04951972494524437,0.48717948717948717
LightGBM,10,model,0.0,7,high,39,0.007874200112432872,0.013960509023787664,2.8314276207739413,-0.03642861110456297,0.7692307692307693
LightGBM,10,model,0.0,7,low,22,0.004159347034389668,0.00850705981691745,2.454403383812946,-0.011645887499886598,0.6818181818181818
LightGBM,10,model,0.0,7,mid,41,0.002862818385952344,0.009818670580887683,1.4636639575720947,-0.0180450644106267,0.5365853658536586
LightGBM,10,model,0.0,8,high,38,0.006567759387240929,0.015140379894284982,2.177613156961512,-0.04620126222608245,0.7368421052631579
LightGBM,10,model,0.0,8,low,22,0.0059734547164823106,0.008733067447459587,3.433673777279263,-0.015652993870815868,0.7727272727272727
LightGBM,10,model,0.0,8,mid,41,0.003816669427324376,0.010956989199211524,1.7486125173328437,-0.029938920596775498,0.5853658536585366
LightGBM,10,model,0.0,9,high,37,0.007234422716022675,0.015641029822360136,2.321874852342527,-0.04488547110592789,0.7567567567567568
LightGBM,10,model,0.0,9,low,22,0.005020041727734619,0.009575520934412307,2.6317533681334218,-0.015159832358573433,0.7272727272727273
LightGBM,10,model,0.0,9,mid,42,-0.00037568540298679026,0.012966695895069744,-0.14544381781217158,-0.07232918914291675,0.5
LightGBM,10,model,0.0005,0,high,36,0.006768888353247541,0.01667589813255419,2.037644364657747,-0.048387380565518834,0.5833333333333334
LightGBM,10,model,0.0005,0,low,23,0.005505949179428183,0.008379805357840962,3.2983636658662467,-0.01142578124999949,0.5652173913043478
LightGBM,10,model,0.0005,0,mid,43,0.0015905174181463375,0.013280807235498156,0.6011934312452097,-0.07359634935455972,0.4883720930232558
LightGBM,10,model,0.0005,1,high,39,0.006862679625129595,0.016578833239403713,2.0779736309582297,-0.05502133982553026,0.5384615384615384
LightGBM,10,model,0.0005,1,low,22,0.004933788064222391,0.010348267031080483,2.3933881336814373,-0.019652156824211175,0.6363636363636364
LightGBM,10,model,0.0005,1,mid,41,0.0033172571068515104,0.011676639575392117,1.4261379232195066,-0.04588074053084601,0.5853658536585366
LightGBM,10,model,0.0005,2,high,40,0.006727439287565079,0.013590364540797645,2.4849574193291932,-0.03760118371435184,0.65
LightGBM,10,model,0.0005,2,low,21,0.00415788278406012,0.008787876369655445,2.375136499950813,-0.01682739618185458,0.6666666666666666
LightGBM,10,model,0.0005,2,mid,41,0.003640736536365698,0.012577682354102249,1.4530779080102092,-0.030694031508738395,0.5853658536585366
LightGBM,10,model,0.0005,3,high,39,0.009158915294735143,0.015512469773270931,2.963898757135436,-0.03178551686014319,0.717948717948718
LightGBM,10,model,0.0005,3,low,21,0.005426085892680966,0.009804895154354334,2.778075091357108,-0.02263760419467542,0.6190476190476191
LightGBM,10,model,0.0005,3,mid,42,0.002078280230716922,0.012131219399009267,0.8600029077631901,-0.038930098658406465,0.5238095238095238
LightGBM,10,model,0.0005,4,high,39,0.00882986734893911,0.015491100857966308,2.8613578020789996,-0.02248750694058843,0.6410256410256411
LightGBM,10,model,0.0005,4,low,22,0.004739964136418377,0.010520024978697575,2.2618226828415806,-0.02061775605691507,0.5454545454545454
LightGBM,10,model,0.0005,4,mid,41,0.0020665963539008344,0.011107822860373297,0.9339572202532164,-0.028185453207631217,0.5365853658536586
LightGBM,10,model,0.0005,5,high,40,0.007910313859687523,0.01496948682109883,2.6526935022558984,-0.03488168273444303,0.7
LightGBM,10,model,0.0005,5,low,22,0.007739261168474323,0.010185816428364832,3.814204094551513,-0.015028827117580468,0.6363636363636364
LightGBM,10,model,0.0005,5,mid,40,0.002578217051854645,0.010076821009774771,1.2843878907382877,-0.025981524249422683,0.625
LightGBM,10,model,0.0005,6,high,41,0.008071979067214234,0.013836147049581944,2.928634191161774,-0.019822940723633553,0.6341463414634146
LightGBM,10,model,0.0005,6,low,22,0.00485365828248711,0.00912494122254749,2.670172947993606,-0.012964431077033045,0.5909090909090909
LightGBM,10,model,0.0005,6,mid,39,0.001724734450929251,0.010017250758904235,0.8643188073510201,-0.025850422278015373,0.48717948717948717
LightGBM,10,model,0.0005,7,high,39,0.007177376919158127,0.013103588824520934,2.749639557854843,-0.03642861110456297,0.6666666666666666
LightGBM,10,model,0.0005,7,low,22,0.0038323472063932777,0.008158743399603034,2.3579893802357828,-0.01070693389504751,0.5454545454545454
LightGBM,10,model,0.0005,7,mid,41,0.0027043587455959123,0.008793358462343607,1.543866682704232,-0.019148081843896603,0.4878048780487805
LightGBM,10,model,0.0005,8,high,38,0.006686569306775504,0.015037208464716147,2.2322169437587824,-0.04620126222608256,0.7105263157894737
LightGBM,10,model,0.0005,8,low,22,0.005968389019568223,0.008175795865781127,3.664606551426328,-0.009528566475884626,0.6363636363636364
LightGBM,10,model,0.0005,8,mid,41,0.0020191435340271486,0.00976426884089328,1.038072615747876,-0.029938920596775498,0.4878048780487805
LightGBM,10,model,0.0005,9,high,37,0.007150380684009178,0.015680886140378825,2.289068732183525,-0.04498097778340393,0.7027027027027027
LightGBM,10,model,0.0005,9,low,22,0.005192707096786246,0.008623151627788586,3.0229298833482448,-0.012708964708182724,0.6363636363636364
LightGBM,10,model,0.0005,9,mid,42,0.0018707355098188192,0.011010342305418822,0.8529269542398917,-0.03583029114199798,0.5
LightGBM,10,model,0.001,0,high,36,0.0072581648035105716,0.016377049318643342,2.2248023702954436,-0.044227057490411226,0.5833333333333334
LightGBM,10,model,0.001,0,low,23,0.005472476009808383,0.008409260636230065,3.266828408562203,-0.0114257812499996,0.5217391304347826
LightGBM,10,model,0.001,0,mid,43,0.00195068041008167,0.012920377239032324,0.7578987641605417,-0.06309128295864963,0.4186046511627907
LightGBM,10,model,0.001,1,high,39,0.005961959296338683,0.016348198993283266,1.8307091900896968,-0.05502133982553015,0.46153846153846156
LightGBM,10,model,0.001,1,low,22,0.0049683237497604275,0.010323343416929084,2.415960244132403,-0.019652156824211064,0.6363636363636364
LightGBM,10,model,0.001,1,mid,41,0.003987361302194039,0.011026796665756605,1.8152502022212846,-0.03284143884123869,0.5853658536585366
LightGBM,10,model,0.001,2,high,40,0.006037867029986982,0.013331282186038955,2.273588655174552,-0.03769741878414701,0.575
LightGBM,10,model,0.001,2,low,21,0.0038818258842079575,0.008773554505017756,2.2210623154558164,-0.01682739618185458,0.6190476190476191
LightGBM,10,model,0.001,2,mid,41,0.003748847660394625,0.011962200367623282,1.573211058146397,-0.021989106314303175,0.5365853658536586
LightGBM,10,model,0.001,3,high,39,0.009284483864976142,0.015178593196684471,3.0706231135529447,-0.03178551686014319,0.6923076923076923
LightGBM,10,model,0.001,3,low,21,0.004357940989937438,0.009690093641435688,2.257634544634668,-0.02263760419467542,0.5238095238095238
LightGBM,10,model,0.001,3,mid,42,0.0021761883382841844,0.010692477418741976,1.0216882701069345,-0.038930098658406354,0.47619047619047616
LightGBM,10,model,0.001,4,high,39,0.008943676062384357,0.015314820294317834,2.9315980629990066,-0.022487506940588542,0.6153846153846154
LightGBM,10,model,0.001,4,low,22,0.00422318284327005,0.009832588290332905,2.1561168831908506,-0.011984659635666639,0.45454545454545453
LightGBM,10,model,0.001,4,mid,41,0.0035030072356591322,0.009298063873263818,1.891249296638901,-0.01407167442802204,0.4878048780487805
LightGBM,10,model,0.001,5,high,40,0.008249721656002983,0.014239203485152225,2.908398217698371,-0.01859069623197762,0.675
LightGBM,10,model,0.001,5,low,22,0.006881782447312859,0.010533122174461784,3.2797752781775076,-0.015028827117580468,0.5
LightGBM,10,model,0.001,5,mid,40,0.0030656053415283333,0.007898842091439788,1.9482876730748107,-0.013854021385402038,0.55
LightGBM,10,model,0.001,6,high,41,0.007222270905328166,0.013760630239333382,2.63472759409639,-0.019822940723633553,0.5853658536585366
LightGBM,10,model,0.001,6,low,22,0.004984937011958068,0.00774872566110703,3.2294581445535506,-0.006597458038225867,0.5
LightGBM,10,model,0.001,6,mid,39,0.0016395894424829382,0.009060933404980157,0.9083692938514225,-0.022845803411423837,0.4358974358974359
LightGBM,10,model,0.001,7,high,39,0.006793525817113411,0.013094346413085685,2.604423914457886,-0.03652496342575606,0.6410256410256411
LightGBM,10,model,0.001,7,low,22,0.004255820195830055,0.007757715630898447,2.753909635809933,-0.008482012284293461,0.5
LightGBM,10,model,0.001,7,mid,41,0.003679109944488929,0.00770832311473896,2.395979653130145,-0.00884181888845692,0.4878048780487805
LightGBM,10,model,0.001,8,high,38,0.0064175282478402505,0.014976690864199182,2.151058362414148,-0.04620126222608245,0.6842105263157895
LightGBM,10,model,0.001,8,low,22,0.005630473073320986,0.007715978158739914,3.6631454786492923,-0.00869480265728817,0.5454545454545454
LightGBM,10,model,0.001,8,mid,41,0.0020637772270084612,0.009246680965589331,1.120410609559257,-0.022900602062748576,0.43902439024390244
LightGBM,10,model,0.001,9,high,37,0.007268321421282798,0.015611884963402552,2.3371094550506983,-0.044885471105928,0.7027027027027027
LightGBM,10,model,0.001,9,low,22,0.004424359969940687,0.008754080297871253,2.537115267777717,-0.012708964708182835,0.5
LightGBM,10,model,0.001,9,mid,42,0.0023132233351740405,0.010137027559407381,1.1455319534116564,-0.03325469535329961,0.4523809523809524
RandomForest,10,model,0.0,0,high,36,0.007628573264123075,0.016304308707613152,2.3487738452589855,-0.04838738056551872,0.6944444444444444
RandomForest,10,model,0.0,0,low,23,0.005949488271404096,0.009179114315878213,3.253711966353835,-0.011425781249999378,0.6956521739130435
RandomForest,10,model,0.0,0,mid,43,-3.081956086932567e-05,0.013672478550059939,-0.011315648960188949,-0.0677680149820361,0.5116279069767442
RandomForest,10,model,0.0,1,high,39,0.008882428966314878,0.015661293745806344,2.8471108614385123,-0.022997098971142327,0.5641025641025641
RandomForest,10,model,0.0,1,low,22,0.004519166678611941,0.011747819502250793,1.931084885590027,-0.019652156824211175,0.7272727272727273
RandomForest,10,model,0.0,1,mid,41,0.002357808867077859,0.011987602589611724,0.9873622759238643,-0.03513276485323469,0.5609756097560976
RandomForest,10,model,0.0,2,high,40,0.007205997413150818,0.013683338246028666,2.6436399708124028,-0.025565024082993548,0.675
RandomForest,10,model,0.0,2,low,21,0.004236126998526286,0.010279844980687729,2.068629322901486,-0.01682739618185447,0.7142857142857143
RandomForest,10,model,0.0,2,mid,41,0.0028202338841090565,0.013701046675430569,1.033312423002966,-0.0403653127645226,0.6341463414634146
RandomForest,10,model,0.0,3,high,39,0.007227565353257413,0.016635620937198517,2.180988029143484,-0.03178551686014308,0.7435897435897436
RandomForest,10,model,0.0,3,low,21,0.005659563585963367,0.011294426899997233,2.5154692638744995,-0.019831140781464307,0.7142857142857143
RandomForest,10,model,0.0,3,mid,42,0.0030827950750720655,0.012225574371323244,1.2658307892800023,-0.027816809066260162,0.5952380952380952
RandomForest,10,model,0.0,4,high,39,0.007580143959060888,0.016212597786586,2.3470649908433243,-0.02248750694058843,0.6153846153846154
RandomForest,10,model,0.0,4,low,22,0.005169422208494095,0.012598387277206498,2.0598107489279482,-0.02306940371456545,0.6818181818181818
RandomForest,10,model,0.0,4,mid,41,0.002715286259958946,0.011501560834024909,1.1851112246875115,-0.03198628117559221,0.6097560975609756
RandomForest,10,model,0.0,5,high,40,0.00737866321106774,0.01543255127615461,2.400160199369006,-0.03488168273444292,0.675
RandomForest,10,model,0.0,5,low,22,0.005597994943956904,0.011994560092891803,2.3428713827316785,-0.0190110444032473,0.5909090909090909
RandomForest,10,model,0.0,5,mid,40,0.0034758908178669475,0.010582550444338973,1.6488306401384303,-0.03146440391371008,0.65
RandomForest,10,model,0.0,6,high,41,0.006199169229319122,0.015092710750852846,2.0618948487825284,-0.03917272806940686,0.5853658536585366
RandomForest,10,model,0.0,6,low,22,0.005633816601850491,0.009277552625802576,3.048383127129664,-0.013616454008759549,0.7272727272727273
RandomForest,10,model,0.0,6,mid,39,0.0025940712714797717,0.010641088471535885,1.2237596245721036,-0.03605674907586709,0.5897435897435898
RandomForest,10,model,0.0,7,high,39,0.00689092218530923,0.014493993293208532,2.3866545354784527,-0.031944934698199035,0.6923076923076923
RandomForest,10,model,0.0,7,low,22,0.004684595454180018,0.008219860081904718,2.8609346518857905,-0.009730967372638677,0.7272727272727273
RandomForest,10,model,0.0,7,mid,41,0.0035461794267426855,0.00958249692021615,1.8577286888642404,-0.022951772225449862,0.5853658536585366
RandomForest,10,model,0.0,8,high,38,0.00763350590471714,0.014614951868191721,2.6219652218035825,-0.03693485226059123,0.7368421052631579
RandomForest,10,model,0.0,8,low,22,0.005861550711881352,0.008855155666775113,3.322894836869293,-0.009429514380009829,0.7727272727272727
RandomForest,10,model,0.0,8,mid,41,0.0028589711129045664,0.011278135924996317,1.2725437234080885,-0.029938920596775498,0.5365853658536586
RandomForest,10,model,0.0,9,high,37,0.00684340320482487,0.015827854067740676,2.1704528797501528,-0.06195393169181895,0.7027027027027027
RandomForest,10,model,0.0,9,low,22,0.003618837491746273,0.010256817184066045,1.771155681649779,-0.024658356037310925,0.7272727272727273
RandomForest,10,model,0.0,9,mid,42,0.0006382114644585454,0.012946797052296753,0.24745858854418942,-0.038910381612933254,0.5238095238095238
RandomForest,10,model,0.0005,0,high,36,0.007631351041900849,0.016301992609385994,2.3499629222742326,-0.04838738056551872,0.6944444444444444
RandomForest,10,model,0.0005,0,low,23,0.0044932273511524,0.008485801175481636,2.6580663183818456,-0.01142578124999949,0.5652173913043478
RandomForest,10,model,0.0005,0,mid,43,0.0004670621562858373,0.012806646674176293,0.18307941774912995,-0.04696538002537398,0.4186046511627907
RandomForest,10,model,0.0005,1,high,39,0.008884993068878985,0.015659231907909462,2.848307725620414,-0.022997098971142438,0.5641025641025641
RandomForest,10,model,0.0005,1,low,22,0.005112175921275432,0.010583293740891205,2.4248518542475934,-0.019652156824211064,0.6818181818181818
RandomForest,10,model,0.0005,1,mid,41,0.0028143719751129266,0.010951615777836883,1.290041166056955,-0.029481018218509236,0.4878048780487805
RandomForest,10,model,0.0005,2,high,40,0.00721735478820896,0.013288631024825968,2.726453419014015,-0.025565024082993437,0.65
RandomForest,10,model,0.0005,2,low,21,0.0034590176891521806,0.009766641883628338,1.7779018823895456,-0.016827396181854692,0.5714285714285714
RandomForest,10,model,0.0005,2,mid,41,0.0032758891070751293,0.012410541501086671,1.3250697241574096,-0.030694031508738617,0.5365853658536586
RandomForest,10,model,0.0005,3,high,39,0.007412164211574766,0.01634534974803604,2.27641314558333,-0.03178551686014308,0.717948717948718
RandomForest,10,model,0.0005,3,low,21,0.0040346609165655,0.010079933787748482,2.00932243043852,-0.019831140781464307,0.47619047619047616
RandomForest,10,model,0.0005,3,mid,42,0.0026137258357126817,0.011703334506683078,1.1211163412332201,-0.02781680906626005,0.5
RandomForest,10,model,0.0005,4,high,39,0.007336964164400233,0.016017638843832498,2.299419293560963,-0.02248750694058843,0.5641025641025641
RandomForest,10,model,0.0005,4,low,22,0.0035108110504712586,0.012488821854396565,1.411192489198335,-0.02306940371456545,0.5
RandomForest,10,model,0.0005,4,mid,41,0.002473332398170039,0.010228597784376663,1.2138545635500166,-0.02452965690929898,0.5121951219512195
RandomForest,10,model,0.0005,5,high,40,0.007089542146490475,0.015426213062082951,2.3070612974910842,-0.03488168273444303,0.65
RandomForest,10,model,0.0005,5,low,22,0.004498949670575458,0.010331393559339297,2.1860117877456124,-0.012576182644868261,0.4090909090909091
RandomForest,10,model,0.0005,5,mid,40,0.0038753738598095696,0.00891580792651526,2.181992090745959,-0.01953321708337008,0.575
RandomForest,10,model,0.0005,6,high,41,0.006063381921213781,0.015054407523952798,2.021862077674228,-0.03917272806940697,0.5609756097560976
RandomForest,10,model,0.0005,6,low,22,0.004652243405164681,0.0076870151009911705,3.0381202896085195,-0.009960613843981836,0.5454545454545454
RandomForest,10,model,0.0005,6,mid,39,0.003044632364960487,0.008954392677223548,1.7068642980559017,-0.014905698641249132,0.46153846153846156
RandomForest,10,model,0.0005,7,high,39,0.00695842852010531,0.014255485448783094,2.450357377663524,-0.03194493469819926,0.6666666666666666
RandomForest,10,model,0.0005,7,low,22,0.0032294947951439818,0.007469298067712825,2.1704764034065644,-0.008482012284293461,0.4090909090909091
RandomForest,10,model,0.0005,7,mid,41,0.003095125109046368,0.008435470878779836,1.8419131496561512,-0.018669491161554586,0.5121951219512195
RandomForest,10,model,0.0005,8,high,38,0.006642092381737613,0.014296918859160769,2.3321835605658237,-0.03693485226059112,0.6578947368421053
RandomForest,10,model,0.0005,8,low,22,0.003947683763660177,0.007775723810750559,2.5486007086971756,-0.00869480265728817,0.45454545454545453
RandomForest,10,model,0.0005,8,mid,41,0.0014503732717961564,0.010388981100364,0.7008209919774152,-0.029938920596775498,0.43902439024390244
RandomForest,10,model,0.0005,9,high,37,0.007461239714647159,0.015008187259386968,2.495646240179752,-0.06195393169181895,0.6756756756756757
RandomForest,10,model,0.0005,9,low,22,0.004276965391781336,0.008819655447648312,2.434357668106346,-0.012708964708182835,0.5909090909090909
RandomForest,10,model,0.0005,9,mid,42,0.0009732824203443095,0.011207192301685362,0.43595566509979244,-0.039006485769483956,0.4523809523809524
RandomForest,10,model,0.001,0,high,36,0.006280549272972368,0.015884266546062734,1.9848638926332243,-0.048387380565518945,0.6111111111111112
RandomForest,10,model,0.001,0,low,23,0.003229478832170135,0.005936403376835558,2.7309220825101757,-0.003966215452992028,0.34782608695652173
RandomForest,10,model,0.001,0,mid,43,0.0013981790231751535,0.011686805454741551,0.6005749833823932,-0.03846031476915324,0.3953488372093023
RandomForest,10,model,0.001,1,high,39,0.008558868435519546,0.015066865418397806,2.851633525691208,-0.015730545017118125,0.5384615384615384
RandomForest,10,model,0.001,1,low,22,0.0021572394298143543,0.010153512662722571,1.0665526651964823,-0.019750186706952833,0.2727272727272727
RandomForest,10,model,0.001,1,mid,41,0.0016747938143589901,0.00988289122890326,0.850702292298444,-0.03258649478432252,0.4146341463414634
RandomForest,10,model,0.001,2,high,40,0.00721735478820896,0.013286415800097012,2.726907996616208,-0.025565024082993437,0.65
RandomForest,10,model,0.001,2,low,21,0.001598450897894286,0.008136237649372572,0.9862248584261408,-0.016925708526537186,0.2857142857142857
RandomForest,10,model,0.001,2,mid,41,0.0028139559746138,0.01062242369259254,1.3298233332725402,-0.021989106314303175,0.4634146341463415
RandomForest,10,model,0.001,3,high,39,0.007400809078471684,0.01636243808052448,2.2705520129073347,-0.03178551686014308,0.6923076923076923
RandomForest,10,model,0.001,3,low,21,0.0027456869662830807,0.009872157218324813,1.396172981808211,-0.019831140781464307,0.2857142857142857
RandomForest,10,model,0.001,3,mid,42,0.0024600785452664367,0.009408945136213157,1.3125271863070396,-0.01994287814562501,0.40476190476190477
RandomForest,10,model,0.001,4,high,39,0.007787716934083809,0.015538191187784047,2.515996119998695,-0.02248750694058843,0.5641025641025641
RandomForest,10,model,0.001,4,low,22,0.0029571870718507224,0.008986590451751167,1.6519013928260577,-0.007439939277566809,0.18181818181818182
RandomForest,10,model,0.001,4,mid,41,0.002993729205821505,0.009307403501597478,1.614671732894286,-0.02452965690929898,0.4878048780487805
RandomForest,10,model,0.001,5,high,40,0.00682166392317895,0.015493333092083944,2.210272051230688,-0.03488168273444292,0.6
RandomForest,10,model,0.001,5,low,22,0.00469690007312844,0.009883851587850469,2.385532707497587,-0.012576182644868261,0.3181818181818182
RandomForest,10,model,0.001,5,mid,40,0.0036006521186572383,0.008429794355584996,2.1441958629559115,-0.019533217083369747,0.475
RandomForest,10,model,0.001,6,high,41,0.006406932328384419,0.014825264707671322,2.1694415354733145,-0.03917272806940697,0.5609756097560976
RandomForest,10,model,0.001,6,low,22,0.004347810591154173,0.007247287513033484,3.011586874138723,-0.003719631061705586,0.45454545454545453
RandomForest,10,model,0.001,6,mid,39,0.0023523483455205026,0.008277822225395833,1.426546095524389,-0.014905698641249243,0.358974358974359
RandomForest,10,model,0.001,7,high,39,0.006743570760682058,0.014119997538354913,2.3974831764272437,-0.031944934698199146,0.6410256410256411
RandomForest,10,model,0.001,7,low,22,0.0028707665209392456,0.007128763122390863,2.0215475411476076,-0.00858115912564017,0.3181818181818182
RandomForest,10,model,0.001,7,mid,41,0.002710331569386766,0.007721372773213956,1.762090355714346,-0.018669491161554475,0.3902439024390244
RandomForest,10,model,0.001,8,high,38,0.006794519435866922,0.014184998448088298,2.404527359929955,-0.03693485226059112,0.6578947368421053
RandomForest,10,model,0.001,8,low,22,0.0029763784828628274,0.007752094858490794,1.9273888768685183,-0.008793928220661718,0.3181818181818182
RandomForest,10,model,0.001,8,mid,41,0.0013673462880117347,0.008718798394489243,0.7872671874135138,-0.025571575717170725,0.34146341463414637
RandomForest,10,model,0.001,9,high,37,0.006644993620614366,0.014545229132717944,2.293370762968422,-0.06195393169181895,0.5945945945945946
RandomForest,10,model,0.001,9,low,22,0.0031490881777851364,0.0070467763425360935,2.2433374385504936,-0.00019998000133336635,0.2727272727272727
RandomForest,10,model,0.001,9,mid,42,0.0006716834533240046,0.009494866682924524,0.3551207497570475,-0.039006485769483956,0.35714285714285715
Ridge,10,model,0.0,0,high,36,0.004467523885817994,0.017473207449932762,1.283496002743726,-0.048018564798286256,0.5833333333333334
Ridge,10,model,0.0,0,low,23,0.0009847841198586567,0.0110014648531195,0.4493562551086925,-0.051374644192277774,0.6086956521739131
Ridge,10,model,0.0,0,mid,43,-0.001542115203389516,0.013598759054025893,-0.569269361355956,-0.09012665024088495,0.4418604651162791
Ridge,10,model,0.0,1,high,39,0.005941645474481866,0.017042575281821907,1.7501359430009702,-0.05110140016052822,0.5641025641025641
Ridge,10,model,0.0,1,low,22,0.0012522135887711816,0.01258847036859054,0.49935076640686216,-0.04994072512130643,0.5
Ridge,10,model,0.0,1,mid,41,-0.0019409068785579096,0.012099927680400599,-0.8052341683718234,-0.10223816376048134,0.43902439024390244
Ridge,10,model,0.0,2,high,40,0.005053917032817315,0.014661927311167075,1.7303633836286043,-0.06222340237210111,0.65
Ridge,10,model,0.0,2,low,21,0.000734293092378362,0.01114663127677773,0.33069381927056957,-0.049004672562231955,0.42857142857142855
Ridge,10,model,0.0,2,mid,41,-0.0028038938770934977,0.013730633333173549,-1.025111894849021,-0.1151956452709545,0.36585365853658536
Ridge,10,model,0.0,3,high,39,0.006847993930000258,0.016803366460557075,2.0458196147640018,-0.0378700499807767,0.7948717948717948
Ridge,10,model,0.0,3,low,21,0.0013899727027584716,0.012646129733858435,0.5517583432303077,-0.054283026109660626,0.5238095238095238
Ridge,10,model,0.0,3,mid,42,-0.001042880146557275,0.012587855653277968,-0.4158942500408744,-0.07036178046524366,0.4523809523809524
Ridge,10,model,0.0,4,high,39,0.0022103716362895823,0.0178254711831022,0.6224787797883167,-0.0850146765113724,0.5641025641025641
Ridge,10,model,0.0,4,low,22,0.0013188512483101546,0.013631653220805564,0.48567702062206597,-0.058440082226223766,0.5454545454545454
Ridge,10,model,0.0,4,mid,41,-0.0032806331855268996,0.011404500780454808,-1.444048117961746,-0.1399779592419118,0.3902439024390244
Ridge,10,model,0.0,5,high,40,0.0030559307079701193,0.01688502888037798,0.9085356330735544,-0.0772129710780014,0.6
Ridge,10,model,0.0,5,low,22,0.0007462804346226539,0.013304784493379313,0.281575252215752,-0.06841698453119416,0.5454545454545454
Ridge,10,model,0.0,5,mid,40,-0.0008368672547734351,0.011159801899500292,-0.3764439830866137,-0.10982620200337234,0.45
Ridge,10,model,0.0,6,high,41,0.003582168446557942,0.01595489833200063,1.1270734862166507,-0.07475243186399094,0.6341463414634146
Ridge,10,model,0.0,6,low,22,0.0012179241316565502,0.01089744867808816,0.5610423869343869,-0.05811989132505235,0.5454545454545454
Ridge,10,model,0.0,6,mid,39,-0.002455942214764715,0.010707005143076317,-1.1514641028634967,-0.11782353504928511,0.358974358974359
Ridge,10,model,0.0,7,high,39,0.0033536457577082,0.015743394672670854,1.0693480308287364,-0.07253794564066329,0.6666666666666666
Ridge,10,model,0.0,7,low,22,0.0009814982436055092,0.0095166314757708,0.5177338317421537,-0.0455464940820306,0.6363636363636364
Ridge,10,model,0.0,7,mid,41,-0.0023791850318022174,0.009983140049567445,-1.1963584615383815,-0.10961714637984266,0.36585365853658536
Ridge,10,model,0.0,8,high,38,0.0018586604614748527,0.01645061139018788,0.5671765775014009,-0.10690526463192196,0.6578947368421053
Ridge,10,model,0.0,8,low,22,0.0012428754929263547,0.010673930508370986,0.5845255833780107,-0.0478060789272865,0.6363636363636364
Ridge,10,model,0.0,8,mid,41,-0.0013811489894540773,0.011597989425798712,-0.5978030024378547,-0.08758686872471455,0.4878048780487805
Ridge,10,model,0.0,9,high,37,0.002478816635504619,0.01711169605673772,0.7271962236207888,-0.10212487504348389,0.6216216216216216
Ridge,10,model,0.0,9,low,22,0.0014084001172246683,0.010841808201808644,0.6521156199301951,-0.04832583306798921,0.6818181818181818
Ridge,10,model,0.0,9,mid,42,-0.0012940640375146526,0.012918505636060834,-0.5028561425595078,-0.08171888613978673,0.38095238095238093
Ridge,10,model,0.0005,0,high,36,0.004058190004538149,0.017400387020508817,1.1707758061502898,-0.048018564798286256,0.5555555555555556
Ridge,10,model,0.0005,0,low,23,0.0014329729365675696,0.010739065088305468,0.6698410887388034,-0.051374644192277774,0.6086956521739131
Ridge,10,model,0.0005,0,mid,43,-0.0010607654753435347,0.01276268877072781,-0.41723186392333006,-0.07947559514991209,0.37209302325581395
Ridge,10,model,0.0005,1,high,39,0.006514799941727801,0.016427278839057324,1.9908370992585993,-0.05110140016052822,0.5641025641025641
Ridge,10,model,0.0005,1,low,22,0.0008913250460005181,0.012233190244895905,0.3657603724172076,-0.04994072512130643,0.45454545454545453
Ridge,10,model,0.0005,1,mid,41,-0.0029205816810615537,0.011060298396176877,-1.325570355832279,-0.12577161544234505,0.36585365853658536
Ridge,10,model,0.0005,2,high,40,0.004753143603759215,0.014633151181675182,1.630584637964303,-0.06222340237210111,0.625
Ridge,10,model,0.0005,2,low,21,0.0001231065759378809,0.010808792644540875,0.05717475826093897,-0.049004672562231955,0.38095238095238093
Ridge,10,model,0.0005,2,mid,41,-0.002522871253883893,0.01354300432373832,-0.9351479833097657,-0.1049420363633553,0.34146341463414637
Ridge,10,model,0.0005,3,high,39,0.006720911478040929,0.016843672741937207,2.003049356884208,-0.03787004998077659,0.7435897435897436
Ridge,10,model,0.0005,3,low,21,0.0013899727027584716,0.012646129733858435,0.5517583432303077,-0.054283026109660626,0.5238095238095238
Ridge,10,model,0.0005,3,mid,42,-0.0008603850152036416,0.012257571311656931,-0.35236168634738785,-0.05658904549514099,0.40476190476190477
Ridge,10,model,0.0005,4,high,39,0.0022521497027438073,0.017818258047756858,0.6345009568295786,-0.08361427808246358,0.5641025641025641
Ridge,10,model,0.0005,4,low,22,0.0011032283329789046,0.013619903420319978,0.40662272757360973,-0.058440082226223766,0.5
Ridge,10,model,0.0005,4,mid,41,-0.0027497846810098318,0.010890734100821886,-1.2674820096854955,-0.12105457655160345,0.36585365853658536
Ridge,10,model,0.0005,5,high,40,0.0040414255897131945,0.015418155864744121,1.31583800453987,-0.0772129710780014,0.6
Ridge,10,model,0.0005,5,low,22,0.0005531539334199131,0.01328245437810171,0.20905855413689364,-0.06841698453119416,0.5
Ridge,10,model,0.0005,5,mid,40,-0.0009548528620565249,0.010725008172299296,-0.4469295732385887,-0.10982620200337234,0.375
Ridge,10,model,0.0005,6,high,41,0.004061416873343037,0.015673492928833986,1.3008045485888717,-0.07475243186399094,0.6341463414634146
Ridge,10,model,0.0005,6,low,22,0.0013231125973543227,0.0108647943419411,0.6113297974928416,-0.05811989132505235,0.5454545454545454
Ridge,10,model,0.0005,6,mid,39,-0.0026805032555396358,0.010605533679719698,-1.2687734493887766,-0.11791174828504469,0.3076923076923077
Ridge,10,model,0.0005,7,high,39,0.004054974813851908,0.013887298869410173,1.4657862701401367,-0.04950648893416654,0.6410256410256411
Ridge,10,model,0.0005,7,low,22,0.0012000044458613684,0.009129852709257402,0.6598107002300436,-0.04376317107140015,0.5909090909090909
Ridge,10,model,0.0005,7,mid,41,-0.0024664489671164585,0.009812112412079885,-1.261856268013452,-0.10961714637984266,0.34146341463414637
Ridge,10,model,0.0005,8,high,38,0.0018586604614748527,0.01645061139018788,0.5671765775014009,-0.10690526463192196,0.6578947368421053
Ridge,10,model,0.0005,8,low,22,0.001584893510892473,0.010474025519491285,0.7596031025947229,-0.0478060789272865,0.5909090909090909
Ridge,10,model,0.0005,8,mid,41,-0.0013661247573240995,0.011291256586216837,-0.6073630336805219,-0.08758686872471455,0.4634146341463415
Ridge,10,model,0.0005,9,high,37,0.002478816635504619,0.01711169605673772,0.7271962236207888,-0.10212487504348389,0.6216216216216216
Ridge,10,model,0.0005,9,low,22,0.0013514373451795866,0.010846504058750508,0.6254698835418203,-0.04832583306798921,0.6363636363636364
Ridge,10,model,0.0005,9,mid,42,-0.001627603026208829,0.012075228207378181,-0.6766333692622554,-0.07126984519708668,0.3333333333333333
Ridge,10,model,0.001,0,high,36,0.004714937195835952,0.0167553266492935,1.4126132764618864,-0.048018564798286256,0.5555555555555556
Ridge,10,model,0.001,0,low,23,0.0011567565410480394,0.01068625676572284,0.5433962403548442,-0.051374644192277774,0.5652173913043478
Ridge,10,model,0.001,0,mid,43,-0.0020603681916369,0.011733891232083588,-0.8814608922766333,-0.1068297044066665,0.32558139534883723
Ridge,10,model,0.001,1,high,39,0.0065122358391636985,0.016425519669565892,1.9902666775601103,-0.05110140016052822,0.5641025641025641
Ridge,10,model,0.001,1,low,22,0.0003573642433526364,0.011990756552517575,0.14961143244775674,-0.04994072512130643,0.4090909090909091
Ridge,10,model,0.001,1,mid,41,-0.0034640390484424223,0.010501574816616698,-1.655879076878472,-0.14297807167109677,0.3170731707317073
Ridge,10,model,0.001,2,high,40,0.00425855573481331,0.014415694372599864,1.482951814318951,-0.0630429808698797,0.6
Ridge,10,model,0.001,2,low,21,0.00048155559322705254,0.010688231287006914,0.2261730521663164,-0.049004672562231955,0.38095238095238093
Ridge,10,model,0.001,2,mid,41,-0.0028094936446674585,0.012698300511068437,-1.1106640728399393,-0.12325270614630868,0.3170731707317073
Ridge,10,model,0.001,3,high,39,0.006594033132165255,0.01687598289534682,1.9614729297379665,-0.03787004998077659,0.717948717948718
Ridge,10,model,0.001,3,low,21,0.001660987613449443,0.01254532255178042,0.6646374862051639,-0.054283026109660626,0.5238095238095238
Ridge,10,model,0.001,3,mid,42,-0.0005383620540492989,0.011991317470253967,-0.22537607475233634,-0.05210699886504644,0.35714285714285715
Ridge,10,model,0.001,4,high,39,0.002705107369876361,0.016644223330955926,0.8158705247539937,-0.07044424827931206,0.48717948717948717
Ridge,10,model,0.001,4,low,22,0.0011414560564997045,0.01360893328515398,0.42105165827817564,-0.058440082226223766,0.5
Ridge,10,model,0.001,4,mid,41,-0.0008308889602142412,0.009763795246559657,-0.42719346029588207,-0.08940445597910318,0.34146341463414637
Ridge,10,model,0.001,5,high,40,0.0041475061351262,0.01537131459805721,1.3544915384804537,-0.0772129710780014,0.6
Ridge,10,model,0.001,5,low,22,-0.00014043884648042736,0.012784591255317702,-0.05514430614613001,-0.06841698453119416,0.4090909090909091
Ridge,10,model,0.001,5,mid,40,-0.0013923274014450723,0.009737449757577595,-0.7177883591526435,-0.10991521493245138,0.325
Ridge,10,model,0.001,6,high,41,0.005117792947269376,0.013711653534456825,1.8736702056968608,-0.07475243186399094,0.6341463414634146
Ridge,10,model,0.001,6,low,22,0.0011491777749982545,0.010851964125181385,0.531592860037955,-0.05821407462667616,0.5
Ridge,10,model,0.001,6,mid,39,-0.003344744589346129,0.009050583200670566,-1.855182611877233,-0.13359168423558587,0.23076923076923078
Ridge,10,model,0.001,7,high,39,0.00405753891641601,0.013886520730913255,1.4667953261673792,-0.04950648893416654,0.6410256410256411
Ridge,10,model,0.001,7,low,22,0.002194298222522068,0.007458370424181617,1.4769029999850942,-0.02777887796246581,0.5454545454545454
Ridge,10,model,0.001,7,mid,41,-0.0024497113819342852,0.009716298518640447,-1.2656520912019609,-0.10961714637984266,0.2926829268292683
Ridge,10,model,0.001,8,high,38,0.0018586604614748527,0.01645061139018788,0.5671765775014009,-0.10690526463192196,0.6578947368421053
Ridge,10,model,0.001,8,low,22,0.0015630477155690091,0.010474351966708229,0.7491095663035904,-0.0478060789272865,0.5454545454545454
Ridge,10,model,0.001,8,mid,41,-0.0012228172915444825,0.011089319096737544,-0.5535501352238599,-0.08758686872471455,0.3902439024390244
Ridge,10,model,0.001,9,high,37,0.0028391650528380515,0.016898420401107807,0.843421758504616,-0.08998244457061155,0.6216216216216216
Ridge,10,model,0.001,9,low,22,0.0009570146652082318,0.010451671381580813,0.4596561942797212,-0.04832583306798921,0.5454545454545454
Ridge,10,model,0.001,9,mid,42,-0.0027700986182065956,0.010375510941781541,-1.3402505937771876,-0.11871144368081099,0.21428571428571427
XGBoost,10,model,0.0,0,high,36,0.006019741302388756,0.016982044513111298,1.7794595629152932,-0.048387380565518834,0.6111111111111112
XGBoost,10,model,0.0,0,low,23,0.000815613530256618,0.011020391807090097,0.37152466980004945,-0.042097662471520914,0.5652173913043478
XGBoost,10,model,0.0,0,mid,43,0.0006137855474454442,0.013645793740689135,0.2257969783966572,-0.05225546713328155,0.5116279069767442
XGBoost,10,model,0.0,1,high,39,0.004574429759551216,0.017480509147410013,1.3136605433159638,-0.05502133982553026,0.48717948717948717
XGBoost,10,model,0.0,1,low,22,0.0008470813251250136,0.012623539213429279,0.3368559666064133,-0.06063141781548664,0.6363636363636364
XGBoost,10,model,0.0,1,mid,41,0.00242961707228151,0.011955211912600787,1.020189436552016,-0.029481018218509236,0.5365853658536586
XGBoost,10,model,0.0,2,high,40,0.006516302476214953,0.014034134110301934,2.3308583599690724,-0.025565024082993437,0.65
XGBoost,10,model,0.0,2,low,21,0.0022460089487291095,0.01091478150223545,1.0329914013878891,-0.026432096865507848,0.6666666666666666
XGBoost,10,model,0.0,2,mid,41,0.002967910593944344,0.013663331634035544,1.090421672893333,-0.030694031508738395,0.6097560975609756
XGBoost,10,model,0.0,3,high,39,0.009464764745514592,0.015430764265815864,3.079091943876184,-0.03178551686014297,0.7692307692307693
XGBoost,10,model,0.0,3,low,21,0.0044454485832368905,0.011836785676940997,1.8853069901497306,-0.019831140781464418,0.7142857142857143
XGBoost,10,model,0.0,3,mid,42,-0.0009398125516829059,0.012595012881476183,-0.3745785423933221,-0.046651483304585906,0.47619047619047616
XGBoost,10,model,0.0,4,high,39,0.007495812047682977,0.016261443389060985,2.3139814184985554,-0.03798250830881267,0.5897435897435898
XGBoost,10,model,0.0,4,low,22,0.00248565579868145,0.01343886774310307,0.9284928847729865,-0.02306940371456556,0.5454545454545454
XGBoost,10,model,0.0,4,mid,41,-0.0009062334089992758,0.011802300537531752,-0.38545498766529446,-0.05733432963804275,0.5121951219512195
XGBoost,10,model,0.0,5,high,40,0.007637809316267538,0.015301014228287025,2.5058141832442464,-0.03488168273444292,0.725
XGBoost,10,model,0.0,5,low,22,0.0031391517604151724,0.012910214767408022,1.2206161597530494,-0.022516814504336957,0.5454545454545454
XGBoost,10,model,0.0,5,mid,40,-0.0007367323196182377,0.011139258539449274,-0.33201194490496877,-0.04857739133611849,0.475
XGBoost,10,model,0.0,6,high,41,0.005880794373685592,0.015215386821978186,1.9402302291606965,-0.03917272806940697,0.6097560975609756
XGBoost,10,model,0.0,6,low,22,0.002849603191405382,0.010541173763331914,1.357049491030808,-0.024988032551459316,0.6363636363636364
XGBoost,10,model,0.0,6,mid,39,0.00033031166901362316,0.010942008590705798,0.15153994852253722,-0.052003141190148816,0.46153846153846156
XGBoost,10,model,0.0,7,high,39,0.0075701947225576575,0.014131823440893697,2.689113408726256,-0.031944934698199146,0.7435897435897436
XGBoost,10,model,0.0,7,low,22,0.0022502154839023456,0.00925637619333069,1.220347125363554,-0.01852924145917778,0.5454545454545454
XGBoost,10,model,0.0,7,mid,41,0.0006267622396651681,0.010205222903844942,0.3083050220517459,-0.06541868680710394,0.4634146341463415
XGBoost,10,model,0.0,8,high,38,0.007914863489583984,0.014459324153581752,2.7478669792053423,-0.03693485226059123,0.7894736842105263
XGBoost,10,model,0.0,8,low,22,0.0020128006661813184,0.01053754923972737,0.9588737307681438,-0.024889486834518637,0.5454545454545454
XGBoost,10,model,0.0,8,mid,41,0.0004038094398668736,0.01163640108689423,0.17420397293845852,-0.06265944175714044,0.4878048780487805
XGBoost,10,model,0.0,9,high,37,0.007062619071767798,0.015727368886172294,2.254291014378353,-0.06195393169181884,0.7567567567567568
XGBoost,10,model,0.0,9,low,22,0.002775743165355168,0.010540322488654752,1.3219823318750656,-0.015357041217042844,0.6818181818181818
XGBoost,10,model,0.0,9,mid,42,-0.0009784828123794904,0.012928383702898963,-0.37993494372463205,-0.07362113089457245,0.47619047619047616
XGBoost,10,model,0.0005,0,high,36,0.00429633812390227,0.01611211105353711,1.338585995391701,-0.048387380565518834,0.5277777777777778
XGBoost,10,model,0.0005,0,low,23,0.002480595551930035,0.0064693454323412666,1.924845561582879,-0.011524633729168232,0.34782608695652173
XGBoost,10,model,0.0005,0,mid,43,0.00014301956501554865,0.012153500855975878,0.05907372096919612,-0.04565204669872436,0.37209302325581395
XGBoost,10,model,0.0005,1,high,39,0.004273018937072017,0.01701332129498945,1.2607993731326865,-0.05502133982553026,0.4358974358974359
XGBoost,10,model,0.0005,1,low,22,0.0006650061300378909,0.006594594389796536,0.5062182874479936,-0.021566562469246486,0.3181818181818182
XGBoost,10,model,0.0005,1,mid,41,0.0017587208244525829,0.010290498851882266,0.8579475686254306,-0.03284143884123869,0.4146341463414634
XGBoost,10,model,0.0005,2,high,40,0.005908947552086365,0.014036353414234443,2.1132754654225887,-0.025565024082993437,0.6
XGBoost,10,model,0.0005,2,low,21,0.0004992828420081998,0.005715715902977643,0.43850674484185226,-0.017024011040476794,0.3333333333333333
XGBoost,10,model,0.0005,2,mid,41,0.0027794629851122976,0.012911267237623677,1.0806680082175444,-0.02903340664538634,0.5121951219512195
XGBoost,10,model,0.0005,3,high,39,0.008673190099763155,0.015505447333329004,2.807985336897065,-0.03178551686014308,0.717948717948718
XGBoost,10,model,0.0005,3,low,21,0.0014605959390514812,0.007292881548700571,1.005382217409067,-0.020027154951237636,0.2857142857142857
XGBoost,10,model,0.0005,3,mid,42,-2.8432268985522846e-05,0.011659824264458008,-0.01224108136673908,-0.038930098658406465,0.42857142857142855
XGBoost,10,model,0.0005,4,high,39,0.006930517379650844,0.016045717003363838,2.1682372387115945,-0.030267333295160403,0.48717948717948717
XGBoost,10,model,0.0005,4,low,22,0.0017676046417519548,0.012563335858639849,0.7062857332368037,-0.02525265367650298,0.36363636363636365
XGBoost,10,model,0.0005,4,mid,41,-0.0001259571737501412,0.010957539642572253,-0.05770455910878833,-0.029841974326240472,0.4146341463414634
XGBoost,10,model,0.0005,5,high,40,0.006914976543082299,0.01473947816804121,2.355097402523554,-0.03488168273444292,0.6
XGBoost,10,model,0.0005,5,low,22,0.0021280510508725,0.01227710312721101,0.8701345408149159,-0.022516814504336957,0.3181818181818182
XGBoost,10,model,0.0005,5,mid,40,0.0012680513802461675,0.008803619172148633,0.7230625591800085,-0.026709280933951973,0.45
XGBoost,10,model,0.0005,6,high,41,0.0052740791792660075,0.014673464408354653,1.8043228660663522,-0.03917272806940697,0.5365853658536586
XGBoost,10,model,0.0005,6,low,22,0.003174275278173354,0.008560907974464606,1.8613370775982931,-0.016188804369026255,0.4090909090909091
XGBoost,10,model,0.0005,6,mid,39,0.0006149342167389386,0.00997562343602344,0.30944885684173434,-0.04890727114818705,0.41025641025641024
XGBoost,10,model,0.0005,7,high,39,0.007399204414788064,0.013725316981738418,2.7062188378939167,-0.03194493469819926,0.6923076923076923
XGBoost,10,model,0.0005,7,low,22,0.0014568728544154406,0.008029597201411342,0.9108107795128897,-0.009684252825353012,0.3181818181818182
XGBoost,10,model,0.0005,7,mid,41,0.002432675150483078,0.008143881440855308,1.499522362205361,-0.01564866224197492,0.4146341463414634
XGBoost,10,model,0.0005,8,high,38,0.0071576638395407744,0.014421538770425115,2.491494692727154,-0.036934852260591344,0.7105263157894737
XGBoost,10,model,0.0005,8,low,22,0.0025137941278711136,0.009671763673301406,1.3047409755461505,-0.009528566475884626,0.4090909090909091
XGBoost,10,model,0.0005,8,mid,41,0.0007956707724399588,0.009785058166949669,0.40819742809328274,-0.03313947877060097,0.3902439024390244
XGBoost,10,model,0.0005,9,high,37,0.0072818301004946824,0.014642893482717259,2.4963984770990564,-0.06195393169181895,0.6756756756756757
XGBoost,10,model,0.0005,9,low,22,0.0031532038285542133,0.007952023596909035,1.9905571707993728,-0.012807688875421275,0.36363636363636365
XGBoost,10,model,0.0005,9,mid,42,0.00024366296383794287,0.010403432820809182,0.11757449601573046,-0.03384589073168498,0.38095238095238093
XGBoost,10,model,0.001,0,high,36,0.004166984814799528,0.01613016503406535,1.2968309815880106,-0.048387380565518834,0.5
XGBoost,10,model,0.001,0,low,23,0.0017672495248897608,0.0061579237534850105,1.4406677577485196,-0.011524633729168232,0.21739130434782608
XGBoost,10,model,0.001,0,mid,43,-0.0006800814280682417,0.009438607653897696,-0.3617039503180991,-0.0640379487576811,0.23255813953488372
XGBoost,10,model,0.001,1,high,39,0.003767482260043072,0.01698266362283206,1.1136421980647977,-0.05502133982553026,0.38461538461538464
XGBoost,10,model,0.001,1,low,22,9.658218229321829e-05,0.00641432963965083,0.07558680866725306,-0.021566562469246486,0.18181818181818182
XGBoost,10,model,0.001,1,mid,41,6.0714617451697486e-05,0.007634904332461074,0.03991994495504239,-0.032725639741030155,0.2682926829268293
XGBoost,10,model,0.001,2,high,40,0.00463944430808715,0.012286233975174397,1.8956032934506097,-0.02559378203316487,0.525
XGBoost,10,model,0.001,2,low,21,0.00022804250250542377,0.004640731032163313,0.24667757498733303,-0.017024011040476794,0.19047619047619047
XGBoost,10,model,0.001,2,mid,41,0.0017524816967927341,0.011011082537724072,0.7989576199701174,-0.02903340664538634,0.36585365853658536
XGBoost,10,model,0.001,3,high,39,0.008174423634529823,0.015490522745336712,2.6490572102966823,-0.03178551686014308,0.6666666666666666
XGBoost,10,model,0.001,3,low,21,0.0010653650789268668,0.003864255979059494,1.3839896425604366,-0.002802872734914086,0.14285714285714285
XGBoost,10,model,0.001,3,mid,42,0.00013824979026231526,0.00993065193287521,0.06988548625268945,-0.03567410422212847,0.30952380952380953
XGBoost,10,model,0.001,4,high,39,0.0073952980674335846,0.015714953954181685,2.3623423760703868,-0.023559877859358536,0.48717948717948717
XGBoost,10,model,0.001,4,low,22,0.0006033696286899409,0.007887122919458025,0.3840299597493306,-0.019531547074543187,0.18181818181818182
XGBoost,10,model,0.001,4,mid,41,0.0010437897238686415,0.009698438632710351,0.5402707618043951,-0.029841974326240472,0.36585365853658536
XGBoost,10,model,0.001,5,high,40,0.006249636351869306,0.01354940899826726,2.3154460463856283,-0.03488168273444303,0.575
XGBoost,10,model,0.001,5,low,22,0.004310643492392936,0.008697816082264491,2.4878956266355847,-0.0038425879361319026,0.2727272727272727
XGBoost,10,model,0.001,5,mid,40,0.002145369742048433,0.007294932597285046,1.4763221576377576,-0.018329045610363526,0.35
XGBoost,10,model,0.001,6,high,41,0.005890977032630872,0.014224808598402625,2.0789362329920062,-0.03917272806940675,0.5365853658536586
XGBoost,10,model,0.001,6,low,22,0.003726514333831636,0.007286734462090068,2.567261588282632,-0.003719631061705808,0.3181818181818182
XGBoost,10,model,0.001,6,mid,39,0.001961004051590657,0.006482964088397516,1.518466256606541,-0.015668381465488213,0.3333333333333333
XGBoost,10,model,0.001,7,high,39,0.006424531034593382,0.013519912633902065,2.3854362604651844,-0.031944934698199035,0.6153846153846154
XGBoost,10,model,0.001,7,low,22,0.0029263172605509635,0.006846543019198486,2.1456077935924354,-0.008581159125640392,0.3181818181818182
XGBoost,10,model,0.001,7,mid,41,0.002388451607763207,0.00661933685676351,1.8113494104636845,-0.00884181888845692,0.34146341463414637
XGBoost,10,model,0.001,8,high,38,0.006535089937957974,0.014262787983194948,2.300103679871025,-0.03693485226059123,0.6578947368421053
XGBoost,10,model,0.001,8,low,22,0.0030292829607040635,0.007264609374633665,2.093282513825205,-0.008793928220661718,0.2727272727272727
XGBoost,10,model,0.001,8,mid,41,0.00026179789434045654,0.006873465907169152,0.19120121014668282,-0.032657253595963054,0.2682926829268293
XGBoost,10,model,0.001,9,high,37,0.006707171961375809,0.01465623325006621,2.2972980473606786,-0.06195393169181895,0.6216216216216216
XGBoost,10,model,0.001,9,low,22,0.002789751310647895,0.007909151174658008,1.770662884585259,-0.012807688875421608,0.3181818181818182
XGBoost,10,model,0.001,9,mid,42,-0.0006020225160196594,0.007369185627384303,-0.4101035308613093,-0.04390205929716118,0.21428571428571427
BASELINE,20,always_long,0.0,0,high,20,0.0009320545674596946,0.021502071156719423,0.15386729426492826,-0.13002163128151956,0.45
BASELINE,20,always_long,0.0,0,low,12,0.0046780096334156996,0.01624239852036915,1.0223420457029966,-0.022832780672667252,0.6666666666666666
BASELINE,20,always_long,0.0,0,mid,19,-0.0017312773993997308,0.018955997969841362,-0.32419422826974725,-0.11064721573172587,0.47368421052631576
BASELINE,20,always_long,0.0,1,high,21,0.0020345277204882094,0.020430366907307613,0.35348640687497807,-0.12428873307387833,0.5238095238095238
BASELINE,20,always_long,0.0,1,low,12,0.003821516525409775,0.016913074298783064,0.8020444866744749,-0.020966183574878783,0.6666666666666666
BASELINE,20,always_long,0.0,1,mid,18,-0.0030000192901926443,0.02001807871312292,-0.531969737734598,-0.11976533665430622,0.3333333333333333
BASELINE,20,always_long,0.0,2,high,22,0.0016458237313607957,0.021311961619062757,0.27412280514638176,-0.1140935269751725,0.5
BASELINE,20,always_long,0.0,2,low,12,0.003811691152309908,0.016278326115466507,0.8311764541014325,-0.025650769523086203,0.6666666666666666
BASELINE,20,always_long,0.0,2,mid,17,-0.0026488394530911593,0.020184442697713058,-0.4658264517420077,-0.11467277043817392,0.35294117647058826
BASELINE,20,always_long,0.0,3,high,22,-0.0008991782782776503,0.027756122584824666,-0.11499323258708684,-0.15790163176465333,0.5
BASELINE,20,always_long,0.0,3,low,12,0.0035881227018453254,0.01718360853230413,0.7412047406373793,-0.02546318289786298,0.6666666666666666
BASELINE,20,always_long,0.0,3,mid,17,0.0007720920584488938,0.015138607281270434,0.18103745474654817,-0.06576696787477698,0.47058823529411764
BASELINE,20,always_long,0.0,4,high,22,-0.002318596089959313,0.025495725214938286,-0.32280704323590226,-0.18208595359923274,0.45454545454545453
BASELINE,20,always_long,0.0,4,low,11,0.004245228870979418,0.01702029815638379,0.8853586159586365,-0.015665545410860182,0.7272727272727273
BASELINE,20,always_long,0.0,4,mid,18,0.002102920711882778,0.01500286659361881,0.49754678406549535,-0.047595963059144486,0.5
BASELINE,20,always_long,0.0,5,high,22,-0.0014901326502511812,0.024203281893090015,-0.21854251878472414,-0.18089961186173598,0.5454545454545454
BASELINE,20,always_long,0.0,5,low,11,0.005482031660725836,0.01603793823590829,1.2133281548267059,-0.016706673067691247,0.6363636363636364
BASELINE,20,always_long,0.0,5,mid,18,0.00039115574076777223,0.016225082945218048,0.08557522612905714,-0.06879757205310966,0.4444444444444444
BASELINE,20,always_long,0.0,6,high,22,-0.0010025674849425503,0.023215400115126513,-0.15329313816125875,-0.17350694426427715,0.4090909090909091
BASELINE,20,always_long,0.0,6,low,11,0.006084401802475672,0.01551577049270814,1.391969796645211,-0.012845277187560566,0.6363636363636364
BASELINE,20,always_long,0.0,6,mid,18,-0.0008842791533910226,0.01862575721849407,-0.16852359753079765,-0.08414898081905398,0.5
BASELINE,20,always_long,0.0,7,high,20,0.0024241326653768594,0.02406442051855125,0.3575742596950966,-0.11726697130448249,0.45
BASELINE,20,always_long,0.0,7,low,11,0.005680910176302228,0.014986935082683808,1.345520654818555,-0.013844822613210517,0.6363636363636364
BASELINE,20,always_long,0.0,7,mid,20,-0.00405110220294653,0.016654065744203254,-0.8634519958154112,-0.10940982626492013,0.4
BASELINE,20,always_long,0.0,8,high,18,0.003565950466797006,0.024781819630741483,0.5107723592173007,-0.09888848532586425,0.6111111111111112
BASELINE,20,always_long,0.0,8,low,11,0.004716915492553746,0.015270719316476774,1.096437481657213,-0.01671469740634013,0.6363636363636364
BASELINE,20,always_long,0.0,8,mid,22,-0.003555141911021768,0.017473074241259656,-0.7222256219634682,-0.09986003947343791,0.4090909090909091
BASELINE,20,always_long,0.0,9,high,18,0.00303129793624886,0.02700004009720895,0.3985194178814709,-0.1048939282681095,0.5
BASELINE,20,always_long,0.0,9,low,10,0.004741604086314311,0.01657931116724691,1.0151823965976545,-0.01511650298478684,0.6
BASELINE,20,always_long,0.0,9,mid,23,-0.0029772224780561752,0.01975216272075009,-0.5350346479390184,-0.10839746857828914,0.43478260869565216
BASELINE,20,always_long,0.0,10,high,16,-0.0007396441005613629,0.02347835836236915,-0.11182536979331872,-0.11723695107852694,0.4375
BASELINE,20,always_long,0.0,10,low,11,0.00425051328662099,0.015830407676442462,0.9530914011846537,-0.014640596958534147,0.5454545454545454
BASELINE,20,always_long,0.0,10,mid,24,0.0002982036881949701,0.023772173577554723,0.04452761053305774,-0.08606652584161245,0.4583333333333333
BASELINE,20,always_long,0.0,11,high,18,-0.003902288126428877,0.02347383742480005,-0.5900930676516911,-0.16697031765656112,0.4444444444444444
BASELINE,20,always_long,0.0,11,low,10,0.00433079234283663,0.015180886470725921,1.0126409840557846,-0.01265344664778112,0.6
BASELINE,20,always_long,0.0,11,mid,23,0.002870703853853513,0.02064635314780873,0.49354904214213996,-0.06523917373202381,0.6086956521739131
BASELINE,20,always_long,0.0,12,high,18,-0.0022480481889943834,0.02492932735254684,-0.3200960600563814,-0.17421468374584903,0.4444444444444444
BASELINE,20,always_long,0.0,12,low,9,0.0027291654684821,0.014931572945685506,0.648798115706327,-0.01318321785989185,0.5555555555555556
BASELINE,20,always_long,0.0,12,mid,24,0.0021917838390084874,0.018888934304231178,0.41188458332383465,-0.068505111668835,0.625
BASELINE,20,always_long,0.0,13,high,17,7.10740054793878e-05,0.027054737127906157,0.009325083846114449,-0.15145049209881656,0.5294117647058824
BASELINE,20,always_long,0.0,13,low,9,0.003638120175175955,0.014696126117042291,0.8787380720101109,-0.013737565135006902,0.5555555555555556
BASELINE,20,always_long,0.0,13,mid,25,0.00011884949252080855,0.01775404280325134,0.023762128583082152,-0.09164810432804649,0.56
BASELINE,20,always_long,0.0,14,high,17,-0.00047219788426655385,0.026840551718219342,-0.06244790463458704,-0.1616929437856759,0.47058823529411764
BASELINE,20,always_long,0.0,14,low,11,0.00026089631292020856,0.011836581543359663,0.0782396537394721,-0.013517427826591266,0.45454545454545453
BASELINE,20,always_long,0.0,14,mid,23,0.001832918525678909,0.018061832657686717,0.3602190023354993,-0.08725797353397824,0.5652173913043478
BASELINE,20,always_long,0.0,15,high,18,-0.0025001851211197113,0.026741241680771015,-0.33187601740345934,-0.18817785377244234,0.4444444444444444
BASELINE,20,always_long,0.0,15,low,11,0.0017267817817579558,0.015936821658002323,0.3846103950251592,-0.01984805318138627,0.36363636363636365
BASELINE,20,always_long,0.0,15,mid,22,0.002586489236024673,0.016903044083504452,0.5431640574155511,-0.07751038285671319,0.5454545454545454
BASELINE,20,always_long,0.0,16,high,19,-0.002092158124392832,0.028042520845035168,-0.2648272839200065,-0.1989514294953636,0.42105263157894735
BASELINE,20,always_long,0.0,16,low,11,0.0014466542479937455,0.015620758777996709,0.32873647450774734,-0.02404485839194004,0.36363636363636365
BASELINE,20,always_long,0.0,16,mid,21,0.0026161411119791237,0.016183265270636224,0.5738260833083523,-0.07443511612004938,0.6190476190476191
BASELINE,20,always_long,0.0,17,high,19,-0.0017729738937625687,0.02651140791604932,-0.23738584632094933,-0.18547419273413768,0.42105263157894735
BASELINE,20,always_long,0.0,17,low,11,0.001045478062575791,0.014566111957793998,0.25477484922265486,-0.02147676518103181,0.45454545454545453
BASELINE,20,always_long,0.0,17,mid,21,0.0024905388792056523,0.015673852242919346,0.5640308387728351,-0.0721997144251505,0.47619047619047616
BASELINE,20,always_long,0.0,18,high,20,-0.0015458860250443505,0.02768714986126451,-0.19819125707560464,-0.19075250602922056,0.45
BASELINE,20,always_long,0.0,18,low,11,0.002259780616324828,0.01564433635600091,0.5127367034659118,-0.017610661589719023,0.6363636363636364
BASELINE,20,always_long,0.0,18,mid,19,0.002355173484454153,0.015119091865340288,0.5529456806468538,-0.06592620933721183,0.5789473684210527
BASELINE,20,always_long,0.0,19,high,19,0.0020072007480371637,0.021695492233424263,0.32840259086974943,-0.1302414172572799,0.47368421052631576
BASELINE,20,always_long,0.0,19,low,12,0.0042248893474885335,0.014874528695597272,1.0082248506566023,-0.01891634980988599,0.6666666666666666
BASELINE,20,always_long,0.0,19,mid,19,-0.002422327365988636,0.02018802306584557,-0.4259163538073977,-0.11841665643567922,0.42105263157894735
BASELINE,20,always_short,0.0,0,high,20,-0.0009320545674596946,0.021502071156719423,-0.15386729426492826,-0.14165548098434022,0.5
BASELINE,20,always_short,0.0,0,low,12,-0.0046780096334156996,0.01624239852036915,-1.0223420457029966,-0.07759359473391014,0.3333333333333333
BASELINE,20,always_short,0.0,0,mid,19,0.0017312773993997308,0.018955997969841362,0.32419422826974725,-0.0598253555139423,0.5263157894736842
BASELINE,20,always_short,0.0,1,high,21,-0.0020345277204882094,0.020430366907307613,-0.35348640687497807,-0.13930749910297768,0.47619047619047616
BASELINE,20,always_short,0.0,1,low,12,-0.003821516525409775,0.016913074298783064,-0.8020444866744749,-0.06851459697210216,0.3333333333333333
BASELINE,20,always_short,0.0,1,mid,18,0.0030000192901926443,0.02001807871312292,0.531969737734598,-0.05243715848853503,0.6666666666666666
BASELINE,20,always_short,0.0,2,high,22,-0.0016458237313607957,0.021311961619062757,-0.27412280514638176,-0.1361472833408175,0.5
BASELINE,20,always_short,0.0,2,low,12,-0.003811691152309908,0.016278326115466507,-0.8311764541014325,-0.06648057152665665,0.3333333333333333
BASELINE,20,always_short,0.0,2,mid,17,0.0026488394530911593,0.020184442697713058,0.4658264517420077,-0.055813185098926965,0.6470588235294118
BASELINE,20,always_short,0.0,3,high,22,0.0008991782782776503,0.027756122584824666,0.11499323258708684,-0.13982112813247138,0.5
BASELINE,20,always_short,0.0,3,low,12,-0.0035881227018453254,0.01718360853230413,-0.7412047406373793,-0.0684484993077511,0.3333333333333333
BASELINE,20,always_short,0.0,3,mid,17,-0.0007720920584488938,0.015138607281270434,-0.18103745474654817,-0.04673388639279541,0.5294117647058824
BASELINE,20,always_short,0.0,4,high,22,0.002318596089959313,0.025495725214938286,0.32280704323590226,-0.14345243372639338,0.5454545454545454
BASELINE,20,always_short,0.0,4,low,11,-0.004245228870979418,0.01702029815638379,-0.8853586159586365,-0.06982308339690746,0.2727272727272727
BASELINE,20,always_short,0.0,4,mid,18,-0.002102920711882778,0.01500286659361881,-0.49754678406549535,-0.04672445642020062,0.5
BASELINE,20,always_short,0.0,5,high,22,0.0014901326502511812,0.024203281893090015,0.21854251878472414,-0.14672087678981727,0.45454545454545453
BASELINE,20,always_short,0.0,5,low,11,-0.005482031660725836,0.01603793823590829,-1.2133281548267059,-0.07503088146381154,0.36363636363636365
BASELINE,20,always_short,0.0,5,mid,18,-0.00039115574076777223,0.016225082945218048,-0.08557522612905714,-0.05376919382719669,0.5555555555555556
BASELINE,20,always_short,0.0,6,high,22,0.0010025674849425503,0.023215400115126513,0.15329313816125875,-0.14864864864864824,0.5909090909090909
BASELINE,20,always_short,0.0,6,low,11,-0.006084401802475672,0.01551577049270814,-1.391969796645211,-0.07853066506082207,0.36363636363636365
BASELINE,20,always_short,0.0,6,mid,18,0.0008842791533910226,0.01862575721849407,0.16852359753079765,-0.056784278375642705,0.5
BASELINE,20,always_short,0.0,7,high,20,-0.0024241326653768594,0.02406442051855125,-0.3575742596950966,-0.1533709848217436,0.55
BASELINE,20,always_short,0.0,7,low,11,-0.005680910176302228,0.014986935082683808,-1.345520654818555,-0.07728448401866073,0.36363636363636365
BASELINE,20,always_short,0.0,7,mid,20,0.00405110220294653,0.016654065744203254,0.8634519958154112,-0.03024861618457786,0.6
BASELINE,20,always_short,0.0,8,high,18,-0.003565950466797006,0.024781819630741483,-0.5107723592173007,-0.15112139551441772,0.3888888888888889
BASELINE,20,always_short,0.0,8,low,11,-0.004716915492553746,0.015270719316476774,-1.096437481657213,-0.06295215742005378,0.36363636363636365
BASELINE,20,always_short,0.0,8,mid,22,0.003555141911021768,0.017473074241259656,0.7222256219634682,-0.03095695204694804,0.5909090909090909
BASELINE,20,always_short,0.0,9,high,18,-0.00303129793624886,0.02700004009720895,-0.3985194178814709,-0.15726767275615572,0.5
BASELINE,20,always_short,0.0,9,low,10,-0.004741604086314311,0.01657931116724691,-1.0151823965976545,-0.05691739378779481,0.4
BASELINE,20,always_short,0.0,9,mid,23,0.0029772224780561752,0.01975216272075009,0.5350346479390184,-0.033546361813431846,0.5652173913043478
BASELINE,20,always_short,0.0,10,high,16,0.0007396441005613629,0.02347835836236915,0.11182536979331872,-0.1077504787251301,0.5625
BASELINE,20,always_short,0.0,10,low,11,-0.00425051328662099,0.015830407676442462,-0.9530914011846537,-0.06432068610742536,0.45454545454545453
BASELINE,20,always_short,0.0,10,mid,24,-0.0002982036881949701,0.023772173577554723,-0.04452761053305774,-0.06601288964778618,0.5
BASELINE,20,always_short,0.0,11,high,18,0.003902288126428877,0.02347383742480005,0.5900930676516911,-0.11284786627665733,0.5555555555555556
BASELINE,20,always_short,0.0,11,low,10,-0.00433079234283663,0.015180886470725921,-1.0126409840557846,-0.056932181466431975,0.4
BASELINE,20,always_short,0.0,11,mid,23,-0.002870703853853513,0.02064635314780873,-0.49354904214213996,-0.09794307763097887,0.34782608695652173
BASELINE,20,always_short,0.0,12,high,18,0.0022480481889943834,0.02492932735254684,0.3200960600563814,-0.15480616038236839,0.5555555555555556
BASELINE,20,always_short,0.0,12,low,9,-0.0027291654684821,0.014931572945685506,-0.648798115706327,-0.04715745254653403,0.4444444444444444
BASELINE,20,always_short,0.0,12,mid,24,-0.0021917838390084874,0.018888934304231178,-0.41188458332383465,-0.08140527051253288,0.375
BASELINE,20,always_short,0.0,13,high,17,-7.10740054793878e-05,0.027054737127906157,-0.009325083846114449,-0.1535258681785968,0.47058823529411764
BASELINE,20,always_short,0.0,13,low,9,-0.003638120175175955,0.014696126117042291,-0.8787380720101109,-0.0557054347786361,0.4444444444444444
BASELINE,20,always_short,0.0,13,mid,25,-0.00011884949252080855,0.01775404280325134,-0.023762128583082152,-0.07718335619570182,0.44
BASELINE,20,always_short,0.0,14,high,17,0.00047219788426655385,0.026840551718219342,0.06244790463458704,-0.151161763406661,0.5294117647058824
BASELINE,20,always_short,0.0,14,low,11,-0.00026089631292020856,0.011836581543359663,-0.0782396537394721,-0.029540273556231234,0.5454545454545454
BASELINE,20,always_short,0.0,14,mid,23,-0.001832918525678909,0.018061832657686717,-0.3602190023354993,-0.0971833584392181,0.43478260869565216
BASELINE,20,always_short,0.0,15,high,18,0.0025001851211197113,0.026741241680771015,0.33187601740345934,-0.15539000876424147,0.5555555555555556
BASELINE,20,always_short,0.0,15,low,11,-0.0017267817817579558,0.015936821658002323,-0.3846103950251592,-0.05223982120230497,0.6363636363636364
BASELINE,20,always_short,0.0,15,mid,22,-0.002586489236024673,0.016903044083504452,-0.5431640574155511,-0.09994767253413916,0.45454545454545453
BASELINE,20,always_short,0.0,16,high,19,0.002092158124392832,0.028042520845035168,0.2648272839200065,-0.1610726491981418,0.5789473684210527
BASELINE,20,always_short,0.0,16,low,11,-0.0014466542479937455,0.015620758777996709,-0.32873647450774734,-0.04688852392574405,0.6363636363636364
BASELINE,20,always_short,0.0,16,mid,21,-0.0026161411119791237,0.016183265270636224,-0.5738260833083523,-0.09065847099292057,0.38095238095238093
BASELINE,20,always_short,0.0,17,high,19,0.0017729738937625687,0.02651140791604932,0.23738584632094933,-0.15177619893428018,0.5789473684210527
BASELINE,20,always_short,0.0,17,low,11,-0.001045478062575791,0.014566111957793998,-0.25477484922265486,-0.047050424595798,0.5454545454545454
BASELINE,20,always_short,0.0,17,mid,21,-0.0024905388792056523,0.015673852242919346,-0.5640308387728351,-0.08904720487265116,0.5238095238095238
BASELINE,20,always_short,0.0,18,high,20,0.0015458860250443505,0.02768714986126451,0.19819125707560464,-0.14654788418708264,0.55
BASELINE,20,always_short,0.0,18,low,11,-0.002259780616324828,0.01564433635600091,-0.5127367034659118,-0.05726150589666845,0.36363636363636365
BASELINE,20,always_short,0.0,18,mid,19,-0.002355173484454153,0.015119091865340288,-0.5529456806468538,-0.0878612976779658,0.42105263157894735
BASELINE,20,always_short,0.0,19,high,19,-0.0020072007480371637,0.021695492233424263,-0.32840259086974943,-0.143417766678558,0.5263157894736842
BASELINE,20,always_short,0.0,19,low,12,-0.0042248893474885335,0.014874528695597272,-1.0082248506566023,-0.06585747237445072,0.3333333333333333
BASELINE,20,always_short,0.0,19,mid,19,0.002422327365988636,0.02018802306584557,0.4259163538073977,-0.05769985277521161,0.5789473684210527
BASELINE,20,cash,0.0,0,high,20,0.0,0.0,,0.0,0.0
BASELINE,20,cash,0.0,0,low,12,0.0,0.0,,0.0,0.0
BASELINE,20,cash,0.0,0,mid,19,0.0,0.0,,0.0,0.0
BASELINE,20,cash,0.0,1,high,21,0.0,0.0,,0.0,0.0
BASELINE,20,cash,0.0,1,low,12,0.0,0.0,,0.0,0.0
BASELINE,20,cash,0.0,1,mid,18,0.0,0.0,,0.0,0.0
BASELINE,20,cash,0.0,2,high,22,0.0,0.0,,0.0,0.0
BASELINE,20,cash,0.0,2,low,12,0.0,0.0,,0.0,0.0
BASELINE,20,cash,0.0,2,mid,17,0.0,0.0,,0.0,0.0
BASELINE,20,cash,0.0,3,high,22,0.0,0.0,,0.0,0.0
BASELINE,20,cash,0.0,3,low,12,0.0,0.0,,0.0,0.0
BASELINE,20,cash,0.0,3,mid,17,0.0,0.0,,0.0,0.0
BASELINE,20,cash,0.0,4,high,22,0.0,0.0,,0.0,0.0
BASELINE,20,cash,0.0,4,low,11,0.0,0.0,,0.0,0.0
BASELINE,20,cash,0.0,4,mid,18,0.0,0.0,,0.0,0.0
BASELINE,20,cash,0.0,5,high,22,0.0,0.0,,0.0,0.0
BASELINE,20,cash,0.0,5,low,11,0.0,0.0,,0.0,0.0
BASELINE,20,cash,0.0,5,mid,18,0.0,0.0,,0.0,0.0
BASELINE,20,cash,0.0,6,high,22,0.0,0.0,,0.0,0.0
BASELINE,20,cash,0.0,6,low,11,0.0,0.0,,0.0,0.0
BASELINE,20,cash,0.0,6,mid,18,0.0,0.0,,0.0,0.0
BASELINE,20,cash,0.0,7,high,20,0.0,0.0,,0.0,0.0
BASELINE,20,cash,0.0,7,low,11,0.0,0.0,,0.0,0.0
BASELINE,20,cash,0.0,7,mid,20,0.0,0.0,,0.0,0.0
BASELINE,20,cash,0.0,8,high,18,0.0,0.0,,0.0,0.0
BASELINE,20,cash,0.0,8,low,11,0.0,0.0,,0.0,0.0
BASELINE,20,cash,0.0,8,mid,22,0.0,0.0,,0.0,0.0
BASELINE,20,cash,0.0,9,high,18,0.0,0.0,,0.0,0.0
BASELINE,20,cash,0.0,9,low,10,0.0,0.0,,0.0,0.0
BASELINE,20,cash,0.0,9,mid,23,0.0,0.0,,0.0,0.0
BASELINE,20,cash,0.0,10,high,16,0.0,0.0,,0.0,0.0
BASELINE,20,cash,0.0,10,low,11,0.0,0.0,,0.0,0.0
BASELINE,20,cash,0.0,10,mid,24,0.0,0.0,,0.0,0.0
BASELINE,20,cash,0.0,11,high,18,0.0,0.0,,0.0,0.0
BASELINE,20,cash,0.0,11,low,10,0.0,0.0,,0.0,0.0
BASELINE,20,cash,0.0,11,mid,23,0.0,0.0,,0.0,0.0
BASELINE,20,cash,0.0,12,high,18,0.0,0.0,,0.0,0.0
BASELINE,20,cash,0.0,12,low,9,0.0,0.0,,0.0,0.0
BASELINE,20,cash,0.0,12,mid,24,0.0,0.0,,0.0,0.0
BASELINE,20,cash,0.0,13,high,17,0.0,0.0,,0.0,0.0
BASELINE,20,cash,0.0,13,low,9,0.0,0.0,,0.0,0.0
BASELINE,20,cash,0.0,13,mid,25,0.0,0.0,,0.0,0.0
BASELINE,20,cash,0.0,14,high,17,0.0,0.0,,0.0,0.0
BASELINE,20,cash,0.0,14,low,11,0.0,0.0,,0.0,0.0
BASELINE,20,cash,0.0,14,mid,23,0.0,0.0,,0.0,0.0
BASELINE,20,cash,0.0,15,high,18,0.0,0.0,,0.0,0.0
BASELINE,20,cash,0.0,15,low,11,0.0,0.0,,0.0,0.0
BASELINE,20,cash,0.0,15,mid,22,0.0,0.0,,0.0,0.0
BASELINE,20,cash,0.0,16,high,19,0.0,0.0,,0.0,0.0
BASELINE,20,cash,0.0,16,low,11,0.0,0.0,,0.0,0.0
BASELINE,20,cash,0.0,16,mid,21,0.0,0.0,,0.0,0.0
BASELINE,20,cash,0.0,17,high,19,0.0,0.0,,0.0,0.0
BASELINE,20,cash,0.0,17,low,11,0.0,0.0,,0.0,0.0
BASELINE,20,cash,0.0,17,mid,21,0.0,0.0,,0.0,0.0
BASELINE,20,cash,0.0,18,high,20,0.0,0.0,,0.0,0.0
BASELINE,20,cash,0.0,18,low,11,0.0,0.0,,0.0,0.0
BASELINE,20,cash,0.0,18,mid,19,0.0,0.0,,0.0,0.0
BASELINE,20,cash,0.0,19,high,19,0.0,0.0,,0.0,0.0
BASELINE,20,cash,0.0,19,low,12,0.0,0.0,,0.0,0.0
BASELINE,20,cash,0.0,19,mid,19,0.0,0.0,,0.0,0.0
ElasticNet,20,model,0.0,0,high,20,0.0009320545674596946,0.021502071156719423,0.15386729426492826,-0.13002163128151956,0.45
ElasticNet,20,model,0.0,0,low,12,0.0046780096334156996,0.01624239852036915,1.0223420457029966,-0.022832780672667252,0.6666666666666666
ElasticNet,20,model,0.0,0,mid,19,-0.0017312773993997308,0.018955997969841362,-0.32419422826974725,-0.11064721573172587,0.47368421052631576
ElasticNet,20,model,0.0,1,high,21,0.0020345277204882094,0.020430366907307613,0.35348640687497807,-0.12428873307387833,0.5238095238095238
ElasticNet,20,model,0.0,1,low,12,0.003821516525409775,0.016913074298783064,0.8020444866744749,-0.020966183574878783,0.6666666666666666
ElasticNet,20,model,0.0,1,mid,18,-0.0030000192901926443,0.02001807871312292,-0.531969737734598,-0.11976533665430622,0.3333333333333333
ElasticNet,20,model,0.0,2,high,22,0.0016458237313607957,0.021311961619062757,0.27412280514638176,-0.1140935269751725,0.5
ElasticNet,20,model,0.0,2,low,12,0.003811691152309908,0.016278326115466507,0.8311764541014325,-0.025650769523086203,0.6666666666666666
ElasticNet,20,model,0.0,2,mid,17,-0.0026488394530911593,0.020184442697713058,-0.4658264517420077,-0.11467277043817392,0.35294117647058826
ElasticNet,20,model,0.0,3,high,22,-0.0008991782782776503,0.027756122584824666,-0.11499323258708684,-0.15790163176465333,0.5
ElasticNet,20,model,0.0,3,low,12,0.0035881227018453254,0.01718360853230413,0.7412047406373793,-0.02546318289786298,0.6666666666666666
ElasticNet,20,model,0.0,3,mid,17,0.0007720920584488938,0.015138607281270434,0.18103745474654817,-0.06576696787477698,0.47058823529411764
ElasticNet,20,model,0.0,4,high,22,-0.002318596089959313,0.025495725214938286,-0.32280704323590226,-0.18208595359923274,0.45454545454545453
ElasticNet,20,model,0.0,4,low,11,0.004245228870979418,0.01702029815638379,0.8853586159586365,-0.015665545410860182,0.7272727272727273
ElasticNet,20,model,0.0,4,mid,18,0.002102920711882778,0.01500286659361881,0.49754678406549535,-0.047595963059144486,0.5
ElasticNet,20,model,0.0,5,high,22,-0.0014901326502511812,0.024203281893090015,-0.21854251878472414,-0.18089961186173598,0.5454545454545454
ElasticNet,20,model,0.0,5,low,11,0.005482031660725836,0.01603793823590829,1.2133281548267059,-0.016706673067691247,0.6363636363636364
ElasticNet,20,model,0.0,5,mid,18,0.00039115574076777223,0.016225082945218048,0.08557522612905714,-0.06879757205310966,0.4444444444444444
ElasticNet,20,model,0.0,6,high,22,-0.0010025674849425503,0.023215400115126513,-0.15329313816125875,-0.17350694426427715,0.4090909090909091
ElasticNet,20,model,0.0,6,low,11,0.006084401802475672,0.01551577049270814,1.391969796645211,-0.012845277187560566,0.6363636363636364
ElasticNet,20,model,0.0,6,mid,18,-0.0008842791533910226,0.01862575721849407,-0.16852359753079765,-0.08414898081905398,0.5
ElasticNet,20,model,0.0,7,high,20,0.0024241326653768594,0.02406442051855125,0.3575742596950966,-0.11726697130448249,0.45
ElasticNet,20,model,0.0,7,low,11,0.005680910176302228,0.014986935082683808,1.345520654818555,-0.013844822613210517,0.6363636363636364
ElasticNet,20,model,0.0,7,mid,20,-0.00405110220294653,0.016654065744203254,-0.8634519958154112,-0.10940982626492013,0.4
ElasticNet,20,model,0.0,8,high,18,0.003565950466797006,0.024781819630741483,0.5107723592173007,-0.09888848532586425,0.6111111111111112
ElasticNet,20,model,0.0,8,low,11,0.004716915492553746,0.015270719316476774,1.096437481657213,-0.01671469740634013,0.6363636363636364
ElasticNet,20,model,0.0,8,mid,22,-0.003555141911021768,0.017473074241259656,-0.7222256219634682,-0.09986003947343791,0.4090909090909091
ElasticNet,20,model,0.0,9,high,18,0.00303129793624886,0.02700004009720895,0.3985194178814709,-0.1048939282681095,0.5
ElasticNet,20,model,0.0,9,low,10,0.004741604086314311,0.01657931116724691,1.0151823965976545,-0.01511650298478684,0.6
ElasticNet,20,model,0.0,9,mid,23,-0.0029772224780561752,0.01975216272075009,-0.5350346479390184,-0.10839746857828914,0.43478260869565216
ElasticNet,20,model,0.0,10,high,16,-0.0007396441005613629,0.02347835836236915,-0.11182536979331872,-0.11723695107852694,0.4375
ElasticNet,20,model,0.0,10,low,11,0.00425051328662099,0.015830407676442462,0.9530914011846537,-0.014640596958534147,0.5454545454545454
ElasticNet,20,model,0.0,10,mid,24,0.0002982036881949701,0.023772173577554723,0.04452761053305774,-0.08606652584161245,0.4583333333333333
ElasticNet,20,model,0.0,11,high,18,-0.003902288126428877,0.02347383742480005,-0.5900930676516911,-0.16697031765656112,0.4444444444444444
ElasticNet,20,model,0.0,11,low,10,0.00433079234283663,0.015180886470725921,1.0126409840557846,-0.01265344664778112,0.6
ElasticNet,20,model,0.0,11,mid,23,0.002870703853853513,0.02064635314780873,0.49354904214213996,-0.06523917373202381,0.6086956521739131
ElasticNet,20,model,0.0,12,high,18,-0.0022480481889943834,0.02492932735254684,-0.3200960600563814,-0.17421468374584903,0.4444444444444444
ElasticNet,20,model,0.0,12,low,9,0.0027291654684821,0.014931572945685506,0.648798115706327,-0.01318321785989185,0.5555555555555556
ElasticNet,20,model,0.0,12,mid,24,0.0021917838390084874,0.018888934304231178,0.41188458332383465,-0.068505111668835,0.625
ElasticNet,20,model,0.0,13,high,17,7.10740054793878e-05,0.027054737127906157,0.009325083846114449,-0.15145049209881656,0.5294117647058824
ElasticNet,20,model,0.0,13,low,9,0.003638120175175955,0.014696126117042291,0.8787380720101109,-0.013737565135006902,0.5555555555555556
ElasticNet,20,model,0.0,13,mid,25,0.00011884949252080855,0.01775404280325134,0.023762128583082152,-0.09164810432804649,0.56
ElasticNet,20,model,0.0,14,high,17,-0.00047219788426655385,0.026840551718219342,-0.06244790463458704,-0.1616929437856759,0.47058823529411764
ElasticNet,20,model,0.0,14,low,11,0.00026089631292020856,0.011836581543359663,0.0782396537394721,-0.013517427826591266,0.45454545454545453
ElasticNet,20,model,0.0,14,mid,23,0.001832918525678909,0.018061832657686717,0.3602190023354993,-0.08725797353397824,0.5652173913043478
ElasticNet,20,model,0.0,15,high,18,-0.0025001851211197113,0.026741241680771015,-0.33187601740345934,-0.18817785377244234,0.4444444444444444
ElasticNet,20,model,0.0,15,low,11,0.0017267817817579558,0.015936821658002323,0.3846103950251592,-0.01984805318138627,0.36363636363636365
ElasticNet,20,model,0.0,15,mid,22,0.002586489236024673,0.016903044083504452,0.5431640574155511,-0.07751038285671319,0.5454545454545454
ElasticNet,20,model,0.0,16,high,19,-0.002092158124392832,0.028042520845035168,-0.2648272839200065,-0.1989514294953636,0.42105263157894735
ElasticNet,20,model,0.0,16,low,11,0.0014466542479937455,0.015620758777996709,0.32873647450774734,-0.02404485839194004,0.36363636363636365
ElasticNet,20,model,0.0,16,mid,21,0.0026161411119791237,0.016183265270636224,0.5738260833083523,-0.07443511612004938,0.6190476190476191
ElasticNet,20,model,0.0,17,high,19,-0.0017729738937625687,0.02651140791604932,-0.23738584632094933,-0.18547419273413768,0.42105263157894735
ElasticNet,20,model,0.0,17,low,11,0.001045478062575791,0.014566111957793998,0.25477484922265486,-0.02147676518103181,0.45454545454545453
ElasticNet,20,model,0.0,17,mid,21,0.0024905388792056523,0.015673852242919346,0.5640308387728351,-0.0721997144251505,0.47619047619047616
ElasticNet,20,model,0.0,18,high,20,-0.0015458860250443505,0.02768714986126451,-0.19819125707560464,-0.19075250602922056,0.45
ElasticNet,20,model,0.0,18,low,11,0.002259780616324828,0.01564433635600091,0.5127367034659118,-0.017610661589719023,0.6363636363636364
ElasticNet,20,model,0.0,18,mid,19,0.002355173484454153,0.015119091865340288,0.5529456806468538,-0.06592620933721183,0.5789473684210527
ElasticNet,20,model,0.0,19,high,19,0.0020072007480371637,0.021695492233424263,0.32840259086974943,-0.1302414172572799,0.47368421052631576
ElasticNet,20,model,0.0,19,low,12,0.0042248893474885335,0.014874528695597272,1.0082248506566023,-0.01891634980988599,0.6666666666666666
ElasticNet,20,model,0.0,19,mid,19,-0.002422327365988636,0.02018802306584557,-0.4259163538073977,-0.11841665643567922,0.42105263157894735
ElasticNet,20,model,0.0005,0,high,20,-6.122661843580129e-06,0.020699708403032473,-0.001049932354010939,-0.13002163128151933,0.35
ElasticNet,20,model,0.0005,0,low,12,0.0046780096334156996,0.01624239852036915,1.0223420457029966,-0.022832780672667252,0.6666666666666666
ElasticNet,20,model,0.0005,0,mid,19,-0.002247437153739084,0.018333465851078576,-0.435139245913195,-0.09912695413300499,0.3684210526315789
ElasticNet,20,model,0.0005,1,high,21,0.0006548902450236287,0.019674278669182983,0.11815578107477327,-0.12428873307387822,0.38095238095238093
ElasticNet,20,model,0.0005,1,low,12,0.003821516525409775,0.016913074298783064,0.8020444866744749,-0.020966183574878783,0.6666666666666666
ElasticNet,20,model,0.0005,1,mid,18,-0.0028230570809916664,0.019116966166208182,-0.5241866552940722,-0.0993846690215413,0.2222222222222222
ElasticNet,20,model,0.0005,2,high,22,0.0007963644480334181,0.0205625872142964,0.13747362319409379,-0.1140935269751725,0.4090909090909091
ElasticNet,20,model,0.0005,2,low,12,0.003811691152309908,0.016278326115466507,0.8311764541014325,-0.025650769523086203,0.6666666666666666
ElasticNet,20,model,0.0005,2,mid,17,-0.003228135371535988,0.019645973068991893,-0.583261709916397,-0.10623243908509872,0.23529411764705882
ElasticNet,20,model,0.0005,3,high,22,-0.0012046141231440957,0.027413461974058334,-0.15598015165934967,-0.14800386060393766,0.36363636363636365
ElasticNet,20,model,0.0005,3,low,12,0.0035881227018453254,0.01718360853230413,0.7412047406373793,-0.02546318289786298,0.6666666666666666
ElasticNet,20,model,0.0005,3,mid,17,-0.0008547936255843175,0.013686964110052734,-0.22168658789691179,-0.06048610284220912,0.29411764705882354
ElasticNet,20,model,0.0005,4,high,22,-0.00248470250418415,0.02466323209076429,-0.3576100212151548,-0.17063485191445826,0.3181818181818182
ElasticNet,20,model,0.0005,4,low,11,0.004245228870979418,0.01702029815638379,0.8853586159586365,-0.015665545410860182,0.7272727272727273
ElasticNet,20,model,0.0005,4,mid,18,0.0006839284043608553,0.012655318548450013,0.19183278511574406,-0.0475959630591446,0.3333333333333333
ElasticNet,20,model,0.0005,5,high,22,-0.002226904790690105,0.02296679148832609,-0.3441807642426493,-0.16597288673302302,0.3181818181818182
ElasticNet,20,model,0.0005,5,low,11,0.005482031660725836,0.01603793823590829,1.2133281548267059,-0.016706673067691247,0.6363636363636364
ElasticNet,20,model,0.0005,5,mid,18,-0.00042682665440486146,0.01486450389236559,-0.10192632970318881,-0.06228776740268038,0.2777777777777778
ElasticNet,20,model,0.0005,6,high,22,-0.00040676907186914146,0.022455597123434937,-0.06429964705673649,-0.1472193138560135,0.3181818181818182
ElasticNet,20,model,0.0005,6,low,11,0.006084401802475672,0.01551577049270814,1.391969796645211,-0.012845277187560566,0.6363636363636364
ElasticNet,20,model,0.0005,6,mid,18,-0.0016356282690164828,0.01786493400917867,-0.32498885235253683,-0.08414898081905409,0.2777777777777778
ElasticNet,20,model,0.0005,7,high,20,0.0026885440662644546,0.023182710197197816,0.4116595789129647,-0.09930638606005071,0.35
ElasticNet,20,model,0.0005,7,low,11,0.005680910176302228,0.014986935082683808,1.345520654818555,-0.013844822613210517,0.6363636363636364
ElasticNet,20,model,0.0005,7,mid,20,-0.0034762788411156946,0.01604806707678889,-0.7689128992520374,-0.09176260824327032,0.25
ElasticNet,20,model,0.0005,8,high,18,0.004294239125609055,0.022461612607979402,0.6786261089496144,-0.08330366678533263,0.5
ElasticNet,20,model,0.0005,8,low,11,0.004716915492553746,0.015270719316476774,1.096437481657213,-0.01671469740634013,0.6363636363636364
ElasticNet,20,model,0.0005,8,mid,22,-0.00351279785753629,0.0158240629948559,-0.7879894965221734,-0.08285698282847953,0.2727272727272727
ElasticNet,20,model,0.0005,9,high,18,0.0037414351456122714,0.023809230470222306,0.5577995186132143,-0.08887123819609921,0.4444444444444444
ElasticNet,20,model,0.0005,9,low,10,0.004741604086314311,0.01657931116724691,1.0151823965976545,-0.01511650298478684,0.6
ElasticNet,20,model,0.0005,9,mid,23,-0.0030126098478819615,0.017899980714186664,-0.5974142821716816,-0.08620409839933463,0.30434782608695654
ElasticNet,20,model,0.0005,10,high,16,-0.0005944445854971503,0.01916786316865257,-0.11008368215558184,-0.08006685855820994,0.375
ElasticNet,20,model,0.0005,10,low,11,0.00425051328662099,0.015830407676442462,0.9530914011846537,-0.014640596958534147,0.5454545454545454
ElasticNet,20,model,0.0005,10,mid,24,-4.786793927116263e-05,0.02189230925437249,-0.007761370748703577,-0.0709981966827774,0.3333333333333333
ElasticNet,20,model,0.0005,11,high,18,-0.0031674601374359723,0.02074489611521218,-0.5419823780881987,-0.13196087840502346,0.3888888888888889
ElasticNet,20,model,0.0005,11,low,10,0.00433079234283663,0.015180886470725921,1.0126409840557846,-0.01265344664778112,0.6
ElasticNet,20,model,0.0005,11,mid,23,0.0022407945532779312,0.018705206017785213,0.4252309012407327,-0.050233751947932226,0.391304347826087
ElasticNet,20,model,0.0005,12,high,18,-0.0017930882264573888,0.023614300479304726,-0.269532938699292,-0.16031217289502842,0.3888888888888889
ElasticNet,20,model,0.0005,12,low,9,0.0027291654684821,0.014931572945685506,0.648798115706327,-0.01318321785989185,0.5555555555555556
ElasticNet,20,model,0.0005,12,mid,24,0.0015285145237536504,0.017183120737814875,0.31575686431345146,-0.04708149779735682,0.4166666666666667
ElasticNet,20,model,0.0005,13,high,17,-0.001662329810419706,0.025158904227355228,-0.23453666412644872,-0.15153534280700065,0.4117647058823529
ElasticNet,20,model,0.0005,13,low,9,0.003638120175175955,0.014696126117042291,0.8787380720101109,-0.013737565135006902,0.5555555555555556
ElasticNet,20,model,0.0005,13,mid,25,0.000453125826165528,0.015706292712227402,0.10240717864469322,-0.051486053955190014,0.36
ElasticNet,20,model,0.0005,14,high,17,-0.0025784849858923125,0.025222927056320687,-0.36287278305173704,-0.16177677029990178,0.35294117647058826
ElasticNet,20,model,0.0005,14,low,11,0.00026089631292020856,0.011836581543359663,0.0782396537394721,-0.013517427826591266,0.45454545454545453
ElasticNet,20,model,0.0005,14,mid,23,0.0019998625387452266,0.016585077410571296,0.42802379662964846,-0.05468678555098261,0.391304347826087
ElasticNet,20,model,0.0005,15,high,18,-0.0037065882120797225,0.02548405933972963,-0.5162867805343805,-0.18825903192808968,0.3333333333333333
ElasticNet,20,model,0.0005,15,low,11,0.0017267817817579558,0.015936821658002323,0.3846103950251592,-0.01984805318138627,0.36363636363636365
ElasticNet,20,model,0.0005,15,mid,22,0.0027123691888065768,0.015181347649901764,0.6341963661824738,-0.04460484915787499,0.36363636363636365
ElasticNet,20,model,0.0005,16,high,19,-0.004263170647756469,0.026425118496747852,-0.5726655345185997,-0.1990315303473048,0.2631578947368421
ElasticNet,20,model,0.0005,16,low,11,0.0014466542479937455,0.015620758777996709,0.32873647450774734,-0.02404485839194004,0.36363636363636365
ElasticNet,20,model,0.0005,16,mid,21,0.0032242138294130327,0.013953120435929778,0.8202339974130487,-0.043819913099750196,0.47619047619047616
ElasticNet,20,model,0.0005,17,high,19,-0.003830606933524663,0.024863212650886087,-0.5468845049423369,-0.1855556412423709,0.2631578947368421
ElasticNet,20,model,0.0005,17,low,11,0.001045478062575791,0.014566111957793998,0.25477484922265486,-0.02147676518103181,0.45454545454545453
ElasticNet,20,model,0.0005,17,mid,21,0.003274194210801395,0.01316865182608584,0.8825684405184001,-0.04020332717190367,0.38095238095238093
ElasticNet,20,model,0.0005,18,high,20,-0.0037891632822671857,0.026507702741133926,-0.5074070546512853,-0.19083342673251513,0.3
ElasticNet,20,model,0.0005,18,low,11,0.002259780616324828,0.01564433635600091,0.5127367034659118,-0.017610661589719023,0.6363636363636364
ElasticNet,20,model,0.0005,18,mid,19,0.002836048271694658,0.012808406717315245,0.7859660400095845,-0.03736243410709306,0.3684210526315789
ElasticNet,20,model,0.0005,19,high,19,6.232620143779995e-05,0.020909196006102828,0.010580802251103518,-0.1302414172572799,0.3157894736842105
ElasticNet,20,model,0.0005,19,low,12,0.0042248893474885335,0.014874528695597272,1.0082248506566023,-0.01891634980988599,0.6666666666666666
ElasticNet,20,model,0.0005,19,mid,19,-0.002372794475302279,0.01940655055928416,-0.43400731258973646,-0.09923828405449064,0.3157894736842105
ElasticNet,20,model,0.001,0,high,20,0.00075799486030952,0.0039020437352412225,0.6895398985311499,-0.0020684782314865924,0.05
ElasticNet,20,model,0.001,0,low,12,0.0,0.0,,0.0,0.0
ElasticNet,20,model,0.001,0,mid,19,0.0,0.0,,0.0,0.0
ElasticNet,20,model,0.001,1,high,21,0.0005360745671569714,0.0028095749583418477,0.6772824977475522,-0.0013701701267428978,0.047619047619047616
ElasticNet,20,model,0.001,1,low,12,0.0,0.0,,0.0,0.0
ElasticNet,20,model,0.001,1,mid,18,0.0,0.0,,0.0,0.0
ElasticNet,20,model,0.001,2,high,22,0.0006115287383482455,0.0023895835452162353,0.9084058549789907,-9.999500016666385e-05,0.09090909090909091
ElasticNet,20,model,0.001,2,low,12,0.0,0.0,,0.0,0.0
ElasticNet,20,model,0.001,2,mid,17,0.0,0.0,,0.0,0.0
ElasticNet,20,model,0.001,3,high,22,0.0013058016775536227,0.0049821950333543506,0.9303401637544574,-9.99950001664418e-05,0.09090909090909091
ElasticNet,20,model,0.001,3,low,12,0.0,0.0,,0.0,0.0
ElasticNet,20,model,0.001,3,mid,17,0.0,0.0,,0.0,0.0
ElasticNet,20,model,0.001,4,high,22,0.0007682115096568,0.008281237513802147,0.3292841612512852,-0.017032427038021658,0.045454545454545456
ElasticNet,20,model,0.001,4,low,11,0.0,0.0,,0.0,0.0
ElasticNet,20,model,0.001,4,mid,18,0.0,0.0,,0.0,0.0
ElasticNet,20,model,0.001,5,high,22,0.0007358434689513818,0.011124358199691514,0.23479873222582207,-0.026789919121604444,0.045454545454545456
ElasticNet,20,model,0.001,5,low,11,0.0,0.0,,0.0,0.0
ElasticNet,20,model,0.001,5,mid,18,0.0,0.0,,0.0,0.0
ElasticNet,20,model,0.001,6,high,22,-8.365410982460482e-05,0.00965053905144123,-0.030769538484959322,-0.031716688322012576,0.045454545454545456
ElasticNet,20,model,0.001,6,low,11,0.0,0.0,,0.0,0.0
ElasticNet,20,model,0.001,6,mid,18,0.0,0.0,,0.0,0.0
ElasticNet,20,model,0.001,7,high,20,0.00039416186637761496,0.009405131354127346,0.1487630291046659,-0.024541602958598863,0.05
ElasticNet,20,model,0.001,7,low,11,0.0,0.0,,0.0,0.0
ElasticNet,20,model,0.001,7,mid,20,0.0,0.0,,0.0,0.0
ElasticNet,20,model,0.001,8,high,18,-0.0007911193359595946,0.010729426580584895,-0.2617283453689253,-0.03703115396020018,0.05555555555555555
ElasticNet,20,model,0.001,8,low,11,0.0,0.0,,0.0,0.0
ElasticNet,20,model,0.001,8,mid,22,0.0,0.0,,0.0,0.0
ElasticNet,20,model,0.001,9,high,18,-0.0017958309128936227,0.017217006975411116,-0.37024828901359946,-0.062047731608575796,0.05555555555555555
ElasticNet,20,model,0.001,9,low,10,0.0,0.0,,0.0,0.0
ElasticNet,20,model,0.001,9,mid,23,0.0,0.0,,0.0,0.0
ElasticNet,20,model,0.001,10,high,16,-0.0017917329036483437,0.01365366142426711,-0.46581064867253297,-0.048113758182057986,0.0625
ElasticNet,20,model,0.001,10,low,11,0.0,0.0,,0.0,0.0
ElasticNet,20,model,0.001,10,mid,24,0.0,0.0,,0.0,0.0
ElasticNet,20,model,0.001,11,high,18,-0.001965669988661483,0.01323245935611078,-0.5272970126205085,-0.05119628527617737,0.05555555555555555
ElasticNet,20,model,0.001,11,low,10,0.0,0.0,,0.0,0.0
ElasticNet,20,model,0.001,11,mid,23,0.0,0.0,,0.0,0.0
ElasticNet,20,model,0.001,12,high,18,-0.0022446981369383446,0.015492872270095093,-0.5142937875787755,-0.059396596465017826,0.05555555555555555
ElasticNet,20,model,0.001,12,low,9,0.0,0.0,,0.0,0.0
ElasticNet,20,model,0.001,12,mid,24,0.0,0.0,,0.0,0.0
ElasticNet,20,model,0.001,13,high,17,0.0007909949318342235,0.0032872141883669593,0.8541437563732581,-9.999500016677487e-05,0.058823529411764705
ElasticNet,20,model,0.001,13,low,9,0.0,0.0,,0.0,0.0
ElasticNet,20,model,0.001,13,mid,25,0.0,0.0,,0.0,0.0
ElasticNet,20,model,0.001,14,high,17,-0.0006282158600399941,0.0025645451771103434,-0.869528487665687,-0.010622844420436928,0.0
ElasticNet,20,model,0.001,14,low,11,0.0,0.0,,0.0,0.0
ElasticNet,20,model,0.001,14,mid,23,0.0,0.0,,0.0,0.0
ElasticNet,20,model,0.001,15,high,18,-0.0010480930707459832,0.004421788199218477,-0.8413703163452774,-0.018688832255471577,0.0
ElasticNet,20,model,0.001,15,low,11,0.0,0.0,,0.0,0.0
ElasticNet,20,model,0.001,15,mid,22,0.0,0.0,,0.0,0.0
ElasticNet,20,model,0.001,16,high,19,0.0010338993827812683,0.013029502013857,0.2816668463488322,-0.027789803218547404,0.05263157894736842
ElasticNet,20,model,0.001,16,low,11,0.0,0.0,,0.0,0.0
ElasticNet,20,model,0.001,16,mid,21,0.0,0.0,,0.0,0.0
ElasticNet,20,model,0.001,17,high,19,0.00047145121863269486,0.010306725351521748,0.16236833299484926,-0.025852304187551134,0.05263157894736842
ElasticNet,20,model,0.001,17,low,11,0.0,0.0,,0.0,0.0
ElasticNet,20,model,0.001,17,mid,21,0.0,0.0,,0.0,0.0
ElasticNet,20,model,0.001,18,high,20,0.0003985731832013101,0.006267898162754272,0.22572071434422633,-0.014886934940476104,0.05
ElasticNet,20,model,0.001,18,low,11,0.0,0.0,,0.0,0.0
ElasticNet,20,model,0.001,18,mid,19,0.0,0.0,,0.0,0.0
ElasticNet,20,model,0.001,19,high,19,0.0005724697152415737,0.006175598181143778,0.32904762351136707,-0.012317824172925707,0.05263157894736842
ElasticNet,20,model,0.001,19,low,12,0.0,0.0,,0.0,0.0
ElasticNet,20,model,0.001,19,mid,19,0.0,0.0,,0.0,0.0
Lasso,20,model,0.0,0,high,20,0.0009320545674596946,0.021502071156719423,0.15386729426492826,-0.13002163128151956,0.45
Lasso,20,model,0.0,0,low,12,0.0046780096334156996,0.01624239852036915,1.0223420457029966,-0.022832780672667252,0.6666666666666666
Lasso,20,model,0.0,0,mid,19,-0.0017312773993997308,0.018955997969841362,-0.32419422826974725,-0.11064721573172587,0.47368421052631576
Lasso,20,model,0.0,1,high,21,0.0020345277204882094,0.020430366907307613,0.35348640687497807,-0.12428873307387833,0.5238095238095238
Lasso,20,model,0.0,1,low,12,0.003821516525409775,0.016913074298783064,0.8020444866744749,-0.020966183574878783,0.6666666666666666
Lasso,20,model,0.0,1,mid,18,-0.0030000192901926443,0.02001807871312292,-0.531969737734598,-0.11976533665430622,0.3333333333333333
Lasso,20,model,0.0,2,high,22,0.0016458237313607957,0.021311961619062757,0.27412280514638176,-0.1140935269751725,0.5
Lasso,20,model,0.0,2,low,12,0.003811691152309908,0.016278326115466507,0.8311764541014325,-0.025650769523086203,0.6666666666666666
Lasso,20,model,0.0,2,mid,17,-0.0026488394530911593,0.020184442697713058,-0.4658264517420077,-0.11467277043817392,0.35294117647058826
Lasso,20,model,0.0,3,high,22,-0.0008991782782776503,0.027756122584824666,-0.11499323258708684,-0.15790163176465333,0.5
Lasso,20,model,0.0,3,low,12,0.0035881227018453254,0.01718360853230413,0.7412047406373793,-0.02546318289786298,0.6666666666666666
Lasso,20,model,0.0,3,mid,17,0.0007720920584488938,0.015138607281270434,0.18103745474654817,-0.06576696787477698,0.47058823529411764
Lasso,20,model,0.0,4,high,22,-0.002318596089959313,0.025495725214938286,-0.32280704323590226,-0.18208595359923274,0.45454545454545453
Lasso,20,model,0.0,4,low,11,0.004245228870979418,0.01702029815638379,0.8853586159586365,-0.015665545410860182,0.7272727272727273
Lasso,20,model,0.0,4,mid,18,0.002102920711882778,0.01500286659361881,0.49754678406549535,-0.047595963059144486,0.5
Lasso,20,model,0.0,5,high,22,-0.0014901326502511812,0.024203281893090015,-0.21854251878472414,-0.18089961186173598,0.5454545454545454
Lasso,20,model,0.0,5,low,11,0.005482031660725836,0.01603793823590829,1.2133281548267059,-0.016706673067691247,0.6363636363636364
Lasso,20,model,0.0,5,mid,18,0.00039115574076777223,0.016225082945218048,0.08557522612905714,-0.06879757205310966,0.4444444444444444
Lasso,20,model,0.0,6,high,22,-0.0010025674849425503,0.023215400115126513,-0.15329313816125875,-0.17350694426427715,0.4090909090909091
Lasso,20,model,0.0,6,low,11,0.006084401802475672,0.01551577049270814,1.391969796645211,-0.012845277187560566,0.6363636363636364
Lasso,20,model,0.0,6,mid,18,-0.0008842791533910226,0.01862575721849407,-0.16852359753079765,-0.08414898081905398,0.5
Lasso,20,model,0.0,7,high,20,0.0024241326653768594,0.02406442051855125,0.3575742596950966,-0.11726697130448249,0.45
Lasso,20,model,0.0,7,low,11,0.005680910176302228,0.014986935082683808,1.345520654818555,-0.013844822613210517,0.6363636363636364
Lasso,20,model,0.0,7,mid,20,-0.00405110220294653,0.016654065744203254,-0.8634519958154112,-0.10940982626492013,0.4
Lasso,20,model,0.0,8,high,18,0.003565950466797006,0.024781819630741483,0.5107723592173007,-0.09888848532586425,0.6111111111111112
Lasso,20,model,0.0,8,low,11,0.004716915492553746,0.015270719316476774,1.096437481657213,-0.01671469740634013,0.6363636363636364
Lasso,20,model,0.0,8,mid,22,-0.003555141911021768,0.017473074241259656,-0.7222256219634682,-0.09986003947343791,0.4090909090909091
Lasso,20,model,0.0,9,high,18,0.00303129793624886,0.02700004009720895,0.3985194178814709,-0.1048939282681095,0.5
Lasso,20,model,0.0,9,low,10,0.004741604086314311,0.01657931116724691,1.0151823965976545,-0.01511650298478684,0.6
Lasso,20,model,0.0,9,mid,23,-0.0029772224780561752,0.01975216272075009,-0.5350346479390184,-0.10839746857828914,0.43478260869565216
Lasso,20,model,0.0,10,high,16,-0.0007396441005613629,0.02347835836236915,-0.11182536979331872,-0.11723695107852694,0.4375
Lasso,20,model,0.0,10,low,11,0.00425051328662099,0.015830407676442462,0.9530914011846537,-0.014640596958534147,0.5454545454545454
Lasso,20,model,0.0,10,mid,24,0.0002982036881949701,0.023772173577554723,0.04452761053305774,-0.08606652584161245,0.4583333333333333
Lasso,20,model,0.0,11,high,18,-0.003902288126428877,0.02347383742480005,-0.5900930676516911,-0.16697031765656112,0.4444444444444444
Lasso,20,model,0.0,11,low,10,0.00433079234283663,0.015180886470725921,1.0126409840557846,-0.01265344664778112,0.6
Lasso,20,model,0.0,11,mid,23,0.002870703853853513,0.02064635314780873,0.49354904214213996,-0.06523917373202381,0.6086956521739131
Lasso,20,model,0.0,12,high,18,-0.0022480481889943834,0.02492932735254684,-0.3200960600563814,-0.17421468374584903,0.4444444444444444
Lasso,20,model,0.0,12,low,9,0.0027291654684821,0.014931572945685506,0.648798115706327,-0.01318321785989185,0.5555555555555556
Lasso,20,model,0.0,12,mid,24,0.0021917838390084874,0.018888934304231178,0.41188458332383465,-0.068505111668835,0.625
Lasso,20,model,0.0,13,high,17,7.10740054793878e-05,0.027054737127906157,0.009325083846114449,-0.15145049209881656,0.5294117647058824
Lasso,20,model,0.0,13,low,9,0.003638120175175955,0.014696126117042291,0.8787380720101109,-0.013737565135006902,0.5555555555555556
Lasso,20,model,0.0,13,mid,25,0.00011884949252080855,0.01775404280325134,0.023762128583082152,-0.09164810432804649,0.56
Lasso,20,model,0.0,14,high,17,-0.00047219788426655385,0.026840551718219342,-0.06244790463458704,-0.1616929437856759,0.47058823529411764
Lasso,20,model,0.0,14,low,11,0.00026089631292020856,0.011836581543359663,0.0782396537394721,-0.013517427826591266,0.45454545454545453
Lasso,20,model,0.0,14,mid,23,0.001832918525678909,0.018061832657686717,0.3602190023354993,-0.08725797353397824,0.5652173913043478
Lasso,20,model,0.0,15,high,18,-0.0025001851211197113,0.026741241680771015,-0.33187601740345934,-0.18817785377244234,0.4444444444444444
Lasso,20,model,0.0,15,low,11,0.0017267817817579558,0.015936821658002323,0.3846103950251592,-0.01984805318138627,0.36363636363636365
Lasso,20,model,0.0,15,mid,22,0.002586489236024673,0.016903044083504452,0.5431640574155511,-0.07751038285671319,0.5454545454545454
Lasso,20,model,0.0,16,high,19,-0.002092158124392832,0.028042520845035168,-0.2648272839200065,-0.1989514294953636,0.42105263157894735
Lasso,20,model,0.0,16,low,11,0.0014466542479937455,0.015620758777996709,0.32873647450774734,-0.02404485839194004,0.36363636363636365
Lasso,20,model,0.0,16,mid,21,0.0026161411119791237,0.016183265270636224,0.5738260833083523,-0.07443511612004938,0.6190476190476191
Lasso,20,model,0.0,17,high,19,-0.0017729738937625687,0.02651140791604932,-0.23738584632094933,-0.18547419273413768,0.42105263157894735
Lasso,20,model,0.0,17,low,11,0.001045478062575791,0.014566111957793998,0.25477484922265486,-0.02147676518103181,0.45454545454545453
Lasso,20,model,0.0,17,mid,21,0.0024905388792056523,0.015673852242919346,0.5640308387728351,-0.0721997144251505,0.47619047619047616
Lasso,20,model,0.0,18,high,20,-0.0015458860250443505,0.02768714986126451,-0.19819125707560464,-0.19075250602922056,0.45
Lasso,20,model,0.0,18,low,11,0.002259780616324828,0.01564433635600091,0.5127367034659118,-0.017610661589719023,0.6363636363636364
Lasso,20,model,0.0,18,mid,19,0.002355173484454153,0.015119091865340288,0.5529456806468538,-0.06592620933721183,0.5789473684210527
Lasso,20,model,0.0,19,high,19,0.0020072007480371637,0.021695492233424263,0.32840259086974943,-0.1302414172572799,0.47368421052631576
Lasso,20,model,0.0,19,low,12,0.0042248893474885335,0.014874528695597272,1.0082248506566023,-0.01891634980988599,0.6666666666666666
Lasso,20,model,0.0,19,mid,19,-0.002422327365988636,0.02018802306584557,-0.4259163538073977,-0.11841665643567922,0.42105263157894735
Lasso,20,model,0.0005,0,high,20,-6.122661843580129e-06,0.020699708403032473,-0.001049932354010939,-0.13002163128151933,0.35
Lasso,20,model,0.0005,0,low,12,0.0046780096334156996,0.01624239852036915,1.0223420457029966,-0.022832780672667252,0.6666666666666666
Lasso,20,model,0.0005,0,mid,19,-0.002247437153739084,0.018333465851078576,-0.435139245913195,-0.09912695413300499,0.3684210526315789
Lasso,20,model,0.0005,1,high,21,0.0006548902450236287,0.019674278669182983,0.11815578107477327,-0.12428873307387822,0.38095238095238093
Lasso,20,model,0.0005,1,low,12,0.003821516525409775,0.016913074298783064,0.8020444866744749,-0.020966183574878783,0.6666666666666666
Lasso,20,model,0.0005,1,mid,18,-0.0028230570809916664,0.019116966166208182,-0.5241866552940722,-0.0993846690215413,0.2222222222222222
Lasso,20,model,0.0005,2,high,22,0.0007963644480334181,0.0205625872142964,0.13747362319409379,-0.1140935269751725,0.4090909090909091
Lasso,20,model,0.0005,2,low,12,0.003811691152309908,0.016278326115466507,0.8311764541014325,-0.025650769523086203,0.6666666666666666
Lasso,20,model,0.0005,2,mid,17,-0.003228135371535988,0.019645973068991893,-0.583261709916397,-0.10623243908509872,0.23529411764705882
Lasso,20,model,0.0005,3,high,22,-0.0012046141231440957,0.027413461974058334,-0.15598015165934967,-0.14800386060393766,0.36363636363636365
Lasso,20,model,0.0005,3,low,12,0.0035881227018453254,0.01718360853230413,0.7412047406373793,-0.02546318289786298,0.6666666666666666
Lasso,20,model,0.0005,3,mid,17,-0.0008547936255843175,0.013686964110052734,-0.22168658789691179,-0.06048610284220912,0.29411764705882354
Lasso,20,model,0.0005,4,high,22,-0.00248470250418415,0.02466323209076429,-0.3576100212151548,-0.17063485191445826,0.3181818181818182
Lasso,20,model,0.0005,4,low,11,0.004245228870979418,0.01702029815638379,0.8853586159586365,-0.015665545410860182,0.7272727272727273
Lasso,20,model,0.0005,4,mid,18,0.0006839284043608553,0.012655318548450013,0.19183278511574406,-0.0475959630591446,0.3333333333333333
Lasso,20,model,0.0005,5,high,22,-0.002226904790690105,0.02296679148832609,-0.3441807642426493,-0.16597288673302302,0.3181818181818182
Lasso,20,model,0.0005,5,low,11,0.005482031660725836,0.01603793823590829,1.2133281548267059,-0.016706673067691247,0.6363636363636364
Lasso,20,model,0.0005,5,mid,18,-0.00042682665440486146,0.01486450389236559,-0.10192632970318881,-0.06228776740268038,0.2777777777777778
Lasso,20,model,0.0005,6,high,22,-0.00040676907186914146,0.022455597123434937,-0.06429964705673649,-0.1472193138560135,0.3181818181818182
Lasso,20,model,0.0005,6,low,11,0.006084401802475672,0.01551577049270814,1.391969796645211,-0.012845277187560566,0.6363636363636364
Lasso,20,model,0.0005,6,mid,18,-0.0016356282690164828,0.01786493400917867,-0.32498885235253683,-0.08414898081905409,0.2777777777777778
Lasso,20,model,0.0005,7,high,20,0.0026885440662644546,0.023182710197197816,0.4116595789129647,-0.09930638606005071,0.35
Lasso,20,model,0.0005,7,low,11,0.005680910176302228,0.014986935082683808,1.345520654818555,-0.013844822613210517,0.6363636363636364
Lasso,20,model,0.0005,7,mid,20,-0.0034762788411156946,0.01604806707678889,-0.7689128992520374,-0.09176260824327032,0.25
Lasso,20,model,0.0005,8,high,18,0.004294239125609055,0.022461612607979402,0.6786261089496144,-0.08330366678533263,0.5
Lasso,20,model,0.0005,8,low,11,0.004716915492553746,0.015270719316476774,1.096437481657213,-0.01671469740634013,0.6363636363636364
Lasso,20,model,0.0005,8,mid,22,-0.00351279785753629,0.0158240629948559,-0.7879894965221734,-0.08285698282847953,0.2727272727272727
Lasso,20,model,0.0005,9,high,18,0.0037414351456122714,0.023809230470222306,0.5577995186132143,-0.08887123819609921,0.4444444444444444
Lasso,20,model,0.0005,9,low,10,0.004741604086314311,0.01657931116724691,1.0151823965976545,-0.01511650298478684,0.6
Lasso,20,model,0.0005,9,mid,23,-0.0030126098478819615,0.017899980714186664,-0.5974142821716816,-0.08620409839933463,0.30434782608695654
Lasso,20,model,0.0005,10,high,16,-0.0005944445854971503,0.01916786316865257,-0.11008368215558184,-0.08006685855820994,0.375
Lasso,20,model,0.0005,10,low,11,0.00425051328662099,0.015830407676442462,0.9530914011846537,-0.014640596958534147,0.5454545454545454
Lasso,20,model,0.0005,10,mid,24,-4.786793927116263e-05,0.02189230925437249,-0.007761370748703577,-0.0709981966827774,0.3333333333333333
Lasso,20,model,0.0005,11,high,18,-0.0031674601374359723,0.02074489611521218,-0.5419823780881987,-0.13196087840502346,0.3888888888888889
Lasso,20,model,0.0005,11,low,10,0.00433079234283663,0.015180886470725921,1.0126409840557846,-0.01265344664778112,0.6
Lasso,20,model,0.0005,11,mid,23,0.0022407945532779312,0.018705206017785213,0.4252309012407327,-0.050233751947932226,0.391304347826087
Lasso,20,model,0.0005,12,high,18,-0.0017930882264573888,0.023614300479304726,-0.269532938699292,-0.16031217289502842,0.3888888888888889
Lasso,20,model,0.0005,12,low,9,0.0027291654684821,0.014931572945685506,0.648798115706327,-0.01318321785989185,0.5555555555555556
Lasso,20,model,0.0005,12,mid,24,0.0015285145237536504,0.017183120737814875,0.31575686431345146,-0.04708149779735682,0.4166666666666667
Lasso,20,model,0.0005,13,high,17,-0.001662329810419706,0.025158904227355228,-0.23453666412644872,-0.15153534280700065,0.4117647058823529
Lasso,20,model,0.0005,13,low,9,0.003638120175175955,0.014696126117042291,0.8787380720101109,-0.013737565135006902,0.5555555555555556
Lasso,20,model,0.0005,13,mid,25,0.000453125826165528,0.015706292712227402,0.10240717864469322,-0.051486053955190014,0.36
Lasso,20,model,0.0005,14,high,17,-0.0025784849858923125,0.025222927056320687,-0.36287278305173704,-0.16177677029990178,0.35294117647058826
Lasso,20,model,0.0005,14,low,11,0.00026089631292020856,0.011836581543359663,0.0782396537394721,-0.013517427826591266,0.45454545454545453
Lasso,20,model,0.0005,14,mid,23,0.0019998625387452266,0.016585077410571296,0.42802379662964846,-0.05468678555098261,0.391304347826087
Lasso,20,model,0.0005,15,high,18,-0.0037065882120797225,0.02548405933972963,-0.5162867805343805,-0.18825903192808968,0.3333333333333333
Lasso,20,model,0.0005,15,low,11,0.0017267817817579558,0.015936821658002323,0.3846103950251592,-0.01984805318138627,0.36363636363636365
Lasso,20,model,0.0005,15,mid,22,0.0027123691888065768,0.015181347649901764,0.6341963661824738,-0.04460484915787499,0.36363636363636365
Lasso,20,model,0.0005,16,high,19,-0.004263170647756469,0.026425118496747852,-0.5726655345185997,-0.1990315303473048,0.2631578947368421
Lasso,20,model,0.0005,16,low,11,0.0014466542479937455,0.015620758777996709,0.32873647450774734,-0.02404485839194004,0.36363636363636365
Lasso,20,model,0.0005,16,mid,21,0.0032242138294130327,0.013953120435929778,0.8202339974130487,-0.043819913099750196,0.47619047619047616
Lasso,20,model,0.0005,17,high,19,-0.003830606933524663,0.024863212650886087,-0.5468845049423369,-0.1855556412423709,0.2631578947368421
Lasso,20,model,0.0005,17,low,11,0.001045478062575791,0.014566111957793998,0.25477484922265486,-0.02147676518103181,0.45454545454545453
Lasso,20,model,0.0005,17,mid,21,0.003274194210801395,0.01316865182608584,0.8825684405184001,-0.04020332717190367,0.38095238095238093
Lasso,20,model,0.0005,18,high,20,-0.0037891632822671857,0.026507702741133926,-0.5074070546512853,-0.19083342673251513,0.3
Lasso,20,model,0.0005,18,low,11,0.002259780616324828,0.01564433635600091,0.5127367034659118,-0.017610661589719023,0.6363636363636364
Lasso,20,model,0.0005,18,mid,19,0.002836048271694658,0.012808406717315245,0.7859660400095845,-0.03736243410709306,0.3684210526315789
Lasso,20,model,0.0005,19,high,19,6.232620143779995e-05,0.020909196006102828,0.010580802251103518,-0.1302414172572799,0.3157894736842105
Lasso,20,model,0.0005,19,low,12,0.0042248893474885335,0.014874528695597272,1.0082248506566023,-0.01891634980988599,0.6666666666666666
Lasso,20,model,0.0005,19,mid,19,-0.002372794475302279,0.01940655055928416,-0.43400731258973646,-0.09923828405449064,0.3157894736842105
Lasso,20,model,0.001,0,high,20,0.00075799486030952,0.0039020437352412225,0.6895398985311499,-0.0020684782314865924,0.05
Lasso,20,model,0.001,0,low,12,0.0,0.0,,0.0,0.0
Lasso,20,model,0.001,0,mid,19,0.0,0.0,,0.0,0.0
Lasso,20,model,0.001,1,high,21,0.0005360745671569714,0.0028095749583418477,0.6772824977475522,-0.0013701701267428978,0.047619047619047616
Lasso,20,model,0.001,1,low,12,0.0,0.0,,0.0,0.0
Lasso,20,model,0.001,1,mid,18,0.0,0.0,,0.0,0.0
Lasso,20,model,0.001,2,high,22,0.0006115287383482455,0.0023895835452162353,0.9084058549789907,-9.999500016666385e-05,0.09090909090909091
Lasso,20,model,0.001,2,low,12,0.0,0.0,,0.0,0.0
Lasso,20,model,0.001,2,mid,17,0.0,0.0,,0.0,0.0
Lasso,20,model,0.001,3,high,22,0.0013058016775536227,0.0049821950333543506,0.9303401637544574,-9.99950001664418e-05,0.09090909090909091
Lasso,20,model,0.001,3,low,12,0.0,0.0,,0.0,0.0
Lasso,20,model,0.001,3,mid,17,0.0,0.0,,0.0,0.0
Lasso,20,model,0.001,4,high,22,0.0007682115096568,0.008281237513802147,0.3292841612512852,-0.017032427038021658,0.045454545454545456
Lasso,20,model,0.001,4,low,11,0.0,0.0,,0.0,0.0
Lasso,20,model,0.001,4,mid,18,0.0,0.0,,0.0,0.0
Lasso,20,model,0.001,5,high,22,0.0007358434689513818,0.011124358199691514,0.23479873222582207,-0.026789919121604444,0.045454545454545456
Lasso,20,model,0.001,5,low,11,0.0,0.0,,0.0,0.0
Lasso,20,model,0.001,5,mid,18,0.0,0.0,,0.0,0.0
Lasso,20,model,0.001,6,high,22,-8.365410982460482e-05,0.00965053905144123,-0.030769538484959322,-0.031716688322012576,0.045454545454545456
Lasso,20,model,0.001,6,low,11,0.0,0.0,,0.0,0.0
Lasso,20,model,0.001,6,mid,18,0.0,0.0,,0.0,0.0
Lasso,20,model,0.001,7,high,20,0.00039416186637761496,0.009405131354127346,0.1487630291046659,-0.024541602958598863,0.05
Lasso,20,model,0.001,7,low,11,0.0,0.0,,0.0,0.0
Lasso,20,model,0.001,7,mid,20,0.0,0.0,,0.0,0.0
Lasso,20,model,0.001,8,high,18,-0.0007911193359595946,0.010729426580584895,-0.2617283453689253,-0.03703115396020018,0.05555555555555555
Lasso,20,model,0.001,8,low,11,0.0,0.0,,0.0,0.0
Lasso,20,model,0.001,8,mid,22,0.0,0.0,,0.0,0.0
Lasso,20,model,0.001,9,high,18,-0.0017958309128936227,0.017217006975411116,-0.37024828901359946,-0.062047731608575796,0.05555555555555555
Lasso,20,model,0.001,9,low,10,0.0,0.0,,0.0,0.0
Lasso,20,model,0.001,9,mid,23,0.0,0.0,,0.0,0.0
Lasso,20,model,0.001,10,high,16,-0.0017917329036483437,0.01365366142426711,-0.46581064867253297,-0.048113758182057986,0.0625
Lasso,20,model,0.001,10,low,11,0.0,0.0,,0.0,0.0
Lasso,20,model,0.001,10,mid,24,0.0,0.0,,0.0,0.0
Lasso,20,model,0.001,11,high,18,-0.001965669988661483,0.01323245935611078,-0.5272970126205085,-0.05119628527617737,0.05555555555555555
Lasso,20,model,0.001,11,low,10,0.0,0.0,,0.0,0.0
Lasso,20,model,0.001,11,mid,23,0.0,0.0,,0.0,0.0
Lasso,20,model,0.001,12,high,18,-0.0022446981369383446,0.015492872270095093,-0.5142937875787755,-0.059396596465017826,0.05555555555555555
Lasso,20,model,0.001,12,low,9,0.0,0.0,,0.0,0.0
Lasso,20,model,0.001,12,mid,24,0.0,0.0,,0.0,0.0
Lasso,20,model,0.001,13,high,17,0.0007909949318342235,0.0032872141883669593,0.8541437563732581,-9.999500016677487e-05,0.058823529411764705
Lasso,20,model,0.001,13,low,9,0.0,0.0,,0.0,0.0
Lasso,20,model,0.001,13,mid,25,0.0,0.0,,0.0,0.0
Lasso,20,model,0.001,14,high,17,-0.0006282158600399941,0.0025645451771103434,-0.869528487665687,-0.010622844420436928,0.0
Lasso,20,model,0.001,14,low,11,0.0,0.0,,0.0,0.0
Lasso,20,model,0.001,14,mid,23,0.0,0.0,,0.0,0.0
Lasso,20,model,0.001,15,high,18,-0.0010480930707459832,0.004421788199218477,-0.8413703163452774,-0.018688832255471577,0.0
Lasso,20,model,0.001,15,low,11,0.0,0.0,,0.0,0.0
Lasso,20,model,0.001,15,mid,22,0.0,0.0,,0.0,0.0
Lasso,20,model,0.001,16,high,19,0.0010338993827812683,0.013029502013857,0.2816668463488322,-0.027789803218547404,0.05263157894736842
Lasso,20,model,0.001,16,low,11,0.0,0.0,,0.0,0.0
Lasso,20,model,0.001,16,mid,21,0.0,0.0,,0.0,0.0
Lasso,20,model,0.001,17,high,19,0.00047145121863269486,0.010306725351521748,0.16236833299484926,-0.025852304187551134,0.05263157894736842
Lasso,20,model,0.001,17,low,11,0.0,0.0,,0.0,0.0
Lasso,20,model,0.001,17,mid,21,0.0,0.0,,0.0,0.0
Lasso,20,model,0.001,18,high,20,0.0003985731832013101,0.006267898162754272,0.22572071434422633,-0.014886934940476104,0.05
Lasso,20,model,0.001,18,low,11,0.0,0.0,,0.0,0.0
Lasso,20,model,0.001,18,mid,19,0.0,0.0,,0.0,0.0
Lasso,20,model,0.001,19,high,19,0.0005724697152415737,0.006175598181143778,0.32904762351136707,-0.012317824172925707,0.05263157894736842
Lasso,20,model,0.001,19,low,12,0.0,0.0,,0.0,0.0
Lasso,20,model,0.001,19,mid,19,0.0,0.0,,0.0,0.0
LightGBM,20,model,0.0,0,high,20,0.012271920655672178,0.017389957842704758,2.5049512717921325,-0.021323388793267894,0.7
LightGBM,20,model,0.0,0,low,12,0.006742954372314308,0.015370010059438591,1.557260765066888,-0.024398324493348333,0.6666666666666666
LightGBM,20,model,0.0,0,mid,19,0.013519167887874751,0.012880646762466853,3.72561148367993,-0.002404513086099347,0.8947368421052632
LightGBM,20,model,0.0,1,high,21,0.011877869305637428,0.016489689474428127,2.5568858373356878,-0.02066593947060047,0.7619047619047619
LightGBM,20,model,0.0,1,low,12,0.010586912378404284,0.013287625819386797,2.8281810071416538,-0.017970382034622645,0.6666666666666666
LightGBM,20,model,0.0,1,mid,18,0.013133419660176011,0.01498645658328497,3.110743013976657,-0.014191928943811605,0.7777777777777778
LightGBM,20,model,0.0,2,high,22,0.013759750598118625,0.015992198564222373,3.0541310004543734,-0.013034993571114484,0.7727272727272727
LightGBM,20,model,0.0,2,low,12,0.011292293087207984,0.011760407464061548,3.4083567448943493,-0.009405282158465034,0.8333333333333334
LightGBM,20,model,0.0,2,mid,17,0.0129918416715481,0.01526801541957236,3.020462178460243,-0.009619011693700497,0.8235294117647058
LightGBM,20,model,0.0,3,high,22,0.019129799396369652,0.01964028674470647,3.457385961865858,-0.00613167231868994,0.9090909090909091
LightGBM,20,model,0.0,3,low,12,0.011173578683692342,0.013067220578151444,3.0352491209641674,-0.014251781472684133,0.8333333333333334
LightGBM,20,model,0.0,3,mid,17,0.011657378386794417,0.009079052905077337,4.557698781080255,-0.00820135746606343,0.9411764705882353
LightGBM,20,model,0.0,4,high,22,0.020155851929937577,0.015077837724849115,4.745121825419289,0.0,0.9545454545454546
LightGBM,20,model,0.0,4,low,11,0.01071879787924589,0.013477556857704461,2.82306047462693,-0.014544313143351917,0.7272727272727273
LightGBM,20,model,0.0,4,mid,18,0.012094771087283178,0.008475811577261736,5.065258711223766,-0.0068965027520354605,0.8888888888888888
LightGBM,20,model,0.0,5,high,22,0.01898764896574471,0.01444497155947505,4.665946722525091,-0.004104925911093682,0.9090909090909091
LightGBM,20,model,0.0,5,low,11,0.011146899912681564,0.012297831267697342,3.2174428701524085,-0.01020793950850607,0.8181818181818182
LightGBM,20,model,0.0,5,mid,18,0.013200415046267521,0.00866841883974249,5.405463904838305,-0.0021735021735015403,0.8888888888888888
LightGBM,20,model,0.0,6,high,22,0.01824437938977824,0.013782663701609027,4.698737765057666,-0.004301075268817622,0.8636363636363636
LightGBM,20,model,0.0,6,low,11,0.011099801306217254,0.01195923458765048,3.294557504806116,-0.016575108922144643,0.8181818181818182
LightGBM,20,model,0.0,6,mid,18,0.015141103518495784,0.010067627757379573,5.3384558057740366,-0.0023618812897925334,0.8888888888888888
LightGBM,20,model,0.0,7,high,20,0.016781949145292956,0.01694376700212089,3.5157477099530237,-0.020182267067046178,0.9
LightGBM,20,model,0.0,7,low,11,0.012400662435356318,0.00942777307090315,4.668969508225111,-0.00946880030300179,0.9090909090909091
LightGBM,20,model,0.0,7,mid,20,0.01235250967075347,0.011455425164357274,3.82762394333815,-0.009238483803296615,0.85
LightGBM,20,model,0.0,8,high,18,0.015290016822806377,0.019425885106734996,2.7939100507897954,-0.036934852260591455,0.8333333333333334
LightGBM,20,model,0.0,8,low,11,0.012539114835461383,0.009094305065984203,4.894210381407041,-0.008958038661009082,0.9090909090909091
LightGBM,20,model,0.0,8,mid,22,0.012351488415599977,0.012483942148182091,3.5119863600470587,-0.01993091513881573,0.8636363636363636
LightGBM,20,model,0.0,9,high,18,0.018209173975245248,0.01962807896563801,3.293045423665293,-0.01350969645504596,0.7777777777777778
LightGBM,20,model,0.0,9,low,10,0.01546256245606758,0.0054918912282918095,9.994125812616614,0.0,1.0
LightGBM,20,model,0.0,9,mid,23,0.013063568120329666,0.014749942217576528,3.143813451407211,-0.027760200302381577,0.8260869565217391
LightGBM,20,model,0.0,10,high,16,0.0143976633277527,0.018098080718742877,2.8238704289448795,-0.02281618811083308,0.6875
LightGBM,20,model,0.0,10,low,11,0.014309972961354028,0.006423243597429457,7.908055216892167,0.0,1.0
LightGBM,20,model,0.0,10,mid,24,0.01839514605901006,0.01442837631818148,4.5255467132391916,-0.010414560161779551,0.9166666666666666
LightGBM,20,model,0.0,11,high,18,0.018192405722176567,0.014603106057124152,4.4221163611863865,-0.009397403603952914,0.8888888888888888
LightGBM,20,model,0.0,11,low,10,0.013189914794591648,0.0073149462099655034,6.400532773634011,-0.004296875000000089,0.9
LightGBM,20,model,0.0,11,mid,23,0.012824865127732088,0.016161129140909596,2.8168672365012015,-0.027908372511753488,0.8260869565217391
LightGBM,20,model,0.0,12,high,18,0.02097770879523468,0.01256042224461322,5.928421663648963,0.0,1.0
LightGBM,20,model,0.0,12,low,9,0.011830482280115033,0.008332051381731764,5.040060880697052,-0.007836687306501222,0.8888888888888888
LightGBM,20,model,0.0,12,mid,24,0.013485635730767921,0.013026917816012494,3.6746419085092383,-0.013799092926758516,0.8333333333333334
LightGBM,20,model,0.0,13,high,17,0.020535855362830507,0.016757710028557745,4.349941317769261,-0.016602809706257937,0.8823529411764706
LightGBM,20,model,0.0,13,low,9,0.011339524193537922,0.009033718156076818,4.455675636917992,-0.008603189946834622,0.8888888888888888
LightGBM,20,model,0.0,13,mid,25,0.013108005015904969,0.011563887175098604,4.02362989004357,-0.013160558817574164,0.88
LightGBM,20,model,0.0,14,high,17,0.019128534534288047,0.018128930286118027,3.7453705647027475,-0.013465346534653366,0.8235294117647058
LightGBM,20,model,0.0,14,low,11,0.010654768002237273,0.0034217205297669816,11.053116177657895,0.0,1.0
LightGBM,20,model,0.0,14,mid,23,0.013310628074546025,0.011944406142451711,3.9556627619504074,-0.012755618546264058,0.9130434782608695
LightGBM,20,model,0.0,15,high,18,0.02042876393021636,0.016625721383585174,4.361610344340047,-0.018492550394390794,0.8888888888888888
LightGBM,20,model,0.0,15,low,11,0.009186066432618302,0.01274787087846313,2.557862521185576,-0.016213556449018895,0.8181818181818182
LightGBM,20,model,0.0,15,mid,22,0.010733467665324986,0.013024853614681928,2.9251791813984216,-0.015011547344110476,0.9090909090909091
LightGBM,20,model,0.0,16,high,19,0.02371617781518995,0.013918268863543838,6.048459107109802,-0.00281584381453015,0.9473684210526315
LightGBM,20,model,0.0,16,low,11,0.011554162799975837,0.00983355491330262,4.170740869658991,-0.0016262282466953382,0.9090909090909091
LightGBM,20,model,0.0,16,mid,21,0.011147120717745065,0.011647402913060087,3.397182496919204,-0.010288065843621408,0.9523809523809523
LightGBM,20,model,0.0,17,high,19,0.022158833748215503,0.013583340273940423,5.790627005334706,-0.005508870214752104,0.9473684210526315
LightGBM,20,model,0.0,17,low,11,0.010488327433685146,0.009451809218014941,3.9389145796989795,-0.0032383434181609827,0.8181818181818182
LightGBM,20,model,0.0,17,mid,21,0.010336317462810767,0.01171222199658447,3.1326495753547223,-0.012433422070148414,0.7619047619047619
LightGBM,20,model,0.0,18,high,20,0.02057596554102749,0.017925611871176566,4.0744735955405,-0.013441612993559504,0.85
LightGBM,20,model,0.0,18,low,11,0.01233533839707221,0.008924167789911468,4.906463963470724,-0.0007839294463491964,0.9090909090909091
LightGBM,20,model,0.0,18,mid,19,0.010798458833298193,0.010411738099405021,3.681491603940341,-0.006381207805418954,0.7368421052631579
LightGBM,20,model,0.0,19,high,19,0.01578717746296894,0.01447908491708891,3.8703358101302414,-0.008830869648685291,0.8947368421052632
LightGBM,20,model,0.0,19,low,12,0.010226346414141899,0.011124506634836993,3.2630596535159317,-0.007802594362625759,0.75
LightGBM,20,model,0.0,19,mid,19,0.013455988737891196,0.014826573120013583,3.2215145990706704,-0.00801379590180551,0.8421052631578947
LightGBM,20,model,0.0005,0,high,20,0.012271920655672178,0.017389957842704758,2.5049512717921325,-0.021323388793267894,0.7
LightGBM,20,model,0.0005,0,low,12,0.006742954372314308,0.015370010059438591,1.557260765066888,-0.024398324493348333,0.6666666666666666
LightGBM,20,model,0.0005,0,mid,19,0.012369622934678831,0.01356265496763917,3.2374049038198183,-0.002404513086099236,0.7894736842105263
LightGBM,20,model,0.0005,1,high,21,0.01194711899756192,0.016433859893393032,2.580529819273093,-0.02066593947060058,0.7619047619047619
LightGBM,20,model,0.0005,1,low,12,0.010772003716046077,0.013124432907637297,2.913407406923763,-0.017970382034622645,0.6666666666666666
LightGBM,20,model,0.0005,1,mid,18,0.013927508406192633,0.013778695113386266,3.5879849390430296,-0.004516545303714037,0.7777777777777778
LightGBM,20,model,0.0005,2,high,22,0.013933648177468843,0.015812838759119457,3.127809327974322,-0.013034993571114484,0.7727272727272727
LightGBM,20,model,0.0005,2,low,12,0.011300626420541318,0.011769376174687752,3.408272784077254,-0.009405282158465145,0.8333333333333334
LightGBM,20,model,0.0005,2,mid,17,0.013535715931444441,0.014571357661108255,3.2973609145096225,-0.009619011693700497,0.8235294117647058
LightGBM,20,model,0.0005,3,high,22,0.019129799396369652,0.01964028674470647,3.457385961865858,-0.00613167231868994,0.9090909090909091
LightGBM,20,model,0.0005,3,low,12,0.010610622158145185,0.01341319347635166,2.8079795022677474,-0.014251781472684244,0.75
LightGBM,20,model,0.0005,3,mid,17,0.012141800364285953,0.008131384933627427,5.300341350353907,-9.999500016677487e-05,0.9411764705882353
LightGBM,20,model,0.0005,4,high,22,0.02003687601324354,0.015237580836109517,4.667660504908186,-9.999500016666385e-05,0.9090909090909091
LightGBM,20,model,0.0005,4,low,11,0.01071879787924589,0.013477556857704461,2.82306047462693,-0.014544313143351917,0.7272727272727273
LightGBM,20,model,0.0005,4,mid,18,0.012094771087283178,0.008475811577261736,5.065258711223766,-0.0068965027520354605,0.8888888888888888
LightGBM,20,model,0.0005,5,high,22,0.01898764896574471,0.01444497155947505,4.665946722525091,-0.004104925911093682,0.9090909090909091
LightGBM,20,model,0.0005,5,low,11,0.011146899912681564,0.012297831267697342,3.2174428701524085,-0.01020793950850607,0.8181818181818182
LightGBM,20,model,0.0005,5,mid,18,0.013200415046267521,0.00866841883974249,5.405463904838305,-0.0021735021735015403,0.8888888888888888
LightGBM,20,model,0.0005,6,high,22,0.018277421794076824,0.01373580802286667,4.7233050454597985,-0.004301075268817622,0.8636363636363636
LightGBM,20,model,0.0005,6,low,11,0.011574178686740627,0.011329801108598067,3.6262118219874844,-0.011430036953602452,0.8181818181818182
LightGBM,20,model,0.0005,6,mid,18,0.015141103518495784,0.010061330125206524,5.341797275601432,-0.0023618812897925334,0.8888888888888888
LightGBM,20,model,0.0005,7,high,20,0.016781949145292956,0.01694376700212089,3.5157477099530237,-0.020182267067046178,0.9
LightGBM,20,model,0.0005,7,low,11,0.011185405924426036,0.010139518305986412,3.9157927541502815,-0.009567848470480311,0.8181818181818182
LightGBM,20,model,0.0005,7,mid,20,0.012357509670753473,0.01145669695997469,3.8287482014064262,-0.009238483803296615,0.85
LightGBM,20,model,0.0005,8,high,18,0.015290016822806377,0.019425885106734996,2.7939100507897954,-0.036934852260591455,0.8333333333333334
LightGBM,20,model,0.0005,8,low,11,0.012539114835461383,0.009094305065984203,4.894210381407041,-0.008958038661009082,0.9090909090909091
LightGBM,20,model,0.0005,8,mid,22,0.012254471095062964,0.012553447199307373,3.46510854972556,-0.017841300979581476,0.8181818181818182
LightGBM,20,model,0.0005,9,high,18,0.01896482857059661,0.018568953291262954,3.6253235323473283,-0.001836991201778826,0.7777777777777778
LightGBM,20,model,0.0005,9,low,10,0.01546256245606758,0.0054918912282918095,9.994125812616614,0.0,1.0
LightGBM,20,model,0.0005,9,mid,23,0.013063568120329666,0.014749942217576528,3.143813451407211,-0.027760200302381577,0.8260869565217391
LightGBM,20,model,0.0005,10,high,16,0.0146101634984196,0.01790626850569335,2.8962447270339298,-0.02281618811083308,0.6875
LightGBM,20,model,0.0005,10,low,11,0.014309972961354028,0.006423243597429457,7.908055216892167,0.0,1.0
LightGBM,20,model,0.0005,10,mid,24,0.01839514605901006,0.01442837631818148,4.5255467132391916,-0.010414560161779551,0.9166666666666666
LightGBM,20,model,0.0005,11,high,18,0.018192405722176567,0.014603106057124152,4.4221163611863865,-0.009397403603952914,0.8888888888888888
LightGBM,20,model,0.0005,11,low,10,0.013189914794591648,0.0073149462099655034,6.400532773634011,-0.004296875000000089,0.9
LightGBM,20,model,0.0005,11,mid,23,0.012824865127732088,0.016161129140909596,2.8168672365012015,-0.027908372511753488,0.8260869565217391
LightGBM,20,model,0.0005,12,high,18,0.02097770879523468,0.01256042224461322,5.928421663648963,0.0,1.0
LightGBM,20,model,0.0005,12,low,9,0.011830482280115033,0.008332051381731764,5.040060880697052,-0.007836687306501222,0.8888888888888888
LightGBM,20,model,0.0005,12,mid,24,0.013485635730767921,0.013026917816012494,3.6746419085092383,-0.013799092926758516,0.8333333333333334
LightGBM,20,model,0.0005,13,high,17,0.020535855362830507,0.016757710028557745,4.349941317769261,-0.016602809706257937,0.8823529411764706
LightGBM,20,model,0.0005,13,low,9,0.011339524193537922,0.009033718156076818,4.455675636917992,-0.008603189946834622,0.8888888888888888
LightGBM,20,model,0.0005,13,mid,25,0.012754146386045002,0.011833350002230134,3.8258589953455404,-0.013160558817574164,0.84
LightGBM,20,model,0.0005,14,high,17,0.019128534534288047,0.018128930286118027,3.7453705647027475,-0.013465346534653366,0.8235294117647058
LightGBM,20,model,0.0005,14,low,11,0.008990638225626782,0.003811452243917051,8.373081383141807,-9.999500016677487e-05,0.9090909090909091
LightGBM,20,model,0.0005,14,mid,23,0.012951042992338502,0.012232207331828357,3.7582458278480844,-0.012755618546263947,0.8695652173913043
LightGBM,20,model,0.0005,15,high,18,0.02088145803977183,0.01589377356519317,4.663576132276512,-0.018492550394390794,0.8888888888888888
LightGBM,20,model,0.0005,15,low,11,0.009186066432618302,0.01274787087846313,2.557862521185576,-0.016213556449018895,0.8181818181818182
LightGBM,20,model,0.0005,15,mid,22,0.010728922210779533,0.01301996833390578,2.925037518886207,-0.015011547344110476,0.9090909090909091
LightGBM,20,model,0.0005,16,high,19,0.02371617781518995,0.013918268863543838,6.048459107109802,-0.00281584381453015,0.9473684210526315
LightGBM,20,model,0.0005,16,low,11,0.011554162799975837,0.00983355491330262,4.170740869658991,-0.0016262282466953382,0.9090909090909091
LightGBM,20,model,0.0005,16,mid,21,0.011147120717745065,0.011647402913060087,3.397182496919204,-0.010288065843621408,0.9523809523809523
LightGBM,20,model,0.0005,17,high,19,0.022158833748215503,0.013583340273940423,5.790627005334706,-0.005508870214752104,0.9473684210526315
LightGBM,20,model,0.0005,17,low,11,0.010488327433685146,0.009451809218014941,3.9389145796989795,-0.0032383434181609827,0.8181818181818182
LightGBM,20,model,0.0005,17,mid,21,0.010360676278431714,0.0116795483067156,3.1488163340097315,-0.012433422070148414,0.7619047619047619
LightGBM,20,model,0.0005,18,high,20,0.02057596554102749,0.017925611871176566,4.0744735955405,-0.013441612993559504,0.85
LightGBM,20,model,0.0005,18,low,11,0.01233533839707221,0.008924167789911468,4.906463963470724,-0.0007839294463491964,0.9090909090909091
LightGBM,20,model,0.0005,18,mid,19,0.011023516784057951,0.010098857859367026,3.8746562646785567,-0.006381207805418954,0.7368421052631579
LightGBM,20,model,0.0005,19,high,19,0.01578717746296894,0.01447908491708891,3.8703358101302414,-0.008830869648685291,0.8947368421052632
LightGBM,20,model,0.0005,19,low,12,0.010226346414141899,0.011124506634836993,3.2630596535159317,-0.007802594362625759,0.75
LightGBM,20,model,0.0005,19,mid,19,0.012175539416627907,0.015372366422868496,2.8114654807039288,-0.008112989562449435,0.7368421052631579
LightGBM,20,model,0.001,0,high,20,0.013349621488306457,0.015777571011929555,3.003406255853447,-0.01603526378684783,0.7
LightGBM,20,model,0.001,0,low,12,0.006742954372314308,0.015370010059438591,1.557260765066888,-0.024398324493348333,0.6666666666666666
LightGBM,20,model,0.001,0,mid,19,0.011730666683891644,0.013906673710848125,2.994226863468379,-0.002404513086099125,0.6842105263157895
LightGBM,20,model,0.001,1,high,21,0.012074542917781669,0.015672917562686822,2.734677533790746,-0.02066593947060058,0.7142857142857143
LightGBM,20,model,0.001,1,low,12,0.01136755630084701,0.012370357140218566,3.2618962857283886,-0.010927040603294191,0.6666666666666666
LightGBM,20,model,0.001,1,mid,18,0.014173440390089245,0.01346164957621284,3.737337107494266,-0.0021047428991547434,0.7777777777777778
LightGBM,20,model,0.001,2,high,22,0.013812404436473268,0.015742173240672074,3.114511016744203,-0.013034993571114484,0.7272727272727273
LightGBM,20,model,0.001,2,low,12,0.011292293087207984,0.011770095446135045,3.405551321676183,-0.009405282158465034,0.8333333333333334
LightGBM,20,model,0.001,2,mid,17,0.012553134135773823,0.01491077114931688,2.9883904325870456,-0.009718044840791196,0.7647058823529411
LightGBM,20,model,0.001,3,high,22,0.01897896542628246,0.019780544181618207,3.405803378258447,-0.00613167231868994,0.8636363636363636
LightGBM,20,model,0.001,3,low,12,0.010610622158145185,0.01341319347635166,2.8079795022677474,-0.014251781472684244,0.75
LightGBM,20,model,0.001,3,mid,17,0.012141800364285953,0.008131384933627427,5.300341350353907,-9.999500016677487e-05,0.9411764705882353
LightGBM,20,model,0.001,4,high,22,0.02003687601324354,0.015237580836109517,4.667660504908186,-9.999500016666385e-05,0.9090909090909091
LightGBM,20,model,0.001,4,low,11,0.01071879787924589,0.013477556857704461,2.82306047462693,-0.014544313143351917,0.7272727272727273
LightGBM,20,model,0.001,4,mid,18,0.012241966059420056,0.008234050073425276,5.277435570371669,-0.0068965027520355715,0.8888888888888888
LightGBM,20,model,0.001,5,high,22,0.01906762076104129,0.014337088992902416,4.720856475901824,-0.004104925911093682,0.9090909090909091
LightGBM,20,model,0.001,5,low,11,0.011146899912681564,0.012297831267697342,3.2174428701524085,-0.01020793950850607,0.8181818181818182
LightGBM,20,model,0.001,5,mid,18,0.013200415046267521,0.00866841883974249,5.405463904838305,-0.0021735021735015403,0.8888888888888888
LightGBM,20,model,0.001,6,high,22,0.017798948476486495,0.014197985176255432,4.4499271383214065,-0.004301075268817733,0.8181818181818182
LightGBM,20,model,0.001,6,low,11,0.011875347890072508,0.010064542709742937,4.188297924458432,-0.00019998000133325533,0.7272727272727273
LightGBM,20,model,0.001,6,mid,18,0.015141103518495784,0.010061330125206524,5.341797275601432,-0.0023618812897925334,0.8888888888888888
LightGBM,20,model,0.001,7,high,20,0.01688582370223325,0.01682803596607564,3.561837415625502,-0.020182267067046178,0.9
LightGBM,20,model,0.001,7,low,11,0.012032125415581817,0.008480263750720606,5.036377358861786,-0.00019998000133336635,0.8181818181818182
LightGBM,20,model,0.001,7,mid,20,0.01235250967075347,0.011463493758530343,3.824929865520649,-0.009238483803296726,0.85
LightGBM,20,model,0.001,8,high,18,0.015290016822806377,0.019425885106734996,2.7939100507897954,-0.036934852260591455,0.8333333333333334
LightGBM,20,model,0.001,8,low,11,0.012539114835461383,0.009094305065984203,4.894210381407041,-0.008958038661009082,0.9090909090909091
LightGBM,20,model,0.001,8,mid,22,0.011674478723170161,0.012826593252122011,3.2308102172467623,-0.017841300979581476,0.7727272727272727
LightGBM,20,model,0.001,9,high,18,0.01896482857059661,0.018568953291262954,3.6253235323473283,-0.001836991201778826,0.7777777777777778
LightGBM,20,model,0.001,9,low,10,0.01546256245606758,0.0054918912282918095,9.994125812616614,0.0,1.0
LightGBM,20,model,0.001,9,mid,23,0.013983330588605828,0.01308239415105129,3.794099081887159,-0.006973829868854087,0.8260869565217391
LightGBM,20,model,0.001,10,high,16,0.014616413498419599,0.017915649352429945,2.8959665384731186,-0.02281618811083308,0.6875
LightGBM,20,model,0.001,10,low,11,0.014309972961354028,0.006423243597429457,7.908055216892167,0.0,1.0
LightGBM,20,model,0.001,10,mid,24,0.018142419353959865,0.014713999651529475,4.376729763425827,-0.010414560161779551,0.875
LightGBM,20,model,0.001,11,high,18,0.018186850166621013,0.014596298925413288,4.422827614266414,-0.009397403603952914,0.8888888888888888
LightGBM,20,model,0.001,11,low,10,0.013189914794591648,0.0073149462099655034,6.400532773634011,-0.004296875000000089,0.9
LightGBM,20,model,0.001,11,mid,23,0.012811424284594393,0.016172223015858297,2.8119847764334516,-0.0279083725117536,0.782608695652174
LightGBM,20,model,0.001,12,high,18,0.02097770879523468,0.01256042224461322,5.928421663648963,0.0,1.0
LightGBM,20,model,0.001,12,low,9,0.010564748455769511,0.009239939940840875,4.058590974803866,-0.007836687306501222,0.7777777777777778
LightGBM,20,model,0.001,12,mid,24,0.014093599321224585,0.011976466879164947,4.177134651979272,-0.01192521475492725,0.8333333333333334
LightGBM,20,model,0.001,13,high,17,0.020535855362830507,0.016757710028557745,4.349941317769261,-0.016602809706257937,0.8823529411764706
LightGBM,20,model,0.001,13,low,9,0.009971673028389211,0.009786018047649492,3.6169898473324036,-0.008603189946834622,0.7777777777777778
LightGBM,20,model,0.001,13,mid,25,0.012750146386045,0.011827525119033667,3.826542704761771,-0.013160558817574053,0.84
LightGBM,20,model,0.001,14,high,17,0.019128534534288047,0.018128930286118027,3.7453705647027475,-0.013465346534653366,0.8235294117647058
LightGBM,20,model,0.001,14,low,11,0.0089997291347177,0.00381578217888454,8.372036938886344,-9.999500016677487e-05,0.9090909090909091
LightGBM,20,model,0.001,14,mid,23,0.012976044593394439,0.012203859335801774,3.774247783651782,-0.012755618546264058,0.8695652173913043
LightGBM,20,model,0.001,15,high,18,0.02088145803977183,0.01589377356519317,4.663576132276512,-0.018492550394390794,0.8888888888888888
LightGBM,20,model,0.001,15,low,11,0.009186066432618302,0.01274787087846313,2.557862521185576,-0.016213556449018895,0.8181818181818182
LightGBM,20,model,0.001,15,mid,22,0.010728922210779533,0.01301996833390578,2.925037518886207,-0.015011547344110476,0.9090909090909091
LightGBM,20,model,0.001,16,high,19,0.02371617781518995,0.013918268863543838,6.048459107109802,-0.00281584381453015,0.9473684210526315
LightGBM,20,model,0.001,16,low,11,0.011554162799975837,0.00983355491330262,4.170740869658991,-0.0016262282466953382,0.9090909090909091
LightGBM,20,model,0.001,16,mid,21,0.011639566136541851,0.010892942286063176,3.792947769082495,-9.999500016666385e-05,0.9523809523809523
LightGBM,20,model,0.001,17,high,19,0.022158833748215503,0.013583340273940423,5.790627005334706,-0.005508870214752104,0.9473684210526315
LightGBM,20,model,0.001,17,low,11,0.010488327433685146,0.009451809218014941,3.9389145796989795,-0.0032383434181609827,0.8181818181818182
LightGBM,20,model,0.001,17,mid,21,0.010209874621868778,0.011798662246252539,3.0716583750469466,-0.012433422070148414,0.7142857142857143
LightGBM,20,model,0.001,18,high,20,0.02057596554102749,0.017925611871176566,4.0744735955405,-0.013441612993559504,0.85
LightGBM,20,model,0.001,18,low,11,0.012083042562010454,0.009256245887787642,4.633687005684841,-0.0007839294463491964,0.8181818181818182
LightGBM,20,model,0.001,18,mid,19,0.011023516784057951,0.010098857859367026,3.8746562646785567,-0.006381207805418954,0.7368421052631579
LightGBM,20,model,0.001,19,high,19,0.015605536586953402,0.014673079765606086,3.775223783199391,-0.008830869648685291,0.8421052631578947
LightGBM,20,model,0.001,19,low,12,0.010226346414141899,0.011124506634836993,3.2630596535159317,-0.007802594362625759,0.75
LightGBM,20,model,0.001,19,mid,19,0.012599017256262,0.01488753442829365,3.003994716614923,-0.006111111111111733,0.7368421052631579
RandomForest,20,model,0.0,0,high,20,0.011970453995990404,0.017646812033706438,2.407851143139147,-0.021323388793267894,0.75
RandomForest,20,model,0.0,0,low,12,0.006726287705647642,0.015351644174470856,1.5552700775934363,-0.024398324493348333,0.6666666666666666
RandomForest,20,model,0.0,0,mid,19,0.008557441429407273,0.01680562607769768,1.8074842080210485,-0.024151696606785955,0.6842105263157895
RandomForest,20,model,0.0,1,high,21,0.01019172215387383,0.017654924226327525,2.0491181026850662,-0.02819545375181498,0.6666666666666666
RandomForest,20,model,0.0,1,low,12,0.00642536762527875,0.015963889581121764,1.4287114921609203,-0.02682403433476399,0.6666666666666666
RandomForest,20,model,0.0,1,mid,18,0.008717531614505863,0.018085629609322862,1.7109809386959192,-0.03094596422735152,0.6111111111111112
RandomForest,20,model,0.0,2,high,22,0.012154044796966117,0.01734353008647043,2.487531604502259,-0.025565024082993326,0.7727272727272727
RandomForest,20,model,0.0,2,low,12,0.005538779648152417,0.015669950999955586,1.254676378997139,-0.028490859587709694,0.6666666666666666
RandomForest,20,model,0.0,2,mid,17,0.010335750603629488,0.017289156290270884,2.122039647141186,-0.014535149465215613,0.7647058823529411
RandomForest,20,model,0.0,3,high,22,0.016292465146979004,0.022158672052064114,2.6099268975981516,-0.031785516860143304,0.7727272727272727
RandomForest,20,model,0.0,3,low,12,0.01064941011824705,0.013524207313403374,2.7951106534750325,-0.0174453612683092,0.75
RandomForest,20,model,0.0,3,mid,17,0.006130715923664664,0.013715075981646813,1.5867125160861577,-0.019844867532990862,0.6470588235294118
RandomForest,20,model,0.0,4,high,22,0.01739815622199875,0.01832165604599381,3.3707284984431927,-0.016934125365723807,0.7727272727272727
RandomForest,20,model,0.0,4,low,11,0.010168685388650527,0.01391140708435461,2.5946514403774326,-0.01812938782557305,0.7272727272727273
RandomForest,20,model,0.0,4,mid,18,0.006363065705474505,0.013590654831757943,1.6619245287898878,-0.024432104997475612,0.7222222222222222
RandomForest,20,model,0.0,5,high,22,0.015358226769957406,0.01842400861365852,2.958981298911644,-0.026692593247303997,0.8181818181818182
RandomForest,20,model,0.0,5,low,11,0.008583558472348537,0.014387190174442647,2.117759595707096,-0.023500696373941365,0.6363636363636364
RandomForest,20,model,0.0,5,mid,18,0.005809097715830439,0.014995748871747974,1.375073129668994,-0.019435165502581064,0.6666666666666666
RandomForest,20,model,0.0,6,high,22,0.014568524630039631,0.017776558832910752,2.90906316042902,-0.031619855149266685,0.7727272727272727
RandomForest,20,model,0.0,6,low,11,0.007467490622617582,0.014795505992534694,1.7915549623748461,-0.03146782058712694,0.6363636363636364
RandomForest,20,model,0.0,6,mid,18,0.0077577707887164565,0.016739418624803645,1.6450603914179087,-0.032621504473130725,0.6666666666666666
RandomForest,20,model,0.0,7,high,20,0.014160376954511967,0.019302767615139823,2.603997151868042,-0.024444052241440195,0.75
RandomForest,20,model,0.0,7,low,11,0.005485545473388809,0.015043882627616594,1.294330412342389,-0.046815750485650454,0.5454545454545454
RandomForest,20,model,0.0,7,mid,20,0.009235185232402219,0.014215231201660409,2.3060937330465565,-0.022951772225449973,0.7
RandomForest,20,model,0.0,8,high,18,0.013989107880452371,0.020469320513764766,2.4258942526057186,-0.036934852260591566,0.8333333333333334
RandomForest,20,model,0.0,8,low,11,0.011365865511504309,0.010684321914038824,3.776076818596435,-0.008958038661009304,0.8181818181818182
RandomForest,20,model,0.0,8,mid,22,0.006426416670025939,0.01653453273908154,1.3796287203006876,-0.02886378994111427,0.6818181818181818
RandomForest,20,model,0.0,9,high,18,0.01833067327697007,0.01951448196879029,3.3343152769699564,-0.012529137529137202,0.7777777777777778
RandomForest,20,model,0.0,9,low,10,0.01324265140528105,0.01010508753476231,4.651790416495095,-0.011235955056179026,0.9
RandomForest,20,model,0.0,9,mid,23,0.0071153773443495645,0.01855587007140516,1.361137146165967,-0.03091889809285353,0.6956521739130435
RandomForest,20,model,0.0,10,high,16,0.0148351636690865,0.01776944127746704,2.96349256539485,-0.02281618811083297,0.75
RandomForest,20,model,0.0,10,low,11,0.012291903417991145,0.010073837704591986,4.3312122017119075,-0.01133465570983272,0.9090909090909091
RandomForest,20,model,0.0,10,mid,24,0.009651365026492722,0.02157295109005626,1.5880510350445347,-0.03442083208620095,0.6666666666666666
RandomForest,20,model,0.0,11,high,18,0.014369026329511921,0.01861472614472037,2.740034062600341,-0.017882352941177126,0.7777777777777778
RandomForest,20,model,0.0,11,low,10,0.00989809382007008,0.011816886597657538,2.9732660420934116,-0.01661945231350348,0.8
RandomForest,20,model,0.0,11,mid,23,0.0064336966407865645,0.019755635374820637,1.1559920571017994,-0.05109145652992053,0.6521739130434783
RandomForest,20,model,0.0,12,high,18,0.016629110618120273,0.018221635288547297,3.239417656458814,-0.02110022607385109,0.8333333333333334
RandomForest,20,model,0.0,12,low,9,0.011808260057892811,0.008327995220584044,5.033043854017714,-0.007836687306501333,0.8888888888888888
RandomForest,20,model,0.0,12,mid,24,0.006073009375175686,0.017938492766689258,1.2017199590068666,-0.05404387534130506,0.7083333333333334
RandomForest,20,model,0.0,13,high,17,0.015034176805139698,0.022139528812006152,2.41044125756277,-0.019897669130187645,0.7647058823529411
RandomForest,20,model,0.0,13,low,9,0.011339524193537934,0.009043833862555816,4.45069187587222,-0.008603189946834844,0.8888888888888888
RandomForest,20,model,0.0,13,mid,25,0.007511229768502294,0.01596260808482633,1.6702922608953812,-0.03370678923681003,0.68
RandomForest,20,model,0.0,14,high,17,0.01439827520183173,0.022335832511085143,2.2881979829707153,-0.02540698221511195,0.7058823529411765
RandomForest,20,model,0.0,14,low,11,0.004904705018030255,0.010534840742924335,1.6526092937128574,-0.01823708206686947,0.8181818181818182
RandomForest,20,model,0.0,14,mid,23,0.010994127572872518,0.014204802897691554,2.74733002640646,-0.021473008227974932,0.8260869565217391
RandomForest,20,model,0.0,15,high,18,0.014894766217178787,0.022027329488366214,2.4002535215533944,-0.02450014080540719,0.7222222222222222
RandomForest,20,model,0.0,15,low,11,0.0060531403295932895,0.01467591314710643,1.464066764468381,-0.024613353451527487,0.8181818181818182
RandomForest,20,model,0.0,15,mid,22,0.008461357491098827,0.014700388946273235,2.0431323078710264,-0.02048192771084345,0.7727272727272727
RandomForest,20,model,0.0,16,high,19,0.01758141290548135,0.021507616801392276,2.9016615576406877,-0.0276925773376564,0.7894736842105263
RandomForest,20,model,0.0,16,low,11,0.004686033663727818,0.014880304061623262,1.1178380054371064,-0.024668110347424665,0.8181818181818182
RandomForest,20,model,0.0,16,mid,21,0.008777823814508276,0.013656759523819131,2.2815209970439776,-0.01957831325301118,0.8095238095238095
RandomForest,20,model,0.0,17,high,19,0.01524770981469861,0.021421676214689267,2.5265996984340062,-0.02575488454706909,0.7368421052631579
RandomForest,20,model,0.0,17,low,11,0.007087771373298255,0.012476097192711503,2.0165835652498014,-0.01852924145917778,0.7272727272727273
RandomForest,20,model,0.0,17,mid,21,0.008440745989220465,0.013238808397011385,2.2631701526421035,-0.020841683366733754,0.7619047619047619
RandomForest,20,model,0.0,18,high,20,0.016922037812291093,0.021559394741096156,2.786129953805536,-0.02140794583291805,0.75
RandomForest,20,model,0.0,18,low,11,0.011830746726948699,0.009644105199810916,4.354471881848329,-0.002771406727829162,0.8181818181818182
RandomForest,20,model,0.0,18,mid,19,0.0074770690371999534,0.013165372865459168,2.0159673753201814,-0.024231500951236162,0.5789473684210527
RandomForest,20,model,0.0,19,high,19,0.012871017681285226,0.01726528743687458,2.646210244824749,-0.020510498686994616,0.7368421052631579
RandomForest,20,model,0.0,19,low,12,0.009049833531565741,0.012207185173483556,2.631542150084443,-0.014404876308253822,0.6666666666666666
RandomForest,20,model,0.0,19,mid,19,0.01057060280173834,0.017114495741977855,2.1924056825286256,-0.024246657353822143,0.6842105263157895
RandomForest,20,model,0.0005,0,high,20,0.011530163526328055,0.0178326379770293,2.2951186724636967,-0.021323388793267783,0.7
RandomForest,20,model,0.0005,0,low,12,0.005970569296933975,0.015454095042360142,1.3713788176285977,-0.02449587978305323,0.5833333333333334
RandomForest,20,model,0.0005,0,mid,19,0.008557441429407273,0.01680562607769768,1.8074842080210485,-0.024151696606785955,0.6842105263157895
RandomForest,20,model,0.0005,1,high,21,0.01019172215387383,0.017654924226327525,2.0491181026850662,-0.02819545375181498,0.6666666666666666
RandomForest,20,model,0.0005,1,low,12,0.00642536762527875,0.015963889581121764,1.4287114921609203,-0.02682403433476399,0.6666666666666666
RandomForest,20,model,0.0005,1,mid,18,0.009658715322650002,0.017079960294474575,2.007325408228134,-0.02205956081419891,0.6111111111111112
RandomForest,20,model,0.0005,2,high,22,0.011774595594707704,0.01752344642299766,2.385128311081664,-0.025565024082993326,0.7272727272727273
RandomForest,20,model,0.0005,2,low,12,0.004169138345723917,0.015355580689422901,0.9637520942625951,-0.028490859587709694,0.5833333333333334
RandomForest,20,model,0.0005,2,mid,17,0.009532085628731134,0.017451131049112084,1.9388741825457754,-0.014535149465215724,0.7058823529411765
RandomForest,20,model,0.0005,3,high,22,0.015353011495204604,0.022405524364659722,2.432336939002644,-0.031785516860143304,0.7272727272727273
RandomForest,20,model,0.0005,3,low,12,0.01064941011824705,0.013524207313403374,2.7951106534750325,-0.0174453612683092,0.75
RandomForest,20,model,0.0005,3,mid,17,0.006124833570723488,0.01371258829543466,1.5854776625068283,-0.019844867532990862,0.6470588235294118
RandomForest,20,model,0.0005,4,high,22,0.01673675329160323,0.018692014648115644,3.178340151573604,-0.016934125365723807,0.7272727272727273
RandomForest,20,model,0.0005,4,low,11,0.010168685388650527,0.01391140708435461,2.5946514403774326,-0.01812938782557305,0.7272727272727273
RandomForest,20,model,0.0005,4,mid,18,0.006357510149918951,0.013588487751645338,1.6607383230366597,-0.0244321049974755,0.7222222222222222
RandomForest,20,model,0.0005,5,high,22,0.015358226769957406,0.01842400861365852,2.958981298911644,-0.026692593247303997,0.8181818181818182
RandomForest,20,model,0.0005,5,low,11,0.009812726106499465,0.012813603753996216,2.7183392736481418,-0.010306913765759984,0.6363636363636364
RandomForest,20,model,0.0005,5,mid,18,0.006790975197332262,0.013914676026782152,1.7323846129858866,-0.019435165502581064,0.6666666666666666
RandomForest,20,model,0.0005,6,high,22,0.014573070084585084,0.017778362040409855,2.9096756532173775,-0.031619855149266685,0.7727272727272727
RandomForest,20,model,0.0005,6,low,11,0.00902320510333169,0.013199852106754463,2.42648179050124,-0.01475083594414106,0.6363636363636364
RandomForest,20,model,0.0005,6,mid,18,0.009915237311258197,0.013877567530306417,2.53615058432972,-0.014905698641249132,0.6666666666666666
RandomForest,20,model,0.0005,7,high,20,0.014165376954511972,0.01930605696381109,2.6044727945533945,-0.024444052241440195,0.75
RandomForest,20,model,0.0005,7,low,11,0.008602910929595474,0.011739029007048405,2.6013484111417178,-0.013563216994065819,0.5454545454545454
RandomForest,20,model,0.0005,7,mid,20,0.009704090133321835,0.012429203815843497,2.771384505479316,-0.010464289342680178,0.65
RandomForest,20,model,0.0005,8,high,18,0.013994663436007927,0.020473163634795115,2.426402100875265,-0.036934852260591566,0.8333333333333334
RandomForest,20,model,0.0005,8,low,11,0.0086147061625987,0.011372064879264373,2.6889728210479915,-0.009156227233759084,0.6363636363636364
RandomForest,20,model,0.0005,8,mid,22,0.007753168597497393,0.014580165449772961,1.8875655760956287,-0.027211567426448258,0.6818181818181818
RandomForest,20,model,0.0005,9,high,18,0.01833067327697007,0.01951448196879029,3.3343152769699564,-0.012529137529137202,0.7777777777777778
RandomForest,20,model,0.0005,9,low,10,0.01047390040967625,0.011526934363986547,3.225372601624893,-0.011334826517018004,0.7
RandomForest,20,model,0.0005,9,mid,23,0.007111029518262607,0.018550841345956845,1.360674177050855,-0.03091889809285353,0.6956521739130435
RandomForest,20,model,0.0005,10,high,16,0.0148351636690865,0.01776944127746704,2.96349256539485,-0.02281618811083297,0.75
RandomForest,20,model,0.0005,10,low,11,0.012273721599809329,0.010075331877167271,4.324164232321468,-0.011334655709832608,0.9090909090909091
RandomForest,20,model,0.0005,10,mid,24,0.009375254692662838,0.02146144404276928,1.5506343740376434,-0.03442083208620106,0.625
RandomForest,20,model,0.0005,11,high,18,0.014369026329511921,0.01861472614472037,2.740034062600341,-0.017882352941177126,0.7777777777777778
RandomForest,20,model,0.0005,11,low,10,0.01154400430733087,0.008291274190301534,4.9422018086316335,-0.004296875000000089,0.8
RandomForest,20,model,0.0005,11,mid,23,0.006816317491058587,0.019529073937359646,1.2389490121258289,-0.051091456529920753,0.6521739130434783
RandomForest,20,model,0.0005,12,high,18,0.017808333821542958,0.016194982957348916,3.903265250841581,-0.0008772784871814432,0.8333333333333334
RandomForest,20,model,0.0005,12,low,9,0.0105536373446584,0.009236338437755134,4.055903383380586,-0.007836687306501222,0.7777777777777778
RandomForest,20,model,0.0005,12,mid,24,0.008383804827643412,0.014662464831487853,2.0296420342543926,-0.03214214414054728,0.7083333333333334
RandomForest,20,model,0.0005,13,high,17,0.015034176805139698,0.022139528812006152,2.41044125756277,-0.019897669130187645,0.7647058823529411
RandomForest,20,model,0.0005,13,low,9,0.008722813022686744,0.008491850793960353,3.6461915566376613,-0.008603189946834844,0.7777777777777778
RandomForest,20,model,0.0005,13,mid,25,0.008886748169103112,0.013508336060027309,2.335211869786226,-0.02656281206311073,0.68
RandomForest,20,model,0.0005,14,high,17,0.01439827520183173,0.022335832511085143,2.2881979829707153,-0.02540698221511195,0.7058823529411765
RandomForest,20,model,0.0005,14,low,11,0.004904705018030255,0.010534840742924335,1.6526092937128574,-0.01823708206686947,0.8181818181818182
RandomForest,20,model,0.0005,14,mid,23,0.009844541212177139,0.013028632679217188,2.68214290815749,-0.021473008227974932,0.782608695652174
RandomForest,20,model,0.0005,15,high,18,0.014569355819989622,0.020118660653194016,2.5705529678708916,-0.018492550394390794,0.6666666666666666
RandomForest,20,model,0.0005,15,low,11,0.006841766841906182,0.010798891676923576,2.248921817444151,-0.008519701810436486,0.6363636363636364
RandomForest,20,model,0.0005,15,mid,22,0.008452266582007918,0.014703567526631158,2.04049595541834,-0.02048192771084345,0.7727272727272727
RandomForest,20,model,0.0005,16,high,19,0.017576149747586617,0.021509540989727353,2.9005334210364286,-0.0276925773376564,0.7894736842105263
RandomForest,20,model,0.0005,16,low,11,0.004916202510647672,0.010349889175137265,1.686084505295036,-0.014419819994193284,0.7272727272727273
RandomForest,20,model,0.0005,16,mid,21,0.008773061909746372,0.013656562027821567,2.280316265297014,-0.019578313253011292,0.8095238095238095
RandomForest,20,model,0.0005,17,high,19,0.01524770981469861,0.021421676214689267,2.5265996984340062,-0.02575488454706909,0.7368421052631579
RandomForest,20,model,0.0005,17,low,11,0.008892663145762727,0.009450538521830525,3.3401083673507945,-0.0021904445022091767,0.7272727272727273
RandomForest,20,model,0.0005,17,mid,21,0.008440745989220465,0.013238808397011385,2.2631701526421035,-0.020841683366733754,0.7619047619047619
RandomForest,20,model,0.0005,18,high,20,0.01614863158092373,0.021898133746669348,2.617663968788877,-0.021407945832918274,0.7
RandomForest,20,model,0.0005,18,low,11,0.012083042562010454,0.009256245887787642,4.633687005684841,-0.0007839294463491964,0.8181818181818182
RandomForest,20,model,0.0005,18,mid,19,0.0074770690371999534,0.013165372865459168,2.0159673753201814,-0.024231500951236162,0.5789473684210527
RandomForest,20,model,0.0005,19,high,19,0.012871017681285226,0.01726528743687458,2.646210244824749,-0.020510498686994616,0.7368421052631579
RandomForest,20,model,0.0005,19,low,12,0.009041500198232409,0.012201019897328143,2.6304474698890163,-0.014404876308253822,0.6666666666666666
RandomForest,20,model,0.0005,19,mid,19,0.008476697110300331,0.017064662979046068,1.7632513386271436,-0.024246657353822143,0.5789473684210527
RandomForest,20,model,0.001,0,high,20,0.011530163526328055,0.0178326379770293,2.2951186724636967,-0.021323388793267783,0.7
RandomForest,20,model,0.001,0,low,12,0.005962235963600643,0.01544880891719827,1.3699333263314462,-0.02449587978305323,0.5833333333333334
RandomForest,20,model,0.001,0,mid,19,0.0056083769496134625,0.015022337985087933,1.3252107170220568,-0.024151696606785955,0.5789473684210527
RandomForest,20,model,0.001,1,high,21,0.010805040283725535,0.01701371526771303,2.2543041083836637,-0.01978967495219852,0.6666666666666666
RandomForest,20,model,0.001,1,low,12,0.0055812953918388,0.016018621119617563,1.2367876829570548,-0.02682403433476399,0.5833333333333334
RandomForest,20,model,0.001,1,mid,18,0.008317451752813962,0.016821638107260267,1.755121867964502,-0.02205956081419902,0.5555555555555556
RandomForest,20,model,0.001,2,high,22,0.011774595594707704,0.01752344642299766,2.385128311081664,-0.025565024082993326,0.7272727272727273
RandomForest,20,model,0.001,2,low,12,0.006569521816787424,0.011477026921133962,2.031840587566796,-0.015347281576271188,0.5833333333333334
RandomForest,20,model,0.001,2,mid,17,0.00953796798167231,0.01745541309599164,1.939594757382648,-0.014535149465215613,0.7058823529411765
RandomForest,20,model,0.001,3,high,22,0.014564661335203571,0.022636620253122942,2.283884188789264,-0.031785516860143304,0.6818181818181818
RandomForest,20,model,0.001,3,low,12,0.008175460297721183,0.010254276426152568,2.8300392953047693,-0.0038408425561916593,0.5833333333333334
RandomForest,20,model,0.001,3,mid,17,0.00713990898913496,0.012744839168917778,1.9885823899673127,-0.01984486753299075,0.6470588235294118
RandomForest,20,model,0.001,4,high,22,0.01494685808129461,0.018880731487837664,2.810065011704692,-0.016934125365723807,0.6363636363636364
RandomForest,20,model,0.001,4,low,11,0.0104346507248573,0.01253266492321186,2.9554237622374737,-0.004645425461384023,0.6363636363636364
RandomForest,20,model,0.001,4,mid,18,0.006864971994975284,0.012667922561820245,1.9236171597744227,-0.0244321049974755,0.6666666666666666
RandomForest,20,model,0.001,5,high,22,0.01536277222450286,0.018425246448146894,2.959658198077018,-0.026692593247303997,0.8181818181818182
RandomForest,20,model,0.001,5,low,11,0.010432870420905847,0.012082486262679767,3.065016211148409,-0.010306913765759984,0.6363636363636364
RandomForest,20,model,0.001,5,mid,18,0.008052608740102545,0.012426977268929721,2.300151102117608,-0.019435165502581064,0.6666666666666666
RandomForest,20,model,0.001,6,high,22,0.01408096040335839,0.018039578304982908,2.7707106150898593,-0.031619855149266796,0.7272727272727273
RandomForest,20,model,0.001,6,low,11,0.009602996985931117,0.012104619430707135,2.8160536554257325,-0.008447121533511348,0.5454545454545454
RandomForest,20,model,0.001,6,mid,18,0.008206159820237653,0.013017496382296134,2.2376789568577093,-0.015004203146077644,0.6111111111111112
RandomForest,20,model,0.001,7,high,20,0.014165376954511972,0.01930605696381109,2.6044727945533945,-0.024444052241440195,0.75
RandomForest,20,model,0.001,7,low,11,0.008961285772554383,0.011372191766779694,2.7971221032935425,-0.00966688673363758,0.5454545454545454
RandomForest,20,model,0.001,7,mid,20,0.009704090133321835,0.012429203815843497,2.771384505479316,-0.010464289342680178,0.65
RandomForest,20,model,0.001,8,high,18,0.013994663436007927,0.020473163634795115,2.426402100875265,-0.036934852260591566,0.8333333333333334
RandomForest,20,model,0.001,8,low,11,0.009201330824577237,0.010641136646247752,3.069360487241993,-0.009156227233759195,0.6363636363636364
RandomForest,20,model,0.001,8,mid,22,0.007080807418430025,0.014577860162390563,1.724146938558348,-0.02721156742644848,0.6363636363636364
RandomForest,20,model,0.001,9,high,18,0.018336228832525628,0.019517073499451427,3.3348829484330893,-0.012529137529137202,0.7777777777777778
RandomForest,20,model,0.001,9,low,10,0.01047390040967625,0.011526934363986547,3.225372601624893,-0.011334826517018004,0.7
RandomForest,20,model,0.001,9,mid,23,0.008472202305007134,0.016646989716027755,1.8065329154396566,-0.027423405323958372,0.6956521739130435
RandomForest,20,model,0.001,10,high,16,0.0148351636690865,0.01776944127746704,2.96349256539485,-0.02281618811083297,0.75
RandomForest,20,model,0.001,10,low,11,0.011061126208086781,0.010730850947392826,3.658899305867696,-0.01133465570983272,0.8181818181818182
RandomForest,20,model,0.001,10,mid,24,0.01050569635699576,0.020134624358325998,1.8521091842263688,-0.03442083208620106,0.625
RandomForest,20,model,0.001,11,high,18,0.015365924900696206,0.017203770325330107,3.1704458709189898,-0.016528126812294652,0.7777777777777778
RandomForest,20,model,0.001,11,low,10,0.01153400430733087,0.008286287324511702,4.940892370381697,-0.004296875000000089,0.8
RandomForest,20,model,0.001,11,mid,23,0.007604510513726165,0.017921675557599197,1.5061836411232497,-0.029752396166133566,0.5652173913043478
RandomForest,20,model,0.001,12,high,18,0.017808333821542958,0.016194982957348916,3.903265250841581,-0.0008772784871814432,0.8333333333333334
RandomForest,20,model,0.001,12,low,9,0.008870742094722113,0.009679133661431473,3.2531848285220284,-0.007836687306501222,0.6666666666666666
RandomForest,20,model,0.001,12,mid,24,0.007748013141719842,0.014681442985741144,1.873298038269292,-0.03214214414054717,0.6666666666666666
RandomForest,20,model,0.001,13,high,17,0.014458038695477335,0.022412923746231064,2.289792569627661,-0.01999567446292616,0.7058823529411765
RandomForest,20,model,0.001,13,low,9,0.007354961857538034,0.008843995404147677,2.9520056826652996,-0.008603189946834844,0.6666666666666666
RandomForest,20,model,0.001,13,mid,25,0.0075914869880095125,0.012369286405414279,2.1785497346282523,-0.013259237827659587,0.6
RandomForest,20,model,0.001,14,high,17,0.015906234777350307,0.020222309319249582,2.7920417744359827,-0.014663322400154666,0.7058823529411765
RandomForest,20,model,0.001,14,low,11,0.006577925703731655,0.007499520838080146,3.1134415739985126,-0.013231601313502206,0.8181818181818182
RandomForest,20,model,0.001,14,mid,23,0.010269908341924218,0.012500660304639654,2.9162106145733895,-0.012755618546264058,0.782608695652174
RandomForest,20,model,0.001,15,high,18,0.014569355819989622,0.020118660653194016,2.5705529678708916,-0.018492550394390794,0.6666666666666666
RandomForest,20,model,0.001,15,low,11,0.006841766841906182,0.010798891676923576,2.248921817444151,-0.008519701810436486,0.6363636363636364
RandomForest,20,model,0.001,15,mid,22,0.007585135839973009,0.012295342012833898,2.189818001715876,-0.01682881991751972,0.7272727272727273
RandomForest,20,model,0.001,16,high,19,0.017132503436204465,0.021792224862186516,2.7906445859602136,-0.02769257733765651,0.7368421052631579
RandomForest,20,model,0.001,16,low,11,0.006106861054822827,0.008459623215628355,2.5624316570902166,-9.999500016666385e-05,0.6363636363636364
RandomForest,20,model,0.001,16,mid,21,0.007157818262445873,0.012424029132915413,2.045047872659986,-0.018986883469970905,0.7619047619047619
RandomForest,20,model,0.001,17,high,19,0.016437341706920353,0.02009612537624969,2.9033843033783646,-0.02575488454706909,0.7368421052631579
RandomForest,20,model,0.001,17,low,11,0.008892663145762727,0.009450538521830525,3.3401083673507945,-0.0021904445022091767,0.7272727272727273
RandomForest,20,model,0.001,17,mid,21,0.008263901412317495,0.013330994934906028,2.2004314147742727,-0.020939594302768594,0.7142857142857143
RandomForest,20,model,0.001,18,high,20,0.016143631580923724,0.021897702514746813,2.616905011584471,-0.021407945832918163,0.7
RandomForest,20,model,0.001,18,low,11,0.00890479157992239,0.00994122076155487,3.1795767563533013,-0.0007839294463491964,0.6363636363636364
RandomForest,20,model,0.001,18,mid,19,0.006294747258729262,0.01275758575360124,1.7514392322972705,-0.02423150095123605,0.5263157894736842
RandomForest,20,model,0.001,19,high,19,0.01286575452339049,0.017262829430966773,2.6455048009782804,-0.020510498686994616,0.7368421052631579
RandomForest,20,model,0.001,19,low,12,0.008062583843808549,0.012441838658771428,2.300249533180077,-0.014503430892811697,0.5833333333333334
RandomForest,20,model,0.001,19,mid,19,0.008476697110300331,0.017064662979046068,1.7632513386271436,-0.024246657353822143,0.5789473684210527
Ridge,20,model,0.0,0,high,20,0.008333348143354425,0.01972205886392307,1.4998663014827764,-0.0677404921700222,0.7
Ridge,20,model,0.0,0,low,12,0.0014547199633320584,0.016874010565802098,0.30601756464164376,-0.0515643502921973,0.5
Ridge,20,model,0.0,0,mid,19,-0.006790280564300436,0.017719758661322443,-1.3602388949816768,-0.11948171896248361,0.2631578947368421
Ridge,20,model,0.0,1,high,21,0.014809692801249587,0.013787677655124142,3.8127664295731494,-0.015730545017118347,0.8571428571428571
Ridge,20,model,0.0,1,low,12,0.00044417076427130924,0.017337708844611284,0.09093761011794103,-0.05860768173404318,0.5
Ridge,20,model,0.0,1,mid,18,-0.011438313073063595,0.01651178433851654,-2.458970078713924,-0.18426904030960345,0.2777777777777778
Ridge,20,model,0.0,2,high,22,0.008692155406125493,0.019424537529930487,1.5884080058174672,-0.04849573417153141,0.7727272727272727
Ridge,20,model,0.0,2,low,12,0.0005664942973860422,0.016738284743367422,0.12013508593231913,-0.04717030663890143,0.5
Ridge,20,model,0.0,2,mid,17,-0.0088758970661683,0.018209442635811205,-1.7302182029480513,-0.1441618117186615,0.35294117647058826
Ridge,20,model,0.0,3,high,22,0.011888365495903276,0.024932325489030644,1.6925621830668691,-0.0483467896962706,0.7727272727272727
Ridge,20,model,0.0,3,low,12,-0.000528395296844242,0.017567992748079096,-0.10676332047622039,-0.05745647192432213,0.5
Ridge,20,model,0.0,3,mid,17,-0.0055965808435195765,0.014031856086908441,-1.41577073956965,-0.1027234995581986,0.35294117647058826
Ridge,20,model,0.0,4,high,22,0.013361826481058558,0.021575194096101324,2.198347727239961,-0.023793911007025992,0.6818181818181818
Ridge,20,model,0.0,4,low,11,-0.0015381916630346178,0.017492840380280348,-0.3121299138064497,-0.06485063976079042,0.45454545454545453
Ridge,20,model,0.0,4,mid,18,-0.007325979732450593,0.013188050308353494,-1.9718341789655889,-0.13525672623374296,0.3333333333333333
Ridge,20,model,0.0,5,high,22,0.010355105894881771,0.021768654998164983,1.688527820622721,-0.0693830652289198,0.7727272727272727
Ridge,20,model,0.0,5,low,11,0.00012706391568669142,0.017020935378846743,0.026498670467537216,-0.05611283806567169,0.5454545454545454
Ridge,20,model,0.0,5,mid,18,-0.0027301517810043386,0.015972008964188593,-0.6067538201089553,-0.08062957115148062,0.4444444444444444
Ridge,20,model,0.0,6,high,22,0.01071921837179535,0.02046646344465317,1.8591121403510207,-0.06747924394983185,0.6818181818181818
Ridge,20,model,0.0,6,low,11,0.002988766356778946,0.016460531610295613,0.6445155225249983,-0.049308236909188397,0.6363636363636364
Ridge,20,model,0.0,6,mid,18,-0.007967971065337177,0.01676479815237315,-1.6870761736653959,-0.13723790321560925,0.3333333333333333
Ridge,20,model,0.0,7,high,20,0.004462812448967678,0.02375022935184341,0.6670004094858236,-0.07253794564066329,0.55
Ridge,20,model,0.0,7,low,11,0.0032334803681945547,0.015750126126151297,0.7287380817946428,-0.047903458331116644,0.6363636363636364
Ridge,20,model,0.0,7,mid,20,-0.00508979520190323,0.01635010394793139,-1.105007084602915,-0.1062195169013016,0.35
Ridge,20,model,0.0,8,high,18,0.008253896552056696,0.023549943510224096,1.244097519865862,-0.06755072979708054,0.6666666666666666
Ridge,20,model,0.0,8,low,11,0.0030247065728922005,0.01571649314097714,0.6831449705166298,-0.04472006230758596,0.6363636363636364
Ridge,20,model,0.0,8,mid,22,-0.004694009149410704,0.017186958751365923,-0.9694606136751079,-0.10267459898351805,0.36363636363636365
Ridge,20,model,0.0,9,high,18,0.004492953790673722,0.02677694110875634,0.5956021558873302,-0.08103132801251012,0.5
Ridge,20,model,0.0,9,low,10,0.0031709167635717702,0.01695739627607605,0.663759798501314,-0.0460223274805851,0.6
Ridge,20,model,0.0,9,mid,23,-0.001985779873819252,0.019882836166430346,-0.3545177981707635,-0.06501992599267958,0.391304347826087
Ridge,20,model,0.0,10,high,16,0.006465379477231637,0.022491232726872742,1.0203896232761704,-0.0616744019992862,0.5625
Ridge,20,model,0.0,10,low,11,0.0002572430689952178,0.016445623824226697,0.055523726047406484,-0.058054353769858236,0.45454545454545453
Ridge,20,model,0.0,10,mid,24,-0.00014039302672831235,0.02377909361241845,-0.020957308818914038,-0.06830752160120457,0.5
Ridge,20,model,0.0,11,high,18,0.007225429367338588,0.022604296706130983,1.1346395906951259,-0.07268349237492233,0.6666666666666666
Ridge,20,model,0.0,11,low,10,0.0055676072942141,0.014688837987084659,1.345446480484004,-0.021254087324485416,0.7
Ridge,20,model,0.0,11,mid,23,-0.003289185922390004,0.020591260619427256,-0.5670100543513577,-0.10880265506716513,0.43478260869565216
Ridge,20,model,0.0,12,high,18,0.006336858410682683,0.02416250235298758,0.9309307302064896,-0.08151885289431748,0.7222222222222222
Ridge,20,model,0.0,12,low,9,0.00017249561153774497,0.015211730601717195,0.04025174361068389,-0.03669996788748753,0.5555555555555556
Ridge,20,model,0.0,12,mid,24,0.001959238581938638,0.01888928642970113,0.3681773308276103,-0.05649844047234798,0.5
Ridge,20,model,0.0,13,high,17,0.004211680444673612,0.026701820397335766,0.55988626604864,-0.07419750724289309,0.6470588235294118
Ridge,20,model,0.0,13,low,9,0.0012320996031123113,0.015113350719971184,0.28938121086963187,-0.02966322371637109,0.5555555555555556
Ridge,20,model,0.0,13,mid,25,0.0027784149440925722,0.01750471840640799,0.5634135013719731,-0.051486053955190014,0.56
Ridge,20,model,0.0,14,high,17,0.006769099895658129,0.025911626028019774,0.9273027095832601,-0.07500662602703378,0.6470588235294118
Ridge,20,model,0.0,14,low,11,0.0029030808104143365,0.01141783276351621,0.9025280741232845,-0.025432379811437422,0.6363636363636364
Ridge,20,model,0.0,14,mid,23,0.0006518605522184657,0.018126262085010263,0.12765320338942787,-0.05545632852278615,0.4782608695652174
Ridge,20,model,0.0,15,high,18,0.006173373098989823,0.0260926488323994,0.8398266044752403,-0.08220858895705496,0.6111111111111112
Ridge,20,model,0.0,15,low,11,-0.0002315737611384541,0.01601464402946585,-0.05132835337632826,-0.047148092860710644,0.5454545454545454
Ridge,20,model,0.0,15,mid,22,-0.000812756144616891,0.017075463142600337,-0.16895577551025326,-0.06920227691399616,0.5
Ridge,20,model,0.0,16,high,19,0.0072270883523632,0.027115292747220292,0.946094110596842,-0.08894925948646049,0.631578947368421
Ridge,20,model,0.0,16,low,11,-0.0004762215776455641,0.0156702010490123,-0.10787474285643474,-0.042812527778158804,0.5454545454545454
Ridge,20,model,0.0,16,mid,21,-0.001873793942020181,0.01627814838389284,-0.4086035166892519,-0.05860397193741951,0.38095238095238093
Ridge,20,model,0.0,17,high,19,0.006967969817111198,0.02557761166866753,0.9670112885815209,-0.07495559502664273,0.631578947368421
Ridge,20,model,0.0,17,low,11,0.0007135474188235273,0.014576526879254242,0.17376169894597382,-0.03496811930331556,0.6363636363636364
Ridge,20,model,0.0,17,mid,21,-0.0021740705524714425,0.015711176855197063,-0.49119076035048004,-0.06064580555350707,0.38095238095238093
Ridge,20,model,0.0,18,high,20,0.00693968155237239,0.026786085116573537,0.9196351662693025,-0.06966592427616891,0.7
Ridge,20,model,0.0,18,low,11,0.00015319335542575419,0.01582250116709069,0.03436766804572688,-0.04217269826607728,0.5454545454545454
Ridge,20,model,0.0,18,mid,19,-0.001874790574168458,0.015172005562046256,-0.4386266760063526,-0.05907602737742235,0.3157894736842105
Ridge,20,model,0.0,19,high,19,0.009276994216934583,0.01956899011021578,1.682767612195402,-0.06965750981091634,0.7368421052631579
Ridge,20,model,0.0,19,low,12,0.0013492644069275509,0.015452175997348178,0.30995074925045646,-0.04494867118361856,0.4166666666666667
Ridge,20,model,0.0,19,mid,19,-0.0047408202116392155,0.019741775717243937,-0.8524178679091285,-0.08702247931113327,0.3684210526315789
Ridge,20,model,0.0005,0,high,20,0.008333348143354425,0.01972205886392307,1.4998663014827764,-0.0677404921700222,0.7
Ridge,20,model,0.0005,0,low,12,0.0014547199633320584,0.016874010565802098,0.30601756464164376,-0.0515643502921973,0.5
Ridge,20,model,0.0005,0,mid,19,-0.006790280564300436,0.017719758661322443,-1.3602388949816768,-0.11948171896248361,0.2631578947368421
Ridge,20,model,0.0005,1,high,21,0.014182088957112168,0.014165160574087543,3.5538899536984414,-0.015730545017118347,0.8095238095238095
Ridge,20,model,0.0005,1,low,12,0.0002674127599628509,0.017327748946359148,0.054780406659510325,-0.05860768173404318,0.4166666666666667
Ridge,20,model,0.0005,1,mid,18,-0.011332370796209794,0.0165738297100267,-2.4270748861919107,-0.18418746313484358,0.2777777777777778
Ridge,20,model,0.0005,2,high,22,0.00841286653945222,0.019508412011440927,1.5307608724722332,-0.04849573417153141,0.7272727272727273
Ridge,20,model,0.0005,2,low,12,0.0005581609640527089,0.016723354439567115,0.11847353258272862,-0.04717030663890143,0.5
Ridge,20,model,0.0005,2,mid,17,-0.010530673501859118,0.015759268247367005,-2.371949139853512,-0.16790207976634086,0.29411764705882354
Ridge,20,model,0.0005,3,high,22,0.011888365495903276,0.024932325489030644,1.6925621830668691,-0.0483467896962706,0.7727272727272727
Ridge,20,model,0.0005,3,low,12,-0.000528395296844242,0.017567992748079096,-0.10676332047622039,-0.05745647192432213,0.5
Ridge,20,model,0.0005,3,mid,17,-0.0055965808435195765,0.014031856086908441,-1.41577073956965,-0.1027234995581986,0.35294117647058826
Ridge,20,model,0.0005,4,high,22,0.012718211397588686,0.021756492901226353,2.0750206478973556,-0.023891526735057567,0.6363636363636364
Ridge,20,model,0.0005,4,low,11,-0.0015381916630346178,0.017492840380280348,-0.3121299138064497,-0.06485063976079042,0.45454545454545453
Ridge,20,model,0.0005,4,mid,18,-0.007320424176895032,0.013186157401435543,-1.9706217129757981,-0.13517024758250584,0.3333333333333333
Ridge,20,model,0.0005,5,high,22,0.010359651349427228,0.021770243193002078,1.6891457765986169,-0.0693830652289198,0.7727272727272727
Ridge,20,model,0.0005,5,low,11,0.00012706391568669142,0.017020935378846743,0.026498670467537216,-0.05611283806567169,0.5454545454545454
Ridge,20,model,0.0005,5,mid,18,-0.004485668433348166,0.013539865856270778,-1.175974974076811,-0.0807215035976665,0.3888888888888889
Ridge,20,model,0.0005,6,high,22,0.010268176313144124,0.020593343960331793,1.7699121739289077,-0.06747924394983185,0.6363636363636364
Ridge,20,model,0.0005,6,low,11,0.0019527789118379641,0.01624627102619775,0.4266626780714853,-0.049308236909188397,0.5454545454545454
Ridge,20,model,0.0005,6,mid,18,-0.007967971065337177,0.01676479815237315,-1.6870761736653959,-0.13723790321560925,0.3333333333333333
Ridge,20,model,0.0005,7,high,20,0.005243934257959268,0.023439751525327623,0.7941261684594421,-0.07253794564066329,0.55
Ridge,20,model,0.0005,7,low,11,0.0032334803681945547,0.015750126126151297,0.7287380817946428,-0.047903458331116644,0.6363636363636364
Ridge,20,model,0.0005,7,mid,20,-0.004323472539959815,0.01619863428313931,-0.947413517930929,-0.10621951690130138,0.35
Ridge,20,model,0.0005,8,high,18,0.008886256603086552,0.023138028837718882,1.3632570882940969,-0.06755072979708054,0.6666666666666666
Ridge,20,model,0.0005,8,low,11,0.0016674386292303183,0.01557930781358079,0.37991546538478055,-0.04472006230758596,0.45454545454545453
Ridge,20,model,0.0005,8,mid,22,-0.00468946369486525,0.017193400661806604,-0.9681589548622827,-0.10258486195663974,0.36363636363636365
Ridge,20,model,0.0005,9,high,18,0.006693449381112767,0.024451382654958415,0.9716991743558125,-0.07501544435619079,0.5555555555555556
Ridge,20,model,0.0005,9,low,10,0.0031709167635717702,0.01695739627607605,0.663759798501314,-0.0460223274805851,0.6
Ridge,20,model,0.0005,9,mid,23,-0.0033556483127376914,0.018515985191116035,-0.6433019773110938,-0.09401908224159194,0.34782608695652173
Ridge,20,model,0.0005,10,high,16,0.006465379477231637,0.022491232726872742,1.0203896232761704,-0.0616744019992862,0.5625
Ridge,20,model,0.0005,10,low,11,0.0017537266945637819,0.015439119305461003,0.4032038422989999,-0.042228825044051455,0.45454545454545453
Ridge,20,model,0.0005,10,mid,24,-0.000265451412500654,0.0237702915681245,-0.03964019701793497,-0.06840068619073725,0.4583333333333333
Ridge,20,model,0.0005,11,high,18,0.007225429367338588,0.022604296706130983,1.1346395906951259,-0.07268349237492233,0.6666666666666666
Ridge,20,model,0.0005,11,low,10,0.005557607294214099,0.014677456037293786,1.3440714006091168,-0.021254087324485416,0.7
Ridge,20,model,0.0005,11,mid,23,-0.0035301618196948827,0.020516727351855144,-0.6107617052486287,-0.11372840494435477,0.391304347826087
Ridge,20,model,0.0005,12,high,18,0.006336858410682683,0.02416250235298758,0.9309307302064896,-0.08151885289431748,0.7222222222222222
Ridge,20,model,0.0005,12,low,9,0.00017249561153774497,0.015211730601717195,0.04025174361068389,-0.03669996788748753,0.5555555555555556
Ridge,20,model,0.0005,12,mid,24,0.0003421423462727253,0.01718115277381365,0.07068704100500398,-0.056498440472347755,0.4583333333333333
Ridge,20,model,0.0005,13,high,17,0.004211680444673612,0.026701820397335766,0.55988626604864,-0.07419750724289309,0.6470588235294118
Ridge,20,model,0.0005,13,low,9,0.0012320996031123113,0.015113350719971184,0.28938121086963187,-0.02966322371637109,0.5555555555555556
Ridge,20,model,0.0005,13,mid,25,0.0027784149440925722,0.01750471840640799,0.5634135013719731,-0.051486053955190014,0.56
Ridge,20,model,0.0005,14,high,17,0.006769099895658129,0.025911626028019774,0.9273027095832601,-0.07500662602703378,0.6470588235294118
Ridge,20,model,0.0005,14,low,11,0.002238230761962391,0.011355944840745877,0.6996274786354612,-0.025432379811437422,0.5454545454545454
Ridge,20,model,0.0005,14,mid,23,-0.0006411841405920953,0.016979337249608536,-0.13404397859481068,-0.06328653394807404,0.43478260869565216
Ridge,20,model,0.0005,15,high,18,0.006173373098989823,0.0260926488323994,0.8398266044752403,-0.08220858895705496,0.6111111111111112
Ridge,20,model,0.0005,15,low,11,-0.0002315737611384541,0.01601464402946585,-0.05132835337632826,-0.047148092860710644,0.5454545454545454
Ridge,20,model,0.0005,15,mid,22,-0.000812756144616891,0.017075463142600337,-0.16895577551025326,-0.06920227691399616,0.5
Ridge,20,model,0.0005,16,high,19,0.006433361748021621,0.027096432597993814,0.8427739977325661,-0.08894925948646049,0.5789473684210527
Ridge,20,model,0.0005,16,low,11,-0.0004762215776455641,0.0156702010490123,-0.10787474285643474,-0.042812527778158804,0.5454545454545454
Ridge,20,model,0.0005,16,mid,21,-0.0018690320372582764,0.01628782175942677,-0.40732307166326687,-0.05860397193741951,0.38095238095238093
Ridge,20,model,0.0005,17,high,19,0.006967969817111198,0.02557761166866753,0.9670112885815209,-0.07495559502664273,0.631578947368421
Ridge,20,model,0.0005,17,low,11,0.0007135474188235273,0.014576526879254242,0.17376169894597382,-0.03496811930331556,0.6363636363636364
Ridge,20,model,0.0005,17,mid,21,-0.0019652730709320662,0.01570959553631441,-0.444061551667638,-0.06064580555350707,0.38095238095238093
Ridge,20,model,0.0005,18,high,20,0.00693968155237239,0.026786085116573537,0.9196351662693025,-0.06966592427616891,0.7
Ridge,20,model,0.0005,18,low,11,0.0008287091294828633,0.015610429145019762,0.18843976477998778,-0.04217269826607728,0.5454545454545454
Ridge,20,model,0.0005,18,mid,19,-0.001874790574168458,0.015172005562046256,-0.4386266760063526,-0.05907602737742235,0.3157894736842105
Ridge,20,model,0.0005,19,high,19,0.009276994216934583,0.01956899011021578,1.682767612195402,-0.06965750981091634,0.7368421052631579
Ridge,20,model,0.0005,19,low,12,0.0016541391713026925,0.015363599300555832,0.3821768239981227,-0.04494867118361856,0.4166666666666667
Ridge,20,model,0.0005,19,mid,19,-0.00582820991922759,0.0188181326332767,-1.0993701302911634,-0.10126820669827252,0.3157894736842105
Ridge,20,model,0.001,0,high,20,0.0073840391554033154,0.019642571902683564,1.3343842643822832,-0.0677404921700222,0.65
Ridge,20,model,0.001,0,low,12,0.0014630532966653919,0.016885181702058483,0.30756696076101453,-0.0515643502921973,0.5
Ridge,20,model,0.001,0,mid,19,-0.006053245735773989,0.017689875273769116,-1.2146434329918112,-0.10706449843923915,0.2631578947368421
Ridge,20,model,0.001,1,high,21,0.012148754304630112,0.012897020340815952,3.343702552938029,-0.015730545017118347,0.7619047619047619
Ridge,20,model,0.001,1,low,12,0.0002590794266295173,0.017339026362767615,0.05303877597387572,-0.05870181625906501,0.4166666666666667
Ridge,20,model,0.001,1,mid,18,-0.009937986542647841,0.01639341449467195,-2.1518612106873882,-0.16345232610960214,0.2777777777777778
Ridge,20,model,0.001,2,high,22,0.00841286653945222,0.019508412011440927,1.5307608724722332,-0.04849573417153141,0.7272727272727273
Ridge,20,model,0.001,2,low,12,0.0005581609640527089,0.016723354439567115,0.11847353258272862,-0.04717030663890143,0.5
Ridge,20,model,0.001,2,mid,17,-0.010723063312033482,0.015607813207938801,-2.4387208084070724,-0.1706191158744551,0.23529411764705882
Ridge,20,model,0.001,3,high,22,0.011883820041357823,0.024930638601448035,1.692029521183325,-0.048346789696270376,0.7727272727272727
Ridge,20,model,0.001,3,low,12,-0.000528395296844242,0.017567992748079096,-0.10676332047622039,-0.05745647192432213,0.5
Ridge,20,model,0.001,3,mid,17,-0.006321199588064859,0.01335616937299385,-1.6799751505175236,-0.11370881653914311,0.29411764705882354
Ridge,20,model,0.001,4,high,22,0.010510623434827969,0.020354548901156358,1.8329569605060478,-0.023891526735057567,0.5909090909090909
Ridge,20,model,0.001,4,low,11,-0.0015291007539437087,0.017507251709103337,-0.31002977076150384,-0.06485063976079042,0.45454545454545453
Ridge,20,model,0.001,4,mid,18,-0.005794232959252717,0.013118846890141134,-1.5677815934218444,-0.11108278342594036,0.3333333333333333
Ridge,20,model,0.001,5,high,22,0.010355105894881773,0.021774085722293588,1.6881066810674614,-0.0693830652289198,0.7727272727272727
Ridge,20,model,0.001,5,low,11,0.0007290264119112638,0.016882623635887887,0.15328109575406243,-0.05611283806567169,0.5454545454545454
Ridge,20,model,0.001,5,mid,18,-0.0034008622323432277,0.013027983276447622,-0.9266102912910209,-0.07538665587877691,0.3888888888888889
Ridge,20,model,0.001,6,high,22,0.010268176313144124,0.020593343960331793,1.7699121739289077,-0.06747924394983185,0.6363636363636364
Ridge,20,model,0.001,6,low,11,0.0019527789118379641,0.01624627102619775,0.4266626780714853,-0.049308236909188397,0.5454545454545454
Ridge,20,model,0.001,6,mid,18,-0.007967971065337177,0.01676479815237315,-1.6870761736653959,-0.13723790321560925,0.3333333333333333
Ridge,20,model,0.001,7,high,20,0.005243934257959268,0.023439751525327623,0.7941261684594421,-0.07253794564066329,0.55
Ridge,20,model,0.001,7,low,11,0.0017914256695566724,0.015197102043860976,0.41843045428011116,-0.04799866322495949,0.5454545454545454
Ridge,20,model,0.001,7,mid,20,-0.004323472539959815,0.01619863428313931,-0.947413517930929,-0.10621951690130138,0.35
Ridge,20,model,0.001,8,high,18,0.008886256603086552,0.023138028837718882,1.3632570882940969,-0.06755072979708054,0.6666666666666666
Ridge,20,model,0.001,8,low,11,0.0016674386292303183,0.01557930781358079,0.37991546538478055,-0.04472006230758596,0.45454545454545453
Ridge,20,model,0.001,8,mid,22,-0.00468946369486525,0.017193400661806604,-0.9681589548622827,-0.10258486195663974,0.36363636363636365
Ridge,20,model,0.001,9,high,18,0.006693449381112767,0.024451382654958415,0.9716991743558125,-0.07501544435619079,0.5555555555555556
Ridge,20,model,0.001,9,low,10,0.0013496904108276904,0.016128692174093396,0.29704365611615186,-0.04611772047810758,0.5
Ridge,20,model,0.001,9,mid,23,-0.0033556483127376914,0.018515985191116035,-0.6433019773110938,-0.09401908224159194,0.34782608695652173
Ridge,20,model,0.001,10,high,16,0.005942493470938438,0.022543764882862884,0.9356804154219636,-0.0616744019992862,0.5
Ridge,20,model,0.001,10,low,11,0.0017537266945637819,0.015439119305461003,0.4032038422989999,-0.042228825044051455,0.45454545454545453
Ridge,20,model,0.001,10,mid,24,-0.0009469887606125085,0.023510538159646967,-0.1429774433091841,-0.08351481253367532,0.4166666666666667
Ridge,20,model,0.001,11,high,18,0.007225429367338588,0.022604296706130983,1.1346395906951259,-0.07268349237492233,0.6666666666666666
Ridge,20,model,0.001,11,low,10,0.005557607294214099,0.014677456037293786,1.3440714006091168,-0.021254087324485416,0.7
Ridge,20,model,0.001,11,mid,23,-0.0035301618196948827,0.020516727351855144,-0.6107617052486287,-0.11372840494435477,0.391304347826087
Ridge,20,model,0.001,12,high,18,0.006336858410682683,0.02416250235298758,0.9309307302064896,-0.08151885289431748,0.7222222222222222
Ridge,20,model,0.001,12,low,9,0.00026337020724068915,0.013992332141526743,0.06681312919537599,-0.03669996788748753,0.4444444444444444
Ridge,20,model,0.001,12,mid,24,0.00033797567960605857,0.017178208121799102,0.06983817186704383,-0.056498440472347866,0.4583333333333333
Ridge,20,model,0.001,13,high,17,0.004211680444673612,0.026701820397335766,0.55988626604864,-0.07419750724289309,0.6470588235294118
Ridge,20,model,0.001,13,low,9,0.0012320996031123113,0.015113350719971184,0.28938121086963187,-0.02966322371637109,0.5555555555555556
Ridge,20,model,0.001,13,mid,25,0.0027784149440925722,0.01750471840640799,0.5634135013719731,-0.051486053955190014,0.56
Ridge,20,model,0.001,14,high,17,0.006769099895658129,0.025911626028019774,0.9273027095832601,-0.07500662602703378,0.6470588235294118
Ridge,20,model,0.001,14,low,11,0.002238230761962391,0.011355944840745877,0.6996274786354612,-0.025432379811437422,0.5454545454545454
Ridge,20,model,0.001,14,mid,23,-0.0012312673734252082,0.016701423630387485,-0.26168820730674586,-0.06328653394807404,0.391304347826087
Ridge,20,model,0.001,15,high,18,0.006173373098989823,0.0260926488323994,0.8398266044752403,-0.08220858895705496,0.6111111111111112
Ridge,20,model,0.001,15,low,11,0.00010490234489947213,0.015968645815891056,0.02331859503985924,-0.047148092860710644,0.5454545454545454
Ridge,20,model,0.001,15,mid,22,-0.0008790355226025458,0.017068893658397973,-0.1828042656298354,-0.06920227691399616,0.4090909090909091
Ridge,20,model,0.001,16,high,19,0.006433361748021621,0.027096432597993814,0.8427739977325661,-0.08894925948646049,0.5789473684210527
Ridge,20,model,0.001,16,low,11,-0.0004762215776455641,0.0156702010490123,-0.10787474285643474,-0.042812527778158804,0.5454545454545454
Ridge,20,model,0.001,16,mid,21,-0.0018690320372582764,0.01628782175942677,-0.40732307166326687,-0.05860397193741951,0.38095238095238093
Ridge,20,model,0.001,17,high,19,0.006382120596349657,0.025606836818935674,0.8846965730366352,-0.07495559502664273,0.5789473684210527
Ridge,20,model,0.001,17,low,11,0.0003108680717682458,0.014526219280988057,0.07596416985139376,-0.03496811930331556,0.5454545454545454
Ridge,20,model,0.001,17,mid,21,-0.0019605111661701617,0.015708197055310007,-0.44302501810541917,-0.06055186543713498,0.38095238095238093
Ridge,20,model,0.001,18,high,20,0.00693968155237239,0.026786085116573537,0.9196351662693025,-0.06966592427616891,0.7
Ridge,20,model,0.001,18,low,11,0.0008287091294828633,0.015610429145019762,0.18843976477998778,-0.04217269826607728,0.5454545454545454
Ridge,20,model,0.001,18,mid,19,-0.001874790574168458,0.015172005562046256,-0.4386266760063526,-0.05907602737742235,0.3157894736842105
Ridge,20,model,0.001,19,high,19,0.009276994216934583,0.01956899011021578,1.682767612195402,-0.06965750981091634,0.7368421052631579
Ridge,20,model,0.001,19,low,12,-4.271824602167443e-05,0.014202124939929417,-0.010676904451717619,-0.04494867118361856,0.3333333333333333
Ridge,20,model,0.001,19,mid,19,-0.0058334730771223255,0.018821163780868937,-1.1001857017544951,-0.10135807538409347,0.3157894736842105
XGBoost,20,model,0.0,0,high,20,0.011421821317627054,0.018014189202467657,2.2506393851175925,-0.024956970740102613,0.65
XGBoost,20,model,0.0,0,low,12,-0.0016246080890261923,0.01689706456745938,-0.34128925882632527,-0.039837222664366956,0.4166666666666667
XGBoost,20,model,0.0,0,mid,19,0.009278265170127278,0.016398743836589763,2.0083595746919944,-0.024151696606785955,0.7368421052631579
XGBoost,20,model,0.0,1,high,21,0.01132946125203695,0.016889102116053753,2.3811566608816497,-0.019789674952198633,0.6666666666666666
XGBoost,20,model,0.0,1,low,12,0.002544846518273684,0.01717307826711673,0.526015713793569,-0.027018650065675276,0.5833333333333334
XGBoost,20,model,0.0,1,mid,18,0.009029140938899179,0.01792777556126482,1.7877438721218537,-0.02205956081419891,0.6111111111111112
XGBoost,20,model,0.0,2,high,22,0.010300275529622116,0.01854930877805864,1.9710896794138362,-0.025565024082993215,0.7727272727272727
XGBoost,20,model,0.0,2,low,12,-0.0002656360500179339,0.016754857005934768,-0.05627708065608265,-0.02868514198690464,0.5
XGBoost,20,model,0.0,2,mid,17,0.0083588223064059,0.018382109157674492,1.6141170493529848,-0.02612221803093151,0.7058823529411765
XGBoost,20,model,0.0,3,high,22,0.015074864183601943,0.0230362962842243,2.322875990025921,-0.03178551686014308,0.8181818181818182
XGBoost,20,model,0.0,3,low,12,-0.0005128775852694161,0.01759906310619267,-0.10344498551231425,-0.03265787385728347,0.5
XGBoost,20,model,0.0,3,mid,17,0.006118951217782312,0.013708640018599274,1.584411154316397,-0.019844867532990862,0.6470588235294118
XGBoost,20,model,0.0,4,high,22,0.013897168277125156,0.021235465981554305,2.323003121986091,-0.028702202727186488,0.7727272727272727
XGBoost,20,model,0.0,4,low,11,0.0013065191908981273,0.01751466716896147,0.26478853512678185,-0.034343883229404404,0.45454545454545453
XGBoost,20,model,0.0,4,mid,18,0.006363065705474505,0.013591907184386447,1.6617713997606962,-0.024432104997475612,0.7222222222222222
XGBoost,20,model,0.0,5,high,22,0.013538479190117454,0.019843762580866054,2.421760168844142,-0.02880934150076553,0.7727272727272727
XGBoost,20,model,0.0,5,low,11,0.0004584209399038733,0.01701032239998165,0.09566149744643598,-0.03493878624562985,0.5454545454545454
XGBoost,20,model,0.0,5,mid,18,0.005417527953700028,0.015161190448099458,1.2683909371488498,-0.019435165502580953,0.6111111111111112
XGBoost,20,model,0.0,6,high,22,0.010338277516679572,0.020645965856081146,1.7774535238946856,-0.03360944492049922,0.6363636363636364
XGBoost,20,model,0.0,6,low,11,-0.00014004518074618155,0.016765644996457385,-0.029650578765377078,-0.042674776821468474,0.5454545454545454
XGBoost,20,model,0.0,6,mid,18,0.003704734223505271,0.01819897377563726,0.7225957961688195,-0.050357615157164415,0.5555555555555556
XGBoost,20,model,0.0,7,high,20,0.011975422150955855,0.0207988109757399,2.0437962428907426,-0.024444052241440195,0.65
XGBoost,20,model,0.0,7,low,11,0.0016399399327419546,0.016011095923168354,0.3635734441220888,-0.02896209035400199,0.5454545454545454
XGBoost,20,model,0.0,7,mid,20,0.006257777795306044,0.015831988154491484,1.4030396817131356,-0.022951772225449973,0.65
XGBoost,20,model,0.0,8,high,18,0.009940675616825417,0.022841087792243083,1.544843150605748,-0.036934852260591566,0.7222222222222222
XGBoost,20,model,0.0,8,low,11,0.0016876567468878912,0.015939959986125577,0.3758219708116824,-0.028763319201721815,0.5454545454545454
XGBoost,20,model,0.0,8,mid,22,0.004829152631388631,0.017065929812615545,1.0044452039504308,-0.02886378994111438,0.6818181818181818
XGBoost,20,model,0.0,9,high,18,0.007573596471309234,0.02602013490493801,1.0331845195951854,-0.061953931691819175,0.6111111111111112
XGBoost,20,model,0.0,9,low,10,0.00235729898531747,0.017125805746923926,0.48859489857040495,-0.025901422804250118,0.6
XGBoost,20,model,0.0,9,mid,23,0.0033781428095479783,0.019629768509229137,0.6108690187740261,-0.038064577218066,0.7391304347826086
XGBoost,20,model,0.0,10,high,16,0.00262988818016087,0.02333153648367194,0.4001098248806047,-0.06128821783222804,0.5625
XGBoost,20,model,0.0,10,low,11,0.011628367838273009,0.010843014554631896,3.8067468155743818,-0.014640596958534147,0.9090909090909091
XGBoost,20,model,0.0,10,mid,24,0.007214023995575154,0.02255475140423512,1.13533704939006,-0.040885860306644095,0.6666666666666666
XGBoost,20,model,0.0,11,high,18,0.004796229831338478,0.023268526685142114,0.731671894595699,-0.0713806804446645,0.6666666666666666
XGBoost,20,model,0.0,11,low,10,0.010643078136312741,0.010992590198634147,3.4367859578725817,-0.01265344664778112,0.8
XGBoost,20,model,0.0,11,mid,23,0.007693379455996083,0.019263136974660963,1.4176708619121499,-0.05109145652992053,0.6086956521739131
XGBoost,20,model,0.0,12,high,18,0.007158972553168794,0.02390388616001251,1.0630836970873052,-0.0653767921063022,0.7222222222222222
XGBoost,20,model,0.0,12,low,9,0.009335223644238345,0.01131838750212513,2.9276923693603414,-0.011066969353007106,0.7777777777777778
XGBoost,20,model,0.0,12,mid,24,0.004904794145571879,0.018321386368500763,0.9502715428163623,-0.05517450659448453,0.5833333333333334
XGBoost,20,model,0.0,13,high,17,0.011253112997809723,0.024409128257028595,1.636461087890943,-0.050991321833631864,0.6470588235294118
XGBoost,20,model,0.0,13,low,9,0.005870106883219979,0.013702806987692412,1.5206236512406677,-0.020626432391138594,0.6666666666666666
XGBoost,20,model,0.0,13,mid,25,0.002396001068669768,0.017568318031082993,0.48410781695423843,-0.07998311569571981,0.56
XGBoost,20,model,0.0,14,high,17,0.012797610254093107,0.023338873647493742,1.9464096967085363,-0.03857715813112361,0.6470588235294118
XGBoost,20,model,0.0,14,low,11,0.0016799401600790095,0.011605671650314082,0.5138173981128404,-0.029540273556231234,0.6363636363636364
XGBoost,20,model,0.0,14,mid,23,0.0031542139654019865,0.017857554336734353,0.6269810900331045,-0.08156329321766842,0.6521739130434783
XGBoost,20,model,0.0,15,high,18,0.011487805060493538,0.024085599794552808,1.6930308196670873,-0.05386301282129835,0.6666666666666666
XGBoost,20,model,0.0,15,low,11,0.0018015720684660173,0.015872965576190435,0.40288290329449994,-0.03686965498102479,0.5454545454545454
XGBoost,20,model,0.0,15,mid,22,0.0021859090164912808,0.01695362317713311,0.45767251065017683,-0.06666666666666676,0.6363636363636364
XGBoost,20,model,0.0,16,high,19,0.013555289700428633,0.024386228910573134,1.9731015150766795,-0.0276925773376564,0.631578947368421
XGBoost,20,model,0.0,16,low,11,0.00437478848456331,0.014923821739537586,1.040548386086416,-0.023590451225267373,0.6363636363636364
XGBoost,20,model,0.0,16,mid,21,0.0033848990942562237,0.015996033361551518,0.7511362090864925,-0.0572691961030527,0.7619047619047619
XGBoost,20,model,0.0,17,high,19,0.011848700432592032,0.023577658189094734,1.7838376446822044,-0.029654654654654777,0.631578947368421
XGBoost,20,model,0.0,17,low,11,0.0010159939215718906,0.014506418750320875,0.2486086139915383,-0.02391303603851913,0.5454545454545454
XGBoost,20,model,0.0,17,mid,21,0.005579775007898674,0.014762596824087365,1.3416498944662296,-0.0253327905218117,0.6666666666666666
XGBoost,20,model,0.0,18,high,20,0.012512407626103558,0.02454940684334005,1.8091940616017275,-0.027516019600452246,0.6
XGBoost,20,model,0.0,18,low,11,0.004905329928035118,0.014885693021096715,1.1697267910423683,-0.024420728776078926,0.6363636363636364
XGBoost,20,model,0.0,18,mid,19,0.0017662650930285104,0.015154131501491896,0.4137234208677078,-0.06284148626449582,0.47368421052631576
XGBoost,20,model,0.0,19,high,19,0.010477987628578734,0.01891230649536111,1.966611871234448,-0.023488150026268695,0.5789473684210527
XGBoost,20,model,0.0,19,low,12,0.0063994538560022,0.01393469729305302,1.6301615507319847,-0.014601975622403618,0.5833333333333334
XGBoost,20,model,0.0,19,mid,19,0.003782081561663362,0.019926696790704617,0.6737221878769577,-0.07309365610735441,0.5789473684210527
XGBoost,20,model,0.0005,0,high,20,0.01159780430418526,0.0178694606964077,2.3038256186252846,-0.021421251561168475,0.65
XGBoost,20,model,0.0005,0,low,12,-0.001995430315191209,0.01654561775559067,-0.4280937147468401,-0.03529574390115264,0.3333333333333333
XGBoost,20,model,0.0005,0,mid,19,0.006032061037197356,0.012758531106669774,1.6782255286706418,-0.011623306824871671,0.5263157894736842
XGBoost,20,model,0.0005,1,high,21,0.010978963112307954,0.016831828476177892,2.3153428090138433,-0.019789674952198633,0.6190476190476191
XGBoost,20,model,0.0005,1,low,12,0.004673173403722224,0.010119322428629153,1.6392520482475708,-0.01092704060329408,0.4166666666666667
XGBoost,20,model,0.0005,1,mid,18,0.008431246842395804,0.01685434299192873,1.775682232686506,-0.022059560814198798,0.5555555555555556
XGBoost,20,model,0.0005,2,high,22,0.00965441055145967,0.018556765512480995,1.8467527557909373,-0.02894941042419341,0.6363636363636364
XGBoost,20,model,0.0005,2,low,12,0.0007705300530426333,0.014279690821086682,0.1915384860718978,-0.02858800564436703,0.4166666666666667
XGBoost,20,model,0.0005,2,mid,17,0.007800077643464277,0.018500221630125633,1.4966052594082226,-0.026219600939901833,0.6470588235294118
XGBoost,20,model,0.0005,3,high,22,0.013362782099714627,0.02347020421367258,2.0209952407665916,-0.03178551686014308,0.6818181818181818
XGBoost,20,model,0.0005,3,low,12,0.003770321246600684,0.01085859604811924,1.2325085786758965,-0.014448911402739406,0.4166666666666667
XGBoost,20,model,0.0005,3,mid,17,0.005605774437781,0.013777056553044469,1.4443234093850386,-0.01984486753299075,0.5882352941176471
XGBoost,20,model,0.0005,4,high,22,0.01294271333649487,0.021610408028223456,2.1259235256036693,-0.02879932765058668,0.6363636363636364
XGBoost,20,model,0.0005,4,low,11,-0.0006050000324050818,0.015543380823142014,-0.1381640906008296,-0.03177980331670072,0.36363636363636365
XGBoost,20,model,0.0005,4,mid,18,0.00509302518616075,0.013738711186117166,1.3158764136089969,-0.024432104997475612,0.5555555555555556
XGBoost,20,model,0.0005,5,high,22,0.012638024866988838,0.019752129812658607,2.271174727678826,-0.026692593247303886,0.6363636363636364
XGBoost,20,model,0.0005,5,low,11,-0.00027882590090808133,0.01577410351767925,-0.06274421643745594,-0.03055233006493918,0.36363636363636365
XGBoost,20,model,0.0005,5,mid,18,0.004024084011102072,0.014625980486548206,0.9766238407936187,-0.019435165502580953,0.5
XGBoost,20,model,0.0005,6,high,22,0.008999345833264803,0.020706170182455887,1.5427531255512446,-0.03370607914421542,0.5454545454545454
XGBoost,20,model,0.0005,6,low,11,0.0036254665768312914,0.011032410002707552,1.1664839965645466,-0.017285883113852596,0.45454545454545453
XGBoost,20,model,0.0005,6,mid,18,0.0029855258699702392,0.017721400629038615,0.5980094782906566,-0.06340870359338047,0.4444444444444444
XGBoost,20,model,0.0005,7,high,20,0.011535425380455506,0.020961510481998732,1.9534230686678948,-0.024444052241440195,0.6
XGBoost,20,model,0.0005,7,low,11,0.004369975661434691,0.011010904772246257,1.4087738581709868,-0.0110827050257305,0.45454545454545453
XGBoost,20,model,0.0005,7,mid,20,0.0037846608394452945,0.014253110649976251,0.9425460600701266,-0.022951772225450084,0.55
XGBoost,20,model,0.0005,8,high,18,0.009940675616825417,0.022841087792243083,1.544843150605748,-0.036934852260591566,0.7222222222222222
XGBoost,20,model,0.0005,8,low,11,0.005008836969968463,0.013340995769297833,1.3327046787497183,-0.016336728810301904,0.5454545454545454
XGBoost,20,model,0.0005,8,mid,22,0.0034314522977721596,0.01693058143292511,0.7194346743239953,-0.028863789941114493,0.5454545454545454
XGBoost,20,model,0.0005,9,high,18,0.007573596471309234,0.02602013490493801,1.0331845195951854,-0.061953931691819175,0.6111111111111112
XGBoost,20,model,0.0005,9,low,10,0.00439796335934293,0.013956100580301648,1.1185947808550063,-0.019910305735040934,0.5
XGBoost,20,model,0.0005,9,mid,23,0.0032292111872926003,0.019016362628873604,0.60277366581642,-0.038064577218066,0.6521739130434783
XGBoost,20,model,0.0005,10,high,16,0.005127780842114751,0.020424584829061877,0.8911719134393976,-0.048018564798286256,0.5625
XGBoost,20,model,0.0005,10,low,11,0.006530660080318829,0.008614763261153997,2.690908959438621,-0.00019998000133347738,0.45454545454545453
XGBoost,20,model,0.0005,10,mid,24,0.007218190662241821,0.022550344913213047,1.1362147766287822,-0.040885860306644095,0.6666666666666666
XGBoost,20,model,0.0005,11,high,18,0.0037318042690377053,0.023014506001746357,0.5755757292082708,-0.0713806804446645,0.6111111111111112
XGBoost,20,model,0.0005,11,low,10,0.00726223724739281,0.00901425115050674,2.859736715253937,-0.004396440334150431,0.5
XGBoost,20,model,0.0005,11,mid,23,0.0076890316299091195,0.019266595536794384,1.416615337892354,-0.05109145652992064,0.6086956521739131
XGBoost,20,model,0.0005,12,high,18,0.006513016092157444,0.023935979076528845,0.9658645516012766,-0.0653767921063022,0.6666666666666666
XGBoost,20,model,0.0005,12,low,9,0.007938288495560476,0.010275379398999236,2.7422957103990684,-0.007836687306501222,0.5555555555555556
XGBoost,20,model,0.0005,12,mid,24,0.005294508800761571,0.018102953378158353,1.0381533606141908,-0.054233047648375665,0.5833333333333334
XGBoost,20,model,0.0005,13,high,17,0.011253112997809723,0.024409128257028595,1.636461087890943,-0.050991321833631864,0.6470588235294118
XGBoost,20,model,0.0005,13,low,9,0.004632428201658,0.008834847751540241,1.8612079529527754,-0.008900564381455145,0.4444444444444444
XGBoost,20,model,0.0005,13,mid,25,0.003919490356728008,0.016107180874885867,0.8637644727382541,-0.05408698912635934,0.56
XGBoost,20,model,0.0005,14,high,17,0.012797610254093107,0.023338873647493742,1.9464096967085363,-0.03857715813112361,0.6470588235294118
XGBoost,20,model,0.0005,14,low,11,0.002737119790750137,0.00955803736087822,1.0165069530440218,-0.020421860019175786,0.5454545454545454
XGBoost,20,model,0.0005,14,mid,23,0.005969473579376313,0.014021945744012535,1.5111689605749172,-0.02739842870841047,0.6521739130434783
XGBoost,20,model,0.0005,15,high,18,0.010680113698086444,0.024220670176753785,1.5652185741193116,-0.05386301282129835,0.6111111111111112
XGBoost,20,model,0.0005,15,low,11,0.005508155514712809,0.011587860252854323,1.6872841113906782,-0.008519701810436486,0.5454545454545454
XGBoost,20,model,0.0005,15,mid,22,0.004597749654210554,0.013810725231875874,1.1817186999382674,-0.03078428558753099,0.6363636363636364
XGBoost,20,model,0.0005,16,high,19,0.011818357798254242,0.024100096563999814,1.7406987757252081,-0.0276925773376564,0.5789473684210527
XGBoost,20,model,0.0005,16,low,11,0.004126437819461635,0.010684843183391874,1.3708578558015867,-0.014419819994193284,0.5454545454545454
XGBoost,20,model,0.0005,16,mid,21,0.005337529263163151,0.01260868845622682,1.5026423600739045,-0.024447527441915695,0.7142857142857143
XGBoost,20,model,0.0005,17,high,19,0.01185396359048677,0.023577476708489694,1.7846437567772273,-0.029654654654654777,0.631578947368421
XGBoost,20,model,0.0005,17,low,11,0.0025187687489783904,0.012637514192199759,0.7074763271086166,-0.018627383627841554,0.45454545454545453
XGBoost,20,model,0.0005,17,mid,21,0.0063952624212377475,0.009688717340602091,2.343027341256927,-0.0038064730594443708,0.5714285714285714
XGBoost,20,model,0.0005,18,high,20,0.013897491437207385,0.02286932452287484,2.157090421587856,-0.021407945832918163,0.6
XGBoost,20,model,0.0005,18,low,11,0.0033082777240763,0.01433482890573817,0.819209008589646,-0.024420728776078926,0.5454545454545454
XGBoost,20,model,0.0005,18,mid,19,0.002813569606997479,0.014240731761376576,0.7013109669875126,-0.04410198810846411,0.47368421052631576
XGBoost,20,model,0.0005,19,high,19,0.010472724470683996,0.01890935951946611,1.9659303674840345,-0.02358579632886948,0.5789473684210527
XGBoost,20,model,0.0005,19,low,12,0.005728919178491275,0.013594480854573774,1.4958751258006697,-0.00800101400112796,0.4166666666666667
XGBoost,20,model,0.0005,19,mid,19,0.00846205466085888,0.01446195323694528,2.0769887586705593,-0.008112989562449546,0.5789473684210527
XGBoost,20,model,0.001,0,high,20,0.011452382948098947,0.01795637610388034,2.263927114321969,-0.021421251561168475,0.6
XGBoost,20,model,0.001,0,low,12,0.0026844572715471666,0.012860109145042391,0.7409640095745517,-0.019319460409959688,0.3333333333333333
XGBoost,20,model,0.001,0,mid,19,0.005559186925977662,0.012813988203903821,1.5399698919605,-0.011623306824871782,0.47368421052631576
XGBoost,20,model,0.001,1,high,21,0.010662178139315146,0.01698124156248924,2.2287521074953434,-0.019887691083815273,0.5714285714285714
XGBoost,20,model,0.001,1,low,12,0.004664840070388892,0.010106500291704993,1.6384049019108038,-0.01092704060329408,0.4166666666666667
XGBoost,20,model,0.001,1,mid,18,0.007382494643851946,0.015034888860125953,1.7429630927501707,-0.014290504822041306,0.4444444444444444
XGBoost,20,model,0.001,2,high,22,0.009658956006005123,0.018554274485480415,1.8478702920243864,-0.02894941042419341,0.6363636363636364
XGBoost,20,model,0.001,2,low,12,0.0004496980329565167,0.014248603421262163,0.11202990339265319,-0.02858800564436703,0.3333333333333333
XGBoost,20,model,0.001,2,mid,17,0.008840920490978873,0.01679076170658614,1.8690131595455353,-0.014535149465215724,0.5882352941176471
XGBoost,20,model,0.001,3,high,22,0.013367327554260082,0.02346748225533729,2.0219171900260218,-0.03178551686014308,0.6818181818181818
XGBoost,20,model,0.001,3,low,12,0.004402128316587417,0.010352375235539791,1.5094125788813848,-0.014448911402739406,0.4166666666666667
XGBoost,20,model,0.001,3,mid,17,0.007092961782804311,0.011955625754100009,2.105913751498437,-0.012144175653357014,0.5882352941176471
XGBoost,20,model,0.001,4,high,22,0.01102330621857643,0.021436115046723533,1.8253706584562555,-0.023657516989534777,0.5454545454545454
XGBoost,20,model,0.001,4,low,11,0.0011651627970612358,0.014766291222854387,0.28009183742949206,-0.03177980331670072,0.36363636363636365
XGBoost,20,model,0.001,4,mid,18,0.005682861074797672,0.011601683533590116,1.7387265951928899,-0.015729682493446306,0.5
XGBoost,20,model,0.001,5,high,22,0.012642570321534291,0.019749070159352535,2.2723435812057393,-0.026692593247303886,0.6363636363636364
XGBoost,20,model,0.001,5,low,11,0.003153025877100045,0.011709005864531895,0.9558566899486601,-0.014937691065209258,0.36363636363636365
XGBoost,20,model,0.001,5,mid,18,0.004357140094804672,0.013329855137103845,1.1602761543261855,-0.01751852921359076,0.4444444444444444
XGBoost,20,model,0.001,6,high,22,0.009003891287810258,0.020705148478405926,1.5436085166719484,-0.03370607914421542,0.5454545454545454
XGBoost,20,model,0.001,6,low,11,0.005675937440012537,0.00868327968070282,2.3202729825888873,-9.999500016677487e-05,0.45454545454545453
XGBoost,20,model,0.001,6,mid,18,0.003412745877563773,0.014913094321774564,0.812309362046968,-0.03385840824160957,0.3888888888888889
XGBoost,20,model,0.001,7,high,20,0.01063786371387532,0.02050899805422841,1.8411757693853221,-0.024444052241440195,0.55
XGBoost,20,model,0.001,7,low,11,0.0050750099139626,0.00865199298301984,2.082121213686755,-9.999500016666385e-05,0.36363636363636365
XGBoost,20,model,0.001,7,mid,20,0.0028015158746819598,0.011278229370009302,0.8817336951301024,-0.019230769230769496,0.45
XGBoost,20,model,0.001,8,high,18,0.008198764239652897,0.02229709621552002,1.305224937698804,-0.036934852260591566,0.6666666666666666
XGBoost,20,model,0.001,8,low,11,0.005465892842821445,0.009131857905121445,2.1246492321701185,-9.999500016666385e-05,0.36363636363636365
XGBoost,20,model,0.001,8,mid,22,0.0030954029636723447,0.014040801940931437,0.7825472207770678,-0.022428066356424248,0.45454545454545453
XGBoost,20,model,0.001,9,high,18,0.007573596471309234,0.02602013490493801,1.0331845195951854,-0.061953931691819175,0.6111111111111112
XGBoost,20,model,0.001,9,low,10,0.0065849753762457705,0.009646426439435038,2.4231091134240588,-9.999500016677487e-05,0.4
XGBoost,20,model,0.001,9,mid,23,0.0015956407502612081,0.018246124873143515,0.31042003875370455,-0.048217728229678736,0.5217391304347826
XGBoost,20,model,0.001,10,high,16,0.005127780842114751,0.020424584829061877,0.8911719134393976,-0.048018564798286256,0.5625
XGBoost,20,model,0.001,10,low,11,0.0065215691712279195,0.008592684126923236,2.6940678575928683,-9.999500016677487e-05,0.45454545454545453
XGBoost,20,model,0.001,10,mid,24,0.005345550979755642,0.022498269211762265,0.8433903723845672,-0.03615544662849646,0.4583333333333333
XGBoost,20,model,0.001,11,high,18,0.001779882904039494,0.02166152300034182,0.29166728298947,-0.07138068044466439,0.5555555555555556
XGBoost,20,model,0.001,11,low,10,0.00435148124911641,0.00840081661083549,1.8386576998643247,-0.004495995712265111,0.3
XGBoost,20,model,0.001,11,mid,23,0.0062515411147545654,0.019361964759335347,1.1461011254361497,-0.05147094404474595,0.43478260869565216
XGBoost,20,model,0.001,12,high,18,0.006513016092157444,0.023935979076528845,0.9658645516012766,-0.0653767921063022,0.6666666666666666
XGBoost,20,model,0.001,12,low,9,0.003595982584432611,0.007929199549629418,1.609805862620851,-0.00813429165742452,0.3333333333333333
XGBoost,20,model,0.001,12,mid,24,0.0053218009412717366,0.015958764803575214,1.1837081132225802,-0.021989106314303064,0.4583333333333333
XGBoost,20,model,0.001,13,high,17,0.011253112997809723,0.024409128257028595,1.636461087890943,-0.050991321833631864,0.6470588235294118
XGBoost,20,model,0.001,13,low,9,0.0011049524559402666,0.00552759239288563,0.7095660918436758,-0.008801449482230828,0.2222222222222222
XGBoost,20,model,0.001,13,mid,25,0.005517077025553489,0.013268311771084016,1.475973812605719,-0.021286875811203698,0.48
XGBoost,20,model,0.001,14,high,17,0.012797610254093107,0.023338873647493742,1.9464096967085363,-0.03857715813112361,0.6470588235294118
XGBoost,20,model,0.001,14,low,11,0.0013521327526350548,0.00819844366960664,0.5854275931603653,-0.01333027321969349,0.36363636363636365
XGBoost,20,model,0.001,14,mid,23,0.006413034510037705,0.012192069772016523,1.86711647108032,-0.012755618546264058,0.5652173913043478
XGBoost,20,model,0.001,15,high,18,0.010680113698086444,0.024220670176753785,1.5652185741193116,-0.05386301282129835,0.6111111111111112
XGBoost,20,model,0.001,15,low,11,0.004341183638664281,0.011688630276781662,1.3183472221090424,-0.008618844883019339,0.36363636363636365
XGBoost,20,model,0.001,15,mid,22,0.005455455802823904,0.011018876750346466,1.7574338572213453,-0.006314931757996023,0.5
XGBoost,20,model,0.001,16,high,19,0.011287873527946435,0.02425096313847419,1.6522220579418407,-0.0276925773376564,0.5263157894736842
XGBoost,20,model,0.001,16,low,11,0.004232079441028327,0.010602469698299801,1.4168766523645429,-0.014419819994193284,0.45454545454545453
XGBoost,20,model,0.001,16,mid,21,0.006397838472706045,0.010386668581636359,2.186463689281405,-0.007621951219511369,0.6190476190476191
XGBoost,20,model,0.001,17,high,19,0.011744745429856878,0.021845961425125845,1.9083486318522864,-0.02575488454706898,0.5263157894736842
XGBoost,20,model,0.001,17,low,11,0.0007556714883222546,0.010659108851220293,0.2516502764234147,-0.018627383627841665,0.36363636363636365
XGBoost,20,model,0.001,17,mid,21,0.0064000243259996524,0.00968218473099033,2.346353983840144,-0.0038064730594443708,0.5714285714285714
XGBoost,20,model,0.001,18,high,20,0.01299797558547847,0.02305776388439972,2.000984856155062,-0.021407945832918163,0.55
XGBoost,20,model,0.001,18,low,11,0.003704224935798937,0.013998230886481885,0.939311135776297,-0.0172427982629495,0.45454545454545453
XGBoost,20,model,0.001,18,mid,19,0.005907452028349647,0.010615380998340073,1.9753765326001094,-0.007495059660818315,0.42105263157894735
XGBoost,20,model,0.001,19,high,19,0.011872160209586948,0.017447746753125503,2.4153255314211344,-0.012219051016767679,0.5789473684210527
XGBoost,20,model,0.001,19,low,12,0.0036350682982977584,0.012204376497981333,1.0572610935086832,-0.00800101400112796,0.3333333333333333
XGBoost,20,model,0.001,19,mid,19,0.007380818116606969,0.014023363761141605,1.8682611213462175,-0.009566437363423441,0.47368421052631576
