date,h,model,split_id,y_true,y_pred
2010-11-26,1,baseline_zero,0,0.005831644,0
2010-11-29,1,baseline_zero,0,0.004443903,0
2010-11-30,1,baseline_zero,0,-0.005929604,0
2010-12-1,1,baseline_zero,0,-0.005092862,0
2010-12-2,1,baseline_zero,0,-0.011523174,0
2010-12-3,1,baseline_zero,0,0.00239069,0
2010-12-6,1,baseline_zero,0,0.003637964,0
2010-12-7,1,baseline_zero,0,0.001751533,0
2010-12-8,1,baseline_zero,0,0.000874617,0
2010-12-9,1,baseline_zero,0,0,0
2010-12-10,1,baseline_zero,0,-0.009915362,0
2010-12-13,1,baseline_zero,0,0.001134573,0
2010-12-14,1,baseline_zero,0,0.011150902,0
2010-12-15,1,baseline_zero,0,-0.000997258,0
2010-12-16,1,baseline_zero,0,0.002366865,0
2010-12-17,1,baseline_zero,0,0.003229816,0
2010-12-20,1,baseline_zero,0,0.001115587,0
2010-12-21,1,baseline_zero,0,0.000123877,0
2010-12-22,1,baseline_zero,0,-0.002853069,0
2010-12-23,1,baseline_zero,0,0,0
2010-12-24,1,baseline_zero,0,-0.001616212,0
2010-12-27,1,baseline_zero,0,-0.000124432,0
2010-12-28,1,baseline_zero,0,-0.006993035,0
2010-12-29,1,baseline_zero,0,-0.003514942,0
2010-12-30,1,baseline_zero,0,-0.006181035,0
2010-12-31,1,baseline_zero,0,0.001264542,0
2011-1-3,1,baseline_zero,0,0.00390995,0
2011-1-4,1,baseline_zero,0,0.010269345,0
2011-1-5,1,baseline_zero,0,0.006581831,0
2011-1-6,1,baseline_zero,0,0.002719408,0
2011-1-7,1,baseline_zero,0,-0.001606029,0
2011-1-10,1,baseline_zero,0,-0.000370989,0
2011-1-11,1,baseline_zero,0,-0.010194022,0
2011-1-12,1,baseline_zero,0,-0.010551536,0
2011-1-13,1,baseline_zero,0,-0.000378907,0
2011-1-14,1,baseline_zero,0,0.002271294,0
2011-1-17,1,baseline_zero,0,-0.00480102,0
2011-1-18,1,baseline_zero,0,-0.004060919,0
2011-1-19,1,baseline_zero,0,0.002286296,0
2011-1-20,1,baseline_zero,0,-0.007769255,0
2011-1-21,1,baseline_zero,0,-0.00204787,0
2011-1-24,1,baseline_zero,0,-0.00064082,0
2011-1-25,1,baseline_zero,0,-0.001282874,0
2011-1-26,1,baseline_zero,0,-0.00218467,0
2011-1-27,1,baseline_zero,0,0.005132823,0
2011-1-28,1,baseline_zero,0,-0.005132823,0
2011-1-31,1,baseline_zero,0,-0.008527183,0
2011-2-1,1,baseline_zero,0,0.001167088,0
2011-2-2,1,baseline_zero,0,0.007617363,0
2011-2-3,1,baseline_zero,0,0.003722965,0
2011-2-4,1,baseline_zero,0,-0.000128148,0
2011-2-7,1,baseline_zero,0,-0.000384541,0
2011-2-8,1,baseline_zero,0,-0.004626068,0
2011-2-9,1,baseline_zero,0,0.007826071,0
2011-2-10,1,baseline_zero,0,0.002680111,0
2011-2-11,1,baseline_zero,0,0.001909977,0
2011-2-14,1,baseline_zero,0,-0.000508971,0
2011-2-15,1,baseline_zero,0,-0.004464578,0
2011-2-16,1,baseline_zero,0,-0.002816543,0
2011-2-17,1,baseline_zero,0,-0.004368502,0
2010-12-24,1,baseline_zero,1,-0.001616212,0
2010-12-27,1,baseline_zero,1,-0.000124432,0
2010-12-28,1,baseline_zero,1,-0.006993035,0
2010-12-29,1,baseline_zero,1,-0.003514942,0
2010-12-30,1,baseline_zero,1,-0.006181035,0
2010-12-31,1,baseline_zero,1,0.001264542,0
2011-1-3,1,baseline_zero,1,0.00390995,0
2011-1-4,1,baseline_zero,1,0.010269345,0
2011-1-5,1,baseline_zero,1,0.006581831,0
2011-1-6,1,baseline_zero,1,0.002719408,0
2011-1-7,1,baseline_zero,1,-0.001606029,0
2011-1-10,1,baseline_zero,1,-0.000370989,0
2011-1-11,1,baseline_zero,1,-0.010194022,0
2011-1-12,1,baseline_zero,1,-0.010551536,0
2011-1-13,1,baseline_zero,1,-0.000378907,0
2011-1-14,1,baseline_zero,1,0.002271294,0
2011-1-17,1,baseline_zero,1,-0.00480102,0
2011-1-18,1,baseline_zero,1,-0.004060919,0
2011-1-19,1,baseline_zero,1,0.002286296,0
2011-1-20,1,baseline_zero,1,-0.007769255,0
2011-1-21,1,baseline_zero,1,-0.00204787,0
2011-1-24,1,baseline_zero,1,-0.00064082,0
2011-1-25,1,baseline_zero,1,-0.001282874,0
2011-1-26,1,baseline_zero,1,-0.00218467,0
2011-1-27,1,baseline_zero,1,0.005132823,0
2011-1-28,1,baseline_zero,1,-0.005132823,0
2011-1-31,1,baseline_zero,1,-0.008527183,0
2011-2-1,1,baseline_zero,1,0.001167088,0
2011-2-2,1,baseline_zero,1,0.007617363,0
2011-2-3,1,baseline_zero,1,0.003722965,0
2011-2-4,1,baseline_zero,1,-0.000128148,0
2011-2-7,1,baseline_zero,1,-0.000384541,0
2011-2-8,1,baseline_zero,1,-0.004626068,0
2011-2-9,1,baseline_zero,1,0.007826071,0
2011-2-10,1,baseline_zero,1,0.002680111,0
2011-2-11,1,baseline_zero,1,0.001909977,0
2011-2-14,1,baseline_zero,1,-0.000508971,0
2011-2-15,1,baseline_zero,1,-0.004464578,0
2011-2-16,1,baseline_zero,1,-0.002816543,0
2011-2-17,1,baseline_zero,1,-0.004368502,0
2011-2-18,1,baseline_zero,1,0.000386225,0
2011-2-21,1,baseline_zero,1,0.001029204,0
2011-2-22,1,baseline_zero,1,-0.004639781,0
2011-2-23,1,baseline_zero,1,-0.004531632,0
2011-2-24,1,baseline_zero,1,0.002850851,0
2011-2-25,1,baseline_zero,1,-0.005059361,0
2011-2-28,1,baseline_zero,1,0.002078733,0
2011-3-1,1,baseline_zero,1,-0.004944064,0
2011-3-2,1,baseline_zero,1,-0.002481229,0
2011-3-3,1,baseline_zero,1,-0.001046573,0
2011-3-4,1,baseline_zero,1,0.001308045,0
2011-3-7,1,baseline_zero,1,0.003913899,0
2011-3-8,1,baseline_zero,1,-0.00104221,0
2011-3-9,1,baseline_zero,1,0.007272759,0
2011-3-10,1,baseline_zero,1,-0.006491,0
2011-3-11,1,baseline_zero,1,-0.005616158,0
2011-3-14,1,baseline_zero,1,-0.000261986,0
2011-3-15,1,baseline_zero,1,0.004574872,0
2011-3-16,1,baseline_zero,1,-0.008381401,0
2011-3-17,1,baseline_zero,1,-0.004217191,0
2011-1-21,1,baseline_zero,2,-0.00204787,0
2011-1-24,1,baseline_zero,2,-0.00064082,0
2011-1-25,1,baseline_zero,2,-0.001282874,0
2011-1-26,1,baseline_zero,2,-0.00218467,0
2011-1-27,1,baseline_zero,2,0.005132823,0
2011-1-28,1,baseline_zero,2,-0.005132823,0
2011-1-31,1,baseline_zero,2,-0.008527183,0
2011-2-1,1,baseline_zero,2,0.001167088,0
2011-2-2,1,baseline_zero,2,0.007617363,0
2011-2-3,1,baseline_zero,2,0.003722965,0
2011-2-4,1,baseline_zero,2,-0.000128148,0
2011-2-7,1,baseline_zero,2,-0.000384541,0
2011-2-8,1,baseline_zero,2,-0.004626068,0
2011-2-9,1,baseline_zero,2,0.007826071,0
2011-2-10,1,baseline_zero,2,0.002680111,0
2011-2-11,1,baseline_zero,2,0.001909977,0
2011-2-14,1,baseline_zero,2,-0.000508971,0
2011-2-15,1,baseline_zero,2,-0.004464578,0
2011-2-16,1,baseline_zero,2,-0.002816543,0
2011-2-17,1,baseline_zero,2,-0.004368502,0
2011-2-18,1,baseline_zero,2,0.000386225,0
2011-2-21,1,baseline_zero,2,0.001029204,0
2011-2-22,1,baseline_zero,2,-0.004639781,0
2011-2-23,1,baseline_zero,2,-0.004531632,0
2011-2-24,1,baseline_zero,2,0.002850851,0
2011-2-25,1,baseline_zero,2,-0.005059361,0
2011-2-28,1,baseline_zero,2,0.002078733,0
2011-3-1,1,baseline_zero,2,-0.004944064,0
2011-3-2,1,baseline_zero,2,-0.002481229,0
2011-3-3,1,baseline_zero,2,-0.001046573,0
2011-3-4,1,baseline_zero,2,0.001308045,0
2011-3-7,1,baseline_zero,2,0.003913899,0
2011-3-8,1,baseline_zero,2,-0.00104221,0
2011-3-9,1,baseline_zero,2,0.007272759,0
2011-3-10,1,baseline_zero,2,-0.006491,0
2011-3-11,1,baseline_zero,2,-0.005616158,0
2011-3-14,1,baseline_zero,2,-0.000261986,0
2011-3-15,1,baseline_zero,2,0.004574872,0
2011-3-16,1,baseline_zero,2,-0.008381401,0
2011-3-17,1,baseline_zero,2,-0.004217191,0
2011-3-18,1,baseline_zero,2,-0.004235051,0
2011-3-21,1,baseline_zero,2,0.000132617,0
2011-3-22,1,baseline_zero,2,0.005026466,0
2011-3-23,1,baseline_zero,2,-0.001716739,0
2011-3-24,1,baseline_zero,2,0.007374276,0
2011-3-25,1,baseline_zero,2,-0.00118149,0
2011-3-28,1,baseline_zero,2,0.00157501,0
2011-3-29,1,baseline_zero,2,-0.001706373,0
2011-3-30,1,baseline_zero,2,-0.003421506,0
2011-3-31,1,baseline_zero,2,-0.000395544,0
2011-4-1,1,baseline_zero,2,0.001054435,0
2011-4-4,1,baseline_zero,2,-0.000395283,0
2011-4-5,1,baseline_zero,2,-0.004888047,0
2011-4-6,1,baseline_zero,2,0.0009266,0
2011-4-7,1,baseline_zero,2,-0.006770686,0
2011-4-8,1,baseline_zero,2,-0.000133218,0
2011-4-11,1,baseline_zero,2,-0.002801683,0
2011-4-12,1,baseline_zero,2,0.0017353,0
2011-4-13,1,baseline_zero,2,-0.003875197,0
2011-4-14,1,baseline_zero,2,0.00187266,0
2011-2-18,1,baseline_zero,3,0.000386225,0
2011-2-21,1,baseline_zero,3,0.001029204,0
2011-2-22,1,baseline_zero,3,-0.004639781,0
2011-2-23,1,baseline_zero,3,-0.004531632,0
2011-2-24,1,baseline_zero,3,0.002850851,0
2011-2-25,1,baseline_zero,3,-0.005059361,0
2011-2-28,1,baseline_zero,3,0.002078733,0
2011-3-1,1,baseline_zero,3,-0.004944064,0
2011-3-2,1,baseline_zero,3,-0.002481229,0
2011-3-3,1,baseline_zero,3,-0.001046573,0
2011-3-4,1,baseline_zero,3,0.001308045,0
2011-3-7,1,baseline_zero,3,0.003913899,0
2011-3-8,1,baseline_zero,3,-0.00104221,0
2011-3-9,1,baseline_zero,3,0.007272759,0
2011-3-10,1,baseline_zero,3,-0.006491,0
2011-3-11,1,baseline_zero,3,-0.005616158,0
2011-3-14,1,baseline_zero,3,-0.000261986,0
2011-3-15,1,baseline_zero,3,0.004574872,0
2011-3-16,1,baseline_zero,3,-0.008381401,0
2011-3-17,1,baseline_zero,3,-0.004217191,0
2011-3-18,1,baseline_zero,3,-0.004235051,0
2011-3-21,1,baseline_zero,3,0.000132617,0
2011-3-22,1,baseline_zero,3,0.005026466,0
2011-3-23,1,baseline_zero,3,-0.001716739,0
2011-3-24,1,baseline_zero,3,0.007374276,0
2011-3-25,1,baseline_zero,3,-0.00118149,0
2011-3-28,1,baseline_zero,3,0.00157501,0
2011-3-29,1,baseline_zero,3,-0.001706373,0
2011-3-30,1,baseline_zero,3,-0.003421506,0
2011-3-31,1,baseline_zero,3,-0.000395544,0
2011-4-1,1,baseline_zero,3,0.001054435,0
2011-4-4,1,baseline_zero,3,-0.000395283,0
2011-4-5,1,baseline_zero,3,-0.004888047,0
2011-4-6,1,baseline_zero,3,0.0009266,0
2011-4-7,1,baseline_zero,3,-0.006770686,0
2011-4-8,1,baseline_zero,3,-0.000133218,0
2011-4-11,1,baseline_zero,3,-0.002801683,0
2011-4-12,1,baseline_zero,3,0.0017353,0
2011-4-13,1,baseline_zero,3,-0.003875197,0
2011-4-14,1,baseline_zero,3,0.00187266,0
2011-4-15,1,baseline_zero,3,0.008913782,0
2011-4-18,1,baseline_zero,3,-0.006244623,0
2011-4-19,1,baseline_zero,3,-0.008835399,0
2011-4-20,1,baseline_zero,3,-0.004987542,0
2011-4-21,1,baseline_zero,3,0,0
2011-4-22,1,baseline_zero,3,-0.000135144,0
2011-4-25,1,baseline_zero,3,-0.002029359,0
2011-4-26,1,baseline_zero,3,-0.004343112,0
2011-4-27,1,baseline_zero,3,-0.005455551,0
2011-4-28,1,baseline_zero,3,-0.00260185,0
2011-4-29,1,baseline_zero,3,0.000274198,0
2011-5-2,1,baseline_zero,3,0.002601138,0
2011-5-3,1,baseline_zero,3,-0.001505097,0
2011-5-4,1,baseline_zero,3,0.015759055,0
2011-5-5,1,baseline_zero,3,0.008723131,0
2011-5-6,1,baseline_zero,3,-0.001337077,0
2011-5-9,1,baseline_zero,3,-0.001740878,0
2011-5-10,1,baseline_zero,3,0.009603915,0
2011-5-11,1,baseline_zero,3,-0.001195457,0
2011-5-12,1,baseline_zero,3,0.006887444,0
2011-3-18,1,baseline_zero,4,-0.004235051,0
2011-3-21,1,baseline_zero,4,0.000132617,0
2011-3-22,1,baseline_zero,4,0.005026466,0
2011-3-23,1,baseline_zero,4,-0.001716739,0
2011-3-24,1,baseline_zero,4,0.007374276,0
2011-3-25,1,baseline_zero,4,-0.00118149,0
2011-3-28,1,baseline_zero,4,0.00157501,0
2011-3-29,1,baseline_zero,4,-0.001706373,0
2011-3-30,1,baseline_zero,4,-0.003421506,0
2011-3-31,1,baseline_zero,4,-0.000395544,0
2011-4-1,1,baseline_zero,4,0.001054435,0
2011-4-4,1,baseline_zero,4,-0.000395283,0
2011-4-5,1,baseline_zero,4,-0.004888047,0
2011-4-6,1,baseline_zero,4,0.0009266,0
2011-4-7,1,baseline_zero,4,-0.006770686,0
2011-4-8,1,baseline_zero,4,-0.000133218,0
2011-4-11,1,baseline_zero,4,-0.002801683,0
2011-4-12,1,baseline_zero,4,0.0017353,0
2011-4-13,1,baseline_zero,4,-0.003875197,0
2011-4-14,1,baseline_zero,4,0.00187266,0
2011-4-15,1,baseline_zero,4,0.008913782,0
2011-4-18,1,baseline_zero,4,-0.006244623,0
2011-4-19,1,baseline_zero,4,-0.008835399,0
2011-4-20,1,baseline_zero,4,-0.004987542,0
2011-4-21,1,baseline_zero,4,0,0
2011-4-22,1,baseline_zero,4,-0.000135144,0
2011-4-25,1,baseline_zero,4,-0.002029359,0
2011-4-26,1,baseline_zero,4,-0.004343112,0
2011-4-27,1,baseline_zero,4,-0.005455551,0
2011-4-28,1,baseline_zero,4,-0.00260185,0
2011-4-29,1,baseline_zero,4,0.000274198,0
2011-5-2,1,baseline_zero,4,0.002601138,0
2011-5-3,1,baseline_zero,4,-0.001505097,0
2011-5-4,1,baseline_zero,4,0.015759055,0
2011-5-5,1,baseline_zero,4,0.008723131,0
2011-5-6,1,baseline_zero,4,-0.001337077,0
2011-5-9,1,baseline_zero,4,-0.001740878,0
2011-5-10,1,baseline_zero,4,0.009603915,0
2011-5-11,1,baseline_zero,4,-0.001195457,0
2011-5-12,1,baseline_zero,4,0.006887444,0
2011-5-13,1,baseline_zero,4,-0.003835223,0
2011-5-16,1,baseline_zero,4,-0.000927951,0
2011-5-17,1,baseline_zero,4,0.000927951,0
2011-5-18,1,baseline_zero,4,-0.004648391,0
2011-5-19,1,baseline_zero,4,0.004250803,0
2011-5-20,1,baseline_zero,4,0.008710627,0
2011-5-23,1,baseline_zero,4,-0.00289512,0
2011-5-24,1,baseline_zero,4,0.000658718,0
2011-5-25,1,baseline_zero,4,-0.005017175,0
2011-5-26,1,baseline_zero,4,-0.007973464,0
2011-5-27,1,baseline_zero,4,0.000133413,0
2011-5-30,1,baseline_zero,4,-0.004278081,0
2011-5-31,1,baseline_zero,4,0.000535762,0
2011-6-1,1,baseline_zero,4,-0.00469768,0
2011-6-2,1,baseline_zero,4,-0.007426947,0
2011-6-3,1,baseline_zero,4,0.002301497,0
2011-6-6,1,baseline_zero,4,-0.005831711,0
2011-6-7,1,baseline_zero,4,0.005561222,0
2011-6-8,1,baseline_zero,4,0.003510671,0
2011-6-9,1,baseline_zero,4,0.008188515,0
2011-4-15,1,baseline_zero,5,0.008913782,0
2011-4-18,1,baseline_zero,5,-0.006244623,0
2011-4-19,1,baseline_zero,5,-0.008835399,0
2011-4-20,1,baseline_zero,5,-0.004987542,0
2011-4-21,1,baseline_zero,5,0,0
2011-4-22,1,baseline_zero,5,-0.000135144,0
2011-4-25,1,baseline_zero,5,-0.002029359,0
2011-4-26,1,baseline_zero,5,-0.004343112,0
2011-4-27,1,baseline_zero,5,-0.005455551,0
2011-4-28,1,baseline_zero,5,-0.00260185,0
2011-4-29,1,baseline_zero,5,0.000274198,0
2011-5-2,1,baseline_zero,5,0.002601138,0
2011-5-3,1,baseline_zero,5,-0.001505097,0
2011-5-4,1,baseline_zero,5,0.015759055,0
2011-5-5,1,baseline_zero,5,0.008723131,0
2011-5-6,1,baseline_zero,5,-0.001337077,0
2011-5-9,1,baseline_zero,5,-0.001740878,0
2011-5-10,1,baseline_zero,5,0.009603915,0
2011-5-11,1,baseline_zero,5,-0.001195457,0
2011-5-12,1,baseline_zero,5,0.006887444,0
2011-5-13,1,baseline_zero,5,-0.003835223,0
2011-5-16,1,baseline_zero,5,-0.000927951,0
2011-5-17,1,baseline_zero,5,0.000927951,0
2011-5-18,1,baseline_zero,5,-0.004648391,0
2011-5-19,1,baseline_zero,5,0.004250803,0
2011-5-20,1,baseline_zero,5,0.008710627,0
2011-5-23,1,baseline_zero,5,-0.00289512,0
2011-5-24,1,baseline_zero,5,0.000658718,0
2011-5-25,1,baseline_zero,5,-0.005017175,0
2011-5-26,1,baseline_zero,5,-0.007973464,0
2011-5-27,1,baseline_zero,5,0.000133413,0
2011-5-30,1,baseline_zero,5,-0.004278081,0
2011-5-31,1,baseline_zero,5,0.000535762,0
2011-6-1,1,baseline_zero,5,-0.00469768,0
2011-6-2,1,baseline_zero,5,-0.007426947,0
2011-6-3,1,baseline_zero,5,0.002301497,0
2011-6-6,1,baseline_zero,5,-0.005831711,0
2011-6-7,1,baseline_zero,5,0.005561222,0
2011-6-8,1,baseline_zero,5,0.003510671,0
2011-6-9,1,baseline_zero,5,0.008188515,0
2011-6-10,1,baseline_zero,5,-0.00388454,0
2011-6-13,1,baseline_zero,5,-0.002418706,0
2011-6-14,1,baseline_zero,5,0.016941644,0
2011-6-15,1,baseline_zero,5,0.001982161,0
2011-6-16,1,baseline_zero,5,-0.010083673,0
2011-6-17,1,baseline_zero,5,0.000533262,0
2011-6-20,1,baseline_zero,5,-0.00655214,0
2011-6-21,1,baseline_zero,5,0.003214575,0
2011-6-22,1,baseline_zero,5,0.008919716,0
2011-6-23,1,baseline_zero,5,0.002911595,0
2011-6-24,1,baseline_zero,5,-0.00370714,0
2011-6-27,1,baseline_zero,5,-0.004386847,0
2011-6-28,1,baseline_zero,5,-0.004941579,0
2011-6-29,1,baseline_zero,5,-0.005235263,0
2011-6-30,1,baseline_zero,5,0.000672721,0
2011-7-1,1,baseline_zero,5,-0.000941936,0
2011-7-4,1,baseline_zero,5,0.005504478,0
2011-7-5,1,baseline_zero,5,0.005740621,0
2011-7-6,1,baseline_zero,5,-0.002132197,0
2011-7-7,1,baseline_zero,5,0.0029306,0
2011-5-13,1,baseline_zero,6,-0.003835223,0
2011-5-16,1,baseline_zero,6,-0.000927951,0
2011-5-17,1,baseline_zero,6,0.000927951,0
2011-5-18,1,baseline_zero,6,-0.004648391,0
2011-5-19,1,baseline_zero,6,0.004250803,0
2011-5-20,1,baseline_zero,6,0.008710627,0
2011-5-23,1,baseline_zero,6,-0.00289512,0
2011-5-24,1,baseline_zero,6,0.000658718,0
2011-5-25,1,baseline_zero,6,-0.005017175,0
2011-5-26,1,baseline_zero,6,-0.007973464,0
2011-5-27,1,baseline_zero,6,0.000133413,0
2011-5-30,1,baseline_zero,6,-0.004278081,0
2011-5-31,1,baseline_zero,6,0.000535762,0
2011-6-1,1,baseline_zero,6,-0.00469768,0
2011-6-2,1,baseline_zero,6,-0.007426947,0
2011-6-3,1,baseline_zero,6,0.002301497,0
2011-6-6,1,baseline_zero,6,-0.005831711,0
2011-6-7,1,baseline_zero,6,0.005561222,0
2011-6-8,1,baseline_zero,6,0.003510671,0
2011-6-9,1,baseline_zero,6,0.008188515,0
2011-6-10,1,baseline_zero,6,-0.00388454,0
2011-6-13,1,baseline_zero,6,-0.002418706,0
2011-6-14,1,baseline_zero,6,0.016941644,0
2011-6-15,1,baseline_zero,6,0.001982161,0
2011-6-16,1,baseline_zero,6,-0.010083673,0
2011-6-17,1,baseline_zero,6,0.000533262,0
2011-6-20,1,baseline_zero,6,-0.00655214,0
2011-6-21,1,baseline_zero,6,0.003214575,0
2011-6-22,1,baseline_zero,6,0.008919716,0
2011-6-23,1,baseline_zero,6,0.002911595,0
2011-6-24,1,baseline_zero,6,-0.00370714,0
2011-6-27,1,baseline_zero,6,-0.004386847,0
2011-6-28,1,baseline_zero,6,-0.004941579,0
2011-6-29,1,baseline_zero,6,-0.005235263,0
2011-6-30,1,baseline_zero,6,0.000672721,0
2011-7-1,1,baseline_zero,6,-0.000941936,0
2011-7-4,1,baseline_zero,6,0.005504478,0
2011-7-5,1,baseline_zero,6,0.005740621,0
2011-7-6,1,baseline_zero,6,-0.002132197,0
2011-7-7,1,baseline_zero,6,0.0029306,0
2011-7-8,1,baseline_zero,6,0.010716515,0
2011-7-11,1,baseline_zero,6,-0.002371543,0
2011-7-12,1,baseline_zero,6,-0.007946009,0
2011-7-13,1,baseline_zero,6,0.000531703,0
2011-7-14,1,baseline_zero,6,-0.001595957,0
2011-7-15,1,baseline_zero,6,0.004647774,0
2011-7-18,1,baseline_zero,6,-0.003450567,0
2011-7-19,1,baseline_zero,6,-0.005732967,0
2011-7-20,1,baseline_zero,6,-0.010348859,0
2011-7-21,1,baseline_zero,6,0.002428823,0
2011-7-22,1,baseline_zero,6,-0.001888575,0
2011-7-25,1,baseline_zero,6,-0.007998416,0
2011-7-26,1,baseline_zero,6,0.008403411,0
2011-7-27,1,baseline_zero,6,0.001753085,0
2011-7-28,1,baseline_zero,6,-0.004320828,0
2011-7-29,1,baseline_zero,6,0.004859621,0
2011-8-1,1,baseline_zero,6,0.003360896,0
2011-8-2,1,baseline_zero,6,-0.006327857,0
2011-8-3,1,baseline_zero,6,0.014481347,0
2011-8-4,1,baseline_zero,6,-0.006946328,0
2011-6-10,1,baseline_zero,7,-0.00388454,0
2011-6-13,1,baseline_zero,7,-0.002418706,0
2011-6-14,1,baseline_zero,7,0.016941644,0
2011-6-15,1,baseline_zero,7,0.001982161,0
2011-6-16,1,baseline_zero,7,-0.010083673,0
2011-6-17,1,baseline_zero,7,0.000533262,0
2011-6-20,1,baseline_zero,7,-0.00655214,0
2011-6-21,1,baseline_zero,7,0.003214575,0
2011-6-22,1,baseline_zero,7,0.008919716,0
2011-6-23,1,baseline_zero,7,0.002911595,0
2011-6-24,1,baseline_zero,7,-0.00370714,0
2011-6-27,1,baseline_zero,7,-0.004386847,0
2011-6-28,1,baseline_zero,7,-0.004941579,0
2011-6-29,1,baseline_zero,7,-0.005235263,0
2011-6-30,1,baseline_zero,7,0.000672721,0
2011-7-1,1,baseline_zero,7,-0.000941936,0
2011-7-4,1,baseline_zero,7,0.005504478,0
2011-7-5,1,baseline_zero,7,0.005740621,0
2011-7-6,1,baseline_zero,7,-0.002132197,0
2011-7-7,1,baseline_zero,7,0.0029306,0
2011-7-8,1,baseline_zero,7,0.010716515,0
2011-7-11,1,baseline_zero,7,-0.002371543,0
2011-7-12,1,baseline_zero,7,-0.007946009,0
2011-7-13,1,baseline_zero,7,0.000531703,0
2011-7-14,1,baseline_zero,7,-0.001595957,0
2011-7-15,1,baseline_zero,7,0.004647774,0
2011-7-18,1,baseline_zero,7,-0.003450567,0
2011-7-19,1,baseline_zero,7,-0.005732967,0
2011-7-20,1,baseline_zero,7,-0.010348859,0
2011-7-21,1,baseline_zero,7,0.002428823,0
2011-7-22,1,baseline_zero,7,-0.001888575,0
2011-7-25,1,baseline_zero,7,-0.007998416,0
2011-7-26,1,baseline_zero,7,0.008403411,0
2011-7-27,1,baseline_zero,7,0.001753085,0
2011-7-28,1,baseline_zero,7,-0.004320828,0
2011-7-29,1,baseline_zero,7,0.004859621,0
2011-8-1,1,baseline_zero,7,0.003360896,0
2011-8-2,1,baseline_zero,7,-0.006327857,0
2011-8-3,1,baseline_zero,7,0.014481347,0
2011-8-4,1,baseline_zero,7,-0.006946328,0
2011-8-5,1,baseline_zero,7,0.002543679,0
2011-8-8,1,baseline_zero,7,-0.00240964,0
2011-8-9,1,baseline_zero,7,0.00040201,0
2011-8-10,1,baseline_zero,7,0.000535762,0
2011-8-11,1,baseline_zero,7,-0.000937772,0
2011-8-12,1,baseline_zero,7,-0.010373956,0
2011-8-15,1,baseline_zero,7,0.002299629,0
2011-8-16,1,baseline_zero,7,-0.004604559,0
2011-8-17,1,baseline_zero,7,0.007707428,0
2011-8-18,1,baseline_zero,7,-0.003102869,0
2011-8-19,1,baseline_zero,7,0.000810373,0
2011-8-22,1,baseline_zero,7,-0.002433091,0
2011-8-23,1,baseline_zero,7,0.001622718,0
2011-8-24,1,baseline_zero,7,0.003641517,0
2011-8-25,1,baseline_zero,7,-0.006347513,0
2011-8-26,1,baseline_zero,7,-0.001220091,0
2011-8-29,1,baseline_zero,7,0.003115056,0
2011-8-30,1,baseline_zero,7,0.002296212,0
2011-8-31,1,baseline_zero,7,0.004845232,0
2011-9-1,1,baseline_zero,7,0.00375235,0
2011-7-8,1,baseline_zero,8,0.010716515,0
2011-7-11,1,baseline_zero,8,-0.002371543,0
2011-7-12,1,baseline_zero,8,-0.007946009,0
2011-7-13,1,baseline_zero,8,0.000531703,0
2011-7-14,1,baseline_zero,8,-0.001595957,0
2011-7-15,1,baseline_zero,8,0.004647774,0
2011-7-18,1,baseline_zero,8,-0.003450567,0
2011-7-19,1,baseline_zero,8,-0.005732967,0
2011-7-20,1,baseline_zero,8,-0.010348859,0
2011-7-21,1,baseline_zero,8,0.002428823,0
2011-7-22,1,baseline_zero,8,-0.001888575,0
2011-7-25,1,baseline_zero,8,-0.007998416,0
2011-7-26,1,baseline_zero,8,0.008403411,0
2011-7-27,1,baseline_zero,8,0.001753085,0
2011-7-28,1,baseline_zero,8,-0.004320828,0
2011-7-29,1,baseline_zero,8,0.004859621,0
2011-8-1,1,baseline_zero,8,0.003360896,0
2011-8-2,1,baseline_zero,8,-0.006327857,0
2011-8-3,1,baseline_zero,8,0.014481347,0
2011-8-4,1,baseline_zero,8,-0.006946328,0
2011-8-5,1,baseline_zero,8,0.002543679,0
2011-8-8,1,baseline_zero,8,-0.00240964,0
2011-8-9,1,baseline_zero,8,0.00040201,0
2011-8-10,1,baseline_zero,8,0.000535762,0
2011-8-11,1,baseline_zero,8,-0.000937772,0
2011-8-12,1,baseline_zero,8,-0.010373956,0
2011-8-15,1,baseline_zero,8,0.002299629,0
2011-8-16,1,baseline_zero,8,-0.004604559,0
2011-8-17,1,baseline_zero,8,0.007707428,0
2011-8-18,1,baseline_zero,8,-0.003102869,0
2011-8-19,1,baseline_zero,8,0.000810373,0
2011-8-22,1,baseline_zero,8,-0.002433091,0
2011-8-23,1,baseline_zero,8,0.001622718,0
2011-8-24,1,baseline_zero,8,0.003641517,0
2011-8-25,1,baseline_zero,8,-0.006347513,0
2011-8-26,1,baseline_zero,8,-0.001220091,0
2011-8-29,1,baseline_zero,8,0.003115056,0
2011-8-30,1,baseline_zero,8,0.002296212,0
2011-8-31,1,baseline_zero,8,0.004845232,0
2011-9-1,1,baseline_zero,8,0.00375235,0
2011-9-2,1,baseline_zero,8,0.004670723,0
2011-9-5,1,baseline_zero,8,0.011121523,0
2011-9-6,1,baseline_zero,8,-0.006340003,0
2011-9-7,1,baseline_zero,8,0.010282189,0
2011-9-8,1,baseline_zero,8,0.012252499,0
2011-9-9,1,baseline_zero,8,0.005039747,0
2011-9-12,1,baseline_zero,8,-0.008543741,0
2011-9-13,1,baseline_zero,8,-0.001170732,0
2011-9-14,1,baseline_zero,8,-0.00770893,0
2011-9-15,1,baseline_zero,8,0.004710817,0
2011-9-16,1,baseline_zero,8,0.007154502,0
2011-9-19,1,baseline_zero,8,-0.00168645,0
2011-9-20,1,baseline_zero,8,0.004146158,0
2011-9-21,1,baseline_zero,8,0.014250193,0
2011-9-22,1,baseline_zero,8,0.000637146,0
2011-9-23,1,baseline_zero,8,-0.001785032,0
2011-9-26,1,baseline_zero,8,-0.010906633,0
2011-9-27,1,baseline_zero,8,0.004376938,0
2011-9-28,1,baseline_zero,8,0.00230947,0
2011-9-29,1,baseline_zero,8,0.006641997,0
2011-8-5,1,baseline_zero,9,0.002543679,0
2011-8-8,1,baseline_zero,9,-0.00240964,0
2011-8-9,1,baseline_zero,9,0.00040201,0
2011-8-10,1,baseline_zero,9,0.000535762,0
2011-8-11,1,baseline_zero,9,-0.000937772,0
2011-8-12,1,baseline_zero,9,-0.010373956,0
2011-8-15,1,baseline_zero,9,0.002299629,0
2011-8-16,1,baseline_zero,9,-0.004604559,0
2011-8-17,1,baseline_zero,9,0.007707428,0
2011-8-18,1,baseline_zero,9,-0.003102869,0
2011-8-19,1,baseline_zero,9,0.000810373,0
2011-8-22,1,baseline_zero,9,-0.002433091,0
2011-8-23,1,baseline_zero,9,0.001622718,0
2011-8-24,1,baseline_zero,9,0.003641517,0
2011-8-25,1,baseline_zero,9,-0.006347513,0
2011-8-26,1,baseline_zero,9,-0.001220091,0
2011-8-29,1,baseline_zero,9,0.003115056,0
2011-8-30,1,baseline_zero,9,0.002296212,0
2011-8-31,1,baseline_zero,9,0.004845232,0
2011-9-1,1,baseline_zero,9,0.00375235,0
2011-9-2,1,baseline_zero,9,0.004670723,0
2011-9-5,1,baseline_zero,9,0.011121523,0
2011-9-6,1,baseline_zero,9,-0.006340003,0
2011-9-7,1,baseline_zero,9,0.010282189,0
2011-9-8,1,baseline_zero,9,0.012252499,0
2011-9-9,1,baseline_zero,9,0.005039747,0
2011-9-12,1,baseline_zero,9,-0.008543741,0
2011-9-13,1,baseline_zero,9,-0.001170732,0
2011-9-14,1,baseline_zero,9,-0.00770893,0
2011-9-15,1,baseline_zero,9,0.004710817,0
2011-9-16,1,baseline_zero,9,0.007154502,0
2011-9-19,1,baseline_zero,9,-0.00168645,0
2011-9-20,1,baseline_zero,9,0.004146158,0
2011-9-21,1,baseline_zero,9,0.014250193,0
2011-9-22,1,baseline_zero,9,0.000637146,0
2011-9-23,1,baseline_zero,9,-0.001785032,0
2011-9-26,1,baseline_zero,9,-0.010906633,0
2011-9-27,1,baseline_zero,9,0.004376938,0
2011-9-28,1,baseline_zero,9,0.00230947,0
2011-9-29,1,baseline_zero,9,0.006641997,0
2011-9-30,1,baseline_zero,9,0.011140766,0
2011-10-3,1,baseline_zero,9,0.002137962,0
2011-10-4,1,baseline_zero,9,-0.008579412,0
2011-10-5,1,baseline_zero,9,-0.003681375,0
2011-10-6,1,baseline_zero,9,0.001270971,0
2011-10-7,1,baseline_zero,9,-0.015875381,0
2011-10-10,1,baseline_zero,9,0.001160766,0
2011-10-11,1,baseline_zero,9,-0.007634119,0
2011-10-12,1,baseline_zero,9,0.000129879,0
2011-10-13,1,baseline_zero,9,-0.004947283,0
2011-10-14,1,baseline_zero,9,0.00689344,0
2011-10-17,1,baseline_zero,9,-0.000129626,0
2011-10-18,1,baseline_zero,9,-0.000388979,0
2011-10-19,1,baseline_zero,9,-0.001817238,0
2011-10-20,1,baseline_zero,9,-0.007563938,0
2011-10-21,1,baseline_zero,9,-0.004723798,0
2011-10-24,1,baseline_zero,9,0.001183043,0
2011-10-25,1,baseline_zero,9,0.001706373,0
2011-10-26,1,baseline_zero,9,-0.018130583,0
2011-10-27,1,baseline_zero,9,0.002534179,0
2011-9-2,1,baseline_zero,10,0.004670723,0
2011-9-5,1,baseline_zero,10,0.011121523,0
2011-9-6,1,baseline_zero,10,-0.006340003,0
2011-9-7,1,baseline_zero,10,0.010282189,0
2011-9-8,1,baseline_zero,10,0.012252499,0
2011-9-9,1,baseline_zero,10,0.005039747,0
2011-9-12,1,baseline_zero,10,-0.008543741,0
2011-9-13,1,baseline_zero,10,-0.001170732,0
2011-9-14,1,baseline_zero,10,-0.00770893,0
2011-9-15,1,baseline_zero,10,0.004710817,0
2011-9-16,1,baseline_zero,10,0.007154502,0
2011-9-19,1,baseline_zero,10,-0.00168645,0
2011-9-20,1,baseline_zero,10,0.004146158,0
2011-9-21,1,baseline_zero,10,0.014250193,0
2011-9-22,1,baseline_zero,10,0.000637146,0
2011-9-23,1,baseline_zero,10,-0.001785032,0
2011-9-26,1,baseline_zero,10,-0.010906633,0
2011-9-27,1,baseline_zero,10,0.004376938,0
2011-9-28,1,baseline_zero,10,0.00230947,0
2011-9-29,1,baseline_zero,10,0.006641997,0
2011-9-30,1,baseline_zero,10,0.011140766,0
2011-10-3,1,baseline_zero,10,0.002137962,0
2011-10-4,1,baseline_zero,10,-0.008579412,0
2011-10-5,1,baseline_zero,10,-0.003681375,0
2011-10-6,1,baseline_zero,10,0.001270971,0
2011-10-7,1,baseline_zero,10,-0.015875381,0
2011-10-10,1,baseline_zero,10,0.001160766,0
2011-10-11,1,baseline_zero,10,-0.007634119,0
2011-10-12,1,baseline_zero,10,0.000129879,0
2011-10-13,1,baseline_zero,10,-0.004947283,0
2011-10-14,1,baseline_zero,10,0.00689344,0
2011-10-17,1,baseline_zero,10,-0.000129626,0
2011-10-18,1,baseline_zero,10,-0.000388979,0
2011-10-19,1,baseline_zero,10,-0.001817238,0
2011-10-20,1,baseline_zero,10,-0.007563938,0
2011-10-21,1,baseline_zero,10,-0.004723798,0
2011-10-24,1,baseline_zero,10,0.001183043,0
2011-10-25,1,baseline_zero,10,0.001706373,0
2011-10-26,1,baseline_zero,10,-0.018130583,0
2011-10-27,1,baseline_zero,10,0.002534179,0
2011-10-28,1,baseline_zero,10,0.014546673,0
2011-10-31,1,baseline_zero,10,0.014208673,0
2011-11-1,1,baseline_zero,10,-0.003111229,0
2011-11-2,1,baseline_zero,10,-0.004554631,0
2011-11-3,1,baseline_zero,10,0.003775309,0
2011-11-4,1,baseline_zero,10,0,0
2011-11-7,1,baseline_zero,10,-0.004819286,0
2011-11-8,1,baseline_zero,10,0.017344468,0
2011-11-9,1,baseline_zero,10,-0.002441062,0
2011-11-10,1,baseline_zero,10,-0.010344028,0
2011-11-11,1,baseline_zero,10,0.008154857,0
2011-11-14,1,baseline_zero,10,0.003860015,0
2011-11-15,1,baseline_zero,10,0.001924434,0
2011-11-16,1,baseline_zero,10,0.003326938,0
2011-11-17,1,baseline_zero,10,-0.002814381,0
2011-11-18,1,baseline_zero,10,0.003069841,0
2011-11-21,1,baseline_zero,10,-0.000383215,0
2011-11-22,1,baseline_zero,10,0.011054048,0
2011-11-23,1,baseline_zero,10,0,0
2011-11-24,1,baseline_zero,10,0.006925671,0
2011-9-30,1,baseline_zero,11,0.011140766,0
2011-10-3,1,baseline_zero,11,0.002137962,0
2011-10-4,1,baseline_zero,11,-0.008579412,0
2011-10-5,1,baseline_zero,11,-0.003681375,0
2011-10-6,1,baseline_zero,11,0.001270971,0
2011-10-7,1,baseline_zero,11,-0.015875381,0
2011-10-10,1,baseline_zero,11,0.001160766,0
2011-10-11,1,baseline_zero,11,-0.007634119,0
2011-10-12,1,baseline_zero,11,0.000129879,0
2011-10-13,1,baseline_zero,11,-0.004947283,0
2011-10-14,1,baseline_zero,11,0.00689344,0
2011-10-17,1,baseline_zero,11,-0.000129626,0
2011-10-18,1,baseline_zero,11,-0.000388979,0
2011-10-19,1,baseline_zero,11,-0.001817238,0
2011-10-20,1,baseline_zero,11,-0.007563938,0
2011-10-21,1,baseline_zero,11,-0.004723798,0
2011-10-24,1,baseline_zero,11,0.001183043,0
2011-10-25,1,baseline_zero,11,0.001706373,0
2011-10-26,1,baseline_zero,11,-0.018130583,0
2011-10-27,1,baseline_zero,11,0.002534179,0
2011-10-28,1,baseline_zero,11,0.014546673,0
2011-10-31,1,baseline_zero,11,0.014208673,0
2011-11-1,1,baseline_zero,11,-0.003111229,0
2011-11-2,1,baseline_zero,11,-0.004554631,0
2011-11-3,1,baseline_zero,11,0.003775309,0
2011-11-4,1,baseline_zero,11,0,0
2011-11-7,1,baseline_zero,11,-0.004819286,0
2011-11-8,1,baseline_zero,11,0.017344468,0
2011-11-9,1,baseline_zero,11,-0.002441062,0
2011-11-10,1,baseline_zero,11,-0.010344028,0
2011-11-11,1,baseline_zero,11,0.008154857,0
2011-11-14,1,baseline_zero,11,0.003860015,0
2011-11-15,1,baseline_zero,11,0.001924434,0
2011-11-16,1,baseline_zero,11,0.003326938,0
2011-11-17,1,baseline_zero,11,-0.002814381,0
2011-11-18,1,baseline_zero,11,0.003069841,0
2011-11-21,1,baseline_zero,11,-0.000383215,0
2011-11-22,1,baseline_zero,11,0.011054048,0
2011-11-23,1,baseline_zero,11,0,0
2011-11-24,1,baseline_zero,11,0.006925671,0
2011-11-25,1,baseline_zero,11,-0.00541052,0
2011-11-28,1,baseline_zero,11,-0.003159161,0
2011-11-29,1,baseline_zero,11,-0.008005634,0
2011-11-30,1,baseline_zero,11,-0.000638121,0
2011-12-1,1,baseline_zero,11,0.003695449,0
2011-12-2,1,baseline_zero,11,-0.000636173,0
2011-12-5,1,baseline_zero,11,-0.000891322,0
2011-12-6,1,baseline_zero,11,-0.00025481,0
2011-12-7,1,baseline_zero,11,0.00444982,0
2011-12-8,1,baseline_zero,11,-0.002540329,0
2011-12-9,1,baseline_zero,11,0.011381003,0
2011-12-12,1,baseline_zero,11,0.008887835,0
2011-12-13,1,baseline_zero,11,0.004352429,0
2011-12-14,1,baseline_zero,11,-0.003355916,0
2011-12-15,1,baseline_zero,11,-0.000747291,0
2011-12-16,1,baseline_zero,11,-0.000124603,0
2011-12-19,1,baseline_zero,11,-0.004621253,0
2011-12-20,1,baseline_zero,11,0.001751095,0
2011-12-21,1,baseline_zero,11,-0.000750094,0
2011-12-22,1,baseline_zero,11,-0.000375258,0
2011-10-28,1,baseline_zero,12,0.014546673,0
2011-10-31,1,baseline_zero,12,0.014208673,0
2011-11-1,1,baseline_zero,12,-0.003111229,0
2011-11-2,1,baseline_zero,12,-0.004554631,0
2011-11-3,1,baseline_zero,12,0.003775309,0
2011-11-4,1,baseline_zero,12,0,0
2011-11-7,1,baseline_zero,12,-0.004819286,0
2011-11-8,1,baseline_zero,12,0.017344468,0
2011-11-9,1,baseline_zero,12,-0.002441062,0
2011-11-10,1,baseline_zero,12,-0.010344028,0
2011-11-11,1,baseline_zero,12,0.008154857,0
2011-11-14,1,baseline_zero,12,0.003860015,0
2011-11-15,1,baseline_zero,12,0.001924434,0
2011-11-16,1,baseline_zero,12,0.003326938,0
2011-11-17,1,baseline_zero,12,-0.002814381,0
2011-11-18,1,baseline_zero,12,0.003069841,0
2011-11-21,1,baseline_zero,12,-0.000383215,0
2011-11-22,1,baseline_zero,12,0.011054048,0
2011-11-23,1,baseline_zero,12,0,0
2011-11-24,1,baseline_zero,12,0.006925671,0
2011-11-25,1,baseline_zero,12,-0.00541052,0
2011-11-28,1,baseline_zero,12,-0.003159161,0
2011-11-29,1,baseline_zero,12,-0.008005634,0
2011-11-30,1,baseline_zero,12,-0.000638121,0
2011-12-1,1,baseline_zero,12,0.003695449,0
2011-12-2,1,baseline_zero,12,-0.000636173,0
2011-12-5,1,baseline_zero,12,-0.000891322,0
2011-12-6,1,baseline_zero,12,-0.00025481,0
2011-12-7,1,baseline_zero,12,0.00444982,0
2011-12-8,1,baseline_zero,12,-0.002540329,0
2011-12-9,1,baseline_zero,12,0.011381003,0
2011-12-12,1,baseline_zero,12,0.008887835,0
2011-12-13,1,baseline_zero,12,0.004352429,0
2011-12-14,1,baseline_zero,12,-0.003355916,0
2011-12-15,1,baseline_zero,12,-0.000747291,0
2011-12-16,1,baseline_zero,12,-0.000124603,0
2011-12-19,1,baseline_zero,12,-0.004621253,0
2011-12-20,1,baseline_zero,12,0.001751095,0
2011-12-21,1,baseline_zero,12,-0.000750094,0
2011-12-22,1,baseline_zero,12,-0.000375258,0
2011-12-23,1,baseline_zero,12,0,0
2011-12-26,1,baseline_zero,12,-0.001627747,0
2011-12-27,1,baseline_zero,12,0.00873368,0
2011-12-28,1,baseline_zero,12,-0.000124231,0
2011-12-29,1,baseline_zero,12,-0.003858846,0
2011-12-30,1,baseline_zero,12,0,0
2012-1-2,1,baseline_zero,12,-0.007134394,0
2012-1-3,1,baseline_zero,12,0.006510603,0
2012-1-4,1,baseline_zero,12,0.010057824,0
2012-1-5,1,baseline_zero,12,0.003822682,0
2012-1-6,1,baseline_zero,12,-0.002464573,0
2012-1-9,1,baseline_zero,12,-0.002965528,0
2012-1-10,1,baseline_zero,12,0.006660113,0
2012-1-11,1,baseline_zero,12,-0.007155224,0
2012-1-12,1,baseline_zero,12,0.009242779,0
2012-1-13,1,baseline_zero,12,0,0
2012-1-16,1,baseline_zero,12,-0.004179478,0
2012-1-17,1,baseline_zero,12,-0.0070462,0
2012-1-18,1,baseline_zero,12,-0.004849851,0
2012-1-19,1,baseline_zero,12,0,0
2011-11-25,1,baseline_zero,13,-0.00541052,0
2011-11-28,1,baseline_zero,13,-0.003159161,0
2011-11-29,1,baseline_zero,13,-0.008005634,0
2011-11-30,1,baseline_zero,13,-0.000638121,0
2011-12-1,1,baseline_zero,13,0.003695449,0
2011-12-2,1,baseline_zero,13,-0.000636173,0
2011-12-5,1,baseline_zero,13,-0.000891322,0
2011-12-6,1,baseline_zero,13,-0.00025481,0
2011-12-7,1,baseline_zero,13,0.00444982,0
2011-12-8,1,baseline_zero,13,-0.002540329,0
2011-12-9,1,baseline_zero,13,0.011381003,0
2011-12-12,1,baseline_zero,13,0.008887835,0
2011-12-13,1,baseline_zero,13,0.004352429,0
2011-12-14,1,baseline_zero,13,-0.003355916,0
2011-12-15,1,baseline_zero,13,-0.000747291,0
2011-12-16,1,baseline_zero,13,-0.000124603,0
2011-12-19,1,baseline_zero,13,-0.004621253,0
2011-12-20,1,baseline_zero,13,0.001751095,0
2011-12-21,1,baseline_zero,13,-0.000750094,0
2011-12-22,1,baseline_zero,13,-0.000375258,0
2011-12-23,1,baseline_zero,13,0,0
2011-12-26,1,baseline_zero,13,-0.001627747,0
2011-12-27,1,baseline_zero,13,0.00873368,0
2011-12-28,1,baseline_zero,13,-0.000124231,0
2011-12-29,1,baseline_zero,13,-0.003858846,0
2011-12-30,1,baseline_zero,13,0,0
2012-1-2,1,baseline_zero,13,-0.007134394,0
2012-1-3,1,baseline_zero,13,0.006510603,0
2012-1-4,1,baseline_zero,13,0.010057824,0
2012-1-5,1,baseline_zero,13,0.003822682,0
2012-1-6,1,baseline_zero,13,-0.002464573,0
2012-1-9,1,baseline_zero,13,-0.002965528,0
2012-1-10,1,baseline_zero,13,0.006660113,0
2012-1-11,1,baseline_zero,13,-0.007155224,0
2012-1-12,1,baseline_zero,13,0.009242779,0
2012-1-13,1,baseline_zero,13,0,0
2012-1-16,1,baseline_zero,13,-0.004179478,0
2012-1-17,1,baseline_zero,13,-0.0070462,0
2012-1-18,1,baseline_zero,13,-0.004849851,0
2012-1-19,1,baseline_zero,13,0,0
2012-1-20,1,baseline_zero,13,-0.005500014,0
2012-1-23,1,baseline_zero,13,0.001127466,0
2012-1-24,1,baseline_zero,13,-0.003637508,0
2012-1-25,1,baseline_zero,13,-0.002390389,0
2012-1-26,1,baseline_zero,13,-0.006191188,0
2012-1-27,1,baseline_zero,13,0.003416211,0
2012-1-30,1,baseline_zero,13,0.001514578,0
2012-1-31,1,baseline_zero,13,-0.004677336,0
2012-2-1,1,baseline_zero,13,0.000886581,0
2012-2-2,1,baseline_zero,13,-0.000886581,0
2012-2-3,1,baseline_zero,13,0.001898855,0
2012-2-6,1,baseline_zero,13,-0.006216322,0
2012-2-7,1,baseline_zero,13,0.000763262,0
2012-2-8,1,baseline_zero,13,-0.000890529,0
2012-2-9,1,baseline_zero,13,0.006849342,0
2012-2-10,1,baseline_zero,13,-0.002024548,0
2012-2-13,1,baseline_zero,13,0.007948064,0
2012-2-14,1,baseline_zero,13,0.001130298,0
2012-2-15,1,baseline_zero,13,-0.004024656,0
2012-2-16,1,baseline_zero,13,-0.00025208,0
2011-12-23,1,baseline_zero,14,0,0
2011-12-26,1,baseline_zero,14,-0.001627747,0
2011-12-27,1,baseline_zero,14,0.00873368,0
2011-12-28,1,baseline_zero,14,-0.000124231,0
2011-12-29,1,baseline_zero,14,-0.003858846,0
2011-12-30,1,baseline_zero,14,0,0
2012-1-2,1,baseline_zero,14,-0.007134394,0
2012-1-3,1,baseline_zero,14,0.006510603,0
2012-1-4,1,baseline_zero,14,0.010057824,0
2012-1-5,1,baseline_zero,14,0.003822682,0
2012-1-6,1,baseline_zero,14,-0.002464573,0
2012-1-9,1,baseline_zero,14,-0.002965528,0
2012-1-10,1,baseline_zero,14,0.006660113,0
2012-1-11,1,baseline_zero,14,-0.007155224,0
2012-1-12,1,baseline_zero,14,0.009242779,0
2012-1-13,1,baseline_zero,14,0,0
2012-1-16,1,baseline_zero,14,-0.004179478,0
2012-1-17,1,baseline_zero,14,-0.0070462,0
2012-1-18,1,baseline_zero,14,-0.004849851,0
2012-1-19,1,baseline_zero,14,0,0
2012-1-20,1,baseline_zero,14,-0.005500014,0
2012-1-23,1,baseline_zero,14,0.001127466,0
2012-1-24,1,baseline_zero,14,-0.003637508,0
2012-1-25,1,baseline_zero,14,-0.002390389,0
2012-1-26,1,baseline_zero,14,-0.006191188,0
2012-1-27,1,baseline_zero,14,0.003416211,0
2012-1-30,1,baseline_zero,14,0.001514578,0
2012-1-31,1,baseline_zero,14,-0.004677336,0
2012-2-1,1,baseline_zero,14,0.000886581,0
2012-2-2,1,baseline_zero,14,-0.000886581,0
2012-2-3,1,baseline_zero,14,0.001898855,0
2012-2-6,1,baseline_zero,14,-0.006216322,0
2012-2-7,1,baseline_zero,14,0.000763262,0
2012-2-8,1,baseline_zero,14,-0.000890529,0
2012-2-9,1,baseline_zero,14,0.006849342,0
2012-2-10,1,baseline_zero,14,-0.002024548,0
2012-2-13,1,baseline_zero,14,0.007948064,0
2012-2-14,1,baseline_zero,14,0.001130298,0
2012-2-15,1,baseline_zero,14,-0.004024656,0
2012-2-16,1,baseline_zero,14,-0.00025208,0
2012-2-17,1,baseline_zero,14,0,0
2012-2-20,1,baseline_zero,14,-0.003662314,0
2012-2-21,1,baseline_zero,14,0.0021485,0
2012-2-22,1,baseline_zero,14,-0.004935782,0
2012-2-23,1,baseline_zero,14,-0.005980803,0
2012-2-24,1,baseline_zero,14,0.002803978,0
2012-2-27,1,baseline_zero,14,-0.003825559,0
2012-2-28,1,baseline_zero,14,0.005986898,0
2012-2-29,1,baseline_zero,14,0.0006348,0
2012-3-1,1,baseline_zero,14,0.007712283,0
2012-3-2,1,baseline_zero,14,-0.00126024,0
2012-3-5,1,baseline_zero,14,0.007162184,0
2012-3-6,1,baseline_zero,14,-0.002005264,0
2012-3-7,1,baseline_zero,14,-0.007176612,0
2012-3-8,1,baseline_zero,14,0.011308074,0
2012-3-9,1,baseline_zero,14,-0.001875821,0
2012-3-12,1,baseline_zero,14,0.00374813,0
2012-3-13,1,baseline_zero,14,0.00460343,0
2012-3-14,1,baseline_zero,14,-0.005102369,0
2012-3-15,1,baseline_zero,14,-0.004501696,0
2012-1-20,1,baseline_zero,15,-0.005500014,0
2012-1-23,1,baseline_zero,15,0.001127466,0
2012-1-24,1,baseline_zero,15,-0.003637508,0
2012-1-25,1,baseline_zero,15,-0.002390389,0
2012-1-26,1,baseline_zero,15,-0.006191188,0
2012-1-27,1,baseline_zero,15,0.003416211,0
2012-1-30,1,baseline_zero,15,0.001514578,0
2012-1-31,1,baseline_zero,15,-0.004677336,0
2012-2-1,1,baseline_zero,15,0.000886581,0
2012-2-2,1,baseline_zero,15,-0.000886581,0
2012-2-3,1,baseline_zero,15,0.001898855,0
2012-2-6,1,baseline_zero,15,-0.006216322,0
2012-2-7,1,baseline_zero,15,0.000763262,0
2012-2-8,1,baseline_zero,15,-0.000890529,0
2012-2-9,1,baseline_zero,15,0.006849342,0
2012-2-10,1,baseline_zero,15,-0.002024548,0
2012-2-13,1,baseline_zero,15,0.007948064,0
2012-2-14,1,baseline_zero,15,0.001130298,0
2012-2-15,1,baseline_zero,15,-0.004024656,0
2012-2-16,1,baseline_zero,15,-0.00025208,0
2012-2-17,1,baseline_zero,15,0,0
2012-2-20,1,baseline_zero,15,-0.003662314,0
2012-2-21,1,baseline_zero,15,0.0021485,0
2012-2-22,1,baseline_zero,15,-0.004935782,0
2012-2-23,1,baseline_zero,15,-0.005980803,0
2012-2-24,1,baseline_zero,15,0.002803978,0
2012-2-27,1,baseline_zero,15,-0.003825559,0
2012-2-28,1,baseline_zero,15,0.005986898,0
2012-2-29,1,baseline_zero,15,0.0006348,0
2012-3-1,1,baseline_zero,15,0.007712283,0
2012-3-2,1,baseline_zero,15,-0.00126024,0
2012-3-5,1,baseline_zero,15,0.007162184,0
2012-3-6,1,baseline_zero,15,-0.002005264,0
2012-3-7,1,baseline_zero,15,-0.007176612,0
2012-3-8,1,baseline_zero,15,0.011308074,0
2012-3-9,1,baseline_zero,15,-0.001875821,0
2012-3-12,1,baseline_zero,15,0.00374813,0
2012-3-13,1,baseline_zero,15,0.00460343,0
2012-3-14,1,baseline_zero,15,-0.005102369,0
2012-3-15,1,baseline_zero,15,-0.004501696,0
2012-3-16,1,baseline_zero,15,0,0
2012-3-19,1,baseline_zero,15,-0.002509727,0
2012-3-20,1,baseline_zero,15,0.000879121,0
2012-3-21,1,baseline_zero,15,0.001003764,0
2012-3-22,1,baseline_zero,15,-0.005028927,0
2012-3-23,1,baseline_zero,15,-0.004547759,0
2012-3-26,1,baseline_zero,15,0.000885908,0
2012-3-27,1,baseline_zero,15,0.001011506,0
2012-3-28,1,baseline_zero,15,0.000757959,0
2012-3-29,1,baseline_zero,15,-0.002402176,0
2012-3-30,1,baseline_zero,15,-0.002281081,0
2012-4-2,1,baseline_zero,15,0.008338646,0
2012-4-3,1,baseline_zero,15,0.003767429,0
2012-4-4,1,baseline_zero,15,0.003753289,0
2012-4-5,1,baseline_zero,15,-0.002375447,0
2012-4-6,1,baseline_zero,15,-0.002004762,0
2012-4-9,1,baseline_zero,15,0.002004762,0
2012-4-10,1,baseline_zero,15,-0.001127184,0
2012-4-11,1,baseline_zero,15,-0.006537614,0
2012-4-12,1,baseline_zero,15,0.007664798,0
2012-2-17,1,baseline_zero,16,0,0
2012-2-20,1,baseline_zero,16,-0.003662314,0
2012-2-21,1,baseline_zero,16,0.0021485,0
2012-2-22,1,baseline_zero,16,-0.004935782,0
2012-2-23,1,baseline_zero,16,-0.005980803,0
2012-2-24,1,baseline_zero,16,0.002803978,0
2012-2-27,1,baseline_zero,16,-0.003825559,0
2012-2-28,1,baseline_zero,16,0.005986898,0
2012-2-29,1,baseline_zero,16,0.0006348,0
2012-3-1,1,baseline_zero,16,0.007712283,0
2012-3-2,1,baseline_zero,16,-0.00126024,0
2012-3-5,1,baseline_zero,16,0.007162184,0
2012-3-6,1,baseline_zero,16,-0.002005264,0
2012-3-7,1,baseline_zero,16,-0.007176612,0
2012-3-8,1,baseline_zero,16,0.011308074,0
2012-3-9,1,baseline_zero,16,-0.001875821,0
2012-3-12,1,baseline_zero,16,0.00374813,0
2012-3-13,1,baseline_zero,16,0.00460343,0
2012-3-14,1,baseline_zero,16,-0.005102369,0
2012-3-15,1,baseline_zero,16,-0.004501696,0
2012-3-16,1,baseline_zero,16,0,0
2012-3-19,1,baseline_zero,16,-0.002509727,0
2012-3-20,1,baseline_zero,16,0.000879121,0
2012-3-21,1,baseline_zero,16,0.001003764,0
2012-3-22,1,baseline_zero,16,-0.005028927,0
2012-3-23,1,baseline_zero,16,-0.004547759,0
2012-3-26,1,baseline_zero,16,0.000885908,0
2012-3-27,1,baseline_zero,16,0.001011506,0
2012-3-28,1,baseline_zero,16,0.000757959,0
2012-3-29,1,baseline_zero,16,-0.002402176,0
2012-3-30,1,baseline_zero,16,-0.002281081,0
2012-4-2,1,baseline_zero,16,0.008338646,0
2012-4-3,1,baseline_zero,16,0.003767429,0
2012-4-4,1,baseline_zero,16,0.003753289,0
2012-4-5,1,baseline_zero,16,-0.002375447,0
2012-4-6,1,baseline_zero,16,-0.002004762,0
2012-4-9,1,baseline_zero,16,0.002004762,0
2012-4-10,1,baseline_zero,16,-0.001127184,0
2012-4-11,1,baseline_zero,16,-0.006537614,0
2012-4-12,1,baseline_zero,16,0.007664798,0
2012-4-13,1,baseline_zero,16,-0.004139235,0
2012-4-16,1,baseline_zero,16,-0.001006036,0
2012-4-17,1,baseline_zero,16,0.000754622,0
2012-4-18,1,baseline_zero,16,0.000251414,0
2012-4-19,1,baseline_zero,16,-0.004661426,0
2012-4-20,1,baseline_zero,16,0.002900197,0
2012-4-23,1,baseline_zero,16,-0.002521434,0
2012-4-24,1,baseline_zero,16,-0.002654365,0
2012-4-25,1,baseline_zero,16,-0.001139746,0
2012-4-26,1,baseline_zero,16,-0.002664469,0
2012-4-27,1,baseline_zero,16,0.000888945,0
2012-4-30,1,baseline_zero,16,0.001014971,0
2012-5-1,1,baseline_zero,16,0.003417941,0
2012-5-2,1,baseline_zero,16,0.001136723,0
2012-5-3,1,baseline_zero,16,0.003528229,0
2012-5-4,1,baseline_zero,16,0.001257071,0
2012-5-7,1,baseline_zero,16,0.001757249,0
2012-5-8,1,baseline_zero,16,0.004254793,0
2012-5-9,1,baseline_zero,16,0.000374555,0
2012-5-10,1,baseline_zero,16,0.001870675,0
2012-3-16,1,baseline_zero,17,0,0
2012-3-19,1,baseline_zero,17,-0.002509727,0
2012-3-20,1,baseline_zero,17,0.000879121,0
2012-3-21,1,baseline_zero,17,0.001003764,0
2012-3-22,1,baseline_zero,17,-0.005028927,0
2012-3-23,1,baseline_zero,17,-0.004547759,0
2012-3-26,1,baseline_zero,17,0.000885908,0
2012-3-27,1,baseline_zero,17,0.001011506,0
2012-3-28,1,baseline_zero,17,0.000757959,0
2012-3-29,1,baseline_zero,17,-0.002402176,0
2012-3-30,1,baseline_zero,17,-0.002281081,0
2012-4-2,1,baseline_zero,17,0.008338646,0
2012-4-3,1,baseline_zero,17,0.003767429,0
2012-4-4,1,baseline_zero,17,0.003753289,0
2012-4-5,1,baseline_zero,17,-0.002375447,0
2012-4-6,1,baseline_zero,17,-0.002004762,0
2012-4-9,1,baseline_zero,17,0.002004762,0
2012-4-10,1,baseline_zero,17,-0.001127184,0
2012-4-11,1,baseline_zero,17,-0.006537614,0
2012-4-12,1,baseline_zero,17,0.007664798,0
2012-4-13,1,baseline_zero,17,-0.004139235,0
2012-4-16,1,baseline_zero,17,-0.001006036,0
2012-4-17,1,baseline_zero,17,0.000754622,0
2012-4-18,1,baseline_zero,17,0.000251414,0
2012-4-19,1,baseline_zero,17,-0.004661426,0
2012-4-20,1,baseline_zero,17,0.002900197,0
2012-4-23,1,baseline_zero,17,-0.002521434,0
2012-4-24,1,baseline_zero,17,-0.002654365,0
2012-4-25,1,baseline_zero,17,-0.001139746,0
2012-4-26,1,baseline_zero,17,-0.002664469,0
2012-4-27,1,baseline_zero,17,0.000888945,0
2012-4-30,1,baseline_zero,17,0.001014971,0
2012-5-1,1,baseline_zero,17,0.003417941,0
2012-5-2,1,baseline_zero,17,0.001136723,0
2012-5-3,1,baseline_zero,17,0.003528229,0
2012-5-4,1,baseline_zero,17,0.001257071,0
2012-5-7,1,baseline_zero,17,0.001757249,0
2012-5-8,1,baseline_zero,17,0.004254793,0
2012-5-9,1,baseline_zero,17,0.000374555,0
2012-5-10,1,baseline_zero,17,0.001870675,0
2012-5-11,1,baseline_zero,17,0.004351346,0
2012-5-14,1,baseline_zero,17,0.007538811,0
2012-5-15,1,baseline_zero,17,0.001845132,0
2012-5-16,1,baseline_zero,17,0.000122888,0
2012-5-17,1,baseline_zero,17,-0.001106535,0
2012-5-18,1,baseline_zero,17,-0.002586686,0
2012-5-21,1,baseline_zero,17,0.005043992,0
2012-5-22,1,baseline_zero,17,0.007335893,0
2012-5-23,1,baseline_zero,17,0.00316225,0
2012-5-24,1,baseline_zero,17,0.00060698,0
2012-5-25,1,baseline_zero,17,0,0
2012-5-28,1,baseline_zero,17,0.000970403,0
2012-5-29,1,baseline_zero,17,0.006525703,0
2012-5-30,1,baseline_zero,17,0.000240877,0
2012-5-31,1,baseline_zero,17,-0.001807992,0
2012-6-1,1,baseline_zero,17,-0.003989126,0
2012-6-4,1,baseline_zero,17,0.003265013,0
2012-6-5,1,baseline_zero,17,-0.006176223,0
2012-6-6,1,baseline_zero,17,-0.003285274,0
2012-6-7,1,baseline_zero,17,0.005590681,0
2012-4-13,1,baseline_zero,18,-0.004139235,0
2012-4-16,1,baseline_zero,18,-0.001006036,0
2012-4-17,1,baseline_zero,18,0.000754622,0
2012-4-18,1,baseline_zero,18,0.000251414,0
2012-4-19,1,baseline_zero,18,-0.004661426,0
2012-4-20,1,baseline_zero,18,0.002900197,0
2012-4-23,1,baseline_zero,18,-0.002521434,0
2012-4-24,1,baseline_zero,18,-0.002654365,0
2012-4-25,1,baseline_zero,18,-0.001139746,0
2012-4-26,1,baseline_zero,18,-0.002664469,0
2012-4-27,1,baseline_zero,18,0.000888945,0
2012-4-30,1,baseline_zero,18,0.001014971,0
2012-5-1,1,baseline_zero,18,0.003417941,0
2012-5-2,1,baseline_zero,18,0.001136723,0
2012-5-3,1,baseline_zero,18,0.003528229,0
2012-5-4,1,baseline_zero,18,0.001257071,0
2012-5-7,1,baseline_zero,18,0.001757249,0
2012-5-8,1,baseline_zero,18,0.004254793,0
2012-5-9,1,baseline_zero,18,0.000374555,0
2012-5-10,1,baseline_zero,18,0.001870675,0
2012-5-11,1,baseline_zero,18,0.004351346,0
2012-5-14,1,baseline_zero,18,0.007538811,0
2012-5-15,1,baseline_zero,18,0.001845132,0
2012-5-16,1,baseline_zero,18,0.000122888,0
2012-5-17,1,baseline_zero,18,-0.001106535,0
2012-5-18,1,baseline_zero,18,-0.002586686,0
2012-5-21,1,baseline_zero,18,0.005043992,0
2012-5-22,1,baseline_zero,18,0.007335893,0
2012-5-23,1,baseline_zero,18,0.00316225,0
2012-5-24,1,baseline_zero,18,0.00060698,0
2012-5-25,1,baseline_zero,18,0,0
2012-5-28,1,baseline_zero,18,0.000970403,0
2012-5-29,1,baseline_zero,18,0.006525703,0
2012-5-30,1,baseline_zero,18,0.000240877,0
2012-5-31,1,baseline_zero,18,-0.001807992,0
2012-6-1,1,baseline_zero,18,-0.003989126,0
2012-6-4,1,baseline_zero,18,0.003265013,0
2012-6-5,1,baseline_zero,18,-0.006176223,0
2012-6-6,1,baseline_zero,18,-0.003285274,0
2012-6-7,1,baseline_zero,18,0.005590681,0
2012-6-8,1,baseline_zero,18,0.00012119,0
2012-6-11,1,baseline_zero,18,-0.001212562,0
2012-6-12,1,baseline_zero,18,-0.004377439,0
2012-6-13,1,baseline_zero,18,-0.000853398,0
2012-6-14,1,baseline_zero,18,-0.004400447,0
2012-6-15,1,baseline_zero,18,0.003912464,0
2012-6-18,1,baseline_zero,18,-0.006979763,0
2012-6-19,1,baseline_zero,18,0.002454591,0
2012-6-20,1,baseline_zero,18,0.00866546,0
2012-6-21,1,baseline_zero,18,-0.000364631,0
2012-6-22,1,baseline_zero,18,0.002913331,0
2012-6-25,1,baseline_zero,18,-0.001577,0
2012-6-26,1,baseline_zero,18,0.003030489,0
2012-6-27,1,baseline_zero,18,0.002297045,0
2012-6-28,1,baseline_zero,18,-0.014351986,0
2012-6-29,1,baseline_zero,18,0.002935782,0
2012-7-2,1,baseline_zero,18,-0.001099908,0
2012-7-3,1,baseline_zero,18,0,0
2012-7-4,1,baseline_zero,18,0.012516112,0
2012-7-5,1,baseline_zero,18,0.006859645,0
2012-5-11,1,baseline_zero,19,0.004351346,0
2012-5-14,1,baseline_zero,19,0.007538811,0
2012-5-15,1,baseline_zero,19,0.001845132,0
2012-5-16,1,baseline_zero,19,0.000122888,0
2012-5-17,1,baseline_zero,19,-0.001106535,0
2012-5-18,1,baseline_zero,19,-0.002586686,0
2012-5-21,1,baseline_zero,19,0.005043992,0
2012-5-22,1,baseline_zero,19,0.007335893,0
2012-5-23,1,baseline_zero,19,0.00316225,0
2012-5-24,1,baseline_zero,19,0.00060698,0
2012-5-25,1,baseline_zero,19,0,0
2012-5-28,1,baseline_zero,19,0.000970403,0
2012-5-29,1,baseline_zero,19,0.006525703,0
2012-5-30,1,baseline_zero,19,0.000240877,0
2012-5-31,1,baseline_zero,19,-0.001807992,0
2012-6-1,1,baseline_zero,19,-0.003989126,0
2012-6-4,1,baseline_zero,19,0.003265013,0
2012-6-5,1,baseline_zero,19,-0.006176223,0
2012-6-6,1,baseline_zero,19,-0.003285274,0
2012-6-7,1,baseline_zero,19,0.005590681,0
2012-6-8,1,baseline_zero,19,0.00012119,0
2012-6-11,1,baseline_zero,19,-0.001212562,0
2012-6-12,1,baseline_zero,19,-0.004377439,0
2012-6-13,1,baseline_zero,19,-0.000853398,0
2012-6-14,1,baseline_zero,19,-0.004400447,0
2012-6-15,1,baseline_zero,19,0.003912464,0
2012-6-18,1,baseline_zero,19,-0.006979763,0
2012-6-19,1,baseline_zero,19,0.002454591,0
2012-6-20,1,baseline_zero,19,0.00866546,0
2012-6-21,1,baseline_zero,19,-0.000364631,0
2012-6-22,1,baseline_zero,19,0.002913331,0
2012-6-25,1,baseline_zero,19,-0.001577,0
2012-6-26,1,baseline_zero,19,0.003030489,0
2012-6-27,1,baseline_zero,19,0.002297045,0
2012-6-28,1,baseline_zero,19,-0.014351986,0
2012-6-29,1,baseline_zero,19,0.002935782,0
2012-7-2,1,baseline_zero,19,-0.001099908,0
2012-7-3,1,baseline_zero,19,0,0
2012-7-4,1,baseline_zero,19,0.012516112,0
2012-7-5,1,baseline_zero,19,0.006859645,0
2012-7-6,1,baseline_zero,19,-0.002642009,0
2012-7-9,1,baseline_zero,19,0.002881846,0
2012-7-10,1,baseline_zero,19,0.002036295,0
2012-7-11,1,baseline_zero,19,0.001076362,0
2012-7-12,1,baseline_zero,19,-0.003712357,0
2012-7-13,1,baseline_zero,19,-0.003003907,0
2012-7-16,1,baseline_zero,19,-0.000842714,0
2012-7-17,1,baseline_zero,19,0.000481638,0
2012-7-18,1,baseline_zero,19,-0.002289847,0
2012-7-19,1,baseline_zero,19,0.007213304,0
2012-7-20,1,baseline_zero,19,0.002751362,0
2012-7-23,1,baseline_zero,19,0.003458354,0
2012-7-24,1,baseline_zero,19,-0.005730675,0
2012-7-25,1,baseline_zero,19,-0.008537297,0
2012-7-26,1,baseline_zero,19,-0.001208313,0
2012-7-27,1,baseline_zero,19,0.000966767,0
2012-7-30,1,baseline_zero,19,-0.001813456,0
2012-7-31,1,baseline_zero,19,0.005069413,0
2012-8-1,1,baseline_zero,19,0.00360534,0
2012-8-2,1,baseline_zero,19,-0.011825889,0
2012-6-8,1,baseline_zero,20,0.00012119,0
2012-6-11,1,baseline_zero,20,-0.001212562,0
2012-6-12,1,baseline_zero,20,-0.004377439,0
2012-6-13,1,baseline_zero,20,-0.000853398,0
2012-6-14,1,baseline_zero,20,-0.004400447,0
2012-6-15,1,baseline_zero,20,0.003912464,0
2012-6-18,1,baseline_zero,20,-0.006979763,0
2012-6-19,1,baseline_zero,20,0.002454591,0
2012-6-20,1,baseline_zero,20,0.00866546,0
2012-6-21,1,baseline_zero,20,-0.000364631,0
2012-6-22,1,baseline_zero,20,0.002913331,0
2012-6-25,1,baseline_zero,20,-0.001577,0
2012-6-26,1,baseline_zero,20,0.003030489,0
2012-6-27,1,baseline_zero,20,0.002297045,0
2012-6-28,1,baseline_zero,20,-0.014351986,0
2012-6-29,1,baseline_zero,20,0.002935782,0
2012-7-2,1,baseline_zero,20,-0.001099908,0
2012-7-3,1,baseline_zero,20,0,0
2012-7-4,1,baseline_zero,20,0.012516112,0
2012-7-5,1,baseline_zero,20,0.006859645,0
2012-7-6,1,baseline_zero,20,-0.002642009,0
2012-7-9,1,baseline_zero,20,0.002881846,0
2012-7-10,1,baseline_zero,20,0.002036295,0
2012-7-11,1,baseline_zero,20,0.001076362,0
2012-7-12,1,baseline_zero,20,-0.003712357,0
2012-7-13,1,baseline_zero,20,-0.003003907,0
2012-7-16,1,baseline_zero,20,-0.000842714,0
2012-7-17,1,baseline_zero,20,0.000481638,0
2012-7-18,1,baseline_zero,20,-0.002289847,0
2012-7-19,1,baseline_zero,20,0.007213304,0
2012-7-20,1,baseline_zero,20,0.002751362,0
2012-7-23,1,baseline_zero,20,0.003458354,0
2012-7-24,1,baseline_zero,20,-0.005730675,0
2012-7-25,1,baseline_zero,20,-0.008537297,0
2012-7-26,1,baseline_zero,20,-0.001208313,0
2012-7-27,1,baseline_zero,20,0.000966767,0
2012-7-30,1,baseline_zero,20,-0.001813456,0
2012-7-31,1,baseline_zero,20,0.005069413,0
2012-8-1,1,baseline_zero,20,0.00360534,0
2012-8-2,1,baseline_zero,20,-0.011825889,0
2012-8-3,1,baseline_zero,20,-0.001336168,0
2012-8-6,1,baseline_zero,20,-0.000729572,0
2012-8-7,1,baseline_zero,20,0.002187121,0
2012-8-8,1,baseline_zero,20,0.003029754,0
2012-8-9,1,baseline_zero,20,-0.001089654,0
2012-8-10,1,baseline_zero,20,-0.001333414,0
2012-8-13,1,baseline_zero,20,0.000485084,0
2012-8-14,1,baseline_zero,20,0.001937985,0
2012-8-15,1,baseline_zero,20,-0.003393943,0
2012-8-16,1,baseline_zero,20,0.002909798,0
2012-8-17,1,baseline_zero,20,-0.001696353,0
2012-8-20,1,baseline_zero,20,-0.006692244,0
2012-8-21,1,baseline_zero,20,-0.00514077,0
2012-8-22,1,baseline_zero,20,-0.001596562,0
2012-8-23,1,baseline_zero,20,0.002822954,0
2012-8-24,1,baseline_zero,20,0.00085758,0
2012-8-27,1,baseline_zero,20,-0.003557631,0
2012-8-28,1,baseline_zero,20,0.002209674,0
2012-8-29,1,baseline_zero,20,0.001715266,0
2012-8-30,1,baseline_zero,20,-0.005893203,0
2012-7-6,1,baseline_zero,21,-0.002642009,0
2012-7-9,1,baseline_zero,21,0.002881846,0
2012-7-10,1,baseline_zero,21,0.002036295,0
2012-7-11,1,baseline_zero,21,0.001076362,0
2012-7-12,1,baseline_zero,21,-0.003712357,0
2012-7-13,1,baseline_zero,21,-0.003003907,0
2012-7-16,1,baseline_zero,21,-0.000842714,0
2012-7-17,1,baseline_zero,21,0.000481638,0
2012-7-18,1,baseline_zero,21,-0.002289847,0
2012-7-19,1,baseline_zero,21,0.007213304,0
2012-7-20,1,baseline_zero,21,0.002751362,0
2012-7-23,1,baseline_zero,21,0.003458354,0
2012-7-24,1,baseline_zero,21,-0.005730675,0
2012-7-25,1,baseline_zero,21,-0.008537297,0
2012-7-26,1,baseline_zero,21,-0.001208313,0
2012-7-27,1,baseline_zero,21,0.000966767,0
2012-7-30,1,baseline_zero,21,-0.001813456,0
2012-7-31,1,baseline_zero,21,0.005069413,0
2012-8-1,1,baseline_zero,21,0.00360534,0
2012-8-2,1,baseline_zero,21,-0.011825889,0
2012-8-3,1,baseline_zero,21,-0.001336168,0
2012-8-6,1,baseline_zero,21,-0.000729572,0
2012-8-7,1,baseline_zero,21,0.002187121,0
2012-8-8,1,baseline_zero,21,0.003029754,0
2012-8-9,1,baseline_zero,21,-0.001089654,0
2012-8-10,1,baseline_zero,21,-0.001333414,0
2012-8-13,1,baseline_zero,21,0.000485084,0
2012-8-14,1,baseline_zero,21,0.001937985,0
2012-8-15,1,baseline_zero,21,-0.003393943,0
2012-8-16,1,baseline_zero,21,0.002909798,0
2012-8-17,1,baseline_zero,21,-0.001696353,0
2012-8-20,1,baseline_zero,21,-0.006692244,0
2012-8-21,1,baseline_zero,21,-0.00514077,0
2012-8-22,1,baseline_zero,21,-0.001596562,0
2012-8-23,1,baseline_zero,21,0.002822954,0
2012-8-24,1,baseline_zero,21,0.00085758,0
2012-8-27,1,baseline_zero,21,-0.003557631,0
2012-8-28,1,baseline_zero,21,0.002209674,0
2012-8-29,1,baseline_zero,21,0.001715266,0
2012-8-30,1,baseline_zero,21,-0.005893203,0
2012-8-31,1,baseline_zero,21,0,0
2012-9-3,1,baseline_zero,21,0.001230618,0
2012-9-4,1,baseline_zero,21,-0.000984373,0
2012-9-5,1,baseline_zero,21,-0.002341777,0
2012-9-6,1,baseline_zero,21,-0.009796098,0
2012-9-7,1,baseline_zero,21,0,0
2012-9-10,1,baseline_zero,21,-0.00487166,0
2012-9-11,1,baseline_zero,21,-0.00150376,0
2012-9-12,1,baseline_zero,21,-0.006037754,0
2012-9-13,1,baseline_zero,21,-0.005186274,0
2012-9-14,1,baseline_zero,21,0.002027113,0
2012-9-17,1,baseline_zero,21,0.003032986,0
2012-9-18,1,baseline_zero,21,-0.002400355,0
2012-9-19,1,baseline_zero,21,0.004417247,0
2012-9-20,1,baseline_zero,21,-0.001007938,0
2012-9-21,1,baseline_zero,21,0.002392195,0
2012-9-24,1,baseline_zero,21,0.000377192,0
2012-9-25,1,baseline_zero,21,0.004264934,0
2012-9-26,1,baseline_zero,21,-0.004264934,0
2012-9-27,1,baseline_zero,21,0.004890598,0
2012-8-3,1,baseline_zero,22,-0.001336168,0
2012-8-6,1,baseline_zero,22,-0.000729572,0
2012-8-7,1,baseline_zero,22,0.002187121,0
2012-8-8,1,baseline_zero,22,0.003029754,0
2012-8-9,1,baseline_zero,22,-0.001089654,0
2012-8-10,1,baseline_zero,22,-0.001333414,0
2012-8-13,1,baseline_zero,22,0.000485084,0
2012-8-14,1,baseline_zero,22,0.001937985,0
2012-8-15,1,baseline_zero,22,-0.003393943,0
2012-8-16,1,baseline_zero,22,0.002909798,0
2012-8-17,1,baseline_zero,22,-0.001696353,0
2012-8-20,1,baseline_zero,22,-0.006692244,0
2012-8-21,1,baseline_zero,22,-0.00514077,0
2012-8-22,1,baseline_zero,22,-0.001596562,0
2012-8-23,1,baseline_zero,22,0.002822954,0
2012-8-24,1,baseline_zero,22,0.00085758,0
2012-8-27,1,baseline_zero,22,-0.003557631,0
2012-8-28,1,baseline_zero,22,0.002209674,0
2012-8-29,1,baseline_zero,22,0.001715266,0
2012-8-30,1,baseline_zero,22,-0.005893203,0
2012-8-31,1,baseline_zero,22,0,0
2012-9-3,1,baseline_zero,22,0.001230618,0
2012-9-4,1,baseline_zero,22,-0.000984373,0
2012-9-5,1,baseline_zero,22,-0.002341777,0
2012-9-6,1,baseline_zero,22,-0.009796098,0
2012-9-7,1,baseline_zero,22,0,0
2012-9-10,1,baseline_zero,22,-0.00487166,0
2012-9-11,1,baseline_zero,22,-0.00150376,0
2012-9-12,1,baseline_zero,22,-0.006037754,0
2012-9-13,1,baseline_zero,22,-0.005186274,0
2012-9-14,1,baseline_zero,22,0.002027113,0
2012-9-17,1,baseline_zero,22,0.003032986,0
2012-9-18,1,baseline_zero,22,-0.002400355,0
2012-9-19,1,baseline_zero,22,0.004417247,0
2012-9-20,1,baseline_zero,22,-0.001007938,0
2012-9-21,1,baseline_zero,22,0.002392195,0
2012-9-24,1,baseline_zero,22,0.000377192,0
2012-9-25,1,baseline_zero,22,0.004264934,0
2012-9-26,1,baseline_zero,22,-0.004264934,0
2012-9-27,1,baseline_zero,22,0.004890598,0
2012-9-28,1,baseline_zero,22,-0.001502254,0
2012-10-1,1,baseline_zero,22,-0.001002758,0
2012-10-2,1,baseline_zero,22,0.002880222,0
2012-10-3,1,baseline_zero,22,-0.007783117,0
2012-10-4,1,baseline_zero,22,-0.000126032,0
2012-10-5,1,baseline_zero,22,0.002517625,0
2012-10-8,1,baseline_zero,22,0.0051414,0
2012-10-9,1,baseline_zero,22,-0.000375305,0
2012-10-10,1,baseline_zero,22,-0.001753288,0
2012-10-11,1,baseline_zero,22,-0.001379743,0
2012-10-12,1,baseline_zero,22,0.000878239,0
2012-10-15,1,baseline_zero,22,-0.004147037,0
2012-10-16,1,baseline_zero,22,-0.00492332,0
2012-10-17,1,baseline_zero,22,0.004419478,0
2012-10-18,1,baseline_zero,22,0.003144854,0
2012-10-19,1,baseline_zero,22,0.000376719,0
2012-10-22,1,baseline_zero,22,0.004134567,0
2012-10-23,1,baseline_zero,22,-0.000875602,0
2012-10-24,1,baseline_zero,22,0.001625508,0
2012-10-25,1,baseline_zero,22,0.000374742,0
2012-8-31,1,baseline_zero,23,0,0
2012-9-3,1,baseline_zero,23,0.001230618,0
2012-9-4,1,baseline_zero,23,-0.000984373,0
2012-9-5,1,baseline_zero,23,-0.002341777,0
2012-9-6,1,baseline_zero,23,-0.009796098,0
2012-9-7,1,baseline_zero,23,0,0
2012-9-10,1,baseline_zero,23,-0.00487166,0
2012-9-11,1,baseline_zero,23,-0.00150376,0
2012-9-12,1,baseline_zero,23,-0.006037754,0
2012-9-13,1,baseline_zero,23,-0.005186274,0
2012-9-14,1,baseline_zero,23,0.002027113,0
2012-9-17,1,baseline_zero,23,0.003032986,0
2012-9-18,1,baseline_zero,23,-0.002400355,0
2012-9-19,1,baseline_zero,23,0.004417247,0
2012-9-20,1,baseline_zero,23,-0.001007938,0
2012-9-21,1,baseline_zero,23,0.002392195,0
2012-9-24,1,baseline_zero,23,0.000377192,0
2012-9-25,1,baseline_zero,23,0.004264934,0
2012-9-26,1,baseline_zero,23,-0.004264934,0
2012-9-27,1,baseline_zero,23,0.004890598,0
2012-9-28,1,baseline_zero,23,-0.001502254,0
2012-10-1,1,baseline_zero,23,-0.001002758,0
2012-10-2,1,baseline_zero,23,0.002880222,0
2012-10-3,1,baseline_zero,23,-0.007783117,0
2012-10-4,1,baseline_zero,23,-0.000126032,0
2012-10-5,1,baseline_zero,23,0.002517625,0
2012-10-8,1,baseline_zero,23,0.0051414,0
2012-10-9,1,baseline_zero,23,-0.000375305,0
2012-10-10,1,baseline_zero,23,-0.001753288,0
2012-10-11,1,baseline_zero,23,-0.001379743,0
2012-10-12,1,baseline_zero,23,0.000878239,0
2012-10-15,1,baseline_zero,23,-0.004147037,0
2012-10-16,1,baseline_zero,23,-0.00492332,0
2012-10-17,1,baseline_zero,23,0.004419478,0
2012-10-18,1,baseline_zero,23,0.003144854,0
2012-10-19,1,baseline_zero,23,0.000376719,0
2012-10-22,1,baseline_zero,23,0.004134567,0
2012-10-23,1,baseline_zero,23,-0.000875602,0
2012-10-24,1,baseline_zero,23,0.001625508,0
2012-10-25,1,baseline_zero,23,0.000374742,0
2012-10-26,1,baseline_zero,23,0.001996258,0
2012-10-29,1,baseline_zero,23,-0.003746258,0
2012-10-30,1,baseline_zero,23,-0.000125117,0
2012-10-31,1,baseline_zero,23,0.001625305,0
2012-11-1,1,baseline_zero,23,0.006723133,0
2012-11-2,1,baseline_zero,23,0.00198339,0
2012-11-5,1,baseline_zero,23,-0.001735251,0
2012-11-6,1,baseline_zero,23,0.001859082,0
2012-11-7,1,baseline_zero,23,0.000371402,0
2012-11-8,1,baseline_zero,23,0.002966261,0
2012-11-9,1,baseline_zero,23,0,0
2012-11-12,1,baseline_zero,23,0.000616865,0
2012-11-13,1,baseline_zero,23,-0.0002467,0
2012-11-14,1,baseline_zero,23,0.0002467,0
2012-11-15,1,baseline_zero,23,0.002217569,0
2012-11-16,1,baseline_zero,23,-0.004810963,0
2012-11-19,1,baseline_zero,23,0.001112278,0
2012-11-20,1,baseline_zero,23,-0.000370622,0
2012-11-21,1,baseline_zero,23,0,0
2012-11-22,1,baseline_zero,23,-0.009185765,0
2012-9-28,1,baseline_zero,24,-0.001502254,0
2012-10-1,1,baseline_zero,24,-0.001002758,0
2012-10-2,1,baseline_zero,24,0.002880222,0
2012-10-3,1,baseline_zero,24,-0.007783117,0
2012-10-4,1,baseline_zero,24,-0.000126032,0
2012-10-5,1,baseline_zero,24,0.002517625,0
2012-10-8,1,baseline_zero,24,0.0051414,0
2012-10-9,1,baseline_zero,24,-0.000375305,0
2012-10-10,1,baseline_zero,24,-0.001753288,0
2012-10-11,1,baseline_zero,24,-0.001379743,0
2012-10-12,1,baseline_zero,24,0.000878239,0
2012-10-15,1,baseline_zero,24,-0.004147037,0
2012-10-16,1,baseline_zero,24,-0.00492332,0
2012-10-17,1,baseline_zero,24,0.004419478,0
2012-10-18,1,baseline_zero,24,0.003144854,0
2012-10-19,1,baseline_zero,24,0.000376719,0
2012-10-22,1,baseline_zero,24,0.004134567,0
2012-10-23,1,baseline_zero,24,-0.000875602,0
2012-10-24,1,baseline_zero,24,0.001625508,0
2012-10-25,1,baseline_zero,24,0.000374742,0
2012-10-26,1,baseline_zero,24,0.001996258,0
2012-10-29,1,baseline_zero,24,-0.003746258,0
2012-10-30,1,baseline_zero,24,-0.000125117,0
2012-10-31,1,baseline_zero,24,0.001625305,0
2012-11-1,1,baseline_zero,24,0.006723133,0
2012-11-2,1,baseline_zero,24,0.00198339,0
2012-11-5,1,baseline_zero,24,-0.001735251,0
2012-11-6,1,baseline_zero,24,0.001859082,0
2012-11-7,1,baseline_zero,24,0.000371402,0
2012-11-8,1,baseline_zero,24,0.002966261,0
2012-11-9,1,baseline_zero,24,0,0
2012-11-12,1,baseline_zero,24,0.000616865,0
2012-11-13,1,baseline_zero,24,-0.0002467,0
2012-11-14,1,baseline_zero,24,0.0002467,0
2012-11-15,1,baseline_zero,24,0.002217569,0
2012-11-16,1,baseline_zero,24,-0.004810963,0
2012-11-19,1,baseline_zero,24,0.001112278,0
2012-11-20,1,baseline_zero,24,-0.000370622,0
2012-11-21,1,baseline_zero,24,0,0
2012-11-22,1,baseline_zero,24,-0.009185765,0
2012-11-23,1,baseline_zero,24,0.000747943,0
2012-11-26,1,baseline_zero,24,0.001867414,0
2012-11-27,1,baseline_zero,24,-0.000746547,0
2012-11-28,1,baseline_zero,24,-0.001744114,0
2012-11-29,1,baseline_zero,24,-0.000623636,0
2012-11-30,1,baseline_zero,24,-0.003374371,0
2012-12-3,1,baseline_zero,24,-0.003009029,0
2012-12-4,1,baseline_zero,24,0.001631015,0
2012-12-5,1,baseline_zero,24,0.006123871,0
2012-12-6,1,baseline_zero,24,0.001867182,0
2012-12-7,1,baseline_zero,24,-0.000995396,0
2012-12-10,1,baseline_zero,24,-0.003366797,0
2012-12-11,1,baseline_zero,24,-0.003127544,0
2012-12-12,1,baseline_zero,24,0.001502442,0
2012-12-13,1,baseline_zero,24,-0.004388447,0
2012-12-14,1,baseline_zero,24,-0.000125668,0
2012-12-17,1,baseline_zero,24,-0.002642674,0
2012-12-18,1,baseline_zero,24,-0.001134716,0
2012-12-19,1,baseline_zero,24,-0.000126159,0
2012-12-20,1,baseline_zero,24,0.00453173,0
2012-10-26,1,baseline_zero,25,0.001996258,0
2012-10-29,1,baseline_zero,25,-0.003746258,0
2012-10-30,1,baseline_zero,25,-0.000125117,0
2012-10-31,1,baseline_zero,25,0.001625305,0
2012-11-1,1,baseline_zero,25,0.006723133,0
2012-11-2,1,baseline_zero,25,0.00198339,0
2012-11-5,1,baseline_zero,25,-0.001735251,0
2012-11-6,1,baseline_zero,25,0.001859082,0
2012-11-7,1,baseline_zero,25,0.000371402,0
2012-11-8,1,baseline_zero,25,0.002966261,0
2012-11-9,1,baseline_zero,25,0,0
2012-11-12,1,baseline_zero,25,0.000616865,0
2012-11-13,1,baseline_zero,25,-0.0002467,0
2012-11-14,1,baseline_zero,25,0.0002467,0
2012-11-15,1,baseline_zero,25,0.002217569,0
2012-11-16,1,baseline_zero,25,-0.004810963,0
2012-11-19,1,baseline_zero,25,0.001112278,0
2012-11-20,1,baseline_zero,25,-0.000370622,0
2012-11-21,1,baseline_zero,25,0,0
2012-11-22,1,baseline_zero,25,-0.009185765,0
2012-11-23,1,baseline_zero,25,0.000747943,0
2012-11-26,1,baseline_zero,25,0.001867414,0
2012-11-27,1,baseline_zero,25,-0.000746547,0
2012-11-28,1,baseline_zero,25,-0.001744114,0
2012-11-29,1,baseline_zero,25,-0.000623636,0
2012-11-30,1,baseline_zero,25,-0.003374371,0
2012-12-3,1,baseline_zero,25,-0.003009029,0
2012-12-4,1,baseline_zero,25,0.001631015,0
2012-12-5,1,baseline_zero,25,0.006123871,0
2012-12-6,1,baseline_zero,25,0.001867182,0
2012-12-7,1,baseline_zero,25,-0.000995396,0
2012-12-10,1,baseline_zero,25,-0.003366797,0
2012-12-11,1,baseline_zero,25,-0.003127544,0
2012-12-12,1,baseline_zero,25,0.001502442,0
2012-12-13,1,baseline_zero,25,-0.004388447,0
2012-12-14,1,baseline_zero,25,-0.000125668,0
2012-12-17,1,baseline_zero,25,-0.002642674,0
2012-12-18,1,baseline_zero,25,-0.001134716,0
2012-12-19,1,baseline_zero,25,-0.000126159,0
2012-12-20,1,baseline_zero,25,0.00453173,0
2012-12-21,1,baseline_zero,25,0.000251162,0
2012-12-24,1,baseline_zero,25,0,0
2012-12-25,1,baseline_zero,25,-0.000251162,0
2012-12-26,1,baseline_zero,25,0,0
2012-12-27,1,baseline_zero,25,0.000753296,0
2012-12-28,1,baseline_zero,25,0.001128881,0
2012-12-31,1,baseline_zero,25,0,0
2013-1-1,1,baseline_zero,25,0.000877138,0
2013-1-2,1,baseline_zero,25,0.006740757,0
2013-1-3,1,baseline_zero,25,0.001491795,0
2013-1-4,1,baseline_zero,25,-0.00298582,0
2013-1-7,1,baseline_zero,25,0.000996264,0
2013-1-8,1,baseline_zero,25,0.002734619,0
2013-1-9,1,baseline_zero,25,-0.010230906,0
2013-1-10,1,baseline_zero,25,-0.002259888,0
2013-1-11,1,baseline_zero,25,-0.000880226,0
2013-1-14,1,baseline_zero,25,0.003641619,0
2013-1-15,1,baseline_zero,25,0.000250658,0
2013-1-16,1,baseline_zero,25,-0.001881468,0
2013-1-17,1,baseline_zero,25,0.004884473,0
2012-11-23,1,baseline_zero,26,0.000747943,0
2012-11-26,1,baseline_zero,26,0.001867414,0
2012-11-27,1,baseline_zero,26,-0.000746547,0
2012-11-28,1,baseline_zero,26,-0.001744114,0
2012-11-29,1,baseline_zero,26,-0.000623636,0
2012-11-30,1,baseline_zero,26,-0.003374371,0
2012-12-3,1,baseline_zero,26,-0.003009029,0
2012-12-4,1,baseline_zero,26,0.001631015,0
2012-12-5,1,baseline_zero,26,0.006123871,0
2012-12-6,1,baseline_zero,26,0.001867182,0
2012-12-7,1,baseline_zero,26,-0.000995396,0
2012-12-10,1,baseline_zero,26,-0.003366797,0
2012-12-11,1,baseline_zero,26,-0.003127544,0
2012-12-12,1,baseline_zero,26,0.001502442,0
2012-12-13,1,baseline_zero,26,-0.004388447,0
2012-12-14,1,baseline_zero,26,-0.000125668,0
2012-12-17,1,baseline_zero,26,-0.002642674,0
2012-12-18,1,baseline_zero,26,-0.001134716,0
2012-12-19,1,baseline_zero,26,-0.000126159,0
2012-12-20,1,baseline_zero,26,0.00453173,0
2012-12-21,1,baseline_zero,26,0.000251162,0
2012-12-24,1,baseline_zero,26,0,0
2012-12-25,1,baseline_zero,26,-0.000251162,0
2012-12-26,1,baseline_zero,26,0,0
2012-12-27,1,baseline_zero,26,0.000753296,0
2012-12-28,1,baseline_zero,26,0.001128881,0
2012-12-31,1,baseline_zero,26,0,0
2013-1-1,1,baseline_zero,26,0.000877138,0
2013-1-2,1,baseline_zero,26,0.006740757,0
2013-1-3,1,baseline_zero,26,0.001491795,0
2013-1-4,1,baseline_zero,26,-0.00298582,0
2013-1-7,1,baseline_zero,26,0.000996264,0
2013-1-8,1,baseline_zero,26,0.002734619,0
2013-1-9,1,baseline_zero,26,-0.010230906,0
2013-1-10,1,baseline_zero,26,-0.002259888,0
2013-1-11,1,baseline_zero,26,-0.000880226,0
2013-1-14,1,baseline_zero,26,0.003641619,0
2013-1-15,1,baseline_zero,26,0.000250658,0
2013-1-16,1,baseline_zero,26,-0.001881468,0
2013-1-17,1,baseline_zero,26,0.004884473,0
2013-1-18,1,baseline_zero,26,0,0
2013-1-21,1,baseline_zero,26,-0.002126197,0
2013-1-22,1,baseline_zero,26,0.000625821,0
2013-1-23,1,baseline_zero,26,0.000375305,0
2013-1-24,1,baseline_zero,26,-0.002504698,0
2013-1-25,1,baseline_zero,26,0,0
2013-1-28,1,baseline_zero,26,-0.002385288,0
2013-1-29,1,baseline_zero,26,-0.003525564,0
2013-1-30,1,baseline_zero,26,-0.000883337,0
2013-1-31,1,baseline_zero,26,0,0
2013-2-1,1,baseline_zero,26,0.004283201,0
2013-2-4,1,baseline_zero,26,-0.000754527,0
2013-2-5,1,baseline_zero,26,0.002889268,0
2013-2-6,1,baseline_zero,26,0.005878323,0
2013-2-7,1,baseline_zero,26,0.000249377,0
2013-2-8,1,baseline_zero,26,0.001245951,0
2013-2-11,1,baseline_zero,26,-0.002493456,0
2013-2-12,1,baseline_zero,26,-0.000249688,0
2013-2-13,1,baseline_zero,26,0.004609164,0
2013-2-14,1,baseline_zero,26,0.001490313,0
2012-12-21,1,baseline_zero,27,0.000251162,0
2012-12-24,1,baseline_zero,27,0,0
2012-12-25,1,baseline_zero,27,-0.000251162,0
2012-12-26,1,baseline_zero,27,0,0
2012-12-27,1,baseline_zero,27,0.000753296,0
2012-12-28,1,baseline_zero,27,0.001128881,0
2012-12-31,1,baseline_zero,27,0,0
2013-1-1,1,baseline_zero,27,0.000877138,0
2013-1-2,1,baseline_zero,27,0.006740757,0
2013-1-3,1,baseline_zero,27,0.001491795,0
2013-1-4,1,baseline_zero,27,-0.00298582,0
2013-1-7,1,baseline_zero,27,0.000996264,0
2013-1-8,1,baseline_zero,27,0.002734619,0
2013-1-9,1,baseline_zero,27,-0.010230906,0
2013-1-10,1,baseline_zero,27,-0.002259888,0
2013-1-11,1,baseline_zero,27,-0.000880226,0
2013-1-14,1,baseline_zero,27,0.003641619,0
2013-1-15,1,baseline_zero,27,0.000250658,0
2013-1-16,1,baseline_zero,27,-0.001881468,0
2013-1-17,1,baseline_zero,27,0.004884473,0
2013-1-18,1,baseline_zero,27,0,0
2013-1-21,1,baseline_zero,27,-0.002126197,0
2013-1-22,1,baseline_zero,27,0.000625821,0
2013-1-23,1,baseline_zero,27,0.000375305,0
2013-1-24,1,baseline_zero,27,-0.002504698,0
2013-1-25,1,baseline_zero,27,0,0
2013-1-28,1,baseline_zero,27,-0.002385288,0
2013-1-29,1,baseline_zero,27,-0.003525564,0
2013-1-30,1,baseline_zero,27,-0.000883337,0
2013-1-31,1,baseline_zero,27,0,0
2013-2-1,1,baseline_zero,27,0.004283201,0
2013-2-4,1,baseline_zero,27,-0.000754527,0
2013-2-5,1,baseline_zero,27,0.002889268,0
2013-2-6,1,baseline_zero,27,0.005878323,0
2013-2-7,1,baseline_zero,27,0.000249377,0
2013-2-8,1,baseline_zero,27,0.001245951,0
2013-2-11,1,baseline_zero,27,-0.002493456,0
2013-2-12,1,baseline_zero,27,-0.000249688,0
2013-2-13,1,baseline_zero,27,0.004609164,0
2013-2-14,1,baseline_zero,27,0.001490313,0
2013-2-15,1,baseline_zero,27,0,0
2013-2-18,1,baseline_zero,27,-0.001366036,0
2013-2-19,1,baseline_zero,27,0.007428535,0
2013-2-20,1,baseline_zero,27,0.004799123,0
2013-2-21,1,baseline_zero,27,0,0
2013-2-22,1,baseline_zero,27,0.002574635,0
2013-2-25,1,baseline_zero,27,0.002445886,0
2013-2-26,1,baseline_zero,27,-0.003303361,0
2013-2-27,1,baseline_zero,27,0.004280043,0
2013-2-28,1,baseline_zero,27,0.00401876,0
2013-3-1,1,baseline_zero,27,-0.001094425,0
2013-3-4,1,baseline_zero,27,-0.001217434,0
2013-3-5,1,baseline_zero,27,0.004497121,0
2013-3-6,1,baseline_zero,27,-0.004618946,0
2013-3-7,1,baseline_zero,27,0.007767029,0
2013-3-8,1,baseline_zero,27,-0.001814992,0
2013-3-11,1,baseline_zero,27,0.000121102,0
2013-3-12,1,baseline_zero,27,0.003746907,0
2013-3-13,1,baseline_zero,27,-0.003383689,0
2013-3-14,1,baseline_zero,27,-0.005827381,0
2013-1-18,1,baseline_zero,28,0,0
2013-1-21,1,baseline_zero,28,-0.002126197,0
2013-1-22,1,baseline_zero,28,0.000625821,0
2013-1-23,1,baseline_zero,28,0.000375305,0
2013-1-24,1,baseline_zero,28,-0.002504698,0
2013-1-25,1,baseline_zero,28,0,0
2013-1-28,1,baseline_zero,28,-0.002385288,0
2013-1-29,1,baseline_zero,28,-0.003525564,0
2013-1-30,1,baseline_zero,28,-0.000883337,0
2013-1-31,1,baseline_zero,28,0,0
2013-2-1,1,baseline_zero,28,0.004283201,0
2013-2-4,1,baseline_zero,28,-0.000754527,0
2013-2-5,1,baseline_zero,28,0.002889268,0
2013-2-6,1,baseline_zero,28,0.005878323,0
2013-2-7,1,baseline_zero,28,0.000249377,0
2013-2-8,1,baseline_zero,28,0.001245951,0
2013-2-11,1,baseline_zero,28,-0.002493456,0
2013-2-12,1,baseline_zero,28,-0.000249688,0
2013-2-13,1,baseline_zero,28,0.004609164,0
2013-2-14,1,baseline_zero,28,0.001490313,0
2013-2-15,1,baseline_zero,28,0,0
2013-2-18,1,baseline_zero,28,-0.001366036,0
2013-2-19,1,baseline_zero,28,0.007428535,0
2013-2-20,1,baseline_zero,28,0.004799123,0
2013-2-21,1,baseline_zero,28,0,0
2013-2-22,1,baseline_zero,28,0.002574635,0
2013-2-25,1,baseline_zero,28,0.002445886,0
2013-2-26,1,baseline_zero,28,-0.003303361,0
2013-2-27,1,baseline_zero,28,0.004280043,0
2013-2-28,1,baseline_zero,28,0.00401876,0
2013-3-1,1,baseline_zero,28,-0.001094425,0
2013-3-4,1,baseline_zero,28,-0.001217434,0
2013-3-5,1,baseline_zero,28,0.004497121,0
2013-3-6,1,baseline_zero,28,-0.004618946,0
2013-3-7,1,baseline_zero,28,0.007767029,0
2013-3-8,1,baseline_zero,28,-0.001814992,0
2013-3-11,1,baseline_zero,28,0.000121102,0
2013-3-12,1,baseline_zero,28,0.003746907,0
2013-3-13,1,baseline_zero,28,-0.003383689,0
2013-3-14,1,baseline_zero,28,-0.005827381,0
2013-3-15,1,baseline_zero,28,0.006795318,0
2013-3-18,1,baseline_zero,28,0.003621443,0
2013-3-19,1,baseline_zero,28,-0.002533632,0
2013-3-20,1,baseline_zero,28,-0.000483325,0
2013-3-21,1,baseline_zero,28,-0.002541297,0
2013-3-22,1,baseline_zero,28,0.003628451,0
2013-3-25,1,baseline_zero,28,0.000603464,0
2013-3-26,1,baseline_zero,28,0.004093925,0
2013-3-27,1,baseline_zero,28,-0.002767585,0
2013-3-28,1,baseline_zero,28,0.002767585,0
2013-3-29,1,baseline_zero,28,-0.00590541,0
2013-4-1,1,baseline_zero,28,0.002293994,0
2013-4-2,1,baseline_zero,28,-0.002414877,0
2013-4-3,1,baseline_zero,28,-0.000483676,0
2013-4-4,1,baseline_zero,28,-0.002179441,0
2013-4-5,1,baseline_zero,28,0.003025721,0
2013-4-8,1,baseline_zero,28,-0.005331407,0
2013-4-9,1,baseline_zero,28,0.002669257,0
2013-4-10,1,baseline_zero,28,-0.003398474,0
2013-4-11,1,baseline_zero,28,-0.001460032,0
2013-2-15,1,baseline_zero,29,0,0
2013-2-18,1,baseline_zero,29,-0.001366036,0
2013-2-19,1,baseline_zero,29,0.007428535,0
2013-2-20,1,baseline_zero,29,0.004799123,0
2013-2-21,1,baseline_zero,29,0,0
2013-2-22,1,baseline_zero,29,0.002574635,0
2013-2-25,1,baseline_zero,29,0.002445886,0
2013-2-26,1,baseline_zero,29,-0.003303361,0
2013-2-27,1,baseline_zero,29,0.004280043,0
2013-2-28,1,baseline_zero,29,0.00401876,0
2013-3-1,1,baseline_zero,29,-0.001094425,0
2013-3-4,1,baseline_zero,29,-0.001217434,0
2013-3-5,1,baseline_zero,29,0.004497121,0
2013-3-6,1,baseline_zero,29,-0.004618946,0
2013-3-7,1,baseline_zero,29,0.007767029,0
2013-3-8,1,baseline_zero,29,-0.001814992,0
2013-3-11,1,baseline_zero,29,0.000121102,0
2013-3-12,1,baseline_zero,29,0.003746907,0
2013-3-13,1,baseline_zero,29,-0.003383689,0
2013-3-14,1,baseline_zero,29,-0.005827381,0
2013-3-15,1,baseline_zero,29,0.006795318,0
2013-3-18,1,baseline_zero,29,0.003621443,0
2013-3-19,1,baseline_zero,29,-0.002533632,0
2013-3-20,1,baseline_zero,29,-0.000483325,0
2013-3-21,1,baseline_zero,29,-0.002541297,0
2013-3-22,1,baseline_zero,29,0.003628451,0
2013-3-25,1,baseline_zero,29,0.000603464,0
2013-3-26,1,baseline_zero,29,0.004093925,0
2013-3-27,1,baseline_zero,29,-0.002767585,0
2013-3-28,1,baseline_zero,29,0.002767585,0
2013-3-29,1,baseline_zero,29,-0.00590541,0
2013-4-1,1,baseline_zero,29,0.002293994,0
2013-4-2,1,baseline_zero,29,-0.002414877,0
2013-4-3,1,baseline_zero,29,-0.000483676,0
2013-4-4,1,baseline_zero,29,-0.002179441,0
2013-4-5,1,baseline_zero,29,0.003025721,0
2013-4-8,1,baseline_zero,29,-0.005331407,0
2013-4-9,1,baseline_zero,29,0.002669257,0
2013-4-10,1,baseline_zero,29,-0.003398474,0
2013-4-11,1,baseline_zero,29,-0.001460032,0
2013-4-12,1,baseline_zero,29,0.003524768,0
2013-4-15,1,baseline_zero,29,-0.008162316,0
2013-4-16,1,baseline_zero,29,0.011311925,0
2013-4-17,1,baseline_zero,29,-0.001452433,0
2013-4-18,1,baseline_zero,29,0.001815212,0
2013-4-19,1,baseline_zero,29,-0.000362779,0
2013-4-22,1,baseline_zero,29,0.004465101,0
2013-4-23,1,baseline_zero,29,0,0
2013-4-24,1,baseline_zero,29,-0.003739675,0
2013-4-25,1,baseline_zero,29,-0.00326857,0
2013-4-26,1,baseline_zero,29,-0.003887746,0
2013-4-29,1,baseline_zero,29,-0.004881035,0
2013-4-30,1,baseline_zero,29,-0.003308218,0
2013-5-1,1,baseline_zero,29,0.00904099,0
2013-5-2,1,baseline_zero,29,-0.001460565,0
2013-5-3,1,baseline_zero,29,0.002554591,0
2013-5-6,1,baseline_zero,29,-0.000729217,0
2013-5-7,1,baseline_zero,29,-0.004264399,0
2013-5-8,1,baseline_zero,29,0.01080829,0
2013-5-9,1,baseline_zero,29,0.004218653,0
2013-3-15,1,baseline_zero,30,0.006795318,0
2013-3-18,1,baseline_zero,30,0.003621443,0
2013-3-19,1,baseline_zero,30,-0.002533632,0
2013-3-20,1,baseline_zero,30,-0.000483325,0
2013-3-21,1,baseline_zero,30,-0.002541297,0
2013-3-22,1,baseline_zero,30,0.003628451,0
2013-3-25,1,baseline_zero,30,0.000603464,0
2013-3-26,1,baseline_zero,30,0.004093925,0
2013-3-27,1,baseline_zero,30,-0.002767585,0
2013-3-28,1,baseline_zero,30,0.002767585,0
2013-3-29,1,baseline_zero,30,-0.00590541,0
2013-4-1,1,baseline_zero,30,0.002293994,0
2013-4-2,1,baseline_zero,30,-0.002414877,0
2013-4-3,1,baseline_zero,30,-0.000483676,0
2013-4-4,1,baseline_zero,30,-0.002179441,0
2013-4-5,1,baseline_zero,30,0.003025721,0
2013-4-8,1,baseline_zero,30,-0.005331407,0
2013-4-9,1,baseline_zero,30,0.002669257,0
2013-4-10,1,baseline_zero,30,-0.003398474,0
2013-4-11,1,baseline_zero,30,-0.001460032,0
2013-4-12,1,baseline_zero,30,0.003524768,0
2013-4-15,1,baseline_zero,30,-0.008162316,0
2013-4-16,1,baseline_zero,30,0.011311925,0
2013-4-17,1,baseline_zero,30,-0.001452433,0
2013-4-18,1,baseline_zero,30,0.001815212,0
2013-4-19,1,baseline_zero,30,-0.000362779,0
2013-4-22,1,baseline_zero,30,0.004465101,0
2013-4-23,1,baseline_zero,30,0,0
2013-4-24,1,baseline_zero,30,-0.003739675,0
2013-4-25,1,baseline_zero,30,-0.00326857,0
2013-4-26,1,baseline_zero,30,-0.003887746,0
2013-4-29,1,baseline_zero,30,-0.004881035,0
2013-4-30,1,baseline_zero,30,-0.003308218,0
2013-5-1,1,baseline_zero,30,0.00904099,0
2013-5-2,1,baseline_zero,30,-0.001460565,0
2013-5-3,1,baseline_zero,30,0.002554591,0
2013-5-6,1,baseline_zero,30,-0.000729217,0
2013-5-7,1,baseline_zero,30,-0.004264399,0
2013-5-8,1,baseline_zero,30,0.01080829,0
2013-5-9,1,baseline_zero,30,0.004218653,0
2013-5-10,1,baseline_zero,30,0.00168249,0
2013-5-13,1,baseline_zero,30,0.003715471,0
2013-5-14,1,baseline_zero,30,0.002867043,0
2013-5-15,1,baseline_zero,30,-0.002867043,0
2013-5-16,1,baseline_zero,30,0.007864674,0
2013-5-17,1,baseline_zero,30,-0.006071809,0
2013-5-20,1,baseline_zero,30,0.001431981,0
2013-5-21,1,baseline_zero,30,0.005826067,0
2013-5-22,1,baseline_zero,30,-0.006541802,0
2013-5-23,1,baseline_zero,30,-0.00119403,0
2013-5-24,1,baseline_zero,30,0,0
2013-5-27,1,baseline_zero,30,0.004767589,0
2013-5-28,1,baseline_zero,30,-0.005245601,0
2013-5-29,1,baseline_zero,30,-0.007438547,0
2013-5-30,1,baseline_zero,30,0.002645822,0
2013-5-31,1,baseline_zero,30,-0.007232433,0
2013-6-3,1,baseline_zero,30,0.001329868,0
2013-6-4,1,baseline_zero,30,-0.002177069,0
2013-6-5,1,baseline_zero,30,-0.01279491,0
2013-6-6,1,baseline_zero,30,0.00159304,0
2013-4-12,1,baseline_zero,31,0.003524768,0
2013-4-15,1,baseline_zero,31,-0.008162316,0
2013-4-16,1,baseline_zero,31,0.011311925,0
2013-4-17,1,baseline_zero,31,-0.001452433,0
2013-4-18,1,baseline_zero,31,0.001815212,0
2013-4-19,1,baseline_zero,31,-0.000362779,0
2013-4-22,1,baseline_zero,31,0.004465101,0
2013-4-23,1,baseline_zero,31,0,0
2013-4-24,1,baseline_zero,31,-0.003739675,0
2013-4-25,1,baseline_zero,31,-0.00326857,0
2013-4-26,1,baseline_zero,31,-0.003887746,0
2013-4-29,1,baseline_zero,31,-0.004881035,0
2013-4-30,1,baseline_zero,31,-0.003308218,0
2013-5-1,1,baseline_zero,31,0.00904099,0
2013-5-2,1,baseline_zero,31,-0.001460565,0
2013-5-3,1,baseline_zero,31,0.002554591,0
2013-5-6,1,baseline_zero,31,-0.000729217,0
2013-5-7,1,baseline_zero,31,-0.004264399,0
2013-5-8,1,baseline_zero,31,0.01080829,0
2013-5-9,1,baseline_zero,31,0.004218653,0
2013-5-10,1,baseline_zero,31,0.00168249,0
2013-5-13,1,baseline_zero,31,0.003715471,0
2013-5-14,1,baseline_zero,31,0.002867043,0
2013-5-15,1,baseline_zero,31,-0.002867043,0
2013-5-16,1,baseline_zero,31,0.007864674,0
2013-5-17,1,baseline_zero,31,-0.006071809,0
2013-5-20,1,baseline_zero,31,0.001431981,0
2013-5-21,1,baseline_zero,31,0.005826067,0
2013-5-22,1,baseline_zero,31,-0.006541802,0
2013-5-23,1,baseline_zero,31,-0.00119403,0
2013-5-24,1,baseline_zero,31,0,0
2013-5-27,1,baseline_zero,31,0.004767589,0
2013-5-28,1,baseline_zero,31,-0.005245601,0
2013-5-29,1,baseline_zero,31,-0.007438547,0
2013-5-30,1,baseline_zero,31,0.002645822,0
2013-5-31,1,baseline_zero,31,-0.007232433,0
2013-6-3,1,baseline_zero,31,0.001329868,0
2013-6-4,1,baseline_zero,31,-0.002177069,0
2013-6-5,1,baseline_zero,31,-0.01279491,0
2013-6-6,1,baseline_zero,31,0.00159304,0
2013-6-7,1,baseline_zero,31,-0.000244918,0
2013-6-10,1,baseline_zero,31,-0.006635561,0
2013-6-11,1,baseline_zero,31,-0.001974578,0
2013-6-12,1,baseline_zero,31,-0.002473718,0
2013-6-13,1,baseline_zero,31,-0.001611204,0
2013-6-14,1,baseline_zero,31,0.002106438,0
2013-6-17,1,baseline_zero,31,-0.002230484,0
2013-6-18,1,baseline_zero,31,0.010121044,0
2013-6-19,1,baseline_zero,31,0.005999406,0
2013-6-20,1,baseline_zero,31,0.005963627,0
2013-6-21,1,baseline_zero,31,0.000121337,0
2013-6-24,1,baseline_zero,31,0.001939395,0
2013-6-25,1,baseline_zero,31,0.004832094,0
2013-6-26,1,baseline_zero,31,-0.000964553,0
2013-6-27,1,baseline_zero,31,0.002890872,0
2013-6-28,1,baseline_zero,31,-0.001083098,0
2013-7-1,1,baseline_zero,31,0.005882723,0
2013-7-2,1,baseline_zero,31,-0.003717699,0
2013-7-3,1,baseline_zero,31,0,0
2013-7-4,1,baseline_zero,31,0.014433363,0
2013-5-10,1,baseline_zero,32,0.00168249,0
2013-5-13,1,baseline_zero,32,0.003715471,0
2013-5-14,1,baseline_zero,32,0.002867043,0
2013-5-15,1,baseline_zero,32,-0.002867043,0
2013-5-16,1,baseline_zero,32,0.007864674,0
2013-5-17,1,baseline_zero,32,-0.006071809,0
2013-5-20,1,baseline_zero,32,0.001431981,0
2013-5-21,1,baseline_zero,32,0.005826067,0
2013-5-22,1,baseline_zero,32,-0.006541802,0
2013-5-23,1,baseline_zero,32,-0.00119403,0
2013-5-24,1,baseline_zero,32,0,0
2013-5-27,1,baseline_zero,32,0.004767589,0
2013-5-28,1,baseline_zero,32,-0.005245601,0
2013-5-29,1,baseline_zero,32,-0.007438547,0
2013-5-30,1,baseline_zero,32,0.002645822,0
2013-5-31,1,baseline_zero,32,-0.007232433,0
2013-6-3,1,baseline_zero,32,0.001329868,0
2013-6-4,1,baseline_zero,32,-0.002177069,0
2013-6-5,1,baseline_zero,32,-0.01279491,0
2013-6-6,1,baseline_zero,32,0.00159304,0
2013-6-7,1,baseline_zero,32,-0.000244918,0
2013-6-10,1,baseline_zero,32,-0.006635561,0
2013-6-11,1,baseline_zero,32,-0.001974578,0
2013-6-12,1,baseline_zero,32,-0.002473718,0
2013-6-13,1,baseline_zero,32,-0.001611204,0
2013-6-14,1,baseline_zero,32,0.002106438,0
2013-6-17,1,baseline_zero,32,-0.002230484,0
2013-6-18,1,baseline_zero,32,0.010121044,0
2013-6-19,1,baseline_zero,32,0.005999406,0
2013-6-20,1,baseline_zero,32,0.005963627,0
2013-6-21,1,baseline_zero,32,0.000121337,0
2013-6-24,1,baseline_zero,32,0.001939395,0
2013-6-25,1,baseline_zero,32,0.004832094,0
2013-6-26,1,baseline_zero,32,-0.000964553,0
2013-6-27,1,baseline_zero,32,0.002890872,0
2013-6-28,1,baseline_zero,32,-0.001083098,0
2013-7-1,1,baseline_zero,32,0.005882723,0
2013-7-2,1,baseline_zero,32,-0.003717699,0
2013-7-3,1,baseline_zero,32,0,0
2013-7-4,1,baseline_zero,32,0.014433363,0
2013-7-5,1,baseline_zero,32,-0.002965074,0
2013-7-8,1,baseline_zero,32,0.004621683,0
2013-7-9,1,baseline_zero,32,-0.006404956,0
2013-7-10,1,baseline_zero,32,-0.015468862,0
2013-7-11,1,baseline_zero,32,0.002896104,0
2013-7-12,1,baseline_zero,32,0.000602301,0
2013-7-15,1,baseline_zero,32,-0.006524126,0
2013-7-16,1,baseline_zero,32,0.00254222,0
2013-7-17,1,baseline_zero,32,0.001329064,0
2013-7-18,1,baseline_zero,32,-0.002417796,0
2013-7-19,1,baseline_zero,32,-0.0048532,0
2013-7-22,1,baseline_zero,32,-0.003411309,0
2013-7-23,1,baseline_zero,32,0.004262321,0
2013-7-24,1,baseline_zero,32,-0.003896267,0
2013-7-25,1,baseline_zero,32,-0.003789041,0
2013-7-26,1,baseline_zero,32,0,0
2013-7-29,1,baseline_zero,32,0.002079639,0
2013-7-30,1,baseline_zero,32,-0.004654589,0
2013-7-31,1,baseline_zero,32,0.010867681,0
2013-8-1,1,baseline_zero,32,-0.005235933,0
2013-6-7,1,baseline_zero,33,-0.000244918,0
2013-6-10,1,baseline_zero,33,-0.006635561,0
2013-6-11,1,baseline_zero,33,-0.001974578,0
2013-6-12,1,baseline_zero,33,-0.002473718,0
2013-6-13,1,baseline_zero,33,-0.001611204,0
2013-6-14,1,baseline_zero,33,0.002106438,0
2013-6-17,1,baseline_zero,33,-0.002230484,0
2013-6-18,1,baseline_zero,33,0.010121044,0
2013-6-19,1,baseline_zero,33,0.005999406,0
2013-6-20,1,baseline_zero,33,0.005963627,0
2013-6-21,1,baseline_zero,33,0.000121337,0
2013-6-24,1,baseline_zero,33,0.001939395,0
2013-6-25,1,baseline_zero,33,0.004832094,0
2013-6-26,1,baseline_zero,33,-0.000964553,0
2013-6-27,1,baseline_zero,33,0.002890872,0
2013-6-28,1,baseline_zero,33,-0.001083098,0
2013-7-1,1,baseline_zero,33,0.005882723,0
2013-7-2,1,baseline_zero,33,-0.003717699,0
2013-7-3,1,baseline_zero,33,0,0
2013-7-4,1,baseline_zero,33,0.014433363,0
2013-7-5,1,baseline_zero,33,-0.002965074,0
2013-7-8,1,baseline_zero,33,0.004621683,0
2013-7-9,1,baseline_zero,33,-0.006404956,0
2013-7-10,1,baseline_zero,33,-0.015468862,0
2013-7-11,1,baseline_zero,33,0.002896104,0
2013-7-12,1,baseline_zero,33,0.000602301,0
2013-7-15,1,baseline_zero,33,-0.006524126,0
2013-7-16,1,baseline_zero,33,0.00254222,0
2013-7-17,1,baseline_zero,33,0.001329064,0
2013-7-18,1,baseline_zero,33,-0.002417796,0
2013-7-19,1,baseline_zero,33,-0.0048532,0
2013-7-22,1,baseline_zero,33,-0.003411309,0
2013-7-23,1,baseline_zero,33,0.004262321,0
2013-7-24,1,baseline_zero,33,-0.003896267,0
2013-7-25,1,baseline_zero,33,-0.003789041,0
2013-7-26,1,baseline_zero,33,0,0
2013-7-29,1,baseline_zero,33,0.002079639,0
2013-7-30,1,baseline_zero,33,-0.004654589,0
2013-7-31,1,baseline_zero,33,0.010867681,0
2013-8-1,1,baseline_zero,33,-0.005235933,0
2013-8-2,1,baseline_zero,33,-0.000366323,0
2013-8-5,1,baseline_zero,33,-0.003425499,0
2013-8-6,1,baseline_zero,33,-0.003806254,0
2013-8-7,1,baseline_zero,33,-0.003820797,0
2013-8-8,1,baseline_zero,33,0.001850596,0
2013-8-9,1,baseline_zero,33,0.002462146,0
2013-8-12,1,baseline_zero,33,0.005395476,0
2013-8-13,1,baseline_zero,33,-0.000734035,0
2013-8-14,1,baseline_zero,33,-0.006507482,0
2013-8-15,1,baseline_zero,33,0.000984979,0
2013-8-16,1,baseline_zero,33,-0.000369253,0
2013-8-19,1,baseline_zero,33,-0.003947211,0
2013-8-20,1,baseline_zero,33,0.003700966,0
2013-8-21,1,baseline_zero,33,0.003441921,0
2013-8-22,1,baseline_zero,33,-0.001596562,0
2013-8-23,1,baseline_zero,33,0.000614364,0
2013-8-26,1,baseline_zero,33,-0.002952395,0
2013-8-27,1,baseline_zero,33,0.003198035,0
2013-8-28,1,baseline_zero,33,0.00636555,0
2013-8-29,1,baseline_zero,33,0.001706901,0
2013-7-5,1,baseline_zero,34,-0.002965074,0
2013-7-8,1,baseline_zero,34,0.004621683,0
2013-7-9,1,baseline_zero,34,-0.006404956,0
2013-7-10,1,baseline_zero,34,-0.015468862,0
2013-7-11,1,baseline_zero,34,0.002896104,0
2013-7-12,1,baseline_zero,34,0.000602301,0
2013-7-15,1,baseline_zero,34,-0.006524126,0
2013-7-16,1,baseline_zero,34,0.00254222,0
2013-7-17,1,baseline_zero,34,0.001329064,0
2013-7-18,1,baseline_zero,34,-0.002417796,0
2013-7-19,1,baseline_zero,34,-0.0048532,0
2013-7-22,1,baseline_zero,34,-0.003411309,0
2013-7-23,1,baseline_zero,34,0.004262321,0
2013-7-24,1,baseline_zero,34,-0.003896267,0
2013-7-25,1,baseline_zero,34,-0.003789041,0
2013-7-26,1,baseline_zero,34,0,0
2013-7-29,1,baseline_zero,34,0.002079639,0
2013-7-30,1,baseline_zero,34,-0.004654589,0
2013-7-31,1,baseline_zero,34,0.010867681,0
2013-8-1,1,baseline_zero,34,-0.005235933,0
2013-8-2,1,baseline_zero,34,-0.000366323,0
2013-8-5,1,baseline_zero,34,-0.003425499,0
2013-8-6,1,baseline_zero,34,-0.003806254,0
2013-8-7,1,baseline_zero,34,-0.003820797,0
2013-8-8,1,baseline_zero,34,0.001850596,0
2013-8-9,1,baseline_zero,34,0.002462146,0
2013-8-12,1,baseline_zero,34,0.005395476,0
2013-8-13,1,baseline_zero,34,-0.000734035,0
2013-8-14,1,baseline_zero,34,-0.006507482,0
2013-8-15,1,baseline_zero,34,0.000984979,0
2013-8-16,1,baseline_zero,34,-0.000369253,0
2013-8-19,1,baseline_zero,34,-0.003947211,0
2013-8-20,1,baseline_zero,34,0.003700966,0
2013-8-21,1,baseline_zero,34,0.003441921,0
2013-8-22,1,baseline_zero,34,-0.001596562,0
2013-8-23,1,baseline_zero,34,0.000614364,0
2013-8-26,1,baseline_zero,34,-0.002952395,0
2013-8-27,1,baseline_zero,34,0.003198035,0
2013-8-28,1,baseline_zero,34,0.00636555,0
2013-8-29,1,baseline_zero,34,0.001706901,0
2013-8-30,1,baseline_zero,34,0,0
2013-9-2,1,baseline_zero,34,0.003283676,0
2013-9-3,1,baseline_zero,34,-0.00230961,0
2013-9-4,1,baseline_zero,34,0.005582539,0
2013-9-5,1,baseline_zero,34,-0.005825966,0
2013-9-6,1,baseline_zero,34,-0.004391858,0
2013-9-9,1,baseline_zero,34,0.000366726,0
2013-9-10,1,baseline_zero,34,-0.003673324,0
2013-9-11,1,baseline_zero,34,-0.000368076,0
2013-9-12,1,baseline_zero,34,-0.000490978,0
2013-9-13,1,baseline_zero,34,-0.001843318,0
2013-9-16,1,baseline_zero,34,-0.001969959,0
2013-9-17,1,baseline_zero,34,-0.011153914,0
2013-9-18,1,baseline_zero,34,0.001618829,0
2013-9-19,1,baseline_zero,34,0.000746269,0
2013-9-20,1,baseline_zero,34,0.000248633,0
2013-9-23,1,baseline_zero,34,0.001366375,0
2013-9-24,1,baseline_zero,34,-0.002859098,0
2013-9-25,1,baseline_zero,34,0.002362451,0
2013-9-26,1,baseline_zero,34,-0.002860521,0
2013-8-2,1,baseline_zero,35,-0.000366323,0
2013-8-5,1,baseline_zero,35,-0.003425499,0
2013-8-6,1,baseline_zero,35,-0.003806254,0
2013-8-7,1,baseline_zero,35,-0.003820797,0
2013-8-8,1,baseline_zero,35,0.001850596,0
2013-8-9,1,baseline_zero,35,0.002462146,0
2013-8-12,1,baseline_zero,35,0.005395476,0
2013-8-13,1,baseline_zero,35,-0.000734035,0
2013-8-14,1,baseline_zero,35,-0.006507482,0
2013-8-15,1,baseline_zero,35,0.000984979,0
2013-8-16,1,baseline_zero,35,-0.000369253,0
2013-8-19,1,baseline_zero,35,-0.003947211,0
2013-8-20,1,baseline_zero,35,0.003700966,0
2013-8-21,1,baseline_zero,35,0.003441921,0
2013-8-22,1,baseline_zero,35,-0.001596562,0
2013-8-23,1,baseline_zero,35,0.000614364,0
2013-8-26,1,baseline_zero,35,-0.002952395,0
2013-8-27,1,baseline_zero,35,0.003198035,0
2013-8-28,1,baseline_zero,35,0.00636555,0
2013-8-29,1,baseline_zero,35,0.001706901,0
2013-8-30,1,baseline_zero,35,0,0
2013-9-2,1,baseline_zero,35,0.003283676,0
2013-9-3,1,baseline_zero,35,-0.00230961,0
2013-9-4,1,baseline_zero,35,0.005582539,0
2013-9-5,1,baseline_zero,35,-0.005825966,0
2013-9-6,1,baseline_zero,35,-0.004391858,0
2013-9-9,1,baseline_zero,35,0.000366726,0
2013-9-10,1,baseline_zero,35,-0.003673324,0
2013-9-11,1,baseline_zero,35,-0.000368076,0
2013-9-12,1,baseline_zero,35,-0.000490978,0
2013-9-13,1,baseline_zero,35,-0.001843318,0
2013-9-16,1,baseline_zero,35,-0.001969959,0
2013-9-17,1,baseline_zero,35,-0.011153914,0
2013-9-18,1,baseline_zero,35,0.001618829,0
2013-9-19,1,baseline_zero,35,0.000746269,0
2013-9-20,1,baseline_zero,35,0.000248633,0
2013-9-23,1,baseline_zero,35,0.001366375,0
2013-9-24,1,baseline_zero,35,-0.002859098,0
2013-9-25,1,baseline_zero,35,0.002362451,0
2013-9-26,1,baseline_zero,35,-0.002860521,0
2013-9-27,1,baseline_zero,35,-0.00087222,0
2013-9-30,1,baseline_zero,35,-0.000997755,0
2013-10-1,1,baseline_zero,35,-0.002999252,0
2013-10-2,1,baseline_zero,35,-0.001879111,0
2013-10-3,1,baseline_zero,35,0.004753574,0
2013-10-4,1,baseline_zero,35,-0.002373963,0
2013-10-7,1,baseline_zero,35,0.0015,0
2013-10-8,1,baseline_zero,35,0.003989035,0
2013-10-9,1,baseline_zero,35,0.000497512,0
2013-10-10,1,baseline_zero,35,-0.000124355,0
2013-10-11,1,baseline_zero,35,-0.001867182,0
2013-10-14,1,baseline_zero,35,0.002737342,0
2013-10-15,1,baseline_zero,35,-0.000124262,0
2013-10-16,1,baseline_zero,35,-0.010242408,0
2013-10-17,1,baseline_zero,35,0,0
2013-10-18,1,baseline_zero,35,0.000502071,0
2013-10-21,1,baseline_zero,35,-0.005789092,0
2013-10-22,1,baseline_zero,35,0.000378573,0
2013-10-23,1,baseline_zero,35,-0.00088356,0
2013-10-24,1,baseline_zero,35,0,0
2013-8-30,1,baseline_zero,36,0,0
2013-9-2,1,baseline_zero,36,0.003283676,0
2013-9-3,1,baseline_zero,36,-0.00230961,0
2013-9-4,1,baseline_zero,36,0.005582539,0
2013-9-5,1,baseline_zero,36,-0.005825966,0
2013-9-6,1,baseline_zero,36,-0.004391858,0
2013-9-9,1,baseline_zero,36,0.000366726,0
2013-9-10,1,baseline_zero,36,-0.003673324,0
2013-9-11,1,baseline_zero,36,-0.000368076,0
2013-9-12,1,baseline_zero,36,-0.000490978,0
2013-9-13,1,baseline_zero,36,-0.001843318,0
2013-9-16,1,baseline_zero,36,-0.001969959,0
2013-9-17,1,baseline_zero,36,-0.011153914,0
2013-9-18,1,baseline_zero,36,0.001618829,0
2013-9-19,1,baseline_zero,36,0.000746269,0
2013-9-20,1,baseline_zero,36,0.000248633,0
2013-9-23,1,baseline_zero,36,0.001366375,0
2013-9-24,1,baseline_zero,36,-0.002859098,0
2013-9-25,1,baseline_zero,36,0.002362451,0
2013-9-26,1,baseline_zero,36,-0.002860521,0
2013-9-27,1,baseline_zero,36,-0.00087222,0
2013-9-30,1,baseline_zero,36,-0.000997755,0
2013-10-1,1,baseline_zero,36,-0.002999252,0
2013-10-2,1,baseline_zero,36,-0.001879111,0
2013-10-3,1,baseline_zero,36,0.004753574,0
2013-10-4,1,baseline_zero,36,-0.002373963,0
2013-10-7,1,baseline_zero,36,0.0015,0
2013-10-8,1,baseline_zero,36,0.003989035,0
2013-10-9,1,baseline_zero,36,0.000497512,0
2013-10-10,1,baseline_zero,36,-0.000124355,0
2013-10-11,1,baseline_zero,36,-0.001867182,0
2013-10-14,1,baseline_zero,36,0.002737342,0
2013-10-15,1,baseline_zero,36,-0.000124262,0
2013-10-16,1,baseline_zero,36,-0.010242408,0
2013-10-17,1,baseline_zero,36,0,0
2013-10-18,1,baseline_zero,36,0.000502071,0
2013-10-21,1,baseline_zero,36,-0.005789092,0
2013-10-22,1,baseline_zero,36,0.000378573,0
2013-10-23,1,baseline_zero,36,-0.00088356,0
2013-10-24,1,baseline_zero,36,0,0
2013-10-25,1,baseline_zero,36,0.000757385,0
2013-10-28,1,baseline_zero,36,0.0045323,0
2013-10-29,1,baseline_zero,36,0.002133133,0
2013-10-30,1,baseline_zero,36,0.005125972,0
2013-10-31,1,baseline_zero,36,0.006587557,0
2013-11-1,1,baseline_zero,36,-0.002108266,0
2013-11-4,1,baseline_zero,36,0.001984374,0
2013-11-5,1,baseline_zero,36,-0.002853777,0
2013-11-6,1,baseline_zero,36,0.004463186,0
2013-11-7,1,baseline_zero,36,0.005674124,0
2013-11-8,1,baseline_zero,36,-0.002586368,0
2013-11-11,1,baseline_zero,36,0.001232438,0
2013-11-12,1,baseline_zero,36,-0.003207503,0
2013-11-13,1,baseline_zero,36,0.001111454,0
2013-11-14,1,baseline_zero,36,-0.002100452,0
2013-11-15,1,baseline_zero,36,-0.000247402,0
2013-11-18,1,baseline_zero,36,-0.001609608,0
2013-11-19,1,baseline_zero,36,0.005067683,0
2013-11-20,1,baseline_zero,36,-0.000493279,0
2013-11-21,1,baseline_zero,36,-0.004450496,0
2013-9-27,1,baseline_zero,37,-0.00087222,0
2013-9-30,1,baseline_zero,37,-0.000997755,0
2013-10-1,1,baseline_zero,37,-0.002999252,0
2013-10-2,1,baseline_zero,37,-0.001879111,0
2013-10-3,1,baseline_zero,37,0.004753574,0
2013-10-4,1,baseline_zero,37,-0.002373963,0
2013-10-7,1,baseline_zero,37,0.0015,0
2013-10-8,1,baseline_zero,37,0.003989035,0
2013-10-9,1,baseline_zero,37,0.000497512,0
2013-10-10,1,baseline_zero,37,-0.000124355,0
2013-10-11,1,baseline_zero,37,-0.001867182,0
2013-10-14,1,baseline_zero,37,0.002737342,0
2013-10-15,1,baseline_zero,37,-0.000124262,0
2013-10-16,1,baseline_zero,37,-0.010242408,0
2013-10-17,1,baseline_zero,37,0,0
2013-10-18,1,baseline_zero,37,0.000502071,0
2013-10-21,1,baseline_zero,37,-0.005789092,0
2013-10-22,1,baseline_zero,37,0.000378573,0
2013-10-23,1,baseline_zero,37,-0.00088356,0
2013-10-24,1,baseline_zero,37,0,0
2013-10-25,1,baseline_zero,37,0.000757385,0
2013-10-28,1,baseline_zero,37,0.0045323,0
2013-10-29,1,baseline_zero,37,0.002133133,0
2013-10-30,1,baseline_zero,37,0.005125972,0
2013-10-31,1,baseline_zero,37,0.006587557,0
2013-11-1,1,baseline_zero,37,-0.002108266,0
2013-11-4,1,baseline_zero,37,0.001984374,0
2013-11-5,1,baseline_zero,37,-0.002853777,0
2013-11-6,1,baseline_zero,37,0.004463186,0
2013-11-7,1,baseline_zero,37,0.005674124,0
2013-11-8,1,baseline_zero,37,-0.002586368,0
2013-11-11,1,baseline_zero,37,0.001232438,0
2013-11-12,1,baseline_zero,37,-0.003207503,0
2013-11-13,1,baseline_zero,37,0.001111454,0
2013-11-14,1,baseline_zero,37,-0.002100452,0
2013-11-15,1,baseline_zero,37,-0.000247402,0
2013-11-18,1,baseline_zero,37,-0.001609608,0
2013-11-19,1,baseline_zero,37,0.005067683,0
2013-11-20,1,baseline_zero,37,-0.000493279,0
2013-11-21,1,baseline_zero,37,-0.004450496,0
2013-11-22,1,baseline_zero,37,0.002598529,0
2013-11-25,1,baseline_zero,37,-0.003838301,0
2013-11-26,1,baseline_zero,37,0.001363665,0
2013-11-27,1,baseline_zero,37,0,0
2013-11-28,1,baseline_zero,37,-0.000495663,0
2013-11-29,1,baseline_zero,37,0.002970299,0
2013-12-2,1,baseline_zero,37,0,0
2013-12-3,1,baseline_zero,37,-0.003714255,0
2013-12-4,1,baseline_zero,37,-0.004849248,0
2013-12-5,1,baseline_zero,37,0.000996636,0
2013-12-6,1,baseline_zero,37,-0.00224383,0
2013-12-9,1,baseline_zero,37,-0.001998751,0
2013-12-10,1,baseline_zero,37,-0.001000876,0
2013-12-11,1,baseline_zero,37,0.003997507,0
2013-12-12,1,baseline_zero,37,0,0
2013-12-13,1,baseline_zero,37,-0.001746943,0
2013-12-16,1,baseline_zero,37,-0.000124899,0
2013-12-17,1,baseline_zero,37,0.000624337,0
2013-12-18,1,baseline_zero,37,0.006470098,0
2013-12-19,1,baseline_zero,37,-0.000620309,0
2013-10-25,1,baseline_zero,38,0.000757385,0
2013-10-28,1,baseline_zero,38,0.0045323,0
2013-10-29,1,baseline_zero,38,0.002133133,0
2013-10-30,1,baseline_zero,38,0.005125972,0
2013-10-31,1,baseline_zero,38,0.006587557,0
2013-11-1,1,baseline_zero,38,-0.002108266,0
2013-11-4,1,baseline_zero,38,0.001984374,0
2013-11-5,1,baseline_zero,38,-0.002853777,0
2013-11-6,1,baseline_zero,38,0.004463186,0
2013-11-7,1,baseline_zero,38,0.005674124,0
2013-11-8,1,baseline_zero,38,-0.002586368,0
2013-11-11,1,baseline_zero,38,0.001232438,0
2013-11-12,1,baseline_zero,38,-0.003207503,0
2013-11-13,1,baseline_zero,38,0.001111454,0
2013-11-14,1,baseline_zero,38,-0.002100452,0
2013-11-15,1,baseline_zero,38,-0.000247402,0
2013-11-18,1,baseline_zero,38,-0.001609608,0
2013-11-19,1,baseline_zero,38,0.005067683,0
2013-11-20,1,baseline_zero,38,-0.000493279,0
2013-11-21,1,baseline_zero,38,-0.004450496,0
2013-11-22,1,baseline_zero,38,0.002598529,0
2013-11-25,1,baseline_zero,38,-0.003838301,0
2013-11-26,1,baseline_zero,38,0.001363665,0
2013-11-27,1,baseline_zero,38,0,0
2013-11-28,1,baseline_zero,38,-0.000495663,0
2013-11-29,1,baseline_zero,38,0.002970299,0
2013-12-2,1,baseline_zero,38,0,0
2013-12-3,1,baseline_zero,38,-0.003714255,0
2013-12-4,1,baseline_zero,38,-0.004849248,0
2013-12-5,1,baseline_zero,38,0.000996636,0
2013-12-6,1,baseline_zero,38,-0.00224383,0
2013-12-9,1,baseline_zero,38,-0.001998751,0
2013-12-10,1,baseline_zero,38,-0.001000876,0
2013-12-11,1,baseline_zero,38,0.003997507,0
2013-12-12,1,baseline_zero,38,0,0
2013-12-13,1,baseline_zero,38,-0.001746943,0
2013-12-16,1,baseline_zero,38,-0.000124899,0
2013-12-17,1,baseline_zero,38,0.000624337,0
2013-12-18,1,baseline_zero,38,0.006470098,0
2013-12-19,1,baseline_zero,38,-0.000620309,0
2013-12-20,1,baseline_zero,38,-0.001614606,0
2013-12-23,1,baseline_zero,38,0,0
2013-12-24,1,baseline_zero,38,0,0
2013-12-25,1,baseline_zero,38,0.000372833,0
2013-12-26,1,baseline_zero,38,-0.001118916,0
2013-12-27,1,baseline_zero,38,-0.004863156,0
2013-12-30,1,baseline_zero,38,0.00037493,0
2013-12-31,1,baseline_zero,38,0,0
2014-1-1,1,baseline_zero,38,0.007469224,0
2014-1-2,1,baseline_zero,38,0.001982407,0
2014-1-3,1,baseline_zero,38,-0.001734391,0
2014-1-6,1,baseline_zero,38,0.002229379,0
2014-1-7,1,baseline_zero,38,0.002347854,0
2014-1-8,1,baseline_zero,38,-0.000246883,0
2014-1-9,1,baseline_zero,38,-0.004206365,0
2014-1-10,1,baseline_zero,38,-0.001861389,0
2014-1-13,1,baseline_zero,38,0.001861389,0
2014-1-14,1,baseline_zero,38,0.004576667,0
2014-1-15,1,baseline_zero,38,-0.001482031,0
2014-1-16,1,baseline_zero,38,0.003824096,0
2013-11-22,1,baseline_zero,39,0.002598529,0
2013-11-25,1,baseline_zero,39,-0.003838301,0
2013-11-26,1,baseline_zero,39,0.001363665,0
2013-11-27,1,baseline_zero,39,0,0
2013-11-28,1,baseline_zero,39,-0.000495663,0
2013-11-29,1,baseline_zero,39,0.002970299,0
2013-12-2,1,baseline_zero,39,0,0
2013-12-3,1,baseline_zero,39,-0.003714255,0
2013-12-4,1,baseline_zero,39,-0.004849248,0
2013-12-5,1,baseline_zero,39,0.000996636,0
2013-12-6,1,baseline_zero,39,-0.00224383,0
2013-12-9,1,baseline_zero,39,-0.001998751,0
2013-12-10,1,baseline_zero,39,-0.001000876,0
2013-12-11,1,baseline_zero,39,0.003997507,0
2013-12-12,1,baseline_zero,39,0,0
2013-12-13,1,baseline_zero,39,-0.001746943,0
2013-12-16,1,baseline_zero,39,-0.000124899,0
2013-12-17,1,baseline_zero,39,0.000624337,0
2013-12-18,1,baseline_zero,39,0.006470098,0
2013-12-19,1,baseline_zero,39,-0.000620309,0
2013-12-20,1,baseline_zero,39,-0.001614606,0
2013-12-23,1,baseline_zero,39,0,0
2013-12-24,1,baseline_zero,39,0,0
2013-12-25,1,baseline_zero,39,0.000372833,0
2013-12-26,1,baseline_zero,39,-0.001118916,0
2013-12-27,1,baseline_zero,39,-0.004863156,0
2013-12-30,1,baseline_zero,39,0.00037493,0
2013-12-31,1,baseline_zero,39,0,0
2014-1-1,1,baseline_zero,39,0.007469224,0
2014-1-2,1,baseline_zero,39,0.001982407,0
2014-1-3,1,baseline_zero,39,-0.001734391,0
2014-1-6,1,baseline_zero,39,0.002229379,0
2014-1-7,1,baseline_zero,39,0.002347854,0
2014-1-8,1,baseline_zero,39,-0.000246883,0
2014-1-9,1,baseline_zero,39,-0.004206365,0
2014-1-10,1,baseline_zero,39,-0.001861389,0
2014-1-13,1,baseline_zero,39,0.001861389,0
2014-1-14,1,baseline_zero,39,0.004576667,0
2014-1-15,1,baseline_zero,39,-0.001482031,0
2014-1-16,1,baseline_zero,39,0.003824096,0
2014-1-17,1,baseline_zero,39,0,0
2014-1-20,1,baseline_zero,39,-0.001478561,0
2014-1-21,1,baseline_zero,39,0.00086276,0
2014-1-22,1,baseline_zero,39,-0.009034156,0
2014-1-23,1,baseline_zero,39,0.000248602,0
2014-1-24,1,baseline_zero,39,0.000745434,0
2014-1-27,1,baseline_zero,39,0.000620771,0
2014-1-28,1,baseline_zero,39,-0.000869187,0
2014-1-29,1,baseline_zero,39,0.007179137,0
2014-1-30,1,baseline_zero,39,0.002832689,0
2014-1-31,1,baseline_zero,39,-0.003696406,0
2014-2-3,1,baseline_zero,39,0.001356936,0
2014-2-4,1,baseline_zero,39,-0.00098668,0
2014-2-5,1,baseline_zero,39,-0.001605434,0
2014-2-6,1,baseline_zero,39,-0.002722774,0
2014-2-7,1,baseline_zero,39,-0.000619848,0
2014-2-10,1,baseline_zero,39,0,0
2014-2-11,1,baseline_zero,39,0.000495909,0
2014-2-12,1,baseline_zero,39,-0.004472057,0
2014-2-13,1,baseline_zero,39,-0.002118777,0
2013-12-20,1,baseline_zero,40,-0.001614606,0
2013-12-23,1,baseline_zero,40,0,0
2013-12-24,1,baseline_zero,40,0,0
2013-12-25,1,baseline_zero,40,0.000372833,0
2013-12-26,1,baseline_zero,40,-0.001118916,0
2013-12-27,1,baseline_zero,40,-0.004863156,0
2013-12-30,1,baseline_zero,40,0.00037493,0
2013-12-31,1,baseline_zero,40,0,0
2014-1-1,1,baseline_zero,40,0.007469224,0
2014-1-2,1,baseline_zero,40,0.001982407,0
2014-1-3,1,baseline_zero,40,-0.001734391,0
2014-1-6,1,baseline_zero,40,0.002229379,0
2014-1-7,1,baseline_zero,40,0.002347854,0
2014-1-8,1,baseline_zero,40,-0.000246883,0
2014-1-9,1,baseline_zero,40,-0.004206365,0
2014-1-10,1,baseline_zero,40,-0.001861389,0
2014-1-13,1,baseline_zero,40,0.001861389,0
2014-1-14,1,baseline_zero,40,0.004576667,0
2014-1-15,1,baseline_zero,40,-0.001482031,0
2014-1-16,1,baseline_zero,40,0.003824096,0
2014-1-17,1,baseline_zero,40,0,0
2014-1-20,1,baseline_zero,40,-0.001478561,0
2014-1-21,1,baseline_zero,40,0.00086276,0
2014-1-22,1,baseline_zero,40,-0.009034156,0
2014-1-23,1,baseline_zero,40,0.000248602,0
2014-1-24,1,baseline_zero,40,0.000745434,0
2014-1-27,1,baseline_zero,40,0.000620771,0
2014-1-28,1,baseline_zero,40,-0.000869187,0
2014-1-29,1,baseline_zero,40,0.007179137,0
2014-1-30,1,baseline_zero,40,0.002832689,0
2014-1-31,1,baseline_zero,40,-0.003696406,0
2014-2-3,1,baseline_zero,40,0.001356936,0
2014-2-4,1,baseline_zero,40,-0.00098668,0
2014-2-5,1,baseline_zero,40,-0.001605434,0
2014-2-6,1,baseline_zero,40,-0.002722774,0
2014-2-7,1,baseline_zero,40,-0.000619848,0
2014-2-10,1,baseline_zero,40,0,0
2014-2-11,1,baseline_zero,40,0.000495909,0
2014-2-12,1,baseline_zero,40,-0.004472057,0
2014-2-13,1,baseline_zero,40,-0.002118777,0
2014-2-14,1,baseline_zero,40,-0.000124774,0
2014-2-17,1,baseline_zero,40,-0.001623478,0
2014-2-18,1,baseline_zero,40,0.001623478,0
2014-2-19,1,baseline_zero,40,0.001869975,0
2014-2-20,1,baseline_zero,40,-0.000622937,0
2014-2-21,1,baseline_zero,40,-0.000498629,0
2014-2-24,1,baseline_zero,40,-0.00074841,0
2014-2-25,1,baseline_zero,40,0.003612136,0
2014-2-26,1,baseline_zero,40,-0.001866717,0
2014-2-27,1,baseline_zero,40,-0.007376417,0
2014-2-28,1,baseline_zero,40,0.004882028,0
2014-3-3,1,baseline_zero,40,0.001123245,0
2014-3-4,1,baseline_zero,40,-0.00074869,0
2014-3-5,1,baseline_zero,40,-0.005633112,0
2014-3-6,1,baseline_zero,40,0.000752918,0
2014-3-7,1,baseline_zero,40,0.000626999,0
2014-3-10,1,baseline_zero,40,-0.000376152,0
2014-3-11,1,baseline_zero,40,-0.001631629,0
2014-3-12,1,baseline_zero,40,0.000125604,0
2014-3-13,1,baseline_zero,40,-0.002137425,0
2014-1-17,1,baseline_zero,41,0,0
2014-1-20,1,baseline_zero,41,-0.001478561,0
2014-1-21,1,baseline_zero,41,0.00086276,0
2014-1-22,1,baseline_zero,41,-0.009034156,0
2014-1-23,1,baseline_zero,41,0.000248602,0
2014-1-24,1,baseline_zero,41,0.000745434,0
2014-1-27,1,baseline_zero,41,0.000620771,0
2014-1-28,1,baseline_zero,41,-0.000869187,0
2014-1-29,1,baseline_zero,41,0.007179137,0
2014-1-30,1,baseline_zero,41,0.002832689,0
2014-1-31,1,baseline_zero,41,-0.003696406,0
2014-2-3,1,baseline_zero,41,0.001356936,0
2014-2-4,1,baseline_zero,41,-0.00098668,0
2014-2-5,1,baseline_zero,41,-0.001605434,0
2014-2-6,1,baseline_zero,41,-0.002722774,0
2014-2-7,1,baseline_zero,41,-0.000619848,0
2014-2-10,1,baseline_zero,41,0,0
2014-2-11,1,baseline_zero,41,0.000495909,0
2014-2-12,1,baseline_zero,41,-0.004472057,0
2014-2-13,1,baseline_zero,41,-0.002118777,0
2014-2-14,1,baseline_zero,41,-0.000124774,0
2014-2-17,1,baseline_zero,41,-0.001623478,0
2014-2-18,1,baseline_zero,41,0.001623478,0
2014-2-19,1,baseline_zero,41,0.001869975,0
2014-2-20,1,baseline_zero,41,-0.000622937,0
2014-2-21,1,baseline_zero,41,-0.000498629,0
2014-2-24,1,baseline_zero,41,-0.00074841,0
2014-2-25,1,baseline_zero,41,0.003612136,0
2014-2-26,1,baseline_zero,41,-0.001866717,0
2014-2-27,1,baseline_zero,41,-0.007376417,0
2014-2-28,1,baseline_zero,41,0.004882028,0
2014-3-3,1,baseline_zero,41,0.001123245,0
2014-3-4,1,baseline_zero,41,-0.00074869,0
2014-3-5,1,baseline_zero,41,-0.005633112,0
2014-3-6,1,baseline_zero,41,0.000752918,0
2014-3-7,1,baseline_zero,41,0.000626999,0
2014-3-10,1,baseline_zero,41,-0.000376152,0
2014-3-11,1,baseline_zero,41,-0.001631629,0
2014-3-12,1,baseline_zero,41,0.000125604,0
2014-3-13,1,baseline_zero,41,-0.002137425,0
2014-3-14,1,baseline_zero,41,-0.000755477,0
2014-3-17,1,baseline_zero,41,0.000251889,0
2014-3-18,1,baseline_zero,41,0.00740233,0
2014-3-19,1,baseline_zero,41,0.002372184,0
2014-3-20,1,baseline_zero,41,-0.000998129,0
2014-3-21,1,baseline_zero,41,-0.002249439,0
2014-3-24,1,baseline_zero,41,0.000125102,0
2014-3-25,1,baseline_zero,41,0.001125211,0
2014-3-26,1,baseline_zero,41,0.000999126,0
2014-3-27,1,baseline_zero,41,0.000873417,0
2014-3-28,1,baseline_zero,41,-0.000998253,0
2014-3-31,1,baseline_zero,41,-0.000124852,0
2014-4-1,1,baseline_zero,41,0.001621858,0
2014-4-2,1,baseline_zero,41,0.003111584,0
2014-4-3,1,baseline_zero,41,-0.000621543,0
2014-4-4,1,baseline_zero,41,-0.002365392,0
2014-4-7,1,baseline_zero,41,-0.006000768,0
2014-4-8,1,baseline_zero,41,-0.003391324,0
2014-4-9,1,baseline_zero,41,-0.00125897,0
2014-4-10,1,baseline_zero,41,0.000881446,0
2014-2-14,1,baseline_zero,42,-0.000124774,0
2014-2-17,1,baseline_zero,42,-0.001623478,0
2014-2-18,1,baseline_zero,42,0.001623478,0
2014-2-19,1,baseline_zero,42,0.001869975,0
2014-2-20,1,baseline_zero,42,-0.000622937,0
2014-2-21,1,baseline_zero,42,-0.000498629,0
2014-2-24,1,baseline_zero,42,-0.00074841,0
2014-2-25,1,baseline_zero,42,0.003612136,0
2014-2-26,1,baseline_zero,42,-0.001866717,0
2014-2-27,1,baseline_zero,42,-0.007376417,0
2014-2-28,1,baseline_zero,42,0.004882028,0
2014-3-3,1,baseline_zero,42,0.001123245,0
2014-3-4,1,baseline_zero,42,-0.00074869,0
2014-3-5,1,baseline_zero,42,-0.005633112,0
2014-3-6,1,baseline_zero,42,0.000752918,0
2014-3-7,1,baseline_zero,42,0.000626999,0
2014-3-10,1,baseline_zero,42,-0.000376152,0
2014-3-11,1,baseline_zero,42,-0.001631629,0
2014-3-12,1,baseline_zero,42,0.000125604,0
2014-3-13,1,baseline_zero,42,-0.002137425,0
2014-3-14,1,baseline_zero,42,-0.000755477,0
2014-3-17,1,baseline_zero,42,0.000251889,0
2014-3-18,1,baseline_zero,42,0.00740233,0
2014-3-19,1,baseline_zero,42,0.002372184,0
2014-3-20,1,baseline_zero,42,-0.000998129,0
2014-3-21,1,baseline_zero,42,-0.002249439,0
2014-3-24,1,baseline_zero,42,0.000125102,0
2014-3-25,1,baseline_zero,42,0.001125211,0
2014-3-26,1,baseline_zero,42,0.000999126,0
2014-3-27,1,baseline_zero,42,0.000873417,0
2014-3-28,1,baseline_zero,42,-0.000998253,0
2014-3-31,1,baseline_zero,42,-0.000124852,0
2014-4-1,1,baseline_zero,42,0.001621858,0
2014-4-2,1,baseline_zero,42,0.003111584,0
2014-4-3,1,baseline_zero,42,-0.000621543,0
2014-4-4,1,baseline_zero,42,-0.002365392,0
2014-4-7,1,baseline_zero,42,-0.006000768,0
2014-4-8,1,baseline_zero,42,-0.003391324,0
2014-4-9,1,baseline_zero,42,-0.00125897,0
2014-4-10,1,baseline_zero,42,0.000881446,0
2014-4-11,1,baseline_zero,42,0.003518034,0
2014-4-14,1,baseline_zero,42,0.000877578,0
2014-4-15,1,baseline_zero,42,0,0
2014-4-16,1,baseline_zero,42,0.000375869,0
2014-4-17,1,baseline_zero,42,0,0
2014-4-18,1,baseline_zero,42,0.00137698,0
2014-4-21,1,baseline_zero,42,-0.000375352,0
2014-4-22,1,baseline_zero,42,-0.0006259,0
2014-4-23,1,baseline_zero,42,-0.000751597,0
2014-4-24,1,baseline_zero,42,-0.000626763,0
2014-4-25,1,baseline_zero,42,-0.000878128,0
2014-4-28,1,baseline_zero,42,0.001630197,0
2014-4-29,1,baseline_zero,42,-0.004269218,0
2014-4-30,1,baseline_zero,42,0.000754717,0
2014-5-1,1,baseline_zero,42,-0.000125747,0
2014-5-2,1,baseline_zero,42,-0.000377335,0
2014-5-5,1,baseline_zero,42,-0.005044783,0
2014-5-6,1,baseline_zero,42,0.001389854,0
2014-5-7,1,baseline_zero,42,0.002018164,0
2014-5-8,1,baseline_zero,42,0.00678139,0
2014-3-14,1,baseline_zero,43,-0.000755477,0
2014-3-17,1,baseline_zero,43,0.000251889,0
2014-3-18,1,baseline_zero,43,0.00740233,0
2014-3-19,1,baseline_zero,43,0.002372184,0
2014-3-20,1,baseline_zero,43,-0.000998129,0
2014-3-21,1,baseline_zero,43,-0.002249439,0
2014-3-24,1,baseline_zero,43,0.000125102,0
2014-3-25,1,baseline_zero,43,0.001125211,0
2014-3-26,1,baseline_zero,43,0.000999126,0
2014-3-27,1,baseline_zero,43,0.000873417,0
2014-3-28,1,baseline_zero,43,-0.000998253,0
2014-3-31,1,baseline_zero,43,-0.000124852,0
2014-4-1,1,baseline_zero,43,0.001621858,0
2014-4-2,1,baseline_zero,43,0.003111584,0
2014-4-3,1,baseline_zero,43,-0.000621543,0
2014-4-4,1,baseline_zero,43,-0.002365392,0
2014-4-7,1,baseline_zero,43,-0.006000768,0
2014-4-8,1,baseline_zero,43,-0.003391324,0
2014-4-9,1,baseline_zero,43,-0.00125897,0
2014-4-10,1,baseline_zero,43,0.000881446,0
2014-4-11,1,baseline_zero,43,0.003518034,0
2014-4-14,1,baseline_zero,43,0.000877578,0
2014-4-15,1,baseline_zero,43,0,0
2014-4-16,1,baseline_zero,43,0.000375869,0
2014-4-17,1,baseline_zero,43,0,0
2014-4-18,1,baseline_zero,43,0.00137698,0
2014-4-21,1,baseline_zero,43,-0.000375352,0
2014-4-22,1,baseline_zero,43,-0.0006259,0
2014-4-23,1,baseline_zero,43,-0.000751597,0
2014-4-24,1,baseline_zero,43,-0.000626763,0
2014-4-25,1,baseline_zero,43,-0.000878128,0
2014-4-28,1,baseline_zero,43,0.001630197,0
2014-4-29,1,baseline_zero,43,-0.004269218,0
2014-4-30,1,baseline_zero,43,0.000754717,0
2014-5-1,1,baseline_zero,43,-0.000125747,0
2014-5-2,1,baseline_zero,43,-0.000377335,0
2014-5-5,1,baseline_zero,43,-0.005044783,0
2014-5-6,1,baseline_zero,43,0.001389854,0
2014-5-7,1,baseline_zero,43,0.002018164,0
2014-5-8,1,baseline_zero,43,0.00678139,0
2014-5-9,1,baseline_zero,43,0,0
2014-5-12,1,baseline_zero,43,0.002999252,0
2014-5-13,1,baseline_zero,43,-0.000873853,0
2014-5-14,1,baseline_zero,43,-0.000874617,0
2014-5-15,1,baseline_zero,43,0.000499875,0
2014-5-16,1,baseline_zero,43,-0.000624883,0
2014-5-19,1,baseline_zero,43,0.000624883,0
2014-5-20,1,baseline_zero,43,0.000624493,0
2014-5-21,1,baseline_zero,43,0.00199576,0
2014-5-22,1,baseline_zero,43,0.001743028,0
2014-5-23,1,baseline_zero,43,0,0
2014-5-26,1,baseline_zero,43,-0.000497698,0
2014-5-27,1,baseline_zero,43,0.00273428,0
2014-5-28,1,baseline_zero,43,-0.000993419,0
2014-5-29,1,baseline_zero,43,-0.001491981,0
2014-5-30,1,baseline_zero,43,0.003353832,0
2014-6-2,1,baseline_zero,43,-0.001116695,0
2014-6-3,1,baseline_zero,43,0.00136468,0
2014-6-4,1,baseline_zero,43,-0.003601817,0
2014-6-5,1,baseline_zero,43,0.000497574,0
2014-4-11,1,baseline_zero,44,0.003518034,0
2014-4-14,1,baseline_zero,44,0.000877578,0
2014-4-15,1,baseline_zero,44,0,0
2014-4-16,1,baseline_zero,44,0.000375869,0
2014-4-17,1,baseline_zero,44,0,0
2014-4-18,1,baseline_zero,44,0.00137698,0
2014-4-21,1,baseline_zero,44,-0.000375352,0
2014-4-22,1,baseline_zero,44,-0.0006259,0
2014-4-23,1,baseline_zero,44,-0.000751597,0
2014-4-24,1,baseline_zero,44,-0.000626763,0
2014-4-25,1,baseline_zero,44,-0.000878128,0
2014-4-28,1,baseline_zero,44,0.001630197,0
2014-4-29,1,baseline_zero,44,-0.004269218,0
2014-4-30,1,baseline_zero,44,0.000754717,0
2014-5-1,1,baseline_zero,44,-0.000125747,0
2014-5-2,1,baseline_zero,44,-0.000377335,0
2014-5-5,1,baseline_zero,44,-0.005044783,0
2014-5-6,1,baseline_zero,44,0.001389854,0
2014-5-7,1,baseline_zero,44,0.002018164,0
2014-5-8,1,baseline_zero,44,0.00678139,0
2014-5-9,1,baseline_zero,44,0,0
2014-5-12,1,baseline_zero,44,0.002999252,0
2014-5-13,1,baseline_zero,44,-0.000873853,0
2014-5-14,1,baseline_zero,44,-0.000874617,0
2014-5-15,1,baseline_zero,44,0.000499875,0
2014-5-16,1,baseline_zero,44,-0.000624883,0
2014-5-19,1,baseline_zero,44,0.000624883,0
2014-5-20,1,baseline_zero,44,0.000624493,0
2014-5-21,1,baseline_zero,44,0.00199576,0
2014-5-22,1,baseline_zero,44,0.001743028,0
2014-5-23,1,baseline_zero,44,0,0
2014-5-26,1,baseline_zero,44,-0.000497698,0
2014-5-27,1,baseline_zero,44,0.00273428,0
2014-5-28,1,baseline_zero,44,-0.000993419,0
2014-5-29,1,baseline_zero,44,-0.001491981,0
2014-5-30,1,baseline_zero,44,0.003353832,0
2014-6-2,1,baseline_zero,44,-0.001116695,0
2014-6-3,1,baseline_zero,44,0.00136468,0
2014-6-4,1,baseline_zero,44,-0.003601817,0
2014-6-5,1,baseline_zero,44,0.000497574,0
2014-6-6,1,baseline_zero,44,0.002980258,0
2014-6-9,1,baseline_zero,44,0.002105655,0
2014-6-10,1,baseline_zero,44,-0.00061885,0
2014-6-11,1,baseline_zero,44,-0.00235513,0
2014-6-12,1,baseline_zero,44,0,0
2014-6-13,1,baseline_zero,44,-0.001366036,0
2014-6-16,1,baseline_zero,44,0.001986345,0
2014-6-17,1,baseline_zero,44,-0.000620309,0
2014-6-18,1,baseline_zero,44,-0.003231824,0
2014-6-19,1,baseline_zero,44,0.000622316,0
2014-6-20,1,baseline_zero,44,-0.00124502,0
2014-6-23,1,baseline_zero,44,0.000747198,0
2014-6-24,1,baseline_zero,44,-0.00137029,0
2014-6-25,1,baseline_zero,44,0,0
2014-6-26,1,baseline_zero,44,-0.002496257,0
2014-6-27,1,baseline_zero,44,-0.003003757,0
2014-6-30,1,baseline_zero,44,0.000375963,0
2014-7-1,1,baseline_zero,44,0.0018777,0
2014-7-2,1,baseline_zero,44,0.003121686,0
2014-7-3,1,baseline_zero,44,0.000747757,0
2014-5-9,1,baseline_zero,45,0,0
2014-5-12,1,baseline_zero,45,0.002999252,0
2014-5-13,1,baseline_zero,45,-0.000873853,0
2014-5-14,1,baseline_zero,45,-0.000874617,0
2014-5-15,1,baseline_zero,45,0.000499875,0
2014-5-16,1,baseline_zero,45,-0.000624883,0
2014-5-19,1,baseline_zero,45,0.000624883,0
2014-5-20,1,baseline_zero,45,0.000624493,0
2014-5-21,1,baseline_zero,45,0.00199576,0
2014-5-22,1,baseline_zero,45,0.001743028,0
2014-5-23,1,baseline_zero,45,0,0
2014-5-26,1,baseline_zero,45,-0.000497698,0
2014-5-27,1,baseline_zero,45,0.00273428,0
2014-5-28,1,baseline_zero,45,-0.000993419,0
2014-5-29,1,baseline_zero,45,-0.001491981,0
2014-5-30,1,baseline_zero,45,0.003353832,0
2014-6-2,1,baseline_zero,45,-0.001116695,0
2014-6-3,1,baseline_zero,45,0.00136468,0
2014-6-4,1,baseline_zero,45,-0.003601817,0
2014-6-5,1,baseline_zero,45,0.000497574,0
2014-6-6,1,baseline_zero,45,0.002980258,0
2014-6-9,1,baseline_zero,45,0.002105655,0
2014-6-10,1,baseline_zero,45,-0.00061885,0
2014-6-11,1,baseline_zero,45,-0.00235513,0
2014-6-12,1,baseline_zero,45,0,0
2014-6-13,1,baseline_zero,45,-0.001366036,0
2014-6-16,1,baseline_zero,45,0.001986345,0
2014-6-17,1,baseline_zero,45,-0.000620309,0
2014-6-18,1,baseline_zero,45,-0.003231824,0
2014-6-19,1,baseline_zero,45,0.000622316,0
2014-6-20,1,baseline_zero,45,-0.00124502,0
2014-6-23,1,baseline_zero,45,0.000747198,0
2014-6-24,1,baseline_zero,45,-0.00137029,0
2014-6-25,1,baseline_zero,45,0,0
2014-6-26,1,baseline_zero,45,-0.002496257,0
2014-6-27,1,baseline_zero,45,-0.003003757,0
2014-6-30,1,baseline_zero,45,0.000375963,0
2014-7-1,1,baseline_zero,45,0.0018777,0
2014-7-2,1,baseline_zero,45,0.003121686,0
2014-7-3,1,baseline_zero,45,0.000747757,0
2014-7-4,1,baseline_zero,45,-0.000623092,0
2014-7-7,1,baseline_zero,45,-0.000498753,0
2014-7-8,1,baseline_zero,45,-0.00237248,0
2014-7-9,1,baseline_zero,45,0.001748689,0
2014-7-10,1,baseline_zero,45,0.000748503,0
2014-7-11,1,baseline_zero,45,0,0
2014-7-14,1,baseline_zero,45,0.002490972,0
2014-7-15,1,baseline_zero,45,0.002112458,0
2014-7-16,1,baseline_zero,45,-0.000745064,0
2014-7-17,1,baseline_zero,45,0.000248416,0
2014-7-18,1,baseline_zero,45,0.000496648,0
2014-7-21,1,baseline_zero,45,0.002727162,0
2014-7-22,1,baseline_zero,45,0.00049505,0
2014-7-23,1,baseline_zero,45,0.000618467,0
2014-7-24,1,baseline_zero,45,0.001976529,0
2014-7-25,1,baseline_zero,45,0,0
2014-7-28,1,baseline_zero,45,0.002218936,0
2014-7-29,1,baseline_zero,45,0.002705363,0
2014-7-30,1,baseline_zero,45,0.000368347,0
2014-7-31,1,baseline_zero,45,-0.001966086,0
2014-6-6,1,baseline_zero,46,0.002980258,0
2014-6-9,1,baseline_zero,46,0.002105655,0
2014-6-10,1,baseline_zero,46,-0.00061885,0
2014-6-11,1,baseline_zero,46,-0.00235513,0
2014-6-12,1,baseline_zero,46,0,0
2014-6-13,1,baseline_zero,46,-0.001366036,0
2014-6-16,1,baseline_zero,46,0.001986345,0
2014-6-17,1,baseline_zero,46,-0.000620309,0
2014-6-18,1,baseline_zero,46,-0.003231824,0
2014-6-19,1,baseline_zero,46,0.000622316,0
2014-6-20,1,baseline_zero,46,-0.00124502,0
2014-6-23,1,baseline_zero,46,0.000747198,0
2014-6-24,1,baseline_zero,46,-0.00137029,0
2014-6-25,1,baseline_zero,46,0,0
2014-6-26,1,baseline_zero,46,-0.002496257,0
2014-6-27,1,baseline_zero,46,-0.003003757,0
2014-6-30,1,baseline_zero,46,0.000375963,0
2014-7-1,1,baseline_zero,46,0.0018777,0
2014-7-2,1,baseline_zero,46,0.003121686,0
2014-7-3,1,baseline_zero,46,0.000747757,0
2014-7-4,1,baseline_zero,46,-0.000623092,0
2014-7-7,1,baseline_zero,46,-0.000498753,0
2014-7-8,1,baseline_zero,46,-0.00237248,0
2014-7-9,1,baseline_zero,46,0.001748689,0
2014-7-10,1,baseline_zero,46,0.000748503,0
2014-7-11,1,baseline_zero,46,0,0
2014-7-14,1,baseline_zero,46,0.002490972,0
2014-7-15,1,baseline_zero,46,0.002112458,0
2014-7-16,1,baseline_zero,46,-0.000745064,0
2014-7-17,1,baseline_zero,46,0.000248416,0
2014-7-18,1,baseline_zero,46,0.000496648,0
2014-7-21,1,baseline_zero,46,0.002727162,0
2014-7-22,1,baseline_zero,46,0.00049505,0
2014-7-23,1,baseline_zero,46,0.000618467,0
2014-7-24,1,baseline_zero,46,0.001976529,0
2014-7-25,1,baseline_zero,46,0,0
2014-7-28,1,baseline_zero,46,0.002218936,0
2014-7-29,1,baseline_zero,46,0.002705363,0
2014-7-30,1,baseline_zero,46,0.000368347,0
2014-7-31,1,baseline_zero,46,-0.001966086,0
2014-8-1,1,baseline_zero,46,0.000368936,0
2014-8-4,1,baseline_zero,46,0,0
2014-8-5,1,baseline_zero,46,0.001351601,0
2014-8-6,1,baseline_zero,46,0.000981836,0
2014-8-7,1,baseline_zero,46,-0.000859054,0
2014-8-8,1,baseline_zero,46,0.000245519,0
2014-8-11,1,baseline_zero,46,0.000368166,0
2014-8-12,1,baseline_zero,46,0.001226242,0
2014-8-13,1,baseline_zero,46,-0.000122557,0
2014-8-14,1,baseline_zero,46,-0.002085762,0
2014-8-15,1,baseline_zero,46,0.001963191,0
2014-8-18,1,baseline_zero,46,0.003670627,0
2014-8-19,1,baseline_zero,46,0.004265438,0
2014-8-20,1,baseline_zero,46,-0.000973354,0
2014-8-21,1,baseline_zero,46,0.002310172,0
2014-8-22,1,baseline_zero,46,0.002547154,0
2014-8-25,1,baseline_zero,46,0.001210654,0
2014-8-26,1,baseline_zero,46,-0.002665376,0
2014-8-27,1,baseline_zero,46,0.000606391,0
2014-8-28,1,baseline_zero,46,0.003268175,0
2014-7-4,1,baseline_zero,47,-0.000623092,0
2014-7-7,1,baseline_zero,47,-0.000498753,0
2014-7-8,1,baseline_zero,47,-0.00237248,0
2014-7-9,1,baseline_zero,47,0.001748689,0
2014-7-10,1,baseline_zero,47,0.000748503,0
2014-7-11,1,baseline_zero,47,0,0
2014-7-14,1,baseline_zero,47,0.002490972,0
2014-7-15,1,baseline_zero,47,0.002112458,0
2014-7-16,1,baseline_zero,47,-0.000745064,0
2014-7-17,1,baseline_zero,47,0.000248416,0
2014-7-18,1,baseline_zero,47,0.000496648,0
2014-7-21,1,baseline_zero,47,0.002727162,0
2014-7-22,1,baseline_zero,47,0.00049505,0
2014-7-23,1,baseline_zero,47,0.000618467,0
2014-7-24,1,baseline_zero,47,0.001976529,0
2014-7-25,1,baseline_zero,47,0,0
2014-7-28,1,baseline_zero,47,0.002218936,0
2014-7-29,1,baseline_zero,47,0.002705363,0
2014-7-30,1,baseline_zero,47,0.000368347,0
2014-7-31,1,baseline_zero,47,-0.001966086,0
2014-8-1,1,baseline_zero,47,0.000368936,0
2014-8-4,1,baseline_zero,47,0,0
2014-8-5,1,baseline_zero,47,0.001351601,0
2014-8-6,1,baseline_zero,47,0.000981836,0
2014-8-7,1,baseline_zero,47,-0.000859054,0
2014-8-8,1,baseline_zero,47,0.000245519,0
2014-8-11,1,baseline_zero,47,0.000368166,0
2014-8-12,1,baseline_zero,47,0.001226242,0
2014-8-13,1,baseline_zero,47,-0.000122557,0
2014-8-14,1,baseline_zero,47,-0.002085762,0
2014-8-15,1,baseline_zero,47,0.001963191,0
2014-8-18,1,baseline_zero,47,0.003670627,0
2014-8-19,1,baseline_zero,47,0.004265438,0
2014-8-20,1,baseline_zero,47,-0.000973354,0
2014-8-21,1,baseline_zero,47,0.002310172,0
2014-8-22,1,baseline_zero,47,0.002547154,0
2014-8-25,1,baseline_zero,47,0.001210654,0
2014-8-26,1,baseline_zero,47,-0.002665376,0
2014-8-27,1,baseline_zero,47,0.000606391,0
2014-8-28,1,baseline_zero,47,0.003268175,0
2014-8-29,1,baseline_zero,47,0,0
2014-9-1,1,baseline_zero,47,0.002896104,0
2014-9-2,1,baseline_zero,47,-0.001567682,0
2014-9-3,1,baseline_zero,47,0.011519206,0
2014-9-4,1,baseline_zero,47,-0.000954882,0
2014-9-5,1,baseline_zero,47,0.005834392,0
2014-9-8,1,baseline_zero,47,0.000593437,0
2014-9-9,1,baseline_zero,47,0,0
2014-9-10,1,baseline_zero,47,0.000237276,0
2014-9-11,1,baseline_zero,47,-0.000711997,0
2014-9-12,1,baseline_zero,47,0.000237389,0
2014-9-15,1,baseline_zero,47,-0.002257471,0
2014-9-16,1,baseline_zero,47,0.003206463,0
2014-9-17,1,baseline_zero,47,-0.000237164,0
2014-9-18,1,baseline_zero,47,0.004850645,0
2014-9-19,1,baseline_zero,47,0.000236016,0
2014-9-22,1,baseline_zero,47,-0.001062511,0
2014-9-23,1,baseline_zero,47,0.004478499,0
2014-9-24,1,baseline_zero,47,0.001762322,0
2014-9-25,1,baseline_zero,47,0.005268408,0
2014-8-1,1,baseline_zero,48,0.000368936,0
2014-8-4,1,baseline_zero,48,0,0
2014-8-5,1,baseline_zero,48,0.001351601,0
2014-8-6,1,baseline_zero,48,0.000981836,0
2014-8-7,1,baseline_zero,48,-0.000859054,0
2014-8-8,1,baseline_zero,48,0.000245519,0
2014-8-11,1,baseline_zero,48,0.000368166,0
2014-8-12,1,baseline_zero,48,0.001226242,0
2014-8-13,1,baseline_zero,48,-0.000122557,0
2014-8-14,1,baseline_zero,48,-0.002085762,0
2014-8-15,1,baseline_zero,48,0.001963191,0
2014-8-18,1,baseline_zero,48,0.003670627,0
2014-8-19,1,baseline_zero,48,0.004265438,0
2014-8-20,1,baseline_zero,48,-0.000973354,0
2014-8-21,1,baseline_zero,48,0.002310172,0
2014-8-22,1,baseline_zero,48,0.002547154,0
2014-8-25,1,baseline_zero,48,0.001210654,0
2014-8-26,1,baseline_zero,48,-0.002665376,0
2014-8-27,1,baseline_zero,48,0.000606391,0
2014-8-28,1,baseline_zero,48,0.003268175,0
2014-8-29,1,baseline_zero,48,0,0
2014-9-1,1,baseline_zero,48,0.002896104,0
2014-9-2,1,baseline_zero,48,-0.001567682,0
2014-9-3,1,baseline_zero,48,0.011519206,0
2014-9-4,1,baseline_zero,48,-0.000954882,0
2014-9-5,1,baseline_zero,48,0.005834392,0
2014-9-8,1,baseline_zero,48,0.000593437,0
2014-9-9,1,baseline_zero,48,0,0
2014-9-10,1,baseline_zero,48,0.000237276,0
2014-9-11,1,baseline_zero,48,-0.000711997,0
2014-9-12,1,baseline_zero,48,0.000237389,0
2014-9-15,1,baseline_zero,48,-0.002257471,0
2014-9-16,1,baseline_zero,48,0.003206463,0
2014-9-17,1,baseline_zero,48,-0.000237164,0
2014-9-18,1,baseline_zero,48,0.004850645,0
2014-9-19,1,baseline_zero,48,0.000236016,0
2014-9-22,1,baseline_zero,48,-0.001062511,0
2014-9-23,1,baseline_zero,48,0.004478499,0
2014-9-24,1,baseline_zero,48,0.001762322,0
2014-9-25,1,baseline_zero,48,0.005268408,0
2014-9-26,1,baseline_zero,48,-0.00058401,0
2014-9-29,1,baseline_zero,48,0.004080924,0
2014-9-30,1,baseline_zero,48,0.00034902,0
2014-10-1,1,baseline_zero,48,-0.004313115,0
2014-10-2,1,baseline_zero,48,0.012653254,0
2014-10-3,1,baseline_zero,48,-0.008805526,0
2014-10-6,1,baseline_zero,48,-0.003030305,0
2014-10-7,1,baseline_zero,48,-0.004328251,0
2014-10-8,1,baseline_zero,48,0.002575812,0
2014-10-9,1,baseline_zero,48,0.00454997,0
2014-10-10,1,baseline_zero,48,-0.004433045,0
2014-10-13,1,baseline_zero,48,0.003384888,0
2014-10-14,1,baseline_zero,48,-0.007837672,0
2014-10-15,1,baseline_zero,48,-0.002351559,0
2014-10-16,1,baseline_zero,48,0.001881689,0
2014-10-17,1,baseline_zero,48,-0.001881689,0
2014-10-20,1,baseline_zero,48,0.004111606,0
2014-10-21,1,baseline_zero,48,0.005145007,0
2014-10-22,1,baseline_zero,48,0.001165637,0
2014-10-23,1,baseline_zero,48,-0.001282276,0
2014-8-29,1,baseline_zero,49,0,0
2014-9-1,1,baseline_zero,49,0.002896104,0
2014-9-2,1,baseline_zero,49,-0.001567682,0
2014-9-3,1,baseline_zero,49,0.011519206,0
2014-9-4,1,baseline_zero,49,-0.000954882,0
2014-9-5,1,baseline_zero,49,0.005834392,0
2014-9-8,1,baseline_zero,49,0.000593437,0
2014-9-9,1,baseline_zero,49,0,0
2014-9-10,1,baseline_zero,49,0.000237276,0
2014-9-11,1,baseline_zero,49,-0.000711997,0
2014-9-12,1,baseline_zero,49,0.000237389,0
2014-9-15,1,baseline_zero,49,-0.002257471,0
2014-9-16,1,baseline_zero,49,0.003206463,0
2014-9-17,1,baseline_zero,49,-0.000237164,0
2014-9-18,1,baseline_zero,49,0.004850645,0
2014-9-19,1,baseline_zero,49,0.000236016,0
2014-9-22,1,baseline_zero,49,-0.001062511,0
2014-9-23,1,baseline_zero,49,0.004478499,0
2014-9-24,1,baseline_zero,49,0.001762322,0
2014-9-25,1,baseline_zero,49,0.005268408,0
2014-9-26,1,baseline_zero,49,-0.00058401,0
2014-9-29,1,baseline_zero,49,0.004080924,0
2014-9-30,1,baseline_zero,49,0.00034902,0
2014-10-1,1,baseline_zero,49,-0.004313115,0
2014-10-2,1,baseline_zero,49,0.012653254,0
2014-10-3,1,baseline_zero,49,-0.008805526,0
2014-10-6,1,baseline_zero,49,-0.003030305,0
2014-10-7,1,baseline_zero,49,-0.004328251,0
2014-10-8,1,baseline_zero,49,0.002575812,0
2014-10-9,1,baseline_zero,49,0.00454997,0
2014-10-10,1,baseline_zero,49,-0.004433045,0
2014-10-13,1,baseline_zero,49,0.003384888,0
2014-10-14,1,baseline_zero,49,-0.007837672,0
2014-10-15,1,baseline_zero,49,-0.002351559,0
2014-10-16,1,baseline_zero,49,0.001881689,0
2014-10-17,1,baseline_zero,49,-0.001881689,0
2014-10-20,1,baseline_zero,49,0.004111606,0
2014-10-21,1,baseline_zero,49,0.005145007,0
2014-10-22,1,baseline_zero,49,0.001165637,0
2014-10-23,1,baseline_zero,49,-0.001282276,0
2014-10-24,1,baseline_zero,49,-0.002686447,0
2014-10-27,1,baseline_zero,49,-0.001053186,0
2014-10-28,1,baseline_zero,49,0.006302542,0
2014-10-29,1,baseline_zero,49,0.002324231,0
2014-10-30,1,baseline_zero,49,0.008898192,0
2014-10-31,1,baseline_zero,49,0.004476848,0
2014-11-3,1,baseline_zero,49,-0.003786797,0
2014-11-4,1,baseline_zero,49,0.005274637,0
2014-11-5,1,baseline_zero,49,0.006497601,0
2014-11-6,1,baseline_zero,49,-0.00421293,0
2014-11-7,1,baseline_zero,49,0.001937875,0
2014-11-10,1,baseline_zero,49,-0.003193798,0
2014-11-11,1,baseline_zero,49,0.003307673,0
2014-11-12,1,baseline_zero,49,-0.0017095,0
2014-11-13,1,baseline_zero,49,-0.001598174,0
2014-11-14,1,baseline_zero,49,0.004559452,0
2014-11-17,1,baseline_zero,49,-0.003988382,0
2014-11-18,1,baseline_zero,49,0.00079895,0
2014-11-19,1,baseline_zero,49,-0.000684775,0
2014-11-20,1,baseline_zero,49,0.008186515,0
2014-9-26,1,baseline_zero,50,-0.00058401,0
2014-9-29,1,baseline_zero,50,0.004080924,0
2014-9-30,1,baseline_zero,50,0.00034902,0
2014-10-1,1,baseline_zero,50,-0.004313115,0
2014-10-2,1,baseline_zero,50,0.012653254,0
2014-10-3,1,baseline_zero,50,-0.008805526,0
2014-10-6,1,baseline_zero,50,-0.003030305,0
2014-10-7,1,baseline_zero,50,-0.004328251,0
2014-10-8,1,baseline_zero,50,0.002575812,0
2014-10-9,1,baseline_zero,50,0.00454997,0
2014-10-10,1,baseline_zero,50,-0.004433045,0
2014-10-13,1,baseline_zero,50,0.003384888,0
2014-10-14,1,baseline_zero,50,-0.007837672,0
2014-10-15,1,baseline_zero,50,-0.002351559,0
2014-10-16,1,baseline_zero,50,0.001881689,0
2014-10-17,1,baseline_zero,50,-0.001881689,0
2014-10-20,1,baseline_zero,50,0.004111606,0
2014-10-21,1,baseline_zero,50,0.005145007,0
2014-10-22,1,baseline_zero,50,0.001165637,0
2014-10-23,1,baseline_zero,50,-0.001282276,0
2014-10-24,1,baseline_zero,50,-0.002686447,0
2014-10-27,1,baseline_zero,50,-0.001053186,0
2014-10-28,1,baseline_zero,50,0.006302542,0
2014-10-29,1,baseline_zero,50,0.002324231,0
2014-10-30,1,baseline_zero,50,0.008898192,0
2014-10-31,1,baseline_zero,50,0.004476848,0
2014-11-3,1,baseline_zero,50,-0.003786797,0
2014-11-4,1,baseline_zero,50,0.005274637,0
2014-11-5,1,baseline_zero,50,0.006497601,0
2014-11-6,1,baseline_zero,50,-0.00421293,0
2014-11-7,1,baseline_zero,50,0.001937875,0
2014-11-10,1,baseline_zero,50,-0.003193798,0
2014-11-11,1,baseline_zero,50,0.003307673,0
2014-11-12,1,baseline_zero,50,-0.0017095,0
2014-11-13,1,baseline_zero,50,-0.001598174,0
2014-11-14,1,baseline_zero,50,0.004559452,0
2014-11-17,1,baseline_zero,50,-0.003988382,0
2014-11-18,1,baseline_zero,50,0.00079895,0
2014-11-19,1,baseline_zero,50,-0.000684775,0
2014-11-20,1,baseline_zero,50,0.008186515,0
2014-11-21,1,baseline_zero,50,-0.001813443,0
2014-11-24,1,baseline_zero,50,-0.002612599,0
2014-11-25,1,baseline_zero,50,-0.003532163,0
2014-11-26,1,baseline_zero,50,0,0
2014-11-27,1,baseline_zero,50,0.008524232,0
2014-11-28,1,baseline_zero,50,-0.004650907,0
2014-12-1,1,baseline_zero,50,0.007927561,0
2014-12-2,1,baseline_zero,50,0.003490798,0
2014-12-3,1,baseline_zero,50,-0.002926941,0
2014-12-4,1,baseline_zero,50,0.007077488,0
2014-12-5,1,baseline_zero,50,-0.003251671,0
2014-12-8,1,baseline_zero,50,-0.003938564,0
2014-12-9,1,baseline_zero,50,-0.004746844,0
2014-12-10,1,baseline_zero,50,0.00440853,0
2014-12-11,1,baseline_zero,50,-0.003389451,0
2014-12-12,1,baseline_zero,50,0.001131094,0
2014-12-15,1,baseline_zero,50,-0.003850951,0
2014-12-16,1,baseline_zero,50,0.011396456,0
2014-12-17,1,baseline_zero,50,0.001121328,0
2014-12-18,1,baseline_zero,50,0.004138014,0
2014-10-24,1,baseline_zero,51,-0.002686447,0
2014-10-27,1,baseline_zero,51,-0.001053186,0
2014-10-28,1,baseline_zero,51,0.006302542,0
2014-10-29,1,baseline_zero,51,0.002324231,0
2014-10-30,1,baseline_zero,51,0.008898192,0
2014-10-31,1,baseline_zero,51,0.004476848,0
2014-11-3,1,baseline_zero,51,-0.003786797,0
2014-11-4,1,baseline_zero,51,0.005274637,0
2014-11-5,1,baseline_zero,51,0.006497601,0
2014-11-6,1,baseline_zero,51,-0.00421293,0
2014-11-7,1,baseline_zero,51,0.001937875,0
2014-11-10,1,baseline_zero,51,-0.003193798,0
2014-11-11,1,baseline_zero,51,0.003307673,0
2014-11-12,1,baseline_zero,51,-0.0017095,0
2014-11-13,1,baseline_zero,51,-0.001598174,0
2014-11-14,1,baseline_zero,51,0.004559452,0
2014-11-17,1,baseline_zero,51,-0.003988382,0
2014-11-18,1,baseline_zero,51,0.00079895,0
2014-11-19,1,baseline_zero,51,-0.000684775,0
2014-11-20,1,baseline_zero,51,0.008186515,0
2014-11-21,1,baseline_zero,51,-0.001813443,0
2014-11-24,1,baseline_zero,51,-0.002612599,0
2014-11-25,1,baseline_zero,51,-0.003532163,0
2014-11-26,1,baseline_zero,51,0,0
2014-11-27,1,baseline_zero,51,0.008524232,0
2014-11-28,1,baseline_zero,51,-0.004650907,0
2014-12-1,1,baseline_zero,51,0.007927561,0
2014-12-2,1,baseline_zero,51,0.003490798,0
2014-12-3,1,baseline_zero,51,-0.002926941,0
2014-12-4,1,baseline_zero,51,0.007077488,0
2014-12-5,1,baseline_zero,51,-0.003251671,0
2014-12-8,1,baseline_zero,51,-0.003938564,0
2014-12-9,1,baseline_zero,51,-0.004746844,0
2014-12-10,1,baseline_zero,51,0.00440853,0
2014-12-11,1,baseline_zero,51,-0.003389451,0
2014-12-12,1,baseline_zero,51,0.001131094,0
2014-12-15,1,baseline_zero,51,-0.003850951,0
2014-12-16,1,baseline_zero,51,0.011396456,0
2014-12-17,1,baseline_zero,51,0.001121328,0
2014-12-18,1,baseline_zero,51,0.004138014,0
2014-12-19,1,baseline_zero,51,0.001895524,0
2014-12-22,1,baseline_zero,51,0.003225271,0
2014-12-23,1,baseline_zero,51,-0.000999833,0
2014-12-24,1,baseline_zero,51,0,0
2014-12-25,1,baseline_zero,51,0.000666667,0
2014-12-26,1,baseline_zero,51,0.001775608,0
2014-12-29,1,baseline_zero,51,-0.002220003,0
2014-12-30,1,baseline_zero,51,0.003106626,0
2014-12-31,1,baseline_zero,51,0,0
2015-1-1,1,baseline_zero,51,0.008933062,0
2015-1-2,1,baseline_zero,51,0.003288395,0
2015-1-5,1,baseline_zero,51,0.001312336,0
2015-1-6,1,baseline_zero,51,0.004253237,0
2015-1-7,1,baseline_zero,51,0.005210041,0
2015-1-8,1,baseline_zero,51,-0.00466606,0
2015-1-9,1,baseline_zero,51,0.000434972,0
2015-1-12,1,baseline_zero,51,0.003581316,0
2015-1-13,1,baseline_zero,51,-0.001626281,0
2015-1-14,1,baseline_zero,51,0.00205951,0
2015-1-15,1,baseline_zero,51,0.001839131,0
2014-11-21,1,baseline_zero,52,-0.001813443,0
2014-11-24,1,baseline_zero,52,-0.002612599,0
2014-11-25,1,baseline_zero,52,-0.003532163,0
2014-11-26,1,baseline_zero,52,0,0
2014-11-27,1,baseline_zero,52,0.008524232,0
2014-11-28,1,baseline_zero,52,-0.004650907,0
2014-12-1,1,baseline_zero,52,0.007927561,0
2014-12-2,1,baseline_zero,52,0.003490798,0
2014-12-3,1,baseline_zero,52,-0.002926941,0
2014-12-4,1,baseline_zero,52,0.007077488,0
2014-12-5,1,baseline_zero,52,-0.003251671,0
2014-12-8,1,baseline_zero,52,-0.003938564,0
2014-12-9,1,baseline_zero,52,-0.004746844,0
2014-12-10,1,baseline_zero,52,0.00440853,0
2014-12-11,1,baseline_zero,52,-0.003389451,0
2014-12-12,1,baseline_zero,52,0.001131094,0
2014-12-15,1,baseline_zero,52,-0.003850951,0
2014-12-16,1,baseline_zero,52,0.011396456,0
2014-12-17,1,baseline_zero,52,0.001121328,0
2014-12-18,1,baseline_zero,52,0.004138014,0
2014-12-19,1,baseline_zero,52,0.001895524,0
2014-12-22,1,baseline_zero,52,0.003225271,0
2014-12-23,1,baseline_zero,52,-0.000999833,0
2014-12-24,1,baseline_zero,52,0,0
2014-12-25,1,baseline_zero,52,0.000666667,0
2014-12-26,1,baseline_zero,52,0.001775608,0
2014-12-29,1,baseline_zero,52,-0.002220003,0
2014-12-30,1,baseline_zero,52,0.003106626,0
2014-12-31,1,baseline_zero,52,0,0
2015-1-1,1,baseline_zero,52,0.008933062,0
2015-1-2,1,baseline_zero,52,0.003288395,0
2015-1-5,1,baseline_zero,52,0.001312336,0
2015-1-6,1,baseline_zero,52,0.004253237,0
2015-1-7,1,baseline_zero,52,0.005210041,0
2015-1-8,1,baseline_zero,52,-0.00466606,0
2015-1-9,1,baseline_zero,52,0.000434972,0
2015-1-12,1,baseline_zero,52,0.003581316,0
2015-1-13,1,baseline_zero,52,-0.001626281,0
2015-1-14,1,baseline_zero,52,0.00205951,0
2015-1-15,1,baseline_zero,52,0.001839131,0
2015-1-16,1,baseline_zero,52,0,0
2015-1-19,1,baseline_zero,52,0.005712146,0
2015-1-20,1,baseline_zero,52,-0.001613337,0
2015-1-21,1,baseline_zero,52,0.012621838,0
2015-1-22,1,baseline_zero,52,0.007201895,0
2015-1-23,1,baseline_zero,52,0.00042203,0
2015-1-26,1,baseline_zero,52,-0.008261884,0
2015-1-27,1,baseline_zero,52,0.004774798,0
2015-1-28,1,baseline_zero,52,0.003276093,0
2015-1-29,1,baseline_zero,52,0.000210993,0
2015-1-30,1,baseline_zero,52,-0.003169575,0
2015-2-2,1,baseline_zero,52,-0.009569451,0
2015-2-3,1,baseline_zero,52,0.00415801,0
2015-2-4,1,baseline_zero,52,-0.004478574,0
2015-2-5,1,baseline_zero,52,0.02407465,0
2015-2-6,1,baseline_zero,52,-0.014713876,0
2015-2-9,1,baseline_zero,52,0.003276785,0
2015-2-10,1,baseline_zero,52,0.002318964,0
2015-2-11,1,baseline_zero,52,-0.009414572,0
2015-2-12,1,baseline_zero,52,0.001168411,0
2014-12-19,1,baseline_zero,53,0.001895524,0
2014-12-22,1,baseline_zero,53,0.003225271,0
2014-12-23,1,baseline_zero,53,-0.000999833,0
2014-12-24,1,baseline_zero,53,0,0
2014-12-25,1,baseline_zero,53,0.000666667,0
2014-12-26,1,baseline_zero,53,0.001775608,0
2014-12-29,1,baseline_zero,53,-0.002220003,0
2014-12-30,1,baseline_zero,53,0.003106626,0
2014-12-31,1,baseline_zero,53,0,0
2015-1-1,1,baseline_zero,53,0.008933062,0
2015-1-2,1,baseline_zero,53,0.003288395,0
2015-1-5,1,baseline_zero,53,0.001312336,0
2015-1-6,1,baseline_zero,53,0.004253237,0
2015-1-7,1,baseline_zero,53,0.005210041,0
2015-1-8,1,baseline_zero,53,-0.00466606,0
2015-1-9,1,baseline_zero,53,0.000434972,0
2015-1-12,1,baseline_zero,53,0.003581316,0
2015-1-13,1,baseline_zero,53,-0.001626281,0
2015-1-14,1,baseline_zero,53,0.00205951,0
2015-1-15,1,baseline_zero,53,0.001839131,0
2015-1-16,1,baseline_zero,53,0,0
2015-1-19,1,baseline_zero,53,0.005712146,0
2015-1-20,1,baseline_zero,53,-0.001613337,0
2015-1-21,1,baseline_zero,53,0.012621838,0
2015-1-22,1,baseline_zero,53,0.007201895,0
2015-1-23,1,baseline_zero,53,0.00042203,0
2015-1-26,1,baseline_zero,53,-0.008261884,0
2015-1-27,1,baseline_zero,53,0.004774798,0
2015-1-28,1,baseline_zero,53,0.003276093,0
2015-1-29,1,baseline_zero,53,0.000210993,0
2015-1-30,1,baseline_zero,53,-0.003169575,0
2015-2-2,1,baseline_zero,53,-0.009569451,0
2015-2-3,1,baseline_zero,53,0.00415801,0
2015-2-4,1,baseline_zero,53,-0.004478574,0
2015-2-5,1,baseline_zero,53,0.02407465,0
2015-2-6,1,baseline_zero,53,-0.014713876,0
2015-2-9,1,baseline_zero,53,0.003276785,0
2015-2-10,1,baseline_zero,53,0.002318964,0
2015-2-11,1,baseline_zero,53,-0.009414572,0
2015-2-12,1,baseline_zero,53,0.001168411,0
2015-2-13,1,baseline_zero,53,0,0
2015-2-16,1,baseline_zero,53,-0.001487305,0
2015-2-17,1,baseline_zero,53,0.001487305,0
2015-2-18,1,baseline_zero,53,0.002120892,0
2015-2-19,1,baseline_zero,53,-0.000635795,0
2015-2-20,1,baseline_zero,53,0.002435023,0
2015-2-23,1,baseline_zero,53,-0.000846292,0
2015-2-24,1,baseline_zero,53,-0.002967676,0
2015-2-25,1,baseline_zero,53,0.01139854,0
2015-2-26,1,baseline_zero,53,0.000314779,0
2015-2-27,1,baseline_zero,53,0.001467659,0
2015-3-2,1,baseline_zero,53,-0.000838399,0
2015-3-3,1,baseline_zero,53,0.00616673,0
2015-3-4,1,baseline_zero,53,0.004263069,0
2015-3-5,1,baseline_zero,53,0.012681236,0
2015-3-6,1,baseline_zero,53,-0.000204918,0
2015-3-9,1,baseline_zero,53,0.010499052,0
2015-3-10,1,baseline_zero,53,0.011894103,0
2015-3-11,1,baseline_zero,53,-0.003613736,0
2015-3-12,1,baseline_zero,53,0.008910306,0
2015-1-16,1,baseline_zero,54,0,0
2015-1-19,1,baseline_zero,54,0.005712146,0
2015-1-20,1,baseline_zero,54,-0.001613337,0
2015-1-21,1,baseline_zero,54,0.012621838,0
2015-1-22,1,baseline_zero,54,0.007201895,0
2015-1-23,1,baseline_zero,54,0.00042203,0
2015-1-26,1,baseline_zero,54,-0.008261884,0
2015-1-27,1,baseline_zero,54,0.004774798,0
2015-1-28,1,baseline_zero,54,0.003276093,0
2015-1-29,1,baseline_zero,54,0.000210993,0
2015-1-30,1,baseline_zero,54,-0.003169575,0
2015-2-2,1,baseline_zero,54,-0.009569451,0
2015-2-3,1,baseline_zero,54,0.00415801,0
2015-2-4,1,baseline_zero,54,-0.004478574,0
2015-2-5,1,baseline_zero,54,0.02407465,0
2015-2-6,1,baseline_zero,54,-0.014713876,0
2015-2-9,1,baseline_zero,54,0.003276785,0
2015-2-10,1,baseline_zero,54,0.002318964,0
2015-2-11,1,baseline_zero,54,-0.009414572,0
2015-2-12,1,baseline_zero,54,0.001168411,0
2015-2-13,1,baseline_zero,54,0,0
2015-2-16,1,baseline_zero,54,-0.001487305,0
2015-2-17,1,baseline_zero,54,0.001487305,0
2015-2-18,1,baseline_zero,54,0.002120892,0
2015-2-19,1,baseline_zero,54,-0.000635795,0
2015-2-20,1,baseline_zero,54,0.002435023,0
2015-2-23,1,baseline_zero,54,-0.000846292,0
2015-2-24,1,baseline_zero,54,-0.002967676,0
2015-2-25,1,baseline_zero,54,0.01139854,0
2015-2-26,1,baseline_zero,54,0.000314779,0
2015-2-27,1,baseline_zero,54,0.001467659,0
2015-3-2,1,baseline_zero,54,-0.000838399,0
2015-3-3,1,baseline_zero,54,0.00616673,0
2015-3-4,1,baseline_zero,54,0.004263069,0
2015-3-5,1,baseline_zero,54,0.012681236,0
2015-3-6,1,baseline_zero,54,-0.000204918,0
2015-3-9,1,baseline_zero,54,0.010499052,0
2015-3-10,1,baseline_zero,54,0.011894103,0
2015-3-11,1,baseline_zero,54,-0.003613736,0
2015-3-12,1,baseline_zero,54,0.008910306,0
2015-3-13,1,baseline_zero,54,-0.007302588,0
2015-3-16,1,baseline_zero,54,-0.000200823,0
2015-3-17,1,baseline_zero,54,-0.010397308,0
2015-3-18,1,baseline_zero,54,0.007178637,0
2015-3-19,1,baseline_zero,54,-0.013693981,0
2015-3-20,1,baseline_zero,54,-0.00902848,0
2015-3-23,1,baseline_zero,54,0.001647616,0
2015-3-24,1,baseline_zero,54,-0.002163054,0
2015-3-25,1,baseline_zero,54,0.004732032,0
2015-3-26,1,baseline_zero,54,-0.001540595,0
2015-3-27,1,baseline_zero,54,0.0069651,0
2015-3-30,1,baseline_zero,54,0.003972908,0
2015-3-31,1,baseline_zero,54,-0.00172984,0
2015-4-1,1,baseline_zero,54,-0.007667573,0
2015-4-2,1,baseline_zero,54,-0.009175795,0
2015-4-3,1,baseline_zero,54,0.002379352,0
2015-4-6,1,baseline_zero,54,0.010790917,0
2015-4-7,1,baseline_zero,54,0.001123768,0
2015-4-8,1,baseline_zero,54,0.012379661,0
2015-4-9,1,baseline_zero,54,0.001813603,0
2015-2-13,1,baseline_zero,55,0,0
2015-2-16,1,baseline_zero,55,-0.001487305,0
2015-2-17,1,baseline_zero,55,0.001487305,0
2015-2-18,1,baseline_zero,55,0.002120892,0
2015-2-19,1,baseline_zero,55,-0.000635795,0
2015-2-20,1,baseline_zero,55,0.002435023,0
2015-2-23,1,baseline_zero,55,-0.000846292,0
2015-2-24,1,baseline_zero,55,-0.002967676,0
2015-2-25,1,baseline_zero,55,0.01139854,0
2015-2-26,1,baseline_zero,55,0.000314779,0
2015-2-27,1,baseline_zero,55,0.001467659,0
2015-3-2,1,baseline_zero,55,-0.000838399,0
2015-3-3,1,baseline_zero,55,0.00616673,0
2015-3-4,1,baseline_zero,55,0.004263069,0
2015-3-5,1,baseline_zero,55,0.012681236,0
2015-3-6,1,baseline_zero,55,-0.000204918,0
2015-3-9,1,baseline_zero,55,0.010499052,0
2015-3-10,1,baseline_zero,55,0.011894103,0
2015-3-11,1,baseline_zero,55,-0.003613736,0
2015-3-12,1,baseline_zero,55,0.008910306,0
2015-3-13,1,baseline_zero,55,-0.007302588,0
2015-3-16,1,baseline_zero,55,-0.000200823,0
2015-3-17,1,baseline_zero,55,-0.010397308,0
2015-3-18,1,baseline_zero,55,0.007178637,0
2015-3-19,1,baseline_zero,55,-0.013693981,0
2015-3-20,1,baseline_zero,55,-0.00902848,0
2015-3-23,1,baseline_zero,55,0.001647616,0
2015-3-24,1,baseline_zero,55,-0.002163054,0
2015-3-25,1,baseline_zero,55,0.004732032,0
2015-3-26,1,baseline_zero,55,-0.001540595,0
2015-3-27,1,baseline_zero,55,0.0069651,0
2015-3-30,1,baseline_zero,55,0.003972908,0
2015-3-31,1,baseline_zero,55,-0.00172984,0
2015-4-1,1,baseline_zero,55,-0.007667573,0
2015-4-2,1,baseline_zero,55,-0.009175795,0
2015-4-3,1,baseline_zero,55,0.002379352,0
2015-4-6,1,baseline_zero,55,0.010790917,0
2015-4-7,1,baseline_zero,55,0.001123768,0
2015-4-8,1,baseline_zero,55,0.012379661,0
2015-4-9,1,baseline_zero,55,0.001813603,0
2015-4-10,1,baseline_zero,55,0.001508827,0
2015-4-13,1,baseline_zero,55,-0.007668285,0
2015-4-14,1,baseline_zero,55,-0.004161386,0
2015-4-15,1,baseline_zero,55,-0.009195937,0
2015-4-16,1,baseline_zero,55,0.001025957,0
2015-4-17,1,baseline_zero,55,0.004297561,0
2015-4-20,1,baseline_zero,55,0.000612432,0
2015-4-21,1,baseline_zero,55,-0.000714541,0
2015-4-22,1,baseline_zero,55,-0.00665952,0
2015-4-23,1,baseline_zero,55,-0.003707522,0
2015-4-24,1,baseline_zero,55,-0.001548867,0
2015-4-27,1,baseline_zero,55,-0.007051777,0
2015-4-28,1,baseline_zero,55,-0.009200274,0
2015-4-29,1,baseline_zero,55,-0.006427502,0
2015-4-30,1,baseline_zero,55,0.007372335,0
2015-5-1,1,baseline_zero,55,0.001886991,0
2015-5-4,1,baseline_zero,55,-0.004198159,0
2015-5-5,1,baseline_zero,55,-0.010466871,0
2015-5-6,1,baseline_zero,55,0.005828449,0
2015-5-7,1,baseline_zero,55,0.001583699,0
2015-3-13,1,baseline_zero,56,-0.007302588,0
2015-3-16,1,baseline_zero,56,-0.000200823,0
2015-3-17,1,baseline_zero,56,-0.010397308,0
2015-3-18,1,baseline_zero,56,0.007178637,0
2015-3-19,1,baseline_zero,56,-0.013693981,0
2015-3-20,1,baseline_zero,56,-0.00902848,0
2015-3-23,1,baseline_zero,56,0.001647616,0
2015-3-24,1,baseline_zero,56,-0.002163054,0
2015-3-25,1,baseline_zero,56,0.004732032,0
2015-3-26,1,baseline_zero,56,-0.001540595,0
2015-3-27,1,baseline_zero,56,0.0069651,0
2015-3-30,1,baseline_zero,56,0.003972908,0
2015-3-31,1,baseline_zero,56,-0.00172984,0
2015-4-1,1,baseline_zero,56,-0.007667573,0
2015-4-2,1,baseline_zero,56,-0.009175795,0
2015-4-3,1,baseline_zero,56,0.002379352,0
2015-4-6,1,baseline_zero,56,0.010790917,0
2015-4-7,1,baseline_zero,56,0.001123768,0
2015-4-8,1,baseline_zero,56,0.012379661,0
2015-4-9,1,baseline_zero,56,0.001813603,0
2015-4-10,1,baseline_zero,56,0.001508827,0
2015-4-13,1,baseline_zero,56,-0.007668285,0
2015-4-14,1,baseline_zero,56,-0.004161386,0
2015-4-15,1,baseline_zero,56,-0.009195937,0
2015-4-16,1,baseline_zero,56,0.001025957,0
2015-4-17,1,baseline_zero,56,0.004297561,0
2015-4-20,1,baseline_zero,56,0.000612432,0
2015-4-21,1,baseline_zero,56,-0.000714541,0
2015-4-22,1,baseline_zero,56,-0.00665952,0
2015-4-23,1,baseline_zero,56,-0.003707522,0
2015-4-24,1,baseline_zero,56,-0.001548867,0
2015-4-27,1,baseline_zero,56,-0.007051777,0
2015-4-28,1,baseline_zero,56,-0.009200274,0
2015-4-29,1,baseline_zero,56,-0.006427502,0
2015-4-30,1,baseline_zero,56,0.007372335,0
2015-5-1,1,baseline_zero,56,0.001886991,0
2015-5-4,1,baseline_zero,56,-0.004198159,0
2015-5-5,1,baseline_zero,56,-0.010466871,0
2015-5-6,1,baseline_zero,56,0.005828449,0
2015-5-7,1,baseline_zero,56,0.001583699,0
2015-5-8,1,baseline_zero,56,0.002318231,0
2015-5-11,1,baseline_zero,56,-0.005064905,0
2015-5-12,1,baseline_zero,56,-0.009673209,0
2015-5-13,1,baseline_zero,56,-0.001710499,0
2015-5-14,1,baseline_zero,56,-0.0034298,0
2015-5-15,1,baseline_zero,56,0.011528736,0
2015-5-18,1,baseline_zero,56,0.011082492,0
2015-5-19,1,baseline_zero,56,0.001887584,0
2015-5-20,1,baseline_zero,56,-0.002097536,0
2015-5-21,1,baseline_zero,56,0.008988355,0
2015-5-22,1,baseline_zero,56,-0.001041016,0
2015-5-25,1,baseline_zero,56,0.013346636,0
2015-5-26,1,baseline_zero,56,0.000719166,0
2015-5-27,1,baseline_zero,56,-0.004116503,0
2015-5-28,1,baseline_zero,56,-0.00061894,0
2015-5-29,1,baseline_zero,56,0.004940823,0
2015-6-1,1,baseline_zero,56,-0.016147748,0
2015-6-2,1,baseline_zero,56,-0.003763726,0
2015-6-3,1,baseline_zero,56,-0.00010475,0
2015-6-4,1,baseline_zero,56,0.008864844,0
2015-4-10,1,baseline_zero,57,0.001508827,0
2015-4-13,1,baseline_zero,57,-0.007668285,0
2015-4-14,1,baseline_zero,57,-0.004161386,0
2015-4-15,1,baseline_zero,57,-0.009195937,0
2015-4-16,1,baseline_zero,57,0.001025957,0
2015-4-17,1,baseline_zero,57,0.004297561,0
2015-4-20,1,baseline_zero,57,0.000612432,0
2015-4-21,1,baseline_zero,57,-0.000714541,0
2015-4-22,1,baseline_zero,57,-0.00665952,0
2015-4-23,1,baseline_zero,57,-0.003707522,0
2015-4-24,1,baseline_zero,57,-0.001548867,0
2015-4-27,1,baseline_zero,57,-0.007051777,0
2015-4-28,1,baseline_zero,57,-0.009200274,0
2015-4-29,1,baseline_zero,57,-0.006427502,0
2015-4-30,1,baseline_zero,57,0.007372335,0
2015-5-1,1,baseline_zero,57,0.001886991,0
2015-5-4,1,baseline_zero,57,-0.004198159,0
2015-5-5,1,baseline_zero,57,-0.010466871,0
2015-5-6,1,baseline_zero,57,0.005828449,0
2015-5-7,1,baseline_zero,57,0.001583699,0
2015-5-8,1,baseline_zero,57,0.002318231,0
2015-5-11,1,baseline_zero,57,-0.005064905,0
2015-5-12,1,baseline_zero,57,-0.009673209,0
2015-5-13,1,baseline_zero,57,-0.001710499,0
2015-5-14,1,baseline_zero,57,-0.0034298,0
2015-5-15,1,baseline_zero,57,0.011528736,0
2015-5-18,1,baseline_zero,57,0.011082492,0
2015-5-19,1,baseline_zero,57,0.001887584,0
2015-5-20,1,baseline_zero,57,-0.002097536,0
2015-5-21,1,baseline_zero,57,0.008988355,0
2015-5-22,1,baseline_zero,57,-0.001041016,0
2015-5-25,1,baseline_zero,57,0.013346636,0
2015-5-26,1,baseline_zero,57,0.000719166,0
2015-5-27,1,baseline_zero,57,-0.004116503,0
2015-5-28,1,baseline_zero,57,-0.00061894,0
2015-5-29,1,baseline_zero,57,0.004940823,0
2015-6-1,1,baseline_zero,57,-0.016147748,0
2015-6-2,1,baseline_zero,57,-0.003763726,0
2015-6-3,1,baseline_zero,57,-0.00010475,0
2015-6-4,1,baseline_zero,57,0.008864844,0
2015-6-5,1,baseline_zero,57,-0.010542345,0
2015-6-8,1,baseline_zero,57,-0.001365045,0
2015-6-9,1,baseline_zero,57,-0.005478888,0
2015-6-10,1,baseline_zero,57,0.003480465,0
2015-6-11,1,baseline_zero,57,-0.000105291,0
2015-6-12,1,baseline_zero,57,-0.001686163,0
2015-6-15,1,baseline_zero,57,0.002002003,0
2015-6-16,1,baseline_zero,57,-0.007395702,0
2015-6-17,1,baseline_zero,57,-0.002760966,0
2015-6-18,1,baseline_zero,57,0.00042526,0
2015-6-19,1,baseline_zero,57,0.002653789,0
2015-6-22,1,baseline_zero,57,0.011593722,0
2015-6-23,1,baseline_zero,57,-0.001782999,0
2015-6-24,1,baseline_zero,57,-0.000735101,0
2015-6-25,1,baseline_zero,57,0.002937168,0
2015-6-26,1,baseline_zero,57,-0.007148144,0
2015-6-29,1,baseline_zero,57,0.007252883,0
2015-6-30,1,baseline_zero,57,0.008655354,0
2015-7-1,1,baseline_zero,57,-0.002078787,0
2015-7-2,1,baseline_zero,57,0,0
2015-5-8,1,baseline_zero,58,0.002318231,0
2015-5-11,1,baseline_zero,58,-0.005064905,0
2015-5-12,1,baseline_zero,58,-0.009673209,0
2015-5-13,1,baseline_zero,58,-0.001710499,0
2015-5-14,1,baseline_zero,58,-0.0034298,0
2015-5-15,1,baseline_zero,58,0.011528736,0
2015-5-18,1,baseline_zero,58,0.011082492,0
2015-5-19,1,baseline_zero,58,0.001887584,0
2015-5-20,1,baseline_zero,58,-0.002097536,0
2015-5-21,1,baseline_zero,58,0.008988355,0
2015-5-22,1,baseline_zero,58,-0.001041016,0
2015-5-25,1,baseline_zero,58,0.013346636,0
2015-5-26,1,baseline_zero,58,0.000719166,0
2015-5-27,1,baseline_zero,58,-0.004116503,0
2015-5-28,1,baseline_zero,58,-0.00061894,0
2015-5-29,1,baseline_zero,58,0.004940823,0
2015-6-1,1,baseline_zero,58,-0.016147748,0
2015-6-2,1,baseline_zero,58,-0.003763726,0
2015-6-3,1,baseline_zero,58,-0.00010475,0
2015-6-4,1,baseline_zero,58,0.008864844,0
2015-6-5,1,baseline_zero,58,-0.010542345,0
2015-6-8,1,baseline_zero,58,-0.001365045,0
2015-6-9,1,baseline_zero,58,-0.005478888,0
2015-6-10,1,baseline_zero,58,0.003480465,0
2015-6-11,1,baseline_zero,58,-0.000105291,0
2015-6-12,1,baseline_zero,58,-0.001686163,0
2015-6-15,1,baseline_zero,58,0.002002003,0
2015-6-16,1,baseline_zero,58,-0.007395702,0
2015-6-17,1,baseline_zero,58,-0.002760966,0
2015-6-18,1,baseline_zero,58,0.00042526,0
2015-6-19,1,baseline_zero,58,0.002653789,0
2015-6-22,1,baseline_zero,58,0.011593722,0
2015-6-23,1,baseline_zero,58,-0.001782999,0
2015-6-24,1,baseline_zero,58,-0.000735101,0
2015-6-25,1,baseline_zero,58,0.002937168,0
2015-6-26,1,baseline_zero,58,-0.007148144,0
2015-6-29,1,baseline_zero,58,0.007252883,0
2015-6-30,1,baseline_zero,58,0.008655354,0
2015-7-1,1,baseline_zero,58,-0.002078787,0
2015-7-2,1,baseline_zero,58,0,0
2015-7-3,1,baseline_zero,58,0.00197495,0
2015-7-6,1,baseline_zero,58,0.005798318,0
2015-7-7,1,baseline_zero,58,-0.005902166,0
2015-7-8,1,baseline_zero,58,0.003317784,0
2015-7-9,1,baseline_zero,58,-0.006021613,0
2015-7-10,1,baseline_zero,58,0.008605994,0
2015-7-13,1,baseline_zero,58,-0.002273903,0
2015-7-14,1,baseline_zero,58,0.005469288,0
2015-7-15,1,baseline_zero,58,0.005132428,0
2015-7-16,1,baseline_zero,58,0.001943436,0
2015-7-17,1,baseline_zero,58,0.001735668,0
2015-7-20,1,baseline_zero,58,-0.007166288,0
2015-7-21,1,baseline_zero,58,0.002770227,0
2015-7-22,1,baseline_zero,58,-0.005033137,0
2015-7-23,1,baseline_zero,58,0.001337793,0
2015-7-24,1,baseline_zero,58,-0.007639141,0
2015-7-27,1,baseline_zero,58,0.002794021,0
2015-7-28,1,baseline_zero,58,0.002167743,0
2015-7-29,1,baseline_zero,58,0.005962802,0
2015-7-30,1,baseline_zero,58,-0.002257569,0
2015-6-5,1,baseline_zero,59,-0.010542345,0
2015-6-8,1,baseline_zero,59,-0.001365045,0
2015-6-9,1,baseline_zero,59,-0.005478888,0
2015-6-10,1,baseline_zero,59,0.003480465,0
2015-6-11,1,baseline_zero,59,-0.000105291,0
2015-6-12,1,baseline_zero,59,-0.001686163,0
2015-6-15,1,baseline_zero,59,0.002002003,0
2015-6-16,1,baseline_zero,59,-0.007395702,0
2015-6-17,1,baseline_zero,59,-0.002760966,0
2015-6-18,1,baseline_zero,59,0.00042526,0
2015-6-19,1,baseline_zero,59,0.002653789,0
2015-6-22,1,baseline_zero,59,0.011593722,0
2015-6-23,1,baseline_zero,59,-0.001782999,0
2015-6-24,1,baseline_zero,59,-0.000735101,0
2015-6-25,1,baseline_zero,59,0.002937168,0
2015-6-26,1,baseline_zero,59,-0.007148144,0
2015-6-29,1,baseline_zero,59,0.007252883,0
2015-6-30,1,baseline_zero,59,0.008655354,0
2015-7-1,1,baseline_zero,59,-0.002078787,0
2015-7-2,1,baseline_zero,59,0,0
2015-7-3,1,baseline_zero,59,0.00197495,0
2015-7-6,1,baseline_zero,59,0.005798318,0
2015-7-7,1,baseline_zero,59,-0.005902166,0
2015-7-8,1,baseline_zero,59,0.003317784,0
2015-7-9,1,baseline_zero,59,-0.006021613,0
2015-7-10,1,baseline_zero,59,0.008605994,0
2015-7-13,1,baseline_zero,59,-0.002273903,0
2015-7-14,1,baseline_zero,59,0.005469288,0
2015-7-15,1,baseline_zero,59,0.005132428,0
2015-7-16,1,baseline_zero,59,0.001943436,0
2015-7-17,1,baseline_zero,59,0.001735668,0
2015-7-20,1,baseline_zero,59,-0.007166288,0
2015-7-21,1,baseline_zero,59,0.002770227,0
2015-7-22,1,baseline_zero,59,-0.005033137,0
2015-7-23,1,baseline_zero,59,0.001337793,0
2015-7-24,1,baseline_zero,59,-0.007639141,0
2015-7-27,1,baseline_zero,59,0.002794021,0
2015-7-28,1,baseline_zero,59,0.002167743,0
2015-7-29,1,baseline_zero,59,0.005962802,0
2015-7-30,1,baseline_zero,59,-0.002257569,0
2015-7-31,1,baseline_zero,59,0.001539804,0
2015-8-3,1,baseline_zero,59,0.004503129,0
2015-8-4,1,baseline_zero,59,0.000306294,0
2015-8-5,1,baseline_zero,59,-0.001327954,0
2015-8-6,1,baseline_zero,59,-0.002763705,0
2015-8-7,1,baseline_zero,59,-0.004108469,0
2015-8-10,1,baseline_zero,59,0.001337105,0
2015-8-11,1,baseline_zero,59,-0.010643345,0
2015-8-12,1,baseline_zero,59,0.001868189,0
2015-8-13,1,baseline_zero,59,0.000829187,0
2015-8-14,1,baseline_zero,59,0.003000054,0
2015-8-17,1,baseline_zero,59,0.00237297,0
2015-8-18,1,baseline_zero,59,-0.007032087,0
2015-8-19,1,baseline_zero,59,-0.003951341,0
2015-8-20,1,baseline_zero,59,-0.010157687,0
2015-8-21,1,baseline_zero,59,-0.01784055,0
2015-8-24,1,baseline_zero,59,0.012775645,0
2015-8-25,1,baseline_zero,59,0.006011725,0
2015-8-26,1,baseline_zero,59,0.005348448,0
2015-8-27,1,baseline_zero,59,0.005215952,0
2015-7-3,1,baseline_zero,60,0.00197495,0
2015-7-6,1,baseline_zero,60,0.005798318,0
2015-7-7,1,baseline_zero,60,-0.005902166,0
2015-7-8,1,baseline_zero,60,0.003317784,0
2015-7-9,1,baseline_zero,60,-0.006021613,0
2015-7-10,1,baseline_zero,60,0.008605994,0
2015-7-13,1,baseline_zero,60,-0.002273903,0
2015-7-14,1,baseline_zero,60,0.005469288,0
2015-7-15,1,baseline_zero,60,0.005132428,0
2015-7-16,1,baseline_zero,60,0.001943436,0
2015-7-17,1,baseline_zero,60,0.001735668,0
2015-7-20,1,baseline_zero,60,-0.007166288,0
2015-7-21,1,baseline_zero,60,0.002770227,0
2015-7-22,1,baseline_zero,60,-0.005033137,0
2015-7-23,1,baseline_zero,60,0.001337793,0
2015-7-24,1,baseline_zero,60,-0.007639141,0
2015-7-27,1,baseline_zero,60,0.002794021,0
2015-7-28,1,baseline_zero,60,0.002167743,0
2015-7-29,1,baseline_zero,60,0.005962802,0
2015-7-30,1,baseline_zero,60,-0.002257569,0
2015-7-31,1,baseline_zero,60,0.001539804,0
2015-8-3,1,baseline_zero,60,0.004503129,0
2015-8-4,1,baseline_zero,60,0.000306294,0
2015-8-5,1,baseline_zero,60,-0.001327954,0
2015-8-6,1,baseline_zero,60,-0.002763705,0
2015-8-7,1,baseline_zero,60,-0.004108469,0
2015-8-10,1,baseline_zero,60,0.001337105,0
2015-8-11,1,baseline_zero,60,-0.010643345,0
2015-8-12,1,baseline_zero,60,0.001868189,0
2015-8-13,1,baseline_zero,60,0.000829187,0
2015-8-14,1,baseline_zero,60,0.003000054,0
2015-8-17,1,baseline_zero,60,0.00237297,0
2015-8-18,1,baseline_zero,60,-0.007032087,0
2015-8-19,1,baseline_zero,60,-0.003951341,0
2015-8-20,1,baseline_zero,60,-0.010157687,0
2015-8-21,1,baseline_zero,60,-0.01784055,0
2015-8-24,1,baseline_zero,60,0.012775645,0
2015-8-25,1,baseline_zero,60,0.006011725,0
2015-8-26,1,baseline_zero,60,0.005348448,0
2015-8-27,1,baseline_zero,60,0.005215952,0
2015-8-28,1,baseline_zero,60,-0.003021937,0
2015-8-31,1,baseline_zero,60,-0.003868881,0
2015-9-1,1,baseline_zero,60,0.003973238,0
2015-9-2,1,baseline_zero,60,0.006034142,0
2015-9-3,1,baseline_zero,60,-0.001868771,0
2015-9-4,1,baseline_zero,60,0,0
2015-9-7,1,baseline_zero,60,-0.002601323,0
2015-9-8,1,baseline_zero,60,0.000312516,0
2015-9-9,1,baseline_zero,60,-0.005745041,0
2015-9-10,1,baseline_zero,60,-0.002832417,0
2015-9-11,1,baseline_zero,60,0.00063012,0
2015-9-14,1,baseline_zero,60,0.003772403,0
2015-9-15,1,baseline_zero,60,-0.001989217,0
2015-9-16,1,baseline_zero,60,-0.009159405,0
2015-9-17,1,baseline_zero,60,0.003273325,0
2015-9-18,1,baseline_zero,60,0.010799581,0
2015-9-21,1,baseline_zero,60,0.004058912,0
2015-9-22,1,baseline_zero,60,-0.00218352,0
2015-9-23,1,baseline_zero,60,0.006432892,0
2015-9-24,1,baseline_zero,60,-0.004353241,0
2015-7-31,1,baseline_zero,61,0.001539804,0
2015-8-3,1,baseline_zero,61,0.004503129,0
2015-8-4,1,baseline_zero,61,0.000306294,0
2015-8-5,1,baseline_zero,61,-0.001327954,0
2015-8-6,1,baseline_zero,61,-0.002763705,0
2015-8-7,1,baseline_zero,61,-0.004108469,0
2015-8-10,1,baseline_zero,61,0.001337105,0
2015-8-11,1,baseline_zero,61,-0.010643345,0
2015-8-12,1,baseline_zero,61,0.001868189,0
2015-8-13,1,baseline_zero,61,0.000829187,0
2015-8-14,1,baseline_zero,61,0.003000054,0
2015-8-17,1,baseline_zero,61,0.00237297,0
2015-8-18,1,baseline_zero,61,-0.007032087,0
2015-8-19,1,baseline_zero,61,-0.003951341,0
2015-8-20,1,baseline_zero,61,-0.010157687,0
2015-8-21,1,baseline_zero,61,-0.01784055,0
2015-8-24,1,baseline_zero,61,0.012775645,0
2015-8-25,1,baseline_zero,61,0.006011725,0
2015-8-26,1,baseline_zero,61,0.005348448,0
2015-8-27,1,baseline_zero,61,0.005215952,0
2015-8-28,1,baseline_zero,61,-0.003021937,0
2015-8-31,1,baseline_zero,61,-0.003868881,0
2015-9-1,1,baseline_zero,61,0.003973238,0
2015-9-2,1,baseline_zero,61,0.006034142,0
2015-9-3,1,baseline_zero,61,-0.001868771,0
2015-9-4,1,baseline_zero,61,0,0
2015-9-7,1,baseline_zero,61,-0.002601323,0
2015-9-8,1,baseline_zero,61,0.000312516,0
2015-9-9,1,baseline_zero,61,-0.005745041,0
2015-9-10,1,baseline_zero,61,-0.002832417,0
2015-9-11,1,baseline_zero,61,0.00063012,0
2015-9-14,1,baseline_zero,61,0.003772403,0
2015-9-15,1,baseline_zero,61,-0.001989217,0
2015-9-16,1,baseline_zero,61,-0.009159405,0
2015-9-17,1,baseline_zero,61,0.003273325,0
2015-9-18,1,baseline_zero,61,0.010799581,0
2015-9-21,1,baseline_zero,61,0.004058912,0
2015-9-22,1,baseline_zero,61,-0.00218352,0
2015-9-23,1,baseline_zero,61,0.006432892,0
2015-9-24,1,baseline_zero,61,-0.004353241,0
2015-9-25,1,baseline_zero,61,-0.002496101,0
2015-9-28,1,baseline_zero,61,-0.001771849,0
2015-9-29,1,baseline_zero,61,0.005098601,0
2015-9-30,1,baseline_zero,61,-0.001661993,0
2015-10-1,1,baseline_zero,61,-0.003749614,0
2015-10-2,1,baseline_zero,61,0.00291758,0
2015-10-5,1,baseline_zero,61,-0.006890819,0
2015-10-6,1,baseline_zero,61,0.000523697,0
2015-10-7,1,baseline_zero,61,-0.001886595,0
2015-10-8,1,baseline_zero,61,-0.005364763,0
2015-10-9,1,baseline_zero,61,0.000316372,0
2015-10-12,1,baseline_zero,61,-0.000843882,0
2015-10-13,1,baseline_zero,61,-0.008797555,0
2015-10-14,1,baseline_zero,61,0.004673402,0
2015-10-15,1,baseline_zero,61,0.001799799,0
2015-10-16,1,baseline_zero,61,0.004116753,0
2015-10-19,1,baseline_zero,61,-0.000210704,0
2015-10-20,1,baseline_zero,61,0.001263557,0
2015-10-21,1,baseline_zero,61,0.01410608,0
2015-10-22,1,baseline_zero,61,0.007751576,0
2015-8-28,1,baseline_zero,62,-0.003021937,0
2015-8-31,1,baseline_zero,62,-0.003868881,0
2015-9-1,1,baseline_zero,62,0.003973238,0
2015-9-2,1,baseline_zero,62,0.006034142,0
2015-9-3,1,baseline_zero,62,-0.001868771,0
2015-9-4,1,baseline_zero,62,0,0
2015-9-7,1,baseline_zero,62,-0.002601323,0
2015-9-8,1,baseline_zero,62,0.000312516,0
2015-9-9,1,baseline_zero,62,-0.005745041,0
2015-9-10,1,baseline_zero,62,-0.002832417,0
2015-9-11,1,baseline_zero,62,0.00063012,0
2015-9-14,1,baseline_zero,62,0.003772403,0
2015-9-15,1,baseline_zero,62,-0.001989217,0
2015-9-16,1,baseline_zero,62,-0.009159405,0
2015-9-17,1,baseline_zero,62,0.003273325,0
2015-9-18,1,baseline_zero,62,0.010799581,0
2015-9-21,1,baseline_zero,62,0.004058912,0
2015-9-22,1,baseline_zero,62,-0.00218352,0
2015-9-23,1,baseline_zero,62,0.006432892,0
2015-9-24,1,baseline_zero,62,-0.004353241,0
2015-9-25,1,baseline_zero,62,-0.002496101,0
2015-9-28,1,baseline_zero,62,-0.001771849,0
2015-9-29,1,baseline_zero,62,0.005098601,0
2015-9-30,1,baseline_zero,62,-0.001661993,0
2015-10-1,1,baseline_zero,62,-0.003749614,0
2015-10-2,1,baseline_zero,62,0.00291758,0
2015-10-5,1,baseline_zero,62,-0.006890819,0
2015-10-6,1,baseline_zero,62,0.000523697,0
2015-10-7,1,baseline_zero,62,-0.001886595,0
2015-10-8,1,baseline_zero,62,-0.005364763,0
2015-10-9,1,baseline_zero,62,0.000316372,0
2015-10-12,1,baseline_zero,62,-0.000843882,0
2015-10-13,1,baseline_zero,62,-0.008797555,0
2015-10-14,1,baseline_zero,62,0.004673402,0
2015-10-15,1,baseline_zero,62,0.001799799,0
2015-10-16,1,baseline_zero,62,0.004116753,0
2015-10-19,1,baseline_zero,62,-0.000210704,0
2015-10-20,1,baseline_zero,62,0.001263557,0
2015-10-21,1,baseline_zero,62,0.01410608,0
2015-10-22,1,baseline_zero,62,0.007751576,0
2015-10-23,1,baseline_zero,62,-0.00278365,0
2015-10-26,1,baseline_zero,62,0.000516076,0
2015-10-27,1,baseline_zero,62,0.008937344,0
2015-10-28,1,baseline_zero,62,-0.005126639,0
2015-10-29,1,baseline_zero,62,-0.003398037,0
2015-10-30,1,baseline_zero,62,-0.000206313,0
2015-11-2,1,baseline_zero,62,0.002370036,0
2015-11-3,1,baseline_zero,62,0.00809804,0
2015-11-4,1,baseline_zero,62,-0.000102098,0
2015-11-5,1,baseline_zero,62,0.012480503,0
2015-11-6,1,baseline_zero,62,-0.00191774,0
2015-11-9,1,baseline_zero,62,0.003127052,0
2015-11-10,1,baseline_zero,62,-0.002824006,0
2015-11-11,1,baseline_zero,62,-0.003642623,0
2015-11-12,1,baseline_zero,62,0.003541618,0
2015-11-13,1,baseline_zero,62,0.004434597,0
2015-11-16,1,baseline_zero,62,0.001908877,0
2015-11-17,1,baseline_zero,62,0.000200723,0
2015-11-18,1,baseline_zero,62,-0.006645212,0
2015-11-19,1,baseline_zero,62,0.005741643,0
2015-9-25,1,baseline_zero,63,-0.002496101,0
2015-9-28,1,baseline_zero,63,-0.001771849,0
2015-9-29,1,baseline_zero,63,0.005098601,0
2015-9-30,1,baseline_zero,63,-0.001661993,0
2015-10-1,1,baseline_zero,63,-0.003749614,0
2015-10-2,1,baseline_zero,63,0.00291758,0
2015-10-5,1,baseline_zero,63,-0.006890819,0
2015-10-6,1,baseline_zero,63,0.000523697,0
2015-10-7,1,baseline_zero,63,-0.001886595,0
2015-10-8,1,baseline_zero,63,-0.005364763,0
2015-10-9,1,baseline_zero,63,0.000316372,0
2015-10-12,1,baseline_zero,63,-0.000843882,0
2015-10-13,1,baseline_zero,63,-0.008797555,0
2015-10-14,1,baseline_zero,63,0.004673402,0
2015-10-15,1,baseline_zero,63,0.001799799,0
2015-10-16,1,baseline_zero,63,0.004116753,0
2015-10-19,1,baseline_zero,63,-0.000210704,0
2015-10-20,1,baseline_zero,63,0.001263557,0
2015-10-21,1,baseline_zero,63,0.01410608,0
2015-10-22,1,baseline_zero,63,0.007751576,0
2015-10-23,1,baseline_zero,63,-0.00278365,0
2015-10-26,1,baseline_zero,63,0.000516076,0
2015-10-27,1,baseline_zero,63,0.008937344,0
2015-10-28,1,baseline_zero,63,-0.005126639,0
2015-10-29,1,baseline_zero,63,-0.003398037,0
2015-10-30,1,baseline_zero,63,-0.000206313,0
2015-11-2,1,baseline_zero,63,0.002370036,0
2015-11-3,1,baseline_zero,63,0.00809804,0
2015-11-4,1,baseline_zero,63,-0.000102098,0
2015-11-5,1,baseline_zero,63,0.012480503,0
2015-11-6,1,baseline_zero,63,-0.00191774,0
2015-11-9,1,baseline_zero,63,0.003127052,0
2015-11-10,1,baseline_zero,63,-0.002824006,0
2015-11-11,1,baseline_zero,63,-0.003642623,0
2015-11-12,1,baseline_zero,63,0.003541618,0
2015-11-13,1,baseline_zero,63,0.004434597,0
2015-11-16,1,baseline_zero,63,0.001908877,0
2015-11-17,1,baseline_zero,63,0.000200723,0
2015-11-18,1,baseline_zero,63,-0.006645212,0
2015-11-19,1,baseline_zero,63,0.005741643,0
2015-11-20,1,baseline_zero,63,0.002407706,0
2015-11-23,1,baseline_zero,63,-0.002709077,0
2015-11-24,1,baseline_zero,63,0.002709077,0
2015-11-25,1,baseline_zero,63,0,0
2015-11-26,1,baseline_zero,63,0.002201983,0
2015-11-27,1,baseline_zero,63,0.001498577,0
2015-11-30,1,baseline_zero,63,-0.003700559,0
2015-12-1,1,baseline_zero,63,0.001901998,0
2015-12-2,1,baseline_zero,63,-0.023987791,0
2015-12-3,1,baseline_zero,63,0.007450154,0
2015-12-4,1,baseline_zero,63,0.003147051,0
2015-12-7,1,baseline_zero,63,-0.001927663,0
2015-12-8,1,baseline_zero,63,-0.011541929,0
2015-12-9,1,baseline_zero,63,0.006145042,0
2015-12-10,1,baseline_zero,63,-0.003887473,0
2015-12-11,1,baseline_zero,63,0.00040992,0
2015-12-14,1,baseline_zero,63,0.006332367,0
2015-12-15,1,baseline_zero,63,-0.003569793,0
2015-12-16,1,baseline_zero,63,0.014203343,0
2015-12-17,1,baseline_zero,63,-0.005758464,0
2015-10-23,1,baseline_zero,64,-0.00278365,0
2015-10-26,1,baseline_zero,64,0.000516076,0
2015-10-27,1,baseline_zero,64,0.008937344,0
2015-10-28,1,baseline_zero,64,-0.005126639,0
2015-10-29,1,baseline_zero,64,-0.003398037,0
2015-10-30,1,baseline_zero,64,-0.000206313,0
2015-11-2,1,baseline_zero,64,0.002370036,0
2015-11-3,1,baseline_zero,64,0.00809804,0
2015-11-4,1,baseline_zero,64,-0.000102098,0
2015-11-5,1,baseline_zero,64,0.012480503,0
2015-11-6,1,baseline_zero,64,-0.00191774,0
2015-11-9,1,baseline_zero,64,0.003127052,0
2015-11-10,1,baseline_zero,64,-0.002824006,0
2015-11-11,1,baseline_zero,64,-0.003642623,0
2015-11-12,1,baseline_zero,64,0.003541618,0
2015-11-13,1,baseline_zero,64,0.004434597,0
2015-11-16,1,baseline_zero,64,0.001908877,0
2015-11-17,1,baseline_zero,64,0.000200723,0
2015-11-18,1,baseline_zero,64,-0.006645212,0
2015-11-19,1,baseline_zero,64,0.005741643,0
2015-11-20,1,baseline_zero,64,0.002407706,0
2015-11-23,1,baseline_zero,64,-0.002709077,0
2015-11-24,1,baseline_zero,64,0.002709077,0
2015-11-25,1,baseline_zero,64,0,0
2015-11-26,1,baseline_zero,64,0.002201983,0
2015-11-27,1,baseline_zero,64,0.001498577,0
2015-11-30,1,baseline_zero,64,-0.003700559,0
2015-12-1,1,baseline_zero,64,0.001901998,0
2015-12-2,1,baseline_zero,64,-0.023987791,0
2015-12-3,1,baseline_zero,64,0.007450154,0
2015-12-4,1,baseline_zero,64,0.003147051,0
2015-12-7,1,baseline_zero,64,-0.001927663,0
2015-12-8,1,baseline_zero,64,-0.011541929,0
2015-12-9,1,baseline_zero,64,0.006145042,0
2015-12-10,1,baseline_zero,64,-0.003887473,0
2015-12-11,1,baseline_zero,64,0.00040992,0
2015-12-14,1,baseline_zero,64,0.006332367,0
2015-12-15,1,baseline_zero,64,-0.003569793,0
2015-12-16,1,baseline_zero,64,0.014203343,0
2015-12-17,1,baseline_zero,64,-0.005758464,0
2015-12-18,1,baseline_zero,64,-0.003450729,0
2015-12-21,1,baseline_zero,64,-0.00132255,0
2015-12-22,1,baseline_zero,64,0.001119194,0
2015-12-23,1,baseline_zero,64,-0.003667486,0
2015-12-24,1,baseline_zero,64,0,0
2015-12-25,1,baseline_zero,64,-0.000612557,0
2015-12-28,1,baseline_zero,64,0.001836548,0
2015-12-29,1,baseline_zero,64,0.001731426,0
2015-12-30,1,baseline_zero,64,0.003656683,0
2015-12-31,1,baseline_zero,64,0,0
2016-1-1,1,baseline_zero,64,0.002430381,0
2016-1-4,1,baseline_zero,64,0.005346258,0
2016-1-5,1,baseline_zero,64,-0.002215733,0
2016-1-6,1,baseline_zero,64,-0.00972652,0
2016-1-7,1,baseline_zero,64,0.003252697,0
2016-1-8,1,baseline_zero,64,0.001825003,0
2016-1-11,1,baseline_zero,64,0.002529214,0
2016-1-12,1,baseline_zero,64,-0.000404245,0
2016-1-13,1,baseline_zero,64,0.001615999,0
2016-1-14,1,baseline_zero,64,-0.0013128,0
2015-11-20,1,baseline_zero,65,0.002407706,0
2015-11-23,1,baseline_zero,65,-0.002709077,0
2015-11-24,1,baseline_zero,65,0.002709077,0
2015-11-25,1,baseline_zero,65,0,0
2015-11-26,1,baseline_zero,65,0.002201983,0
2015-11-27,1,baseline_zero,65,0.001498577,0
2015-11-30,1,baseline_zero,65,-0.003700559,0
2015-12-1,1,baseline_zero,65,0.001901998,0
2015-12-2,1,baseline_zero,65,-0.023987791,0
2015-12-3,1,baseline_zero,65,0.007450154,0
2015-12-4,1,baseline_zero,65,0.003147051,0
2015-12-7,1,baseline_zero,65,-0.001927663,0
2015-12-8,1,baseline_zero,65,-0.011541929,0
2015-12-9,1,baseline_zero,65,0.006145042,0
2015-12-10,1,baseline_zero,65,-0.003887473,0
2015-12-11,1,baseline_zero,65,0.00040992,0
2015-12-14,1,baseline_zero,65,0.006332367,0
2015-12-15,1,baseline_zero,65,-0.003569793,0
2015-12-16,1,baseline_zero,65,0.014203343,0
2015-12-17,1,baseline_zero,65,-0.005758464,0
2015-12-18,1,baseline_zero,65,-0.003450729,0
2015-12-21,1,baseline_zero,65,-0.00132255,0
2015-12-22,1,baseline_zero,65,0.001119194,0
2015-12-23,1,baseline_zero,65,-0.003667486,0
2015-12-24,1,baseline_zero,65,0,0
2015-12-25,1,baseline_zero,65,-0.000612557,0
2015-12-28,1,baseline_zero,65,0.001836548,0
2015-12-29,1,baseline_zero,65,0.001731426,0
2015-12-30,1,baseline_zero,65,0.003656683,0
2015-12-31,1,baseline_zero,65,0,0
2016-1-1,1,baseline_zero,65,0.002430381,0
2016-1-4,1,baseline_zero,65,0.005346258,0
2016-1-5,1,baseline_zero,65,-0.002215733,0
2016-1-6,1,baseline_zero,65,-0.00972652,0
2016-1-7,1,baseline_zero,65,0.003252697,0
2016-1-8,1,baseline_zero,65,0.001825003,0
2016-1-11,1,baseline_zero,65,0.002529214,0
2016-1-12,1,baseline_zero,65,-0.000404245,0
2016-1-13,1,baseline_zero,65,0.001615999,0
2016-1-14,1,baseline_zero,65,-0.0013128,0
2016-1-15,1,baseline_zero,65,0,0
2016-1-18,1,baseline_zero,65,0.000303107,0
2016-1-19,1,baseline_zero,65,0.001009693,0
2016-1-20,1,baseline_zero,65,-0.000302801,0
2016-1-21,1,baseline_zero,65,0.005135187,0
2016-1-22,1,baseline_zero,65,-0.002111296,0
2016-1-25,1,baseline_zero,65,0,0
2016-1-26,1,baseline_zero,65,-0.00464038,0
2016-1-27,1,baseline_zero,65,-0.003951173,0
2016-1-28,1,baseline_zero,65,0.011104495,0
2016-1-29,1,baseline_zero,65,-0.006041706,0
2016-2-1,1,baseline_zero,65,-0.001414999,0
2016-2-2,1,baseline_zero,65,-0.016109647,0
2016-2-3,1,baseline_zero,65,-0.00846413,0
2016-2-4,1,baseline_zero,65,0.00578813,0
2016-2-5,1,baseline_zero,65,-0.004752075,0
2016-2-8,1,baseline_zero,65,-0.005191042,0
2016-2-9,1,baseline_zero,65,-0.001875391,0
2016-2-10,1,baseline_zero,65,-0.003447379,0
2016-2-11,1,baseline_zero,65,0.003968674,0
2015-12-18,1,baseline_zero,66,-0.003450729,0
2015-12-21,1,baseline_zero,66,-0.00132255,0
2015-12-22,1,baseline_zero,66,0.001119194,0
2015-12-23,1,baseline_zero,66,-0.003667486,0
2015-12-24,1,baseline_zero,66,0,0
2015-12-25,1,baseline_zero,66,-0.000612557,0
2015-12-28,1,baseline_zero,66,0.001836548,0
2015-12-29,1,baseline_zero,66,0.001731426,0
2015-12-30,1,baseline_zero,66,0.003656683,0
2015-12-31,1,baseline_zero,66,0,0
2016-1-1,1,baseline_zero,66,0.002430381,0
2016-1-4,1,baseline_zero,66,0.005346258,0
2016-1-5,1,baseline_zero,66,-0.002215733,0
2016-1-6,1,baseline_zero,66,-0.00972652,0
2016-1-7,1,baseline_zero,66,0.003252697,0
2016-1-8,1,baseline_zero,66,0.001825003,0
2016-1-11,1,baseline_zero,66,0.002529214,0
2016-1-12,1,baseline_zero,66,-0.000404245,0
2016-1-13,1,baseline_zero,66,0.001615999,0
2016-1-14,1,baseline_zero,66,-0.0013128,0
2016-1-15,1,baseline_zero,66,0,0
2016-1-18,1,baseline_zero,66,0.000303107,0
2016-1-19,1,baseline_zero,66,0.001009693,0
2016-1-20,1,baseline_zero,66,-0.000302801,0
2016-1-21,1,baseline_zero,66,0.005135187,0
2016-1-22,1,baseline_zero,66,-0.002111296,0
2016-1-25,1,baseline_zero,66,0,0
2016-1-26,1,baseline_zero,66,-0.00464038,0
2016-1-27,1,baseline_zero,66,-0.003951173,0
2016-1-28,1,baseline_zero,66,0.011104495,0
2016-1-29,1,baseline_zero,66,-0.006041706,0
2016-2-1,1,baseline_zero,66,-0.001414999,0
2016-2-2,1,baseline_zero,66,-0.016109647,0
2016-2-3,1,baseline_zero,66,-0.00846413,0
2016-2-4,1,baseline_zero,66,0.00578813,0
2016-2-5,1,baseline_zero,66,-0.004752075,0
2016-2-8,1,baseline_zero,66,-0.005191042,0
2016-2-9,1,baseline_zero,66,-0.001875391,0
2016-2-10,1,baseline_zero,66,-0.003447379,0
2016-2-11,1,baseline_zero,66,0.003968674,0
2016-2-12,1,baseline_zero,66,0.00041684,0
2016-2-15,1,baseline_zero,66,0.009230037,0
2016-2-16,1,baseline_zero,66,-0.00082619,0
2016-2-17,1,baseline_zero,66,0.001651699,0
2016-2-18,1,baseline_zero,66,-0.00361664,0
2016-2-19,1,baseline_zero,66,0.00804211,0
2016-2-22,1,baseline_zero,66,0.001026378,0
2016-2-23,1,baseline_zero,66,-0.000205191,0
2016-2-24,1,baseline_zero,66,-0.001745828,0
2016-2-25,1,baseline_zero,66,0.008800712,0
2016-2-26,1,baseline_zero,66,0.000611122,0
2016-2-29,1,baseline_zero,66,0.001424502,0
2016-3-1,1,baseline_zero,66,-0.001424502,0
2016-3-2,1,baseline_zero,66,-0.006333014,0
2016-3-3,1,baseline_zero,66,-0.002565025,0
2016-3-4,1,baseline_zero,66,-0.002777637,0
2016-3-7,1,baseline_zero,66,0.001441219,0
2016-3-8,1,baseline_zero,66,-0.000411565,0
2016-3-9,1,baseline_zero,66,-0.011384929,0
2016-3-10,1,baseline_zero,66,0.001040366,0
2016-1-15,1,baseline_zero,67,0,0
2016-1-18,1,baseline_zero,67,0.000303107,0
2016-1-19,1,baseline_zero,67,0.001009693,0
2016-1-20,1,baseline_zero,67,-0.000302801,0
2016-1-21,1,baseline_zero,67,0.005135187,0
2016-1-22,1,baseline_zero,67,-0.002111296,0
2016-1-25,1,baseline_zero,67,0,0
2016-1-26,1,baseline_zero,67,-0.00464038,0
2016-1-27,1,baseline_zero,67,-0.003951173,0
2016-1-28,1,baseline_zero,67,0.011104495,0
2016-1-29,1,baseline_zero,67,-0.006041706,0
2016-2-1,1,baseline_zero,67,-0.001414999,0
2016-2-2,1,baseline_zero,67,-0.016109647,0
2016-2-3,1,baseline_zero,67,-0.00846413,0
2016-2-4,1,baseline_zero,67,0.00578813,0
2016-2-5,1,baseline_zero,67,-0.004752075,0
2016-2-8,1,baseline_zero,67,-0.005191042,0
2016-2-9,1,baseline_zero,67,-0.001875391,0
2016-2-10,1,baseline_zero,67,-0.003447379,0
2016-2-11,1,baseline_zero,67,0.003968674,0
2016-2-12,1,baseline_zero,67,0.00041684,0
2016-2-15,1,baseline_zero,67,0.009230037,0
2016-2-16,1,baseline_zero,67,-0.00082619,0
2016-2-17,1,baseline_zero,67,0.001651699,0
2016-2-18,1,baseline_zero,67,-0.00361664,0
2016-2-19,1,baseline_zero,67,0.00804211,0
2016-2-22,1,baseline_zero,67,0.001026378,0
2016-2-23,1,baseline_zero,67,-0.000205191,0
2016-2-24,1,baseline_zero,67,-0.001745828,0
2016-2-25,1,baseline_zero,67,0.008800712,0
2016-2-26,1,baseline_zero,67,0.000611122,0
2016-2-29,1,baseline_zero,67,0.001424502,0
2016-3-1,1,baseline_zero,67,-0.001424502,0
2016-3-2,1,baseline_zero,67,-0.006333014,0
2016-3-3,1,baseline_zero,67,-0.002565025,0
2016-3-4,1,baseline_zero,67,-0.002777637,0
2016-3-7,1,baseline_zero,67,0.001441219,0
2016-3-8,1,baseline_zero,67,-0.000411565,0
2016-3-9,1,baseline_zero,67,-0.011384929,0
2016-3-10,1,baseline_zero,67,0.001040366,0
2016-3-11,1,baseline_zero,67,0.0046683,0
2016-3-14,1,baseline_zero,67,0.000103493,0
2016-3-15,1,baseline_zero,67,-0.007687551,0
2016-3-16,1,baseline_zero,67,-0.011854322,0
2016-3-17,1,baseline_zero,67,0.003476432,0
2016-3-18,1,baseline_zero,67,0.002101062,0
2016-3-21,1,baseline_zero,67,0.003770823,0
2016-3-22,1,baseline_zero,67,0.004173193,0
2016-3-23,1,baseline_zero,67,0.000936573,0
2016-3-24,1,baseline_zero,67,0,0
2016-3-25,1,baseline_zero,67,-0.002082466,0
2016-3-28,1,baseline_zero,67,-0.008163311,0
2016-3-29,1,baseline_zero,67,-0.003368424,0
2016-3-30,1,baseline_zero,67,-0.002639499,0
2016-3-31,1,baseline_zero,67,0.000317108,0
2016-4-1,1,baseline_zero,67,-0.001163221,0
2016-4-4,1,baseline_zero,67,0.001268902,0
2016-4-5,1,baseline_zero,67,-0.002115731,0
2016-4-6,1,baseline_zero,67,0.000529353,0
2016-4-7,1,baseline_zero,67,-0.00264957,0
2016-2-12,1,baseline_zero,68,0.00041684,0
2016-2-15,1,baseline_zero,68,0.009230037,0
2016-2-16,1,baseline_zero,68,-0.00082619,0
2016-2-17,1,baseline_zero,68,0.001651699,0
2016-2-18,1,baseline_zero,68,-0.00361664,0
2016-2-19,1,baseline_zero,68,0.00804211,0
2016-2-22,1,baseline_zero,68,0.001026378,0
2016-2-23,1,baseline_zero,68,-0.000205191,0
2016-2-24,1,baseline_zero,68,-0.001745828,0
2016-2-25,1,baseline_zero,68,0.008800712,0
2016-2-26,1,baseline_zero,68,0.000611122,0
2016-2-29,1,baseline_zero,68,0.001424502,0
2016-3-1,1,baseline_zero,68,-0.001424502,0
2016-3-2,1,baseline_zero,68,-0.006333014,0
2016-3-3,1,baseline_zero,68,-0.002565025,0
2016-3-4,1,baseline_zero,68,-0.002777637,0
2016-3-7,1,baseline_zero,68,0.001441219,0
2016-3-8,1,baseline_zero,68,-0.000411565,0
2016-3-9,1,baseline_zero,68,-0.011384929,0
2016-3-10,1,baseline_zero,68,0.001040366,0
2016-3-11,1,baseline_zero,68,0.0046683,0
2016-3-14,1,baseline_zero,68,0.000103493,0
2016-3-15,1,baseline_zero,68,-0.007687551,0
2016-3-16,1,baseline_zero,68,-0.011854322,0
2016-3-17,1,baseline_zero,68,0.003476432,0
2016-3-18,1,baseline_zero,68,0.002101062,0
2016-3-21,1,baseline_zero,68,0.003770823,0
2016-3-22,1,baseline_zero,68,0.004173193,0
2016-3-23,1,baseline_zero,68,0.000936573,0
2016-3-24,1,baseline_zero,68,0,0
2016-3-25,1,baseline_zero,68,-0.002082466,0
2016-3-28,1,baseline_zero,68,-0.008163311,0
2016-3-29,1,baseline_zero,68,-0.003368424,0
2016-3-30,1,baseline_zero,68,-0.002639499,0
2016-3-31,1,baseline_zero,68,0.000317108,0
2016-4-1,1,baseline_zero,68,-0.001163221,0
2016-4-4,1,baseline_zero,68,0.001268902,0
2016-4-5,1,baseline_zero,68,-0.002115731,0
2016-4-6,1,baseline_zero,68,0.000529353,0
2016-4-7,1,baseline_zero,68,-0.00264957,0
2016-4-8,1,baseline_zero,68,-0.002975876,0
2016-4-11,1,baseline_zero,68,0.000106434,0
2016-4-12,1,baseline_zero,68,0.008267138,0
2016-4-13,1,baseline_zero,68,0.001687408,0
2016-4-14,1,baseline_zero,68,-0.002109705,0
2016-4-15,1,baseline_zero,68,-0.002219991,0
2016-4-18,1,baseline_zero,68,-0.005412015,0
2016-4-19,1,baseline_zero,68,0.005412015,0
2016-4-20,1,baseline_zero,68,0.001163467,0
2016-4-21,1,baseline_zero,68,0.005481776,0
2016-4-22,1,baseline_zero,68,-0.002947991,0
2016-4-25,1,baseline_zero,68,-0.00285096,0
2016-4-26,1,baseline_zero,68,-0.001905166,0
2016-4-27,1,baseline_zero,68,-0.00669681,0
2016-4-28,1,baseline_zero,68,-0.007278987,0
2016-4-29,1,baseline_zero,68,-0.004846275,0
2016-5-2,1,baseline_zero,68,0.00334106,0
2016-5-3,1,baseline_zero,68,0.002578983,0
2016-5-4,1,baseline_zero,68,0.006418507,0
2016-5-5,1,baseline_zero,68,0.001172271,0
2016-3-11,1,baseline_zero,69,0.0046683,0
2016-3-14,1,baseline_zero,69,0.000103493,0
2016-3-15,1,baseline_zero,69,-0.007687551,0
2016-3-16,1,baseline_zero,69,-0.011854322,0
2016-3-17,1,baseline_zero,69,0.003476432,0
2016-3-18,1,baseline_zero,69,0.002101062,0
2016-3-21,1,baseline_zero,69,0.003770823,0
2016-3-22,1,baseline_zero,69,0.004173193,0
2016-3-23,1,baseline_zero,69,0.000936573,0
2016-3-24,1,baseline_zero,69,0,0
2016-3-25,1,baseline_zero,69,-0.002082466,0
2016-3-28,1,baseline_zero,69,-0.008163311,0
2016-3-29,1,baseline_zero,69,-0.003368424,0
2016-3-30,1,baseline_zero,69,-0.002639499,0
2016-3-31,1,baseline_zero,69,0.000317108,0
2016-4-1,1,baseline_zero,69,-0.001163221,0
2016-4-4,1,baseline_zero,69,0.001268902,0
2016-4-5,1,baseline_zero,69,-0.002115731,0
2016-4-6,1,baseline_zero,69,0.000529353,0
2016-4-7,1,baseline_zero,69,-0.00264957,0
2016-4-8,1,baseline_zero,69,-0.002975876,0
2016-4-11,1,baseline_zero,69,0.000106434,0
2016-4-12,1,baseline_zero,69,0.008267138,0
2016-4-13,1,baseline_zero,69,0.001687408,0
2016-4-14,1,baseline_zero,69,-0.002109705,0
2016-4-15,1,baseline_zero,69,-0.002219991,0
2016-4-18,1,baseline_zero,69,-0.005412015,0
2016-4-19,1,baseline_zero,69,0.005412015,0
2016-4-20,1,baseline_zero,69,0.001163467,0
2016-4-21,1,baseline_zero,69,0.005481776,0
2016-4-22,1,baseline_zero,69,-0.002947991,0
2016-4-25,1,baseline_zero,69,-0.00285096,0
2016-4-26,1,baseline_zero,69,-0.001905166,0
2016-4-27,1,baseline_zero,69,-0.00669681,0
2016-4-28,1,baseline_zero,69,-0.007278987,0
2016-4-29,1,baseline_zero,69,-0.004846275,0
2016-5-2,1,baseline_zero,69,0.00334106,0
2016-5-3,1,baseline_zero,69,0.002578983,0
2016-5-4,1,baseline_zero,69,0.006418507,0
2016-5-5,1,baseline_zero,69,0.001172271,0
2016-5-6,1,baseline_zero,69,0.002552921,0
2016-5-9,1,baseline_zero,69,0.001698334,0
2016-5-10,1,baseline_zero,69,-0.004997087,0
2016-5-11,1,baseline_zero,69,0.003511202,0
2016-5-12,1,baseline_zero,69,0.004873924,0
2016-5-13,1,baseline_zero,69,-0.000422878,0
2016-5-16,1,baseline_zero,69,-0.000211506,0
2016-5-17,1,baseline_zero,69,0.005589847,0
2016-5-18,1,baseline_zero,69,0.002206231,0
2016-5-19,1,baseline_zero,69,0.000419683,0
2016-5-20,1,baseline_zero,69,-0.001049538,0
2016-5-23,1,baseline_zero,69,0.003563945,0
2016-5-24,1,baseline_zero,69,-0.002304631,0
2016-5-25,1,baseline_zero,69,-0.001889566,0
2016-5-26,1,baseline_zero,69,0.003670884,0
2016-5-27,1,baseline_zero,69,0,0
2016-5-30,1,baseline_zero,69,0.003866052,0
2016-5-31,1,baseline_zero,69,-0.004599151,0
2016-6-1,1,baseline_zero,69,0.001151772,0
2016-6-2,1,baseline_zero,69,-0.016140442,0
2016-4-8,1,baseline_zero,70,-0.002975876,0
2016-4-11,1,baseline_zero,70,0.000106434,0
2016-4-12,1,baseline_zero,70,0.008267138,0
2016-4-13,1,baseline_zero,70,0.001687408,0
2016-4-14,1,baseline_zero,70,-0.002109705,0
2016-4-15,1,baseline_zero,70,-0.002219991,0
2016-4-18,1,baseline_zero,70,-0.005412015,0
2016-4-19,1,baseline_zero,70,0.005412015,0
2016-4-20,1,baseline_zero,70,0.001163467,0
2016-4-21,1,baseline_zero,70,0.005481776,0
2016-4-22,1,baseline_zero,70,-0.002947991,0
2016-4-25,1,baseline_zero,70,-0.00285096,0
2016-4-26,1,baseline_zero,70,-0.001905166,0
2016-4-27,1,baseline_zero,70,-0.00669681,0
2016-4-28,1,baseline_zero,70,-0.007278987,0
2016-4-29,1,baseline_zero,70,-0.004846275,0
2016-5-2,1,baseline_zero,70,0.00334106,0
2016-5-3,1,baseline_zero,70,0.002578983,0
2016-5-4,1,baseline_zero,70,0.006418507,0
2016-5-5,1,baseline_zero,70,0.001172271,0
2016-5-6,1,baseline_zero,70,0.002552921,0
2016-5-9,1,baseline_zero,70,0.001698334,0
2016-5-10,1,baseline_zero,70,-0.004997087,0
2016-5-11,1,baseline_zero,70,0.003511202,0
2016-5-12,1,baseline_zero,70,0.004873924,0
2016-5-13,1,baseline_zero,70,-0.000422878,0
2016-5-16,1,baseline_zero,70,-0.000211506,0
2016-5-17,1,baseline_zero,70,0.005589847,0
2016-5-18,1,baseline_zero,70,0.002206231,0
2016-5-19,1,baseline_zero,70,0.000419683,0
2016-5-20,1,baseline_zero,70,-0.001049538,0
2016-5-23,1,baseline_zero,70,0.003563945,0
2016-5-24,1,baseline_zero,70,-0.002304631,0
2016-5-25,1,baseline_zero,70,-0.001889566,0
2016-5-26,1,baseline_zero,70,0.003670884,0
2016-5-27,1,baseline_zero,70,0,0
2016-5-30,1,baseline_zero,70,0.003866052,0
2016-5-31,1,baseline_zero,70,-0.004599151,0
2016-6-1,1,baseline_zero,70,0.001151772,0
2016-6-2,1,baseline_zero,70,-0.016140442,0
2016-6-3,1,baseline_zero,70,-0.001383494,0
2016-6-6,1,baseline_zero,70,-0.000745752,0
2016-6-7,1,baseline_zero,70,-0.002561094,0
2016-6-8,1,baseline_zero,70,0.003839186,0
2016-6-9,1,baseline_zero,70,0.006577575,0
2016-6-10,1,baseline_zero,70,-0.002223046,0
2016-6-13,1,baseline_zero,70,0.006022523,0
2016-6-14,1,baseline_zero,70,-0.003376599,0
2016-6-15,1,baseline_zero,70,-0.000422878,0
2016-6-16,1,baseline_zero,70,-0.003813968,0
2016-6-17,1,baseline_zero,70,-0.006389118,0
2016-6-20,1,baseline_zero,70,0.00437031,0
2016-6-21,1,baseline_zero,70,-0.003195912,0
2016-6-22,1,baseline_zero,70,-0.002029373,0
2016-6-23,1,baseline_zero,70,0.02032031,0
2016-6-24,1,baseline_zero,70,0.01135488,0
2016-6-27,1,baseline_zero,70,-0.003008457,0
2016-6-28,1,baseline_zero,70,-0.00499949,0
2016-6-29,1,baseline_zero,70,0.003855979,0
2016-6-30,1,baseline_zero,70,-0.005109767,0
2016-5-6,1,baseline_zero,71,0.002552921,0
2016-5-9,1,baseline_zero,71,0.001698334,0
2016-5-10,1,baseline_zero,71,-0.004997087,0
2016-5-11,1,baseline_zero,71,0.003511202,0
2016-5-12,1,baseline_zero,71,0.004873924,0
2016-5-13,1,baseline_zero,71,-0.000422878,0
2016-5-16,1,baseline_zero,71,-0.000211506,0
2016-5-17,1,baseline_zero,71,0.005589847,0
2016-5-18,1,baseline_zero,71,0.002206231,0
2016-5-19,1,baseline_zero,71,0.000419683,0
2016-5-20,1,baseline_zero,71,-0.001049538,0
2016-5-23,1,baseline_zero,71,0.003563945,0
2016-5-24,1,baseline_zero,71,-0.002304631,0
2016-5-25,1,baseline_zero,71,-0.001889566,0
2016-5-26,1,baseline_zero,71,0.003670884,0
2016-5-27,1,baseline_zero,71,0,0
2016-5-30,1,baseline_zero,71,0.003866052,0
2016-5-31,1,baseline_zero,71,-0.004599151,0
2016-6-1,1,baseline_zero,71,0.001151772,0
2016-6-2,1,baseline_zero,71,-0.016140442,0
2016-6-3,1,baseline_zero,71,-0.001383494,0
2016-6-6,1,baseline_zero,71,-0.000745752,0
2016-6-7,1,baseline_zero,71,-0.002561094,0
2016-6-8,1,baseline_zero,71,0.003839186,0
2016-6-9,1,baseline_zero,71,0.006577575,0
2016-6-10,1,baseline_zero,71,-0.002223046,0
2016-6-13,1,baseline_zero,71,0.006022523,0
2016-6-14,1,baseline_zero,71,-0.003376599,0
2016-6-15,1,baseline_zero,71,-0.000422878,0
2016-6-16,1,baseline_zero,71,-0.003813968,0
2016-6-17,1,baseline_zero,71,-0.006389118,0
2016-6-20,1,baseline_zero,71,0.00437031,0
2016-6-21,1,baseline_zero,71,-0.003195912,0
2016-6-22,1,baseline_zero,71,-0.002029373,0
2016-6-23,1,baseline_zero,71,0.02032031,0
2016-6-24,1,baseline_zero,71,0.01135488,0
2016-6-27,1,baseline_zero,71,-0.003008457,0
2016-6-28,1,baseline_zero,71,-0.00499949,0
2016-6-29,1,baseline_zero,71,0.003855979,0
2016-6-30,1,baseline_zero,71,-0.005109767,0
2016-7-1,1,baseline_zero,71,0,0
2016-7-4,1,baseline_zero,71,0.005421763,0
2016-7-5,1,baseline_zero,71,-0.00124857,0
2016-7-6,1,baseline_zero,71,0.002910908,0
2016-7-7,1,baseline_zero,71,-0.000311478,0
2016-7-8,1,baseline_zero,71,0.002799815,0
2016-7-11,1,baseline_zero,71,-0.001347081,0
2016-7-12,1,baseline_zero,71,-0.002283817,0
2016-7-13,1,baseline_zero,71,-0.001456058,0
2016-7-14,1,baseline_zero,71,0.005190503,0
2016-7-15,1,baseline_zero,71,-0.000207104,0
2016-7-18,1,baseline_zero,71,0.005164767,0
2016-7-19,1,baseline_zero,71,0.001441367,0
2016-7-20,1,baseline_zero,71,-0.002059733,0
2016-7-21,1,baseline_zero,71,0.00483366,0
2016-7-22,1,baseline_zero,71,-0.001848429,0
2016-7-25,1,baseline_zero,71,-0.001337105,0
2016-7-26,1,baseline_zero,71,-0.001132795,0
2016-7-27,1,baseline_zero,71,-0.003199342,0
2016-7-28,1,baseline_zero,71,-0.012586633,0
2016-6-3,1,baseline_zero,72,-0.001383494,0
2016-6-6,1,baseline_zero,72,-0.000745752,0
2016-6-7,1,baseline_zero,72,-0.002561094,0
2016-6-8,1,baseline_zero,72,0.003839186,0
2016-6-9,1,baseline_zero,72,0.006577575,0
2016-6-10,1,baseline_zero,72,-0.002223046,0
2016-6-13,1,baseline_zero,72,0.006022523,0
2016-6-14,1,baseline_zero,72,-0.003376599,0
2016-6-15,1,baseline_zero,72,-0.000422878,0
2016-6-16,1,baseline_zero,72,-0.003813968,0
2016-6-17,1,baseline_zero,72,-0.006389118,0
2016-6-20,1,baseline_zero,72,0.00437031,0
2016-6-21,1,baseline_zero,72,-0.003195912,0
2016-6-22,1,baseline_zero,72,-0.002029373,0
2016-6-23,1,baseline_zero,72,0.02032031,0
2016-6-24,1,baseline_zero,72,0.01135488,0
2016-6-27,1,baseline_zero,72,-0.003008457,0
2016-6-28,1,baseline_zero,72,-0.00499949,0
2016-6-29,1,baseline_zero,72,0.003855979,0
2016-6-30,1,baseline_zero,72,-0.005109767,0
2016-7-1,1,baseline_zero,72,0,0
2016-7-4,1,baseline_zero,72,0.005421763,0
2016-7-5,1,baseline_zero,72,-0.00124857,0
2016-7-6,1,baseline_zero,72,0.002910908,0
2016-7-7,1,baseline_zero,72,-0.000311478,0
2016-7-8,1,baseline_zero,72,0.002799815,0
2016-7-11,1,baseline_zero,72,-0.001347081,0
2016-7-12,1,baseline_zero,72,-0.002283817,0
2016-7-13,1,baseline_zero,72,-0.001456058,0
2016-7-14,1,baseline_zero,72,0.005190503,0
2016-7-15,1,baseline_zero,72,-0.000207104,0
2016-7-18,1,baseline_zero,72,0.005164767,0
2016-7-19,1,baseline_zero,72,0.001441367,0
2016-7-20,1,baseline_zero,72,-0.002059733,0
2016-7-21,1,baseline_zero,72,0.00483366,0
2016-7-22,1,baseline_zero,72,-0.001848429,0
2016-7-25,1,baseline_zero,72,-0.001337105,0
2016-7-26,1,baseline_zero,72,-0.001132795,0
2016-7-27,1,baseline_zero,72,-0.003199342,0
2016-7-28,1,baseline_zero,72,-0.012586633,0
2016-7-29,1,baseline_zero,72,0.001882452,0
2016-8-1,1,baseline_zero,72,-0.006814515,0
2016-8-2,1,baseline_zero,72,0.005246051,0
2016-8-3,1,baseline_zero,72,0.002090739,0
2016-8-4,1,baseline_zero,72,0.004480341,0
2016-8-5,1,baseline_zero,72,0.002180799,0
2016-8-8,1,baseline_zero,72,-0.002284766,0
2016-8-9,1,baseline_zero,72,-0.00552574,0
2016-8-10,1,baseline_zero,72,0.002193098,0
2016-8-11,1,baseline_zero,72,-0.001461531,0
2016-8-12,1,baseline_zero,72,-0.000940685,0
2016-8-15,1,baseline_zero,72,-0.00882266,0
2016-8-16,1,baseline_zero,72,-0.000738747,0
2016-8-17,1,baseline_zero,72,-0.005929708,0
2016-8-18,1,baseline_zero,72,0.003710186,0
2016-8-19,1,baseline_zero,72,0.000105803,0
2016-8-22,1,baseline_zero,72,0.000211573,0
2016-8-23,1,baseline_zero,72,0.002640893,0
2016-8-24,1,baseline_zero,72,-0.000211015,0
2016-8-25,1,baseline_zero,72,0.00840606,0
2016-7-1,1,baseline_zero,73,0,0
2016-7-4,1,baseline_zero,73,0.005421763,0
2016-7-5,1,baseline_zero,73,-0.00124857,0
2016-7-6,1,baseline_zero,73,0.002910908,0
2016-7-7,1,baseline_zero,73,-0.000311478,0
2016-7-8,1,baseline_zero,73,0.002799815,0
2016-7-11,1,baseline_zero,73,-0.001347081,0
2016-7-12,1,baseline_zero,73,-0.002283817,0
2016-7-13,1,baseline_zero,73,-0.001456058,0
2016-7-14,1,baseline_zero,73,0.005190503,0
2016-7-15,1,baseline_zero,73,-0.000207104,0
2016-7-18,1,baseline_zero,73,0.005164767,0
2016-7-19,1,baseline_zero,73,0.001441367,0
2016-7-20,1,baseline_zero,73,-0.002059733,0
2016-7-21,1,baseline_zero,73,0.00483366,0
2016-7-22,1,baseline_zero,73,-0.001848429,0
2016-7-25,1,baseline_zero,73,-0.001337105,0
2016-7-26,1,baseline_zero,73,-0.001132795,0
2016-7-27,1,baseline_zero,73,-0.003199342,0
2016-7-28,1,baseline_zero,73,-0.012586633,0
2016-7-29,1,baseline_zero,73,0.001882452,0
2016-8-1,1,baseline_zero,73,-0.006814515,0
2016-8-2,1,baseline_zero,73,0.005246051,0
2016-8-3,1,baseline_zero,73,0.002090739,0
2016-8-4,1,baseline_zero,73,0.004480341,0
2016-8-5,1,baseline_zero,73,0.002180799,0
2016-8-8,1,baseline_zero,73,-0.002284766,0
2016-8-9,1,baseline_zero,73,-0.00552574,0
2016-8-10,1,baseline_zero,73,0.002193098,0
2016-8-11,1,baseline_zero,73,-0.001461531,0
2016-8-12,1,baseline_zero,73,-0.000940685,0
2016-8-15,1,baseline_zero,73,-0.00882266,0
2016-8-16,1,baseline_zero,73,-0.000738747,0
2016-8-17,1,baseline_zero,73,-0.005929708,0
2016-8-18,1,baseline_zero,73,0.003710186,0
2016-8-19,1,baseline_zero,73,0.000105803,0
2016-8-22,1,baseline_zero,73,0.000211573,0
2016-8-23,1,baseline_zero,73,0.002640893,0
2016-8-24,1,baseline_zero,73,-0.000211015,0
2016-8-25,1,baseline_zero,73,0.00840606,0
2016-8-26,1,baseline_zero,73,0.00010463,0
2016-8-29,1,baseline_zero,73,0.004905296,0
2016-8-30,1,baseline_zero,73,-0.000312386,0
2016-8-31,1,baseline_zero,73,-0.003860807,0
2016-9-1,1,baseline_zero,73,0.001984438,0
2016-9-2,1,baseline_zero,73,0,0
2016-9-5,1,baseline_zero,73,-0.010699777,0
2016-9-6,1,baseline_zero,73,0.001475393,0
2016-9-7,1,baseline_zero,73,0.000736881,0
2016-9-8,1,baseline_zero,73,0.003256819,0
2016-9-9,1,baseline_zero,73,-0.002625638,0
2016-9-12,1,baseline_zero,73,0.005662767,0
2016-9-13,1,baseline_zero,73,-0.003142022,0
2016-9-14,1,baseline_zero,73,-0.000419683,0
2016-9-15,1,baseline_zero,73,0.008568495,0
2016-9-16,1,baseline_zero,73,-0.002813234,0
2016-9-19,1,baseline_zero,73,0.001876369,0
2016-9-20,1,baseline_zero,73,-0.003756265,0
2016-9-21,1,baseline_zero,73,-0.002197688,0
2016-9-22,1,baseline_zero,73,0.000314251,0
2016-7-29,1,baseline_zero,74,0.001882452,0
2016-8-1,1,baseline_zero,74,-0.006814515,0
2016-8-2,1,baseline_zero,74,0.005246051,0
2016-8-3,1,baseline_zero,74,0.002090739,0
2016-8-4,1,baseline_zero,74,0.004480341,0
2016-8-5,1,baseline_zero,74,0.002180799,0
2016-8-8,1,baseline_zero,74,-0.002284766,0
2016-8-9,1,baseline_zero,74,-0.00552574,0
2016-8-10,1,baseline_zero,74,0.002193098,0
2016-8-11,1,baseline_zero,74,-0.001461531,0
2016-8-12,1,baseline_zero,74,-0.000940685,0
2016-8-15,1,baseline_zero,74,-0.00882266,0
2016-8-16,1,baseline_zero,74,-0.000738747,0
2016-8-17,1,baseline_zero,74,-0.005929708,0
2016-8-18,1,baseline_zero,74,0.003710186,0
2016-8-19,1,baseline_zero,74,0.000105803,0
2016-8-22,1,baseline_zero,74,0.000211573,0
2016-8-23,1,baseline_zero,74,0.002640893,0
2016-8-24,1,baseline_zero,74,-0.000211015,0
2016-8-25,1,baseline_zero,74,0.00840606,0
2016-8-26,1,baseline_zero,74,0.00010463,0
2016-8-29,1,baseline_zero,74,0.004905296,0
2016-8-30,1,baseline_zero,74,-0.000312386,0
2016-8-31,1,baseline_zero,74,-0.003860807,0
2016-9-1,1,baseline_zero,74,0.001984438,0
2016-9-2,1,baseline_zero,74,0,0
2016-9-5,1,baseline_zero,74,-0.010699777,0
2016-9-6,1,baseline_zero,74,0.001475393,0
2016-9-7,1,baseline_zero,74,0.000736881,0
2016-9-8,1,baseline_zero,74,0.003256819,0
2016-9-9,1,baseline_zero,74,-0.002625638,0
2016-9-12,1,baseline_zero,74,0.005662767,0
2016-9-13,1,baseline_zero,74,-0.003142022,0
2016-9-14,1,baseline_zero,74,-0.000419683,0
2016-9-15,1,baseline_zero,74,0.008568495,0
2016-9-16,1,baseline_zero,74,-0.002813234,0
2016-9-19,1,baseline_zero,74,0.001876369,0
2016-9-20,1,baseline_zero,74,-0.003756265,0
2016-9-21,1,baseline_zero,74,-0.002197688,0
2016-9-22,1,baseline_zero,74,0.000314251,0
2016-9-23,1,baseline_zero,74,-0.001886991,0
2016-9-26,1,baseline_zero,74,0.001467967,0
2016-9-27,1,baseline_zero,74,-0.000104783,0
2016-9-28,1,baseline_zero,74,0.00104734,0
2016-9-29,1,baseline_zero,74,-0.000733023,0
2016-9-30,1,baseline_zero,74,0.002406488,0
2016-10-3,1,baseline_zero,74,0.005003659,0
2016-10-4,1,baseline_zero,74,-0.000520048,0
2016-10-5,1,baseline_zero,74,0.006739618,0
2016-10-6,1,baseline_zero,74,-0.001447777,0
2016-10-7,1,baseline_zero,74,0.003099816,0
2016-10-10,1,baseline_zero,74,0.007810131,0
2016-10-11,1,baseline_zero,74,0.00286211,0
2016-10-12,1,baseline_zero,74,-0.004603824,0
2016-10-13,1,baseline_zero,74,0.005114054,0
2016-10-14,1,baseline_zero,74,-0.00132714,0
2016-10-17,1,baseline_zero,74,0,0
2016-10-18,1,baseline_zero,74,0.000306419,0
2016-10-19,1,baseline_zero,74,0.003974933,0
2016-10-20,1,baseline_zero,74,0.003857873,0
2016-8-26,1,baseline_zero,75,0.00010463,0
2016-8-29,1,baseline_zero,75,0.004905296,0
2016-8-30,1,baseline_zero,75,-0.000312386,0
2016-8-31,1,baseline_zero,75,-0.003860807,0
2016-9-1,1,baseline_zero,75,0.001984438,0
2016-9-2,1,baseline_zero,75,0,0
2016-9-5,1,baseline_zero,75,-0.010699777,0
2016-9-6,1,baseline_zero,75,0.001475393,0
2016-9-7,1,baseline_zero,75,0.000736881,0
2016-9-8,1,baseline_zero,75,0.003256819,0
2016-9-9,1,baseline_zero,75,-0.002625638,0
2016-9-12,1,baseline_zero,75,0.005662767,0
2016-9-13,1,baseline_zero,75,-0.003142022,0
2016-9-14,1,baseline_zero,75,-0.000419683,0
2016-9-15,1,baseline_zero,75,0.008568495,0
2016-9-16,1,baseline_zero,75,-0.002813234,0
2016-9-19,1,baseline_zero,75,0.001876369,0
2016-9-20,1,baseline_zero,75,-0.003756265,0
2016-9-21,1,baseline_zero,75,-0.002197688,0
2016-9-22,1,baseline_zero,75,0.000314251,0
2016-9-23,1,baseline_zero,75,-0.001886991,0
2016-9-26,1,baseline_zero,75,0.001467967,0
2016-9-27,1,baseline_zero,75,-0.000104783,0
2016-9-28,1,baseline_zero,75,0.00104734,0
2016-9-29,1,baseline_zero,75,-0.000733023,0
2016-9-30,1,baseline_zero,75,0.002406488,0
2016-10-3,1,baseline_zero,75,0.005003659,0
2016-10-4,1,baseline_zero,75,-0.000520048,0
2016-10-5,1,baseline_zero,75,0.006739618,0
2016-10-6,1,baseline_zero,75,-0.001447777,0
2016-10-7,1,baseline_zero,75,0.003099816,0
2016-10-10,1,baseline_zero,75,0.007810131,0
2016-10-11,1,baseline_zero,75,0.00286211,0
2016-10-12,1,baseline_zero,75,-0.004603824,0
2016-10-13,1,baseline_zero,75,0.005114054,0
2016-10-14,1,baseline_zero,75,-0.00132714,0
2016-10-17,1,baseline_zero,75,0,0
2016-10-18,1,baseline_zero,75,0.000306419,0
2016-10-19,1,baseline_zero,75,0.003974933,0
2016-10-20,1,baseline_zero,75,0.003857873,0
2016-10-21,1,baseline_zero,75,0.00070904,0
2016-10-24,1,baseline_zero,75,-0.000405104,0
2016-10-25,1,baseline_zero,75,-0.000912085,0
2016-10-26,1,baseline_zero,75,0.002632646,0
2016-10-27,1,baseline_zero,75,-0.005475576,0
2016-10-28,1,baseline_zero,75,0.000914681,0
2016-10-31,1,baseline_zero,75,-0.007545666,0
2016-11-1,1,baseline_zero,75,-0.003075348,0
2016-11-2,1,baseline_zero,75,-0.002467107,0
2016-11-3,1,baseline_zero,75,-0.00102976,0
2016-11-4,1,baseline_zero,75,0.007390713,0
2016-11-7,1,baseline_zero,75,0.000817829,0
2016-11-8,1,baseline_zero,75,0.006518662,0
2016-11-9,1,baseline_zero,75,0.002838607,0
2016-11-10,1,baseline_zero,75,0.002830572,0
2016-11-11,1,baseline_zero,75,0.010543854,0
2016-11-14,1,baseline_zero,75,0.001197964,0
2016-11-15,1,baseline_zero,75,0.001794259,0
2016-11-16,1,baseline_zero,75,0.004769011,0
2016-11-17,1,baseline_zero,75,0.003166752,0
2016-9-23,1,baseline_zero,76,-0.001886991,0
2016-9-26,1,baseline_zero,76,0.001467967,0
2016-9-27,1,baseline_zero,76,-0.000104783,0
2016-9-28,1,baseline_zero,76,0.00104734,0
2016-9-29,1,baseline_zero,76,-0.000733023,0
2016-9-30,1,baseline_zero,76,0.002406488,0
2016-10-3,1,baseline_zero,76,0.005003659,0
2016-10-4,1,baseline_zero,76,-0.000520048,0
2016-10-5,1,baseline_zero,76,0.006739618,0
2016-10-6,1,baseline_zero,76,-0.001447777,0
2016-10-7,1,baseline_zero,76,0.003099816,0
2016-10-10,1,baseline_zero,76,0.007810131,0
2016-10-11,1,baseline_zero,76,0.00286211,0
2016-10-12,1,baseline_zero,76,-0.004603824,0
2016-10-13,1,baseline_zero,76,0.005114054,0
2016-10-14,1,baseline_zero,76,-0.00132714,0
2016-10-17,1,baseline_zero,76,0,0
2016-10-18,1,baseline_zero,76,0.000306419,0
2016-10-19,1,baseline_zero,76,0.003974933,0
2016-10-20,1,baseline_zero,76,0.003857873,0
2016-10-21,1,baseline_zero,76,0.00070904,0
2016-10-24,1,baseline_zero,76,-0.000405104,0
2016-10-25,1,baseline_zero,76,-0.000912085,0
2016-10-26,1,baseline_zero,76,0.002632646,0
2016-10-27,1,baseline_zero,76,-0.005475576,0
2016-10-28,1,baseline_zero,76,0.000914681,0
2016-10-31,1,baseline_zero,76,-0.007545666,0
2016-11-1,1,baseline_zero,76,-0.003075348,0
2016-11-2,1,baseline_zero,76,-0.002467107,0
2016-11-3,1,baseline_zero,76,-0.00102976,0
2016-11-4,1,baseline_zero,76,0.007390713,0
2016-11-7,1,baseline_zero,76,0.000817829,0
2016-11-8,1,baseline_zero,76,0.006518662,0
2016-11-9,1,baseline_zero,76,0.002838607,0
2016-11-10,1,baseline_zero,76,0.002830572,0
2016-11-11,1,baseline_zero,76,0.010543854,0
2016-11-14,1,baseline_zero,76,0.001197964,0
2016-11-15,1,baseline_zero,76,0.001794259,0
2016-11-16,1,baseline_zero,76,0.004769011,0
2016-11-17,1,baseline_zero,76,0.003166752,0
2016-11-18,1,baseline_zero,76,-0.001582122,0
2016-11-21,1,baseline_zero,76,-9.90E-05,0
2016-11-22,1,baseline_zero,76,0.006510825,0
2016-11-23,1,baseline_zero,76,0,0
2016-11-24,1,baseline_zero,76,-0.002067032,0
2016-11-25,1,baseline_zero,76,-0.001577754,0
2016-11-28,1,baseline_zero,76,-0.00395531,0
2016-11-29,1,baseline_zero,76,0.005631591,0
2016-11-30,1,baseline_zero,76,-0.00454232,0
2016-12-1,1,baseline_zero,76,-0.002675786,0
2016-12-2,1,baseline_zero,76,-0.006770911,0
2016-12-5,1,baseline_zero,76,0.003988439,0
2016-12-6,1,baseline_zero,76,-0.002590675,0
2016-12-7,1,baseline_zero,76,0.008642581,0
2016-12-8,1,baseline_zero,76,0.004834979,0
2016-12-9,1,baseline_zero,76,-0.005527603,0
2016-12-12,1,baseline_zero,76,0.000395844,0
2016-12-13,1,baseline_zero,76,0.006803754,0
2016-12-14,1,baseline_zero,76,0.012306045,0
2016-12-15,1,baseline_zero,76,-0.000679711,0
2016-10-21,1,baseline_zero,77,0.00070904,0
2016-10-24,1,baseline_zero,77,-0.000405104,0
2016-10-25,1,baseline_zero,77,-0.000912085,0
2016-10-26,1,baseline_zero,77,0.002632646,0
2016-10-27,1,baseline_zero,77,-0.005475576,0
2016-10-28,1,baseline_zero,77,0.000914681,0
2016-10-31,1,baseline_zero,77,-0.007545666,0
2016-11-1,1,baseline_zero,77,-0.003075348,0
2016-11-2,1,baseline_zero,77,-0.002467107,0
2016-11-3,1,baseline_zero,77,-0.00102976,0
2016-11-4,1,baseline_zero,77,0.007390713,0
2016-11-7,1,baseline_zero,77,0.000817829,0
2016-11-8,1,baseline_zero,77,0.006518662,0
2016-11-9,1,baseline_zero,77,0.002838607,0
2016-11-10,1,baseline_zero,77,0.002830572,0
2016-11-11,1,baseline_zero,77,0.010543854,0
2016-11-14,1,baseline_zero,77,0.001197964,0
2016-11-15,1,baseline_zero,77,0.001794259,0
2016-11-16,1,baseline_zero,77,0.004769011,0
2016-11-17,1,baseline_zero,77,0.003166752,0
2016-11-18,1,baseline_zero,77,-0.001582122,0
2016-11-21,1,baseline_zero,77,-9.90E-05,0
2016-11-22,1,baseline_zero,77,0.006510825,0
2016-11-23,1,baseline_zero,77,0,0
2016-11-24,1,baseline_zero,77,-0.002067032,0
2016-11-25,1,baseline_zero,77,-0.001577754,0
2016-11-28,1,baseline_zero,77,-0.00395531,0
2016-11-29,1,baseline_zero,77,0.005631591,0
2016-11-30,1,baseline_zero,77,-0.00454232,0
2016-12-1,1,baseline_zero,77,-0.002675786,0
2016-12-2,1,baseline_zero,77,-0.006770911,0
2016-12-5,1,baseline_zero,77,0.003988439,0
2016-12-6,1,baseline_zero,77,-0.002590675,0
2016-12-7,1,baseline_zero,77,0.008642581,0
2016-12-8,1,baseline_zero,77,0.004834979,0
2016-12-9,1,baseline_zero,77,-0.005527603,0
2016-12-12,1,baseline_zero,77,0.000395844,0
2016-12-13,1,baseline_zero,77,0.006803754,0
2016-12-14,1,baseline_zero,77,0.012306045,0
2016-12-15,1,baseline_zero,77,-0.000679711,0
2016-12-16,1,baseline_zero,77,0.001843855,0
2016-12-19,1,baseline_zero,77,0.001453277,0
2016-12-20,1,baseline_zero,77,-0.002617422,0
2016-12-21,1,baseline_zero,77,0.000679249,0
2016-12-22,1,baseline_zero,77,-0.000776322,0
2016-12-23,1,baseline_zero,77,0,0
2016-12-26,1,baseline_zero,77,9.71E-05,0
2016-12-27,1,baseline_zero,77,0.002714232,0
2016-12-28,1,baseline_zero,77,-0.00602002,0
2016-12-29,1,baseline_zero,77,-0.004587836,0
2016-12-30,1,baseline_zero,77,0.006047619,0
2017-1-2,1,baseline_zero,77,0.003688608,0
2017-1-3,1,baseline_zero,77,-0.004953631,0
2017-1-4,1,baseline_zero,77,-0.011556294,0
2017-1-5,1,baseline_zero,77,0.00687153,0
2017-1-6,1,baseline_zero,77,-0.00284105,0
2017-1-9,1,baseline_zero,77,0.000784545,0
2017-1-10,1,baseline_zero,77,-0.002257227,0
2017-1-11,1,baseline_zero,77,-0.004233748,0
2017-1-12,1,baseline_zero,77,-0.001678764,0
2016-11-18,1,baseline_zero,78,-0.001582122,0
2016-11-21,1,baseline_zero,78,-9.90E-05,0
2016-11-22,1,baseline_zero,78,0.006510825,0
2016-11-23,1,baseline_zero,78,0,0
2016-11-24,1,baseline_zero,78,-0.002067032,0
2016-11-25,1,baseline_zero,78,-0.001577754,0
2016-11-28,1,baseline_zero,78,-0.00395531,0
2016-11-29,1,baseline_zero,78,0.005631591,0
2016-11-30,1,baseline_zero,78,-0.00454232,0
2016-12-1,1,baseline_zero,78,-0.002675786,0
2016-12-2,1,baseline_zero,78,-0.006770911,0
2016-12-5,1,baseline_zero,78,0.003988439,0
2016-12-6,1,baseline_zero,78,-0.002590675,0
2016-12-7,1,baseline_zero,78,0.008642581,0
2016-12-8,1,baseline_zero,78,0.004834979,0
2016-12-9,1,baseline_zero,78,-0.005527603,0
2016-12-12,1,baseline_zero,78,0.000395844,0
2016-12-13,1,baseline_zero,78,0.006803754,0
2016-12-14,1,baseline_zero,78,0.012306045,0
2016-12-15,1,baseline_zero,78,-0.000679711,0
2016-12-16,1,baseline_zero,78,0.001843855,0
2016-12-19,1,baseline_zero,78,0.001453277,0
2016-12-20,1,baseline_zero,78,-0.002617422,0
2016-12-21,1,baseline_zero,78,0.000679249,0
2016-12-22,1,baseline_zero,78,-0.000776322,0
2016-12-23,1,baseline_zero,78,0,0
2016-12-26,1,baseline_zero,78,9.71E-05,0
2016-12-27,1,baseline_zero,78,0.002714232,0
2016-12-28,1,baseline_zero,78,-0.00602002,0
2016-12-29,1,baseline_zero,78,-0.004587836,0
2016-12-30,1,baseline_zero,78,0.006047619,0
2017-1-2,1,baseline_zero,78,0.003688608,0
2017-1-3,1,baseline_zero,78,-0.004953631,0
2017-1-4,1,baseline_zero,78,-0.011556294,0
2017-1-5,1,baseline_zero,78,0.00687153,0
2017-1-6,1,baseline_zero,78,-0.00284105,0
2017-1-9,1,baseline_zero,78,0.000784545,0
2017-1-10,1,baseline_zero,78,-0.002257227,0
2017-1-11,1,baseline_zero,78,-0.004233748,0
2017-1-12,1,baseline_zero,78,-0.001678764,0
2017-1-13,1,baseline_zero,78,0,0
2017-1-16,1,baseline_zero,78,-0.008436356,0
2017-1-17,1,baseline_zero,78,0.005962454,0
2017-1-18,1,baseline_zero,78,0.002177356,0
2017-1-19,1,baseline_zero,78,-0.004061623,0
2017-1-20,1,baseline_zero,78,-0.005774033,0
2017-1-23,1,baseline_zero,78,0.001895168,0
2017-1-24,1,baseline_zero,78,-0.003193934,0
2017-1-25,1,baseline_zero,78,0.003492843,0
2017-1-26,1,baseline_zero,78,0.001493206,0
2017-1-27,1,baseline_zero,78,-0.000995223,0
2017-1-30,1,baseline_zero,78,-0.009202826,0
2017-1-31,1,baseline_zero,78,0.001305549,0
2017-2-1,1,baseline_zero,78,0.001504288,0
2017-2-2,1,baseline_zero,78,0.000801362,0
2017-2-3,1,baseline_zero,78,0.00040044,0
2017-2-6,1,baseline_zero,78,0.003497031,0
2017-2-7,1,baseline_zero,78,0.000199461,0
2017-2-8,1,baseline_zero,78,0.003682879,0
2017-2-9,1,baseline_zero,78,0.001489204,0
2016-12-16,1,baseline_zero,79,0.001843855,0
2016-12-19,1,baseline_zero,79,0.001453277,0
2016-12-20,1,baseline_zero,79,-0.002617422,0
2016-12-21,1,baseline_zero,79,0.000679249,0
2016-12-22,1,baseline_zero,79,-0.000776322,0
2016-12-23,1,baseline_zero,79,0,0
2016-12-26,1,baseline_zero,79,9.71E-05,0
2016-12-27,1,baseline_zero,79,0.002714232,0
2016-12-28,1,baseline_zero,79,-0.00602002,0
2016-12-29,1,baseline_zero,79,-0.004587836,0
2016-12-30,1,baseline_zero,79,0.006047619,0
2017-1-2,1,baseline_zero,79,0.003688608,0
2017-1-3,1,baseline_zero,79,-0.004953631,0
2017-1-4,1,baseline_zero,79,-0.011556294,0
2017-1-5,1,baseline_zero,79,0.00687153,0
2017-1-6,1,baseline_zero,79,-0.00284105,0
2017-1-9,1,baseline_zero,79,0.000784545,0
2017-1-10,1,baseline_zero,79,-0.002257227,0
2017-1-11,1,baseline_zero,79,-0.004233748,0
2017-1-12,1,baseline_zero,79,-0.001678764,0
2017-1-13,1,baseline_zero,79,0,0
2017-1-16,1,baseline_zero,79,-0.008436356,0
2017-1-17,1,baseline_zero,79,0.005962454,0
2017-1-18,1,baseline_zero,79,0.002177356,0
2017-1-19,1,baseline_zero,79,-0.004061623,0
2017-1-20,1,baseline_zero,79,-0.005774033,0
2017-1-23,1,baseline_zero,79,0.001895168,0
2017-1-24,1,baseline_zero,79,-0.003193934,0
2017-1-25,1,baseline_zero,79,0.003492843,0
2017-1-26,1,baseline_zero,79,0.001493206,0
2017-1-27,1,baseline_zero,79,-0.000995223,0
2017-1-30,1,baseline_zero,79,-0.009202826,0
2017-1-31,1,baseline_zero,79,0.001305549,0
2017-2-1,1,baseline_zero,79,0.001504288,0
2017-2-2,1,baseline_zero,79,0.000801362,0
2017-2-3,1,baseline_zero,79,0.00040044,0
2017-2-6,1,baseline_zero,79,0.003497031,0
2017-2-7,1,baseline_zero,79,0.000199461,0
2017-2-8,1,baseline_zero,79,0.003682879,0
2017-2-9,1,baseline_zero,79,0.001489204,0
2017-2-10,1,baseline_zero,79,0.001586043,0
2017-2-13,1,baseline_zero,79,0.002868307,0
2017-2-14,1,baseline_zero,79,-0.000691597,0
2017-2-15,1,baseline_zero,79,-0.007340575,0
2017-2-16,1,baseline_zero,79,0.00506481,0
2017-2-17,1,baseline_zero,79,0,0
2017-2-20,1,baseline_zero,79,0.004151845,0
2017-2-21,1,baseline_zero,79,-0.001480824,0
2017-2-22,1,baseline_zero,79,-0.001680922,0
2017-2-23,1,baseline_zero,79,0.000395765,0
2017-2-24,1,baseline_zero,79,0.000395609,0
2017-2-27,1,baseline_zero,79,-9.89E-05,0
2017-2-28,1,baseline_zero,79,0.006505691,0
2017-3-1,1,baseline_zero,79,0.004118057,0
2017-3-2,1,baseline_zero,79,-0.006478868,0
2017-3-3,1,baseline_zero,79,0.000984349,0
2017-3-6,1,baseline_zero,79,0.001671173,0
2017-3-7,1,baseline_zero,79,0.002550521,0
2017-3-8,1,baseline_zero,79,-0.00215771,0
2017-3-9,1,baseline_zero,79,-0.005908437,0
2017-1-13,1,baseline_zero,80,0,0
2017-1-16,1,baseline_zero,80,-0.008436356,0
2017-1-17,1,baseline_zero,80,0.005962454,0
2017-1-18,1,baseline_zero,80,0.002177356,0
2017-1-19,1,baseline_zero,80,-0.004061623,0
2017-1-20,1,baseline_zero,80,-0.005774033,0
2017-1-23,1,baseline_zero,80,0.001895168,0
2017-1-24,1,baseline_zero,80,-0.003193934,0
2017-1-25,1,baseline_zero,80,0.003492843,0
2017-1-26,1,baseline_zero,80,0.001493206,0
2017-1-27,1,baseline_zero,80,-0.000995223,0
2017-1-30,1,baseline_zero,80,-0.009202826,0
2017-1-31,1,baseline_zero,80,0.001305549,0
2017-2-1,1,baseline_zero,80,0.001504288,0
2017-2-2,1,baseline_zero,80,0.000801362,0
2017-2-3,1,baseline_zero,80,0.00040044,0
2017-2-6,1,baseline_zero,80,0.003497031,0
2017-2-7,1,baseline_zero,80,0.000199461,0
2017-2-8,1,baseline_zero,80,0.003682879,0
2017-2-9,1,baseline_zero,80,0.001489204,0
2017-2-10,1,baseline_zero,80,0.001586043,0
2017-2-13,1,baseline_zero,80,0.002868307,0
2017-2-14,1,baseline_zero,80,-0.000691597,0
2017-2-15,1,baseline_zero,80,-0.007340575,0
2017-2-16,1,baseline_zero,80,0.00506481,0
2017-2-17,1,baseline_zero,80,0,0
2017-2-20,1,baseline_zero,80,0.004151845,0
2017-2-21,1,baseline_zero,80,-0.001480824,0
2017-2-22,1,baseline_zero,80,-0.001680922,0
2017-2-23,1,baseline_zero,80,0.000395765,0
2017-2-24,1,baseline_zero,80,0.000395609,0
2017-2-27,1,baseline_zero,80,-9.89E-05,0
2017-2-28,1,baseline_zero,80,0.006505691,0
2017-3-1,1,baseline_zero,80,0.004118057,0
2017-3-2,1,baseline_zero,80,-0.006478868,0
2017-3-3,1,baseline_zero,80,0.000984349,0
2017-3-6,1,baseline_zero,80,0.001671173,0
2017-3-7,1,baseline_zero,80,0.002550521,0
2017-3-8,1,baseline_zero,80,-0.00215771,0
2017-3-9,1,baseline_zero,80,-0.005908437,0
2017-3-10,1,baseline_zero,80,0.000592417,0
2017-3-13,1,baseline_zero,80,0.00384218,0
2017-3-14,1,baseline_zero,80,-0.009484363,0
2017-3-15,1,baseline_zero,80,-0.003779219,0
2017-3-16,1,baseline_zero,80,-0.000598027,0
2017-3-17,1,baseline_zero,80,0.001096109,0
2017-3-20,1,baseline_zero,80,-0.005993425,0
2017-3-21,1,baseline_zero,80,-0.001303324,0
2017-3-22,1,baseline_zero,80,0.000802246,0
2017-3-23,1,baseline_zero,80,-0.001303977,0
2017-3-24,1,baseline_zero,80,-0.004627775,0
2017-3-27,1,baseline_zero,80,0.005430424,0
2017-3-28,1,baseline_zero,80,0.002904213,0
2017-3-29,1,baseline_zero,80,0.004091618,0
2017-3-30,1,baseline_zero,80,-0.000597729,0
2017-3-31,1,baseline_zero,80,0.001891583,0
2017-4-3,1,baseline_zero,80,0,0
2017-4-4,1,baseline_zero,80,0.000198906,0
2017-4-5,1,baseline_zero,80,0.001093276,0
2017-4-6,1,baseline_zero,80,0.005053268,0
2017-2-10,1,baseline_zero,81,0.001586043,0
2017-2-13,1,baseline_zero,81,0.002868307,0
2017-2-14,1,baseline_zero,81,-0.000691597,0
2017-2-15,1,baseline_zero,81,-0.007340575,0
2017-2-16,1,baseline_zero,81,0.00506481,0
2017-2-17,1,baseline_zero,81,0,0
2017-2-20,1,baseline_zero,81,0.004151845,0
2017-2-21,1,baseline_zero,81,-0.001480824,0
2017-2-22,1,baseline_zero,81,-0.001680922,0
2017-2-23,1,baseline_zero,81,0.000395765,0
2017-2-24,1,baseline_zero,81,0.000395609,0
2017-2-27,1,baseline_zero,81,-9.89E-05,0
2017-2-28,1,baseline_zero,81,0.006505691,0
2017-3-1,1,baseline_zero,81,0.004118057,0
2017-3-2,1,baseline_zero,81,-0.006478868,0
2017-3-3,1,baseline_zero,81,0.000984349,0
2017-3-6,1,baseline_zero,81,0.001671173,0
2017-3-7,1,baseline_zero,81,0.002550521,0
2017-3-8,1,baseline_zero,81,-0.00215771,0
2017-3-9,1,baseline_zero,81,-0.005908437,0
2017-3-10,1,baseline_zero,81,0.000592417,0
2017-3-13,1,baseline_zero,81,0.00384218,0
2017-3-14,1,baseline_zero,81,-0.009484363,0
2017-3-15,1,baseline_zero,81,-0.003779219,0
2017-3-16,1,baseline_zero,81,-0.000598027,0
2017-3-17,1,baseline_zero,81,0.001096109,0
2017-3-20,1,baseline_zero,81,-0.005993425,0
2017-3-21,1,baseline_zero,81,-0.001303324,0
2017-3-22,1,baseline_zero,81,0.000802246,0
2017-3-23,1,baseline_zero,81,-0.001303977,0
2017-3-24,1,baseline_zero,81,-0.004627775,0
2017-3-27,1,baseline_zero,81,0.005430424,0
2017-3-28,1,baseline_zero,81,0.002904213,0
2017-3-29,1,baseline_zero,81,0.004091618,0
2017-3-30,1,baseline_zero,81,-0.000597729,0
2017-3-31,1,baseline_zero,81,0.001891583,0
2017-4-3,1,baseline_zero,81,0,0
2017-4-4,1,baseline_zero,81,0.000198906,0
2017-4-5,1,baseline_zero,81,0.001093276,0
2017-4-6,1,baseline_zero,81,0.005053268,0
2017-4-7,1,baseline_zero,81,-0.001582592,0
2017-4-10,1,baseline_zero,81,-0.003073417,0
2017-4-11,1,baseline_zero,81,0.000694824,0
2017-4-12,1,baseline_zero,81,-0.002185359,0
2017-4-13,1,baseline_zero,81,0,0
2017-4-14,1,baseline_zero,81,-0.002688575,0
2017-4-17,1,baseline_zero,81,-0.007908345,0
2017-4-18,1,baseline_zero,81,0.002409156,0
2017-4-19,1,baseline_zero,81,0.000400962,0
2017-4-20,1,baseline_zero,81,0.002002404,0
2017-4-21,1,baseline_zero,81,-0.008941638,0
2017-4-24,1,baseline_zero,81,-0.003133373,0
2017-4-25,1,baseline_zero,81,0.002729618,0
2017-4-26,1,baseline_zero,81,0.000302831,0
2017-4-27,1,baseline_zero,81,-0.000302831,0
2017-4-28,1,baseline_zero,81,0.000302831,0
2017-5-1,1,baseline_zero,81,-0.001009795,0
2017-5-2,1,baseline_zero,81,0.002321006,0
2017-5-3,1,baseline_zero,81,-0.004141211,0
2017-5-4,1,baseline_zero,81,-0.001519372,0
2017-3-10,1,baseline_zero,82,0.000592417,0
2017-3-13,1,baseline_zero,82,0.00384218,0
2017-3-14,1,baseline_zero,82,-0.009484363,0
2017-3-15,1,baseline_zero,82,-0.003779219,0
2017-3-16,1,baseline_zero,82,-0.000598027,0
2017-3-17,1,baseline_zero,82,0.001096109,0
2017-3-20,1,baseline_zero,82,-0.005993425,0
2017-3-21,1,baseline_zero,82,-0.001303324,0
2017-3-22,1,baseline_zero,82,0.000802246,0
2017-3-23,1,baseline_zero,82,-0.001303977,0
2017-3-24,1,baseline_zero,82,-0.004627775,0
2017-3-27,1,baseline_zero,82,0.005430424,0
2017-3-28,1,baseline_zero,82,0.002904213,0
2017-3-29,1,baseline_zero,82,0.004091618,0
2017-3-30,1,baseline_zero,82,-0.000597729,0
2017-3-31,1,baseline_zero,82,0.001891583,0
2017-4-3,1,baseline_zero,82,0,0
2017-4-4,1,baseline_zero,82,0.000198906,0
2017-4-5,1,baseline_zero,82,0.001093276,0
2017-4-6,1,baseline_zero,82,0.005053268,0
2017-4-7,1,baseline_zero,82,-0.001582592,0
2017-4-10,1,baseline_zero,82,-0.003073417,0
2017-4-11,1,baseline_zero,82,0.000694824,0
2017-4-12,1,baseline_zero,82,-0.002185359,0
2017-4-13,1,baseline_zero,82,0,0
2017-4-14,1,baseline_zero,82,-0.002688575,0
2017-4-17,1,baseline_zero,82,-0.007908345,0
2017-4-18,1,baseline_zero,82,0.002409156,0
2017-4-19,1,baseline_zero,82,0.000400962,0
2017-4-20,1,baseline_zero,82,0.002002404,0
2017-4-21,1,baseline_zero,82,-0.008941638,0
2017-4-24,1,baseline_zero,82,-0.003133373,0
2017-4-25,1,baseline_zero,82,0.002729618,0
2017-4-26,1,baseline_zero,82,0.000302831,0
2017-4-27,1,baseline_zero,82,-0.000302831,0
2017-4-28,1,baseline_zero,82,0.000302831,0
2017-5-1,1,baseline_zero,82,-0.001009795,0
2017-5-2,1,baseline_zero,82,0.002321006,0
2017-5-3,1,baseline_zero,82,-0.004141211,0
2017-5-4,1,baseline_zero,82,-0.001519372,0
2017-5-5,1,baseline_zero,82,0.004147495,0
2017-5-8,1,baseline_zero,82,0.006038666,0
2017-5-9,1,baseline_zero,82,0.000100336,0
2017-5-10,1,baseline_zero,82,-0.000501781,0
2017-5-11,1,baseline_zero,82,-0.003721028,0
2017-5-12,1,baseline_zero,82,-0.003431574,0
2017-5-15,1,baseline_zero,82,-0.008121048,0
2017-5-16,1,baseline_zero,82,-0.005416744,0
2017-5-17,1,baseline_zero,82,0.003069684,0
2017-5-18,1,baseline_zero,82,-0.007589002,0
2017-5-19,1,baseline_zero,82,-0.001648465,0
2017-5-22,1,baseline_zero,82,0.00380796,0
2017-5-23,1,baseline_zero,82,-0.001130582,0
2017-5-24,1,baseline_zero,82,0.000102833,0
2017-5-25,1,baseline_zero,82,0.001951821,0
2017-5-26,1,baseline_zero,82,0,0
2017-5-29,1,baseline_zero,82,-0.001643386,0
2017-5-30,1,baseline_zero,82,-0.003707522,0
2017-5-31,1,baseline_zero,82,0.002884816,0
2017-6-1,1,baseline_zero,82,-0.004950505,0
2017-4-7,1,baseline_zero,83,-0.001582592,0
2017-4-10,1,baseline_zero,83,-0.003073417,0
2017-4-11,1,baseline_zero,83,0.000694824,0
2017-4-12,1,baseline_zero,83,-0.002185359,0
2017-4-13,1,baseline_zero,83,0,0
2017-4-14,1,baseline_zero,83,-0.002688575,0
2017-4-17,1,baseline_zero,83,-0.007908345,0
2017-4-18,1,baseline_zero,83,0.002409156,0
2017-4-19,1,baseline_zero,83,0.000400962,0
2017-4-20,1,baseline_zero,83,0.002002404,0
2017-4-21,1,baseline_zero,83,-0.008941638,0
2017-4-24,1,baseline_zero,83,-0.003133373,0
2017-4-25,1,baseline_zero,83,0.002729618,0
2017-4-26,1,baseline_zero,83,0.000302831,0
2017-4-27,1,baseline_zero,83,-0.000302831,0
2017-4-28,1,baseline_zero,83,0.000302831,0
2017-5-1,1,baseline_zero,83,-0.001009795,0
2017-5-2,1,baseline_zero,83,0.002321006,0
2017-5-3,1,baseline_zero,83,-0.004141211,0
2017-5-4,1,baseline_zero,83,-0.001519372,0
2017-5-5,1,baseline_zero,83,0.004147495,0
2017-5-8,1,baseline_zero,83,0.006038666,0
2017-5-9,1,baseline_zero,83,0.000100336,0
2017-5-10,1,baseline_zero,83,-0.000501781,0
2017-5-11,1,baseline_zero,83,-0.003721028,0
2017-5-12,1,baseline_zero,83,-0.003431574,0
2017-5-15,1,baseline_zero,83,-0.008121048,0
2017-5-16,1,baseline_zero,83,-0.005416744,0
2017-5-17,1,baseline_zero,83,0.003069684,0
2017-5-18,1,baseline_zero,83,-0.007589002,0
2017-5-19,1,baseline_zero,83,-0.001648465,0
2017-5-22,1,baseline_zero,83,0.00380796,0
2017-5-23,1,baseline_zero,83,-0.001130582,0
2017-5-24,1,baseline_zero,83,0.000102833,0
2017-5-25,1,baseline_zero,83,0.001951821,0
2017-5-26,1,baseline_zero,83,0,0
2017-5-29,1,baseline_zero,83,-0.001643386,0
2017-5-30,1,baseline_zero,83,-0.003707522,0
2017-5-31,1,baseline_zero,83,0.002884816,0
2017-6-1,1,baseline_zero,83,-0.004950505,0
2017-6-2,1,baseline_zero,83,0.000826788,0
2017-6-5,1,baseline_zero,83,-0.00165426,0
2017-6-6,1,baseline_zero,83,0.001137598,0
2017-6-7,1,baseline_zero,83,0.001755564,0
2017-6-8,1,baseline_zero,83,0.003604721,0
2017-6-9,1,baseline_zero,83,-0.00133738,0
2017-6-12,1,baseline_zero,83,-0.001751585,0
2017-6-13,1,baseline_zero,83,-0.000309422,0
2017-6-14,1,baseline_zero,83,0.005041941,0
2017-6-15,1,baseline_zero,83,-0.002775067,0
2017-6-16,1,baseline_zero,83,0.004005963,0
2017-6-19,1,baseline_zero,83,0.002150428,0
2017-6-20,1,baseline_zero,83,-0.002047922,0
2017-6-21,1,baseline_zero,83,0.000307456,0
2017-6-22,1,baseline_zero,83,-0.003387224,0
2017-6-23,1,baseline_zero,83,0.001746366,0
2017-6-26,1,baseline_zero,83,-0.01073171,0
2017-6-27,1,baseline_zero,83,-0.003950109,0
2017-6-28,1,baseline_zero,83,-0.003965774,0
2017-6-29,1,baseline_zero,83,0,0
2017-5-5,1,baseline_zero,84,0.004147495,0
2017-5-8,1,baseline_zero,84,0.006038666,0
2017-5-9,1,baseline_zero,84,0.000100336,0
2017-5-10,1,baseline_zero,84,-0.000501781,0
2017-5-11,1,baseline_zero,84,-0.003721028,0
2017-5-12,1,baseline_zero,84,-0.003431574,0
2017-5-15,1,baseline_zero,84,-0.008121048,0
2017-5-16,1,baseline_zero,84,-0.005416744,0
2017-5-17,1,baseline_zero,84,0.003069684,0
2017-5-18,1,baseline_zero,84,-0.007589002,0
2017-5-19,1,baseline_zero,84,-0.001648465,0
2017-5-22,1,baseline_zero,84,0.00380796,0
2017-5-23,1,baseline_zero,84,-0.001130582,0
2017-5-24,1,baseline_zero,84,0.000102833,0
2017-5-25,1,baseline_zero,84,0.001951821,0
2017-5-26,1,baseline_zero,84,0,0
2017-5-29,1,baseline_zero,84,-0.001643386,0
2017-5-30,1,baseline_zero,84,-0.003707522,0
2017-5-31,1,baseline_zero,84,0.002884816,0
2017-6-1,1,baseline_zero,84,-0.004950505,0
2017-6-2,1,baseline_zero,84,0.000826788,0
2017-6-5,1,baseline_zero,84,-0.00165426,0
2017-6-6,1,baseline_zero,84,0.001137598,0
2017-6-7,1,baseline_zero,84,0.001755564,0
2017-6-8,1,baseline_zero,84,0.003604721,0
2017-6-9,1,baseline_zero,84,-0.00133738,0
2017-6-12,1,baseline_zero,84,-0.001751585,0
2017-6-13,1,baseline_zero,84,-0.000309422,0
2017-6-14,1,baseline_zero,84,0.005041941,0
2017-6-15,1,baseline_zero,84,-0.002775067,0
2017-6-16,1,baseline_zero,84,0.004005963,0
2017-6-19,1,baseline_zero,84,0.002150428,0
2017-6-20,1,baseline_zero,84,-0.002047922,0
2017-6-21,1,baseline_zero,84,0.000307456,0
2017-6-22,1,baseline_zero,84,-0.003387224,0
2017-6-23,1,baseline_zero,84,0.001746366,0
2017-6-26,1,baseline_zero,84,-0.01073171,0
2017-6-27,1,baseline_zero,84,-0.003950109,0
2017-6-28,1,baseline_zero,84,-0.003965774,0
2017-6-29,1,baseline_zero,84,0,0
2017-6-30,1,baseline_zero,84,0.006150658,0
2017-7-3,1,baseline_zero,84,0,0
2017-7-4,1,baseline_zero,84,0.000727235,0
2017-7-5,1,baseline_zero,84,-0.005101786,0
2017-7-6,1,baseline_zero,84,0.002189668,0
2017-7-7,1,baseline_zero,84,0.00010415,0
2017-7-10,1,baseline_zero,84,-0.003651733,0
2017-7-11,1,baseline_zero,84,0.000940292,0
2017-7-12,1,baseline_zero,84,-0.000313332,0
2017-7-13,1,baseline_zero,84,-0.006077135,0
2017-7-14,1,baseline_zero,84,-0.000210217,0
2017-7-17,1,baseline_zero,84,-0.005586901,0
2017-7-18,1,baseline_zero,84,0.00190094,0
2017-7-19,1,baseline_zero,84,-0.004971188,0
2017-7-20,1,baseline_zero,84,-0.004782918,0
2017-7-21,1,baseline_zero,84,0.001277683,0
2017-7-24,1,baseline_zero,84,0.000744562,0
2017-7-25,1,baseline_zero,84,-0.004048589,0
2017-7-26,1,baseline_zero,84,0.002026343,0
2017-7-27,1,baseline_zero,84,-0.006413019,0
2017-6-2,1,baseline_zero,85,0.000826788,0
2017-6-5,1,baseline_zero,85,-0.00165426,0
2017-6-6,1,baseline_zero,85,0.001137598,0
2017-6-7,1,baseline_zero,85,0.001755564,0
2017-6-8,1,baseline_zero,85,0.003604721,0
2017-6-9,1,baseline_zero,85,-0.00133738,0
2017-6-12,1,baseline_zero,85,-0.001751585,0
2017-6-13,1,baseline_zero,85,-0.000309422,0
2017-6-14,1,baseline_zero,85,0.005041941,0
2017-6-15,1,baseline_zero,85,-0.002775067,0
2017-6-16,1,baseline_zero,85,0.004005963,0
2017-6-19,1,baseline_zero,85,0.002150428,0
2017-6-20,1,baseline_zero,85,-0.002047922,0
2017-6-21,1,baseline_zero,85,0.000307456,0
2017-6-22,1,baseline_zero,85,-0.003387224,0
2017-6-23,1,baseline_zero,85,0.001746366,0
2017-6-26,1,baseline_zero,85,-0.01073171,0
2017-6-27,1,baseline_zero,85,-0.003950109,0
2017-6-28,1,baseline_zero,85,-0.003965774,0
2017-6-29,1,baseline_zero,85,0,0
2017-6-30,1,baseline_zero,85,0.006150658,0
2017-7-3,1,baseline_zero,85,0,0
2017-7-4,1,baseline_zero,85,0.000727235,0
2017-7-5,1,baseline_zero,85,-0.005101786,0
2017-7-6,1,baseline_zero,85,0.002189668,0
2017-7-7,1,baseline_zero,85,0.00010415,0
2017-7-10,1,baseline_zero,85,-0.003651733,0
2017-7-11,1,baseline_zero,85,0.000940292,0
2017-7-12,1,baseline_zero,85,-0.000313332,0
2017-7-13,1,baseline_zero,85,-0.006077135,0
2017-7-14,1,baseline_zero,85,-0.000210217,0
2017-7-17,1,baseline_zero,85,-0.005586901,0
2017-7-18,1,baseline_zero,85,0.00190094,0
2017-7-19,1,baseline_zero,85,-0.004971188,0
2017-7-20,1,baseline_zero,85,-0.004782918,0
2017-7-21,1,baseline_zero,85,0.001277683,0
2017-7-24,1,baseline_zero,85,0.000744562,0
2017-7-25,1,baseline_zero,85,-0.004048589,0
2017-7-26,1,baseline_zero,85,0.002026343,0
2017-7-27,1,baseline_zero,85,-0.006413019,0
2017-7-28,1,baseline_zero,85,-0.004298309,0
2017-7-31,1,baseline_zero,85,0.001936526,0
2017-8-1,1,baseline_zero,85,-0.002151927,0
2017-8-2,1,baseline_zero,85,0,0
2017-8-3,1,baseline_zero,85,0.007511571,0
2017-8-4,1,baseline_zero,85,-0.001176659,0
2017-8-7,1,baseline_zero,85,0.002351936,0
2017-8-8,1,baseline_zero,85,-0.001068376,0
2017-8-9,1,baseline_zero,85,-0.001604707,0
2017-8-10,1,baseline_zero,85,-0.003539447,0
2017-8-11,1,baseline_zero,85,0.003646508,0
2017-8-14,1,baseline_zero,85,0.004699357,0
2017-8-15,1,baseline_zero,85,-0.003308611,0
2017-8-16,1,baseline_zero,85,0.000854884,0
2017-8-17,1,baseline_zero,85,-0.002031543,0
2017-8-18,1,baseline_zero,85,-0.003645726,0
2017-8-21,1,baseline_zero,85,0.004929286,0
2017-8-22,1,baseline_zero,85,-0.004284956,0
2017-8-23,1,baseline_zero,85,0.001394626,0
2017-8-24,1,baseline_zero,85,-0.005805844,0
2017-6-30,1,baseline_zero,86,0.006150658,0
2017-7-3,1,baseline_zero,86,0,0
2017-7-4,1,baseline_zero,86,0.000727235,0
2017-7-5,1,baseline_zero,86,-0.005101786,0
2017-7-6,1,baseline_zero,86,0.002189668,0
2017-7-7,1,baseline_zero,86,0.00010415,0
2017-7-10,1,baseline_zero,86,-0.003651733,0
2017-7-11,1,baseline_zero,86,0.000940292,0
2017-7-12,1,baseline_zero,86,-0.000313332,0
2017-7-13,1,baseline_zero,86,-0.006077135,0
2017-7-14,1,baseline_zero,86,-0.000210217,0
2017-7-17,1,baseline_zero,86,-0.005586901,0
2017-7-18,1,baseline_zero,86,0.00190094,0
2017-7-19,1,baseline_zero,86,-0.004971188,0
2017-7-20,1,baseline_zero,86,-0.004782918,0
2017-7-21,1,baseline_zero,86,0.001277683,0
2017-7-24,1,baseline_zero,86,0.000744562,0
2017-7-25,1,baseline_zero,86,-0.004048589,0
2017-7-26,1,baseline_zero,86,0.002026343,0
2017-7-27,1,baseline_zero,86,-0.006413019,0
2017-7-28,1,baseline_zero,86,-0.004298309,0
2017-7-31,1,baseline_zero,86,0.001936526,0
2017-8-1,1,baseline_zero,86,-0.002151927,0
2017-8-2,1,baseline_zero,86,0,0
2017-8-3,1,baseline_zero,86,0.007511571,0
2017-8-4,1,baseline_zero,86,-0.001176659,0
2017-8-7,1,baseline_zero,86,0.002351936,0
2017-8-8,1,baseline_zero,86,-0.001068376,0
2017-8-9,1,baseline_zero,86,-0.001604707,0
2017-8-10,1,baseline_zero,86,-0.003539447,0
2017-8-11,1,baseline_zero,86,0.003646508,0
2017-8-14,1,baseline_zero,86,0.004699357,0
2017-8-15,1,baseline_zero,86,-0.003308611,0
2017-8-16,1,baseline_zero,86,0.000854884,0
2017-8-17,1,baseline_zero,86,-0.002031543,0
2017-8-18,1,baseline_zero,86,-0.003645726,0
2017-8-21,1,baseline_zero,86,0.004929286,0
2017-8-22,1,baseline_zero,86,-0.004284956,0
2017-8-23,1,baseline_zero,86,0.001394626,0
2017-8-24,1,baseline_zero,86,-0.005805844,0
2017-8-25,1,baseline_zero,86,-0.005731294,0
2017-8-28,1,baseline_zero,86,0.000433698,0
2017-8-29,1,baseline_zero,86,0.006806054,0
2017-8-30,1,baseline_zero,86,-0.002263542,0
2017-8-31,1,baseline_zero,86,0.001509597,0
2017-9-1,1,baseline_zero,86,-0.001833379,0
2017-9-4,1,baseline_zero,86,-0.004218731,0
2017-9-5,1,baseline_zero,86,0.00043351,0
2017-9-6,1,baseline_zero,86,-0.006849714,0
2017-9-7,1,baseline_zero,86,-0.003387796,0
2017-9-8,1,baseline_zero,86,0.006002747,0
2017-9-11,1,baseline_zero,86,-0.000217652,0
2017-9-12,1,baseline_zero,86,0.00694146,0
2017-9-13,1,baseline_zero,86,-0.004332762,0
2017-9-14,1,baseline_zero,86,-0.002717541,0
2017-9-15,1,baseline_zero,86,0.001957373,0
2017-9-18,1,baseline_zero,86,-0.002828548,0
2017-9-19,1,baseline_zero,86,0.007813388,0
2017-9-20,1,baseline_zero,86,-0.003465082,0
2017-9-21,1,baseline_zero,86,-0.000216967,0
2017-7-28,1,baseline_zero,87,-0.004298309,0
2017-7-31,1,baseline_zero,87,0.001936526,0
2017-8-1,1,baseline_zero,87,-0.002151927,0
2017-8-2,1,baseline_zero,87,0,0
2017-8-3,1,baseline_zero,87,0.007511571,0
2017-8-4,1,baseline_zero,87,-0.001176659,0
2017-8-7,1,baseline_zero,87,0.002351936,0
2017-8-8,1,baseline_zero,87,-0.001068376,0
2017-8-9,1,baseline_zero,87,-0.001604707,0
2017-8-10,1,baseline_zero,87,-0.003539447,0
2017-8-11,1,baseline_zero,87,0.003646508,0
2017-8-14,1,baseline_zero,87,0.004699357,0
2017-8-15,1,baseline_zero,87,-0.003308611,0
2017-8-16,1,baseline_zero,87,0.000854884,0
2017-8-17,1,baseline_zero,87,-0.002031543,0
2017-8-18,1,baseline_zero,87,-0.003645726,0
2017-8-21,1,baseline_zero,87,0.004929286,0
2017-8-22,1,baseline_zero,87,-0.004284956,0
2017-8-23,1,baseline_zero,87,0.001394626,0
2017-8-24,1,baseline_zero,87,-0.005805844,0
2017-8-25,1,baseline_zero,87,-0.005731294,0
2017-8-28,1,baseline_zero,87,0.000433698,0
2017-8-29,1,baseline_zero,87,0.006806054,0
2017-8-30,1,baseline_zero,87,-0.002263542,0
2017-8-31,1,baseline_zero,87,0.001509597,0
2017-9-1,1,baseline_zero,87,-0.001833379,0
2017-9-4,1,baseline_zero,87,-0.004218731,0
2017-9-5,1,baseline_zero,87,0.00043351,0
2017-9-6,1,baseline_zero,87,-0.006849714,0
2017-9-7,1,baseline_zero,87,-0.003387796,0
2017-9-8,1,baseline_zero,87,0.006002747,0
2017-9-11,1,baseline_zero,87,-0.000217652,0
2017-9-12,1,baseline_zero,87,0.00694146,0
2017-9-13,1,baseline_zero,87,-0.004332762,0
2017-9-14,1,baseline_zero,87,-0.002717541,0
2017-9-15,1,baseline_zero,87,0.001957373,0
2017-9-18,1,baseline_zero,87,-0.002828548,0
2017-9-19,1,baseline_zero,87,0.007813388,0
2017-9-20,1,baseline_zero,87,-0.003465082,0
2017-9-21,1,baseline_zero,87,-0.000216967,0
2017-9-22,1,baseline_zero,87,0.005194255,0
2017-9-25,1,baseline_zero,87,0.003447908,0
2017-9-26,1,baseline_zero,87,0.004186128,0
2017-9-27,1,baseline_zero,87,-0.00300365,0
2017-9-28,1,baseline_zero,87,0,0
2017-9-29,1,baseline_zero,87,0.005143603,0
2017-10-2,1,baseline_zero,87,0.000106878,0
2017-10-3,1,baseline_zero,87,-0.001176282,0
2017-10-4,1,baseline_zero,87,0.005335623,0
2017-10-5,1,baseline_zero,87,-0.001704304,0
2017-10-6,1,baseline_zero,87,-0.001386889,0
2017-10-9,1,baseline_zero,87,-0.004065046,0
2017-10-10,1,baseline_zero,87,-0.002898397,0
2017-10-11,1,baseline_zero,87,0.000429923,0
2017-10-12,1,baseline_zero,87,0.000322321,0
2017-10-13,1,baseline_zero,87,0.002360516,0
2017-10-16,1,baseline_zero,87,0.002141099,0
2017-10-17,1,baseline_zero,87,-0.001605394,0
2017-10-18,1,baseline_zero,87,-0.002144543,0
2017-10-19,1,baseline_zero,87,0.005779744,0
2017-8-25,1,baseline_zero,88,-0.005731294,0
2017-8-28,1,baseline_zero,88,0.000433698,0
2017-8-29,1,baseline_zero,88,0.006806054,0
2017-8-30,1,baseline_zero,88,-0.002263542,0
2017-8-31,1,baseline_zero,88,0.001509597,0
2017-9-1,1,baseline_zero,88,-0.001833379,0
2017-9-4,1,baseline_zero,88,-0.004218731,0
2017-9-5,1,baseline_zero,88,0.00043351,0
2017-9-6,1,baseline_zero,88,-0.006849714,0
2017-9-7,1,baseline_zero,88,-0.003387796,0
2017-9-8,1,baseline_zero,88,0.006002747,0
2017-9-11,1,baseline_zero,88,-0.000217652,0
2017-9-12,1,baseline_zero,88,0.00694146,0
2017-9-13,1,baseline_zero,88,-0.004332762,0
2017-9-14,1,baseline_zero,88,-0.002717541,0
2017-9-15,1,baseline_zero,88,0.001957373,0
2017-9-18,1,baseline_zero,88,-0.002828548,0
2017-9-19,1,baseline_zero,88,0.007813388,0
2017-9-20,1,baseline_zero,88,-0.003465082,0
2017-9-21,1,baseline_zero,88,-0.000216967,0
2017-9-22,1,baseline_zero,88,0.005194255,0
2017-9-25,1,baseline_zero,88,0.003447908,0
2017-9-26,1,baseline_zero,88,0.004186128,0
2017-9-27,1,baseline_zero,88,-0.00300365,0
2017-9-28,1,baseline_zero,88,0,0
2017-9-29,1,baseline_zero,88,0.005143603,0
2017-10-2,1,baseline_zero,88,0.000106878,0
2017-10-3,1,baseline_zero,88,-0.001176282,0
2017-10-4,1,baseline_zero,88,0.005335623,0
2017-10-5,1,baseline_zero,88,-0.001704304,0
2017-10-6,1,baseline_zero,88,-0.001386889,0
2017-10-9,1,baseline_zero,88,-0.004065046,0
2017-10-10,1,baseline_zero,88,-0.002898397,0
2017-10-11,1,baseline_zero,88,0.000429923,0
2017-10-12,1,baseline_zero,88,0.000322321,0
2017-10-13,1,baseline_zero,88,0.002360516,0
2017-10-16,1,baseline_zero,88,0.002141099,0
2017-10-17,1,baseline_zero,88,-0.001605394,0
2017-10-18,1,baseline_zero,88,-0.002144543,0
2017-10-19,1,baseline_zero,88,0.005779744,0
2017-10-20,1,baseline_zero,88,0.002558091,0
2017-10-23,1,baseline_zero,88,-0.001811305,0
2017-10-24,1,baseline_zero,88,-0.000640068,0
2017-10-25,1,baseline_zero,88,0.009558272,0
2017-10-26,1,baseline_zero,88,0.003271253,0
2017-10-27,1,baseline_zero,88,-0.003799878,0
2017-10-30,1,baseline_zero,88,-0.000105759,0
2017-10-31,1,baseline_zero,88,0.002746094,0
2017-11-1,1,baseline_zero,88,-0.001266491,0
2017-11-2,1,baseline_zero,88,0.002636715,0
2017-11-3,1,baseline_zero,88,-0.001897734,0
2017-11-6,1,baseline_zero,88,0.001581695,0
2017-11-7,1,baseline_zero,88,-0.000421541,0
2017-11-8,1,baseline_zero,88,-0.004542821,0
2017-11-9,1,baseline_zero,88,-0.000529577,0
2017-11-10,1,baseline_zero,88,0.001058873,0
2017-11-13,1,baseline_zero,88,-0.007009374,0
2017-11-14,1,baseline_zero,88,-0.000213174,0
2017-11-15,1,baseline_zero,88,0.001278364,0
2017-11-16,1,baseline_zero,88,-0.00287862,0
2017-9-22,1,baseline_zero,89,0.005194255,0
2017-9-25,1,baseline_zero,89,0.003447908,0
2017-9-26,1,baseline_zero,89,0.004186128,0
2017-9-27,1,baseline_zero,89,-0.00300365,0
2017-9-28,1,baseline_zero,89,0,0
2017-9-29,1,baseline_zero,89,0.005143603,0
2017-10-2,1,baseline_zero,89,0.000106878,0
2017-10-3,1,baseline_zero,89,-0.001176282,0
2017-10-4,1,baseline_zero,89,0.005335623,0
2017-10-5,1,baseline_zero,89,-0.001704304,0
2017-10-6,1,baseline_zero,89,-0.001386889,0
2017-10-9,1,baseline_zero,89,-0.004065046,0
2017-10-10,1,baseline_zero,89,-0.002898397,0
2017-10-11,1,baseline_zero,89,0.000429923,0
2017-10-12,1,baseline_zero,89,0.000322321,0
2017-10-13,1,baseline_zero,89,0.002360516,0
2017-10-16,1,baseline_zero,89,0.002141099,0
2017-10-17,1,baseline_zero,89,-0.001605394,0
2017-10-18,1,baseline_zero,89,-0.002144543,0
2017-10-19,1,baseline_zero,89,0.005779744,0
2017-10-20,1,baseline_zero,89,0.002558091,0
2017-10-23,1,baseline_zero,89,-0.001811305,0
2017-10-24,1,baseline_zero,89,-0.000640068,0
2017-10-25,1,baseline_zero,89,0.009558272,0
2017-10-26,1,baseline_zero,89,0.003271253,0
2017-10-27,1,baseline_zero,89,-0.003799878,0
2017-10-30,1,baseline_zero,89,-0.000105759,0
2017-10-31,1,baseline_zero,89,0.002746094,0
2017-11-1,1,baseline_zero,89,-0.001266491,0
2017-11-2,1,baseline_zero,89,0.002636715,0
2017-11-3,1,baseline_zero,89,-0.001897734,0
2017-11-6,1,baseline_zero,89,0.001581695,0
2017-11-7,1,baseline_zero,89,-0.000421541,0
2017-11-8,1,baseline_zero,89,-0.004542821,0
2017-11-9,1,baseline_zero,89,-0.000529577,0
2017-11-10,1,baseline_zero,89,0.001058873,0
2017-11-13,1,baseline_zero,89,-0.007009374,0
2017-11-14,1,baseline_zero,89,-0.000213174,0
2017-11-15,1,baseline_zero,89,0.001278364,0
2017-11-16,1,baseline_zero,89,-0.00287862,0
2017-11-17,1,baseline_zero,89,0.00447428,0
2017-11-20,1,baseline_zero,89,-0.001382758,0
2017-11-21,1,baseline_zero,89,-0.007800435,0
2017-11-22,1,baseline_zero,89,0,0
2017-11-23,1,baseline_zero,89,-0.004731192,0
2017-11-24,1,baseline_zero,89,0.001292546,0
2017-11-27,1,baseline_zero,89,0.003974867,0
2017-11-28,1,baseline_zero,89,-0.001180068,0
2017-11-29,1,baseline_zero,89,-0.001181462,0
2017-11-30,1,baseline_zero,89,-0.001720986,0
2017-12-1,1,baseline_zero,89,0.003224422,0
2017-12-4,1,baseline_zero,89,0.00203677,0
2017-12-5,1,baseline_zero,89,0.002460026,0
2017-12-6,1,baseline_zero,89,0.002027641,0
2017-12-7,1,baseline_zero,89,0.00106553,0
2017-12-8,1,baseline_zero,89,-0.00031954,0
2017-12-11,1,baseline_zero,89,0.0024472,0
2017-12-12,1,baseline_zero,89,-0.007145554,0
2017-12-13,1,baseline_zero,89,0.000641986,0
2017-12-14,1,baseline_zero,89,0.004695345,0
2017-10-20,1,baseline_zero,90,0.002558091,0
2017-10-23,1,baseline_zero,90,-0.001811305,0
2017-10-24,1,baseline_zero,90,-0.000640068,0
2017-10-25,1,baseline_zero,90,0.009558272,0
2017-10-26,1,baseline_zero,90,0.003271253,0
2017-10-27,1,baseline_zero,90,-0.003799878,0
2017-10-30,1,baseline_zero,90,-0.000105759,0
2017-10-31,1,baseline_zero,90,0.002746094,0
2017-11-1,1,baseline_zero,90,-0.001266491,0
2017-11-2,1,baseline_zero,90,0.002636715,0
2017-11-3,1,baseline_zero,90,-0.001897734,0
2017-11-6,1,baseline_zero,90,0.001581695,0
2017-11-7,1,baseline_zero,90,-0.000421541,0
2017-11-8,1,baseline_zero,90,-0.004542821,0
2017-11-9,1,baseline_zero,90,-0.000529577,0
2017-11-10,1,baseline_zero,90,0.001058873,0
2017-11-13,1,baseline_zero,90,-0.007009374,0
2017-11-14,1,baseline_zero,90,-0.000213174,0
2017-11-15,1,baseline_zero,90,0.001278364,0
2017-11-16,1,baseline_zero,90,-0.00287862,0
2017-11-17,1,baseline_zero,90,0.00447428,0
2017-11-20,1,baseline_zero,90,-0.001382758,0
2017-11-21,1,baseline_zero,90,-0.007800435,0
2017-11-22,1,baseline_zero,90,0,0
2017-11-23,1,baseline_zero,90,-0.004731192,0
2017-11-24,1,baseline_zero,90,0.001292546,0
2017-11-27,1,baseline_zero,90,0.003974867,0
2017-11-28,1,baseline_zero,90,-0.001180068,0
2017-11-29,1,baseline_zero,90,-0.001181462,0
2017-11-30,1,baseline_zero,90,-0.001720986,0
2017-12-1,1,baseline_zero,90,0.003224422,0
2017-12-4,1,baseline_zero,90,0.00203677,0
2017-12-5,1,baseline_zero,90,0.002460026,0
2017-12-6,1,baseline_zero,90,0.002027641,0
2017-12-7,1,baseline_zero,90,0.00106553,0
2017-12-8,1,baseline_zero,90,-0.00031954,0
2017-12-11,1,baseline_zero,90,0.0024472,0
2017-12-12,1,baseline_zero,90,-0.007145554,0
2017-12-13,1,baseline_zero,90,0.000641986,0
2017-12-14,1,baseline_zero,90,0.004695345,0
2017-12-15,1,baseline_zero,90,-0.002558364,0
2017-12-18,1,baseline_zero,90,-0.002671941,0
2017-12-19,1,baseline_zero,90,-0.001392236,0
2017-12-20,1,baseline_zero,90,-0.000321561,0
2017-12-21,1,baseline_zero,90,0.000750147,0
2017-12-22,1,baseline_zero,90,0,0
2017-12-25,1,baseline_zero,90,-0.000964579,0
2017-12-26,1,baseline_zero,90,-0.00246927,0
2017-12-27,1,baseline_zero,90,-0.00463288,0
2017-12-28,1,baseline_zero,90,-0.005197067,0
2017-12-29,1,baseline_zero,90,0.001410208,0
2018-1-1,1,baseline_zero,90,-0.004127749,0
2018-1-2,1,baseline_zero,90,0.003151663,0
2018-1-3,1,baseline_zero,90,-0.003369385,0
2018-1-4,1,baseline_zero,90,0.001088139,0
2018-1-5,1,baseline_zero,90,0.004449033,0
2018-1-8,1,baseline_zero,90,0.001838932,0
2018-1-9,1,baseline_zero,90,-0.0021638,0
2018-1-10,1,baseline_zero,90,-0.005212304,0
2018-1-11,1,baseline_zero,90,-0.00962703,0
2017-11-17,1,baseline_zero,91,0.00447428,0
2017-11-20,1,baseline_zero,91,-0.001382758,0
2017-11-21,1,baseline_zero,91,-0.007800435,0
2017-11-22,1,baseline_zero,91,0,0
2017-11-23,1,baseline_zero,91,-0.004731192,0
2017-11-24,1,baseline_zero,91,0.001292546,0
2017-11-27,1,baseline_zero,91,0.003974867,0
2017-11-28,1,baseline_zero,91,-0.001180068,0
2017-11-29,1,baseline_zero,91,-0.001181462,0
2017-11-30,1,baseline_zero,91,-0.001720986,0
2017-12-1,1,baseline_zero,91,0.003224422,0
2017-12-4,1,baseline_zero,91,0.00203677,0
2017-12-5,1,baseline_zero,91,0.002460026,0
2017-12-6,1,baseline_zero,91,0.002027641,0
2017-12-7,1,baseline_zero,91,0.00106553,0
2017-12-8,1,baseline_zero,91,-0.00031954,0
2017-12-11,1,baseline_zero,91,0.0024472,0
2017-12-12,1,baseline_zero,91,-0.007145554,0
2017-12-13,1,baseline_zero,91,0.000641986,0
2017-12-14,1,baseline_zero,91,0.004695345,0
2017-12-15,1,baseline_zero,91,-0.002558364,0
2017-12-18,1,baseline_zero,91,-0.002671941,0
2017-12-19,1,baseline_zero,91,-0.001392236,0
2017-12-20,1,baseline_zero,91,-0.000321561,0
2017-12-21,1,baseline_zero,91,0.000750147,0
2017-12-22,1,baseline_zero,91,0,0
2017-12-25,1,baseline_zero,91,-0.000964579,0
2017-12-26,1,baseline_zero,91,-0.00246927,0
2017-12-27,1,baseline_zero,91,-0.00463288,0
2017-12-28,1,baseline_zero,91,-0.005197067,0
2017-12-29,1,baseline_zero,91,0.001410208,0
2018-1-1,1,baseline_zero,91,-0.004127749,0
2018-1-2,1,baseline_zero,91,0.003151663,0
2018-1-3,1,baseline_zero,91,-0.003369385,0
2018-1-4,1,baseline_zero,91,0.001088139,0
2018-1-5,1,baseline_zero,91,0.004449033,0
2018-1-8,1,baseline_zero,91,0.001838932,0
2018-1-9,1,baseline_zero,91,-0.0021638,0
2018-1-10,1,baseline_zero,91,-0.005212304,0
2018-1-11,1,baseline_zero,91,-0.00962703,0
2018-1-12,1,baseline_zero,91,0,0
2018-1-15,1,baseline_zero,91,-0.00639614,0
2018-1-16,1,baseline_zero,91,0.0016581,0
2018-1-17,1,baseline_zero,91,-0.000441891,0
2018-1-18,1,baseline_zero,91,0.000773182,0
2018-1-19,1,baseline_zero,91,-0.001878765,0
2018-1-22,1,baseline_zero,91,-0.003102152,0
2018-1-23,1,baseline_zero,91,-0.010148975,0
2018-1-24,1,baseline_zero,91,0.002015678,0
2018-1-25,1,baseline_zero,91,-0.003586242,0
2018-1-26,1,baseline_zero,91,0.002690886,0
2018-1-29,1,baseline_zero,91,-0.001680955,0
2018-1-30,1,baseline_zero,91,-0.00033653,0
2018-1-31,1,baseline_zero,91,-0.005174365,0
2018-2-1,1,baseline_zero,91,0.005847312,0
2018-2-2,1,baseline_zero,91,0.004028203,0
2018-2-5,1,baseline_zero,91,0.000334952,0
2018-2-6,1,baseline_zero,91,0.007451516,0
2018-2-7,1,baseline_zero,91,-0.000221631,0
2018-2-8,1,baseline_zero,91,0.002324681,0
2017-12-15,1,baseline_zero,92,-0.002558364,0
2017-12-18,1,baseline_zero,92,-0.002671941,0
2017-12-19,1,baseline_zero,92,-0.001392236,0
2017-12-20,1,baseline_zero,92,-0.000321561,0
2017-12-21,1,baseline_zero,92,0.000750147,0
2017-12-22,1,baseline_zero,92,0,0
2017-12-25,1,baseline_zero,92,-0.000964579,0
2017-12-26,1,baseline_zero,92,-0.00246927,0
2017-12-27,1,baseline_zero,92,-0.00463288,0
2017-12-28,1,baseline_zero,92,-0.005197067,0
2017-12-29,1,baseline_zero,92,0.001410208,0
2018-1-1,1,baseline_zero,92,-0.004127749,0
2018-1-2,1,baseline_zero,92,0.003151663,0
2018-1-3,1,baseline_zero,92,-0.003369385,0
2018-1-4,1,baseline_zero,92,0.001088139,0
2018-1-5,1,baseline_zero,92,0.004449033,0
2018-1-8,1,baseline_zero,92,0.001838932,0
2018-1-9,1,baseline_zero,92,-0.0021638,0
2018-1-10,1,baseline_zero,92,-0.005212304,0
2018-1-11,1,baseline_zero,92,-0.00962703,0
2018-1-12,1,baseline_zero,92,0,0
2018-1-15,1,baseline_zero,92,-0.00639614,0
2018-1-16,1,baseline_zero,92,0.0016581,0
2018-1-17,1,baseline_zero,92,-0.000441891,0
2018-1-18,1,baseline_zero,92,0.000773182,0
2018-1-19,1,baseline_zero,92,-0.001878765,0
2018-1-22,1,baseline_zero,92,-0.003102152,0
2018-1-23,1,baseline_zero,92,-0.010148975,0
2018-1-24,1,baseline_zero,92,0.002015678,0
2018-1-25,1,baseline_zero,92,-0.003586242,0
2018-1-26,1,baseline_zero,92,0.002690886,0
2018-1-29,1,baseline_zero,92,-0.001680955,0
2018-1-30,1,baseline_zero,92,-0.00033653,0
2018-1-31,1,baseline_zero,92,-0.005174365,0
2018-2-1,1,baseline_zero,92,0.005847312,0
2018-2-2,1,baseline_zero,92,0.004028203,0
2018-2-5,1,baseline_zero,92,0.000334952,0
2018-2-6,1,baseline_zero,92,0.007451516,0
2018-2-7,1,baseline_zero,92,-0.000221631,0
2018-2-8,1,baseline_zero,92,0.002324681,0
2018-2-9,1,baseline_zero,92,-0.002546362,0
2018-2-12,1,baseline_zero,92,-0.005669517,0
2018-2-13,1,baseline_zero,92,-0.006486993,0
2018-2-14,1,baseline_zero,92,-0.005964792,0
2018-2-15,1,baseline_zero,92,0.00574035,0
2018-2-16,1,baseline_zero,92,0,0
2018-2-19,1,baseline_zero,92,0.006934375,0
2018-2-20,1,baseline_zero,92,0.003115961,0
2018-2-21,1,baseline_zero,92,-0.00289307,0
2018-2-22,1,baseline_zero,92,0.001558847,0
2018-2-23,1,baseline_zero,92,-0.000333834,0
2018-2-26,1,baseline_zero,92,0.005660078,0
2018-2-27,1,baseline_zero,92,0.002762891,0
2018-2-28,1,baseline_zero,92,-0.003205662,0
2018-3-1,1,baseline_zero,92,-0.004216138,0
2018-3-2,1,baseline_zero,92,0.001555383,0
2018-3-5,1,baseline_zero,92,-0.005119655,0
2018-3-6,1,baseline_zero,92,0.00022314,0
2018-3-7,1,baseline_zero,92,0.006006024,0
2018-3-8,1,baseline_zero,92,-0.000998502,0
2018-1-12,1,baseline_zero,93,0,0
2018-1-15,1,baseline_zero,93,-0.00639614,0
2018-1-16,1,baseline_zero,93,0.0016581,0
2018-1-17,1,baseline_zero,93,-0.000441891,0
2018-1-18,1,baseline_zero,93,0.000773182,0
2018-1-19,1,baseline_zero,93,-0.001878765,0
2018-1-22,1,baseline_zero,93,-0.003102152,0
2018-1-23,1,baseline_zero,93,-0.010148975,0
2018-1-24,1,baseline_zero,93,0.002015678,0
2018-1-25,1,baseline_zero,93,-0.003586242,0
2018-1-26,1,baseline_zero,93,0.002690886,0
2018-1-29,1,baseline_zero,93,-0.001680955,0
2018-1-30,1,baseline_zero,93,-0.00033653,0
2018-1-31,1,baseline_zero,93,-0.005174365,0
2018-2-1,1,baseline_zero,93,0.005847312,0
2018-2-2,1,baseline_zero,93,0.004028203,0
2018-2-5,1,baseline_zero,93,0.000334952,0
2018-2-6,1,baseline_zero,93,0.007451516,0
2018-2-7,1,baseline_zero,93,-0.000221631,0
2018-2-8,1,baseline_zero,93,0.002324681,0
2018-2-9,1,baseline_zero,93,-0.002546362,0
2018-2-12,1,baseline_zero,93,-0.005669517,0
2018-2-13,1,baseline_zero,93,-0.006486993,0
2018-2-14,1,baseline_zero,93,-0.005964792,0
2018-2-15,1,baseline_zero,93,0.00574035,0
2018-2-16,1,baseline_zero,93,0,0
2018-2-19,1,baseline_zero,93,0.006934375,0
2018-2-20,1,baseline_zero,93,0.003115961,0
2018-2-21,1,baseline_zero,93,-0.00289307,0
2018-2-22,1,baseline_zero,93,0.001558847,0
2018-2-23,1,baseline_zero,93,-0.000333834,0
2018-2-26,1,baseline_zero,93,0.005660078,0
2018-2-27,1,baseline_zero,93,0.002762891,0
2018-2-28,1,baseline_zero,93,-0.003205662,0
2018-3-1,1,baseline_zero,93,-0.004216138,0
2018-3-2,1,baseline_zero,93,0.001555383,0
2018-3-5,1,baseline_zero,93,-0.005119655,0
2018-3-6,1,baseline_zero,93,0.00022314,0
2018-3-7,1,baseline_zero,93,0.006006024,0
2018-3-8,1,baseline_zero,93,-0.000998502,0
2018-3-9,1,baseline_zero,93,-0.00222247,0
2018-3-12,1,baseline_zero,93,-0.002561962,0
2018-3-13,1,baseline_zero,93,0.00044603,0
2018-3-14,1,baseline_zero,93,0.004893248,0
2018-3-15,1,baseline_zero,93,0.000997949,0
2018-3-16,1,baseline_zero,93,-0.005111122,0
2018-3-19,1,baseline_zero,93,0.00666151,0
2018-3-20,1,baseline_zero,93,-0.006550121,0
2018-3-21,1,baseline_zero,93,0.00089067,0
2018-3-22,1,baseline_zero,93,-0.004237767,0
2018-3-23,1,baseline_zero,93,-0.005041745,0
2018-3-26,1,baseline_zero,93,0.003363986,0
2018-3-27,1,baseline_zero,93,0.008138737,0
2018-3-28,1,baseline_zero,93,0.000998835,0
2018-3-29,1,baseline_zero,93,-0.001998668,0
2018-3-30,1,baseline_zero,93,0.00088879,0
2018-4-2,1,baseline_zero,93,0.001664355,0
2018-4-3,1,baseline_zero,93,-0.00066541,0
2018-4-4,1,baseline_zero,93,0.003543747,0
2018-4-5,1,baseline_zero,93,-0.003876618,0
2018-2-9,1,baseline_zero,94,-0.002546362,0
2018-2-12,1,baseline_zero,94,-0.005669517,0
2018-2-13,1,baseline_zero,94,-0.006486993,0
2018-2-14,1,baseline_zero,94,-0.005964792,0
2018-2-15,1,baseline_zero,94,0.00574035,0
2018-2-16,1,baseline_zero,94,0,0
2018-2-19,1,baseline_zero,94,0.006934375,0
2018-2-20,1,baseline_zero,94,0.003115961,0
2018-2-21,1,baseline_zero,94,-0.00289307,0
2018-2-22,1,baseline_zero,94,0.001558847,0
2018-2-23,1,baseline_zero,94,-0.000333834,0
2018-2-26,1,baseline_zero,94,0.005660078,0
2018-2-27,1,baseline_zero,94,0.002762891,0
2018-2-28,1,baseline_zero,94,-0.003205662,0
2018-3-1,1,baseline_zero,94,-0.004216138,0
2018-3-2,1,baseline_zero,94,0.001555383,0
2018-3-5,1,baseline_zero,94,-0.005119655,0
2018-3-6,1,baseline_zero,94,0.00022314,0
2018-3-7,1,baseline_zero,94,0.006006024,0
2018-3-8,1,baseline_zero,94,-0.000998502,0
2018-3-9,1,baseline_zero,94,-0.00222247,0
2018-3-12,1,baseline_zero,94,-0.002561962,0
2018-3-13,1,baseline_zero,94,0.00044603,0
2018-3-14,1,baseline_zero,94,0.004893248,0
2018-3-15,1,baseline_zero,94,0.000997949,0
2018-3-16,1,baseline_zero,94,-0.005111122,0
2018-3-19,1,baseline_zero,94,0.00666151,0
2018-3-20,1,baseline_zero,94,-0.006550121,0
2018-3-21,1,baseline_zero,94,0.00089067,0
2018-3-22,1,baseline_zero,94,-0.004237767,0
2018-3-23,1,baseline_zero,94,-0.005041745,0
2018-3-26,1,baseline_zero,94,0.003363986,0
2018-3-27,1,baseline_zero,94,0.008138737,0
2018-3-28,1,baseline_zero,94,0.000998835,0
2018-3-29,1,baseline_zero,94,-0.001998668,0
2018-3-30,1,baseline_zero,94,0.00088879,0
2018-4-2,1,baseline_zero,94,0.001664355,0
2018-4-3,1,baseline_zero,94,-0.00066541,0
2018-4-4,1,baseline_zero,94,0.003543747,0
2018-4-5,1,baseline_zero,94,-0.003876618,0
2018-4-6,1,baseline_zero,94,-0.003000836,0
2018-4-9,1,baseline_zero,94,-0.002786604,0
2018-4-10,1,baseline_zero,94,-0.000223264,0
2018-4-11,1,baseline_zero,94,0.002007585,0
2018-4-12,1,baseline_zero,94,0.000556948,0
2018-4-13,1,baseline_zero,94,-0.004240605,0
2018-4-16,1,baseline_zero,94,0.001117693,0
2018-4-17,1,baseline_zero,94,0.001116445,0
2018-4-18,1,baseline_zero,94,0.003564272,0
2018-4-19,1,baseline_zero,94,0.004216138,0
2018-4-20,1,baseline_zero,94,0.006950985,0
2018-4-23,1,baseline_zero,94,-0.00198107,0
2018-4-24,1,baseline_zero,94,0.004397061,0
2018-4-25,1,baseline_zero,94,0.004268599,0
2018-4-26,1,baseline_zero,94,-0.00021846,0
2018-4-27,1,baseline_zero,94,0.003271897,0
2018-4-30,1,baseline_zero,94,0.006620025,0
2018-5-1,1,baseline_zero,94,0.000648789,0
2018-5-2,1,baseline_zero,94,-0.001081549,0
2018-5-3,1,baseline_zero,94,0.001729917,0
2018-3-9,1,baseline_zero,95,-0.00222247,0
2018-3-12,1,baseline_zero,95,-0.002561962,0
2018-3-13,1,baseline_zero,95,0.00044603,0
2018-3-14,1,baseline_zero,95,0.004893248,0
2018-3-15,1,baseline_zero,95,0.000997949,0
2018-3-16,1,baseline_zero,95,-0.005111122,0
2018-3-19,1,baseline_zero,95,0.00666151,0
2018-3-20,1,baseline_zero,95,-0.006550121,0
2018-3-21,1,baseline_zero,95,0.00089067,0
2018-3-22,1,baseline_zero,95,-0.004237767,0
2018-3-23,1,baseline_zero,95,-0.005041745,0
2018-3-26,1,baseline_zero,95,0.003363986,0
2018-3-27,1,baseline_zero,95,0.008138737,0
2018-3-28,1,baseline_zero,95,0.000998835,0
2018-3-29,1,baseline_zero,95,-0.001998668,0
2018-3-30,1,baseline_zero,95,0.00088879,0
2018-4-2,1,baseline_zero,95,0.001664355,0
2018-4-3,1,baseline_zero,95,-0.00066541,0
2018-4-4,1,baseline_zero,95,0.003543747,0
2018-4-5,1,baseline_zero,95,-0.003876618,0
2018-4-6,1,baseline_zero,95,-0.003000836,0
2018-4-9,1,baseline_zero,95,-0.002786604,0
2018-4-10,1,baseline_zero,95,-0.000223264,0
2018-4-11,1,baseline_zero,95,0.002007585,0
2018-4-12,1,baseline_zero,95,0.000556948,0
2018-4-13,1,baseline_zero,95,-0.004240605,0
2018-4-16,1,baseline_zero,95,0.001117693,0
2018-4-17,1,baseline_zero,95,0.001116445,0
2018-4-18,1,baseline_zero,95,0.003564272,0
2018-4-19,1,baseline_zero,95,0.004216138,0
2018-4-20,1,baseline_zero,95,0.006950985,0
2018-4-23,1,baseline_zero,95,-0.00198107,0
2018-4-24,1,baseline_zero,95,0.004397061,0
2018-4-25,1,baseline_zero,95,0.004268599,0
2018-4-26,1,baseline_zero,95,-0.00021846,0
2018-4-27,1,baseline_zero,95,0.003271897,0
2018-4-30,1,baseline_zero,95,0.006620025,0
2018-5-1,1,baseline_zero,95,0.000648789,0
2018-5-2,1,baseline_zero,95,-0.001081549,0
2018-5-3,1,baseline_zero,95,0.001729917,0
2018-5-4,1,baseline_zero,95,0.001942586,0
2018-5-7,1,baseline_zero,95,0.003981282,0
2018-5-8,1,baseline_zero,95,-0.000859476,0
2018-5-9,1,baseline_zero,95,-0.004200555,0
2018-5-10,1,baseline_zero,95,-0.001187969,0
2018-5-11,1,baseline_zero,95,0.000540161,0
2018-5-14,1,baseline_zero,95,0.006781146,0
2018-5-15,1,baseline_zero,95,0.001821982,0
2018-5-16,1,baseline_zero,95,0.000856256,0
2018-5-17,1,baseline_zero,95,0.001817113,0
2018-5-18,1,baseline_zero,95,0.000427077,0
2018-5-21,1,baseline_zero,95,-0.000747504,0
2018-5-22,1,baseline_zero,95,0.004157567,0
2018-5-23,1,baseline_zero,95,-0.002556456,0
2018-5-24,1,baseline_zero,95,0.004575693,0
2018-5-25,1,baseline_zero,95,0,0
2018-5-28,1,baseline_zero,95,0.006771796,0
2018-5-29,1,baseline_zero,95,-0.00719656,0
2018-5-30,1,baseline_zero,95,-0.001807261,0
2018-5-31,1,baseline_zero,95,0.002232025,0
2018-4-6,1,baseline_zero,96,-0.003000836,0
2018-4-9,1,baseline_zero,96,-0.002786604,0
2018-4-10,1,baseline_zero,96,-0.000223264,0
2018-4-11,1,baseline_zero,96,0.002007585,0
2018-4-12,1,baseline_zero,96,0.000556948,0
2018-4-13,1,baseline_zero,96,-0.004240605,0
2018-4-16,1,baseline_zero,96,0.001117693,0
2018-4-17,1,baseline_zero,96,0.001116445,0
2018-4-18,1,baseline_zero,96,0.003564272,0
2018-4-19,1,baseline_zero,96,0.004216138,0
2018-4-20,1,baseline_zero,96,0.006950985,0
2018-4-23,1,baseline_zero,96,-0.00198107,0
2018-4-24,1,baseline_zero,96,0.004397061,0
2018-4-25,1,baseline_zero,96,0.004268599,0
2018-4-26,1,baseline_zero,96,-0.00021846,0
2018-4-27,1,baseline_zero,96,0.003271897,0
2018-4-30,1,baseline_zero,96,0.006620025,0
2018-5-1,1,baseline_zero,96,0.000648789,0
2018-5-2,1,baseline_zero,96,-0.001081549,0
2018-5-3,1,baseline_zero,96,0.001729917,0
2018-5-4,1,baseline_zero,96,0.001942586,0
2018-5-7,1,baseline_zero,96,0.003981282,0
2018-5-8,1,baseline_zero,96,-0.000859476,0
2018-5-9,1,baseline_zero,96,-0.004200555,0
2018-5-10,1,baseline_zero,96,-0.001187969,0
2018-5-11,1,baseline_zero,96,0.000540161,0
2018-5-14,1,baseline_zero,96,0.006781146,0
2018-5-15,1,baseline_zero,96,0.001821982,0
2018-5-16,1,baseline_zero,96,0.000856256,0
2018-5-17,1,baseline_zero,96,0.001817113,0
2018-5-18,1,baseline_zero,96,0.000427077,0
2018-5-21,1,baseline_zero,96,-0.000747504,0
2018-5-22,1,baseline_zero,96,0.004157567,0
2018-5-23,1,baseline_zero,96,-0.002556456,0
2018-5-24,1,baseline_zero,96,0.004575693,0
2018-5-25,1,baseline_zero,96,0,0
2018-5-28,1,baseline_zero,96,0.006771796,0
2018-5-29,1,baseline_zero,96,-0.00719656,0
2018-5-30,1,baseline_zero,96,-0.001807261,0
2018-5-31,1,baseline_zero,96,0.002232025,0
2018-6-1,1,baseline_zero,96,-0.001806493,0
2018-6-4,1,baseline_zero,96,-0.001277139,0
2018-6-5,1,baseline_zero,96,-0.002559182,0
2018-6-6,1,baseline_zero,96,-0.002779859,0
2018-6-7,1,baseline_zero,96,0.001604707,0
2018-6-8,1,baseline_zero,96,0.000320633,0
2018-6-11,1,baseline_zero,96,0.002348171,0
2018-6-12,1,baseline_zero,96,-0.000959949,0
2018-6-13,1,baseline_zero,96,0.011247996,0
2018-6-14,1,baseline_zero,96,0.000211015,0
2018-6-15,1,baseline_zero,96,0.000105491,0
2018-6-18,1,baseline_zero,96,0.002949233,0
2018-6-19,1,baseline_zero,96,-0.000210371,0
2018-6-20,1,baseline_zero,96,-0.003371974,0
2018-6-21,1,baseline_zero,96,-0.002324845,0
2018-6-22,1,baseline_zero,96,-0.002542374,0
2018-6-25,1,baseline_zero,96,0.004022446,0
2018-6-26,1,baseline_zero,96,0.006423441,0
2018-6-27,1,baseline_zero,96,0.001258785,0
2018-6-28,1,baseline_zero,96,-0.007893531,0
2018-5-4,1,baseline_zero,97,0.001942586,0
2018-5-7,1,baseline_zero,97,0.003981282,0
2018-5-8,1,baseline_zero,97,-0.000859476,0
2018-5-9,1,baseline_zero,97,-0.004200555,0
2018-5-10,1,baseline_zero,97,-0.001187969,0
2018-5-11,1,baseline_zero,97,0.000540161,0
2018-5-14,1,baseline_zero,97,0.006781146,0
2018-5-15,1,baseline_zero,97,0.001821982,0
2018-5-16,1,baseline_zero,97,0.000856256,0
2018-5-17,1,baseline_zero,97,0.001817113,0
2018-5-18,1,baseline_zero,97,0.000427077,0
2018-5-21,1,baseline_zero,97,-0.000747504,0
2018-5-22,1,baseline_zero,97,0.004157567,0
2018-5-23,1,baseline_zero,97,-0.002556456,0
2018-5-24,1,baseline_zero,97,0.004575693,0
2018-5-25,1,baseline_zero,97,0,0
2018-5-28,1,baseline_zero,97,0.006771796,0
2018-5-29,1,baseline_zero,97,-0.00719656,0
2018-5-30,1,baseline_zero,97,-0.001807261,0
2018-5-31,1,baseline_zero,97,0.002232025,0
2018-6-1,1,baseline_zero,97,-0.001806493,0
2018-6-4,1,baseline_zero,97,-0.001277139,0
2018-6-5,1,baseline_zero,97,-0.002559182,0
2018-6-6,1,baseline_zero,97,-0.002779859,0
2018-6-7,1,baseline_zero,97,0.001604707,0
2018-6-8,1,baseline_zero,97,0.000320633,0
2018-6-11,1,baseline_zero,97,0.002348171,0
2018-6-12,1,baseline_zero,97,-0.000959949,0
2018-6-13,1,baseline_zero,97,0.011247996,0
2018-6-14,1,baseline_zero,97,0.000211015,0
2018-6-15,1,baseline_zero,97,0.000105491,0
2018-6-18,1,baseline_zero,97,0.002949233,0
2018-6-19,1,baseline_zero,97,-0.000210371,0
2018-6-20,1,baseline_zero,97,-0.003371974,0
2018-6-21,1,baseline_zero,97,-0.002324845,0
2018-6-22,1,baseline_zero,97,-0.002542374,0
2018-6-25,1,baseline_zero,97,0.004022446,0
2018-6-26,1,baseline_zero,97,0.006423441,0
2018-6-27,1,baseline_zero,97,0.001258785,0
2018-6-28,1,baseline_zero,97,-0.007893531,0
2018-6-29,1,baseline_zero,97,0.004112412,0
2018-7-2,1,baseline_zero,97,-0.003795471,0
2018-7-3,1,baseline_zero,97,0,0
2018-7-4,1,baseline_zero,97,-0.002114836,0
2018-7-5,1,baseline_zero,97,-0.0045621,0
2018-7-6,1,baseline_zero,97,0.00042526,0
2018-7-9,1,baseline_zero,97,0.000743771,0
2018-7-10,1,baseline_zero,97,0.006035916,0
2018-7-11,1,baseline_zero,97,0.000949718,0
2018-7-12,1,baseline_zero,97,-0.000633045,0
2018-7-13,1,baseline_zero,97,-0.002536195,0
2018-7-16,1,baseline_zero,97,0.004539464,0
2018-7-17,1,baseline_zero,97,0.001473529,0
2018-7-18,1,baseline_zero,97,0.000735951,0
2018-7-19,1,baseline_zero,97,-0.007384,0
2018-7-20,1,baseline_zero,97,0.002326566,0
2018-7-23,1,baseline_zero,97,-0.000633981,0
2018-7-24,1,baseline_zero,97,-0.002645924,0
2018-7-25,1,baseline_zero,97,0.004124589,0
2018-7-26,1,baseline_zero,97,-0.000844684,0
2018-6-1,1,baseline_zero,98,-0.001806493,0
2018-6-4,1,baseline_zero,98,-0.001277139,0
2018-6-5,1,baseline_zero,98,-0.002559182,0
2018-6-6,1,baseline_zero,98,-0.002779859,0
2018-6-7,1,baseline_zero,98,0.001604707,0
2018-6-8,1,baseline_zero,98,0.000320633,0
2018-6-11,1,baseline_zero,98,0.002348171,0
2018-6-12,1,baseline_zero,98,-0.000959949,0
2018-6-13,1,baseline_zero,98,0.011247996,0
2018-6-14,1,baseline_zero,98,0.000211015,0
2018-6-15,1,baseline_zero,98,0.000105491,0
2018-6-18,1,baseline_zero,98,0.002949233,0
2018-6-19,1,baseline_zero,98,-0.000210371,0
2018-6-20,1,baseline_zero,98,-0.003371974,0
2018-6-21,1,baseline_zero,98,-0.002324845,0
2018-6-22,1,baseline_zero,98,-0.002542374,0
2018-6-25,1,baseline_zero,98,0.004022446,0
2018-6-26,1,baseline_zero,98,0.006423441,0
2018-6-27,1,baseline_zero,98,0.001258785,0
2018-6-28,1,baseline_zero,98,-0.007893531,0
2018-6-29,1,baseline_zero,98,0.004112412,0
2018-7-2,1,baseline_zero,98,-0.003795471,0
2018-7-3,1,baseline_zero,98,0,0
2018-7-4,1,baseline_zero,98,-0.002114836,0
2018-7-5,1,baseline_zero,98,-0.0045621,0
2018-7-6,1,baseline_zero,98,0.00042526,0
2018-7-9,1,baseline_zero,98,0.000743771,0
2018-7-10,1,baseline_zero,98,0.006035916,0
2018-7-11,1,baseline_zero,98,0.000949718,0
2018-7-12,1,baseline_zero,98,-0.000633045,0
2018-7-13,1,baseline_zero,98,-0.002536195,0
2018-7-16,1,baseline_zero,98,0.004539464,0
2018-7-17,1,baseline_zero,98,0.001473529,0
2018-7-18,1,baseline_zero,98,0.000735951,0
2018-7-19,1,baseline_zero,98,-0.007384,0
2018-7-20,1,baseline_zero,98,0.002326566,0
2018-7-23,1,baseline_zero,98,-0.000633981,0
2018-7-24,1,baseline_zero,98,-0.002645924,0
2018-7-25,1,baseline_zero,98,0.004124589,0
2018-7-26,1,baseline_zero,98,-0.000844684,0
2018-7-27,1,baseline_zero,98,-0.003703904,0
2018-7-30,1,baseline_zero,98,0.001800753,0
2018-7-31,1,baseline_zero,98,0.001374861,0
2018-8-1,1,baseline_zero,98,0.005690815,0
2018-8-2,1,baseline_zero,98,-0.000210194,0
2018-8-3,1,baseline_zero,98,0.002309712,0
2018-8-6,1,baseline_zero,98,-0.0014692,0
2018-8-7,1,baseline_zero,98,-0.001786935,0
2018-8-8,1,baseline_zero,98,0.004723179,0
2018-8-9,1,baseline_zero,98,0.00896493,0
2018-8-10,1,baseline_zero,98,0.000311284,0
2018-8-13,1,baseline_zero,98,0.00352113,0
2018-8-14,1,baseline_zero,98,-0.00031019,0
2018-8-15,1,baseline_zero,98,-0.000620668,0
2018-8-16,1,baseline_zero,98,-0.005603418,0
2018-8-17,1,baseline_zero,98,-0.002083334,0
2018-8-20,1,baseline_zero,98,-0.006695987,0
2018-8-21,1,baseline_zero,98,-0.001155402,0
2018-8-22,1,baseline_zero,98,0.005450176,0
2018-8-23,1,baseline_zero,98,-0.005450176,0
2018-6-29,1,baseline_zero,99,0.004112412,0
2018-7-2,1,baseline_zero,99,-0.003795471,0
2018-7-3,1,baseline_zero,99,0,0
2018-7-4,1,baseline_zero,99,-0.002114836,0
2018-7-5,1,baseline_zero,99,-0.0045621,0
2018-7-6,1,baseline_zero,99,0.00042526,0
2018-7-9,1,baseline_zero,99,0.000743771,0
2018-7-10,1,baseline_zero,99,0.006035916,0
2018-7-11,1,baseline_zero,99,0.000949718,0
2018-7-12,1,baseline_zero,99,-0.000633045,0
2018-7-13,1,baseline_zero,99,-0.002536195,0
2018-7-16,1,baseline_zero,99,0.004539464,0
2018-7-17,1,baseline_zero,99,0.001473529,0
2018-7-18,1,baseline_zero,99,0.000735951,0
2018-7-19,1,baseline_zero,99,-0.007384,0
2018-7-20,1,baseline_zero,99,0.002326566,0
2018-7-23,1,baseline_zero,99,-0.000633981,0
2018-7-24,1,baseline_zero,99,-0.002645924,0
2018-7-25,1,baseline_zero,99,0.004124589,0
2018-7-26,1,baseline_zero,99,-0.000844684,0
2018-7-27,1,baseline_zero,99,-0.003703904,0
2018-7-30,1,baseline_zero,99,0.001800753,0
2018-7-31,1,baseline_zero,99,0.001374861,0
2018-8-1,1,baseline_zero,99,0.005690815,0
2018-8-2,1,baseline_zero,99,-0.000210194,0
2018-8-3,1,baseline_zero,99,0.002309712,0
2018-8-6,1,baseline_zero,99,-0.0014692,0
2018-8-7,1,baseline_zero,99,-0.001786935,0
2018-8-8,1,baseline_zero,99,0.004723179,0
2018-8-9,1,baseline_zero,99,0.00896493,0
2018-8-10,1,baseline_zero,99,0.000311284,0
2018-8-13,1,baseline_zero,99,0.00352113,0
2018-8-14,1,baseline_zero,99,-0.00031019,0
2018-8-15,1,baseline_zero,99,-0.000620668,0
2018-8-16,1,baseline_zero,99,-0.005603418,0
2018-8-17,1,baseline_zero,99,-0.002083334,0
2018-8-20,1,baseline_zero,99,-0.006695987,0
2018-8-21,1,baseline_zero,99,-0.001155402,0
2018-8-22,1,baseline_zero,99,0.005450176,0
2018-8-23,1,baseline_zero,99,-0.005450176,0
2018-8-24,1,baseline_zero,99,-0.003896177,0
2018-8-27,1,baseline_zero,99,-0.000633245,0
2018-8-28,1,baseline_zero,99,-0.001267695,0
2018-8-29,1,baseline_zero,99,0.001267695,0
2018-8-30,1,baseline_zero,99,0.00442432,0
2018-8-31,1,baseline_zero,99,0,0
2018-9-3,1,baseline_zero,99,0.003148287,0
2018-9-4,1,baseline_zero,99,-0.002727942,0
2018-9-5,1,baseline_zero,99,-0.00168244,0
2018-9-6,1,baseline_zero,99,0.003571808,0
2018-9-7,1,baseline_zero,99,-0.00220461,0
2018-9-10,1,baseline_zero,99,0.00105042,0
2018-9-11,1,baseline_zero,99,-0.004735605,0
2018-9-12,1,baseline_zero,99,-0.002957957,0
2018-9-13,1,baseline_zero,99,0.004328326,0
2018-9-14,1,baseline_zero,99,-0.004539943,0
2018-9-17,1,baseline_zero,99,0.001480385,0
2018-9-18,1,baseline_zero,99,-0.001057194,0
2018-9-19,1,baseline_zero,99,-0.006686149,0
2018-9-20,1,baseline_zero,99,0.003295596,0
2018-7-27,1,baseline_zero,100,-0.003703904,0
2018-7-30,1,baseline_zero,100,0.001800753,0
2018-7-31,1,baseline_zero,100,0.001374861,0
2018-8-1,1,baseline_zero,100,0.005690815,0
2018-8-2,1,baseline_zero,100,-0.000210194,0
2018-8-3,1,baseline_zero,100,0.002309712,0
2018-8-6,1,baseline_zero,100,-0.0014692,0
2018-8-7,1,baseline_zero,100,-0.001786935,0
2018-8-8,1,baseline_zero,100,0.004723179,0
2018-8-9,1,baseline_zero,100,0.00896493,0
2018-8-10,1,baseline_zero,100,0.000311284,0
2018-8-13,1,baseline_zero,100,0.00352113,0
2018-8-14,1,baseline_zero,100,-0.00031019,0
2018-8-15,1,baseline_zero,100,-0.000620668,0
2018-8-16,1,baseline_zero,100,-0.005603418,0
2018-8-17,1,baseline_zero,100,-0.002083334,0
2018-8-20,1,baseline_zero,100,-0.006695987,0
2018-8-21,1,baseline_zero,100,-0.001155402,0
2018-8-22,1,baseline_zero,100,0.005450176,0
2018-8-23,1,baseline_zero,100,-0.005450176,0
2018-8-24,1,baseline_zero,100,-0.003896177,0
2018-8-27,1,baseline_zero,100,-0.000633245,0
2018-8-28,1,baseline_zero,100,-0.001267695,0
2018-8-29,1,baseline_zero,100,0.001267695,0
2018-8-30,1,baseline_zero,100,0.00442432,0
2018-8-31,1,baseline_zero,100,0,0
2018-9-3,1,baseline_zero,100,0.003148287,0
2018-9-4,1,baseline_zero,100,-0.002727942,0
2018-9-5,1,baseline_zero,100,-0.00168244,0
2018-9-6,1,baseline_zero,100,0.003571808,0
2018-9-7,1,baseline_zero,100,-0.00220461,0
2018-9-10,1,baseline_zero,100,0.00105042,0
2018-9-11,1,baseline_zero,100,-0.004735605,0
2018-9-12,1,baseline_zero,100,-0.002957957,0
2018-9-13,1,baseline_zero,100,0.004328326,0
2018-9-14,1,baseline_zero,100,-0.004539943,0
2018-9-17,1,baseline_zero,100,0.001480385,0
2018-9-18,1,baseline_zero,100,-0.001057194,0
2018-9-19,1,baseline_zero,100,-0.006686149,0
2018-9-20,1,baseline_zero,100,0.003295596,0
2018-9-21,1,baseline_zero,100,-0.000318454,0
2018-9-24,1,baseline_zero,100,-0.000637213,0
2018-9-25,1,baseline_zero,100,0.000637213,0
2018-9-26,1,baseline_zero,100,0.007404307,0
2018-9-27,1,baseline_zero,100,0.002526051,0
2018-9-28,1,baseline_zero,100,0.001785433,0
2018-10-1,1,baseline_zero,100,0.002201143,0
2018-10-2,1,baseline_zero,100,0.002614107,0
2018-10-3,1,baseline_zero,100,-0.000104433,0
2018-10-4,1,baseline_zero,100,-0.001358625,0
2018-10-5,1,baseline_zero,100,0.001463058,0
2018-10-8,1,baseline_zero,100,-0.000940292,0
2018-10-9,1,baseline_zero,100,-0.001673816,0
2018-10-10,1,baseline_zero,100,-0.005143558,0
2018-10-11,1,baseline_zero,100,0.002102608,0
2018-10-12,1,baseline_zero,100,-0.001681733,0
2018-10-15,1,baseline_zero,100,-0.000105202,0
2018-10-16,1,baseline_zero,100,0.005560524,0
2018-10-17,1,baseline_zero,100,0.003342389,0
2018-10-18,1,baseline_zero,100,-0.001983196,0
2018-8-24,1,baseline_zero,101,-0.003896177,0
2018-8-27,1,baseline_zero,101,-0.000633245,0
2018-8-28,1,baseline_zero,101,-0.001267695,0
2018-8-29,1,baseline_zero,101,0.001267695,0
2018-8-30,1,baseline_zero,101,0.00442432,0
2018-8-31,1,baseline_zero,101,0,0
2018-9-3,1,baseline_zero,101,0.003148287,0
2018-9-4,1,baseline_zero,101,-0.002727942,0
2018-9-5,1,baseline_zero,101,-0.00168244,0
2018-9-6,1,baseline_zero,101,0.003571808,0
2018-9-7,1,baseline_zero,101,-0.00220461,0
2018-9-10,1,baseline_zero,101,0.00105042,0
2018-9-11,1,baseline_zero,101,-0.004735605,0
2018-9-12,1,baseline_zero,101,-0.002957957,0
2018-9-13,1,baseline_zero,101,0.004328326,0
2018-9-14,1,baseline_zero,101,-0.004539943,0
2018-9-17,1,baseline_zero,101,0.001480385,0
2018-9-18,1,baseline_zero,101,-0.001057194,0
2018-9-19,1,baseline_zero,101,-0.006686149,0
2018-9-20,1,baseline_zero,101,0.003295596,0
2018-9-21,1,baseline_zero,101,-0.000318454,0
2018-9-24,1,baseline_zero,101,-0.000637213,0
2018-9-25,1,baseline_zero,101,0.000637213,0
2018-9-26,1,baseline_zero,101,0.007404307,0
2018-9-27,1,baseline_zero,101,0.002526051,0
2018-9-28,1,baseline_zero,101,0.001785433,0
2018-10-1,1,baseline_zero,101,0.002201143,0
2018-10-2,1,baseline_zero,101,0.002614107,0
2018-10-3,1,baseline_zero,101,-0.000104433,0
2018-10-4,1,baseline_zero,101,-0.001358625,0
2018-10-5,1,baseline_zero,101,0.001463058,0
2018-10-8,1,baseline_zero,101,-0.000940292,0
2018-10-9,1,baseline_zero,101,-0.001673816,0
2018-10-10,1,baseline_zero,101,-0.005143558,0
2018-10-11,1,baseline_zero,101,0.002102608,0
2018-10-12,1,baseline_zero,101,-0.001681733,0
2018-10-15,1,baseline_zero,101,-0.000105202,0
2018-10-16,1,baseline_zero,101,0.005560524,0
2018-10-17,1,baseline_zero,101,0.003342389,0
2018-10-18,1,baseline_zero,101,-0.001983196,0
2018-10-19,1,baseline_zero,101,0.003129567,0
2018-10-22,1,baseline_zero,101,-0.000520915,0
2018-10-23,1,baseline_zero,101,0.004885919,0
2018-10-24,1,baseline_zero,101,0.002589199,0
2018-10-25,1,baseline_zero,101,-0.003315378,0
2018-10-26,1,baseline_zero,101,0.002280503,0
2018-10-29,1,baseline_zero,101,0.004442386,0
2018-10-30,1,baseline_zero,101,0.001236221,0
2018-10-31,1,baseline_zero,101,-0.008789674,0
2018-11-1,1,baseline_zero,101,0.002696817,0
2018-11-2,1,baseline_zero,101,-0.002696817,0
2018-11-5,1,baseline_zero,101,0.000415369,0
2018-11-6,1,baseline_zero,101,-0.00332779,0
2018-11-7,1,baseline_zero,101,0.007472015,0
2018-11-8,1,baseline_zero,101,0.001962506,0
2018-11-9,1,baseline_zero,101,0.006479838,0
2018-11-12,1,baseline_zero,101,-0.002463561,0
2018-11-13,1,baseline_zero,101,-0.005151995,0
2018-11-14,1,baseline_zero,101,0.001342074,0
2018-11-15,1,baseline_zero,101,-0.004756989,0
2018-9-21,1,baseline_zero,102,-0.000318454,0
2018-9-24,1,baseline_zero,102,-0.000637213,0
2018-9-25,1,baseline_zero,102,0.000637213,0
2018-9-26,1,baseline_zero,102,0.007404307,0
2018-9-27,1,baseline_zero,102,0.002526051,0
2018-9-28,1,baseline_zero,102,0.001785433,0
2018-10-1,1,baseline_zero,102,0.002201143,0
2018-10-2,1,baseline_zero,102,0.002614107,0
2018-10-3,1,baseline_zero,102,-0.000104433,0
2018-10-4,1,baseline_zero,102,-0.001358625,0
2018-10-5,1,baseline_zero,102,0.001463058,0
2018-10-8,1,baseline_zero,102,-0.000940292,0
2018-10-9,1,baseline_zero,102,-0.001673816,0
2018-10-10,1,baseline_zero,102,-0.005143558,0
2018-10-11,1,baseline_zero,102,0.002102608,0
2018-10-12,1,baseline_zero,102,-0.001681733,0
2018-10-15,1,baseline_zero,102,-0.000105202,0
2018-10-16,1,baseline_zero,102,0.005560524,0
2018-10-17,1,baseline_zero,102,0.003342389,0
2018-10-18,1,baseline_zero,102,-0.001983196,0
2018-10-19,1,baseline_zero,102,0.003129567,0
2018-10-22,1,baseline_zero,102,-0.000520915,0
2018-10-23,1,baseline_zero,102,0.004885919,0
2018-10-24,1,baseline_zero,102,0.002589199,0
2018-10-25,1,baseline_zero,102,-0.003315378,0
2018-10-26,1,baseline_zero,102,0.002280503,0
2018-10-29,1,baseline_zero,102,0.004442386,0
2018-10-30,1,baseline_zero,102,0.001236221,0
2018-10-31,1,baseline_zero,102,-0.008789674,0
2018-11-1,1,baseline_zero,102,0.002696817,0
2018-11-2,1,baseline_zero,102,-0.002696817,0
2018-11-5,1,baseline_zero,102,0.000415369,0
2018-11-6,1,baseline_zero,102,-0.00332779,0
2018-11-7,1,baseline_zero,102,0.007472015,0
2018-11-8,1,baseline_zero,102,0.001962506,0
2018-11-9,1,baseline_zero,102,0.006479838,0
2018-11-12,1,baseline_zero,102,-0.002463561,0
2018-11-13,1,baseline_zero,102,-0.005151995,0
2018-11-14,1,baseline_zero,102,0.001342074,0
2018-11-15,1,baseline_zero,102,-0.004756989,0
2018-11-16,1,baseline_zero,102,-0.002906677,0
2018-11-19,1,baseline_zero,102,0.00673473,0
2018-11-20,1,baseline_zero,102,-0.001343322,0
2018-11-21,1,baseline_zero,102,0,0
2018-11-22,1,baseline_zero,102,0.002169086,0
2018-11-23,1,baseline_zero,102,0.001546472,0
2018-11-26,1,baseline_zero,102,0.003085787,0
2018-11-27,1,baseline_zero,102,-0.005974472,0
2018-11-28,1,baseline_zero,102,-0.000103322,0
2018-11-29,1,baseline_zero,102,0.005050256,0
2018-11-30,1,baseline_zero,102,-0.002367352,0
2018-12-3,1,baseline_zero,102,-0.000721612,0
2018-12-4,1,baseline_zero,102,0.001030715,0
2018-12-5,1,baseline_zero,102,-0.002682073,0
2018-12-6,1,baseline_zero,102,-0.003103665,0
2018-12-7,1,baseline_zero,102,0.007329822,0
2018-12-10,1,baseline_zero,102,0.001747084,0
2018-12-11,1,baseline_zero,102,-0.003600271,0
2018-12-12,1,baseline_zero,102,0.000206079,0
2018-12-13,1,baseline_zero,102,0.00390746,0
2018-10-19,1,baseline_zero,103,0.003129567,0
2018-10-22,1,baseline_zero,103,-0.000520915,0
2018-10-23,1,baseline_zero,103,0.004885919,0
2018-10-24,1,baseline_zero,103,0.002589199,0
2018-10-25,1,baseline_zero,103,-0.003315378,0
2018-10-26,1,baseline_zero,103,0.002280503,0
2018-10-29,1,baseline_zero,103,0.004442386,0
2018-10-30,1,baseline_zero,103,0.001236221,0
2018-10-31,1,baseline_zero,103,-0.008789674,0
2018-11-1,1,baseline_zero,103,0.002696817,0
2018-11-2,1,baseline_zero,103,-0.002696817,0
2018-11-5,1,baseline_zero,103,0.000415369,0
2018-11-6,1,baseline_zero,103,-0.00332779,0
2018-11-7,1,baseline_zero,103,0.007472015,0
2018-11-8,1,baseline_zero,103,0.001962506,0
2018-11-9,1,baseline_zero,103,0.006479838,0
2018-11-12,1,baseline_zero,103,-0.002463561,0
2018-11-13,1,baseline_zero,103,-0.005151995,0
2018-11-14,1,baseline_zero,103,0.001342074,0
2018-11-15,1,baseline_zero,103,-0.004756989,0
2018-11-16,1,baseline_zero,103,-0.002906677,0
2018-11-19,1,baseline_zero,103,0.00673473,0
2018-11-20,1,baseline_zero,103,-0.001343322,0
2018-11-21,1,baseline_zero,103,0,0
2018-11-22,1,baseline_zero,103,0.002169086,0
2018-11-23,1,baseline_zero,103,0.001546472,0
2018-11-26,1,baseline_zero,103,0.003085787,0
2018-11-27,1,baseline_zero,103,-0.005974472,0
2018-11-28,1,baseline_zero,103,-0.000103322,0
2018-11-29,1,baseline_zero,103,0.005050256,0
2018-11-30,1,baseline_zero,103,-0.002367352,0
2018-12-3,1,baseline_zero,103,-0.000721612,0
2018-12-4,1,baseline_zero,103,0.001030715,0
2018-12-5,1,baseline_zero,103,-0.002682073,0
2018-12-6,1,baseline_zero,103,-0.003103665,0
2018-12-7,1,baseline_zero,103,0.007329822,0
2018-12-10,1,baseline_zero,103,0.001747084,0
2018-12-11,1,baseline_zero,103,-0.003600271,0
2018-12-12,1,baseline_zero,103,0.000206079,0
2018-12-13,1,baseline_zero,103,0.00390746,0
2018-12-14,1,baseline_zero,103,-0.003495429,0
2018-12-17,1,baseline_zero,103,0,0
2018-12-18,1,baseline_zero,103,-0.000721166,0
2018-12-19,1,baseline_zero,103,-0.007759596,0
2018-12-20,1,baseline_zero,103,0.007037909,0
2018-12-21,1,baseline_zero,103,-0.004237513,0
2018-12-24,1,baseline_zero,103,0,0
2018-12-25,1,baseline_zero,103,0.005165301,0
2018-12-26,1,baseline_zero,103,-0.005890577,0
2018-12-27,1,baseline_zero,103,-0.000829531,0
2018-12-28,1,baseline_zero,103,-0.002388743,0
2018-12-31,1,baseline_zero,103,0,0
2019-1-1,1,baseline_zero,103,0.006736126,0
2019-1-2,1,baseline_zero,103,-0.005281429,0
2019-1-3,1,baseline_zero,103,-0.00135072,0
2019-1-4,1,baseline_zero,103,-0.005316666,0
2019-1-7,1,baseline_zero,103,0.002401212,0
2019-1-8,1,baseline_zero,103,-0.007115978,0
2019-1-9,1,baseline_zero,103,0.003355004,0
2019-1-10,1,baseline_zero,103,0.001359762,0
2018-11-16,1,baseline_zero,104,-0.002906677,0
2018-11-19,1,baseline_zero,104,0.00673473,0
2018-11-20,1,baseline_zero,104,-0.001343322,0
2018-11-21,1,baseline_zero,104,0,0
2018-11-22,1,baseline_zero,104,0.002169086,0
2018-11-23,1,baseline_zero,104,0.001546472,0
2018-11-26,1,baseline_zero,104,0.003085787,0
2018-11-27,1,baseline_zero,104,-0.005974472,0
2018-11-28,1,baseline_zero,104,-0.000103322,0
2018-11-29,1,baseline_zero,104,0.005050256,0
2018-11-30,1,baseline_zero,104,-0.002367352,0
2018-12-3,1,baseline_zero,104,-0.000721612,0
2018-12-4,1,baseline_zero,104,0.001030715,0
2018-12-5,1,baseline_zero,104,-0.002682073,0
2018-12-6,1,baseline_zero,104,-0.003103665,0
2018-12-7,1,baseline_zero,104,0.007329822,0
2018-12-10,1,baseline_zero,104,0.001747084,0
2018-12-11,1,baseline_zero,104,-0.003600271,0
2018-12-12,1,baseline_zero,104,0.000206079,0
2018-12-13,1,baseline_zero,104,0.00390746,0
2018-12-14,1,baseline_zero,104,-0.003495429,0
2018-12-17,1,baseline_zero,104,0,0
2018-12-18,1,baseline_zero,104,-0.000721166,0
2018-12-19,1,baseline_zero,104,-0.007759596,0
2018-12-20,1,baseline_zero,104,0.007037909,0
2018-12-21,1,baseline_zero,104,-0.004237513,0
2018-12-24,1,baseline_zero,104,0,0
2018-12-25,1,baseline_zero,104,0.005165301,0
2018-12-26,1,baseline_zero,104,-0.005890577,0
2018-12-27,1,baseline_zero,104,-0.000829531,0
2018-12-28,1,baseline_zero,104,-0.002388743,0
2018-12-31,1,baseline_zero,104,0,0
2019-1-1,1,baseline_zero,104,0.006736126,0
2019-1-2,1,baseline_zero,104,-0.005281429,0
2019-1-3,1,baseline_zero,104,-0.00135072,0
2019-1-4,1,baseline_zero,104,-0.005316666,0
2019-1-7,1,baseline_zero,104,0.002401212,0
2019-1-8,1,baseline_zero,104,-0.007115978,0
2019-1-9,1,baseline_zero,104,0.003355004,0
2019-1-10,1,baseline_zero,104,0.001359762,0
2019-1-11,1,baseline_zero,104,-0.000627353,0
2019-1-14,1,baseline_zero,104,0.004487354,0
2019-1-15,1,baseline_zero,104,0.000208225,0
2019-1-16,1,baseline_zero,104,0,0
2019-1-17,1,baseline_zero,104,0.002910605,0
2019-1-18,1,baseline_zero,104,0,0
2019-1-21,1,baseline_zero,104,-0.000415282,0
2019-1-22,1,baseline_zero,104,-0.001870908,0
2019-1-23,1,baseline_zero,104,0.00498133,0
2019-1-24,1,baseline_zero,104,-0.008420446,0
2019-1-25,1,baseline_zero,104,-0.000417667,0
2019-1-28,1,baseline_zero,104,0.000730803,0
2019-1-29,1,baseline_zero,104,-0.005021982,0
2019-1-30,1,baseline_zero,104,0.002514143,0
2019-1-31,1,baseline_zero,104,0,0
2019-2-1,1,baseline_zero,104,0.002820876,0
2019-2-4,1,baseline_zero,104,0.002292623,0
2019-2-5,1,baseline_zero,104,0.003325369,0
2019-2-6,1,baseline_zero,104,0.001244168,0
2019-2-7,1,baseline_zero,104,0.001346104,0
2018-12-14,1,baseline_zero,105,-0.003495429,0
2018-12-17,1,baseline_zero,105,0,0
2018-12-18,1,baseline_zero,105,-0.000721166,0
2018-12-19,1,baseline_zero,105,-0.007759596,0
2018-12-20,1,baseline_zero,105,0.007037909,0
2018-12-21,1,baseline_zero,105,-0.004237513,0
2018-12-24,1,baseline_zero,105,0,0
2018-12-25,1,baseline_zero,105,0.005165301,0
2018-12-26,1,baseline_zero,105,-0.005890577,0
2018-12-27,1,baseline_zero,105,-0.000829531,0
2018-12-28,1,baseline_zero,105,-0.002388743,0
2018-12-31,1,baseline_zero,105,0,0
2019-1-1,1,baseline_zero,105,0.006736126,0
2019-1-2,1,baseline_zero,105,-0.005281429,0
2019-1-3,1,baseline_zero,105,-0.00135072,0
2019-1-4,1,baseline_zero,105,-0.005316666,0
2019-1-7,1,baseline_zero,105,0.002401212,0
2019-1-8,1,baseline_zero,105,-0.007115978,0
2019-1-9,1,baseline_zero,105,0.003355004,0
2019-1-10,1,baseline_zero,105,0.001359762,0
2019-1-11,1,baseline_zero,105,-0.000627353,0
2019-1-14,1,baseline_zero,105,0.004487354,0
2019-1-15,1,baseline_zero,105,0.000208225,0
2019-1-16,1,baseline_zero,105,0,0
2019-1-17,1,baseline_zero,105,0.002910605,0
2019-1-18,1,baseline_zero,105,0,0
2019-1-21,1,baseline_zero,105,-0.000415282,0
2019-1-22,1,baseline_zero,105,-0.001870908,0
2019-1-23,1,baseline_zero,105,0.00498133,0
2019-1-24,1,baseline_zero,105,-0.008420446,0
2019-1-25,1,baseline_zero,105,-0.000417667,0
2019-1-28,1,baseline_zero,105,0.000730803,0
2019-1-29,1,baseline_zero,105,-0.005021982,0
2019-1-30,1,baseline_zero,105,0.002514143,0
2019-1-31,1,baseline_zero,105,0,0
2019-2-1,1,baseline_zero,105,0.002820876,0
2019-2-4,1,baseline_zero,105,0.002292623,0
2019-2-5,1,baseline_zero,105,0.003325369,0
2019-2-6,1,baseline_zero,105,0.001244168,0
2019-2-7,1,baseline_zero,105,0.001346104,0
2019-2-8,1,baseline_zero,105,0.00433661,0
2019-2-11,1,baseline_zero,105,-0.003612534,0
2019-2-12,1,baseline_zero,105,0.004333478,0
2019-2-13,1,baseline_zero,105,-0.001545516,0
2019-2-14,1,baseline_zero,105,-0.000825253,0
2019-2-15,1,baseline_zero,105,0,0
2019-2-18,1,baseline_zero,105,-0.003929278,0
2019-2-19,1,baseline_zero,105,-0.000725501,0
2019-2-20,1,baseline_zero,105,0.001657516,0
2019-2-21,1,baseline_zero,105,-0.001035626,0
2019-2-22,1,baseline_zero,105,-0.001036699,0
2019-2-25,1,baseline_zero,105,-0.004261739,0
2019-2-26,1,baseline_zero,105,0.001561281,0
2019-2-27,1,baseline_zero,105,0.000103999,0
2019-2-28,1,baseline_zero,105,0.00384037,0
2019-3-1,1,baseline_zero,105,0.001552715,0
2019-3-4,1,baseline_zero,105,0.001963318,0
2019-3-5,1,baseline_zero,105,0,0
2019-3-6,1,baseline_zero,105,0.008224576,0
2019-3-7,1,baseline_zero,105,-0.003692691,0
2019-1-11,1,baseline_zero,106,-0.000627353,0
2019-1-14,1,baseline_zero,106,0.004487354,0
2019-1-15,1,baseline_zero,106,0.000208225,0
2019-1-16,1,baseline_zero,106,0,0
2019-1-17,1,baseline_zero,106,0.002910605,0
2019-1-18,1,baseline_zero,106,0,0
2019-1-21,1,baseline_zero,106,-0.000415282,0
2019-1-22,1,baseline_zero,106,-0.001870908,0
2019-1-23,1,baseline_zero,106,0.00498133,0
2019-1-24,1,baseline_zero,106,-0.008420446,0
2019-1-25,1,baseline_zero,106,-0.000417667,0
2019-1-28,1,baseline_zero,106,0.000730803,0
2019-1-29,1,baseline_zero,106,-0.005021982,0
2019-1-30,1,baseline_zero,106,0.002514143,0
2019-1-31,1,baseline_zero,106,0,0
2019-2-1,1,baseline_zero,106,0.002820876,0
2019-2-4,1,baseline_zero,106,0.002292623,0
2019-2-5,1,baseline_zero,106,0.003325369,0
2019-2-6,1,baseline_zero,106,0.001244168,0
2019-2-7,1,baseline_zero,106,0.001346104,0
2019-2-8,1,baseline_zero,106,0.00433661,0
2019-2-11,1,baseline_zero,106,-0.003612534,0
2019-2-12,1,baseline_zero,106,0.004333478,0
2019-2-13,1,baseline_zero,106,-0.001545516,0
2019-2-14,1,baseline_zero,106,-0.000825253,0
2019-2-15,1,baseline_zero,106,0,0
2019-2-18,1,baseline_zero,106,-0.003929278,0
2019-2-19,1,baseline_zero,106,-0.000725501,0
2019-2-20,1,baseline_zero,106,0.001657516,0
2019-2-21,1,baseline_zero,106,-0.001035626,0
2019-2-22,1,baseline_zero,106,-0.001036699,0
2019-2-25,1,baseline_zero,106,-0.004261739,0
2019-2-26,1,baseline_zero,106,0.001561281,0
2019-2-27,1,baseline_zero,106,0.000103999,0
2019-2-28,1,baseline_zero,106,0.00384037,0
2019-3-1,1,baseline_zero,106,0.001552715,0
2019-3-4,1,baseline_zero,106,0.001963318,0
2019-3-5,1,baseline_zero,106,0,0
2019-3-6,1,baseline_zero,106,0.008224576,0
2019-3-7,1,baseline_zero,106,-0.003692691,0
2019-3-8,1,baseline_zero,106,-0.000925307,0
2019-3-11,1,baseline_zero,106,-0.002884221,0
2019-3-12,1,baseline_zero,106,-0.004031222,0
2019-3-13,1,baseline_zero,106,0.002379352,0
2019-3-14,1,baseline_zero,106,-0.001965145,0
2019-3-15,1,baseline_zero,106,-0.000724975,0
2019-3-18,1,baseline_zero,106,-0.00145153,0
2019-3-19,1,baseline_zero,106,-0.00645365,0
2019-3-20,1,baseline_zero,106,0.007697947,0
2019-3-21,1,baseline_zero,106,0.001553197,0
2019-3-22,1,baseline_zero,106,-0.000828072,0
2019-3-25,1,baseline_zero,106,0.001758833,0
2019-3-26,1,baseline_zero,106,0.000310061,0
2019-3-27,1,baseline_zero,106,0.004433683,0
2019-3-28,1,baseline_zero,106,0.000822707,0
2019-3-29,1,baseline_zero,106,-0.000514112,0
2019-4-1,1,baseline_zero,106,0.001336143,0
2019-4-2,1,baseline_zero,106,-0.002777065,0
2019-4-3,1,baseline_zero,106,0.002263375,0
2019-4-4,1,baseline_zero,106,0.000821777,0
2019-2-8,1,baseline_zero,107,0.00433661,0
2019-2-11,1,baseline_zero,107,-0.003612534,0
2019-2-12,1,baseline_zero,107,0.004333478,0
2019-2-13,1,baseline_zero,107,-0.001545516,0
2019-2-14,1,baseline_zero,107,-0.000825253,0
2019-2-15,1,baseline_zero,107,0,0
2019-2-18,1,baseline_zero,107,-0.003929278,0
2019-2-19,1,baseline_zero,107,-0.000725501,0
2019-2-20,1,baseline_zero,107,0.001657516,0
2019-2-21,1,baseline_zero,107,-0.001035626,0
2019-2-22,1,baseline_zero,107,-0.001036699,0
2019-2-25,1,baseline_zero,107,-0.004261739,0
2019-2-26,1,baseline_zero,107,0.001561281,0
2019-2-27,1,baseline_zero,107,0.000103999,0
2019-2-28,1,baseline_zero,107,0.00384037,0
2019-3-1,1,baseline_zero,107,0.001552715,0
2019-3-4,1,baseline_zero,107,0.001963318,0
2019-3-5,1,baseline_zero,107,0,0
2019-3-6,1,baseline_zero,107,0.008224576,0
2019-3-7,1,baseline_zero,107,-0.003692691,0
2019-3-8,1,baseline_zero,107,-0.000925307,0
2019-3-11,1,baseline_zero,107,-0.002884221,0
2019-3-12,1,baseline_zero,107,-0.004031222,0
2019-3-13,1,baseline_zero,107,0.002379352,0
2019-3-14,1,baseline_zero,107,-0.001965145,0
2019-3-15,1,baseline_zero,107,-0.000724975,0
2019-3-18,1,baseline_zero,107,-0.00145153,0
2019-3-19,1,baseline_zero,107,-0.00645365,0
2019-3-20,1,baseline_zero,107,0.007697947,0
2019-3-21,1,baseline_zero,107,0.001553197,0
2019-3-22,1,baseline_zero,107,-0.000828072,0
2019-3-25,1,baseline_zero,107,0.001758833,0
2019-3-26,1,baseline_zero,107,0.000310061,0
2019-3-27,1,baseline_zero,107,0.004433683,0
2019-3-28,1,baseline_zero,107,0.000822707,0
2019-3-29,1,baseline_zero,107,-0.000514112,0
2019-4-1,1,baseline_zero,107,0.001336143,0
2019-4-2,1,baseline_zero,107,-0.002777065,0
2019-4-3,1,baseline_zero,107,0.002263375,0
2019-4-4,1,baseline_zero,107,0.000821777,0
2019-4-5,1,baseline_zero,107,-0.003497226,0
2019-4-8,1,baseline_zero,107,-0.000412244,0
2019-4-9,1,baseline_zero,107,-0.000618684,0
2019-4-10,1,baseline_zero,107,0.002369547,0
2019-4-11,1,baseline_zero,107,-0.002163277,0
2019-4-12,1,baseline_zero,107,-0.000309422,0
2019-4-15,1,baseline_zero,107,0.001031034,0
2019-4-16,1,baseline_zero,107,-0.000309199,0
2019-4-17,1,baseline_zero,107,0.004730572,0
2019-4-18,1,baseline_zero,107,-0.000923788,0
2019-4-19,1,baseline_zero,107,-0.000924642,0
2019-4-22,1,baseline_zero,107,0.003591037,0
2019-4-23,1,baseline_zero,107,0.005413424,0
2019-4-24,1,baseline_zero,107,0.000305546,0
2019-4-25,1,baseline_zero,107,-0.001936701,0
2019-4-26,1,baseline_zero,107,-0.001531628,0
2019-4-29,1,baseline_zero,107,-0.003890657,0
2019-4-30,1,baseline_zero,107,0.002151971,0
2019-5-1,1,baseline_zero,107,0.001432079,0
2019-5-2,1,baseline_zero,107,-0.003173793,0
2019-3-8,1,baseline_zero,108,-0.000925307,0
2019-3-11,1,baseline_zero,108,-0.002884221,0
2019-3-12,1,baseline_zero,108,-0.004031222,0
2019-3-13,1,baseline_zero,108,0.002379352,0
2019-3-14,1,baseline_zero,108,-0.001965145,0
2019-3-15,1,baseline_zero,108,-0.000724975,0
2019-3-18,1,baseline_zero,108,-0.00145153,0
2019-3-19,1,baseline_zero,108,-0.00645365,0
2019-3-20,1,baseline_zero,108,0.007697947,0
2019-3-21,1,baseline_zero,108,0.001553197,0
2019-3-22,1,baseline_zero,108,-0.000828072,0
2019-3-25,1,baseline_zero,108,0.001758833,0
2019-3-26,1,baseline_zero,108,0.000310061,0
2019-3-27,1,baseline_zero,108,0.004433683,0
2019-3-28,1,baseline_zero,108,0.000822707,0
2019-3-29,1,baseline_zero,108,-0.000514112,0
2019-4-1,1,baseline_zero,108,0.001336143,0
2019-4-2,1,baseline_zero,108,-0.002777065,0
2019-4-3,1,baseline_zero,108,0.002263375,0
2019-4-4,1,baseline_zero,108,0.000821777,0
2019-4-5,1,baseline_zero,108,-0.003497226,0
2019-4-8,1,baseline_zero,108,-0.000412244,0
2019-4-9,1,baseline_zero,108,-0.000618684,0
2019-4-10,1,baseline_zero,108,0.002369547,0
2019-4-11,1,baseline_zero,108,-0.002163277,0
2019-4-12,1,baseline_zero,108,-0.000309422,0
2019-4-15,1,baseline_zero,108,0.001031034,0
2019-4-16,1,baseline_zero,108,-0.000309199,0
2019-4-17,1,baseline_zero,108,0.004730572,0
2019-4-18,1,baseline_zero,108,-0.000923788,0
2019-4-19,1,baseline_zero,108,-0.000924642,0
2019-4-22,1,baseline_zero,108,0.003591037,0
2019-4-23,1,baseline_zero,108,0.005413424,0
2019-4-24,1,baseline_zero,108,0.000305546,0
2019-4-25,1,baseline_zero,108,-0.001936701,0
2019-4-26,1,baseline_zero,108,-0.001531628,0
2019-4-29,1,baseline_zero,108,-0.003890657,0
2019-4-30,1,baseline_zero,108,0.002151971,0
2019-5-1,1,baseline_zero,108,0.001432079,0
2019-5-2,1,baseline_zero,108,-0.003173793,0
2019-5-3,1,baseline_zero,108,0,0
2019-5-6,1,baseline_zero,108,0.001127338,0
2019-5-7,1,baseline_zero,108,-0.000102433,0
2019-5-8,1,baseline_zero,108,-0.002564235,0
2019-5-9,1,baseline_zero,108,-0.000410889,0
2019-5-10,1,baseline_zero,108,-0.000102749,0
2019-5-13,1,baseline_zero,108,0.002155505,0
2019-5-14,1,baseline_zero,108,0.000410046,0
2019-5-15,1,baseline_zero,108,0.002967817,0
2019-5-16,1,baseline_zero,108,0.001429593,0
2019-5-17,1,baseline_zero,108,-0.000714541,0
2019-5-20,1,baseline_zero,108,0.001326598,0
2019-5-21,1,baseline_zero,108,-0.000203978,0
2019-5-22,1,baseline_zero,108,-0.001837673,0
2019-5-23,1,baseline_zero,108,-0.002557939,0
2019-5-24,1,baseline_zero,108,0,0
2019-5-27,1,baseline_zero,108,0.003477197,0
2019-5-28,1,baseline_zero,108,0.001937886,0
2019-5-29,1,baseline_zero,108,0,0
2019-5-30,1,baseline_zero,108,-0.003981832,0
2019-4-5,1,baseline_zero,109,-0.003497226,0
2019-4-8,1,baseline_zero,109,-0.000412244,0
2019-4-9,1,baseline_zero,109,-0.000618684,0
2019-4-10,1,baseline_zero,109,0.002369547,0
2019-4-11,1,baseline_zero,109,-0.002163277,0
2019-4-12,1,baseline_zero,109,-0.000309422,0
2019-4-15,1,baseline_zero,109,0.001031034,0
2019-4-16,1,baseline_zero,109,-0.000309199,0
2019-4-17,1,baseline_zero,109,0.004730572,0
2019-4-18,1,baseline_zero,109,-0.000923788,0
2019-4-19,1,baseline_zero,109,-0.000924642,0
2019-4-22,1,baseline_zero,109,0.003591037,0
2019-4-23,1,baseline_zero,109,0.005413424,0
2019-4-24,1,baseline_zero,109,0.000305546,0
2019-4-25,1,baseline_zero,109,-0.001936701,0
2019-4-26,1,baseline_zero,109,-0.001531628,0
2019-4-29,1,baseline_zero,109,-0.003890657,0
2019-4-30,1,baseline_zero,109,0.002151971,0
2019-5-1,1,baseline_zero,109,0.001432079,0
2019-5-2,1,baseline_zero,109,-0.003173793,0
2019-5-3,1,baseline_zero,109,0,0
2019-5-6,1,baseline_zero,109,0.001127338,0
2019-5-7,1,baseline_zero,109,-0.000102433,0
2019-5-8,1,baseline_zero,109,-0.002564235,0
2019-5-9,1,baseline_zero,109,-0.000410889,0
2019-5-10,1,baseline_zero,109,-0.000102749,0
2019-5-13,1,baseline_zero,109,0.002155505,0
2019-5-14,1,baseline_zero,109,0.000410046,0
2019-5-15,1,baseline_zero,109,0.002967817,0
2019-5-16,1,baseline_zero,109,0.001429593,0
2019-5-17,1,baseline_zero,109,-0.000714541,0
2019-5-20,1,baseline_zero,109,0.001326598,0
2019-5-21,1,baseline_zero,109,-0.000203978,0
2019-5-22,1,baseline_zero,109,-0.001837673,0
2019-5-23,1,baseline_zero,109,-0.002557939,0
2019-5-24,1,baseline_zero,109,0,0
2019-5-27,1,baseline_zero,109,0.003477197,0
2019-5-28,1,baseline_zero,109,0.001937886,0
2019-5-29,1,baseline_zero,109,0,0
2019-5-30,1,baseline_zero,109,-0.003981832,0
2019-5-31,1,baseline_zero,109,-0.006259962,0
2019-6-3,1,baseline_zero,109,-0.000720869,0
2019-6-4,1,baseline_zero,109,0.00257215,0
2019-6-5,1,baseline_zero,109,-0.002881253,0
2019-6-6,1,baseline_zero,109,-0.005165834,0
2019-6-7,1,baseline_zero,109,0.002276256,0
2019-6-10,1,baseline_zero,109,-0.000723701,0
2019-6-11,1,baseline_zero,109,0.003200994,0
2019-6-12,1,baseline_zero,109,0.000103087,0
2019-6-13,1,baseline_zero,109,0.005756003,0
2019-6-14,1,baseline_zero,109,-0.000102496,0
2019-6-17,1,baseline_zero,109,0.000819672,0
2019-6-18,1,baseline_zero,109,-0.005339918,0
2019-6-19,1,baseline_zero,109,-0.005058075,0
2019-6-20,1,baseline_zero,109,-0.004252016,0
2019-6-21,1,baseline_zero,109,-0.0024974,0
2019-6-24,1,baseline_zero,109,0.001665626,0
2019-6-25,1,baseline_zero,109,0.00072784,0
2019-6-26,1,baseline_zero,109,-0.0002079,0
2019-6-27,1,baseline_zero,109,-0.00062396,0
2019-5-3,1,baseline_zero,110,0,0
2019-5-6,1,baseline_zero,110,0.001127338,0
2019-5-7,1,baseline_zero,110,-0.000102433,0
2019-5-8,1,baseline_zero,110,-0.002564235,0
2019-5-9,1,baseline_zero,110,-0.000410889,0
2019-5-10,1,baseline_zero,110,-0.000102749,0
2019-5-13,1,baseline_zero,110,0.002155505,0
2019-5-14,1,baseline_zero,110,0.000410046,0
2019-5-15,1,baseline_zero,110,0.002967817,0
2019-5-16,1,baseline_zero,110,0.001429593,0
2019-5-17,1,baseline_zero,110,-0.000714541,0
2019-5-20,1,baseline_zero,110,0.001326598,0
2019-5-21,1,baseline_zero,110,-0.000203978,0
2019-5-22,1,baseline_zero,110,-0.001837673,0
2019-5-23,1,baseline_zero,110,-0.002557939,0
2019-5-24,1,baseline_zero,110,0,0
2019-5-27,1,baseline_zero,110,0.003477197,0
2019-5-28,1,baseline_zero,110,0.001937886,0
2019-5-29,1,baseline_zero,110,0,0
2019-5-30,1,baseline_zero,110,-0.003981832,0
2019-5-31,1,baseline_zero,110,-0.006259962,0
2019-6-3,1,baseline_zero,110,-0.000720869,0
2019-6-4,1,baseline_zero,110,0.00257215,0
2019-6-5,1,baseline_zero,110,-0.002881253,0
2019-6-6,1,baseline_zero,110,-0.005165834,0
2019-6-7,1,baseline_zero,110,0.002276256,0
2019-6-10,1,baseline_zero,110,-0.000723701,0
2019-6-11,1,baseline_zero,110,0.003200994,0
2019-6-12,1,baseline_zero,110,0.000103087,0
2019-6-13,1,baseline_zero,110,0.005756003,0
2019-6-14,1,baseline_zero,110,-0.000102496,0
2019-6-17,1,baseline_zero,110,0.000819672,0
2019-6-18,1,baseline_zero,110,-0.005339918,0
2019-6-19,1,baseline_zero,110,-0.005058075,0
2019-6-20,1,baseline_zero,110,-0.004252016,0
2019-6-21,1,baseline_zero,110,-0.0024974,0
2019-6-24,1,baseline_zero,110,0.001665626,0
2019-6-25,1,baseline_zero,110,0.00072784,0
2019-6-26,1,baseline_zero,110,-0.0002079,0
2019-6-27,1,baseline_zero,110,-0.00062396,0
2019-6-28,1,baseline_zero,110,0.00735869,0
2019-7-1,1,baseline_zero,110,-0.00113654,0
2019-7-2,1,baseline_zero,110,0.000413437,0
2019-7-3,1,baseline_zero,110,0,0
2019-7-4,1,baseline_zero,110,0.00535918,0
2019-7-5,1,baseline_zero,110,0.000924642,0
2019-7-8,1,baseline_zero,110,0.001128958,0
2019-7-9,1,baseline_zero,110,-0.004008433,0
2019-7-10,1,baseline_zero,110,-0.000515066,0
2019-7-11,1,baseline_zero,110,-0.002476015,0
2019-7-12,1,baseline_zero,110,0.001238774,0
2019-7-15,1,baseline_zero,110,0.004734467,0
2019-7-16,1,baseline_zero,110,-0.001747084,0
2019-7-17,1,baseline_zero,110,-0.004432768,0
2019-7-18,1,baseline_zero,110,0.003712493,0
2019-7-19,1,baseline_zero,110,0.001131629,0
2019-7-22,1,baseline_zero,110,0.004513754,0
2019-7-23,1,baseline_zero,110,0.000307015,0
2019-7-24,1,baseline_zero,110,0.000920481,0
2019-7-25,1,baseline_zero,110,0.001940459,0
2019-5-31,1,baseline_zero,111,-0.006259962,0
2019-6-3,1,baseline_zero,111,-0.000720869,0
2019-6-4,1,baseline_zero,111,0.00257215,0
2019-6-5,1,baseline_zero,111,-0.002881253,0
2019-6-6,1,baseline_zero,111,-0.005165834,0
2019-6-7,1,baseline_zero,111,0.002276256,0
2019-6-10,1,baseline_zero,111,-0.000723701,0
2019-6-11,1,baseline_zero,111,0.003200994,0
2019-6-12,1,baseline_zero,111,0.000103087,0
2019-6-13,1,baseline_zero,111,0.005756003,0
2019-6-14,1,baseline_zero,111,-0.000102496,0
2019-6-17,1,baseline_zero,111,0.000819672,0
2019-6-18,1,baseline_zero,111,-0.005339918,0
2019-6-19,1,baseline_zero,111,-0.005058075,0
2019-6-20,1,baseline_zero,111,-0.004252016,0
2019-6-21,1,baseline_zero,111,-0.0024974,0
2019-6-24,1,baseline_zero,111,0.001665626,0
2019-6-25,1,baseline_zero,111,0.00072784,0
2019-6-26,1,baseline_zero,111,-0.0002079,0
2019-6-27,1,baseline_zero,111,-0.00062396,0
2019-6-28,1,baseline_zero,111,0.00735869,0
2019-7-1,1,baseline_zero,111,-0.00113654,0
2019-7-2,1,baseline_zero,111,0.000413437,0
2019-7-3,1,baseline_zero,111,0,0
2019-7-4,1,baseline_zero,111,0.00535918,0
2019-7-5,1,baseline_zero,111,0.000924642,0
2019-7-8,1,baseline_zero,111,0.001128958,0
2019-7-9,1,baseline_zero,111,-0.004008433,0
2019-7-10,1,baseline_zero,111,-0.000515066,0
2019-7-11,1,baseline_zero,111,-0.002476015,0
2019-7-12,1,baseline_zero,111,0.001238774,0
2019-7-15,1,baseline_zero,111,0.004734467,0
2019-7-16,1,baseline_zero,111,-0.001747084,0
2019-7-17,1,baseline_zero,111,-0.004432768,0
2019-7-18,1,baseline_zero,111,0.003712493,0
2019-7-19,1,baseline_zero,111,0.001131629,0
2019-7-22,1,baseline_zero,111,0.004513754,0
2019-7-23,1,baseline_zero,111,0.000307015,0
2019-7-24,1,baseline_zero,111,0.000920481,0
2019-7-25,1,baseline_zero,111,0.001940459,0
2019-7-26,1,baseline_zero,111,0.000306044,0
2019-7-29,1,baseline_zero,111,0.000101994,0
2019-7-30,1,baseline_zero,111,0.004782021,0
2019-7-31,1,baseline_zero,111,-0.001523694,0
2019-8-1,1,baseline_zero,111,-0.00305437,0
2019-8-2,1,baseline_zero,111,-0.005624024,0
2019-8-5,1,baseline_zero,111,0.001127338,0
2019-8-6,1,baseline_zero,111,-0.000922273,0
2019-8-7,1,baseline_zero,111,0.00081984,0
2019-8-8,1,baseline_zero,111,-0.001332582,0
2019-8-9,1,baseline_zero,111,-0.001128958,0
2019-8-12,1,baseline_zero,111,0.004405971,0
2019-8-13,1,baseline_zero,111,0.001838611,0
2019-8-14,1,baseline_zero,111,0.001529598,0
2019-8-15,1,baseline_zero,111,0,0
2019-8-16,1,baseline_zero,111,0.002137514,0
2019-8-19,1,baseline_zero,111,-0.001628168,0
2019-8-20,1,baseline_zero,111,0.00111965,0
2019-8-21,1,baseline_zero,111,-0.001323357,0
2019-8-22,1,baseline_zero,111,-0.005413424,0
2019-6-28,1,baseline_zero,112,0.00735869,0
2019-7-1,1,baseline_zero,112,-0.00113654,0
2019-7-2,1,baseline_zero,112,0.000413437,0
2019-7-3,1,baseline_zero,112,0,0
2019-7-4,1,baseline_zero,112,0.00535918,0
2019-7-5,1,baseline_zero,112,0.000924642,0
2019-7-8,1,baseline_zero,112,0.001128958,0
2019-7-9,1,baseline_zero,112,-0.004008433,0
2019-7-10,1,baseline_zero,112,-0.000515066,0
2019-7-11,1,baseline_zero,112,-0.002476015,0
2019-7-12,1,baseline_zero,112,0.001238774,0
2019-7-15,1,baseline_zero,112,0.004734467,0
2019-7-16,1,baseline_zero,112,-0.001747084,0
2019-7-17,1,baseline_zero,112,-0.004432768,0
2019-7-18,1,baseline_zero,112,0.003712493,0
2019-7-19,1,baseline_zero,112,0.001131629,0
2019-7-22,1,baseline_zero,112,0.004513754,0
2019-7-23,1,baseline_zero,112,0.000307015,0
2019-7-24,1,baseline_zero,112,0.000920481,0
2019-7-25,1,baseline_zero,112,0.001940459,0
2019-7-26,1,baseline_zero,112,0.000306044,0
2019-7-29,1,baseline_zero,112,0.000101994,0
2019-7-30,1,baseline_zero,112,0.004782021,0
2019-7-31,1,baseline_zero,112,-0.001523694,0
2019-8-1,1,baseline_zero,112,-0.00305437,0
2019-8-2,1,baseline_zero,112,-0.005624024,0
2019-8-5,1,baseline_zero,112,0.001127338,0
2019-8-6,1,baseline_zero,112,-0.000922273,0
2019-8-7,1,baseline_zero,112,0.00081984,0
2019-8-8,1,baseline_zero,112,-0.001332582,0
2019-8-9,1,baseline_zero,112,-0.001128958,0
2019-8-12,1,baseline_zero,112,0.004405971,0
2019-8-13,1,baseline_zero,112,0.001838611,0
2019-8-14,1,baseline_zero,112,0.001529598,0
2019-8-15,1,baseline_zero,112,0,0
2019-8-16,1,baseline_zero,112,0.002137514,0
2019-8-19,1,baseline_zero,112,-0.001628168,0
2019-8-20,1,baseline_zero,112,0.00111965,0
2019-8-21,1,baseline_zero,112,-0.001323357,0
2019-8-22,1,baseline_zero,112,-0.005413424,0
2019-8-23,1,baseline_zero,112,0.004496227,0
2019-8-26,1,baseline_zero,112,-0.000815994,0
2019-8-27,1,baseline_zero,112,0.002140564,0
2019-8-28,1,baseline_zero,112,0.003050023,0
2019-8-29,1,baseline_zero,112,0.004153377,0
2019-8-30,1,baseline_zero,112,0,0
2019-9-2,1,baseline_zero,112,0.000808407,0
2019-9-3,1,baseline_zero,112,-0.005571045,0
2019-9-4,1,baseline_zero,112,-0.00040638,0
2019-9-5,1,baseline_zero,112,-0.000203252,0
2019-9-6,1,baseline_zero,112,-0.001118625,0
2019-9-9,1,baseline_zero,112,0.000508621,0
2019-9-10,1,baseline_zero,112,0.00314769,0
2019-9-11,1,baseline_zero,112,-0.003351107,0
2019-9-12,1,baseline_zero,112,-0.000508725,0
2019-9-13,1,baseline_zero,112,0.00355565,0
2019-9-16,1,baseline_zero,112,-0.00355565,0
2019-9-17,1,baseline_zero,112,0.003048473,0
2019-9-18,1,baseline_zero,112,-0.002946707,0
2019-9-19,1,baseline_zero,112,0.002439273,0
2019-7-26,1,baseline_zero,113,0.000306044,0
2019-7-29,1,baseline_zero,113,0.000101994,0
2019-7-30,1,baseline_zero,113,0.004782021,0
2019-7-31,1,baseline_zero,113,-0.001523694,0
2019-8-1,1,baseline_zero,113,-0.00305437,0
2019-8-2,1,baseline_zero,113,-0.005624024,0
2019-8-5,1,baseline_zero,113,0.001127338,0
2019-8-6,1,baseline_zero,113,-0.000922273,0
2019-8-7,1,baseline_zero,113,0.00081984,0
2019-8-8,1,baseline_zero,113,-0.001332582,0
2019-8-9,1,baseline_zero,113,-0.001128958,0
2019-8-12,1,baseline_zero,113,0.004405971,0
2019-8-13,1,baseline_zero,113,0.001838611,0
2019-8-14,1,baseline_zero,113,0.001529598,0
2019-8-15,1,baseline_zero,113,0,0
2019-8-16,1,baseline_zero,113,0.002137514,0
2019-8-19,1,baseline_zero,113,-0.001628168,0
2019-8-20,1,baseline_zero,113,0.00111965,0
2019-8-21,1,baseline_zero,113,-0.001323357,0
2019-8-22,1,baseline_zero,113,-0.005413424,0
2019-8-23,1,baseline_zero,113,0.004496227,0
2019-8-26,1,baseline_zero,113,-0.000815994,0
2019-8-27,1,baseline_zero,113,0.002140564,0
2019-8-28,1,baseline_zero,113,0.003050023,0
2019-8-29,1,baseline_zero,113,0.004153377,0
2019-8-30,1,baseline_zero,113,0,0
2019-9-2,1,baseline_zero,113,0.000808407,0
2019-9-3,1,baseline_zero,113,-0.005571045,0
2019-9-4,1,baseline_zero,113,-0.00040638,0
2019-9-5,1,baseline_zero,113,-0.000203252,0
2019-9-6,1,baseline_zero,113,-0.001118625,0
2019-9-9,1,baseline_zero,113,0.000508621,0
2019-9-10,1,baseline_zero,113,0.00314769,0
2019-9-11,1,baseline_zero,113,-0.003351107,0
2019-9-12,1,baseline_zero,113,-0.000508725,0
2019-9-13,1,baseline_zero,113,0.00355565,0
2019-9-16,1,baseline_zero,113,-0.00355565,0
2019-9-17,1,baseline_zero,113,0.003048473,0
2019-9-18,1,baseline_zero,113,-0.002946707,0
2019-9-19,1,baseline_zero,113,0.002439273,0
2019-9-20,1,baseline_zero,113,0.000913196,0
2019-9-23,1,baseline_zero,113,-0.0026404,0
2019-9-24,1,baseline_zero,113,0.007092947,0
2019-9-25,1,baseline_zero,113,0.000908311,0
2019-9-26,1,baseline_zero,113,-0.000201776,0
2019-9-27,1,baseline_zero,113,0.002720542,0
2019-9-30,1,baseline_zero,113,-0.002518766,0
2019-10-1,1,baseline_zero,113,-0.00111027,0
2019-10-2,1,baseline_zero,113,-0.001617142,0
2019-10-3,1,baseline_zero,113,-0.000505894,0
2019-10-4,1,baseline_zero,113,0.00161796,0
2019-10-7,1,baseline_zero,113,0.001615346,0
2019-10-8,1,baseline_zero,113,-0.000100883,0
2019-10-9,1,baseline_zero,113,-0.004246291,0
2019-10-10,1,baseline_zero,113,-0.004060919,0
2019-10-11,1,baseline_zero,113,0.001524778,0
2019-10-14,1,baseline_zero,113,-0.001626513,0
2019-10-15,1,baseline_zero,113,-0.002954814,0
2019-10-16,1,baseline_zero,113,-0.003987531,0
2019-10-17,1,baseline_zero,113,-0.003386529,0
2019-8-23,1,baseline_zero,114,0.004496227,0
2019-8-26,1,baseline_zero,114,-0.000815994,0
2019-8-27,1,baseline_zero,114,0.002140564,0
2019-8-28,1,baseline_zero,114,0.003050023,0
2019-8-29,1,baseline_zero,114,0.004153377,0
2019-8-30,1,baseline_zero,114,0,0
2019-9-2,1,baseline_zero,114,0.000808407,0
2019-9-3,1,baseline_zero,114,-0.005571045,0
2019-9-4,1,baseline_zero,114,-0.00040638,0
2019-9-5,1,baseline_zero,114,-0.000203252,0
2019-9-6,1,baseline_zero,114,-0.001118625,0
2019-9-9,1,baseline_zero,114,0.000508621,0
2019-9-10,1,baseline_zero,114,0.00314769,0
2019-9-11,1,baseline_zero,114,-0.003351107,0
2019-9-12,1,baseline_zero,114,-0.000508725,0
2019-9-13,1,baseline_zero,114,0.00355565,0
2019-9-16,1,baseline_zero,114,-0.00355565,0
2019-9-17,1,baseline_zero,114,0.003048473,0
2019-9-18,1,baseline_zero,114,-0.002946707,0
2019-9-19,1,baseline_zero,114,0.002439273,0
2019-9-20,1,baseline_zero,114,0.000913196,0
2019-9-23,1,baseline_zero,114,-0.0026404,0
2019-9-24,1,baseline_zero,114,0.007092947,0
2019-9-25,1,baseline_zero,114,0.000908311,0
2019-9-26,1,baseline_zero,114,-0.000201776,0
2019-9-27,1,baseline_zero,114,0.002720542,0
2019-9-30,1,baseline_zero,114,-0.002518766,0
2019-10-1,1,baseline_zero,114,-0.00111027,0
2019-10-2,1,baseline_zero,114,-0.001617142,0
2019-10-3,1,baseline_zero,114,-0.000505894,0
2019-10-4,1,baseline_zero,114,0.00161796,0
2019-10-7,1,baseline_zero,114,0.001615346,0
2019-10-8,1,baseline_zero,114,-0.000100883,0
2019-10-9,1,baseline_zero,114,-0.004246291,0
2019-10-10,1,baseline_zero,114,-0.004060919,0
2019-10-11,1,baseline_zero,114,0.001524778,0
2019-10-14,1,baseline_zero,114,-0.001626513,0
2019-10-15,1,baseline_zero,114,-0.002954814,0
2019-10-16,1,baseline_zero,114,-0.003987531,0
2019-10-17,1,baseline_zero,114,-0.003386529,0
2019-10-18,1,baseline_zero,114,0.000513848,0
2019-10-21,1,baseline_zero,114,0.002052757,0
2019-10-22,1,baseline_zero,114,-0.000410214,0
2019-10-23,1,baseline_zero,114,0.001435015,0
2019-10-24,1,baseline_zero,114,0.002046455,0
2019-10-25,1,baseline_zero,114,-0.000715783,0
2019-10-28,1,baseline_zero,114,-0.000716296,0
2019-10-29,1,baseline_zero,114,-0.000409542,0
2019-10-30,1,baseline_zero,114,-0.003076926,0
2019-10-31,1,baseline_zero,114,-0.001130582,0
2019-11-1,1,baseline_zero,114,0.002670229,0
2019-11-4,1,baseline_zero,114,0.004910998,0
2019-11-5,1,baseline_zero,114,-0.000306232,0
2019-11-6,1,baseline_zero,114,0.001937886,0
2019-11-7,1,baseline_zero,114,0.002137514,0
2019-11-8,1,baseline_zero,114,-0.001526329,0
2019-11-11,1,baseline_zero,114,0.001119536,0
2019-11-12,1,baseline_zero,114,0.000610128,0
2019-11-13,1,baseline_zero,114,-0.002137079,0
2019-11-14,1,baseline_zero,114,-0.001631322,0
2019-9-20,1,baseline_zero,115,0.000913196,0
2019-9-23,1,baseline_zero,115,-0.0026404,0
2019-9-24,1,baseline_zero,115,0.007092947,0
2019-9-25,1,baseline_zero,115,0.000908311,0
2019-9-26,1,baseline_zero,115,-0.000201776,0
2019-9-27,1,baseline_zero,115,0.002720542,0
2019-9-30,1,baseline_zero,115,-0.002518766,0
2019-10-1,1,baseline_zero,115,-0.00111027,0
2019-10-2,1,baseline_zero,115,-0.001617142,0
2019-10-3,1,baseline_zero,115,-0.000505894,0
2019-10-4,1,baseline_zero,115,0.00161796,0
2019-10-7,1,baseline_zero,115,0.001615346,0
2019-10-8,1,baseline_zero,115,-0.000100883,0
2019-10-9,1,baseline_zero,115,-0.004246291,0
2019-10-10,1,baseline_zero,115,-0.004060919,0
2019-10-11,1,baseline_zero,115,0.001524778,0
2019-10-14,1,baseline_zero,115,-0.001626513,0
2019-10-15,1,baseline_zero,115,-0.002954814,0
2019-10-16,1,baseline_zero,115,-0.003987531,0
2019-10-17,1,baseline_zero,115,-0.003386529,0
2019-10-18,1,baseline_zero,115,0.000513848,0
2019-10-21,1,baseline_zero,115,0.002052757,0
2019-10-22,1,baseline_zero,115,-0.000410214,0
2019-10-23,1,baseline_zero,115,0.001435015,0
2019-10-24,1,baseline_zero,115,0.002046455,0
2019-10-25,1,baseline_zero,115,-0.000715783,0
2019-10-28,1,baseline_zero,115,-0.000716296,0
2019-10-29,1,baseline_zero,115,-0.000409542,0
2019-10-30,1,baseline_zero,115,-0.003076926,0
2019-10-31,1,baseline_zero,115,-0.001130582,0
2019-11-1,1,baseline_zero,115,0.002670229,0
2019-11-4,1,baseline_zero,115,0.004910998,0
2019-11-5,1,baseline_zero,115,-0.000306232,0
2019-11-6,1,baseline_zero,115,0.001937886,0
2019-11-7,1,baseline_zero,115,0.002137514,0
2019-11-8,1,baseline_zero,115,-0.001526329,0
2019-11-11,1,baseline_zero,115,0.001119536,0
2019-11-12,1,baseline_zero,115,0.000610128,0
2019-11-13,1,baseline_zero,115,-0.002137079,0
2019-11-14,1,baseline_zero,115,-0.001631322,0
2019-11-15,1,baseline_zero,115,-0.002145156,0
2019-11-18,1,baseline_zero,115,0.000715564,0
2019-11-19,1,baseline_zero,115,0.000715052,0
2019-11-20,1,baseline_zero,115,0.000612495,0
2019-11-21,1,baseline_zero,115,0.00285336,0
2019-11-22,1,baseline_zero,115,0.000508673,0
2019-11-25,1,baseline_zero,115,-0.000712215,0
2019-11-26,1,baseline_zero,115,0.001220629,0
2019-11-27,1,baseline_zero,115,0,0
2019-11-28,1,baseline_zero,115,-0.001017087,0
2019-11-29,1,baseline_zero,115,-0.004180907,0
2019-12-2,1,baseline_zero,115,-0.001226994,0
2019-12-3,1,baseline_zero,115,-0.000921235,0
2019-12-4,1,baseline_zero,115,-0.002460783,0
2019-12-5,1,baseline_zero,115,0.002972684,0
2019-12-6,1,baseline_zero,115,-0.000614314,0
2019-12-9,1,baseline_zero,115,-0.002358371,0
2019-12-10,1,baseline_zero,115,-0.003393494,0
2019-12-11,1,baseline_zero,115,0.00329083,0
2019-12-12,1,baseline_zero,115,-0.002364189,0
2019-10-18,1,baseline_zero,116,0.000513848,0
2019-10-21,1,baseline_zero,116,0.002052757,0
2019-10-22,1,baseline_zero,116,-0.000410214,0
2019-10-23,1,baseline_zero,116,0.001435015,0
2019-10-24,1,baseline_zero,116,0.002046455,0
2019-10-25,1,baseline_zero,116,-0.000715783,0
2019-10-28,1,baseline_zero,116,-0.000716296,0
2019-10-29,1,baseline_zero,116,-0.000409542,0
2019-10-30,1,baseline_zero,116,-0.003076926,0
2019-10-31,1,baseline_zero,116,-0.001130582,0
2019-11-1,1,baseline_zero,116,0.002670229,0
2019-11-4,1,baseline_zero,116,0.004910998,0
2019-11-5,1,baseline_zero,116,-0.000306232,0
2019-11-6,1,baseline_zero,116,0.001937886,0
2019-11-7,1,baseline_zero,116,0.002137514,0
2019-11-8,1,baseline_zero,116,-0.001526329,0
2019-11-11,1,baseline_zero,116,0.001119536,0
2019-11-12,1,baseline_zero,116,0.000610128,0
2019-11-13,1,baseline_zero,116,-0.002137079,0
2019-11-14,1,baseline_zero,116,-0.001631322,0
2019-11-15,1,baseline_zero,116,-0.002145156,0
2019-11-18,1,baseline_zero,116,0.000715564,0
2019-11-19,1,baseline_zero,116,0.000715052,0
2019-11-20,1,baseline_zero,116,0.000612495,0
2019-11-21,1,baseline_zero,116,0.00285336,0
2019-11-22,1,baseline_zero,116,0.000508673,0
2019-11-25,1,baseline_zero,116,-0.000712215,0
2019-11-26,1,baseline_zero,116,0.001220629,0
2019-11-27,1,baseline_zero,116,0,0
2019-11-28,1,baseline_zero,116,-0.001017087,0
2019-11-29,1,baseline_zero,116,-0.004180907,0
2019-12-2,1,baseline_zero,116,-0.001226994,0
2019-12-3,1,baseline_zero,116,-0.000921235,0
2019-12-4,1,baseline_zero,116,-0.002460783,0
2019-12-5,1,baseline_zero,116,0.002972684,0
2019-12-6,1,baseline_zero,116,-0.000614314,0
2019-12-9,1,baseline_zero,116,-0.002358371,0
2019-12-10,1,baseline_zero,116,-0.003393494,0
2019-12-11,1,baseline_zero,116,0.00329083,0
2019-12-12,1,baseline_zero,116,-0.002364189,0
2019-12-13,1,baseline_zero,116,-0.001544879,0
2019-12-16,1,baseline_zero,116,0.002059309,0
2019-12-17,1,baseline_zero,116,0.001849759,0
2019-12-18,1,baseline_zero,116,-0.00020536,0
2019-12-19,1,baseline_zero,116,0.003178349,0
2019-12-20,1,baseline_zero,116,-0.000307141,0
2019-12-23,1,baseline_zero,116,-0.000102401,0
2019-12-24,1,baseline_zero,116,0,0
2019-12-25,1,baseline_zero,116,-0.001229634,0
2019-12-26,1,baseline_zero,116,-0.006274127,0
2019-12-27,1,baseline_zero,116,-0.001858929,0
2019-12-30,1,baseline_zero,116,-0.003624506,0
2019-12-31,1,baseline_zero,116,0,0
2020-1-1,1,baseline_zero,116,0.004760928,0
2020-1-2,1,baseline_zero,116,-0.000103258,0
2020-1-3,1,baseline_zero,116,-0.001757016,0
2020-1-6,1,baseline_zero,116,0.003407862,0
2020-1-7,1,baseline_zero,116,0.003088011,0
2020-1-8,1,baseline_zero,116,0.001540437,0
2020-1-9,1,baseline_zero,116,-0.000923977,0
2019-11-15,1,baseline_zero,117,-0.002145156,0
2019-11-18,1,baseline_zero,117,0.000715564,0
2019-11-19,1,baseline_zero,117,0.000715052,0
2019-11-20,1,baseline_zero,117,0.000612495,0
2019-11-21,1,baseline_zero,117,0.00285336,0
2019-11-22,1,baseline_zero,117,0.000508673,0
2019-11-25,1,baseline_zero,117,-0.000712215,0
2019-11-26,1,baseline_zero,117,0.001220629,0
2019-11-27,1,baseline_zero,117,0,0
2019-11-28,1,baseline_zero,117,-0.001017087,0
2019-11-29,1,baseline_zero,117,-0.004180907,0
2019-12-2,1,baseline_zero,117,-0.001226994,0
2019-12-3,1,baseline_zero,117,-0.000921235,0
2019-12-4,1,baseline_zero,117,-0.002460783,0
2019-12-5,1,baseline_zero,117,0.002972684,0
2019-12-6,1,baseline_zero,117,-0.000614314,0
2019-12-9,1,baseline_zero,117,-0.002358371,0
2019-12-10,1,baseline_zero,117,-0.003393494,0
2019-12-11,1,baseline_zero,117,0.00329083,0
2019-12-12,1,baseline_zero,117,-0.002364189,0
2019-12-13,1,baseline_zero,117,-0.001544879,0
2019-12-16,1,baseline_zero,117,0.002059309,0
2019-12-17,1,baseline_zero,117,0.001849759,0
2019-12-18,1,baseline_zero,117,-0.00020536,0
2019-12-19,1,baseline_zero,117,0.003178349,0
2019-12-20,1,baseline_zero,117,-0.000307141,0
2019-12-23,1,baseline_zero,117,-0.000102401,0
2019-12-24,1,baseline_zero,117,0,0
2019-12-25,1,baseline_zero,117,-0.001229634,0
2019-12-26,1,baseline_zero,117,-0.006274127,0
2019-12-27,1,baseline_zero,117,-0.001858929,0
2019-12-30,1,baseline_zero,117,-0.003624506,0
2019-12-31,1,baseline_zero,117,0,0
2020-1-1,1,baseline_zero,117,0.004760928,0
2020-1-2,1,baseline_zero,117,-0.000103258,0
2020-1-3,1,baseline_zero,117,-0.001757016,0
2020-1-6,1,baseline_zero,117,0.003407862,0
2020-1-7,1,baseline_zero,117,0.003088011,0
2020-1-8,1,baseline_zero,117,0.001540437,0
2020-1-9,1,baseline_zero,117,-0.000923977,0
2020-1-10,1,baseline_zero,117,-0.000205444,0
2020-1-13,1,baseline_zero,117,0.000308151,0
2020-1-14,1,baseline_zero,117,-0.001438849,0
2020-1-15,1,baseline_zero,117,0.000925212,0
2020-1-16,1,baseline_zero,117,0.003282728,0
2020-1-17,1,baseline_zero,117,-0.000307298,0
2020-1-20,1,baseline_zero,117,-0.000819924,0
2020-1-21,1,baseline_zero,117,0,0
2020-1-22,1,baseline_zero,117,0.001639177,0
2020-1-23,1,baseline_zero,117,0.001636494,0
2020-1-24,1,baseline_zero,117,0.001123538,0
2020-1-27,1,baseline_zero,117,0.000612307,0
2020-1-28,1,baseline_zero,117,-0.000306107,0
2020-1-29,1,baseline_zero,117,-0.001225365,0
2020-1-30,1,baseline_zero,117,-0.004916531,0
2020-1-31,1,baseline_zero,117,0.004201041,0
2020-2-3,1,baseline_zero,117,0.001634655,0
2020-2-4,1,baseline_zero,117,0.003464795,0
2020-2-5,1,baseline_zero,117,0.002032521,0
2020-2-6,1,baseline_zero,117,0.001825743,0
2019-12-13,1,baseline_zero,118,-0.001544879,0
2019-12-16,1,baseline_zero,118,0.002059309,0
2019-12-17,1,baseline_zero,118,0.001849759,0
2019-12-18,1,baseline_zero,118,-0.00020536,0
2019-12-19,1,baseline_zero,118,0.003178349,0
2019-12-20,1,baseline_zero,118,-0.000307141,0
2019-12-23,1,baseline_zero,118,-0.000102401,0
2019-12-24,1,baseline_zero,118,0,0
2019-12-25,1,baseline_zero,118,-0.001229634,0
2019-12-26,1,baseline_zero,118,-0.006274127,0
2019-12-27,1,baseline_zero,118,-0.001858929,0
2019-12-30,1,baseline_zero,118,-0.003624506,0
2019-12-31,1,baseline_zero,118,0,0
2020-1-1,1,baseline_zero,118,0.004760928,0
2020-1-2,1,baseline_zero,118,-0.000103258,0
2020-1-3,1,baseline_zero,118,-0.001757016,0
2020-1-6,1,baseline_zero,118,0.003407862,0
2020-1-7,1,baseline_zero,118,0.003088011,0
2020-1-8,1,baseline_zero,118,0.001540437,0
2020-1-9,1,baseline_zero,118,-0.000923977,0
2020-1-10,1,baseline_zero,118,-0.000205444,0
2020-1-13,1,baseline_zero,118,0.000308151,0
2020-1-14,1,baseline_zero,118,-0.001438849,0
2020-1-15,1,baseline_zero,118,0.000925212,0
2020-1-16,1,baseline_zero,118,0.003282728,0
2020-1-17,1,baseline_zero,118,-0.000307298,0
2020-1-20,1,baseline_zero,118,-0.000819924,0
2020-1-21,1,baseline_zero,118,0,0
2020-1-22,1,baseline_zero,118,0.001639177,0
2020-1-23,1,baseline_zero,118,0.001636494,0
2020-1-24,1,baseline_zero,118,0.001123538,0
2020-1-27,1,baseline_zero,118,0.000612307,0
2020-1-28,1,baseline_zero,118,-0.000306107,0
2020-1-29,1,baseline_zero,118,-0.001225365,0
2020-1-30,1,baseline_zero,118,-0.004916531,0
2020-1-31,1,baseline_zero,118,0.004201041,0
2020-2-3,1,baseline_zero,118,0.001634655,0
2020-2-4,1,baseline_zero,118,0.003464795,0
2020-2-5,1,baseline_zero,118,0.002032521,0
2020-2-6,1,baseline_zero,118,0.001825743,0
2020-2-7,1,baseline_zero,118,0.001518911,0
2020-2-10,1,baseline_zero,118,-0.001113642,0
2020-2-11,1,baseline_zero,118,0.003337213,0
2020-2-12,1,baseline_zero,118,0.000201898,0
2020-2-13,1,baseline_zero,118,0.000504566,0
2020-2-14,1,baseline_zero,118,-0.001211387,0
2020-2-17,1,baseline_zero,118,0.004434597,0
2020-2-18,1,baseline_zero,118,0.002711526,0
2020-2-19,1,baseline_zero,118,0.001503232,0
2020-2-20,1,baseline_zero,118,-0.006026535,0
2020-2-21,1,baseline_zero,118,0.001006948,0
2020-2-24,1,baseline_zero,118,-0.003932844,0
2020-2-25,1,baseline_zero,118,0.000303076,0
2020-2-26,1,baseline_zero,118,-0.004961784,0
2020-2-27,1,baseline_zero,118,-0.003864936,0
2020-2-28,1,baseline_zero,118,-0.007877682,0
2020-3-2,1,baseline_zero,118,-0.002159273,0
2020-3-3,1,baseline_zero,118,0.001953829,0
2020-3-4,1,baseline_zero,118,-0.00535642,0
2020-3-5,1,baseline_zero,118,-0.009026362,0
2020-1-10,1,baseline_zero,119,-0.000205444,0
2020-1-13,1,baseline_zero,119,0.000308151,0
2020-1-14,1,baseline_zero,119,-0.001438849,0
2020-1-15,1,baseline_zero,119,0.000925212,0
2020-1-16,1,baseline_zero,119,0.003282728,0
2020-1-17,1,baseline_zero,119,-0.000307298,0
2020-1-20,1,baseline_zero,119,-0.000819924,0
2020-1-21,1,baseline_zero,119,0,0
2020-1-22,1,baseline_zero,119,0.001639177,0
2020-1-23,1,baseline_zero,119,0.001636494,0
2020-1-24,1,baseline_zero,119,0.001123538,0
2020-1-27,1,baseline_zero,119,0.000612307,0
2020-1-28,1,baseline_zero,119,-0.000306107,0
2020-1-29,1,baseline_zero,119,-0.001225365,0
2020-1-30,1,baseline_zero,119,-0.004916531,0
2020-1-31,1,baseline_zero,119,0.004201041,0
2020-2-3,1,baseline_zero,119,0.001634655,0
2020-2-4,1,baseline_zero,119,0.003464795,0
2020-2-5,1,baseline_zero,119,0.002032521,0
2020-2-6,1,baseline_zero,119,0.001825743,0
2020-2-7,1,baseline_zero,119,0.001518911,0
2020-2-10,1,baseline_zero,119,-0.001113642,0
2020-2-11,1,baseline_zero,119,0.003337213,0
2020-2-12,1,baseline_zero,119,0.000201898,0
2020-2-13,1,baseline_zero,119,0.000504566,0
2020-2-14,1,baseline_zero,119,-0.001211387,0
2020-2-17,1,baseline_zero,119,0.004434597,0
2020-2-18,1,baseline_zero,119,0.002711526,0
2020-2-19,1,baseline_zero,119,0.001503232,0
2020-2-20,1,baseline_zero,119,-0.006026535,0
2020-2-21,1,baseline_zero,119,0.001006948,0
2020-2-24,1,baseline_zero,119,-0.003932844,0
2020-2-25,1,baseline_zero,119,0.000303076,0
2020-2-26,1,baseline_zero,119,-0.004961784,0
2020-2-27,1,baseline_zero,119,-0.003864936,0
2020-2-28,1,baseline_zero,119,-0.007877682,0
2020-3-2,1,baseline_zero,119,-0.002159273,0
2020-3-3,1,baseline_zero,119,0.001953829,0
2020-3-4,1,baseline_zero,119,-0.00535642,0
2020-3-5,1,baseline_zero,119,-0.009026362,0
2020-3-6,1,baseline_zero,119,-0.011108896,0
2020-3-9,1,baseline_zero,119,0.015891605,0
2020-3-10,1,baseline_zero,119,0.001036699,0
2020-3-11,1,baseline_zero,119,0.009898008,0
2020-3-12,1,baseline_zero,119,0.013046765,0
2020-3-13,1,baseline_zero,119,-0.006909894,0
2020-3-16,1,baseline_zero,119,0.015179405,0
2020-3-17,1,baseline_zero,119,0.015842507,0
2020-3-18,1,baseline_zero,119,0.015595432,0
2020-3-19,1,baseline_zero,119,0.000681033,0
2020-3-20,1,baseline_zero,119,-0.003214654,0
2020-3-23,1,baseline_zero,119,-0.00440034,0
2020-3-24,1,baseline_zero,119,-0.009749449,0
2020-3-25,1,baseline_zero,119,-0.016966475,0
2020-3-26,1,baseline_zero,119,-0.010014752,0
2020-3-27,1,baseline_zero,119,0.008302164,0
2020-3-30,1,baseline_zero,119,-0.001311608,0
2020-3-31,1,baseline_zero,119,0.006239956,0
2020-4-1,1,baseline_zero,119,0.005103839,0
2020-4-2,1,baseline_zero,119,0.003984863,0
2020-2-7,1,baseline_zero,120,0.001518911,0
2020-2-10,1,baseline_zero,120,-0.001113642,0
2020-2-11,1,baseline_zero,120,0.003337213,0
2020-2-12,1,baseline_zero,120,0.000201898,0
2020-2-13,1,baseline_zero,120,0.000504566,0
2020-2-14,1,baseline_zero,120,-0.001211387,0
2020-2-17,1,baseline_zero,120,0.004434597,0
2020-2-18,1,baseline_zero,120,0.002711526,0
2020-2-19,1,baseline_zero,120,0.001503232,0
2020-2-20,1,baseline_zero,120,-0.006026535,0
2020-2-21,1,baseline_zero,120,0.001006948,0
2020-2-24,1,baseline_zero,120,-0.003932844,0
2020-2-25,1,baseline_zero,120,0.000303076,0
2020-2-26,1,baseline_zero,120,-0.004961784,0
2020-2-27,1,baseline_zero,120,-0.003864936,0
2020-2-28,1,baseline_zero,120,-0.007877682,0
2020-3-2,1,baseline_zero,120,-0.002159273,0
2020-3-3,1,baseline_zero,120,0.001953829,0
2020-3-4,1,baseline_zero,120,-0.00535642,0
2020-3-5,1,baseline_zero,120,-0.009026362,0
2020-3-6,1,baseline_zero,120,-0.011108896,0
2020-3-9,1,baseline_zero,120,0.015891605,0
2020-3-10,1,baseline_zero,120,0.001036699,0
2020-3-11,1,baseline_zero,120,0.009898008,0
2020-3-12,1,baseline_zero,120,0.013046765,0
2020-3-13,1,baseline_zero,120,-0.006909894,0
2020-3-16,1,baseline_zero,120,0.015179405,0
2020-3-17,1,baseline_zero,120,0.015842507,0
2020-3-18,1,baseline_zero,120,0.015595432,0
2020-3-19,1,baseline_zero,120,0.000681033,0
2020-3-20,1,baseline_zero,120,-0.003214654,0
2020-3-23,1,baseline_zero,120,-0.00440034,0
2020-3-24,1,baseline_zero,120,-0.009749449,0
2020-3-25,1,baseline_zero,120,-0.016966475,0
2020-3-26,1,baseline_zero,120,-0.010014752,0
2020-3-27,1,baseline_zero,120,0.008302164,0
2020-3-30,1,baseline_zero,120,-0.001311608,0
2020-3-31,1,baseline_zero,120,0.006239956,0
2020-4-1,1,baseline_zero,120,0.005103839,0
2020-4-2,1,baseline_zero,120,0.003984863,0
2020-4-3,1,baseline_zero,120,0.00099374,0
2020-4-6,1,baseline_zero,120,-0.007777485,0
2020-4-7,1,baseline_zero,120,0.002199781,0
2020-4-8,1,baseline_zero,120,-0.006010838,0
2020-4-9,1,baseline_zero,120,0,0
2020-4-10,1,baseline_zero,120,-0.00170966,0
2020-4-13,1,baseline_zero,120,-0.004640848,0
2020-4-14,1,baseline_zero,120,0.005747432,0
2020-4-15,1,baseline_zero,120,0.005714588,0
2020-4-16,1,baseline_zero,120,-0.002502379,0
2020-4-17,1,baseline_zero,120,0.001802344,0
2020-4-20,1,baseline_zero,120,0.002996706,0
2020-4-21,1,baseline_zero,120,0.001295789,0
2020-4-22,1,baseline_zero,120,0.000398367,0
2020-4-23,1,baseline_zero,120,-0.000497983,0
2020-4-24,1,baseline_zero,120,-0.003392878,0
2020-4-27,1,baseline_zero,120,-0.001800901,0
2020-4-28,1,baseline_zero,120,-0.002908291,0
2020-4-29,1,baseline_zero,120,-0.005539064,0
2020-4-30,1,baseline_zero,120,0.000605755,0
2020-3-6,1,baseline_zero,121,-0.011108896,0
2020-3-9,1,baseline_zero,121,0.015891605,0
2020-3-10,1,baseline_zero,121,0.001036699,0
2020-3-11,1,baseline_zero,121,0.009898008,0
2020-3-12,1,baseline_zero,121,0.013046765,0
2020-3-13,1,baseline_zero,121,-0.006909894,0
2020-3-16,1,baseline_zero,121,0.015179405,0
2020-3-17,1,baseline_zero,121,0.015842507,0
2020-3-18,1,baseline_zero,121,0.015595432,0
2020-3-19,1,baseline_zero,121,0.000681033,0
2020-3-20,1,baseline_zero,121,-0.003214654,0
2020-3-23,1,baseline_zero,121,-0.00440034,0
2020-3-24,1,baseline_zero,121,-0.009749449,0
2020-3-25,1,baseline_zero,121,-0.016966475,0
2020-3-26,1,baseline_zero,121,-0.010014752,0
2020-3-27,1,baseline_zero,121,0.008302164,0
2020-3-30,1,baseline_zero,121,-0.001311608,0
2020-3-31,1,baseline_zero,121,0.006239956,0
2020-4-1,1,baseline_zero,121,0.005103839,0
2020-4-2,1,baseline_zero,121,0.003984863,0
2020-4-3,1,baseline_zero,121,0.00099374,0
2020-4-6,1,baseline_zero,121,-0.007777485,0
2020-4-7,1,baseline_zero,121,0.002199781,0
2020-4-8,1,baseline_zero,121,-0.006010838,0
2020-4-9,1,baseline_zero,121,0,0
2020-4-10,1,baseline_zero,121,-0.00170966,0
2020-4-13,1,baseline_zero,121,-0.004640848,0
2020-4-14,1,baseline_zero,121,0.005747432,0
2020-4-15,1,baseline_zero,121,0.005714588,0
2020-4-16,1,baseline_zero,121,-0.002502379,0
2020-4-17,1,baseline_zero,121,0.001802344,0
2020-4-20,1,baseline_zero,121,0.002996706,0
2020-4-21,1,baseline_zero,121,0.001295789,0
2020-4-22,1,baseline_zero,121,0.000398367,0
2020-4-23,1,baseline_zero,121,-0.000497983,0
2020-4-24,1,baseline_zero,121,-0.003392878,0
2020-4-27,1,baseline_zero,121,-0.001800901,0
2020-4-28,1,baseline_zero,121,-0.002908291,0
2020-4-29,1,baseline_zero,121,-0.005539064,0
2020-4-30,1,baseline_zero,121,0.000605755,0
2020-5-1,1,baseline_zero,121,0.004029014,0
2020-5-4,1,baseline_zero,121,0.002309354,0
2020-5-5,1,baseline_zero,121,0.003803808,0
2020-5-6,1,baseline_zero,121,-0.002000201,0
2020-5-7,1,baseline_zero,121,-0.001603046,0
2020-5-8,1,baseline_zero,121,0.005100776,0
2020-5-11,1,baseline_zero,121,-0.00309737,0
2020-5-12,1,baseline_zero,121,0.00309737,0
2020-5-13,1,baseline_zero,121,0.002291865,0
2020-5-14,1,baseline_zero,121,-0.000696968,0
2020-5-15,1,baseline_zero,121,-0.007297478,0
2020-5-18,1,baseline_zero,121,-0.003014472,0
2020-5-19,1,baseline_zero,121,-0.00251902,0
2020-5-20,1,baseline_zero,121,0.00251902,0
2020-5-21,1,baseline_zero,121,0.004918948,0
2020-5-22,1,baseline_zero,121,0,0
2020-5-25,1,baseline_zero,121,-0.009558859,0
2020-5-26,1,baseline_zero,121,0.001515381,0
2020-5-27,1,baseline_zero,121,-0.006888196,0
2020-5-28,1,baseline_zero,121,-0.000406669,0
2020-4-3,1,baseline_zero,122,0.00099374,0
2020-4-6,1,baseline_zero,122,-0.007777485,0
2020-4-7,1,baseline_zero,122,0.002199781,0
2020-4-8,1,baseline_zero,122,-0.006010838,0
2020-4-9,1,baseline_zero,122,0,0
2020-4-10,1,baseline_zero,122,-0.00170966,0
2020-4-13,1,baseline_zero,122,-0.004640848,0
2020-4-14,1,baseline_zero,122,0.005747432,0
2020-4-15,1,baseline_zero,122,0.005714588,0
2020-4-16,1,baseline_zero,122,-0.002502379,0
2020-4-17,1,baseline_zero,122,0.001802344,0
2020-4-20,1,baseline_zero,122,0.002996706,0
2020-4-21,1,baseline_zero,122,0.001295789,0
2020-4-22,1,baseline_zero,122,0.000398367,0
2020-4-23,1,baseline_zero,122,-0.000497983,0
2020-4-24,1,baseline_zero,122,-0.003392878,0
2020-4-27,1,baseline_zero,122,-0.001800901,0
2020-4-28,1,baseline_zero,122,-0.002908291,0
2020-4-29,1,baseline_zero,122,-0.005539064,0
2020-4-30,1,baseline_zero,122,0.000605755,0
2020-5-1,1,baseline_zero,122,0.004029014,0
2020-5-4,1,baseline_zero,122,0.002309354,0
2020-5-5,1,baseline_zero,122,0.003803808,0
2020-5-6,1,baseline_zero,122,-0.002000201,0
2020-5-7,1,baseline_zero,122,-0.001603046,0
2020-5-8,1,baseline_zero,122,0.005100776,0
2020-5-11,1,baseline_zero,122,-0.00309737,0
2020-5-12,1,baseline_zero,122,0.00309737,0
2020-5-13,1,baseline_zero,122,0.002291865,0
2020-5-14,1,baseline_zero,122,-0.000696968,0
2020-5-15,1,baseline_zero,122,-0.007297478,0
2020-5-18,1,baseline_zero,122,-0.003014472,0
2020-5-19,1,baseline_zero,122,-0.00251902,0
2020-5-20,1,baseline_zero,122,0.00251902,0
2020-5-21,1,baseline_zero,122,0.004918948,0
2020-5-22,1,baseline_zero,122,0,0
2020-5-25,1,baseline_zero,122,-0.009558859,0
2020-5-26,1,baseline_zero,122,0.001515381,0
2020-5-27,1,baseline_zero,122,-0.006888196,0
2020-5-28,1,baseline_zero,122,-0.000406669,0
2020-5-29,1,baseline_zero,122,-0.005199584,0
2020-6-1,1,baseline_zero,122,-0.001636829,0
2020-6-2,1,baseline_zero,122,-0.004001031,0
2020-6-3,1,baseline_zero,122,-0.006186862,0
2020-6-4,1,baseline_zero,122,0.002685675,0
2020-6-5,1,baseline_zero,122,-0.003306471,0
2020-6-8,1,baseline_zero,122,-0.003109778,0
2020-6-9,1,baseline_zero,122,-0.003744544,0
2020-6-10,1,baseline_zero,122,0.007992154,0
2020-6-11,1,baseline_zero,122,0.006080926,0
2020-6-12,1,baseline_zero,122,-0.006287708,0
2020-6-15,1,baseline_zero,122,0.002581713,0
2020-6-16,1,baseline_zero,122,0.002060582,0
2020-6-17,1,baseline_zero,122,0.002672424,0
2020-6-18,1,baseline_zero,122,0.002050862,0
2020-6-19,1,baseline_zero,122,-0.005959126,0
2020-6-22,1,baseline_zero,122,-0.004027059,0
2020-6-23,1,baseline_zero,122,0.00515997,0
2020-6-24,1,baseline_zero,122,0.002877996,0
2020-6-25,1,baseline_zero,122,0,0
2020-5-1,1,baseline_zero,123,0.004029014,0
2020-5-4,1,baseline_zero,123,0.002309354,0
2020-5-5,1,baseline_zero,123,0.003803808,0
2020-5-6,1,baseline_zero,123,-0.002000201,0
2020-5-7,1,baseline_zero,123,-0.001603046,0
2020-5-8,1,baseline_zero,123,0.005100776,0
2020-5-11,1,baseline_zero,123,-0.00309737,0
2020-5-12,1,baseline_zero,123,0.00309737,0
2020-5-13,1,baseline_zero,123,0.002291865,0
2020-5-14,1,baseline_zero,123,-0.000696968,0
2020-5-15,1,baseline_zero,123,-0.007297478,0
2020-5-18,1,baseline_zero,123,-0.003014472,0
2020-5-19,1,baseline_zero,123,-0.00251902,0
2020-5-20,1,baseline_zero,123,0.00251902,0
2020-5-21,1,baseline_zero,123,0.004918948,0
2020-5-22,1,baseline_zero,123,0,0
2020-5-25,1,baseline_zero,123,-0.009558859,0
2020-5-26,1,baseline_zero,123,0.001515381,0
2020-5-27,1,baseline_zero,123,-0.006888196,0
2020-5-28,1,baseline_zero,123,-0.000406669,0
2020-5-29,1,baseline_zero,123,-0.005199584,0
2020-6-1,1,baseline_zero,123,-0.001636829,0
2020-6-2,1,baseline_zero,123,-0.004001031,0
2020-6-3,1,baseline_zero,123,-0.006186862,0
2020-6-4,1,baseline_zero,123,0.002685675,0
2020-6-5,1,baseline_zero,123,-0.003306471,0
2020-6-8,1,baseline_zero,123,-0.003109778,0
2020-6-9,1,baseline_zero,123,-0.003744544,0
2020-6-10,1,baseline_zero,123,0.007992154,0
2020-6-11,1,baseline_zero,123,0.006080926,0
2020-6-12,1,baseline_zero,123,-0.006287708,0
2020-6-15,1,baseline_zero,123,0.002581713,0
2020-6-16,1,baseline_zero,123,0.002060582,0
2020-6-17,1,baseline_zero,123,0.002672424,0
2020-6-18,1,baseline_zero,123,0.002050862,0
2020-6-19,1,baseline_zero,123,-0.005959126,0
2020-6-22,1,baseline_zero,123,-0.004027059,0
2020-6-23,1,baseline_zero,123,0.00515997,0
2020-6-24,1,baseline_zero,123,0.002877996,0
2020-6-25,1,baseline_zero,123,0,0
2020-6-26,1,baseline_zero,123,0.001128379,0
2020-6-29,1,baseline_zero,123,-0.001539014,0
2020-6-30,1,baseline_zero,123,-0.001952825,0
2020-7-1,1,baseline_zero,123,0.001233806,0
2020-7-2,1,baseline_zero,123,-0.001542496,0
2020-7-3,1,baseline_zero,123,-0.004641816,0
2020-7-6,1,baseline_zero,123,0.001652893,0
2020-7-7,1,baseline_zero,123,-0.004655743,0
2020-7-8,1,baseline_zero,123,0.002796046,0
2020-7-9,1,baseline_zero,123,-0.000517197,0
2020-7-10,1,baseline_zero,123,-0.001967791,0
2020-7-13,1,baseline_zero,123,-0.002075551,0
2020-7-14,1,baseline_zero,123,-0.001871686,0
2020-7-15,1,baseline_zero,123,0.002806217,0
2020-7-16,1,baseline_zero,123,-0.004264399,0
2020-7-17,1,baseline_zero,123,-0.001147208,0
2020-7-20,1,baseline_zero,123,-0.007436536,0
2020-7-21,1,baseline_zero,123,-0.001367629,0
2020-7-22,1,baseline_zero,123,-0.003163225,0
2020-7-23,1,baseline_zero,123,-0.002749579,0
2020-5-29,1,baseline_zero,124,-0.005199584,0
2020-6-1,1,baseline_zero,124,-0.001636829,0
2020-6-2,1,baseline_zero,124,-0.004001031,0
2020-6-3,1,baseline_zero,124,-0.006186862,0
2020-6-4,1,baseline_zero,124,0.002685675,0
2020-6-5,1,baseline_zero,124,-0.003306471,0
2020-6-8,1,baseline_zero,124,-0.003109778,0
2020-6-9,1,baseline_zero,124,-0.003744544,0
2020-6-10,1,baseline_zero,124,0.007992154,0
2020-6-11,1,baseline_zero,124,0.006080926,0
2020-6-12,1,baseline_zero,124,-0.006287708,0
2020-6-15,1,baseline_zero,124,0.002581713,0
2020-6-16,1,baseline_zero,124,0.002060582,0
2020-6-17,1,baseline_zero,124,0.002672424,0
2020-6-18,1,baseline_zero,124,0.002050862,0
2020-6-19,1,baseline_zero,124,-0.005959126,0
2020-6-22,1,baseline_zero,124,-0.004027059,0
2020-6-23,1,baseline_zero,124,0.00515997,0
2020-6-24,1,baseline_zero,124,0.002877996,0
2020-6-25,1,baseline_zero,124,0,0
2020-6-26,1,baseline_zero,124,0.001128379,0
2020-6-29,1,baseline_zero,124,-0.001539014,0
2020-6-30,1,baseline_zero,124,-0.001952825,0
2020-7-1,1,baseline_zero,124,0.001233806,0
2020-7-2,1,baseline_zero,124,-0.001542496,0
2020-7-3,1,baseline_zero,124,-0.004641816,0
2020-7-6,1,baseline_zero,124,0.001652893,0
2020-7-7,1,baseline_zero,124,-0.004655743,0
2020-7-8,1,baseline_zero,124,0.002796046,0
2020-7-9,1,baseline_zero,124,-0.000517197,0
2020-7-10,1,baseline_zero,124,-0.001967791,0
2020-7-13,1,baseline_zero,124,-0.002075551,0
2020-7-14,1,baseline_zero,124,-0.001871686,0
2020-7-15,1,baseline_zero,124,0.002806217,0
2020-7-16,1,baseline_zero,124,-0.004264399,0
2020-7-17,1,baseline_zero,124,-0.001147208,0
2020-7-20,1,baseline_zero,124,-0.007436536,0
2020-7-21,1,baseline_zero,124,-0.001367629,0
2020-7-22,1,baseline_zero,124,-0.003163225,0
2020-7-23,1,baseline_zero,124,-0.002749579,0
2020-7-24,1,baseline_zero,124,-0.008080852,0
2020-7-27,1,baseline_zero,124,0.000320222,0
2020-7-28,1,baseline_zero,124,-0.002671655,0
2020-7-29,1,baseline_zero,124,-0.00461201,0
2020-7-30,1,baseline_zero,124,0.003541346,0
2020-7-31,1,baseline_zero,124,0.002033282,0
2020-8-3,1,baseline_zero,124,-0.001711963,0
2020-8-4,1,baseline_zero,124,-0.005476524,0
2020-8-5,1,baseline_zero,124,-0.00086179,0
2020-8-6,1,baseline_zero,124,0.006873617,0
2020-8-7,1,baseline_zero,124,0.001604193,0
2020-8-10,1,baseline_zero,124,0.00053416,0
2020-8-11,1,baseline_zero,124,-0.002031326,0
2020-8-12,1,baseline_zero,124,-0.00117792,0
2020-8-13,1,baseline_zero,124,-0.002467415,0
2020-8-14,1,baseline_zero,124,-0.002688896,0
2020-8-17,1,baseline_zero,124,-0.006266226,0
2020-8-18,1,baseline_zero,124,0.006696936,0
2020-8-19,1,baseline_zero,124,-0.001077122,0
2020-8-20,1,baseline_zero,124,0.004945183,0
2020-6-26,1,baseline_zero,125,0.001128379,0
2020-6-29,1,baseline_zero,125,-0.001539014,0
2020-6-30,1,baseline_zero,125,-0.001952825,0
2020-7-1,1,baseline_zero,125,0.001233806,0
2020-7-2,1,baseline_zero,125,-0.001542496,0
2020-7-3,1,baseline_zero,125,-0.004641816,0
2020-7-6,1,baseline_zero,125,0.001652893,0
2020-7-7,1,baseline_zero,125,-0.004655743,0
2020-7-8,1,baseline_zero,125,0.002796046,0
2020-7-9,1,baseline_zero,125,-0.000517197,0
2020-7-10,1,baseline_zero,125,-0.001967791,0
2020-7-13,1,baseline_zero,125,-0.002075551,0
2020-7-14,1,baseline_zero,125,-0.001871686,0
2020-7-15,1,baseline_zero,125,0.002806217,0
2020-7-16,1,baseline_zero,125,-0.004264399,0
2020-7-17,1,baseline_zero,125,-0.001147208,0
2020-7-20,1,baseline_zero,125,-0.007436536,0
2020-7-21,1,baseline_zero,125,-0.001367629,0
2020-7-22,1,baseline_zero,125,-0.003163225,0
2020-7-23,1,baseline_zero,125,-0.002749579,0
2020-7-24,1,baseline_zero,125,-0.008080852,0
2020-7-27,1,baseline_zero,125,0.000320222,0
2020-7-28,1,baseline_zero,125,-0.002671655,0
2020-7-29,1,baseline_zero,125,-0.00461201,0
2020-7-30,1,baseline_zero,125,0.003541346,0
2020-7-31,1,baseline_zero,125,0.002033282,0
2020-8-3,1,baseline_zero,125,-0.001711963,0
2020-8-4,1,baseline_zero,125,-0.005476524,0
2020-8-5,1,baseline_zero,125,-0.00086179,0
2020-8-6,1,baseline_zero,125,0.006873617,0
2020-8-7,1,baseline_zero,125,0.001604193,0
2020-8-10,1,baseline_zero,125,0.00053416,0
2020-8-11,1,baseline_zero,125,-0.002031326,0
2020-8-12,1,baseline_zero,125,-0.00117792,0
2020-8-13,1,baseline_zero,125,-0.002467415,0
2020-8-14,1,baseline_zero,125,-0.002688896,0
2020-8-17,1,baseline_zero,125,-0.006266226,0
2020-8-18,1,baseline_zero,125,0.006696936,0
2020-8-19,1,baseline_zero,125,-0.001077122,0
2020-8-20,1,baseline_zero,125,0.004945183,0
2020-8-21,1,baseline_zero,125,0.000536049,0
2020-8-24,1,baseline_zero,125,-0.003005584,0
2020-8-25,1,baseline_zero,125,-0.00010751,0
2020-8-26,1,baseline_zero,125,-0.000107521,0
2020-8-27,1,baseline_zero,125,-0.006797243,0
2020-8-28,1,baseline_zero,125,-0.002493091,0
2020-8-31,1,baseline_zero,125,0.002168258,0
2020-9-1,1,baseline_zero,125,0.005507871,0
2020-9-2,1,baseline_zero,125,-0.001185409,0
2020-9-3,1,baseline_zero,125,-0.00021568,0
2020-9-4,1,baseline_zero,125,0,0
2020-9-7,1,baseline_zero,125,0.00773532,0
2020-9-8,1,baseline_zero,125,-0.002035461,0
2020-9-9,1,baseline_zero,125,0.000964682,0
2020-9-10,1,baseline_zero,125,-0.000107141,0
2020-9-11,1,baseline_zero,125,-0.003004616,0
2020-9-14,1,baseline_zero,125,0,0
2020-9-15,1,baseline_zero,125,0.001718029,0
2020-9-16,1,baseline_zero,125,-0.002578152,0
2020-9-17,1,baseline_zero,125,-0.000430339,0
2020-7-24,1,baseline_zero,126,-0.008080852,0
2020-7-27,1,baseline_zero,126,0.000320222,0
2020-7-28,1,baseline_zero,126,-0.002671655,0
2020-7-29,1,baseline_zero,126,-0.00461201,0
2020-7-30,1,baseline_zero,126,0.003541346,0
2020-7-31,1,baseline_zero,126,0.002033282,0
2020-8-3,1,baseline_zero,126,-0.001711963,0
2020-8-4,1,baseline_zero,126,-0.005476524,0
2020-8-5,1,baseline_zero,126,-0.00086179,0
2020-8-6,1,baseline_zero,126,0.006873617,0
2020-8-7,1,baseline_zero,126,0.001604193,0
2020-8-10,1,baseline_zero,126,0.00053416,0
2020-8-11,1,baseline_zero,126,-0.002031326,0
2020-8-12,1,baseline_zero,126,-0.00117792,0
2020-8-13,1,baseline_zero,126,-0.002467415,0
2020-8-14,1,baseline_zero,126,-0.002688896,0
2020-8-17,1,baseline_zero,126,-0.006266226,0
2020-8-18,1,baseline_zero,126,0.006696936,0
2020-8-19,1,baseline_zero,126,-0.001077122,0
2020-8-20,1,baseline_zero,126,0.004945183,0
2020-8-21,1,baseline_zero,126,0.000536049,0
2020-8-24,1,baseline_zero,126,-0.003005584,0
2020-8-25,1,baseline_zero,126,-0.00010751,0
2020-8-26,1,baseline_zero,126,-0.000107521,0
2020-8-27,1,baseline_zero,126,-0.006797243,0
2020-8-28,1,baseline_zero,126,-0.002493091,0
2020-8-31,1,baseline_zero,126,0.002168258,0
2020-9-1,1,baseline_zero,126,0.005507871,0
2020-9-2,1,baseline_zero,126,-0.001185409,0
2020-9-3,1,baseline_zero,126,-0.00021568,0
2020-9-4,1,baseline_zero,126,0,0
2020-9-7,1,baseline_zero,126,0.00773532,0
2020-9-8,1,baseline_zero,126,-0.002035461,0
2020-9-9,1,baseline_zero,126,0.000964682,0
2020-9-10,1,baseline_zero,126,-0.000107141,0
2020-9-11,1,baseline_zero,126,-0.003004616,0
2020-9-14,1,baseline_zero,126,0,0
2020-9-15,1,baseline_zero,126,0.001718029,0
2020-9-16,1,baseline_zero,126,-0.002578152,0
2020-9-17,1,baseline_zero,126,-0.000430339,0
2020-9-18,1,baseline_zero,126,0.007824682,0
2020-9-21,1,baseline_zero,126,0.00351719,0
2020-9-22,1,baseline_zero,126,0.004246742,0
2020-9-23,1,baseline_zero,126,-0.000423864,0
2020-9-24,1,baseline_zero,126,0.003068948,0
2020-9-25,1,baseline_zero,126,-0.003811142,0
2020-9-28,1,baseline_zero,126,-0.004145194,0
2020-9-29,1,baseline_zero,126,0,0
2020-9-30,1,baseline_zero,126,-0.001918977,0
2020-10-1,1,baseline_zero,126,0.001386297,0
2020-10-2,1,baseline_zero,126,-0.003522822,0
2020-10-5,1,baseline_zero,126,0.001923078,0
2020-10-6,1,baseline_zero,126,-0.000640615,0
2020-10-7,1,baseline_zero,126,-0.00021363,0
2020-10-8,1,baseline_zero,126,-0.005892769,0
2020-10-9,1,baseline_zero,126,0.000107452,0
2020-10-12,1,baseline_zero,126,0.004930342,0
2020-10-13,1,baseline_zero,126,-0.001605051,0
2020-10-14,1,baseline_zero,126,0.005127121,0
2020-10-15,1,baseline_zero,126,-0.001919591,0
2020-8-21,1,baseline_zero,127,0.000536049,0
2020-8-24,1,baseline_zero,127,-0.003005584,0
2020-8-25,1,baseline_zero,127,-0.00010751,0
2020-8-26,1,baseline_zero,127,-0.000107521,0
2020-8-27,1,baseline_zero,127,-0.006797243,0
2020-8-28,1,baseline_zero,127,-0.002493091,0
2020-8-31,1,baseline_zero,127,0.002168258,0
2020-9-1,1,baseline_zero,127,0.005507871,0
2020-9-2,1,baseline_zero,127,-0.001185409,0
2020-9-3,1,baseline_zero,127,-0.00021568,0
2020-9-4,1,baseline_zero,127,0,0
2020-9-7,1,baseline_zero,127,0.00773532,0
2020-9-8,1,baseline_zero,127,-0.002035461,0
2020-9-9,1,baseline_zero,127,0.000964682,0
2020-9-10,1,baseline_zero,127,-0.000107141,0
2020-9-11,1,baseline_zero,127,-0.003004616,0
2020-9-14,1,baseline_zero,127,0,0
2020-9-15,1,baseline_zero,127,0.001718029,0
2020-9-16,1,baseline_zero,127,-0.002578152,0
2020-9-17,1,baseline_zero,127,-0.000430339,0
2020-9-18,1,baseline_zero,127,0.007824682,0
2020-9-21,1,baseline_zero,127,0.00351719,0
2020-9-22,1,baseline_zero,127,0.004246742,0
2020-9-23,1,baseline_zero,127,-0.000423864,0
2020-9-24,1,baseline_zero,127,0.003068948,0
2020-9-25,1,baseline_zero,127,-0.003811142,0
2020-9-28,1,baseline_zero,127,-0.004145194,0
2020-9-29,1,baseline_zero,127,0,0
2020-9-30,1,baseline_zero,127,-0.001918977,0
2020-10-1,1,baseline_zero,127,0.001386297,0
2020-10-2,1,baseline_zero,127,-0.003522822,0
2020-10-5,1,baseline_zero,127,0.001923078,0
2020-10-6,1,baseline_zero,127,-0.000640615,0
2020-10-7,1,baseline_zero,127,-0.00021363,0
2020-10-8,1,baseline_zero,127,-0.005892769,0
2020-10-9,1,baseline_zero,127,0.000107452,0
2020-10-12,1,baseline_zero,127,0.004930342,0
2020-10-13,1,baseline_zero,127,-0.001605051,0
2020-10-14,1,baseline_zero,127,0.005127121,0
2020-10-15,1,baseline_zero,127,-0.001919591,0
2020-10-16,1,baseline_zero,127,-0.002672226,0
2020-10-19,1,baseline_zero,127,-0.003860595,0
2020-10-20,1,baseline_zero,127,-0.004954771,0
2020-10-21,1,baseline_zero,127,0.003664587,0
2020-10-22,1,baseline_zero,127,-0.001938403,0
2020-10-23,1,baseline_zero,127,0.002906197,0
2020-10-26,1,baseline_zero,127,-0.001075385,0
2020-10-27,1,baseline_zero,127,0.004937222,0
2020-10-28,1,baseline_zero,127,0.005977815,0
2020-10-29,1,baseline_zero,127,0.000851064,0
2020-10-30,1,baseline_zero,127,0.000956582,0
2020-11-2,1,baseline_zero,127,-0.006180753,0
2020-11-3,1,baseline_zero,127,-0.001497647,0
2020-11-4,1,baseline_zero,127,-0.00946549,0
2020-11-5,1,baseline_zero,127,-0.003247459,0
2020-11-6,1,baseline_zero,127,0.005298742,0
2020-11-9,1,baseline_zero,127,0.000323502,0
2020-11-10,1,baseline_zero,127,0.003121807,0
2020-11-11,1,baseline_zero,127,-0.000860215,0
2020-11-12,1,baseline_zero,127,-0.002261592,0
2020-9-18,1,baseline_zero,128,0.007824682,0
2020-9-21,1,baseline_zero,128,0.00351719,0
2020-9-22,1,baseline_zero,128,0.004246742,0
2020-9-23,1,baseline_zero,128,-0.000423864,0
2020-9-24,1,baseline_zero,128,0.003068948,0
2020-9-25,1,baseline_zero,128,-0.003811142,0
2020-9-28,1,baseline_zero,128,-0.004145194,0
2020-9-29,1,baseline_zero,128,0,0
2020-9-30,1,baseline_zero,128,-0.001918977,0
2020-10-1,1,baseline_zero,128,0.001386297,0
2020-10-2,1,baseline_zero,128,-0.003522822,0
2020-10-5,1,baseline_zero,128,0.001923078,0
2020-10-6,1,baseline_zero,128,-0.000640615,0
2020-10-7,1,baseline_zero,128,-0.00021363,0
2020-10-8,1,baseline_zero,128,-0.005892769,0
2020-10-9,1,baseline_zero,128,0.000107452,0
2020-10-12,1,baseline_zero,128,0.004930342,0
2020-10-13,1,baseline_zero,128,-0.001605051,0
2020-10-14,1,baseline_zero,128,0.005127121,0
2020-10-15,1,baseline_zero,128,-0.001919591,0
2020-10-16,1,baseline_zero,128,-0.002672226,0
2020-10-19,1,baseline_zero,128,-0.003860595,0
2020-10-20,1,baseline_zero,128,-0.004954771,0
2020-10-21,1,baseline_zero,128,0.003664587,0
2020-10-22,1,baseline_zero,128,-0.001938403,0
2020-10-23,1,baseline_zero,128,0.002906197,0
2020-10-26,1,baseline_zero,128,-0.001075385,0
2020-10-27,1,baseline_zero,128,0.004937222,0
2020-10-28,1,baseline_zero,128,0.005977815,0
2020-10-29,1,baseline_zero,128,0.000851064,0
2020-10-30,1,baseline_zero,128,0.000956582,0
2020-11-2,1,baseline_zero,128,-0.006180753,0
2020-11-3,1,baseline_zero,128,-0.001497647,0
2020-11-4,1,baseline_zero,128,-0.00946549,0
2020-11-5,1,baseline_zero,128,-0.003247459,0
2020-11-6,1,baseline_zero,128,0.005298742,0
2020-11-9,1,baseline_zero,128,0.000323502,0
2020-11-10,1,baseline_zero,128,0.003121807,0
2020-11-11,1,baseline_zero,128,-0.000860215,0
2020-11-12,1,baseline_zero,128,-0.002261592,0
2020-11-13,1,baseline_zero,128,-0.001186688,0
2020-11-16,1,baseline_zero,128,-0.002377608,0
2020-11-17,1,baseline_zero,128,-0.001082603,0
2020-11-18,1,baseline_zero,128,-0.000325009,0
2020-11-19,1,baseline_zero,128,0.001082954,0
2020-11-20,1,baseline_zero,128,0.001189897,0
2020-11-23,1,baseline_zero,128,-0.002923187,0
2020-11-24,1,baseline_zero,128,-0.002605582,0
2020-11-25,1,baseline_zero,128,0,0
2020-11-26,1,baseline_zero,128,-0.002176516,0
2020-11-27,1,baseline_zero,128,0.000871175,0
2020-11-30,1,baseline_zero,128,-0.006114224,0
2020-12-1,1,baseline_zero,128,-0.002082991,0
2020-12-2,1,baseline_zero,128,-0.004509715,0
2020-12-3,1,baseline_zero,128,-0.000110248,0
2020-12-4,1,baseline_zero,128,0.00099179,0
2020-12-7,1,baseline_zero,128,0.001870702,0
2020-12-8,1,baseline_zero,128,0.001428179,0
2020-12-9,1,baseline_zero,128,-0.002968503,0
2020-12-10,1,baseline_zero,128,0.001760176,0
2020-10-16,1,baseline_zero,129,-0.002672226,0
2020-10-19,1,baseline_zero,129,-0.003860595,0
2020-10-20,1,baseline_zero,129,-0.004954771,0
2020-10-21,1,baseline_zero,129,0.003664587,0
2020-10-22,1,baseline_zero,129,-0.001938403,0
2020-10-23,1,baseline_zero,129,0.002906197,0
2020-10-26,1,baseline_zero,129,-0.001075385,0
2020-10-27,1,baseline_zero,129,0.004937222,0
2020-10-28,1,baseline_zero,129,0.005977815,0
2020-10-29,1,baseline_zero,129,0.000851064,0
2020-10-30,1,baseline_zero,129,0.000956582,0
2020-11-2,1,baseline_zero,129,-0.006180753,0
2020-11-3,1,baseline_zero,129,-0.001497647,0
2020-11-4,1,baseline_zero,129,-0.00946549,0
2020-11-5,1,baseline_zero,129,-0.003247459,0
2020-11-6,1,baseline_zero,129,0.005298742,0
2020-11-9,1,baseline_zero,129,0.000323502,0
2020-11-10,1,baseline_zero,129,0.003121807,0
2020-11-11,1,baseline_zero,129,-0.000860215,0
2020-11-12,1,baseline_zero,129,-0.002261592,0
2020-11-13,1,baseline_zero,129,-0.001186688,0
2020-11-16,1,baseline_zero,129,-0.002377608,0
2020-11-17,1,baseline_zero,129,-0.001082603,0
2020-11-18,1,baseline_zero,129,-0.000325009,0
2020-11-19,1,baseline_zero,129,0.001082954,0
2020-11-20,1,baseline_zero,129,0.001189897,0
2020-11-23,1,baseline_zero,129,-0.002923187,0
2020-11-24,1,baseline_zero,129,-0.002605582,0
2020-11-25,1,baseline_zero,129,0,0
2020-11-26,1,baseline_zero,129,-0.002176516,0
2020-11-27,1,baseline_zero,129,0.000871175,0
2020-11-30,1,baseline_zero,129,-0.006114224,0
2020-12-1,1,baseline_zero,129,-0.002082991,0
2020-12-2,1,baseline_zero,129,-0.004509715,0
2020-12-3,1,baseline_zero,129,-0.000110248,0
2020-12-4,1,baseline_zero,129,0.00099179,0
2020-12-7,1,baseline_zero,129,0.001870702,0
2020-12-8,1,baseline_zero,129,0.001428179,0
2020-12-9,1,baseline_zero,129,-0.002968503,0
2020-12-10,1,baseline_zero,129,0.001760176,0
2020-12-11,1,baseline_zero,129,-0.002972098,0
2020-12-14,1,baseline_zero,129,-0.002649301,0
2020-12-15,1,baseline_zero,129,-0.000221092,0
2020-12-16,1,baseline_zero,129,-0.006989544,0
2020-12-17,1,baseline_zero,129,0.0022242,0
2020-12-18,1,baseline_zero,129,0.000222148,0
2020-12-21,1,baseline_zero,129,0.006751921,0
2020-12-22,1,baseline_zero,129,-0.002651056,0
2020-12-23,1,baseline_zero,129,-0.000995961,0
2020-12-24,1,baseline_zero,129,0,0
2020-12-25,1,baseline_zero,129,0.00022141,0
2020-12-28,1,baseline_zero,129,-0.003881777,0
2020-12-29,1,baseline_zero,129,-0.003450774,0
2020-12-30,1,baseline_zero,129,0.002895003,0
2020-12-31,1,baseline_zero,129,0,0
2021-1-1,1,baseline_zero,129,-0.0007786,0
2021-1-4,1,baseline_zero,129,-0.004796172,0
2021-1-5,1,baseline_zero,129,0.001005755,0
2021-1-6,1,baseline_zero,129,0.003345231,0
2021-1-7,1,baseline_zero,129,0.003001169,0
2020-11-13,1,baseline_zero,130,-0.001186688,0
2020-11-16,1,baseline_zero,130,-0.002377608,0
2020-11-17,1,baseline_zero,130,-0.001082603,0
2020-11-18,1,baseline_zero,130,-0.000325009,0
2020-11-19,1,baseline_zero,130,0.001082954,0
2020-11-20,1,baseline_zero,130,0.001189897,0
2020-11-23,1,baseline_zero,130,-0.002923187,0
2020-11-24,1,baseline_zero,130,-0.002605582,0
2020-11-25,1,baseline_zero,130,0,0
2020-11-26,1,baseline_zero,130,-0.002176516,0
2020-11-27,1,baseline_zero,130,0.000871175,0
2020-11-30,1,baseline_zero,130,-0.006114224,0
2020-12-1,1,baseline_zero,130,-0.002082991,0
2020-12-2,1,baseline_zero,130,-0.004509715,0
2020-12-3,1,baseline_zero,130,-0.000110248,0
2020-12-4,1,baseline_zero,130,0.00099179,0
2020-12-7,1,baseline_zero,130,0.001870702,0
2020-12-8,1,baseline_zero,130,0.001428179,0
2020-12-9,1,baseline_zero,130,-0.002968503,0
2020-12-10,1,baseline_zero,130,0.001760176,0
2020-12-11,1,baseline_zero,130,-0.002972098,0
2020-12-14,1,baseline_zero,130,-0.002649301,0
2020-12-15,1,baseline_zero,130,-0.000221092,0
2020-12-16,1,baseline_zero,130,-0.006989544,0
2020-12-17,1,baseline_zero,130,0.0022242,0
2020-12-18,1,baseline_zero,130,0.000222148,0
2020-12-21,1,baseline_zero,130,0.006751921,0
2020-12-22,1,baseline_zero,130,-0.002651056,0
2020-12-23,1,baseline_zero,130,-0.000995961,0
2020-12-24,1,baseline_zero,130,0,0
2020-12-25,1,baseline_zero,130,0.00022141,0
2020-12-28,1,baseline_zero,130,-0.003881777,0
2020-12-29,1,baseline_zero,130,-0.003450774,0
2020-12-30,1,baseline_zero,130,0.002895003,0
2020-12-31,1,baseline_zero,130,0,0
2021-1-1,1,baseline_zero,130,-0.0007786,0
2021-1-4,1,baseline_zero,130,-0.004796172,0
2021-1-5,1,baseline_zero,130,0.001005755,0
2021-1-6,1,baseline_zero,130,0.003345231,0
2021-1-7,1,baseline_zero,130,0.003001169,0
2021-1-8,1,baseline_zero,130,0.003987599,0
2021-1-11,1,baseline_zero,130,-0.004098593,0
2021-1-12,1,baseline_zero,130,0.002992521,0
2021-1-13,1,baseline_zero,130,-0.001328904,0
2021-1-14,1,baseline_zero,130,0.005856047,0
2021-1-15,1,baseline_zero,130,-0.000110175,0
2021-1-18,1,baseline_zero,130,-0.002868809,0
2021-1-19,1,baseline_zero,130,-0.000331547,0
2021-1-20,1,baseline_zero,130,-0.003765231,0
2021-1-21,1,baseline_zero,130,0.001219715,0
2021-1-22,1,baseline_zero,130,0.001660854,0
2021-1-25,1,baseline_zero,130,-0.002436864,0
2021-1-26,1,baseline_zero,130,0.00530916,0
2021-1-27,1,baseline_zero,130,-0.002098173,0
2021-1-28,1,baseline_zero,130,0.001325674,0
2021-1-29,1,baseline_zero,130,0.004406264,0
2021-2-1,1,baseline_zero,130,0.002415195,0
2021-2-2,1,baseline_zero,130,-0.000329001,0
2021-2-3,1,baseline_zero,130,0.003940892,0
2021-2-4,1,baseline_zero,130,-0.005367817,0
2020-12-11,1,baseline_zero,131,-0.002972098,0
2020-12-14,1,baseline_zero,131,-0.002649301,0
2020-12-15,1,baseline_zero,131,-0.000221092,0
2020-12-16,1,baseline_zero,131,-0.006989544,0
2020-12-17,1,baseline_zero,131,0.0022242,0
2020-12-18,1,baseline_zero,131,0.000222148,0
2020-12-21,1,baseline_zero,131,0.006751921,0
2020-12-22,1,baseline_zero,131,-0.002651056,0
2020-12-23,1,baseline_zero,131,-0.000995961,0
2020-12-24,1,baseline_zero,131,0,0
2020-12-25,1,baseline_zero,131,0.00022141,0
2020-12-28,1,baseline_zero,131,-0.003881777,0
2020-12-29,1,baseline_zero,131,-0.003450774,0
2020-12-30,1,baseline_zero,131,0.002895003,0
2020-12-31,1,baseline_zero,131,0,0
2021-1-1,1,baseline_zero,131,-0.0007786,0
2021-1-4,1,baseline_zero,131,-0.004796172,0
2021-1-5,1,baseline_zero,131,0.001005755,0
2021-1-6,1,baseline_zero,131,0.003345231,0
2021-1-7,1,baseline_zero,131,0.003001169,0
2021-1-8,1,baseline_zero,131,0.003987599,0
2021-1-11,1,baseline_zero,131,-0.004098593,0
2021-1-12,1,baseline_zero,131,0.002992521,0
2021-1-13,1,baseline_zero,131,-0.001328904,0
2021-1-14,1,baseline_zero,131,0.005856047,0
2021-1-15,1,baseline_zero,131,-0.000110175,0
2021-1-18,1,baseline_zero,131,-0.002868809,0
2021-1-19,1,baseline_zero,131,-0.000331547,0
2021-1-20,1,baseline_zero,131,-0.003765231,0
2021-1-21,1,baseline_zero,131,0.001219715,0
2021-1-22,1,baseline_zero,131,0.001660854,0
2021-1-25,1,baseline_zero,131,-0.002436864,0
2021-1-26,1,baseline_zero,131,0.00530916,0
2021-1-27,1,baseline_zero,131,-0.002098173,0
2021-1-28,1,baseline_zero,131,0.001325674,0
2021-1-29,1,baseline_zero,131,0.004406264,0
2021-2-1,1,baseline_zero,131,0.002415195,0
2021-2-2,1,baseline_zero,131,-0.000329001,0
2021-2-3,1,baseline_zero,131,0.003940892,0
2021-2-4,1,baseline_zero,131,-0.005367817,0
2021-2-5,1,baseline_zero,131,-0.001208991,0
2021-2-8,1,baseline_zero,131,-0.005403332,0
2021-2-9,1,baseline_zero,131,-0.000774293,0
2021-2-10,1,baseline_zero,131,0.000553128,0
2021-2-11,1,baseline_zero,131,0.00066335,0
2021-2-12,1,baseline_zero,131,0,0
2021-2-15,1,baseline_zero,131,0.00033151,0
2021-2-16,1,baseline_zero,131,0.004849563,0
2021-2-17,1,baseline_zero,131,-0.003966073,0
2021-2-18,1,baseline_zero,131,-0.00254214,0
2021-2-19,1,baseline_zero,131,-0.003880916,0
2021-2-22,1,baseline_zero,131,0.001776002,0
2021-2-23,1,baseline_zero,131,0.000110895,0
2021-2-24,1,baseline_zero,131,-0.0005546,0
2021-2-25,1,baseline_zero,131,0.008286882,0
2021-2-26,1,baseline_zero,131,0.001759015,0
2021-3-1,1,baseline_zero,131,-0.002749823,0
2021-3-2,1,baseline_zero,131,0.001760758,0
2021-3-3,1,baseline_zero,131,0.007448824,0
2021-3-4,1,baseline_zero,131,0.003812433,0
2021-1-8,1,baseline_zero,132,0.003987599,0
2021-1-11,1,baseline_zero,132,-0.004098593,0
2021-1-12,1,baseline_zero,132,0.002992521,0
2021-1-13,1,baseline_zero,132,-0.001328904,0
2021-1-14,1,baseline_zero,132,0.005856047,0
2021-1-15,1,baseline_zero,132,-0.000110175,0
2021-1-18,1,baseline_zero,132,-0.002868809,0
2021-1-19,1,baseline_zero,132,-0.000331547,0
2021-1-20,1,baseline_zero,132,-0.003765231,0
2021-1-21,1,baseline_zero,132,0.001219715,0
2021-1-22,1,baseline_zero,132,0.001660854,0
2021-1-25,1,baseline_zero,132,-0.002436864,0
2021-1-26,1,baseline_zero,132,0.00530916,0
2021-1-27,1,baseline_zero,132,-0.002098173,0
2021-1-28,1,baseline_zero,132,0.001325674,0
2021-1-29,1,baseline_zero,132,0.004406264,0
2021-2-1,1,baseline_zero,132,0.002415195,0
2021-2-2,1,baseline_zero,132,-0.000329001,0
2021-2-3,1,baseline_zero,132,0.003940892,0
2021-2-4,1,baseline_zero,132,-0.005367817,0
2021-2-5,1,baseline_zero,132,-0.001208991,0
2021-2-8,1,baseline_zero,132,-0.005403332,0
2021-2-9,1,baseline_zero,132,-0.000774293,0
2021-2-10,1,baseline_zero,132,0.000553128,0
2021-2-11,1,baseline_zero,132,0.00066335,0
2021-2-12,1,baseline_zero,132,0,0
2021-2-15,1,baseline_zero,132,0.00033151,0
2021-2-16,1,baseline_zero,132,0.004849563,0
2021-2-17,1,baseline_zero,132,-0.003966073,0
2021-2-18,1,baseline_zero,132,-0.00254214,0
2021-2-19,1,baseline_zero,132,-0.003880916,0
2021-2-22,1,baseline_zero,132,0.001776002,0
2021-2-23,1,baseline_zero,132,0.000110895,0
2021-2-24,1,baseline_zero,132,-0.0005546,0
2021-2-25,1,baseline_zero,132,0.008286882,0
2021-2-26,1,baseline_zero,132,0.001759015,0
2021-3-1,1,baseline_zero,132,-0.002749823,0
2021-3-2,1,baseline_zero,132,0.001760758,0
2021-3-3,1,baseline_zero,132,0.007448824,0
2021-3-4,1,baseline_zero,132,0.003812433,0
2021-3-5,1,baseline_zero,132,0.003581316,0
2021-3-8,1,baseline_zero,132,-0.003798778,0
2021-3-9,1,baseline_zero,132,-0.001523561,0
2021-3-10,1,baseline_zero,132,-0.004365866,0
2021-3-11,1,baseline_zero,132,0.00283998,0
2021-3-12,1,baseline_zero,132,0.001634789,0
2021-3-15,1,baseline_zero,132,0.000326637,0
2021-3-16,1,baseline_zero,132,-0.004582659,0
2021-3-17,1,baseline_zero,132,0.004582659,0
2021-3-18,1,baseline_zero,132,0.000652955,0
2021-3-19,1,baseline_zero,132,-0.001960144,0
2021-3-22,1,baseline_zero,132,0.006518928,0
2021-3-23,1,baseline_zero,132,0.002055499,0
2021-3-24,1,baseline_zero,132,0,0
2021-3-25,1,baseline_zero,132,0.002590395,0
2021-3-26,1,baseline_zero,132,0.001830812,0
2021-3-29,1,baseline_zero,132,0.003865984,0
2021-3-30,1,baseline_zero,132,-0.00075055,0
2021-3-31,1,baseline_zero,132,-0.003223037,0
2021-4-1,1,baseline_zero,132,0.000968002,0
2021-2-5,1,baseline_zero,133,-0.001208991,0
2021-2-8,1,baseline_zero,133,-0.005403332,0
2021-2-9,1,baseline_zero,133,-0.000774293,0
2021-2-10,1,baseline_zero,133,0.000553128,0
2021-2-11,1,baseline_zero,133,0.00066335,0
2021-2-12,1,baseline_zero,133,0,0
2021-2-15,1,baseline_zero,133,0.00033151,0
2021-2-16,1,baseline_zero,133,0.004849563,0
2021-2-17,1,baseline_zero,133,-0.003966073,0
2021-2-18,1,baseline_zero,133,-0.00254214,0
2021-2-19,1,baseline_zero,133,-0.003880916,0
2021-2-22,1,baseline_zero,133,0.001776002,0
2021-2-23,1,baseline_zero,133,0.000110895,0
2021-2-24,1,baseline_zero,133,-0.0005546,0
2021-2-25,1,baseline_zero,133,0.008286882,0
2021-2-26,1,baseline_zero,133,0.001759015,0
2021-3-1,1,baseline_zero,133,-0.002749823,0
2021-3-2,1,baseline_zero,133,0.001760758,0
2021-3-3,1,baseline_zero,133,0.007448824,0
2021-3-4,1,baseline_zero,133,0.003812433,0
2021-3-5,1,baseline_zero,133,0.003581316,0
2021-3-8,1,baseline_zero,133,-0.003798778,0
2021-3-9,1,baseline_zero,133,-0.001523561,0
2021-3-10,1,baseline_zero,133,-0.004365866,0
2021-3-11,1,baseline_zero,133,0.00283998,0
2021-3-12,1,baseline_zero,133,0.001634789,0
2021-3-15,1,baseline_zero,133,0.000326637,0
2021-3-16,1,baseline_zero,133,-0.004582659,0
2021-3-17,1,baseline_zero,133,0.004582659,0
2021-3-18,1,baseline_zero,133,0.000652955,0
2021-3-19,1,baseline_zero,133,-0.001960144,0
2021-3-22,1,baseline_zero,133,0.006518928,0
2021-3-23,1,baseline_zero,133,0.002055499,0
2021-3-24,1,baseline_zero,133,0,0
2021-3-25,1,baseline_zero,133,0.002590395,0
2021-3-26,1,baseline_zero,133,0.001830812,0
2021-3-29,1,baseline_zero,133,0.003865984,0
2021-3-30,1,baseline_zero,133,-0.00075055,0
2021-3-31,1,baseline_zero,133,-0.003223037,0
2021-4-1,1,baseline_zero,133,0.000968002,0
2021-4-2,1,baseline_zero,133,-0.004525382,0
2021-4-5,1,baseline_zero,133,-0.002920026,0
2021-4-6,1,baseline_zero,133,0.001407003,0
2021-4-7,1,baseline_zero,133,-0.00433558,0
2021-4-8,1,baseline_zero,133,0.001085659,0
2021-4-9,1,baseline_zero,133,-0.000217037,0
2021-4-12,1,baseline_zero,133,-0.003152348,0
2021-4-13,1,baseline_zero,133,-0.00174349,0
2021-4-14,1,baseline_zero,133,0,0
2021-4-15,1,baseline_zero,133,-0.001418827,0
2021-4-16,1,baseline_zero,133,-0.005366054,0
2021-4-19,1,baseline_zero,133,0.001864956,0
2021-4-20,1,baseline_zero,133,-0.000986896,0
2021-4-21,1,baseline_zero,133,0.00197282,0
2021-4-22,1,baseline_zero,133,-0.00515946,0
2021-4-23,1,baseline_zero,133,-0.000550449,0
2021-4-26,1,baseline_zero,133,0.001100594,0
2021-4-27,1,baseline_zero,133,-0.003305424,0
2021-4-28,1,baseline_zero,133,0,0
2021-4-29,1,baseline_zero,133,0.007367123,0
2021-3-5,1,baseline_zero,134,0.003581316,0
2021-3-8,1,baseline_zero,134,-0.003798778,0
2021-3-9,1,baseline_zero,134,-0.001523561,0
2021-3-10,1,baseline_zero,134,-0.004365866,0
2021-3-11,1,baseline_zero,134,0.00283998,0
2021-3-12,1,baseline_zero,134,0.001634789,0
2021-3-15,1,baseline_zero,134,0.000326637,0
2021-3-16,1,baseline_zero,134,-0.004582659,0
2021-3-17,1,baseline_zero,134,0.004582659,0
2021-3-18,1,baseline_zero,134,0.000652955,0
2021-3-19,1,baseline_zero,134,-0.001960144,0
2021-3-22,1,baseline_zero,134,0.006518928,0
2021-3-23,1,baseline_zero,134,0.002055499,0
2021-3-24,1,baseline_zero,134,0,0
2021-3-25,1,baseline_zero,134,0.002590395,0
2021-3-26,1,baseline_zero,134,0.001830812,0
2021-3-29,1,baseline_zero,134,0.003865984,0
2021-3-30,1,baseline_zero,134,-0.00075055,0
2021-3-31,1,baseline_zero,134,-0.003223037,0
2021-4-1,1,baseline_zero,134,0.000968002,0
2021-4-2,1,baseline_zero,134,-0.004525382,0
2021-4-5,1,baseline_zero,134,-0.002920026,0
2021-4-6,1,baseline_zero,134,0.001407003,0
2021-4-7,1,baseline_zero,134,-0.00433558,0
2021-4-8,1,baseline_zero,134,0.001085659,0
2021-4-9,1,baseline_zero,134,-0.000217037,0
2021-4-12,1,baseline_zero,134,-0.003152348,0
2021-4-13,1,baseline_zero,134,-0.00174349,0
2021-4-14,1,baseline_zero,134,0,0
2021-4-15,1,baseline_zero,134,-0.001418827,0
2021-4-16,1,baseline_zero,134,-0.005366054,0
2021-4-19,1,baseline_zero,134,0.001864956,0
2021-4-20,1,baseline_zero,134,-0.000986896,0
2021-4-21,1,baseline_zero,134,0.00197282,0
2021-4-22,1,baseline_zero,134,-0.00515946,0
2021-4-23,1,baseline_zero,134,-0.000550449,0
2021-4-26,1,baseline_zero,134,0.001100594,0
2021-4-27,1,baseline_zero,134,-0.003305424,0
2021-4-28,1,baseline_zero,134,0,0
2021-4-29,1,baseline_zero,134,0.007367123,0
2021-4-30,1,baseline_zero,134,-0.003731757,0
2021-5-3,1,baseline_zero,134,0.003841304,0
2021-5-4,1,baseline_zero,134,0.000219058,0
2021-5-5,1,baseline_zero,134,-0.003950406,0
2021-5-6,1,baseline_zero,134,-0.007947939,0
2021-5-7,1,baseline_zero,134,-0.00022168,0
2021-5-10,1,baseline_zero,134,-0.000776268,0
2021-5-11,1,baseline_zero,134,0.006303587,0
2021-5-12,1,baseline_zero,134,0.000440869,0
2021-5-13,1,baseline_zero,134,-0.004749553,0
2021-5-14,1,baseline_zero,134,-0.00177305,0
2021-5-17,1,baseline_zero,134,-0.004557842,0
2021-5-18,1,baseline_zero,134,0.004890529,0
2021-5-19,1,baseline_zero,134,-0.004222228,0
2021-5-20,1,baseline_zero,134,0.00233554,0
2021-5-21,1,baseline_zero,134,-0.002001557,0
2021-5-24,1,baseline_zero,134,-0.002228661,0
2021-5-25,1,baseline_zero,134,0.004452367,0
2021-5-26,1,baseline_zero,134,-0.000777735,0
2021-5-27,1,baseline_zero,134,0.000666667,0
2021-4-2,1,baseline_zero,135,-0.004525382,0
2021-4-5,1,baseline_zero,135,-0.002920026,0
2021-4-6,1,baseline_zero,135,0.001407003,0
2021-4-7,1,baseline_zero,135,-0.00433558,0
2021-4-8,1,baseline_zero,135,0.001085659,0
2021-4-9,1,baseline_zero,135,-0.000217037,0
2021-4-12,1,baseline_zero,135,-0.003152348,0
2021-4-13,1,baseline_zero,135,-0.00174349,0
2021-4-14,1,baseline_zero,135,0,0
2021-4-15,1,baseline_zero,135,-0.001418827,0
2021-4-16,1,baseline_zero,135,-0.005366054,0
2021-4-19,1,baseline_zero,135,0.001864956,0
2021-4-20,1,baseline_zero,135,-0.000986896,0
2021-4-21,1,baseline_zero,135,0.00197282,0
2021-4-22,1,baseline_zero,135,-0.00515946,0
2021-4-23,1,baseline_zero,135,-0.000550449,0
2021-4-26,1,baseline_zero,135,0.001100594,0
2021-4-27,1,baseline_zero,135,-0.003305424,0
2021-4-28,1,baseline_zero,135,0,0
2021-4-29,1,baseline_zero,135,0.007367123,0
2021-4-30,1,baseline_zero,135,-0.003731757,0
2021-5-3,1,baseline_zero,135,0.003841304,0
2021-5-4,1,baseline_zero,135,0.000219058,0
2021-5-5,1,baseline_zero,135,-0.003950406,0
2021-5-6,1,baseline_zero,135,-0.007947939,0
2021-5-7,1,baseline_zero,135,-0.00022168,0
2021-5-10,1,baseline_zero,135,-0.000776268,0
2021-5-11,1,baseline_zero,135,0.006303587,0
2021-5-12,1,baseline_zero,135,0.000440869,0
2021-5-13,1,baseline_zero,135,-0.004749553,0
2021-5-14,1,baseline_zero,135,-0.00177305,0
2021-5-17,1,baseline_zero,135,-0.004557842,0
2021-5-18,1,baseline_zero,135,0.004890529,0
2021-5-19,1,baseline_zero,135,-0.004222228,0
2021-5-20,1,baseline_zero,135,0.00233554,0
2021-5-21,1,baseline_zero,135,-0.002001557,0
2021-5-24,1,baseline_zero,135,-0.002228661,0
2021-5-25,1,baseline_zero,135,0.004452367,0
2021-5-26,1,baseline_zero,135,-0.000777735,0
2021-5-27,1,baseline_zero,135,0.000666667,0
2021-5-28,1,baseline_zero,135,0,0
2021-5-31,1,baseline_zero,135,-0.002223953,0
2021-6-1,1,baseline_zero,135,0.000890175,0
2021-6-2,1,baseline_zero,135,0.006651172,0
2021-6-3,1,baseline_zero,135,-0.004096325,0
2021-6-4,1,baseline_zero,135,-0.002110057,0
2021-6-7,1,baseline_zero,135,0.001444204,0
2021-6-8,1,baseline_zero,135,0.000443951,0
2021-6-9,1,baseline_zero,135,-0.00055497,0
2021-6-10,1,baseline_zero,135,0.005425469,0
2021-6-11,1,baseline_zero,135,-0.000441794,0
2021-6-14,1,baseline_zero,135,0.000220921,0
2021-6-15,1,baseline_zero,135,0.006495317,0
2021-6-16,1,baseline_zero,135,0.008305151,0
2021-6-17,1,baseline_zero,135,0.003584817,0
2021-6-18,1,baseline_zero,135,-0.003475997,0
2021-6-21,1,baseline_zero,135,-0.001524557,0
2021-6-22,1,baseline_zero,135,0.000435825,0
2021-6-23,1,baseline_zero,135,0.000108927,0
2021-6-24,1,baseline_zero,135,0.000435588,0
2021-4-30,1,baseline_zero,136,-0.003731757,0
2021-5-3,1,baseline_zero,136,0.003841304,0
2021-5-4,1,baseline_zero,136,0.000219058,0
2021-5-5,1,baseline_zero,136,-0.003950406,0
2021-5-6,1,baseline_zero,136,-0.007947939,0
2021-5-7,1,baseline_zero,136,-0.00022168,0
2021-5-10,1,baseline_zero,136,-0.000776268,0
2021-5-11,1,baseline_zero,136,0.006303587,0
2021-5-12,1,baseline_zero,136,0.000440869,0
2021-5-13,1,baseline_zero,136,-0.004749553,0
2021-5-14,1,baseline_zero,136,-0.00177305,0
2021-5-17,1,baseline_zero,136,-0.004557842,0
2021-5-18,1,baseline_zero,136,0.004890529,0
2021-5-19,1,baseline_zero,136,-0.004222228,0
2021-5-20,1,baseline_zero,136,0.00233554,0
2021-5-21,1,baseline_zero,136,-0.002001557,0
2021-5-24,1,baseline_zero,136,-0.002228661,0
2021-5-25,1,baseline_zero,136,0.004452367,0
2021-5-26,1,baseline_zero,136,-0.000777735,0
2021-5-27,1,baseline_zero,136,0.000666667,0
2021-5-28,1,baseline_zero,136,0,0
2021-5-31,1,baseline_zero,136,-0.002223953,0
2021-6-1,1,baseline_zero,136,0.000890175,0
2021-6-2,1,baseline_zero,136,0.006651172,0
2021-6-3,1,baseline_zero,136,-0.004096325,0
2021-6-4,1,baseline_zero,136,-0.002110057,0
2021-6-7,1,baseline_zero,136,0.001444204,0
2021-6-8,1,baseline_zero,136,0.000443951,0
2021-6-9,1,baseline_zero,136,-0.00055497,0
2021-6-10,1,baseline_zero,136,0.005425469,0
2021-6-11,1,baseline_zero,136,-0.000441794,0
2021-6-14,1,baseline_zero,136,0.000220921,0
2021-6-15,1,baseline_zero,136,0.006495317,0
2021-6-16,1,baseline_zero,136,0.008305151,0
2021-6-17,1,baseline_zero,136,0.003584817,0
2021-6-18,1,baseline_zero,136,-0.003475997,0
2021-6-21,1,baseline_zero,136,-0.001524557,0
2021-6-22,1,baseline_zero,136,0.000435825,0
2021-6-23,1,baseline_zero,136,0.000108927,0
2021-6-24,1,baseline_zero,136,0.000435588,0
2021-6-25,1,baseline_zero,136,0.000435398,0
2021-6-28,1,baseline_zero,136,0.001739698,0
2021-6-29,1,baseline_zero,136,0.004227878,0
2021-6-30,1,baseline_zero,136,0.001729356,0
2021-7-1,1,baseline_zero,136,-0.004003684,0
2021-7-2,1,baseline_zero,136,-0.000216873,0
2021-7-5,1,baseline_zero,136,0.003680454,0
2021-7-6,1,baseline_zero,136,0.000971975,0
2021-7-7,1,baseline_zero,136,-0.002377608,0
2021-7-8,1,baseline_zero,136,-0.003142782,0
2021-7-9,1,baseline_zero,136,0.001410055,0
2021-7-12,1,baseline_zero,136,0.005297023,0
2021-7-13,1,baseline_zero,136,-0.003672504,0
2021-7-14,1,baseline_zero,136,0.002269903,0
2021-7-15,1,baseline_zero,136,0.000755491,0
2021-7-16,1,baseline_zero,136,0.002155406,0
2021-7-19,1,baseline_zero,136,0.000860863,0
2021-7-20,1,baseline_zero,136,-0.002369159,0
2021-7-21,1,baseline_zero,136,0.000754432,0
2021-7-22,1,baseline_zero,136,0.000969149,0
2021-5-28,1,baseline_zero,137,0,0
2021-5-31,1,baseline_zero,137,-0.002223953,0
2021-6-1,1,baseline_zero,137,0.000890175,0
2021-6-2,1,baseline_zero,137,0.006651172,0
2021-6-3,1,baseline_zero,137,-0.004096325,0
2021-6-4,1,baseline_zero,137,-0.002110057,0
2021-6-7,1,baseline_zero,137,0.001444204,0
2021-6-8,1,baseline_zero,137,0.000443951,0
2021-6-9,1,baseline_zero,137,-0.00055497,0
2021-6-10,1,baseline_zero,137,0.005425469,0
2021-6-11,1,baseline_zero,137,-0.000441794,0
2021-6-14,1,baseline_zero,137,0.000220921,0
2021-6-15,1,baseline_zero,137,0.006495317,0
2021-6-16,1,baseline_zero,137,0.008305151,0
2021-6-17,1,baseline_zero,137,0.003584817,0
2021-6-18,1,baseline_zero,137,-0.003475997,0
2021-6-21,1,baseline_zero,137,-0.001524557,0
2021-6-22,1,baseline_zero,137,0.000435825,0
2021-6-23,1,baseline_zero,137,0.000108927,0
2021-6-24,1,baseline_zero,137,0.000435588,0
2021-6-25,1,baseline_zero,137,0.000435398,0
2021-6-28,1,baseline_zero,137,0.001739698,0
2021-6-29,1,baseline_zero,137,0.004227878,0
2021-6-30,1,baseline_zero,137,0.001729356,0
2021-7-1,1,baseline_zero,137,-0.004003684,0
2021-7-2,1,baseline_zero,137,-0.000216873,0
2021-7-5,1,baseline_zero,137,0.003680454,0
2021-7-6,1,baseline_zero,137,0.000971975,0
2021-7-7,1,baseline_zero,137,-0.002377608,0
2021-7-8,1,baseline_zero,137,-0.003142782,0
2021-7-9,1,baseline_zero,137,0.001410055,0
2021-7-12,1,baseline_zero,137,0.005297023,0
2021-7-13,1,baseline_zero,137,-0.003672504,0
2021-7-14,1,baseline_zero,137,0.002269903,0
2021-7-15,1,baseline_zero,137,0.000755491,0
2021-7-16,1,baseline_zero,137,0.002155406,0
2021-7-19,1,baseline_zero,137,0.000860863,0
2021-7-20,1,baseline_zero,137,-0.002369159,0
2021-7-21,1,baseline_zero,137,0.000754432,0
2021-7-22,1,baseline_zero,137,0.000969149,0
2021-7-23,1,baseline_zero,137,-0.00280233,0
2021-7-26,1,baseline_zero,137,-0.002377351,0
2021-7-27,1,baseline_zero,137,-0.001190799,0
2021-7-28,1,baseline_zero,137,-0.004995124,0
2021-7-29,1,baseline_zero,137,0.003369019,0
2021-7-30,1,baseline_zero,137,-0.00130279,0
2021-8-2,1,baseline_zero,137,0.000325857,0
2021-8-3,1,baseline_zero,137,0.002061297,0
2021-8-4,1,baseline_zero,137,-0.000325186,0
2021-8-5,1,baseline_zero,137,0.006052764,0
2021-8-6,1,baseline_zero,137,0.001507484,0
2021-8-9,1,baseline_zero,137,0.001290323,0
2021-8-10,1,baseline_zero,137,-0.001505539,0
2021-8-11,1,baseline_zero,137,0.0012906,0
2021-8-12,1,baseline_zero,137,-0.005604671,0
2021-8-13,1,baseline_zero,137,0.001188226,0
2021-8-16,1,baseline_zero,137,0.005383303,0
2021-8-17,1,baseline_zero,137,0.000107371,0
2021-8-18,1,baseline_zero,137,0.004606082,0
2021-8-19,1,baseline_zero,137,-0.000748383,0
2021-6-25,1,baseline_zero,138,0.000435398,0
2021-6-28,1,baseline_zero,138,0.001739698,0
2021-6-29,1,baseline_zero,138,0.004227878,0
2021-6-30,1,baseline_zero,138,0.001729356,0
2021-7-1,1,baseline_zero,138,-0.004003684,0
2021-7-2,1,baseline_zero,138,-0.000216873,0
2021-7-5,1,baseline_zero,138,0.003680454,0
2021-7-6,1,baseline_zero,138,0.000971975,0
2021-7-7,1,baseline_zero,138,-0.002377608,0
2021-7-8,1,baseline_zero,138,-0.003142782,0
2021-7-9,1,baseline_zero,138,0.001410055,0
2021-7-12,1,baseline_zero,138,0.005297023,0
2021-7-13,1,baseline_zero,138,-0.003672504,0
2021-7-14,1,baseline_zero,138,0.002269903,0
2021-7-15,1,baseline_zero,138,0.000755491,0
2021-7-16,1,baseline_zero,138,0.002155406,0
2021-7-19,1,baseline_zero,138,0.000860863,0
2021-7-20,1,baseline_zero,138,-0.002369159,0
2021-7-21,1,baseline_zero,138,0.000754432,0
2021-7-22,1,baseline_zero,138,0.000969149,0
2021-7-23,1,baseline_zero,138,-0.00280233,0
2021-7-26,1,baseline_zero,138,-0.002377351,0
2021-7-27,1,baseline_zero,138,-0.001190799,0
2021-7-28,1,baseline_zero,138,-0.004995124,0
2021-7-29,1,baseline_zero,138,0.003369019,0
2021-7-30,1,baseline_zero,138,-0.00130279,0
2021-8-2,1,baseline_zero,138,0.000325857,0
2021-8-3,1,baseline_zero,138,0.002061297,0
2021-8-4,1,baseline_zero,138,-0.000325186,0
2021-8-5,1,baseline_zero,138,0.006052764,0
2021-8-6,1,baseline_zero,138,0.001507484,0
2021-8-9,1,baseline_zero,138,0.001290323,0
2021-8-10,1,baseline_zero,138,-0.001505539,0
2021-8-11,1,baseline_zero,138,0.0012906,0
2021-8-12,1,baseline_zero,138,-0.005604671,0
2021-8-13,1,baseline_zero,138,0.001188226,0
2021-8-16,1,baseline_zero,138,0.005383303,0
2021-8-17,1,baseline_zero,138,0.000107371,0
2021-8-18,1,baseline_zero,138,0.004606082,0
2021-8-19,1,baseline_zero,138,-0.000748383,0
2021-8-20,1,baseline_zero,138,-0.005792143,0
2021-8-23,1,baseline_zero,138,-0.000753296,0
2021-8-24,1,baseline_zero,138,-0.000753864,0
2021-8-25,1,baseline_zero,138,0.002582313,0
2021-8-26,1,baseline_zero,138,-0.003983855,0
2021-8-27,1,baseline_zero,138,-0.000431639,0
2021-8-30,1,baseline_zero,138,-0.000215889,0
2021-8-31,1,baseline_zero,138,-0.001945105,0
2021-9-1,1,baseline_zero,138,-0.002490931,0
2021-9-2,1,baseline_zero,138,-0.001953762,0
2021-9-3,1,baseline_zero,138,0,0
2021-9-6,1,baseline_zero,138,0.005093482,0
2021-9-7,1,baseline_zero,138,0.001512206,0
2021-9-8,1,baseline_zero,138,-0.001836548,0
2021-9-9,1,baseline_zero,138,0.001080731,0
2021-9-10,1,baseline_zero,138,0.001079564,0
2021-9-13,1,baseline_zero,138,-0.000647599,0
2021-9-14,1,baseline_zero,138,-0.000756062,0
2021-9-15,1,baseline_zero,138,0.004097483,0
2021-9-16,1,baseline_zero,138,0.002793898,0
2021-7-23,1,baseline_zero,139,-0.00280233,0
2021-7-26,1,baseline_zero,139,-0.002377351,0
2021-7-27,1,baseline_zero,139,-0.001190799,0
2021-7-28,1,baseline_zero,139,-0.004995124,0
2021-7-29,1,baseline_zero,139,0.003369019,0
2021-7-30,1,baseline_zero,139,-0.00130279,0
2021-8-2,1,baseline_zero,139,0.000325857,0
2021-8-3,1,baseline_zero,139,0.002061297,0
2021-8-4,1,baseline_zero,139,-0.000325186,0
2021-8-5,1,baseline_zero,139,0.006052764,0
2021-8-6,1,baseline_zero,139,0.001507484,0
2021-8-9,1,baseline_zero,139,0.001290323,0
2021-8-10,1,baseline_zero,139,-0.001505539,0
2021-8-11,1,baseline_zero,139,0.0012906,0
2021-8-12,1,baseline_zero,139,-0.005604671,0
2021-8-13,1,baseline_zero,139,0.001188226,0
2021-8-16,1,baseline_zero,139,0.005383303,0
2021-8-17,1,baseline_zero,139,0.000107371,0
2021-8-18,1,baseline_zero,139,0.004606082,0
2021-8-19,1,baseline_zero,139,-0.000748383,0
2021-8-20,1,baseline_zero,139,-0.005792143,0
2021-8-23,1,baseline_zero,139,-0.000753296,0
2021-8-24,1,baseline_zero,139,-0.000753864,0
2021-8-25,1,baseline_zero,139,0.002582313,0
2021-8-26,1,baseline_zero,139,-0.003983855,0
2021-8-27,1,baseline_zero,139,-0.000431639,0
2021-8-30,1,baseline_zero,139,-0.000215889,0
2021-8-31,1,baseline_zero,139,-0.001945105,0
2021-9-1,1,baseline_zero,139,-0.002490931,0
2021-9-2,1,baseline_zero,139,-0.001953762,0
2021-9-3,1,baseline_zero,139,0,0
2021-9-6,1,baseline_zero,139,0.005093482,0
2021-9-7,1,baseline_zero,139,0.001512206,0
2021-9-8,1,baseline_zero,139,-0.001836548,0
2021-9-9,1,baseline_zero,139,0.001080731,0
2021-9-10,1,baseline_zero,139,0.001079564,0
2021-9-13,1,baseline_zero,139,-0.000647599,0
2021-9-14,1,baseline_zero,139,-0.000756062,0
2021-9-15,1,baseline_zero,139,0.004097483,0
2021-9-16,1,baseline_zero,139,0.002793898,0
2021-9-17,1,baseline_zero,139,0.000965303,0
2021-9-20,1,baseline_zero,139,-0.000858001,0
2021-9-21,1,baseline_zero,139,0.002785816,0
2021-9-22,1,baseline_zero,139,-0.004611515,0
2021-9-23,1,baseline_zero,139,0.003219578,0
2021-9-24,1,baseline_zero,139,0.00053559,0
2021-9-27,1,baseline_zero,139,0.004167786,0
2021-9-28,1,baseline_zero,139,0.006060302,0
2021-9-29,1,baseline_zero,139,-0.001166676,0
2021-9-30,1,baseline_zero,139,-0.002018379,0
2021-10-1,1,baseline_zero,139,-0.00276861,0
2021-10-4,1,baseline_zero,139,0.002023969,0
2021-10-5,1,baseline_zero,139,0.003187423,0
2021-10-6,1,baseline_zero,139,-0.000530532,0
2021-10-7,1,baseline_zero,139,-0.001593287,0
2021-10-8,1,baseline_zero,139,0.00265407,0
2021-10-11,1,baseline_zero,139,0.002118196,0
2021-10-12,1,baseline_zero,139,-0.004665968,0
2021-10-13,1,baseline_zero,139,-0.001276324,0
2021-10-14,1,baseline_zero,139,-0.000212879,0
2021-8-20,1,baseline_zero,140,-0.005792143,0
2021-8-23,1,baseline_zero,140,-0.000753296,0
2021-8-24,1,baseline_zero,140,-0.000753864,0
2021-8-25,1,baseline_zero,140,0.002582313,0
2021-8-26,1,baseline_zero,140,-0.003983855,0
2021-8-27,1,baseline_zero,140,-0.000431639,0
2021-8-30,1,baseline_zero,140,-0.000215889,0
2021-8-31,1,baseline_zero,140,-0.001945105,0
2021-9-1,1,baseline_zero,140,-0.002490931,0
2021-9-2,1,baseline_zero,140,-0.001953762,0
2021-9-3,1,baseline_zero,140,0,0
2021-9-6,1,baseline_zero,140,0.005093482,0
2021-9-7,1,baseline_zero,140,0.001512206,0
2021-9-8,1,baseline_zero,140,-0.001836548,0
2021-9-9,1,baseline_zero,140,0.001080731,0
2021-9-10,1,baseline_zero,140,0.001079564,0
2021-9-13,1,baseline_zero,140,-0.000647599,0
2021-9-14,1,baseline_zero,140,-0.000756062,0
2021-9-15,1,baseline_zero,140,0.004097483,0
2021-9-16,1,baseline_zero,140,0.002793898,0
2021-9-17,1,baseline_zero,140,0.000965303,0
2021-9-20,1,baseline_zero,140,-0.000858001,0
2021-9-21,1,baseline_zero,140,0.002785816,0
2021-9-22,1,baseline_zero,140,-0.004611515,0
2021-9-23,1,baseline_zero,140,0.003219578,0
2021-9-24,1,baseline_zero,140,0.00053559,0
2021-9-27,1,baseline_zero,140,0.004167786,0
2021-9-28,1,baseline_zero,140,0.006060302,0
2021-9-29,1,baseline_zero,140,-0.001166676,0
2021-9-30,1,baseline_zero,140,-0.002018379,0
2021-10-1,1,baseline_zero,140,-0.00276861,0
2021-10-4,1,baseline_zero,140,0.002023969,0
2021-10-5,1,baseline_zero,140,0.003187423,0
2021-10-6,1,baseline_zero,140,-0.000530532,0
2021-10-7,1,baseline_zero,140,-0.001593287,0
2021-10-8,1,baseline_zero,140,0.00265407,0
2021-10-11,1,baseline_zero,140,0.002118196,0
2021-10-12,1,baseline_zero,140,-0.004665968,0
2021-10-13,1,baseline_zero,140,-0.001276324,0
2021-10-14,1,baseline_zero,140,-0.000212879,0
2021-10-15,1,baseline_zero,140,0.000106445,0
2021-10-18,1,baseline_zero,140,-0.002344417,0
2021-10-19,1,baseline_zero,140,-0.001815367,0
2021-10-20,1,baseline_zero,140,0.002242034,0
2021-10-21,1,baseline_zero,140,-0.001387333,0
2021-10-22,1,baseline_zero,140,0.001813818,0
2021-10-25,1,baseline_zero,140,0.001491266,0
2021-10-26,1,baseline_zero,140,-0.00159787,0
2021-10-27,1,baseline_zero,140,-0.004808986,0
2021-10-28,1,baseline_zero,140,0.008214694,0
2021-10-29,1,baseline_zero,140,-0.002553193,0
2021-11-1,1,baseline_zero,140,0.0022344,0
2021-11-2,1,baseline_zero,140,-0.002447461,0
2021-11-3,1,baseline_zero,140,0.005206961,0
2021-11-4,1,baseline_zero,140,-0.000318016,0
2021-11-5,1,baseline_zero,140,-0.0028667,0
2021-11-8,1,baseline_zero,140,-0.000957396,0
2021-11-9,1,baseline_zero,140,0.009427537,0
2021-11-10,1,baseline_zero,140,0.003473139,0
2021-11-11,1,baseline_zero,140,-0.000525458,0
2021-9-17,1,baseline_zero,141,0.000965303,0
2021-9-20,1,baseline_zero,141,-0.000858001,0
2021-9-21,1,baseline_zero,141,0.002785816,0
2021-9-22,1,baseline_zero,141,-0.004611515,0
2021-9-23,1,baseline_zero,141,0.003219578,0
2021-9-24,1,baseline_zero,141,0.00053559,0
2021-9-27,1,baseline_zero,141,0.004167786,0
2021-9-28,1,baseline_zero,141,0.006060302,0
2021-9-29,1,baseline_zero,141,-0.001166676,0
2021-9-30,1,baseline_zero,141,-0.002018379,0
2021-10-1,1,baseline_zero,141,-0.00276861,0
2021-10-4,1,baseline_zero,141,0.002023969,0
2021-10-5,1,baseline_zero,141,0.003187423,0
2021-10-6,1,baseline_zero,141,-0.000530532,0
2021-10-7,1,baseline_zero,141,-0.001593287,0
2021-10-8,1,baseline_zero,141,0.00265407,0
2021-10-11,1,baseline_zero,141,0.002118196,0
2021-10-12,1,baseline_zero,141,-0.004665968,0
2021-10-13,1,baseline_zero,141,-0.001276324,0
2021-10-14,1,baseline_zero,141,-0.000212879,0
2021-10-15,1,baseline_zero,141,0.000106445,0
2021-10-18,1,baseline_zero,141,-0.002344417,0
2021-10-19,1,baseline_zero,141,-0.001815367,0
2021-10-20,1,baseline_zero,141,0.002242034,0
2021-10-21,1,baseline_zero,141,-0.001387333,0
2021-10-22,1,baseline_zero,141,0.001813818,0
2021-10-25,1,baseline_zero,141,0.001491266,0
2021-10-26,1,baseline_zero,141,-0.00159787,0
2021-10-27,1,baseline_zero,141,-0.004808986,0
2021-10-28,1,baseline_zero,141,0.008214694,0
2021-10-29,1,baseline_zero,141,-0.002553193,0
2021-11-1,1,baseline_zero,141,0.0022344,0
2021-11-2,1,baseline_zero,141,-0.002447461,0
2021-11-3,1,baseline_zero,141,0.005206961,0
2021-11-4,1,baseline_zero,141,-0.000318016,0
2021-11-5,1,baseline_zero,141,-0.0028667,0
2021-11-8,1,baseline_zero,141,-0.000957396,0
2021-11-9,1,baseline_zero,141,0.009427537,0
2021-11-10,1,baseline_zero,141,0.003473139,0
2021-11-11,1,baseline_zero,141,-0.000525458,0
2021-11-12,1,baseline_zero,141,0.002939018,0
2021-11-15,1,baseline_zero,141,0.005331116,0
2021-11-16,1,baseline_zero,141,-0.000938722,0
2021-11-17,1,baseline_zero,141,-0.00303078,0
2021-11-18,1,baseline_zero,141,0.005115635,0
2021-11-19,1,baseline_zero,141,0.005400366,0
2021-11-22,1,baseline_zero,141,-0.000621633,0
2021-11-23,1,baseline_zero,141,0.004033723,0
2021-11-24,1,baseline_zero,141,-0.00113607,0
2021-11-25,1,baseline_zero,141,-0.007051777,0
2021-11-26,1,baseline_zero,141,0.002598349,0
2021-11-29,1,baseline_zero,141,-0.003639582,0
2021-11-30,1,baseline_zero,141,0.000416623,0
2021-12-1,1,baseline_zero,141,0.001352828,0
2021-12-2,1,baseline_zero,141,-0.00041606,0
2021-12-3,1,baseline_zero,141,0.002182386,0
2021-12-6,1,baseline_zero,141,0.000415153,0
2021-12-7,1,baseline_zero,141,-0.004993249,0
2021-12-8,1,baseline_zero,141,0.003955043,0
2021-12-9,1,baseline_zero,141,-0.001767428,0
2021-10-15,1,baseline_zero,142,0.000106445,0
2021-10-18,1,baseline_zero,142,-0.002344417,0
2021-10-19,1,baseline_zero,142,-0.001815367,0
2021-10-20,1,baseline_zero,142,0.002242034,0
2021-10-21,1,baseline_zero,142,-0.001387333,0
2021-10-22,1,baseline_zero,142,0.001813818,0
2021-10-25,1,baseline_zero,142,0.001491266,0
2021-10-26,1,baseline_zero,142,-0.00159787,0
2021-10-27,1,baseline_zero,142,-0.004808986,0
2021-10-28,1,baseline_zero,142,0.008214694,0
2021-10-29,1,baseline_zero,142,-0.002553193,0
2021-11-1,1,baseline_zero,142,0.0022344,0
2021-11-2,1,baseline_zero,142,-0.002447461,0
2021-11-3,1,baseline_zero,142,0.005206961,0
2021-11-4,1,baseline_zero,142,-0.000318016,0
2021-11-5,1,baseline_zero,142,-0.0028667,0
2021-11-8,1,baseline_zero,142,-0.000957396,0
2021-11-9,1,baseline_zero,142,0.009427537,0
2021-11-10,1,baseline_zero,142,0.003473139,0
2021-11-11,1,baseline_zero,142,-0.000525458,0
2021-11-12,1,baseline_zero,142,0.002939018,0
2021-11-15,1,baseline_zero,142,0.005331116,0
2021-11-16,1,baseline_zero,142,-0.000938722,0
2021-11-17,1,baseline_zero,142,-0.00303078,0
2021-11-18,1,baseline_zero,142,0.005115635,0
2021-11-19,1,baseline_zero,142,0.005400366,0
2021-11-22,1,baseline_zero,142,-0.000621633,0
2021-11-23,1,baseline_zero,142,0.004033723,0
2021-11-24,1,baseline_zero,142,-0.00113607,0
2021-11-25,1,baseline_zero,142,-0.007051777,0
2021-11-26,1,baseline_zero,142,0.002598349,0
2021-11-29,1,baseline_zero,142,-0.003639582,0
2021-11-30,1,baseline_zero,142,0.000416623,0
2021-12-1,1,baseline_zero,142,0.001352828,0
2021-12-2,1,baseline_zero,142,-0.00041606,0
2021-12-3,1,baseline_zero,142,0.002182386,0
2021-12-6,1,baseline_zero,142,0.000415153,0
2021-12-7,1,baseline_zero,142,-0.004993249,0
2021-12-8,1,baseline_zero,142,0.003955043,0
2021-12-9,1,baseline_zero,142,-0.001767428,0
2021-12-10,1,baseline_zero,142,0.002286666,0
2021-12-13,1,baseline_zero,142,0.002592152,0
2021-12-14,1,baseline_zero,142,-0.000621504,0
2021-12-15,1,baseline_zero,142,-0.004881859,0
2021-12-16,1,baseline_zero,142,0.005503363,0
2021-12-17,1,baseline_zero,142,-0.000207125,0
2021-12-20,1,baseline_zero,142,-0.000621633,0
2021-12-21,1,baseline_zero,142,-0.004258198,0
2021-12-22,1,baseline_zero,142,-0.000624675,0
2021-12-23,1,baseline_zero,142,0.000728749,0
2021-12-27,1,baseline_zero,142,0.001144105,0
2021-12-28,1,baseline_zero,142,-0.002810599,0
2021-12-29,1,baseline_zero,142,0.000416884,0
2021-12-30,1,baseline_zero,142,0,0
2021-12-31,1,baseline_zero,142,0.00249766,0
2022-1-3,1,baseline_zero,142,0.000519562,0
2022-1-4,1,baseline_zero,142,-0.000935405,0
2022-1-5,1,baseline_zero,142,0.001558523,0
2022-1-6,1,baseline_zero,142,-0.006248719,0
2022-1-7,1,baseline_zero,142,0.002816756,0
2021-11-12,1,baseline_zero,143,0.002939018,0
2021-11-15,1,baseline_zero,143,0.005331116,0
2021-11-16,1,baseline_zero,143,-0.000938722,0
2021-11-17,1,baseline_zero,143,-0.00303078,0
2021-11-18,1,baseline_zero,143,0.005115635,0
2021-11-19,1,baseline_zero,143,0.005400366,0
2021-11-22,1,baseline_zero,143,-0.000621633,0
2021-11-23,1,baseline_zero,143,0.004033723,0
2021-11-24,1,baseline_zero,143,-0.00113607,0
2021-11-25,1,baseline_zero,143,-0.007051777,0
2021-11-26,1,baseline_zero,143,0.002598349,0
2021-11-29,1,baseline_zero,143,-0.003639582,0
2021-11-30,1,baseline_zero,143,0.000416623,0
2021-12-1,1,baseline_zero,143,0.001352828,0
2021-12-2,1,baseline_zero,143,-0.00041606,0
2021-12-3,1,baseline_zero,143,0.002182386,0
2021-12-6,1,baseline_zero,143,0.000415153,0
2021-12-7,1,baseline_zero,143,-0.004993249,0
2021-12-8,1,baseline_zero,143,0.003955043,0
2021-12-9,1,baseline_zero,143,-0.001767428,0
2021-12-10,1,baseline_zero,143,0.002286666,0
2021-12-13,1,baseline_zero,143,0.002592152,0
2021-12-14,1,baseline_zero,143,-0.000621504,0
2021-12-15,1,baseline_zero,143,-0.004881859,0
2021-12-16,1,baseline_zero,143,0.005503363,0
2021-12-17,1,baseline_zero,143,-0.000207125,0
2021-12-20,1,baseline_zero,143,-0.000621633,0
2021-12-21,1,baseline_zero,143,-0.004258198,0
2021-12-22,1,baseline_zero,143,-0.000624675,0
2021-12-23,1,baseline_zero,143,0.000728749,0
2021-12-27,1,baseline_zero,143,0.001144105,0
2021-12-28,1,baseline_zero,143,-0.002810599,0
2021-12-29,1,baseline_zero,143,0.000416884,0
2021-12-30,1,baseline_zero,143,0,0
2021-12-31,1,baseline_zero,143,0.00249766,0
2022-1-3,1,baseline_zero,143,0.000519562,0
2022-1-4,1,baseline_zero,143,-0.000935405,0
2022-1-5,1,baseline_zero,143,0.001558523,0
2022-1-6,1,baseline_zero,143,-0.006248719,0
2022-1-7,1,baseline_zero,143,0.002816756,0
2022-1-10,1,baseline_zero,143,-0.003862016,0
2022-1-11,1,baseline_zero,143,-0.007347572,0
2022-1-12,1,baseline_zero,143,-0.001370513,0
2022-1-13,1,baseline_zero,143,0.004000848,0
2022-1-14,1,baseline_zero,143,0.000945229,0
2022-1-17,1,baseline_zero,143,0.004921734,0
2022-1-18,1,baseline_zero,143,-0.002300775,0
2022-1-19,1,baseline_zero,143,0.00240523,0
2022-1-20,1,baseline_zero,143,-0.001045041,0
2022-1-21,1,baseline_zero,143,0.002923368,0
2022-1-24,1,baseline_zero,143,0.000312712,0
2022-1-25,1,baseline_zero,143,0.004575239,0
2022-1-26,1,baseline_zero,143,0.008882521,0
2022-1-27,1,baseline_zero,143,0.000205634,0
2022-1-28,1,baseline_zero,143,-0.007533187,0
2022-1-31,1,baseline_zero,143,-0.001554968,0
2022-2-1,1,baseline_zero,143,-0.004679466,0
2022-2-2,1,baseline_zero,143,-0.005854083,0
2022-2-3,1,baseline_zero,143,0.001152617,0
2022-2-4,1,baseline_zero,143,-0.000942952,0
2021-12-10,1,baseline_zero,144,0.002286666,0
2021-12-13,1,baseline_zero,144,0.002592152,0
2021-12-14,1,baseline_zero,144,-0.000621504,0
2021-12-15,1,baseline_zero,144,-0.004881859,0
2021-12-16,1,baseline_zero,144,0.005503363,0
2021-12-17,1,baseline_zero,144,-0.000207125,0
2021-12-20,1,baseline_zero,144,-0.000621633,0
2021-12-21,1,baseline_zero,144,-0.004258198,0
2021-12-22,1,baseline_zero,144,-0.000624675,0
2021-12-23,1,baseline_zero,144,0.000728749,0
2021-12-27,1,baseline_zero,144,0.001144105,0
2021-12-28,1,baseline_zero,144,-0.002810599,0
2021-12-29,1,baseline_zero,144,0.000416884,0
2021-12-30,1,baseline_zero,144,0,0
2021-12-31,1,baseline_zero,144,0.00249766,0
2022-1-3,1,baseline_zero,144,0.000519562,0
2022-1-4,1,baseline_zero,144,-0.000935405,0
2022-1-5,1,baseline_zero,144,0.001558523,0
2022-1-6,1,baseline_zero,144,-0.006248719,0
2022-1-7,1,baseline_zero,144,0.002816756,0
2022-1-10,1,baseline_zero,144,-0.003862016,0
2022-1-11,1,baseline_zero,144,-0.007347572,0
2022-1-12,1,baseline_zero,144,-0.001370513,0
2022-1-13,1,baseline_zero,144,0.004000848,0
2022-1-14,1,baseline_zero,144,0.000945229,0
2022-1-17,1,baseline_zero,144,0.004921734,0
2022-1-18,1,baseline_zero,144,-0.002300775,0
2022-1-19,1,baseline_zero,144,0.00240523,0
2022-1-20,1,baseline_zero,144,-0.001045041,0
2022-1-21,1,baseline_zero,144,0.002923368,0
2022-1-24,1,baseline_zero,144,0.000312712,0
2022-1-25,1,baseline_zero,144,0.004575239,0
2022-1-26,1,baseline_zero,144,0.008882521,0
2022-1-27,1,baseline_zero,144,0.000205634,0
2022-1-28,1,baseline_zero,144,-0.007533187,0
2022-1-31,1,baseline_zero,144,-0.001554968,0
2022-2-1,1,baseline_zero,144,-0.004679466,0
2022-2-2,1,baseline_zero,144,-0.005854083,0
2022-2-3,1,baseline_zero,144,0.001152617,0
2022-2-4,1,baseline_zero,144,-0.000942952,0
2022-2-7,1,baseline_zero,144,0.002512564,0
2022-2-8,1,baseline_zero,144,-0.001569613,0
2022-2-9,1,baseline_zero,144,0.000628141,0
2022-2-10,1,baseline_zero,144,0.005531507,0
2022-2-11,1,baseline_zero,144,0.003013772,0
2022-2-14,1,baseline_zero,144,-0.00395093,0
2022-2-15,1,baseline_zero,144,-0.003025721,0
2022-2-16,1,baseline_zero,144,0.001044387,0
2022-2-17,1,baseline_zero,144,0.002502086,0
2022-2-18,1,baseline_zero,144,0.000416406,0
2022-2-21,1,baseline_zero,144,-0.000520535,0
2022-2-22,1,baseline_zero,144,0.00166476,0
2022-2-23,1,baseline_zero,144,0.009827835,0
2022-2-24,1,baseline_zero,144,-0.005470981,0
2022-2-25,1,baseline_zero,144,0.001034554,0
2022-2-28,1,baseline_zero,144,0.007212065,0
2022-3-1,1,baseline_zero,144,-0.000205339,0
2022-3-2,1,baseline_zero,144,0.004098786,0
2022-3-3,1,baseline_zero,144,0.00875591,0
2022-3-4,1,baseline_zero,144,0.006466629,0
2022-1-10,1,baseline_zero,145,-0.003862016,0
2022-1-11,1,baseline_zero,145,-0.007347572,0
2022-1-12,1,baseline_zero,145,-0.001370513,0
2022-1-13,1,baseline_zero,145,0.004000848,0
2022-1-14,1,baseline_zero,145,0.000945229,0
2022-1-17,1,baseline_zero,145,0.004921734,0
2022-1-18,1,baseline_zero,145,-0.002300775,0
2022-1-19,1,baseline_zero,145,0.00240523,0
2022-1-20,1,baseline_zero,145,-0.001045041,0
2022-1-21,1,baseline_zero,145,0.002923368,0
2022-1-24,1,baseline_zero,145,0.000312712,0
2022-1-25,1,baseline_zero,145,0.004575239,0
2022-1-26,1,baseline_zero,145,0.008882521,0
2022-1-27,1,baseline_zero,145,0.000205634,0
2022-1-28,1,baseline_zero,145,-0.007533187,0
2022-1-31,1,baseline_zero,145,-0.001554968,0
2022-2-1,1,baseline_zero,145,-0.004679466,0
2022-2-2,1,baseline_zero,145,-0.005854083,0
2022-2-3,1,baseline_zero,145,0.001152617,0
2022-2-4,1,baseline_zero,145,-0.000942952,0
2022-2-7,1,baseline_zero,145,0.002512564,0
2022-2-8,1,baseline_zero,145,-0.001569613,0
2022-2-9,1,baseline_zero,145,0.000628141,0
2022-2-10,1,baseline_zero,145,0.005531507,0
2022-2-11,1,baseline_zero,145,0.003013772,0
2022-2-14,1,baseline_zero,145,-0.00395093,0
2022-2-15,1,baseline_zero,145,-0.003025721,0
2022-2-16,1,baseline_zero,145,0.001044387,0
2022-2-17,1,baseline_zero,145,0.002502086,0
2022-2-18,1,baseline_zero,145,0.000416406,0
2022-2-21,1,baseline_zero,145,-0.000520535,0
2022-2-22,1,baseline_zero,145,0.00166476,0
2022-2-23,1,baseline_zero,145,0.009827835,0
2022-2-24,1,baseline_zero,145,-0.005470981,0
2022-2-25,1,baseline_zero,145,0.001034554,0
2022-2-28,1,baseline_zero,145,0.007212065,0
2022-3-1,1,baseline_zero,145,-0.000205339,0
2022-3-2,1,baseline_zero,145,0.004098786,0
2022-3-3,1,baseline_zero,145,0.00875591,0
2022-3-4,1,baseline_zero,145,0.006466629,0
2022-3-7,1,baseline_zero,145,-0.002319134,0
2022-3-8,1,baseline_zero,145,-0.011064418,0
2022-3-9,1,baseline_zero,145,0.005496757,0
2022-3-10,1,baseline_zero,145,0.006173171,0
2022-3-11,1,baseline_zero,145,-0.001211387,0
2022-3-14,1,baseline_zero,145,0.001009591,0
2022-3-15,1,baseline_zero,145,-0.004855361,0
2022-3-16,1,baseline_zero,145,-0.006612771,0
2022-3-17,1,baseline_zero,145,0.002650358,0
2022-3-18,1,baseline_zero,145,0.00274488,0
2022-3-21,1,baseline_zero,145,-0.000101528,0
2022-3-22,1,baseline_zero,145,0.001319061,0
2022-3-23,1,baseline_zero,145,0.001722304,0
2022-3-24,1,baseline_zero,145,0,0
2022-3-25,1,baseline_zero,145,0.003032143,0
2022-3-28,1,baseline_zero,145,-0.006987724,0
2022-3-29,1,baseline_zero,145,-0.006218482,0
2022-3-30,1,baseline_zero,145,0.005303429,0
2022-3-31,1,baseline_zero,145,0.003249724,0
2022-4-1,1,baseline_zero,145,0.003744375,0
2022-2-7,1,baseline_zero,146,0.002512564,0
2022-2-8,1,baseline_zero,146,-0.001569613,0
2022-2-9,1,baseline_zero,146,0.000628141,0
2022-2-10,1,baseline_zero,146,0.005531507,0
2022-2-11,1,baseline_zero,146,0.003013772,0
2022-2-14,1,baseline_zero,146,-0.00395093,0
2022-2-15,1,baseline_zero,146,-0.003025721,0
2022-2-16,1,baseline_zero,146,0.001044387,0
2022-2-17,1,baseline_zero,146,0.002502086,0
2022-2-18,1,baseline_zero,146,0.000416406,0
2022-2-21,1,baseline_zero,146,-0.000520535,0
2022-2-22,1,baseline_zero,146,0.00166476,0
2022-2-23,1,baseline_zero,146,0.009827835,0
2022-2-24,1,baseline_zero,146,-0.005470981,0
2022-2-25,1,baseline_zero,146,0.001034554,0
2022-2-28,1,baseline_zero,146,0.007212065,0
2022-3-1,1,baseline_zero,146,-0.000205339,0
2022-3-2,1,baseline_zero,146,0.004098786,0
2022-3-3,1,baseline_zero,146,0.00875591,0
2022-3-4,1,baseline_zero,146,0.006466629,0
2022-3-7,1,baseline_zero,146,-0.002319134,0
2022-3-8,1,baseline_zero,146,-0.011064418,0
2022-3-9,1,baseline_zero,146,0.005496757,0
2022-3-10,1,baseline_zero,146,0.006173171,0
2022-3-11,1,baseline_zero,146,-0.001211387,0
2022-3-14,1,baseline_zero,146,0.001009591,0
2022-3-15,1,baseline_zero,146,-0.004855361,0
2022-3-16,1,baseline_zero,146,-0.006612771,0
2022-3-17,1,baseline_zero,146,0.002650358,0
2022-3-18,1,baseline_zero,146,0.00274488,0
2022-3-21,1,baseline_zero,146,-0.000101528,0
2022-3-22,1,baseline_zero,146,0.001319061,0
2022-3-23,1,baseline_zero,146,0.001722304,0
2022-3-24,1,baseline_zero,146,0,0
2022-3-25,1,baseline_zero,146,0.003032143,0
2022-3-28,1,baseline_zero,146,-0.006987724,0
2022-3-29,1,baseline_zero,146,-0.006218482,0
2022-3-30,1,baseline_zero,146,0.005303429,0
2022-3-31,1,baseline_zero,146,0.003249724,0
2022-4-1,1,baseline_zero,146,0.003744375,0
2022-4-4,1,baseline_zero,146,0.004736241,0
2022-4-5,1,baseline_zero,146,0.001306073,0
2022-4-6,1,baseline_zero,146,0.001504891,0
2022-4-7,1,baseline_zero,146,0.000501128,0
2022-4-8,1,baseline_zero,146,0.001301758,0
2022-4-11,1,baseline_zero,146,0.003596048,0
2022-4-12,1,baseline_zero,146,-0.004096524,0
2022-4-13,1,baseline_zero,146,0.004395611,0
2022-4-14,1,baseline_zero,146,0,0
2022-4-15,1,baseline_zero,146,0.004574846,0
2022-4-18,1,baseline_zero,146,0.001784476,0
2022-4-19,1,baseline_zero,146,-0.005661798,0
2022-4-20,1,baseline_zero,146,0.00189083,0
2022-4-21,1,baseline_zero,146,0.006342935,0
2022-4-22,1,baseline_zero,146,0.005222459,0
2022-4-25,1,baseline_zero,146,0.005390849,0
2022-4-26,1,baseline_zero,146,0.006333761,0
2022-4-27,1,baseline_zero,146,0.006486928,0
2022-4-28,1,baseline_zero,146,-0.006389798,0
2022-4-29,1,baseline_zero,146,0.007547206,0
2022-3-7,1,baseline_zero,147,-0.002319134,0
2022-3-8,1,baseline_zero,147,-0.011064418,0
2022-3-9,1,baseline_zero,147,0.005496757,0
2022-3-10,1,baseline_zero,147,0.006173171,0
2022-3-11,1,baseline_zero,147,-0.001211387,0
2022-3-14,1,baseline_zero,147,0.001009591,0
2022-3-15,1,baseline_zero,147,-0.004855361,0
2022-3-16,1,baseline_zero,147,-0.006612771,0
2022-3-17,1,baseline_zero,147,0.002650358,0
2022-3-18,1,baseline_zero,147,0.00274488,0
2022-3-21,1,baseline_zero,147,-0.000101528,0
2022-3-22,1,baseline_zero,147,0.001319061,0
2022-3-23,1,baseline_zero,147,0.001722304,0
2022-3-24,1,baseline_zero,147,0,0
2022-3-25,1,baseline_zero,147,0.003032143,0
2022-3-28,1,baseline_zero,147,-0.006987724,0
2022-3-29,1,baseline_zero,147,-0.006218482,0
2022-3-30,1,baseline_zero,147,0.005303429,0
2022-3-31,1,baseline_zero,147,0.003249724,0
2022-4-1,1,baseline_zero,147,0.003744375,0
2022-4-4,1,baseline_zero,147,0.004736241,0
2022-4-5,1,baseline_zero,147,0.001306073,0
2022-4-6,1,baseline_zero,147,0.001504891,0
2022-4-7,1,baseline_zero,147,0.000501128,0
2022-4-8,1,baseline_zero,147,0.001301758,0
2022-4-11,1,baseline_zero,147,0.003596048,0
2022-4-12,1,baseline_zero,147,-0.004096524,0
2022-4-13,1,baseline_zero,147,0.004395611,0
2022-4-14,1,baseline_zero,147,0,0
2022-4-15,1,baseline_zero,147,0.004574846,0
2022-4-18,1,baseline_zero,147,0.001784476,0
2022-4-19,1,baseline_zero,147,-0.005661798,0
2022-4-20,1,baseline_zero,147,0.00189083,0
2022-4-21,1,baseline_zero,147,0.006342935,0
2022-4-22,1,baseline_zero,147,0.005222459,0
2022-4-25,1,baseline_zero,147,0.005390849,0
2022-4-26,1,baseline_zero,147,0.006333761,0
2022-4-27,1,baseline_zero,147,0.006486928,0
2022-4-28,1,baseline_zero,147,-0.006389798,0
2022-4-29,1,baseline_zero,147,0.007547206,0
2022-5-2,1,baseline_zero,147,-0.002702704,0
2022-5-3,1,baseline_zero,147,-0.008444602,0
2022-5-4,1,baseline_zero,147,0.011243697,0
2022-5-5,1,baseline_zero,147,-0.000867846,0
2022-5-6,1,baseline_zero,147,-9.65E-05,0
2022-5-9,1,baseline_zero,147,0.002601533,0
2022-5-10,1,baseline_zero,147,-0.000673822,0
2022-5-11,1,baseline_zero,147,0.009583207,0
2022-5-12,1,baseline_zero,147,-0.002769688,0
2022-5-13,1,baseline_zero,147,-0.003544914,0
2022-5-16,1,baseline_zero,147,-0.007998115,0
2022-5-17,1,baseline_zero,147,0.004344265,0
2022-5-18,1,baseline_zero,147,-0.010555465,0
2022-5-19,1,baseline_zero,147,0.0041774,0
2022-5-20,1,baseline_zero,147,-0.01042742,0
2022-5-23,1,baseline_zero,147,-0.002157498,0
2022-5-24,1,baseline_zero,147,0.001961554,0
2022-5-25,1,baseline_zero,147,-0.002256119,0
2022-5-26,1,baseline_zero,147,-0.001572482,0
2022-5-27,1,baseline_zero,147,0,0
2022-4-4,1,baseline_zero,148,0.004736241,0
2022-4-5,1,baseline_zero,148,0.001306073,0
2022-4-6,1,baseline_zero,148,0.001504891,0
2022-4-7,1,baseline_zero,148,0.000501128,0
2022-4-8,1,baseline_zero,148,0.001301758,0
2022-4-11,1,baseline_zero,148,0.003596048,0
2022-4-12,1,baseline_zero,148,-0.004096524,0
2022-4-13,1,baseline_zero,148,0.004395611,0
2022-4-14,1,baseline_zero,148,0,0
2022-4-15,1,baseline_zero,148,0.004574846,0
2022-4-18,1,baseline_zero,148,0.001784476,0
2022-4-19,1,baseline_zero,148,-0.005661798,0
2022-4-20,1,baseline_zero,148,0.00189083,0
2022-4-21,1,baseline_zero,148,0.006342935,0
2022-4-22,1,baseline_zero,148,0.005222459,0
2022-4-25,1,baseline_zero,148,0.005390849,0
2022-4-26,1,baseline_zero,148,0.006333761,0
2022-4-27,1,baseline_zero,148,0.006486928,0
2022-4-28,1,baseline_zero,148,-0.006389798,0
2022-4-29,1,baseline_zero,148,0.007547206,0
2022-5-2,1,baseline_zero,148,-0.002702704,0
2022-5-3,1,baseline_zero,148,-0.008444602,0
2022-5-4,1,baseline_zero,148,0.011243697,0
2022-5-5,1,baseline_zero,148,-0.000867846,0
2022-5-6,1,baseline_zero,148,-9.65E-05,0
2022-5-9,1,baseline_zero,148,0.002601533,0
2022-5-10,1,baseline_zero,148,-0.000673822,0
2022-5-11,1,baseline_zero,148,0.009583207,0
2022-5-12,1,baseline_zero,148,-0.002769688,0
2022-5-13,1,baseline_zero,148,-0.003544914,0
2022-5-16,1,baseline_zero,148,-0.007998115,0
2022-5-17,1,baseline_zero,148,0.004344265,0
2022-5-18,1,baseline_zero,148,-0.010555465,0
2022-5-19,1,baseline_zero,148,0.0041774,0
2022-5-20,1,baseline_zero,148,-0.01042742,0
2022-5-23,1,baseline_zero,148,-0.002157498,0
2022-5-24,1,baseline_zero,148,0.001961554,0
2022-5-25,1,baseline_zero,148,-0.002256119,0
2022-5-26,1,baseline_zero,148,-0.001572482,0
2022-5-27,1,baseline_zero,148,0,0
2022-5-30,1,baseline_zero,148,0.00078655,0
2022-5-31,1,baseline_zero,148,0.007343974,0
2022-6-1,1,baseline_zero,148,-0.00665625,0
2022-6-2,1,baseline_zero,148,0.003137873,0
2022-6-3,1,baseline_zero,148,0.00293284,0
2022-6-6,1,baseline_zero,148,-0.001172104,0
2022-6-7,1,baseline_zero,148,0.002147809,0
2022-6-8,1,baseline_zero,148,0.006609666,0
2022-6-9,1,baseline_zero,148,0.008969535,0
2022-6-10,1,baseline_zero,148,0.008889797,0
2022-6-13,1,baseline_zero,148,0.004178544,0
2022-6-14,1,baseline_zero,148,-0.003417509,0
2022-6-15,1,baseline_zero,148,-0.014656137,0
2022-6-16,1,baseline_zero,148,0.010272255,0
2022-6-17,1,baseline_zero,148,0,0
2022-6-20,1,baseline_zero,148,-0.002582127,0
2022-6-21,1,baseline_zero,148,-0.002204861,0
2022-6-22,1,baseline_zero,148,0.002204861,0
2022-6-23,1,baseline_zero,148,-0.002396818,0
2022-6-24,1,baseline_zero,148,-0.002306363,0
2022-5-2,1,baseline_zero,149,-0.002702704,0
2022-5-3,1,baseline_zero,149,-0.008444602,0
2022-5-4,1,baseline_zero,149,0.011243697,0
2022-5-5,1,baseline_zero,149,-0.000867846,0
2022-5-6,1,baseline_zero,149,-9.65E-05,0
2022-5-9,1,baseline_zero,149,0.002601533,0
2022-5-10,1,baseline_zero,149,-0.000673822,0
2022-5-11,1,baseline_zero,149,0.009583207,0
2022-5-12,1,baseline_zero,149,-0.002769688,0
2022-5-13,1,baseline_zero,149,-0.003544914,0
2022-5-16,1,baseline_zero,149,-0.007998115,0
2022-5-17,1,baseline_zero,149,0.004344265,0
2022-5-18,1,baseline_zero,149,-0.010555465,0
2022-5-19,1,baseline_zero,149,0.0041774,0
2022-5-20,1,baseline_zero,149,-0.01042742,0
2022-5-23,1,baseline_zero,149,-0.002157498,0
2022-5-24,1,baseline_zero,149,0.001961554,0
2022-5-25,1,baseline_zero,149,-0.002256119,0
2022-5-26,1,baseline_zero,149,-0.001572482,0
2022-5-27,1,baseline_zero,149,0,0
2022-5-30,1,baseline_zero,149,0.00078655,0
2022-5-31,1,baseline_zero,149,0.007343974,0
2022-6-1,1,baseline_zero,149,-0.00665625,0
2022-6-2,1,baseline_zero,149,0.003137873,0
2022-6-3,1,baseline_zero,149,0.00293284,0
2022-6-6,1,baseline_zero,149,-0.001172104,0
2022-6-7,1,baseline_zero,149,0.002147809,0
2022-6-8,1,baseline_zero,149,0.006609666,0
2022-6-9,1,baseline_zero,149,0.008969535,0
2022-6-10,1,baseline_zero,149,0.008889797,0
2022-6-13,1,baseline_zero,149,0.004178544,0
2022-6-14,1,baseline_zero,149,-0.003417509,0
2022-6-15,1,baseline_zero,149,-0.014656137,0
2022-6-16,1,baseline_zero,149,0.010272255,0
2022-6-17,1,baseline_zero,149,0,0
2022-6-20,1,baseline_zero,149,-0.002582127,0
2022-6-21,1,baseline_zero,149,-0.002204861,0
2022-6-22,1,baseline_zero,149,0.002204861,0
2022-6-23,1,baseline_zero,149,-0.002396818,0
2022-6-24,1,baseline_zero,149,-0.002306363,0
2022-6-27,1,baseline_zero,149,0.005468951,0
2022-6-28,1,baseline_zero,149,0.00572466,0
2022-6-29,1,baseline_zero,149,-0.004099343,0
2022-6-30,1,baseline_zero,149,0.004384718,0
2022-7-1,1,baseline_zero,149,0,0
2022-7-4,1,baseline_zero,149,0.013227706,0
2022-7-5,1,baseline_zero,149,0.005242476,0
2022-7-6,1,baseline_zero,149,0.000280073,0
2022-7-7,1,baseline_zero,149,-0.001120762,0
2022-7-8,1,baseline_zero,149,0.009394107,0
2022-7-11,1,baseline_zero,149,0.00046277,0
2022-7-12,1,baseline_zero,149,-0.001018377,0
2022-7-13,1,baseline_zero,149,0.00535798,0
2022-7-14,1,baseline_zero,149,-0.00443214,0
2022-7-15,1,baseline_zero,149,-0.006405815,0
2022-7-18,1,baseline_zero,149,-0.006447114,0
2022-7-19,1,baseline_zero,149,0.003742519,0
2022-7-20,1,baseline_zero,149,-0.00158886,0
2022-7-21,1,baseline_zero,149,-0.001685078,0
2022-7-22,1,baseline_zero,149,-0.002345107,0
2022-5-30,1,baseline_zero,150,0.00078655,0
2022-5-31,1,baseline_zero,150,0.007343974,0
2022-6-1,1,baseline_zero,150,-0.00665625,0
2022-6-2,1,baseline_zero,150,0.003137873,0
2022-6-3,1,baseline_zero,150,0.00293284,0
2022-6-6,1,baseline_zero,150,-0.001172104,0
2022-6-7,1,baseline_zero,150,0.002147809,0
2022-6-8,1,baseline_zero,150,0.006609666,0
2022-6-9,1,baseline_zero,150,0.008969535,0
2022-6-10,1,baseline_zero,150,0.008889797,0
2022-6-13,1,baseline_zero,150,0.004178544,0
2022-6-14,1,baseline_zero,150,-0.003417509,0
2022-6-15,1,baseline_zero,150,-0.014656137,0
2022-6-16,1,baseline_zero,150,0.010272255,0
2022-6-17,1,baseline_zero,150,0,0
2022-6-20,1,baseline_zero,150,-0.002582127,0
2022-6-21,1,baseline_zero,150,-0.002204861,0
2022-6-22,1,baseline_zero,150,0.002204861,0
2022-6-23,1,baseline_zero,150,-0.002396818,0
2022-6-24,1,baseline_zero,150,-0.002306363,0
2022-6-27,1,baseline_zero,150,0.005468951,0
2022-6-28,1,baseline_zero,150,0.00572466,0
2022-6-29,1,baseline_zero,150,-0.004099343,0
2022-6-30,1,baseline_zero,150,0.004384718,0
2022-7-1,1,baseline_zero,150,0,0
2022-7-4,1,baseline_zero,150,0.013227706,0
2022-7-5,1,baseline_zero,150,0.005242476,0
2022-7-6,1,baseline_zero,150,0.000280073,0
2022-7-7,1,baseline_zero,150,-0.001120762,0
2022-7-8,1,baseline_zero,150,0.009394107,0
2022-7-11,1,baseline_zero,150,0.00046277,0
2022-7-12,1,baseline_zero,150,-0.001018377,0
2022-7-13,1,baseline_zero,150,0.00535798,0
2022-7-14,1,baseline_zero,150,-0.00443214,0
2022-7-15,1,baseline_zero,150,-0.006405815,0
2022-7-18,1,baseline_zero,150,-0.006447114,0
2022-7-19,1,baseline_zero,150,0.003742519,0
2022-7-20,1,baseline_zero,150,-0.00158886,0
2022-7-21,1,baseline_zero,150,-0.001685078,0
2022-7-22,1,baseline_zero,150,-0.002345107,0
2022-7-25,1,baseline_zero,150,0.006645787,0
2022-7-26,1,baseline_zero,150,-0.006927569,0
2022-7-27,1,baseline_zero,150,-0.00093985,0
2022-7-28,1,baseline_zero,150,-0.004240289,0
2022-7-29,1,baseline_zero,150,-0.004258346,0
2022-8-1,1,baseline_zero,150,0.007463779,0
2022-8-2,1,baseline_zero,150,0.002538192,0
2022-8-3,1,baseline_zero,150,-0.007728596,0
2022-8-4,1,baseline_zero,150,0.00876083,0
2022-8-5,1,baseline_zero,150,-0.001783619,0
2022-8-8,1,baseline_zero,150,-0.00056391,0
2022-8-9,1,baseline_zero,150,-0.011060282,0
2022-8-10,1,baseline_zero,150,-0.001046174,0
2022-8-11,1,baseline_zero,150,0.005125296,0
2022-8-12,1,baseline_zero,150,0.008671937,0
2022-8-15,1,baseline_zero,150,-0.000469373,0
2022-8-16,1,baseline_zero,150,0.000657061,0
2022-8-17,1,baseline_zero,150,0.008502738,0
2022-8-18,1,baseline_zero,150,0.00639928,0
2022-8-19,1,baseline_zero,150,0.008102429,0
2022-6-27,1,baseline_zero,151,0.005468951,0
2022-6-28,1,baseline_zero,151,0.00572466,0
2022-6-29,1,baseline_zero,151,-0.004099343,0
2022-6-30,1,baseline_zero,151,0.004384718,0
2022-7-1,1,baseline_zero,151,0,0
2022-7-4,1,baseline_zero,151,0.013227706,0
2022-7-5,1,baseline_zero,151,0.005242476,0
2022-7-6,1,baseline_zero,151,0.000280073,0
2022-7-7,1,baseline_zero,151,-0.001120762,0
2022-7-8,1,baseline_zero,151,0.009394107,0
2022-7-11,1,baseline_zero,151,0.00046277,0
2022-7-12,1,baseline_zero,151,-0.001018377,0
2022-7-13,1,baseline_zero,151,0.00535798,0
2022-7-14,1,baseline_zero,151,-0.00443214,0
2022-7-15,1,baseline_zero,151,-0.006405815,0
2022-7-18,1,baseline_zero,151,-0.006447114,0
2022-7-19,1,baseline_zero,151,0.003742519,0
2022-7-20,1,baseline_zero,151,-0.00158886,0
2022-7-21,1,baseline_zero,151,-0.001685078,0
2022-7-22,1,baseline_zero,151,-0.002345107,0
2022-7-25,1,baseline_zero,151,0.006645787,0
2022-7-26,1,baseline_zero,151,-0.006927569,0
2022-7-27,1,baseline_zero,151,-0.00093985,0
2022-7-28,1,baseline_zero,151,-0.004240289,0
2022-7-29,1,baseline_zero,151,-0.004258346,0
2022-8-1,1,baseline_zero,151,0.007463779,0
2022-8-2,1,baseline_zero,151,0.002538192,0
2022-8-3,1,baseline_zero,151,-0.007728596,0
2022-8-4,1,baseline_zero,151,0.00876083,0
2022-8-5,1,baseline_zero,151,-0.001783619,0
2022-8-8,1,baseline_zero,151,-0.00056391,0
2022-8-9,1,baseline_zero,151,-0.011060282,0
2022-8-10,1,baseline_zero,151,-0.001046174,0
2022-8-11,1,baseline_zero,151,0.005125296,0
2022-8-12,1,baseline_zero,151,0.008671937,0
2022-8-15,1,baseline_zero,151,-0.000469373,0
2022-8-16,1,baseline_zero,151,0.000657061,0
2022-8-17,1,baseline_zero,151,0.008502738,0
2022-8-18,1,baseline_zero,151,0.00639928,0
2022-8-19,1,baseline_zero,151,0.008102429,0
2022-8-22,1,baseline_zero,151,-0.00395094,0
2022-8-23,1,baseline_zero,151,0.000552232,0
2022-8-24,1,baseline_zero,151,-0.001934148,0
2022-8-25,1,baseline_zero,151,0.003037697,0
2022-8-26,1,baseline_zero,151,0.000275697,0
2022-8-29,1,baseline_zero,151,-0.000551471,0
2022-8-30,1,baseline_zero,151,-0.000643767,0
2022-8-31,1,baseline_zero,151,0.009066411,0
2022-9-1,1,baseline_zero,151,-0.001459721,0
2022-9-2,1,baseline_zero,151,0.002735231,0
2022-9-5,1,baseline_zero,151,0.003453921,0
2022-9-6,1,baseline_zero,151,-0.003362875,0
2022-9-7,1,baseline_zero,151,-0.001184241,0
2022-9-8,1,baseline_zero,151,-0.006492639,0
2022-9-9,1,baseline_zero,151,-0.006165758,0
2022-9-12,1,baseline_zero,151,0.013660538,0
2022-9-13,1,baseline_zero,151,-0.001457992,0
2022-9-14,1,baseline_zero,151,0.000729262,0
2022-9-15,1,baseline_zero,151,0.000182232,0
2022-9-16,1,baseline_zero,151,-0.000182232,0
2022-7-25,1,baseline_zero,152,0.006645787,0
2022-7-26,1,baseline_zero,152,-0.006927569,0
2022-7-27,1,baseline_zero,152,-0.00093985,0
2022-7-28,1,baseline_zero,152,-0.004240289,0
2022-7-29,1,baseline_zero,152,-0.004258346,0
2022-8-1,1,baseline_zero,152,0.007463779,0
2022-8-2,1,baseline_zero,152,0.002538192,0
2022-8-3,1,baseline_zero,152,-0.007728596,0
2022-8-4,1,baseline_zero,152,0.00876083,0
2022-8-5,1,baseline_zero,152,-0.001783619,0
2022-8-8,1,baseline_zero,152,-0.00056391,0
2022-8-9,1,baseline_zero,152,-0.011060282,0
2022-8-10,1,baseline_zero,152,-0.001046174,0
2022-8-11,1,baseline_zero,152,0.005125296,0
2022-8-12,1,baseline_zero,152,0.008671937,0
2022-8-15,1,baseline_zero,152,-0.000469373,0
2022-8-16,1,baseline_zero,152,0.000657061,0
2022-8-17,1,baseline_zero,152,0.008502738,0
2022-8-18,1,baseline_zero,152,0.00639928,0
2022-8-19,1,baseline_zero,152,0.008102429,0
2022-8-22,1,baseline_zero,152,-0.00395094,0
2022-8-23,1,baseline_zero,152,0.000552232,0
2022-8-24,1,baseline_zero,152,-0.001934148,0
2022-8-25,1,baseline_zero,152,0.003037697,0
2022-8-26,1,baseline_zero,152,0.000275697,0
2022-8-29,1,baseline_zero,152,-0.000551471,0
2022-8-30,1,baseline_zero,152,-0.000643767,0
2022-8-31,1,baseline_zero,152,0.009066411,0
2022-9-1,1,baseline_zero,152,-0.001459721,0
2022-9-2,1,baseline_zero,152,0.002735231,0
2022-9-5,1,baseline_zero,152,0.003453921,0
2022-9-6,1,baseline_zero,152,-0.003362875,0
2022-9-7,1,baseline_zero,152,-0.001184241,0
2022-9-8,1,baseline_zero,152,-0.006492639,0
2022-9-9,1,baseline_zero,152,-0.006165758,0
2022-9-12,1,baseline_zero,152,0.013660538,0
2022-9-13,1,baseline_zero,152,-0.001457992,0
2022-9-14,1,baseline_zero,152,0.000729262,0
2022-9-15,1,baseline_zero,152,0.000182232,0
2022-9-16,1,baseline_zero,152,-0.000182232,0
2022-9-19,1,baseline_zero,152,0.004273705,0
2022-9-20,1,baseline_zero,152,0.003894051,0
2022-9-21,1,baseline_zero,152,0.006396706,0
2022-9-22,1,baseline_zero,152,0.016389429,0
2022-9-23,1,baseline_zero,152,0.008007434,0
2022-9-26,1,baseline_zero,152,8.76E-05,0
2022-9-27,1,baseline_zero,152,-0.01332118,0
2022-9-28,1,baseline_zero,152,-0.003113189,0
2022-9-29,1,baseline_zero,152,-0.0011588,0
2022-9-30,1,baseline_zero,152,-0.003305493,0
2022-10-3,1,baseline_zero,152,-0.015147706,0
2022-10-4,1,baseline_zero,152,0.009044106,0
2022-10-5,1,baseline_zero,152,0.010656976,0
2022-10-6,1,baseline_zero,152,0.004710073,0
2022-10-7,1,baseline_zero,152,0.003098307,0
2022-10-10,1,baseline_zero,152,0.000706839,0
2022-10-11,1,baseline_zero,152,0.000882846,0
2022-10-12,1,baseline_zero,152,-0.008507673,0
2022-10-13,1,baseline_zero,152,0.008419423,0
2022-10-14,1,baseline_zero,152,-0.011271475,0
2022-8-22,1,baseline_zero,153,-0.00395094,0
2022-8-23,1,baseline_zero,153,0.000552232,0
2022-8-24,1,baseline_zero,153,-0.001934148,0
2022-8-25,1,baseline_zero,153,0.003037697,0
2022-8-26,1,baseline_zero,153,0.000275697,0
2022-8-29,1,baseline_zero,153,-0.000551471,0
2022-8-30,1,baseline_zero,153,-0.000643767,0
2022-8-31,1,baseline_zero,153,0.009066411,0
2022-9-1,1,baseline_zero,153,-0.001459721,0
2022-9-2,1,baseline_zero,153,0.002735231,0
2022-9-5,1,baseline_zero,153,0.003453921,0
2022-9-6,1,baseline_zero,153,-0.003362875,0
2022-9-7,1,baseline_zero,153,-0.001184241,0
2022-9-8,1,baseline_zero,153,-0.006492639,0
2022-9-9,1,baseline_zero,153,-0.006165758,0
2022-9-12,1,baseline_zero,153,0.013660538,0
2022-9-13,1,baseline_zero,153,-0.001457992,0
2022-9-14,1,baseline_zero,153,0.000729262,0
2022-9-15,1,baseline_zero,153,0.000182232,0
2022-9-16,1,baseline_zero,153,-0.000182232,0
2022-9-19,1,baseline_zero,153,0.004273705,0
2022-9-20,1,baseline_zero,153,0.003894051,0
2022-9-21,1,baseline_zero,153,0.006396706,0
2022-9-22,1,baseline_zero,153,0.016389429,0
2022-9-23,1,baseline_zero,153,0.008007434,0
2022-9-26,1,baseline_zero,153,8.76E-05,0
2022-9-27,1,baseline_zero,153,-0.01332118,0
2022-9-28,1,baseline_zero,153,-0.003113189,0
2022-9-29,1,baseline_zero,153,-0.0011588,0
2022-9-30,1,baseline_zero,153,-0.003305493,0
2022-10-3,1,baseline_zero,153,-0.015147706,0
2022-10-4,1,baseline_zero,153,0.009044106,0
2022-10-5,1,baseline_zero,153,0.010656976,0
2022-10-6,1,baseline_zero,153,0.004710073,0
2022-10-7,1,baseline_zero,153,0.003098307,0
2022-10-10,1,baseline_zero,153,0.000706839,0
2022-10-11,1,baseline_zero,153,0.000882846,0
2022-10-12,1,baseline_zero,153,-0.008507673,0
2022-10-13,1,baseline_zero,153,0.008419423,0
2022-10-14,1,baseline_zero,153,-0.011271475,0
2022-10-17,1,baseline_zero,153,0.000802962,0
2022-10-18,1,baseline_zero,153,0.007551899,0
2022-10-19,1,baseline_zero,153,-0.000885504,0
2022-10-20,1,baseline_zero,153,-0.007737155,0
2022-10-21,1,baseline_zero,153,-0.000178571,0
2022-10-24,1,baseline_zero,153,-0.009329932,0
2022-10-25,1,baseline_zero,153,-0.011330282,0
2022-10-26,1,baseline_zero,153,0.008080302,0
2022-10-27,1,baseline_zero,153,0.00144574,0
2022-10-28,1,baseline_zero,153,0.007018204,0
2022-10-31,1,baseline_zero,153,-0.00044841,0
2022-11-1,1,baseline_zero,153,-0.001166809,0
2022-11-2,1,baseline_zero,153,0.014089764,0
2022-11-3,1,baseline_zero,153,-0.018319622,0
2022-11-4,1,baseline_zero,153,-0.006877855,0
2022-11-7,1,baseline_zero,153,-0.004368409,0
2022-11-8,1,baseline_zero,153,0.008265636,0
2022-11-9,1,baseline_zero,153,-0.021394124,0
2022-11-10,1,baseline_zero,153,-0.017902576,0
2022-11-11,1,baseline_zero,153,0.003474998,0
2022-9-19,1,baseline_zero,154,0.004273705,0
2022-9-20,1,baseline_zero,154,0.003894051,0
2022-9-21,1,baseline_zero,154,0.006396706,0
2022-9-22,1,baseline_zero,154,0.016389429,0
2022-9-23,1,baseline_zero,154,0.008007434,0
2022-9-26,1,baseline_zero,154,8.76E-05,0
2022-9-27,1,baseline_zero,154,-0.01332118,0
2022-9-28,1,baseline_zero,154,-0.003113189,0
2022-9-29,1,baseline_zero,154,-0.0011588,0
2022-9-30,1,baseline_zero,154,-0.003305493,0
2022-10-3,1,baseline_zero,154,-0.015147706,0
2022-10-4,1,baseline_zero,154,0.009044106,0
2022-10-5,1,baseline_zero,154,0.010656976,0
2022-10-6,1,baseline_zero,154,0.004710073,0
2022-10-7,1,baseline_zero,154,0.003098307,0
2022-10-10,1,baseline_zero,154,0.000706839,0
2022-10-11,1,baseline_zero,154,0.000882846,0
2022-10-12,1,baseline_zero,154,-0.008507673,0
2022-10-13,1,baseline_zero,154,0.008419423,0
2022-10-14,1,baseline_zero,154,-0.011271475,0
2022-10-17,1,baseline_zero,154,0.000802962,0
2022-10-18,1,baseline_zero,154,0.007551899,0
2022-10-19,1,baseline_zero,154,-0.000885504,0
2022-10-20,1,baseline_zero,154,-0.007737155,0
2022-10-21,1,baseline_zero,154,-0.000178571,0
2022-10-24,1,baseline_zero,154,-0.009329932,0
2022-10-25,1,baseline_zero,154,-0.011330282,0
2022-10-26,1,baseline_zero,154,0.008080302,0
2022-10-27,1,baseline_zero,154,0.00144574,0
2022-10-28,1,baseline_zero,154,0.007018204,0
2022-10-31,1,baseline_zero,154,-0.00044841,0
2022-11-1,1,baseline_zero,154,-0.001166809,0
2022-11-2,1,baseline_zero,154,0.014089764,0
2022-11-3,1,baseline_zero,154,-0.018319622,0
2022-11-4,1,baseline_zero,154,-0.006877855,0
2022-11-7,1,baseline_zero,154,-0.004368409,0
2022-11-8,1,baseline_zero,154,0.008265636,0
2022-11-9,1,baseline_zero,154,-0.021394124,0
2022-11-10,1,baseline_zero,154,-0.017902576,0
2022-11-11,1,baseline_zero,154,0.003474998,0
2022-11-14,1,baseline_zero,154,-0.002440628,0
2022-11-15,1,baseline_zero,154,-0.001128456,0
2022-11-16,1,baseline_zero,154,0.003850312,0
2022-11-17,1,baseline_zero,154,0.002246982,0
2022-11-18,1,baseline_zero,154,0.008381498,0
2022-11-21,1,baseline_zero,154,-0.005673114,0
2022-11-22,1,baseline_zero,154,-0.010689272,0
2022-11-23,1,baseline_zero,154,-0.002453989,0
2022-11-24,1,baseline_zero,154,0.001322127,0
2022-11-25,1,baseline_zero,154,0.006772035,0
2022-11-28,1,baseline_zero,154,0.001311476,0
2022-11-29,1,baseline_zero,154,-0.00817789,0
2022-11-30,1,baseline_zero,154,-0.011581675,0
2022-12-1,1,baseline_zero,154,-0.001815837,0
2022-12-2,1,baseline_zero,154,0.007148675,0
2022-12-5,1,baseline_zero,154,0.002750512,0
2022-12-6,1,baseline_zero,154,-0.004556682,0
2022-12-7,1,baseline_zero,154,-0.003144807,0
2022-12-8,1,baseline_zero,154,0.000381716,0
2022-12-9,1,baseline_zero,154,0.003048492,0
2022-10-17,1,baseline_zero,155,0.000802962,0
2022-10-18,1,baseline_zero,155,0.007551899,0
2022-10-19,1,baseline_zero,155,-0.000885504,0
2022-10-20,1,baseline_zero,155,-0.007737155,0
2022-10-21,1,baseline_zero,155,-0.000178571,0
2022-10-24,1,baseline_zero,155,-0.009329932,0
2022-10-25,1,baseline_zero,155,-0.011330282,0
2022-10-26,1,baseline_zero,155,0.008080302,0
2022-10-27,1,baseline_zero,155,0.00144574,0
2022-10-28,1,baseline_zero,155,0.007018204,0
2022-10-31,1,baseline_zero,155,-0.00044841,0
2022-11-1,1,baseline_zero,155,-0.001166809,0
2022-11-2,1,baseline_zero,155,0.014089764,0
2022-11-3,1,baseline_zero,155,-0.018319622,0
2022-11-4,1,baseline_zero,155,-0.006877855,0
2022-11-7,1,baseline_zero,155,-0.004368409,0
2022-11-8,1,baseline_zero,155,0.008265636,0
2022-11-9,1,baseline_zero,155,-0.021394124,0
2022-11-10,1,baseline_zero,155,-0.017902576,0
2022-11-11,1,baseline_zero,155,0.003474998,0
2022-11-14,1,baseline_zero,155,-0.002440628,0
2022-11-15,1,baseline_zero,155,-0.001128456,0
2022-11-16,1,baseline_zero,155,0.003850312,0
2022-11-17,1,baseline_zero,155,0.002246982,0
2022-11-18,1,baseline_zero,155,0.008381498,0
2022-11-21,1,baseline_zero,155,-0.005673114,0
2022-11-22,1,baseline_zero,155,-0.010689272,0
2022-11-23,1,baseline_zero,155,-0.002453989,0
2022-11-24,1,baseline_zero,155,0.001322127,0
2022-11-25,1,baseline_zero,155,0.006772035,0
2022-11-28,1,baseline_zero,155,0.001311476,0
2022-11-29,1,baseline_zero,155,-0.00817789,0
2022-11-30,1,baseline_zero,155,-0.011581675,0
2022-12-1,1,baseline_zero,155,-0.001815837,0
2022-12-2,1,baseline_zero,155,0.007148675,0
2022-12-5,1,baseline_zero,155,0.002750512,0
2022-12-6,1,baseline_zero,155,-0.004556682,0
2022-12-7,1,baseline_zero,155,-0.003144807,0
2022-12-8,1,baseline_zero,155,0.000381716,0
2022-12-9,1,baseline_zero,155,0.003048492,0
2022-12-12,1,baseline_zero,155,-0.010999107,0
2022-12-13,1,baseline_zero,155,-0.002021661,0
2022-12-14,1,baseline_zero,155,0.007584158,0
2022-12-15,1,baseline_zero,155,0.001338049,0
2022-12-16,1,baseline_zero,155,0.000191004,0
2022-12-19,1,baseline_zero,155,-0.007283912,0
2022-12-20,1,baseline_zero,155,0.001921969,0
2022-12-21,1,baseline_zero,155,0.002588812,0
2022-12-22,1,baseline_zero,155,-0.001149756,0
2022-12-23,1,baseline_zero,155,-0.001247062,0
2022-12-27,1,baseline_zero,155,0.002684051,0
2022-12-28,1,baseline_zero,155,-0.00595297,0
2022-12-29,1,baseline_zero,155,-0.003086422,0
2022-12-30,1,baseline_zero,155,0.00961361,0
2023-1-3,1,baseline_zero,155,-0.00258658,0
2023-1-4,1,baseline_zero,155,0.007549369,0
2023-1-5,1,baseline_zero,155,-0.011104843,0
2023-1-6,1,baseline_zero,155,-0.008507399,0
2023-1-9,1,baseline_zero,155,0.002327387,0
2023-1-10,1,baseline_zero,155,-0.000484426,0
2022-11-14,1,baseline_zero,156,-0.002440628,0
2022-11-15,1,baseline_zero,156,-0.001128456,0
2022-11-16,1,baseline_zero,156,0.003850312,0
2022-11-17,1,baseline_zero,156,0.002246982,0
2022-11-18,1,baseline_zero,156,0.008381498,0
2022-11-21,1,baseline_zero,156,-0.005673114,0
2022-11-22,1,baseline_zero,156,-0.010689272,0
2022-11-23,1,baseline_zero,156,-0.002453989,0
2022-11-24,1,baseline_zero,156,0.001322127,0
2022-11-25,1,baseline_zero,156,0.006772035,0
2022-11-28,1,baseline_zero,156,0.001311476,0
2022-11-29,1,baseline_zero,156,-0.00817789,0
2022-11-30,1,baseline_zero,156,-0.011581675,0
2022-12-1,1,baseline_zero,156,-0.001815837,0
2022-12-2,1,baseline_zero,156,0.007148675,0
2022-12-5,1,baseline_zero,156,0.002750512,0
2022-12-6,1,baseline_zero,156,-0.004556682,0
2022-12-7,1,baseline_zero,156,-0.003144807,0
2022-12-8,1,baseline_zero,156,0.000381716,0
2022-12-9,1,baseline_zero,156,0.003048492,0
2022-12-12,1,baseline_zero,156,-0.010999107,0
2022-12-13,1,baseline_zero,156,-0.002021661,0
2022-12-14,1,baseline_zero,156,0.007584158,0
2022-12-15,1,baseline_zero,156,0.001338049,0
2022-12-16,1,baseline_zero,156,0.000191004,0
2022-12-19,1,baseline_zero,156,-0.007283912,0
2022-12-20,1,baseline_zero,156,0.001921969,0
2022-12-21,1,baseline_zero,156,0.002588812,0
2022-12-22,1,baseline_zero,156,-0.001149756,0
2022-12-23,1,baseline_zero,156,-0.001247062,0
2022-12-27,1,baseline_zero,156,0.002684051,0
2022-12-28,1,baseline_zero,156,-0.00595297,0
2022-12-29,1,baseline_zero,156,-0.003086422,0
2022-12-30,1,baseline_zero,156,0.00961361,0
2023-1-3,1,baseline_zero,156,-0.00258658,0
2023-1-4,1,baseline_zero,156,0.007549369,0
2023-1-5,1,baseline_zero,156,-0.011104843,0
2023-1-6,1,baseline_zero,156,-0.008507399,0
2023-1-9,1,baseline_zero,156,0.002327387,0
2023-1-10,1,baseline_zero,156,-0.000484426,0
2023-1-11,1,baseline_zero,156,-0.009151154,0
2023-1-12,1,baseline_zero,156,-0.000489117,0
2023-1-13,1,baseline_zero,156,0.000684697,0
2023-1-16,1,baseline_zero,156,0.001172677,0
2023-1-17,1,baseline_zero,156,-0.00029304,0
2023-1-18,1,baseline_zero,156,-0.002935136,0
2023-1-19,1,baseline_zero,156,-0.000490028,0
2023-1-20,1,baseline_zero,156,0.001273574,0
2023-1-23,1,baseline_zero,156,-0.002156229,0
2023-1-24,1,baseline_zero,156,-0.002751033,0
2023-1-25,1,baseline_zero,156,0.001965796,0
2023-1-26,1,baseline_zero,156,0.000883349,0
2023-1-27,1,baseline_zero,156,0.003427847,0
2023-1-30,1,baseline_zero,156,-0.001761425,0
2023-1-31,1,baseline_zero,156,-0.008656359,0
2023-2-1,1,baseline_zero,156,0.005222459,0
2023-2-2,1,baseline_zero,156,0.011433163,0
2023-2-3,1,baseline_zero,156,0.006778374,0
2023-2-6,1,baseline_zero,156,-0.001835306,0
2023-2-7,1,baseline_zero,156,-0.000193386,0
2022-12-12,1,baseline_zero,157,-0.010999107,0
2022-12-13,1,baseline_zero,157,-0.002021661,0
2022-12-14,1,baseline_zero,157,0.007584158,0
2022-12-15,1,baseline_zero,157,0.001338049,0
2022-12-16,1,baseline_zero,157,0.000191004,0
2022-12-19,1,baseline_zero,157,-0.007283912,0
2022-12-20,1,baseline_zero,157,0.001921969,0
2022-12-21,1,baseline_zero,157,0.002588812,0
2022-12-22,1,baseline_zero,157,-0.001149756,0
2022-12-23,1,baseline_zero,157,-0.001247062,0
2022-12-27,1,baseline_zero,157,0.002684051,0
2022-12-28,1,baseline_zero,157,-0.00595297,0
2022-12-29,1,baseline_zero,157,-0.003086422,0
2022-12-30,1,baseline_zero,157,0.00961361,0
2023-1-3,1,baseline_zero,157,-0.00258658,0
2023-1-4,1,baseline_zero,157,0.007549369,0
2023-1-5,1,baseline_zero,157,-0.011104843,0
2023-1-6,1,baseline_zero,157,-0.008507399,0
2023-1-9,1,baseline_zero,157,0.002327387,0
2023-1-10,1,baseline_zero,157,-0.000484426,0
2023-1-11,1,baseline_zero,157,-0.009151154,0
2023-1-12,1,baseline_zero,157,-0.000489117,0
2023-1-13,1,baseline_zero,157,0.000684697,0
2023-1-16,1,baseline_zero,157,0.001172677,0
2023-1-17,1,baseline_zero,157,-0.00029304,0
2023-1-18,1,baseline_zero,157,-0.002935136,0
2023-1-19,1,baseline_zero,157,-0.000490028,0
2023-1-20,1,baseline_zero,157,0.001273574,0
2023-1-23,1,baseline_zero,157,-0.002156229,0
2023-1-24,1,baseline_zero,157,-0.002751033,0
2023-1-25,1,baseline_zero,157,0.001965796,0
2023-1-26,1,baseline_zero,157,0.000883349,0
2023-1-27,1,baseline_zero,157,0.003427847,0
2023-1-30,1,baseline_zero,157,-0.001761425,0
2023-1-31,1,baseline_zero,157,-0.008656359,0
2023-2-1,1,baseline_zero,157,0.005222459,0
2023-2-2,1,baseline_zero,157,0.011433163,0
2023-2-3,1,baseline_zero,157,0.006778374,0
2023-2-6,1,baseline_zero,157,-0.001835306,0
2023-2-7,1,baseline_zero,157,-0.000193386,0
2023-2-8,1,baseline_zero,157,-0.001839036,0
2023-2-9,1,baseline_zero,157,0.00396423,0
2023-2-10,1,baseline_zero,157,-0.002705577,0
2023-2-13,1,baseline_zero,157,-0.001161778,0
2023-2-14,1,baseline_zero,157,0.006661864,0
2023-2-15,1,baseline_zero,157,-0.000577534,0
2023-2-16,1,baseline_zero,157,0,0
2023-2-17,1,baseline_zero,157,0,0
2023-2-20,1,baseline_zero,157,0.003076334,0
2023-2-21,1,baseline_zero,157,0.003832156,0
2023-2-22,1,baseline_zero,157,0.000191223,0
2023-2-23,1,baseline_zero,157,0.005814801,0
2023-2-24,1,baseline_zero,157,-0.005145809,0
2023-2-27,1,baseline_zero,157,0.001908944,0
2023-2-28,1,baseline_zero,157,-0.003725822,0
2023-3-1,1,baseline_zero,157,0.005250358,0
2023-3-2,1,baseline_zero,157,-0.004867583,0
2023-3-3,1,baseline_zero,157,-0.001627807,0
2023-3-6,1,baseline_zero,157,0.01200243,0
2023-3-7,1,baseline_zero,157,0.000473328,0
2023-1-11,1,baseline_zero,158,-0.009151154,0
2023-1-12,1,baseline_zero,158,-0.000489117,0
2023-1-13,1,baseline_zero,158,0.000684697,0
2023-1-16,1,baseline_zero,158,0.001172677,0
2023-1-17,1,baseline_zero,158,-0.00029304,0
2023-1-18,1,baseline_zero,158,-0.002935136,0
2023-1-19,1,baseline_zero,158,-0.000490028,0
2023-1-20,1,baseline_zero,158,0.001273574,0
2023-1-23,1,baseline_zero,158,-0.002156229,0
2023-1-24,1,baseline_zero,158,-0.002751033,0
2023-1-25,1,baseline_zero,158,0.001965796,0
2023-1-26,1,baseline_zero,158,0.000883349,0
2023-1-27,1,baseline_zero,158,0.003427847,0
2023-1-30,1,baseline_zero,158,-0.001761425,0
2023-1-31,1,baseline_zero,158,-0.008656359,0
2023-2-1,1,baseline_zero,158,0.005222459,0
2023-2-2,1,baseline_zero,158,0.011433163,0
2023-2-3,1,baseline_zero,158,0.006778374,0
2023-2-6,1,baseline_zero,158,-0.001835306,0
2023-2-7,1,baseline_zero,158,-0.000193386,0
2023-2-8,1,baseline_zero,158,-0.001839036,0
2023-2-9,1,baseline_zero,158,0.00396423,0
2023-2-10,1,baseline_zero,158,-0.002705577,0
2023-2-13,1,baseline_zero,158,-0.001161778,0
2023-2-14,1,baseline_zero,158,0.006661864,0
2023-2-15,1,baseline_zero,158,-0.000577534,0
2023-2-16,1,baseline_zero,158,0,0
2023-2-17,1,baseline_zero,158,0,0
2023-2-20,1,baseline_zero,158,0.003076334,0
2023-2-21,1,baseline_zero,158,0.003832156,0
2023-2-22,1,baseline_zero,158,0.000191223,0
2023-2-23,1,baseline_zero,158,0.005814801,0
2023-2-24,1,baseline_zero,158,-0.005145809,0
2023-2-27,1,baseline_zero,158,0.001908944,0
2023-2-28,1,baseline_zero,158,-0.003725822,0
2023-3-1,1,baseline_zero,158,0.005250358,0
2023-3-2,1,baseline_zero,158,-0.004867583,0
2023-3-3,1,baseline_zero,158,-0.001627807,0
2023-3-6,1,baseline_zero,158,0.01200243,0
2023-3-7,1,baseline_zero,158,0.000473328,0
2023-3-8,1,baseline_zero,158,-0.00331801,0
2023-3-9,1,baseline_zero,158,-0.006956053,0
2023-3-10,1,baseline_zero,158,-0.009414999,0
2023-3-13,1,baseline_zero,158,0,0
2023-3-14,1,baseline_zero,158,0.010084119,0
2023-3-15,1,baseline_zero,158,-0.002200221,0
2023-3-16,1,baseline_zero,158,-0.006822685,0
2023-3-17,1,baseline_zero,158,-0.004154796,0
2023-3-20,1,baseline_zero,158,-0.000193667,0
2023-3-21,1,baseline_zero,158,-0.008851767,0
2023-3-22,1,baseline_zero,158,0.001757127,0
2023-3-23,1,baseline_zero,158,0.00573792,0
2023-3-24,1,baseline_zero,158,-0.002524518,0
2023-3-27,1,baseline_zero,158,-0.004189202,0
2023-3-28,1,baseline_zero,158,0.002048082,0
2023-3-29,1,baseline_zero,158,-0.004883299,0
2023-3-30,1,baseline_zero,158,0.003615934,0
2023-3-31,1,baseline_zero,158,-0.004105578,0
2023-4-3,1,baseline_zero,158,-0.004909672,0
2023-4-4,1,baseline_zero,158,0.002556038,0
2023-2-8,1,baseline_zero,159,-0.001839036,0
2023-2-9,1,baseline_zero,159,0.00396423,0
2023-2-10,1,baseline_zero,159,-0.002705577,0
2023-2-13,1,baseline_zero,159,-0.001161778,0
2023-2-14,1,baseline_zero,159,0.006661864,0
2023-2-15,1,baseline_zero,159,-0.000577534,0
2023-2-16,1,baseline_zero,159,0,0
2023-2-17,1,baseline_zero,159,0,0
2023-2-20,1,baseline_zero,159,0.003076334,0
2023-2-21,1,baseline_zero,159,0.003832156,0
2023-2-22,1,baseline_zero,159,0.000191223,0
2023-2-23,1,baseline_zero,159,0.005814801,0
2023-2-24,1,baseline_zero,159,-0.005145809,0
2023-2-27,1,baseline_zero,159,0.001908944,0
2023-2-28,1,baseline_zero,159,-0.003725822,0
2023-3-1,1,baseline_zero,159,0.005250358,0
2023-3-2,1,baseline_zero,159,-0.004867583,0
2023-3-3,1,baseline_zero,159,-0.001627807,0
2023-3-6,1,baseline_zero,159,0.01200243,0
2023-3-7,1,baseline_zero,159,0.000473328,0
2023-3-8,1,baseline_zero,159,-0.00331801,0
2023-3-9,1,baseline_zero,159,-0.006956053,0
2023-3-10,1,baseline_zero,159,-0.009414999,0
2023-3-13,1,baseline_zero,159,0,0
2023-3-14,1,baseline_zero,159,0.010084119,0
2023-3-15,1,baseline_zero,159,-0.002200221,0
2023-3-16,1,baseline_zero,159,-0.006822685,0
2023-3-17,1,baseline_zero,159,-0.004154796,0
2023-3-20,1,baseline_zero,159,-0.000193667,0
2023-3-21,1,baseline_zero,159,-0.008851767,0
2023-3-22,1,baseline_zero,159,0.001757127,0
2023-3-23,1,baseline_zero,159,0.00573792,0
2023-3-24,1,baseline_zero,159,-0.002524518,0
2023-3-27,1,baseline_zero,159,-0.004189202,0
2023-3-28,1,baseline_zero,159,0.002048082,0
2023-3-29,1,baseline_zero,159,-0.004883299,0
2023-3-30,1,baseline_zero,159,0.003615934,0
2023-3-31,1,baseline_zero,159,-0.004105578,0
2023-4-3,1,baseline_zero,159,-0.004909672,0
2023-4-4,1,baseline_zero,159,0.002556038,0
2023-4-5,1,baseline_zero,159,-0.000294594,0
2023-4-6,1,baseline_zero,159,0.002648229,0
2023-4-7,1,baseline_zero,159,0.004788205,0
2023-4-10,1,baseline_zero,159,-0.003711304,0
2023-4-11,1,baseline_zero,159,-0.006872879,0
2023-4-12,1,baseline_zero,159,-0.004839277,0
2023-4-13,1,baseline_zero,159,0.005331766,0
2023-4-14,1,baseline_zero,159,0.005401437,0
2023-4-17,1,baseline_zero,159,-0.003433901,0
2023-4-18,1,baseline_zero,159,0.002159828,0
2023-4-19,1,baseline_zero,159,-0.001275698,0
2023-4-20,1,baseline_zero,159,-0.000196406,0
2023-4-21,1,baseline_zero,159,-0.004626676,0
2023-4-24,1,baseline_zero,159,0.005019449,0
2023-4-25,1,baseline_zero,159,-0.003836133,0
2023-4-26,1,baseline_zero,159,0.00029561,0
2023-4-27,1,baseline_zero,159,0.001575114,0
2023-4-28,1,baseline_zero,159,0.004808409,0
2023-5-1,1,baseline_zero,159,-0.001861742,0
2023-5-2,1,baseline_zero,159,-0.006099379,0
2023-3-8,1,baseline_zero,160,-0.00331801,0
2023-3-9,1,baseline_zero,160,-0.006956053,0
2023-3-10,1,baseline_zero,160,-0.009414999,0
2023-3-13,1,baseline_zero,160,0,0
2023-3-14,1,baseline_zero,160,0.010084119,0
2023-3-15,1,baseline_zero,160,-0.002200221,0
2023-3-16,1,baseline_zero,160,-0.006822685,0
2023-3-17,1,baseline_zero,160,-0.004154796,0
2023-3-20,1,baseline_zero,160,-0.000193667,0
2023-3-21,1,baseline_zero,160,-0.008851767,0
2023-3-22,1,baseline_zero,160,0.001757127,0
2023-3-23,1,baseline_zero,160,0.00573792,0
2023-3-24,1,baseline_zero,160,-0.002524518,0
2023-3-27,1,baseline_zero,160,-0.004189202,0
2023-3-28,1,baseline_zero,160,0.002048082,0
2023-3-29,1,baseline_zero,160,-0.004883299,0
2023-3-30,1,baseline_zero,160,0.003615934,0
2023-3-31,1,baseline_zero,160,-0.004105578,0
2023-4-3,1,baseline_zero,160,-0.004909672,0
2023-4-4,1,baseline_zero,160,0.002556038,0
2023-4-5,1,baseline_zero,160,-0.000294594,0
2023-4-6,1,baseline_zero,160,0.002648229,0
2023-4-7,1,baseline_zero,160,0.004788205,0
2023-4-10,1,baseline_zero,160,-0.003711304,0
2023-4-11,1,baseline_zero,160,-0.006872879,0
2023-4-12,1,baseline_zero,160,-0.004839277,0
2023-4-13,1,baseline_zero,160,0.005331766,0
2023-4-14,1,baseline_zero,160,0.005401437,0
2023-4-17,1,baseline_zero,160,-0.003433901,0
2023-4-18,1,baseline_zero,160,0.002159828,0
2023-4-19,1,baseline_zero,160,-0.001275698,0
2023-4-20,1,baseline_zero,160,-0.000196406,0
2023-4-21,1,baseline_zero,160,-0.004626676,0
2023-4-24,1,baseline_zero,160,0.005019449,0
2023-4-25,1,baseline_zero,160,-0.003836133,0
2023-4-26,1,baseline_zero,160,0.00029561,0
2023-4-27,1,baseline_zero,160,0.001575114,0
2023-4-28,1,baseline_zero,160,0.004808409,0
2023-5-1,1,baseline_zero,160,-0.001861742,0
2023-5-2,1,baseline_zero,160,-0.006099379,0
2023-5-3,1,baseline_zero,160,0.000591891,0
2023-5-4,1,baseline_zero,160,-0.001875525,0
2023-5-5,1,baseline_zero,160,0.001678267,0
2023-5-8,1,baseline_zero,160,0.002266122,0
2023-5-9,1,baseline_zero,160,-0.001280221,0
2023-5-10,1,baseline_zero,160,0.005699141,0
2023-5-11,1,baseline_zero,160,0.00605648,0
2023-5-12,1,baseline_zero,160,-0.002437718,0
2023-5-15,1,baseline_zero,160,0.001268355,0
2023-5-16,1,baseline_zero,160,0.003115267,0
2023-5-17,1,baseline_zero,160,0.006781001,0
2023-5-18,1,baseline_zero,160,-0.003675408,0
2023-5-19,1,baseline_zero,160,0,0
2023-5-22,1,baseline_zero,160,0.002806137,0
2023-5-23,1,baseline_zero,160,0.003857657,0
2023-5-24,1,baseline_zero,160,0.003459214,0
2023-5-25,1,baseline_zero,160,-0.000383767,0
2023-5-26,1,baseline_zero,160,0.000479685,0
2023-5-29,1,baseline_zero,160,-0.000863599,0
2023-5-30,1,baseline_zero,160,0.001534772,0
2023-4-5,1,baseline_zero,161,-0.000294594,0
2023-4-6,1,baseline_zero,161,0.002648229,0
2023-4-7,1,baseline_zero,161,0.004788205,0
2023-4-10,1,baseline_zero,161,-0.003711304,0
2023-4-11,1,baseline_zero,161,-0.006872879,0
2023-4-12,1,baseline_zero,161,-0.004839277,0
2023-4-13,1,baseline_zero,161,0.005331766,0
2023-4-14,1,baseline_zero,161,0.005401437,0
2023-4-17,1,baseline_zero,161,-0.003433901,0
2023-4-18,1,baseline_zero,161,0.002159828,0
2023-4-19,1,baseline_zero,161,-0.001275698,0
2023-4-20,1,baseline_zero,161,-0.000196406,0
2023-4-21,1,baseline_zero,161,-0.004626676,0
2023-4-24,1,baseline_zero,161,0.005019449,0
2023-4-25,1,baseline_zero,161,-0.003836133,0
2023-4-26,1,baseline_zero,161,0.00029561,0
2023-4-27,1,baseline_zero,161,0.001575114,0
2023-4-28,1,baseline_zero,161,0.004808409,0
2023-5-1,1,baseline_zero,161,-0.001861742,0
2023-5-2,1,baseline_zero,161,-0.006099379,0
2023-5-3,1,baseline_zero,161,0.000591891,0
2023-5-4,1,baseline_zero,161,-0.001875525,0
2023-5-5,1,baseline_zero,161,0.001678267,0
2023-5-8,1,baseline_zero,161,0.002266122,0
2023-5-9,1,baseline_zero,161,-0.001280221,0
2023-5-10,1,baseline_zero,161,0.005699141,0
2023-5-11,1,baseline_zero,161,0.00605648,0
2023-5-12,1,baseline_zero,161,-0.002437718,0
2023-5-15,1,baseline_zero,161,0.001268355,0
2023-5-16,1,baseline_zero,161,0.003115267,0
2023-5-17,1,baseline_zero,161,0.006781001,0
2023-5-18,1,baseline_zero,161,-0.003675408,0
2023-5-19,1,baseline_zero,161,0,0
2023-5-22,1,baseline_zero,161,0.002806137,0
2023-5-23,1,baseline_zero,161,0.003857657,0
2023-5-24,1,baseline_zero,161,0.003459214,0
2023-5-25,1,baseline_zero,161,-0.000383767,0
2023-5-26,1,baseline_zero,161,0.000479685,0
2023-5-29,1,baseline_zero,161,-0.000863599,0
2023-5-30,1,baseline_zero,161,0.001534772,0
2023-5-31,1,baseline_zero,161,-0.007407798,0
2023-6-1,1,baseline_zero,161,0.004335893,0
2023-6-2,1,baseline_zero,161,-9.61E-05,0
2023-6-5,1,baseline_zero,161,0.001249219,0
2023-6-6,1,baseline_zero,161,-0.000288143,0
2023-6-7,1,baseline_zero,161,-0.007327453,0
2023-6-8,1,baseline_zero,161,0.002126632,0
2023-6-9,1,baseline_zero,161,0.000868684,0
2023-6-12,1,baseline_zero,161,-0.002995316,0
2023-6-13,1,baseline_zero,161,-0.003781089,0
2023-6-14,1,baseline_zero,161,-0.00819277,0
2023-6-15,1,baseline_zero,161,0.001272327,0
2023-6-16,1,baseline_zero,161,0.002734911,0
2023-6-19,1,baseline_zero,161,0.000195065,0
2023-6-20,1,baseline_zero,161,-0.004594114,0
2023-6-21,1,baseline_zero,161,0.003130199,0
2023-6-22,1,baseline_zero,161,0.004968591,0
2023-6-23,1,baseline_zero,161,-0.002042902,0
2023-6-26,1,baseline_zero,161,-0.001949508,0
2023-6-27,1,baseline_zero,161,0.00399241,0
2023-5-3,1,baseline_zero,162,0.000591891,0
2023-5-4,1,baseline_zero,162,-0.001875525,0
2023-5-5,1,baseline_zero,162,0.001678267,0
2023-5-8,1,baseline_zero,162,0.002266122,0
2023-5-9,1,baseline_zero,162,-0.001280221,0
2023-5-10,1,baseline_zero,162,0.005699141,0
2023-5-11,1,baseline_zero,162,0.00605648,0
2023-5-12,1,baseline_zero,162,-0.002437718,0
2023-5-15,1,baseline_zero,162,0.001268355,0
2023-5-16,1,baseline_zero,162,0.003115267,0
2023-5-17,1,baseline_zero,162,0.006781001,0
2023-5-18,1,baseline_zero,162,-0.003675408,0
2023-5-19,1,baseline_zero,162,0,0
2023-5-22,1,baseline_zero,162,0.002806137,0
2023-5-23,1,baseline_zero,162,0.003857657,0
2023-5-24,1,baseline_zero,162,0.003459214,0
2023-5-25,1,baseline_zero,162,-0.000383767,0
2023-5-26,1,baseline_zero,162,0.000479685,0
2023-5-29,1,baseline_zero,162,-0.000863599,0
2023-5-30,1,baseline_zero,162,0.001534772,0
2023-5-31,1,baseline_zero,162,-0.007407798,0
2023-6-1,1,baseline_zero,162,0.004335893,0
2023-6-2,1,baseline_zero,162,-9.61E-05,0
2023-6-5,1,baseline_zero,162,0.001249219,0
2023-6-6,1,baseline_zero,162,-0.000288143,0
2023-6-7,1,baseline_zero,162,-0.007327453,0
2023-6-8,1,baseline_zero,162,0.002126632,0
2023-6-9,1,baseline_zero,162,0.000868684,0
2023-6-12,1,baseline_zero,162,-0.002995316,0
2023-6-13,1,baseline_zero,162,-0.003781089,0
2023-6-14,1,baseline_zero,162,-0.00819277,0
2023-6-15,1,baseline_zero,162,0.001272327,0
2023-6-16,1,baseline_zero,162,0.002734911,0
2023-6-19,1,baseline_zero,162,0.000195065,0
2023-6-20,1,baseline_zero,162,-0.004594114,0
2023-6-21,1,baseline_zero,162,0.003130199,0
2023-6-22,1,baseline_zero,162,0.004968591,0
2023-6-23,1,baseline_zero,162,-0.002042902,0
2023-6-26,1,baseline_zero,162,-0.001949508,0
2023-6-27,1,baseline_zero,162,0.00399241,0
2023-6-28,1,baseline_zero,162,0.00426688,0
2023-6-29,1,baseline_zero,162,-0.004169703,0
2023-6-30,1,baseline_zero,162,0.000485743,0
2023-7-3,1,baseline_zero,162,0.000776699,0
2023-7-4,1,baseline_zero,162,0.003197522,0
2023-7-5,1,baseline_zero,162,-0.002906416,0
2023-7-6,1,baseline_zero,162,-0.007791994,0
2023-7-7,1,baseline_zero,162,-0.002937722,0
2023-7-10,1,baseline_zero,162,-0.002356408,0
2023-7-11,1,baseline_zero,162,-0.011965532,0
2023-7-12,1,baseline_zero,162,-0.007489176,0
2023-7-13,1,baseline_zero,162,0.001402244,0
2023-7-14,1,baseline_zero,162,-0.000700876,0
2023-7-17,1,baseline_zero,162,0.001001101,0
2023-7-18,1,baseline_zero,162,0.003396267,0
2023-7-19,1,baseline_zero,162,0.005965418,0
2023-7-20,1,baseline_zero,162,0.001881654,0
2023-7-21,1,baseline_zero,162,0.002766527,0
2023-7-24,1,baseline_zero,162,0,0
2023-7-25,1,baseline_zero,162,-0.004549058,0
2023-5-31,1,baseline_zero,163,-0.007407798,0
2023-6-1,1,baseline_zero,163,0.004335893,0
2023-6-2,1,baseline_zero,163,-9.61E-05,0
2023-6-5,1,baseline_zero,163,0.001249219,0
2023-6-6,1,baseline_zero,163,-0.000288143,0
2023-6-7,1,baseline_zero,163,-0.007327453,0
2023-6-8,1,baseline_zero,163,0.002126632,0
2023-6-9,1,baseline_zero,163,0.000868684,0
2023-6-12,1,baseline_zero,163,-0.002995316,0
2023-6-13,1,baseline_zero,163,-0.003781089,0
2023-6-14,1,baseline_zero,163,-0.00819277,0
2023-6-15,1,baseline_zero,163,0.001272327,0
2023-6-16,1,baseline_zero,163,0.002734911,0
2023-6-19,1,baseline_zero,163,0.000195065,0
2023-6-20,1,baseline_zero,163,-0.004594114,0
2023-6-21,1,baseline_zero,163,0.003130199,0
2023-6-22,1,baseline_zero,163,0.004968591,0
2023-6-23,1,baseline_zero,163,-0.002042902,0
2023-6-26,1,baseline_zero,163,-0.001949508,0
2023-6-27,1,baseline_zero,163,0.00399241,0
2023-6-28,1,baseline_zero,163,0.00426688,0
2023-6-29,1,baseline_zero,163,-0.004169703,0
2023-6-30,1,baseline_zero,163,0.000485743,0
2023-7-3,1,baseline_zero,163,0.000776699,0
2023-7-4,1,baseline_zero,163,0.003197522,0
2023-7-5,1,baseline_zero,163,-0.002906416,0
2023-7-6,1,baseline_zero,163,-0.007791994,0
2023-7-7,1,baseline_zero,163,-0.002937722,0
2023-7-10,1,baseline_zero,163,-0.002356408,0
2023-7-11,1,baseline_zero,163,-0.011965532,0
2023-7-12,1,baseline_zero,163,-0.007489176,0
2023-7-13,1,baseline_zero,163,0.001402244,0
2023-7-14,1,baseline_zero,163,-0.000700876,0
2023-7-17,1,baseline_zero,163,0.001001101,0
2023-7-18,1,baseline_zero,163,0.003396267,0
2023-7-19,1,baseline_zero,163,0.005965418,0
2023-7-20,1,baseline_zero,163,0.001881654,0
2023-7-21,1,baseline_zero,163,0.002766527,0
2023-7-24,1,baseline_zero,163,0,0
2023-7-25,1,baseline_zero,163,-0.004549058,0
2023-7-26,1,baseline_zero,163,0.008684551,0
2023-7-27,1,baseline_zero,163,-0.001474999,0
2023-7-28,1,baseline_zero,163,0.002358955,0
2023-7-31,1,baseline_zero,163,0.004310352,0
2023-8-1,1,baseline_zero,163,0.002830789,0
2023-8-2,1,baseline_zero,163,-0.000487496,0
2023-8-3,1,baseline_zero,163,-0.005084094,0
2023-8-4,1,baseline_zero,163,0.000294017,0
2023-8-7,1,baseline_zero,163,0.004692549,0
2023-8-8,1,baseline_zero,163,-0.000390206,0
2023-8-9,1,baseline_zero,163,0.000292669,0
2023-8-10,1,baseline_zero,163,0.003116481,0
2023-8-11,1,baseline_zero,163,0.003397567,0
2023-8-14,1,baseline_zero,163,0.000193798,0
2023-8-15,1,baseline_zero,163,0.002129308,0
2023-8-16,1,baseline_zero,163,0.001352657,0
2023-8-17,1,baseline_zero,163,-0.001836193,0
2023-8-18,1,baseline_zero,163,-0.000774144,0
2023-8-21,1,baseline_zero,163,0.002513779,0
2023-8-22,1,baseline_zero,163,-0.001352788,0
2023-6-28,1,baseline_zero,164,0.00426688,0
2023-6-29,1,baseline_zero,164,-0.004169703,0
2023-6-30,1,baseline_zero,164,0.000485743,0
2023-7-3,1,baseline_zero,164,0.000776699,0
2023-7-4,1,baseline_zero,164,0.003197522,0
2023-7-5,1,baseline_zero,164,-0.002906416,0
2023-7-6,1,baseline_zero,164,-0.007791994,0
2023-7-7,1,baseline_zero,164,-0.002937722,0
2023-7-10,1,baseline_zero,164,-0.002356408,0
2023-7-11,1,baseline_zero,164,-0.011965532,0
2023-7-12,1,baseline_zero,164,-0.007489176,0
2023-7-13,1,baseline_zero,164,0.001402244,0
2023-7-14,1,baseline_zero,164,-0.000700876,0
2023-7-17,1,baseline_zero,164,0.001001101,0
2023-7-18,1,baseline_zero,164,0.003396267,0
2023-7-19,1,baseline_zero,164,0.005965418,0
2023-7-20,1,baseline_zero,164,0.001881654,0
2023-7-21,1,baseline_zero,164,0.002766527,0
2023-7-24,1,baseline_zero,164,0,0
2023-7-25,1,baseline_zero,164,-0.004549058,0
2023-7-26,1,baseline_zero,164,0.008684551,0
2023-7-27,1,baseline_zero,164,-0.001474999,0
2023-7-28,1,baseline_zero,164,0.002358955,0
2023-7-31,1,baseline_zero,164,0.004310352,0
2023-8-1,1,baseline_zero,164,0.002830789,0
2023-8-2,1,baseline_zero,164,-0.000487496,0
2023-8-3,1,baseline_zero,164,-0.005084094,0
2023-8-4,1,baseline_zero,164,0.000294017,0
2023-8-7,1,baseline_zero,164,0.004692549,0
2023-8-8,1,baseline_zero,164,-0.000390206,0
2023-8-9,1,baseline_zero,164,0.000292669,0
2023-8-10,1,baseline_zero,164,0.003116481,0
2023-8-11,1,baseline_zero,164,0.003397567,0
2023-8-14,1,baseline_zero,164,0.000193798,0
2023-8-15,1,baseline_zero,164,0.002129308,0
2023-8-16,1,baseline_zero,164,0.001352657,0
2023-8-17,1,baseline_zero,164,-0.001836193,0
2023-8-18,1,baseline_zero,164,-0.000774144,0
2023-8-21,1,baseline_zero,164,0.002513779,0
2023-8-22,1,baseline_zero,164,-0.001352788,0
2023-8-23,1,baseline_zero,164,0.005400206,0
2023-8-24,1,baseline_zero,164,0.000961261,0
2023-8-25,1,baseline_zero,164,-0.000192178,0
2023-8-28,1,baseline_zero,164,-0.00510623,0
2023-8-29,1,baseline_zero,164,-0.003580245,0
2023-8-30,1,baseline_zero,164,0.00444918,0
2023-8-31,1,baseline_zero,164,0.005965571,0
2023-9-1,1,baseline_zero,164,0,0
2023-9-4,1,baseline_zero,164,0.005453254,0
2023-9-5,1,baseline_zero,164,0.00047694,0
2023-9-6,1,baseline_zero,164,0.001905488,0
2023-9-7,1,baseline_zero,164,0.00028551,0
2023-9-8,1,baseline_zero,164,-0.004960422,0
2023-9-11,1,baseline_zero,164,0.001337921,0
2023-9-12,1,baseline_zero,164,0.000572847,0
2023-9-13,1,baseline_zero,164,0.005995165,0
2023-9-14,1,baseline_zero,164,-0.000759301,0
2023-9-15,1,baseline_zero,164,-0.001140034,0
2023-9-18,1,baseline_zero,164,-0.0003803,0
2023-9-19,1,baseline_zero,164,-0.000380445,0
2023-7-26,1,baseline_zero,165,0.008684551,0
2023-7-27,1,baseline_zero,165,-0.001474999,0
2023-7-28,1,baseline_zero,165,0.002358955,0
2023-7-31,1,baseline_zero,165,0.004310352,0
2023-8-1,1,baseline_zero,165,0.002830789,0
2023-8-2,1,baseline_zero,165,-0.000487496,0
2023-8-3,1,baseline_zero,165,-0.005084094,0
2023-8-4,1,baseline_zero,165,0.000294017,0
2023-8-7,1,baseline_zero,165,0.004692549,0
2023-8-8,1,baseline_zero,165,-0.000390206,0
2023-8-9,1,baseline_zero,165,0.000292669,0
2023-8-10,1,baseline_zero,165,0.003116481,0
2023-8-11,1,baseline_zero,165,0.003397567,0
2023-8-14,1,baseline_zero,165,0.000193798,0
2023-8-15,1,baseline_zero,165,0.002129308,0
2023-8-16,1,baseline_zero,165,0.001352657,0
2023-8-17,1,baseline_zero,165,-0.001836193,0
2023-8-18,1,baseline_zero,165,-0.000774144,0
2023-8-21,1,baseline_zero,165,0.002513779,0
2023-8-22,1,baseline_zero,165,-0.001352788,0
2023-8-23,1,baseline_zero,165,0.005400206,0
2023-8-24,1,baseline_zero,165,0.000961261,0
2023-8-25,1,baseline_zero,165,-0.000192178,0
2023-8-28,1,baseline_zero,165,-0.00510623,0
2023-8-29,1,baseline_zero,165,-0.003580245,0
2023-8-30,1,baseline_zero,165,0.00444918,0
2023-8-31,1,baseline_zero,165,0.005965571,0
2023-9-1,1,baseline_zero,165,0,0
2023-9-4,1,baseline_zero,165,0.005453254,0
2023-9-5,1,baseline_zero,165,0.00047694,0
2023-9-6,1,baseline_zero,165,0.001905488,0
2023-9-7,1,baseline_zero,165,0.00028551,0
2023-9-8,1,baseline_zero,165,-0.004960422,0
2023-9-11,1,baseline_zero,165,0.001337921,0
2023-9-12,1,baseline_zero,165,0.000572847,0
2023-9-13,1,baseline_zero,165,0.005995165,0
2023-9-14,1,baseline_zero,165,-0.000759301,0
2023-9-15,1,baseline_zero,165,-0.001140034,0
2023-9-18,1,baseline_zero,165,-0.0003803,0
2023-9-19,1,baseline_zero,165,-0.000380445,0
2023-9-20,1,baseline_zero,165,0.002280503,0
2023-9-21,1,baseline_zero,165,0.002085902,0
2023-9-22,1,baseline_zero,165,0.003970135,0
2023-9-25,1,baseline_zero,165,0.002167461,0
2023-9-26,1,baseline_zero,165,0.004133402,0
2023-9-27,1,baseline_zero,165,-0.004227542,0
2023-9-28,1,baseline_zero,165,0,0
2023-9-29,1,baseline_zero,165,0.006381403,0
2023-10-2,1,baseline_zero,165,0.000935016,0
2023-10-3,1,baseline_zero,165,-0.001870908,0
2023-10-4,1,baseline_zero,165,-0.004410461,0
2023-10-5,1,baseline_zero,165,-0.002731084,0
2023-10-6,1,baseline_zero,165,0.000377145,0
2023-10-9,1,baseline_zero,165,-0.002453989,0
2023-10-10,1,baseline_zero,165,0,0
2023-10-11,1,baseline_zero,165,0.007343974,0
2023-10-12,1,baseline_zero,165,0.000468933,0
2023-10-13,1,baseline_zero,165,-0.003851759,0
2023-10-16,1,baseline_zero,165,9.41E-05,0
2023-10-17,1,baseline_zero,165,0.003007238,0
2023-8-23,1,baseline_zero,166,0.005400206,0
2023-8-24,1,baseline_zero,166,0.000961261,0
2023-8-25,1,baseline_zero,166,-0.000192178,0
2023-8-28,1,baseline_zero,166,-0.00510623,0
2023-8-29,1,baseline_zero,166,-0.003580245,0
2023-8-30,1,baseline_zero,166,0.00444918,0
2023-8-31,1,baseline_zero,166,0.005965571,0
2023-9-1,1,baseline_zero,166,0,0
2023-9-4,1,baseline_zero,166,0.005453254,0
2023-9-5,1,baseline_zero,166,0.00047694,0
2023-9-6,1,baseline_zero,166,0.001905488,0
2023-9-7,1,baseline_zero,166,0.00028551,0
2023-9-8,1,baseline_zero,166,-0.004960422,0
2023-9-11,1,baseline_zero,166,0.001337921,0
2023-9-12,1,baseline_zero,166,0.000572847,0
2023-9-13,1,baseline_zero,166,0.005995165,0
2023-9-14,1,baseline_zero,166,-0.000759301,0
2023-9-15,1,baseline_zero,166,-0.001140034,0
2023-9-18,1,baseline_zero,166,-0.0003803,0
2023-9-19,1,baseline_zero,166,-0.000380445,0
2023-9-20,1,baseline_zero,166,0.002280503,0
2023-9-21,1,baseline_zero,166,0.002085902,0
2023-9-22,1,baseline_zero,166,0.003970135,0
2023-9-25,1,baseline_zero,166,0.002167461,0
2023-9-26,1,baseline_zero,166,0.004133402,0
2023-9-27,1,baseline_zero,166,-0.004227542,0
2023-9-28,1,baseline_zero,166,0,0
2023-9-29,1,baseline_zero,166,0.006381403,0
2023-10-2,1,baseline_zero,166,0.000935016,0
2023-10-3,1,baseline_zero,166,-0.001870908,0
2023-10-4,1,baseline_zero,166,-0.004410461,0
2023-10-5,1,baseline_zero,166,-0.002731084,0
2023-10-6,1,baseline_zero,166,0.000377145,0
2023-10-9,1,baseline_zero,166,-0.002453989,0
2023-10-10,1,baseline_zero,166,0,0
2023-10-11,1,baseline_zero,166,0.007343974,0
2023-10-12,1,baseline_zero,166,0.000468933,0
2023-10-13,1,baseline_zero,166,-0.003851759,0
2023-10-16,1,baseline_zero,166,9.41E-05,0
2023-10-17,1,baseline_zero,166,0.003007238,0
2023-10-18,1,baseline_zero,166,-0.003007238,0
2023-10-19,1,baseline_zero,166,-0.000847418,0
2023-10-20,1,baseline_zero,166,-0.005857362,0
2023-10-23,1,baseline_zero,166,0.006892997,0
2023-10-24,1,baseline_zero,166,0.00244361,0
2023-10-25,1,baseline_zero,166,0.000656876,0
2023-10-26,1,baseline_zero,166,-0.000375305,0
2023-10-27,1,baseline_zero,166,-0.004137678,0
2023-10-30,1,baseline_zero,166,0.005075676,0
2023-10-31,1,baseline_zero,166,0.002060505,0
2023-11-1,1,baseline_zero,166,-0.007136181,0
2023-11-2,1,baseline_zero,166,-0.010419721,0
2023-11-3,1,baseline_zero,166,0.001807545,0
2023-11-6,1,baseline_zero,166,0.003131675,0
2023-11-7,1,baseline_zero,166,0.000473642,0
2023-11-8,1,baseline_zero,166,0.003026007,0
2023-11-9,1,baseline_zero,166,-0.00047221,0
2023-11-10,1,baseline_zero,166,-0.002175045,0
2023-11-13,1,baseline_zero,166,-0.015070869,0
2023-11-14,1,baseline_zero,166,0.003262333,0
2023-9-20,1,baseline_zero,167,0.002280503,0
2023-9-21,1,baseline_zero,167,0.002085902,0
2023-9-22,1,baseline_zero,167,0.003970135,0
2023-9-25,1,baseline_zero,167,0.002167461,0
2023-9-26,1,baseline_zero,167,0.004133402,0
2023-9-27,1,baseline_zero,167,-0.004227542,0
2023-9-28,1,baseline_zero,167,0,0
2023-9-29,1,baseline_zero,167,0.006381403,0
2023-10-2,1,baseline_zero,167,0.000935016,0
2023-10-3,1,baseline_zero,167,-0.001870908,0
2023-10-4,1,baseline_zero,167,-0.004410461,0
2023-10-5,1,baseline_zero,167,-0.002731084,0
2023-10-6,1,baseline_zero,167,0.000377145,0
2023-10-9,1,baseline_zero,167,-0.002453989,0
2023-10-10,1,baseline_zero,167,0,0
2023-10-11,1,baseline_zero,167,0.007343974,0
2023-10-12,1,baseline_zero,167,0.000468933,0
2023-10-13,1,baseline_zero,167,-0.003851759,0
2023-10-16,1,baseline_zero,167,9.41E-05,0
2023-10-17,1,baseline_zero,167,0.003007238,0
2023-10-18,1,baseline_zero,167,-0.003007238,0
2023-10-19,1,baseline_zero,167,-0.000847418,0
2023-10-20,1,baseline_zero,167,-0.005857362,0
2023-10-23,1,baseline_zero,167,0.006892997,0
2023-10-24,1,baseline_zero,167,0.00244361,0
2023-10-25,1,baseline_zero,167,0.000656876,0
2023-10-26,1,baseline_zero,167,-0.000375305,0
2023-10-27,1,baseline_zero,167,-0.004137678,0
2023-10-30,1,baseline_zero,167,0.005075676,0
2023-10-31,1,baseline_zero,167,0.002060505,0
2023-11-1,1,baseline_zero,167,-0.007136181,0
2023-11-2,1,baseline_zero,167,-0.010419721,0
2023-11-3,1,baseline_zero,167,0.001807545,0
2023-11-6,1,baseline_zero,167,0.003131675,0
2023-11-7,1,baseline_zero,167,0.000473642,0
2023-11-8,1,baseline_zero,167,0.003026007,0
2023-11-9,1,baseline_zero,167,-0.00047221,0
2023-11-10,1,baseline_zero,167,-0.002175045,0
2023-11-13,1,baseline_zero,167,-0.015070869,0
2023-11-14,1,baseline_zero,167,0.003262333,0
2023-11-15,1,baseline_zero,167,-0.000383252,0
2023-11-16,1,baseline_zero,167,-0.004129261,0
2023-11-17,1,baseline_zero,167,-0.004629638,0
2023-11-20,1,baseline_zero,167,0.001255978,0
2023-11-21,1,baseline_zero,167,0.00337366,0
2023-11-22,1,baseline_zero,167,-0.001444461,0
2023-11-23,1,baseline_zero,167,-0.00357195,0
2023-11-24,1,baseline_zero,167,-0.001936109,0
2023-11-27,1,baseline_zero,167,-0.00437,0
2023-11-28,1,baseline_zero,167,9.73E-05,0
2023-11-29,1,baseline_zero,167,0.00717544,0
2023-11-30,1,baseline_zero,167,-0.002224695,0
2023-12-1,1,baseline_zero,167,0.004251625,0
2023-12-4,1,baseline_zero,167,0.00327301,0
2023-12-5,1,baseline_zero,167,0.000960615,0
2023-12-6,1,baseline_zero,167,-0.005874156,0
2023-12-7,1,baseline_zero,167,0.004529037,0
2023-12-8,1,baseline_zero,167,0.000864927,0
2023-12-11,1,baseline_zero,167,-0.002308137,0
2023-12-12,1,baseline_zero,167,-0.009577783,0
2023-10-18,1,baseline_zero,168,-0.003007238,0
2023-10-19,1,baseline_zero,168,-0.000847418,0
2023-10-20,1,baseline_zero,168,-0.005857362,0
2023-10-23,1,baseline_zero,168,0.006892997,0
2023-10-24,1,baseline_zero,168,0.00244361,0
2023-10-25,1,baseline_zero,168,0.000656876,0
2023-10-26,1,baseline_zero,168,-0.000375305,0
2023-10-27,1,baseline_zero,168,-0.004137678,0
2023-10-30,1,baseline_zero,168,0.005075676,0
2023-10-31,1,baseline_zero,168,0.002060505,0
2023-11-1,1,baseline_zero,168,-0.007136181,0
2023-11-2,1,baseline_zero,168,-0.010419721,0
2023-11-3,1,baseline_zero,168,0.001807545,0
2023-11-6,1,baseline_zero,168,0.003131675,0
2023-11-7,1,baseline_zero,168,0.000473642,0
2023-11-8,1,baseline_zero,168,0.003026007,0
2023-11-9,1,baseline_zero,168,-0.00047221,0
2023-11-10,1,baseline_zero,168,-0.002175045,0
2023-11-13,1,baseline_zero,168,-0.015070869,0
2023-11-14,1,baseline_zero,168,0.003262333,0
2023-11-15,1,baseline_zero,168,-0.000383252,0
2023-11-16,1,baseline_zero,168,-0.004129261,0
2023-11-17,1,baseline_zero,168,-0.004629638,0
2023-11-20,1,baseline_zero,168,0.001255978,0
2023-11-21,1,baseline_zero,168,0.00337366,0
2023-11-22,1,baseline_zero,168,-0.001444461,0
2023-11-23,1,baseline_zero,168,-0.00357195,0
2023-11-24,1,baseline_zero,168,-0.001936109,0
2023-11-27,1,baseline_zero,168,-0.00437,0
2023-11-28,1,baseline_zero,168,9.73E-05,0
2023-11-29,1,baseline_zero,168,0.00717544,0
2023-11-30,1,baseline_zero,168,-0.002224695,0
2023-12-1,1,baseline_zero,168,0.004251625,0
2023-12-4,1,baseline_zero,168,0.00327301,0
2023-12-5,1,baseline_zero,168,0.000960615,0
2023-12-6,1,baseline_zero,168,-0.005874156,0
2023-12-7,1,baseline_zero,168,0.004529037,0
2023-12-8,1,baseline_zero,168,0.000864927,0
2023-12-11,1,baseline_zero,168,-0.002308137,0
2023-12-12,1,baseline_zero,168,-0.009577783,0
2023-12-13,1,baseline_zero,168,-0.008885476,0
2023-12-14,1,baseline_zero,168,0.005769905,0
2023-12-15,1,baseline_zero,168,9.75E-05,0
2023-12-18,1,baseline_zero,168,-0.003809901,0
2023-12-19,1,baseline_zero,168,0.002346271,0
2023-12-20,1,baseline_zero,168,-0.00558141,0
2023-12-21,1,baseline_zero,168,-0.001375651,0
2023-12-22,1,baseline_zero,168,-0.002264115,0
2023-12-26,1,baseline_zero,168,-0.004741686,0
2023-12-27,1,baseline_zero,168,0.002373654,0
2023-12-28,1,baseline_zero,168,0.000987362,0
2023-12-29,1,baseline_zero,168,0.00854916,0
2024-1-2,1,baseline_zero,168,0.002833555,0
2024-1-3,1,baseline_zero,168,-0.000683227,0
2024-1-4,1,baseline_zero,168,-9.76E-05,0
2024-1-5,1,baseline_zero,168,-0.001954844,0
2024-1-8,1,baseline_zero,168,0.003515972,0
2024-1-9,1,baseline_zero,168,-0.002049481,0
2024-1-10,1,baseline_zero,168,-0.000684095,0
2024-1-11,1,baseline_zero,168,0.001074796,0
2023-11-15,1,baseline_zero,169,-0.000383252,0
2023-11-16,1,baseline_zero,169,-0.004129261,0
2023-11-17,1,baseline_zero,169,-0.004629638,0
2023-11-20,1,baseline_zero,169,0.001255978,0
2023-11-21,1,baseline_zero,169,0.00337366,0
2023-11-22,1,baseline_zero,169,-0.001444461,0
2023-11-23,1,baseline_zero,169,-0.00357195,0
2023-11-24,1,baseline_zero,169,-0.001936109,0
2023-11-27,1,baseline_zero,169,-0.00437,0
2023-11-28,1,baseline_zero,169,9.73E-05,0
2023-11-29,1,baseline_zero,169,0.00717544,0
2023-11-30,1,baseline_zero,169,-0.002224695,0
2023-12-1,1,baseline_zero,169,0.004251625,0
2023-12-4,1,baseline_zero,169,0.00327301,0
2023-12-5,1,baseline_zero,169,0.000960615,0
2023-12-6,1,baseline_zero,169,-0.005874156,0
2023-12-7,1,baseline_zero,169,0.004529037,0
2023-12-8,1,baseline_zero,169,0.000864927,0
2023-12-11,1,baseline_zero,169,-0.002308137,0
2023-12-12,1,baseline_zero,169,-0.009577783,0
2023-12-13,1,baseline_zero,169,-0.008885476,0
2023-12-14,1,baseline_zero,169,0.005769905,0
2023-12-15,1,baseline_zero,169,9.75E-05,0
2023-12-18,1,baseline_zero,169,-0.003809901,0
2023-12-19,1,baseline_zero,169,0.002346271,0
2023-12-20,1,baseline_zero,169,-0.00558141,0
2023-12-21,1,baseline_zero,169,-0.001375651,0
2023-12-22,1,baseline_zero,169,-0.002264115,0
2023-12-26,1,baseline_zero,169,-0.004741686,0
2023-12-27,1,baseline_zero,169,0.002373654,0
2023-12-28,1,baseline_zero,169,0.000987362,0
2023-12-29,1,baseline_zero,169,0.00854916,0
2024-1-2,1,baseline_zero,169,0.002833555,0
2024-1-3,1,baseline_zero,169,-0.000683227,0
2024-1-4,1,baseline_zero,169,-9.76E-05,0
2024-1-5,1,baseline_zero,169,-0.001954844,0
2024-1-8,1,baseline_zero,169,0.003515972,0
2024-1-9,1,baseline_zero,169,-0.002049481,0
2024-1-10,1,baseline_zero,169,-0.000684095,0
2024-1-11,1,baseline_zero,169,0.001074796,0
2024-1-12,1,baseline_zero,169,0,0
2024-1-15,1,baseline_zero,169,0.009331327,0
2024-1-16,1,baseline_zero,169,0.000870364,0
2024-1-17,1,baseline_zero,169,0.000869607,0
2024-1-18,1,baseline_zero,169,-0.002417445,0
2024-1-19,1,baseline_zero,169,0.000387184,0
2024-1-22,1,baseline_zero,169,0.002802611,0
2024-1-23,1,baseline_zero,169,-0.003673987,0
2024-1-24,1,baseline_zero,169,0.003191338,0
2024-1-25,1,baseline_zero,169,-0.001352657,0
2024-1-26,1,baseline_zero,169,0.001738795,0
2024-1-29,1,baseline_zero,169,-0.002028888,0
2024-1-30,1,baseline_zero,169,-0.001258044,0
2024-1-31,1,baseline_zero,169,-0.00213261,0
2024-2-1,1,baseline_zero,169,0.008407065,0
2024-2-2,1,baseline_zero,169,0.005087116,0
2024-2-5,1,baseline_zero,169,-0.002300394,0
2024-2-6,1,baseline_zero,169,-0.001440438,0
2024-2-7,1,baseline_zero,169,0.001056524,0
2024-2-8,1,baseline_zero,169,-0.000576148,0
2023-12-13,1,baseline_zero,170,-0.008885476,0
2023-12-14,1,baseline_zero,170,0.005769905,0
2023-12-15,1,baseline_zero,170,9.75E-05,0
2023-12-18,1,baseline_zero,170,-0.003809901,0
2023-12-19,1,baseline_zero,170,0.002346271,0
2023-12-20,1,baseline_zero,170,-0.00558141,0
2023-12-21,1,baseline_zero,170,-0.001375651,0
2023-12-22,1,baseline_zero,170,-0.002264115,0
2023-12-26,1,baseline_zero,170,-0.004741686,0
2023-12-27,1,baseline_zero,170,0.002373654,0
2023-12-28,1,baseline_zero,170,0.000987362,0
2023-12-29,1,baseline_zero,170,0.00854916,0
2024-1-2,1,baseline_zero,170,0.002833555,0
2024-1-3,1,baseline_zero,170,-0.000683227,0
2024-1-4,1,baseline_zero,170,-9.76E-05,0
2024-1-5,1,baseline_zero,170,-0.001954844,0
2024-1-8,1,baseline_zero,170,0.003515972,0
2024-1-9,1,baseline_zero,170,-0.002049481,0
2024-1-10,1,baseline_zero,170,-0.000684095,0
2024-1-11,1,baseline_zero,170,0.001074796,0
2024-1-12,1,baseline_zero,170,0,0
2024-1-15,1,baseline_zero,170,0.009331327,0
2024-1-16,1,baseline_zero,170,0.000870364,0
2024-1-17,1,baseline_zero,170,0.000869607,0
2024-1-18,1,baseline_zero,170,-0.002417445,0
2024-1-19,1,baseline_zero,170,0.000387184,0
2024-1-22,1,baseline_zero,170,0.002802611,0
2024-1-23,1,baseline_zero,170,-0.003673987,0
2024-1-24,1,baseline_zero,170,0.003191338,0
2024-1-25,1,baseline_zero,170,-0.001352657,0
2024-1-26,1,baseline_zero,170,0.001738795,0
2024-1-29,1,baseline_zero,170,-0.002028888,0
2024-1-30,1,baseline_zero,170,-0.001258044,0
2024-1-31,1,baseline_zero,170,-0.00213261,0
2024-2-1,1,baseline_zero,170,0.008407065,0
2024-2-2,1,baseline_zero,170,0.005087116,0
2024-2-5,1,baseline_zero,170,-0.002300394,0
2024-2-6,1,baseline_zero,170,-0.001440438,0
2024-2-7,1,baseline_zero,170,0.001056524,0
2024-2-8,1,baseline_zero,170,-0.000576148,0
2024-2-9,1,baseline_zero,170,0.000576148,0
2024-2-12,1,baseline_zero,170,0.007555145,0
2024-2-13,1,baseline_zero,170,-0.002289204,0
2024-2-14,1,baseline_zero,170,-0.00401876,0
2024-2-15,1,baseline_zero,170,0,0
2024-2-16,1,baseline_zero,170,-9.59E-05,0
2024-2-19,1,baseline_zero,170,-0.002015646,0
2024-2-20,1,baseline_zero,170,-0.000672786,0
2024-2-21,1,baseline_zero,170,-0.000480839,0
2024-2-22,1,baseline_zero,170,-0.0001924,0
2024-2-23,1,baseline_zero,170,-0.001058863,0
2024-2-26,1,baseline_zero,170,0,0
2024-2-27,1,baseline_zero,170,0.00134745,0
2024-2-28,1,baseline_zero,170,0.001825782,0
2024-2-29,1,baseline_zero,170,-0.00288434,0
2024-3-1,1,baseline_zero,170,-0.000288892,0
2024-3-4,1,baseline_zero,170,-0.000288976,0
2024-3-5,1,baseline_zero,170,-0.004151186,0
2024-3-6,1,baseline_zero,170,-0.005334898,0
2024-3-7,1,baseline_zero,170,-0.001070403,0
2024-1-12,1,baseline_zero,171,0,0
2024-1-15,1,baseline_zero,171,0.009331327,0
2024-1-16,1,baseline_zero,171,0.000870364,0
2024-1-17,1,baseline_zero,171,0.000869607,0
2024-1-18,1,baseline_zero,171,-0.002417445,0
2024-1-19,1,baseline_zero,171,0.000387184,0
2024-1-22,1,baseline_zero,171,0.002802611,0
2024-1-23,1,baseline_zero,171,-0.003673987,0
2024-1-24,1,baseline_zero,171,0.003191338,0
2024-1-25,1,baseline_zero,171,-0.001352657,0
2024-1-26,1,baseline_zero,171,0.001738795,0
2024-1-29,1,baseline_zero,171,-0.002028888,0
2024-1-30,1,baseline_zero,171,-0.001258044,0
2024-1-31,1,baseline_zero,171,-0.00213261,0
2024-2-1,1,baseline_zero,171,0.008407065,0
2024-2-2,1,baseline_zero,171,0.005087116,0
2024-2-5,1,baseline_zero,171,-0.002300394,0
2024-2-6,1,baseline_zero,171,-0.001440438,0
2024-2-7,1,baseline_zero,171,0.001056524,0
2024-2-8,1,baseline_zero,171,-0.000576148,0
2024-2-9,1,baseline_zero,171,0.000576148,0
2024-2-12,1,baseline_zero,171,0.007555145,0
2024-2-13,1,baseline_zero,171,-0.002289204,0
2024-2-14,1,baseline_zero,171,-0.00401876,0
2024-2-15,1,baseline_zero,171,0,0
2024-2-16,1,baseline_zero,171,-9.59E-05,0
2024-2-19,1,baseline_zero,171,-0.002015646,0
2024-2-20,1,baseline_zero,171,-0.000672786,0
2024-2-21,1,baseline_zero,171,-0.000480839,0
2024-2-22,1,baseline_zero,171,-0.0001924,0
2024-2-23,1,baseline_zero,171,-0.001058863,0
2024-2-26,1,baseline_zero,171,0,0
2024-2-27,1,baseline_zero,171,0.00134745,0
2024-2-28,1,baseline_zero,171,0.001825782,0
2024-2-29,1,baseline_zero,171,-0.00288434,0
2024-3-1,1,baseline_zero,171,-0.000288892,0
2024-3-4,1,baseline_zero,171,-0.000288976,0
2024-3-5,1,baseline_zero,171,-0.004151186,0
2024-3-6,1,baseline_zero,171,-0.005334898,0
2024-3-7,1,baseline_zero,171,-0.001070403,0
2024-3-8,1,baseline_zero,171,0.001556572,0
2024-3-11,1,baseline_zero,171,0.000874508,0
2024-3-12,1,baseline_zero,171,-0.001652491,0
2024-3-13,1,baseline_zero,171,0.005529968,0
2024-3-14,1,baseline_zero,171,0.000677015,0
2024-3-15,1,baseline_zero,171,0.001545745,0
2024-3-18,1,baseline_zero,171,0.002410453,0
2024-3-19,1,baseline_zero,171,-0.004149584,0
2024-3-20,1,baseline_zero,171,0.00568923,0
2024-3-21,1,baseline_zero,171,0.00450905,0
2024-3-22,1,baseline_zero,171,-0.002204016,0
2024-3-25,1,baseline_zero,171,0.000479547,0
2024-3-26,1,baseline_zero,171,0.000575153,0
2024-3-27,1,baseline_zero,171,0.001914792,0
2024-3-28,1,baseline_zero,171,0,0
2024-3-29,1,baseline_zero,171,0.004485382,0
2024-4-1,1,baseline_zero,171,-0.001906215,0
2024-4-2,1,baseline_zero,171,-0.005452733,0
2024-4-3,1,baseline_zero,171,-0.001247781,0
2024-4-4,1,baseline_zero,171,0.001727282,0
2024-2-9,1,baseline_zero,172,0.000576148,0
2024-2-12,1,baseline_zero,172,0.007555145,0
2024-2-13,1,baseline_zero,172,-0.002289204,0
2024-2-14,1,baseline_zero,172,-0.00401876,0
2024-2-15,1,baseline_zero,172,0,0
2024-2-16,1,baseline_zero,172,-9.59E-05,0
2024-2-19,1,baseline_zero,172,-0.002015646,0
2024-2-20,1,baseline_zero,172,-0.000672786,0
2024-2-21,1,baseline_zero,172,-0.000480839,0
2024-2-22,1,baseline_zero,172,-0.0001924,0
2024-2-23,1,baseline_zero,172,-0.001058863,0
2024-2-26,1,baseline_zero,172,0,0
2024-2-27,1,baseline_zero,172,0.00134745,0
2024-2-28,1,baseline_zero,172,0.001825782,0
2024-2-29,1,baseline_zero,172,-0.00288434,0
2024-3-1,1,baseline_zero,172,-0.000288892,0
2024-3-4,1,baseline_zero,172,-0.000288976,0
2024-3-5,1,baseline_zero,172,-0.004151186,0
2024-3-6,1,baseline_zero,172,-0.005334898,0
2024-3-7,1,baseline_zero,172,-0.001070403,0
2024-3-8,1,baseline_zero,172,0.001556572,0
2024-3-11,1,baseline_zero,172,0.000874508,0
2024-3-12,1,baseline_zero,172,-0.001652491,0
2024-3-13,1,baseline_zero,172,0.005529968,0
2024-3-14,1,baseline_zero,172,0.000677015,0
2024-3-15,1,baseline_zero,172,0.001545745,0
2024-3-18,1,baseline_zero,172,0.002410453,0
2024-3-19,1,baseline_zero,172,-0.004149584,0
2024-3-20,1,baseline_zero,172,0.00568923,0
2024-3-21,1,baseline_zero,172,0.00450905,0
2024-3-22,1,baseline_zero,172,-0.002204016,0
2024-3-25,1,baseline_zero,172,0.000479547,0
2024-3-26,1,baseline_zero,172,0.000575153,0
2024-3-27,1,baseline_zero,172,0.001914792,0
2024-3-28,1,baseline_zero,172,0,0
2024-3-29,1,baseline_zero,172,0.004485382,0
2024-4-1,1,baseline_zero,172,-0.001906215,0
2024-4-2,1,baseline_zero,172,-0.005452733,0
2024-4-3,1,baseline_zero,172,-0.001247781,0
2024-4-4,1,baseline_zero,172,0.001727282,0
2024-4-5,1,baseline_zero,172,-0.001535214,0
2024-4-8,1,baseline_zero,172,9.60E-05,0
2024-4-9,1,baseline_zero,172,0.010506305,0
2024-4-10,1,baseline_zero,172,0.000284995,0
2024-4-11,1,baseline_zero,172,0.007192914,0
2024-4-12,1,baseline_zero,172,0.001601885,0
2024-4-15,1,baseline_zero,172,0.000470655,0
2024-4-16,1,baseline_zero,172,-0.002921636,0
2024-4-17,1,baseline_zero,172,0.001885903,0
2024-4-18,1,baseline_zero,172,0,0
2024-4-19,1,baseline_zero,172,-0.000659662,0
2024-4-22,1,baseline_zero,172,-0.003777866,0
2024-4-23,1,baseline_zero,172,0.001701806,0
2024-4-24,1,baseline_zero,172,-0.002459095,0
2024-4-25,1,baseline_zero,172,0.003214525,0
2024-4-26,1,baseline_zero,172,-0.003403937,0
2024-4-29,1,baseline_zero,172,0.006043456,0
2024-4-30,1,baseline_zero,172,-0.004434597,0
2024-5-1,1,baseline_zero,172,-0.004264399,0
2024-5-2,1,baseline_zero,172,-0.002567396,0
2024-3-8,1,baseline_zero,173,0.001556572,0
2024-3-11,1,baseline_zero,173,0.000874508,0
2024-3-12,1,baseline_zero,173,-0.001652491,0
2024-3-13,1,baseline_zero,173,0.005529968,0
2024-3-14,1,baseline_zero,173,0.000677015,0
2024-3-15,1,baseline_zero,173,0.001545745,0
2024-3-18,1,baseline_zero,173,0.002410453,0
2024-3-19,1,baseline_zero,173,-0.004149584,0
2024-3-20,1,baseline_zero,173,0.00568923,0
2024-3-21,1,baseline_zero,173,0.00450905,0
2024-3-22,1,baseline_zero,173,-0.002204016,0
2024-3-25,1,baseline_zero,173,0.000479547,0
2024-3-26,1,baseline_zero,173,0.000575153,0
2024-3-27,1,baseline_zero,173,0.001914792,0
2024-3-28,1,baseline_zero,173,0,0
2024-3-29,1,baseline_zero,173,0.004485382,0
2024-4-1,1,baseline_zero,173,-0.001906215,0
2024-4-2,1,baseline_zero,173,-0.005452733,0
2024-4-3,1,baseline_zero,173,-0.001247781,0
2024-4-4,1,baseline_zero,173,0.001727282,0
2024-4-5,1,baseline_zero,173,-0.001535214,0
2024-4-8,1,baseline_zero,173,9.60E-05,0
2024-4-9,1,baseline_zero,173,0.010506305,0
2024-4-10,1,baseline_zero,173,0.000284995,0
2024-4-11,1,baseline_zero,173,0.007192914,0
2024-4-12,1,baseline_zero,173,0.001601885,0
2024-4-15,1,baseline_zero,173,0.000470655,0
2024-4-16,1,baseline_zero,173,-0.002921636,0
2024-4-17,1,baseline_zero,173,0.001885903,0
2024-4-18,1,baseline_zero,173,0,0
2024-4-19,1,baseline_zero,173,-0.000659662,0
2024-4-22,1,baseline_zero,173,-0.003777866,0
2024-4-23,1,baseline_zero,173,0.001701806,0
2024-4-24,1,baseline_zero,173,-0.002459095,0
2024-4-25,1,baseline_zero,173,0.003214525,0
2024-4-26,1,baseline_zero,173,-0.003403937,0
2024-4-29,1,baseline_zero,173,0.006043456,0
2024-4-30,1,baseline_zero,173,-0.004434597,0
2024-5-1,1,baseline_zero,173,-0.004264399,0
2024-5-2,1,baseline_zero,173,-0.002567396,0
2024-5-3,1,baseline_zero,173,0.000190404,0
2024-5-6,1,baseline_zero,173,0.003421081,0
2024-5-7,1,baseline_zero,173,0.001327266,0
2024-5-8,1,baseline_zero,173,-0.003036344,0
2024-5-9,1,baseline_zero,173,0.000664988,0
2024-5-10,1,baseline_zero,173,-0.000760023,0
2024-5-13,1,baseline_zero,173,-0.001997813,0
2024-5-14,1,baseline_zero,173,-0.00630495,0
2024-5-15,1,baseline_zero,173,0.001053589,0
2024-5-16,1,baseline_zero,173,-0.000191479,0
2024-5-17,1,baseline_zero,173,0.00124396,0
2024-5-20,1,baseline_zero,173,0.000860297,0
2024-5-21,1,baseline_zero,173,0.00257646,0
2024-5-22,1,baseline_zero,173,0.00171396,0
2024-5-23,1,baseline_zero,173,-0.003717299,0
2024-5-24,1,baseline_zero,173,-0.00114657,0
2024-5-27,1,baseline_zero,173,9.56E-05,0
2024-5-28,1,baseline_zero,173,0.004673129,0
2024-5-29,1,baseline_zero,173,-0.003622156,0
2024-5-30,1,baseline_zero,173,-0.000477578,0
2024-4-5,1,baseline_zero,174,-0.001535214,0
2024-4-8,1,baseline_zero,174,9.60E-05,0
2024-4-9,1,baseline_zero,174,0.010506305,0
2024-4-10,1,baseline_zero,174,0.000284995,0
2024-4-11,1,baseline_zero,174,0.007192914,0
2024-4-12,1,baseline_zero,174,0.001601885,0
2024-4-15,1,baseline_zero,174,0.000470655,0
2024-4-16,1,baseline_zero,174,-0.002921636,0
2024-4-17,1,baseline_zero,174,0.001885903,0
2024-4-18,1,baseline_zero,174,0,0
2024-4-19,1,baseline_zero,174,-0.000659662,0
2024-4-22,1,baseline_zero,174,-0.003777866,0
2024-4-23,1,baseline_zero,174,0.001701806,0
2024-4-24,1,baseline_zero,174,-0.002459095,0
2024-4-25,1,baseline_zero,174,0.003214525,0
2024-4-26,1,baseline_zero,174,-0.003403937,0
2024-4-29,1,baseline_zero,174,0.006043456,0
2024-4-30,1,baseline_zero,174,-0.004434597,0
2024-5-1,1,baseline_zero,174,-0.004264399,0
2024-5-2,1,baseline_zero,174,-0.002567396,0
2024-5-3,1,baseline_zero,174,0.000190404,0
2024-5-6,1,baseline_zero,174,0.003421081,0
2024-5-7,1,baseline_zero,174,0.001327266,0
2024-5-8,1,baseline_zero,174,-0.003036344,0
2024-5-9,1,baseline_zero,174,0.000664988,0
2024-5-10,1,baseline_zero,174,-0.000760023,0
2024-5-13,1,baseline_zero,174,-0.001997813,0
2024-5-14,1,baseline_zero,174,-0.00630495,0
2024-5-15,1,baseline_zero,174,0.001053589,0
2024-5-16,1,baseline_zero,174,-0.000191479,0
2024-5-17,1,baseline_zero,174,0.00124396,0
2024-5-20,1,baseline_zero,174,0.000860297,0
2024-5-21,1,baseline_zero,174,0.00257646,0
2024-5-22,1,baseline_zero,174,0.00171396,0
2024-5-23,1,baseline_zero,174,-0.003717299,0
2024-5-24,1,baseline_zero,174,-0.00114657,0
2024-5-27,1,baseline_zero,174,9.56E-05,0
2024-5-28,1,baseline_zero,174,0.004673129,0
2024-5-29,1,baseline_zero,174,-0.003622156,0
2024-5-30,1,baseline_zero,174,-0.000477578,0
2024-5-31,1,baseline_zero,174,-0.005076396,0
2024-6-3,1,baseline_zero,174,-0.000288115,0
2024-6-4,1,baseline_zero,174,0.001535656,0
2024-6-5,1,baseline_zero,174,-0.001631713,0
2024-6-6,1,baseline_zero,174,0.007560206,0
2024-6-7,1,baseline_zero,174,0.00247572,0
2024-6-10,1,baseline_zero,174,0.000760529,0
2024-6-11,1,baseline_zero,174,-0.005622543,0
2024-6-12,1,baseline_zero,174,0.005337413,0
2024-6-13,1,baseline_zero,174,0.003321474,0
2024-6-14,1,baseline_zero,174,-0.00218144,0
2024-6-17,1,baseline_zero,174,-0.000569855,0
2024-6-18,1,baseline_zero,174,-9.50E-05,0
2024-6-19,1,baseline_zero,174,0.003225197,0
2024-6-20,1,baseline_zero,174,0.00198685,0
2024-6-21,1,baseline_zero,174,-0.003123967,0
2024-6-24,1,baseline_zero,174,0.001326511,0
2024-6-25,1,baseline_zero,174,0.004157617,0
2024-6-26,1,baseline_zero,174,-0.001321004,0
2024-6-27,1,baseline_zero,174,-0.000377751,0
2024-5-3,1,baseline_zero,175,0.000190404,0
2024-5-6,1,baseline_zero,175,0.003421081,0
2024-5-7,1,baseline_zero,175,0.001327266,0
2024-5-8,1,baseline_zero,175,-0.003036344,0
2024-5-9,1,baseline_zero,175,0.000664988,0
2024-5-10,1,baseline_zero,175,-0.000760023,0
2024-5-13,1,baseline_zero,175,-0.001997813,0
2024-5-14,1,baseline_zero,175,-0.00630495,0
2024-5-15,1,baseline_zero,175,0.001053589,0
2024-5-16,1,baseline_zero,175,-0.000191479,0
2024-5-17,1,baseline_zero,175,0.00124396,0
2024-5-20,1,baseline_zero,175,0.000860297,0
2024-5-21,1,baseline_zero,175,0.00257646,0
2024-5-22,1,baseline_zero,175,0.00171396,0
2024-5-23,1,baseline_zero,175,-0.003717299,0
2024-5-24,1,baseline_zero,175,-0.00114657,0
2024-5-27,1,baseline_zero,175,9.56E-05,0
2024-5-28,1,baseline_zero,175,0.004673129,0
2024-5-29,1,baseline_zero,175,-0.003622156,0
2024-5-30,1,baseline_zero,175,-0.000477578,0
2024-5-31,1,baseline_zero,175,-0.005076396,0
2024-6-3,1,baseline_zero,175,-0.000288115,0
2024-6-4,1,baseline_zero,175,0.001535656,0
2024-6-5,1,baseline_zero,175,-0.001631713,0
2024-6-6,1,baseline_zero,175,0.007560206,0
2024-6-7,1,baseline_zero,175,0.00247572,0
2024-6-10,1,baseline_zero,175,0.000760529,0
2024-6-11,1,baseline_zero,175,-0.005622543,0
2024-6-12,1,baseline_zero,175,0.005337413,0
2024-6-13,1,baseline_zero,175,0.003321474,0
2024-6-14,1,baseline_zero,175,-0.00218144,0
2024-6-17,1,baseline_zero,175,-0.000569855,0
2024-6-18,1,baseline_zero,175,-9.50E-05,0
2024-6-19,1,baseline_zero,175,0.003225197,0
2024-6-20,1,baseline_zero,175,0.00198685,0
2024-6-21,1,baseline_zero,175,-0.003123967,0
2024-6-24,1,baseline_zero,175,0.001326511,0
2024-6-25,1,baseline_zero,175,0.004157617,0
2024-6-26,1,baseline_zero,175,-0.001321004,0
2024-6-27,1,baseline_zero,175,-0.000377751,0
2024-6-28,1,baseline_zero,175,0.000283326,0
2024-7-1,1,baseline_zero,175,-0.001701163,0
2024-7-2,1,baseline_zero,175,-0.003031454,0
2024-7-3,1,baseline_zero,175,-0.002564957,0
2024-7-4,1,baseline_zero,175,-0.00238084,0
2024-7-5,1,baseline_zero,175,0.001143511,0
2024-7-8,1,baseline_zero,175,0.001237329,0
2024-7-9,1,baseline_zero,175,-0.000761252,0
2024-7-10,1,baseline_zero,175,-0.005823683,0
2024-7-11,1,baseline_zero,175,-0.003356834,0
2024-7-12,1,baseline_zero,175,0.000960246,0
2024-7-15,1,baseline_zero,175,0.000767533,0
2024-7-16,1,baseline_zero,175,-0.00499953,0
2024-7-17,1,baseline_zero,175,0.004040021,0
2024-7-18,1,baseline_zero,175,0.002205495,0
2024-7-19,1,baseline_zero,175,-0.000862441,0
2024-7-22,1,baseline_zero,175,0.001341253,0
2024-7-23,1,baseline_zero,175,-0.000574603,0
2024-7-24,1,baseline_zero,175,-0.000287425,0
2024-7-25,1,baseline_zero,175,-0.000383362,0
2024-5-31,1,baseline_zero,176,-0.005076396,0
2024-6-3,1,baseline_zero,176,-0.000288115,0
2024-6-4,1,baseline_zero,176,0.001535656,0
2024-6-5,1,baseline_zero,176,-0.001631713,0
2024-6-6,1,baseline_zero,176,0.007560206,0
2024-6-7,1,baseline_zero,176,0.00247572,0
2024-6-10,1,baseline_zero,176,0.000760529,0
2024-6-11,1,baseline_zero,176,-0.005622543,0
2024-6-12,1,baseline_zero,176,0.005337413,0
2024-6-13,1,baseline_zero,176,0.003321474,0
2024-6-14,1,baseline_zero,176,-0.00218144,0
2024-6-17,1,baseline_zero,176,-0.000569855,0
2024-6-18,1,baseline_zero,176,-9.50E-05,0
2024-6-19,1,baseline_zero,176,0.003225197,0
2024-6-20,1,baseline_zero,176,0.00198685,0
2024-6-21,1,baseline_zero,176,-0.003123967,0
2024-6-24,1,baseline_zero,176,0.001326511,0
2024-6-25,1,baseline_zero,176,0.004157617,0
2024-6-26,1,baseline_zero,176,-0.001321004,0
2024-6-27,1,baseline_zero,176,-0.000377751,0
2024-6-28,1,baseline_zero,176,0.000283326,0
2024-7-1,1,baseline_zero,176,-0.001701163,0
2024-7-2,1,baseline_zero,176,-0.003031454,0
2024-7-3,1,baseline_zero,176,-0.002564957,0
2024-7-4,1,baseline_zero,176,-0.00238084,0
2024-7-5,1,baseline_zero,176,0.001143511,0
2024-7-8,1,baseline_zero,176,0.001237329,0
2024-7-9,1,baseline_zero,176,-0.000761252,0
2024-7-10,1,baseline_zero,176,-0.005823683,0
2024-7-11,1,baseline_zero,176,-0.003356834,0
2024-7-12,1,baseline_zero,176,0.000960246,0
2024-7-15,1,baseline_zero,176,0.000767533,0
2024-7-16,1,baseline_zero,176,-0.00499953,0
2024-7-17,1,baseline_zero,176,0.004040021,0
2024-7-18,1,baseline_zero,176,0.002205495,0
2024-7-19,1,baseline_zero,176,-0.000862441,0
2024-7-22,1,baseline_zero,176,0.001341253,0
2024-7-23,1,baseline_zero,176,-0.000574603,0
2024-7-24,1,baseline_zero,176,-0.000287425,0
2024-7-25,1,baseline_zero,176,-0.000383362,0
2024-7-26,1,baseline_zero,176,0.002297971,0
2024-7-29,1,baseline_zero,176,-9.56E-05,0
2024-7-30,1,baseline_zero,176,-0.00431345,0
2024-7-31,1,baseline_zero,176,0.003069252,0
2024-8-1,1,baseline_zero,176,-0.01165548,0
2024-8-2,1,baseline_zero,176,-0.005051006,0
2024-8-5,1,baseline_zero,176,0.002722942,0
2024-8-6,1,baseline_zero,176,0.002231169,0
2024-8-7,1,baseline_zero,176,9.69E-05,0
2024-8-8,1,baseline_zero,176,-0.000678459,0
2024-8-9,1,baseline_zero,176,0,0
2024-8-12,1,baseline_zero,176,-0.005639295,0
2024-8-13,1,baseline_zero,176,9.75E-05,0
2024-8-14,1,baseline_zero,176,0.003989302,0
2024-8-15,1,baseline_zero,176,-0.005062316,0
2024-8-16,1,baseline_zero,176,-0.005578679,0
2024-8-19,1,baseline_zero,176,-0.004426309,0
2024-8-20,1,baseline_zero,176,-0.003951013,0
2024-8-21,1,baseline_zero,176,0.004640838,0
2024-8-22,1,baseline_zero,176,-0.007812926,0
2024-6-28,1,baseline_zero,177,0.000283326,0
2024-7-1,1,baseline_zero,177,-0.001701163,0
2024-7-2,1,baseline_zero,177,-0.003031454,0
2024-7-3,1,baseline_zero,177,-0.002564957,0
2024-7-4,1,baseline_zero,177,-0.00238084,0
2024-7-5,1,baseline_zero,177,0.001143511,0
2024-7-8,1,baseline_zero,177,0.001237329,0
2024-7-9,1,baseline_zero,177,-0.000761252,0
2024-7-10,1,baseline_zero,177,-0.005823683,0
2024-7-11,1,baseline_zero,177,-0.003356834,0
2024-7-12,1,baseline_zero,177,0.000960246,0
2024-7-15,1,baseline_zero,177,0.000767533,0
2024-7-16,1,baseline_zero,177,-0.00499953,0
2024-7-17,1,baseline_zero,177,0.004040021,0
2024-7-18,1,baseline_zero,177,0.002205495,0
2024-7-19,1,baseline_zero,177,-0.000862441,0
2024-7-22,1,baseline_zero,177,0.001341253,0
2024-7-23,1,baseline_zero,177,-0.000574603,0
2024-7-24,1,baseline_zero,177,-0.000287425,0
2024-7-25,1,baseline_zero,177,-0.000383362,0
2024-7-26,1,baseline_zero,177,0.002297971,0
2024-7-29,1,baseline_zero,177,-9.56E-05,0
2024-7-30,1,baseline_zero,177,-0.00431345,0
2024-7-31,1,baseline_zero,177,0.003069252,0
2024-8-1,1,baseline_zero,177,-0.01165548,0
2024-8-2,1,baseline_zero,177,-0.005051006,0
2024-8-5,1,baseline_zero,177,0.002722942,0
2024-8-6,1,baseline_zero,177,0.002231169,0
2024-8-7,1,baseline_zero,177,9.69E-05,0
2024-8-8,1,baseline_zero,177,-0.000678459,0
2024-8-9,1,baseline_zero,177,0,0
2024-8-12,1,baseline_zero,177,-0.005639295,0
2024-8-13,1,baseline_zero,177,9.75E-05,0
2024-8-14,1,baseline_zero,177,0.003989302,0
2024-8-15,1,baseline_zero,177,-0.005062316,0
2024-8-16,1,baseline_zero,177,-0.005578679,0
2024-8-19,1,baseline_zero,177,-0.004426309,0
2024-8-20,1,baseline_zero,177,-0.003951013,0
2024-8-21,1,baseline_zero,177,0.004640838,0
2024-8-22,1,baseline_zero,177,-0.007812926,0
2024-8-23,1,baseline_zero,177,0.001289875,0
2024-8-26,1,baseline_zero,177,-0.002979148,0
2024-8-27,1,baseline_zero,177,0.005356093,0
2024-8-28,1,baseline_zero,177,0.002469991,0
2024-8-29,1,baseline_zero,177,0.003546103,0
2024-8-30,1,baseline_zero,177,-0.000491763,0
2024-9-2,1,baseline_zero,177,0.001671008,0
2024-9-3,1,baseline_zero,177,-0.004528012,0
2024-9-4,1,baseline_zero,177,-0.002469503,0
2024-9-5,1,baseline_zero,177,0.000692076,0
2024-9-6,1,baseline_zero,177,0.003650179,0
2024-9-9,1,baseline_zero,177,0.000787479,0
2024-9-10,1,baseline_zero,177,0.00049186,0
2024-9-11,1,baseline_zero,177,-0.003053437,0
2024-9-12,1,baseline_zero,177,-0.002568156,0
2024-9-13,1,baseline_zero,177,-0.003467582,0
2024-9-16,1,baseline_zero,177,0.001289363,0
2024-9-17,1,baseline_zero,177,-0.002878557,0
2024-9-18,1,baseline_zero,177,9.94E-05,0
2024-9-19,1,baseline_zero,177,0.001092733,0
2024-7-26,1,baseline_zero,178,0.002297971,0
2024-7-29,1,baseline_zero,178,-9.56E-05,0
2024-7-30,1,baseline_zero,178,-0.00431345,0
2024-7-31,1,baseline_zero,178,0.003069252,0
2024-8-1,1,baseline_zero,178,-0.01165548,0
2024-8-2,1,baseline_zero,178,-0.005051006,0
2024-8-5,1,baseline_zero,178,0.002722942,0
2024-8-6,1,baseline_zero,178,0.002231169,0
2024-8-7,1,baseline_zero,178,9.69E-05,0
2024-8-8,1,baseline_zero,178,-0.000678459,0
2024-8-9,1,baseline_zero,178,0,0
2024-8-12,1,baseline_zero,178,-0.005639295,0
2024-8-13,1,baseline_zero,178,9.75E-05,0
2024-8-14,1,baseline_zero,178,0.003989302,0
2024-8-15,1,baseline_zero,178,-0.005062316,0
2024-8-16,1,baseline_zero,178,-0.005578679,0
2024-8-19,1,baseline_zero,178,-0.004426309,0
2024-8-20,1,baseline_zero,178,-0.003951013,0
2024-8-21,1,baseline_zero,178,0.004640838,0
2024-8-22,1,baseline_zero,178,-0.007812926,0
2024-8-23,1,baseline_zero,178,0.001289875,0
2024-8-26,1,baseline_zero,178,-0.002979148,0
2024-8-27,1,baseline_zero,178,0.005356093,0
2024-8-28,1,baseline_zero,178,0.002469991,0
2024-8-29,1,baseline_zero,178,0.003546103,0
2024-8-30,1,baseline_zero,178,-0.000491763,0
2024-9-2,1,baseline_zero,178,0.001671008,0
2024-9-3,1,baseline_zero,178,-0.004528012,0
2024-9-4,1,baseline_zero,178,-0.002469503,0
2024-9-5,1,baseline_zero,178,0.000692076,0
2024-9-6,1,baseline_zero,178,0.003650179,0
2024-9-9,1,baseline_zero,178,0.000787479,0
2024-9-10,1,baseline_zero,178,0.00049186,0
2024-9-11,1,baseline_zero,178,-0.003053437,0
2024-9-12,1,baseline_zero,178,-0.002568156,0
2024-9-13,1,baseline_zero,178,-0.003467582,0
2024-9-16,1,baseline_zero,178,0.001289363,0
2024-9-17,1,baseline_zero,178,-0.002878557,0
2024-9-18,1,baseline_zero,178,9.94E-05,0
2024-9-19,1,baseline_zero,178,0.001092733,0
2024-9-20,1,baseline_zero,178,0.001289875,0
2024-9-23,1,baseline_zero,178,-0.003775089,0
2024-9-24,1,baseline_zero,178,0.004369855,0
2024-9-25,1,baseline_zero,178,-0.003872318,0
2024-9-26,1,baseline_zero,178,-0.001393728,0
2024-9-27,1,baseline_zero,178,0.003976939,0
2024-9-30,1,baseline_zero,178,0.004060014,0
2024-10-1,1,baseline_zero,178,0.004830689,0
2024-10-2,1,baseline_zero,178,0.003044142,0
2024-10-3,1,baseline_zero,178,0.005183132,0
2024-10-4,1,baseline_zero,178,0.000195065,0
2024-10-7,1,baseline_zero,178,9.75E-05,0
2024-10-8,1,baseline_zero,178,0.003698661,0
2024-10-9,1,baseline_zero,178,0.000582751,0
2024-10-10,1,baseline_zero,178,-0.00097144,0
2024-10-11,1,baseline_zero,178,0.00397692,0
2024-10-14,1,baseline_zero,178,-0.000387297,0
2024-10-15,1,baseline_zero,178,0.003190721,0
2024-10-16,1,baseline_zero,178,0.00221783,0
2024-10-17,1,baseline_zero,178,-0.003183641,0
2024-8-23,1,baseline_zero,179,0.001289875,0
2024-8-26,1,baseline_zero,179,-0.002979148,0
2024-8-27,1,baseline_zero,179,0.005356093,0
2024-8-28,1,baseline_zero,179,0.002469991,0
2024-8-29,1,baseline_zero,179,0.003546103,0
2024-8-30,1,baseline_zero,179,-0.000491763,0
2024-9-2,1,baseline_zero,179,0.001671008,0
2024-9-3,1,baseline_zero,179,-0.004528012,0
2024-9-4,1,baseline_zero,179,-0.002469503,0
2024-9-5,1,baseline_zero,179,0.000692076,0
2024-9-6,1,baseline_zero,179,0.003650179,0
2024-9-9,1,baseline_zero,179,0.000787479,0
2024-9-10,1,baseline_zero,179,0.00049186,0
2024-9-11,1,baseline_zero,179,-0.003053437,0
2024-9-12,1,baseline_zero,179,-0.002568156,0
2024-9-13,1,baseline_zero,179,-0.003467582,0
2024-9-16,1,baseline_zero,179,0.001289363,0
2024-9-17,1,baseline_zero,179,-0.002878557,0
2024-9-18,1,baseline_zero,179,9.94E-05,0
2024-9-19,1,baseline_zero,179,0.001092733,0
2024-9-20,1,baseline_zero,179,0.001289875,0
2024-9-23,1,baseline_zero,179,-0.003775089,0
2024-9-24,1,baseline_zero,179,0.004369855,0
2024-9-25,1,baseline_zero,179,-0.003872318,0
2024-9-26,1,baseline_zero,179,-0.001393728,0
2024-9-27,1,baseline_zero,179,0.003976939,0
2024-9-30,1,baseline_zero,179,0.004060014,0
2024-10-1,1,baseline_zero,179,0.004830689,0
2024-10-2,1,baseline_zero,179,0.003044142,0
2024-10-3,1,baseline_zero,179,0.005183132,0
2024-10-4,1,baseline_zero,179,0.000195065,0
2024-10-7,1,baseline_zero,179,9.75E-05,0
2024-10-8,1,baseline_zero,179,0.003698661,0
2024-10-9,1,baseline_zero,179,0.000582751,0
2024-10-10,1,baseline_zero,179,-0.00097144,0
2024-10-11,1,baseline_zero,179,0.00397692,0
2024-10-14,1,baseline_zero,179,-0.000387297,0
2024-10-15,1,baseline_zero,179,0.003190721,0
2024-10-16,1,baseline_zero,179,0.00221783,0
2024-10-17,1,baseline_zero,179,-0.003183641,0
2024-10-18,1,baseline_zero,179,0.005012059,0
2024-10-21,1,baseline_zero,179,0.000576701,0
2024-10-22,1,baseline_zero,179,0.003453241,0
2024-10-23,1,baseline_zero,179,-0.003549335,0
2024-10-24,1,baseline_zero,179,0.001920123,0
2024-10-25,1,baseline_zero,179,0.000575319,0
2024-10-28,1,baseline_zero,179,0,0
2024-10-29,1,baseline_zero,179,-0.003168358,0
2024-10-30,1,baseline_zero,179,-9.62E-05,0
2024-10-31,1,baseline_zero,179,0.002881016,0
2024-11-1,1,baseline_zero,179,-0.003746942,0
2024-11-4,1,baseline_zero,179,-0.00453428,0
2024-11-5,1,baseline_zero,179,0.016018759,0
2024-11-6,1,baseline_zero,179,-0.005534365,0
2024-11-7,1,baseline_zero,179,0.00467759,0
2024-11-8,1,baseline_zero,179,0.005129678,0
2024-11-11,1,baseline_zero,179,0.004537728,0
2024-11-12,1,baseline_zero,179,0.004329419,0
2024-11-13,1,baseline_zero,179,0.001782783,0
2024-11-14,1,baseline_zero,179,0.000187477,0
2024-9-20,1,baseline_zero,180,0.001289875,0
2024-9-23,1,baseline_zero,180,-0.003775089,0
2024-9-24,1,baseline_zero,180,0.004369855,0
2024-9-25,1,baseline_zero,180,-0.003872318,0
2024-9-26,1,baseline_zero,180,-0.001393728,0
2024-9-27,1,baseline_zero,180,0.003976939,0
2024-9-30,1,baseline_zero,180,0.004060014,0
2024-10-1,1,baseline_zero,180,0.004830689,0
2024-10-2,1,baseline_zero,180,0.003044142,0
2024-10-3,1,baseline_zero,180,0.005183132,0
2024-10-4,1,baseline_zero,180,0.000195065,0
2024-10-7,1,baseline_zero,180,9.75E-05,0
2024-10-8,1,baseline_zero,180,0.003698661,0
2024-10-9,1,baseline_zero,180,0.000582751,0
2024-10-10,1,baseline_zero,180,-0.00097144,0
2024-10-11,1,baseline_zero,180,0.00397692,0
2024-10-14,1,baseline_zero,180,-0.000387297,0
2024-10-15,1,baseline_zero,180,0.003190721,0
2024-10-16,1,baseline_zero,180,0.00221783,0
2024-10-17,1,baseline_zero,180,-0.003183641,0
2024-10-18,1,baseline_zero,180,0.005012059,0
2024-10-21,1,baseline_zero,180,0.000576701,0
2024-10-22,1,baseline_zero,180,0.003453241,0
2024-10-23,1,baseline_zero,180,-0.003549335,0
2024-10-24,1,baseline_zero,180,0.001920123,0
2024-10-25,1,baseline_zero,180,0.000575319,0
2024-10-28,1,baseline_zero,180,0,0
2024-10-29,1,baseline_zero,180,-0.003168358,0
2024-10-30,1,baseline_zero,180,-9.62E-05,0
2024-10-31,1,baseline_zero,180,0.002881016,0
2024-11-1,1,baseline_zero,180,-0.003746942,0
2024-11-4,1,baseline_zero,180,-0.00453428,0
2024-11-5,1,baseline_zero,180,0.016018759,0
2024-11-6,1,baseline_zero,180,-0.005534365,0
2024-11-7,1,baseline_zero,180,0.00467759,0
2024-11-8,1,baseline_zero,180,0.005129678,0
2024-11-11,1,baseline_zero,180,0.004537728,0
2024-11-12,1,baseline_zero,180,0.004329419,0
2024-11-13,1,baseline_zero,180,0.001782783,0
2024-11-14,1,baseline_zero,180,0.000187477,0
2024-11-15,1,baseline_zero,180,-0.003850312,0
2024-11-18,1,baseline_zero,180,-0.000658855,0
2024-11-19,1,baseline_zero,180,0.004415433,0
2024-11-20,1,baseline_zero,180,0.002714722,0
2024-11-21,1,baseline_zero,180,0.005407434,0
2024-11-22,1,baseline_zero,180,-0.006810681,0
2024-11-25,1,baseline_zero,180,0.001777113,0
2024-11-26,1,baseline_zero,180,-0.008728762,0
2024-11-27,1,baseline_zero,180,0.000565451,0
2024-11-28,1,baseline_zero,180,-0.003775727,0
2024-11-29,1,baseline_zero,180,0.006692141,0
2024-12-2,1,baseline_zero,180,-0.000845825,0
2024-12-3,1,baseline_zero,180,-0.000376152,0
2024-12-4,1,baseline_zero,180,-0.005753919,0
2024-12-5,1,baseline_zero,180,0.003305476,0
2024-12-6,1,baseline_zero,180,0.000754006,0
2024-12-9,1,baseline_zero,180,0.0024466,0
2024-12-10,1,baseline_zero,180,0.002909298,0
2024-12-11,1,baseline_zero,180,0.002340058,0
2024-12-12,1,baseline_zero,180,0.000373902,0
2024-10-18,1,baseline_zero,181,0.005012059,0
2024-10-21,1,baseline_zero,181,0.000576701,0
2024-10-22,1,baseline_zero,181,0.003453241,0
2024-10-23,1,baseline_zero,181,-0.003549335,0
2024-10-24,1,baseline_zero,181,0.001920123,0
2024-10-25,1,baseline_zero,181,0.000575319,0
2024-10-28,1,baseline_zero,181,0,0
2024-10-29,1,baseline_zero,181,-0.003168358,0
2024-10-30,1,baseline_zero,181,-9.62E-05,0
2024-10-31,1,baseline_zero,181,0.002881016,0
2024-11-1,1,baseline_zero,181,-0.003746942,0
2024-11-4,1,baseline_zero,181,-0.00453428,0
2024-11-5,1,baseline_zero,181,0.016018759,0
2024-11-6,1,baseline_zero,181,-0.005534365,0
2024-11-7,1,baseline_zero,181,0.00467759,0
2024-11-8,1,baseline_zero,181,0.005129678,0
2024-11-11,1,baseline_zero,181,0.004537728,0
2024-11-12,1,baseline_zero,181,0.004329419,0
2024-11-13,1,baseline_zero,181,0.001782783,0
2024-11-14,1,baseline_zero,181,0.000187477,0
2024-11-15,1,baseline_zero,181,-0.003850312,0
2024-11-18,1,baseline_zero,181,-0.000658855,0
2024-11-19,1,baseline_zero,181,0.004415433,0
2024-11-20,1,baseline_zero,181,0.002714722,0
2024-11-21,1,baseline_zero,181,0.005407434,0
2024-11-22,1,baseline_zero,181,-0.006810681,0
2024-11-25,1,baseline_zero,181,0.001777113,0
2024-11-26,1,baseline_zero,181,-0.008728762,0
2024-11-27,1,baseline_zero,181,0.000565451,0
2024-11-28,1,baseline_zero,181,-0.003775727,0
2024-11-29,1,baseline_zero,181,0.006692141,0
2024-12-2,1,baseline_zero,181,-0.000845825,0
2024-12-3,1,baseline_zero,181,-0.000376152,0
2024-12-4,1,baseline_zero,181,-0.005753919,0
2024-12-5,1,baseline_zero,181,0.003305476,0
2024-12-6,1,baseline_zero,181,0.000754006,0
2024-12-9,1,baseline_zero,181,0.0024466,0
2024-12-10,1,baseline_zero,181,0.002909298,0
2024-12-11,1,baseline_zero,181,0.002340058,0
2024-12-12,1,baseline_zero,181,0.000373902,0
2024-12-13,1,baseline_zero,181,-0.001309268,0
2024-12-16,1,baseline_zero,181,0.000935366,0
2024-12-17,1,baseline_zero,181,0.009954034,0
2024-12-18,1,baseline_zero,181,0.003511369,0
2024-12-19,1,baseline_zero,181,-0.007313832,0
2024-12-20,1,baseline_zero,181,0.003895025,0
2024-12-23,1,baseline_zero,181,0.001479837,0
2024-12-24,1,baseline_zero,181,-0.000647159,0
2024-12-26,1,baseline_zero,181,-0.00120298,0
2024-12-27,1,baseline_zero,181,0.00120298,0
2024-12-30,1,baseline_zero,181,0.003323796,0
2024-12-31,1,baseline_zero,181,0.008261475,0
2025-1-2,1,baseline_zero,181,-0.004030417,0
2025-1-3,1,baseline_zero,181,-0.00635332,0
2025-1-6,1,baseline_zero,181,0.002583027,0
2025-1-7,1,baseline_zero,181,0.005054461,0
2025-1-8,1,baseline_zero,181,0.000824667,0
2025-1-9,1,baseline_zero,181,0.004295579,0
2025-1-10,1,baseline_zero,181,0.002823188,0
2025-1-13,1,baseline_zero,181,-0.00629478,0
2024-11-15,1,baseline_zero,182,-0.003850312,0
2024-11-18,1,baseline_zero,182,-0.000658855,0
2024-11-19,1,baseline_zero,182,0.004415433,0
2024-11-20,1,baseline_zero,182,0.002714722,0
2024-11-21,1,baseline_zero,182,0.005407434,0
2024-11-22,1,baseline_zero,182,-0.006810681,0
2024-11-25,1,baseline_zero,182,0.001777113,0
2024-11-26,1,baseline_zero,182,-0.008728762,0
2024-11-27,1,baseline_zero,182,0.000565451,0
2024-11-28,1,baseline_zero,182,-0.003775727,0
2024-11-29,1,baseline_zero,182,0.006692141,0
2024-12-2,1,baseline_zero,182,-0.000845825,0
2024-12-3,1,baseline_zero,182,-0.000376152,0
2024-12-4,1,baseline_zero,182,-0.005753919,0
2024-12-5,1,baseline_zero,182,0.003305476,0
2024-12-6,1,baseline_zero,182,0.000754006,0
2024-12-9,1,baseline_zero,182,0.0024466,0
2024-12-10,1,baseline_zero,182,0.002909298,0
2024-12-11,1,baseline_zero,182,0.002340058,0
2024-12-12,1,baseline_zero,182,0.000373902,0
2024-12-13,1,baseline_zero,182,-0.001309268,0
2024-12-16,1,baseline_zero,182,0.000935366,0
2024-12-17,1,baseline_zero,182,0.009954034,0
2024-12-18,1,baseline_zero,182,0.003511369,0
2024-12-19,1,baseline_zero,182,-0.007313832,0
2024-12-20,1,baseline_zero,182,0.003895025,0
2024-12-23,1,baseline_zero,182,0.001479837,0
2024-12-24,1,baseline_zero,182,-0.000647159,0
2024-12-26,1,baseline_zero,182,-0.00120298,0
2024-12-27,1,baseline_zero,182,0.00120298,0
2024-12-30,1,baseline_zero,182,0.003323796,0
2024-12-31,1,baseline_zero,182,0.008261475,0
2025-1-2,1,baseline_zero,182,-0.004030417,0
2025-1-3,1,baseline_zero,182,-0.00635332,0
2025-1-6,1,baseline_zero,182,0.002583027,0
2025-1-7,1,baseline_zero,182,0.005054461,0
2025-1-8,1,baseline_zero,182,0.000824667,0
2025-1-9,1,baseline_zero,182,0.004295579,0
2025-1-10,1,baseline_zero,182,0.002823188,0
2025-1-13,1,baseline_zero,182,-0.00629478,0
2025-1-14,1,baseline_zero,182,-0.001648654,0
2025-1-15,1,baseline_zero,182,-0.001192387,0
2025-1-16,1,baseline_zero,182,0.003572905,0
2025-1-17,1,baseline_zero,182,0,0
2025-1-20,1,baseline_zero,182,-0.011867119,0
2025-1-21,1,baseline_zero,182,0.001017435,0
2025-1-22,1,baseline_zero,182,-0.001109981,0
2025-1-23,1,baseline_zero,182,-0.005661531,0
2025-1-24,1,baseline_zero,182,-0.000931185,0
2025-1-27,1,baseline_zero,182,0.004925432,0
2025-1-28,1,baseline_zero,182,0.001204429,0
2025-1-29,1,baseline_zero,182,-0.001853569,0
2025-1-30,1,baseline_zero,182,0.005273639,0
2025-1-31,1,baseline_zero,182,0.005704837,0
2025-2-3,1,baseline_zero,182,-0.009495347,0
2025-2-4,1,baseline_zero,182,-0.003526031,0
2025-2-5,1,baseline_zero,182,0.001021972,0
2025-2-6,1,baseline_zero,182,0.0032448,0
2025-2-7,1,baseline_zero,182,0.00258828,0
2025-2-10,1,baseline_zero,182,-0.003329021,0
2024-12-13,1,baseline_zero,183,-0.001309268,0
2024-12-16,1,baseline_zero,183,0.000935366,0
2024-12-17,1,baseline_zero,183,0.009954034,0
2024-12-18,1,baseline_zero,183,0.003511369,0
2024-12-19,1,baseline_zero,183,-0.007313832,0
2024-12-20,1,baseline_zero,183,0.003895025,0
2024-12-23,1,baseline_zero,183,0.001479837,0
2024-12-24,1,baseline_zero,183,-0.000647159,0
2024-12-26,1,baseline_zero,183,-0.00120298,0
2024-12-27,1,baseline_zero,183,0.00120298,0
2024-12-30,1,baseline_zero,183,0.003323796,0
2024-12-31,1,baseline_zero,183,0.008261475,0
2025-1-2,1,baseline_zero,183,-0.004030417,0
2025-1-3,1,baseline_zero,183,-0.00635332,0
2025-1-6,1,baseline_zero,183,0.002583027,0
2025-1-7,1,baseline_zero,183,0.005054461,0
2025-1-8,1,baseline_zero,183,0.000824667,0
2025-1-9,1,baseline_zero,183,0.004295579,0
2025-1-10,1,baseline_zero,183,0.002823188,0
2025-1-13,1,baseline_zero,183,-0.00629478,0
2025-1-14,1,baseline_zero,183,-0.001648654,0
2025-1-15,1,baseline_zero,183,-0.001192387,0
2025-1-16,1,baseline_zero,183,0.003572905,0
2025-1-17,1,baseline_zero,183,0,0
2025-1-20,1,baseline_zero,183,-0.011867119,0
2025-1-21,1,baseline_zero,183,0.001017435,0
2025-1-22,1,baseline_zero,183,-0.001109981,0
2025-1-23,1,baseline_zero,183,-0.005661531,0
2025-1-24,1,baseline_zero,183,-0.000931185,0
2025-1-27,1,baseline_zero,183,0.004925432,0
2025-1-28,1,baseline_zero,183,0.001204429,0
2025-1-29,1,baseline_zero,183,-0.001853569,0
2025-1-30,1,baseline_zero,183,0.005273639,0
2025-1-31,1,baseline_zero,183,0.005704837,0
2025-2-3,1,baseline_zero,183,-0.009495347,0
2025-2-4,1,baseline_zero,183,-0.003526031,0
2025-2-5,1,baseline_zero,183,0.001021972,0
2025-2-6,1,baseline_zero,183,0.0032448,0
2025-2-7,1,baseline_zero,183,0.00258828,0
2025-2-10,1,baseline_zero,183,-0.003329021,0
2025-2-11,1,baseline_zero,183,-0.000185271,0
2025-2-12,1,baseline_zero,183,-0.005853675,0
2025-2-13,1,baseline_zero,183,-0.005606967,0
2025-2-14,1,baseline_zero,183,-0.001312828,0
2025-2-17,1,baseline_zero,183,0.004493969,0
2025-2-18,1,baseline_zero,183,0.001120344,0
2025-2-19,1,baseline_zero,183,-0.007492776,0
2025-2-20,1,baseline_zero,183,0.002253734,0
2025-2-21,1,baseline_zero,183,-9.38E-05,0
2025-2-24,1,baseline_zero,183,-0.002724157,0
2025-2-25,1,baseline_zero,183,0.001034175,0
2025-2-26,1,baseline_zero,183,0.007675784,0
2025-2-27,1,baseline_zero,183,0.003444267,0
2025-2-28,1,baseline_zero,183,-0.008023928,0
2025-3-3,1,baseline_zero,183,-0.009506401,0
2025-3-4,1,baseline_zero,183,-0.013711889,0
2025-3-5,1,baseline_zero,183,-0.002303706,0
2025-3-6,1,baseline_zero,183,-0.002116403,0
2025-3-7,1,baseline_zero,183,0.001251143,0
2025-3-10,1,baseline_zero,183,-0.00656183,0
2025-1-14,1,baseline_zero,184,-0.001648654,0
2025-1-15,1,baseline_zero,184,-0.001192387,0
2025-1-16,1,baseline_zero,184,0.003572905,0
2025-1-17,1,baseline_zero,184,0,0
2025-1-20,1,baseline_zero,184,-0.011867119,0
2025-1-21,1,baseline_zero,184,0.001017435,0
2025-1-22,1,baseline_zero,184,-0.001109981,0
2025-1-23,1,baseline_zero,184,-0.005661531,0
2025-1-24,1,baseline_zero,184,-0.000931185,0
2025-1-27,1,baseline_zero,184,0.004925432,0
2025-1-28,1,baseline_zero,184,0.001204429,0
2025-1-29,1,baseline_zero,184,-0.001853569,0
2025-1-30,1,baseline_zero,184,0.005273639,0
2025-1-31,1,baseline_zero,184,0.005704837,0
2025-2-3,1,baseline_zero,184,-0.009495347,0
2025-2-4,1,baseline_zero,184,-0.003526031,0
2025-2-5,1,baseline_zero,184,0.001021972,0
2025-2-6,1,baseline_zero,184,0.0032448,0
2025-2-7,1,baseline_zero,184,0.00258828,0
2025-2-10,1,baseline_zero,184,-0.003329021,0
2025-2-11,1,baseline_zero,184,-0.000185271,0
2025-2-12,1,baseline_zero,184,-0.005853675,0
2025-2-13,1,baseline_zero,184,-0.005606967,0
2025-2-14,1,baseline_zero,184,-0.001312828,0
2025-2-17,1,baseline_zero,184,0.004493969,0
2025-2-18,1,baseline_zero,184,0.001120344,0
2025-2-19,1,baseline_zero,184,-0.007492776,0
2025-2-20,1,baseline_zero,184,0.002253734,0
2025-2-21,1,baseline_zero,184,-9.38E-05,0
2025-2-24,1,baseline_zero,184,-0.002724157,0
2025-2-25,1,baseline_zero,184,0.001034175,0
2025-2-26,1,baseline_zero,184,0.007675784,0
2025-2-27,1,baseline_zero,184,0.003444267,0
2025-2-28,1,baseline_zero,184,-0.008023928,0
2025-3-3,1,baseline_zero,184,-0.009506401,0
2025-3-4,1,baseline_zero,184,-0.013711889,0
2025-3-5,1,baseline_zero,184,-0.002303706,0
2025-3-6,1,baseline_zero,184,-0.002116403,0
2025-3-7,1,baseline_zero,184,0.001251143,0
2025-3-10,1,baseline_zero,184,-0.00656183,0
2025-3-11,1,baseline_zero,184,0.003093284,0
2025-3-12,1,baseline_zero,184,0.002121096,0
2025-3-13,1,baseline_zero,184,-0.001059986,0
2025-3-14,1,baseline_zero,184,-0.003380176,0
2025-3-17,1,baseline_zero,184,-0.00125841,0
2025-3-18,1,baseline_zero,184,0.001838681,0
2025-3-19,1,baseline_zero,184,0.004052495,0
2025-3-20,1,baseline_zero,184,0.002308359,0
2025-3-21,1,baseline_zero,184,0.00163187,0
2025-3-24,1,baseline_zero,184,-0.000767607,0
2025-3-25,1,baseline_zero,184,0.003545254,0
2025-3-26,1,baseline_zero,184,-0.002106473,0
2025-3-27,1,baseline_zero,184,-0.002783512,0
2025-3-28,1,baseline_zero,184,0.001632653,0
2025-3-31,1,baseline_zero,184,0.000479685,0
2025-4-1,1,baseline_zero,184,-0.004325474,0
2025-4-2,1,baseline_zero,184,-0.016903453,0
2025-4-3,1,baseline_zero,184,0.009264292,0
2025-4-4,1,baseline_zero,184,0.002326935,0
2025-4-7,1,baseline_zero,184,-0.002909516,0
2025-2-11,1,baseline_zero,185,-0.000185271,0
2025-2-12,1,baseline_zero,185,-0.005853675,0
2025-2-13,1,baseline_zero,185,-0.005606967,0
2025-2-14,1,baseline_zero,185,-0.001312828,0
2025-2-17,1,baseline_zero,185,0.004493969,0
2025-2-18,1,baseline_zero,185,0.001120344,0
2025-2-19,1,baseline_zero,185,-0.007492776,0
2025-2-20,1,baseline_zero,185,0.002253734,0
2025-2-21,1,baseline_zero,185,-9.38E-05,0
2025-2-24,1,baseline_zero,185,-0.002724157,0
2025-2-25,1,baseline_zero,185,0.001034175,0
2025-2-26,1,baseline_zero,185,0.007675784,0
2025-2-27,1,baseline_zero,185,0.003444267,0
2025-2-28,1,baseline_zero,185,-0.008023928,0
2025-3-3,1,baseline_zero,185,-0.009506401,0
2025-3-4,1,baseline_zero,185,-0.013711889,0
2025-3-5,1,baseline_zero,185,-0.002303706,0
2025-3-6,1,baseline_zero,185,-0.002116403,0
2025-3-7,1,baseline_zero,185,0.001251143,0
2025-3-10,1,baseline_zero,185,-0.00656183,0
2025-3-11,1,baseline_zero,185,0.003093284,0
2025-3-12,1,baseline_zero,185,0.002121096,0
2025-3-13,1,baseline_zero,185,-0.001059986,0
2025-3-14,1,baseline_zero,185,-0.003380176,0
2025-3-17,1,baseline_zero,185,-0.00125841,0
2025-3-18,1,baseline_zero,185,0.001838681,0
2025-3-19,1,baseline_zero,185,0.004052495,0
2025-3-20,1,baseline_zero,185,0.002308359,0
2025-3-21,1,baseline_zero,185,0.00163187,0
2025-3-24,1,baseline_zero,185,-0.000767607,0
2025-3-25,1,baseline_zero,185,0.003545254,0
2025-3-26,1,baseline_zero,185,-0.002106473,0
2025-3-27,1,baseline_zero,185,-0.002783512,0
2025-3-28,1,baseline_zero,185,0.001632653,0
2025-3-31,1,baseline_zero,185,0.000479685,0
2025-4-1,1,baseline_zero,185,-0.004325474,0
2025-4-2,1,baseline_zero,185,-0.016903453,0
2025-4-3,1,baseline_zero,185,0.009264292,0
2025-4-4,1,baseline_zero,185,0.002326935,0
2025-4-7,1,baseline_zero,185,-0.002909516,0
2025-4-8,1,baseline_zero,185,-0.00058292,0
2025-4-9,1,baseline_zero,185,-0.019925084,0
2025-4-10,1,baseline_zero,185,-0.007662873,0
2025-4-11,1,baseline_zero,185,-0.004605996,0
2025-4-14,1,baseline_zero,185,0.005704294,0
2025-4-15,1,baseline_zero,185,-0.008317098,0
2025-4-16,1,baseline_zero,185,0,0
2025-4-17,1,baseline_zero,185,-0.011130339,0
2025-4-21,1,baseline_zero,185,0.006490895,0
2025-4-22,1,baseline_zero,185,0.009257462,0
2025-4-23,1,baseline_zero,185,-0.004618018,0
2025-4-24,1,baseline_zero,185,0.000905205,0
2025-4-25,1,baseline_zero,185,-0.004635236,0
2025-4-28,1,baseline_zero,185,0.002320304,0
2025-4-29,1,baseline_zero,185,0.002314932,0
2025-4-30,1,baseline_zero,185,0.007810975,0
2025-5-1,1,baseline_zero,185,-0.002196925,0
2025-5-2,1,baseline_zero,185,-0.002001402,0
2025-5-5,1,baseline_zero,185,-0.005927581,0
2025-5-6,1,baseline_zero,185,0.003721402,0
2025-3-11,1,baseline_zero,186,0.003093284,0
2025-3-12,1,baseline_zero,186,0.002121096,0
2025-3-13,1,baseline_zero,186,-0.001059986,0
2025-3-14,1,baseline_zero,186,-0.003380176,0
2025-3-17,1,baseline_zero,186,-0.00125841,0
2025-3-18,1,baseline_zero,186,0.001838681,0
2025-3-19,1,baseline_zero,186,0.004052495,0
2025-3-20,1,baseline_zero,186,0.002308359,0
2025-3-21,1,baseline_zero,186,0.00163187,0
2025-3-24,1,baseline_zero,186,-0.000767607,0
2025-3-25,1,baseline_zero,186,0.003545254,0
2025-3-26,1,baseline_zero,186,-0.002106473,0
2025-3-27,1,baseline_zero,186,-0.002783512,0
2025-3-28,1,baseline_zero,186,0.001632653,0
2025-3-31,1,baseline_zero,186,0.000479685,0
2025-4-1,1,baseline_zero,186,-0.004325474,0
2025-4-2,1,baseline_zero,186,-0.016903453,0
2025-4-3,1,baseline_zero,186,0.009264292,0
2025-4-4,1,baseline_zero,186,0.002326935,0
2025-4-7,1,baseline_zero,186,-0.002909516,0
2025-4-8,1,baseline_zero,186,-0.00058292,0
2025-4-9,1,baseline_zero,186,-0.019925084,0
2025-4-10,1,baseline_zero,186,-0.007662873,0
2025-4-11,1,baseline_zero,186,-0.004605996,0
2025-4-14,1,baseline_zero,186,0.005704294,0
2025-4-15,1,baseline_zero,186,-0.008317098,0
2025-4-16,1,baseline_zero,186,0,0
2025-4-17,1,baseline_zero,186,-0.011130339,0
2025-4-21,1,baseline_zero,186,0.006490895,0
2025-4-22,1,baseline_zero,186,0.009257462,0
2025-4-23,1,baseline_zero,186,-0.004618018,0
2025-4-24,1,baseline_zero,186,0.000905205,0
2025-4-25,1,baseline_zero,186,-0.004635236,0
2025-4-28,1,baseline_zero,186,0.002320304,0
2025-4-29,1,baseline_zero,186,0.002314932,0
2025-4-30,1,baseline_zero,186,0.007810975,0
2025-5-1,1,baseline_zero,186,-0.002196925,0
2025-5-2,1,baseline_zero,186,-0.002001402,0
2025-5-5,1,baseline_zero,186,-0.005927581,0
2025-5-6,1,baseline_zero,186,0.003721402,0
2025-5-7,1,baseline_zero,186,0.010287232,0
2025-5-8,1,baseline_zero,186,-0.002985374,0
2025-5-9,1,baseline_zero,186,0.014347448,0
2025-5-12,1,baseline_zero,186,-0.007791351,0
2025-5-13,1,baseline_zero,186,0.000395961,0
2025-5-14,1,baseline_zero,186,-0.001584786,0
2025-5-15,1,baseline_zero,186,0.002079518,0
2025-5-16,1,baseline_zero,186,-0.006550242,0
2025-5-19,1,baseline_zero,186,-0.003091501,0
2025-5-20,1,baseline_zero,186,-0.005608989,0
2025-5-21,1,baseline_zero,186,0.004009628,0
2025-5-22,1,baseline_zero,186,-0.008539762,0
2025-5-23,1,baseline_zero,186,0,0
2025-5-26,1,baseline_zero,186,0.004128285,0
2025-5-27,1,baseline_zero,186,0.003610836,0
2025-5-28,1,baseline_zero,186,-0.006025325,0
2025-5-29,1,baseline_zero,186,0.000503499,0
2025-5-30,1,baseline_zero,186,-0.006261382,0
2025-6-2,1,baseline_zero,186,0.005254129,0
2025-6-3,1,baseline_zero,186,-0.004444003,0
2025-4-8,1,baseline_zero,187,-0.00058292,0
2025-4-9,1,baseline_zero,187,-0.019925084,0
2025-4-10,1,baseline_zero,187,-0.007662873,0
2025-4-11,1,baseline_zero,187,-0.004605996,0
2025-4-14,1,baseline_zero,187,0.005704294,0
2025-4-15,1,baseline_zero,187,-0.008317098,0
2025-4-16,1,baseline_zero,187,0,0
2025-4-17,1,baseline_zero,187,-0.011130339,0
2025-4-21,1,baseline_zero,187,0.006490895,0
2025-4-22,1,baseline_zero,187,0.009257462,0
2025-4-23,1,baseline_zero,187,-0.004618018,0
2025-4-24,1,baseline_zero,187,0.000905205,0
2025-4-25,1,baseline_zero,187,-0.004635236,0
2025-4-28,1,baseline_zero,187,0.002320304,0
2025-4-29,1,baseline_zero,187,0.002314932,0
2025-4-30,1,baseline_zero,187,0.007810975,0
2025-5-1,1,baseline_zero,187,-0.002196925,0
2025-5-2,1,baseline_zero,187,-0.002001402,0
2025-5-5,1,baseline_zero,187,-0.005927581,0
2025-5-6,1,baseline_zero,187,0.003721402,0
2025-5-7,1,baseline_zero,187,0.010287232,0
2025-5-8,1,baseline_zero,187,-0.002985374,0
2025-5-9,1,baseline_zero,187,0.014347448,0
2025-5-12,1,baseline_zero,187,-0.007791351,0
2025-5-13,1,baseline_zero,187,0.000395961,0
2025-5-14,1,baseline_zero,187,-0.001584786,0
2025-5-15,1,baseline_zero,187,0.002079518,0
2025-5-16,1,baseline_zero,187,-0.006550242,0
2025-5-19,1,baseline_zero,187,-0.003091501,0
2025-5-20,1,baseline_zero,187,-0.005608989,0
2025-5-21,1,baseline_zero,187,0.004009628,0
2025-5-22,1,baseline_zero,187,-0.008539762,0
2025-5-23,1,baseline_zero,187,0,0
2025-5-26,1,baseline_zero,187,0.004128285,0
2025-5-27,1,baseline_zero,187,0.003610836,0
2025-5-28,1,baseline_zero,187,-0.006025325,0
2025-5-29,1,baseline_zero,187,0.000503499,0
2025-5-30,1,baseline_zero,187,-0.006261382,0
2025-6-2,1,baseline_zero,187,0.005254129,0
2025-6-3,1,baseline_zero,187,-0.004444003,0
2025-6-4,1,baseline_zero,187,-0.000506252,0
2025-6-5,1,baseline_zero,187,0.00454707,0
2025-6-6,1,baseline_zero,187,-0.002523597,0
2025-6-9,1,baseline_zero,187,0.001615836,0
2025-6-10,1,baseline_zero,187,-0.004753966,0
2025-6-11,1,baseline_zero,187,-0.007224656,0
2025-6-12,1,baseline_zero,187,0.00265171,0
2025-6-13,1,baseline_zero,187,-0.00183505,0
2025-6-16,1,baseline_zero,187,0.008332535,0
2025-6-17,1,baseline_zero,187,0.000809225,0
2025-6-18,1,baseline_zero,187,0,0
2025-6-19,1,baseline_zero,187,-0.00192298,0
2025-6-20,1,baseline_zero,187,-0.002942223,0
2025-6-23,1,baseline_zero,187,-0.00570615,0
2025-6-24,1,baseline_zero,187,-0.001841056,0
2025-6-25,1,baseline_zero,187,-0.005440654,0
2025-6-26,1,baseline_zero,187,0.002570035,0
2025-6-27,1,baseline_zero,187,-0.005353111,0
2025-6-30,1,baseline_zero,187,-0.000619515,0
2025-7-1,1,baseline_zero,187,-0.000413223,0
2025-5-7,1,baseline_zero,188,0.010287232,0
2025-5-8,1,baseline_zero,188,-0.002985374,0
2025-5-9,1,baseline_zero,188,0.014347448,0
2025-5-12,1,baseline_zero,188,-0.007791351,0
2025-5-13,1,baseline_zero,188,0.000395961,0
2025-5-14,1,baseline_zero,188,-0.001584786,0
2025-5-15,1,baseline_zero,188,0.002079518,0
2025-5-16,1,baseline_zero,188,-0.006550242,0
2025-5-19,1,baseline_zero,188,-0.003091501,0
2025-5-20,1,baseline_zero,188,-0.005608989,0
2025-5-21,1,baseline_zero,188,0.004009628,0
2025-5-22,1,baseline_zero,188,-0.008539762,0
2025-5-23,1,baseline_zero,188,0,0
2025-5-26,1,baseline_zero,188,0.004128285,0
2025-5-27,1,baseline_zero,188,0.003610836,0
2025-5-28,1,baseline_zero,188,-0.006025325,0
2025-5-29,1,baseline_zero,188,0.000503499,0
2025-5-30,1,baseline_zero,188,-0.006261382,0
2025-6-2,1,baseline_zero,188,0.005254129,0
2025-6-3,1,baseline_zero,188,-0.004444003,0
2025-6-4,1,baseline_zero,188,-0.000506252,0
2025-6-5,1,baseline_zero,188,0.00454707,0
2025-6-6,1,baseline_zero,188,-0.002523597,0
2025-6-9,1,baseline_zero,188,0.001615836,0
2025-6-10,1,baseline_zero,188,-0.004753966,0
2025-6-11,1,baseline_zero,188,-0.007224656,0
2025-6-12,1,baseline_zero,188,0.00265171,0
2025-6-13,1,baseline_zero,188,-0.00183505,0
2025-6-16,1,baseline_zero,188,0.008332535,0
2025-6-17,1,baseline_zero,188,0.000809225,0
2025-6-18,1,baseline_zero,188,0,0
2025-6-19,1,baseline_zero,188,-0.00192298,0
2025-6-20,1,baseline_zero,188,-0.002942223,0
2025-6-23,1,baseline_zero,188,-0.00570615,0
2025-6-24,1,baseline_zero,188,-0.001841056,0
2025-6-25,1,baseline_zero,188,-0.005440654,0
2025-6-26,1,baseline_zero,188,0.002570035,0
2025-6-27,1,baseline_zero,188,-0.005353111,0
2025-6-30,1,baseline_zero,188,-0.000619515,0
2025-7-1,1,baseline_zero,188,-0.000413223,0
2025-7-2,1,baseline_zero,188,0.004124568,0
2025-7-3,1,baseline_zero,188,-0.002266407,0
2025-7-4,1,baseline_zero,188,0.005348706,0
2025-7-7,1,baseline_zero,188,0.000410256,0
2025-7-8,1,baseline_zero,188,0.000410088,0
2025-7-9,1,baseline_zero,188,0.000922084,0
2025-7-10,1,baseline_zero,188,0.002046037,0
2025-7-11,1,baseline_zero,188,0.002347778,0
2025-7-14,1,baseline_zero,188,0.005490609,0
2025-7-15,1,baseline_zero,188,-0.002334908,0
2025-7-16,1,baseline_zero,188,0.003449679,0
2025-7-17,1,baseline_zero,188,-0.00253537,0
2025-7-18,1,baseline_zero,188,-0.006417788,0
2025-7-21,1,baseline_zero,188,-0.004712158,0
2025-7-22,1,baseline_zero,188,-0.001849949,0
2025-7-23,1,baseline_zero,188,0.001747264,0
2025-7-24,1,baseline_zero,188,0.002666395,0
2025-7-25,1,baseline_zero,188,0.010088229,0
2025-7-28,1,baseline_zero,188,0.002632646,0
2025-7-29,1,baseline_zero,188,0.009360443,0
2025-6-4,1,baseline_zero,189,-0.000506252,0
2025-6-5,1,baseline_zero,189,0.00454707,0
2025-6-6,1,baseline_zero,189,-0.002523597,0
2025-6-9,1,baseline_zero,189,0.001615836,0
2025-6-10,1,baseline_zero,189,-0.004753966,0
2025-6-11,1,baseline_zero,189,-0.007224656,0
2025-6-12,1,baseline_zero,189,0.00265171,0
2025-6-13,1,baseline_zero,189,-0.00183505,0
2025-6-16,1,baseline_zero,189,0.008332535,0
2025-6-17,1,baseline_zero,189,0.000809225,0
2025-6-18,1,baseline_zero,189,0,0
2025-6-19,1,baseline_zero,189,-0.00192298,0
2025-6-20,1,baseline_zero,189,-0.002942223,0
2025-6-23,1,baseline_zero,189,-0.00570615,0
2025-6-24,1,baseline_zero,189,-0.001841056,0
2025-6-25,1,baseline_zero,189,-0.005440654,0
2025-6-26,1,baseline_zero,189,0.002570035,0
2025-6-27,1,baseline_zero,189,-0.005353111,0
2025-6-30,1,baseline_zero,189,-0.000619515,0
2025-7-1,1,baseline_zero,189,-0.000413223,0
2025-7-2,1,baseline_zero,189,0.004124568,0
2025-7-3,1,baseline_zero,189,-0.002266407,0
2025-7-4,1,baseline_zero,189,0.005348706,0
2025-7-7,1,baseline_zero,189,0.000410256,0
2025-7-8,1,baseline_zero,189,0.000410088,0
2025-7-9,1,baseline_zero,189,0.000922084,0
2025-7-10,1,baseline_zero,189,0.002046037,0
2025-7-11,1,baseline_zero,189,0.002347778,0
2025-7-14,1,baseline_zero,189,0.005490609,0
2025-7-15,1,baseline_zero,189,-0.002334908,0
2025-7-16,1,baseline_zero,189,0.003449679,0
2025-7-17,1,baseline_zero,189,-0.00253537,0
2025-7-18,1,baseline_zero,189,-0.006417788,0
2025-7-21,1,baseline_zero,189,-0.004712158,0
2025-7-22,1,baseline_zero,189,-0.001849949,0
2025-7-23,1,baseline_zero,189,0.001747264,0
2025-7-24,1,baseline_zero,189,0.002666395,0
2025-7-25,1,baseline_zero,189,0.010088229,0
2025-7-28,1,baseline_zero,189,0.002632646,0
2025-7-29,1,baseline_zero,189,0.009360443,0
2025-7-30,1,baseline_zero,189,0.001501577,0
2025-7-31,1,baseline_zero,189,-0.008337148,0
2025-8-1,1,baseline_zero,189,-0.003637837,0
2025-8-4,1,baseline_zero,189,0,0
2025-8-5,1,baseline_zero,189,-0.006092626,0
2025-8-6,1,baseline_zero,189,0.002238275,0
2025-8-7,1,baseline_zero,189,-0.002238275,0
2025-8-8,1,baseline_zero,189,0.003457045,0
2025-8-11,1,baseline_zero,189,-0.004272207,0
2025-8-12,1,baseline_zero,189,-0.002653875,0
2025-8-13,1,baseline_zero,189,0.004181759,0
2025-8-14,1,baseline_zero,189,-0.004079557,0
2025-8-15,1,baseline_zero,189,0.003264976,0
2025-8-18,1,baseline_zero,189,0.000916357,0
2025-8-19,1,baseline_zero,189,-0.000407166,0
2025-8-20,1,baseline_zero,189,0.00406422,0
2025-8-21,1,baseline_zero,189,-0.009167834,0
2025-8-22,1,baseline_zero,189,0.007239389,0
2025-8-25,1,baseline_zero,189,-0.002135775,0
2025-8-26,1,baseline_zero,189,0.000101807,0
2025-7-2,1,baseline_zero,190,0.004124568,0
2025-7-3,1,baseline_zero,190,-0.002266407,0
2025-7-4,1,baseline_zero,190,0.005348706,0
2025-7-7,1,baseline_zero,190,0.000410256,0
2025-7-8,1,baseline_zero,190,0.000410088,0
2025-7-9,1,baseline_zero,190,0.000922084,0
2025-7-10,1,baseline_zero,190,0.002046037,0
2025-7-11,1,baseline_zero,190,0.002347778,0
2025-7-14,1,baseline_zero,190,0.005490609,0
2025-7-15,1,baseline_zero,190,-0.002334908,0
2025-7-16,1,baseline_zero,190,0.003449679,0
2025-7-17,1,baseline_zero,190,-0.00253537,0
2025-7-18,1,baseline_zero,190,-0.006417788,0
2025-7-21,1,baseline_zero,190,-0.004712158,0
2025-7-22,1,baseline_zero,190,-0.001849949,0
2025-7-23,1,baseline_zero,190,0.001747264,0
2025-7-24,1,baseline_zero,190,0.002666395,0
2025-7-25,1,baseline_zero,190,0.010088229,0
2025-7-28,1,baseline_zero,190,0.002632646,0
2025-7-29,1,baseline_zero,190,0.009360443,0
2025-7-30,1,baseline_zero,190,0.001501577,0
2025-7-31,1,baseline_zero,190,-0.008337148,0
2025-8-1,1,baseline_zero,190,-0.003637837,0
2025-8-4,1,baseline_zero,190,0,0
2025-8-5,1,baseline_zero,190,-0.006092626,0
2025-8-6,1,baseline_zero,190,0.002238275,0
2025-8-7,1,baseline_zero,190,-0.002238275,0
2025-8-8,1,baseline_zero,190,0.003457045,0
2025-8-11,1,baseline_zero,190,-0.004272207,0
2025-8-12,1,baseline_zero,190,-0.002653875,0
2025-8-13,1,baseline_zero,190,0.004181759,0
2025-8-14,1,baseline_zero,190,-0.004079557,0
2025-8-15,1,baseline_zero,190,0.003264976,0
2025-8-18,1,baseline_zero,190,0.000916357,0
2025-8-19,1,baseline_zero,190,-0.000407166,0
2025-8-20,1,baseline_zero,190,0.00406422,0
2025-8-21,1,baseline_zero,190,-0.009167834,0
2025-8-22,1,baseline_zero,190,0.007239389,0
2025-8-25,1,baseline_zero,190,-0.002135775,0
2025-8-26,1,baseline_zero,190,0.000101807,0
2025-8-27,1,baseline_zero,190,-0.004284846,0
2025-8-28,1,baseline_zero,190,-0.00040904,0
2025-8-29,1,baseline_zero,190,0,0
2025-9-1,1,baseline_zero,190,0.006423023,0
2025-9-2,1,baseline_zero,190,-0.002645773,0
2025-9-3,1,baseline_zero,190,0.002137514,0
2025-9-4,1,baseline_zero,190,-0.005914763,0
2025-9-5,1,baseline_zero,190,-0.003278356,0
2025-9-8,1,baseline_zero,190,0.003482896,0
2025-9-9,1,baseline_zero,190,-0.000102265,0
2025-9-10,1,baseline_zero,190,-0.002560034,0
2025-9-11,1,baseline_zero,190,0.000205044,0
2025-9-12,1,baseline_zero,190,-0.002566078,0
2025-9-15,1,baseline_zero,190,-0.006909737,0
2025-9-16,1,baseline_zero,190,0.002480621,0
2025-9-17,1,baseline_zero,190,0.004942858,0
2025-9-18,1,baseline_zero,190,0.002974514,0
2025-9-19,1,baseline_zero,190,-0.003077241,0
2025-9-22,1,baseline_zero,190,-0.000822199,0
2025-9-23,1,baseline_zero,190,0.006252262,0
2025-7-30,1,baseline_zero,191,0.001501577,0
2025-7-31,1,baseline_zero,191,-0.008337148,0
2025-8-1,1,baseline_zero,191,-0.003637837,0
2025-8-4,1,baseline_zero,191,0,0
2025-8-5,1,baseline_zero,191,-0.006092626,0
2025-8-6,1,baseline_zero,191,0.002238275,0
2025-8-7,1,baseline_zero,191,-0.002238275,0
2025-8-8,1,baseline_zero,191,0.003457045,0
2025-8-11,1,baseline_zero,191,-0.004272207,0
2025-8-12,1,baseline_zero,191,-0.002653875,0
2025-8-13,1,baseline_zero,191,0.004181759,0
2025-8-14,1,baseline_zero,191,-0.004079557,0
2025-8-15,1,baseline_zero,191,0.003264976,0
2025-8-18,1,baseline_zero,191,0.000916357,0
2025-8-19,1,baseline_zero,191,-0.000407166,0
2025-8-20,1,baseline_zero,191,0.00406422,0
2025-8-21,1,baseline_zero,191,-0.009167834,0
2025-8-22,1,baseline_zero,191,0.007239389,0
2025-8-25,1,baseline_zero,191,-0.002135775,0
2025-8-26,1,baseline_zero,191,0.000101807,0
2025-8-27,1,baseline_zero,191,-0.004284846,0
2025-8-28,1,baseline_zero,191,-0.00040904,0
2025-8-29,1,baseline_zero,191,0,0
2025-9-1,1,baseline_zero,191,0.006423023,0
2025-9-2,1,baseline_zero,191,-0.002645773,0
2025-9-3,1,baseline_zero,191,0.002137514,0
2025-9-4,1,baseline_zero,191,-0.005914763,0
2025-9-5,1,baseline_zero,191,-0.003278356,0
2025-9-8,1,baseline_zero,191,0.003482896,0
2025-9-9,1,baseline_zero,191,-0.000102265,0
2025-9-10,1,baseline_zero,191,-0.002560034,0
2025-9-11,1,baseline_zero,191,0.000205044,0
2025-9-12,1,baseline_zero,191,-0.002566078,0
2025-9-15,1,baseline_zero,191,-0.006909737,0
2025-9-16,1,baseline_zero,191,0.002480621,0
2025-9-17,1,baseline_zero,191,0.004942858,0
2025-9-18,1,baseline_zero,191,0.002974514,0
2025-9-19,1,baseline_zero,191,-0.003077241,0
2025-9-22,1,baseline_zero,191,-0.000822199,0
2025-9-23,1,baseline_zero,191,0.006252262,0
2025-9-24,1,baseline_zero,191,0.006923966,0
2025-9-25,1,baseline_zero,191,-0.004067113,0
2025-9-26,1,baseline_zero,191,-0.002448231,0
2025-9-29,1,baseline_zero,191,-0.001328632,0
2025-9-30,1,baseline_zero,191,-0.000716149,0
2025-10-1,1,baseline_zero,191,0.001431786,0
2025-10-2,1,baseline_zero,191,-0.001329447,0
2025-10-3,1,baseline_zero,191,0.003983052,0
2025-10-6,1,baseline_zero,191,0.004779103,0
2025-10-7,1,baseline_zero,191,0.003443041,0
2025-10-8,1,baseline_zero,191,0.006248131,0
2025-10-9,1,baseline_zero,191,-0.005641764,0
2025-10-10,1,baseline_zero,191,0.002925601,0
2025-10-13,1,baseline_zero,191,-0.002218637,0
2025-10-14,1,baseline_zero,191,-0.002628388,0
2025-10-15,1,baseline_zero,191,-0.004565523,0
2025-10-16,1,baseline_zero,191,0.000914774,0
2025-10-17,1,baseline_zero,191,0.001624201,0
2025-10-20,1,baseline_zero,191,0.003442693,0
2025-10-21,1,baseline_zero,191,-0.000303291,0
