date,h,model,split_id,y_true,y_pred
2010-11-26,1,elasticnet,0,0.005831643799019126,-9.672254772188067e-05
2010-11-29,1,elasticnet,0,0.004443903128602322,-9.672254772188067e-05
2010-11-30,1,elasticnet,0,-0.005929603538074701,-9.672254772188067e-05
2010-12-01,1,elasticnet,0,-0.005092862383564878,-9.672254772188067e-05
2010-12-02,1,elasticnet,0,-0.01152317359779609,-9.672254772188067e-05
2010-12-03,1,elasticnet,0,0.002390690034523857,-9.672254772188067e-05
2010-12-06,1,elasticnet,0,0.003637964245632119,-9.672254772188067e-05
2010-12-07,1,elasticnet,0,0.001751533038805597,-9.672254772188067e-05
2010-12-08,1,elasticnet,0,0.0008746174106608606,-9.672254772188067e-05
2010-12-09,1,elasticnet,0,0.0,-9.672254772188067e-05
2010-12-10,1,elasticnet,0,-0.009915362062809407,-9.672254772188067e-05
2010-12-13,1,elasticnet,0,0.001134573081051471,-9.672254772188067e-05
2010-12-14,1,elasticnet,0,0.01115090173598698,-9.672254772188067e-05
2010-12-15,1,elasticnet,0,-0.0009972576244097198,-9.672254772188067e-05
2010-12-16,1,elasticnet,0,0.002366865010265506,-9.672254772188067e-05
2010-12-17,1,elasticnet,0,0.003229816472304137,-9.672254772188067e-05
2010-12-20,1,elasticnet,0,0.001115587348422764,-9.672254772188067e-05
2010-12-21,1,elasticnet,0,0.0001238773615703792,-9.672254772188067e-05
2010-12-22,1,elasticnet,0,-0.002853068982406448,-9.672254772188067e-05
2010-12-23,1,elasticnet,0,0.0,-9.672254772188067e-05
2010-12-24,1,elasticnet,0,-0.001616212199890832,-9.672254772188067e-05
2010-12-27,1,elasticnet,0,-0.0001244322778930496,-9.672254772188067e-05
2010-12-28,1,elasticnet,0,-0.006993035490970634,-9.672254772188067e-05
2010-12-29,1,elasticnet,0,-0.003514942107444519,-9.672254772188067e-05
2010-12-30,1,elasticnet,0,-0.00618103513143442,-9.672254772188067e-05
2010-12-31,1,elasticnet,0,0.001264542404217472,-9.672254772188067e-05
2011-01-03,1,elasticnet,0,0.003909950115815519,-9.672254772188067e-05
2011-01-04,1,elasticnet,0,0.01026934510185384,-9.672254772188067e-05
2011-01-05,1,elasticnet,0,0.006581830652845788,-9.672254772188067e-05
2011-01-06,1,elasticnet,0,0.002719408350783326,-9.672254772188067e-05
2011-01-07,1,elasticnet,0,-0.001606029130184261,-9.672254772188067e-05
2011-01-10,1,elasticnet,0,-0.0003709886891005709,-9.672254772188067e-05
2011-01-11,1,elasticnet,0,-0.0101940216441605,-9.672254772188067e-05
2011-01-12,1,elasticnet,0,-0.01055153615663418,-9.672254772188067e-05
2011-01-13,1,elasticnet,0,-0.0003789074879554377,-9.672254772188067e-05
2011-01-14,1,elasticnet,0,0.002271294351818831,-9.672254772188067e-05
2011-01-17,1,elasticnet,0,-0.004801019960957831,-9.672254772188067e-05
2011-01-18,1,elasticnet,0,-0.004060919286315468,-9.672254772188067e-05
2011-01-19,1,elasticnet,0,0.002286295927946824,-9.672254772188067e-05
2011-01-20,1,elasticnet,0,-0.007769255153337262,-9.672254772188067e-05
2011-01-21,1,elasticnet,0,-0.00204786965207937,-9.672254772188067e-05
2011-01-24,1,elasticnet,0,-0.0006408202718493072,-9.672254772188067e-05
2011-01-25,1,elasticnet,0,-0.001282873812889385,-9.672254772188067e-05
2011-01-26,1,elasticnet,0,-0.002184669634574199,-9.672254772188067e-05
2011-01-27,1,elasticnet,0,0.005132822766524825,-9.672254772188067e-05
2011-01-28,1,elasticnet,0,-0.005132822766524825,-9.672254772188067e-05
2011-01-31,1,elasticnet,0,-0.008527183452226694,-9.672254772188067e-05
2011-02-01,1,elasticnet,0,0.00116708824762668,-9.672254772188067e-05
2011-02-02,1,elasticnet,0,0.007617363021815038,-9.672254772188067e-05
2011-02-03,1,elasticnet,0,0.003722964695567654,-9.672254772188067e-05
2011-02-04,1,elasticnet,0,-0.0001281476262411374,-9.672254772188067e-05
2011-02-07,1,elasticnet,0,-0.0003845414390779567,-9.672254772188067e-05
2011-02-08,1,elasticnet,0,-0.004626068388781768,-9.672254772188067e-05
2011-02-09,1,elasticnet,0,0.007826071119453104,-9.672254772188067e-05
2011-02-10,1,elasticnet,0,0.002680111361143211,-9.672254772188067e-05
2011-02-11,1,elasticnet,0,0.001909977024259213,-9.672254772188067e-05
2011-02-14,1,elasticnet,0,-0.0005089706179353115,-9.672254772188067e-05
2011-02-15,1,elasticnet,0,-0.004464577860361807,-9.672254772188067e-05
2011-02-16,1,elasticnet,0,-0.002816542637776642,-9.672254772188067e-05
2011-02-17,1,elasticnet,0,-0.004368502386070894,-9.672254772188067e-05
2010-12-24,1,elasticnet,1,-0.001616212199890832,-9.371017441678109e-05
2010-12-27,1,elasticnet,1,-0.0001244322778930496,-9.371017441678109e-05
2010-12-28,1,elasticnet,1,-0.006993035490970634,-9.371017441678109e-05
2010-12-29,1,elasticnet,1,-0.003514942107444519,-9.371017441678109e-05
2010-12-30,1,elasticnet,1,-0.00618103513143442,-9.371017441678109e-05
2010-12-31,1,elasticnet,1,0.001264542404217472,-9.371017441678109e-05
2011-01-03,1,elasticnet,1,0.003909950115815519,-9.371017441678109e-05
2011-01-04,1,elasticnet,1,0.01026934510185384,-9.371017441678109e-05
2011-01-05,1,elasticnet,1,0.006581830652845788,-9.371017441678109e-05
2011-01-06,1,elasticnet,1,0.002719408350783326,-9.371017441678109e-05
2011-01-07,1,elasticnet,1,-0.001606029130184261,-9.371017441678109e-05
2011-01-10,1,elasticnet,1,-0.0003709886891005709,-9.371017441678109e-05
2011-01-11,1,elasticnet,1,-0.0101940216441605,-9.371017441678109e-05
2011-01-12,1,elasticnet,1,-0.01055153615663418,-9.371017441678109e-05
2011-01-13,1,elasticnet,1,-0.0003789074879554377,-9.371017441678109e-05
2011-01-14,1,elasticnet,1,0.002271294351818831,-9.371017441678109e-05
2011-01-17,1,elasticnet,1,-0.004801019960957831,-9.371017441678109e-05
2011-01-18,1,elasticnet,1,-0.004060919286315468,-9.371017441678109e-05
2011-01-19,1,elasticnet,1,0.002286295927946824,-9.371017441678109e-05
2011-01-20,1,elasticnet,1,-0.007769255153337262,-9.371017441678109e-05
2011-01-21,1,elasticnet,1,-0.00204786965207937,-9.371017441678109e-05
2011-01-24,1,elasticnet,1,-0.0006408202718493072,-9.371017441678109e-05
2011-01-25,1,elasticnet,1,-0.001282873812889385,-9.371017441678109e-05
2011-01-26,1,elasticnet,1,-0.002184669634574199,-9.371017441678109e-05
2011-01-27,1,elasticnet,1,0.005132822766524825,-9.371017441678109e-05
2011-01-28,1,elasticnet,1,-0.005132822766524825,-9.371017441678109e-05
2011-01-31,1,elasticnet,1,-0.008527183452226694,-9.371017441678109e-05
2011-02-01,1,elasticnet,1,0.00116708824762668,-9.371017441678109e-05
2011-02-02,1,elasticnet,1,0.007617363021815038,-9.371017441678109e-05
2011-02-03,1,elasticnet,1,0.003722964695567654,-9.371017441678109e-05
2011-02-04,1,elasticnet,1,-0.0001281476262411374,-9.371017441678109e-05
2011-02-07,1,elasticnet,1,-0.0003845414390779567,-9.371017441678109e-05
2011-02-08,1,elasticnet,1,-0.004626068388781768,-9.371017441678109e-05
2011-02-09,1,elasticnet,1,0.007826071119453104,-9.371017441678109e-05
2011-02-10,1,elasticnet,1,0.002680111361143211,-9.371017441678109e-05
2011-02-11,1,elasticnet,1,0.001909977024259213,-9.371017441678109e-05
2011-02-14,1,elasticnet,1,-0.0005089706179353115,-9.371017441678109e-05
2011-02-15,1,elasticnet,1,-0.004464577860361807,-9.371017441678109e-05
2011-02-16,1,elasticnet,1,-0.002816542637776642,-9.371017441678109e-05
2011-02-17,1,elasticnet,1,-0.004368502386070894,-9.371017441678109e-05
2011-02-18,1,elasticnet,1,0.0003862246588086649,-9.371017441678109e-05
2011-02-21,1,elasticnet,1,0.001029203744522533,-9.371017441678109e-05
2011-02-22,1,elasticnet,1,-0.004639781490229922,-9.371017441678109e-05
2011-02-23,1,elasticnet,1,-0.004531632018610843,-9.371017441678109e-05
2011-02-24,1,elasticnet,1,0.002850850706251684,-9.371017441678109e-05
2011-02-25,1,elasticnet,1,-0.005059360860173889,-9.371017441678109e-05
2011-02-28,1,elasticnet,1,0.002078732722035959,-9.371017441678109e-05
2011-03-01,1,elasticnet,1,-0.004944064195322007,-9.371017441678109e-05
2011-03-02,1,elasticnet,1,-0.002481228827656778,-9.371017441678109e-05
2011-03-03,1,elasticnet,1,-0.001046572570671422,-9.371017441678109e-05
2011-03-04,1,elasticnet,1,0.001308044660015106,-9.371017441678109e-05
2011-03-07,1,elasticnet,1,0.003913899321136505,-9.371017441678109e-05
2011-03-08,1,elasticnet,1,-0.001042209578443476,-9.371017441678109e-05
2011-03-09,1,elasticnet,1,0.007272759329080003,-9.371017441678109e-05
2011-03-10,1,elasticnet,1,-0.006491000331611652,-9.371017441678109e-05
2011-03-11,1,elasticnet,1,-0.005616157908010067,-9.371017441678109e-05
2011-03-14,1,elasticnet,1,-0.0002619858542622922,-9.371017441678109e-05
2011-03-15,1,elasticnet,1,0.004574872367064664,-9.371017441678109e-05
2011-03-16,1,elasticnet,1,-0.008381400557214924,-9.371017441678109e-05
2011-03-17,1,elasticnet,1,-0.004217191279106913,-9.371017441678109e-05
2011-01-21,1,elasticnet,2,-0.00204786965207937,-0.00011547264564473411
2011-01-24,1,elasticnet,2,-0.0006408202718493072,-0.00011547264564473411
2011-01-25,1,elasticnet,2,-0.001282873812889385,-0.00011547264564473411
2011-01-26,1,elasticnet,2,-0.002184669634574199,-0.00011547264564473411
2011-01-27,1,elasticnet,2,0.005132822766524825,-0.00011547264564473411
2011-01-28,1,elasticnet,2,-0.005132822766524825,-0.00011547264564473411
2011-01-31,1,elasticnet,2,-0.008527183452226694,-0.00011547264564473411
2011-02-01,1,elasticnet,2,0.00116708824762668,-0.00011547264564473411
2011-02-02,1,elasticnet,2,0.007617363021815038,-0.00011547264564473411
2011-02-03,1,elasticnet,2,0.003722964695567654,-0.00011547264564473411
2011-02-04,1,elasticnet,2,-0.0001281476262411374,-0.00011547264564473411
2011-02-07,1,elasticnet,2,-0.0003845414390779567,-0.00011547264564473411
2011-02-08,1,elasticnet,2,-0.004626068388781768,-0.00011547264564473411
2011-02-09,1,elasticnet,2,0.007826071119453104,-0.00011547264564473411
2011-02-10,1,elasticnet,2,0.002680111361143211,-0.00011547264564473411
2011-02-11,1,elasticnet,2,0.001909977024259213,-0.00011547264564473411
2011-02-14,1,elasticnet,2,-0.0005089706179353115,-0.00011547264564473411
2011-02-15,1,elasticnet,2,-0.004464577860361807,-0.00011547264564473411
2011-02-16,1,elasticnet,2,-0.002816542637776642,-0.00011547264564473411
2011-02-17,1,elasticnet,2,-0.004368502386070894,-0.00011547264564473411
2011-02-18,1,elasticnet,2,0.0003862246588086649,-0.00011547264564473411
2011-02-21,1,elasticnet,2,0.001029203744522533,-0.00011547264564473411
2011-02-22,1,elasticnet,2,-0.004639781490229922,-0.00011547264564473411
2011-02-23,1,elasticnet,2,-0.004531632018610843,-0.00011547264564473411
2011-02-24,1,elasticnet,2,0.002850850706251684,-0.00011547264564473411
2011-02-25,1,elasticnet,2,-0.005059360860173889,-0.00011547264564473411
2011-02-28,1,elasticnet,2,0.002078732722035959,-0.00011547264564473411
2011-03-01,1,elasticnet,2,-0.004944064195322007,-0.00011547264564473411
2011-03-02,1,elasticnet,2,-0.002481228827656778,-0.00011547264564473411
2011-03-03,1,elasticnet,2,-0.001046572570671422,-0.00011547264564473411
2011-03-04,1,elasticnet,2,0.001308044660015106,-0.00011547264564473411
2011-03-07,1,elasticnet,2,0.003913899321136505,-0.00011547264564473411
2011-03-08,1,elasticnet,2,-0.001042209578443476,-0.00011547264564473411
2011-03-09,1,elasticnet,2,0.007272759329080003,-0.00011547264564473411
2011-03-10,1,elasticnet,2,-0.006491000331611652,-0.00011547264564473411
2011-03-11,1,elasticnet,2,-0.005616157908010067,-0.00011547264564473411
2011-03-14,1,elasticnet,2,-0.0002619858542622922,-0.00011547264564473411
2011-03-15,1,elasticnet,2,0.004574872367064664,-0.00011547264564473411
2011-03-16,1,elasticnet,2,-0.008381400557214924,-0.00011547264564473411
2011-03-17,1,elasticnet,2,-0.004217191279106913,-0.00011547264564473411
2011-03-18,1,elasticnet,2,-0.004235051327211359,-0.00011547264564473411
2011-03-21,1,elasticnet,2,0.0001326172006450577,-0.00011547264564473411
2011-03-22,1,elasticnet,2,0.005026465609382136,-0.00011547264564473411
2011-03-23,1,elasticnet,2,-0.001716738619054858,-0.00011547264564473411
2011-03-24,1,elasticnet,2,0.007374276240831534,-0.00011547264564473411
2011-03-25,1,elasticnet,2,-0.001181490127593499,-0.00011547264564473411
2011-03-28,1,elasticnet,2,0.001575010169400315,-0.00011547264564473411
2011-03-29,1,elasticnet,2,-0.001706373059572108,-0.00011547264564473411
2011-03-30,1,elasticnet,2,-0.003421506167196497,-0.00011547264564473411
2011-03-31,1,elasticnet,2,-0.0003955435479081615,-0.00011547264564473411
2011-04-01,1,elasticnet,2,0.001054435315832158,-0.00011547264564473411
2011-04-04,1,elasticnet,2,-0.000395282961862975,-0.00011547264564473411
2011-04-05,1,elasticnet,2,-0.004888047251479399,-0.00011547264564473411
2011-04-06,1,elasticnet,2,0.00092660010600909,-0.00011547264564473411
2011-04-07,1,elasticnet,2,-0.006770686336432519,-0.00011547264564473411
2011-04-08,1,elasticnet,2,-0.000133217878035552,-0.00011547264564473411
2011-04-11,1,elasticnet,2,-0.002801682841237607,-0.00011547264564473411
2011-04-12,1,elasticnet,2,0.001735300442128107,-0.00011547264564473411
2011-04-13,1,elasticnet,2,-0.003875196938790459,-0.00011547264564473411
2011-04-14,1,elasticnet,2,0.001872659723291648,-0.00011547264564473411
2011-02-18,1,elasticnet,3,0.0003862246588086649,-0.0010015641725280484
2011-02-21,1,elasticnet,3,0.001029203744522533,-0.0010015641725280484
2011-02-22,1,elasticnet,3,-0.004639781490229922,-0.0010014019365338037
2011-02-23,1,elasticnet,3,-0.004531632018610843,-0.0010013525603616421
2011-02-24,1,elasticnet,3,0.002850850706251684,-0.0010013826315642368
2011-02-25,1,elasticnet,3,-0.005059360860173889,-0.0010014605939413339
2011-02-28,1,elasticnet,3,0.002078732722035959,-0.001001492892640417
2011-03-01,1,elasticnet,3,-0.004944064195322007,-0.0009151979589004992
2011-03-02,1,elasticnet,3,-0.002481228827656778,-0.0009152094676323564
2011-03-03,1,elasticnet,3,-0.001046572570671422,-0.0009152874300094535
2011-03-04,1,elasticnet,3,0.001308044660015106,-0.000915270352536375
2011-03-07,1,elasticnet,3,0.003913899321136505,-0.0009152109526300154
2011-03-08,1,elasticnet,3,-0.001042209578443476,-0.0009152421375808542
2011-03-09,1,elasticnet,3,0.007272759329080003,-0.0009152272876042643
2011-03-10,1,elasticnet,3,-0.006491000331611652,-0.0009151656602014161
2011-03-11,1,elasticnet,3,-0.005616157908010067,-0.0009152324850960707
2011-03-14,1,elasticnet,3,-0.0002619858542622922,-0.0009151935039075223
2011-03-15,1,elasticnet,3,0.004574872367064664,-0.0009150750753442177
2011-03-16,1,elasticnet,3,-0.008381400557214924,-0.0009148864806415259
2011-03-17,1,elasticnet,3,-0.004217191279106913,-0.0009149989692141945
2011-03-18,1,elasticnet,3,-0.004235051327211359,-0.0009150706203512407
2011-03-21,1,elasticnet,3,0.0001326172006450577,-0.0009152128088770891
2011-03-22,1,elasticnet,3,0.005026465609382136,-0.000915227658853679
2011-03-23,1,elasticnet,3,-0.001716738619054858,-0.0009152662687928129
2011-03-24,1,elasticnet,3,0.007374276240831534,-0.0009153097049743382
2011-03-25,1,elasticnet,3,-0.001181490127593499,-0.0009153130462190711
2011-03-28,1,elasticnet,3,0.001575010169400315,-0.0009152562450586146
2011-03-29,1,elasticnet,3,-0.001706373059572108,-0.0009153037649837024
2011-03-30,1,elasticnet,3,-0.003421506167196497,-0.0009153204712073659
2011-03-31,1,elasticnet,3,-0.0003955435479081615,-0.0009153193574591217
2011-04-01,1,elasticnet,3,0.001054435315832158,-0.0007539116666498531
2011-04-04,1,elasticnet,3,-0.000395282961862975,-0.0007539079541557057
2011-04-05,1,elasticnet,3,-0.004888047251479399,-0.0007539172353910744
2011-04-06,1,elasticnet,3,0.00092660010600909,-0.0007539302291205905
2011-04-07,1,elasticnet,3,-0.006770686336432519,-0.0007539224328828808
2011-04-08,1,elasticnet,3,-0.000133217878035552,-0.0007538942179273599
2011-04-11,1,elasticnet,3,-0.002801682841237607,-0.0007539417378524477
2011-04-12,1,elasticnet,3,0.001735300442128107,-0.0007539231753817103
2011-04-13,1,elasticnet,3,-0.003875196938790459,-0.000753929486621761
2011-04-14,1,elasticnet,3,0.001872659723291648,-0.0007539536178337196
2011-04-15,1,elasticnet,3,0.008913782162712103,-0.0007539888865281206
2011-04-18,1,elasticnet,3,-0.006244622697341384,-0.000753928001624102
2011-04-19,1,elasticnet,3,-0.008835398842428788,-0.0007539699528079685
2011-04-20,1,elasticnet,3,-0.004987541511038529,-0.0007539981677634894
2011-04-21,1,elasticnet,3,0.0,-0.0007540122752412498
2011-04-22,1,elasticnet,3,-0.000135144266710796,-0.0007540122752412498
2011-04-25,1,elasticnet,3,-0.002029358742862364,-0.000753972180304457
2011-04-26,1,elasticnet,3,-0.004343112147165762,-0.0007539777490456782
2011-04-27,1,elasticnet,3,-0.005455550901536377,-0.0007539877727798763
2011-04-28,1,elasticnet,3,-0.002601850149752671,-0.000754014873987153
2011-04-29,1,elasticnet,3,0.0002741979726526012,-0.0007540100477447613
2011-05-02,1,elasticnet,3,0.002601137752439975,-0.0006666282145397593
2011-05-03,1,elasticnet,3,-0.001505097089216534,-0.0006666018558313121
2011-05-04,1,elasticnet,3,0.01575905456941662,-0.0006665877483535517
2011-05-05,1,elasticnet,3,0.008723131204454226,-0.0006665461684190999
2011-05-06,1,elasticnet,3,-0.001337077348551041,-0.000666538743430805
2011-05-09,1,elasticnet,3,-0.001740877573914723,-0.0006665847783582338
2011-05-10,1,elasticnet,3,0.009603915354180259,-0.0006666311845350772
2011-05-11,1,elasticnet,3,-0.00119545740477367,-0.0006665925745959434
2011-05-12,1,elasticnet,3,0.006887444444992674,-0.0006666267295421003
2011-03-18,1,elasticnet,4,-0.004235051327211359,-0.001060231298510928
2011-03-21,1,elasticnet,4,0.0001326172006450577,-0.0010573903534691965
2011-03-22,1,elasticnet,4,0.005026465609382136,-0.001057093649026196
2011-03-23,1,elasticnet,4,-0.001716738619054858,-0.0010563222174743941
2011-03-24,1,elasticnet,4,0.007374276240831534,-0.001055454356978617
2011-03-25,1,elasticnet,4,-0.001181490127593499,-0.0010553875984789418
2011-03-28,1,elasticnet,4,0.001575010169400315,-0.0010565224929734195
2011-03-29,1,elasticnet,4,-0.001706373059572108,-0.0010555730387558173
2011-03-30,1,elasticnet,4,-0.003421506167196497,-0.0010552392462574414
2011-03-31,1,elasticnet,4,-0.0003955435479081615,-0.0010552614990906666
2011-04-01,1,elasticnet,4,0.001054435315832158,-0.0008024414330563998
2011-04-04,1,elasticnet,4,-0.000395282961862975,-0.0008025156091671498
2011-04-05,1,elasticnet,4,-0.004888047251479399,-0.0008023301688902745
2011-04-06,1,elasticnet,4,0.00092660010600909,-0.0008020705525026489
2011-04-07,1,elasticnet,4,-0.006770686336432519,-0.0008022263223352242
2011-04-08,1,elasticnet,4,-0.000133217878035552,-0.0008027900607769255
2011-04-11,1,elasticnet,4,-0.002801682841237607,-0.0008018406065593233
2011-04-12,1,elasticnet,4,0.001735300442128107,-0.0008022114871130742
2011-04-13,1,elasticnet,4,-0.003875196938790459,-0.0008020853877247989
2011-04-14,1,elasticnet,4,0.001872659723291648,-0.0008016032430049227
2011-04-15,1,elasticnet,4,0.008913782162712103,-0.0008008985699527961
2011-04-18,1,elasticnet,4,-0.006244622697341384,-0.000802115058169099
2011-04-19,1,elasticnet,4,-0.008835398842428788,-0.000801276868117622
2011-04-20,1,elasticnet,4,-0.004987541511038529,-0.0008007131296759207
2011-04-21,1,elasticnet,4,0.0,-0.00080043126045507
2011-04-22,1,elasticnet,4,-0.000135144266710796,-0.00080043126045507
2011-04-25,1,elasticnet,4,-0.002029358742862364,-0.000801232362451172
2011-04-26,1,elasticnet,4,-0.004343112147165762,-0.0008011210982850467
2011-04-27,1,elasticnet,4,-0.005455550901536377,-0.0008009208227860213
2011-04-28,1,elasticnet,4,-0.002601850149752671,-0.0008003793371775449
2011-04-29,1,elasticnet,4,0.0002741979726526012,-0.0008004757661215201
2011-05-02,1,elasticnet,4,0.002601137752439975,-0.0006683534944055772
2011-05-03,1,elasticnet,4,-0.001505097089216534,-0.0006688801447919035
2011-05-04,1,elasticnet,4,0.01575905456941662,-0.0006691620140127541
2011-05-05,1,elasticnet,4,0.008723131204454226,-0.000669992786453156
2011-05-06,1,elasticnet,4,-0.001337077348551041,-0.0006701411386746564
2011-05-09,1,elasticnet,4,-0.001740877573914723,-0.0006692213549013542
2011-05-10,1,elasticnet,4,0.009603915354180259,-0.000668294153516977
2011-05-11,1,elasticnet,4,-0.00119545740477367,-0.0006690655850687788
2011-05-12,1,elasticnet,4,0.006887444444992674,-0.0006683831648498773
2011-05-13,1,elasticnet,4,-0.003835222581045628,-0.0006691545964016791
2011-05-16,1,elasticnet,4,-0.0009279512828666014,-0.000670022456897456
2011-05-17,1,elasticnet,4,0.0009279512828666014,-0.0006695106417332799
2011-05-18,1,elasticnet,4,-0.004648391396769647,-0.0006685315170713776
2011-05-19,1,elasticnet,4,0.004250803425194682,-0.0006680048666850513
2011-05-20,1,elasticnet,4,0.008710626542438149,-0.0006694216304003796
2011-05-23,1,elasticnet,4,-0.002895119800826684,-0.0006700447097306811
2011-05-24,1,elasticnet,4,0.0006587181583288526,-0.0006697109172323053
2011-05-25,1,elasticnet,4,-0.005017174506393829,-0.0006691545964016791
2011-05-26,1,elasticnet,4,-0.007973464170142108,-0.0006684276705163273
2011-05-27,1,elasticnet,4,0.0001334133815600325,-0.0006683460767945022
2011-05-30,1,elasticnet,4,-0.004278081391078103,-0.0006683460767945022
2011-05-31,1,elasticnet,4,0.0005357621344339591,-0.0006679529434075262
2011-06-01,1,elasticnet,4,-0.004697679936319865,-0.0005670321553897933
2011-06-02,1,elasticnet,4,-0.007426946568672932,-0.0005668763855572179
2011-06-03,1,elasticnet,4,0.002301496988279084,-0.0005667725390021677
2011-06-06,1,elasticnet,4,-0.005831711109377302,-0.0005671730900002187
2011-06-07,1,elasticnet,4,0.005561221521577231,-0.000566861550335068
2011-06-08,1,elasticnet,4,0.003510670632426383,-0.0005673956183324692
2011-06-09,1,elasticnet,4,0.008188514778996847,-0.0005666390220028174
2011-04-15,1,elasticnet,5,0.008913782162712103,-0.0007286850958575536
2011-04-18,1,elasticnet,5,-0.006244622697341384,-0.0007286328101088095
2011-04-19,1,elasticnet,5,-0.008835398842428788,-0.0007286688362649564
2011-04-20,1,elasticnet,5,-0.004987541511038529,-0.0007286930662460816
2011-04-21,1,elasticnet,5,0.0,-0.0007287051812366444
2011-04-22,1,elasticnet,5,-0.000135144266710796,-0.0007287051812366444
2011-04-25,1,elasticnet,5,-0.002029358742862364,-0.0007286707491582031
2011-04-26,1,elasticnet,5,-0.004343112147165762,-0.0007286755313913199
2011-04-27,1,elasticnet,5,-0.005455550901536377,-0.0007286841394109302
2011-04-28,1,elasticnet,5,-0.002601850149752671,-0.0007287074129454322
2011-04-29,1,elasticnet,5,0.0002741979726526012,-0.0007287032683433976
2011-05-02,1,elasticnet,5,0.002601137752439975,-0.0006447437544867542
2011-05-03,1,elasticnet,5,-0.001505097089216534,-0.0006447211185833346
2011-05-04,1,elasticnet,5,0.01575905456941662,-0.0006447090035927718
2011-05-05,1,elasticnet,5,0.008723131204454226,-0.0006446732962521661
2011-05-06,1,elasticnet,5,-0.001337077348551041,-0.0006446669199413437
2011-05-09,1,elasticnet,5,-0.001740877573914723,-0.0006447064530684429
2011-05-10,1,elasticnet,5,0.009603915354180259,-0.0006447463050110832
2011-05-11,1,elasticnet,5,-0.00119545740477367,-0.0006447131481948065
2011-05-12,1,elasticnet,5,0.006887444444992674,-0.0006447424792245897
2011-05-13,1,elasticnet,5,-0.003835222581045628,-0.000644709322408313
2011-05-16,1,elasticnet,5,-0.0009279512828666014,-0.0006446720209900016
2011-05-17,1,elasticnet,5,0.0009279512828666014,-0.0006446940192623391
2011-05-18,1,elasticnet,5,-0.004648391396769647,-0.0006447361029137673
2011-05-19,1,elasticnet,5,0.004250803425194682,-0.000644758738817187
2011-05-20,1,elasticnet,5,0.008710626542438149,-0.0006446978450488326
2011-05-23,1,elasticnet,5,-0.002895119800826684,-0.0006446710645433783
2011-05-24,1,elasticnet,5,0.0006587181583288526,-0.0006446854112427288
2011-05-25,1,elasticnet,5,-0.005017174506393829,-0.000644709322408313
2011-05-26,1,elasticnet,5,-0.007973464170142108,-0.000644740566331343
2011-05-27,1,elasticnet,5,0.0001334133815600325,-0.0006447440733022954
2011-05-30,1,elasticnet,5,-0.004278081391078103,-0.0006447440733022954
2011-05-31,1,elasticnet,5,0.0005357621344339591,-0.0006447609705259749
2011-06-01,1,elasticnet,5,-0.004697679936319865,-0.0005741578696247489
2011-06-02,1,elasticnet,5,-0.007426946568672932,-0.0005741645647511125
2011-06-03,1,elasticnet,5,0.002301496988279084,-0.0005741690281686882
2011-06-06,1,elasticnet,5,-0.005831711109377302,-0.0005741518121294676
2011-06-07,1,elasticnet,5,0.005561221521577231,-0.0005741652023821947
2011-06-08,1,elasticnet,5,0.003510670632426383,-0.0005741422476632339
2011-06-09,1,elasticnet,5,0.008188514778996847,-0.0005741747668484284
2011-06-10,1,elasticnet,5,-0.003884540414795801,-0.000574140015954446
2011-06-13,1,elasticnet,5,-0.002418705828433509,-0.0005741161047888618
2011-06-14,1,elasticnet,5,0.01694164444828505,-0.0005741591448869134
2011-06-15,1,elasticnet,5,0.001982161203991417,-0.0005740615873313299
2011-06-16,1,elasticnet,5,-0.0100836730761813,-0.0005740166343400316
2011-06-17,1,elasticnet,5,0.000533262244339916,-0.0005740446901076504
2011-06-20,1,elasticnet,5,-0.006552139506524668,-0.0005741039897982992
2011-06-21,1,elasticnet,5,0.003214575497854533,-0.000574140015954446
2011-06-22,1,elasticnet,5,0.008919715664890582,-0.0005741508556828442
2011-06-23,1,elasticnet,5,0.002911595492572694,-0.0005741263068861778
2011-06-24,1,elasticnet,5,-0.003707140482820392,-0.0005740686012732346
2011-06-27,1,elasticnet,5,-0.004386846516735154,-0.0005740858173124551
2011-06-28,1,elasticnet,5,-0.00494157933789996,-0.0005741301326726712
2011-06-29,1,elasticnet,5,-0.005235262645261862,-0.0005741907076254845
2011-06-30,1,elasticnet,5,0.0006727211824504309,-0.0005742146187910687
2011-07-01,1,elasticnet,5,-0.000941936421658518,-0.0005730745565226
2011-07-04,1,elasticnet,5,0.005504477884469949,-0.0005730745565226
2011-07-05,1,elasticnet,5,0.005740620531032192,-0.0005730684990273187
2011-07-06,1,elasticnet,5,-0.002132196969840905,-0.0005730595721921672
2011-07-07,1,elasticnet,5,0.002930600205865552,-0.0005730720059982711
2011-05-13,1,elasticnet,6,-0.003835222581045628,-0.0003606202255708393
2011-05-16,1,elasticnet,6,-0.0009279512828666014,-0.0003600576118730381
2011-05-17,1,elasticnet,6,0.0009279512828666014,-0.0003603894096948183
2011-05-18,1,elasticnet,6,-0.004648391396769647,-0.00036102415335387614
2011-05-19,1,elasticnet,6,0.004250803425194682,-0.0003613655685038239
2011-05-20,1,elasticnet,6,0.008710626542438149,-0.00036044711366382354
2011-05-23,1,elasticnet,6,-0.002895119800826684,-0.0003600431858807868
2011-05-24,1,elasticnet,6,0.0006587181583288526,-0.00036025957576455646
2011-05-25,1,elasticnet,6,-0.005017174506393829,-0.0003606202255708393
2011-05-26,1,elasticnet,6,-0.007973464170142108,-0.00036109147465104895
2011-05-27,1,elasticnet,6,0.0001334133815600325,-0.0003611443699559704
2011-05-30,1,elasticnet,6,-0.004278081391078103,-0.0003611443699559704
2011-05-31,1,elasticnet,6,0.0005357621344339591,-0.0003613992291524103
2011-06-01,1,elasticnet,6,-0.004697679936319865,-0.00034744730669356195
2011-06-02,1,elasticnet,6,-0.007426946568672932,-0.00034754828863932114
2011-06-03,1,elasticnet,6,0.002301496988279084,-0.0003476156099364939
2011-06-06,1,elasticnet,6,-0.005831711109377302,-0.0003473559420759703
2011-06-07,1,elasticnet,6,0.005561221521577231,-0.00034755790596748866
2011-06-08,1,elasticnet,6,0.003510670632426383,-0.00034721168215345714
2011-06-09,1,elasticnet,6,0.008188514778996847,-0.0003477021658900018
2011-06-10,1,elasticnet,6,-0.003884540414795801,-0.00034717802150487076
2011-06-13,1,elasticnet,6,-0.002418705828433509,-0.0003468173716985879
2011-06-14,1,elasticnet,6,0.01694164444828505,-0.00034746654134989704
2011-06-15,1,elasticnet,6,0.001982161203991417,-0.00034599509014026297
2011-06-16,1,elasticnet,6,-0.0100836730761813,-0.0003453170685044512
2011-06-17,1,elasticnet,6,0.000533262244339916,-0.00034574023094382307
2011-06-20,1,elasticnet,6,-0.006552139506524668,-0.00034663464246340454
2011-06-21,1,elasticnet,6,0.003214575497854533,-0.00034717802150487076
2011-06-22,1,elasticnet,6,0.008919715664890582,-0.000347341516083719
2011-06-23,1,elasticnet,6,0.002911595492572694,-0.00034697124894926854
2011-06-24,1,elasticnet,6,-0.003707140482820392,-0.00034610088075010594
2011-06-27,1,elasticnet,6,-0.004386846516735154,-0.00034636054861062957
2011-06-28,1,elasticnet,6,-0.00494157933789996,-0.0003470289529182738
2011-06-29,1,elasticnet,6,-0.005235262645261862,-0.0003479425990941904
2011-06-30,1,elasticnet,6,0.0006727211824504309,-0.00034830324890047326
2011-07-01,1,elasticnet,6,-0.000941936421658518,-0.00034892078557812784
2011-07-04,1,elasticnet,6,0.005504477884469949,-0.00034892078557812784
2011-07-05,1,elasticnet,6,0.005740620531032192,-0.00034882942096053617
2011-07-06,1,elasticnet,6,-0.002132196969840905,-0.0003486947783661906
2011-07-07,1,elasticnet,6,0.002930600205865552,-0.0003488823162654577
2011-07-08,1,elasticnet,6,0.01071651454566158,-0.0003488823162654577
2011-07-11,1,elasticnet,6,-0.002371542613481381,-0.00034770900222901745
2011-07-12,1,elasticnet,6,-0.007946009229900852,-0.0003469973199446193
2011-07-13,1,elasticnet,6,0.00053170279067416,-0.0003469780852882842
2011-07-14,1,elasticnet,6,-0.001595957247916502,-0.0003465501141848285
2011-07-15,1,elasticnet,6,0.004647774119280967,-0.0003471608145234675
2011-07-18,1,elasticnet,6,-0.003450567458159526,-0.00034647798422357193
2011-07-19,1,elasticnet,6,-0.005732966838614573,-0.0003473146917741482
2011-07-20,1,elasticnet,6,-0.01034885924556583,-0.00034737239574315345
2011-07-21,1,elasticnet,6,0.002428823215324449,-0.0003481081213479705
2011-07-22,1,elasticnet,6,-0.001888574687868072,-0.00034812735600430557
2011-07-25,1,elasticnet,6,-0.007998415853280427,-0.0003472473704769754
2011-07-26,1,elasticnet,6,0.008403410796379518,-0.0003468242080376035
2011-07-27,1,elasticnet,6,0.001753085203885618,-0.00034550182541456635
2011-07-28,1,elasticnet,6,-0.00432082767829467,-0.00034513636694419975
2011-07-29,1,elasticnet,6,0.004859620794777975,-0.00034441025866755023
2011-08-01,1,elasticnet,6,0.003360895816701515,-0.0003430038318109159
2011-08-02,1,elasticnet,6,-0.006327856860338876,-0.00034246045276944975
2011-08-03,1,elasticnet,6,0.01448134719471028,-0.00034313847440526154
2011-08-04,1,elasticnet,6,-0.006946327690291909,-0.0003391569005438988
2011-06-10,1,elasticnet,7,-0.003884540414795801,-0.00014012366584519324
2011-06-13,1,elasticnet,7,-0.002418705828433509,-0.00014012366584519324
2011-06-14,1,elasticnet,7,0.01694164444828505,-0.00014012366584519324
2011-06-15,1,elasticnet,7,0.001982161203991417,-0.00014012366584519324
2011-06-16,1,elasticnet,7,-0.0100836730761813,-0.00014012366584519324
2011-06-17,1,elasticnet,7,0.000533262244339916,-0.00014012366584519324
2011-06-20,1,elasticnet,7,-0.006552139506524668,-0.00014012366584519324
2011-06-21,1,elasticnet,7,0.003214575497854533,-0.00014012366584519324
2011-06-22,1,elasticnet,7,0.008919715664890582,-0.00014012366584519324
2011-06-23,1,elasticnet,7,0.002911595492572694,-0.00014012366584519324
2011-06-24,1,elasticnet,7,-0.003707140482820392,-0.00014012366584519324
2011-06-27,1,elasticnet,7,-0.004386846516735154,-0.00014012366584519324
2011-06-28,1,elasticnet,7,-0.00494157933789996,-0.00014012366584519324
2011-06-29,1,elasticnet,7,-0.005235262645261862,-0.00014012366584519324
2011-06-30,1,elasticnet,7,0.0006727211824504309,-0.00014012366584519324
2011-07-01,1,elasticnet,7,-0.000941936421658518,-0.00014012366584519324
2011-07-04,1,elasticnet,7,0.005504477884469949,-0.00014012366584519324
2011-07-05,1,elasticnet,7,0.005740620531032192,-0.00014012366584519324
2011-07-06,1,elasticnet,7,-0.002132196969840905,-0.00014012366584519324
2011-07-07,1,elasticnet,7,0.002930600205865552,-0.00014012366584519324
2011-07-08,1,elasticnet,7,0.01071651454566158,-0.00014012366584519324
2011-07-11,1,elasticnet,7,-0.002371542613481381,-0.00014012366584519324
2011-07-12,1,elasticnet,7,-0.007946009229900852,-0.00014012366584519324
2011-07-13,1,elasticnet,7,0.00053170279067416,-0.00014012366584519324
2011-07-14,1,elasticnet,7,-0.001595957247916502,-0.00014012366584519324
2011-07-15,1,elasticnet,7,0.004647774119280967,-0.00014012366584519324
2011-07-18,1,elasticnet,7,-0.003450567458159526,-0.00014012366584519324
2011-07-19,1,elasticnet,7,-0.005732966838614573,-0.00014012366584519324
2011-07-20,1,elasticnet,7,-0.01034885924556583,-0.00014012366584519324
2011-07-21,1,elasticnet,7,0.002428823215324449,-0.00014012366584519324
2011-07-22,1,elasticnet,7,-0.001888574687868072,-0.00014012366584519324
2011-07-25,1,elasticnet,7,-0.007998415853280427,-0.00014012366584519324
2011-07-26,1,elasticnet,7,0.008403410796379518,-0.00014012366584519324
2011-07-27,1,elasticnet,7,0.001753085203885618,-0.00014012366584519324
2011-07-28,1,elasticnet,7,-0.00432082767829467,-0.00014012366584519324
2011-07-29,1,elasticnet,7,0.004859620794777975,-0.00014012366584519324
2011-08-01,1,elasticnet,7,0.003360895816701515,-0.00014012366584519324
2011-08-02,1,elasticnet,7,-0.006327856860338876,-0.00014012366584519324
2011-08-03,1,elasticnet,7,0.01448134719471028,-0.00014012366584519324
2011-08-04,1,elasticnet,7,-0.006946327690291909,-0.00014012366584519324
2011-08-05,1,elasticnet,7,0.002543678993860432,-0.00014012366584519324
2011-08-08,1,elasticnet,7,-0.002409639720152512,-0.00014012366584519324
2011-08-09,1,elasticnet,7,0.0004020100556649808,-0.00014012366584519324
2011-08-10,1,elasticnet,7,0.0005357621344339591,-0.00014012366584519324
2011-08-11,1,elasticnet,7,-0.00093777219009894,-0.00014012366584519324
2011-08-12,1,elasticnet,7,-0.01037395628882631,-0.00014012366584519324
2011-08-15,1,elasticnet,7,0.002299629014777871,-0.00014012366584519324
2011-08-16,1,elasticnet,7,-0.004604558514652801,-0.00014012366584519324
2011-08-17,1,elasticnet,7,0.007707427783222975,-0.00014012366584519324
2011-08-18,1,elasticnet,7,-0.003102869268570174,-0.00014012366584519324
2011-08-19,1,elasticnet,7,0.0008103728158230794,-0.00014012366584519324
2011-08-22,1,elasticnet,7,-0.00243309122464197,-0.00014012366584519324
2011-08-23,1,elasticnet,7,0.001622718408818891,-0.00014012366584519324
2011-08-24,1,elasticnet,7,0.00364151727513029,-0.00014012366584519324
2011-08-25,1,elasticnet,7,-0.0063475127025443,-0.00014012366584519324
2011-08-26,1,elasticnet,7,-0.001220090980337929,-0.00014012366584519324
2011-08-29,1,elasticnet,7,0.003115056355185608,-0.00014012366584519324
2011-08-30,1,elasticnet,7,0.002296212260350927,-0.00014012366584519324
2011-08-31,1,elasticnet,7,0.004845231551652063,-0.00014012366584519324
2011-09-01,1,elasticnet,7,0.003752349618550532,-0.00014012366584519324
2011-07-08,1,elasticnet,8,0.01071651454566158,-0.00013433702873305787
2011-07-11,1,elasticnet,8,-0.002371542613481381,-0.00013433702873305787
2011-07-12,1,elasticnet,8,-0.007946009229900852,-0.00013433702873305787
2011-07-13,1,elasticnet,8,0.00053170279067416,-0.00013433702873305787
2011-07-14,1,elasticnet,8,-0.001595957247916502,-0.00013433702873305787
2011-07-15,1,elasticnet,8,0.004647774119280967,-0.00013433702873305787
2011-07-18,1,elasticnet,8,-0.003450567458159526,-0.00013433702873305787
2011-07-19,1,elasticnet,8,-0.005732966838614573,-0.00013433702873305787
2011-07-20,1,elasticnet,8,-0.01034885924556583,-0.00013433702873305787
2011-07-21,1,elasticnet,8,0.002428823215324449,-0.00013433702873305787
2011-07-22,1,elasticnet,8,-0.001888574687868072,-0.00013433702873305787
2011-07-25,1,elasticnet,8,-0.007998415853280427,-0.00013433702873305787
2011-07-26,1,elasticnet,8,0.008403410796379518,-0.00013433702873305787
2011-07-27,1,elasticnet,8,0.001753085203885618,-0.00013433702873305787
2011-07-28,1,elasticnet,8,-0.00432082767829467,-0.00013433702873305787
2011-07-29,1,elasticnet,8,0.004859620794777975,-0.00013433702873305787
2011-08-01,1,elasticnet,8,0.003360895816701515,-0.00013433702873305787
2011-08-02,1,elasticnet,8,-0.006327856860338876,-0.00013433702873305787
2011-08-03,1,elasticnet,8,0.01448134719471028,-0.00013433702873305787
2011-08-04,1,elasticnet,8,-0.006946327690291909,-0.00013433702873305787
2011-08-05,1,elasticnet,8,0.002543678993860432,-0.00013433702873305787
2011-08-08,1,elasticnet,8,-0.002409639720152512,-0.00013433702873305787
2011-08-09,1,elasticnet,8,0.0004020100556649808,-0.00013433702873305787
2011-08-10,1,elasticnet,8,0.0005357621344339591,-0.00013433702873305787
2011-08-11,1,elasticnet,8,-0.00093777219009894,-0.00013433702873305787
2011-08-12,1,elasticnet,8,-0.01037395628882631,-0.00013433702873305787
2011-08-15,1,elasticnet,8,0.002299629014777871,-0.00013433702873305787
2011-08-16,1,elasticnet,8,-0.004604558514652801,-0.00013433702873305787
2011-08-17,1,elasticnet,8,0.007707427783222975,-0.00013433702873305787
2011-08-18,1,elasticnet,8,-0.003102869268570174,-0.00013433702873305787
2011-08-19,1,elasticnet,8,0.0008103728158230794,-0.00013433702873305787
2011-08-22,1,elasticnet,8,-0.00243309122464197,-0.00013433702873305787
2011-08-23,1,elasticnet,8,0.001622718408818891,-0.00013433702873305787
2011-08-24,1,elasticnet,8,0.00364151727513029,-0.00013433702873305787
2011-08-25,1,elasticnet,8,-0.0063475127025443,-0.00013433702873305787
2011-08-26,1,elasticnet,8,-0.001220090980337929,-0.00013433702873305787
2011-08-29,1,elasticnet,8,0.003115056355185608,-0.00013433702873305787
2011-08-30,1,elasticnet,8,0.002296212260350927,-0.00013433702873305787
2011-08-31,1,elasticnet,8,0.004845231551652063,-0.00013433702873305787
2011-09-01,1,elasticnet,8,0.003752349618550532,-0.00013433702873305787
2011-09-02,1,elasticnet,8,0.00467072311055805,-0.00013433702873305787
2011-09-05,1,elasticnet,8,0.01112152334386174,-0.00013433702873305787
2011-09-06,1,elasticnet,8,-0.006340002745004902,-0.00013433702873305787
2011-09-07,1,elasticnet,8,0.01028218919074408,-0.00013433702873305787
2011-09-08,1,elasticnet,8,0.01225249947424167,-0.00013433702873305787
2011-09-09,1,elasticnet,8,0.005039747050058274,-0.00013433702873305787
2011-09-12,1,elasticnet,8,-0.008543741291242135,-0.00013433702873305787
2011-09-13,1,elasticnet,8,-0.001170731841035,-0.00013433702873305787
2011-09-14,1,elasticnet,8,-0.007708929533597697,-0.00013433702873305787
2011-09-15,1,elasticnet,8,0.004710817400598977,-0.00013433702873305787
2011-09-16,1,elasticnet,8,0.007154502062625134,-0.00013433702873305787
2011-09-19,1,elasticnet,8,-0.001686450422407226,-0.00013433702873305787
2011-09-20,1,elasticnet,8,0.004146157792387584,-0.00013433702873305787
2011-09-21,1,elasticnet,8,0.01425019299989128,-0.00013433702873305787
2011-09-22,1,elasticnet,8,0.0006371456093212657,-0.00013433702873305787
2011-09-23,1,elasticnet,8,-0.001785031712023155,-0.00013433702873305787
2011-09-26,1,elasticnet,8,-0.0109066327829197,-0.00013433702873305787
2011-09-27,1,elasticnet,8,0.004376937986586782,-0.00013433702873305787
2011-09-28,1,elasticnet,8,0.002309469848662538,-0.00013433702873305787
2011-09-29,1,elasticnet,8,0.006641996572960274,-0.00013433702873305787
2011-08-05,1,elasticnet,9,0.002543678993860432,-0.00031260112791604014
2011-08-08,1,elasticnet,9,-0.002409639720152512,-0.0003060642200204759
2011-08-09,1,elasticnet,9,0.0004020100556649808,-0.0003113509442810135
2011-08-10,1,elasticnet,9,0.0005357621344339591,-0.00030811108930527446
2011-08-11,1,elasticnet,9,-0.00093777219009894,-0.0003097412307117308
2011-08-12,1,elasticnet,9,-0.01037395628882631,-0.0003108198205144989
2011-08-15,1,elasticnet,9,0.002299629014777871,-0.0003126542402926916
2011-08-16,1,elasticnet,9,-0.004604558514652801,-0.00031225385468408833
2011-08-17,1,elasticnet,9,0.007707427783222975,-0.0003127727217482987
2011-08-18,1,elasticnet,9,-0.003102869268570174,-0.00030824182746318576
2011-08-19,1,elasticnet,9,0.0008103728158230794,-0.0003080865759006661
2011-08-22,1,elasticnet,9,-0.00243309122464197,-0.0003083357955141845
2011-08-23,1,elasticnet,9,0.001622718408818891,-0.00031085659062141146
2011-08-24,1,elasticnet,9,0.00364151727513029,-0.00031100775661649637
2011-08-25,1,elasticnet,9,-0.0063475127025443,-0.0003094307275866915
2011-08-26,1,elasticnet,9,-0.001220090980337929,-0.00031113440920697296
2011-08-29,1,elasticnet,9,0.003115056355185608,-0.0003124867320278678
2011-08-30,1,elasticnet,9,0.002296212260350927,-0.0003122375124143494
2011-08-31,1,elasticnet,9,0.004845231551652063,-0.0003127563794785598
2011-09-01,1,elasticnet,9,0.003752349618550532,-0.0003089576646555252
2011-09-02,1,elasticnet,9,0.00467072311055805,-0.00030809969549423235
2011-09-05,1,elasticnet,9,0.01112152334386174,-0.00030809969549423235
2011-09-06,1,elasticnet,9,-0.006340002745004902,-0.00030684134072433625
2011-09-07,1,elasticnet,9,0.01028218919074408,-0.0003083203161357076
2011-09-08,1,elasticnet,9,0.01225249947424167,-0.00030793627279684325
2011-09-09,1,elasticnet,9,0.005039747050058274,-0.00030622033447425765
2011-09-12,1,elasticnet,9,-0.008543741291242135,-0.00030619173550221456
2011-09-13,1,elasticnet,9,-0.001170731841035,-0.0003068781108312488
2011-09-14,1,elasticnet,9,-0.007708929533597697,-0.0003078218769086709
2011-09-15,1,elasticnet,9,0.004710817400598977,-0.00030889638114400423
2011-09-16,1,elasticnet,9,0.007154502062625134,-0.00030930085232004227
2011-09-19,1,elasticnet,9,-0.001686450422407226,-0.00030858587801896493
2011-09-20,1,elasticnet,9,0.004146157792387584,-0.00030853276564231347
2011-09-21,1,elasticnet,9,0.01425019299989128,-0.00030671060256642495
2011-09-22,1,elasticnet,9,0.0006371456093212657,-0.0003050641188902297
2011-09-23,1,elasticnet,9,-0.001785031712023155,-0.000305104974564577
2011-09-26,1,elasticnet,9,-0.0109066327829197,-0.0003060160561025213
2011-09-27,1,elasticnet,9,0.004376937986586782,-0.00030655126543647056
2011-09-28,1,elasticnet,9,0.002309469848662538,-0.00030517442921096735
2011-09-29,1,elasticnet,9,0.006641996572960274,-0.00030608959631634635
2011-09-30,1,elasticnet,9,0.01114076594341107,-0.00030440634253323855
2011-10-03,1,elasticnet,9,0.002137962205296162,-0.00030085484895493346
2011-10-04,1,elasticnet,9,-0.0085794116959228,-0.00030274646667721234
2011-10-05,1,elasticnet,9,-0.003681375150989652,-0.00030397622247506535
2011-10-06,1,elasticnet,9,0.001270971192950832,-0.00030460539986001343
2011-10-07,1,elasticnet,9,-0.01587538142051681,-0.0003046339988320565
2011-10-10,1,elasticnet,9,0.001160766235962285,-0.00030593320927629994
2011-10-11,1,elasticnet,9,-0.007634118721862926,-0.00030599857835525554
2011-10-12,1,elasticnet,9,0.000129878563726038,-0.000306652269144812
2011-10-13,1,elasticnet,9,-0.004947282581181156,-0.00030688106092115674
2011-10-14,1,elasticnet,9,0.006893439536667323,-0.0003078861105100997
2011-10-17,1,elasticnet,9,-0.0001296260290883922,-0.000305782043281215
2011-10-18,1,elasticnet,9,-0.0003889789352129469,-0.00030652970212177017
2011-10-19,1,elasticnet,9,-0.001817238298642998,-0.0003053530587005686
2011-10-20,1,elasticnet,9,-0.007563937992957293,-0.00030521414940778784
2011-10-21,1,elasticnet,9,-0.004723798312923577,-0.0003066277557402036
2011-10-24,1,elasticnet,9,0.001183043187603872,-0.00030746938263175754
2011-10-25,1,elasticnet,9,0.001706373059572108,-0.00030626005467107814
2011-10-26,1,elasticnet,9,-0.01813058331818418,-0.00030722424858567384
2011-10-27,1,elasticnet,9,0.002534179415573767,-0.00030902189825695404
2011-09-02,1,elasticnet,10,0.00467072311055805,-0.0001345004390183061
2011-09-05,1,elasticnet,10,0.01112152334386174,-0.0001345004390183061
2011-09-06,1,elasticnet,10,-0.006340002745004902,-0.0001345004390183061
2011-09-07,1,elasticnet,10,0.01028218919074408,-0.0001345004390183061
2011-09-08,1,elasticnet,10,0.01225249947424167,-0.0001345004390183061
2011-09-09,1,elasticnet,10,0.005039747050058274,-0.0001345004390183061
2011-09-12,1,elasticnet,10,-0.008543741291242135,-0.0001345004390183061
2011-09-13,1,elasticnet,10,-0.001170731841035,-0.0001345004390183061
2011-09-14,1,elasticnet,10,-0.007708929533597697,-0.0001345004390183061
2011-09-15,1,elasticnet,10,0.004710817400598977,-0.0001345004390183061
2011-09-16,1,elasticnet,10,0.007154502062625134,-0.0001345004390183061
2011-09-19,1,elasticnet,10,-0.001686450422407226,-0.0001345004390183061
2011-09-20,1,elasticnet,10,0.004146157792387584,-0.0001345004390183061
2011-09-21,1,elasticnet,10,0.01425019299989128,-0.0001345004390183061
2011-09-22,1,elasticnet,10,0.0006371456093212657,-0.0001345004390183061
2011-09-23,1,elasticnet,10,-0.001785031712023155,-0.0001345004390183061
2011-09-26,1,elasticnet,10,-0.0109066327829197,-0.0001345004390183061
2011-09-27,1,elasticnet,10,0.004376937986586782,-0.0001345004390183061
2011-09-28,1,elasticnet,10,0.002309469848662538,-0.0001345004390183061
2011-09-29,1,elasticnet,10,0.006641996572960274,-0.0001345004390183061
2011-09-30,1,elasticnet,10,0.01114076594341107,-0.0001345004390183061
2011-10-03,1,elasticnet,10,0.002137962205296162,-0.0001345004390183061
2011-10-04,1,elasticnet,10,-0.0085794116959228,-0.0001345004390183061
2011-10-05,1,elasticnet,10,-0.003681375150989652,-0.0001345004390183061
2011-10-06,1,elasticnet,10,0.001270971192950832,-0.0001345004390183061
2011-10-07,1,elasticnet,10,-0.01587538142051681,-0.0001345004390183061
2011-10-10,1,elasticnet,10,0.001160766235962285,-0.0001345004390183061
2011-10-11,1,elasticnet,10,-0.007634118721862926,-0.0001345004390183061
2011-10-12,1,elasticnet,10,0.000129878563726038,-0.0001345004390183061
2011-10-13,1,elasticnet,10,-0.004947282581181156,-0.0001345004390183061
2011-10-14,1,elasticnet,10,0.006893439536667323,-0.0001345004390183061
2011-10-17,1,elasticnet,10,-0.0001296260290883922,-0.0001345004390183061
2011-10-18,1,elasticnet,10,-0.0003889789352129469,-0.0001345004390183061
2011-10-19,1,elasticnet,10,-0.001817238298642998,-0.0001345004390183061
2011-10-20,1,elasticnet,10,-0.007563937992957293,-0.0001345004390183061
2011-10-21,1,elasticnet,10,-0.004723798312923577,-0.0001345004390183061
2011-10-24,1,elasticnet,10,0.001183043187603872,-0.0001345004390183061
2011-10-25,1,elasticnet,10,0.001706373059572108,-0.0001345004390183061
2011-10-26,1,elasticnet,10,-0.01813058331818418,-0.0001345004390183061
2011-10-27,1,elasticnet,10,0.002534179415573767,-0.0001345004390183061
2011-10-28,1,elasticnet,10,0.01454667279978583,-0.0001345004390183061
2011-10-31,1,elasticnet,10,0.01420867285343874,-0.0001345004390183061
2011-11-01,1,elasticnet,10,-0.003111228851372161,-0.0001345004390183061
2011-11-02,1,elasticnet,10,-0.004554630815960081,-0.0001345004390183061
2011-11-03,1,elasticnet,10,0.003775308786647891,-0.0001345004390183061
2011-11-04,1,elasticnet,10,0.0,-0.0001345004390183061
2011-11-07,1,elasticnet,10,-0.004819286435949088,-0.0001345004390183061
2011-11-08,1,elasticnet,10,0.0173444679339676,-0.0001345004390183061
2011-11-09,1,elasticnet,10,-0.002441062431392638,-0.0001345004390183061
2011-11-10,1,elasticnet,10,-0.01034402809992763,-0.0001345004390183061
2011-11-11,1,elasticnet,10,0.008154857178631403,-0.0001345004390183061
2011-11-14,1,elasticnet,10,0.00386001508611411,-0.0001345004390183061
2011-11-15,1,elasticnet,10,0.001924434489615656,-0.0001345004390183061
2011-11-16,1,elasticnet,10,0.003326938449364825,-0.0001345004390183061
2011-11-17,1,elasticnet,10,-0.002814380775405745,-0.0001345004390183061
2011-11-18,1,elasticnet,10,0.00306984124428844,-0.0001345004390183061
2011-11-21,1,elasticnet,10,-0.0003832151800109429,-0.0001345004390183061
2011-11-22,1,elasticnet,10,0.01105404814053124,-0.0001345004390183061
2011-11-23,1,elasticnet,10,0.0,-0.0001345004390183061
2011-11-24,1,elasticnet,10,0.006925671452378879,-0.0001345004390183061
2011-09-30,1,elasticnet,11,0.01114076594341107,-0.0004941528079180188
2011-10-03,1,elasticnet,11,0.002137962205296162,-0.0004035104320646311
2011-10-04,1,elasticnet,11,-0.0085794116959228,-0.00040078663626835884
2011-10-05,1,elasticnet,11,-0.003681375150989652,-0.0003990158748543676
2011-10-06,1,elasticnet,11,0.001270971192950832,-0.00039810990389837206
2011-10-07,1,elasticnet,11,-0.01587538142051681,-0.0003980687234003723
2011-10-10,1,elasticnet,11,0.001160766235962285,-0.00039619795220552443
2011-10-11,1,elasticnet,11,-0.007634118721862926,-0.0003961038253529535
2011-10-12,1,elasticnet,11,0.000129878563726038,-0.00039516255682724383
2011-10-13,1,elasticnet,11,-0.004947282581181156,-0.0003948331128432455
2011-10-14,1,elasticnet,11,0.006893439536667323,-0.00039338591248496693
2011-10-17,1,elasticnet,11,-0.0001296260290883922,-0.00039641562055209474
2011-10-18,1,elasticnet,11,-0.0003889789352129469,-0.00039533904467581435
2011-10-19,1,elasticnet,11,-0.001817238298642998,-0.00039703332802209167
2011-10-20,1,elasticnet,11,-0.007563937992957293,-0.00039723334758380504
2011-10-21,1,elasticnet,11,-0.004723798312923577,-0.00039519785439695793
2011-10-24,1,elasticnet,11,0.001183043187603872,-0.0003939859711701068
2011-10-25,1,elasticnet,11,0.001706373059572108,-0.0003957273179426696
2011-10-26,1,elasticnet,11,-0.01813058331818418,-0.00039433894686724796
2011-10-27,1,elasticnet,11,0.002534179415573767,-0.00039175045842154645
2011-10-28,1,elasticnet,11,0.01454667279978583,-0.0003912033460909777
2011-10-31,1,elasticnet,11,0.01420867285343874,-0.0003943977761501048
2011-11-01,1,elasticnet,11,-0.003111228851372161,-0.0005011785148581074
2011-11-02,1,elasticnet,11,-0.004554630815960081,-0.0004999842804161133
2011-11-03,1,elasticnet,11,0.003775308786647891,-0.0004986665044801198
2011-11-04,1,elasticnet,11,0.0,-0.0004984664849184066
2011-11-07,1,elasticnet,11,-0.004819286435949088,-0.0004982841141415503
2011-11-08,1,elasticnet,11,0.0173444679339676,-0.0004968898601378428
2011-11-09,1,elasticnet,11,-0.002441062431392638,-0.0005019962418898176
2011-11-10,1,elasticnet,11,-0.01034402809992763,-0.0005000254609141132
2011-11-11,1,elasticnet,11,0.008154857178631403,-0.0004983958897789784
2011-11-14,1,elasticnet,11,0.00386001508611411,-0.000499037128962118
2011-11-15,1,elasticnet,11,0.001924434489615656,-0.0004990900753166891
2011-11-16,1,elasticnet,11,0.003326938449364825,-0.000500437265894111
2011-11-17,1,elasticnet,11,-0.002814380775405745,-0.0005010255587226796
2011-11-18,1,elasticnet,11,0.00306984124428844,-0.0004995489437229726
2011-11-21,1,elasticnet,11,-0.0003832151800109429,-0.00050008429019697
2011-11-22,1,elasticnet,11,0.01105404814053124,-0.0004995312949381155
2011-11-23,1,elasticnet,11,0.0,-0.0005007137635235383
2011-11-24,1,elasticnet,11,0.006925671452378879,-0.0005007137635235383
2011-11-25,1,elasticnet,11,-0.005410519647368162,-0.0005010020270095368
2011-11-28,1,elasticnet,11,-0.003159161027646462,-0.0004996254217906864
2011-11-29,1,elasticnet,11,-0.008005633963157344,-0.0004987488654761194
2011-11-30,1,elasticnet,11,-0.0006381213923374318,-0.0004970781138429848
2011-12-01,1,elasticnet,11,0.003695448614566388,-0.0005593382316966626
2011-12-02,1,elasticnet,11,-0.0006361728059838256,-0.0005594029439078051
2011-12-05,1,elasticnet,11,-0.0008913223993669561,-0.000559591197612947
2011-12-06,1,elasticnet,11,-0.00025480953125534,-0.0005597618025332319
2011-12-07,1,elasticnet,11,0.004449819814708711,-0.0005600794806606588
2011-12-08,1,elasticnet,11,-0.002540329068391856,-0.0005612090028915104
2011-12-09,1,elasticnet,11,0.01138100296561895,-0.000558732290083237
2011-12-12,1,elasticnet,11,0.008887834684636609,-0.0005583146021749533
2011-12-13,1,elasticnet,11,0.004352428682739884,-0.0005581616460395255
2011-12-14,1,elasticnet,11,-0.003355916393001479,-0.0005585322705215236
2011-12-15,1,elasticnet,11,-0.0007472911046475517,-0.0005579851581909549
2011-12-16,1,elasticnet,11,-0.0001246028286461254,-0.0005575027580715288
2011-12-19,1,elasticnet,11,-0.004621253462510744,-0.000557873382553527
2011-12-20,1,elasticnet,11,0.001751094881474735,-0.0005568732847449605
2011-12-21,1,elasticnet,11,-0.000750093796889395,-0.0005558202405818227
2011-12-22,1,elasticnet,11,-0.0003752579942721823,-0.0005556614015181094
2011-10-28,1,elasticnet,12,0.01454667279978583,-0.0002800892944822314
2011-10-31,1,elasticnet,12,0.01420867285343874,-0.00027822786992110686
2011-11-01,1,elasticnet,12,-0.003111228851372161,-0.00028442208820672507
2011-11-02,1,elasticnet,12,-0.004554630815960081,-0.00028511797989348064
2011-11-03,1,elasticnet,12,0.003775308786647891,-0.0002858858603754178
2011-11-04,1,elasticnet,12,0.0,-0.0002860024136628547
2011-11-07,1,elasticnet,12,-0.004819286435949088,-0.0002861086828366943
2011-11-08,1,elasticnet,12,0.0173444679339676,-0.00028692112781088675
2011-11-09,1,elasticnet,12,-0.002441062431392638,-0.00028394559094338013
2011-11-10,1,elasticnet,12,-0.01034402809992763,-0.00028509398362842013
2011-11-11,1,elasticnet,12,0.008154857178631403,-0.0002860435501172442
2011-11-14,1,elasticnet,12,0.00386001508611411,-0.000285669893989873
2011-11-15,1,elasticnet,12,0.001924434489615656,-0.0002856390416490809
2011-11-16,1,elasticnet,12,0.003326938449364825,-0.0002848540209778147
2011-11-17,1,elasticnet,12,-0.002814380775405745,-0.00028451121719123563
2011-11-18,1,elasticnet,12,0.00306984124428844,-0.00028537165469554916
2011-11-21,1,elasticnet,12,-0.0003832151800109429,-0.0002850597032497622
2011-11-22,1,elasticnet,12,0.01105404814053124,-0.00028538193880914655
2011-11-23,1,elasticnet,12,0.0,-0.00028469290319812254
2011-11-24,1,elasticnet,12,0.006925671452378879,-0.00028469290319812254
2011-11-25,1,elasticnet,12,-0.005410519647368162,-0.0002845249293426988
2011-11-28,1,elasticnet,12,-0.003159161027646462,-0.0002853270902032939
2011-11-29,1,elasticnet,12,-0.008005633963157344,-0.00028583786784529676
2011-11-30,1,elasticnet,12,-0.0006381213923374318,-0.0002868114305991814
2011-12-01,1,elasticnet,12,0.003695448614566388,-0.00028993516493047364
2011-12-02,1,elasticnet,12,-0.0006361728059838256,-0.0002898974565139499
2011-12-05,1,elasticnet,12,-0.0008913223993669561,-0.0002897877593022446
2011-12-06,1,elasticnet,12,-0.00025480953125534,-0.00028968834620413667
2011-12-07,1,elasticnet,12,0.004449819814708711,-0.000289503232159384
2011-12-08,1,elasticnet,12,-0.002540329068391856,-0.0002888450488891521
2011-12-09,1,elasticnet,12,0.01138100296561895,-0.0002902882528306501
2011-12-12,1,elasticnet,12,0.008887834684636609,-0.00029053164351912125
2011-12-13,1,elasticnet,12,0.004352428682739884,-0.00029062077250363187
2011-12-14,1,elasticnet,12,-0.003355916393001479,-0.000290404806118087
2011-12-15,1,elasticnet,12,-0.0007472911046475517,-0.0002907236136396056
2011-12-16,1,elasticnet,12,-0.0001246028286461254,-0.00029100471274460046
2011-12-19,1,elasticnet,12,-0.004621253462510744,-0.0002907887463590556
2011-12-20,1,elasticnet,12,0.001751094881474735,-0.00029137151279624005
2011-12-21,1,elasticnet,12,-0.000750093796889395,-0.00029198513157421667
2011-12-22,1,elasticnet,12,-0.0003752579942721823,-0.000292077688596593
2011-12-23,1,elasticnet,12,0.0,-0.0002922250942248221
2011-12-26,1,elasticnet,12,-0.001627747182164185,-0.0002922250942248221
2011-12-27,1,elasticnet,12,0.008733679968754515,-0.0002918205857566587
2011-12-28,1,elasticnet,12,-0.0001242313188756228,-0.0002912686716602664
2011-12-29,1,elasticnet,12,-0.003858845891280716,-0.0002915669109545902
2011-12-30,1,elasticnet,12,0.0,-0.0002913098081146558
2012-01-02,1,elasticnet,12,-0.00713439411387462,-0.0003011825438494984
2012-01-03,1,elasticnet,12,0.006510602689492551,-0.0003013299494777274
2012-01-04,1,elasticnet,12,0.01005782365773999,-0.00030158705231766173
2012-01-05,1,elasticnet,12,0.003822681762127189,-0.00030184072711973025
2012-01-06,1,elasticnet,12,-0.00246457302816161,-0.0003021321103383225
2012-01-09,1,elasticnet,12,-0.002965527936328982,-0.0003019812766722277
2012-01-10,1,elasticnet,12,0.006660113419690639,-0.0003021115421111278
2012-01-11,1,elasticnet,12,-0.007155224210841915,-0.00030198813274795927
2012-01-12,1,elasticnet,12,0.00924277946026475,-0.0003021869589441752
2012-01-13,1,elasticnet,12,0.0,-0.0003020361252780804
2012-01-16,1,elasticnet,12,-0.004179477503718054,-0.0003020361252780804
2012-01-17,1,elasticnet,12,-0.007046200115241597,-0.00030159390839339334
2012-01-18,1,elasticnet,12,-0.004849850953602797,-0.00030204298135381194
2012-01-19,1,elasticnet,12,0.0,-0.00030239264121612264
2011-11-25,1,elasticnet,13,-0.005410519647368162,-0.000304306540023649
2011-11-28,1,elasticnet,13,-0.003159161027646462,-0.0003054056319138118
2011-11-29,1,elasticnet,13,-0.008005633963157344,-0.00030610548102336
2011-11-30,1,elasticnet,13,-0.0006381213923374318,-0.0003074394216080021
2011-12-01,1,elasticnet,13,0.003695448614566388,-0.0003118640960386018
2011-12-02,1,elasticnet,13,-0.0006361728059838256,-0.0003118124293258164
2011-12-05,1,elasticnet,13,-0.0008913223993669561,-0.0003116621261613497
2011-12-06,1,elasticnet,13,-0.00025480953125534,-0.00031152591391855173
2011-12-07,1,elasticnet,13,0.004449819814708711,-0.00031127227732851413
2011-12-08,1,elasticnet,13,-0.002540329068391856,-0.00031037045834171384
2011-12-09,1,elasticnet,13,0.01138100296561895,-0.00031234788434922903
2011-12-12,1,elasticnet,13,0.008887834684636609,-0.00031268136949538956
2011-12-13,1,elasticnet,13,0.004352428682739884,-0.0003128034908165188
2011-12-14,1,elasticnet,13,-0.003355916393001479,-0.00031250758146147495
2011-12-15,1,elasticnet,13,-0.0007472911046475517,-0.0003129444000332063
2011-12-16,1,elasticnet,13,-0.0001246028286461254,-0.0003133295518921523
2011-12-19,1,elasticnet,13,-0.004621253462510744,-0.0003130336425371084
2011-12-20,1,elasticnet,13,0.001751094881474735,-0.00031383212809833787
2011-12-21,1,elasticnet,13,-0.000750093796889395,-0.00031467288642457355
2011-12-22,1,elasticnet,13,-0.0003752579942721823,-0.00031479970471959235
2011-12-23,1,elasticnet,13,0.0,-0.0003150016745968445
2011-12-26,1,elasticnet,13,-0.001627747182164185,-0.0003150016745968445
2011-12-27,1,elasticnet,13,0.008733679968754515,-0.0003144474316778735
2011-12-28,1,elasticnet,13,-0.0001242313188756228,-0.00031369121888165033
2011-12-29,1,elasticnet,13,-0.003858845891280716,-0.0003140998556100442
2011-12-30,1,elasticnet,13,0.0,-0.00031374758256832536
2012-01-02,1,elasticnet,13,-0.00713439411387462,-0.00032775245277134846
2012-01-03,1,elasticnet,13,0.006510602689492551,-0.0003279544226486006
2012-01-04,1,elasticnet,13,0.01005782365773999,-0.0003283066956903195
2012-01-05,1,elasticnet,13,0.003822681762127189,-0.00032865427175814875
2012-01-06,1,elasticnet,13,-0.00246457302816161,-0.0003290535145387635
2012-01-09,1,elasticnet,13,-0.002965527936328982,-0.00032884684768762175
2012-01-10,1,elasticnet,13,0.006660113419690639,-0.00032902533269542594
2012-01-11,1,elasticnet,13,-0.007155224210841915,-0.0003288562416354009
2012-01-12,1,elasticnet,13,0.00924277946026475,-0.00032912866612099683
2012-01-13,1,elasticnet,13,0.0,-0.0003289219992698551
2012-01-16,1,elasticnet,13,-0.004179477503718054,-0.0003289219992698551
2012-01-17,1,elasticnet,13,-0.007046200115241597,-0.00032831608963809864
2012-01-18,1,elasticnet,13,-0.004849850953602797,-0.00032893139321763426
2012-01-19,1,elasticnet,13,0.0,-0.0003294104845543719
2012-01-20,1,elasticnet,13,-0.005500013864645936,-0.0003301573034028159
2012-01-23,1,elasticnet,13,0.00112746645203643,-0.0003299741214211221
2012-01-24,1,elasticnet,13,-0.003637507930514872,-0.00032986139404777204
2012-01-25,1,elasticnet,13,-0.002390389261760717,-0.0003301432124811472
2012-01-26,1,elasticnet,13,-0.006191187885193017,-0.00033002109116001796
2012-01-27,1,elasticnet,13,0.003416211331513708,-0.0003300398790555763
2012-01-30,1,elasticnet,13,0.00151457810096467,-0.0003296312423271824
2012-01-31,1,elasticnet,13,-0.004677336129892851,-0.00032961245443162407
2012-02-01,1,elasticnet,13,0.000886581021913635,-0.0003312366443647435
2012-02-02,1,elasticnet,13,-0.000886581021913635,-0.00033150437187644987
2012-02-03,1,elasticnet,13,0.001898854928421123,-0.00033191770557873334
2012-02-06,1,elasticnet,13,-0.006216321952521753,-0.00033160770530202076
2012-02-07,1,elasticnet,13,0.000763261708597085,-0.00033165937201480616
2012-02-08,1,elasticnet,13,-0.0008905286511806665,-0.00033141982634643736
2012-02-09,1,elasticnet,13,0.006849341845574841,-0.0003311990685736269
2012-02-10,1,elasticnet,13,-0.002024548331653442,-0.00033018452221347653
2012-02-13,1,elasticnet,13,0.007948064297131019,-0.0003310064926441539
2012-02-14,1,elasticnet,13,0.001130298393491991,-0.0003307716439496746
2012-02-15,1,elasticnet,13,-0.004024656419856498,-0.0003300201281273411
2012-02-16,1,elasticnet,13,-0.0002520796585061547,-0.00033092194711414137
2011-12-23,1,elasticnet,14,0.0,-0.00029537203329678294
2011-12-26,1,elasticnet,14,-0.001627747182164185,-0.00029537203329678294
2011-12-27,1,elasticnet,14,0.008733679968754515,-0.0002948733847892236
2011-12-28,1,elasticnet,14,-0.0001242313188756228,-0.00029419302538484185
2011-12-29,1,elasticnet,14,-0.003858845891280716,-0.0002945606730132966
2011-12-30,1,elasticnet,14,0.0,-0.0002942437354025597
2012-01-02,1,elasticnet,14,-0.00713439411387462,-0.00030773921739515333
2012-01-03,1,elasticnet,14,0.006510602689492551,-0.0003079209282919758
2012-01-04,1,elasticnet,14,0.01005782365773999,-0.00030823786590271265
2012-01-05,1,elasticnet,14,0.003822681762127189,-0.00030855057767863967
2012-01-06,1,elasticnet,14,-0.00246457302816161,-0.0003089097736374748
2012-01-09,1,elasticnet,14,-0.002965527936328982,-0.0003087238369058425
2012-01-10,1,elasticnet,14,0.006660113419690639,-0.00030888441862861587
2012-01-11,1,elasticnet,14,-0.007155224210841915,-0.0003087322885754622
2012-01-12,1,elasticnet,14,0.00924277946026475,-0.000308977386994432
2012-01-13,1,elasticnet,14,0.0,-0.0003087914502627997
2012-01-16,1,elasticnet,14,-0.004179477503718054,-0.0003087914502627997
2012-01-17,1,elasticnet,14,-0.007046200115241597,-0.0003082463175723323
2012-01-18,1,elasticnet,14,-0.004849850953602797,-0.00030879990193241933
2012-01-19,1,elasticnet,14,0.0,-0.0003092309370830215
2012-01-20,1,elasticnet,14,-0.005500013864645936,-0.00030990284481778363
2012-01-23,1,elasticnet,14,0.00112746645203643,-0.00030973803726020045
2012-01-24,1,elasticnet,14,-0.003637507930514872,-0.00030963661722476464
2012-01-25,1,elasticnet,14,-0.002390389261760717,-0.00030989016731335415
2012-01-26,1,elasticnet,14,-0.006191187885193017,-0.0003097802956082987
2012-01-27,1,elasticnet,14,0.003416211331513708,-0.000309797198947538
2012-01-30,1,elasticnet,14,0.00151457810096467,-0.0003094295513190832
2012-01-31,1,elasticnet,14,-0.004677336129892851,-0.00030941264797984395
2012-02-01,1,elasticnet,14,0.000886581021913635,-0.0003109510358458486
2012-02-02,1,elasticnet,14,-0.000886581021913635,-0.0003111919084300086
2012-02-03,1,elasticnet,14,0.001898854928421123,-0.0003115637818932732
2012-02-06,1,elasticnet,14,-0.006216321952521753,-0.00031128487679582474
2012-02-07,1,elasticnet,14,0.000763261708597085,-0.00031133136097873283
2012-02-08,1,elasticnet,14,-0.0008905286511806665,-0.0003111158434034318
2012-02-09,1,elasticnet,14,0.006849341845574841,-0.00031091722916737
2012-02-10,1,elasticnet,14,-0.002024548331653442,-0.00031000444884844784
2012-02-13,1,elasticnet,14,0.007948064297131019,-0.0003107439699401672
2012-02-14,1,elasticnet,14,0.001130298393491991,-0.0003105326781996759
2012-02-15,1,elasticnet,14,-0.004024656419856498,-0.00030985654463010394
2012-02-16,1,elasticnet,14,-0.0002520796585061547,-0.00031066790491359033
2012-02-17,1,elasticnet,14,0.0,-0.0003112764251262051
2012-02-20,1,elasticnet,14,-0.003662313874299272,-0.0003112764251262051
2012-02-21,1,elasticnet,14,0.00214850003657574,-0.0003111031658990023
2012-02-22,1,elasticnet,14,-0.004935781709330733,-0.0003111031658990023
2012-02-23,1,elasticnet,14,-0.005980802964828058,-0.00031169055693756794
2012-02-24,1,elasticnet,14,0.002803978385700567,-0.0003114750393622669
2012-02-27,1,elasticnet,14,-0.003825559370983278,-0.0003111031658990023
2012-02-28,1,elasticnet,14,0.005986897698844196,-0.00031120036009962826
2012-02-29,1,elasticnet,14,0.0006347997420057538,-0.0003110017458635665
2012-03-01,1,elasticnet,14,0.007712282995493425,-0.0003131869493800586
2012-03-02,1,elasticnet,14,-0.001260239612287606,-0.0003131742718756291
2012-03-05,1,elasticnet,14,0.007162184288494799,-0.0003128531084300824
2012-03-06,1,elasticnet,14,-0.002005264489465475,-0.0003116614230137118
2012-03-07,1,elasticnet,14,-0.007176612482553857,-0.0003124220732794803
2012-03-08,1,elasticnet,14,0.01130807375825427,-0.0003128953667781806
2012-03-09,1,elasticnet,14,-0.001875821221581475,-0.00031325033690220595
2012-03-12,1,elasticnet,14,0.003748130324986221,-0.0003138715346192502
2012-03-13,1,elasticnet,14,0.004603429591369945,-0.00031422650474327547
2012-03-14,1,elasticnet,14,-0.005102369354744951,-0.0003140109871679744
2012-03-15,1,elasticnet,14,-0.004501695735372735,-0.0003139645029850663
2012-01-20,1,elasticnet,15,-0.005500013864645936,-0.0006380514224412482
2012-01-23,1,elasticnet,15,0.00112746645203643,-0.0006380514224412482
2012-01-24,1,elasticnet,15,-0.003637507930514872,-0.0006380514224412482
2012-01-25,1,elasticnet,15,-0.002390389261760717,-0.0006380514224412482
2012-01-26,1,elasticnet,15,-0.006191187885193017,-0.0006380514224412482
2012-01-27,1,elasticnet,15,0.003416211331513708,-0.0006380514224412482
2012-01-30,1,elasticnet,15,0.00151457810096467,-0.0006380514224412482
2012-01-31,1,elasticnet,15,-0.004677336129892851,-0.0006380514224412482
2012-02-01,1,elasticnet,15,0.000886581021913635,-0.0006439938336225354
2012-02-02,1,elasticnet,15,-0.000886581021913635,-0.0006439938336225354
2012-02-03,1,elasticnet,15,0.001898854928421123,-0.0006439938336225354
2012-02-06,1,elasticnet,15,-0.006216321952521753,-0.0006439938336225354
2012-02-07,1,elasticnet,15,0.000763261708597085,-0.0006439938336225354
2012-02-08,1,elasticnet,15,-0.0008905286511806665,-0.0006439938336225354
2012-02-09,1,elasticnet,15,0.006849341845574841,-0.0006439938336225354
2012-02-10,1,elasticnet,15,-0.002024548331653442,-0.0006439938336225354
2012-02-13,1,elasticnet,15,0.007948064297131019,-0.0006439938336225354
2012-02-14,1,elasticnet,15,0.001130298393491991,-0.0006439938336225354
2012-02-15,1,elasticnet,15,-0.004024656419856498,-0.0006439938336225354
2012-02-16,1,elasticnet,15,-0.0002520796585061547,-0.0006439938336225354
2012-02-17,1,elasticnet,15,0.0,-0.0006439938336225354
2012-02-20,1,elasticnet,15,-0.003662313874299272,-0.0006439938336225354
2012-02-21,1,elasticnet,15,0.00214850003657574,-0.0006439938336225354
2012-02-22,1,elasticnet,15,-0.004935781709330733,-0.0006439938336225354
2012-02-23,1,elasticnet,15,-0.005980802964828058,-0.0006439938336225354
2012-02-24,1,elasticnet,15,0.002803978385700567,-0.0006439938336225354
2012-02-27,1,elasticnet,15,-0.003825559370983278,-0.0006439938336225354
2012-02-28,1,elasticnet,15,0.005986897698844196,-0.0006439938336225354
2012-02-29,1,elasticnet,15,0.0006347997420057538,-0.0006439938336225354
2012-03-01,1,elasticnet,15,0.007712282995493425,-0.0006526382574499623
2012-03-02,1,elasticnet,15,-0.001260239612287606,-0.0006526382574499623
2012-03-05,1,elasticnet,15,0.007162184288494799,-0.0006526382574499623
2012-03-06,1,elasticnet,15,-0.002005264489465475,-0.0006526382574499623
2012-03-07,1,elasticnet,15,-0.007176612482553857,-0.0006526382574499623
2012-03-08,1,elasticnet,15,0.01130807375825427,-0.0006526382574499623
2012-03-09,1,elasticnet,15,-0.001875821221581475,-0.0006526382574499623
2012-03-12,1,elasticnet,15,0.003748130324986221,-0.0006526382574499623
2012-03-13,1,elasticnet,15,0.004603429591369945,-0.0006526382574499623
2012-03-14,1,elasticnet,15,-0.005102369354744951,-0.0006526382574499623
2012-03-15,1,elasticnet,15,-0.004501695735372735,-0.0006526382574499623
2012-03-16,1,elasticnet,15,0.0,-0.0006526382574499623
2012-03-19,1,elasticnet,15,-0.00250972650243142,-0.0006526382574499623
2012-03-20,1,elasticnet,15,0.000879120935739941,-0.0006526382574499623
2012-03-21,1,elasticnet,15,0.001003764199711377,-0.0006526382574499623
2012-03-22,1,elasticnet,15,-0.005028926867025163,-0.0006526382574499623
2012-03-23,1,elasticnet,15,-0.004547759227680359,-0.0006526382574499623
2012-03-26,1,elasticnet,15,0.0008859077969773921,-0.0006526382574499623
2012-03-27,1,elasticnet,15,0.001011505965620607,-0.0006526382574499623
2012-03-28,1,elasticnet,15,0.0007579586012189665,-0.0006526382574499623
2012-03-29,1,elasticnet,15,-0.002402175755299218,-0.0006526382574499623
2012-03-30,1,elasticnet,15,-0.002281080700163862,-0.0006526382574499623
2012-04-02,1,elasticnet,15,0.00833864591675848,-0.0007436115490531219
2012-04-03,1,elasticnet,15,0.003767428793644889,-0.0007436115490531219
2012-04-04,1,elasticnet,15,0.003753288529703802,-0.0007436115490531219
2012-04-05,1,elasticnet,15,-0.002375446513013912,-0.0007436115490531219
2012-04-06,1,elasticnet,15,-0.002004761979546466,-0.0007436115490531219
2012-04-09,1,elasticnet,15,0.002004761979546466,-0.0007436115490531219
2012-04-10,1,elasticnet,15,-0.001127184038187679,-0.0007436115490531219
2012-04-11,1,elasticnet,15,-0.006537614434030559,-0.0007436115490531219
2012-04-12,1,elasticnet,15,0.007664798472218237,-0.0007436115490531219
2012-02-17,1,elasticnet,16,0.0,-0.0003042330695686117
2012-02-20,1,elasticnet,16,-0.003662313874299272,-0.0003042330695686117
2012-02-21,1,elasticnet,16,0.00214850003657574,-0.00030405937706052215
2012-02-22,1,elasticnet,16,-0.004935781709330733,-0.00030405937706052215
2012-02-23,1,elasticnet,16,-0.005980802964828058,-0.000304648237026972
2012-02-24,1,elasticnet,16,0.002803978385700567,-0.0003044321804925192
2012-02-27,1,elasticnet,16,-0.003825559370983278,-0.00030405937706052215
2012-02-28,1,elasticnet,16,0.005986897698844196,-0.00030415681432115774
2012-02-29,1,elasticnet,16,0.0006347997420057538,-0.00030395770339725027
2012-03-01,1,elasticnet,16,0.007712282995493425,-0.00030601671014159987
2012-03-02,1,elasticnet,16,-0.001260239612287606,-0.0003060040009336909
2012-03-05,1,elasticnet,16,0.007162184288494799,-0.00030568203433332984
2012-03-06,1,elasticnet,16,-0.002005264489465475,-0.0003044873687898848
2012-03-07,1,elasticnet,16,-0.007176612482553857,-0.0003052499212644242
2012-03-08,1,elasticnet,16,0.01130807375825427,-0.0003057243983596931
2012-03-09,1,elasticnet,16,-0.001875821221581475,-0.00030608025618114484
2012-03-12,1,elasticnet,16,0.003748130324986221,-0.00030670300736868533
2012-03-13,1,elasticnet,16,0.004603429591369945,-0.000307058865190137
2012-03-14,1,elasticnet,16,-0.005102369354744951,-0.00030684280865568423
2012-03-15,1,elasticnet,16,-0.004501695735372735,-0.00030679620822668456
2012-03-16,1,elasticnet,16,0.0,-0.0003071986664771359
2012-03-19,1,elasticnet,16,-0.00250972650243142,-0.0003069571915268651
2012-03-20,1,elasticnet,16,0.000879120935739941,-0.0003067284257845033
2012-03-21,1,elasticnet,16,0.001003764199711377,-0.00030691906390313816
2012-03-22,1,elasticnet,16,-0.005028926867025163,-0.00030673266218713964
2012-03-23,1,elasticnet,16,-0.004547759227680359,-0.00030705039238486436
2012-03-26,1,elasticnet,16,0.0008859077969773921,-0.00030728763093249885
2012-03-27,1,elasticnet,16,0.001011505965620607,-0.000306724189381867
2012-03-28,1,elasticnet,16,0.0007579586012189665,-0.00030677502621350296
2012-03-29,1,elasticnet,16,-0.002402175755299218,-0.0003067707898108666
2012-03-30,1,elasticnet,16,-0.002281080700163862,-0.00030676231700559395
2012-04-02,1,elasticnet,16,0.00833864591675848,-0.0003130496725695364
2012-04-03,1,elasticnet,16,0.003767428793644889,-0.00031304119976426374
2012-04-04,1,elasticnet,16,0.003753288529703802,-0.00031271076035863
2012-04-05,1,elasticnet,16,-0.002375446513013912,-0.0003126006138900854
2012-04-06,1,elasticnet,16,-0.002004761979546466,-0.0003126006138900854
2012-04-09,1,elasticnet,16,0.002004761979546466,-0.00031170673293381984
2012-04-10,1,elasticnet,16,-0.001127184038187679,-0.00031103738131727974
2012-04-11,1,elasticnet,16,-0.006537614434030559,-0.00031119412821482395
2012-04-12,1,elasticnet,16,0.007664798472218237,-0.00031238879375826894
2012-04-13,1,elasticnet,16,-0.004139234508179435,-0.0003113932391387314
2012-04-16,1,elasticnet,16,-0.001006036302155344,-0.0003113932391387314
2012-04-17,1,elasticnet,16,0.0007546220959282479,-0.0003118550070260914
2012-04-18,1,elasticnet,16,0.0002514142062270963,-0.00031177875177863747
2012-04-19,1,elasticnet,16,-0.004661425763450744,-0.00031189737105245466
2012-04-20,1,elasticnet,16,0.002900197480784961,-0.000312287120094997
2012-04-23,1,elasticnet,16,-0.002521433509334869,-0.00031163895049163856
2012-04-24,1,elasticnet,16,-0.002654365459128449,-0.00031200751752099925
2012-04-25,1,elasticnet,16,-0.001139745580228002,-0.00031254977705844945
2012-04-26,1,elasticnet,16,-0.002664469000055902,-0.0003127954884113566
2012-04-27,1,elasticnet,16,0.0008889453884011189,-0.000312761597190266
2012-04-30,1,elasticnet,16,0.001014970906721757,-0.0003124099757714506
2012-05-01,1,elasticnet,16,0.00341794117162042,-0.00032271494924928593
2012-05-02,1,elasticnet,16,0.001136722572669058,-0.0003225963299754687
2012-05-03,1,elasticnet,16,0.00352822946651532,-0.00032230825459619823
2012-05-04,1,elasticnet,16,0.001257071190051029,-0.0003216304301743855
2012-05-07,1,elasticnet,16,0.001757249102872116,-0.0003217236310323847
2012-05-08,1,elasticnet,16,0.004254793053755535,-0.0003216770306033851
2012-05-09,1,elasticnet,16,0.0003745552200609126,-0.00032124068113184313
2012-05-10,1,elasticnet,16,0.001870674611745393,-0.0003217702314613844
2012-03-16,1,elasticnet,17,0.0,-0.0002898206623131371
2012-03-19,1,elasticnet,17,-0.00250972650243142,-0.00028959692683732334
2012-03-20,1,elasticnet,17,0.000879120935739941,-0.0002893849669128682
2012-03-21,1,elasticnet,17,0.001003764199711377,-0.0002895616001832475
2012-03-22,1,elasticnet,17,-0.005028926867025163,-0.0002893888920966544
2012-03-23,1,elasticnet,17,-0.004547759227680359,-0.00028968328088061987
2012-03-26,1,elasticnet,17,0.0008859077969773921,-0.00028990309117264744
2012-03-27,1,elasticnet,17,0.001011505965620607,-0.00028938104172908195
2012-03-28,1,elasticnet,17,0.0007579586012189665,-0.0002894281439345164
2012-03-29,1,elasticnet,17,-0.002402175755299218,-0.00028942421875073024
2012-03-30,1,elasticnet,17,-0.002281080700163862,-0.0002894163683831578
2012-04-02,1,elasticnet,17,0.00833864591675848,-0.00029553531439508406
2012-04-03,1,elasticnet,17,0.003767428793644889,-0.00029552746402751164
2012-04-04,1,elasticnet,17,0.003753288529703802,-0.00029522129969218754
2012-04-05,1,elasticnet,17,-0.002375446513013912,-0.0002951192449137462
2012-04-06,1,elasticnet,17,-0.002004761979546466,-0.0002951192449137462
2012-04-09,1,elasticnet,17,0.002004761979546466,-0.00029429103113485654
2012-04-10,1,elasticnet,17,-0.001127184038187679,-0.0002936708520966359
2012-04-11,1,elasticnet,17,-0.006537614434030559,-0.0002938160838967255
2012-04-12,1,elasticnet,17,0.007664798472218237,-0.0002949229857244358
2012-04-13,1,elasticnet,17,-0.004139234508179435,-0.0002940005675346773
2012-04-16,1,elasticnet,17,-0.001006036302155344,-0.0002940005675346773
2012-04-17,1,elasticnet,17,0.0007546220959282479,-0.00029442841256737377
2012-04-18,1,elasticnet,17,0.0002514142062270963,-0.0002943577592592221
2012-04-19,1,elasticnet,17,-0.004661425763450744,-0.0002944676644052359
2012-04-20,1,elasticnet,17,0.002900197480784961,-0.00029482878131356687
2012-04-23,1,elasticnet,17,-0.002521433509334869,-0.0002942282281942772
2012-04-24,1,elasticnet,17,-0.002654365459128449,-0.00029456971918367724
2012-04-25,1,elasticnet,17,-0.001139745580228002,-0.00029507214270831165
2012-04-26,1,elasticnet,17,-0.002664469000055902,-0.00029529980336791164
2012-04-27,1,elasticnet,17,0.0008889453884011189,-0.000295268401897622
2012-04-30,1,elasticnet,17,0.001014970906721757,-0.00029494261164336684
2012-05-01,1,elasticnet,17,0.00341794117162042,-0.0003049562925374883
2012-05-02,1,elasticnet,17,0.001136722572669058,-0.00030484638739147453
2012-05-03,1,elasticnet,17,0.00352822946651532,-0.0003045794748940125
2012-05-04,1,elasticnet,17,0.001257071190051029,-0.00030395144548821945
2012-05-07,1,elasticnet,17,0.001757249102872116,-0.000304037799531516
2012-05-08,1,elasticnet,17,0.004254793053755535,-0.0003039946225098677
2012-05-09,1,elasticnet,17,0.0003745552200609126,-0.0003035903285798884
2012-05-10,1,elasticnet,17,0.001870674611745393,-0.00030408097655316426
2012-05-11,1,elasticnet,17,0.004351346456738625,-0.0003036649070718263
2012-05-14,1,elasticnet,17,0.007538810962642195,-0.0003028877206821574
2012-05-15,1,elasticnet,17,0.001845132450413622,-0.00030284846884429535
2012-05-16,1,elasticnet,17,0.0001228878649781606,-0.00030273071333070914
2012-05-17,1,elasticnet,17,-0.00110653481506251,-0.00030185932253017127
2012-05-18,1,elasticnet,17,-0.002586686174682384,-0.00030161988631921267
2012-05-21,1,elasticnet,17,0.005043991748329368,-0.00030283276810915056
2012-05-22,1,elasticnet,17,0.007335893028046492,-0.0003026482844711988
2012-05-23,1,elasticnet,17,0.003162250263474498,-0.00030270716222799193
2012-05-24,1,elasticnet,17,0.0006069802917769707,-0.00030301725174710227
2012-05-25,1,elasticnet,17,0.0,-0.0003029308977038057
2012-05-28,1,elasticnet,17,0.0009704027932784243,-0.0003029308977038057
2012-05-29,1,elasticnet,17,0.006525702916188258,-0.00030321743612019876
2012-05-30,1,elasticnet,17,0.0002408767926853628,-0.0003019967039626885
2012-05-31,1,elasticnet,17,-0.001807991814143151,-0.0003020281054329782
2012-06-01,1,elasticnet,17,-0.003989125870182519,-0.0003178258654029783
2012-06-04,1,elasticnet,17,0.003265012876919826,-0.0003180378253274335
2012-06-05,1,elasticnet,17,-0.006176223084378485,-0.00031860305179264725
2012-06-06,1,elasticnet,17,-0.003285273989694026,-0.00031959219810677133
2012-06-07,1,elasticnet,17,0.005590680580151997,-0.00031976490619336443
2012-04-13,1,elasticnet,18,-0.004139234508179435,-0.0007215270683452802
2012-04-16,1,elasticnet,18,-0.001006036302155344,-0.0007215270683452802
2012-04-17,1,elasticnet,18,0.0007546220959282479,-0.0007215711527715435
2012-04-18,1,elasticnet,18,0.0002514142062270963,-0.0007215638727745459
2012-04-19,1,elasticnet,18,-0.004661425763450744,-0.0007215751972143199
2012-04-20,1,elasticnet,18,0.002900197480784961,-0.0007216124060878632
2012-04-23,1,elasticnet,18,-0.002521433509334869,-0.0007215505261133836
2012-04-24,1,elasticnet,18,-0.002654365459128449,-0.0007215857127655387
2012-04-25,1,elasticnet,18,-0.001139745580228002,-0.0007216374816330772
2012-04-26,1,elasticnet,18,-0.002664469000055902,-0.0007216609394011805
2012-04-27,1,elasticnet,18,0.0008889453884011189,-0.0007216577038469593
2012-04-30,1,elasticnet,18,0.001014970906721757,-0.0007216241349719149
2012-05-01,1,elasticnet,18,0.00341794117162042,-0.0007746833727009799
2012-05-02,1,elasticnet,18,0.001136722572669058,-0.0007746720482612058
2012-05-03,1,elasticnet,18,0.00352822946651532,-0.0007746445460503261
2012-05-04,1,elasticnet,18,0.001257071190051029,-0.0007745798349659029
2012-05-07,1,elasticnet,18,0.001757249102872116,-0.0007745887327400111
2012-05-08,1,elasticnet,18,0.004254793053755535,-0.000774584283852957
2012-05-09,1,elasticnet,18,0.0003745552200609126,-0.0007745426260923596
2012-05-10,1,elasticnet,18,0.001870674611745393,-0.0007745931816270652
2012-05-11,1,elasticnet,18,0.004351346456738625,-0.0007745503105336349
2012-05-14,1,elasticnet,18,0.007538810962642195,-0.0007744702305666613
2012-05-15,1,elasticnet,18,0.001845132450413622,-0.0007744661861238849
2012-05-16,1,elasticnet,18,0.0001228878649781606,-0.0007744540527955556
2012-05-17,1,elasticnet,18,-0.00110653481506251,-0.0007743642661659186
2012-05-18,1,elasticnet,18,-0.002586686174682384,-0.0007743395950649823
2012-05-21,1,elasticnet,18,0.005043991748329368,-0.0007744645683467744
2012-05-22,1,elasticnet,18,0.007335893028046492,-0.0007744455594657251
2012-05-23,1,elasticnet,18,0.003162250263474498,-0.0007744516261298897
2012-05-24,1,elasticnet,18,0.0006069802917769707,-0.0007744835772278236
2012-05-25,1,elasticnet,18,0.0,-0.0007744746794537154
2012-05-28,1,elasticnet,18,0.0009704027932784243,-0.0007744746794537154
2012-05-29,1,elasticnet,18,0.006525702916188258,-0.0007745042038859835
2012-05-30,1,elasticnet,18,0.0002408767926853628,-0.0007743784217156361
2012-05-31,1,elasticnet,18,-0.001807991814143151,-0.0007743816572698572
2012-06-01,1,elasticnet,18,-0.003989125870182519,-0.0008653166188490363
2012-06-04,1,elasticnet,18,0.003265012876919826,-0.0008653384588400291
2012-06-05,1,elasticnet,18,-0.006176223084378485,-0.0008653966988160099
2012-06-06,1,elasticnet,18,-0.003285273989694026,-0.0008654986187739762
2012-06-07,1,elasticnet,18,0.005590680580151997,-0.0008655164143221926
2012-06-08,1,elasticnet,18,0.0001211900867987836,-0.0008655362320917973
2012-06-11,1,elasticnet,18,-0.001212562292379538,-0.0008654419965751061
2012-06-12,1,elasticnet,18,-0.004377438896630892,-0.0008655014498839198
2012-06-13,1,elasticnet,18,-0.0008533984059537758,-0.0008654132810313934
2012-06-14,1,elasticnet,18,-0.004400447144822017,-0.0008655180320993032
2012-06-15,1,elasticnet,18,0.003912463726574167,-0.0008655410854231289
2012-06-18,1,elasticnet,18,-0.006979762616294849,-0.0008656539253765916
2012-06-19,1,elasticnet,18,0.002454591315868448,-0.0008656514987109258
2012-06-20,1,elasticnet,18,0.008665459728209868,-0.0008656976053585772
2012-06-21,1,elasticnet,18,-0.0003646308153442135,-0.0008655827431837263
2012-06-22,1,elasticnet,18,0.002913330538357073,-0.0008656624187064222
2012-06-25,1,elasticnet,18,-0.001577000387477767,-0.0008655706098553969
2012-06-26,1,elasticnet,18,0.003030489015461768,-0.0008655973031777215
2012-06-27,1,elasticnet,18,0.00229704507698969,-0.0008656082231732179
2012-06-28,1,elasticnet,18,-0.01435198558234418,-0.0008655977076219992
2012-06-29,1,elasticnet,18,0.002935781925092584,-0.0008657040764670196
2012-07-02,1,elasticnet,18,-0.001099908451860365,-0.0008650578693223702
2012-07-03,1,elasticnet,18,0.0,-0.0008650611048765913
2012-07-04,1,elasticnet,18,0.01251611210911197,-0.0008650611048765913
2012-07-05,1,elasticnet,18,0.006859645407041981,-0.0008650271315572692
2012-05-11,1,elasticnet,19,0.004351346456738625,-0.0007611903905585242
2012-05-14,1,elasticnet,19,0.007538810962642195,-0.000761093031728109
2012-05-15,1,elasticnet,19,0.001845132450413622,-0.0007610881146154618
2012-05-16,1,elasticnet,19,0.0001228878649781606,-0.0007610733632775201
2012-05-17,1,elasticnet,19,-0.00110653481506251,-0.0007609642033767515
2012-05-18,1,elasticnet,19,-0.002586686174682384,-0.0007609342089896034
2012-05-21,1,elasticnet,19,0.005043991748329368,-0.0007610861477704029
2012-05-22,1,elasticnet,19,0.007335893028046492,-0.0007610630373409609
2012-05-23,1,elasticnet,19,0.003162250263474498,-0.0007610704130099318
2012-05-24,1,elasticnet,19,0.0006069802917769707,-0.0007611092581998449
2012-05-25,1,elasticnet,19,0.0,-0.000761098440552021
2012-05-28,1,elasticnet,19,0.0009704027932784243,-0.000761098440552021
2012-05-29,1,elasticnet,19,0.006525702916188258,-0.0007611343354743458
2012-05-30,1,elasticnet,19,0.0002408767926853628,-0.0007609814132710168
2012-05-31,1,elasticnet,19,-0.001807991814143151,-0.0007609853469611346
2012-06-01,1,elasticnet,19,-0.003989125870182519,-0.000850405248702779
2012-06-04,1,elasticnet,19,0.003265012876919826,-0.0008504318011110741
2012-06-05,1,elasticnet,19,-0.006176223084378485,-0.0008505026075331943
2012-06-06,1,elasticnet,19,-0.003285273989694026,-0.0008506265187719046
2012-06-07,1,elasticnet,19,0.005590680580151997,-0.0008506481540675524
2012-06-08,1,elasticnet,19,0.0001211900867987836,-0.0008506722479195239
2012-06-11,1,elasticnet,19,-0.001212562292379538,-0.0008505576791948433
2012-06-12,1,elasticnet,19,-0.004377438896630892,-0.0008506299607507577
2012-06-13,1,elasticnet,19,-0.0008533984059537758,-0.000850522767695048
2012-06-14,1,elasticnet,19,-0.004400447144822017,-0.0008506501209126113
2012-06-15,1,elasticnet,19,0.003912463726574167,-0.0008506781484547006
2012-06-18,1,elasticnet,19,-0.006979762616294849,-0.0008508153358975583
2012-06-19,1,elasticnet,19,0.002454591315868448,-0.0008508123856299701
2012-06-20,1,elasticnet,19,0.008665459728209868,-0.0008508684407141485
2012-06-21,1,elasticnet,19,-0.0003646308153442135,-0.000850728794714967
2012-06-22,1,elasticnet,19,0.002913330538357073,-0.0008508256618341176
2012-06-25,1,elasticnet,19,-0.001577000387477767,-0.0008507140433770254
2012-06-26,1,elasticnet,19,0.003030489015461768,-0.0008507464963204972
2012-06-27,1,elasticnet,19,0.00229704507698969,-0.0008507597725246447
2012-06-28,1,elasticnet,19,-0.01435198558234418,-0.0008507469880317619
2012-06-29,1,elasticnet,19,0.002935781925092584,-0.0008508763080943841
2012-07-02,1,elasticnet,19,-0.001099908451860365,-0.0008506325052184301
2012-07-03,1,elasticnet,19,0.0,-0.0008506364389085478
2012-07-04,1,elasticnet,19,0.01251611210911197,-0.0008506364389085478
2012-07-05,1,elasticnet,19,0.006859645407041981,-0.0008505951351623111
2012-07-06,1,elasticnet,19,-0.002642009462838324,-0.0008506148036129
2012-07-09,1,elasticnet,19,0.002881846374888752,-0.0008505715330216044
2012-07-10,1,elasticnet,19,0.002036294648643633,-0.0008505351463880149
2012-07-11,1,elasticnet,19,0.001076362000707931,-0.0008505730081553985
2012-07-12,1,elasticnet,19,-0.003712356817249685,-0.0008505543231273391
2012-07-13,1,elasticnet,19,-0.003003907335400235,-0.0008506325052184301
2012-07-16,1,elasticnet,19,-0.0008427135874633507,-0.0008506143119016353
2012-07-17,1,elasticnet,19,0.0004816375770406722,-0.0008506452897113129
2012-07-18,1,elasticnet,19,-0.002289847339807416,-0.000850661024471784
2012-07-19,1,elasticnet,19,0.007213303697827911,-0.0008506959359715795
2012-07-20,1,elasticnet,19,0.00275136246296448,-0.0008506556156478722
2012-07-23,1,elasticnet,19,0.003458354171348432,-0.0008505400635006621
2012-07-24,1,elasticnet,19,-0.005730674708984473,-0.0008504490969166883
2012-07-25,1,elasticnet,19,-0.008537297088720308,-0.000850504660289602
2012-07-26,1,elasticnet,19,-0.001208313341793499,-0.0008505936600285169
2012-07-27,1,elasticnet,19,0.00096676744689983,-0.0008506344720634891
2012-07-30,1,elasticnet,19,-0.001813456339331943,-0.0008505690744652808
2012-07-31,1,elasticnet,19,0.005069413391224131,-0.0008505248204514557
2012-08-01,1,elasticnet,19,0.003605339802449592,-0.0008887586651615078
2012-08-02,1,elasticnet,19,-0.01182588899712211,-0.0008888270130273043
2012-06-08,1,elasticnet,20,0.0001211900867987836,-0.0008324550139699187
2012-06-11,1,elasticnet,20,-0.001212562292379538,-0.0008322734112153781
2012-06-12,1,elasticnet,20,-0.004377438896630892,-0.0008323879846270411
2012-06-13,1,elasticnet,20,-0.0008533984059537758,-0.0008322180730369557
2012-06-14,1,elasticnet,20,-0.004400447144822017,-0.0008324199404765526
2012-06-15,1,elasticnet,20,0.003912463726574167,-0.000832464366901483
2012-06-18,1,elasticnet,20,-0.006979762616294849,-0.0008326818225603538
2012-06-19,1,elasticnet,20,0.002454591315868448,-0.0008326771460945715
2012-06-20,1,elasticnet,20,0.008665459728209868,-0.0008327659989444327
2012-06-21,1,elasticnet,20,-0.0003646308153442135,-0.0008325446462307436
2012-06-22,1,elasticnet,20,0.002913330538357073,-0.0008326981901905913
2012-06-25,1,elasticnet,20,-0.001577000387477767,-0.0008325212639018328
2012-06-26,1,elasticnet,20,0.003030489015461768,-0.0008325727050254365
2012-06-27,1,elasticnet,20,0.00229704507698969,-0.0008325937491214562
2012-06-28,1,elasticnet,20,-0.01435198558234418,-0.0008325734844364003
2012-06-29,1,elasticnet,20,0.002935781925092584,-0.0008327784695198518
2012-07-02,1,elasticnet,20,-0.001099908451860365,-0.0008339484608641459
2012-07-03,1,elasticnet,20,0.0,-0.0008339546961518555
2012-07-04,1,elasticnet,20,0.01251611210911197,-0.0008339546961518555
2012-07-05,1,elasticnet,20,0.006859645407041981,-0.0008338892256309051
2012-07-06,1,elasticnet,20,-0.002642009462838324,-0.000833920402069453
2012-07-09,1,elasticnet,20,0.002881846374888752,-0.0008338518139046478
2012-07-10,1,elasticnet,20,0.002036294648643633,-0.0008337941374933344
2012-07-11,1,elasticnet,20,0.001076362000707931,-0.0008338541521375389
2012-07-12,1,elasticnet,20,-0.003712356817249685,-0.0008338245345209186
2012-07-13,1,elasticnet,20,-0.003003907335400235,-0.0008339484608641459
2012-07-16,1,elasticnet,20,-0.0008427135874633507,-0.0008339196226584892
2012-07-17,1,elasticnet,20,0.0004816375770406722,-0.0008339687255492019
2012-07-18,1,elasticnet,20,-0.002289847339807416,-0.0008339936667000401
2012-07-19,1,elasticnet,20,0.007213303697827911,-0.0008340490048784624
2012-07-20,1,elasticnet,20,0.00275136246296448,-0.0008339850931794395
2012-07-23,1,elasticnet,20,0.003458354171348432,-0.0008338019316029714
2012-07-24,1,elasticnet,20,-0.005730674708984473,-0.000833657740574688
2012-07-25,1,elasticnet,20,-0.008537297088720308,-0.0008337458140135855
2012-07-26,1,elasticnet,20,-0.001208313341793499,-0.0008338868873980141
2012-07-27,1,elasticnet,20,0.00096676744689983,-0.0008339515785080007
2012-07-30,1,elasticnet,20,-0.001813456339331943,-0.0008338479168498293
2012-07-31,1,elasticnet,20,0.005069413391224131,-0.000833777769863097
2012-08-01,1,elasticnet,20,0.003605339802449592,-0.0008710899613326388
2012-08-02,1,elasticnet,20,-0.01182588899712211,-0.0008711982994565923
2012-08-03,1,elasticnet,20,-0.001336167827095558,-0.0008713487257725852
2012-08-06,1,elasticnet,20,-0.0007295720167972419,-0.0008713245640327108
2012-08-07,1,elasticnet,20,0.002187121163457206,-0.000871321446388856
2012-08-08,1,elasticnet,20,0.003029754483883984,-0.0008713736669234234
2012-08-09,1,elasticnet,20,-0.001089654445245891,-0.0008713767845672782
2012-08-10,1,elasticnet,20,-0.001333414343879014,-0.0008714188727593177
2012-08-13,1,elasticnet,20,0.000485083686446508,-0.000871499931499542
2012-08-14,1,elasticnet,20,0.001937985102678397,-0.0008714102992387171
2012-08-15,1,elasticnet,20,-0.003393942651793935,-0.0008714274462799183
2012-08-16,1,elasticnet,20,0.002909798367343619,-0.000871453946252684
2012-08-17,1,elasticnet,20,-0.001696353248179072,-0.0008715194167736342
2012-08-20,1,elasticnet,20,-0.006692243751243332,-0.0008714749903487037
2012-08-21,1,elasticnet,20,-0.005140770195382061,-0.0008713970492523343
2012-08-22,1,elasticnet,20,-0.001596561591823864,-0.000871390034553661
2012-08-23,1,elasticnet,20,0.002822953700404973,-0.000871323784621747
2012-08-24,1,elasticnet,20,0.0008575804507202633,-0.0008713845786769152
2012-08-27,1,elasticnet,20,-0.003557631182864007,-0.000871293387594163
2012-08-28,1,elasticnet,20,0.002209674358457647,-0.0008712824758406713
2012-08-29,1,elasticnet,20,0.001715266286754336,-0.0008712380494157407
2012-08-30,1,elasticnet,20,-0.005893203059458507,-0.0008711780347715362
2012-07-06,1,elasticnet,21,-0.002642009462838324,-0.0007975455120635606
2012-07-09,1,elasticnet,21,0.002881846374888752,-0.0007975152590863994
2012-07-10,1,elasticnet,21,0.002036294648643633,-0.0007974898190828774
2012-07-11,1,elasticnet,21,0.001076362000707931,-0.0007975162904378935
2012-07-12,1,elasticnet,21,-0.003712356817249685,-0.0007975032266523012
2012-07-13,1,elasticnet,21,-0.003003907335400235,-0.0007975578882814902
2012-07-16,1,elasticnet,21,-0.0008427135874633507,-0.0007975451682797292
2012-07-17,1,elasticnet,21,0.0004816375770406722,-0.0007975668266611061
2012-07-18,1,elasticnet,21,-0.002289847339807416,-0.0007975778277437101
2012-07-19,1,elasticnet,21,0.007213303697827911,-0.000797602236395738
2012-07-20,1,elasticnet,21,0.00275136246296448,-0.000797574046121565
2012-07-23,1,elasticnet,21,0.003458354171348432,-0.0007974932569211913
2012-07-24,1,elasticnet,21,-0.005730674708984473,-0.0007974296569123864
2012-07-25,1,elasticnet,21,-0.008537297088720308,-0.000797468504485332
2012-07-26,1,elasticnet,21,-0.001208313341793499,-0.0007975307293588114
2012-07-27,1,elasticnet,21,0.00096676744689983,-0.0007975592634168157
2012-07-30,1,elasticnet,21,-0.001813456339331943,-0.0007975135401672426
2012-07-31,1,elasticnet,21,0.005069413391224131,-0.0007974825996224185
2012-08-01,1,elasticnet,21,0.003605339802449592,-0.0008338710422492611
2012-08-02,1,elasticnet,21,-0.01182588899712211,-0.0008339188282018226
2012-08-03,1,elasticnet,21,-0.001336167827095558,-0.0008339851784812785
2012-08-06,1,elasticnet,21,-0.0007295720167972419,-0.0008339745211825057
2012-08-07,1,elasticnet,21,0.002187121163457206,-0.0008339731460471802
2012-08-08,1,elasticnet,21,0.003029754483883984,-0.0008339961795638826
2012-08-09,1,elasticnet,21,-0.001089654445245891,-0.0008339975546992081
2012-08-10,1,elasticnet,21,-0.001333414343879014,-0.0008340161190261025
2012-08-13,1,elasticnet,21,0.000485083686446508,-0.0008340518725445657
2012-08-14,1,elasticnet,21,0.001937985102678397,-0.0008340123374039573
2012-08-15,1,elasticnet,21,-0.003393942651793935,-0.0008340199006482476
2012-08-16,1,elasticnet,21,0.002909798367343619,-0.0008340315892985144
2012-08-17,1,elasticnet,21,-0.001696353248179072,-0.0008340604671403501
2012-08-20,1,elasticnet,21,-0.006692243751243332,-0.0008340408714619616
2012-08-21,1,elasticnet,21,-0.005140770195382061,-0.0008340064930788238
2012-08-22,1,elasticnet,21,-0.001596561591823864,-0.0008340033990243415
2012-08-23,1,elasticnet,21,0.002822953700404973,-0.0008339741773986744
2012-08-24,1,elasticnet,21,0.0008575804507202633,-0.0008340009925375219
2012-08-27,1,elasticnet,21,-0.003557631182864007,-0.0008339607698292506
2012-08-28,1,elasticnet,21,0.002209674358457647,-0.0008339559568556114
2012-08-29,1,elasticnet,21,0.001715266286754336,-0.0008339363611772229
2012-08-30,1,elasticnet,21,-0.005893203059458507,-0.0008339098898222068
2012-08-31,1,elasticnet,21,0.0,-0.0008339222660401364
2012-09-03,1,elasticnet,21,0.001230617925426891,-0.0007934907187228743
2012-09-04,1,elasticnet,21,-0.000984373156883045,-0.000793473185747474
2012-09-05,1,elasticnet,21,-0.002341777122435218,-0.000793481436559427
2012-09-06,1,elasticnet,21,-0.009796097930302672,-0.0007935550062993418
2012-09-07,1,elasticnet,21,0.0,-0.00079359694792677
2012-09-10,1,elasticnet,21,-0.00487166037504938,-0.0007935316289988082
2012-09-11,1,elasticnet,21,-0.001503759681866335,-0.0007935271598090003
2012-09-12,1,elasticnet,21,-0.006037754190920452,-0.0007935481306227143
2012-09-13,1,elasticnet,21,-0.005186274353241593,-0.0007936082927932054
2012-09-14,1,elasticnet,21,0.002027113325595131,-0.000793592478736962
2012-09-17,1,elasticnet,21,0.003032986022748041,-0.000793589728466311
2012-09-18,1,elasticnet,21,-0.002400354888850487,-0.0007936038236033974
2012-09-19,1,elasticnet,21,0.00441724703857993,-0.0007936141371183388
2012-09-20,1,elasticnet,21,-0.001007937593207942,-0.0007936076052255426
2012-09-21,1,elasticnet,21,0.002392195034406797,-0.0007936106992800251
2012-09-24,1,elasticnet,21,0.0003771924354767364,-0.0007936048549548917
2012-09-25,1,elasticnet,21,0.004264933710155461,-0.0007935608506244753
2012-09-26,1,elasticnet,21,-0.004264933710155461,-0.0007935134084557452
2012-09-27,1,elasticnet,21,0.004890598499382115,-0.0007935811338705266
2012-08-03,1,elasticnet,22,-0.001336167827095558,-0.0009672233836895201
2012-08-06,1,elasticnet,22,-0.0007295720167972419,-0.0009675125315869665
2012-08-07,1,elasticnet,22,0.002187121163457206,-0.0009675498409930886
2012-08-08,1,elasticnet,22,0.003029754483883984,-0.000966924908440543
2012-08-09,1,elasticnet,22,-0.001089654445245891,-0.000966887599034421
2012-08-10,1,elasticnet,22,-0.001333414343879014,-0.0009663839220517723
2012-08-13,1,elasticnet,22,0.000485083686446508,-0.0009654138774925971
2012-08-14,1,elasticnet,22,0.001937985102678397,-0.0009664865229186081
2012-08-15,1,elasticnet,22,-0.003393942651793935,-0.0009662813211849364
2012-08-16,1,elasticnet,22,0.002909798367343619,-0.0009659641912328984
2012-08-17,1,elasticnet,22,-0.001696353248179072,-0.0009651806937043338
2012-08-20,1,elasticnet,22,-0.006692243751243332,-0.0009657123527415741
2012-08-21,1,elasticnet,22,-0.005140770195382061,-0.0009666450878946271
2012-08-22,1,elasticnet,22,-0.001596561591823864,-0.0009667290340584019
2012-08-23,1,elasticnet,22,0.002822953700404973,-0.000967521858938497
2012-08-24,1,elasticnet,22,0.0008575804507202633,-0.0009667943255191156
2012-08-27,1,elasticnet,22,-0.003557631182864007,-0.0009678856256481877
2012-08-28,1,elasticnet,22,0.002209674358457647,-0.0009680162085696152
2012-08-29,1,elasticnet,22,0.001715266286754336,-0.0009685478676068554
2012-08-30,1,elasticnet,22,-0.005893203059458507,-0.0009692660736747063
2012-08-31,1,elasticnet,22,0.0,-0.0009689302890196072
2012-09-03,1,elasticnet,22,0.001230617925426891,-0.0008908425223009684
2012-09-04,1,elasticnet,22,-0.000984373156883045,-0.0008913182172290255
2012-09-05,1,elasticnet,22,-0.002341777122435218,-0.0008910943607922928
2012-09-06,1,elasticnet,22,-0.009796097930302672,-0.0008890983075647592
2012-09-07,1,elasticnet,22,0.0,-0.0008879603706780344
2012-09-10,1,elasticnet,22,-0.00487166037504938,-0.0008897325674688352
2012-09-11,1,elasticnet,22,-0.001503759681866335,-0.0008898538230387321
2012-09-12,1,elasticnet,22,-0.006037754190920452,-0.0008892848545953698
2012-09-13,1,elasticnet,22,-0.005186274353241593,-0.0008876525680775269
2012-09-14,1,elasticnet,22,0.002027113325595131,-0.0008880816262479313
2012-09-17,1,elasticnet,22,0.003032986022748041,-0.0008881562450601756
2012-09-18,1,elasticnet,22,-0.002400354888850487,-0.0008877738236474238
2012-09-19,1,elasticnet,22,0.00441724703857993,-0.0008874940031015079
2012-09-20,1,elasticnet,22,-0.001007937593207942,-0.000887671222780588
2012-09-21,1,elasticnet,22,0.002392195034406797,-0.0008875872766168132
2012-09-24,1,elasticnet,22,0.0003771924354767364,-0.0008877458415928322
2012-09-25,1,elasticnet,22,0.004264933710155461,-0.0008889397425887401
2012-09-26,1,elasticnet,22,-0.004264933710155461,-0.0008902269170999534
2012-09-27,1,elasticnet,22,0.004890598499382115,-0.0008883894288484388
2012-09-28,1,elasticnet,22,-0.001502253662589936,-0.0008892195631346561
2012-10-01,1,elasticnet,22,-0.00100275766737834,-0.0008007676793301772
2012-10-02,1,elasticnet,22,0.002880222390588827,-0.0008001987108868148
2012-10-03,1,elasticnet,22,-0.007783117371380044,-0.00079993754504396
2012-10-04,1,elasticnet,22,-0.000126031886233946,-0.0007991167381092732
2012-10-05,1,elasticnet,22,0.002517624693360254,-0.0007989115363756015
2012-10-08,1,elasticnet,22,0.005141399500418586,-0.0007996390697949829
2012-10-09,1,elasticnet,22,-0.0003753049396646446,-0.0008008143160878298
2012-10-10,1,elasticnet,22,-0.001753287863037301,-0.0008007396972755855
2012-10-11,1,elasticnet,22,-0.001379743084986451,-0.0008000867826684485
2012-10-12,1,elasticnet,22,0.0008782385609347187,-0.0008005997870026276
2012-10-15,1,elasticnet,22,-0.00414703704608943,-0.0007997883074194715
2012-10-16,1,elasticnet,22,-0.004923319923875624,-0.0007997416706618188
2012-10-17,1,elasticnet,22,0.00441947811953991,-0.0007996017603888609
2012-10-18,1,elasticnet,22,0.003144854469387504,-0.0007995644509827387
2012-10-19,1,elasticnet,22,0.0003767187838858987,-0.0008014579033434365
2012-10-22,1,elasticnet,22,0.004134567062615169,-0.000801047499876093
2012-10-23,1,elasticnet,22,-0.0008756020323010816,-0.0008031088445643404
2012-10-24,1,elasticnet,22,0.001625508329160752,-0.0008026424769878138
2012-10-25,1,elasticnet,22,0.0003747423690096952,-0.0008024466026056727
2012-08-31,1,elasticnet,23,0.0,-0.0008477438801217758
2012-09-03,1,elasticnet,23,0.001230617925426891,-0.0008065903476471073
2012-09-04,1,elasticnet,23,-0.000984373156883045,-0.0008065592984583074
2012-09-05,1,elasticnet,23,-0.002341777122435218,-0.0008065739098412721
2012-09-06,1,elasticnet,23,-0.009796097930302672,-0.0008067041946727073
2012-09-07,1,elasticnet,23,0.0,-0.0008067784692027778
2012-09-10,1,elasticnet,23,-0.00487166037504938,-0.0008066627957543074
2012-09-11,1,elasticnet,23,-0.001503759681866335,-0.0008066548812552015
2012-09-12,1,elasticnet,23,-0.006037754190920452,-0.0008066920185202367
2012-09-13,1,elasticnet,23,-0.005186274353241593,-0.0008067985598543543
2012-09-14,1,elasticnet,23,0.002027113325595131,-0.0008067705547036719
2012-09-17,1,elasticnet,23,0.003032986022748041,-0.0008067656842426838
2012-09-18,1,elasticnet,23,-0.002400354888850487,-0.0008067906453552485
2012-09-19,1,elasticnet,23,0.00441724703857993,-0.0008068089095839543
2012-09-20,1,elasticnet,23,-0.001007937593207942,-0.0008067973422391072
2012-09-21,1,elasticnet,23,0.002392195034406797,-0.000806802821507719
2012-09-24,1,elasticnet,23,0.0003771924354767364,-0.000806792471778119
2012-09-25,1,elasticnet,23,0.004264933710155461,-0.0008067145444023073
2012-09-26,1,elasticnet,23,-0.004264933710155461,-0.0008066305289502602
2012-09-27,1,elasticnet,23,0.004890598499382115,-0.0008067504640520955
2012-09-28,1,elasticnet,23,-0.001502253662589936,-0.0008066962801736014
2012-10-01,1,elasticnet,23,-0.00100275766737834,-0.0007593993059664438
2012-10-02,1,elasticnet,23,0.002880222390588827,-0.000759436443231479
2012-10-03,1,elasticnet,23,-0.007783117371380044,-0.0007594534898449378
2012-10-04,1,elasticnet,23,-0.000126031886233946,-0.0007595070649158084
2012-10-05,1,elasticnet,23,0.002517624693360254,-0.000759520458683526
2012-10-08,1,elasticnet,23,0.005141399500418586,-0.0007594729716888908
2012-10-09,1,elasticnet,23,-0.0003753049396646446,-0.0007593962619283261
2012-10-10,1,elasticnet,23,-0.001753287863037301,-0.0007594011323893144
2012-10-11,1,elasticnet,23,-0.001379743084986451,-0.0007594437489229614
2012-10-12,1,elasticnet,23,0.0008782385609347187,-0.0007594102645036673
2012-10-15,1,elasticnet,23,-0.00414703704608943,-0.0007594632307669143
2012-10-16,1,elasticnet,23,-0.004923319923875624,-0.000759466274805032
2012-10-17,1,elasticnet,23,0.00441947811953991,-0.0007594754069193849
2012-10-18,1,elasticnet,23,0.003144854469387504,-0.0007594778421498791
2012-10-19,1,elasticnet,23,0.0003767187838858987,-0.0007593542542023026
2012-10-22,1,elasticnet,23,0.004134567062615169,-0.0007593810417377379
2012-10-23,1,elasticnet,23,-0.0008756020323010816,-0.0007592464952529379
2012-10-24,1,elasticnet,23,0.001625508329160752,-0.0007592769356341144
2012-10-25,1,elasticnet,23,0.0003747423690096952,-0.0007592897205942086
2012-10-26,1,elasticnet,23,0.001996257681022406,-0.0007593085936305379
2012-10-29,1,elasticnet,23,-0.00374625812763707,-0.0007593085936305379
2012-10-30,1,elasticnet,23,-0.000125117297629096,-0.0007593085936305379
2012-10-31,1,elasticnet,23,0.001625305102425756,-0.0007592604978282791
2012-11-01,1,elasticnet,23,0.006723132893696082,-0.0007345825418553261
2012-11-02,1,elasticnet,23,0.001983389766345489,-0.0007345277491692086
2012-11-05,1,elasticnet,23,-0.001735250807255895,-0.0007344772181364556
2012-11-06,1,elasticnet,23,0.001859082149127111,-0.0007345283579768321
2012-11-07,1,elasticnet,23,0.0003714020469800516,-0.0007344370368333027
2012-11-08,1,elasticnet,23,0.002966260981017044,-0.000734472956483091
2012-11-09,1,elasticnet,23,0.0,-0.0007344656507916085
2012-11-12,1,elasticnet,23,0.0006168651111648771,-0.0007345831506629497
2012-11-13,1,elasticnet,23,-0.000246700383636167,-0.0007345849770858203
2012-11-14,1,elasticnet,23,0.000246700383636167,-0.000734507658517632
2012-11-15,1,elasticnet,23,0.002217568975781958,-0.0007345033968642674
2012-11-16,1,elasticnet,23,-0.004810963451849837,-0.000734599588468785
2012-11-19,1,elasticnet,23,0.001112278431424585,-0.0007346708189607379
2012-11-20,1,elasticnet,23,-0.0003706220315446984,-0.0007346805598827143
2012-11-21,1,elasticnet,23,0.0,-0.0007346665573073732
2012-11-22,1,elasticnet,23,-0.009185764688673714,-0.0007346665573073732
2012-09-28,1,elasticnet,24,-0.001502253662589936,-0.0008144903687670458
2012-10-01,1,elasticnet,24,-0.00100275766737834,-0.000767411577658972
2012-10-02,1,elasticnet,24,0.002880222390588827,-0.0007674599737078519
2012-10-03,1,elasticnet,24,-0.007783117371380044,-0.0007674821882876657
2012-10-04,1,elasticnet,24,-0.000126031886233946,-0.0007675520055385089
2012-10-05,1,elasticnet,24,0.002517624693360254,-0.0007675694598512197
2012-10-08,1,elasticnet,24,0.005141399500418586,-0.0007675075763788814
2012-10-09,1,elasticnet,24,-0.0003753049396646446,-0.0007674076107697196
2012-10-10,1,elasticnet,24,-0.001753287863037301,-0.0007674139577925236
2012-10-11,1,elasticnet,24,-0.001379743084986451,-0.0007674694942420579
2012-10-12,1,elasticnet,24,0.0008782385609347187,-0.0007674258584602809
2012-10-15,1,elasticnet,24,-0.00414703704608943,-0.0007674948823332736
2012-10-16,1,elasticnet,24,-0.004923319923875624,-0.000767498849222526
2012-10-17,1,elasticnet,24,0.00441947811953991,-0.0007675107498902833
2012-10-18,1,elasticnet,24,0.003144854469387504,-0.0007675139234016854
2012-10-19,1,elasticnet,24,0.0003767187838858987,-0.0007673528676980357
2012-10-22,1,elasticnet,24,0.004134567062615169,-0.0007673877763234574
2012-10-23,1,elasticnet,24,-0.0008756020323010816,-0.000767212439818499
2012-10-24,1,elasticnet,24,0.001625508329160752,-0.0007672521087110234
2012-10-25,1,elasticnet,24,0.0003747423690096952,-0.0007672687696458838
2012-10-26,1,elasticnet,24,0.001996257681022406,-0.000767293364359249
2012-10-29,1,elasticnet,24,-0.00374625812763707,-0.000767293364359249
2012-10-30,1,elasticnet,24,-0.000125117297629096,-0.000767293364359249
2012-10-31,1,elasticnet,24,0.001625305102425756,-0.0007672306875090602
2012-11-01,1,elasticnet,24,0.006723132893696082,-0.0007423850457836548
2012-11-02,1,elasticnet,24,0.001983389766345489,-0.0007423136417771106
2012-11-05,1,elasticnet,24,-0.001735250807255895,-0.00074224779141552
2012-11-06,1,elasticnet,24,0.001859082149127111,-0.0007423144351549611
2012-11-07,1,elasticnet,24,0.0003714020469800516,-0.0007421954284773875
2012-11-08,1,elasticnet,24,0.002966260981017044,-0.0007422422377705664
2012-11-09,1,elasticnet,24,0.0,-0.0007422327172363606
2012-11-12,1,elasticnet,24,0.0006168651111648771,-0.0007423858391615053
2012-11-13,1,elasticnet,24,-0.000246700383636167,-0.0007423882192950567
2012-11-14,1,elasticnet,24,0.000246700383636167,-0.0007422874603080444
2012-11-15,1,elasticnet,24,0.002217568975781958,-0.000742281906663091
2012-11-16,1,elasticnet,24,-0.004810963451849837,-0.0007424072603634685
2012-11-19,1,elasticnet,24,0.001112278431424585,-0.0007425000855719758
2012-11-20,1,elasticnet,24,-0.0003706220315446984,-0.0007425127796175837
2012-11-21,1,elasticnet,24,0.0,-0.0007424945319270224
2012-11-22,1,elasticnet,24,-0.009185764688673714,-0.0007424945319270224
2012-11-23,1,elasticnet,24,0.000747943191187872,-0.0007425080193504808
2012-11-26,1,elasticnet,24,0.001867414174795634,-0.0007424794577478632
2012-11-27,1,elasticnet,24,-0.0007465472537848683,-0.0007424461358781425
2012-11-28,1,elasticnet,24,-0.001744114058666923,-0.0007424786643700126
2012-11-29,1,elasticnet,24,-0.0006236358169067202,-0.0007425143663732847
2012-11-30,1,elasticnet,24,-0.003374370507947866,-0.0007424501027673949
2012-12-03,1,elasticnet,24,-0.003009029351618508,-0.0008005793043060919
2012-12-04,1,elasticnet,24,0.001631014727042412,-0.0008005412221692683
2012-12-05,1,elasticnet,24,0.006123870915732965,-0.0008005935851074007
2012-12-06,1,elasticnet,24,0.001867181721286748,-0.0008005840645731948
2012-12-07,1,elasticnet,24,-0.0009953963743365435,-0.0008006380142670282
2012-12-10,1,elasticnet,24,-0.003366796621294021,-0.0008006261135992709
2012-12-11,1,elasticnet,24,-0.003127543676510136,-0.0008006641957360944
2012-12-12,1,elasticnet,24,0.001502441750010242,-0.0008006340473777757
2012-12-13,1,elasticnet,24,-0.004388446639144838,-0.0008005856513288958
2012-12-14,1,elasticnet,24,-0.0001256676093390752,-0.0008005507427034743
2012-12-17,1,elasticnet,24,-0.002642674412825841,-0.0008006031056416066
2012-12-18,1,elasticnet,24,-0.001134716127553226,-0.0008006641957360944
2012-12-19,1,elasticnet,24,-0.0001261590867756013,-0.0008005221811008566
2012-12-20,1,elasticnet,24,0.004531729809882812,-0.0008004975863874914
2012-10-26,1,elasticnet,25,0.001996257681022406,-0.0007585891790064967
2012-10-29,1,elasticnet,25,-0.00374625812763707,-0.0007585891790064967
2012-10-30,1,elasticnet,25,-0.000125117297629096,-0.0007585891790064967
2012-10-31,1,elasticnet,25,0.001625305102425756,-0.0007585225288243267
2012-11-01,1,elasticnet,25,0.006723132893696082,-0.0007339132011430072
2012-11-02,1,elasticnet,25,0.001983389766345489,-0.000733837270555725
2012-11-05,1,elasticnet,25,-0.001735250807255895,-0.0007337672456807868
2012-11-06,1,elasticnet,25,0.001859082149127111,-0.0007338381142289169
2012-11-07,1,elasticnet,25,0.0003714020469800516,-0.0007337115632501132
2012-11-08,1,elasticnet,25,0.002966260981017044,-0.0007337613399684426
2012-11-09,1,elasticnet,25,0.0,-0.0007337512158901384
2012-11-12,1,elasticnet,25,0.0006168651111648771,-0.0007339140448161992
2012-11-13,1,elasticnet,25,-0.000246700383636167,-0.0007339165758357753
2012-11-14,1,elasticnet,25,0.000246700383636167,-0.0007338094293403881
2012-11-15,1,elasticnet,25,0.002217568975781958,-0.0007338035236280439
2012-11-16,1,elasticnet,25,-0.004810963451849837,-0.0007339368239923839
2012-11-19,1,elasticnet,25,0.001112278431424585,-0.0007340355337558508
2012-11-20,1,elasticnet,25,-0.0003706220315446984,-0.0007340490325269233
2012-11-21,1,elasticnet,25,0.0,-0.0007340296280435067
2012-11-22,1,elasticnet,25,-0.009185764688673714,-0.0007340296280435067
2012-11-23,1,elasticnet,25,0.000747943191187872,-0.0007340439704877711
2012-11-26,1,elasticnet,25,0.001867414174795634,-0.0007340135982528582
2012-11-27,1,elasticnet,25,-0.0007465472537848683,-0.0007339781639787931
2012-11-28,1,elasticnet,25,-0.001744114058666923,-0.0007340127545796661
2012-11-29,1,elasticnet,25,-0.0006236358169067202,-0.0007340507198733073
2012-11-30,1,elasticnet,25,-0.003374370507947866,-0.0007339823823447533
2012-12-03,1,elasticnet,25,-0.003009029351618508,-0.0007915799642135747
2012-12-04,1,elasticnet,25,0.001631014727042412,-0.0007915394679003575
2012-12-05,1,elasticnet,25,0.006123870915732965,-0.0007915951503310311
2012-12-06,1,elasticnet,25,0.001867181721286748,-0.0007915850262527268
2012-12-07,1,elasticnet,25,-0.0009953963743365435,-0.0007916423960297845
2012-12-10,1,elasticnet,25,-0.003366796621294021,-0.0007916297409319041
2012-12-11,1,elasticnet,25,-0.003127543676510136,-0.0007916702372451214
2012-12-12,1,elasticnet,25,0.001502441750010242,-0.0007916381776638244
2012-12-13,1,elasticnet,25,-0.004388446639144838,-0.0007915867135991108
2012-12-14,1,elasticnet,25,-0.0001256676093390752,-0.0007915495919786617
2012-12-17,1,elasticnet,25,-0.002642674412825841,-0.0007916052744093354
2012-12-18,1,elasticnet,25,-0.001134716127553226,-0.0007916702372451214
2012-12-19,1,elasticnet,25,-0.0001261590867756013,-0.0007915192197437489
2012-12-20,1,elasticnet,25,0.004531729809882812,-0.0007914930658747961
2012-12-21,1,elasticnet,25,0.0002511616238241032,-0.0007914787234305316
2012-12-24,1,elasticnet,25,0.0,-0.0007914154479411298
2012-12-25,1,elasticnet,25,-0.0002511616238241032,-0.0007914154479411298
2012-12-26,1,elasticnet,25,0.0,-0.0007913403610270395
2012-12-27,1,elasticnet,25,0.000753295704170931,-0.0007913412047002316
2012-12-28,1,elasticnet,25,0.001128880646695585,-0.0007910670109128234
2012-12-31,1,elasticnet,25,0.0,-0.0007914635373130752
2013-01-01,1,elasticnet,25,0.0008771380801704254,-0.0007604061599849614
2013-01-02,1,elasticnet,25,0.006740757017846377,-0.0007606879468310978
2013-01-03,1,elasticnet,25,0.001491795403462781,-0.0007606980709094021
2013-01-04,1,elasticnet,25,-0.002985819585746619,-0.00076075965905242
2013-01-07,1,elasticnet,25,0.0009962640923646404,-0.0007607630337451881
2013-01-08,1,elasticnet,25,0.002734619479171307,-0.0007607773761894526
2013-01-09,1,elasticnet,25,-0.01023090645709779,-0.000760761346398804
2013-01-10,1,elasticnet,25,-0.002259887967437813,-0.0007607883439409488
2013-01-11,1,elasticnet,25,-0.0008802264007501392,-0.0007607993116924451
2013-01-14,1,elasticnet,25,0.003641618892239684,-0.0007607858129213727
2013-01-15,1,elasticnet,25,0.0002506579785022112,-0.0007607832819017967
2013-01-16,1,elasticnet,25,-0.001881468099705685,-0.000760794249653293
2013-01-17,1,elasticnet,25,0.004884473359474839,-0.0007607815945554126
2012-11-23,1,elasticnet,26,0.000747943191187872,-0.0007240306798129863
2012-11-26,1,elasticnet,26,0.001867414174795634,-0.0007245282822090895
2012-11-27,1,elasticnet,26,-0.0007465472537848683,-0.0007251088183378768
2012-11-28,1,elasticnet,26,-0.001744114058666923,-0.0007245421044978702
2012-11-29,1,elasticnet,26,-0.0006236358169067202,-0.0007239201015027411
2012-11-30,1,elasticnet,26,-0.003374370507947866,-0.0007250397068939735
2012-12-03,1,elasticnet,26,-0.003009029351618508,-0.0007267590579319783
2012-12-04,1,elasticnet,26,0.001631014727042412,-0.0007274225277934495
2012-12-05,1,elasticnet,26,0.006123870915732965,-0.0007265102567339267
2012-12-06,1,elasticnet,26,0.001867181721286748,-0.0007266761241992945
2012-12-07,1,elasticnet,26,-0.0009953963743365435,-0.0007257362085622104
2012-12-10,1,elasticnet,26,-0.003366796621294021,-0.0007259435428939201
2012-12-11,1,elasticnet,26,-0.003127543676510136,-0.000725280073032449
2012-12-12,1,elasticnet,26,0.001502441750010242,-0.0007258053200061137
2012-12-13,1,elasticnet,26,-0.004388446639144838,-0.0007266484796217332
2012-12-14,1,elasticnet,26,-0.0001256676093390752,-0.0007272566603280817
2012-12-17,1,elasticnet,26,-0.002642674412825841,-0.0007263443892685589
2012-12-18,1,elasticnet,26,-0.001134716127553226,-0.000725280073032449
2012-12-19,1,elasticnet,26,-0.0001261590867756013,-0.000727754262724185
2012-12-20,1,elasticnet,26,0.004531729809882812,-0.0007281827536763852
2012-12-21,1,elasticnet,26,0.0002511616238241032,-0.0007284177325856562
2012-12-24,1,elasticnet,26,0.0,-0.0007294544042442048
2012-12-25,1,elasticnet,26,-0.0002511616238241032,-0.0007294544042442048
2012-12-26,1,elasticnet,26,0.0,-0.0007306845879456825
2012-12-27,1,elasticnet,26,0.000753295704170931,-0.0007306707656569018
2012-12-28,1,elasticnet,26,0.001128880646695585,-0.0007351630095106124
2012-12-31,1,elasticnet,26,0.0,-0.0007286665337837078
2013-01-01,1,elasticnet,26,0.0008771380801704254,-0.0006667358544808976
2013-01-02,1,elasticnet,26,0.006740757017846377,-0.0006621192100281611
2013-01-03,1,elasticnet,26,0.001491795403462781,-0.0006619533425627933
2013-01-04,1,elasticnet,26,-0.002985819585746619,-0.0006609443154818059
2013-01-07,1,elasticnet,26,0.0009962640923646404,-0.0006608890263266834
2013-01-08,1,elasticnet,26,0.002734619479171307,-0.0006606540474174123
2013-01-09,1,elasticnet,26,-0.01023090645709779,-0.0006609166709042447
2013-01-10,1,elasticnet,26,-0.002259887967437813,-0.0006604743576632639
2013-01-11,1,elasticnet,26,-0.0008802264007501392,-0.0006602946679091155
2013-01-14,1,elasticnet,26,0.003641618892239684,-0.0006605158245296059
2013-01-15,1,elasticnet,26,0.0002506579785022112,-0.0006605572913959478
2013-01-16,1,elasticnet,26,-0.001881468099705685,-0.0006603776016417994
2013-01-17,1,elasticnet,26,0.004884473359474839,-0.0006605849359735091
2013-01-18,1,elasticnet,26,0.0,-0.0006590506619188572
2013-01-21,1,elasticnet,26,-0.002126196786234935,-0.0006590506619188572
2013-01-22,1,elasticnet,26,0.0006258214110008709,-0.0006590091950525153
2013-01-23,1,elasticnet,26,0.0003753049396646446,-0.0006590506619188572
2013-01-24,1,elasticnet,26,-0.002504697615009377,-0.000659368574560812
2013-01-25,1,elasticnet,26,0.0,-0.0006596450203364251
2013-01-28,1,elasticnet,26,-0.002385287679182113,-0.0006605849359735091
2013-01-29,1,elasticnet,26,-0.003525563964038803,-0.0006602255564652123
2013-01-30,1,elasticnet,26,-0.0008833365455442888,-0.0006616216076320578
2013-01-31,1,elasticnet,26,0.0,-0.0006615663184769351
2013-02-01,1,elasticnet,26,0.004283201307607065,-0.0007200172500665248
2013-02-04,1,elasticnet,26,-0.0007545271987741131,-0.0007224637951806995
2013-02-05,1,elasticnet,26,0.002889267759572434,-0.0007211506777465379
2013-02-06,1,elasticnet,26,0.005878323474343361,-0.0007207221867943378
2013-02-07,1,elasticnet,26,0.0002493765598963193,-0.0007208465873933636
2013-02-08,1,elasticnet,26,0.001245950821537001,-0.0007201831175318925
2013-02-11,1,elasticnet,26,-0.002493455973344716,-0.0007200725392216474
2013-02-12,1,elasticnet,26,-0.0002496878914346468,-0.0007196578705582279
2013-02-13,1,elasticnet,26,0.00460916418605084,-0.0007201278283767699
2013-02-14,1,elasticnet,26,0.001490313241559349,-0.0007196855151357891
2012-12-21,1,elasticnet,27,0.0002511616238241032,-0.0008570327101692934
2012-12-24,1,elasticnet,27,0.0,-0.0008576439623292156
2012-12-25,1,elasticnet,27,-0.0002511616238241032,-0.0008576439623292156
2012-12-26,1,elasticnet,27,0.0,-0.0008583693148923233
2012-12-27,1,elasticnet,27,0.000753295704170931,-0.0008583611648635243
2012-12-28,1,elasticnet,27,0.001128880646695585,-0.0008610099242231872
2012-12-31,1,elasticnet,27,0.0,-0.0008571794106876746
2013-01-01,1,elasticnet,27,0.0008771380801704254,-0.0007930042427349908
2013-01-02,1,elasticnet,27,0.006740757017846377,-0.0007902821331161372
2013-01-03,1,elasticnet,27,0.001491795403462781,-0.0007901843327705496
2013-01-04,1,elasticnet,27,-0.002985819585746619,-0.0007895893806682253
2013-01-07,1,elasticnet,27,0.0009962640923646404,-0.0007895567805530295
2013-01-08,1,elasticnet,27,0.002734619479171307,-0.0007894182300634471
2013-01-09,1,elasticnet,27,-0.01023090645709779,-0.0007895730806106273
2013-01-10,1,elasticnet,27,-0.002259887967437813,-0.0007893122796890606
2013-01-11,1,elasticnet,27,-0.0008802264007501392,-0.000789206329314674
2013-01-14,1,elasticnet,27,0.003641618892239684,-0.0007893367297754575
2013-01-15,1,elasticnet,27,0.0002506579785022112,-0.0007893611798618544
2013-01-16,1,elasticnet,27,-0.001881468099705685,-0.0007892552294874679
2013-01-17,1,elasticnet,27,0.004884473359474839,-0.0007893774799194522
2013-01-18,1,elasticnet,27,0.0,-0.0007884728267227674
2013-01-21,1,elasticnet,27,-0.002126196786234935,-0.0007884728267227674
2013-01-22,1,elasticnet,27,0.0006258214110008709,-0.0007884483766363705
2013-01-23,1,elasticnet,27,0.0003753049396646446,-0.0007884728267227674
2013-01-24,1,elasticnet,27,-0.002504697615009377,-0.0007886602773851436
2013-01-25,1,elasticnet,27,0.0,-0.0007888232779611228
2013-01-28,1,elasticnet,27,-0.002385287679182113,-0.0007893774799194522
2013-01-29,1,elasticnet,27,-0.003525563964038803,-0.0007891655791706793
2013-01-30,1,elasticnet,27,-0.0008833365455442888,-0.0007899887320793745
2013-01-31,1,elasticnet,27,0.0,-0.0007899561319641786
2013-02-01,1,elasticnet,27,0.004283201307607065,-0.0008366512926380716
2013-02-04,1,elasticnet,27,-0.0007545271987741131,-0.0008380938477354881
2013-02-05,1,elasticnet,27,0.002889267759572434,-0.0008373195949995866
2013-02-06,1,elasticnet,27,0.005878323474343361,-0.0008370669441068188
2013-02-07,1,elasticnet,27,0.0002493765598963193,-0.0008371402943660094
2013-02-08,1,elasticnet,27,0.001245950821537001,-0.0008367490929836592
2013-02-11,1,elasticnet,27,-0.002493455973344716,-0.0008366838927532675
2013-02-12,1,elasticnet,27,-0.0002496878914346468,-0.0008364393918892986
2013-02-13,1,elasticnet,27,0.00460916418605084,-0.0008367164928684633
2013-02-14,1,elasticnet,27,0.001490313241559349,-0.0008364556919468965
2013-02-15,1,elasticnet,27,0.0,-0.0008362926913709173
2013-02-18,1,elasticnet,27,-0.001366035605159688,-0.0008362926913709173
2013-02-19,1,elasticnet,27,0.007428534841573686,-0.0008361704409389328
2013-02-20,1,elasticnet,27,0.004799123220650792,-0.000838101997764287
2013-02-21,1,elasticnet,27,0.0,-0.000838542099319431
2013-02-22,1,elasticnet,27,0.002574635149918514,-0.0008376863462955399
2013-02-25,1,elasticnet,27,0.002445886018172416,-0.00084161466017664
2013-02-26,1,elasticnet,27,-0.003303361418296014,-0.0008398868540712599
2013-02-27,1,elasticnet,27,0.004280043219777596,-0.0008381427479082818
2013-02-28,1,elasticnet,27,0.004018759594917931,-0.000838778450154601
2013-03-01,1,elasticnet,27,-0.001094424624348278,-0.0008316453790121357
2013-03-04,1,elasticnet,27,-0.001217433800233536,-0.0008305451251242758
2013-03-05,1,elasticnet,27,0.004497120918578901,-0.0008301131735979307
2013-03-06,1,elasticnet,27,-0.00461894585629441,-0.0008301539237419255
2013-03-07,1,elasticnet,27,0.007767029337659714,-0.0008297708723883743
2013-03-08,1,elasticnet,27,-0.001814992330781529,-0.000829387821034823
2013-03-11,1,elasticnet,27,0.0001211020286069342,-0.0008285483680685298
2013-03-12,1,elasticnet,27,0.003746907145490752,-0.0008291270201132561
2013-03-13,1,elasticnet,27,-0.003383689029020864,-0.0008287684188461018
2013-03-14,1,elasticnet,27,-0.005827380822313266,-0.0008283364673197567
2013-01-18,1,elasticnet,28,0.0,-0.0007478736273722959
2013-01-21,1,elasticnet,28,-0.002126196786234935,-0.0007478736273722959
2013-01-22,1,elasticnet,28,0.0006258214110008709,-0.0007478776861504615
2013-01-23,1,elasticnet,28,0.0003753049396646446,-0.0007478736273722959
2013-01-24,1,elasticnet,28,-0.002504697615009377,-0.0007478425100730255
2013-01-25,1,elasticnet,28,0.0,-0.0007478154515519208
2013-01-28,1,elasticnet,28,-0.002385287679182113,-0.0007477234525801648
2013-01-29,1,elasticnet,28,-0.003525563964038803,-0.000747758628657601
2013-01-30,1,elasticnet,28,-0.0008833365455442888,-0.0007476219831260223
2013-01-31,1,elasticnet,28,0.0,-0.0007476273948302432
2013-02-01,1,elasticnet,28,0.004283201307607065,-0.0007683838953954917
2013-02-04,1,elasticnet,28,-0.0007545271987741131,-0.0007681444274837152
2013-02-05,1,elasticnet,28,0.002889267759572434,-0.0007682729554589625
2013-02-06,1,elasticnet,28,0.005878323474343361,-0.0007683148961666747
2013-02-07,1,elasticnet,28,0.0002493765598963193,-0.0007683027198321776
2013-02-08,1,elasticnet,28,0.001245950821537001,-0.0007683676602828289
2013-02-11,1,elasticnet,28,-0.002493455973344716,-0.0007683784836912707
2013-02-12,1,elasticnet,28,-0.0002496878914346468,-0.0007684190714729277
2013-02-13,1,elasticnet,28,0.00460916418605084,-0.0007683730719870498
2013-02-14,1,elasticnet,28,0.001490313241559349,-0.0007684163656208173
2013-02-15,1,elasticnet,28,0.0,-0.000768443424141922
2013-02-18,1,elasticnet,28,-0.001366035605159688,-0.000768443424141922
2013-02-19,1,elasticnet,28,0.007428534841573686,-0.0007684637180327505
2013-02-20,1,elasticnet,28,0.004799123220650792,-0.00076814307455766
2013-02-21,1,elasticnet,28,0.0,-0.0007680700165506773
2013-02-22,1,elasticnet,28,0.002574635149918514,-0.0007682120737864769
2013-02-25,1,elasticnet,28,0.002445886018172416,-0.000767559963427854
2013-02-26,1,elasticnet,28,-0.003303361418296014,-0.0007678467837515636
2013-02-27,1,elasticnet,28,0.004280043219777596,-0.0007681363099273838
2013-02-28,1,elasticnet,28,0.004018759594917931,-0.0007680307816950755
2013-03-01,1,elasticnet,28,-0.001094424624348278,-0.0007141405221947898
2013-03-04,1,elasticnet,28,-0.001217433800233536,-0.0007143231672122465
2013-03-05,1,elasticnet,28,0.004497120918578901,-0.0007143948722931739
2013-03-06,1,elasticnet,28,-0.00461894585629441,-0.0007143881076628977
2013-03-07,1,elasticnet,28,0.007767029337659714,-0.0007144516951874938
2013-03-08,1,elasticnet,28,-0.001814992330781529,-0.0007145152827120898
2013-03-11,1,elasticnet,28,0.0001211020286069342,-0.0007146546340957789
2013-03-12,1,elasticnet,28,0.003746907145490752,-0.0007145585763458573
2013-03-13,1,elasticnet,28,-0.003383689029020864,-0.0007146181050922876
2013-03-14,1,elasticnet,28,-0.005827380822313266,-0.000714689810173215
2013-03-15,1,elasticnet,28,0.006795317981974414,-0.000714689810173215
2013-03-18,1,elasticnet,28,0.0036214428762813,-0.0007144111074058368
2013-03-19,1,elasticnet,28,-0.002533632289770438,-0.0007142717560221476
2013-03-20,1,elasticnet,28,-0.0004833252873206462,-0.0007145044593036479
2013-03-21,1,elasticnet,28,-0.002541297428672706,-0.000714325873064357
2013-03-22,1,elasticnet,28,0.003628451005579514,-0.0007143826959586768
2013-03-25,1,elasticnet,28,0.0006034639010001897,-0.0007143596962157379
2013-03-26,1,elasticnet,28,0.004093925043622271,-0.0007144909300430956
2013-03-27,1,elasticnet,28,-0.002767584944438184,-0.0007144395188529967
2013-03-28,1,elasticnet,28,0.002767584944438184,-0.0007145004005254822
2013-03-29,1,elasticnet,28,-0.0059054103527032,-0.0007145004005254822
2013-04-01,1,elasticnet,28,0.002293994365487606,-0.0008028254669889439
2013-04-02,1,elasticnet,28,-0.002414876807460331,-0.0008029337010733626
2013-04-03,1,elasticnet,28,-0.0004836759465511875,-0.0008027402326474641
2013-04-04,1,elasticnet,28,-0.002179441472932808,-0.0008027835262812316
2013-04-05,1,elasticnet,28,0.003025720916537189,-0.000802779467503066
2013-04-08,1,elasticnet,28,-0.00533140727261916,-0.0008028782311050981
2013-04-09,1,elasticnet,28,0.002669256620039917,-0.0008029255835170313
2013-04-10,1,elasticnet,28,-0.003398473959111747,-0.0008029905239676825
2013-04-11,1,elasticnet,28,-0.001460031893380176,-0.0008030067590803453
2013-02-15,1,elasticnet,29,0.0,-6.367029070212885e-05
2013-02-18,1,elasticnet,29,-0.001366035605159688,-6.367029070212885e-05
2013-02-19,1,elasticnet,29,0.007428534841573686,-6.367029070212885e-05
2013-02-20,1,elasticnet,29,0.004799123220650792,-6.367029070212885e-05
2013-02-21,1,elasticnet,29,0.0,-6.367029070212885e-05
2013-02-22,1,elasticnet,29,0.002574635149918514,-6.367029070212885e-05
2013-02-25,1,elasticnet,29,0.002445886018172416,-6.367029070212885e-05
2013-02-26,1,elasticnet,29,-0.003303361418296014,-6.367029070212885e-05
2013-02-27,1,elasticnet,29,0.004280043219777596,-6.367029070212885e-05
2013-02-28,1,elasticnet,29,0.004018759594917931,-6.367029070212885e-05
2013-03-01,1,elasticnet,29,-0.001094424624348278,-6.367029070212885e-05
2013-03-04,1,elasticnet,29,-0.001217433800233536,-6.367029070212885e-05
2013-03-05,1,elasticnet,29,0.004497120918578901,-6.367029070212885e-05
2013-03-06,1,elasticnet,29,-0.00461894585629441,-6.367029070212885e-05
2013-03-07,1,elasticnet,29,0.007767029337659714,-6.367029070212885e-05
2013-03-08,1,elasticnet,29,-0.001814992330781529,-6.367029070212885e-05
2013-03-11,1,elasticnet,29,0.0001211020286069342,-6.367029070212885e-05
2013-03-12,1,elasticnet,29,0.003746907145490752,-6.367029070212885e-05
2013-03-13,1,elasticnet,29,-0.003383689029020864,-6.367029070212885e-05
2013-03-14,1,elasticnet,29,-0.005827380822313266,-6.367029070212885e-05
2013-03-15,1,elasticnet,29,0.006795317981974414,-6.367029070212885e-05
2013-03-18,1,elasticnet,29,0.0036214428762813,-6.367029070212885e-05
2013-03-19,1,elasticnet,29,-0.002533632289770438,-6.367029070212885e-05
2013-03-20,1,elasticnet,29,-0.0004833252873206462,-6.367029070212885e-05
2013-03-21,1,elasticnet,29,-0.002541297428672706,-6.367029070212885e-05
2013-03-22,1,elasticnet,29,0.003628451005579514,-6.367029070212885e-05
2013-03-25,1,elasticnet,29,0.0006034639010001897,-6.367029070212885e-05
2013-03-26,1,elasticnet,29,0.004093925043622271,-6.367029070212885e-05
2013-03-27,1,elasticnet,29,-0.002767584944438184,-6.367029070212885e-05
2013-03-28,1,elasticnet,29,0.002767584944438184,-6.367029070212885e-05
2013-03-29,1,elasticnet,29,-0.0059054103527032,-6.367029070212885e-05
2013-04-01,1,elasticnet,29,0.002293994365487606,-6.367029070212885e-05
2013-04-02,1,elasticnet,29,-0.002414876807460331,-6.367029070212885e-05
2013-04-03,1,elasticnet,29,-0.0004836759465511875,-6.367029070212885e-05
2013-04-04,1,elasticnet,29,-0.002179441472932808,-6.367029070212885e-05
2013-04-05,1,elasticnet,29,0.003025720916537189,-6.367029070212885e-05
2013-04-08,1,elasticnet,29,-0.00533140727261916,-6.367029070212885e-05
2013-04-09,1,elasticnet,29,0.002669256620039917,-6.367029070212885e-05
2013-04-10,1,elasticnet,29,-0.003398473959111747,-6.367029070212885e-05
2013-04-11,1,elasticnet,29,-0.001460031893380176,-6.367029070212885e-05
2013-04-12,1,elasticnet,29,0.003524768158570168,-6.367029070212885e-05
2013-04-15,1,elasticnet,29,-0.008162316133308423,-6.367029070212885e-05
2013-04-16,1,elasticnet,29,0.01131192503620504,-6.367029070212885e-05
2013-04-17,1,elasticnet,29,-0.001452433080315174,-6.367029070212885e-05
2013-04-18,1,elasticnet,29,0.001815211970562558,-6.367029070212885e-05
2013-04-19,1,elasticnet,29,-0.0003627788902473839,-6.367029070212885e-05
2013-04-22,1,elasticnet,29,0.004465101245735958,-6.367029070212885e-05
2013-04-23,1,elasticnet,29,0.0,-6.367029070212885e-05
2013-04-24,1,elasticnet,29,-0.003739675026038114,-6.367029070212885e-05
2013-04-25,1,elasticnet,29,-0.003268570188001085,-6.367029070212885e-05
2013-04-26,1,elasticnet,29,-0.003887746361987077,-6.367029070212885e-05
2013-04-29,1,elasticnet,29,-0.004881034705914722,-6.367029070212885e-05
2013-04-30,1,elasticnet,29,-0.003308218418757392,-6.367029070212885e-05
2013-05-01,1,elasticnet,29,0.009040990111127023,-6.367029070212885e-05
2013-05-02,1,elasticnet,29,-0.001460565011349502,-6.367029070212885e-05
2013-05-03,1,elasticnet,29,0.002554590526170131,-6.367029070212885e-05
2013-05-06,1,elasticnet,29,-0.0007292173390718304,-6.367029070212885e-05
2013-05-07,1,elasticnet,29,-0.004264398786457235,-6.367029070212885e-05
2013-05-08,1,elasticnet,29,0.01080829029169106,-6.367029070212885e-05
2013-05-09,1,elasticnet,29,0.004218652673776191,-6.367029070212885e-05
2013-03-15,1,elasticnet,30,0.006795317981974414,-0.0007640689156011872
2013-03-18,1,elasticnet,30,0.0036214428762813,-0.0007660701378100466
2013-03-19,1,elasticnet,30,-0.002533632289770438,-0.0007670707489144763
2013-03-20,1,elasticnet,30,-0.0004833252873206462,-0.0007653998255167879
2013-03-21,1,elasticnet,30,-0.002541297428672706,-0.0007666821620778046
2013-03-22,1,elasticnet,30,0.003628451005579514,-0.0007662741458992993
2013-03-25,1,elasticnet,30,0.0006034639010001897,-0.0007664392953048848
2013-03-26,1,elasticnet,30,0.004093925043622271,-0.0007654969722259558
2013-03-27,1,elasticnet,30,-0.002767584944438184,-0.0007658661297207939
2013-03-28,1,elasticnet,30,0.002767584944438184,-0.0007654289695295382
2013-03-29,1,elasticnet,30,-0.0059054103527032,-0.0007654289695295382
2013-04-01,1,elasticnet,30,0.002293994365487606,-0.0009506139911444745
2013-04-02,1,elasticnet,30,-0.002414876807460331,-0.0009498368174711311
2013-04-03,1,elasticnet,30,-0.0004836759465511875,-0.0009512260154122326
2013-04-04,1,elasticnet,30,-0.002179441472932808,-0.0009509151459428951
2013-04-05,1,elasticnet,30,0.003025720916537189,-0.0009509442899556455
2013-04-08,1,elasticnet,30,-0.00533140727261916,-0.0009502351189787196
2013-04-09,1,elasticnet,30,0.002669256620039917,-0.0009498951054966318
2013-04-10,1,elasticnet,30,-0.003398473959111747,-0.0009494288012926258
2013-04-11,1,elasticnet,30,-0.001460031893380176,-0.0009493122252416243
2013-04-12,1,elasticnet,30,0.003524768158570168,-0.000949137361165122
2013-04-15,1,elasticnet,30,-0.008162316133308423,-0.0009541987047127713
2013-04-16,1,elasticnet,30,0.01131192503620504,-0.0009509831486393127
2013-04-17,1,elasticnet,30,-0.001452433080315174,-0.000953460389723095
2013-04-18,1,elasticnet,30,0.001815211970562558,-0.0009544804301693583
2013-04-19,1,elasticnet,30,-0.0003627788902473839,-0.0009519643304019088
2013-04-22,1,elasticnet,30,0.004465101245735958,-0.0009514008794887348
2013-04-23,1,elasticnet,30,0.0,-0.0009505168444353066
2013-04-24,1,elasticnet,30,-0.003739675026038114,-0.000950643135157225
2013-04-25,1,elasticnet,30,-0.003268570188001085,-0.0009506528498281417
2013-04-26,1,elasticnet,30,-0.003887746361987077,-0.000950643135157225
2013-04-29,1,elasticnet,30,-0.004881034705914722,-0.0009507402818663929
2013-04-30,1,elasticnet,30,-0.003308218418757392,-0.0009505557031189738
2013-05-01,1,elasticnet,30,0.009040990111127023,-0.0009977118757675566
2013-05-02,1,elasticnet,30,-0.001460565011349502,-0.0009968375553850452
2013-05-03,1,elasticnet,30,0.002554590526170131,-0.0009961186697372026
2013-05-06,1,elasticnet,30,-0.0007292173390718304,-0.0009959340909897836
2013-05-07,1,elasticnet,30,-0.004264398786457235,-0.000996099240395369
2013-05-08,1,elasticnet,30,0.01080829029169106,-0.0009959340909897836
2013-05-09,1,elasticnet,30,0.004218652673776191,-0.0009963906805228729
2013-05-10,1,elasticnet,30,0.001682490482222576,-0.0009958660882933659
2013-05-13,1,elasticnet,30,0.003715471404350801,-0.0009958272296096988
2013-05-14,1,elasticnet,30,0.002867042938701658,-0.0009960409523698682
2013-05-15,1,elasticnet,30,-0.002867042938701658,-0.0009960798110535355
2013-05-16,1,elasticnet,30,0.007864673521406296,-0.000996332392497372
2013-05-17,1,elasticnet,30,-0.006071808641473275,-0.0009957300829005309
2013-05-20,1,elasticnet,30,0.0014319811516188,-0.000996283819142788
2013-05-21,1,elasticnet,30,0.005826067249360634,-0.0009966238326248758
2013-05-22,1,elasticnet,30,-0.006541801503940015,-0.0009970609928161315
2013-05-23,1,elasticnet,30,-0.001194029992607426,-0.0009973038595890514
2013-05-24,1,elasticnet,30,0.0,-0.000997226142221717
2013-05-27,1,elasticnet,30,0.004767589483472889,-0.000997226142221717
2013-05-28,1,elasticnet,30,-0.005245600964849828,-0.00099770216109664
2013-05-29,1,elasticnet,30,-0.00743854659647436,-0.0009980421745787278
2013-05-30,1,elasticnet,30,0.002645822349251148,-0.000997750734451224
2013-05-31,1,elasticnet,30,-0.00723243268324314,-0.0009994702312034964
2013-06-03,1,elasticnet,30,0.001329867813717911,-0.0008508698596059374
2013-06-04,1,elasticnet,30,-0.002177069074678073,-0.0008508601449350206
2013-06-05,1,elasticnet,30,-0.01279491043151904,-0.0008520550494577862
2013-06-06,1,elasticnet,30,0.00159303997907756,-0.0008512098730880252
2013-04-12,1,elasticnet,31,0.003524768158570168,-0.0009416989563264633
2013-04-15,1,elasticnet,31,-0.008162316133308423,-0.000949649088821964
2013-04-16,1,elasticnet,31,0.01131192503620504,-0.0009445982368910413
2013-04-17,1,elasticnet,31,-0.001452433080315174,-0.0009484893765961328
2013-04-18,1,elasticnet,31,0.001815211970562558,-0.000950091610592347
2013-04-19,1,elasticnet,31,-0.0003627788902473839,-0.0009461394334016853
2013-04-22,1,elasticnet,31,0.004465101245735958,-0.0009452543898609195
2013-04-23,1,elasticnet,31,0.0,-0.0009438657870642006
2013-04-24,1,elasticnet,31,-0.003739675026038114,-0.0009440641588923033
2013-04-25,1,elasticnet,31,-0.003268570188001085,-0.0009440794182636958
2013-04-26,1,elasticnet,31,-0.003887746361987077,-0.0009440641588923033
2013-04-29,1,elasticnet,31,-0.004881034705914722,-0.0009442167526062283
2013-04-30,1,elasticnet,31,-0.003308218418757392,-0.0009439268245497706
2013-05-01,1,elasticnet,31,0.009040990111127023,-0.0009746425564601878
2013-05-02,1,elasticnet,31,-0.001460565011349502,-0.0009732692130348614
2013-05-03,1,elasticnet,31,0.002554590526170131,-0.0009721400195518153
2013-05-06,1,elasticnet,31,-0.0007292173390718304,-0.0009718500914953574
2013-05-07,1,elasticnet,31,-0.004264398786457235,-0.0009721095008090302
2013-05-08,1,elasticnet,31,0.01080829029169106,-0.0009718500914953574
2013-05-09,1,elasticnet,31,0.004218652673776191,-0.0009725672819508056
2013-05-10,1,elasticnet,31,0.001682490482222576,-0.0009717432758956098
2013-05-13,1,elasticnet,31,0.003715471404350801,-0.0009716822384100397
2013-05-14,1,elasticnet,31,0.002867042938701658,-0.0009720179445806751
2013-05-15,1,elasticnet,31,-0.002867042938701658,-0.0009720789820662451
2013-05-16,1,elasticnet,31,0.007864673521406296,-0.0009724757257224505
2013-05-17,1,elasticnet,31,-0.006071808641473275,-0.0009715296446961146
2013-05-20,1,elasticnet,31,0.0014319811516188,-0.0009723994288654879
2013-05-21,1,elasticnet,31,0.005826067249360634,-0.000972933506864226
2013-05-22,1,elasticnet,31,-0.006541801503940015,-0.0009736201785768893
2013-05-23,1,elasticnet,31,-0.001194029992607426,-0.0009740016628617021
2013-05-24,1,elasticnet,31,0.0,-0.000973879587890562
2013-05-27,1,elasticnet,31,0.004767589483472889,-0.000973879587890562
2013-05-28,1,elasticnet,31,-0.005245600964849828,-0.0009746272970887952
2013-05-29,1,elasticnet,31,-0.00743854659647436,-0.0009751613750875333
2013-05-30,1,elasticnet,31,0.002645822349251148,-0.0009747035939457579
2013-05-31,1,elasticnet,31,-0.00723243268324314,-0.0009774045026822332
2013-06-03,1,elasticnet,31,0.001329867813717911,-0.0007644744285443254
2013-06-04,1,elasticnet,31,-0.002177069074678073,-0.0007644591691729328
2013-06-05,1,elasticnet,31,-0.01279491043151904,-0.0007663360718542123
2013-06-06,1,elasticnet,31,0.00159303997907756,-0.0007650085065430634
2013-06-07,1,elasticnet,31,-0.0002449179537107327,-0.0007627348602055786
2013-06-10,1,elasticnet,31,-0.006635561334220164,-0.000763192641347354
2013-06-11,1,elasticnet,31,-0.001974577958609558,-0.0007656799188843341
2013-06-12,1,elasticnet,31,-0.002473718020878479,-0.0007679993433359965
2013-06-13,1,elasticnet,31,-0.001611204413745959,-0.000764672800372428
2013-06-14,1,elasticnet,31,0.002106437802597227,-0.0007658019938554742
2013-06-17,1,elasticnet,31,-0.002230484196107163,-0.0007652679158567362
2013-06-18,1,elasticnet,31,0.01012104418353044,-0.0007649779878002783
2013-06-19,1,elasticnet,31,0.005999405812157299,-0.0007650237659144559
2013-06-20,1,elasticnet,31,0.005963627484094403,-0.0007708986239005744
2013-06-21,1,elasticnet,31,0.000121337135379207,-0.0007684723838491644
2013-06-24,1,elasticnet,31,0.00193939454727321,-0.0007703187677876588
2013-06-25,1,elasticnet,31,0.004832094446777901,-0.0007678162308792863
2013-06-26,1,elasticnet,31,-0.0009645527634729589,-0.0007658935500838293
2013-06-27,1,elasticnet,31,0.002890871683241869,-0.0007653594720850912
2013-06-28,1,elasticnet,31,-0.001083097765187446,-0.0007653594720850912
2013-07-01,1,elasticnet,31,0.005882723009725588,-0.00047333504983358064
2013-07-02,1,elasticnet,31,-0.003717699311025058,-0.00047344186543332825
2013-07-03,1,elasticnet,31,0.0,-0.00047307564051990783
2013-07-04,1,elasticnet,31,0.01443336322211586,-0.00047307564051990783
2013-05-10,1,elasticnet,32,0.001682490482222576,-4.459655618940191e-05
2013-05-13,1,elasticnet,32,0.003715471404350801,-4.459655618940191e-05
2013-05-14,1,elasticnet,32,0.002867042938701658,-4.459655618940191e-05
2013-05-15,1,elasticnet,32,-0.002867042938701658,-4.459655618940191e-05
2013-05-16,1,elasticnet,32,0.007864673521406296,-4.459655618940191e-05
2013-05-17,1,elasticnet,32,-0.006071808641473275,-4.459655618940191e-05
2013-05-20,1,elasticnet,32,0.0014319811516188,-4.459655618940191e-05
2013-05-21,1,elasticnet,32,0.005826067249360634,-4.459655618940191e-05
2013-05-22,1,elasticnet,32,-0.006541801503940015,-4.459655618940191e-05
2013-05-23,1,elasticnet,32,-0.001194029992607426,-4.459655618940191e-05
2013-05-24,1,elasticnet,32,0.0,-4.459655618940191e-05
2013-05-27,1,elasticnet,32,0.004767589483472889,-4.459655618940191e-05
2013-05-28,1,elasticnet,32,-0.005245600964849828,-4.459655618940191e-05
2013-05-29,1,elasticnet,32,-0.00743854659647436,-4.459655618940191e-05
2013-05-30,1,elasticnet,32,0.002645822349251148,-4.459655618940191e-05
2013-05-31,1,elasticnet,32,-0.00723243268324314,-4.459655618940191e-05
2013-06-03,1,elasticnet,32,0.001329867813717911,-4.459655618940191e-05
2013-06-04,1,elasticnet,32,-0.002177069074678073,-4.459655618940191e-05
2013-06-05,1,elasticnet,32,-0.01279491043151904,-4.459655618940191e-05
2013-06-06,1,elasticnet,32,0.00159303997907756,-4.459655618940191e-05
2013-06-07,1,elasticnet,32,-0.0002449179537107327,-4.459655618940191e-05
2013-06-10,1,elasticnet,32,-0.006635561334220164,-4.459655618940191e-05
2013-06-11,1,elasticnet,32,-0.001974577958609558,-4.459655618940191e-05
2013-06-12,1,elasticnet,32,-0.002473718020878479,-4.459655618940191e-05
2013-06-13,1,elasticnet,32,-0.001611204413745959,-4.459655618940191e-05
2013-06-14,1,elasticnet,32,0.002106437802597227,-4.459655618940191e-05
2013-06-17,1,elasticnet,32,-0.002230484196107163,-4.459655618940191e-05
2013-06-18,1,elasticnet,32,0.01012104418353044,-4.459655618940191e-05
2013-06-19,1,elasticnet,32,0.005999405812157299,-4.459655618940191e-05
2013-06-20,1,elasticnet,32,0.005963627484094403,-4.459655618940191e-05
2013-06-21,1,elasticnet,32,0.000121337135379207,-4.459655618940191e-05
2013-06-24,1,elasticnet,32,0.00193939454727321,-4.459655618940191e-05
2013-06-25,1,elasticnet,32,0.004832094446777901,-4.459655618940191e-05
2013-06-26,1,elasticnet,32,-0.0009645527634729589,-4.459655618940191e-05
2013-06-27,1,elasticnet,32,0.002890871683241869,-4.459655618940191e-05
2013-06-28,1,elasticnet,32,-0.001083097765187446,-4.459655618940191e-05
2013-07-01,1,elasticnet,32,0.005882723009725588,-4.459655618940191e-05
2013-07-02,1,elasticnet,32,-0.003717699311025058,-4.459655618940191e-05
2013-07-03,1,elasticnet,32,0.0,-4.459655618940191e-05
2013-07-04,1,elasticnet,32,0.01443336322211586,-4.459655618940191e-05
2013-07-05,1,elasticnet,32,-0.002965073630547543,-4.459655618940191e-05
2013-07-08,1,elasticnet,32,0.004621682694770257,-4.459655618940191e-05
2013-07-09,1,elasticnet,32,-0.00640495606754321,-4.459655618940191e-05
2013-07-10,1,elasticnet,32,-0.01546886171962747,-4.459655618940191e-05
2013-07-11,1,elasticnet,32,0.002896104353184548,-4.459655618940191e-05
2013-07-12,1,elasticnet,32,0.0006023008072215674,-4.459655618940191e-05
2013-07-15,1,elasticnet,32,-0.006524126076943304,-4.459655618940191e-05
2013-07-16,1,elasticnet,32,0.002542220363180192,-4.459655618940191e-05
2013-07-17,1,elasticnet,32,0.00132906441360614,-4.459655618940191e-05
2013-07-18,1,elasticnet,32,-0.002417796148802331,-4.459655618940191e-05
2013-07-19,1,elasticnet,32,-0.004853200498886601,-4.459655618940191e-05
2013-07-22,1,elasticnet,32,-0.003411309351006864,-4.459655618940191e-05
2013-07-23,1,elasticnet,32,0.004262321498896604,-4.459655618940191e-05
2013-07-24,1,elasticnet,32,-0.003896266952683192,-4.459655618940191e-05
2013-07-25,1,elasticnet,32,-0.003789040773509278,-4.459655618940191e-05
2013-07-26,1,elasticnet,32,0.0,-4.459655618940191e-05
2013-07-29,1,elasticnet,32,0.002079638647860982,-4.459655618940191e-05
2013-07-30,1,elasticnet,32,-0.004654589491236649,-4.459655618940191e-05
2013-07-31,1,elasticnet,32,0.01086768129370519,-4.459655618940191e-05
2013-08-01,1,elasticnet,32,-0.005235932814248834,-4.459655618940191e-05
2013-06-07,1,elasticnet,33,-0.0002449179537107327,-5.3707989162798985e-05
2013-06-10,1,elasticnet,33,-0.006635561334220164,-5.3707989162798985e-05
2013-06-11,1,elasticnet,33,-0.001974577958609558,-5.3707989162798985e-05
2013-06-12,1,elasticnet,33,-0.002473718020878479,-5.3707989162798985e-05
2013-06-13,1,elasticnet,33,-0.001611204413745959,-5.3707989162798985e-05
2013-06-14,1,elasticnet,33,0.002106437802597227,-5.3707989162798985e-05
2013-06-17,1,elasticnet,33,-0.002230484196107163,-5.3707989162798985e-05
2013-06-18,1,elasticnet,33,0.01012104418353044,-5.3707989162798985e-05
2013-06-19,1,elasticnet,33,0.005999405812157299,-5.3707989162798985e-05
2013-06-20,1,elasticnet,33,0.005963627484094403,-5.3707989162798985e-05
2013-06-21,1,elasticnet,33,0.000121337135379207,-5.3707989162798985e-05
2013-06-24,1,elasticnet,33,0.00193939454727321,-5.3707989162798985e-05
2013-06-25,1,elasticnet,33,0.004832094446777901,-5.3707989162798985e-05
2013-06-26,1,elasticnet,33,-0.0009645527634729589,-5.3707989162798985e-05
2013-06-27,1,elasticnet,33,0.002890871683241869,-5.3707989162798985e-05
2013-06-28,1,elasticnet,33,-0.001083097765187446,-5.3707989162798985e-05
2013-07-01,1,elasticnet,33,0.005882723009725588,-5.3707989162798985e-05
2013-07-02,1,elasticnet,33,-0.003717699311025058,-5.3707989162798985e-05
2013-07-03,1,elasticnet,33,0.0,-5.3707989162798985e-05
2013-07-04,1,elasticnet,33,0.01443336322211586,-5.3707989162798985e-05
2013-07-05,1,elasticnet,33,-0.002965073630547543,-5.3707989162798985e-05
2013-07-08,1,elasticnet,33,0.004621682694770257,-5.3707989162798985e-05
2013-07-09,1,elasticnet,33,-0.00640495606754321,-5.3707989162798985e-05
2013-07-10,1,elasticnet,33,-0.01546886171962747,-5.3707989162798985e-05
2013-07-11,1,elasticnet,33,0.002896104353184548,-5.3707989162798985e-05
2013-07-12,1,elasticnet,33,0.0006023008072215674,-5.3707989162798985e-05
2013-07-15,1,elasticnet,33,-0.006524126076943304,-5.3707989162798985e-05
2013-07-16,1,elasticnet,33,0.002542220363180192,-5.3707989162798985e-05
2013-07-17,1,elasticnet,33,0.00132906441360614,-5.3707989162798985e-05
2013-07-18,1,elasticnet,33,-0.002417796148802331,-5.3707989162798985e-05
2013-07-19,1,elasticnet,33,-0.004853200498886601,-5.3707989162798985e-05
2013-07-22,1,elasticnet,33,-0.003411309351006864,-5.3707989162798985e-05
2013-07-23,1,elasticnet,33,0.004262321498896604,-5.3707989162798985e-05
2013-07-24,1,elasticnet,33,-0.003896266952683192,-5.3707989162798985e-05
2013-07-25,1,elasticnet,33,-0.003789040773509278,-5.3707989162798985e-05
2013-07-26,1,elasticnet,33,0.0,-5.3707989162798985e-05
2013-07-29,1,elasticnet,33,0.002079638647860982,-5.3707989162798985e-05
2013-07-30,1,elasticnet,33,-0.004654589491236649,-5.3707989162798985e-05
2013-07-31,1,elasticnet,33,0.01086768129370519,-5.3707989162798985e-05
2013-08-01,1,elasticnet,33,-0.005235932814248834,-5.3707989162798985e-05
2013-08-02,1,elasticnet,33,-0.0003663227344219422,-5.3707989162798985e-05
2013-08-05,1,elasticnet,33,-0.00342549882302734,-5.3707989162798985e-05
2013-08-06,1,elasticnet,33,-0.003806254211579763,-5.3707989162798985e-05
2013-08-07,1,elasticnet,33,-0.003820797154466149,-5.3707989162798985e-05
2013-08-08,1,elasticnet,33,0.00185059580295821,-5.3707989162798985e-05
2013-08-09,1,elasticnet,33,0.002462145771710667,-5.3707989162798985e-05
2013-08-12,1,elasticnet,33,0.005395475995201515,-5.3707989162798985e-05
2013-08-13,1,elasticnet,33,-0.000734034777269521,-5.3707989162798985e-05
2013-08-14,1,elasticnet,33,-0.006507481985864594,-5.3707989162798985e-05
2013-08-15,1,elasticnet,33,0.0009849791488294457,-5.3707989162798985e-05
2013-08-16,1,elasticnet,33,-0.0003692534967179029,-5.3707989162798985e-05
2013-08-19,1,elasticnet,33,-0.003947211243114701,-5.3707989162798985e-05
2013-08-20,1,elasticnet,33,0.003700966474570855,-5.3707989162798985e-05
2013-08-21,1,elasticnet,33,0.003441921037809159,-5.3707989162798985e-05
2013-08-22,1,elasticnet,33,-0.001596561591823864,-5.3707989162798985e-05
2013-08-23,1,elasticnet,33,0.0006143638455817779,-5.3707989162798985e-05
2013-08-26,1,elasticnet,33,-0.002952394812801629,-5.3707989162798985e-05
2013-08-27,1,elasticnet,33,0.003198034705955699,-5.3707989162798985e-05
2013-08-28,1,elasticnet,33,0.00636554971079839,-5.3707989162798985e-05
2013-08-29,1,elasticnet,33,0.001706901170336117,-5.3707989162798985e-05
2013-07-05,1,elasticnet,34,-0.002965073630547543,-3.5394879911101386e-05
2013-07-08,1,elasticnet,34,0.004621682694770257,-3.5394879911101386e-05
2013-07-09,1,elasticnet,34,-0.00640495606754321,-3.5394879911101386e-05
2013-07-10,1,elasticnet,34,-0.01546886171962747,-3.5394879911101386e-05
2013-07-11,1,elasticnet,34,0.002896104353184548,-3.5394879911101386e-05
2013-07-12,1,elasticnet,34,0.0006023008072215674,-3.5394879911101386e-05
2013-07-15,1,elasticnet,34,-0.006524126076943304,-3.5394879911101386e-05
2013-07-16,1,elasticnet,34,0.002542220363180192,-3.5394879911101386e-05
2013-07-17,1,elasticnet,34,0.00132906441360614,-3.5394879911101386e-05
2013-07-18,1,elasticnet,34,-0.002417796148802331,-3.5394879911101386e-05
2013-07-19,1,elasticnet,34,-0.004853200498886601,-3.5394879911101386e-05
2013-07-22,1,elasticnet,34,-0.003411309351006864,-3.5394879911101386e-05
2013-07-23,1,elasticnet,34,0.004262321498896604,-3.5394879911101386e-05
2013-07-24,1,elasticnet,34,-0.003896266952683192,-3.5394879911101386e-05
2013-07-25,1,elasticnet,34,-0.003789040773509278,-3.5394879911101386e-05
2013-07-26,1,elasticnet,34,0.0,-3.5394879911101386e-05
2013-07-29,1,elasticnet,34,0.002079638647860982,-3.5394879911101386e-05
2013-07-30,1,elasticnet,34,-0.004654589491236649,-3.5394879911101386e-05
2013-07-31,1,elasticnet,34,0.01086768129370519,-3.5394879911101386e-05
2013-08-01,1,elasticnet,34,-0.005235932814248834,-3.5394879911101386e-05
2013-08-02,1,elasticnet,34,-0.0003663227344219422,-3.5394879911101386e-05
2013-08-05,1,elasticnet,34,-0.00342549882302734,-3.5394879911101386e-05
2013-08-06,1,elasticnet,34,-0.003806254211579763,-3.5394879911101386e-05
2013-08-07,1,elasticnet,34,-0.003820797154466149,-3.5394879911101386e-05
2013-08-08,1,elasticnet,34,0.00185059580295821,-3.5394879911101386e-05
2013-08-09,1,elasticnet,34,0.002462145771710667,-3.5394879911101386e-05
2013-08-12,1,elasticnet,34,0.005395475995201515,-3.5394879911101386e-05
2013-08-13,1,elasticnet,34,-0.000734034777269521,-3.5394879911101386e-05
2013-08-14,1,elasticnet,34,-0.006507481985864594,-3.5394879911101386e-05
2013-08-15,1,elasticnet,34,0.0009849791488294457,-3.5394879911101386e-05
2013-08-16,1,elasticnet,34,-0.0003692534967179029,-3.5394879911101386e-05
2013-08-19,1,elasticnet,34,-0.003947211243114701,-3.5394879911101386e-05
2013-08-20,1,elasticnet,34,0.003700966474570855,-3.5394879911101386e-05
2013-08-21,1,elasticnet,34,0.003441921037809159,-3.5394879911101386e-05
2013-08-22,1,elasticnet,34,-0.001596561591823864,-3.5394879911101386e-05
2013-08-23,1,elasticnet,34,0.0006143638455817779,-3.5394879911101386e-05
2013-08-26,1,elasticnet,34,-0.002952394812801629,-3.5394879911101386e-05
2013-08-27,1,elasticnet,34,0.003198034705955699,-3.5394879911101386e-05
2013-08-28,1,elasticnet,34,0.00636554971079839,-3.5394879911101386e-05
2013-08-29,1,elasticnet,34,0.001706901170336117,-3.5394879911101386e-05
2013-08-30,1,elasticnet,34,0.0,-3.5394879911101386e-05
2013-09-02,1,elasticnet,34,0.003283675799414354,-3.5394879911101386e-05
2013-09-03,1,elasticnet,34,-0.002309610216492786,-3.5394879911101386e-05
2013-09-04,1,elasticnet,34,0.005582538769997036,-3.5394879911101386e-05
2013-09-05,1,elasticnet,34,-0.005825966229815904,-3.5394879911101386e-05
2013-09-06,1,elasticnet,34,-0.004391857736394833,-3.5394879911101386e-05
2013-09-09,1,elasticnet,34,0.0003667257543700231,-3.5394879911101386e-05
2013-09-10,1,elasticnet,34,-0.003673323586783184,-3.5394879911101386e-05
2013-09-11,1,elasticnet,34,-0.0003680755823411985,-3.5394879911101386e-05
2013-09-12,1,elasticnet,34,-0.0004909782840742949,-3.5394879911101386e-05
2013-09-13,1,elasticnet,34,-0.001843318494288759,-3.5394879911101386e-05
2013-09-16,1,elasticnet,34,-0.001969958775464242,-3.5394879911101386e-05
2013-09-17,1,elasticnet,34,-0.01115391412462063,-3.5394879911101386e-05
2013-09-18,1,elasticnet,34,0.00161882857094664,-3.5394879911101386e-05
2013-09-19,1,elasticnet,34,0.0007462686913504157,-3.5394879911101386e-05
2013-09-20,1,elasticnet,34,0.0002486325224149155,-3.5394879911101386e-05
2013-09-23,1,elasticnet,34,0.00136637497191483,-3.5394879911101386e-05
2013-09-24,1,elasticnet,34,-0.002859098224585743,-3.5394879911101386e-05
2013-09-25,1,elasticnet,34,0.002362450585869702,-3.5394879911101386e-05
2013-09-26,1,elasticnet,34,-0.002860520574998304,-3.5394879911101386e-05
2013-08-02,1,elasticnet,35,-0.0003663227344219422,-5.103290193972651e-05
2013-08-05,1,elasticnet,35,-0.00342549882302734,-5.103290193972651e-05
2013-08-06,1,elasticnet,35,-0.003806254211579763,-5.103290193972651e-05
2013-08-07,1,elasticnet,35,-0.003820797154466149,-5.103290193972651e-05
2013-08-08,1,elasticnet,35,0.00185059580295821,-5.103290193972651e-05
2013-08-09,1,elasticnet,35,0.002462145771710667,-5.103290193972651e-05
2013-08-12,1,elasticnet,35,0.005395475995201515,-5.103290193972651e-05
2013-08-13,1,elasticnet,35,-0.000734034777269521,-5.103290193972651e-05
2013-08-14,1,elasticnet,35,-0.006507481985864594,-5.103290193972651e-05
2013-08-15,1,elasticnet,35,0.0009849791488294457,-5.103290193972651e-05
2013-08-16,1,elasticnet,35,-0.0003692534967179029,-5.103290193972651e-05
2013-08-19,1,elasticnet,35,-0.003947211243114701,-5.103290193972651e-05
2013-08-20,1,elasticnet,35,0.003700966474570855,-5.103290193972651e-05
2013-08-21,1,elasticnet,35,0.003441921037809159,-5.103290193972651e-05
2013-08-22,1,elasticnet,35,-0.001596561591823864,-5.103290193972651e-05
2013-08-23,1,elasticnet,35,0.0006143638455817779,-5.103290193972651e-05
2013-08-26,1,elasticnet,35,-0.002952394812801629,-5.103290193972651e-05
2013-08-27,1,elasticnet,35,0.003198034705955699,-5.103290193972651e-05
2013-08-28,1,elasticnet,35,0.00636554971079839,-5.103290193972651e-05
2013-08-29,1,elasticnet,35,0.001706901170336117,-5.103290193972651e-05
2013-08-30,1,elasticnet,35,0.0,-5.103290193972651e-05
2013-09-02,1,elasticnet,35,0.003283675799414354,-5.103290193972651e-05
2013-09-03,1,elasticnet,35,-0.002309610216492786,-5.103290193972651e-05
2013-09-04,1,elasticnet,35,0.005582538769997036,-5.103290193972651e-05
2013-09-05,1,elasticnet,35,-0.005825966229815904,-5.103290193972651e-05
2013-09-06,1,elasticnet,35,-0.004391857736394833,-5.103290193972651e-05
2013-09-09,1,elasticnet,35,0.0003667257543700231,-5.103290193972651e-05
2013-09-10,1,elasticnet,35,-0.003673323586783184,-5.103290193972651e-05
2013-09-11,1,elasticnet,35,-0.0003680755823411985,-5.103290193972651e-05
2013-09-12,1,elasticnet,35,-0.0004909782840742949,-5.103290193972651e-05
2013-09-13,1,elasticnet,35,-0.001843318494288759,-5.103290193972651e-05
2013-09-16,1,elasticnet,35,-0.001969958775464242,-5.103290193972651e-05
2013-09-17,1,elasticnet,35,-0.01115391412462063,-5.103290193972651e-05
2013-09-18,1,elasticnet,35,0.00161882857094664,-5.103290193972651e-05
2013-09-19,1,elasticnet,35,0.0007462686913504157,-5.103290193972651e-05
2013-09-20,1,elasticnet,35,0.0002486325224149155,-5.103290193972651e-05
2013-09-23,1,elasticnet,35,0.00136637497191483,-5.103290193972651e-05
2013-09-24,1,elasticnet,35,-0.002859098224585743,-5.103290193972651e-05
2013-09-25,1,elasticnet,35,0.002362450585869702,-5.103290193972651e-05
2013-09-26,1,elasticnet,35,-0.002860520574998304,-5.103290193972651e-05
2013-09-27,1,elasticnet,35,-0.000872219854685774,-5.103290193972651e-05
2013-09-30,1,elasticnet,35,-0.000997755133908207,-5.103290193972651e-05
2013-10-01,1,elasticnet,35,-0.002999252435770039,-5.103290193972651e-05
2013-10-02,1,elasticnet,35,-0.001879111107275122,-5.103290193972651e-05
2013-10-03,1,elasticnet,35,0.00475357412502575,-5.103290193972651e-05
2013-10-04,1,elasticnet,35,-0.002373962506801774,-5.103290193972651e-05
2013-10-07,1,elasticnet,35,0.001500000281249747,-5.103290193972651e-05
2013-10-08,1,elasticnet,35,0.003989035456627654,-5.103290193972651e-05
2013-10-09,1,elasticnet,35,0.0004975124480726123,-5.103290193972651e-05
2013-10-10,1,elasticnet,35,-0.0001243549090697016,-5.103290193972651e-05
2013-10-11,1,elasticnet,35,-0.001867181721286748,-5.103290193972651e-05
2013-10-14,1,elasticnet,35,0.00273734151265792,-5.103290193972651e-05
2013-10-15,1,elasticnet,35,-0.0001242621933874588,-5.103290193972651e-05
2013-10-16,1,elasticnet,35,-0.01024240780198404,-5.103290193972651e-05
2013-10-17,1,elasticnet,35,0.0,-5.103290193972651e-05
2013-10-18,1,elasticnet,35,0.000502071053599451,-5.103290193972651e-05
2013-10-21,1,elasticnet,35,-0.005789092432506138,-5.103290193972651e-05
2013-10-22,1,elasticnet,35,0.0003785727851379761,-5.103290193972651e-05
2013-10-23,1,elasticnet,35,-0.000883559539968104,-5.103290193972651e-05
2013-10-24,1,elasticnet,35,0.0,-5.103290193972651e-05
2013-08-30,1,elasticnet,36,0.0,-4.9358016069174966e-05
2013-09-02,1,elasticnet,36,0.003283675799414354,-4.9358016069174966e-05
2013-09-03,1,elasticnet,36,-0.002309610216492786,-4.9358016069174966e-05
2013-09-04,1,elasticnet,36,0.005582538769997036,-4.9358016069174966e-05
2013-09-05,1,elasticnet,36,-0.005825966229815904,-4.9358016069174966e-05
2013-09-06,1,elasticnet,36,-0.004391857736394833,-4.9358016069174966e-05
2013-09-09,1,elasticnet,36,0.0003667257543700231,-4.9358016069174966e-05
2013-09-10,1,elasticnet,36,-0.003673323586783184,-4.9358016069174966e-05
2013-09-11,1,elasticnet,36,-0.0003680755823411985,-4.9358016069174966e-05
2013-09-12,1,elasticnet,36,-0.0004909782840742949,-4.9358016069174966e-05
2013-09-13,1,elasticnet,36,-0.001843318494288759,-4.9358016069174966e-05
2013-09-16,1,elasticnet,36,-0.001969958775464242,-4.9358016069174966e-05
2013-09-17,1,elasticnet,36,-0.01115391412462063,-4.9358016069174966e-05
2013-09-18,1,elasticnet,36,0.00161882857094664,-4.9358016069174966e-05
2013-09-19,1,elasticnet,36,0.0007462686913504157,-4.9358016069174966e-05
2013-09-20,1,elasticnet,36,0.0002486325224149155,-4.9358016069174966e-05
2013-09-23,1,elasticnet,36,0.00136637497191483,-4.9358016069174966e-05
2013-09-24,1,elasticnet,36,-0.002859098224585743,-4.9358016069174966e-05
2013-09-25,1,elasticnet,36,0.002362450585869702,-4.9358016069174966e-05
2013-09-26,1,elasticnet,36,-0.002860520574998304,-4.9358016069174966e-05
2013-09-27,1,elasticnet,36,-0.000872219854685774,-4.9358016069174966e-05
2013-09-30,1,elasticnet,36,-0.000997755133908207,-4.9358016069174966e-05
2013-10-01,1,elasticnet,36,-0.002999252435770039,-4.9358016069174966e-05
2013-10-02,1,elasticnet,36,-0.001879111107275122,-4.9358016069174966e-05
2013-10-03,1,elasticnet,36,0.00475357412502575,-4.9358016069174966e-05
2013-10-04,1,elasticnet,36,-0.002373962506801774,-4.9358016069174966e-05
2013-10-07,1,elasticnet,36,0.001500000281249747,-4.9358016069174966e-05
2013-10-08,1,elasticnet,36,0.003989035456627654,-4.9358016069174966e-05
2013-10-09,1,elasticnet,36,0.0004975124480726123,-4.9358016069174966e-05
2013-10-10,1,elasticnet,36,-0.0001243549090697016,-4.9358016069174966e-05
2013-10-11,1,elasticnet,36,-0.001867181721286748,-4.9358016069174966e-05
2013-10-14,1,elasticnet,36,0.00273734151265792,-4.9358016069174966e-05
2013-10-15,1,elasticnet,36,-0.0001242621933874588,-4.9358016069174966e-05
2013-10-16,1,elasticnet,36,-0.01024240780198404,-4.9358016069174966e-05
2013-10-17,1,elasticnet,36,0.0,-4.9358016069174966e-05
2013-10-18,1,elasticnet,36,0.000502071053599451,-4.9358016069174966e-05
2013-10-21,1,elasticnet,36,-0.005789092432506138,-4.9358016069174966e-05
2013-10-22,1,elasticnet,36,0.0003785727851379761,-4.9358016069174966e-05
2013-10-23,1,elasticnet,36,-0.000883559539968104,-4.9358016069174966e-05
2013-10-24,1,elasticnet,36,0.0,-4.9358016069174966e-05
2013-10-25,1,elasticnet,36,0.0007573845350696828,-4.9358016069174966e-05
2013-10-28,1,elasticnet,36,0.004532300343096374,-4.9358016069174966e-05
2013-10-29,1,elasticnet,36,0.002133133376774232,-4.9358016069174966e-05
2013-10-30,1,elasticnet,36,0.00512597234167611,-4.9358016069174966e-05
2013-10-31,1,elasticnet,36,0.006587557226416685,-4.9358016069174966e-05
2013-11-01,1,elasticnet,36,-0.002108266422370164,-4.9358016069174966e-05
2013-11-04,1,elasticnet,36,0.001984373713296961,-4.9358016069174966e-05
2013-11-05,1,elasticnet,36,-0.002853776984851564,-4.9358016069174966e-05
2013-11-06,1,elasticnet,36,0.004463186183991219,-4.9358016069174966e-05
2013-11-07,1,elasticnet,36,0.005674124018344884,-4.9358016069174966e-05
2013-11-08,1,elasticnet,36,-0.002586367597299244,-4.9358016069174966e-05
2013-11-11,1,elasticnet,36,0.001232437917889406,-4.9358016069174966e-05
2013-11-12,1,elasticnet,36,-0.003207503366744469,-4.9358016069174966e-05
2013-11-13,1,elasticnet,36,0.001111454266933265,-4.9358016069174966e-05
2013-11-14,1,elasticnet,36,-0.0021004517514287,-4.9358016069174966e-05
2013-11-15,1,elasticnet,36,-0.0002474022773624185,-4.9358016069174966e-05
2013-11-18,1,elasticnet,36,-0.00160960846984981,-4.9358016069174966e-05
2013-11-19,1,elasticnet,36,0.005067682806350504,-4.9358016069174966e-05
2013-11-20,1,elasticnet,36,-0.0004932790826384092,-4.9358016069174966e-05
2013-11-21,1,elasticnet,36,-0.004450495663334664,-4.9358016069174966e-05
2013-09-27,1,elasticnet,37,-0.000872219854685774,-6.027758609092675e-05
2013-09-30,1,elasticnet,37,-0.000997755133908207,-6.027758609092675e-05
2013-10-01,1,elasticnet,37,-0.002999252435770039,-6.027758609092675e-05
2013-10-02,1,elasticnet,37,-0.001879111107275122,-6.027758609092675e-05
2013-10-03,1,elasticnet,37,0.00475357412502575,-6.027758609092675e-05
2013-10-04,1,elasticnet,37,-0.002373962506801774,-6.027758609092675e-05
2013-10-07,1,elasticnet,37,0.001500000281249747,-6.027758609092675e-05
2013-10-08,1,elasticnet,37,0.003989035456627654,-6.027758609092675e-05
2013-10-09,1,elasticnet,37,0.0004975124480726123,-6.027758609092675e-05
2013-10-10,1,elasticnet,37,-0.0001243549090697016,-6.027758609092675e-05
2013-10-11,1,elasticnet,37,-0.001867181721286748,-6.027758609092675e-05
2013-10-14,1,elasticnet,37,0.00273734151265792,-6.027758609092675e-05
2013-10-15,1,elasticnet,37,-0.0001242621933874588,-6.027758609092675e-05
2013-10-16,1,elasticnet,37,-0.01024240780198404,-6.027758609092675e-05
2013-10-17,1,elasticnet,37,0.0,-6.027758609092675e-05
2013-10-18,1,elasticnet,37,0.000502071053599451,-6.027758609092675e-05
2013-10-21,1,elasticnet,37,-0.005789092432506138,-6.027758609092675e-05
2013-10-22,1,elasticnet,37,0.0003785727851379761,-6.027758609092675e-05
2013-10-23,1,elasticnet,37,-0.000883559539968104,-6.027758609092675e-05
2013-10-24,1,elasticnet,37,0.0,-6.027758609092675e-05
2013-10-25,1,elasticnet,37,0.0007573845350696828,-6.027758609092675e-05
2013-10-28,1,elasticnet,37,0.004532300343096374,-6.027758609092675e-05
2013-10-29,1,elasticnet,37,0.002133133376774232,-6.027758609092675e-05
2013-10-30,1,elasticnet,37,0.00512597234167611,-6.027758609092675e-05
2013-10-31,1,elasticnet,37,0.006587557226416685,-6.027758609092675e-05
2013-11-01,1,elasticnet,37,-0.002108266422370164,-6.027758609092675e-05
2013-11-04,1,elasticnet,37,0.001984373713296961,-6.027758609092675e-05
2013-11-05,1,elasticnet,37,-0.002853776984851564,-6.027758609092675e-05
2013-11-06,1,elasticnet,37,0.004463186183991219,-6.027758609092675e-05
2013-11-07,1,elasticnet,37,0.005674124018344884,-6.027758609092675e-05
2013-11-08,1,elasticnet,37,-0.002586367597299244,-6.027758609092675e-05
2013-11-11,1,elasticnet,37,0.001232437917889406,-6.027758609092675e-05
2013-11-12,1,elasticnet,37,-0.003207503366744469,-6.027758609092675e-05
2013-11-13,1,elasticnet,37,0.001111454266933265,-6.027758609092675e-05
2013-11-14,1,elasticnet,37,-0.0021004517514287,-6.027758609092675e-05
2013-11-15,1,elasticnet,37,-0.0002474022773624185,-6.027758609092675e-05
2013-11-18,1,elasticnet,37,-0.00160960846984981,-6.027758609092675e-05
2013-11-19,1,elasticnet,37,0.005067682806350504,-6.027758609092675e-05
2013-11-20,1,elasticnet,37,-0.0004932790826384092,-6.027758609092675e-05
2013-11-21,1,elasticnet,37,-0.004450495663334664,-6.027758609092675e-05
2013-11-22,1,elasticnet,37,0.002598528963264179,-6.027758609092675e-05
2013-11-25,1,elasticnet,37,-0.003838301004035038,-6.027758609092675e-05
2013-11-26,1,elasticnet,37,0.001363664749844062,-6.027758609092675e-05
2013-11-27,1,elasticnet,37,0.0,-6.027758609092675e-05
2013-11-28,1,elasticnet,37,-0.0004956629593424466,-6.027758609092675e-05
2013-11-29,1,elasticnet,37,0.002970299213533423,-6.027758609092675e-05
2013-12-02,1,elasticnet,37,0.0,-6.027758609092675e-05
2013-12-03,1,elasticnet,37,-0.003714254610525103,-6.027758609092675e-05
2013-12-04,1,elasticnet,37,-0.004849247923455202,-6.027758609092675e-05
2013-12-05,1,elasticnet,37,0.0009966364348059642,-6.027758609092675e-05
2013-12-06,1,elasticnet,37,-0.002243830410391112,-6.027758609092675e-05
2013-12-09,1,elasticnet,37,-0.001998751446181224,-6.027758609092675e-05
2013-12-10,1,elasticnet,37,-0.001000875849847205,-6.027758609092675e-05
2013-12-11,1,elasticnet,37,0.00399750688488254,-6.027758609092675e-05
2013-12-12,1,elasticnet,37,0.0,-6.027758609092675e-05
2013-12-13,1,elasticnet,37,-0.00174694329429137,-6.027758609092675e-05
2013-12-16,1,elasticnet,37,-0.000124898520114769,-6.027758609092675e-05
2013-12-17,1,elasticnet,37,0.0006243366625984237,-6.027758609092675e-05
2013-12-18,1,elasticnet,37,0.006470098469905317,-6.027758609092675e-05
2013-12-19,1,elasticnet,37,-0.000620308933729774,-6.027758609092675e-05
2013-10-25,1,elasticnet,38,0.0007573845350696828,-6.670080050544384e-05
2013-10-28,1,elasticnet,38,0.004532300343096374,-6.670080050544384e-05
2013-10-29,1,elasticnet,38,0.002133133376774232,-6.670080050544384e-05
2013-10-30,1,elasticnet,38,0.00512597234167611,-6.670080050544384e-05
2013-10-31,1,elasticnet,38,0.006587557226416685,-6.670080050544384e-05
2013-11-01,1,elasticnet,38,-0.002108266422370164,-6.670080050544384e-05
2013-11-04,1,elasticnet,38,0.001984373713296961,-6.670080050544384e-05
2013-11-05,1,elasticnet,38,-0.002853776984851564,-6.670080050544384e-05
2013-11-06,1,elasticnet,38,0.004463186183991219,-6.670080050544384e-05
2013-11-07,1,elasticnet,38,0.005674124018344884,-6.670080050544384e-05
2013-11-08,1,elasticnet,38,-0.002586367597299244,-6.670080050544384e-05
2013-11-11,1,elasticnet,38,0.001232437917889406,-6.670080050544384e-05
2013-11-12,1,elasticnet,38,-0.003207503366744469,-6.670080050544384e-05
2013-11-13,1,elasticnet,38,0.001111454266933265,-6.670080050544384e-05
2013-11-14,1,elasticnet,38,-0.0021004517514287,-6.670080050544384e-05
2013-11-15,1,elasticnet,38,-0.0002474022773624185,-6.670080050544384e-05
2013-11-18,1,elasticnet,38,-0.00160960846984981,-6.670080050544384e-05
2013-11-19,1,elasticnet,38,0.005067682806350504,-6.670080050544384e-05
2013-11-20,1,elasticnet,38,-0.0004932790826384092,-6.670080050544384e-05
2013-11-21,1,elasticnet,38,-0.004450495663334664,-6.670080050544384e-05
2013-11-22,1,elasticnet,38,0.002598528963264179,-6.670080050544384e-05
2013-11-25,1,elasticnet,38,-0.003838301004035038,-6.670080050544384e-05
2013-11-26,1,elasticnet,38,0.001363664749844062,-6.670080050544384e-05
2013-11-27,1,elasticnet,38,0.0,-6.670080050544384e-05
2013-11-28,1,elasticnet,38,-0.0004956629593424466,-6.670080050544384e-05
2013-11-29,1,elasticnet,38,0.002970299213533423,-6.670080050544384e-05
2013-12-02,1,elasticnet,38,0.0,-6.670080050544384e-05
2013-12-03,1,elasticnet,38,-0.003714254610525103,-6.670080050544384e-05
2013-12-04,1,elasticnet,38,-0.004849247923455202,-6.670080050544384e-05
2013-12-05,1,elasticnet,38,0.0009966364348059642,-6.670080050544384e-05
2013-12-06,1,elasticnet,38,-0.002243830410391112,-6.670080050544384e-05
2013-12-09,1,elasticnet,38,-0.001998751446181224,-6.670080050544384e-05
2013-12-10,1,elasticnet,38,-0.001000875849847205,-6.670080050544384e-05
2013-12-11,1,elasticnet,38,0.00399750688488254,-6.670080050544384e-05
2013-12-12,1,elasticnet,38,0.0,-6.670080050544384e-05
2013-12-13,1,elasticnet,38,-0.00174694329429137,-6.670080050544384e-05
2013-12-16,1,elasticnet,38,-0.000124898520114769,-6.670080050544384e-05
2013-12-17,1,elasticnet,38,0.0006243366625984237,-6.670080050544384e-05
2013-12-18,1,elasticnet,38,0.006470098469905317,-6.670080050544384e-05
2013-12-19,1,elasticnet,38,-0.000620308933729774,-6.670080050544384e-05
2013-12-20,1,elasticnet,38,-0.001614606324809031,-6.670080050544384e-05
2013-12-23,1,elasticnet,38,0.0,-6.670080050544384e-05
2013-12-24,1,elasticnet,38,0.0,-6.670080050544384e-05
2013-12-25,1,elasticnet,38,0.0003728329130368024,-6.670080050544384e-05
2013-12-26,1,elasticnet,38,-0.00111891601155989,-6.670080050544384e-05
2013-12-27,1,elasticnet,38,-0.004863155665987939,-6.670080050544384e-05
2013-12-30,1,elasticnet,38,0.0003749297050736899,-6.670080050544384e-05
2013-12-31,1,elasticnet,38,0.0,-6.670080050544384e-05
2014-01-01,1,elasticnet,38,0.007469224317976142,-6.670080050544384e-05
2014-01-02,1,elasticnet,38,0.001982406794685865,-6.670080050544384e-05
2014-01-03,1,elasticnet,38,-0.001734390920399065,-6.670080050544384e-05
2014-01-06,1,elasticnet,38,0.00222937917453514,-6.670080050544384e-05
2014-01-07,1,elasticnet,38,0.002347854028791119,-6.670080050544384e-05
2014-01-08,1,elasticnet,38,-0.0002468831021049667,-6.670080050544384e-05
2014-01-09,1,elasticnet,38,-0.00420636522721729,-6.670080050544384e-05
2014-01-10,1,elasticnet,38,-0.001861389133332558,-6.670080050544384e-05
2014-01-13,1,elasticnet,38,0.001861389133332558,-6.670080050544384e-05
2014-01-14,1,elasticnet,38,0.004576667027412107,-6.670080050544384e-05
2014-01-15,1,elasticnet,38,-0.001482030652885769,-6.670080050544384e-05
2014-01-16,1,elasticnet,38,0.003824096438403757,-6.670080050544384e-05
2013-11-22,1,elasticnet,39,0.002598528963264179,-5.6424804988237385e-05
2013-11-25,1,elasticnet,39,-0.003838301004035038,-5.6424804988237385e-05
2013-11-26,1,elasticnet,39,0.001363664749844062,-5.6424804988237385e-05
2013-11-27,1,elasticnet,39,0.0,-5.6424804988237385e-05
2013-11-28,1,elasticnet,39,-0.0004956629593424466,-5.6424804988237385e-05
2013-11-29,1,elasticnet,39,0.002970299213533423,-5.6424804988237385e-05
2013-12-02,1,elasticnet,39,0.0,-5.6424804988237385e-05
2013-12-03,1,elasticnet,39,-0.003714254610525103,-5.6424804988237385e-05
2013-12-04,1,elasticnet,39,-0.004849247923455202,-5.6424804988237385e-05
2013-12-05,1,elasticnet,39,0.0009966364348059642,-5.6424804988237385e-05
2013-12-06,1,elasticnet,39,-0.002243830410391112,-5.6424804988237385e-05
2013-12-09,1,elasticnet,39,-0.001998751446181224,-5.6424804988237385e-05
2013-12-10,1,elasticnet,39,-0.001000875849847205,-5.6424804988237385e-05
2013-12-11,1,elasticnet,39,0.00399750688488254,-5.6424804988237385e-05
2013-12-12,1,elasticnet,39,0.0,-5.6424804988237385e-05
2013-12-13,1,elasticnet,39,-0.00174694329429137,-5.6424804988237385e-05
2013-12-16,1,elasticnet,39,-0.000124898520114769,-5.6424804988237385e-05
2013-12-17,1,elasticnet,39,0.0006243366625984237,-5.6424804988237385e-05
2013-12-18,1,elasticnet,39,0.006470098469905317,-5.6424804988237385e-05
2013-12-19,1,elasticnet,39,-0.000620308933729774,-5.6424804988237385e-05
2013-12-20,1,elasticnet,39,-0.001614606324809031,-5.6424804988237385e-05
2013-12-23,1,elasticnet,39,0.0,-5.6424804988237385e-05
2013-12-24,1,elasticnet,39,0.0,-5.6424804988237385e-05
2013-12-25,1,elasticnet,39,0.0003728329130368024,-5.6424804988237385e-05
2013-12-26,1,elasticnet,39,-0.00111891601155989,-5.6424804988237385e-05
2013-12-27,1,elasticnet,39,-0.004863155665987939,-5.6424804988237385e-05
2013-12-30,1,elasticnet,39,0.0003749297050736899,-5.6424804988237385e-05
2013-12-31,1,elasticnet,39,0.0,-5.6424804988237385e-05
2014-01-01,1,elasticnet,39,0.007469224317976142,-5.6424804988237385e-05
2014-01-02,1,elasticnet,39,0.001982406794685865,-5.6424804988237385e-05
2014-01-03,1,elasticnet,39,-0.001734390920399065,-5.6424804988237385e-05
2014-01-06,1,elasticnet,39,0.00222937917453514,-5.6424804988237385e-05
2014-01-07,1,elasticnet,39,0.002347854028791119,-5.6424804988237385e-05
2014-01-08,1,elasticnet,39,-0.0002468831021049667,-5.6424804988237385e-05
2014-01-09,1,elasticnet,39,-0.00420636522721729,-5.6424804988237385e-05
2014-01-10,1,elasticnet,39,-0.001861389133332558,-5.6424804988237385e-05
2014-01-13,1,elasticnet,39,0.001861389133332558,-5.6424804988237385e-05
2014-01-14,1,elasticnet,39,0.004576667027412107,-5.6424804988237385e-05
2014-01-15,1,elasticnet,39,-0.001482030652885769,-5.6424804988237385e-05
2014-01-16,1,elasticnet,39,0.003824096438403757,-5.6424804988237385e-05
2014-01-17,1,elasticnet,39,0.0,-5.6424804988237385e-05
2014-01-20,1,elasticnet,39,-0.001478561136784684,-5.6424804988237385e-05
2014-01-21,1,elasticnet,39,0.0008627596517172265,-5.6424804988237385e-05
2014-01-22,1,elasticnet,39,-0.00903415586863332,-5.6424804988237385e-05
2014-01-23,1,elasticnet,39,0.0002486016171907579,-5.6424804988237385e-05
2014-01-24,1,elasticnet,39,0.0007454342499491062,-5.6424804988237385e-05
2014-01-27,1,elasticnet,39,0.0006207710175134551,-5.6424804988237385e-05
2014-01-28,1,elasticnet,39,-0.0008691873645867432,-5.6424804988237385e-05
2014-01-29,1,elasticnet,39,0.00717913715928109,-5.6424804988237385e-05
2014-01-30,1,elasticnet,39,0.0028326886359471,-5.6424804988237385e-05
2014-01-31,1,elasticnet,39,-0.003696406377345696,-5.6424804988237385e-05
2014-02-03,1,elasticnet,39,0.001356936000473041,-5.6424804988237385e-05
2014-02-04,1,elasticnet,39,-0.0009866799024456085,-5.6424804988237385e-05
2014-02-05,1,elasticnet,39,-0.001605434120679483,-5.6424804988237385e-05
2014-02-06,1,elasticnet,39,-0.002722773959333402,-5.6424804988237385e-05
2014-02-07,1,elasticnet,39,-0.0006198475373562218,-5.6424804988237385e-05
2014-02-10,1,elasticnet,39,0.0,-5.6424804988237385e-05
2014-02-11,1,elasticnet,39,0.0004959087629528014,-5.6424804988237385e-05
2014-02-12,1,elasticnet,39,-0.004472057142592689,-5.6424804988237385e-05
2014-02-13,1,elasticnet,39,-0.002118776887856555,-5.6424804988237385e-05
2013-12-20,1,elasticnet,40,-0.001614606324809031,-5.666655872489467e-05
2013-12-23,1,elasticnet,40,0.0,-5.666655872489467e-05
2013-12-24,1,elasticnet,40,0.0,-5.666655872489467e-05
2013-12-25,1,elasticnet,40,0.0003728329130368024,-5.666655872489467e-05
2013-12-26,1,elasticnet,40,-0.00111891601155989,-5.666655872489467e-05
2013-12-27,1,elasticnet,40,-0.004863155665987939,-5.666655872489467e-05
2013-12-30,1,elasticnet,40,0.0003749297050736899,-5.666655872489467e-05
2013-12-31,1,elasticnet,40,0.0,-5.666655872489467e-05
2014-01-01,1,elasticnet,40,0.007469224317976142,-5.666655872489467e-05
2014-01-02,1,elasticnet,40,0.001982406794685865,-5.666655872489467e-05
2014-01-03,1,elasticnet,40,-0.001734390920399065,-5.666655872489467e-05
2014-01-06,1,elasticnet,40,0.00222937917453514,-5.666655872489467e-05
2014-01-07,1,elasticnet,40,0.002347854028791119,-5.666655872489467e-05
2014-01-08,1,elasticnet,40,-0.0002468831021049667,-5.666655872489467e-05
2014-01-09,1,elasticnet,40,-0.00420636522721729,-5.666655872489467e-05
2014-01-10,1,elasticnet,40,-0.001861389133332558,-5.666655872489467e-05
2014-01-13,1,elasticnet,40,0.001861389133332558,-5.666655872489467e-05
2014-01-14,1,elasticnet,40,0.004576667027412107,-5.666655872489467e-05
2014-01-15,1,elasticnet,40,-0.001482030652885769,-5.666655872489467e-05
2014-01-16,1,elasticnet,40,0.003824096438403757,-5.666655872489467e-05
2014-01-17,1,elasticnet,40,0.0,-5.666655872489467e-05
2014-01-20,1,elasticnet,40,-0.001478561136784684,-5.666655872489467e-05
2014-01-21,1,elasticnet,40,0.0008627596517172265,-5.666655872489467e-05
2014-01-22,1,elasticnet,40,-0.00903415586863332,-5.666655872489467e-05
2014-01-23,1,elasticnet,40,0.0002486016171907579,-5.666655872489467e-05
2014-01-24,1,elasticnet,40,0.0007454342499491062,-5.666655872489467e-05
2014-01-27,1,elasticnet,40,0.0006207710175134551,-5.666655872489467e-05
2014-01-28,1,elasticnet,40,-0.0008691873645867432,-5.666655872489467e-05
2014-01-29,1,elasticnet,40,0.00717913715928109,-5.666655872489467e-05
2014-01-30,1,elasticnet,40,0.0028326886359471,-5.666655872489467e-05
2014-01-31,1,elasticnet,40,-0.003696406377345696,-5.666655872489467e-05
2014-02-03,1,elasticnet,40,0.001356936000473041,-5.666655872489467e-05
2014-02-04,1,elasticnet,40,-0.0009866799024456085,-5.666655872489467e-05
2014-02-05,1,elasticnet,40,-0.001605434120679483,-5.666655872489467e-05
2014-02-06,1,elasticnet,40,-0.002722773959333402,-5.666655872489467e-05
2014-02-07,1,elasticnet,40,-0.0006198475373562218,-5.666655872489467e-05
2014-02-10,1,elasticnet,40,0.0,-5.666655872489467e-05
2014-02-11,1,elasticnet,40,0.0004959087629528014,-5.666655872489467e-05
2014-02-12,1,elasticnet,40,-0.004472057142592689,-5.666655872489467e-05
2014-02-13,1,elasticnet,40,-0.002118776887856555,-5.666655872489467e-05
2014-02-14,1,elasticnet,40,-0.0001247738475633753,-5.666655872489467e-05
2014-02-17,1,elasticnet,40,-0.001623478345965879,-5.666655872489467e-05
2014-02-18,1,elasticnet,40,0.001623478345965879,-5.666655872489467e-05
2014-02-19,1,elasticnet,40,0.001869974988593981,-5.666655872489467e-05
2014-02-20,1,elasticnet,40,-0.0006229365429124556,-5.666655872489467e-05
2014-02-21,1,elasticnet,40,-0.0004986287812114298,-5.666655872489467e-05
2014-02-24,1,elasticnet,40,-0.0007484096644700955,-5.666655872489467e-05
2014-02-25,1,elasticnet,40,0.003612135707978581,-5.666655872489467e-05
2014-02-26,1,elasticnet,40,-0.001866716987839467,-5.666655872489467e-05
2014-02-27,1,elasticnet,40,-0.007376416518480866,-5.666655872489467e-05
2014-02-28,1,elasticnet,40,0.004882027597307825,-5.666655872489467e-05
2014-03-03,1,elasticnet,40,0.001123245047895516,-5.666655872489467e-05
2014-03-04,1,elasticnet,40,-0.0007486898278346032,-5.666655872489467e-05
2014-03-05,1,elasticnet,40,-0.005633112473527824,-5.666655872489467e-05
2014-03-06,1,elasticnet,40,0.0007529175910958585,-5.666655872489467e-05
2014-03-07,1,elasticnet,40,0.0006269985784443932,-5.666655872489467e-05
2014-03-10,1,elasticnet,40,-0.0003761519698288751,-5.666655872489467e-05
2014-03-11,1,elasticnet,40,-0.0016316288527225,-5.666655872489467e-05
2014-03-12,1,elasticnet,40,0.0001256044716848592,-5.666655872489467e-05
2014-03-13,1,elasticnet,40,-0.002137424589446546,-5.666655872489467e-05
2014-01-17,1,elasticnet,41,0.0,-5.2189146017246876e-05
2014-01-20,1,elasticnet,41,-0.001478561136784684,-5.2189146017246876e-05
2014-01-21,1,elasticnet,41,0.0008627596517172265,-5.2189146017246876e-05
2014-01-22,1,elasticnet,41,-0.00903415586863332,-5.2189146017246876e-05
2014-01-23,1,elasticnet,41,0.0002486016171907579,-5.2189146017246876e-05
2014-01-24,1,elasticnet,41,0.0007454342499491062,-5.2189146017246876e-05
2014-01-27,1,elasticnet,41,0.0006207710175134551,-5.2189146017246876e-05
2014-01-28,1,elasticnet,41,-0.0008691873645867432,-5.2189146017246876e-05
2014-01-29,1,elasticnet,41,0.00717913715928109,-5.2189146017246876e-05
2014-01-30,1,elasticnet,41,0.0028326886359471,-5.2189146017246876e-05
2014-01-31,1,elasticnet,41,-0.003696406377345696,-5.2189146017246876e-05
2014-02-03,1,elasticnet,41,0.001356936000473041,-5.2189146017246876e-05
2014-02-04,1,elasticnet,41,-0.0009866799024456085,-5.2189146017246876e-05
2014-02-05,1,elasticnet,41,-0.001605434120679483,-5.2189146017246876e-05
2014-02-06,1,elasticnet,41,-0.002722773959333402,-5.2189146017246876e-05
2014-02-07,1,elasticnet,41,-0.0006198475373562218,-5.2189146017246876e-05
2014-02-10,1,elasticnet,41,0.0,-5.2189146017246876e-05
2014-02-11,1,elasticnet,41,0.0004959087629528014,-5.2189146017246876e-05
2014-02-12,1,elasticnet,41,-0.004472057142592689,-5.2189146017246876e-05
2014-02-13,1,elasticnet,41,-0.002118776887856555,-5.2189146017246876e-05
2014-02-14,1,elasticnet,41,-0.0001247738475633753,-5.2189146017246876e-05
2014-02-17,1,elasticnet,41,-0.001623478345965879,-5.2189146017246876e-05
2014-02-18,1,elasticnet,41,0.001623478345965879,-5.2189146017246876e-05
2014-02-19,1,elasticnet,41,0.001869974988593981,-5.2189146017246876e-05
2014-02-20,1,elasticnet,41,-0.0006229365429124556,-5.2189146017246876e-05
2014-02-21,1,elasticnet,41,-0.0004986287812114298,-5.2189146017246876e-05
2014-02-24,1,elasticnet,41,-0.0007484096644700955,-5.2189146017246876e-05
2014-02-25,1,elasticnet,41,0.003612135707978581,-5.2189146017246876e-05
2014-02-26,1,elasticnet,41,-0.001866716987839467,-5.2189146017246876e-05
2014-02-27,1,elasticnet,41,-0.007376416518480866,-5.2189146017246876e-05
2014-02-28,1,elasticnet,41,0.004882027597307825,-5.2189146017246876e-05
2014-03-03,1,elasticnet,41,0.001123245047895516,-5.2189146017246876e-05
2014-03-04,1,elasticnet,41,-0.0007486898278346032,-5.2189146017246876e-05
2014-03-05,1,elasticnet,41,-0.005633112473527824,-5.2189146017246876e-05
2014-03-06,1,elasticnet,41,0.0007529175910958585,-5.2189146017246876e-05
2014-03-07,1,elasticnet,41,0.0006269985784443932,-5.2189146017246876e-05
2014-03-10,1,elasticnet,41,-0.0003761519698288751,-5.2189146017246876e-05
2014-03-11,1,elasticnet,41,-0.0016316288527225,-5.2189146017246876e-05
2014-03-12,1,elasticnet,41,0.0001256044716848592,-5.2189146017246876e-05
2014-03-13,1,elasticnet,41,-0.002137424589446546,-5.2189146017246876e-05
2014-03-14,1,elasticnet,41,-0.0007554772457032399,-5.2189146017246876e-05
2014-03-17,1,elasticnet,41,0.0002518891700979964,-5.2189146017246876e-05
2014-03-18,1,elasticnet,41,0.007402329766761362,-5.2189146017246876e-05
2014-03-19,1,elasticnet,41,0.002372184145055911,-5.2189146017246876e-05
2014-03-20,1,elasticnet,41,-0.0009981285919113958,-5.2189146017246876e-05
2014-03-21,1,elasticnet,41,-0.002249438589098318,-5.2189146017246876e-05
2014-03-24,1,elasticnet,41,0.0001251016452501474,-5.2189146017246876e-05
2014-03-25,1,elasticnet,41,0.001125211095777345,-5.2189146017246876e-05
2014-03-26,1,elasticnet,41,0.0009991258480708254,-5.2189146017246876e-05
2014-03-27,1,elasticnet,41,0.0008734169873356734,-5.2189146017246876e-05
2014-03-28,1,elasticnet,41,-0.0009982531400476446,-5.2189146017246876e-05
2014-03-31,1,elasticnet,41,-0.0001248517387226755,-5.2189146017246876e-05
2014-04-01,1,elasticnet,41,0.001621858006315868,-5.2189146017246876e-05
2014-04-02,1,elasticnet,41,0.003111583816134633,-5.2189146017246876e-05
2014-04-03,1,elasticnet,41,-0.0006215426889140119,-5.2189146017246876e-05
2014-04-04,1,elasticnet,41,-0.002365391703563091,-5.2189146017246876e-05
2014-04-07,1,elasticnet,41,-0.006000768100610898,-5.2189146017246876e-05
2014-04-08,1,elasticnet,41,-0.003391323981337457,-5.2189146017246876e-05
2014-04-09,1,elasticnet,41,-0.001258970328696485,-5.2189146017246876e-05
2014-04-10,1,elasticnet,41,0.000881445627805455,-5.2189146017246876e-05
2014-02-14,1,elasticnet,42,-0.0001247738475633753,-8.845121741167777e-05
2014-02-17,1,elasticnet,42,-0.001623478345965879,-8.845121741167777e-05
2014-02-18,1,elasticnet,42,0.001623478345965879,-8.841283917374307e-05
2014-02-19,1,elasticnet,42,0.001869974988593981,-8.820431741429789e-05
2014-02-20,1,elasticnet,42,-0.0006229365429124556,-8.829514591074333e-05
2014-02-21,1,elasticnet,42,-0.0004986287812114298,-8.830921793131939e-05
2014-02-24,1,elasticnet,42,-0.0007484096644700955,-8.836678528822144e-05
2014-02-25,1,elasticnet,42,0.003612135707978581,-8.843842466569953e-05
2014-02-26,1,elasticnet,42,-0.001866716987839467,-8.835143399304756e-05
2014-02-27,1,elasticnet,42,-0.007376416518480866,-8.839109150558008e-05
2014-02-28,1,elasticnet,42,0.004882027597307825,-8.839620860397138e-05
2014-03-03,1,elasticnet,42,0.001123245047895516,-8.814035368440673e-05
2014-03-04,1,elasticnet,42,-0.0007486898278346032,-8.838341585799314e-05
2014-03-05,1,elasticnet,42,-0.005633112473527824,-8.841028062454743e-05
2014-03-06,1,elasticnet,42,0.0007529175910958585,-8.836934383741708e-05
2014-03-07,1,elasticnet,42,0.0006269985784443932,-8.838213658339532e-05
2014-03-10,1,elasticnet,42,-0.0003761519698288751,-8.83706231120149e-05
2014-03-11,1,elasticnet,42,-0.0016316288527225,-8.829386663614551e-05
2014-03-12,1,elasticnet,42,0.0001256044716848592,-8.833608269787368e-05
2014-03-13,1,elasticnet,42,-0.002137424589446546,-8.811220964325462e-05
2014-03-14,1,elasticnet,42,-0.0007554772457032399,-8.79075257076029e-05
2014-03-17,1,elasticnet,42,0.0002518891700979964,-8.818640756992837e-05
2014-03-18,1,elasticnet,42,0.007402329766761362,-8.832968632488457e-05
2014-03-19,1,elasticnet,42,0.002372184145055911,-8.825292984901518e-05
2014-03-20,1,elasticnet,42,-0.0009981285919113958,-8.832968632488457e-05
2014-03-21,1,elasticnet,42,-0.002249438589098318,-8.826828114418905e-05
2014-03-24,1,elasticnet,42,0.0001251016452501474,-8.825676767280864e-05
2014-03-25,1,elasticnet,42,0.001125211095777345,-8.839365005477572e-05
2014-03-26,1,elasticnet,42,0.0009991258480708254,-8.827723606637381e-05
2014-03-27,1,elasticnet,42,0.0008734169873356734,-8.831689357890633e-05
2014-03-28,1,elasticnet,42,-0.0009982531400476446,-8.834375834546062e-05
2014-03-31,1,elasticnet,42,-0.0001248517387226755,-8.841155989914525e-05
2014-04-01,1,elasticnet,42,0.001621858006315868,-8.851134331777546e-05
2014-04-02,1,elasticnet,42,0.003111583816134633,-8.851262259237328e-05
2014-04-03,1,elasticnet,42,-0.0006215426889140119,-8.847680290363424e-05
2014-04-04,1,elasticnet,42,-0.002365391703563091,-8.840132570236266e-05
2014-04-07,1,elasticnet,42,-0.006000768100610898,-8.819536249211313e-05
2014-04-08,1,elasticnet,42,-0.003391323981337457,-8.828235316476511e-05
2014-04-09,1,elasticnet,42,-0.001258970328696485,-8.841923554673219e-05
2014-04-10,1,elasticnet,42,0.000881445627805455,-8.815442570498278e-05
2014-04-11,1,elasticnet,42,0.003518033531679343,-8.800858840083094e-05
2014-04-14,1,elasticnet,42,0.000877577941358787,-8.812628166383068e-05
2014-04-15,1,elasticnet,42,0.0,-8.819024539372183e-05
2014-04-16,1,elasticnet,42,0.0003758692019442123,-8.837318166121056e-05
2014-04-17,1,elasticnet,42,0.0,-8.847808217823206e-05
2014-04-18,1,elasticnet,42,0.001376979625470121,-8.847808217823206e-05
2014-04-21,1,elasticnet,42,-0.0003753518968059311,-8.849215419880812e-05
2014-04-22,1,elasticnet,42,-0.0006258997512960107,-8.849982984639506e-05
2014-04-23,1,elasticnet,42,-0.000751597179312391,-8.848959564961246e-05
2014-04-24,1,elasticnet,42,-0.0006267627908096429,-8.848319927662335e-05
2014-04-25,1,elasticnet,42,-0.0008781283886110103,-8.838853295638444e-05
2014-04-28,1,elasticnet,42,0.001630196611574597,-8.840004642776484e-05
2014-04-29,1,elasticnet,42,-0.004269217935829239,-8.843330756730825e-05
2014-04-30,1,elasticnet,42,0.0007547170169557305,-8.847168580524294e-05
2014-05-01,1,elasticnet,42,-0.0001257466207249536,-8.849215419880812e-05
2014-05-02,1,elasticnet,42,-0.0003773347632973767,-8.85356495351341e-05
2014-05-05,1,elasticnet,42,-0.00504478305369549,-8.848703710041682e-05
2014-05-06,1,elasticnet,42,0.001389854289054249,-8.842179409592783e-05
2014-05-07,1,elasticnet,42,0.002018164156237567,-8.847296507984077e-05
2014-05-08,1,elasticnet,42,0.006781389795611048,-8.84691272560473e-05
2014-03-14,1,elasticnet,43,-0.0007554772457032399,-9.599965286809563e-05
2014-03-17,1,elasticnet,43,0.0002518891700979964,-9.632169825435696e-05
2014-03-18,1,elasticnet,43,0.007402329766761362,-9.648715276472975e-05
2014-03-19,1,elasticnet,43,0.002372184145055911,-9.63985164198872e-05
2014-03-20,1,elasticnet,43,-0.0009981285919113958,-9.648715276472975e-05
2014-03-21,1,elasticnet,43,-0.002249438589098318,-9.641624368885571e-05
2014-03-24,1,elasticnet,43,0.0001251016452501474,-9.640294823712932e-05
2014-03-25,1,elasticnet,43,0.001125211095777345,-9.65610163854319e-05
2014-03-26,1,elasticnet,43,0.0009991258480708254,-9.642658459575401e-05
2014-03-27,1,elasticnet,43,0.0008734169873356734,-9.647238004058932e-05
2014-03-28,1,elasticnet,43,-0.0009982531400476446,-9.650340276128422e-05
2014-03-31,1,elasticnet,43,-0.0001248517387226755,-9.65816981992285e-05
2014-04-01,1,elasticnet,43,0.001621858006315868,-9.669692544752383e-05
2014-04-02,1,elasticnet,43,0.003111583816134633,-9.669840271993787e-05
2014-04-03,1,elasticnet,43,-0.0006215426889140119,-9.665703909234468e-05
2014-04-04,1,elasticnet,43,-0.002365391703563091,-9.656988001991615e-05
2014-04-07,1,elasticnet,43,-0.006000768100610898,-9.633203916125526e-05
2014-04-08,1,elasticnet,43,-0.003391323981337457,-9.643249368541018e-05
2014-04-09,1,elasticnet,43,-0.001258970328696485,-9.659056183371275e-05
2014-04-10,1,elasticnet,43,0.000881445627805455,-9.628476644400589e-05
2014-04-11,1,elasticnet,43,0.003518033531679343,-9.611635738880502e-05
2014-04-14,1,elasticnet,43,0.000877577941358787,-9.625226645089695e-05
2014-04-15,1,elasticnet,43,0.0,-9.63261300715991e-05
2014-04-16,1,elasticnet,43,0.0003758692019442123,-9.653738002680721e-05
2014-04-17,1,elasticnet,43,0.0,-9.665851636475873e-05
2014-04-18,1,elasticnet,43,0.001376979625470121,-9.665851636475873e-05
2014-04-21,1,elasticnet,43,-0.0003753518968059311,-9.66747663613132e-05
2014-04-22,1,elasticnet,43,-0.0006258997512960107,-9.668362999579746e-05
2014-04-23,1,elasticnet,43,-0.000751597179312391,-9.667181181648511e-05
2014-04-24,1,elasticnet,43,-0.0006267627908096429,-9.66644254544149e-05
2014-04-25,1,elasticnet,43,-0.0008781283886110103,-9.655510729577573e-05
2014-04-28,1,elasticnet,43,0.001630196611574597,-9.656840274750211e-05
2014-04-29,1,elasticnet,43,-0.004269217935829239,-9.660681183026723e-05
2014-04-30,1,elasticnet,43,0.0007547170169557305,-9.665113000268851e-05
2014-05-01,1,elasticnet,43,-0.0001257466207249536,-9.66747663613132e-05
2014-05-02,1,elasticnet,43,-0.0003773347632973767,-9.672499362339064e-05
2014-05-05,1,elasticnet,43,-0.00504478305369549,-9.666885727165703e-05
2014-05-06,1,elasticnet,43,0.001389854289054249,-9.659351637854084e-05
2014-05-07,1,elasticnet,43,0.002018164156237567,-9.665260727510255e-05
2014-05-08,1,elasticnet,43,0.006781389795611048,-9.664817545786043e-05
2014-05-09,1,elasticnet,43,0.0,-9.67235163509766e-05
2014-05-12,1,elasticnet,43,0.002999252435770039,-9.682544814754556e-05
2014-05-13,1,elasticnet,43,-0.0008738531234566693,-9.684022087168599e-05
2014-05-14,1,elasticnet,43,-0.0008746174106608606,-9.683431178202981e-05
2014-05-15,1,elasticnet,43,0.0004998750416511655,-9.668658454062554e-05
2014-05-16,1,elasticnet,43,-0.0006248828548018892,-9.679442542685066e-05
2014-05-19,1,elasticnet,43,0.0006248828548018892,-9.679737997167874e-05
2014-05-20,1,elasticnet,43,0.0006244926200587031,-9.671760726132043e-05
2014-05-21,1,elasticnet,43,0.001995759674533915,-9.687272086479493e-05
2014-05-22,1,elasticnet,43,0.001743028329744156,-9.685499359582642e-05
2014-05-23,1,elasticnet,43,0.0,-9.695397084756729e-05
2014-05-26,1,elasticnet,43,-0.0004976981563480365,-9.695397084756729e-05
2014-05-27,1,elasticnet,43,0.002734279605583367,-9.693181176135664e-05
2014-05-28,1,elasticnet,43,-0.000993418683462366,-9.690669813031792e-05
2014-05-29,1,elasticnet,43,-0.001491980881015209,-9.692294812687239e-05
2014-05-30,1,elasticnet,43,0.003353832098431653,-9.694806175791112e-05
2014-06-02,1,elasticnet,43,-0.001116694700074916,-9.692147085445834e-05
2014-06-03,1,elasticnet,43,0.001364679822238202,-9.68786299544511e-05
2014-06-04,1,elasticnet,43,-0.003601817220594938,-9.68476072337562e-05
2014-06-05,1,elasticnet,43,0.0004975743354309614,-9.690669813031792e-05
2014-04-11,1,elasticnet,44,0.003518033531679343,-6.127678087993534e-05
2014-04-14,1,elasticnet,44,0.000877577941358787,-6.127678087993534e-05
2014-04-15,1,elasticnet,44,0.0,-6.127678087993534e-05
2014-04-16,1,elasticnet,44,0.0003758692019442123,-6.127678087993534e-05
2014-04-17,1,elasticnet,44,0.0,-6.127678087993534e-05
2014-04-18,1,elasticnet,44,0.001376979625470121,-6.127678087993534e-05
2014-04-21,1,elasticnet,44,-0.0003753518968059311,-6.127678087993534e-05
2014-04-22,1,elasticnet,44,-0.0006258997512960107,-6.127678087993534e-05
2014-04-23,1,elasticnet,44,-0.000751597179312391,-6.127678087993534e-05
2014-04-24,1,elasticnet,44,-0.0006267627908096429,-6.127678087993534e-05
2014-04-25,1,elasticnet,44,-0.0008781283886110103,-6.127678087993534e-05
2014-04-28,1,elasticnet,44,0.001630196611574597,-6.127678087993534e-05
2014-04-29,1,elasticnet,44,-0.004269217935829239,-6.127678087993534e-05
2014-04-30,1,elasticnet,44,0.0007547170169557305,-6.127678087993534e-05
2014-05-01,1,elasticnet,44,-0.0001257466207249536,-6.127678087993534e-05
2014-05-02,1,elasticnet,44,-0.0003773347632973767,-6.127678087993534e-05
2014-05-05,1,elasticnet,44,-0.00504478305369549,-6.127678087993534e-05
2014-05-06,1,elasticnet,44,0.001389854289054249,-6.127678087993534e-05
2014-05-07,1,elasticnet,44,0.002018164156237567,-6.127678087993534e-05
2014-05-08,1,elasticnet,44,0.006781389795611048,-6.127678087993534e-05
2014-05-09,1,elasticnet,44,0.0,-6.127678087993534e-05
2014-05-12,1,elasticnet,44,0.002999252435770039,-6.127678087993534e-05
2014-05-13,1,elasticnet,44,-0.0008738531234566693,-6.127678087993534e-05
2014-05-14,1,elasticnet,44,-0.0008746174106608606,-6.127678087993534e-05
2014-05-15,1,elasticnet,44,0.0004998750416511655,-6.127678087993534e-05
2014-05-16,1,elasticnet,44,-0.0006248828548018892,-6.127678087993534e-05
2014-05-19,1,elasticnet,44,0.0006248828548018892,-6.127678087993534e-05
2014-05-20,1,elasticnet,44,0.0006244926200587031,-6.127678087993534e-05
2014-05-21,1,elasticnet,44,0.001995759674533915,-6.127678087993534e-05
2014-05-22,1,elasticnet,44,0.001743028329744156,-6.127678087993534e-05
2014-05-23,1,elasticnet,44,0.0,-6.127678087993534e-05
2014-05-26,1,elasticnet,44,-0.0004976981563480365,-6.127678087993534e-05
2014-05-27,1,elasticnet,44,0.002734279605583367,-6.127678087993534e-05
2014-05-28,1,elasticnet,44,-0.000993418683462366,-6.127678087993534e-05
2014-05-29,1,elasticnet,44,-0.001491980881015209,-6.127678087993534e-05
2014-05-30,1,elasticnet,44,0.003353832098431653,-6.127678087993534e-05
2014-06-02,1,elasticnet,44,-0.001116694700074916,-6.127678087993534e-05
2014-06-03,1,elasticnet,44,0.001364679822238202,-6.127678087993534e-05
2014-06-04,1,elasticnet,44,-0.003601817220594938,-6.127678087993534e-05
2014-06-05,1,elasticnet,44,0.0004975743354309614,-6.127678087993534e-05
2014-06-06,1,elasticnet,44,0.002980258011159975,-6.127678087993534e-05
2014-06-09,1,elasticnet,44,0.002105655079109425,-6.127678087993534e-05
2014-06-10,1,elasticnet,44,-0.0006188501961226223,-6.127678087993534e-05
2014-06-11,1,elasticnet,44,-0.002355129691003377,-6.127678087993534e-05
2014-06-12,1,elasticnet,44,0.0,-6.127678087993534e-05
2014-06-13,1,elasticnet,44,-0.001366035605159688,-6.127678087993534e-05
2014-06-16,1,elasticnet,44,0.001986344538889462,-6.127678087993534e-05
2014-06-17,1,elasticnet,44,-0.000620308933729774,-6.127678087993534e-05
2014-06-18,1,elasticnet,44,-0.003231823819782598,-6.127678087993534e-05
2014-06-19,1,elasticnet,44,0.000622316281208235,-6.127678087993534e-05
2014-06-20,1,elasticnet,44,-0.001245020081141135,-6.127678087993534e-05
2014-06-23,1,elasticnet,44,0.0007471980422355529,-6.127678087993534e-05
2014-06-24,1,elasticnet,44,-0.001370289843814376,-6.127678087993534e-05
2014-06-25,1,elasticnet,44,0.0,-6.127678087993534e-05
2014-06-26,1,elasticnet,44,-0.002496256912817962,-6.127678087993534e-05
2014-06-27,1,elasticnet,44,-0.003003756951827974,-6.127678087993534e-05
2014-06-30,1,elasticnet,44,0.0003759634106561549,-6.127678087993534e-05
2014-07-01,1,elasticnet,44,0.001877699744282424,-6.127678087993534e-05
2014-07-02,1,elasticnet,44,0.003121685746633851,-6.127678087993534e-05
2014-07-03,1,elasticnet,44,0.0007477567646523298,-6.127678087993534e-05
2014-05-09,1,elasticnet,45,0.0,-5.8003687828934265e-05
2014-05-12,1,elasticnet,45,0.002999252435770039,-5.8003687828934265e-05
2014-05-13,1,elasticnet,45,-0.0008738531234566693,-5.8003687828934265e-05
2014-05-14,1,elasticnet,45,-0.0008746174106608606,-5.8003687828934265e-05
2014-05-15,1,elasticnet,45,0.0004998750416511655,-5.8003687828934265e-05
2014-05-16,1,elasticnet,45,-0.0006248828548018892,-5.8003687828934265e-05
2014-05-19,1,elasticnet,45,0.0006248828548018892,-5.8003687828934265e-05
2014-05-20,1,elasticnet,45,0.0006244926200587031,-5.8003687828934265e-05
2014-05-21,1,elasticnet,45,0.001995759674533915,-5.8003687828934265e-05
2014-05-22,1,elasticnet,45,0.001743028329744156,-5.8003687828934265e-05
2014-05-23,1,elasticnet,45,0.0,-5.8003687828934265e-05
2014-05-26,1,elasticnet,45,-0.0004976981563480365,-5.8003687828934265e-05
2014-05-27,1,elasticnet,45,0.002734279605583367,-5.8003687828934265e-05
2014-05-28,1,elasticnet,45,-0.000993418683462366,-5.8003687828934265e-05
2014-05-29,1,elasticnet,45,-0.001491980881015209,-5.8003687828934265e-05
2014-05-30,1,elasticnet,45,0.003353832098431653,-5.8003687828934265e-05
2014-06-02,1,elasticnet,45,-0.001116694700074916,-5.8003687828934265e-05
2014-06-03,1,elasticnet,45,0.001364679822238202,-5.8003687828934265e-05
2014-06-04,1,elasticnet,45,-0.003601817220594938,-5.8003687828934265e-05
2014-06-05,1,elasticnet,45,0.0004975743354309614,-5.8003687828934265e-05
2014-06-06,1,elasticnet,45,0.002980258011159975,-5.8003687828934265e-05
2014-06-09,1,elasticnet,45,0.002105655079109425,-5.8003687828934265e-05
2014-06-10,1,elasticnet,45,-0.0006188501961226223,-5.8003687828934265e-05
2014-06-11,1,elasticnet,45,-0.002355129691003377,-5.8003687828934265e-05
2014-06-12,1,elasticnet,45,0.0,-5.8003687828934265e-05
2014-06-13,1,elasticnet,45,-0.001366035605159688,-5.8003687828934265e-05
2014-06-16,1,elasticnet,45,0.001986344538889462,-5.8003687828934265e-05
2014-06-17,1,elasticnet,45,-0.000620308933729774,-5.8003687828934265e-05
2014-06-18,1,elasticnet,45,-0.003231823819782598,-5.8003687828934265e-05
2014-06-19,1,elasticnet,45,0.000622316281208235,-5.8003687828934265e-05
2014-06-20,1,elasticnet,45,-0.001245020081141135,-5.8003687828934265e-05
2014-06-23,1,elasticnet,45,0.0007471980422355529,-5.8003687828934265e-05
2014-06-24,1,elasticnet,45,-0.001370289843814376,-5.8003687828934265e-05
2014-06-25,1,elasticnet,45,0.0,-5.8003687828934265e-05
2014-06-26,1,elasticnet,45,-0.002496256912817962,-5.8003687828934265e-05
2014-06-27,1,elasticnet,45,-0.003003756951827974,-5.8003687828934265e-05
2014-06-30,1,elasticnet,45,0.0003759634106561549,-5.8003687828934265e-05
2014-07-01,1,elasticnet,45,0.001877699744282424,-5.8003687828934265e-05
2014-07-02,1,elasticnet,45,0.003121685746633851,-5.8003687828934265e-05
2014-07-03,1,elasticnet,45,0.0007477567646523298,-5.8003687828934265e-05
2014-07-04,1,elasticnet,45,-0.0006230918015788234,-5.8003687828934265e-05
2014-07-07,1,elasticnet,45,-0.0004987531275455481,-5.8003687828934265e-05
2014-07-08,1,elasticnet,45,-0.002372480353630912,-5.8003687828934265e-05
2014-07-09,1,elasticnet,45,0.001748688929248843,-5.8003687828934265e-05
2014-07-10,1,elasticnet,45,0.0007485030289577921,-5.8003687828934265e-05
2014-07-11,1,elasticnet,45,0.0,-5.8003687828934265e-05
2014-07-14,1,elasticnet,45,0.002490971520932028,-5.8003687828934265e-05
2014-07-15,1,elasticnet,45,0.002112458070437917,-5.8003687828934265e-05
2014-07-16,1,elasticnet,45,-0.0007450639857893293,-5.8003687828934265e-05
2014-07-17,1,elasticnet,45,0.0002484163470732881,-5.8003687828934265e-05
2014-07-18,1,elasticnet,45,0.0004966476387160412,-5.8003687828934265e-05
2014-07-21,1,elasticnet,45,0.002727161724959792,-5.8003687828934265e-05
2014-07-22,1,elasticnet,45,0.0004950495150604084,-5.8003687828934265e-05
2014-07-23,1,elasticnet,45,0.0006184674574036819,-5.8003687828934265e-05
2014-07-24,1,elasticnet,45,0.001976529364903001,-5.8003687828934265e-05
2014-07-25,1,elasticnet,45,0.0,-5.8003687828934265e-05
2014-07-28,1,elasticnet,45,0.002218935821685086,-5.8003687828934265e-05
2014-07-29,1,elasticnet,45,0.002705363184721143,-5.8003687828934265e-05
2014-07-30,1,elasticnet,45,0.0003683467412258778,-5.8003687828934265e-05
2014-07-31,1,elasticnet,45,-0.001966085666500916,-5.8003687828934265e-05
2014-06-06,1,elasticnet,46,0.002980258011159975,-5.4455212572138094e-05
2014-06-09,1,elasticnet,46,0.002105655079109425,-5.4455212572138094e-05
2014-06-10,1,elasticnet,46,-0.0006188501961226223,-5.4455212572138094e-05
2014-06-11,1,elasticnet,46,-0.002355129691003377,-5.4455212572138094e-05
2014-06-12,1,elasticnet,46,0.0,-5.4455212572138094e-05
2014-06-13,1,elasticnet,46,-0.001366035605159688,-5.4455212572138094e-05
2014-06-16,1,elasticnet,46,0.001986344538889462,-5.4455212572138094e-05
2014-06-17,1,elasticnet,46,-0.000620308933729774,-5.4455212572138094e-05
2014-06-18,1,elasticnet,46,-0.003231823819782598,-5.4455212572138094e-05
2014-06-19,1,elasticnet,46,0.000622316281208235,-5.4455212572138094e-05
2014-06-20,1,elasticnet,46,-0.001245020081141135,-5.4455212572138094e-05
2014-06-23,1,elasticnet,46,0.0007471980422355529,-5.4455212572138094e-05
2014-06-24,1,elasticnet,46,-0.001370289843814376,-5.4455212572138094e-05
2014-06-25,1,elasticnet,46,0.0,-5.4455212572138094e-05
2014-06-26,1,elasticnet,46,-0.002496256912817962,-5.4455212572138094e-05
2014-06-27,1,elasticnet,46,-0.003003756951827974,-5.4455212572138094e-05
2014-06-30,1,elasticnet,46,0.0003759634106561549,-5.4455212572138094e-05
2014-07-01,1,elasticnet,46,0.001877699744282424,-5.4455212572138094e-05
2014-07-02,1,elasticnet,46,0.003121685746633851,-5.4455212572138094e-05
2014-07-03,1,elasticnet,46,0.0007477567646523298,-5.4455212572138094e-05
2014-07-04,1,elasticnet,46,-0.0006230918015788234,-5.4455212572138094e-05
2014-07-07,1,elasticnet,46,-0.0004987531275455481,-5.4455212572138094e-05
2014-07-08,1,elasticnet,46,-0.002372480353630912,-5.4455212572138094e-05
2014-07-09,1,elasticnet,46,0.001748688929248843,-5.4455212572138094e-05
2014-07-10,1,elasticnet,46,0.0007485030289577921,-5.4455212572138094e-05
2014-07-11,1,elasticnet,46,0.0,-5.4455212572138094e-05
2014-07-14,1,elasticnet,46,0.002490971520932028,-5.4455212572138094e-05
2014-07-15,1,elasticnet,46,0.002112458070437917,-5.4455212572138094e-05
2014-07-16,1,elasticnet,46,-0.0007450639857893293,-5.4455212572138094e-05
2014-07-17,1,elasticnet,46,0.0002484163470732881,-5.4455212572138094e-05
2014-07-18,1,elasticnet,46,0.0004966476387160412,-5.4455212572138094e-05
2014-07-21,1,elasticnet,46,0.002727161724959792,-5.4455212572138094e-05
2014-07-22,1,elasticnet,46,0.0004950495150604084,-5.4455212572138094e-05
2014-07-23,1,elasticnet,46,0.0006184674574036819,-5.4455212572138094e-05
2014-07-24,1,elasticnet,46,0.001976529364903001,-5.4455212572138094e-05
2014-07-25,1,elasticnet,46,0.0,-5.4455212572138094e-05
2014-07-28,1,elasticnet,46,0.002218935821685086,-5.4455212572138094e-05
2014-07-29,1,elasticnet,46,0.002705363184721143,-5.4455212572138094e-05
2014-07-30,1,elasticnet,46,0.0003683467412258778,-5.4455212572138094e-05
2014-07-31,1,elasticnet,46,-0.001966085666500916,-5.4455212572138094e-05
2014-08-01,1,elasticnet,46,0.0003689356249187981,-5.4455212572138094e-05
2014-08-04,1,elasticnet,46,0.0,-5.4455212572138094e-05
2014-08-05,1,elasticnet,46,0.001351600623528348,-5.4455212572138094e-05
2014-08-06,1,elasticnet,46,0.0009818361122571062,-5.4455212572138094e-05
2014-08-07,1,elasticnet,46,-0.0008590538664154934,-5.4455212572138094e-05
2014-08-08,1,elasticnet,46,0.000245519274496786,-5.4455212572138094e-05
2014-08-11,1,elasticnet,46,0.0003681659242662505,-5.4455212572138094e-05
2014-08-12,1,elasticnet,46,0.001226241723244037,-5.4455212572138094e-05
2014-08-13,1,elasticnet,46,-0.0001225565293516695,-5.4455212572138094e-05
2014-08-14,1,elasticnet,46,-0.00208576236587632,-5.4455212572138094e-05
2014-08-15,1,elasticnet,46,0.001963190814579185,-5.4455212572138094e-05
2014-08-18,1,elasticnet,46,0.003670626903676144,-5.4455212572138094e-05
2014-08-19,1,elasticnet,46,0.004265438189715809,-5.4455212572138094e-05
2014-08-20,1,elasticnet,46,-0.0009733544995267351,-5.4455212572138094e-05
2014-08-21,1,elasticnet,46,0.002310171858481702,-5.4455212572138094e-05
2014-08-22,1,elasticnet,46,0.002547154024377996,-5.4455212572138094e-05
2014-08-25,1,elasticnet,46,0.001210653900896475,-5.4455212572138094e-05
2014-08-26,1,elasticnet,46,-0.00266537594189753,-5.4455212572138094e-05
2014-08-27,1,elasticnet,46,0.0006063913835685497,-5.4455212572138094e-05
2014-08-28,1,elasticnet,46,0.003268174548467506,-5.4455212572138094e-05
2014-07-04,1,elasticnet,47,-0.0006230918015788234,-5.476058180817985e-05
2014-07-07,1,elasticnet,47,-0.0004987531275455481,-5.476058180817985e-05
2014-07-08,1,elasticnet,47,-0.002372480353630912,-5.476058180817985e-05
2014-07-09,1,elasticnet,47,0.001748688929248843,-5.476058180817985e-05
2014-07-10,1,elasticnet,47,0.0007485030289577921,-5.476058180817985e-05
2014-07-11,1,elasticnet,47,0.0,-5.476058180817985e-05
2014-07-14,1,elasticnet,47,0.002490971520932028,-5.476058180817985e-05
2014-07-15,1,elasticnet,47,0.002112458070437917,-5.476058180817985e-05
2014-07-16,1,elasticnet,47,-0.0007450639857893293,-5.476058180817985e-05
2014-07-17,1,elasticnet,47,0.0002484163470732881,-5.476058180817985e-05
2014-07-18,1,elasticnet,47,0.0004966476387160412,-5.476058180817985e-05
2014-07-21,1,elasticnet,47,0.002727161724959792,-5.476058180817985e-05
2014-07-22,1,elasticnet,47,0.0004950495150604084,-5.476058180817985e-05
2014-07-23,1,elasticnet,47,0.0006184674574036819,-5.476058180817985e-05
2014-07-24,1,elasticnet,47,0.001976529364903001,-5.476058180817985e-05
2014-07-25,1,elasticnet,47,0.0,-5.476058180817985e-05
2014-07-28,1,elasticnet,47,0.002218935821685086,-5.476058180817985e-05
2014-07-29,1,elasticnet,47,0.002705363184721143,-5.476058180817985e-05
2014-07-30,1,elasticnet,47,0.0003683467412258778,-5.476058180817985e-05
2014-07-31,1,elasticnet,47,-0.001966085666500916,-5.476058180817985e-05
2014-08-01,1,elasticnet,47,0.0003689356249187981,-5.476058180817985e-05
2014-08-04,1,elasticnet,47,0.0,-5.476058180817985e-05
2014-08-05,1,elasticnet,47,0.001351600623528348,-5.476058180817985e-05
2014-08-06,1,elasticnet,47,0.0009818361122571062,-5.476058180817985e-05
2014-08-07,1,elasticnet,47,-0.0008590538664154934,-5.476058180817985e-05
2014-08-08,1,elasticnet,47,0.000245519274496786,-5.476058180817985e-05
2014-08-11,1,elasticnet,47,0.0003681659242662505,-5.476058180817985e-05
2014-08-12,1,elasticnet,47,0.001226241723244037,-5.476058180817985e-05
2014-08-13,1,elasticnet,47,-0.0001225565293516695,-5.476058180817985e-05
2014-08-14,1,elasticnet,47,-0.00208576236587632,-5.476058180817985e-05
2014-08-15,1,elasticnet,47,0.001963190814579185,-5.476058180817985e-05
2014-08-18,1,elasticnet,47,0.003670626903676144,-5.476058180817985e-05
2014-08-19,1,elasticnet,47,0.004265438189715809,-5.476058180817985e-05
2014-08-20,1,elasticnet,47,-0.0009733544995267351,-5.476058180817985e-05
2014-08-21,1,elasticnet,47,0.002310171858481702,-5.476058180817985e-05
2014-08-22,1,elasticnet,47,0.002547154024377996,-5.476058180817985e-05
2014-08-25,1,elasticnet,47,0.001210653900896475,-5.476058180817985e-05
2014-08-26,1,elasticnet,47,-0.00266537594189753,-5.476058180817985e-05
2014-08-27,1,elasticnet,47,0.0006063913835685497,-5.476058180817985e-05
2014-08-28,1,elasticnet,47,0.003268174548467506,-5.476058180817985e-05
2014-08-29,1,elasticnet,47,0.0,-5.476058180817985e-05
2014-09-01,1,elasticnet,47,0.002896104353184548,-5.476058180817985e-05
2014-09-02,1,elasticnet,47,-0.001567681961100575,-5.476058180817985e-05
2014-09-03,1,elasticnet,47,0.01151920584766941,-5.476058180817985e-05
2014-09-04,1,elasticnet,47,-0.0009548819059279623,-5.476058180817985e-05
2014-09-05,1,elasticnet,47,0.005834391736274647,-5.476058180817985e-05
2014-09-08,1,elasticnet,47,0.0005934366087165799,-5.476058180817985e-05
2014-09-09,1,elasticnet,47,0.0,-5.476058180817985e-05
2014-09-10,1,elasticnet,47,0.00023727607182078,-5.476058180817985e-05
2014-09-11,1,elasticnet,47,-0.0007119971820896964,-5.476058180817985e-05
2014-09-12,1,elasticnet,47,0.0002373887251509998,-5.476058180817985e-05
2014-09-15,1,elasticnet,47,-0.002257471403665612,-5.476058180817985e-05
2014-09-16,1,elasticnet,47,0.00320646317120854,-5.476058180817985e-05
2014-09-17,1,elasticnet,47,-0.0002371635253615167,-5.476058180817985e-05
2014-09-18,1,elasticnet,47,0.00485064541732072,-5.476058180817985e-05
2014-09-19,1,elasticnet,47,0.0002360160501870823,-5.476058180817985e-05
2014-09-22,1,elasticnet,47,-0.001062511167781999,-5.476058180817985e-05
2014-09-23,1,elasticnet,47,0.004478498940914122,-5.476058180817985e-05
2014-09-24,1,elasticnet,47,0.001762322021057194,-5.476058180817985e-05
2014-09-25,1,elasticnet,47,0.005268407666732422,-5.476058180817985e-05
2014-08-01,1,elasticnet,48,0.0003689356249187981,-4.835073178667845e-05
2014-08-04,1,elasticnet,48,0.0,-4.835073178667845e-05
2014-08-05,1,elasticnet,48,0.001351600623528348,-4.835073178667845e-05
2014-08-06,1,elasticnet,48,0.0009818361122571062,-4.835073178667845e-05
2014-08-07,1,elasticnet,48,-0.0008590538664154934,-4.835073178667845e-05
2014-08-08,1,elasticnet,48,0.000245519274496786,-4.835073178667845e-05
2014-08-11,1,elasticnet,48,0.0003681659242662505,-4.835073178667845e-05
2014-08-12,1,elasticnet,48,0.001226241723244037,-4.835073178667845e-05
2014-08-13,1,elasticnet,48,-0.0001225565293516695,-4.835073178667845e-05
2014-08-14,1,elasticnet,48,-0.00208576236587632,-4.835073178667845e-05
2014-08-15,1,elasticnet,48,0.001963190814579185,-4.835073178667845e-05
2014-08-18,1,elasticnet,48,0.003670626903676144,-4.835073178667845e-05
2014-08-19,1,elasticnet,48,0.004265438189715809,-4.835073178667845e-05
2014-08-20,1,elasticnet,48,-0.0009733544995267351,-4.835073178667845e-05
2014-08-21,1,elasticnet,48,0.002310171858481702,-4.835073178667845e-05
2014-08-22,1,elasticnet,48,0.002547154024377996,-4.835073178667845e-05
2014-08-25,1,elasticnet,48,0.001210653900896475,-4.835073178667845e-05
2014-08-26,1,elasticnet,48,-0.00266537594189753,-4.835073178667845e-05
2014-08-27,1,elasticnet,48,0.0006063913835685497,-4.835073178667845e-05
2014-08-28,1,elasticnet,48,0.003268174548467506,-4.835073178667845e-05
2014-08-29,1,elasticnet,48,0.0,-4.835073178667845e-05
2014-09-01,1,elasticnet,48,0.002896104353184548,-4.835073178667845e-05
2014-09-02,1,elasticnet,48,-0.001567681961100575,-4.835073178667845e-05
2014-09-03,1,elasticnet,48,0.01151920584766941,-4.835073178667845e-05
2014-09-04,1,elasticnet,48,-0.0009548819059279623,-4.835073178667845e-05
2014-09-05,1,elasticnet,48,0.005834391736274647,-4.835073178667845e-05
2014-09-08,1,elasticnet,48,0.0005934366087165799,-4.835073178667845e-05
2014-09-09,1,elasticnet,48,0.0,-4.835073178667845e-05
2014-09-10,1,elasticnet,48,0.00023727607182078,-4.835073178667845e-05
2014-09-11,1,elasticnet,48,-0.0007119971820896964,-4.835073178667845e-05
2014-09-12,1,elasticnet,48,0.0002373887251509998,-4.835073178667845e-05
2014-09-15,1,elasticnet,48,-0.002257471403665612,-4.835073178667845e-05
2014-09-16,1,elasticnet,48,0.00320646317120854,-4.835073178667845e-05
2014-09-17,1,elasticnet,48,-0.0002371635253615167,-4.835073178667845e-05
2014-09-18,1,elasticnet,48,0.00485064541732072,-4.835073178667845e-05
2014-09-19,1,elasticnet,48,0.0002360160501870823,-4.835073178667845e-05
2014-09-22,1,elasticnet,48,-0.001062511167781999,-4.835073178667845e-05
2014-09-23,1,elasticnet,48,0.004478498940914122,-4.835073178667845e-05
2014-09-24,1,elasticnet,48,0.001762322021057194,-4.835073178667845e-05
2014-09-25,1,elasticnet,48,0.005268407666732422,-4.835073178667845e-05
2014-09-26,1,elasticnet,48,-0.00058400982796325,-4.835073178667845e-05
2014-09-29,1,elasticnet,48,0.004080924453330859,-4.835073178667845e-05
2014-09-30,1,elasticnet,48,0.0003490198395033062,-4.835073178667845e-05
2014-10-01,1,elasticnet,48,-0.004313115038656612,-4.835073178667845e-05
2014-10-02,1,elasticnet,48,0.01265325373285275,-4.835073178667845e-05
2014-10-03,1,elasticnet,48,-0.008805525555416693,-4.835073178667845e-05
2014-10-06,1,elasticnet,48,-0.003030305349179585,-4.835073178667845e-05
2014-10-07,1,elasticnet,48,-0.004328251478319167,-4.835073178667845e-05
2014-10-08,1,elasticnet,48,0.002575812219156148,-4.835073178667845e-05
2014-10-09,1,elasticnet,48,0.004549969933175468,-4.835073178667845e-05
2014-10-10,1,elasticnet,48,-0.004433045057274931,-4.835073178667845e-05
2014-10-13,1,elasticnet,48,0.003384887970688588,-4.835073178667845e-05
2014-10-14,1,elasticnet,48,-0.007837672454681588,-4.835073178667845e-05
2014-10-15,1,elasticnet,48,-0.002351558990755898,-4.835073178667845e-05
2014-10-16,1,elasticnet,48,0.001881689370928363,-4.835073178667845e-05
2014-10-17,1,elasticnet,48,-0.001881689370928363,-4.835073178667845e-05
2014-10-20,1,elasticnet,48,0.004111606379692212,-4.835073178667845e-05
2014-10-21,1,elasticnet,48,0.005145006672197638,-4.835073178667845e-05
2014-10-22,1,elasticnet,48,0.001165637152611865,-4.835073178667845e-05
2014-10-23,1,elasticnet,48,-0.001282275631778518,-4.835073178667845e-05
2014-08-29,1,elasticnet,49,0.0,-3.979797383294427e-05
2014-09-01,1,elasticnet,49,0.002896104353184548,-3.979797383294427e-05
2014-09-02,1,elasticnet,49,-0.001567681961100575,-3.979797383294427e-05
2014-09-03,1,elasticnet,49,0.01151920584766941,-3.979797383294427e-05
2014-09-04,1,elasticnet,49,-0.0009548819059279623,-3.979797383294427e-05
2014-09-05,1,elasticnet,49,0.005834391736274647,-3.979797383294427e-05
2014-09-08,1,elasticnet,49,0.0005934366087165799,-3.979797383294427e-05
2014-09-09,1,elasticnet,49,0.0,-3.979797383294427e-05
2014-09-10,1,elasticnet,49,0.00023727607182078,-3.979797383294427e-05
2014-09-11,1,elasticnet,49,-0.0007119971820896964,-3.979797383294427e-05
2014-09-12,1,elasticnet,49,0.0002373887251509998,-3.979797383294427e-05
2014-09-15,1,elasticnet,49,-0.002257471403665612,-3.979797383294427e-05
2014-09-16,1,elasticnet,49,0.00320646317120854,-3.979797383294427e-05
2014-09-17,1,elasticnet,49,-0.0002371635253615167,-3.979797383294427e-05
2014-09-18,1,elasticnet,49,0.00485064541732072,-3.979797383294427e-05
2014-09-19,1,elasticnet,49,0.0002360160501870823,-3.979797383294427e-05
2014-09-22,1,elasticnet,49,-0.001062511167781999,-3.979797383294427e-05
2014-09-23,1,elasticnet,49,0.004478498940914122,-3.979797383294427e-05
2014-09-24,1,elasticnet,49,0.001762322021057194,-3.979797383294427e-05
2014-09-25,1,elasticnet,49,0.005268407666732422,-3.979797383294427e-05
2014-09-26,1,elasticnet,49,-0.00058400982796325,-3.979797383294427e-05
2014-09-29,1,elasticnet,49,0.004080924453330859,-3.979797383294427e-05
2014-09-30,1,elasticnet,49,0.0003490198395033062,-3.979797383294427e-05
2014-10-01,1,elasticnet,49,-0.004313115038656612,-3.979797383294427e-05
2014-10-02,1,elasticnet,49,0.01265325373285275,-3.979797383294427e-05
2014-10-03,1,elasticnet,49,-0.008805525555416693,-3.979797383294427e-05
2014-10-06,1,elasticnet,49,-0.003030305349179585,-3.979797383294427e-05
2014-10-07,1,elasticnet,49,-0.004328251478319167,-3.979797383294427e-05
2014-10-08,1,elasticnet,49,0.002575812219156148,-3.979797383294427e-05
2014-10-09,1,elasticnet,49,0.004549969933175468,-3.979797383294427e-05
2014-10-10,1,elasticnet,49,-0.004433045057274931,-3.979797383294427e-05
2014-10-13,1,elasticnet,49,0.003384887970688588,-3.979797383294427e-05
2014-10-14,1,elasticnet,49,-0.007837672454681588,-3.979797383294427e-05
2014-10-15,1,elasticnet,49,-0.002351558990755898,-3.979797383294427e-05
2014-10-16,1,elasticnet,49,0.001881689370928363,-3.979797383294427e-05
2014-10-17,1,elasticnet,49,-0.001881689370928363,-3.979797383294427e-05
2014-10-20,1,elasticnet,49,0.004111606379692212,-3.979797383294427e-05
2014-10-21,1,elasticnet,49,0.005145006672197638,-3.979797383294427e-05
2014-10-22,1,elasticnet,49,0.001165637152611865,-3.979797383294427e-05
2014-10-23,1,elasticnet,49,-0.001282275631778518,-3.979797383294427e-05
2014-10-24,1,elasticnet,49,-0.002686446747949489,-3.979797383294427e-05
2014-10-27,1,elasticnet,49,-0.001053185984659422,-3.979797383294427e-05
2014-10-28,1,elasticnet,49,0.006302541870803147,-3.979797383294427e-05
2014-10-29,1,elasticnet,49,0.002324231145079736,-3.979797383294427e-05
2014-10-30,1,elasticnet,49,0.008898192414291017,-3.979797383294427e-05
2014-10-31,1,elasticnet,49,0.004476848434486591,-3.979797383294427e-05
2014-11-03,1,elasticnet,49,-0.003786796653223234,-3.979797383294427e-05
2014-11-04,1,elasticnet,49,0.00527463669879058,-3.979797383294427e-05
2014-11-05,1,elasticnet,49,0.006497600517437085,-3.979797383294427e-05
2014-11-06,1,elasticnet,49,-0.004212929658454989,-3.979797383294427e-05
2014-11-07,1,elasticnet,49,0.001937874644639237,-3.979797383294427e-05
2014-11-10,1,elasticnet,49,-0.003193797627558226,-3.979797383294427e-05
2014-11-11,1,elasticnet,49,0.003307673389224774,-3.979797383294427e-05
2014-11-12,1,elasticnet,49,-0.001709499533077086,-3.979797383294427e-05
2014-11-13,1,elasticnet,49,-0.001598173856147689,-3.979797383294427e-05
2014-11-14,1,elasticnet,49,0.004559451646564128,-3.979797383294427e-05
2014-11-17,1,elasticnet,49,-0.003988382017658054,-3.979797383294427e-05
2014-11-18,1,elasticnet,49,0.0007989499939906608,-3.979797383294427e-05
2014-11-19,1,elasticnet,49,-0.0006847751922451906,-3.979797383294427e-05
2014-11-20,1,elasticnet,49,0.008186515305713016,-3.979797383294427e-05
2014-09-26,1,elasticnet,50,-0.00058400982796325,-2.3832333405231308e-05
2014-09-29,1,elasticnet,50,0.004080924453330859,-2.3832333405231308e-05
2014-09-30,1,elasticnet,50,0.0003490198395033062,-2.3832333405231308e-05
2014-10-01,1,elasticnet,50,-0.004313115038656612,-2.3832333405231308e-05
2014-10-02,1,elasticnet,50,0.01265325373285275,-2.3832333405231308e-05
2014-10-03,1,elasticnet,50,-0.008805525555416693,-2.3832333405231308e-05
2014-10-06,1,elasticnet,50,-0.003030305349179585,-2.3832333405231308e-05
2014-10-07,1,elasticnet,50,-0.004328251478319167,-2.3832333405231308e-05
2014-10-08,1,elasticnet,50,0.002575812219156148,-2.3832333405231308e-05
2014-10-09,1,elasticnet,50,0.004549969933175468,-2.3832333405231308e-05
2014-10-10,1,elasticnet,50,-0.004433045057274931,-2.3832333405231308e-05
2014-10-13,1,elasticnet,50,0.003384887970688588,-2.3832333405231308e-05
2014-10-14,1,elasticnet,50,-0.007837672454681588,-2.3832333405231308e-05
2014-10-15,1,elasticnet,50,-0.002351558990755898,-2.3832333405231308e-05
2014-10-16,1,elasticnet,50,0.001881689370928363,-2.3832333405231308e-05
2014-10-17,1,elasticnet,50,-0.001881689370928363,-2.3832333405231308e-05
2014-10-20,1,elasticnet,50,0.004111606379692212,-2.3832333405231308e-05
2014-10-21,1,elasticnet,50,0.005145006672197638,-2.3832333405231308e-05
2014-10-22,1,elasticnet,50,0.001165637152611865,-2.3832333405231308e-05
2014-10-23,1,elasticnet,50,-0.001282275631778518,-2.3832333405231308e-05
2014-10-24,1,elasticnet,50,-0.002686446747949489,-2.3832333405231308e-05
2014-10-27,1,elasticnet,50,-0.001053185984659422,-2.3832333405231308e-05
2014-10-28,1,elasticnet,50,0.006302541870803147,-2.3832333405231308e-05
2014-10-29,1,elasticnet,50,0.002324231145079736,-2.3832333405231308e-05
2014-10-30,1,elasticnet,50,0.008898192414291017,-2.3832333405231308e-05
2014-10-31,1,elasticnet,50,0.004476848434486591,-2.3832333405231308e-05
2014-11-03,1,elasticnet,50,-0.003786796653223234,-2.3832333405231308e-05
2014-11-04,1,elasticnet,50,0.00527463669879058,-2.3832333405231308e-05
2014-11-05,1,elasticnet,50,0.006497600517437085,-2.3832333405231308e-05
2014-11-06,1,elasticnet,50,-0.004212929658454989,-2.3832333405231308e-05
2014-11-07,1,elasticnet,50,0.001937874644639237,-2.3832333405231308e-05
2014-11-10,1,elasticnet,50,-0.003193797627558226,-2.3832333405231308e-05
2014-11-11,1,elasticnet,50,0.003307673389224774,-2.3832333405231308e-05
2014-11-12,1,elasticnet,50,-0.001709499533077086,-2.3832333405231308e-05
2014-11-13,1,elasticnet,50,-0.001598173856147689,-2.3832333405231308e-05
2014-11-14,1,elasticnet,50,0.004559451646564128,-2.3832333405231308e-05
2014-11-17,1,elasticnet,50,-0.003988382017658054,-2.3832333405231308e-05
2014-11-18,1,elasticnet,50,0.0007989499939906608,-2.3832333405231308e-05
2014-11-19,1,elasticnet,50,-0.0006847751922451906,-2.3832333405231308e-05
2014-11-20,1,elasticnet,50,0.008186515305713016,-2.3832333405231308e-05
2014-11-21,1,elasticnet,50,-0.001813442636831475,-2.3832333405231308e-05
2014-11-24,1,elasticnet,50,-0.002612598748513939,-2.3832333405231308e-05
2014-11-25,1,elasticnet,50,-0.003532163417093059,-2.3832333405231308e-05
2014-11-26,1,elasticnet,50,0.0,-2.3832333405231308e-05
2014-11-27,1,elasticnet,50,0.008524231873644261,-2.3832333405231308e-05
2014-11-28,1,elasticnet,50,-0.004650907368349166,-2.3832333405231308e-05
2014-12-01,1,elasticnet,50,0.007927561336649624,-2.3832333405231308e-05
2014-12-02,1,elasticnet,50,0.003490797982054872,-2.3832333405231308e-05
2014-12-03,1,elasticnet,50,-0.002926941186737864,-2.3832333405231308e-05
2014-12-04,1,elasticnet,50,0.007077488398213205,-2.3832333405231308e-05
2014-12-05,1,elasticnet,50,-0.003251670746458046,-2.3832333405231308e-05
2014-12-08,1,elasticnet,50,-0.003938563578928189,-2.3832333405231308e-05
2014-12-09,1,elasticnet,50,-0.004746844356219526,-2.3832333405231308e-05
2014-12-10,1,elasticnet,50,0.004408530284766066,-2.3832333405231308e-05
2014-12-11,1,elasticnet,50,-0.003389450764990976,-2.3832333405231308e-05
2014-12-12,1,elasticnet,50,0.001131093888264267,-2.3832333405231308e-05
2014-12-15,1,elasticnet,50,-0.003850950506038231,-2.3832333405231308e-05
2014-12-16,1,elasticnet,50,0.01139645620848295,-2.3832333405231308e-05
2014-12-17,1,elasticnet,50,0.001121327769434188,-2.3832333405231308e-05
2014-12-18,1,elasticnet,50,0.004138014068824525,-2.3832333405231308e-05
2014-10-24,1,elasticnet,51,-0.002686446747949489,-0.0005015930174352999
2014-10-27,1,elasticnet,51,-0.001053185984659422,-0.0005015504606988121
2014-10-28,1,elasticnet,51,0.006302541870803147,-0.00050054733762446
2014-10-29,1,elasticnet,51,0.002324231145079736,-0.0005010093821920405
2014-10-30,1,elasticnet,51,0.008898192414291017,-0.0005006263715636514
2014-10-31,1,elasticnet,51,0.004476848434486591,-0.0005003284744082377
2014-11-03,1,elasticnet,51,-0.003786796653223234,-0.0005514086564487607
2014-11-04,1,elasticnet,51,0.00527463669879058,-0.000551505928989304
2014-11-05,1,elasticnet,51,0.006497600517437085,-0.0005510682025568594
2014-11-06,1,elasticnet,51,-0.004212929658454989,-0.0005507642258676617
2014-11-07,1,elasticnet,51,0.001937874644639237,-0.0005504298515095444
2014-11-10,1,elasticnet,51,-0.003193797627558226,-0.0005501562724892665
2014-11-11,1,elasticnet,51,0.003307673389224774,-0.0005503082608338654
2014-11-12,1,elasticnet,51,-0.001709499533077086,-0.0005503690561717049
2014-11-13,1,elasticnet,51,-0.001598173856147689,-0.0005508371802730691
2014-11-14,1,elasticnet,51,0.004559451646564128,-0.0005505453626514394
2014-11-17,1,elasticnet,51,-0.003988382017658054,-0.0005509587709487482
2014-11-18,1,elasticnet,51,0.0007989499939906608,-0.0005508797370095569
2014-11-19,1,elasticnet,51,-0.0006847751922451906,-0.0005509405323473964
2014-11-20,1,elasticnet,51,0.008186515305713016,-0.0005507095100636062
2014-11-21,1,elasticnet,51,-0.001813442636831475,-0.0005502961017662975
2014-11-24,1,elasticnet,51,-0.002612598748513939,-0.0005501258748203467
2014-11-25,1,elasticnet,51,-0.003532163417093059,-0.0005499009320703405
2014-11-26,1,elasticnet,51,0.0,-0.0005497915004622294
2014-11-27,1,elasticnet,51,0.008524231873644261,-0.0005497915004622294
2014-11-28,1,elasticnet,51,-0.004650907368349166,-0.0005505575217190073
2014-12-01,1,elasticnet,51,0.007927561336649624,-0.0006556935043882503
2014-12-02,1,elasticnet,51,0.003490797982054872,-0.0006548180515233611
2014-12-03,1,elasticnet,51,-0.002926941186737864,-0.0006545870292395709
2014-12-04,1,elasticnet,51,0.007077488398213205,-0.0006545323134355154
2014-12-05,1,elasticnet,51,-0.003251670746458046,-0.000654191859543614
2014-12-08,1,elasticnet,51,-0.003938563578928189,-0.0006556448681179786
2014-12-09,1,elasticnet,51,-0.004746844356219526,-0.0006560582764152874
2014-12-10,1,elasticnet,51,0.004408530284766066,-0.0006582712267126461
2014-12-11,1,elasticnet,51,-0.003389450764990976,-0.0006592135544491588
2014-12-12,1,elasticnet,51,0.001131093888264267,-0.000659821507827554
2014-12-15,1,elasticnet,51,-0.003850950506038231,-0.0006594202585978132
2014-12-16,1,elasticnet,51,0.01139645620848295,-0.0006613353117397581
2014-12-17,1,elasticnet,51,0.001121327769434188,-0.0006588244642869858
2014-12-18,1,elasticnet,51,0.004138014068824525,-0.0006572255469018063
2014-12-19,1,elasticnet,51,0.00189552378771296,-0.0006570310018207198
2014-12-22,1,elasticnet,51,0.003225271104827954,-0.0006562771396315097
2014-12-23,1,elasticnet,51,-0.000999833444398135,-0.0006560035606112319
2014-12-24,1,elasticnet,51,0.0,-0.0006557421406585219
2014-12-25,1,elasticnet,51,0.0006666666913579533,-0.0006557421406585219
2014-12-26,1,elasticnet,51,0.001775608057231537,-0.0006558211745977132
2014-12-29,1,elasticnet,51,-0.002220003131759185,-0.0006561616284896146
2014-12-30,1,elasticnet,51,0.003106626264205659,-0.0006566844683950345
2014-12-31,1,elasticnet,51,0.0,-0.0006586785554761709
2015-01-01,1,elasticnet,51,0.008933061885475269,-0.0007625386232862803
2015-01-02,1,elasticnet,51,0.003288394939587214,-0.000761681409022743
2015-01-05,1,elasticnet,51,0.00131233614635029,-0.0007629763497187249
2015-01-06,1,elasticnet,51,0.004253237231317542,-0.0007637058937727992
2015-01-07,1,elasticnet,51,0.005210041091725515,-0.0007626054981579038
2015-01-08,1,elasticnet,51,-0.004666060226437452,-0.0007612072053875947
2015-01-09,1,elasticnet,51,0.0004349717336964432,-0.0007615355002119281
2015-01-12,1,elasticnet,51,0.003581315890282433,-0.0007627818046376383
2015-01-13,1,elasticnet,51,-0.001626281054479151,-0.0007633654398808978
2015-01-14,1,elasticnet,51,0.002059509697667217,-0.0007639247569890214
2015-01-15,1,elasticnet,51,0.00183913071798969,-0.0007644779945633611
2014-11-21,1,elasticnet,52,-0.001813442636831475,-0.00046017104550884967
2014-11-24,1,elasticnet,52,-0.002612598748513939,-0.00045999780522163304
2014-11-25,1,elasticnet,52,-0.003532163417093059,-0.00045976888055638263
2014-11-26,1,elasticnet,52,0.0,-0.0004596575118003148
2014-11-27,1,elasticnet,52,0.008524231873644261,-0.0004596575118003148
2014-11-28,1,elasticnet,52,-0.004650907368349166,-0.0004604370930927894
2014-12-01,1,elasticnet,52,0.007927561336649624,-0.0005689352764002307
2014-12-02,1,elasticnet,52,0.003490797982054872,-0.0005680443263516883
2014-12-03,1,elasticnet,52,-0.002926941186737864,-0.000567809214533323
2014-12-04,1,elasticnet,52,0.007077488398213205,-0.0005677535301552891
2014-12-05,1,elasticnet,52,-0.003251670746458046,-0.0005674070495808559
2014-12-08,1,elasticnet,52,-0.003938563578928189,-0.0005688857791753117
2014-12-09,1,elasticnet,52,-0.004746844356219526,-0.0005693065055871235
2014-12-10,1,elasticnet,52,0.004408530284766066,-0.0005715586293209391
2014-12-11,1,elasticnet,52,-0.003389450764990976,-0.0005725176380537451
2014-12-12,1,elasticnet,52,0.001131093888264267,-0.0005731363533652329
2014-12-15,1,elasticnet,52,-0.003850950506038231,-0.000572728001259651
2014-12-16,1,elasticnet,52,0.01139645620848295,-0.0005746769544908376
2014-12-17,1,elasticnet,52,0.001121327769434188,-0.0005721216602543929
2014-12-18,1,elasticnet,52,0.004138014068824525,-0.00057049443898518
2014-12-19,1,elasticnet,52,0.00189552378771296,-0.0005702964500855039
2014-12-22,1,elasticnet,52,0.003225271104827954,-0.0005695292430992591
2014-12-23,1,elasticnet,52,-0.000999833444398135,-0.0005692508212090895
2014-12-24,1,elasticnet,52,0.0,-0.0005689847736251498
2014-12-25,1,elasticnet,52,0.0006666666913579533,-0.0005689847736251498
2014-12-26,1,elasticnet,52,0.001775608057231537,-0.0005690652066156432
2014-12-29,1,elasticnet,52,-0.002220003131759185,-0.0005694116871900764
2014-12-30,1,elasticnet,52,0.003106626264205659,-0.0005699437823579558
2014-12-31,1,elasticnet,52,0.0,-0.0005719731685796359
2015-01-01,1,elasticnet,52,0.008933061885475269,-0.000676128135574296
2015-01-02,1,elasticnet,52,0.003288394939587214,-0.0006752557469850983
2015-01-05,1,elasticnet,52,0.00131233614635029,-0.0006765736105985672
2015-01-06,1,elasticnet,52,0.004253237231317542,-0.0006773160689723526
2015-01-07,1,elasticnet,52,0.005210041091725515,-0.0006761961942585598
2015-01-08,1,elasticnet,52,-0.004666060226437452,-0.0006747731490421377
2015-01-09,1,elasticnet,52,0.0004349717336964432,-0.0006751072553103412
2015-01-12,1,elasticnet,52,0.003581315890282433,-0.0006763756216988912
2015-01-13,1,elasticnet,52,-0.001626281054479151,-0.0006769695883979195
2015-01-14,1,elasticnet,52,0.002059509697667217,-0.0006775388064844882
2015-01-15,1,elasticnet,52,0.00183913071798969,-0.0006781018374179421
2015-01-16,1,elasticnet,52,0.0,-0.0006772108873693997
2015-01-19,1,elasticnet,52,0.005712145725021323,-0.0006772108873693997
2015-01-20,1,elasticnet,52,-0.001613337268466353,-0.0006765550491392227
2015-01-21,1,elasticnet,52,0.01262183833052344,-0.0006759115852152753
2015-01-22,1,elasticnet,52,0.007201895140267922,-0.0006743957327021302
2015-01-23,1,elasticnet,52,0.0004220299703918684,-0.0006745565986831171
2015-01-26,1,elasticnet,52,-0.00826188366499192,-0.0006738512632280209
2015-01-27,1,elasticnet,52,0.004774798185058771,-0.0006749030792575502
2015-01-28,1,elasticnet,52,0.003276092758398796,-0.000676895342560541
2015-01-29,1,elasticnet,52,0.0002109927215343532,-0.0006758559008372414
2015-01-30,1,elasticnet,52,-0.003169574761279215,-0.0006772232616756294
2015-02-02,1,elasticnet,52,-0.009569451016150587,-0.0008324416579891911
2015-02-03,1,elasticnet,52,0.004158010148663571,-0.0008311423558350667
2015-02-04,1,elasticnet,52,-0.004478574344388697,-0.0008317610711465546
2015-02-05,1,elasticnet,52,0.02407465020383182,-0.0008308453724855526
2015-02-06,1,elasticnet,52,-0.0147138755441345,-0.0008311176072226072
2015-02-09,1,elasticnet,52,0.003276785343065747,-0.0008318971885150819
2015-02-10,1,elasticnet,52,0.002318963830391318,-0.0008310804843039179
2015-02-11,1,elasticnet,52,-0.009414572102301122,-0.0008309134311698163
2015-02-12,1,elasticnet,52,0.001168410563642475,-0.000829911112365206
2014-12-19,1,elasticnet,53,0.00189552378771296,-0.0005458506528654953
2014-12-22,1,elasticnet,53,0.003225271104827954,-0.0005451786010727829
2014-12-23,1,elasticnet,53,-0.000999833444398135,-0.0005449347113092986
2014-12-24,1,elasticnet,53,0.0,-0.000544701661090858
2014-12-25,1,elasticnet,53,0.0006666666913579533,-0.000544701661090858
2014-12-26,1,elasticnet,53,0.001775608057231537,-0.0005447721181336424
2014-12-29,1,elasticnet,53,-0.002220003131759185,-0.0005450756253948673
2014-12-30,1,elasticnet,53,0.003106626264205659,-0.0005455417258317485
2014-12-31,1,elasticnet,53,0.0,-0.0005473194112189234
2015-01-01,1,elasticnet,53,0.008933061885475269,-0.0006508685885258148
2015-01-02,1,elasticnet,53,0.003288394939587214,-0.0006501044006002305
2015-01-05,1,elasticnet,53,0.00131233614635029,-0.0006512588121473897
2015-01-06,1,elasticnet,53,0.004253237231317542,-0.0006519091848500146
2015-01-07,1,elasticnet,53,0.005210041091725515,-0.0006509282060235554
2015-01-08,1,elasticnet,53,-0.004666060226437452,-0.0006496816583435243
2015-01-09,1,elasticnet,53,0.0004349717336964432,-0.0006499743260597055
2015-01-12,1,elasticnet,53,0.003581315890282433,-0.0006510853794266898
2015-01-13,1,elasticnet,53,-0.001626281054479151,-0.0006516056775887896
2015-01-14,1,elasticnet,53,0.002059509697667217,-0.0006521042966608021
2015-01-15,1,elasticnet,53,0.00183913071798969,-0.0006525974959602927
2015-01-16,1,elasticnet,53,0.0,-0.0006518170487171428
2015-01-19,1,elasticnet,53,0.005712145725021323,-0.0006518170487171428
2015-01-20,1,elasticnet,53,-0.001613337268466353,-0.000651242552829824
2015-01-21,1,elasticnet,53,0.01262183833052344,-0.0006506788964875491
2015-01-22,1,elasticnet,53,0.007201895140267922,-0.0006493510522196899
2015-01-23,1,elasticnet,53,0.0004220299703918684,-0.0006494919663052587
2015-01-26,1,elasticnet,53,-0.00826188366499192,-0.0006488741122377649
2015-01-27,1,elasticnet,53,0.004774798185058771,-0.0006497954735664835
2015-01-28,1,elasticnet,53,0.003276092758398796,-0.0006515406403185272
2015-01-29,1,elasticnet,53,0.0002109927215343532,-0.0006506301185348522
2015-01-30,1,elasticnet,53,-0.003169574761279215,-0.0006518278882621865
2015-02-02,1,elasticnet,53,-0.009569451016150587,-0.0008022764431849407
2015-02-03,1,elasticnet,53,0.004158010148663571,-0.000801138290955347
2015-02-04,1,elasticnet,53,-0.004478574344388697,-0.0008016802682075345
2015-02-05,1,elasticnet,53,0.02407465020383182,-0.000800878141874297
2015-02-06,1,elasticnet,53,-0.0147138755441345,-0.0008011166118652596
2015-02-09,1,elasticnet,53,0.003276785343065747,-0.0008017995032030157
2015-02-10,1,elasticnet,53,0.002318963830391318,-0.0008010840932301283
2015-02-11,1,elasticnet,53,-0.009414572102301122,-0.0008009377593720376
2015-02-12,1,elasticnet,53,0.001168410563642475,-0.0008000597562234941
2015-02-13,1,elasticnet,53,0.0,-0.0007997074710095723
2015-02-16,1,elasticnet,53,-0.001487305065415612,-0.0007997074710095723
2015-02-17,1,elasticnet,53,0.001487305065415612,-0.0008003090657595002
2015-02-18,1,elasticnet,53,0.002120891569138195,-0.0008001193737212347
2015-02-19,1,elasticnet,53,-0.0006357952953397472,-0.0008000326573608847
2015-02-20,1,elasticnet,53,0.002435023171305062,-0.0007994960998812191
2015-02-23,1,elasticnet,53,-0.0008462922328860145,-0.0007996370139667878
2015-02-24,1,elasticnet,53,-0.002967675733958508,-0.0007991654937573847
2015-02-25,1,elasticnet,53,0.01139854029952048,-0.0007992467903452129
2015-02-26,1,elasticnet,53,0.0003147788704449539,-0.0007992847287528659
2015-02-27,1,elasticnet,53,0.001467659347208716,-0.0007989758017191191
2015-03-02,1,elasticnet,53,-0.0008383987076721056,-0.0008204114716754601
2015-03-03,1,elasticnet,53,0.006166729759458534,-0.0008208558930222539
2015-03-04,1,elasticnet,53,0.004263068582649687,-0.0008210564246055632
2015-03-05,1,elasticnet,53,0.01268123597468751,-0.0008209534489276476
2015-03-06,1,elasticnet,53,-0.0002049180335044198,-0.000821582142540185
2015-03-09,1,elasticnet,53,0.01049905164261045,-0.0008215062657248788
2015-03-10,1,elasticnet,53,0.0118941025214383,-0.0008223896886459444
2015-03-11,1,elasticnet,53,-0.003613736114962407,-0.0008224872445513381
2015-03-12,1,elasticnet,53,0.008910305735065904,-0.0008217013775356663
2015-01-16,1,elasticnet,54,0.0,1.0895280767652429e-05
2015-01-19,1,elasticnet,54,0.005712145725021323,1.0895280767652429e-05
2015-01-20,1,elasticnet,54,-0.001613337268466353,1.0895280767652429e-05
2015-01-21,1,elasticnet,54,0.01262183833052344,1.0895280767652429e-05
2015-01-22,1,elasticnet,54,0.007201895140267922,1.0895280767652429e-05
2015-01-23,1,elasticnet,54,0.0004220299703918684,1.0895280767652429e-05
2015-01-26,1,elasticnet,54,-0.00826188366499192,1.0895280767652429e-05
2015-01-27,1,elasticnet,54,0.004774798185058771,1.0895280767652429e-05
2015-01-28,1,elasticnet,54,0.003276092758398796,1.0895280767652429e-05
2015-01-29,1,elasticnet,54,0.0002109927215343532,1.0895280767652429e-05
2015-01-30,1,elasticnet,54,-0.003169574761279215,1.0895280767652429e-05
2015-02-02,1,elasticnet,54,-0.009569451016150587,1.0895280767652429e-05
2015-02-03,1,elasticnet,54,0.004158010148663571,1.0895280767652429e-05
2015-02-04,1,elasticnet,54,-0.004478574344388697,1.0895280767652429e-05
2015-02-05,1,elasticnet,54,0.02407465020383182,1.0895280767652429e-05
2015-02-06,1,elasticnet,54,-0.0147138755441345,1.0895280767652429e-05
2015-02-09,1,elasticnet,54,0.003276785343065747,1.0895280767652429e-05
2015-02-10,1,elasticnet,54,0.002318963830391318,1.0895280767652429e-05
2015-02-11,1,elasticnet,54,-0.009414572102301122,1.0895280767652429e-05
2015-02-12,1,elasticnet,54,0.001168410563642475,1.0895280767652429e-05
2015-02-13,1,elasticnet,54,0.0,1.0895280767652429e-05
2015-02-16,1,elasticnet,54,-0.001487305065415612,1.0895280767652429e-05
2015-02-17,1,elasticnet,54,0.001487305065415612,1.0895280767652429e-05
2015-02-18,1,elasticnet,54,0.002120891569138195,1.0895280767652429e-05
2015-02-19,1,elasticnet,54,-0.0006357952953397472,1.0895280767652429e-05
2015-02-20,1,elasticnet,54,0.002435023171305062,1.0895280767652429e-05
2015-02-23,1,elasticnet,54,-0.0008462922328860145,1.0895280767652429e-05
2015-02-24,1,elasticnet,54,-0.002967675733958508,1.0895280767652429e-05
2015-02-25,1,elasticnet,54,0.01139854029952048,1.0895280767652429e-05
2015-02-26,1,elasticnet,54,0.0003147788704449539,1.0895280767652429e-05
2015-02-27,1,elasticnet,54,0.001467659347208716,1.0895280767652429e-05
2015-03-02,1,elasticnet,54,-0.0008383987076721056,1.0895280767652429e-05
2015-03-03,1,elasticnet,54,0.006166729759458534,1.0895280767652429e-05
2015-03-04,1,elasticnet,54,0.004263068582649687,1.0895280767652429e-05
2015-03-05,1,elasticnet,54,0.01268123597468751,1.0895280767652429e-05
2015-03-06,1,elasticnet,54,-0.0002049180335044198,1.0895280767652429e-05
2015-03-09,1,elasticnet,54,0.01049905164261045,1.0895280767652429e-05
2015-03-10,1,elasticnet,54,0.0118941025214383,1.0895280767652429e-05
2015-03-11,1,elasticnet,54,-0.003613736114962407,1.0895280767652429e-05
2015-03-12,1,elasticnet,54,0.008910305735065904,1.0895280767652429e-05
2015-03-13,1,elasticnet,54,-0.007302588346969507,1.0895280767652429e-05
2015-03-16,1,elasticnet,54,-0.0002008233765158352,1.0895280767652429e-05
2015-03-17,1,elasticnet,54,-0.01039730761530766,1.0895280767652429e-05
2015-03-18,1,elasticnet,54,0.007178636560565721,1.0895280767652429e-05
2015-03-19,1,elasticnet,54,-0.01369398079331496,1.0895280767652429e-05
2015-03-20,1,elasticnet,54,-0.009028480328771238,1.0895280767652429e-05
2015-03-23,1,elasticnet,54,0.00164761647817091,1.0895280767652429e-05
2015-03-24,1,elasticnet,54,-0.00216305383817339,1.0895280767652429e-05
2015-03-25,1,elasticnet,54,0.004732032284381127,1.0895280767652429e-05
2015-03-26,1,elasticnet,54,-0.001540594974250631,1.0895280767652429e-05
2015-03-27,1,elasticnet,54,0.006965100369214383,1.0895280767652429e-05
2015-03-30,1,elasticnet,54,0.003972907991441232,1.0895280767652429e-05
2015-03-31,1,elasticnet,54,-0.001729840166793117,1.0895280767652429e-05
2015-04-01,1,elasticnet,54,-0.007667573219611867,1.0895280767652429e-05
2015-04-02,1,elasticnet,54,-0.009175795087063676,1.0895280767652429e-05
2015-04-03,1,elasticnet,54,0.002379352490649467,1.0895280767652429e-05
2015-04-06,1,elasticnet,54,0.01079091710416513,1.0895280767652429e-05
2015-04-07,1,elasticnet,54,0.001123767804833697,1.0895280767652429e-05
2015-04-08,1,elasticnet,54,0.01237966089281795,1.0895280767652429e-05
2015-04-09,1,elasticnet,54,0.001813602512214629,1.0895280767652429e-05
2015-02-13,1,elasticnet,55,0.0,1.8624601899707196e-05
2015-02-16,1,elasticnet,55,-0.001487305065415612,1.8624601899707196e-05
2015-02-17,1,elasticnet,55,0.001487305065415612,1.8624601899707196e-05
2015-02-18,1,elasticnet,55,0.002120891569138195,1.8624601899707196e-05
2015-02-19,1,elasticnet,55,-0.0006357952953397472,1.8624601899707196e-05
2015-02-20,1,elasticnet,55,0.002435023171305062,1.8624601899707196e-05
2015-02-23,1,elasticnet,55,-0.0008462922328860145,1.8624601899707196e-05
2015-02-24,1,elasticnet,55,-0.002967675733958508,1.8624601899707196e-05
2015-02-25,1,elasticnet,55,0.01139854029952048,1.8624601899707196e-05
2015-02-26,1,elasticnet,55,0.0003147788704449539,1.8624601899707196e-05
2015-02-27,1,elasticnet,55,0.001467659347208716,1.8624601899707196e-05
2015-03-02,1,elasticnet,55,-0.0008383987076721056,1.8624601899707196e-05
2015-03-03,1,elasticnet,55,0.006166729759458534,1.8624601899707196e-05
2015-03-04,1,elasticnet,55,0.004263068582649687,1.8624601899707196e-05
2015-03-05,1,elasticnet,55,0.01268123597468751,1.8624601899707196e-05
2015-03-06,1,elasticnet,55,-0.0002049180335044198,1.8624601899707196e-05
2015-03-09,1,elasticnet,55,0.01049905164261045,1.8624601899707196e-05
2015-03-10,1,elasticnet,55,0.0118941025214383,1.8624601899707196e-05
2015-03-11,1,elasticnet,55,-0.003613736114962407,1.8624601899707196e-05
2015-03-12,1,elasticnet,55,0.008910305735065904,1.8624601899707196e-05
2015-03-13,1,elasticnet,55,-0.007302588346969507,1.8624601899707196e-05
2015-03-16,1,elasticnet,55,-0.0002008233765158352,1.8624601899707196e-05
2015-03-17,1,elasticnet,55,-0.01039730761530766,1.8624601899707196e-05
2015-03-18,1,elasticnet,55,0.007178636560565721,1.8624601899707196e-05
2015-03-19,1,elasticnet,55,-0.01369398079331496,1.8624601899707196e-05
2015-03-20,1,elasticnet,55,-0.009028480328771238,1.8624601899707196e-05
2015-03-23,1,elasticnet,55,0.00164761647817091,1.8624601899707196e-05
2015-03-24,1,elasticnet,55,-0.00216305383817339,1.8624601899707196e-05
2015-03-25,1,elasticnet,55,0.004732032284381127,1.8624601899707196e-05
2015-03-26,1,elasticnet,55,-0.001540594974250631,1.8624601899707196e-05
2015-03-27,1,elasticnet,55,0.006965100369214383,1.8624601899707196e-05
2015-03-30,1,elasticnet,55,0.003972907991441232,1.8624601899707196e-05
2015-03-31,1,elasticnet,55,-0.001729840166793117,1.8624601899707196e-05
2015-04-01,1,elasticnet,55,-0.007667573219611867,1.8624601899707196e-05
2015-04-02,1,elasticnet,55,-0.009175795087063676,1.8624601899707196e-05
2015-04-03,1,elasticnet,55,0.002379352490649467,1.8624601899707196e-05
2015-04-06,1,elasticnet,55,0.01079091710416513,1.8624601899707196e-05
2015-04-07,1,elasticnet,55,0.001123767804833697,1.8624601899707196e-05
2015-04-08,1,elasticnet,55,0.01237966089281795,1.8624601899707196e-05
2015-04-09,1,elasticnet,55,0.001813602512214629,1.8624601899707196e-05
2015-04-10,1,elasticnet,55,0.001508826922064443,1.8624601899707196e-05
2015-04-13,1,elasticnet,55,-0.007668284977910389,1.8624601899707196e-05
2015-04-14,1,elasticnet,55,-0.004161386365578501,1.8624601899707196e-05
2015-04-15,1,elasticnet,55,-0.009195936879383027,1.8624601899707196e-05
2015-04-16,1,elasticnet,55,0.001025956794619809,1.8624601899707196e-05
2015-04-17,1,elasticnet,55,0.00429756110115509,1.8624601899707196e-05
2015-04-20,1,elasticnet,55,0.0006124323964007417,1.8624601899707196e-05
2015-04-21,1,elasticnet,55,-0.0007145409378690459,1.8624601899707196e-05
2015-04-22,1,elasticnet,55,-0.006659519514846224,1.8624601899707196e-05
2015-04-23,1,elasticnet,55,-0.003707522269531971,1.8624601899707196e-05
2015-04-24,1,elasticnet,55,-0.00154886705547419,1.8624601899707196e-05
2015-04-27,1,elasticnet,55,-0.007051776603674398,1.8624601899707196e-05
2015-04-28,1,elasticnet,55,-0.009200273991576857,1.8624601899707196e-05
2015-04-29,1,elasticnet,55,-0.006427502239767513,1.8624601899707196e-05
2015-04-30,1,elasticnet,55,0.007372334602324671,1.8624601899707196e-05
2015-05-01,1,elasticnet,55,0.001886990810472611,1.8624601899707196e-05
2015-05-04,1,elasticnet,55,-0.004198158978636179,1.8624601899707196e-05
2015-05-05,1,elasticnet,55,-0.01046687147331848,1.8624601899707196e-05
2015-05-06,1,elasticnet,55,0.005828448651456597,1.8624601899707196e-05
2015-05-07,1,elasticnet,55,0.001583698794818567,1.8624601899707196e-05
2015-03-13,1,elasticnet,56,-0.007302588346969507,4.563842919160825e-05
2015-03-16,1,elasticnet,56,-0.0002008233765158352,4.563842919160825e-05
2015-03-17,1,elasticnet,56,-0.01039730761530766,4.563842919160825e-05
2015-03-18,1,elasticnet,56,0.007178636560565721,4.563842919160825e-05
2015-03-19,1,elasticnet,56,-0.01369398079331496,4.563842919160825e-05
2015-03-20,1,elasticnet,56,-0.009028480328771238,4.563842919160825e-05
2015-03-23,1,elasticnet,56,0.00164761647817091,4.563842919160825e-05
2015-03-24,1,elasticnet,56,-0.00216305383817339,4.563842919160825e-05
2015-03-25,1,elasticnet,56,0.004732032284381127,4.563842919160825e-05
2015-03-26,1,elasticnet,56,-0.001540594974250631,4.563842919160825e-05
2015-03-27,1,elasticnet,56,0.006965100369214383,4.563842919160825e-05
2015-03-30,1,elasticnet,56,0.003972907991441232,4.563842919160825e-05
2015-03-31,1,elasticnet,56,-0.001729840166793117,4.563842919160825e-05
2015-04-01,1,elasticnet,56,-0.007667573219611867,4.563842919160825e-05
2015-04-02,1,elasticnet,56,-0.009175795087063676,4.563842919160825e-05
2015-04-03,1,elasticnet,56,0.002379352490649467,4.563842919160825e-05
2015-04-06,1,elasticnet,56,0.01079091710416513,4.563842919160825e-05
2015-04-07,1,elasticnet,56,0.001123767804833697,4.563842919160825e-05
2015-04-08,1,elasticnet,56,0.01237966089281795,4.563842919160825e-05
2015-04-09,1,elasticnet,56,0.001813602512214629,4.563842919160825e-05
2015-04-10,1,elasticnet,56,0.001508826922064443,4.563842919160825e-05
2015-04-13,1,elasticnet,56,-0.007668284977910389,4.563842919160825e-05
2015-04-14,1,elasticnet,56,-0.004161386365578501,4.563842919160825e-05
2015-04-15,1,elasticnet,56,-0.009195936879383027,4.563842919160825e-05
2015-04-16,1,elasticnet,56,0.001025956794619809,4.563842919160825e-05
2015-04-17,1,elasticnet,56,0.00429756110115509,4.563842919160825e-05
2015-04-20,1,elasticnet,56,0.0006124323964007417,4.563842919160825e-05
2015-04-21,1,elasticnet,56,-0.0007145409378690459,4.563842919160825e-05
2015-04-22,1,elasticnet,56,-0.006659519514846224,4.563842919160825e-05
2015-04-23,1,elasticnet,56,-0.003707522269531971,4.563842919160825e-05
2015-04-24,1,elasticnet,56,-0.00154886705547419,4.563842919160825e-05
2015-04-27,1,elasticnet,56,-0.007051776603674398,4.563842919160825e-05
2015-04-28,1,elasticnet,56,-0.009200273991576857,4.563842919160825e-05
2015-04-29,1,elasticnet,56,-0.006427502239767513,4.563842919160825e-05
2015-04-30,1,elasticnet,56,0.007372334602324671,4.563842919160825e-05
2015-05-01,1,elasticnet,56,0.001886990810472611,4.563842919160825e-05
2015-05-04,1,elasticnet,56,-0.004198158978636179,4.563842919160825e-05
2015-05-05,1,elasticnet,56,-0.01046687147331848,4.563842919160825e-05
2015-05-06,1,elasticnet,56,0.005828448651456597,4.563842919160825e-05
2015-05-07,1,elasticnet,56,0.001583698794818567,4.563842919160825e-05
2015-05-08,1,elasticnet,56,0.002318230753708406,4.563842919160825e-05
2015-05-11,1,elasticnet,56,-0.005064904781365343,4.563842919160825e-05
2015-05-12,1,elasticnet,56,-0.009673208565368796,4.563842919160825e-05
2015-05-13,1,elasticnet,56,-0.001710498599644339,4.563842919160825e-05
2015-05-14,1,elasticnet,56,-0.003429799718048798,4.563842919160825e-05
2015-05-15,1,elasticnet,56,0.01152873571766388,4.563842919160825e-05
2015-05-18,1,elasticnet,56,0.01108249244679271,4.563842919160825e-05
2015-05-19,1,elasticnet,56,0.001887584453069024,4.563842919160825e-05
2015-05-20,1,elasticnet,56,-0.002097536164946234,4.563842919160825e-05
2015-05-21,1,elasticnet,56,0.008988354828382228,4.563842919160825e-05
2015-05-22,1,elasticnet,56,-0.001041016125659766,4.563842919160825e-05
2015-05-25,1,elasticnet,56,0.01334663648242618,4.563842919160825e-05
2015-05-26,1,elasticnet,56,0.0007191657987055677,4.563842919160825e-05
2015-05-27,1,elasticnet,56,-0.004116502674209599,4.563842919160825e-05
2015-05-28,1,elasticnet,56,-0.0006189395699962574,4.563842919160825e-05
2015-05-29,1,elasticnet,56,0.004940823226649016,4.563842919160825e-05
2015-06-01,1,elasticnet,56,-0.01614774761743654,4.563842919160825e-05
2015-06-02,1,elasticnet,56,-0.003763726345729523,4.563842919160825e-05
2015-06-03,1,elasticnet,56,-0.0001047504321913806,4.563842919160825e-05
2015-06-04,1,elasticnet,56,0.008864843995022298,4.563842919160825e-05
2015-04-10,1,elasticnet,57,0.001508826922064443,4.101056088299723e-05
2015-04-13,1,elasticnet,57,-0.007668284977910389,4.101056088299723e-05
2015-04-14,1,elasticnet,57,-0.004161386365578501,4.101056088299723e-05
2015-04-15,1,elasticnet,57,-0.009195936879383027,4.101056088299723e-05
2015-04-16,1,elasticnet,57,0.001025956794619809,4.101056088299723e-05
2015-04-17,1,elasticnet,57,0.00429756110115509,4.101056088299723e-05
2015-04-20,1,elasticnet,57,0.0006124323964007417,4.101056088299723e-05
2015-04-21,1,elasticnet,57,-0.0007145409378690459,4.101056088299723e-05
2015-04-22,1,elasticnet,57,-0.006659519514846224,4.101056088299723e-05
2015-04-23,1,elasticnet,57,-0.003707522269531971,4.101056088299723e-05
2015-04-24,1,elasticnet,57,-0.00154886705547419,4.101056088299723e-05
2015-04-27,1,elasticnet,57,-0.007051776603674398,4.101056088299723e-05
2015-04-28,1,elasticnet,57,-0.009200273991576857,4.101056088299723e-05
2015-04-29,1,elasticnet,57,-0.006427502239767513,4.101056088299723e-05
2015-04-30,1,elasticnet,57,0.007372334602324671,4.101056088299723e-05
2015-05-01,1,elasticnet,57,0.001886990810472611,4.101056088299723e-05
2015-05-04,1,elasticnet,57,-0.004198158978636179,4.101056088299723e-05
2015-05-05,1,elasticnet,57,-0.01046687147331848,4.101056088299723e-05
2015-05-06,1,elasticnet,57,0.005828448651456597,4.101056088299723e-05
2015-05-07,1,elasticnet,57,0.001583698794818567,4.101056088299723e-05
2015-05-08,1,elasticnet,57,0.002318230753708406,4.101056088299723e-05
2015-05-11,1,elasticnet,57,-0.005064904781365343,4.101056088299723e-05
2015-05-12,1,elasticnet,57,-0.009673208565368796,4.101056088299723e-05
2015-05-13,1,elasticnet,57,-0.001710498599644339,4.101056088299723e-05
2015-05-14,1,elasticnet,57,-0.003429799718048798,4.101056088299723e-05
2015-05-15,1,elasticnet,57,0.01152873571766388,4.101056088299723e-05
2015-05-18,1,elasticnet,57,0.01108249244679271,4.101056088299723e-05
2015-05-19,1,elasticnet,57,0.001887584453069024,4.101056088299723e-05
2015-05-20,1,elasticnet,57,-0.002097536164946234,4.101056088299723e-05
2015-05-21,1,elasticnet,57,0.008988354828382228,4.101056088299723e-05
2015-05-22,1,elasticnet,57,-0.001041016125659766,4.101056088299723e-05
2015-05-25,1,elasticnet,57,0.01334663648242618,4.101056088299723e-05
2015-05-26,1,elasticnet,57,0.0007191657987055677,4.101056088299723e-05
2015-05-27,1,elasticnet,57,-0.004116502674209599,4.101056088299723e-05
2015-05-28,1,elasticnet,57,-0.0006189395699962574,4.101056088299723e-05
2015-05-29,1,elasticnet,57,0.004940823226649016,4.101056088299723e-05
2015-06-01,1,elasticnet,57,-0.01614774761743654,4.101056088299723e-05
2015-06-02,1,elasticnet,57,-0.003763726345729523,4.101056088299723e-05
2015-06-03,1,elasticnet,57,-0.0001047504321913806,4.101056088299723e-05
2015-06-04,1,elasticnet,57,0.008864843995022298,4.101056088299723e-05
2015-06-05,1,elasticnet,57,-0.01054234491261585,4.101056088299723e-05
2015-06-08,1,elasticnet,57,-0.001365044575904584,4.101056088299723e-05
2015-06-09,1,elasticnet,57,-0.005478888428919859,4.101056088299723e-05
2015-06-10,1,elasticnet,57,0.003480465465643512,4.101056088299723e-05
2015-06-11,1,elasticnet,57,-0.0001052908661147711,4.101056088299723e-05
2015-06-12,1,elasticnet,57,-0.00168616332499294,4.101056088299723e-05
2015-06-15,1,elasticnet,57,0.002002002670672631,4.101056088299723e-05
2015-06-16,1,elasticnet,57,-0.007395701961129042,4.101056088299723e-05
2015-06-17,1,elasticnet,57,-0.002760965967542717,4.101056088299723e-05
2015-06-18,1,elasticnet,57,0.0004252604784475977,4.101056088299723e-05
2015-06-19,1,elasticnet,57,0.002653788511445043,4.101056088299723e-05
2015-06-22,1,elasticnet,57,0.01159372176740092,4.101056088299723e-05
2015-06-23,1,elasticnet,57,-0.001782999056447743,4.101056088299723e-05
2015-06-24,1,elasticnet,57,-0.0007351011095009241,4.101056088299723e-05
2015-06-25,1,elasticnet,57,0.002937167746727809,4.101056088299723e-05
2015-06-26,1,elasticnet,57,-0.007148143544991825,4.101056088299723e-05
2015-06-29,1,elasticnet,57,0.0072528830056795,4.101056088299723e-05
2015-06-30,1,elasticnet,57,0.008655354102143242,4.101056088299723e-05
2015-07-01,1,elasticnet,57,-0.002078786737579996,4.101056088299723e-05
2015-07-02,1,elasticnet,57,0.0,4.101056088299723e-05
2015-05-08,1,elasticnet,58,0.002318230753708406,2.0796746293203093e-05
2015-05-11,1,elasticnet,58,-0.005064904781365343,2.0796746293203093e-05
2015-05-12,1,elasticnet,58,-0.009673208565368796,2.0796746293203093e-05
2015-05-13,1,elasticnet,58,-0.001710498599644339,2.0796746293203093e-05
2015-05-14,1,elasticnet,58,-0.003429799718048798,2.0796746293203093e-05
2015-05-15,1,elasticnet,58,0.01152873571766388,2.0796746293203093e-05
2015-05-18,1,elasticnet,58,0.01108249244679271,2.0796746293203093e-05
2015-05-19,1,elasticnet,58,0.001887584453069024,2.0796746293203093e-05
2015-05-20,1,elasticnet,58,-0.002097536164946234,2.0796746293203093e-05
2015-05-21,1,elasticnet,58,0.008988354828382228,2.0796746293203093e-05
2015-05-22,1,elasticnet,58,-0.001041016125659766,2.0796746293203093e-05
2015-05-25,1,elasticnet,58,0.01334663648242618,2.0796746293203093e-05
2015-05-26,1,elasticnet,58,0.0007191657987055677,2.0796746293203093e-05
2015-05-27,1,elasticnet,58,-0.004116502674209599,2.0796746293203093e-05
2015-05-28,1,elasticnet,58,-0.0006189395699962574,2.0796746293203093e-05
2015-05-29,1,elasticnet,58,0.004940823226649016,2.0796746293203093e-05
2015-06-01,1,elasticnet,58,-0.01614774761743654,2.0796746293203093e-05
2015-06-02,1,elasticnet,58,-0.003763726345729523,2.0796746293203093e-05
2015-06-03,1,elasticnet,58,-0.0001047504321913806,2.0796746293203093e-05
2015-06-04,1,elasticnet,58,0.008864843995022298,2.0796746293203093e-05
2015-06-05,1,elasticnet,58,-0.01054234491261585,2.0796746293203093e-05
2015-06-08,1,elasticnet,58,-0.001365044575904584,2.0796746293203093e-05
2015-06-09,1,elasticnet,58,-0.005478888428919859,2.0796746293203093e-05
2015-06-10,1,elasticnet,58,0.003480465465643512,2.0796746293203093e-05
2015-06-11,1,elasticnet,58,-0.0001052908661147711,2.0796746293203093e-05
2015-06-12,1,elasticnet,58,-0.00168616332499294,2.0796746293203093e-05
2015-06-15,1,elasticnet,58,0.002002002670672631,2.0796746293203093e-05
2015-06-16,1,elasticnet,58,-0.007395701961129042,2.0796746293203093e-05
2015-06-17,1,elasticnet,58,-0.002760965967542717,2.0796746293203093e-05
2015-06-18,1,elasticnet,58,0.0004252604784475977,2.0796746293203093e-05
2015-06-19,1,elasticnet,58,0.002653788511445043,2.0796746293203093e-05
2015-06-22,1,elasticnet,58,0.01159372176740092,2.0796746293203093e-05
2015-06-23,1,elasticnet,58,-0.001782999056447743,2.0796746293203093e-05
2015-06-24,1,elasticnet,58,-0.0007351011095009241,2.0796746293203093e-05
2015-06-25,1,elasticnet,58,0.002937167746727809,2.0796746293203093e-05
2015-06-26,1,elasticnet,58,-0.007148143544991825,2.0796746293203093e-05
2015-06-29,1,elasticnet,58,0.0072528830056795,2.0796746293203093e-05
2015-06-30,1,elasticnet,58,0.008655354102143242,2.0796746293203093e-05
2015-07-01,1,elasticnet,58,-0.002078786737579996,2.0796746293203093e-05
2015-07-02,1,elasticnet,58,0.0,2.0796746293203093e-05
2015-07-03,1,elasticnet,58,0.001974949968887252,2.0796746293203093e-05
2015-07-06,1,elasticnet,58,0.005798318171002848,2.0796746293203093e-05
2015-07-07,1,elasticnet,58,-0.005902165722890373,2.0796746293203093e-05
2015-07-08,1,elasticnet,58,0.003317784277226288,2.0796746293203093e-05
2015-07-09,1,elasticnet,58,-0.006021612879536953,2.0796746293203093e-05
2015-07-10,1,elasticnet,58,0.008605994325201038,2.0796746293203093e-05
2015-07-13,1,elasticnet,58,-0.002273902788577864,2.0796746293203093e-05
2015-07-14,1,elasticnet,58,0.005469287664842781,2.0796746293203093e-05
2015-07-15,1,elasticnet,58,0.005132427608038448,2.0796746293203093e-05
2015-07-16,1,elasticnet,58,0.001943436401591114,2.0796746293203093e-05
2015-07-17,1,elasticnet,58,0.001735668412657709,2.0796746293203093e-05
2015-07-20,1,elasticnet,58,-0.007166287835232765,2.0796746293203093e-05
2015-07-21,1,elasticnet,58,0.002770226980644885,2.0796746293203093e-05
2015-07-22,1,elasticnet,58,-0.005033136812784278,2.0796746293203093e-05
2015-07-23,1,elasticnet,58,0.001337792841659358,2.0796746293203093e-05
2015-07-24,1,elasticnet,58,-0.007639141102981917,2.0796746293203093e-05
2015-07-27,1,elasticnet,58,0.002794020547910669,2.0796746293203093e-05
2015-07-28,1,elasticnet,58,0.002167742784354942,2.0796746293203093e-05
2015-07-29,1,elasticnet,58,0.005962801670513329,2.0796746293203093e-05
2015-07-30,1,elasticnet,58,-0.002257568942410693,2.0796746293203093e-05
2015-06-05,1,elasticnet,59,-0.01054234491261585,2.7306116957891603e-05
2015-06-08,1,elasticnet,59,-0.001365044575904584,2.7306116957891603e-05
2015-06-09,1,elasticnet,59,-0.005478888428919859,2.7306116957891603e-05
2015-06-10,1,elasticnet,59,0.003480465465643512,2.7306116957891603e-05
2015-06-11,1,elasticnet,59,-0.0001052908661147711,2.7306116957891603e-05
2015-06-12,1,elasticnet,59,-0.00168616332499294,2.7306116957891603e-05
2015-06-15,1,elasticnet,59,0.002002002670672631,2.7306116957891603e-05
2015-06-16,1,elasticnet,59,-0.007395701961129042,2.7306116957891603e-05
2015-06-17,1,elasticnet,59,-0.002760965967542717,2.7306116957891603e-05
2015-06-18,1,elasticnet,59,0.0004252604784475977,2.7306116957891603e-05
2015-06-19,1,elasticnet,59,0.002653788511445043,2.7306116957891603e-05
2015-06-22,1,elasticnet,59,0.01159372176740092,2.7306116957891603e-05
2015-06-23,1,elasticnet,59,-0.001782999056447743,2.7306116957891603e-05
2015-06-24,1,elasticnet,59,-0.0007351011095009241,2.7306116957891603e-05
2015-06-25,1,elasticnet,59,0.002937167746727809,2.7306116957891603e-05
2015-06-26,1,elasticnet,59,-0.007148143544991825,2.7306116957891603e-05
2015-06-29,1,elasticnet,59,0.0072528830056795,2.7306116957891603e-05
2015-06-30,1,elasticnet,59,0.008655354102143242,2.7306116957891603e-05
2015-07-01,1,elasticnet,59,-0.002078786737579996,2.7306116957891603e-05
2015-07-02,1,elasticnet,59,0.0,2.7306116957891603e-05
2015-07-03,1,elasticnet,59,0.001974949968887252,2.7306116957891603e-05
2015-07-06,1,elasticnet,59,0.005798318171002848,2.7306116957891603e-05
2015-07-07,1,elasticnet,59,-0.005902165722890373,2.7306116957891603e-05
2015-07-08,1,elasticnet,59,0.003317784277226288,2.7306116957891603e-05
2015-07-09,1,elasticnet,59,-0.006021612879536953,2.7306116957891603e-05
2015-07-10,1,elasticnet,59,0.008605994325201038,2.7306116957891603e-05
2015-07-13,1,elasticnet,59,-0.002273902788577864,2.7306116957891603e-05
2015-07-14,1,elasticnet,59,0.005469287664842781,2.7306116957891603e-05
2015-07-15,1,elasticnet,59,0.005132427608038448,2.7306116957891603e-05
2015-07-16,1,elasticnet,59,0.001943436401591114,2.7306116957891603e-05
2015-07-17,1,elasticnet,59,0.001735668412657709,2.7306116957891603e-05
2015-07-20,1,elasticnet,59,-0.007166287835232765,2.7306116957891603e-05
2015-07-21,1,elasticnet,59,0.002770226980644885,2.7306116957891603e-05
2015-07-22,1,elasticnet,59,-0.005033136812784278,2.7306116957891603e-05
2015-07-23,1,elasticnet,59,0.001337792841659358,2.7306116957891603e-05
2015-07-24,1,elasticnet,59,-0.007639141102981917,2.7306116957891603e-05
2015-07-27,1,elasticnet,59,0.002794020547910669,2.7306116957891603e-05
2015-07-28,1,elasticnet,59,0.002167742784354942,2.7306116957891603e-05
2015-07-29,1,elasticnet,59,0.005962801670513329,2.7306116957891603e-05
2015-07-30,1,elasticnet,59,-0.002257568942410693,2.7306116957891603e-05
2015-07-31,1,elasticnet,59,0.001539804235871856,2.7306116957891603e-05
2015-08-03,1,elasticnet,59,0.00450312909152295,2.7306116957891603e-05
2015-08-04,1,elasticnet,59,0.000306294351263503,2.7306116957891603e-05
2015-08-05,1,elasticnet,59,-0.001327953614628896,2.7306116957891603e-05
2015-08-06,1,elasticnet,59,-0.00276370512161872,2.7306116957891603e-05
2015-08-07,1,elasticnet,59,-0.004108469213747412,2.7306116957891603e-05
2015-08-10,1,elasticnet,59,0.001337104853364579,2.7306116957891603e-05
2015-08-11,1,elasticnet,59,-0.0106433451123733,2.7306116957891603e-05
2015-08-12,1,elasticnet,59,0.001868189438007484,2.7306116957891603e-05
2015-08-13,1,elasticnet,59,0.000829187443860846,2.7306116957891603e-05
2015-08-14,1,elasticnet,59,0.003000053975148909,2.7306116957891603e-05
2015-08-17,1,elasticnet,59,0.002372969903814415,2.7306116957891603e-05
2015-08-18,1,elasticnet,59,-0.007032086889124045,2.7306116957891603e-05
2015-08-19,1,elasticnet,59,-0.003951341316571266,2.7306116957891603e-05
2015-08-20,1,elasticnet,59,-0.01015768721144106,2.7306116957891603e-05
2015-08-21,1,elasticnet,59,-0.01784054964100257,2.7306116957891603e-05
2015-08-24,1,elasticnet,59,0.01277564485963723,2.7306116957891603e-05
2015-08-25,1,elasticnet,59,0.006011725114051458,2.7306116957891603e-05
2015-08-26,1,elasticnet,59,0.005348447546010604,2.7306116957891603e-05
2015-08-27,1,elasticnet,59,0.005215951737837621,2.7306116957891603e-05
2015-07-03,1,elasticnet,60,0.001974949968887252,2.6212404842584162e-05
2015-07-06,1,elasticnet,60,0.005798318171002848,2.6212404842584162e-05
2015-07-07,1,elasticnet,60,-0.005902165722890373,2.6212404842584162e-05
2015-07-08,1,elasticnet,60,0.003317784277226288,2.6212404842584162e-05
2015-07-09,1,elasticnet,60,-0.006021612879536953,2.6212404842584162e-05
2015-07-10,1,elasticnet,60,0.008605994325201038,2.6212404842584162e-05
2015-07-13,1,elasticnet,60,-0.002273902788577864,2.6212404842584162e-05
2015-07-14,1,elasticnet,60,0.005469287664842781,2.6212404842584162e-05
2015-07-15,1,elasticnet,60,0.005132427608038448,2.6212404842584162e-05
2015-07-16,1,elasticnet,60,0.001943436401591114,2.6212404842584162e-05
2015-07-17,1,elasticnet,60,0.001735668412657709,2.6212404842584162e-05
2015-07-20,1,elasticnet,60,-0.007166287835232765,2.6212404842584162e-05
2015-07-21,1,elasticnet,60,0.002770226980644885,2.6212404842584162e-05
2015-07-22,1,elasticnet,60,-0.005033136812784278,2.6212404842584162e-05
2015-07-23,1,elasticnet,60,0.001337792841659358,2.6212404842584162e-05
2015-07-24,1,elasticnet,60,-0.007639141102981917,2.6212404842584162e-05
2015-07-27,1,elasticnet,60,0.002794020547910669,2.6212404842584162e-05
2015-07-28,1,elasticnet,60,0.002167742784354942,2.6212404842584162e-05
2015-07-29,1,elasticnet,60,0.005962801670513329,2.6212404842584162e-05
2015-07-30,1,elasticnet,60,-0.002257568942410693,2.6212404842584162e-05
2015-07-31,1,elasticnet,60,0.001539804235871856,2.6212404842584162e-05
2015-08-03,1,elasticnet,60,0.00450312909152295,2.6212404842584162e-05
2015-08-04,1,elasticnet,60,0.000306294351263503,2.6212404842584162e-05
2015-08-05,1,elasticnet,60,-0.001327953614628896,2.6212404842584162e-05
2015-08-06,1,elasticnet,60,-0.00276370512161872,2.6212404842584162e-05
2015-08-07,1,elasticnet,60,-0.004108469213747412,2.6212404842584162e-05
2015-08-10,1,elasticnet,60,0.001337104853364579,2.6212404842584162e-05
2015-08-11,1,elasticnet,60,-0.0106433451123733,2.6212404842584162e-05
2015-08-12,1,elasticnet,60,0.001868189438007484,2.6212404842584162e-05
2015-08-13,1,elasticnet,60,0.000829187443860846,2.6212404842584162e-05
2015-08-14,1,elasticnet,60,0.003000053975148909,2.6212404842584162e-05
2015-08-17,1,elasticnet,60,0.002372969903814415,2.6212404842584162e-05
2015-08-18,1,elasticnet,60,-0.007032086889124045,2.6212404842584162e-05
2015-08-19,1,elasticnet,60,-0.003951341316571266,2.6212404842584162e-05
2015-08-20,1,elasticnet,60,-0.01015768721144106,2.6212404842584162e-05
2015-08-21,1,elasticnet,60,-0.01784054964100257,2.6212404842584162e-05
2015-08-24,1,elasticnet,60,0.01277564485963723,2.6212404842584162e-05
2015-08-25,1,elasticnet,60,0.006011725114051458,2.6212404842584162e-05
2015-08-26,1,elasticnet,60,0.005348447546010604,2.6212404842584162e-05
2015-08-27,1,elasticnet,60,0.005215951737837621,2.6212404842584162e-05
2015-08-28,1,elasticnet,60,-0.003021937380216499,2.6212404842584162e-05
2015-08-31,1,elasticnet,60,-0.003868881283219494,2.6212404842584162e-05
2015-09-01,1,elasticnet,60,0.003973238183914596,2.6212404842584162e-05
2015-09-02,1,elasticnet,60,0.006034142320618052,2.6212404842584162e-05
2015-09-03,1,elasticnet,60,-0.001868771307980133,2.6212404842584162e-05
2015-09-04,1,elasticnet,60,0.0,2.6212404842584162e-05
2015-09-07,1,elasticnet,60,-0.002601322938209805,2.6212404842584162e-05
2015-09-08,1,elasticnet,60,0.0003125162794335168,2.6212404842584162e-05
2015-09-09,1,elasticnet,60,-0.005745041131782536,2.6212404842584162e-05
2015-09-10,1,elasticnet,60,-0.002832417314536428,2.6212404842584162e-05
2015-09-11,1,elasticnet,60,0.0006301197435965022,2.6212404842584162e-05
2015-09-14,1,elasticnet,60,0.003772403090544607,2.6212404842584162e-05
2015-09-15,1,elasticnet,60,-0.001989217009394473,2.6212404842584162e-05
2015-09-16,1,elasticnet,60,-0.009159404983494213,2.6212404842584162e-05
2015-09-17,1,elasticnet,60,0.003273325344969713,2.6212404842584162e-05
2015-09-18,1,elasticnet,60,0.01079958071615383,2.6212404842584162e-05
2015-09-21,1,elasticnet,60,0.00405891174928108,2.6212404842584162e-05
2015-09-22,1,elasticnet,60,-0.002183520493224123,2.6212404842584162e-05
2015-09-23,1,elasticnet,60,0.006432892073809704,2.6212404842584162e-05
2015-09-24,1,elasticnet,60,-0.00435324070558174,2.6212404842584162e-05
2015-07-31,1,elasticnet,61,0.001539804235871856,3.1250581484428866e-05
2015-08-03,1,elasticnet,61,0.00450312909152295,3.1250581484428866e-05
2015-08-04,1,elasticnet,61,0.000306294351263503,3.1250581484428866e-05
2015-08-05,1,elasticnet,61,-0.001327953614628896,3.1250581484428866e-05
2015-08-06,1,elasticnet,61,-0.00276370512161872,3.1250581484428866e-05
2015-08-07,1,elasticnet,61,-0.004108469213747412,3.1250581484428866e-05
2015-08-10,1,elasticnet,61,0.001337104853364579,3.1250581484428866e-05
2015-08-11,1,elasticnet,61,-0.0106433451123733,3.1250581484428866e-05
2015-08-12,1,elasticnet,61,0.001868189438007484,3.1250581484428866e-05
2015-08-13,1,elasticnet,61,0.000829187443860846,3.1250581484428866e-05
2015-08-14,1,elasticnet,61,0.003000053975148909,3.1250581484428866e-05
2015-08-17,1,elasticnet,61,0.002372969903814415,3.1250581484428866e-05
2015-08-18,1,elasticnet,61,-0.007032086889124045,3.1250581484428866e-05
2015-08-19,1,elasticnet,61,-0.003951341316571266,3.1250581484428866e-05
2015-08-20,1,elasticnet,61,-0.01015768721144106,3.1250581484428866e-05
2015-08-21,1,elasticnet,61,-0.01784054964100257,3.1250581484428866e-05
2015-08-24,1,elasticnet,61,0.01277564485963723,3.1250581484428866e-05
2015-08-25,1,elasticnet,61,0.006011725114051458,3.1250581484428866e-05
2015-08-26,1,elasticnet,61,0.005348447546010604,3.1250581484428866e-05
2015-08-27,1,elasticnet,61,0.005215951737837621,3.1250581484428866e-05
2015-08-28,1,elasticnet,61,-0.003021937380216499,3.1250581484428866e-05
2015-08-31,1,elasticnet,61,-0.003868881283219494,3.1250581484428866e-05
2015-09-01,1,elasticnet,61,0.003973238183914596,3.1250581484428866e-05
2015-09-02,1,elasticnet,61,0.006034142320618052,3.1250581484428866e-05
2015-09-03,1,elasticnet,61,-0.001868771307980133,3.1250581484428866e-05
2015-09-04,1,elasticnet,61,0.0,3.1250581484428866e-05
2015-09-07,1,elasticnet,61,-0.002601322938209805,3.1250581484428866e-05
2015-09-08,1,elasticnet,61,0.0003125162794335168,3.1250581484428866e-05
2015-09-09,1,elasticnet,61,-0.005745041131782536,3.1250581484428866e-05
2015-09-10,1,elasticnet,61,-0.002832417314536428,3.1250581484428866e-05
2015-09-11,1,elasticnet,61,0.0006301197435965022,3.1250581484428866e-05
2015-09-14,1,elasticnet,61,0.003772403090544607,3.1250581484428866e-05
2015-09-15,1,elasticnet,61,-0.001989217009394473,3.1250581484428866e-05
2015-09-16,1,elasticnet,61,-0.009159404983494213,3.1250581484428866e-05
2015-09-17,1,elasticnet,61,0.003273325344969713,3.1250581484428866e-05
2015-09-18,1,elasticnet,61,0.01079958071615383,3.1250581484428866e-05
2015-09-21,1,elasticnet,61,0.00405891174928108,3.1250581484428866e-05
2015-09-22,1,elasticnet,61,-0.002183520493224123,3.1250581484428866e-05
2015-09-23,1,elasticnet,61,0.006432892073809704,3.1250581484428866e-05
2015-09-24,1,elasticnet,61,-0.00435324070558174,3.1250581484428866e-05
2015-09-25,1,elasticnet,61,-0.002496101139993101,3.1250581484428866e-05
2015-09-28,1,elasticnet,61,-0.001771848918396657,3.1250581484428866e-05
2015-09-29,1,elasticnet,61,0.005098601128890046,3.1250581484428866e-05
2015-09-30,1,elasticnet,61,-0.001661992695851211,3.1250581484428866e-05
2015-10-01,1,elasticnet,61,-0.003749613808852637,3.1250581484428866e-05
2015-10-02,1,elasticnet,61,0.002917580479521398,3.1250581484428866e-05
2015-10-05,1,elasticnet,61,-0.006890818663435994,3.1250581484428866e-05
2015-10-06,1,elasticnet,61,0.0005236973149278512,3.1250581484428866e-05
2015-10-07,1,elasticnet,61,-0.001886595256142876,3.1250581484428866e-05
2015-10-08,1,elasticnet,61,-0.005364763300673481,3.1250581484428866e-05
2015-10-09,1,elasticnet,61,0.0003163722673367175,3.1250581484428866e-05
2015-10-12,1,elasticnet,61,-0.0008438819066203251,3.1250581484428866e-05
2015-10-13,1,elasticnet,61,-0.008797555284160374,3.1250581484428866e-05
2015-10-14,1,elasticnet,61,0.004673402026817541,3.1250581484428866e-05
2015-10-15,1,elasticnet,61,0.001799799331848817,3.1250581484428866e-05
2015-10-16,1,elasticnet,61,0.004116752528616985,3.1250581484428866e-05
2015-10-19,1,elasticnet,61,-0.0002107037513070509,3.1250581484428866e-05
2015-10-20,1,elasticnet,61,0.001263557080823041,3.1250581484428866e-05
2015-10-21,1,elasticnet,61,0.01410607998896296,3.1250581484428866e-05
2015-10-22,1,elasticnet,61,0.007751576202053023,3.1250581484428866e-05
2015-08-28,1,elasticnet,62,-0.003021937380216499,2.5782693287787718e-05
2015-08-31,1,elasticnet,62,-0.003868881283219494,2.5782693287787718e-05
2015-09-01,1,elasticnet,62,0.003973238183914596,2.5782693287787718e-05
2015-09-02,1,elasticnet,62,0.006034142320618052,2.5782693287787718e-05
2015-09-03,1,elasticnet,62,-0.001868771307980133,2.5782693287787718e-05
2015-09-04,1,elasticnet,62,0.0,2.5782693287787718e-05
2015-09-07,1,elasticnet,62,-0.002601322938209805,2.5782693287787718e-05
2015-09-08,1,elasticnet,62,0.0003125162794335168,2.5782693287787718e-05
2015-09-09,1,elasticnet,62,-0.005745041131782536,2.5782693287787718e-05
2015-09-10,1,elasticnet,62,-0.002832417314536428,2.5782693287787718e-05
2015-09-11,1,elasticnet,62,0.0006301197435965022,2.5782693287787718e-05
2015-09-14,1,elasticnet,62,0.003772403090544607,2.5782693287787718e-05
2015-09-15,1,elasticnet,62,-0.001989217009394473,2.5782693287787718e-05
2015-09-16,1,elasticnet,62,-0.009159404983494213,2.5782693287787718e-05
2015-09-17,1,elasticnet,62,0.003273325344969713,2.5782693287787718e-05
2015-09-18,1,elasticnet,62,0.01079958071615383,2.5782693287787718e-05
2015-09-21,1,elasticnet,62,0.00405891174928108,2.5782693287787718e-05
2015-09-22,1,elasticnet,62,-0.002183520493224123,2.5782693287787718e-05
2015-09-23,1,elasticnet,62,0.006432892073809704,2.5782693287787718e-05
2015-09-24,1,elasticnet,62,-0.00435324070558174,2.5782693287787718e-05
2015-09-25,1,elasticnet,62,-0.002496101139993101,2.5782693287787718e-05
2015-09-28,1,elasticnet,62,-0.001771848918396657,2.5782693287787718e-05
2015-09-29,1,elasticnet,62,0.005098601128890046,2.5782693287787718e-05
2015-09-30,1,elasticnet,62,-0.001661992695851211,2.5782693287787718e-05
2015-10-01,1,elasticnet,62,-0.003749613808852637,2.5782693287787718e-05
2015-10-02,1,elasticnet,62,0.002917580479521398,2.5782693287787718e-05
2015-10-05,1,elasticnet,62,-0.006890818663435994,2.5782693287787718e-05
2015-10-06,1,elasticnet,62,0.0005236973149278512,2.5782693287787718e-05
2015-10-07,1,elasticnet,62,-0.001886595256142876,2.5782693287787718e-05
2015-10-08,1,elasticnet,62,-0.005364763300673481,2.5782693287787718e-05
2015-10-09,1,elasticnet,62,0.0003163722673367175,2.5782693287787718e-05
2015-10-12,1,elasticnet,62,-0.0008438819066203251,2.5782693287787718e-05
2015-10-13,1,elasticnet,62,-0.008797555284160374,2.5782693287787718e-05
2015-10-14,1,elasticnet,62,0.004673402026817541,2.5782693287787718e-05
2015-10-15,1,elasticnet,62,0.001799799331848817,2.5782693287787718e-05
2015-10-16,1,elasticnet,62,0.004116752528616985,2.5782693287787718e-05
2015-10-19,1,elasticnet,62,-0.0002107037513070509,2.5782693287787718e-05
2015-10-20,1,elasticnet,62,0.001263557080823041,2.5782693287787718e-05
2015-10-21,1,elasticnet,62,0.01410607998896296,2.5782693287787718e-05
2015-10-22,1,elasticnet,62,0.007751576202053023,2.5782693287787718e-05
2015-10-23,1,elasticnet,62,-0.002783650439156737,2.5782693287787718e-05
2015-10-26,1,elasticnet,62,0.0005160757713760233,2.5782693287787718e-05
2015-10-27,1,elasticnet,62,0.008937344404040815,2.5782693287787718e-05
2015-10-28,1,elasticnet,62,-0.005126638932642535,2.5782693287787718e-05
2015-10-29,1,elasticnet,62,-0.003398036529196347,2.5782693287787718e-05
2015-10-30,1,elasticnet,62,-0.0002063131841438803,2.5782693287787718e-05
2015-11-02,1,elasticnet,62,0.002370035629454925,2.5782693287787718e-05
2015-11-03,1,elasticnet,62,0.00809804025657801,2.5782693287787718e-05
2015-11-04,1,elasticnet,62,-0.0001020981163781798,2.5782693287787718e-05
2015-11-05,1,elasticnet,62,0.0124805029238626,2.5782693287787718e-05
2015-11-06,1,elasticnet,62,-0.001917739674293983,2.5782693287787718e-05
2015-11-09,1,elasticnet,62,0.003127051521762958,2.5782693287787718e-05
2015-11-10,1,elasticnet,62,-0.002824005911080008,2.5782693287787718e-05
2015-11-11,1,elasticnet,62,-0.003642622665799067,2.5782693287787718e-05
2015-11-12,1,elasticnet,62,0.003541617665965724,2.5782693287787718e-05
2015-11-13,1,elasticnet,62,0.004434597067866086,2.5782693287787718e-05
2015-11-16,1,elasticnet,62,0.001908876854309405,2.5782693287787718e-05
2015-11-17,1,elasticnet,62,0.0002007226020381836,2.5782693287787718e-05
2015-11-18,1,elasticnet,62,-0.006645211727087208,2.5782693287787718e-05
2015-11-19,1,elasticnet,62,0.005741642567675065,2.5782693287787718e-05
2015-09-25,1,elasticnet,63,-0.002496101139993101,2.624924657596918e-05
2015-09-28,1,elasticnet,63,-0.001771848918396657,2.624924657596918e-05
2015-09-29,1,elasticnet,63,0.005098601128890046,2.624924657596918e-05
2015-09-30,1,elasticnet,63,-0.001661992695851211,2.624924657596918e-05
2015-10-01,1,elasticnet,63,-0.003749613808852637,2.624924657596918e-05
2015-10-02,1,elasticnet,63,0.002917580479521398,2.624924657596918e-05
2015-10-05,1,elasticnet,63,-0.006890818663435994,2.624924657596918e-05
2015-10-06,1,elasticnet,63,0.0005236973149278512,2.624924657596918e-05
2015-10-07,1,elasticnet,63,-0.001886595256142876,2.624924657596918e-05
2015-10-08,1,elasticnet,63,-0.005364763300673481,2.624924657596918e-05
2015-10-09,1,elasticnet,63,0.0003163722673367175,2.624924657596918e-05
2015-10-12,1,elasticnet,63,-0.0008438819066203251,2.624924657596918e-05
2015-10-13,1,elasticnet,63,-0.008797555284160374,2.624924657596918e-05
2015-10-14,1,elasticnet,63,0.004673402026817541,2.624924657596918e-05
2015-10-15,1,elasticnet,63,0.001799799331848817,2.624924657596918e-05
2015-10-16,1,elasticnet,63,0.004116752528616985,2.624924657596918e-05
2015-10-19,1,elasticnet,63,-0.0002107037513070509,2.624924657596918e-05
2015-10-20,1,elasticnet,63,0.001263557080823041,2.624924657596918e-05
2015-10-21,1,elasticnet,63,0.01410607998896296,2.624924657596918e-05
2015-10-22,1,elasticnet,63,0.007751576202053023,2.624924657596918e-05
2015-10-23,1,elasticnet,63,-0.002783650439156737,2.624924657596918e-05
2015-10-26,1,elasticnet,63,0.0005160757713760233,2.624924657596918e-05
2015-10-27,1,elasticnet,63,0.008937344404040815,2.624924657596918e-05
2015-10-28,1,elasticnet,63,-0.005126638932642535,2.624924657596918e-05
2015-10-29,1,elasticnet,63,-0.003398036529196347,2.624924657596918e-05
2015-10-30,1,elasticnet,63,-0.0002063131841438803,2.624924657596918e-05
2015-11-02,1,elasticnet,63,0.002370035629454925,2.624924657596918e-05
2015-11-03,1,elasticnet,63,0.00809804025657801,2.624924657596918e-05
2015-11-04,1,elasticnet,63,-0.0001020981163781798,2.624924657596918e-05
2015-11-05,1,elasticnet,63,0.0124805029238626,2.624924657596918e-05
2015-11-06,1,elasticnet,63,-0.001917739674293983,2.624924657596918e-05
2015-11-09,1,elasticnet,63,0.003127051521762958,2.624924657596918e-05
2015-11-10,1,elasticnet,63,-0.002824005911080008,2.624924657596918e-05
2015-11-11,1,elasticnet,63,-0.003642622665799067,2.624924657596918e-05
2015-11-12,1,elasticnet,63,0.003541617665965724,2.624924657596918e-05
2015-11-13,1,elasticnet,63,0.004434597067866086,2.624924657596918e-05
2015-11-16,1,elasticnet,63,0.001908876854309405,2.624924657596918e-05
2015-11-17,1,elasticnet,63,0.0002007226020381836,2.624924657596918e-05
2015-11-18,1,elasticnet,63,-0.006645211727087208,2.624924657596918e-05
2015-11-19,1,elasticnet,63,0.005741642567675065,2.624924657596918e-05
2015-11-20,1,elasticnet,63,0.002407705818026962,2.624924657596918e-05
2015-11-23,1,elasticnet,63,-0.00270907705944623,2.624924657596918e-05
2015-11-24,1,elasticnet,63,0.00270907705944623,2.624924657596918e-05
2015-11-25,1,elasticnet,63,0.0,2.624924657596918e-05
2015-11-26,1,elasticnet,63,0.002201982673339486,2.624924657596918e-05
2015-11-27,1,elasticnet,63,0.001498576632915416,2.624924657596918e-05
2015-11-30,1,elasticnet,63,-0.003700559306254902,2.624924657596918e-05
2015-12-01,1,elasticnet,63,0.001901997670339384,2.624924657596918e-05
2015-12-02,1,elasticnet,63,-0.02398779052875621,2.624924657596918e-05
2015-12-03,1,elasticnet,63,0.007450154376066997,2.624924657596918e-05
2015-12-04,1,elasticnet,63,0.003147050970524035,2.624924657596918e-05
2015-12-07,1,elasticnet,63,-0.001927662545881503,2.624924657596918e-05
2015-12-08,1,elasticnet,63,-0.01154192885440253,2.624924657596918e-05
2015-12-09,1,elasticnet,63,0.00614504186886311,2.624924657596918e-05
2015-12-10,1,elasticnet,63,-0.003887472926452418,2.624924657596918e-05
2015-12-11,1,elasticnet,63,0.0004099200713278961,2.624924657596918e-05
2015-12-14,1,elasticnet,63,0.006332367192051436,2.624924657596918e-05
2015-12-15,1,elasticnet,63,-0.00356979317337025,2.624924657596918e-05
2015-12-16,1,elasticnet,63,0.01420334316390193,2.624924657596918e-05
2015-12-17,1,elasticnet,63,-0.005758464162194166,2.624924657596918e-05
2015-10-23,1,elasticnet,64,-0.002783650439156737,2.9623665403729364e-05
2015-10-26,1,elasticnet,64,0.0005160757713760233,2.9623665403729364e-05
2015-10-27,1,elasticnet,64,0.008937344404040815,2.9623665403729364e-05
2015-10-28,1,elasticnet,64,-0.005126638932642535,2.9623665403729364e-05
2015-10-29,1,elasticnet,64,-0.003398036529196347,2.9623665403729364e-05
2015-10-30,1,elasticnet,64,-0.0002063131841438803,2.9623665403729364e-05
2015-11-02,1,elasticnet,64,0.002370035629454925,2.9623665403729364e-05
2015-11-03,1,elasticnet,64,0.00809804025657801,2.9623665403729364e-05
2015-11-04,1,elasticnet,64,-0.0001020981163781798,2.9623665403729364e-05
2015-11-05,1,elasticnet,64,0.0124805029238626,2.9623665403729364e-05
2015-11-06,1,elasticnet,64,-0.001917739674293983,2.9623665403729364e-05
2015-11-09,1,elasticnet,64,0.003127051521762958,2.9623665403729364e-05
2015-11-10,1,elasticnet,64,-0.002824005911080008,2.9623665403729364e-05
2015-11-11,1,elasticnet,64,-0.003642622665799067,2.9623665403729364e-05
2015-11-12,1,elasticnet,64,0.003541617665965724,2.9623665403729364e-05
2015-11-13,1,elasticnet,64,0.004434597067866086,2.9623665403729364e-05
2015-11-16,1,elasticnet,64,0.001908876854309405,2.9623665403729364e-05
2015-11-17,1,elasticnet,64,0.0002007226020381836,2.9623665403729364e-05
2015-11-18,1,elasticnet,64,-0.006645211727087208,2.9623665403729364e-05
2015-11-19,1,elasticnet,64,0.005741642567675065,2.9623665403729364e-05
2015-11-20,1,elasticnet,64,0.002407705818026962,2.9623665403729364e-05
2015-11-23,1,elasticnet,64,-0.00270907705944623,2.9623665403729364e-05
2015-11-24,1,elasticnet,64,0.00270907705944623,2.9623665403729364e-05
2015-11-25,1,elasticnet,64,0.0,2.9623665403729364e-05
2015-11-26,1,elasticnet,64,0.002201982673339486,2.9623665403729364e-05
2015-11-27,1,elasticnet,64,0.001498576632915416,2.9623665403729364e-05
2015-11-30,1,elasticnet,64,-0.003700559306254902,2.9623665403729364e-05
2015-12-01,1,elasticnet,64,0.001901997670339384,2.9623665403729364e-05
2015-12-02,1,elasticnet,64,-0.02398779052875621,2.9623665403729364e-05
2015-12-03,1,elasticnet,64,0.007450154376066997,2.9623665403729364e-05
2015-12-04,1,elasticnet,64,0.003147050970524035,2.9623665403729364e-05
2015-12-07,1,elasticnet,64,-0.001927662545881503,2.9623665403729364e-05
2015-12-08,1,elasticnet,64,-0.01154192885440253,2.9623665403729364e-05
2015-12-09,1,elasticnet,64,0.00614504186886311,2.9623665403729364e-05
2015-12-10,1,elasticnet,64,-0.003887472926452418,2.9623665403729364e-05
2015-12-11,1,elasticnet,64,0.0004099200713278961,2.9623665403729364e-05
2015-12-14,1,elasticnet,64,0.006332367192051436,2.9623665403729364e-05
2015-12-15,1,elasticnet,64,-0.00356979317337025,2.9623665403729364e-05
2015-12-16,1,elasticnet,64,0.01420334316390193,2.9623665403729364e-05
2015-12-17,1,elasticnet,64,-0.005758464162194166,2.9623665403729364e-05
2015-12-18,1,elasticnet,64,-0.00345072909144406,2.9623665403729364e-05
2015-12-21,1,elasticnet,64,-0.001322549661213479,2.9623665403729364e-05
2015-12-22,1,elasticnet,64,0.001119194297015014,2.9623665403729364e-05
2015-12-23,1,elasticnet,64,-0.003667485773364731,2.9623665403729364e-05
2015-12-24,1,elasticnet,64,0.0,2.9623665403729364e-05
2015-12-25,1,elasticnet,64,-0.0006125574464128647,2.9623665403729364e-05
2015-12-28,1,elasticnet,64,0.001836547807301692,2.9623665403729364e-05
2015-12-29,1,elasticnet,64,0.001731425803018105,2.9623665403729364e-05
2015-12-30,1,elasticnet,64,0.003656682591566707,2.9623665403729364e-05
2015-12-31,1,elasticnet,64,0.0,2.9623665403729364e-05
2016-01-01,1,elasticnet,64,0.002430380943139632,2.9623665403729364e-05
2016-01-04,1,elasticnet,64,0.005346257753486405,2.9623665403729364e-05
2016-01-05,1,elasticnet,64,-0.002215732601540843,2.9623665403729364e-05
2016-01-06,1,elasticnet,64,-0.009726520449889087,2.9623665403729364e-05
2016-01-07,1,elasticnet,64,0.0032526965047186,2.9623665403729364e-05
2016-01-08,1,elasticnet,64,0.001825003041260764,2.9623665403729364e-05
2016-01-11,1,elasticnet,64,0.002529213751522263,2.9623665403729364e-05
2016-01-12,1,elasticnet,64,-0.0004042445734686595,2.9623665403729364e-05
2016-01-13,1,elasticnet,64,0.001615998735676527,2.9623665403729364e-05
2016-01-14,1,elasticnet,64,-0.001312799986575186,2.9623665403729364e-05
2015-11-20,1,elasticnet,65,0.002407705818026962,3.9270752114560256e-05
2015-11-23,1,elasticnet,65,-0.00270907705944623,3.9270752114560256e-05
2015-11-24,1,elasticnet,65,0.00270907705944623,3.9270752114560256e-05
2015-11-25,1,elasticnet,65,0.0,3.9270752114560256e-05
2015-11-26,1,elasticnet,65,0.002201982673339486,3.9270752114560256e-05
2015-11-27,1,elasticnet,65,0.001498576632915416,3.9270752114560256e-05
2015-11-30,1,elasticnet,65,-0.003700559306254902,3.9270752114560256e-05
2015-12-01,1,elasticnet,65,0.001901997670339384,3.9270752114560256e-05
2015-12-02,1,elasticnet,65,-0.02398779052875621,3.9270752114560256e-05
2015-12-03,1,elasticnet,65,0.007450154376066997,3.9270752114560256e-05
2015-12-04,1,elasticnet,65,0.003147050970524035,3.9270752114560256e-05
2015-12-07,1,elasticnet,65,-0.001927662545881503,3.9270752114560256e-05
2015-12-08,1,elasticnet,65,-0.01154192885440253,3.9270752114560256e-05
2015-12-09,1,elasticnet,65,0.00614504186886311,3.9270752114560256e-05
2015-12-10,1,elasticnet,65,-0.003887472926452418,3.9270752114560256e-05
2015-12-11,1,elasticnet,65,0.0004099200713278961,3.9270752114560256e-05
2015-12-14,1,elasticnet,65,0.006332367192051436,3.9270752114560256e-05
2015-12-15,1,elasticnet,65,-0.00356979317337025,3.9270752114560256e-05
2015-12-16,1,elasticnet,65,0.01420334316390193,3.9270752114560256e-05
2015-12-17,1,elasticnet,65,-0.005758464162194166,3.9270752114560256e-05
2015-12-18,1,elasticnet,65,-0.00345072909144406,3.9270752114560256e-05
2015-12-21,1,elasticnet,65,-0.001322549661213479,3.9270752114560256e-05
2015-12-22,1,elasticnet,65,0.001119194297015014,3.9270752114560256e-05
2015-12-23,1,elasticnet,65,-0.003667485773364731,3.9270752114560256e-05
2015-12-24,1,elasticnet,65,0.0,3.9270752114560256e-05
2015-12-25,1,elasticnet,65,-0.0006125574464128647,3.9270752114560256e-05
2015-12-28,1,elasticnet,65,0.001836547807301692,3.9270752114560256e-05
2015-12-29,1,elasticnet,65,0.001731425803018105,3.9270752114560256e-05
2015-12-30,1,elasticnet,65,0.003656682591566707,3.9270752114560256e-05
2015-12-31,1,elasticnet,65,0.0,3.9270752114560256e-05
2016-01-01,1,elasticnet,65,0.002430380943139632,3.9270752114560256e-05
2016-01-04,1,elasticnet,65,0.005346257753486405,3.9270752114560256e-05
2016-01-05,1,elasticnet,65,-0.002215732601540843,3.9270752114560256e-05
2016-01-06,1,elasticnet,65,-0.009726520449889087,3.9270752114560256e-05
2016-01-07,1,elasticnet,65,0.0032526965047186,3.9270752114560256e-05
2016-01-08,1,elasticnet,65,0.001825003041260764,3.9270752114560256e-05
2016-01-11,1,elasticnet,65,0.002529213751522263,3.9270752114560256e-05
2016-01-12,1,elasticnet,65,-0.0004042445734686595,3.9270752114560256e-05
2016-01-13,1,elasticnet,65,0.001615998735676527,3.9270752114560256e-05
2016-01-14,1,elasticnet,65,-0.001312799986575186,3.9270752114560256e-05
2016-01-15,1,elasticnet,65,0.0,3.9270752114560256e-05
2016-01-18,1,elasticnet,65,0.0003031068474834697,3.9270752114560256e-05
2016-01-19,1,elasticnet,65,0.001009693139091716,3.9270752114560256e-05
2016-01-20,1,elasticnet,65,-0.0003028009107159946,3.9270752114560256e-05
2016-01-21,1,elasticnet,65,0.005135187239901029,3.9270752114560256e-05
2016-01-22,1,elasticnet,65,-0.002111296214824421,3.9270752114560256e-05
2016-01-25,1,elasticnet,65,0.0,3.9270752114560256e-05
2016-01-26,1,elasticnet,65,-0.004640379556501983,3.9270752114560256e-05
2016-01-27,1,elasticnet,65,-0.003951172761079036,3.9270752114560256e-05
2016-01-28,1,elasticnet,65,0.01110449528948632,3.9270752114560256e-05
2016-01-29,1,elasticnet,65,-0.00604170602265075,3.9270752114560256e-05
2016-02-01,1,elasticnet,65,-0.001414999225381131,3.9270752114560256e-05
2016-02-02,1,elasticnet,65,-0.01610964692170569,3.9270752114560256e-05
2016-02-03,1,elasticnet,65,-0.008464129804874432,3.9270752114560256e-05
2016-02-04,1,elasticnet,65,0.005788129854746416,3.9270752114560256e-05
2016-02-05,1,elasticnet,65,-0.0047520750583816,3.9270752114560256e-05
2016-02-08,1,elasticnet,65,-0.005191041557179865,3.9270752114560256e-05
2016-02-09,1,elasticnet,65,-0.001875391256056957,3.9270752114560256e-05
2016-02-10,1,elasticnet,65,-0.003447378707980953,3.9270752114560256e-05
2016-02-11,1,elasticnet,65,0.003968673616308926,3.9270752114560256e-05
2015-12-18,1,elasticnet,66,-0.00345072909144406,3.5516408423192615e-05
2015-12-21,1,elasticnet,66,-0.001322549661213479,3.5516408423192615e-05
2015-12-22,1,elasticnet,66,0.001119194297015014,3.5516408423192615e-05
2015-12-23,1,elasticnet,66,-0.003667485773364731,3.5516408423192615e-05
2015-12-24,1,elasticnet,66,0.0,3.5516408423192615e-05
2015-12-25,1,elasticnet,66,-0.0006125574464128647,3.5516408423192615e-05
2015-12-28,1,elasticnet,66,0.001836547807301692,3.5516408423192615e-05
2015-12-29,1,elasticnet,66,0.001731425803018105,3.5516408423192615e-05
2015-12-30,1,elasticnet,66,0.003656682591566707,3.5516408423192615e-05
2015-12-31,1,elasticnet,66,0.0,3.5516408423192615e-05
2016-01-01,1,elasticnet,66,0.002430380943139632,3.5516408423192615e-05
2016-01-04,1,elasticnet,66,0.005346257753486405,3.5516408423192615e-05
2016-01-05,1,elasticnet,66,-0.002215732601540843,3.5516408423192615e-05
2016-01-06,1,elasticnet,66,-0.009726520449889087,3.5516408423192615e-05
2016-01-07,1,elasticnet,66,0.0032526965047186,3.5516408423192615e-05
2016-01-08,1,elasticnet,66,0.001825003041260764,3.5516408423192615e-05
2016-01-11,1,elasticnet,66,0.002529213751522263,3.5516408423192615e-05
2016-01-12,1,elasticnet,66,-0.0004042445734686595,3.5516408423192615e-05
2016-01-13,1,elasticnet,66,0.001615998735676527,3.5516408423192615e-05
2016-01-14,1,elasticnet,66,-0.001312799986575186,3.5516408423192615e-05
2016-01-15,1,elasticnet,66,0.0,3.5516408423192615e-05
2016-01-18,1,elasticnet,66,0.0003031068474834697,3.5516408423192615e-05
2016-01-19,1,elasticnet,66,0.001009693139091716,3.5516408423192615e-05
2016-01-20,1,elasticnet,66,-0.0003028009107159946,3.5516408423192615e-05
2016-01-21,1,elasticnet,66,0.005135187239901029,3.5516408423192615e-05
2016-01-22,1,elasticnet,66,-0.002111296214824421,3.5516408423192615e-05
2016-01-25,1,elasticnet,66,0.0,3.5516408423192615e-05
2016-01-26,1,elasticnet,66,-0.004640379556501983,3.5516408423192615e-05
2016-01-27,1,elasticnet,66,-0.003951172761079036,3.5516408423192615e-05
2016-01-28,1,elasticnet,66,0.01110449528948632,3.5516408423192615e-05
2016-01-29,1,elasticnet,66,-0.00604170602265075,3.5516408423192615e-05
2016-02-01,1,elasticnet,66,-0.001414999225381131,3.5516408423192615e-05
2016-02-02,1,elasticnet,66,-0.01610964692170569,3.5516408423192615e-05
2016-02-03,1,elasticnet,66,-0.008464129804874432,3.5516408423192615e-05
2016-02-04,1,elasticnet,66,0.005788129854746416,3.5516408423192615e-05
2016-02-05,1,elasticnet,66,-0.0047520750583816,3.5516408423192615e-05
2016-02-08,1,elasticnet,66,-0.005191041557179865,3.5516408423192615e-05
2016-02-09,1,elasticnet,66,-0.001875391256056957,3.5516408423192615e-05
2016-02-10,1,elasticnet,66,-0.003447378707980953,3.5516408423192615e-05
2016-02-11,1,elasticnet,66,0.003968673616308926,3.5516408423192615e-05
2016-02-12,1,elasticnet,66,0.0004168403561815026,3.5516408423192615e-05
2016-02-15,1,elasticnet,66,0.009230037008194358,3.5516408423192615e-05
2016-02-16,1,elasticnet,66,-0.0008261902772961349,3.5516408423192615e-05
2016-02-17,1,elasticnet,66,0.001651698527663115,3.5516408423192615e-05
2016-02-18,1,elasticnet,66,-0.003616640470188059,3.5516408423192615e-05
2016-02-19,1,elasticnet,66,0.008042109536082087,3.5516408423192615e-05
2016-02-22,1,elasticnet,66,0.001026378002451089,3.5516408423192615e-05
2016-02-23,1,elasticnet,66,-0.0002051913416458717,3.5516408423192615e-05
2016-02-24,1,elasticnet,66,-0.001745828428023621,3.5516408423192615e-05
2016-02-25,1,elasticnet,66,0.00880071173513386,3.5516408423192615e-05
2016-02-26,1,elasticnet,66,0.0006111224472125087,3.5516408423192615e-05
2016-02-29,1,elasticnet,66,0.001424501665385769,3.5516408423192615e-05
2016-03-01,1,elasticnet,66,-0.001424501665385769,3.5516408423192615e-05
2016-03-02,1,elasticnet,66,-0.006333014016313143,3.5516408423192615e-05
2016-03-03,1,elasticnet,66,-0.002565024748061084,3.5516408423192615e-05
2016-03-04,1,elasticnet,66,-0.00277763668117359,3.5516408423192615e-05
2016-03-07,1,elasticnet,66,0.001441219108842873,3.5516408423192615e-05
2016-03-08,1,elasticnet,66,-0.0004115649816300859,3.5516408423192615e-05
2016-03-09,1,elasticnet,66,-0.01138492942970082,3.5516408423192615e-05
2016-03-10,1,elasticnet,66,0.001040366302743401,3.5516408423192615e-05
2016-01-15,1,elasticnet,67,0.0,3.627249246899298e-05
2016-01-18,1,elasticnet,67,0.0003031068474834697,3.627249246899298e-05
2016-01-19,1,elasticnet,67,0.001009693139091716,3.627249246899298e-05
2016-01-20,1,elasticnet,67,-0.0003028009107159946,3.627249246899298e-05
2016-01-21,1,elasticnet,67,0.005135187239901029,3.627249246899298e-05
2016-01-22,1,elasticnet,67,-0.002111296214824421,3.627249246899298e-05
2016-01-25,1,elasticnet,67,0.0,3.627249246899298e-05
2016-01-26,1,elasticnet,67,-0.004640379556501983,3.627249246899298e-05
2016-01-27,1,elasticnet,67,-0.003951172761079036,3.627249246899298e-05
2016-01-28,1,elasticnet,67,0.01110449528948632,3.627249246899298e-05
2016-01-29,1,elasticnet,67,-0.00604170602265075,3.627249246899298e-05
2016-02-01,1,elasticnet,67,-0.001414999225381131,3.627249246899298e-05
2016-02-02,1,elasticnet,67,-0.01610964692170569,3.627249246899298e-05
2016-02-03,1,elasticnet,67,-0.008464129804874432,3.627249246899298e-05
2016-02-04,1,elasticnet,67,0.005788129854746416,3.627249246899298e-05
2016-02-05,1,elasticnet,67,-0.0047520750583816,3.627249246899298e-05
2016-02-08,1,elasticnet,67,-0.005191041557179865,3.627249246899298e-05
2016-02-09,1,elasticnet,67,-0.001875391256056957,3.627249246899298e-05
2016-02-10,1,elasticnet,67,-0.003447378707980953,3.627249246899298e-05
2016-02-11,1,elasticnet,67,0.003968673616308926,3.627249246899298e-05
2016-02-12,1,elasticnet,67,0.0004168403561815026,3.627249246899298e-05
2016-02-15,1,elasticnet,67,0.009230037008194358,3.627249246899298e-05
2016-02-16,1,elasticnet,67,-0.0008261902772961349,3.627249246899298e-05
2016-02-17,1,elasticnet,67,0.001651698527663115,3.627249246899298e-05
2016-02-18,1,elasticnet,67,-0.003616640470188059,3.627249246899298e-05
2016-02-19,1,elasticnet,67,0.008042109536082087,3.627249246899298e-05
2016-02-22,1,elasticnet,67,0.001026378002451089,3.627249246899298e-05
2016-02-23,1,elasticnet,67,-0.0002051913416458717,3.627249246899298e-05
2016-02-24,1,elasticnet,67,-0.001745828428023621,3.627249246899298e-05
2016-02-25,1,elasticnet,67,0.00880071173513386,3.627249246899298e-05
2016-02-26,1,elasticnet,67,0.0006111224472125087,3.627249246899298e-05
2016-02-29,1,elasticnet,67,0.001424501665385769,3.627249246899298e-05
2016-03-01,1,elasticnet,67,-0.001424501665385769,3.627249246899298e-05
2016-03-02,1,elasticnet,67,-0.006333014016313143,3.627249246899298e-05
2016-03-03,1,elasticnet,67,-0.002565024748061084,3.627249246899298e-05
2016-03-04,1,elasticnet,67,-0.00277763668117359,3.627249246899298e-05
2016-03-07,1,elasticnet,67,0.001441219108842873,3.627249246899298e-05
2016-03-08,1,elasticnet,67,-0.0004115649816300859,3.627249246899298e-05
2016-03-09,1,elasticnet,67,-0.01138492942970082,3.627249246899298e-05
2016-03-10,1,elasticnet,67,0.001040366302743401,3.627249246899298e-05
2016-03-11,1,elasticnet,67,0.004668300401870162,3.627249246899298e-05
2016-03-14,1,elasticnet,67,0.0001034928849570349,3.627249246899298e-05
2016-03-15,1,elasticnet,67,-0.007687550845627555,3.627249246899298e-05
2016-03-16,1,elasticnet,67,-0.01185432187500535,3.627249246899298e-05
2016-03-17,1,elasticnet,67,0.003476432260768547,3.627249246899298e-05
2016-03-18,1,elasticnet,67,0.002101061808743587,3.627249246899298e-05
2016-03-21,1,elasticnet,67,0.003770822526165674,3.627249246899298e-05
2016-03-22,1,elasticnet,67,0.004173193328303348,3.627249246899298e-05
2016-03-23,1,elasticnet,67,0.0009365732512485181,3.627249246899298e-05
2016-03-24,1,elasticnet,67,0.0,3.627249246899298e-05
2016-03-25,1,elasticnet,67,-0.002082466391896354,3.627249246899298e-05
2016-03-28,1,elasticnet,67,-0.008163310639161203,3.627249246899298e-05
2016-03-29,1,elasticnet,67,-0.003368424237551793,3.627249246899298e-05
2016-03-30,1,elasticnet,67,-0.00263949897212612,3.627249246899298e-05
2016-03-31,1,elasticnet,67,0.0003171079779233921,3.627249246899298e-05
2016-04-01,1,elasticnet,67,-0.001163221196037512,3.627249246899298e-05
2016-04-04,1,elasticnet,67,0.001268901513176601,3.627249246899298e-05
2016-04-05,1,elasticnet,67,-0.002115731245162955,3.627249246899298e-05
2016-04-06,1,elasticnet,67,0.0005293526141283422,3.627249246899298e-05
2016-04-07,1,elasticnet,67,-0.002649569670441387,3.627249246899298e-05
2016-02-12,1,elasticnet,68,0.0004168403561815026,2.388257768004972e-05
2016-02-15,1,elasticnet,68,0.009230037008194358,2.388257768004972e-05
2016-02-16,1,elasticnet,68,-0.0008261902772961349,2.388257768004972e-05
2016-02-17,1,elasticnet,68,0.001651698527663115,2.388257768004972e-05
2016-02-18,1,elasticnet,68,-0.003616640470188059,2.388257768004972e-05
2016-02-19,1,elasticnet,68,0.008042109536082087,2.388257768004972e-05
2016-02-22,1,elasticnet,68,0.001026378002451089,2.388257768004972e-05
2016-02-23,1,elasticnet,68,-0.0002051913416458717,2.388257768004972e-05
2016-02-24,1,elasticnet,68,-0.001745828428023621,2.388257768004972e-05
2016-02-25,1,elasticnet,68,0.00880071173513386,2.388257768004972e-05
2016-02-26,1,elasticnet,68,0.0006111224472125087,2.388257768004972e-05
2016-02-29,1,elasticnet,68,0.001424501665385769,2.388257768004972e-05
2016-03-01,1,elasticnet,68,-0.001424501665385769,2.388257768004972e-05
2016-03-02,1,elasticnet,68,-0.006333014016313143,2.388257768004972e-05
2016-03-03,1,elasticnet,68,-0.002565024748061084,2.388257768004972e-05
2016-03-04,1,elasticnet,68,-0.00277763668117359,2.388257768004972e-05
2016-03-07,1,elasticnet,68,0.001441219108842873,2.388257768004972e-05
2016-03-08,1,elasticnet,68,-0.0004115649816300859,2.388257768004972e-05
2016-03-09,1,elasticnet,68,-0.01138492942970082,2.388257768004972e-05
2016-03-10,1,elasticnet,68,0.001040366302743401,2.388257768004972e-05
2016-03-11,1,elasticnet,68,0.004668300401870162,2.388257768004972e-05
2016-03-14,1,elasticnet,68,0.0001034928849570349,2.388257768004972e-05
2016-03-15,1,elasticnet,68,-0.007687550845627555,2.388257768004972e-05
2016-03-16,1,elasticnet,68,-0.01185432187500535,2.388257768004972e-05
2016-03-17,1,elasticnet,68,0.003476432260768547,2.388257768004972e-05
2016-03-18,1,elasticnet,68,0.002101061808743587,2.388257768004972e-05
2016-03-21,1,elasticnet,68,0.003770822526165674,2.388257768004972e-05
2016-03-22,1,elasticnet,68,0.004173193328303348,2.388257768004972e-05
2016-03-23,1,elasticnet,68,0.0009365732512485181,2.388257768004972e-05
2016-03-24,1,elasticnet,68,0.0,2.388257768004972e-05
2016-03-25,1,elasticnet,68,-0.002082466391896354,2.388257768004972e-05
2016-03-28,1,elasticnet,68,-0.008163310639161203,2.388257768004972e-05
2016-03-29,1,elasticnet,68,-0.003368424237551793,2.388257768004972e-05
2016-03-30,1,elasticnet,68,-0.00263949897212612,2.388257768004972e-05
2016-03-31,1,elasticnet,68,0.0003171079779233921,2.388257768004972e-05
2016-04-01,1,elasticnet,68,-0.001163221196037512,2.388257768004972e-05
2016-04-04,1,elasticnet,68,0.001268901513176601,2.388257768004972e-05
2016-04-05,1,elasticnet,68,-0.002115731245162955,2.388257768004972e-05
2016-04-06,1,elasticnet,68,0.0005293526141283422,2.388257768004972e-05
2016-04-07,1,elasticnet,68,-0.002649569670441387,2.388257768004972e-05
2016-04-08,1,elasticnet,68,-0.002975876359190721,2.388257768004972e-05
2016-04-11,1,elasticnet,68,0.0001064339312373264,2.388257768004972e-05
2016-04-12,1,elasticnet,68,0.008267137704893734,2.388257768004972e-05
2016-04-13,1,elasticnet,68,0.001687408120276679,2.388257768004972e-05
2016-04-14,1,elasticnet,68,-0.002109705423849917,2.388257768004972e-05
2016-04-15,1,elasticnet,68,-0.002219991397497623,2.388257768004972e-05
2016-04-18,1,elasticnet,68,-0.00541201511986511,2.388257768004972e-05
2016-04-19,1,elasticnet,68,0.00541201511986511,2.388257768004972e-05
2016-04-20,1,elasticnet,68,0.001163467263297413,2.388257768004972e-05
2016-04-21,1,elasticnet,68,0.005481776324693932,2.388257768004972e-05
2016-04-22,1,elasticnet,68,-0.002947991185321186,2.388257768004972e-05
2016-04-25,1,elasticnet,68,-0.002850960169784145,2.388257768004972e-05
2016-04-26,1,elasticnet,68,-0.001905165690567756,2.388257768004972e-05
2016-04-27,1,elasticnet,68,-0.006696809508150103,2.388257768004972e-05
2016-04-28,1,elasticnet,68,-0.007278987394611747,2.388257768004972e-05
2016-04-29,1,elasticnet,68,-0.004846275168154612,2.388257768004972e-05
2016-05-02,1,elasticnet,68,0.003341060390895656,2.388257768004972e-05
2016-05-03,1,elasticnet,68,0.002578982731818336,2.388257768004972e-05
2016-05-04,1,elasticnet,68,0.006418507272790031,2.388257768004972e-05
2016-05-05,1,elasticnet,68,0.001172270609015591,2.388257768004972e-05
2016-03-11,1,elasticnet,69,0.004668300401870162,2.462552771759676e-05
2016-03-14,1,elasticnet,69,0.0001034928849570349,2.462552771759676e-05
2016-03-15,1,elasticnet,69,-0.007687550845627555,2.462552771759676e-05
2016-03-16,1,elasticnet,69,-0.01185432187500535,2.462552771759676e-05
2016-03-17,1,elasticnet,69,0.003476432260768547,2.462552771759676e-05
2016-03-18,1,elasticnet,69,0.002101061808743587,2.462552771759676e-05
2016-03-21,1,elasticnet,69,0.003770822526165674,2.462552771759676e-05
2016-03-22,1,elasticnet,69,0.004173193328303348,2.462552771759676e-05
2016-03-23,1,elasticnet,69,0.0009365732512485181,2.462552771759676e-05
2016-03-24,1,elasticnet,69,0.0,2.462552771759676e-05
2016-03-25,1,elasticnet,69,-0.002082466391896354,2.462552771759676e-05
2016-03-28,1,elasticnet,69,-0.008163310639161203,2.462552771759676e-05
2016-03-29,1,elasticnet,69,-0.003368424237551793,2.462552771759676e-05
2016-03-30,1,elasticnet,69,-0.00263949897212612,2.462552771759676e-05
2016-03-31,1,elasticnet,69,0.0003171079779233921,2.462552771759676e-05
2016-04-01,1,elasticnet,69,-0.001163221196037512,2.462552771759676e-05
2016-04-04,1,elasticnet,69,0.001268901513176601,2.462552771759676e-05
2016-04-05,1,elasticnet,69,-0.002115731245162955,2.462552771759676e-05
2016-04-06,1,elasticnet,69,0.0005293526141283422,2.462552771759676e-05
2016-04-07,1,elasticnet,69,-0.002649569670441387,2.462552771759676e-05
2016-04-08,1,elasticnet,69,-0.002975876359190721,2.462552771759676e-05
2016-04-11,1,elasticnet,69,0.0001064339312373264,2.462552771759676e-05
2016-04-12,1,elasticnet,69,0.008267137704893734,2.462552771759676e-05
2016-04-13,1,elasticnet,69,0.001687408120276679,2.462552771759676e-05
2016-04-14,1,elasticnet,69,-0.002109705423849917,2.462552771759676e-05
2016-04-15,1,elasticnet,69,-0.002219991397497623,2.462552771759676e-05
2016-04-18,1,elasticnet,69,-0.00541201511986511,2.462552771759676e-05
2016-04-19,1,elasticnet,69,0.00541201511986511,2.462552771759676e-05
2016-04-20,1,elasticnet,69,0.001163467263297413,2.462552771759676e-05
2016-04-21,1,elasticnet,69,0.005481776324693932,2.462552771759676e-05
2016-04-22,1,elasticnet,69,-0.002947991185321186,2.462552771759676e-05
2016-04-25,1,elasticnet,69,-0.002850960169784145,2.462552771759676e-05
2016-04-26,1,elasticnet,69,-0.001905165690567756,2.462552771759676e-05
2016-04-27,1,elasticnet,69,-0.006696809508150103,2.462552771759676e-05
2016-04-28,1,elasticnet,69,-0.007278987394611747,2.462552771759676e-05
2016-04-29,1,elasticnet,69,-0.004846275168154612,2.462552771759676e-05
2016-05-02,1,elasticnet,69,0.003341060390895656,2.462552771759676e-05
2016-05-03,1,elasticnet,69,0.002578982731818336,2.462552771759676e-05
2016-05-04,1,elasticnet,69,0.006418507272790031,2.462552771759676e-05
2016-05-05,1,elasticnet,69,0.001172270609015591,2.462552771759676e-05
2016-05-06,1,elasticnet,69,0.002552921288672572,2.462552771759676e-05
2016-05-09,1,elasticnet,69,0.001698333918457529,2.462552771759676e-05
2016-05-10,1,elasticnet,69,-0.004997086577274601,2.462552771759676e-05
2016-05-11,1,elasticnet,69,0.003511202202849617,2.462552771759676e-05
2016-05-12,1,elasticnet,69,0.004873923613192055,2.462552771759676e-05
2016-05-13,1,elasticnet,69,-0.0004228776889325658,2.462552771759676e-05
2016-05-16,1,elasticnet,69,-0.0002115059229543803,2.462552771759676e-05
2016-05-17,1,elasticnet,69,0.005589847387526881,2.462552771759676e-05
2016-05-18,1,elasticnet,69,0.002206230868103454,2.462552771759676e-05
2016-05-19,1,elasticnet,69,0.0004196831453899819,2.462552771759676e-05
2016-05-20,1,elasticnet,69,-0.001049538299532138,2.462552771759676e-05
2016-05-23,1,elasticnet,69,0.003563945072134089,2.462552771759676e-05
2016-05-24,1,elasticnet,69,-0.002304631231660359,2.462552771759676e-05
2016-05-25,1,elasticnet,69,-0.001889565962176043,2.462552771759676e-05
2016-05-26,1,elasticnet,69,0.003670883560039861,2.462552771759676e-05
2016-05-27,1,elasticnet,69,0.0,2.462552771759676e-05
2016-05-30,1,elasticnet,69,0.00386605152129782,2.462552771759676e-05
2016-05-31,1,elasticnet,69,-0.004599150993833234,2.462552771759676e-05
2016-06-01,1,elasticnet,69,0.001151772285852282,2.462552771759676e-05
2016-06-02,1,elasticnet,69,-0.01614044216862354,2.462552771759676e-05
2016-04-08,1,elasticnet,70,-0.002975876359190721,1.6598078848336395e-05
2016-04-11,1,elasticnet,70,0.0001064339312373264,1.6598078848336395e-05
2016-04-12,1,elasticnet,70,0.008267137704893734,1.6598078848336395e-05
2016-04-13,1,elasticnet,70,0.001687408120276679,1.6598078848336395e-05
2016-04-14,1,elasticnet,70,-0.002109705423849917,1.6598078848336395e-05
2016-04-15,1,elasticnet,70,-0.002219991397497623,1.6598078848336395e-05
2016-04-18,1,elasticnet,70,-0.00541201511986511,1.6598078848336395e-05
2016-04-19,1,elasticnet,70,0.00541201511986511,1.6598078848336395e-05
2016-04-20,1,elasticnet,70,0.001163467263297413,1.6598078848336395e-05
2016-04-21,1,elasticnet,70,0.005481776324693932,1.6598078848336395e-05
2016-04-22,1,elasticnet,70,-0.002947991185321186,1.6598078848336395e-05
2016-04-25,1,elasticnet,70,-0.002850960169784145,1.6598078848336395e-05
2016-04-26,1,elasticnet,70,-0.001905165690567756,1.6598078848336395e-05
2016-04-27,1,elasticnet,70,-0.006696809508150103,1.6598078848336395e-05
2016-04-28,1,elasticnet,70,-0.007278987394611747,1.6598078848336395e-05
2016-04-29,1,elasticnet,70,-0.004846275168154612,1.6598078848336395e-05
2016-05-02,1,elasticnet,70,0.003341060390895656,1.6598078848336395e-05
2016-05-03,1,elasticnet,70,0.002578982731818336,1.6598078848336395e-05
2016-05-04,1,elasticnet,70,0.006418507272790031,1.6598078848336395e-05
2016-05-05,1,elasticnet,70,0.001172270609015591,1.6598078848336395e-05
2016-05-06,1,elasticnet,70,0.002552921288672572,1.6598078848336395e-05
2016-05-09,1,elasticnet,70,0.001698333918457529,1.6598078848336395e-05
2016-05-10,1,elasticnet,70,-0.004997086577274601,1.6598078848336395e-05
2016-05-11,1,elasticnet,70,0.003511202202849617,1.6598078848336395e-05
2016-05-12,1,elasticnet,70,0.004873923613192055,1.6598078848336395e-05
2016-05-13,1,elasticnet,70,-0.0004228776889325658,1.6598078848336395e-05
2016-05-16,1,elasticnet,70,-0.0002115059229543803,1.6598078848336395e-05
2016-05-17,1,elasticnet,70,0.005589847387526881,1.6598078848336395e-05
2016-05-18,1,elasticnet,70,0.002206230868103454,1.6598078848336395e-05
2016-05-19,1,elasticnet,70,0.0004196831453899819,1.6598078848336395e-05
2016-05-20,1,elasticnet,70,-0.001049538299532138,1.6598078848336395e-05
2016-05-23,1,elasticnet,70,0.003563945072134089,1.6598078848336395e-05
2016-05-24,1,elasticnet,70,-0.002304631231660359,1.6598078848336395e-05
2016-05-25,1,elasticnet,70,-0.001889565962176043,1.6598078848336395e-05
2016-05-26,1,elasticnet,70,0.003670883560039861,1.6598078848336395e-05
2016-05-27,1,elasticnet,70,0.0,1.6598078848336395e-05
2016-05-30,1,elasticnet,70,0.00386605152129782,1.6598078848336395e-05
2016-05-31,1,elasticnet,70,-0.004599150993833234,1.6598078848336395e-05
2016-06-01,1,elasticnet,70,0.001151772285852282,1.6598078848336395e-05
2016-06-02,1,elasticnet,70,-0.01614044216862354,1.6598078848336395e-05
2016-06-03,1,elasticnet,70,-0.001383494074768343,1.6598078848336395e-05
2016-06-06,1,elasticnet,70,-0.0007457519122588963,1.6598078848336395e-05
2016-06-07,1,elasticnet,70,-0.002561094132793151,1.6598078848336395e-05
2016-06-08,1,elasticnet,70,0.003839185690309499,1.6598078848336395e-05
2016-06-09,1,elasticnet,70,0.006577575167946215,1.6598078848336395e-05
2016-06-10,1,elasticnet,70,-0.002223046487946689,1.6598078848336395e-05
2016-06-13,1,elasticnet,70,0.006022523354233478,1.6598078848336395e-05
2016-06-14,1,elasticnet,70,-0.003376599177354223,1.6598078848336395e-05
2016-06-15,1,elasticnet,70,-0.0004228776889325658,1.6598078848336395e-05
2016-06-16,1,elasticnet,70,-0.003813967966844523,1.6598078848336395e-05
2016-06-17,1,elasticnet,70,-0.006389117676922851,1.6598078848336395e-05
2016-06-20,1,elasticnet,70,0.004370310212331141,1.6598078848336395e-05
2016-06-21,1,elasticnet,70,-0.003195911956389352,1.6598078848336395e-05
2016-06-22,1,elasticnet,70,-0.002029373193135342,1.6598078848336395e-05
2016-06-23,1,elasticnet,70,0.02032030972529686,1.6598078848336395e-05
2016-06-24,1,elasticnet,70,0.01135488006059049,1.6598078848336395e-05
2016-06-27,1,elasticnet,70,-0.003008457064453296,1.6598078848336395e-05
2016-06-28,1,elasticnet,70,-0.004999489634365695,1.6598078848336395e-05
2016-06-29,1,elasticnet,70,0.003855978932286064,1.6598078848336395e-05
2016-06-30,1,elasticnet,70,-0.005109766579551867,1.6598078848336395e-05
2016-05-06,1,elasticnet,71,0.002552921288672572,1.509171261735325e-05
2016-05-09,1,elasticnet,71,0.001698333918457529,1.509171261735325e-05
2016-05-10,1,elasticnet,71,-0.004997086577274601,1.509171261735325e-05
2016-05-11,1,elasticnet,71,0.003511202202849617,1.509171261735325e-05
2016-05-12,1,elasticnet,71,0.004873923613192055,1.509171261735325e-05
2016-05-13,1,elasticnet,71,-0.0004228776889325658,1.509171261735325e-05
2016-05-16,1,elasticnet,71,-0.0002115059229543803,1.509171261735325e-05
2016-05-17,1,elasticnet,71,0.005589847387526881,1.509171261735325e-05
2016-05-18,1,elasticnet,71,0.002206230868103454,1.509171261735325e-05
2016-05-19,1,elasticnet,71,0.0004196831453899819,1.509171261735325e-05
2016-05-20,1,elasticnet,71,-0.001049538299532138,1.509171261735325e-05
2016-05-23,1,elasticnet,71,0.003563945072134089,1.509171261735325e-05
2016-05-24,1,elasticnet,71,-0.002304631231660359,1.509171261735325e-05
2016-05-25,1,elasticnet,71,-0.001889565962176043,1.509171261735325e-05
2016-05-26,1,elasticnet,71,0.003670883560039861,1.509171261735325e-05
2016-05-27,1,elasticnet,71,0.0,1.509171261735325e-05
2016-05-30,1,elasticnet,71,0.00386605152129782,1.509171261735325e-05
2016-05-31,1,elasticnet,71,-0.004599150993833234,1.509171261735325e-05
2016-06-01,1,elasticnet,71,0.001151772285852282,1.509171261735325e-05
2016-06-02,1,elasticnet,71,-0.01614044216862354,1.509171261735325e-05
2016-06-03,1,elasticnet,71,-0.001383494074768343,1.509171261735325e-05
2016-06-06,1,elasticnet,71,-0.0007457519122588963,1.509171261735325e-05
2016-06-07,1,elasticnet,71,-0.002561094132793151,1.509171261735325e-05
2016-06-08,1,elasticnet,71,0.003839185690309499,1.509171261735325e-05
2016-06-09,1,elasticnet,71,0.006577575167946215,1.509171261735325e-05
2016-06-10,1,elasticnet,71,-0.002223046487946689,1.509171261735325e-05
2016-06-13,1,elasticnet,71,0.006022523354233478,1.509171261735325e-05
2016-06-14,1,elasticnet,71,-0.003376599177354223,1.509171261735325e-05
2016-06-15,1,elasticnet,71,-0.0004228776889325658,1.509171261735325e-05
2016-06-16,1,elasticnet,71,-0.003813967966844523,1.509171261735325e-05
2016-06-17,1,elasticnet,71,-0.006389117676922851,1.509171261735325e-05
2016-06-20,1,elasticnet,71,0.004370310212331141,1.509171261735325e-05
2016-06-21,1,elasticnet,71,-0.003195911956389352,1.509171261735325e-05
2016-06-22,1,elasticnet,71,-0.002029373193135342,1.509171261735325e-05
2016-06-23,1,elasticnet,71,0.02032030972529686,1.509171261735325e-05
2016-06-24,1,elasticnet,71,0.01135488006059049,1.509171261735325e-05
2016-06-27,1,elasticnet,71,-0.003008457064453296,1.509171261735325e-05
2016-06-28,1,elasticnet,71,-0.004999489634365695,1.509171261735325e-05
2016-06-29,1,elasticnet,71,0.003855978932286064,1.509171261735325e-05
2016-06-30,1,elasticnet,71,-0.005109766579551867,1.509171261735325e-05
2016-07-01,1,elasticnet,71,0.0,1.509171261735325e-05
2016-07-04,1,elasticnet,71,0.005421762838127897,1.509171261735325e-05
2016-07-05,1,elasticnet,71,-0.001248569509824549,1.509171261735325e-05
2016-07-06,1,elasticnet,71,0.002910907554966258,1.509171261735325e-05
2016-07-07,1,elasticnet,71,-0.0003114779654520561,1.509171261735325e-05
2016-07-08,1,elasticnet,71,0.002799815174746811,1.509171261735325e-05
2016-07-11,1,elasticnet,71,-0.001347080665856204,1.509171261735325e-05
2016-07-12,1,elasticnet,71,-0.002283817041663028,1.509171261735325e-05
2016-07-13,1,elasticnet,71,-0.001456058499579527,1.509171261735325e-05
2016-07-14,1,elasticnet,71,0.005190502673667829,1.509171261735325e-05
2016-07-15,1,elasticnet,71,-0.0002071036561197559,1.509171261735325e-05
2016-07-18,1,elasticnet,71,0.005164767187793906,1.509171261735325e-05
2016-07-19,1,elasticnet,71,0.00144136748932322,1.509171261735325e-05
2016-07-20,1,elasticnet,71,-0.002059732963010319,1.509171261735325e-05
2016-07-21,1,elasticnet,71,0.004833659845735916,1.509171261735325e-05
2016-07-22,1,elasticnet,71,-0.001848429361782422,1.509171261735325e-05
2016-07-25,1,elasticnet,71,-0.001337104853364579,1.509171261735325e-05
2016-07-26,1,elasticnet,71,-0.001132794518952096,1.509171261735325e-05
2016-07-27,1,elasticnet,71,-0.003199342220182366,1.509171261735325e-05
2016-07-28,1,elasticnet,71,-0.01258663311292008,1.509171261735325e-05
2016-06-03,1,elasticnet,72,-0.001383494074768343,1.5541773892422262e-05
2016-06-06,1,elasticnet,72,-0.0007457519122588963,1.5541773892422262e-05
2016-06-07,1,elasticnet,72,-0.002561094132793151,1.5541773892422262e-05
2016-06-08,1,elasticnet,72,0.003839185690309499,1.5541773892422262e-05
2016-06-09,1,elasticnet,72,0.006577575167946215,1.5541773892422262e-05
2016-06-10,1,elasticnet,72,-0.002223046487946689,1.5541773892422262e-05
2016-06-13,1,elasticnet,72,0.006022523354233478,1.5541773892422262e-05
2016-06-14,1,elasticnet,72,-0.003376599177354223,1.5541773892422262e-05
2016-06-15,1,elasticnet,72,-0.0004228776889325658,1.5541773892422262e-05
2016-06-16,1,elasticnet,72,-0.003813967966844523,1.5541773892422262e-05
2016-06-17,1,elasticnet,72,-0.006389117676922851,1.5541773892422262e-05
2016-06-20,1,elasticnet,72,0.004370310212331141,1.5541773892422262e-05
2016-06-21,1,elasticnet,72,-0.003195911956389352,1.5541773892422262e-05
2016-06-22,1,elasticnet,72,-0.002029373193135342,1.5541773892422262e-05
2016-06-23,1,elasticnet,72,0.02032030972529686,1.5541773892422262e-05
2016-06-24,1,elasticnet,72,0.01135488006059049,1.5541773892422262e-05
2016-06-27,1,elasticnet,72,-0.003008457064453296,1.5541773892422262e-05
2016-06-28,1,elasticnet,72,-0.004999489634365695,1.5541773892422262e-05
2016-06-29,1,elasticnet,72,0.003855978932286064,1.5541773892422262e-05
2016-06-30,1,elasticnet,72,-0.005109766579551867,1.5541773892422262e-05
2016-07-01,1,elasticnet,72,0.0,1.5541773892422262e-05
2016-07-04,1,elasticnet,72,0.005421762838127897,1.5541773892422262e-05
2016-07-05,1,elasticnet,72,-0.001248569509824549,1.5541773892422262e-05
2016-07-06,1,elasticnet,72,0.002910907554966258,1.5541773892422262e-05
2016-07-07,1,elasticnet,72,-0.0003114779654520561,1.5541773892422262e-05
2016-07-08,1,elasticnet,72,0.002799815174746811,1.5541773892422262e-05
2016-07-11,1,elasticnet,72,-0.001347080665856204,1.5541773892422262e-05
2016-07-12,1,elasticnet,72,-0.002283817041663028,1.5541773892422262e-05
2016-07-13,1,elasticnet,72,-0.001456058499579527,1.5541773892422262e-05
2016-07-14,1,elasticnet,72,0.005190502673667829,1.5541773892422262e-05
2016-07-15,1,elasticnet,72,-0.0002071036561197559,1.5541773892422262e-05
2016-07-18,1,elasticnet,72,0.005164767187793906,1.5541773892422262e-05
2016-07-19,1,elasticnet,72,0.00144136748932322,1.5541773892422262e-05
2016-07-20,1,elasticnet,72,-0.002059732963010319,1.5541773892422262e-05
2016-07-21,1,elasticnet,72,0.004833659845735916,1.5541773892422262e-05
2016-07-22,1,elasticnet,72,-0.001848429361782422,1.5541773892422262e-05
2016-07-25,1,elasticnet,72,-0.001337104853364579,1.5541773892422262e-05
2016-07-26,1,elasticnet,72,-0.001132794518952096,1.5541773892422262e-05
2016-07-27,1,elasticnet,72,-0.003199342220182366,1.5541773892422262e-05
2016-07-28,1,elasticnet,72,-0.01258663311292008,1.5541773892422262e-05
2016-07-29,1,elasticnet,72,0.001882451925897755,1.5541773892422262e-05
2016-08-01,1,elasticnet,72,-0.006814515021951628,1.5541773892422262e-05
2016-08-02,1,elasticnet,72,0.0052460512717456,1.5541773892422262e-05
2016-08-03,1,elasticnet,72,0.002090738792109192,1.5541773892422262e-05
2016-08-04,1,elasticnet,72,0.004480340914805758,1.5541773892422262e-05
2016-08-05,1,elasticnet,72,0.002180799451975801,1.5541773892422262e-05
2016-08-08,1,elasticnet,72,-0.002284765766982666,1.5541773892422262e-05
2016-08-09,1,elasticnet,72,-0.005525739963254672,1.5541773892422262e-05
2016-08-10,1,elasticnet,72,0.002193097845222702,1.5541773892422262e-05
2016-08-11,1,elasticnet,72,-0.001461530691312163,1.5541773892422262e-05
2016-08-12,1,elasticnet,72,-0.0009406846787216594,1.5541773892422262e-05
2016-08-15,1,elasticnet,72,-0.008822659896501328,1.5541773892422262e-05
2016-08-16,1,elasticnet,72,-0.0007387473292546076,1.5541773892422262e-05
2016-08-17,1,elasticnet,72,-0.005929708183674443,1.5541773892422262e-05
2016-08-18,1,elasticnet,72,0.003710186054943776,1.5541773892422262e-05
2016-08-19,1,elasticnet,72,0.0001058033117420365,1.5541773892422262e-05
2016-08-22,1,elasticnet,72,0.0002115730463838617,1.5541773892422262e-05
2016-08-23,1,elasticnet,72,0.002640893099859376,1.5541773892422262e-05
2016-08-24,1,elasticnet,72,-0.0002110149828462582,1.5541773892422262e-05
2016-08-25,1,elasticnet,72,0.008406059795984966,1.5541773892422262e-05
2016-07-01,1,elasticnet,73,0.0,2.1846653636568293e-05
2016-07-04,1,elasticnet,73,0.005421762838127897,2.1846653636568293e-05
2016-07-05,1,elasticnet,73,-0.001248569509824549,2.1846653636568293e-05
2016-07-06,1,elasticnet,73,0.002910907554966258,2.1846653636568293e-05
2016-07-07,1,elasticnet,73,-0.0003114779654520561,2.1846653636568293e-05
2016-07-08,1,elasticnet,73,0.002799815174746811,2.1846653636568293e-05
2016-07-11,1,elasticnet,73,-0.001347080665856204,2.1846653636568293e-05
2016-07-12,1,elasticnet,73,-0.002283817041663028,2.1846653636568293e-05
2016-07-13,1,elasticnet,73,-0.001456058499579527,2.1846653636568293e-05
2016-07-14,1,elasticnet,73,0.005190502673667829,2.1846653636568293e-05
2016-07-15,1,elasticnet,73,-0.0002071036561197559,2.1846653636568293e-05
2016-07-18,1,elasticnet,73,0.005164767187793906,2.1846653636568293e-05
2016-07-19,1,elasticnet,73,0.00144136748932322,2.1846653636568293e-05
2016-07-20,1,elasticnet,73,-0.002059732963010319,2.1846653636568293e-05
2016-07-21,1,elasticnet,73,0.004833659845735916,2.1846653636568293e-05
2016-07-22,1,elasticnet,73,-0.001848429361782422,2.1846653636568293e-05
2016-07-25,1,elasticnet,73,-0.001337104853364579,2.1846653636568293e-05
2016-07-26,1,elasticnet,73,-0.001132794518952096,2.1846653636568293e-05
2016-07-27,1,elasticnet,73,-0.003199342220182366,2.1846653636568293e-05
2016-07-28,1,elasticnet,73,-0.01258663311292008,2.1846653636568293e-05
2016-07-29,1,elasticnet,73,0.001882451925897755,2.1846653636568293e-05
2016-08-01,1,elasticnet,73,-0.006814515021951628,2.1846653636568293e-05
2016-08-02,1,elasticnet,73,0.0052460512717456,2.1846653636568293e-05
2016-08-03,1,elasticnet,73,0.002090738792109192,2.1846653636568293e-05
2016-08-04,1,elasticnet,73,0.004480340914805758,2.1846653636568293e-05
2016-08-05,1,elasticnet,73,0.002180799451975801,2.1846653636568293e-05
2016-08-08,1,elasticnet,73,-0.002284765766982666,2.1846653636568293e-05
2016-08-09,1,elasticnet,73,-0.005525739963254672,2.1846653636568293e-05
2016-08-10,1,elasticnet,73,0.002193097845222702,2.1846653636568293e-05
2016-08-11,1,elasticnet,73,-0.001461530691312163,2.1846653636568293e-05
2016-08-12,1,elasticnet,73,-0.0009406846787216594,2.1846653636568293e-05
2016-08-15,1,elasticnet,73,-0.008822659896501328,2.1846653636568293e-05
2016-08-16,1,elasticnet,73,-0.0007387473292546076,2.1846653636568293e-05
2016-08-17,1,elasticnet,73,-0.005929708183674443,2.1846653636568293e-05
2016-08-18,1,elasticnet,73,0.003710186054943776,2.1846653636568293e-05
2016-08-19,1,elasticnet,73,0.0001058033117420365,2.1846653636568293e-05
2016-08-22,1,elasticnet,73,0.0002115730463838617,2.1846653636568293e-05
2016-08-23,1,elasticnet,73,0.002640893099859376,2.1846653636568293e-05
2016-08-24,1,elasticnet,73,-0.0002110149828462582,2.1846653636568293e-05
2016-08-25,1,elasticnet,73,0.008406059795984966,2.1846653636568293e-05
2016-08-26,1,elasticnet,73,0.0001046298719238337,2.1846653636568293e-05
2016-08-29,1,elasticnet,73,0.004905296064553255,2.1846653636568293e-05
2016-08-30,1,elasticnet,73,-0.0003123861117710902,2.1846653636568293e-05
2016-08-31,1,elasticnet,73,-0.003860807216532258,2.1846653636568293e-05
2016-09-01,1,elasticnet,73,0.001984438480876705,2.1846653636568293e-05
2016-09-02,1,elasticnet,73,0.0,2.1846653636568293e-05
2016-09-05,1,elasticnet,73,-0.01069977689316648,2.1846653636568293e-05
2016-09-06,1,elasticnet,73,0.001475392827440025,2.1846653636568293e-05
2016-09-07,1,elasticnet,73,0.0007368809218109007,2.1846653636568293e-05
2016-09-08,1,elasticnet,73,0.003256818553456498,2.1846653636568293e-05
2016-09-09,1,elasticnet,73,-0.002625638225326909,2.1846653636568293e-05
2016-09-12,1,elasticnet,73,0.005662766810098141,2.1846653636568293e-05
2016-09-13,1,elasticnet,73,-0.003142021855964572,2.1846653636568293e-05
2016-09-14,1,elasticnet,73,-0.0004196831453899819,2.1846653636568293e-05
2016-09-15,1,elasticnet,73,0.008568495475095972,2.1846653636568293e-05
2016-09-16,1,elasticnet,73,-0.002813234468053594,2.1846653636568293e-05
2016-09-19,1,elasticnet,73,0.001876368735655554,2.1846653636568293e-05
2016-09-20,1,elasticnet,73,-0.003756264850643731,2.1846653636568293e-05
2016-09-21,1,elasticnet,73,-0.002197688080394222,2.1846653636568293e-05
2016-09-22,1,elasticnet,73,0.0003142512988727475,2.1846653636568293e-05
2016-07-29,1,elasticnet,74,0.001882451925897755,2.121520039885318e-05
2016-08-01,1,elasticnet,74,-0.006814515021951628,2.121520039885318e-05
2016-08-02,1,elasticnet,74,0.0052460512717456,2.121520039885318e-05
2016-08-03,1,elasticnet,74,0.002090738792109192,2.121520039885318e-05
2016-08-04,1,elasticnet,74,0.004480340914805758,2.121520039885318e-05
2016-08-05,1,elasticnet,74,0.002180799451975801,2.121520039885318e-05
2016-08-08,1,elasticnet,74,-0.002284765766982666,2.121520039885318e-05
2016-08-09,1,elasticnet,74,-0.005525739963254672,2.121520039885318e-05
2016-08-10,1,elasticnet,74,0.002193097845222702,2.121520039885318e-05
2016-08-11,1,elasticnet,74,-0.001461530691312163,2.121520039885318e-05
2016-08-12,1,elasticnet,74,-0.0009406846787216594,2.121520039885318e-05
2016-08-15,1,elasticnet,74,-0.008822659896501328,2.121520039885318e-05
2016-08-16,1,elasticnet,74,-0.0007387473292546076,2.121520039885318e-05
2016-08-17,1,elasticnet,74,-0.005929708183674443,2.121520039885318e-05
2016-08-18,1,elasticnet,74,0.003710186054943776,2.121520039885318e-05
2016-08-19,1,elasticnet,74,0.0001058033117420365,2.121520039885318e-05
2016-08-22,1,elasticnet,74,0.0002115730463838617,2.121520039885318e-05
2016-08-23,1,elasticnet,74,0.002640893099859376,2.121520039885318e-05
2016-08-24,1,elasticnet,74,-0.0002110149828462582,2.121520039885318e-05
2016-08-25,1,elasticnet,74,0.008406059795984966,2.121520039885318e-05
2016-08-26,1,elasticnet,74,0.0001046298719238337,2.121520039885318e-05
2016-08-29,1,elasticnet,74,0.004905296064553255,2.121520039885318e-05
2016-08-30,1,elasticnet,74,-0.0003123861117710902,2.121520039885318e-05
2016-08-31,1,elasticnet,74,-0.003860807216532258,2.121520039885318e-05
2016-09-01,1,elasticnet,74,0.001984438480876705,2.121520039885318e-05
2016-09-02,1,elasticnet,74,0.0,2.121520039885318e-05
2016-09-05,1,elasticnet,74,-0.01069977689316648,2.121520039885318e-05
2016-09-06,1,elasticnet,74,0.001475392827440025,2.121520039885318e-05
2016-09-07,1,elasticnet,74,0.0007368809218109007,2.121520039885318e-05
2016-09-08,1,elasticnet,74,0.003256818553456498,2.121520039885318e-05
2016-09-09,1,elasticnet,74,-0.002625638225326909,2.121520039885318e-05
2016-09-12,1,elasticnet,74,0.005662766810098141,2.121520039885318e-05
2016-09-13,1,elasticnet,74,-0.003142021855964572,2.121520039885318e-05
2016-09-14,1,elasticnet,74,-0.0004196831453899819,2.121520039885318e-05
2016-09-15,1,elasticnet,74,0.008568495475095972,2.121520039885318e-05
2016-09-16,1,elasticnet,74,-0.002813234468053594,2.121520039885318e-05
2016-09-19,1,elasticnet,74,0.001876368735655554,2.121520039885318e-05
2016-09-20,1,elasticnet,74,-0.003756264850643731,2.121520039885318e-05
2016-09-21,1,elasticnet,74,-0.002197688080394222,2.121520039885318e-05
2016-09-22,1,elasticnet,74,0.0003142512988727475,2.121520039885318e-05
2016-09-23,1,elasticnet,74,-0.001886990810472611,2.121520039885318e-05
2016-09-26,1,elasticnet,74,0.001467967129503478,2.121520039885318e-05
2016-09-27,1,elasticnet,74,-0.0001047833604976844,2.121520039885318e-05
2016-09-28,1,elasticnet,74,0.001047339852754625,2.121520039885318e-05
2016-09-29,1,elasticnet,74,-0.0007330227041668635,2.121520039885318e-05
2016-09-30,1,elasticnet,74,0.002406488213421376,2.121520039885318e-05
2016-10-03,1,elasticnet,74,0.005003658933218524,2.121520039885318e-05
2016-10-04,1,elasticnet,74,-0.000520047856121586,2.121520039885318e-05
2016-10-05,1,elasticnet,74,0.006739618024582228,2.121520039885318e-05
2016-10-06,1,elasticnet,74,-0.001447776881633445,2.121520039885318e-05
2016-10-07,1,elasticnet,74,0.003099816493299379,2.121520039885318e-05
2016-10-10,1,elasticnet,74,0.007810131160334244,2.121520039885318e-05
2016-10-11,1,elasticnet,74,0.002862109691699644,2.121520039885318e-05
2016-10-12,1,elasticnet,74,-0.004603824183534222,2.121520039885318e-05
2016-10-13,1,elasticnet,74,0.005114054308385185,2.121520039885318e-05
2016-10-14,1,elasticnet,74,-0.001327140208062794,2.121520039885318e-05
2016-10-17,1,elasticnet,74,0.0,2.121520039885318e-05
2016-10-18,1,elasticnet,74,0.0003064194906770012,2.121520039885318e-05
2016-10-19,1,elasticnet,74,0.003974932614816851,2.121520039885318e-05
2016-10-20,1,elasticnet,74,0.003857872805083318,2.121520039885318e-05
2016-08-26,1,elasticnet,75,0.0001046298719238337,2.121309854262886e-05
2016-08-29,1,elasticnet,75,0.004905296064553255,2.121309854262886e-05
2016-08-30,1,elasticnet,75,-0.0003123861117710902,2.121309854262886e-05
2016-08-31,1,elasticnet,75,-0.003860807216532258,2.121309854262886e-05
2016-09-01,1,elasticnet,75,0.001984438480876705,2.121309854262886e-05
2016-09-02,1,elasticnet,75,0.0,2.121309854262886e-05
2016-09-05,1,elasticnet,75,-0.01069977689316648,2.121309854262886e-05
2016-09-06,1,elasticnet,75,0.001475392827440025,2.121309854262886e-05
2016-09-07,1,elasticnet,75,0.0007368809218109007,2.121309854262886e-05
2016-09-08,1,elasticnet,75,0.003256818553456498,2.121309854262886e-05
2016-09-09,1,elasticnet,75,-0.002625638225326909,2.121309854262886e-05
2016-09-12,1,elasticnet,75,0.005662766810098141,2.121309854262886e-05
2016-09-13,1,elasticnet,75,-0.003142021855964572,2.121309854262886e-05
2016-09-14,1,elasticnet,75,-0.0004196831453899819,2.121309854262886e-05
2016-09-15,1,elasticnet,75,0.008568495475095972,2.121309854262886e-05
2016-09-16,1,elasticnet,75,-0.002813234468053594,2.121309854262886e-05
2016-09-19,1,elasticnet,75,0.001876368735655554,2.121309854262886e-05
2016-09-20,1,elasticnet,75,-0.003756264850643731,2.121309854262886e-05
2016-09-21,1,elasticnet,75,-0.002197688080394222,2.121309854262886e-05
2016-09-22,1,elasticnet,75,0.0003142512988727475,2.121309854262886e-05
2016-09-23,1,elasticnet,75,-0.001886990810472611,2.121309854262886e-05
2016-09-26,1,elasticnet,75,0.001467967129503478,2.121309854262886e-05
2016-09-27,1,elasticnet,75,-0.0001047833604976844,2.121309854262886e-05
2016-09-28,1,elasticnet,75,0.001047339852754625,2.121309854262886e-05
2016-09-29,1,elasticnet,75,-0.0007330227041668635,2.121309854262886e-05
2016-09-30,1,elasticnet,75,0.002406488213421376,2.121309854262886e-05
2016-10-03,1,elasticnet,75,0.005003658933218524,2.121309854262886e-05
2016-10-04,1,elasticnet,75,-0.000520047856121586,2.121309854262886e-05
2016-10-05,1,elasticnet,75,0.006739618024582228,2.121309854262886e-05
2016-10-06,1,elasticnet,75,-0.001447776881633445,2.121309854262886e-05
2016-10-07,1,elasticnet,75,0.003099816493299379,2.121309854262886e-05
2016-10-10,1,elasticnet,75,0.007810131160334244,2.121309854262886e-05
2016-10-11,1,elasticnet,75,0.002862109691699644,2.121309854262886e-05
2016-10-12,1,elasticnet,75,-0.004603824183534222,2.121309854262886e-05
2016-10-13,1,elasticnet,75,0.005114054308385185,2.121309854262886e-05
2016-10-14,1,elasticnet,75,-0.001327140208062794,2.121309854262886e-05
2016-10-17,1,elasticnet,75,0.0,2.121309854262886e-05
2016-10-18,1,elasticnet,75,0.0003064194906770012,2.121309854262886e-05
2016-10-19,1,elasticnet,75,0.003974932614816851,2.121309854262886e-05
2016-10-20,1,elasticnet,75,0.003857872805083318,2.121309854262886e-05
2016-10-21,1,elasticnet,75,0.0007090402930627349,2.121309854262886e-05
2016-10-24,1,elasticnet,75,-0.0004051043199009285,2.121309854262886e-05
2016-10-25,1,elasticnet,75,-0.0009120851911754713,2.121309854262886e-05
2016-10-26,1,elasticnet,75,0.002632646315997356,2.121309854262886e-05
2016-10-27,1,elasticnet,75,-0.005475576446831276,2.121309854262886e-05
2016-10-28,1,elasticnet,75,0.000914680687786884,2.121309854262886e-05
2016-10-31,1,elasticnet,75,-0.007545666474118029,2.121309854262886e-05
2016-11-01,1,elasticnet,75,-0.003075348400248146,2.121309854262886e-05
2016-11-02,1,elasticnet,75,-0.002467106514517425,2.121309854262886e-05
2016-11-03,1,elasticnet,75,-0.001029760156901816,2.121309854262886e-05
2016-11-04,1,elasticnet,75,0.007390713173429653,2.121309854262886e-05
2016-11-07,1,elasticnet,75,0.0008178287104776416,2.121309854262886e-05
2016-11-08,1,elasticnet,75,0.006518662317065882,2.121309854262886e-05
2016-11-09,1,elasticnet,75,0.002838606934435717,2.121309854262886e-05
2016-11-10,1,elasticnet,75,0.002830572047613167,2.121309854262886e-05
2016-11-11,1,elasticnet,75,0.01054385427130011,2.121309854262886e-05
2016-11-14,1,elasticnet,75,0.00119796360538249,2.121309854262886e-05
2016-11-15,1,elasticnet,75,0.001794258854570074,2.121309854262886e-05
2016-11-16,1,elasticnet,75,0.004769010528943518,2.121309854262886e-05
2016-11-17,1,elasticnet,75,0.003166751780521615,2.121309854262886e-05
2016-09-23,1,elasticnet,76,-0.001886990810472611,2.071073685942602e-05
2016-09-26,1,elasticnet,76,0.001467967129503478,2.071073685942602e-05
2016-09-27,1,elasticnet,76,-0.0001047833604976844,2.071073685942602e-05
2016-09-28,1,elasticnet,76,0.001047339852754625,2.071073685942602e-05
2016-09-29,1,elasticnet,76,-0.0007330227041668635,2.071073685942602e-05
2016-09-30,1,elasticnet,76,0.002406488213421376,2.071073685942602e-05
2016-10-03,1,elasticnet,76,0.005003658933218524,2.071073685942602e-05
2016-10-04,1,elasticnet,76,-0.000520047856121586,2.071073685942602e-05
2016-10-05,1,elasticnet,76,0.006739618024582228,2.071073685942602e-05
2016-10-06,1,elasticnet,76,-0.001447776881633445,2.071073685942602e-05
2016-10-07,1,elasticnet,76,0.003099816493299379,2.071073685942602e-05
2016-10-10,1,elasticnet,76,0.007810131160334244,2.071073685942602e-05
2016-10-11,1,elasticnet,76,0.002862109691699644,2.071073685942602e-05
2016-10-12,1,elasticnet,76,-0.004603824183534222,2.071073685942602e-05
2016-10-13,1,elasticnet,76,0.005114054308385185,2.071073685942602e-05
2016-10-14,1,elasticnet,76,-0.001327140208062794,2.071073685942602e-05
2016-10-17,1,elasticnet,76,0.0,2.071073685942602e-05
2016-10-18,1,elasticnet,76,0.0003064194906770012,2.071073685942602e-05
2016-10-19,1,elasticnet,76,0.003974932614816851,2.071073685942602e-05
2016-10-20,1,elasticnet,76,0.003857872805083318,2.071073685942602e-05
2016-10-21,1,elasticnet,76,0.0007090402930627349,2.071073685942602e-05
2016-10-24,1,elasticnet,76,-0.0004051043199009285,2.071073685942602e-05
2016-10-25,1,elasticnet,76,-0.0009120851911754713,2.071073685942602e-05
2016-10-26,1,elasticnet,76,0.002632646315997356,2.071073685942602e-05
2016-10-27,1,elasticnet,76,-0.005475576446831276,2.071073685942602e-05
2016-10-28,1,elasticnet,76,0.000914680687786884,2.071073685942602e-05
2016-10-31,1,elasticnet,76,-0.007545666474118029,2.071073685942602e-05
2016-11-01,1,elasticnet,76,-0.003075348400248146,2.071073685942602e-05
2016-11-02,1,elasticnet,76,-0.002467106514517425,2.071073685942602e-05
2016-11-03,1,elasticnet,76,-0.001029760156901816,2.071073685942602e-05
2016-11-04,1,elasticnet,76,0.007390713173429653,2.071073685942602e-05
2016-11-07,1,elasticnet,76,0.0008178287104776416,2.071073685942602e-05
2016-11-08,1,elasticnet,76,0.006518662317065882,2.071073685942602e-05
2016-11-09,1,elasticnet,76,0.002838606934435717,2.071073685942602e-05
2016-11-10,1,elasticnet,76,0.002830572047613167,2.071073685942602e-05
2016-11-11,1,elasticnet,76,0.01054385427130011,2.071073685942602e-05
2016-11-14,1,elasticnet,76,0.00119796360538249,2.071073685942602e-05
2016-11-15,1,elasticnet,76,0.001794258854570074,2.071073685942602e-05
2016-11-16,1,elasticnet,76,0.004769010528943518,2.071073685942602e-05
2016-11-17,1,elasticnet,76,0.003166751780521615,2.071073685942602e-05
2016-11-18,1,elasticnet,76,-0.001582122351179827,2.071073685942602e-05
2016-11-21,1,elasticnet,76,-9.89658073944355e-05,2.071073685942602e-05
2016-11-22,1,elasticnet,76,0.006510825012278509,2.071073685942602e-05
2016-11-23,1,elasticnet,76,0.0,2.071073685942602e-05
2016-11-24,1,elasticnet,76,-0.002067031593787405,2.071073685942602e-05
2016-11-25,1,elasticnet,76,-0.00157775400050042,2.071073685942602e-05
2016-11-28,1,elasticnet,76,-0.003955310209457608,2.071073685942602e-05
2016-11-29,1,elasticnet,76,0.005631591231073152,2.071073685942602e-05
2016-11-30,1,elasticnet,76,-0.004542320439606229,2.071073685942602e-05
2016-12-01,1,elasticnet,76,-0.002675785749924664,2.071073685942602e-05
2016-12-02,1,elasticnet,76,-0.006770911061383167,2.071073685942602e-05
2016-12-05,1,elasticnet,76,0.003988438829939156,2.071073685942602e-05
2016-12-06,1,elasticnet,76,-0.00259067502409227,2.071073685942602e-05
2016-12-07,1,elasticnet,76,0.008642580989651094,2.071073685942602e-05
2016-12-08,1,elasticnet,76,0.004834979077028123,2.071073685942602e-05
2016-12-09,1,elasticnet,76,-0.005527602663812914,2.071073685942602e-05
2016-12-12,1,elasticnet,76,0.0003958436469302384,2.071073685942602e-05
2016-12-13,1,elasticnet,76,0.006803753505240984,2.071073685942602e-05
2016-12-14,1,elasticnet,76,0.01230604454562734,2.071073685942602e-05
2016-12-15,1,elasticnet,76,-0.000679710663640698,2.071073685942602e-05
2016-10-21,1,elasticnet,77,0.0007090402930627349,3.26277470696808e-05
2016-10-24,1,elasticnet,77,-0.0004051043199009285,3.26277470696808e-05
2016-10-25,1,elasticnet,77,-0.0009120851911754713,3.26277470696808e-05
2016-10-26,1,elasticnet,77,0.002632646315997356,3.26277470696808e-05
2016-10-27,1,elasticnet,77,-0.005475576446831276,3.26277470696808e-05
2016-10-28,1,elasticnet,77,0.000914680687786884,3.26277470696808e-05
2016-10-31,1,elasticnet,77,-0.007545666474118029,3.26277470696808e-05
2016-11-01,1,elasticnet,77,-0.003075348400248146,3.26277470696808e-05
2016-11-02,1,elasticnet,77,-0.002467106514517425,3.26277470696808e-05
2016-11-03,1,elasticnet,77,-0.001029760156901816,3.26277470696808e-05
2016-11-04,1,elasticnet,77,0.007390713173429653,3.26277470696808e-05
2016-11-07,1,elasticnet,77,0.0008178287104776416,3.26277470696808e-05
2016-11-08,1,elasticnet,77,0.006518662317065882,3.26277470696808e-05
2016-11-09,1,elasticnet,77,0.002838606934435717,3.26277470696808e-05
2016-11-10,1,elasticnet,77,0.002830572047613167,3.26277470696808e-05
2016-11-11,1,elasticnet,77,0.01054385427130011,3.26277470696808e-05
2016-11-14,1,elasticnet,77,0.00119796360538249,3.26277470696808e-05
2016-11-15,1,elasticnet,77,0.001794258854570074,3.26277470696808e-05
2016-11-16,1,elasticnet,77,0.004769010528943518,3.26277470696808e-05
2016-11-17,1,elasticnet,77,0.003166751780521615,3.26277470696808e-05
2016-11-18,1,elasticnet,77,-0.001582122351179827,3.26277470696808e-05
2016-11-21,1,elasticnet,77,-9.89658073944355e-05,3.26277470696808e-05
2016-11-22,1,elasticnet,77,0.006510825012278509,3.26277470696808e-05
2016-11-23,1,elasticnet,77,0.0,3.26277470696808e-05
2016-11-24,1,elasticnet,77,-0.002067031593787405,3.26277470696808e-05
2016-11-25,1,elasticnet,77,-0.00157775400050042,3.26277470696808e-05
2016-11-28,1,elasticnet,77,-0.003955310209457608,3.26277470696808e-05
2016-11-29,1,elasticnet,77,0.005631591231073152,3.26277470696808e-05
2016-11-30,1,elasticnet,77,-0.004542320439606229,3.26277470696808e-05
2016-12-01,1,elasticnet,77,-0.002675785749924664,3.26277470696808e-05
2016-12-02,1,elasticnet,77,-0.006770911061383167,3.26277470696808e-05
2016-12-05,1,elasticnet,77,0.003988438829939156,3.26277470696808e-05
2016-12-06,1,elasticnet,77,-0.00259067502409227,3.26277470696808e-05
2016-12-07,1,elasticnet,77,0.008642580989651094,3.26277470696808e-05
2016-12-08,1,elasticnet,77,0.004834979077028123,3.26277470696808e-05
2016-12-09,1,elasticnet,77,-0.005527602663812914,3.26277470696808e-05
2016-12-12,1,elasticnet,77,0.0003958436469302384,3.26277470696808e-05
2016-12-13,1,elasticnet,77,0.006803753505240984,3.26277470696808e-05
2016-12-14,1,elasticnet,77,0.01230604454562734,3.26277470696808e-05
2016-12-15,1,elasticnet,77,-0.000679710663640698,3.26277470696808e-05
2016-12-16,1,elasticnet,77,0.001843855149013862,3.26277470696808e-05
2016-12-19,1,elasticnet,77,0.001453277395729202,3.26277470696808e-05
2016-12-20,1,elasticnet,77,-0.002617421881102366,3.26277470696808e-05
2016-12-21,1,elasticnet,77,0.0006792489708535854,3.26277470696808e-05
2016-12-22,1,elasticnet,77,-0.000776322212691305,3.26277470696808e-05
2016-12-23,1,elasticnet,77,0.0,3.26277470696808e-05
2016-12-26,1,elasticnet,77,9.707324183771959e-05,3.26277470696808e-05
2016-12-27,1,elasticnet,77,0.002714231988153237,3.26277470696808e-05
2016-12-28,1,elasticnet,77,-0.006020020122653236,3.26277470696808e-05
2016-12-29,1,elasticnet,77,-0.004587835661954642,3.26277470696808e-05
2016-12-30,1,elasticnet,77,0.006047618900114848,3.26277470696808e-05
2017-01-02,1,elasticnet,77,0.003688608336742227,3.26277470696808e-05
2017-01-03,1,elasticnet,77,-0.004953630643329099,3.26277470696808e-05
2017-01-04,1,elasticnet,77,-0.01155629352838083,3.26277470696808e-05
2017-01-05,1,elasticnet,77,0.006871529934001863,3.26277470696808e-05
2017-01-06,1,elasticnet,77,-0.002841050159812397,3.26277470696808e-05
2017-01-09,1,elasticnet,77,0.0007845445141061447,3.26277470696808e-05
2017-01-10,1,elasticnet,77,-0.002257226533741274,3.26277470696808e-05
2017-01-11,1,elasticnet,77,-0.004233748262676862,3.26277470696808e-05
2017-01-12,1,elasticnet,77,-0.001678764034219071,3.26277470696808e-05
2016-11-18,1,elasticnet,78,-0.001582122351179827,4.152680035790549e-05
2016-11-21,1,elasticnet,78,-9.89658073944355e-05,4.152680035790549e-05
2016-11-22,1,elasticnet,78,0.006510825012278509,4.152680035790549e-05
2016-11-23,1,elasticnet,78,0.0,4.152680035790549e-05
2016-11-24,1,elasticnet,78,-0.002067031593787405,4.152680035790549e-05
2016-11-25,1,elasticnet,78,-0.00157775400050042,4.152680035790549e-05
2016-11-28,1,elasticnet,78,-0.003955310209457608,4.152680035790549e-05
2016-11-29,1,elasticnet,78,0.005631591231073152,4.152680035790549e-05
2016-11-30,1,elasticnet,78,-0.004542320439606229,4.152680035790549e-05
2016-12-01,1,elasticnet,78,-0.002675785749924664,4.152680035790549e-05
2016-12-02,1,elasticnet,78,-0.006770911061383167,4.152680035790549e-05
2016-12-05,1,elasticnet,78,0.003988438829939156,4.152680035790549e-05
2016-12-06,1,elasticnet,78,-0.00259067502409227,4.152680035790549e-05
2016-12-07,1,elasticnet,78,0.008642580989651094,4.152680035790549e-05
2016-12-08,1,elasticnet,78,0.004834979077028123,4.152680035790549e-05
2016-12-09,1,elasticnet,78,-0.005527602663812914,4.152680035790549e-05
2016-12-12,1,elasticnet,78,0.0003958436469302384,4.152680035790549e-05
2016-12-13,1,elasticnet,78,0.006803753505240984,4.152680035790549e-05
2016-12-14,1,elasticnet,78,0.01230604454562734,4.152680035790549e-05
2016-12-15,1,elasticnet,78,-0.000679710663640698,4.152680035790549e-05
2016-12-16,1,elasticnet,78,0.001843855149013862,4.152680035790549e-05
2016-12-19,1,elasticnet,78,0.001453277395729202,4.152680035790549e-05
2016-12-20,1,elasticnet,78,-0.002617421881102366,4.152680035790549e-05
2016-12-21,1,elasticnet,78,0.0006792489708535854,4.152680035790549e-05
2016-12-22,1,elasticnet,78,-0.000776322212691305,4.152680035790549e-05
2016-12-23,1,elasticnet,78,0.0,4.152680035790549e-05
2016-12-26,1,elasticnet,78,9.707324183771959e-05,4.152680035790549e-05
2016-12-27,1,elasticnet,78,0.002714231988153237,4.152680035790549e-05
2016-12-28,1,elasticnet,78,-0.006020020122653236,4.152680035790549e-05
2016-12-29,1,elasticnet,78,-0.004587835661954642,4.152680035790549e-05
2016-12-30,1,elasticnet,78,0.006047618900114848,4.152680035790549e-05
2017-01-02,1,elasticnet,78,0.003688608336742227,4.152680035790549e-05
2017-01-03,1,elasticnet,78,-0.004953630643329099,4.152680035790549e-05
2017-01-04,1,elasticnet,78,-0.01155629352838083,4.152680035790549e-05
2017-01-05,1,elasticnet,78,0.006871529934001863,4.152680035790549e-05
2017-01-06,1,elasticnet,78,-0.002841050159812397,4.152680035790549e-05
2017-01-09,1,elasticnet,78,0.0007845445141061447,4.152680035790549e-05
2017-01-10,1,elasticnet,78,-0.002257226533741274,4.152680035790549e-05
2017-01-11,1,elasticnet,78,-0.004233748262676862,4.152680035790549e-05
2017-01-12,1,elasticnet,78,-0.001678764034219071,4.152680035790549e-05
2017-01-13,1,elasticnet,78,0.0,4.152680035790549e-05
2017-01-16,1,elasticnet,78,-0.008436355926268568,4.152680035790549e-05
2017-01-17,1,elasticnet,78,0.005962454313246823,4.152680035790549e-05
2017-01-18,1,elasticnet,78,0.002177356362985883,4.152680035790549e-05
2017-01-19,1,elasticnet,78,-0.004061623296250261,4.152680035790549e-05
2017-01-20,1,elasticnet,78,-0.005774032965716103,4.152680035790549e-05
2017-01-23,1,elasticnet,78,0.001895167890558547,4.152680035790549e-05
2017-01-24,1,elasticnet,78,-0.003193934245257601,4.152680035790549e-05
2017-01-25,1,elasticnet,78,0.003492843229698117,4.152680035790549e-05
2017-01-26,1,elasticnet,78,0.00149320619054194,4.152680035790549e-05
2017-01-27,1,elasticnet,78,-0.0009952230120813255,4.152680035790549e-05
2017-01-30,1,elasticnet,78,-0.00920282577817666,4.152680035790549e-05
2017-01-31,1,elasticnet,78,0.001305548766908693,4.152680035790549e-05
2017-02-01,1,elasticnet,78,0.001504287502241297,4.152680035790549e-05
2017-02-02,1,elasticnet,78,0.0008013623588221108,4.152680035790549e-05
2017-02-03,1,elasticnet,78,0.0004004404898836356,4.152680035790549e-05
2017-02-06,1,elasticnet,78,0.003497031090430092,4.152680035790549e-05
2017-02-07,1,elasticnet,78,0.0001994614547360385,4.152680035790549e-05
2017-02-08,1,elasticnet,78,0.003682878795707722,4.152680035790549e-05
2017-02-09,1,elasticnet,78,0.001489203551467533,4.152680035790549e-05
2016-12-16,1,elasticnet,79,0.001843855149013862,4.7359653331225944e-05
2016-12-19,1,elasticnet,79,0.001453277395729202,4.7359653331225944e-05
2016-12-20,1,elasticnet,79,-0.002617421881102366,4.7359653331225944e-05
2016-12-21,1,elasticnet,79,0.0006792489708535854,4.7359653331225944e-05
2016-12-22,1,elasticnet,79,-0.000776322212691305,4.7359653331225944e-05
2016-12-23,1,elasticnet,79,0.0,4.7359653331225944e-05
2016-12-26,1,elasticnet,79,9.707324183771959e-05,4.7359653331225944e-05
2016-12-27,1,elasticnet,79,0.002714231988153237,4.7359653331225944e-05
2016-12-28,1,elasticnet,79,-0.006020020122653236,4.7359653331225944e-05
2016-12-29,1,elasticnet,79,-0.004587835661954642,4.7359653331225944e-05
2016-12-30,1,elasticnet,79,0.006047618900114848,4.7359653331225944e-05
2017-01-02,1,elasticnet,79,0.003688608336742227,4.7359653331225944e-05
2017-01-03,1,elasticnet,79,-0.004953630643329099,4.7359653331225944e-05
2017-01-04,1,elasticnet,79,-0.01155629352838083,4.7359653331225944e-05
2017-01-05,1,elasticnet,79,0.006871529934001863,4.7359653331225944e-05
2017-01-06,1,elasticnet,79,-0.002841050159812397,4.7359653331225944e-05
2017-01-09,1,elasticnet,79,0.0007845445141061447,4.7359653331225944e-05
2017-01-10,1,elasticnet,79,-0.002257226533741274,4.7359653331225944e-05
2017-01-11,1,elasticnet,79,-0.004233748262676862,4.7359653331225944e-05
2017-01-12,1,elasticnet,79,-0.001678764034219071,4.7359653331225944e-05
2017-01-13,1,elasticnet,79,0.0,4.7359653331225944e-05
2017-01-16,1,elasticnet,79,-0.008436355926268568,4.7359653331225944e-05
2017-01-17,1,elasticnet,79,0.005962454313246823,4.7359653331225944e-05
2017-01-18,1,elasticnet,79,0.002177356362985883,4.7359653331225944e-05
2017-01-19,1,elasticnet,79,-0.004061623296250261,4.7359653331225944e-05
2017-01-20,1,elasticnet,79,-0.005774032965716103,4.7359653331225944e-05
2017-01-23,1,elasticnet,79,0.001895167890558547,4.7359653331225944e-05
2017-01-24,1,elasticnet,79,-0.003193934245257601,4.7359653331225944e-05
2017-01-25,1,elasticnet,79,0.003492843229698117,4.7359653331225944e-05
2017-01-26,1,elasticnet,79,0.00149320619054194,4.7359653331225944e-05
2017-01-27,1,elasticnet,79,-0.0009952230120813255,4.7359653331225944e-05
2017-01-30,1,elasticnet,79,-0.00920282577817666,4.7359653331225944e-05
2017-01-31,1,elasticnet,79,0.001305548766908693,4.7359653331225944e-05
2017-02-01,1,elasticnet,79,0.001504287502241297,4.7359653331225944e-05
2017-02-02,1,elasticnet,79,0.0008013623588221108,4.7359653331225944e-05
2017-02-03,1,elasticnet,79,0.0004004404898836356,4.7359653331225944e-05
2017-02-06,1,elasticnet,79,0.003497031090430092,4.7359653331225944e-05
2017-02-07,1,elasticnet,79,0.0001994614547360385,4.7359653331225944e-05
2017-02-08,1,elasticnet,79,0.003682878795707722,4.7359653331225944e-05
2017-02-09,1,elasticnet,79,0.001489203551467533,4.7359653331225944e-05
2017-02-10,1,elasticnet,79,0.001586043155634265,4.7359653331225944e-05
2017-02-13,1,elasticnet,79,0.002868307193746311,4.7359653331225944e-05
2017-02-14,1,elasticnet,79,-0.0006915971228584894,4.7359653331225944e-05
2017-02-15,1,elasticnet,79,-0.007340574574405956,4.7359653331225944e-05
2017-02-16,1,elasticnet,79,0.005064810469462167,4.7359653331225944e-05
2017-02-17,1,elasticnet,79,0.0,4.7359653331225944e-05
2017-02-20,1,elasticnet,79,0.004151844635461366,4.7359653331225944e-05
2017-02-21,1,elasticnet,79,-0.001480823608376092,4.7359653331225944e-05
2017-02-22,1,elasticnet,79,-0.001680921936301871,4.7359653331225944e-05
2017-02-23,1,elasticnet,79,0.0003957653163366714,4.7359653331225944e-05
2017-02-24,1,elasticnet,79,0.0003956087481125081,4.7359653331225944e-05
2017-02-27,1,elasticnet,79,-9.888751553166486e-05,4.7359653331225944e-05
2017-02-28,1,elasticnet,79,0.006505690762138805,4.7359653331225944e-05
2017-03-01,1,elasticnet,79,0.00411805660891762,4.7359653331225944e-05
2017-03-02,1,elasticnet,79,-0.006478868250355596,4.7359653331225944e-05
2017-03-03,1,elasticnet,79,0.000984348932714596,4.7359653331225944e-05
2017-03-06,1,elasticnet,79,0.001671172667141896,4.7359653331225944e-05
2017-03-07,1,elasticnet,79,0.002550521296302399,4.7359653331225944e-05
2017-03-08,1,elasticnet,79,-0.002157709742592218,4.7359653331225944e-05
2017-03-09,1,elasticnet,79,-0.005908436686166141,4.7359653331225944e-05
2017-01-13,1,elasticnet,80,0.0,4.0827682732428495e-05
2017-01-16,1,elasticnet,80,-0.008436355926268568,4.0827682732428495e-05
2017-01-17,1,elasticnet,80,0.005962454313246823,4.0827682732428495e-05
2017-01-18,1,elasticnet,80,0.002177356362985883,4.0827682732428495e-05
2017-01-19,1,elasticnet,80,-0.004061623296250261,4.0827682732428495e-05
2017-01-20,1,elasticnet,80,-0.005774032965716103,4.0827682732428495e-05
2017-01-23,1,elasticnet,80,0.001895167890558547,4.0827682732428495e-05
2017-01-24,1,elasticnet,80,-0.003193934245257601,4.0827682732428495e-05
2017-01-25,1,elasticnet,80,0.003492843229698117,4.0827682732428495e-05
2017-01-26,1,elasticnet,80,0.00149320619054194,4.0827682732428495e-05
2017-01-27,1,elasticnet,80,-0.0009952230120813255,4.0827682732428495e-05
2017-01-30,1,elasticnet,80,-0.00920282577817666,4.0827682732428495e-05
2017-01-31,1,elasticnet,80,0.001305548766908693,4.0827682732428495e-05
2017-02-01,1,elasticnet,80,0.001504287502241297,4.0827682732428495e-05
2017-02-02,1,elasticnet,80,0.0008013623588221108,4.0827682732428495e-05
2017-02-03,1,elasticnet,80,0.0004004404898836356,4.0827682732428495e-05
2017-02-06,1,elasticnet,80,0.003497031090430092,4.0827682732428495e-05
2017-02-07,1,elasticnet,80,0.0001994614547360385,4.0827682732428495e-05
2017-02-08,1,elasticnet,80,0.003682878795707722,4.0827682732428495e-05
2017-02-09,1,elasticnet,80,0.001489203551467533,4.0827682732428495e-05
2017-02-10,1,elasticnet,80,0.001586043155634265,4.0827682732428495e-05
2017-02-13,1,elasticnet,80,0.002868307193746311,4.0827682732428495e-05
2017-02-14,1,elasticnet,80,-0.0006915971228584894,4.0827682732428495e-05
2017-02-15,1,elasticnet,80,-0.007340574574405956,4.0827682732428495e-05
2017-02-16,1,elasticnet,80,0.005064810469462167,4.0827682732428495e-05
2017-02-17,1,elasticnet,80,0.0,4.0827682732428495e-05
2017-02-20,1,elasticnet,80,0.004151844635461366,4.0827682732428495e-05
2017-02-21,1,elasticnet,80,-0.001480823608376092,4.0827682732428495e-05
2017-02-22,1,elasticnet,80,-0.001680921936301871,4.0827682732428495e-05
2017-02-23,1,elasticnet,80,0.0003957653163366714,4.0827682732428495e-05
2017-02-24,1,elasticnet,80,0.0003956087481125081,4.0827682732428495e-05
2017-02-27,1,elasticnet,80,-9.888751553166486e-05,4.0827682732428495e-05
2017-02-28,1,elasticnet,80,0.006505690762138805,4.0827682732428495e-05
2017-03-01,1,elasticnet,80,0.00411805660891762,4.0827682732428495e-05
2017-03-02,1,elasticnet,80,-0.006478868250355596,4.0827682732428495e-05
2017-03-03,1,elasticnet,80,0.000984348932714596,4.0827682732428495e-05
2017-03-06,1,elasticnet,80,0.001671172667141896,4.0827682732428495e-05
2017-03-07,1,elasticnet,80,0.002550521296302399,4.0827682732428495e-05
2017-03-08,1,elasticnet,80,-0.002157709742592218,4.0827682732428495e-05
2017-03-09,1,elasticnet,80,-0.005908436686166141,4.0827682732428495e-05
2017-03-10,1,elasticnet,80,0.0005924170789368688,4.0827682732428495e-05
2017-03-13,1,elasticnet,80,0.003842179988928329,4.0827682732428495e-05
2017-03-14,1,elasticnet,80,-0.00948436273700981,4.0827682732428495e-05
2017-03-15,1,elasticnet,80,-0.003779218819282448,4.0827682732428495e-05
2017-03-16,1,elasticnet,80,-0.0005980265303318077,4.0827682732428495e-05
2017-03-17,1,elasticnet,80,0.001096108923454686,4.0827682732428495e-05
2017-03-20,1,elasticnet,80,-0.005993425192849955,4.0827682732428495e-05
2017-03-21,1,elasticnet,80,-0.001303323659351818,4.0827682732428495e-05
2017-03-22,1,elasticnet,80,0.0008022463326380347,4.0827682732428495e-05
2017-03-23,1,elasticnet,80,-0.001303977315015636,4.0827682732428495e-05
2017-03-24,1,elasticnet,80,-0.004627774858731115,4.0827682732428495e-05
2017-03-27,1,elasticnet,80,0.005430423642667215,4.0827682732428495e-05
2017-03-28,1,elasticnet,80,0.002904213147390422,4.0827682732428495e-05
2017-03-29,1,elasticnet,80,0.004091617903252853,4.0827682732428495e-05
2017-03-30,1,elasticnet,80,-0.0005977286489979861,4.0827682732428495e-05
2017-03-31,1,elasticnet,80,0.001891583022082699,4.0827682732428495e-05
2017-04-03,1,elasticnet,80,0.0,4.0827682732428495e-05
2017-04-04,1,elasticnet,80,0.0001989060175624502,4.0827682732428495e-05
2017-04-05,1,elasticnet,80,0.001093276459339876,4.0827682732428495e-05
2017-04-06,1,elasticnet,80,0.005053268122458654,4.0827682732428495e-05
2017-02-10,1,elasticnet,81,0.001586043155634265,3.920381504407009e-05
2017-02-13,1,elasticnet,81,0.002868307193746311,3.920381504407009e-05
2017-02-14,1,elasticnet,81,-0.0006915971228584894,3.920381504407009e-05
2017-02-15,1,elasticnet,81,-0.007340574574405956,3.920381504407009e-05
2017-02-16,1,elasticnet,81,0.005064810469462167,3.920381504407009e-05
2017-02-17,1,elasticnet,81,0.0,3.920381504407009e-05
2017-02-20,1,elasticnet,81,0.004151844635461366,3.920381504407009e-05
2017-02-21,1,elasticnet,81,-0.001480823608376092,3.920381504407009e-05
2017-02-22,1,elasticnet,81,-0.001680921936301871,3.920381504407009e-05
2017-02-23,1,elasticnet,81,0.0003957653163366714,3.920381504407009e-05
2017-02-24,1,elasticnet,81,0.0003956087481125081,3.920381504407009e-05
2017-02-27,1,elasticnet,81,-9.888751553166486e-05,3.920381504407009e-05
2017-02-28,1,elasticnet,81,0.006505690762138805,3.920381504407009e-05
2017-03-01,1,elasticnet,81,0.00411805660891762,3.920381504407009e-05
2017-03-02,1,elasticnet,81,-0.006478868250355596,3.920381504407009e-05
2017-03-03,1,elasticnet,81,0.000984348932714596,3.920381504407009e-05
2017-03-06,1,elasticnet,81,0.001671172667141896,3.920381504407009e-05
2017-03-07,1,elasticnet,81,0.002550521296302399,3.920381504407009e-05
2017-03-08,1,elasticnet,81,-0.002157709742592218,3.920381504407009e-05
2017-03-09,1,elasticnet,81,-0.005908436686166141,3.920381504407009e-05
2017-03-10,1,elasticnet,81,0.0005924170789368688,3.920381504407009e-05
2017-03-13,1,elasticnet,81,0.003842179988928329,3.920381504407009e-05
2017-03-14,1,elasticnet,81,-0.00948436273700981,3.920381504407009e-05
2017-03-15,1,elasticnet,81,-0.003779218819282448,3.920381504407009e-05
2017-03-16,1,elasticnet,81,-0.0005980265303318077,3.920381504407009e-05
2017-03-17,1,elasticnet,81,0.001096108923454686,3.920381504407009e-05
2017-03-20,1,elasticnet,81,-0.005993425192849955,3.920381504407009e-05
2017-03-21,1,elasticnet,81,-0.001303323659351818,3.920381504407009e-05
2017-03-22,1,elasticnet,81,0.0008022463326380347,3.920381504407009e-05
2017-03-23,1,elasticnet,81,-0.001303977315015636,3.920381504407009e-05
2017-03-24,1,elasticnet,81,-0.004627774858731115,3.920381504407009e-05
2017-03-27,1,elasticnet,81,0.005430423642667215,3.920381504407009e-05
2017-03-28,1,elasticnet,81,0.002904213147390422,3.920381504407009e-05
2017-03-29,1,elasticnet,81,0.004091617903252853,3.920381504407009e-05
2017-03-30,1,elasticnet,81,-0.0005977286489979861,3.920381504407009e-05
2017-03-31,1,elasticnet,81,0.001891583022082699,3.920381504407009e-05
2017-04-03,1,elasticnet,81,0.0,3.920381504407009e-05
2017-04-04,1,elasticnet,81,0.0001989060175624502,3.920381504407009e-05
2017-04-05,1,elasticnet,81,0.001093276459339876,3.920381504407009e-05
2017-04-06,1,elasticnet,81,0.005053268122458654,3.920381504407009e-05
2017-04-07,1,elasticnet,81,-0.001582591823884094,3.920381504407009e-05
2017-04-10,1,elasticnet,81,-0.003073417379853005,3.920381504407009e-05
2017-04-11,1,elasticnet,81,0.0006948235923989188,3.920381504407009e-05
2017-04-12,1,elasticnet,81,-0.002185358970460349,3.920381504407009e-05
2017-04-13,1,elasticnet,81,0.0,3.920381504407009e-05
2017-04-14,1,elasticnet,81,-0.002688575181874597,3.920381504407009e-05
2017-04-17,1,elasticnet,81,-0.007908344935570355,3.920381504407009e-05
2017-04-18,1,elasticnet,81,0.002409155953429831,3.920381504407009e-05
2017-04-19,1,elasticnet,81,0.0004009623149148211,3.920381504407009e-05
2017-04-20,1,elasticnet,81,0.002002403552532783,3.920381504407009e-05
2017-04-21,1,elasticnet,81,-0.00894163791461633,3.920381504407009e-05
2017-04-24,1,elasticnet,81,-0.003133372958329161,3.920381504407009e-05
2017-04-25,1,elasticnet,81,0.002729618032081049,3.920381504407009e-05
2017-04-26,1,elasticnet,81,0.0003028314765991524,3.920381504407009e-05
2017-04-27,1,elasticnet,81,-0.0003028314765991524,3.920381504407009e-05
2017-04-28,1,elasticnet,81,0.0003028314765991524,3.920381504407009e-05
2017-05-01,1,elasticnet,81,-0.001009795097418831,3.920381504407009e-05
2017-05-02,1,elasticnet,81,0.002321006138070736,3.920381504407009e-05
2017-05-03,1,elasticnet,81,-0.004141210907988579,3.920381504407009e-05
2017-05-04,1,elasticnet,81,-0.001519372285198273,3.920381504407009e-05
2017-03-10,1,elasticnet,82,0.0005924170789368688,4.049616506114726e-05
2017-03-13,1,elasticnet,82,0.003842179988928329,4.049616506114726e-05
2017-03-14,1,elasticnet,82,-0.00948436273700981,4.049616506114726e-05
2017-03-15,1,elasticnet,82,-0.003779218819282448,4.049616506114726e-05
2017-03-16,1,elasticnet,82,-0.0005980265303318077,4.049616506114726e-05
2017-03-17,1,elasticnet,82,0.001096108923454686,4.049616506114726e-05
2017-03-20,1,elasticnet,82,-0.005993425192849955,4.049616506114726e-05
2017-03-21,1,elasticnet,82,-0.001303323659351818,4.049616506114726e-05
2017-03-22,1,elasticnet,82,0.0008022463326380347,4.049616506114726e-05
2017-03-23,1,elasticnet,82,-0.001303977315015636,4.049616506114726e-05
2017-03-24,1,elasticnet,82,-0.004627774858731115,4.049616506114726e-05
2017-03-27,1,elasticnet,82,0.005430423642667215,4.049616506114726e-05
2017-03-28,1,elasticnet,82,0.002904213147390422,4.049616506114726e-05
2017-03-29,1,elasticnet,82,0.004091617903252853,4.049616506114726e-05
2017-03-30,1,elasticnet,82,-0.0005977286489979861,4.049616506114726e-05
2017-03-31,1,elasticnet,82,0.001891583022082699,4.049616506114726e-05
2017-04-03,1,elasticnet,82,0.0,4.049616506114726e-05
2017-04-04,1,elasticnet,82,0.0001989060175624502,4.049616506114726e-05
2017-04-05,1,elasticnet,82,0.001093276459339876,4.049616506114726e-05
2017-04-06,1,elasticnet,82,0.005053268122458654,4.049616506114726e-05
2017-04-07,1,elasticnet,82,-0.001582591823884094,4.049616506114726e-05
2017-04-10,1,elasticnet,82,-0.003073417379853005,4.049616506114726e-05
2017-04-11,1,elasticnet,82,0.0006948235923989188,4.049616506114726e-05
2017-04-12,1,elasticnet,82,-0.002185358970460349,4.049616506114726e-05
2017-04-13,1,elasticnet,82,0.0,4.049616506114726e-05
2017-04-14,1,elasticnet,82,-0.002688575181874597,4.049616506114726e-05
2017-04-17,1,elasticnet,82,-0.007908344935570355,4.049616506114726e-05
2017-04-18,1,elasticnet,82,0.002409155953429831,4.049616506114726e-05
2017-04-19,1,elasticnet,82,0.0004009623149148211,4.049616506114726e-05
2017-04-20,1,elasticnet,82,0.002002403552532783,4.049616506114726e-05
2017-04-21,1,elasticnet,82,-0.00894163791461633,4.049616506114726e-05
2017-04-24,1,elasticnet,82,-0.003133372958329161,4.049616506114726e-05
2017-04-25,1,elasticnet,82,0.002729618032081049,4.049616506114726e-05
2017-04-26,1,elasticnet,82,0.0003028314765991524,4.049616506114726e-05
2017-04-27,1,elasticnet,82,-0.0003028314765991524,4.049616506114726e-05
2017-04-28,1,elasticnet,82,0.0003028314765991524,4.049616506114726e-05
2017-05-01,1,elasticnet,82,-0.001009795097418831,4.049616506114726e-05
2017-05-02,1,elasticnet,82,0.002321006138070736,4.049616506114726e-05
2017-05-03,1,elasticnet,82,-0.004141210907988579,4.049616506114726e-05
2017-05-04,1,elasticnet,82,-0.001519372285198273,4.049616506114726e-05
2017-05-05,1,elasticnet,82,0.004147494691467912,4.049616506114726e-05
2017-05-08,1,elasticnet,82,0.006038665693166578,4.049616506114726e-05
2017-05-09,1,elasticnet,82,0.0001003361261062707,4.049616506114726e-05
2017-05-10,1,elasticnet,82,-0.0005017813342274025,4.049616506114726e-05
2017-05-11,1,elasticnet,82,-0.003721028077837474,4.049616506114726e-05
2017-05-12,1,elasticnet,82,-0.003431573815550593,4.049616506114726e-05
2017-05-15,1,elasticnet,82,-0.008121047576449492,4.049616506114726e-05
2017-05-16,1,elasticnet,82,-0.005416743787608702,4.049616506114726e-05
2017-05-17,1,elasticnet,82,0.003069684186780108,4.049616506114726e-05
2017-05-18,1,elasticnet,82,-0.007589001656872263,4.049616506114726e-05
2017-05-19,1,elasticnet,82,-0.001648465240393193,4.049616506114726e-05
2017-05-22,1,elasticnet,82,0.003807960141002376,4.049616506114726e-05
2017-05-23,1,elasticnet,82,-0.001130582370286071,4.049616506114726e-05
2017-05-24,1,elasticnet,82,0.0001028330506338548,4.049616506114726e-05
2017-05-25,1,elasticnet,82,0.001951821463030967,4.049616506114726e-05
2017-05-26,1,elasticnet,82,0.0,4.049616506114726e-05
2017-05-29,1,elasticnet,82,-0.001643385743729908,4.049616506114726e-05
2017-05-30,1,elasticnet,82,-0.003707522269531971,4.049616506114726e-05
2017-05-31,1,elasticnet,82,0.002884815518068073,4.049616506114726e-05
2017-06-01,1,elasticnet,82,-0.004950505159856178,4.049616506114726e-05
2017-04-07,1,elasticnet,83,-0.001582591823884094,3.997115791986004e-05
2017-04-10,1,elasticnet,83,-0.003073417379853005,3.997115791986004e-05
2017-04-11,1,elasticnet,83,0.0006948235923989188,3.997115791986004e-05
2017-04-12,1,elasticnet,83,-0.002185358970460349,3.997115791986004e-05
2017-04-13,1,elasticnet,83,0.0,3.997115791986004e-05
2017-04-14,1,elasticnet,83,-0.002688575181874597,3.997115791986004e-05
2017-04-17,1,elasticnet,83,-0.007908344935570355,3.997115791986004e-05
2017-04-18,1,elasticnet,83,0.002409155953429831,3.997115791986004e-05
2017-04-19,1,elasticnet,83,0.0004009623149148211,3.997115791986004e-05
2017-04-20,1,elasticnet,83,0.002002403552532783,3.997115791986004e-05
2017-04-21,1,elasticnet,83,-0.00894163791461633,3.997115791986004e-05
2017-04-24,1,elasticnet,83,-0.003133372958329161,3.997115791986004e-05
2017-04-25,1,elasticnet,83,0.002729618032081049,3.997115791986004e-05
2017-04-26,1,elasticnet,83,0.0003028314765991524,3.997115791986004e-05
2017-04-27,1,elasticnet,83,-0.0003028314765991524,3.997115791986004e-05
2017-04-28,1,elasticnet,83,0.0003028314765991524,3.997115791986004e-05
2017-05-01,1,elasticnet,83,-0.001009795097418831,3.997115791986004e-05
2017-05-02,1,elasticnet,83,0.002321006138070736,3.997115791986004e-05
2017-05-03,1,elasticnet,83,-0.004141210907988579,3.997115791986004e-05
2017-05-04,1,elasticnet,83,-0.001519372285198273,3.997115791986004e-05
2017-05-05,1,elasticnet,83,0.004147494691467912,3.997115791986004e-05
2017-05-08,1,elasticnet,83,0.006038665693166578,3.997115791986004e-05
2017-05-09,1,elasticnet,83,0.0001003361261062707,3.997115791986004e-05
2017-05-10,1,elasticnet,83,-0.0005017813342274025,3.997115791986004e-05
2017-05-11,1,elasticnet,83,-0.003721028077837474,3.997115791986004e-05
2017-05-12,1,elasticnet,83,-0.003431573815550593,3.997115791986004e-05
2017-05-15,1,elasticnet,83,-0.008121047576449492,3.997115791986004e-05
2017-05-16,1,elasticnet,83,-0.005416743787608702,3.997115791986004e-05
2017-05-17,1,elasticnet,83,0.003069684186780108,3.997115791986004e-05
2017-05-18,1,elasticnet,83,-0.007589001656872263,3.997115791986004e-05
2017-05-19,1,elasticnet,83,-0.001648465240393193,3.997115791986004e-05
2017-05-22,1,elasticnet,83,0.003807960141002376,3.997115791986004e-05
2017-05-23,1,elasticnet,83,-0.001130582370286071,3.997115791986004e-05
2017-05-24,1,elasticnet,83,0.0001028330506338548,3.997115791986004e-05
2017-05-25,1,elasticnet,83,0.001951821463030967,3.997115791986004e-05
2017-05-26,1,elasticnet,83,0.0,3.997115791986004e-05
2017-05-29,1,elasticnet,83,-0.001643385743729908,3.997115791986004e-05
2017-05-30,1,elasticnet,83,-0.003707522269531971,3.997115791986004e-05
2017-05-31,1,elasticnet,83,0.002884815518068073,3.997115791986004e-05
2017-06-01,1,elasticnet,83,-0.004950505159856178,3.997115791986004e-05
2017-06-02,1,elasticnet,83,0.0008267879759946695,3.997115791986004e-05
2017-06-05,1,elasticnet,83,-0.001654260096026761,3.997115791986004e-05
2017-06-06,1,elasticnet,83,0.001137597723386286,3.997115791986004e-05
2017-06-07,1,elasticnet,83,0.00175556403843391,3.997115791986004e-05
2017-06-08,1,elasticnet,83,0.003604720933023664,3.997115791986004e-05
2017-06-09,1,elasticnet,83,-0.001337379963749719,3.997115791986004e-05
2017-06-12,1,elasticnet,83,-0.001751584601143996,3.997115791986004e-05
2017-06-13,1,elasticnet,83,-0.0003094218992254483,3.997115791986004e-05
2017-06-14,1,elasticnet,83,0.005041941020020424,3.997115791986004e-05
2017-06-15,1,elasticnet,83,-0.002775067303278256,3.997115791986004e-05
2017-06-16,1,elasticnet,83,0.004005962935148766,3.997115791986004e-05
2017-06-19,1,elasticnet,83,0.002150428354164902,3.997115791986004e-05
2017-06-20,1,elasticnet,83,-0.002047922075566255,3.997115791986004e-05
2017-06-21,1,elasticnet,83,0.0003074558056503918,3.997115791986004e-05
2017-06-22,1,elasticnet,83,-0.003387224177729742,3.997115791986004e-05
2017-06-23,1,elasticnet,83,0.001746366461610194,3.997115791986004e-05
2017-06-26,1,elasticnet,83,-0.01073170964137304,3.997115791986004e-05
2017-06-27,1,elasticnet,83,-0.003950109086344078,3.997115791986004e-05
2017-06-28,1,elasticnet,83,-0.003965774348081652,3.997115791986004e-05
2017-06-29,1,elasticnet,83,0.0,3.997115791986004e-05
2017-05-05,1,elasticnet,84,0.004147494691467912,3.090091501931716e-05
2017-05-08,1,elasticnet,84,0.006038665693166578,3.090091501931716e-05
2017-05-09,1,elasticnet,84,0.0001003361261062707,3.090091501931716e-05
2017-05-10,1,elasticnet,84,-0.0005017813342274025,3.090091501931716e-05
2017-05-11,1,elasticnet,84,-0.003721028077837474,3.090091501931716e-05
2017-05-12,1,elasticnet,84,-0.003431573815550593,3.090091501931716e-05
2017-05-15,1,elasticnet,84,-0.008121047576449492,3.090091501931716e-05
2017-05-16,1,elasticnet,84,-0.005416743787608702,3.090091501931716e-05
2017-05-17,1,elasticnet,84,0.003069684186780108,3.090091501931716e-05
2017-05-18,1,elasticnet,84,-0.007589001656872263,3.090091501931716e-05
2017-05-19,1,elasticnet,84,-0.001648465240393193,3.090091501931716e-05
2017-05-22,1,elasticnet,84,0.003807960141002376,3.090091501931716e-05
2017-05-23,1,elasticnet,84,-0.001130582370286071,3.090091501931716e-05
2017-05-24,1,elasticnet,84,0.0001028330506338548,3.090091501931716e-05
2017-05-25,1,elasticnet,84,0.001951821463030967,3.090091501931716e-05
2017-05-26,1,elasticnet,84,0.0,3.090091501931716e-05
2017-05-29,1,elasticnet,84,-0.001643385743729908,3.090091501931716e-05
2017-05-30,1,elasticnet,84,-0.003707522269531971,3.090091501931716e-05
2017-05-31,1,elasticnet,84,0.002884815518068073,3.090091501931716e-05
2017-06-01,1,elasticnet,84,-0.004950505159856178,3.090091501931716e-05
2017-06-02,1,elasticnet,84,0.0008267879759946695,3.090091501931716e-05
2017-06-05,1,elasticnet,84,-0.001654260096026761,3.090091501931716e-05
2017-06-06,1,elasticnet,84,0.001137597723386286,3.090091501931716e-05
2017-06-07,1,elasticnet,84,0.00175556403843391,3.090091501931716e-05
2017-06-08,1,elasticnet,84,0.003604720933023664,3.090091501931716e-05
2017-06-09,1,elasticnet,84,-0.001337379963749719,3.090091501931716e-05
2017-06-12,1,elasticnet,84,-0.001751584601143996,3.090091501931716e-05
2017-06-13,1,elasticnet,84,-0.0003094218992254483,3.090091501931716e-05
2017-06-14,1,elasticnet,84,0.005041941020020424,3.090091501931716e-05
2017-06-15,1,elasticnet,84,-0.002775067303278256,3.090091501931716e-05
2017-06-16,1,elasticnet,84,0.004005962935148766,3.090091501931716e-05
2017-06-19,1,elasticnet,84,0.002150428354164902,3.090091501931716e-05
2017-06-20,1,elasticnet,84,-0.002047922075566255,3.090091501931716e-05
2017-06-21,1,elasticnet,84,0.0003074558056503918,3.090091501931716e-05
2017-06-22,1,elasticnet,84,-0.003387224177729742,3.090091501931716e-05
2017-06-23,1,elasticnet,84,0.001746366461610194,3.090091501931716e-05
2017-06-26,1,elasticnet,84,-0.01073170964137304,3.090091501931716e-05
2017-06-27,1,elasticnet,84,-0.003950109086344078,3.090091501931716e-05
2017-06-28,1,elasticnet,84,-0.003965774348081652,3.090091501931716e-05
2017-06-29,1,elasticnet,84,0.0,3.090091501931716e-05
2017-06-30,1,elasticnet,84,0.00615065790985625,3.090091501931716e-05
2017-07-03,1,elasticnet,84,0.0,3.090091501931716e-05
2017-07-04,1,elasticnet,84,0.0007272349808848944,3.090091501931716e-05
2017-07-05,1,elasticnet,84,-0.00510178627537794,3.090091501931716e-05
2017-07-06,1,elasticnet,84,0.002189667732718448,3.090091501931716e-05
2017-07-07,1,elasticnet,84,0.000104150393261726,3.090091501931716e-05
2017-07-10,1,elasticnet,84,-0.003651733412718627,3.090091501931716e-05
2017-07-11,1,elasticnet,84,0.0009402915596421479,3.090091501931716e-05
2017-07-12,1,elasticnet,84,-0.0003133322914559145,3.090091501931716e-05
2017-07-13,1,elasticnet,84,-0.006077135216103535,3.090091501931716e-05
2017-07-14,1,elasticnet,84,-0.0002102165237927167,3.090091501931716e-05
2017-07-17,1,elasticnet,84,-0.005586901160533841,3.090091501931716e-05
2017-07-18,1,elasticnet,84,0.001900940481609936,3.090091501931716e-05
2017-07-19,1,elasticnet,84,-0.004971187983648484,3.090091501931716e-05
2017-07-20,1,elasticnet,84,-0.004782918189522256,3.090091501931716e-05
2017-07-21,1,elasticnet,84,0.001277683308398281,3.090091501931716e-05
2017-07-24,1,elasticnet,84,0.0007445620723700586,3.090091501931716e-05
2017-07-25,1,elasticnet,84,-0.00404858852600043,3.090091501931716e-05
2017-07-26,1,elasticnet,84,0.00202634314523209,3.090091501931716e-05
2017-07-27,1,elasticnet,84,-0.006413018986096475,3.090091501931716e-05
2017-06-02,1,elasticnet,85,0.0008267879759946695,2.387469279087804e-05
2017-06-05,1,elasticnet,85,-0.001654260096026761,2.387469279087804e-05
2017-06-06,1,elasticnet,85,0.001137597723386286,2.387469279087804e-05
2017-06-07,1,elasticnet,85,0.00175556403843391,2.387469279087804e-05
2017-06-08,1,elasticnet,85,0.003604720933023664,2.387469279087804e-05
2017-06-09,1,elasticnet,85,-0.001337379963749719,2.387469279087804e-05
2017-06-12,1,elasticnet,85,-0.001751584601143996,2.387469279087804e-05
2017-06-13,1,elasticnet,85,-0.0003094218992254483,2.387469279087804e-05
2017-06-14,1,elasticnet,85,0.005041941020020424,2.387469279087804e-05
2017-06-15,1,elasticnet,85,-0.002775067303278256,2.387469279087804e-05
2017-06-16,1,elasticnet,85,0.004005962935148766,2.387469279087804e-05
2017-06-19,1,elasticnet,85,0.002150428354164902,2.387469279087804e-05
2017-06-20,1,elasticnet,85,-0.002047922075566255,2.387469279087804e-05
2017-06-21,1,elasticnet,85,0.0003074558056503918,2.387469279087804e-05
2017-06-22,1,elasticnet,85,-0.003387224177729742,2.387469279087804e-05
2017-06-23,1,elasticnet,85,0.001746366461610194,2.387469279087804e-05
2017-06-26,1,elasticnet,85,-0.01073170964137304,2.387469279087804e-05
2017-06-27,1,elasticnet,85,-0.003950109086344078,2.387469279087804e-05
2017-06-28,1,elasticnet,85,-0.003965774348081652,2.387469279087804e-05
2017-06-29,1,elasticnet,85,0.0,2.387469279087804e-05
2017-06-30,1,elasticnet,85,0.00615065790985625,2.387469279087804e-05
2017-07-03,1,elasticnet,85,0.0,2.387469279087804e-05
2017-07-04,1,elasticnet,85,0.0007272349808848944,2.387469279087804e-05
2017-07-05,1,elasticnet,85,-0.00510178627537794,2.387469279087804e-05
2017-07-06,1,elasticnet,85,0.002189667732718448,2.387469279087804e-05
2017-07-07,1,elasticnet,85,0.000104150393261726,2.387469279087804e-05
2017-07-10,1,elasticnet,85,-0.003651733412718627,2.387469279087804e-05
2017-07-11,1,elasticnet,85,0.0009402915596421479,2.387469279087804e-05
2017-07-12,1,elasticnet,85,-0.0003133322914559145,2.387469279087804e-05
2017-07-13,1,elasticnet,85,-0.006077135216103535,2.387469279087804e-05
2017-07-14,1,elasticnet,85,-0.0002102165237927167,2.387469279087804e-05
2017-07-17,1,elasticnet,85,-0.005586901160533841,2.387469279087804e-05
2017-07-18,1,elasticnet,85,0.001900940481609936,2.387469279087804e-05
2017-07-19,1,elasticnet,85,-0.004971187983648484,2.387469279087804e-05
2017-07-20,1,elasticnet,85,-0.004782918189522256,2.387469279087804e-05
2017-07-21,1,elasticnet,85,0.001277683308398281,2.387469279087804e-05
2017-07-24,1,elasticnet,85,0.0007445620723700586,2.387469279087804e-05
2017-07-25,1,elasticnet,85,-0.00404858852600043,2.387469279087804e-05
2017-07-26,1,elasticnet,85,0.00202634314523209,2.387469279087804e-05
2017-07-27,1,elasticnet,85,-0.006413018986096475,2.387469279087804e-05
2017-07-28,1,elasticnet,85,-0.004298308788398764,2.387469279087804e-05
2017-07-31,1,elasticnet,85,0.001936525618632778,2.387469279087804e-05
2017-08-01,1,elasticnet,85,-0.002151926804172533,2.387469279087804e-05
2017-08-02,1,elasticnet,85,0.0,2.387469279087804e-05
2017-08-03,1,elasticnet,85,0.007511570891503894,2.387469279087804e-05
2017-08-04,1,elasticnet,85,-0.001176659492875487,2.387469279087804e-05
2017-08-07,1,elasticnet,85,0.002351936085232431,2.387469279087804e-05
2017-08-08,1,elasticnet,85,-0.001068376169998331,2.387469279087804e-05
2017-08-09,1,elasticnet,85,-0.001604707485301837,2.387469279087804e-05
2017-08-10,1,elasticnet,85,-0.003539447037177901,2.387469279087804e-05
2017-08-11,1,elasticnet,85,0.003646507687138367,2.387469279087804e-05
2017-08-14,1,elasticnet,85,0.004699357147760708,2.387469279087804e-05
2017-08-15,1,elasticnet,85,-0.00330861073477795,2.387469279087804e-05
2017-08-16,1,elasticnet,85,0.0008548835741839511,2.387469279087804e-05
2017-08-17,1,elasticnet,85,-0.002031543067059438,2.387469279087804e-05
2017-08-18,1,elasticnet,85,-0.003645725676466149,2.387469279087804e-05
2017-08-21,1,elasticnet,85,0.00492928559170025,2.387469279087804e-05
2017-08-22,1,elasticnet,85,-0.004284955672501312,2.387469279087804e-05
2017-08-23,1,elasticnet,85,0.001394625554584472,2.387469279087804e-05
2017-08-24,1,elasticnet,85,-0.005805843638866826,2.387469279087804e-05
2017-06-30,1,elasticnet,86,0.00615065790985625,1.9829788064541283e-05
2017-07-03,1,elasticnet,86,0.0,1.9829788064541283e-05
2017-07-04,1,elasticnet,86,0.0007272349808848944,1.9829788064541283e-05
2017-07-05,1,elasticnet,86,-0.00510178627537794,1.9829788064541283e-05
2017-07-06,1,elasticnet,86,0.002189667732718448,1.9829788064541283e-05
2017-07-07,1,elasticnet,86,0.000104150393261726,1.9829788064541283e-05
2017-07-10,1,elasticnet,86,-0.003651733412718627,1.9829788064541283e-05
2017-07-11,1,elasticnet,86,0.0009402915596421479,1.9829788064541283e-05
2017-07-12,1,elasticnet,86,-0.0003133322914559145,1.9829788064541283e-05
2017-07-13,1,elasticnet,86,-0.006077135216103535,1.9829788064541283e-05
2017-07-14,1,elasticnet,86,-0.0002102165237927167,1.9829788064541283e-05
2017-07-17,1,elasticnet,86,-0.005586901160533841,1.9829788064541283e-05
2017-07-18,1,elasticnet,86,0.001900940481609936,1.9829788064541283e-05
2017-07-19,1,elasticnet,86,-0.004971187983648484,1.9829788064541283e-05
2017-07-20,1,elasticnet,86,-0.004782918189522256,1.9829788064541283e-05
2017-07-21,1,elasticnet,86,0.001277683308398281,1.9829788064541283e-05
2017-07-24,1,elasticnet,86,0.0007445620723700586,1.9829788064541283e-05
2017-07-25,1,elasticnet,86,-0.00404858852600043,1.9829788064541283e-05
2017-07-26,1,elasticnet,86,0.00202634314523209,1.9829788064541283e-05
2017-07-27,1,elasticnet,86,-0.006413018986096475,1.9829788064541283e-05
2017-07-28,1,elasticnet,86,-0.004298308788398764,1.9829788064541283e-05
2017-07-31,1,elasticnet,86,0.001936525618632778,1.9829788064541283e-05
2017-08-01,1,elasticnet,86,-0.002151926804172533,1.9829788064541283e-05
2017-08-02,1,elasticnet,86,0.0,1.9829788064541283e-05
2017-08-03,1,elasticnet,86,0.007511570891503894,1.9829788064541283e-05
2017-08-04,1,elasticnet,86,-0.001176659492875487,1.9829788064541283e-05
2017-08-07,1,elasticnet,86,0.002351936085232431,1.9829788064541283e-05
2017-08-08,1,elasticnet,86,-0.001068376169998331,1.9829788064541283e-05
2017-08-09,1,elasticnet,86,-0.001604707485301837,1.9829788064541283e-05
2017-08-10,1,elasticnet,86,-0.003539447037177901,1.9829788064541283e-05
2017-08-11,1,elasticnet,86,0.003646507687138367,1.9829788064541283e-05
2017-08-14,1,elasticnet,86,0.004699357147760708,1.9829788064541283e-05
2017-08-15,1,elasticnet,86,-0.00330861073477795,1.9829788064541283e-05
2017-08-16,1,elasticnet,86,0.0008548835741839511,1.9829788064541283e-05
2017-08-17,1,elasticnet,86,-0.002031543067059438,1.9829788064541283e-05
2017-08-18,1,elasticnet,86,-0.003645725676466149,1.9829788064541283e-05
2017-08-21,1,elasticnet,86,0.00492928559170025,1.9829788064541283e-05
2017-08-22,1,elasticnet,86,-0.004284955672501312,1.9829788064541283e-05
2017-08-23,1,elasticnet,86,0.001394625554584472,1.9829788064541283e-05
2017-08-24,1,elasticnet,86,-0.005805843638866826,1.9829788064541283e-05
2017-08-25,1,elasticnet,86,-0.005731294412265164,1.9829788064541283e-05
2017-08-28,1,elasticnet,86,0.0004336983695862884,1.9829788064541283e-05
2017-08-29,1,elasticnet,86,0.006806054469000067,1.9829788064541283e-05
2017-08-30,1,elasticnet,86,-0.002263541791036161,1.9829788064541283e-05
2017-08-31,1,elasticnet,86,0.001509597008701569,1.9829788064541283e-05
2017-09-01,1,elasticnet,86,-0.001833378782616357,1.9829788064541283e-05
2017-09-04,1,elasticnet,86,-0.004218730904049117,1.9829788064541283e-05
2017-09-05,1,elasticnet,86,0.0004335103568493537,1.9829788064541283e-05
2017-09-06,1,elasticnet,86,-0.006849714196508039,1.9829788064541283e-05
2017-09-07,1,elasticnet,86,-0.003387796256961728,1.9829788064541283e-05
2017-09-08,1,elasticnet,86,0.006002746537626003,1.9829788064541283e-05
2017-09-11,1,elasticnet,86,-0.000217651540744157,1.9829788064541283e-05
2017-09-12,1,elasticnet,86,0.006941459542340489,1.9829788064541283e-05
2017-09-13,1,elasticnet,86,-0.004332762410753865,1.9829788064541283e-05
2017-09-14,1,elasticnet,86,-0.00271754066910912,1.9829788064541283e-05
2017-09-15,1,elasticnet,86,0.00195737339571167,1.9829788064541283e-05
2017-09-18,1,elasticnet,86,-0.002828548448086998,1.9829788064541283e-05
2017-09-19,1,elasticnet,86,0.007813387552227269,1.9829788064541283e-05
2017-09-20,1,elasticnet,86,-0.003465081972723993,1.9829788064541283e-05
2017-09-21,1,elasticnet,86,-0.0002169668049303297,1.9829788064541283e-05
2017-07-28,1,elasticnet,87,-0.004298308788398764,1.1159079648702113e-05
2017-07-31,1,elasticnet,87,0.001936525618632778,1.1159079648702113e-05
2017-08-01,1,elasticnet,87,-0.002151926804172533,1.1159079648702113e-05
2017-08-02,1,elasticnet,87,0.0,1.1159079648702113e-05
2017-08-03,1,elasticnet,87,0.007511570891503894,1.1159079648702113e-05
2017-08-04,1,elasticnet,87,-0.001176659492875487,1.1159079648702113e-05
2017-08-07,1,elasticnet,87,0.002351936085232431,1.1159079648702113e-05
2017-08-08,1,elasticnet,87,-0.001068376169998331,1.1159079648702113e-05
2017-08-09,1,elasticnet,87,-0.001604707485301837,1.1159079648702113e-05
2017-08-10,1,elasticnet,87,-0.003539447037177901,1.1159079648702113e-05
2017-08-11,1,elasticnet,87,0.003646507687138367,1.1159079648702113e-05
2017-08-14,1,elasticnet,87,0.004699357147760708,1.1159079648702113e-05
2017-08-15,1,elasticnet,87,-0.00330861073477795,1.1159079648702113e-05
2017-08-16,1,elasticnet,87,0.0008548835741839511,1.1159079648702113e-05
2017-08-17,1,elasticnet,87,-0.002031543067059438,1.1159079648702113e-05
2017-08-18,1,elasticnet,87,-0.003645725676466149,1.1159079648702113e-05
2017-08-21,1,elasticnet,87,0.00492928559170025,1.1159079648702113e-05
2017-08-22,1,elasticnet,87,-0.004284955672501312,1.1159079648702113e-05
2017-08-23,1,elasticnet,87,0.001394625554584472,1.1159079648702113e-05
2017-08-24,1,elasticnet,87,-0.005805843638866826,1.1159079648702113e-05
2017-08-25,1,elasticnet,87,-0.005731294412265164,1.1159079648702113e-05
2017-08-28,1,elasticnet,87,0.0004336983695862884,1.1159079648702113e-05
2017-08-29,1,elasticnet,87,0.006806054469000067,1.1159079648702113e-05
2017-08-30,1,elasticnet,87,-0.002263541791036161,1.1159079648702113e-05
2017-08-31,1,elasticnet,87,0.001509597008701569,1.1159079648702113e-05
2017-09-01,1,elasticnet,87,-0.001833378782616357,1.1159079648702113e-05
2017-09-04,1,elasticnet,87,-0.004218730904049117,1.1159079648702113e-05
2017-09-05,1,elasticnet,87,0.0004335103568493537,1.1159079648702113e-05
2017-09-06,1,elasticnet,87,-0.006849714196508039,1.1159079648702113e-05
2017-09-07,1,elasticnet,87,-0.003387796256961728,1.1159079648702113e-05
2017-09-08,1,elasticnet,87,0.006002746537626003,1.1159079648702113e-05
2017-09-11,1,elasticnet,87,-0.000217651540744157,1.1159079648702113e-05
2017-09-12,1,elasticnet,87,0.006941459542340489,1.1159079648702113e-05
2017-09-13,1,elasticnet,87,-0.004332762410753865,1.1159079648702113e-05
2017-09-14,1,elasticnet,87,-0.00271754066910912,1.1159079648702113e-05
2017-09-15,1,elasticnet,87,0.00195737339571167,1.1159079648702113e-05
2017-09-18,1,elasticnet,87,-0.002828548448086998,1.1159079648702113e-05
2017-09-19,1,elasticnet,87,0.007813387552227269,1.1159079648702113e-05
2017-09-20,1,elasticnet,87,-0.003465081972723993,1.1159079648702113e-05
2017-09-21,1,elasticnet,87,-0.0002169668049303297,1.1159079648702113e-05
2017-09-22,1,elasticnet,87,0.005194254725796377,1.1159079648702113e-05
2017-09-25,1,elasticnet,87,0.003447907736397582,1.1159079648702113e-05
2017-09-26,1,elasticnet,87,0.004186127510533488,1.1159079648702113e-05
2017-09-27,1,elasticnet,87,-0.003003649544209175,1.1159079648702113e-05
2017-09-28,1,elasticnet,87,0.0,1.1159079648702113e-05
2017-09-29,1,elasticnet,87,0.00514360328188701,1.1159079648702113e-05
2017-10-02,1,elasticnet,87,0.0001068775718433557,1.1159079648702113e-05
2017-10-03,1,elasticnet,87,-0.001176282015541652,1.1159079648702113e-05
2017-10-04,1,elasticnet,87,0.005335622518432004,1.1159079648702113e-05
2017-10-05,1,elasticnet,87,-0.001704303778533145,1.1159079648702113e-05
2017-10-06,1,elasticnet,87,-0.001386888791139462,1.1159079648702113e-05
2017-10-09,1,elasticnet,87,-0.004065046248169502,1.1159079648702113e-05
2017-10-10,1,elasticnet,87,-0.002898397176918976,1.1159079648702113e-05
2017-10-11,1,elasticnet,87,0.0004299226205519702,1.1159079648702113e-05
2017-10-12,1,elasticnet,87,0.0003223207118958626,1.1159079648702113e-05
2017-10-13,1,elasticnet,87,0.002360516117532185,1.1159079648702113e-05
2017-10-16,1,elasticnet,87,0.002141099201424801,1.1159079648702113e-05
2017-10-17,1,elasticnet,87,-0.001605394469055277,1.1159079648702113e-05
2017-10-18,1,elasticnet,87,-0.002144542962160045,1.1159079648702113e-05
2017-10-19,1,elasticnet,87,0.005779744228235906,1.1159079648702113e-05
2017-08-25,1,elasticnet,88,-0.005731294412265164,9.194689780515059e-06
2017-08-28,1,elasticnet,88,0.0004336983695862884,9.194689780515059e-06
2017-08-29,1,elasticnet,88,0.006806054469000067,9.194689780515059e-06
2017-08-30,1,elasticnet,88,-0.002263541791036161,9.194689780515059e-06
2017-08-31,1,elasticnet,88,0.001509597008701569,9.194689780515059e-06
2017-09-01,1,elasticnet,88,-0.001833378782616357,9.194689780515059e-06
2017-09-04,1,elasticnet,88,-0.004218730904049117,9.194689780515059e-06
2017-09-05,1,elasticnet,88,0.0004335103568493537,9.194689780515059e-06
2017-09-06,1,elasticnet,88,-0.006849714196508039,9.194689780515059e-06
2017-09-07,1,elasticnet,88,-0.003387796256961728,9.194689780515059e-06
2017-09-08,1,elasticnet,88,0.006002746537626003,9.194689780515059e-06
2017-09-11,1,elasticnet,88,-0.000217651540744157,9.194689780515059e-06
2017-09-12,1,elasticnet,88,0.006941459542340489,9.194689780515059e-06
2017-09-13,1,elasticnet,88,-0.004332762410753865,9.194689780515059e-06
2017-09-14,1,elasticnet,88,-0.00271754066910912,9.194689780515059e-06
2017-09-15,1,elasticnet,88,0.00195737339571167,9.194689780515059e-06
2017-09-18,1,elasticnet,88,-0.002828548448086998,9.194689780515059e-06
2017-09-19,1,elasticnet,88,0.007813387552227269,9.194689780515059e-06
2017-09-20,1,elasticnet,88,-0.003465081972723993,9.194689780515059e-06
2017-09-21,1,elasticnet,88,-0.0002169668049303297,9.194689780515059e-06
2017-09-22,1,elasticnet,88,0.005194254725796377,9.194689780515059e-06
2017-09-25,1,elasticnet,88,0.003447907736397582,9.194689780515059e-06
2017-09-26,1,elasticnet,88,0.004186127510533488,9.194689780515059e-06
2017-09-27,1,elasticnet,88,-0.003003649544209175,9.194689780515059e-06
2017-09-28,1,elasticnet,88,0.0,9.194689780515059e-06
2017-09-29,1,elasticnet,88,0.00514360328188701,9.194689780515059e-06
2017-10-02,1,elasticnet,88,0.0001068775718433557,9.194689780515059e-06
2017-10-03,1,elasticnet,88,-0.001176282015541652,9.194689780515059e-06
2017-10-04,1,elasticnet,88,0.005335622518432004,9.194689780515059e-06
2017-10-05,1,elasticnet,88,-0.001704303778533145,9.194689780515059e-06
2017-10-06,1,elasticnet,88,-0.001386888791139462,9.194689780515059e-06
2017-10-09,1,elasticnet,88,-0.004065046248169502,9.194689780515059e-06
2017-10-10,1,elasticnet,88,-0.002898397176918976,9.194689780515059e-06
2017-10-11,1,elasticnet,88,0.0004299226205519702,9.194689780515059e-06
2017-10-12,1,elasticnet,88,0.0003223207118958626,9.194689780515059e-06
2017-10-13,1,elasticnet,88,0.002360516117532185,9.194689780515059e-06
2017-10-16,1,elasticnet,88,0.002141099201424801,9.194689780515059e-06
2017-10-17,1,elasticnet,88,-0.001605394469055277,9.194689780515059e-06
2017-10-18,1,elasticnet,88,-0.002144542962160045,9.194689780515059e-06
2017-10-19,1,elasticnet,88,0.005779744228235906,9.194689780515059e-06
2017-10-20,1,elasticnet,88,0.002558091354472936,9.194689780515059e-06
2017-10-23,1,elasticnet,88,-0.001811305167315425,9.194689780515059e-06
2017-10-24,1,elasticnet,88,-0.0006400682958016546,9.194689780515059e-06
2017-10-25,1,elasticnet,88,0.00955827158062128,9.194689780515059e-06
2017-10-26,1,elasticnet,88,0.003271252851209994,9.194689780515059e-06
2017-10-27,1,elasticnet,88,-0.003799877909774985,9.194689780515059e-06
2017-10-30,1,elasticnet,88,-0.0001057585533219552,9.194689780515059e-06
2017-10-31,1,elasticnet,88,0.002746093825401807,9.194689780515059e-06
2017-11-01,1,elasticnet,88,-0.001266490934459519,9.194689780515059e-06
2017-11-02,1,elasticnet,88,0.00263671512776309,9.194689780515059e-06
2017-11-03,1,elasticnet,88,-0.001897733832587178,9.194689780515059e-06
2017-11-06,1,elasticnet,88,0.001581694851815918,9.194689780515059e-06
2017-11-07,1,elasticnet,88,-0.0004215407376149116,9.194689780515059e-06
2017-11-08,1,elasticnet,88,-0.0045428211874734,9.194689780515059e-06
2017-11-09,1,elasticnet,88,-0.0005295768804591816,9.194689780515059e-06
2017-11-10,1,elasticnet,88,0.001058873457681742,9.194689780515059e-06
2017-11-13,1,elasticnet,88,-0.007009374492576548,9.194689780515059e-06
2017-11-14,1,elasticnet,88,-0.0002131741640987173,9.194689780515059e-06
2017-11-15,1,elasticnet,88,0.001278363868564725,9.194689780515059e-06
2017-11-16,1,elasticnet,88,-0.002878620251028252,9.194689780515059e-06
2017-09-22,1,elasticnet,89,0.005194254725796377,7.064127782745704e-06
2017-09-25,1,elasticnet,89,0.003447907736397582,7.064127782745704e-06
2017-09-26,1,elasticnet,89,0.004186127510533488,7.064127782745704e-06
2017-09-27,1,elasticnet,89,-0.003003649544209175,7.064127782745704e-06
2017-09-28,1,elasticnet,89,0.0,7.064127782745704e-06
2017-09-29,1,elasticnet,89,0.00514360328188701,7.064127782745704e-06
2017-10-02,1,elasticnet,89,0.0001068775718433557,7.064127782745704e-06
2017-10-03,1,elasticnet,89,-0.001176282015541652,7.064127782745704e-06
2017-10-04,1,elasticnet,89,0.005335622518432004,7.064127782745704e-06
2017-10-05,1,elasticnet,89,-0.001704303778533145,7.064127782745704e-06
2017-10-06,1,elasticnet,89,-0.001386888791139462,7.064127782745704e-06
2017-10-09,1,elasticnet,89,-0.004065046248169502,7.064127782745704e-06
2017-10-10,1,elasticnet,89,-0.002898397176918976,7.064127782745704e-06
2017-10-11,1,elasticnet,89,0.0004299226205519702,7.064127782745704e-06
2017-10-12,1,elasticnet,89,0.0003223207118958626,7.064127782745704e-06
2017-10-13,1,elasticnet,89,0.002360516117532185,7.064127782745704e-06
2017-10-16,1,elasticnet,89,0.002141099201424801,7.064127782745704e-06
2017-10-17,1,elasticnet,89,-0.001605394469055277,7.064127782745704e-06
2017-10-18,1,elasticnet,89,-0.002144542962160045,7.064127782745704e-06
2017-10-19,1,elasticnet,89,0.005779744228235906,7.064127782745704e-06
2017-10-20,1,elasticnet,89,0.002558091354472936,7.064127782745704e-06
2017-10-23,1,elasticnet,89,-0.001811305167315425,7.064127782745704e-06
2017-10-24,1,elasticnet,89,-0.0006400682958016546,7.064127782745704e-06
2017-10-25,1,elasticnet,89,0.00955827158062128,7.064127782745704e-06
2017-10-26,1,elasticnet,89,0.003271252851209994,7.064127782745704e-06
2017-10-27,1,elasticnet,89,-0.003799877909774985,7.064127782745704e-06
2017-10-30,1,elasticnet,89,-0.0001057585533219552,7.064127782745704e-06
2017-10-31,1,elasticnet,89,0.002746093825401807,7.064127782745704e-06
2017-11-01,1,elasticnet,89,-0.001266490934459519,7.064127782745704e-06
2017-11-02,1,elasticnet,89,0.00263671512776309,7.064127782745704e-06
2017-11-03,1,elasticnet,89,-0.001897733832587178,7.064127782745704e-06
2017-11-06,1,elasticnet,89,0.001581694851815918,7.064127782745704e-06
2017-11-07,1,elasticnet,89,-0.0004215407376149116,7.064127782745704e-06
2017-11-08,1,elasticnet,89,-0.0045428211874734,7.064127782745704e-06
2017-11-09,1,elasticnet,89,-0.0005295768804591816,7.064127782745704e-06
2017-11-10,1,elasticnet,89,0.001058873457681742,7.064127782745704e-06
2017-11-13,1,elasticnet,89,-0.007009374492576548,7.064127782745704e-06
2017-11-14,1,elasticnet,89,-0.0002131741640987173,7.064127782745704e-06
2017-11-15,1,elasticnet,89,0.001278363868564725,7.064127782745704e-06
2017-11-16,1,elasticnet,89,-0.002878620251028252,7.064127782745704e-06
2017-11-17,1,elasticnet,89,0.004474280394920704,7.064127782745704e-06
2017-11-20,1,elasticnet,89,-0.001382758290842112,7.064127782745704e-06
2017-11-21,1,elasticnet,89,-0.007800434914879695,7.064127782745704e-06
2017-11-22,1,elasticnet,89,0.0,7.064127782745704e-06
2017-11-23,1,elasticnet,89,-0.004731191620996889,7.064127782745704e-06
2017-11-24,1,elasticnet,89,0.001292546496195257,7.064127782745704e-06
2017-11-27,1,elasticnet,89,0.003974866918978748,7.064127782745704e-06
2017-11-28,1,elasticnet,89,-0.001180067722631684,7.064127782745704e-06
2017-11-29,1,elasticnet,89,-0.001181461927880711,7.064127782745704e-06
2017-11-30,1,elasticnet,89,-0.001720985688829835,7.064127782745704e-06
2017-12-01,1,elasticnet,89,0.003224422398134585,7.064127782745704e-06
2017-12-04,1,elasticnet,89,0.002036769745227041,7.064127782745704e-06
2017-12-05,1,elasticnet,89,0.002460025840862023,7.064127782745704e-06
2017-12-06,1,elasticnet,89,0.00202764062852534,7.064127782745704e-06
2017-12-07,1,elasticnet,89,0.001065530202038367,7.064127782745704e-06
2017-12-08,1,elasticnet,89,-0.0003195398653161874,7.064127782745704e-06
2017-12-11,1,elasticnet,89,0.002447200242433389,7.064127782745704e-06
2017-12-12,1,elasticnet,89,-0.007145553786469527,7.064127782745704e-06
2017-12-13,1,elasticnet,89,0.0006419858983592874,7.064127782745704e-06
2017-12-14,1,elasticnet,89,0.004695345303200149,7.064127782745704e-06
2017-10-20,1,elasticnet,90,0.002558091354472936,1.2504864010461857e-05
2017-10-23,1,elasticnet,90,-0.001811305167315425,1.2504864010461857e-05
2017-10-24,1,elasticnet,90,-0.0006400682958016546,1.2504864010461857e-05
2017-10-25,1,elasticnet,90,0.00955827158062128,1.2504864010461857e-05
2017-10-26,1,elasticnet,90,0.003271252851209994,1.2504864010461857e-05
2017-10-27,1,elasticnet,90,-0.003799877909774985,1.2504864010461857e-05
2017-10-30,1,elasticnet,90,-0.0001057585533219552,1.2504864010461857e-05
2017-10-31,1,elasticnet,90,0.002746093825401807,1.2504864010461857e-05
2017-11-01,1,elasticnet,90,-0.001266490934459519,1.2504864010461857e-05
2017-11-02,1,elasticnet,90,0.00263671512776309,1.2504864010461857e-05
2017-11-03,1,elasticnet,90,-0.001897733832587178,1.2504864010461857e-05
2017-11-06,1,elasticnet,90,0.001581694851815918,1.2504864010461857e-05
2017-11-07,1,elasticnet,90,-0.0004215407376149116,1.2504864010461857e-05
2017-11-08,1,elasticnet,90,-0.0045428211874734,1.2504864010461857e-05
2017-11-09,1,elasticnet,90,-0.0005295768804591816,1.2504864010461857e-05
2017-11-10,1,elasticnet,90,0.001058873457681742,1.2504864010461857e-05
2017-11-13,1,elasticnet,90,-0.007009374492576548,1.2504864010461857e-05
2017-11-14,1,elasticnet,90,-0.0002131741640987173,1.2504864010461857e-05
2017-11-15,1,elasticnet,90,0.001278363868564725,1.2504864010461857e-05
2017-11-16,1,elasticnet,90,-0.002878620251028252,1.2504864010461857e-05
2017-11-17,1,elasticnet,90,0.004474280394920704,1.2504864010461857e-05
2017-11-20,1,elasticnet,90,-0.001382758290842112,1.2504864010461857e-05
2017-11-21,1,elasticnet,90,-0.007800434914879695,1.2504864010461857e-05
2017-11-22,1,elasticnet,90,0.0,1.2504864010461857e-05
2017-11-23,1,elasticnet,90,-0.004731191620996889,1.2504864010461857e-05
2017-11-24,1,elasticnet,90,0.001292546496195257,1.2504864010461857e-05
2017-11-27,1,elasticnet,90,0.003974866918978748,1.2504864010461857e-05
2017-11-28,1,elasticnet,90,-0.001180067722631684,1.2504864010461857e-05
2017-11-29,1,elasticnet,90,-0.001181461927880711,1.2504864010461857e-05
2017-11-30,1,elasticnet,90,-0.001720985688829835,1.2504864010461857e-05
2017-12-01,1,elasticnet,90,0.003224422398134585,1.2504864010461857e-05
2017-12-04,1,elasticnet,90,0.002036769745227041,1.2504864010461857e-05
2017-12-05,1,elasticnet,90,0.002460025840862023,1.2504864010461857e-05
2017-12-06,1,elasticnet,90,0.00202764062852534,1.2504864010461857e-05
2017-12-07,1,elasticnet,90,0.001065530202038367,1.2504864010461857e-05
2017-12-08,1,elasticnet,90,-0.0003195398653161874,1.2504864010461857e-05
2017-12-11,1,elasticnet,90,0.002447200242433389,1.2504864010461857e-05
2017-12-12,1,elasticnet,90,-0.007145553786469527,1.2504864010461857e-05
2017-12-13,1,elasticnet,90,0.0006419858983592874,1.2504864010461857e-05
2017-12-14,1,elasticnet,90,0.004695345303200149,1.2504864010461857e-05
2017-12-15,1,elasticnet,90,-0.002558364043327543,1.2504864010461857e-05
2017-12-18,1,elasticnet,90,-0.00267194088317968,1.2504864010461857e-05
2017-12-19,1,elasticnet,90,-0.001392235833986177,1.2504864010461857e-05
2017-12-20,1,elasticnet,90,-0.000321560643748775,1.2504864010461857e-05
2017-12-21,1,elasticnet,90,0.0007501473855500151,1.2504864010461857e-05
2017-12-22,1,elasticnet,90,0.0,1.2504864010461857e-05
2017-12-25,1,elasticnet,90,-0.000964578607557165,1.2504864010461857e-05
2017-12-26,1,elasticnet,90,-0.002469269599707502,1.2504864010461857e-05
2017-12-27,1,elasticnet,90,-0.004632880128333738,1.2504864010461857e-05
2017-12-28,1,elasticnet,90,-0.005197066699649255,1.2504864010461857e-05
2017-12-29,1,elasticnet,90,0.001410207968151944,1.2504864010461857e-05
2018-01-01,1,elasticnet,90,-0.004127748637261064,1.2504864010461857e-05
2018-01-02,1,elasticnet,90,0.003151662664206079,1.2504864010461857e-05
2018-01-03,1,elasticnet,90,-0.00336938528644648,1.2504864010461857e-05
2018-01-04,1,elasticnet,90,0.001088139389195497,1.2504864010461857e-05
2018-01-05,1,elasticnet,90,0.004449033435964367,1.2504864010461857e-05
2018-01-08,1,elasticnet,90,0.001838931774644337,1.2504864010461857e-05
2018-01-09,1,elasticnet,90,-0.002163800476402855,1.2504864010461857e-05
2018-01-10,1,elasticnet,90,-0.005212304123401346,1.2504864010461857e-05
2018-01-11,1,elasticnet,90,-0.009627029827163902,1.2504864010461857e-05
2017-11-17,1,elasticnet,91,0.004474280394920704,1.2280664418015012e-05
2017-11-20,1,elasticnet,91,-0.001382758290842112,1.2280664418015012e-05
2017-11-21,1,elasticnet,91,-0.007800434914879695,1.2280664418015012e-05
2017-11-22,1,elasticnet,91,0.0,1.2280664418015012e-05
2017-11-23,1,elasticnet,91,-0.004731191620996889,1.2280664418015012e-05
2017-11-24,1,elasticnet,91,0.001292546496195257,1.2280664418015012e-05
2017-11-27,1,elasticnet,91,0.003974866918978748,1.2280664418015012e-05
2017-11-28,1,elasticnet,91,-0.001180067722631684,1.2280664418015012e-05
2017-11-29,1,elasticnet,91,-0.001181461927880711,1.2280664418015012e-05
2017-11-30,1,elasticnet,91,-0.001720985688829835,1.2280664418015012e-05
2017-12-01,1,elasticnet,91,0.003224422398134585,1.2280664418015012e-05
2017-12-04,1,elasticnet,91,0.002036769745227041,1.2280664418015012e-05
2017-12-05,1,elasticnet,91,0.002460025840862023,1.2280664418015012e-05
2017-12-06,1,elasticnet,91,0.00202764062852534,1.2280664418015012e-05
2017-12-07,1,elasticnet,91,0.001065530202038367,1.2280664418015012e-05
2017-12-08,1,elasticnet,91,-0.0003195398653161874,1.2280664418015012e-05
2017-12-11,1,elasticnet,91,0.002447200242433389,1.2280664418015012e-05
2017-12-12,1,elasticnet,91,-0.007145553786469527,1.2280664418015012e-05
2017-12-13,1,elasticnet,91,0.0006419858983592874,1.2280664418015012e-05
2017-12-14,1,elasticnet,91,0.004695345303200149,1.2280664418015012e-05
2017-12-15,1,elasticnet,91,-0.002558364043327543,1.2280664418015012e-05
2017-12-18,1,elasticnet,91,-0.00267194088317968,1.2280664418015012e-05
2017-12-19,1,elasticnet,91,-0.001392235833986177,1.2280664418015012e-05
2017-12-20,1,elasticnet,91,-0.000321560643748775,1.2280664418015012e-05
2017-12-21,1,elasticnet,91,0.0007501473855500151,1.2280664418015012e-05
2017-12-22,1,elasticnet,91,0.0,1.2280664418015012e-05
2017-12-25,1,elasticnet,91,-0.000964578607557165,1.2280664418015012e-05
2017-12-26,1,elasticnet,91,-0.002469269599707502,1.2280664418015012e-05
2017-12-27,1,elasticnet,91,-0.004632880128333738,1.2280664418015012e-05
2017-12-28,1,elasticnet,91,-0.005197066699649255,1.2280664418015012e-05
2017-12-29,1,elasticnet,91,0.001410207968151944,1.2280664418015012e-05
2018-01-01,1,elasticnet,91,-0.004127748637261064,1.2280664418015012e-05
2018-01-02,1,elasticnet,91,0.003151662664206079,1.2280664418015012e-05
2018-01-03,1,elasticnet,91,-0.00336938528644648,1.2280664418015012e-05
2018-01-04,1,elasticnet,91,0.001088139389195497,1.2280664418015012e-05
2018-01-05,1,elasticnet,91,0.004449033435964367,1.2280664418015012e-05
2018-01-08,1,elasticnet,91,0.001838931774644337,1.2280664418015012e-05
2018-01-09,1,elasticnet,91,-0.002163800476402855,1.2280664418015012e-05
2018-01-10,1,elasticnet,91,-0.005212304123401346,1.2280664418015012e-05
2018-01-11,1,elasticnet,91,-0.009627029827163902,1.2280664418015012e-05
2018-01-12,1,elasticnet,91,0.0,1.2280664418015012e-05
2018-01-15,1,elasticnet,91,-0.006396140023650965,1.2280664418015012e-05
2018-01-16,1,elasticnet,91,0.001658100197492907,1.2280664418015012e-05
2018-01-17,1,elasticnet,91,-0.0004418913019321735,1.2280664418015012e-05
2018-01-18,1,elasticnet,91,0.0007731816809766201,1.2280664418015012e-05
2018-01-19,1,elasticnet,91,-0.001878764988726189,1.2280664418015012e-05
2018-01-22,1,elasticnet,91,-0.003102151834087685,1.2280664418015012e-05
2018-01-23,1,elasticnet,91,-0.0101489746383514,1.2280664418015012e-05
2018-01-24,1,elasticnet,91,0.002015678174069002,1.2280664418015012e-05
2018-01-25,1,elasticnet,91,-0.003586241655982647,1.2280664418015012e-05
2018-01-26,1,elasticnet,91,0.002690886252016078,1.2280664418015012e-05
2018-01-29,1,elasticnet,91,-0.001680955178126275,1.2280664418015012e-05
2018-01-30,1,elasticnet,91,-0.0003365303750424431,1.2280664418015012e-05
2018-01-31,1,elasticnet,91,-0.00517436475070987,1.2280664418015012e-05
2018-02-01,1,elasticnet,91,0.005847312286199724,1.2280664418015012e-05
2018-02-02,1,elasticnet,91,0.004028202828605387,1.2280664418015012e-05
2018-02-05,1,elasticnet,91,0.0003349522724329645,1.2280664418015012e-05
2018-02-06,1,elasticnet,91,0.00745151643383668,1.2280664418015012e-05
2018-02-07,1,elasticnet,91,-0.00022163120658103,1.2280664418015012e-05
2018-02-08,1,elasticnet,91,0.002324681403359286,1.2280664418015012e-05
2017-12-15,1,elasticnet,92,-0.002558364043327543,1.3146785129418926e-05
2017-12-18,1,elasticnet,92,-0.00267194088317968,1.3146785129418926e-05
2017-12-19,1,elasticnet,92,-0.001392235833986177,1.3146785129418926e-05
2017-12-20,1,elasticnet,92,-0.000321560643748775,1.3146785129418926e-05
2017-12-21,1,elasticnet,92,0.0007501473855500151,1.3146785129418926e-05
2017-12-22,1,elasticnet,92,0.0,1.3146785129418926e-05
2017-12-25,1,elasticnet,92,-0.000964578607557165,1.3146785129418926e-05
2017-12-26,1,elasticnet,92,-0.002469269599707502,1.3146785129418926e-05
2017-12-27,1,elasticnet,92,-0.004632880128333738,1.3146785129418926e-05
2017-12-28,1,elasticnet,92,-0.005197066699649255,1.3146785129418926e-05
2017-12-29,1,elasticnet,92,0.001410207968151944,1.3146785129418926e-05
2018-01-01,1,elasticnet,92,-0.004127748637261064,1.3146785129418926e-05
2018-01-02,1,elasticnet,92,0.003151662664206079,1.3146785129418926e-05
2018-01-03,1,elasticnet,92,-0.00336938528644648,1.3146785129418926e-05
2018-01-04,1,elasticnet,92,0.001088139389195497,1.3146785129418926e-05
2018-01-05,1,elasticnet,92,0.004449033435964367,1.3146785129418926e-05
2018-01-08,1,elasticnet,92,0.001838931774644337,1.3146785129418926e-05
2018-01-09,1,elasticnet,92,-0.002163800476402855,1.3146785129418926e-05
2018-01-10,1,elasticnet,92,-0.005212304123401346,1.3146785129418926e-05
2018-01-11,1,elasticnet,92,-0.009627029827163902,1.3146785129418926e-05
2018-01-12,1,elasticnet,92,0.0,1.3146785129418926e-05
2018-01-15,1,elasticnet,92,-0.006396140023650965,1.3146785129418926e-05
2018-01-16,1,elasticnet,92,0.001658100197492907,1.3146785129418926e-05
2018-01-17,1,elasticnet,92,-0.0004418913019321735,1.3146785129418926e-05
2018-01-18,1,elasticnet,92,0.0007731816809766201,1.3146785129418926e-05
2018-01-19,1,elasticnet,92,-0.001878764988726189,1.3146785129418926e-05
2018-01-22,1,elasticnet,92,-0.003102151834087685,1.3146785129418926e-05
2018-01-23,1,elasticnet,92,-0.0101489746383514,1.3146785129418926e-05
2018-01-24,1,elasticnet,92,0.002015678174069002,1.3146785129418926e-05
2018-01-25,1,elasticnet,92,-0.003586241655982647,1.3146785129418926e-05
2018-01-26,1,elasticnet,92,0.002690886252016078,1.3146785129418926e-05
2018-01-29,1,elasticnet,92,-0.001680955178126275,1.3146785129418926e-05
2018-01-30,1,elasticnet,92,-0.0003365303750424431,1.3146785129418926e-05
2018-01-31,1,elasticnet,92,-0.00517436475070987,1.3146785129418926e-05
2018-02-01,1,elasticnet,92,0.005847312286199724,1.3146785129418926e-05
2018-02-02,1,elasticnet,92,0.004028202828605387,1.3146785129418926e-05
2018-02-05,1,elasticnet,92,0.0003349522724329645,1.3146785129418926e-05
2018-02-06,1,elasticnet,92,0.00745151643383668,1.3146785129418926e-05
2018-02-07,1,elasticnet,92,-0.00022163120658103,1.3146785129418926e-05
2018-02-08,1,elasticnet,92,0.002324681403359286,1.3146785129418926e-05
2018-02-09,1,elasticnet,92,-0.002546361741221581,1.3146785129418926e-05
2018-02-12,1,elasticnet,92,-0.00566951660379722,1.3146785129418926e-05
2018-02-13,1,elasticnet,92,-0.006486992885776033,1.3146785129418926e-05
2018-02-14,1,elasticnet,92,-0.005964791755032728,1.3146785129418926e-05
2018-02-15,1,elasticnet,92,0.005740350052822585,1.3146785129418926e-05
2018-02-16,1,elasticnet,92,0.0,1.3146785129418926e-05
2018-02-19,1,elasticnet,92,0.006934375175243979,1.3146785129418926e-05
2018-02-20,1,elasticnet,92,0.003115960678257146,1.3146785129418926e-05
2018-02-21,1,elasticnet,92,-0.002893069782428093,1.3146785129418926e-05
2018-02-22,1,elasticnet,92,0.0015588467692913,1.3146785129418926e-05
2018-02-23,1,elasticnet,92,-0.0003338340875602697,1.3146785129418926e-05
2018-02-26,1,elasticnet,92,0.005660078370234523,1.3146785129418926e-05
2018-02-27,1,elasticnet,92,0.002762890634167015,1.3146785129418926e-05
2018-02-28,1,elasticnet,92,-0.003205662392563369,1.3146785129418926e-05
2018-03-01,1,elasticnet,92,-0.004216138498844835,1.3146785129418926e-05
2018-03-02,1,elasticnet,92,0.001555383048819081,1.3146785129418926e-05
2018-03-05,1,elasticnet,92,-0.00511965503338363,1.3146785129418926e-05
2018-03-06,1,elasticnet,92,0.0002231395747296361,1.3146785129418926e-05
2018-03-07,1,elasticnet,92,0.006006024060211779,1.3146785129418926e-05
2018-03-08,1,elasticnet,92,-0.0009985023295895346,1.3146785129418926e-05
2018-01-12,1,elasticnet,93,0.0,2.5967923597974804e-06
2018-01-15,1,elasticnet,93,-0.006396140023650965,2.5967923597974804e-06
2018-01-16,1,elasticnet,93,0.001658100197492907,2.5967923597974804e-06
2018-01-17,1,elasticnet,93,-0.0004418913019321735,2.5967923597974804e-06
2018-01-18,1,elasticnet,93,0.0007731816809766201,2.5967923597974804e-06
2018-01-19,1,elasticnet,93,-0.001878764988726189,2.5967923597974804e-06
2018-01-22,1,elasticnet,93,-0.003102151834087685,2.5967923597974804e-06
2018-01-23,1,elasticnet,93,-0.0101489746383514,2.5967923597974804e-06
2018-01-24,1,elasticnet,93,0.002015678174069002,2.5967923597974804e-06
2018-01-25,1,elasticnet,93,-0.003586241655982647,2.5967923597974804e-06
2018-01-26,1,elasticnet,93,0.002690886252016078,2.5967923597974804e-06
2018-01-29,1,elasticnet,93,-0.001680955178126275,2.5967923597974804e-06
2018-01-30,1,elasticnet,93,-0.0003365303750424431,2.5967923597974804e-06
2018-01-31,1,elasticnet,93,-0.00517436475070987,2.5967923597974804e-06
2018-02-01,1,elasticnet,93,0.005847312286199724,2.5967923597974804e-06
2018-02-02,1,elasticnet,93,0.004028202828605387,2.5967923597974804e-06
2018-02-05,1,elasticnet,93,0.0003349522724329645,2.5967923597974804e-06
2018-02-06,1,elasticnet,93,0.00745151643383668,2.5967923597974804e-06
2018-02-07,1,elasticnet,93,-0.00022163120658103,2.5967923597974804e-06
2018-02-08,1,elasticnet,93,0.002324681403359286,2.5967923597974804e-06
2018-02-09,1,elasticnet,93,-0.002546361741221581,2.5967923597974804e-06
2018-02-12,1,elasticnet,93,-0.00566951660379722,2.5967923597974804e-06
2018-02-13,1,elasticnet,93,-0.006486992885776033,2.5967923597974804e-06
2018-02-14,1,elasticnet,93,-0.005964791755032728,2.5967923597974804e-06
2018-02-15,1,elasticnet,93,0.005740350052822585,2.5967923597974804e-06
2018-02-16,1,elasticnet,93,0.0,2.5967923597974804e-06
2018-02-19,1,elasticnet,93,0.006934375175243979,2.5967923597974804e-06
2018-02-20,1,elasticnet,93,0.003115960678257146,2.5967923597974804e-06
2018-02-21,1,elasticnet,93,-0.002893069782428093,2.5967923597974804e-06
2018-02-22,1,elasticnet,93,0.0015588467692913,2.5967923597974804e-06
2018-02-23,1,elasticnet,93,-0.0003338340875602697,2.5967923597974804e-06
2018-02-26,1,elasticnet,93,0.005660078370234523,2.5967923597974804e-06
2018-02-27,1,elasticnet,93,0.002762890634167015,2.5967923597974804e-06
2018-02-28,1,elasticnet,93,-0.003205662392563369,2.5967923597974804e-06
2018-03-01,1,elasticnet,93,-0.004216138498844835,2.5967923597974804e-06
2018-03-02,1,elasticnet,93,0.001555383048819081,2.5967923597974804e-06
2018-03-05,1,elasticnet,93,-0.00511965503338363,2.5967923597974804e-06
2018-03-06,1,elasticnet,93,0.0002231395747296361,2.5967923597974804e-06
2018-03-07,1,elasticnet,93,0.006006024060211779,2.5967923597974804e-06
2018-03-08,1,elasticnet,93,-0.0009985023295895346,2.5967923597974804e-06
2018-03-09,1,elasticnet,93,-0.002222470078041106,2.5967923597974804e-06
2018-03-12,1,elasticnet,93,-0.002561961858013717,2.5967923597974804e-06
2018-03-13,1,elasticnet,93,0.0004460303374562713,2.5967923597974804e-06
2018-03-14,1,elasticnet,93,0.004893248197752165,2.5967923597974804e-06
2018-03-15,1,elasticnet,93,0.0009979487439073509,2.5967923597974804e-06
2018-03-16,1,elasticnet,93,-0.005111122237812182,2.5967923597974804e-06
2018-03-19,1,elasticnet,93,0.006661510145266725,2.5967923597974804e-06
2018-03-20,1,elasticnet,93,-0.006550120560078199,2.5967923597974804e-06
2018-03-21,1,elasticnet,93,0.0008906702882276463,2.5967923597974804e-06
2018-03-22,1,elasticnet,93,-0.004237767020084604,2.5967923597974804e-06
2018-03-23,1,elasticnet,93,-0.005041745036349354,2.5967923597974804e-06
2018-03-26,1,elasticnet,93,0.003363986128167795,2.5967923597974804e-06
2018-03-27,1,elasticnet,93,0.008138737159677945,2.5967923597974804e-06
2018-03-28,1,elasticnet,93,0.000998834775900903,2.5967923597974804e-06
2018-03-29,1,elasticnet,93,-0.001998668220299038,2.5967923597974804e-06
2018-03-30,1,elasticnet,93,0.0008887901929375275,2.5967923597974804e-06
2018-04-02,1,elasticnet,93,0.001664355446613364,2.5967923597974804e-06
2018-04-03,1,elasticnet,93,-0.0006654098060758784,2.5967923597974804e-06
2018-04-04,1,elasticnet,93,0.00354374678719438,2.5967923597974804e-06
2018-04-05,1,elasticnet,93,-0.003876617802750282,2.5967923597974804e-06
2018-02-09,1,elasticnet,94,-0.002546361741221581,6.828085054474946e-07
2018-02-12,1,elasticnet,94,-0.00566951660379722,6.828085054474946e-07
2018-02-13,1,elasticnet,94,-0.006486992885776033,6.828085054474946e-07
2018-02-14,1,elasticnet,94,-0.005964791755032728,6.828085054474946e-07
2018-02-15,1,elasticnet,94,0.005740350052822585,6.828085054474946e-07
2018-02-16,1,elasticnet,94,0.0,6.828085054474946e-07
2018-02-19,1,elasticnet,94,0.006934375175243979,6.828085054474946e-07
2018-02-20,1,elasticnet,94,0.003115960678257146,6.828085054474946e-07
2018-02-21,1,elasticnet,94,-0.002893069782428093,6.828085054474946e-07
2018-02-22,1,elasticnet,94,0.0015588467692913,6.828085054474946e-07
2018-02-23,1,elasticnet,94,-0.0003338340875602697,6.828085054474946e-07
2018-02-26,1,elasticnet,94,0.005660078370234523,6.828085054474946e-07
2018-02-27,1,elasticnet,94,0.002762890634167015,6.828085054474946e-07
2018-02-28,1,elasticnet,94,-0.003205662392563369,6.828085054474946e-07
2018-03-01,1,elasticnet,94,-0.004216138498844835,6.828085054474946e-07
2018-03-02,1,elasticnet,94,0.001555383048819081,6.828085054474946e-07
2018-03-05,1,elasticnet,94,-0.00511965503338363,6.828085054474946e-07
2018-03-06,1,elasticnet,94,0.0002231395747296361,6.828085054474946e-07
2018-03-07,1,elasticnet,94,0.006006024060211779,6.828085054474946e-07
2018-03-08,1,elasticnet,94,-0.0009985023295895346,6.828085054474946e-07
2018-03-09,1,elasticnet,94,-0.002222470078041106,6.828085054474946e-07
2018-03-12,1,elasticnet,94,-0.002561961858013717,6.828085054474946e-07
2018-03-13,1,elasticnet,94,0.0004460303374562713,6.828085054474946e-07
2018-03-14,1,elasticnet,94,0.004893248197752165,6.828085054474946e-07
2018-03-15,1,elasticnet,94,0.0009979487439073509,6.828085054474946e-07
2018-03-16,1,elasticnet,94,-0.005111122237812182,6.828085054474946e-07
2018-03-19,1,elasticnet,94,0.006661510145266725,6.828085054474946e-07
2018-03-20,1,elasticnet,94,-0.006550120560078199,6.828085054474946e-07
2018-03-21,1,elasticnet,94,0.0008906702882276463,6.828085054474946e-07
2018-03-22,1,elasticnet,94,-0.004237767020084604,6.828085054474946e-07
2018-03-23,1,elasticnet,94,-0.005041745036349354,6.828085054474946e-07
2018-03-26,1,elasticnet,94,0.003363986128167795,6.828085054474946e-07
2018-03-27,1,elasticnet,94,0.008138737159677945,6.828085054474946e-07
2018-03-28,1,elasticnet,94,0.000998834775900903,6.828085054474946e-07
2018-03-29,1,elasticnet,94,-0.001998668220299038,6.828085054474946e-07
2018-03-30,1,elasticnet,94,0.0008887901929375275,6.828085054474946e-07
2018-04-02,1,elasticnet,94,0.001664355446613364,6.828085054474946e-07
2018-04-03,1,elasticnet,94,-0.0006654098060758784,6.828085054474946e-07
2018-04-04,1,elasticnet,94,0.00354374678719438,6.828085054474946e-07
2018-04-05,1,elasticnet,94,-0.003876617802750282,6.828085054474946e-07
2018-04-06,1,elasticnet,94,-0.003000835816758141,6.828085054474946e-07
2018-04-09,1,elasticnet,94,-0.002786603820701394,6.828085054474946e-07
2018-04-10,1,elasticnet,94,-0.0002232641223827159,6.828085054474946e-07
2018-04-11,1,elasticnet,94,0.002007584881284608,6.828085054474946e-07
2018-04-12,1,elasticnet,94,0.000556947939765351,6.828085054474946e-07
2018-04-13,1,elasticnet,94,-0.004240604502319556,6.828085054474946e-07
2018-04-16,1,elasticnet,94,0.001117693197834946,6.828085054474946e-07
2018-04-17,1,elasticnet,94,0.001116445354327311,6.828085054474946e-07
2018-04-18,1,elasticnet,94,0.003564271984564549,6.828085054474946e-07
2018-04-19,1,elasticnet,94,0.004216138498844835,6.828085054474946e-07
2018-04-20,1,elasticnet,94,0.006950985122725406,6.828085054474946e-07
2018-04-23,1,elasticnet,94,-0.00198107042559581,6.828085054474946e-07
2018-04-24,1,elasticnet,94,0.004397061058275753,6.828085054474946e-07
2018-04-25,1,elasticnet,94,0.004268599487554425,6.828085054474946e-07
2018-04-26,1,elasticnet,94,-0.0002184598588694797,6.828085054474946e-07
2018-04-27,1,elasticnet,94,0.003271897345760166,6.828085054474946e-07
2018-04-30,1,elasticnet,94,0.006620025261876883,6.828085054474946e-07
2018-05-01,1,elasticnet,94,0.0006487889500936816,6.828085054474946e-07
2018-05-02,1,elasticnet,94,-0.001081548883278494,6.828085054474946e-07
2018-05-03,1,elasticnet,94,0.001729917179170926,6.828085054474946e-07
2018-03-09,1,elasticnet,95,-0.002222470078041106,-5.723956611748369e-07
2018-03-12,1,elasticnet,95,-0.002561961858013717,-5.723956611748369e-07
2018-03-13,1,elasticnet,95,0.0004460303374562713,-5.723956611748369e-07
2018-03-14,1,elasticnet,95,0.004893248197752165,-5.723956611748369e-07
2018-03-15,1,elasticnet,95,0.0009979487439073509,-5.723956611748369e-07
2018-03-16,1,elasticnet,95,-0.005111122237812182,-5.723956611748369e-07
2018-03-19,1,elasticnet,95,0.006661510145266725,-5.723956611748369e-07
2018-03-20,1,elasticnet,95,-0.006550120560078199,-5.723956611748369e-07
2018-03-21,1,elasticnet,95,0.0008906702882276463,-5.723956611748369e-07
2018-03-22,1,elasticnet,95,-0.004237767020084604,-5.723956611748369e-07
2018-03-23,1,elasticnet,95,-0.005041745036349354,-5.723956611748369e-07
2018-03-26,1,elasticnet,95,0.003363986128167795,-5.723956611748369e-07
2018-03-27,1,elasticnet,95,0.008138737159677945,-5.723956611748369e-07
2018-03-28,1,elasticnet,95,0.000998834775900903,-5.723956611748369e-07
2018-03-29,1,elasticnet,95,-0.001998668220299038,-5.723956611748369e-07
2018-03-30,1,elasticnet,95,0.0008887901929375275,-5.723956611748369e-07
2018-04-02,1,elasticnet,95,0.001664355446613364,-5.723956611748369e-07
2018-04-03,1,elasticnet,95,-0.0006654098060758784,-5.723956611748369e-07
2018-04-04,1,elasticnet,95,0.00354374678719438,-5.723956611748369e-07
2018-04-05,1,elasticnet,95,-0.003876617802750282,-5.723956611748369e-07
2018-04-06,1,elasticnet,95,-0.003000835816758141,-5.723956611748369e-07
2018-04-09,1,elasticnet,95,-0.002786603820701394,-5.723956611748369e-07
2018-04-10,1,elasticnet,95,-0.0002232641223827159,-5.723956611748369e-07
2018-04-11,1,elasticnet,95,0.002007584881284608,-5.723956611748369e-07
2018-04-12,1,elasticnet,95,0.000556947939765351,-5.723956611748369e-07
2018-04-13,1,elasticnet,95,-0.004240604502319556,-5.723956611748369e-07
2018-04-16,1,elasticnet,95,0.001117693197834946,-5.723956611748369e-07
2018-04-17,1,elasticnet,95,0.001116445354327311,-5.723956611748369e-07
2018-04-18,1,elasticnet,95,0.003564271984564549,-5.723956611748369e-07
2018-04-19,1,elasticnet,95,0.004216138498844835,-5.723956611748369e-07
2018-04-20,1,elasticnet,95,0.006950985122725406,-5.723956611748369e-07
2018-04-23,1,elasticnet,95,-0.00198107042559581,-5.723956611748369e-07
2018-04-24,1,elasticnet,95,0.004397061058275753,-5.723956611748369e-07
2018-04-25,1,elasticnet,95,0.004268599487554425,-5.723956611748369e-07
2018-04-26,1,elasticnet,95,-0.0002184598588694797,-5.723956611748369e-07
2018-04-27,1,elasticnet,95,0.003271897345760166,-5.723956611748369e-07
2018-04-30,1,elasticnet,95,0.006620025261876883,-5.723956611748369e-07
2018-05-01,1,elasticnet,95,0.0006487889500936816,-5.723956611748369e-07
2018-05-02,1,elasticnet,95,-0.001081548883278494,-5.723956611748369e-07
2018-05-03,1,elasticnet,95,0.001729917179170926,-5.723956611748369e-07
2018-05-04,1,elasticnet,95,0.001942586408424596,-5.723956611748369e-07
2018-05-07,1,elasticnet,95,0.003981282495583827,-5.723956611748369e-07
2018-05-08,1,elasticnet,95,-0.0008594757727191649,-5.723956611748369e-07
2018-05-09,1,elasticnet,95,-0.004200555479039636,-5.723956611748369e-07
2018-05-10,1,elasticnet,95,-0.001187969252515408,-5.723956611748369e-07
2018-05-11,1,elasticnet,95,0.0005401609811022112,-5.723956611748369e-07
2018-05-14,1,elasticnet,95,0.006781146484638789,-5.723956611748369e-07
2018-05-15,1,elasticnet,95,0.001821982177031778,-5.723956611748369e-07
2018-05-16,1,elasticnet,95,0.0008562560728657687,-5.723956611748369e-07
2018-05-17,1,elasticnet,95,0.001817113428217887,-5.723956611748369e-07
2018-05-18,1,elasticnet,95,0.000427076666751347,-5.723956611748369e-07
2018-05-21,1,elasticnet,95,-0.0007475039058082444,-5.723956611748369e-07
2018-05-22,1,elasticnet,95,0.004157566886350494,-5.723956611748369e-07
2018-05-23,1,elasticnet,95,-0.00255645644130098,-5.723956611748369e-07
2018-05-24,1,elasticnet,95,0.004575693006023229,-5.723956611748369e-07
2018-05-25,1,elasticnet,95,0.0,-5.723956611748369e-07
2018-05-28,1,elasticnet,95,0.006771796060910162,-5.723956611748369e-07
2018-05-29,1,elasticnet,95,-0.007196559792475021,-5.723956611748369e-07
2018-05-30,1,elasticnet,95,-0.001807261428491636,-5.723956611748369e-07
2018-05-31,1,elasticnet,95,0.002232025160056494,-5.723956611748369e-07
2018-04-06,1,elasticnet,96,-0.003000835816758141,-4.975804378347062e-07
2018-04-09,1,elasticnet,96,-0.002786603820701394,-4.975804378347062e-07
2018-04-10,1,elasticnet,96,-0.0002232641223827159,-4.975804378347062e-07
2018-04-11,1,elasticnet,96,0.002007584881284608,-4.975804378347062e-07
2018-04-12,1,elasticnet,96,0.000556947939765351,-4.975804378347062e-07
2018-04-13,1,elasticnet,96,-0.004240604502319556,-4.975804378347062e-07
2018-04-16,1,elasticnet,96,0.001117693197834946,-4.975804378347062e-07
2018-04-17,1,elasticnet,96,0.001116445354327311,-4.975804378347062e-07
2018-04-18,1,elasticnet,96,0.003564271984564549,-4.975804378347062e-07
2018-04-19,1,elasticnet,96,0.004216138498844835,-4.975804378347062e-07
2018-04-20,1,elasticnet,96,0.006950985122725406,-4.975804378347062e-07
2018-04-23,1,elasticnet,96,-0.00198107042559581,-4.975804378347062e-07
2018-04-24,1,elasticnet,96,0.004397061058275753,-4.975804378347062e-07
2018-04-25,1,elasticnet,96,0.004268599487554425,-4.975804378347062e-07
2018-04-26,1,elasticnet,96,-0.0002184598588694797,-4.975804378347062e-07
2018-04-27,1,elasticnet,96,0.003271897345760166,-4.975804378347062e-07
2018-04-30,1,elasticnet,96,0.006620025261876883,-4.975804378347062e-07
2018-05-01,1,elasticnet,96,0.0006487889500936816,-4.975804378347062e-07
2018-05-02,1,elasticnet,96,-0.001081548883278494,-4.975804378347062e-07
2018-05-03,1,elasticnet,96,0.001729917179170926,-4.975804378347062e-07
2018-05-04,1,elasticnet,96,0.001942586408424596,-4.975804378347062e-07
2018-05-07,1,elasticnet,96,0.003981282495583827,-4.975804378347062e-07
2018-05-08,1,elasticnet,96,-0.0008594757727191649,-4.975804378347062e-07
2018-05-09,1,elasticnet,96,-0.004200555479039636,-4.975804378347062e-07
2018-05-10,1,elasticnet,96,-0.001187969252515408,-4.975804378347062e-07
2018-05-11,1,elasticnet,96,0.0005401609811022112,-4.975804378347062e-07
2018-05-14,1,elasticnet,96,0.006781146484638789,-4.975804378347062e-07
2018-05-15,1,elasticnet,96,0.001821982177031778,-4.975804378347062e-07
2018-05-16,1,elasticnet,96,0.0008562560728657687,-4.975804378347062e-07
2018-05-17,1,elasticnet,96,0.001817113428217887,-4.975804378347062e-07
2018-05-18,1,elasticnet,96,0.000427076666751347,-4.975804378347062e-07
2018-05-21,1,elasticnet,96,-0.0007475039058082444,-4.975804378347062e-07
2018-05-22,1,elasticnet,96,0.004157566886350494,-4.975804378347062e-07
2018-05-23,1,elasticnet,96,-0.00255645644130098,-4.975804378347062e-07
2018-05-24,1,elasticnet,96,0.004575693006023229,-4.975804378347062e-07
2018-05-25,1,elasticnet,96,0.0,-4.975804378347062e-07
2018-05-28,1,elasticnet,96,0.006771796060910162,-4.975804378347062e-07
2018-05-29,1,elasticnet,96,-0.007196559792475021,-4.975804378347062e-07
2018-05-30,1,elasticnet,96,-0.001807261428491636,-4.975804378347062e-07
2018-05-31,1,elasticnet,96,0.002232025160056494,-4.975804378347062e-07
2018-06-01,1,elasticnet,96,-0.001806493238741602,-4.975804378347062e-07
2018-06-04,1,elasticnet,96,-0.001277139381767434,-4.975804378347062e-07
2018-06-05,1,elasticnet,96,-0.002559182458821141,-4.975804378347062e-07
2018-06-06,1,elasticnet,96,-0.002779858520598921,-4.975804378347062e-07
2018-06-07,1,elasticnet,96,0.001604707485301837,-4.975804378347062e-07
2018-06-08,1,elasticnet,96,0.0003206327179716695,-4.975804378347062e-07
2018-06-11,1,elasticnet,96,0.002348170574108188,-4.975804378347062e-07
2018-06-12,1,elasticnet,96,-0.0009599488764466813,-4.975804378347062e-07
2018-06-13,1,elasticnet,96,0.01124799634637164,-4.975804378347062e-07
2018-06-14,1,elasticnet,96,0.0002110149828462582,-4.975804378347062e-07
2018-06-15,1,elasticnet,96,0.0001054907960265083,-4.975804378347062e-07
2018-06-18,1,elasticnet,96,0.002949233231016812,-4.975804378347062e-07
2018-06-19,1,elasticnet,96,-0.0002103713061298862,-4.975804378347062e-07
2018-06-20,1,elasticnet,96,-0.003371973690257768,-4.975804378347062e-07
2018-06-21,1,elasticnet,96,-0.002324845176898904,-4.975804378347062e-07
2018-06-22,1,elasticnet,96,-0.002542374250776192,-4.975804378347062e-07
2018-06-25,1,elasticnet,96,0.004022446410171021,-4.975804378347062e-07
2018-06-26,1,elasticnet,96,0.006423441240586136,-4.975804378347062e-07
2018-06-27,1,elasticnet,96,0.001258785438428944,-4.975804378347062e-07
2018-06-28,1,elasticnet,96,-0.007893531486985239,-4.975804378347062e-07
2018-05-04,1,elasticnet,97,0.001942586408424596,8.083285944627077e-06
2018-05-07,1,elasticnet,97,0.003981282495583827,8.083285944627077e-06
2018-05-08,1,elasticnet,97,-0.0008594757727191649,8.083285944627077e-06
2018-05-09,1,elasticnet,97,-0.004200555479039636,8.083285944627077e-06
2018-05-10,1,elasticnet,97,-0.001187969252515408,8.083285944627077e-06
2018-05-11,1,elasticnet,97,0.0005401609811022112,8.083285944627077e-06
2018-05-14,1,elasticnet,97,0.006781146484638789,8.083285944627077e-06
2018-05-15,1,elasticnet,97,0.001821982177031778,8.083285944627077e-06
2018-05-16,1,elasticnet,97,0.0008562560728657687,8.083285944627077e-06
2018-05-17,1,elasticnet,97,0.001817113428217887,8.083285944627077e-06
2018-05-18,1,elasticnet,97,0.000427076666751347,8.083285944627077e-06
2018-05-21,1,elasticnet,97,-0.0007475039058082444,8.083285944627077e-06
2018-05-22,1,elasticnet,97,0.004157566886350494,8.083285944627077e-06
2018-05-23,1,elasticnet,97,-0.00255645644130098,8.083285944627077e-06
2018-05-24,1,elasticnet,97,0.004575693006023229,8.083285944627077e-06
2018-05-25,1,elasticnet,97,0.0,8.083285944627077e-06
2018-05-28,1,elasticnet,97,0.006771796060910162,8.083285944627077e-06
2018-05-29,1,elasticnet,97,-0.007196559792475021,8.083285944627077e-06
2018-05-30,1,elasticnet,97,-0.001807261428491636,8.083285944627077e-06
2018-05-31,1,elasticnet,97,0.002232025160056494,8.083285944627077e-06
2018-06-01,1,elasticnet,97,-0.001806493238741602,8.083285944627077e-06
2018-06-04,1,elasticnet,97,-0.001277139381767434,8.083285944627077e-06
2018-06-05,1,elasticnet,97,-0.002559182458821141,8.083285944627077e-06
2018-06-06,1,elasticnet,97,-0.002779858520598921,8.083285944627077e-06
2018-06-07,1,elasticnet,97,0.001604707485301837,8.083285944627077e-06
2018-06-08,1,elasticnet,97,0.0003206327179716695,8.083285944627077e-06
2018-06-11,1,elasticnet,97,0.002348170574108188,8.083285944627077e-06
2018-06-12,1,elasticnet,97,-0.0009599488764466813,8.083285944627077e-06
2018-06-13,1,elasticnet,97,0.01124799634637164,8.083285944627077e-06
2018-06-14,1,elasticnet,97,0.0002110149828462582,8.083285944627077e-06
2018-06-15,1,elasticnet,97,0.0001054907960265083,8.083285944627077e-06
2018-06-18,1,elasticnet,97,0.002949233231016812,8.083285944627077e-06
2018-06-19,1,elasticnet,97,-0.0002103713061298862,8.083285944627077e-06
2018-06-20,1,elasticnet,97,-0.003371973690257768,8.083285944627077e-06
2018-06-21,1,elasticnet,97,-0.002324845176898904,8.083285944627077e-06
2018-06-22,1,elasticnet,97,-0.002542374250776192,8.083285944627077e-06
2018-06-25,1,elasticnet,97,0.004022446410171021,8.083285944627077e-06
2018-06-26,1,elasticnet,97,0.006423441240586136,8.083285944627077e-06
2018-06-27,1,elasticnet,97,0.001258785438428944,8.083285944627077e-06
2018-06-28,1,elasticnet,97,-0.007893531486985239,8.083285944627077e-06
2018-06-29,1,elasticnet,97,0.004112411553092166,8.083285944627077e-06
2018-07-02,1,elasticnet,97,-0.003795471082423951,8.083285944627077e-06
2018-07-03,1,elasticnet,97,0.0,8.083285944627077e-06
2018-07-04,1,elasticnet,97,-0.002114836359756289,8.083285944627077e-06
2018-07-05,1,elasticnet,97,-0.004562100109174239,8.083285944627077e-06
2018-07-06,1,elasticnet,97,0.0004252604784475977,8.083285944627077e-06
2018-07-09,1,elasticnet,97,0.0007437709528446135,8.083285944627077e-06
2018-07-10,1,elasticnet,97,0.006035916032534061,8.083285944627077e-06
2018-07-11,1,elasticnet,97,0.0009497177941728552,8.083285944627077e-06
2018-07-12,1,elasticnet,97,-0.0006330449673326299,8.083285944627077e-06
2018-07-13,1,elasticnet,97,-0.002536194955570892,8.083285944627077e-06
2018-07-16,1,elasticnet,97,0.004539464116207093,8.083285944627077e-06
2018-07-17,1,elasticnet,97,0.001473529368821502,8.083285944627077e-06
2018-07-18,1,elasticnet,97,0.0007359512501654564,8.083285944627077e-06
2018-07-19,1,elasticnet,97,-0.007383999794639884,8.083285944627077e-06
2018-07-20,1,elasticnet,97,0.002326566193280755,8.083285944627077e-06
2018-07-23,1,elasticnet,97,-0.0006339814244462616,8.083285944627077e-06
2018-07-24,1,elasticnet,97,-0.002645924176879255,8.083285944627077e-06
2018-07-25,1,elasticnet,97,0.004124589423061487,8.083285944627077e-06
2018-07-26,1,elasticnet,97,-0.0008446838217359698,8.083285944627077e-06
2018-06-01,1,elasticnet,98,-0.001806493238741602,1.3522285323334024e-05
2018-06-04,1,elasticnet,98,-0.001277139381767434,1.3522285323334024e-05
2018-06-05,1,elasticnet,98,-0.002559182458821141,1.3522285323334024e-05
2018-06-06,1,elasticnet,98,-0.002779858520598921,1.3522285323334024e-05
2018-06-07,1,elasticnet,98,0.001604707485301837,1.3522285323334024e-05
2018-06-08,1,elasticnet,98,0.0003206327179716695,1.3522285323334024e-05
2018-06-11,1,elasticnet,98,0.002348170574108188,1.3522285323334024e-05
2018-06-12,1,elasticnet,98,-0.0009599488764466813,1.3522285323334024e-05
2018-06-13,1,elasticnet,98,0.01124799634637164,1.3522285323334024e-05
2018-06-14,1,elasticnet,98,0.0002110149828462582,1.3522285323334024e-05
2018-06-15,1,elasticnet,98,0.0001054907960265083,1.3522285323334024e-05
2018-06-18,1,elasticnet,98,0.002949233231016812,1.3522285323334024e-05
2018-06-19,1,elasticnet,98,-0.0002103713061298862,1.3522285323334024e-05
2018-06-20,1,elasticnet,98,-0.003371973690257768,1.3522285323334024e-05
2018-06-21,1,elasticnet,98,-0.002324845176898904,1.3522285323334024e-05
2018-06-22,1,elasticnet,98,-0.002542374250776192,1.3522285323334024e-05
2018-06-25,1,elasticnet,98,0.004022446410171021,1.3522285323334024e-05
2018-06-26,1,elasticnet,98,0.006423441240586136,1.3522285323334024e-05
2018-06-27,1,elasticnet,98,0.001258785438428944,1.3522285323334024e-05
2018-06-28,1,elasticnet,98,-0.007893531486985239,1.3522285323334024e-05
2018-06-29,1,elasticnet,98,0.004112411553092166,1.3522285323334024e-05
2018-07-02,1,elasticnet,98,-0.003795471082423951,1.3522285323334024e-05
2018-07-03,1,elasticnet,98,0.0,1.3522285323334024e-05
2018-07-04,1,elasticnet,98,-0.002114836359756289,1.3522285323334024e-05
2018-07-05,1,elasticnet,98,-0.004562100109174239,1.3522285323334024e-05
2018-07-06,1,elasticnet,98,0.0004252604784475977,1.3522285323334024e-05
2018-07-09,1,elasticnet,98,0.0007437709528446135,1.3522285323334024e-05
2018-07-10,1,elasticnet,98,0.006035916032534061,1.3522285323334024e-05
2018-07-11,1,elasticnet,98,0.0009497177941728552,1.3522285323334024e-05
2018-07-12,1,elasticnet,98,-0.0006330449673326299,1.3522285323334024e-05
2018-07-13,1,elasticnet,98,-0.002536194955570892,1.3522285323334024e-05
2018-07-16,1,elasticnet,98,0.004539464116207093,1.3522285323334024e-05
2018-07-17,1,elasticnet,98,0.001473529368821502,1.3522285323334024e-05
2018-07-18,1,elasticnet,98,0.0007359512501654564,1.3522285323334024e-05
2018-07-19,1,elasticnet,98,-0.007383999794639884,1.3522285323334024e-05
2018-07-20,1,elasticnet,98,0.002326566193280755,1.3522285323334024e-05
2018-07-23,1,elasticnet,98,-0.0006339814244462616,1.3522285323334024e-05
2018-07-24,1,elasticnet,98,-0.002645924176879255,1.3522285323334024e-05
2018-07-25,1,elasticnet,98,0.004124589423061487,1.3522285323334024e-05
2018-07-26,1,elasticnet,98,-0.0008446838217359698,1.3522285323334024e-05
2018-07-27,1,elasticnet,98,-0.003703903911683959,1.3522285323334024e-05
2018-07-30,1,elasticnet,98,0.001800752565419117,1.3522285323334024e-05
2018-07-31,1,elasticnet,98,0.001374861408467432,1.3522285323334024e-05
2018-08-01,1,elasticnet,98,0.00569081523175452,1.3522285323334024e-05
2018-08-02,1,elasticnet,98,-0.0002101944306209802,1.3522285323334024e-05
2018-08-03,1,elasticnet,98,0.002309712312904111,1.3522285323334024e-05
2018-08-06,1,elasticnet,98,-0.001469199550666822,1.3522285323334024e-05
2018-08-07,1,elasticnet,98,-0.001786934831934595,1.3522285323334024e-05
2018-08-08,1,elasticnet,98,0.004723178552246132,1.3522285323334024e-05
2018-08-09,1,elasticnet,98,0.008964930259986126,1.3522285323334024e-05
2018-08-10,1,elasticnet,98,0.0003112840492063285,1.3522285323334024e-05
2018-08-13,1,elasticnet,98,0.003521130398579153,1.3522285323334024e-05
2018-08-14,1,elasticnet,98,-0.0003101897352077998,1.3522285323334024e-05
2018-08-15,1,elasticnet,98,-0.0006206682727434298,1.3522285323334024e-05
2018-08-16,1,elasticnet,98,-0.005603418210258226,1.3522285323334024e-05
2018-08-17,1,elasticnet,98,-0.002083334086854016,1.3522285323334024e-05
2018-08-20,1,elasticnet,98,-0.006695986516677799,1.3522285323334024e-05
2018-08-21,1,elasticnet,98,-0.001155401630556163,1.3522285323334024e-05
2018-08-22,1,elasticnet,98,0.005450175947917302,1.3522285323334024e-05
2018-08-23,1,elasticnet,98,-0.005450175947917302,1.3522285323334024e-05
2018-06-29,1,elasticnet,99,0.004112411553092166,1.4936044797842989e-05
2018-07-02,1,elasticnet,99,-0.003795471082423951,1.4936044797842989e-05
2018-07-03,1,elasticnet,99,0.0,1.4936044797842989e-05
2018-07-04,1,elasticnet,99,-0.002114836359756289,1.4936044797842989e-05
2018-07-05,1,elasticnet,99,-0.004562100109174239,1.4936044797842989e-05
2018-07-06,1,elasticnet,99,0.0004252604784475977,1.4936044797842989e-05
2018-07-09,1,elasticnet,99,0.0007437709528446135,1.4936044797842989e-05
2018-07-10,1,elasticnet,99,0.006035916032534061,1.4936044797842989e-05
2018-07-11,1,elasticnet,99,0.0009497177941728552,1.4936044797842989e-05
2018-07-12,1,elasticnet,99,-0.0006330449673326299,1.4936044797842989e-05
2018-07-13,1,elasticnet,99,-0.002536194955570892,1.4936044797842989e-05
2018-07-16,1,elasticnet,99,0.004539464116207093,1.4936044797842989e-05
2018-07-17,1,elasticnet,99,0.001473529368821502,1.4936044797842989e-05
2018-07-18,1,elasticnet,99,0.0007359512501654564,1.4936044797842989e-05
2018-07-19,1,elasticnet,99,-0.007383999794639884,1.4936044797842989e-05
2018-07-20,1,elasticnet,99,0.002326566193280755,1.4936044797842989e-05
2018-07-23,1,elasticnet,99,-0.0006339814244462616,1.4936044797842989e-05
2018-07-24,1,elasticnet,99,-0.002645924176879255,1.4936044797842989e-05
2018-07-25,1,elasticnet,99,0.004124589423061487,1.4936044797842989e-05
2018-07-26,1,elasticnet,99,-0.0008446838217359698,1.4936044797842989e-05
2018-07-27,1,elasticnet,99,-0.003703903911683959,1.4936044797842989e-05
2018-07-30,1,elasticnet,99,0.001800752565419117,1.4936044797842989e-05
2018-07-31,1,elasticnet,99,0.001374861408467432,1.4936044797842989e-05
2018-08-01,1,elasticnet,99,0.00569081523175452,1.4936044797842989e-05
2018-08-02,1,elasticnet,99,-0.0002101944306209802,1.4936044797842989e-05
2018-08-03,1,elasticnet,99,0.002309712312904111,1.4936044797842989e-05
2018-08-06,1,elasticnet,99,-0.001469199550666822,1.4936044797842989e-05
2018-08-07,1,elasticnet,99,-0.001786934831934595,1.4936044797842989e-05
2018-08-08,1,elasticnet,99,0.004723178552246132,1.4936044797842989e-05
2018-08-09,1,elasticnet,99,0.008964930259986126,1.4936044797842989e-05
2018-08-10,1,elasticnet,99,0.0003112840492063285,1.4936044797842989e-05
2018-08-13,1,elasticnet,99,0.003521130398579153,1.4936044797842989e-05
2018-08-14,1,elasticnet,99,-0.0003101897352077998,1.4936044797842989e-05
2018-08-15,1,elasticnet,99,-0.0006206682727434298,1.4936044797842989e-05
2018-08-16,1,elasticnet,99,-0.005603418210258226,1.4936044797842989e-05
2018-08-17,1,elasticnet,99,-0.002083334086854016,1.4936044797842989e-05
2018-08-20,1,elasticnet,99,-0.006695986516677799,1.4936044797842989e-05
2018-08-21,1,elasticnet,99,-0.001155401630556163,1.4936044797842989e-05
2018-08-22,1,elasticnet,99,0.005450175947917302,1.4936044797842989e-05
2018-08-23,1,elasticnet,99,-0.005450175947917302,1.4936044797842989e-05
2018-08-24,1,elasticnet,99,-0.003896177202716622,1.4936044797842989e-05
2018-08-27,1,elasticnet,99,-0.0006332454037467627,1.4936044797842989e-05
2018-08-28,1,elasticnet,99,-0.001267695077863173,1.4936044797842989e-05
2018-08-29,1,elasticnet,99,0.001267695077863173,1.4936044797842989e-05
2018-08-30,1,elasticnet,99,0.004424319868440385,1.4936044797842989e-05
2018-08-31,1,elasticnet,99,0.0,1.4936044797842989e-05
2018-09-03,1,elasticnet,99,0.00314828678552459,1.4936044797842989e-05
2018-09-04,1,elasticnet,99,-0.002727942096695912,1.4936044797842989e-05
2018-09-05,1,elasticnet,99,-0.001682439934189262,1.4936044797842989e-05
2018-09-06,1,elasticnet,99,0.003571807558264695,1.4936044797842989e-05
2018-09-07,1,elasticnet,99,-0.002204609574881111,1.4936044797842989e-05
2018-09-10,1,elasticnet,99,0.001050420264651741,1.4936044797842989e-05
2018-09-11,1,elasticnet,99,-0.00473560474583401,1.4936044797842989e-05
2018-09-12,1,elasticnet,99,-0.002957956942269746,1.4936044797842989e-05
2018-09-13,1,elasticnet,99,0.004328325575000846,1.4936044797842989e-05
2018-09-14,1,elasticnet,99,-0.004539943394010315,1.4936044797842989e-05
2018-09-17,1,elasticnet,99,0.00148038517043414,1.4936044797842989e-05
2018-09-18,1,elasticnet,99,-0.001057194305040809,1.4936044797842989e-05
2018-09-19,1,elasticnet,99,-0.006686148548568305,1.4936044797842989e-05
2018-09-20,1,elasticnet,99,0.003295596455372696,1.4936044797842989e-05
2018-07-27,1,elasticnet,100,-0.003703903911683959,1.4941738414940269e-05
2018-07-30,1,elasticnet,100,0.001800752565419117,1.4941738414940269e-05
2018-07-31,1,elasticnet,100,0.001374861408467432,1.4941738414940269e-05
2018-08-01,1,elasticnet,100,0.00569081523175452,1.4941738414940269e-05
2018-08-02,1,elasticnet,100,-0.0002101944306209802,1.4941738414940269e-05
2018-08-03,1,elasticnet,100,0.002309712312904111,1.4941738414940269e-05
2018-08-06,1,elasticnet,100,-0.001469199550666822,1.4941738414940269e-05
2018-08-07,1,elasticnet,100,-0.001786934831934595,1.4941738414940269e-05
2018-08-08,1,elasticnet,100,0.004723178552246132,1.4941738414940269e-05
2018-08-09,1,elasticnet,100,0.008964930259986126,1.4941738414940269e-05
2018-08-10,1,elasticnet,100,0.0003112840492063285,1.4941738414940269e-05
2018-08-13,1,elasticnet,100,0.003521130398579153,1.4941738414940269e-05
2018-08-14,1,elasticnet,100,-0.0003101897352077998,1.4941738414940269e-05
2018-08-15,1,elasticnet,100,-0.0006206682727434298,1.4941738414940269e-05
2018-08-16,1,elasticnet,100,-0.005603418210258226,1.4941738414940269e-05
2018-08-17,1,elasticnet,100,-0.002083334086854016,1.4941738414940269e-05
2018-08-20,1,elasticnet,100,-0.006695986516677799,1.4941738414940269e-05
2018-08-21,1,elasticnet,100,-0.001155401630556163,1.4941738414940269e-05
2018-08-22,1,elasticnet,100,0.005450175947917302,1.4941738414940269e-05
2018-08-23,1,elasticnet,100,-0.005450175947917302,1.4941738414940269e-05
2018-08-24,1,elasticnet,100,-0.003896177202716622,1.4941738414940269e-05
2018-08-27,1,elasticnet,100,-0.0006332454037467627,1.4941738414940269e-05
2018-08-28,1,elasticnet,100,-0.001267695077863173,1.4941738414940269e-05
2018-08-29,1,elasticnet,100,0.001267695077863173,1.4941738414940269e-05
2018-08-30,1,elasticnet,100,0.004424319868440385,1.4941738414940269e-05
2018-08-31,1,elasticnet,100,0.0,1.4941738414940269e-05
2018-09-03,1,elasticnet,100,0.00314828678552459,1.4941738414940269e-05
2018-09-04,1,elasticnet,100,-0.002727942096695912,1.4941738414940269e-05
2018-09-05,1,elasticnet,100,-0.001682439934189262,1.4941738414940269e-05
2018-09-06,1,elasticnet,100,0.003571807558264695,1.4941738414940269e-05
2018-09-07,1,elasticnet,100,-0.002204609574881111,1.4941738414940269e-05
2018-09-10,1,elasticnet,100,0.001050420264651741,1.4941738414940269e-05
2018-09-11,1,elasticnet,100,-0.00473560474583401,1.4941738414940269e-05
2018-09-12,1,elasticnet,100,-0.002957956942269746,1.4941738414940269e-05
2018-09-13,1,elasticnet,100,0.004328325575000846,1.4941738414940269e-05
2018-09-14,1,elasticnet,100,-0.004539943394010315,1.4941738414940269e-05
2018-09-17,1,elasticnet,100,0.00148038517043414,1.4941738414940269e-05
2018-09-18,1,elasticnet,100,-0.001057194305040809,1.4941738414940269e-05
2018-09-19,1,elasticnet,100,-0.006686148548568305,1.4941738414940269e-05
2018-09-20,1,elasticnet,100,0.003295596455372696,1.4941738414940269e-05
2018-09-21,1,elasticnet,100,-0.0003184544371688247,1.4941738414940269e-05
2018-09-24,1,elasticnet,100,-0.0006372132755974036,1.4941738414940269e-05
2018-09-25,1,elasticnet,100,0.0006372132755974036,1.4941738414940269e-05
2018-09-26,1,elasticnet,100,0.007404307150941314,1.4941738414940269e-05
2018-09-27,1,elasticnet,100,0.002526051232698556,1.4941738414940269e-05
2018-09-28,1,elasticnet,100,0.001785433441790829,1.4941738414940269e-05
2018-10-01,1,elasticnet,100,0.00220114338648969,1.4941738414940269e-05
2018-10-02,1,elasticnet,100,0.002614107203071647,1.4941738414940269e-05
2018-10-03,1,elasticnet,100,-0.0001044331889623606,1.4941738414940269e-05
2018-10-04,1,elasticnet,100,-0.001358624862798585,1.4941738414940269e-05
2018-10-05,1,elasticnet,100,0.001463058051760946,1.4941738414940269e-05
2018-10-08,1,elasticnet,100,-0.0009402915596421479,1.4941738414940269e-05
2018-10-09,1,elasticnet,100,-0.001673815643429499,1.4941738414940269e-05
2018-10-10,1,elasticnet,100,-0.005143558287871386,1.4941738414940269e-05
2018-10-11,1,elasticnet,100,0.002102608007597873,1.4941738414940269e-05
2018-10-12,1,elasticnet,100,-0.001681732580509632,1.4941738414940269e-05
2018-10-15,1,elasticnet,100,-0.0001052022514249629,1.4941738414940269e-05
2018-10-16,1,elasticnet,100,0.00556052421557407,1.4941738414940269e-05
2018-10-17,1,elasticnet,100,0.003342388739380198,1.4941738414940269e-05
2018-10-18,1,elasticnet,100,-0.001983195681577676,1.4941738414940269e-05
2018-08-24,1,elasticnet,101,-0.003896177202716622,1.6419564139493173e-05
2018-08-27,1,elasticnet,101,-0.0006332454037467627,1.6419564139493173e-05
2018-08-28,1,elasticnet,101,-0.001267695077863173,1.6419564139493173e-05
2018-08-29,1,elasticnet,101,0.001267695077863173,1.6419564139493173e-05
2018-08-30,1,elasticnet,101,0.004424319868440385,1.6419564139493173e-05
2018-08-31,1,elasticnet,101,0.0,1.6419564139493173e-05
2018-09-03,1,elasticnet,101,0.00314828678552459,1.6419564139493173e-05
2018-09-04,1,elasticnet,101,-0.002727942096695912,1.6419564139493173e-05
2018-09-05,1,elasticnet,101,-0.001682439934189262,1.6419564139493173e-05
2018-09-06,1,elasticnet,101,0.003571807558264695,1.6419564139493173e-05
2018-09-07,1,elasticnet,101,-0.002204609574881111,1.6419564139493173e-05
2018-09-10,1,elasticnet,101,0.001050420264651741,1.6419564139493173e-05
2018-09-11,1,elasticnet,101,-0.00473560474583401,1.6419564139493173e-05
2018-09-12,1,elasticnet,101,-0.002957956942269746,1.6419564139493173e-05
2018-09-13,1,elasticnet,101,0.004328325575000846,1.6419564139493173e-05
2018-09-14,1,elasticnet,101,-0.004539943394010315,1.6419564139493173e-05
2018-09-17,1,elasticnet,101,0.00148038517043414,1.6419564139493173e-05
2018-09-18,1,elasticnet,101,-0.001057194305040809,1.6419564139493173e-05
2018-09-19,1,elasticnet,101,-0.006686148548568305,1.6419564139493173e-05
2018-09-20,1,elasticnet,101,0.003295596455372696,1.6419564139493173e-05
2018-09-21,1,elasticnet,101,-0.0003184544371688247,1.6419564139493173e-05
2018-09-24,1,elasticnet,101,-0.0006372132755974036,1.6419564139493173e-05
2018-09-25,1,elasticnet,101,0.0006372132755974036,1.6419564139493173e-05
2018-09-26,1,elasticnet,101,0.007404307150941314,1.6419564139493173e-05
2018-09-27,1,elasticnet,101,0.002526051232698556,1.6419564139493173e-05
2018-09-28,1,elasticnet,101,0.001785433441790829,1.6419564139493173e-05
2018-10-01,1,elasticnet,101,0.00220114338648969,1.6419564139493173e-05
2018-10-02,1,elasticnet,101,0.002614107203071647,1.6419564139493173e-05
2018-10-03,1,elasticnet,101,-0.0001044331889623606,1.6419564139493173e-05
2018-10-04,1,elasticnet,101,-0.001358624862798585,1.6419564139493173e-05
2018-10-05,1,elasticnet,101,0.001463058051760946,1.6419564139493173e-05
2018-10-08,1,elasticnet,101,-0.0009402915596421479,1.6419564139493173e-05
2018-10-09,1,elasticnet,101,-0.001673815643429499,1.6419564139493173e-05
2018-10-10,1,elasticnet,101,-0.005143558287871386,1.6419564139493173e-05
2018-10-11,1,elasticnet,101,0.002102608007597873,1.6419564139493173e-05
2018-10-12,1,elasticnet,101,-0.001681732580509632,1.6419564139493173e-05
2018-10-15,1,elasticnet,101,-0.0001052022514249629,1.6419564139493173e-05
2018-10-16,1,elasticnet,101,0.00556052421557407,1.6419564139493173e-05
2018-10-17,1,elasticnet,101,0.003342388739380198,1.6419564139493173e-05
2018-10-18,1,elasticnet,101,-0.001983195681577676,1.6419564139493173e-05
2018-10-19,1,elasticnet,101,0.003129566501717918,1.6419564139493173e-05
2018-10-22,1,elasticnet,101,-0.0005209147380389467,1.6419564139493173e-05
2018-10-23,1,elasticnet,101,0.004885918550798785,1.6419564139493173e-05
2018-10-24,1,elasticnet,101,0.002589199312989621,1.6419564139493173e-05
2018-10-25,1,elasticnet,101,-0.003315378088611709,1.6419564139493173e-05
2018-10-26,1,elasticnet,101,0.002280502698725151,1.6419564139493173e-05
2018-10-29,1,elasticnet,101,0.004442385527796411,1.6419564139493173e-05
2018-10-30,1,elasticnet,101,0.001236221441047292,1.6419564139493173e-05
2018-10-31,1,elasticnet,101,-0.008789674499368516,1.6419564139493173e-05
2018-11-01,1,elasticnet,101,0.002696817317476174,1.6419564139493173e-05
2018-11-02,1,elasticnet,101,-0.002696817317476174,1.6419564139493173e-05
2018-11-05,1,elasticnet,101,0.0004153686456396244,1.6419564139493173e-05
2018-11-06,1,elasticnet,101,-0.003327790092674476,1.6419564139493173e-05
2018-11-07,1,elasticnet,101,0.007472014838700858,1.6419564139493173e-05
2018-11-08,1,elasticnet,101,0.001962506439921796,1.6419564139493173e-05
2018-11-09,1,elasticnet,101,0.006479837535447786,1.6419564139493173e-05
2018-11-12,1,elasticnet,101,-0.002463561089947497,1.6419564139493173e-05
2018-11-13,1,elasticnet,101,-0.005151994909427415,1.6419564139493173e-05
2018-11-14,1,elasticnet,101,0.001342074221985179,1.6419564139493173e-05
2018-11-15,1,elasticnet,101,-0.004756989322054928,1.6419564139493173e-05
2018-09-21,1,elasticnet,102,-0.0003184544371688247,1.3286690141637116e-05
2018-09-24,1,elasticnet,102,-0.0006372132755974036,1.3286690141637116e-05
2018-09-25,1,elasticnet,102,0.0006372132755974036,1.3286690141637116e-05
2018-09-26,1,elasticnet,102,0.007404307150941314,1.3286690141637116e-05
2018-09-27,1,elasticnet,102,0.002526051232698556,1.3286690141637116e-05
2018-09-28,1,elasticnet,102,0.001785433441790829,1.3286690141637116e-05
2018-10-01,1,elasticnet,102,0.00220114338648969,1.3286690141637116e-05
2018-10-02,1,elasticnet,102,0.002614107203071647,1.3286690141637116e-05
2018-10-03,1,elasticnet,102,-0.0001044331889623606,1.3286690141637116e-05
2018-10-04,1,elasticnet,102,-0.001358624862798585,1.3286690141637116e-05
2018-10-05,1,elasticnet,102,0.001463058051760946,1.3286690141637116e-05
2018-10-08,1,elasticnet,102,-0.0009402915596421479,1.3286690141637116e-05
2018-10-09,1,elasticnet,102,-0.001673815643429499,1.3286690141637116e-05
2018-10-10,1,elasticnet,102,-0.005143558287871386,1.3286690141637116e-05
2018-10-11,1,elasticnet,102,0.002102608007597873,1.3286690141637116e-05
2018-10-12,1,elasticnet,102,-0.001681732580509632,1.3286690141637116e-05
2018-10-15,1,elasticnet,102,-0.0001052022514249629,1.3286690141637116e-05
2018-10-16,1,elasticnet,102,0.00556052421557407,1.3286690141637116e-05
2018-10-17,1,elasticnet,102,0.003342388739380198,1.3286690141637116e-05
2018-10-18,1,elasticnet,102,-0.001983195681577676,1.3286690141637116e-05
2018-10-19,1,elasticnet,102,0.003129566501717918,1.3286690141637116e-05
2018-10-22,1,elasticnet,102,-0.0005209147380389467,1.3286690141637116e-05
2018-10-23,1,elasticnet,102,0.004885918550798785,1.3286690141637116e-05
2018-10-24,1,elasticnet,102,0.002589199312989621,1.3286690141637116e-05
2018-10-25,1,elasticnet,102,-0.003315378088611709,1.3286690141637116e-05
2018-10-26,1,elasticnet,102,0.002280502698725151,1.3286690141637116e-05
2018-10-29,1,elasticnet,102,0.004442385527796411,1.3286690141637116e-05
2018-10-30,1,elasticnet,102,0.001236221441047292,1.3286690141637116e-05
2018-10-31,1,elasticnet,102,-0.008789674499368516,1.3286690141637116e-05
2018-11-01,1,elasticnet,102,0.002696817317476174,1.3286690141637116e-05
2018-11-02,1,elasticnet,102,-0.002696817317476174,1.3286690141637116e-05
2018-11-05,1,elasticnet,102,0.0004153686456396244,1.3286690141637116e-05
2018-11-06,1,elasticnet,102,-0.003327790092674476,1.3286690141637116e-05
2018-11-07,1,elasticnet,102,0.007472014838700858,1.3286690141637116e-05
2018-11-08,1,elasticnet,102,0.001962506439921796,1.3286690141637116e-05
2018-11-09,1,elasticnet,102,0.006479837535447786,1.3286690141637116e-05
2018-11-12,1,elasticnet,102,-0.002463561089947497,1.3286690141637116e-05
2018-11-13,1,elasticnet,102,-0.005151994909427415,1.3286690141637116e-05
2018-11-14,1,elasticnet,102,0.001342074221985179,1.3286690141637116e-05
2018-11-15,1,elasticnet,102,-0.004756989322054928,1.3286690141637116e-05
2018-11-16,1,elasticnet,102,-0.002906677017938009,1.3286690141637116e-05
2018-11-19,1,elasticnet,102,0.006734729905334191,1.3286690141637116e-05
2018-11-20,1,elasticnet,102,-0.001343322340986219,1.3286690141637116e-05
2018-11-21,1,elasticnet,102,0.0,1.3286690141637116e-05
2018-11-22,1,elasticnet,102,0.00216908621945322,1.3286690141637116e-05
2018-11-23,1,elasticnet,102,0.001546471775809799,1.3286690141637116e-05
2018-11-26,1,elasticnet,102,0.003085787266529749,1.3286690141637116e-05
2018-11-27,1,elasticnet,102,-0.005974471829667038,1.3286690141637116e-05
2018-11-28,1,elasticnet,102,-0.00010332179582484,1.3286690141637116e-05
2018-11-29,1,elasticnet,102,0.005050255516175994,1.3286690141637116e-05
2018-11-30,1,elasticnet,102,-0.002367352245554066,1.3286690141637116e-05
2018-12-03,1,elasticnet,102,-0.0007216123193396484,1.3286690141637116e-05
2018-12-04,1,elasticnet,102,0.00103071540767985,1.3286690141637116e-05
2018-12-05,1,elasticnet,102,-0.002682072992154616,1.3286690141637116e-05
2018-12-06,1,elasticnet,102,-0.003103664812935669,1.3286690141637116e-05
2018-12-07,1,elasticnet,102,0.00732982169826446,1.3286690141637116e-05
2018-12-10,1,elasticnet,102,0.001747084355798734,1.3286690141637116e-05
2018-12-11,1,elasticnet,102,-0.00360027133731311,1.3286690141637116e-05
2018-12-12,1,elasticnet,102,0.000206079341275256,1.3286690141637116e-05
2018-12-13,1,elasticnet,102,0.003907459984517025,1.3286690141637116e-05
2018-10-19,1,elasticnet,103,0.003129566501717918,1.8018156133381688e-05
2018-10-22,1,elasticnet,103,-0.0005209147380389467,1.8018156133381688e-05
2018-10-23,1,elasticnet,103,0.004885918550798785,1.8018156133381688e-05
2018-10-24,1,elasticnet,103,0.002589199312989621,1.8018156133381688e-05
2018-10-25,1,elasticnet,103,-0.003315378088611709,1.8018156133381688e-05
2018-10-26,1,elasticnet,103,0.002280502698725151,1.8018156133381688e-05
2018-10-29,1,elasticnet,103,0.004442385527796411,1.8018156133381688e-05
2018-10-30,1,elasticnet,103,0.001236221441047292,1.8018156133381688e-05
2018-10-31,1,elasticnet,103,-0.008789674499368516,1.8018156133381688e-05
2018-11-01,1,elasticnet,103,0.002696817317476174,1.8018156133381688e-05
2018-11-02,1,elasticnet,103,-0.002696817317476174,1.8018156133381688e-05
2018-11-05,1,elasticnet,103,0.0004153686456396244,1.8018156133381688e-05
2018-11-06,1,elasticnet,103,-0.003327790092674476,1.8018156133381688e-05
2018-11-07,1,elasticnet,103,0.007472014838700858,1.8018156133381688e-05
2018-11-08,1,elasticnet,103,0.001962506439921796,1.8018156133381688e-05
2018-11-09,1,elasticnet,103,0.006479837535447786,1.8018156133381688e-05
2018-11-12,1,elasticnet,103,-0.002463561089947497,1.8018156133381688e-05
2018-11-13,1,elasticnet,103,-0.005151994909427415,1.8018156133381688e-05
2018-11-14,1,elasticnet,103,0.001342074221985179,1.8018156133381688e-05
2018-11-15,1,elasticnet,103,-0.004756989322054928,1.8018156133381688e-05
2018-11-16,1,elasticnet,103,-0.002906677017938009,1.8018156133381688e-05
2018-11-19,1,elasticnet,103,0.006734729905334191,1.8018156133381688e-05
2018-11-20,1,elasticnet,103,-0.001343322340986219,1.8018156133381688e-05
2018-11-21,1,elasticnet,103,0.0,1.8018156133381688e-05
2018-11-22,1,elasticnet,103,0.00216908621945322,1.8018156133381688e-05
2018-11-23,1,elasticnet,103,0.001546471775809799,1.8018156133381688e-05
2018-11-26,1,elasticnet,103,0.003085787266529749,1.8018156133381688e-05
2018-11-27,1,elasticnet,103,-0.005974471829667038,1.8018156133381688e-05
2018-11-28,1,elasticnet,103,-0.00010332179582484,1.8018156133381688e-05
2018-11-29,1,elasticnet,103,0.005050255516175994,1.8018156133381688e-05
2018-11-30,1,elasticnet,103,-0.002367352245554066,1.8018156133381688e-05
2018-12-03,1,elasticnet,103,-0.0007216123193396484,1.8018156133381688e-05
2018-12-04,1,elasticnet,103,0.00103071540767985,1.8018156133381688e-05
2018-12-05,1,elasticnet,103,-0.002682072992154616,1.8018156133381688e-05
2018-12-06,1,elasticnet,103,-0.003103664812935669,1.8018156133381688e-05
2018-12-07,1,elasticnet,103,0.00732982169826446,1.8018156133381688e-05
2018-12-10,1,elasticnet,103,0.001747084355798734,1.8018156133381688e-05
2018-12-11,1,elasticnet,103,-0.00360027133731311,1.8018156133381688e-05
2018-12-12,1,elasticnet,103,0.000206079341275256,1.8018156133381688e-05
2018-12-13,1,elasticnet,103,0.003907459984517025,1.8018156133381688e-05
2018-12-14,1,elasticnet,103,-0.003495428664307632,1.8018156133381688e-05
2018-12-17,1,elasticnet,103,0.0,1.8018156133381688e-05
2018-12-18,1,elasticnet,103,-0.0007211662600710156,1.8018156133381688e-05
2018-12-19,1,elasticnet,103,-0.007759596122337342,1.8018156133381688e-05
2018-12-20,1,elasticnet,103,0.007037909406133025,1.8018156133381688e-05
2018-12-21,1,elasticnet,103,-0.004237513446480712,1.8018156133381688e-05
2018-12-24,1,elasticnet,103,0.0,1.8018156133381688e-05
2018-12-25,1,elasticnet,103,0.00516530074049637,1.8018156133381688e-05
2018-12-26,1,elasticnet,103,-0.005890576636144118,1.8018156133381688e-05
2018-12-27,1,elasticnet,103,-0.000829531362375846,1.8018156133381688e-05
2018-12-28,1,elasticnet,103,-0.002388742892109441,1.8018156133381688e-05
2018-12-31,1,elasticnet,103,0.0,1.8018156133381688e-05
2019-01-01,1,elasticnet,103,0.006736125787157654,1.8018156133381688e-05
2019-01-02,1,elasticnet,103,-0.005281428938775257,1.8018156133381688e-05
2019-01-03,1,elasticnet,103,-0.001350719723255622,1.8018156133381688e-05
2019-01-04,1,elasticnet,103,-0.005316666159441041,1.8018156133381688e-05
2019-01-07,1,elasticnet,103,0.00240121219931666,1.8018156133381688e-05
2019-01-08,1,elasticnet,103,-0.007115978123019673,1.8018156133381688e-05
2019-01-09,1,elasticnet,103,0.003355004195443101,1.8018156133381688e-05
2019-01-10,1,elasticnet,103,0.001359761728259912,1.8018156133381688e-05
2018-11-16,1,elasticnet,104,-0.002906677017938009,2.0319659137033935e-05
2018-11-19,1,elasticnet,104,0.006734729905334191,2.0319659137033935e-05
2018-11-20,1,elasticnet,104,-0.001343322340986219,2.0319659137033935e-05
2018-11-21,1,elasticnet,104,0.0,2.0319659137033935e-05
2018-11-22,1,elasticnet,104,0.00216908621945322,2.0319659137033935e-05
2018-11-23,1,elasticnet,104,0.001546471775809799,2.0319659137033935e-05
2018-11-26,1,elasticnet,104,0.003085787266529749,2.0319659137033935e-05
2018-11-27,1,elasticnet,104,-0.005974471829667038,2.0319659137033935e-05
2018-11-28,1,elasticnet,104,-0.00010332179582484,2.0319659137033935e-05
2018-11-29,1,elasticnet,104,0.005050255516175994,2.0319659137033935e-05
2018-11-30,1,elasticnet,104,-0.002367352245554066,2.0319659137033935e-05
2018-12-03,1,elasticnet,104,-0.0007216123193396484,2.0319659137033935e-05
2018-12-04,1,elasticnet,104,0.00103071540767985,2.0319659137033935e-05
2018-12-05,1,elasticnet,104,-0.002682072992154616,2.0319659137033935e-05
2018-12-06,1,elasticnet,104,-0.003103664812935669,2.0319659137033935e-05
2018-12-07,1,elasticnet,104,0.00732982169826446,2.0319659137033935e-05
2018-12-10,1,elasticnet,104,0.001747084355798734,2.0319659137033935e-05
2018-12-11,1,elasticnet,104,-0.00360027133731311,2.0319659137033935e-05
2018-12-12,1,elasticnet,104,0.000206079341275256,2.0319659137033935e-05
2018-12-13,1,elasticnet,104,0.003907459984517025,2.0319659137033935e-05
2018-12-14,1,elasticnet,104,-0.003495428664307632,2.0319659137033935e-05
2018-12-17,1,elasticnet,104,0.0,2.0319659137033935e-05
2018-12-18,1,elasticnet,104,-0.0007211662600710156,2.0319659137033935e-05
2018-12-19,1,elasticnet,104,-0.007759596122337342,2.0319659137033935e-05
2018-12-20,1,elasticnet,104,0.007037909406133025,2.0319659137033935e-05
2018-12-21,1,elasticnet,104,-0.004237513446480712,2.0319659137033935e-05
2018-12-24,1,elasticnet,104,0.0,2.0319659137033935e-05
2018-12-25,1,elasticnet,104,0.00516530074049637,2.0319659137033935e-05
2018-12-26,1,elasticnet,104,-0.005890576636144118,2.0319659137033935e-05
2018-12-27,1,elasticnet,104,-0.000829531362375846,2.0319659137033935e-05
2018-12-28,1,elasticnet,104,-0.002388742892109441,2.0319659137033935e-05
2018-12-31,1,elasticnet,104,0.0,2.0319659137033935e-05
2019-01-01,1,elasticnet,104,0.006736125787157654,2.0319659137033935e-05
2019-01-02,1,elasticnet,104,-0.005281428938775257,2.0319659137033935e-05
2019-01-03,1,elasticnet,104,-0.001350719723255622,2.0319659137033935e-05
2019-01-04,1,elasticnet,104,-0.005316666159441041,2.0319659137033935e-05
2019-01-07,1,elasticnet,104,0.00240121219931666,2.0319659137033935e-05
2019-01-08,1,elasticnet,104,-0.007115978123019673,2.0319659137033935e-05
2019-01-09,1,elasticnet,104,0.003355004195443101,2.0319659137033935e-05
2019-01-10,1,elasticnet,104,0.001359761728259912,2.0319659137033935e-05
2019-01-11,1,elasticnet,104,-0.0006273525927209533,2.0319659137033935e-05
2019-01-14,1,elasticnet,104,0.004487354255697795,2.0319659137033935e-05
2019-01-15,1,elasticnet,104,0.0002082248836252631,2.0319659137033935e-05
2019-01-16,1,elasticnet,104,0.0,2.0319659137033935e-05
2019-01-17,1,elasticnet,104,0.002910604965396857,2.0319659137033935e-05
2019-01-18,1,elasticnet,104,0.0,2.0319659137033935e-05
2019-01-21,1,elasticnet,104,-0.0004152823979950426,2.0319659137033935e-05
2019-01-22,1,elasticnet,104,-0.001870907935811239,2.0319659137033935e-05
2019-01-23,1,elasticnet,104,0.004981330350203983,2.0319659137033935e-05
2019-01-24,1,elasticnet,104,-0.008420445823672296,2.0319659137033935e-05
2019-01-25,1,elasticnet,104,-0.0004176673340445802,2.0319659137033935e-05
2019-01-28,1,elasticnet,104,0.0007308033942203807,2.0319659137033935e-05
2019-01-29,1,elasticnet,104,-0.00502198167829615,2.0319659137033935e-05
2019-01-30,1,elasticnet,104,0.002514143373332445,2.0319659137033935e-05
2019-01-31,1,elasticnet,104,0.0,2.0319659137033935e-05
2019-02-01,1,elasticnet,104,0.002820876341640854,2.0319659137033935e-05
2019-02-04,1,elasticnet,104,0.002292622929993549,2.0319659137033935e-05
2019-02-05,1,elasticnet,104,0.003325369374230114,2.0319659137033935e-05
2019-02-06,1,elasticnet,104,0.001244168123167633,2.0319659137033935e-05
2019-02-07,1,elasticnet,104,0.001346104267460291,2.0319659137033935e-05
2018-12-14,1,elasticnet,105,-0.003495428664307632,2.322824446927162e-05
2018-12-17,1,elasticnet,105,0.0,2.322824446927162e-05
2018-12-18,1,elasticnet,105,-0.0007211662600710156,2.322824446927162e-05
2018-12-19,1,elasticnet,105,-0.007759596122337342,2.322824446927162e-05
2018-12-20,1,elasticnet,105,0.007037909406133025,2.322824446927162e-05
2018-12-21,1,elasticnet,105,-0.004237513446480712,2.322824446927162e-05
2018-12-24,1,elasticnet,105,0.0,2.322824446927162e-05
2018-12-25,1,elasticnet,105,0.00516530074049637,2.322824446927162e-05
2018-12-26,1,elasticnet,105,-0.005890576636144118,2.322824446927162e-05
2018-12-27,1,elasticnet,105,-0.000829531362375846,2.322824446927162e-05
2018-12-28,1,elasticnet,105,-0.002388742892109441,2.322824446927162e-05
2018-12-31,1,elasticnet,105,0.0,2.322824446927162e-05
2019-01-01,1,elasticnet,105,0.006736125787157654,2.322824446927162e-05
2019-01-02,1,elasticnet,105,-0.005281428938775257,2.322824446927162e-05
2019-01-03,1,elasticnet,105,-0.001350719723255622,2.322824446927162e-05
2019-01-04,1,elasticnet,105,-0.005316666159441041,2.322824446927162e-05
2019-01-07,1,elasticnet,105,0.00240121219931666,2.322824446927162e-05
2019-01-08,1,elasticnet,105,-0.007115978123019673,2.322824446927162e-05
2019-01-09,1,elasticnet,105,0.003355004195443101,2.322824446927162e-05
2019-01-10,1,elasticnet,105,0.001359761728259912,2.322824446927162e-05
2019-01-11,1,elasticnet,105,-0.0006273525927209533,2.322824446927162e-05
2019-01-14,1,elasticnet,105,0.004487354255697795,2.322824446927162e-05
2019-01-15,1,elasticnet,105,0.0002082248836252631,2.322824446927162e-05
2019-01-16,1,elasticnet,105,0.0,2.322824446927162e-05
2019-01-17,1,elasticnet,105,0.002910604965396857,2.322824446927162e-05
2019-01-18,1,elasticnet,105,0.0,2.322824446927162e-05
2019-01-21,1,elasticnet,105,-0.0004152823979950426,2.322824446927162e-05
2019-01-22,1,elasticnet,105,-0.001870907935811239,2.322824446927162e-05
2019-01-23,1,elasticnet,105,0.004981330350203983,2.322824446927162e-05
2019-01-24,1,elasticnet,105,-0.008420445823672296,2.322824446927162e-05
2019-01-25,1,elasticnet,105,-0.0004176673340445802,2.322824446927162e-05
2019-01-28,1,elasticnet,105,0.0007308033942203807,2.322824446927162e-05
2019-01-29,1,elasticnet,105,-0.00502198167829615,2.322824446927162e-05
2019-01-30,1,elasticnet,105,0.002514143373332445,2.322824446927162e-05
2019-01-31,1,elasticnet,105,0.0,2.322824446927162e-05
2019-02-01,1,elasticnet,105,0.002820876341640854,2.322824446927162e-05
2019-02-04,1,elasticnet,105,0.002292622929993549,2.322824446927162e-05
2019-02-05,1,elasticnet,105,0.003325369374230114,2.322824446927162e-05
2019-02-06,1,elasticnet,105,0.001244168123167633,2.322824446927162e-05
2019-02-07,1,elasticnet,105,0.001346104267460291,2.322824446927162e-05
2019-02-08,1,elasticnet,105,0.004336609790565049,2.322824446927162e-05
2019-02-11,1,elasticnet,105,-0.003612534248198074,2.322824446927162e-05
2019-02-12,1,elasticnet,105,0.004333477685367626,2.322824446927162e-05
2019-02-13,1,elasticnet,105,-0.001545515737033654,2.322824446927162e-05
2019-02-14,1,elasticnet,105,-0.000825252780485286,2.322824446927162e-05
2019-02-15,1,elasticnet,105,0.0,2.322824446927162e-05
2019-02-18,1,elasticnet,105,-0.003929278139889192,2.322824446927162e-05
2019-02-19,1,elasticnet,105,-0.0007255014050935316,2.322824446927162e-05
2019-02-20,1,elasticnet,105,0.00165751617768084,2.322824446927162e-05
2019-02-21,1,elasticnet,105,-0.001035625610374069,2.322824446927162e-05
2019-02-22,1,elasticnet,105,-0.00103669924275529,2.322824446927162e-05
2019-02-25,1,elasticnet,105,-0.004261739208453186,2.322824446927162e-05
2019-02-26,1,elasticnet,105,0.001561280566952483,2.322824446927162e-05
2019-02-27,1,elasticnet,105,0.0001039987521087582,2.322824446927162e-05
2019-02-28,1,elasticnet,105,0.003840370073626254,2.322824446927162e-05
2019-03-01,1,elasticnet,105,0.001552714974758729,2.322824446927162e-05
2019-03-04,1,elasticnet,105,0.001963317603011383,2.322824446927162e-05
2019-03-05,1,elasticnet,105,0.0,2.322824446927162e-05
2019-03-06,1,elasticnet,105,0.008224576021092389,2.322824446927162e-05
2019-03-07,1,elasticnet,105,-0.003692690625488382,2.322824446927162e-05
2019-01-11,1,elasticnet,106,-0.0006273525927209533,-7.193033541445623e-05
2019-01-14,1,elasticnet,106,0.004487354255697795,-7.169127000175937e-05
2019-01-15,1,elasticnet,106,0.0002082248836252631,-7.214219380211473e-05
2019-01-16,1,elasticnet,106,0.0,-7.172891586446729e-05
2019-01-17,1,elasticnet,106,0.002910604965396857,-7.180506307727877e-05
2019-01-18,1,elasticnet,106,0.0,-7.178951458796305e-05
2019-01-21,1,elasticnet,106,-0.0004152823979950426,-7.181087787751206e-05
2019-01-22,1,elasticnet,106,-0.001870907935811239,-7.1197376815201e-05
2019-01-23,1,elasticnet,106,0.004981330350203983,-7.153248456257203e-05
2019-01-24,1,elasticnet,106,-0.008420445823672296,-7.121215662288923e-05
2019-01-25,1,elasticnet,106,-0.0004176673340445802,-7.163614514056724e-05
2019-01-28,1,elasticnet,106,0.0007308033942203807,-7.141884182586116e-05
2019-01-29,1,elasticnet,106,-0.00502198167829615,-7.174415801363765e-05
2019-01-30,1,elasticnet,106,0.002514143373332445,-7.195451363582546e-05
2019-01-31,1,elasticnet,106,0.0,-7.194438113830127e-05
2019-02-01,1,elasticnet,106,0.002820876341640854,-8.181798240172386e-05
2019-02-04,1,elasticnet,106,0.002292622929993549,-8.184112019910458e-05
2019-02-05,1,elasticnet,106,0.003325369374230114,-8.214871458129188e-05
2019-02-06,1,elasticnet,106,0.001244168123167633,-8.218418712772632e-05
2019-02-07,1,elasticnet,106,0.001346104267460291,-8.194594826716907e-05
2019-02-08,1,elasticnet,106,0.004336609790565049,-8.21741181632425e-05
2019-02-11,1,elasticnet,106,-0.003612534248198074,-8.223426020778438e-05
2019-02-12,1,elasticnet,106,0.004333477685367626,-8.236712185302685e-05
2019-02-13,1,elasticnet,106,-0.001545515737033654,-8.227264015433548e-05
2019-02-14,1,elasticnet,106,-0.000825252780485286,-8.216622251503217e-05
2019-02-15,1,elasticnet,106,0.0,-8.237875145349345e-05
2019-02-18,1,elasticnet,106,-0.003929278139889192,-8.240011474304246e-05
2019-02-19,1,elasticnet,106,-0.0007255014050935316,-8.240571567142685e-05
2019-02-20,1,elasticnet,106,0.00165751617768084,-8.274786357961256e-05
2019-02-21,1,elasticnet,106,-0.001035625610374069,-8.268707991952392e-05
2019-02-22,1,elasticnet,106,-0.00103669924275529,-8.288580594124514e-05
2019-02-25,1,elasticnet,106,-0.004261739208453186,-8.263563114007594e-05
2019-02-26,1,elasticnet,106,0.001561280566952483,-8.26613410621719e-05
2019-02-27,1,elasticnet,106,0.0001039987521087582,-8.267431742677237e-05
2019-02-28,1,elasticnet,106,0.003840370073626254,-8.254188352522775e-05
2019-03-01,1,elasticnet,106,0.001552714974758729,-8.312694719555522e-05
2019-03-04,1,elasticnet,106,0.001963317603011383,-8.289700279165008e-05
2019-03-05,1,elasticnet,106,0.0,-8.322896033179948e-05
2019-03-06,1,elasticnet,106,0.008224576021092389,-8.304226271898664e-05
2019-03-07,1,elasticnet,106,-0.003692690625488382,-8.283016152422319e-05
2019-03-08,1,elasticnet,106,-0.0009253072165886778,-8.286688836649506e-05
2019-03-11,1,elasticnet,106,-0.002884221200079473,-8.308119181278805e-05
2019-03-12,1,elasticnet,106,-0.004031221542706298,-8.335664879235538e-05
2019-03-13,1,elasticnet,106,0.002379352490649467,-8.333840677477193e-05
2019-03-14,1,elasticnet,106,-0.001965145173968175,-8.332160398961877e-05
2019-03-15,1,elasticnet,106,-0.0007249754343732207,-8.343735650956274e-05
2019-03-18,1,elasticnet,106,-0.001451529544644892,-8.333219316609685e-05
2019-03-19,1,elasticnet,106,-0.006453649962468333,-8.350267173879118e-05
2019-03-20,1,elasticnet,106,0.007697947095222091,-8.346937250863021e-05
2019-03-21,1,elasticnet,106,0.001553197309399401,-8.352164784021781e-05
2019-03-22,1,elasticnet,106,-0.0008280716755129092,-8.287206155118161e-05
2019-03-25,1,elasticnet,106,0.001758833416010575,-8.281461303490746e-05
2019-03-26,1,elasticnet,106,0.0003100614980136029,-8.32935704124408e-05
2019-03-27,1,elasticnet,106,0.004433682573542264,-8.29067364807325e-05
2019-03-28,1,elasticnet,106,0.0008227067514638975,-8.29877505380852e-05
2019-03-29,1,elasticnet,106,-0.0005141123962912886,-8.272695196265358e-05
2019-04-01,1,elasticnet,106,0.001336142857706335,-6.299912677222385e-05
2019-04-02,1,elasticnet,106,-0.002777065297218329,-6.345522375726576e-05
2019-04-03,1,elasticnet,106,0.002263375451843963,-6.341632359872041e-05
2019-04-04,1,elasticnet,106,0.0008217771392100559,-6.341415028244694e-05
2019-02-08,1,elasticnet,107,0.004336609790565049,2.0481777536980306e-05
2019-02-11,1,elasticnet,107,-0.003612534248198074,2.0481777536980306e-05
2019-02-12,1,elasticnet,107,0.004333477685367626,2.0481777536980306e-05
2019-02-13,1,elasticnet,107,-0.001545515737033654,2.0481777536980306e-05
2019-02-14,1,elasticnet,107,-0.000825252780485286,2.0481777536980306e-05
2019-02-15,1,elasticnet,107,0.0,2.0481777536980306e-05
2019-02-18,1,elasticnet,107,-0.003929278139889192,2.0481777536980306e-05
2019-02-19,1,elasticnet,107,-0.0007255014050935316,2.0481777536980306e-05
2019-02-20,1,elasticnet,107,0.00165751617768084,2.0481777536980306e-05
2019-02-21,1,elasticnet,107,-0.001035625610374069,2.0481777536980306e-05
2019-02-22,1,elasticnet,107,-0.00103669924275529,2.0481777536980306e-05
2019-02-25,1,elasticnet,107,-0.004261739208453186,2.0481777536980306e-05
2019-02-26,1,elasticnet,107,0.001561280566952483,2.0481777536980306e-05
2019-02-27,1,elasticnet,107,0.0001039987521087582,2.0481777536980306e-05
2019-02-28,1,elasticnet,107,0.003840370073626254,2.0481777536980306e-05
2019-03-01,1,elasticnet,107,0.001552714974758729,2.0481777536980306e-05
2019-03-04,1,elasticnet,107,0.001963317603011383,2.0481777536980306e-05
2019-03-05,1,elasticnet,107,0.0,2.0481777536980306e-05
2019-03-06,1,elasticnet,107,0.008224576021092389,2.0481777536980306e-05
2019-03-07,1,elasticnet,107,-0.003692690625488382,2.0481777536980306e-05
2019-03-08,1,elasticnet,107,-0.0009253072165886778,2.0481777536980306e-05
2019-03-11,1,elasticnet,107,-0.002884221200079473,2.0481777536980306e-05
2019-03-12,1,elasticnet,107,-0.004031221542706298,2.0481777536980306e-05
2019-03-13,1,elasticnet,107,0.002379352490649467,2.0481777536980306e-05
2019-03-14,1,elasticnet,107,-0.001965145173968175,2.0481777536980306e-05
2019-03-15,1,elasticnet,107,-0.0007249754343732207,2.0481777536980306e-05
2019-03-18,1,elasticnet,107,-0.001451529544644892,2.0481777536980306e-05
2019-03-19,1,elasticnet,107,-0.006453649962468333,2.0481777536980306e-05
2019-03-20,1,elasticnet,107,0.007697947095222091,2.0481777536980306e-05
2019-03-21,1,elasticnet,107,0.001553197309399401,2.0481777536980306e-05
2019-03-22,1,elasticnet,107,-0.0008280716755129092,2.0481777536980306e-05
2019-03-25,1,elasticnet,107,0.001758833416010575,2.0481777536980306e-05
2019-03-26,1,elasticnet,107,0.0003100614980136029,2.0481777536980306e-05
2019-03-27,1,elasticnet,107,0.004433682573542264,2.0481777536980306e-05
2019-03-28,1,elasticnet,107,0.0008227067514638975,2.0481777536980306e-05
2019-03-29,1,elasticnet,107,-0.0005141123962912886,2.0481777536980306e-05
2019-04-01,1,elasticnet,107,0.001336142857706335,2.0481777536980306e-05
2019-04-02,1,elasticnet,107,-0.002777065297218329,2.0481777536980306e-05
2019-04-03,1,elasticnet,107,0.002263375451843963,2.0481777536980306e-05
2019-04-04,1,elasticnet,107,0.0008217771392100559,2.0481777536980306e-05
2019-04-05,1,elasticnet,107,-0.003497226358088135,2.0481777536980306e-05
2019-04-08,1,elasticnet,107,-0.0004122436418274589,2.0481777536980306e-05
2019-04-09,1,elasticnet,107,-0.0006186842845314899,2.0481777536980306e-05
2019-04-10,1,elasticnet,107,0.002369547289096552,2.0481777536980306e-05
2019-04-11,1,elasticnet,107,-0.002163276661302227,2.0481777536980306e-05
2019-04-12,1,elasticnet,107,-0.0003094218992254483,2.0481777536980306e-05
2019-04-15,1,elasticnet,107,0.001031034218565097,2.0481777536980306e-05
2019-04-16,1,elasticnet,107,-0.0003091986626024834,2.0481777536980306e-05
2019-04-17,1,elasticnet,107,0.004730572375926556,2.0481777536980306e-05
2019-04-18,1,elasticnet,107,-0.0009237875945640184,2.0481777536980306e-05
2019-04-19,1,elasticnet,107,-0.0009246417672184037,2.0481777536980306e-05
2019-04-22,1,elasticnet,107,0.003591036537422987,2.0481777536980306e-05
2019-04-23,1,elasticnet,107,0.005413424179670834,2.0481777536980306e-05
2019-04-24,1,elasticnet,107,0.0003055456559897252,2.0481777536980306e-05
2019-04-25,1,elasticnet,107,-0.001936701079331193,2.0481777536980306e-05
2019-04-26,1,elasticnet,107,-0.001531628420111453,2.0481777536980306e-05
2019-04-29,1,elasticnet,107,-0.003890657103971407,2.0481777536980306e-05
2019-04-30,1,elasticnet,107,0.002151970907845246,2.0481777536980306e-05
2019-05-01,1,elasticnet,107,0.001432078804486814,2.0481777536980306e-05
2019-05-02,1,elasticnet,107,-0.003173793296321392,2.0481777536980306e-05
2019-03-08,1,elasticnet,108,-0.0009253072165886778,2.2416119530031875e-05
2019-03-11,1,elasticnet,108,-0.002884221200079473,2.2416119530031875e-05
2019-03-12,1,elasticnet,108,-0.004031221542706298,2.2416119530031875e-05
2019-03-13,1,elasticnet,108,0.002379352490649467,2.2416119530031875e-05
2019-03-14,1,elasticnet,108,-0.001965145173968175,2.2416119530031875e-05
2019-03-15,1,elasticnet,108,-0.0007249754343732207,2.2416119530031875e-05
2019-03-18,1,elasticnet,108,-0.001451529544644892,2.2416119530031875e-05
2019-03-19,1,elasticnet,108,-0.006453649962468333,2.2416119530031875e-05
2019-03-20,1,elasticnet,108,0.007697947095222091,2.2416119530031875e-05
2019-03-21,1,elasticnet,108,0.001553197309399401,2.2416119530031875e-05
2019-03-22,1,elasticnet,108,-0.0008280716755129092,2.2416119530031875e-05
2019-03-25,1,elasticnet,108,0.001758833416010575,2.2416119530031875e-05
2019-03-26,1,elasticnet,108,0.0003100614980136029,2.2416119530031875e-05
2019-03-27,1,elasticnet,108,0.004433682573542264,2.2416119530031875e-05
2019-03-28,1,elasticnet,108,0.0008227067514638975,2.2416119530031875e-05
2019-03-29,1,elasticnet,108,-0.0005141123962912886,2.2416119530031875e-05
2019-04-01,1,elasticnet,108,0.001336142857706335,2.2416119530031875e-05
2019-04-02,1,elasticnet,108,-0.002777065297218329,2.2416119530031875e-05
2019-04-03,1,elasticnet,108,0.002263375451843963,2.2416119530031875e-05
2019-04-04,1,elasticnet,108,0.0008217771392100559,2.2416119530031875e-05
2019-04-05,1,elasticnet,108,-0.003497226358088135,2.2416119530031875e-05
2019-04-08,1,elasticnet,108,-0.0004122436418274589,2.2416119530031875e-05
2019-04-09,1,elasticnet,108,-0.0006186842845314899,2.2416119530031875e-05
2019-04-10,1,elasticnet,108,0.002369547289096552,2.2416119530031875e-05
2019-04-11,1,elasticnet,108,-0.002163276661302227,2.2416119530031875e-05
2019-04-12,1,elasticnet,108,-0.0003094218992254483,2.2416119530031875e-05
2019-04-15,1,elasticnet,108,0.001031034218565097,2.2416119530031875e-05
2019-04-16,1,elasticnet,108,-0.0003091986626024834,2.2416119530031875e-05
2019-04-17,1,elasticnet,108,0.004730572375926556,2.2416119530031875e-05
2019-04-18,1,elasticnet,108,-0.0009237875945640184,2.2416119530031875e-05
2019-04-19,1,elasticnet,108,-0.0009246417672184037,2.2416119530031875e-05
2019-04-22,1,elasticnet,108,0.003591036537422987,2.2416119530031875e-05
2019-04-23,1,elasticnet,108,0.005413424179670834,2.2416119530031875e-05
2019-04-24,1,elasticnet,108,0.0003055456559897252,2.2416119530031875e-05
2019-04-25,1,elasticnet,108,-0.001936701079331193,2.2416119530031875e-05
2019-04-26,1,elasticnet,108,-0.001531628420111453,2.2416119530031875e-05
2019-04-29,1,elasticnet,108,-0.003890657103971407,2.2416119530031875e-05
2019-04-30,1,elasticnet,108,0.002151970907845246,2.2416119530031875e-05
2019-05-01,1,elasticnet,108,0.001432078804486814,2.2416119530031875e-05
2019-05-02,1,elasticnet,108,-0.003173793296321392,2.2416119530031875e-05
2019-05-03,1,elasticnet,108,0.0,2.2416119530031875e-05
2019-05-06,1,elasticnet,108,0.001127338064563332,2.2416119530031875e-05
2019-05-07,1,elasticnet,108,-0.0001024327785783541,2.2416119530031875e-05
2019-05-08,1,elasticnet,108,-0.00256423546833684,2.2416119530031875e-05
2019-05-09,1,elasticnet,108,-0.0004108885522624561,2.2416119530031875e-05
2019-05-10,1,elasticnet,108,-0.0001027485230800096,2.2416119530031875e-05
2019-05-13,1,elasticnet,108,0.002155505068601293,2.2416119530031875e-05
2019-05-14,1,elasticnet,108,0.0004100461359355378,2.2416119530031875e-05
2019-05-15,1,elasticnet,108,0.002967816741118234,2.2416119530031875e-05
2019-05-16,1,elasticnet,108,0.001429592809595093,2.2416119530031875e-05
2019-05-17,1,elasticnet,108,-0.0007145409378690459,2.2416119530031875e-05
2019-05-20,1,elasticnet,108,0.001326598490384079,2.2416119530031875e-05
2019-05-21,1,elasticnet,108,-0.0002039775631752505,2.2416119530031875e-05
2019-05-22,1,elasticnet,108,-0.001837672798934875,2.2416119530031875e-05
2019-05-23,1,elasticnet,108,-0.002557938674103255,2.2416119530031875e-05
2019-05-24,1,elasticnet,108,0.0,2.2416119530031875e-05
2019-05-27,1,elasticnet,108,0.003477197203675786,2.2416119530031875e-05
2019-05-28,1,elasticnet,108,0.00193788627120739,2.2416119530031875e-05
2019-05-29,1,elasticnet,108,0.0,2.2416119530031875e-05
2019-05-30,1,elasticnet,108,-0.003981831796282087,2.2416119530031875e-05
2019-04-05,1,elasticnet,109,-0.003497226358088135,2.2526609100626372e-05
2019-04-08,1,elasticnet,109,-0.0004122436418274589,2.2526609100626372e-05
2019-04-09,1,elasticnet,109,-0.0006186842845314899,2.2526609100626372e-05
2019-04-10,1,elasticnet,109,0.002369547289096552,2.2526609100626372e-05
2019-04-11,1,elasticnet,109,-0.002163276661302227,2.2526609100626372e-05
2019-04-12,1,elasticnet,109,-0.0003094218992254483,2.2526609100626372e-05
2019-04-15,1,elasticnet,109,0.001031034218565097,2.2526609100626372e-05
2019-04-16,1,elasticnet,109,-0.0003091986626024834,2.2526609100626372e-05
2019-04-17,1,elasticnet,109,0.004730572375926556,2.2526609100626372e-05
2019-04-18,1,elasticnet,109,-0.0009237875945640184,2.2526609100626372e-05
2019-04-19,1,elasticnet,109,-0.0009246417672184037,2.2526609100626372e-05
2019-04-22,1,elasticnet,109,0.003591036537422987,2.2526609100626372e-05
2019-04-23,1,elasticnet,109,0.005413424179670834,2.2526609100626372e-05
2019-04-24,1,elasticnet,109,0.0003055456559897252,2.2526609100626372e-05
2019-04-25,1,elasticnet,109,-0.001936701079331193,2.2526609100626372e-05
2019-04-26,1,elasticnet,109,-0.001531628420111453,2.2526609100626372e-05
2019-04-29,1,elasticnet,109,-0.003890657103971407,2.2526609100626372e-05
2019-04-30,1,elasticnet,109,0.002151970907845246,2.2526609100626372e-05
2019-05-01,1,elasticnet,109,0.001432078804486814,2.2526609100626372e-05
2019-05-02,1,elasticnet,109,-0.003173793296321392,2.2526609100626372e-05
2019-05-03,1,elasticnet,109,0.0,2.2526609100626372e-05
2019-05-06,1,elasticnet,109,0.001127338064563332,2.2526609100626372e-05
2019-05-07,1,elasticnet,109,-0.0001024327785783541,2.2526609100626372e-05
2019-05-08,1,elasticnet,109,-0.00256423546833684,2.2526609100626372e-05
2019-05-09,1,elasticnet,109,-0.0004108885522624561,2.2526609100626372e-05
2019-05-10,1,elasticnet,109,-0.0001027485230800096,2.2526609100626372e-05
2019-05-13,1,elasticnet,109,0.002155505068601293,2.2526609100626372e-05
2019-05-14,1,elasticnet,109,0.0004100461359355378,2.2526609100626372e-05
2019-05-15,1,elasticnet,109,0.002967816741118234,2.2526609100626372e-05
2019-05-16,1,elasticnet,109,0.001429592809595093,2.2526609100626372e-05
2019-05-17,1,elasticnet,109,-0.0007145409378690459,2.2526609100626372e-05
2019-05-20,1,elasticnet,109,0.001326598490384079,2.2526609100626372e-05
2019-05-21,1,elasticnet,109,-0.0002039775631752505,2.2526609100626372e-05
2019-05-22,1,elasticnet,109,-0.001837672798934875,2.2526609100626372e-05
2019-05-23,1,elasticnet,109,-0.002557938674103255,2.2526609100626372e-05
2019-05-24,1,elasticnet,109,0.0,2.2526609100626372e-05
2019-05-27,1,elasticnet,109,0.003477197203675786,2.2526609100626372e-05
2019-05-28,1,elasticnet,109,0.00193788627120739,2.2526609100626372e-05
2019-05-29,1,elasticnet,109,0.0,2.2526609100626372e-05
2019-05-30,1,elasticnet,109,-0.003981831796282087,2.2526609100626372e-05
2019-05-31,1,elasticnet,109,-0.006259961947876036,2.2526609100626372e-05
2019-06-03,1,elasticnet,109,-0.0007208691934641465,2.2526609100626372e-05
2019-06-04,1,elasticnet,109,0.002572150191187283,2.2526609100626372e-05
2019-06-05,1,elasticnet,109,-0.002881253279527485,2.2526609100626372e-05
2019-06-06,1,elasticnet,109,-0.005165834403447533,2.2526609100626372e-05
2019-06-07,1,elasticnet,109,0.002276255509479519,2.2526609100626372e-05
2019-06-10,1,elasticnet,109,-0.000723701246370112,2.2526609100626372e-05
2019-06-11,1,elasticnet,109,0.003200994007926283,2.2526609100626372e-05
2019-06-12,1,elasticnet,109,0.0001030874698093598,2.2526609100626372e-05
2019-06-13,1,elasticnet,109,0.005756003146666799,2.2526609100626372e-05
2019-06-14,1,elasticnet,109,-0.0001024957721398323,2.2526609100626372e-05
2019-06-17,1,elasticnet,109,0.0008196721770401538,2.2526609100626372e-05
2019-06-18,1,elasticnet,109,-0.00533991821357116,2.2526609100626372e-05
2019-06-19,1,elasticnet,109,-0.00505807529997071,2.2526609100626372e-05
2019-06-20,1,elasticnet,109,-0.004252015739909965,2.2526609100626372e-05
2019-06-21,1,elasticnet,109,-0.002497399841208114,2.2526609100626372e-05
2019-06-24,1,elasticnet,109,0.001665626035714851,2.2526609100626372e-05
2019-06-25,1,elasticnet,109,0.0007278399073591402,2.2526609100626372e-05
2019-06-26,1,elasticnet,109,-0.0002079002086494697,2.2526609100626372e-05
2019-06-27,1,elasticnet,109,-0.0006239600867994355,2.2526609100626372e-05
2019-05-03,1,elasticnet,110,0.0,2.2786437635301728e-05
2019-05-06,1,elasticnet,110,0.001127338064563332,2.2786437635301728e-05
2019-05-07,1,elasticnet,110,-0.0001024327785783541,2.2786437635301728e-05
2019-05-08,1,elasticnet,110,-0.00256423546833684,2.2786437635301728e-05
2019-05-09,1,elasticnet,110,-0.0004108885522624561,2.2786437635301728e-05
2019-05-10,1,elasticnet,110,-0.0001027485230800096,2.2786437635301728e-05
2019-05-13,1,elasticnet,110,0.002155505068601293,2.2786437635301728e-05
2019-05-14,1,elasticnet,110,0.0004100461359355378,2.2786437635301728e-05
2019-05-15,1,elasticnet,110,0.002967816741118234,2.2786437635301728e-05
2019-05-16,1,elasticnet,110,0.001429592809595093,2.2786437635301728e-05
2019-05-17,1,elasticnet,110,-0.0007145409378690459,2.2786437635301728e-05
2019-05-20,1,elasticnet,110,0.001326598490384079,2.2786437635301728e-05
2019-05-21,1,elasticnet,110,-0.0002039775631752505,2.2786437635301728e-05
2019-05-22,1,elasticnet,110,-0.001837672798934875,2.2786437635301728e-05
2019-05-23,1,elasticnet,110,-0.002557938674103255,2.2786437635301728e-05
2019-05-24,1,elasticnet,110,0.0,2.2786437635301728e-05
2019-05-27,1,elasticnet,110,0.003477197203675786,2.2786437635301728e-05
2019-05-28,1,elasticnet,110,0.00193788627120739,2.2786437635301728e-05
2019-05-29,1,elasticnet,110,0.0,2.2786437635301728e-05
2019-05-30,1,elasticnet,110,-0.003981831796282087,2.2786437635301728e-05
2019-05-31,1,elasticnet,110,-0.006259961947876036,2.2786437635301728e-05
2019-06-03,1,elasticnet,110,-0.0007208691934641465,2.2786437635301728e-05
2019-06-04,1,elasticnet,110,0.002572150191187283,2.2786437635301728e-05
2019-06-05,1,elasticnet,110,-0.002881253279527485,2.2786437635301728e-05
2019-06-06,1,elasticnet,110,-0.005165834403447533,2.2786437635301728e-05
2019-06-07,1,elasticnet,110,0.002276255509479519,2.2786437635301728e-05
2019-06-10,1,elasticnet,110,-0.000723701246370112,2.2786437635301728e-05
2019-06-11,1,elasticnet,110,0.003200994007926283,2.2786437635301728e-05
2019-06-12,1,elasticnet,110,0.0001030874698093598,2.2786437635301728e-05
2019-06-13,1,elasticnet,110,0.005756003146666799,2.2786437635301728e-05
2019-06-14,1,elasticnet,110,-0.0001024957721398323,2.2786437635301728e-05
2019-06-17,1,elasticnet,110,0.0008196721770401538,2.2786437635301728e-05
2019-06-18,1,elasticnet,110,-0.00533991821357116,2.2786437635301728e-05
2019-06-19,1,elasticnet,110,-0.00505807529997071,2.2786437635301728e-05
2019-06-20,1,elasticnet,110,-0.004252015739909965,2.2786437635301728e-05
2019-06-21,1,elasticnet,110,-0.002497399841208114,2.2786437635301728e-05
2019-06-24,1,elasticnet,110,0.001665626035714851,2.2786437635301728e-05
2019-06-25,1,elasticnet,110,0.0007278399073591402,2.2786437635301728e-05
2019-06-26,1,elasticnet,110,-0.0002079002086494697,2.2786437635301728e-05
2019-06-27,1,elasticnet,110,-0.0006239600867994355,2.2786437635301728e-05
2019-06-28,1,elasticnet,110,0.007358689992133627,2.2786437635301728e-05
2019-07-01,1,elasticnet,110,-0.001136539875401965,2.2786437635301728e-05
2019-07-02,1,elasticnet,110,0.0004134366983947757,2.2786437635301728e-05
2019-07-03,1,elasticnet,110,0.0,2.2786437635301728e-05
2019-07-04,1,elasticnet,110,0.005359180094485438,2.2786437635301728e-05
2019-07-05,1,elasticnet,110,0.0009246417672184037,2.2786437635301728e-05
2019-07-08,1,elasticnet,110,0.001128957886625592,2.2786437635301728e-05
2019-07-09,1,elasticnet,110,-0.004008433343900997,2.2786437635301728e-05
2019-07-10,1,elasticnet,110,-0.0005150656822596744,2.2786437635301728e-05
2019-07-11,1,elasticnet,110,-0.00247601488303939,2.2786437635301728e-05
2019-07-12,1,elasticnet,110,0.001238773772536561,2.2786437635301728e-05
2019-07-15,1,elasticnet,110,0.004734467468590964,2.2786437635301728e-05
2019-07-16,1,elasticnet,110,-0.001747084355798734,2.2786437635301728e-05
2019-07-17,1,elasticnet,110,-0.004432768456311464,2.2786437635301728e-05
2019-07-18,1,elasticnet,110,0.003712492662451439,2.2786437635301728e-05
2019-07-19,1,elasticnet,110,0.001131629152190783,2.2786437635301728e-05
2019-07-22,1,elasticnet,110,0.004513754073097509,2.2786437635301728e-05
2019-07-23,1,elasticnet,110,0.0003070153020070521,2.2786437635301728e-05
2019-07-24,1,elasticnet,110,0.0009204807604668019,2.2786437635301728e-05
2019-07-25,1,elasticnet,110,0.001940459169877506,2.2786437635301728e-05
2019-05-31,1,elasticnet,111,-0.006259961947876036,2.334198878727616e-05
2019-06-03,1,elasticnet,111,-0.0007208691934641465,2.334198878727616e-05
2019-06-04,1,elasticnet,111,0.002572150191187283,2.334198878727616e-05
2019-06-05,1,elasticnet,111,-0.002881253279527485,2.334198878727616e-05
2019-06-06,1,elasticnet,111,-0.005165834403447533,2.334198878727616e-05
2019-06-07,1,elasticnet,111,0.002276255509479519,2.334198878727616e-05
2019-06-10,1,elasticnet,111,-0.000723701246370112,2.334198878727616e-05
2019-06-11,1,elasticnet,111,0.003200994007926283,2.334198878727616e-05
2019-06-12,1,elasticnet,111,0.0001030874698093598,2.334198878727616e-05
2019-06-13,1,elasticnet,111,0.005756003146666799,2.334198878727616e-05
2019-06-14,1,elasticnet,111,-0.0001024957721398323,2.334198878727616e-05
2019-06-17,1,elasticnet,111,0.0008196721770401538,2.334198878727616e-05
2019-06-18,1,elasticnet,111,-0.00533991821357116,2.334198878727616e-05
2019-06-19,1,elasticnet,111,-0.00505807529997071,2.334198878727616e-05
2019-06-20,1,elasticnet,111,-0.004252015739909965,2.334198878727616e-05
2019-06-21,1,elasticnet,111,-0.002497399841208114,2.334198878727616e-05
2019-06-24,1,elasticnet,111,0.001665626035714851,2.334198878727616e-05
2019-06-25,1,elasticnet,111,0.0007278399073591402,2.334198878727616e-05
2019-06-26,1,elasticnet,111,-0.0002079002086494697,2.334198878727616e-05
2019-06-27,1,elasticnet,111,-0.0006239600867994355,2.334198878727616e-05
2019-06-28,1,elasticnet,111,0.007358689992133627,2.334198878727616e-05
2019-07-01,1,elasticnet,111,-0.001136539875401965,2.334198878727616e-05
2019-07-02,1,elasticnet,111,0.0004134366983947757,2.334198878727616e-05
2019-07-03,1,elasticnet,111,0.0,2.334198878727616e-05
2019-07-04,1,elasticnet,111,0.005359180094485438,2.334198878727616e-05
2019-07-05,1,elasticnet,111,0.0009246417672184037,2.334198878727616e-05
2019-07-08,1,elasticnet,111,0.001128957886625592,2.334198878727616e-05
2019-07-09,1,elasticnet,111,-0.004008433343900997,2.334198878727616e-05
2019-07-10,1,elasticnet,111,-0.0005150656822596744,2.334198878727616e-05
2019-07-11,1,elasticnet,111,-0.00247601488303939,2.334198878727616e-05
2019-07-12,1,elasticnet,111,0.001238773772536561,2.334198878727616e-05
2019-07-15,1,elasticnet,111,0.004734467468590964,2.334198878727616e-05
2019-07-16,1,elasticnet,111,-0.001747084355798734,2.334198878727616e-05
2019-07-17,1,elasticnet,111,-0.004432768456311464,2.334198878727616e-05
2019-07-18,1,elasticnet,111,0.003712492662451439,2.334198878727616e-05
2019-07-19,1,elasticnet,111,0.001131629152190783,2.334198878727616e-05
2019-07-22,1,elasticnet,111,0.004513754073097509,2.334198878727616e-05
2019-07-23,1,elasticnet,111,0.0003070153020070521,2.334198878727616e-05
2019-07-24,1,elasticnet,111,0.0009204807604668019,2.334198878727616e-05
2019-07-25,1,elasticnet,111,0.001940459169877506,2.334198878727616e-05
2019-07-26,1,elasticnet,111,0.0003060443788234224,2.334198878727616e-05
2019-07-29,1,elasticnet,111,0.0001019939824429272,2.334198878727616e-05
2019-07-30,1,elasticnet,111,0.004782020609981785,2.334198878727616e-05
2019-07-31,1,elasticnet,111,-0.001523693727670583,2.334198878727616e-05
2019-08-01,1,elasticnet,111,-0.003054370120437078,2.334198878727616e-05
2019-08-02,1,elasticnet,111,-0.005624024231212665,2.334198878727616e-05
2019-08-05,1,elasticnet,111,0.001127338064563332,2.334198878727616e-05
2019-08-06,1,elasticnet,111,-0.0009222729556732645,2.334198878727616e-05
2019-08-07,1,elasticnet,111,0.0008198401770949104,2.334198878727616e-05
2019-08-08,1,elasticnet,111,-0.001332581817821143,2.334198878727616e-05
2019-08-09,1,elasticnet,111,-0.001128957886625592,2.334198878727616e-05
2019-08-12,1,elasticnet,111,0.004405970547846749,2.334198878727616e-05
2019-08-13,1,elasticnet,111,0.001838611345325702,2.334198878727616e-05
2019-08-14,1,elasticnet,111,0.001529598014029965,2.334198878727616e-05
2019-08-15,1,elasticnet,111,0.0,2.334198878727616e-05
2019-08-16,1,elasticnet,111,0.002137514173311317,2.334198878727616e-05
2019-08-19,1,elasticnet,111,-0.001628167653869639,2.334198878727616e-05
2019-08-20,1,elasticnet,111,0.00111964997192171,2.334198878727616e-05
2019-08-21,1,elasticnet,111,-0.001323357448690388,2.334198878727616e-05
2019-08-22,1,elasticnet,111,-0.005413424179670834,2.334198878727616e-05
2019-06-28,1,elasticnet,112,0.007358689992133627,-3.650712983759088e-05
2019-07-01,1,elasticnet,112,-0.001136539875401965,-4.2648137807476045e-05
2019-07-02,1,elasticnet,112,0.0004134366983947757,-4.338248406990656e-05
2019-07-03,1,elasticnet,112,0.0,-4.346885864296321e-05
2019-07-04,1,elasticnet,112,0.005359180094485438,-4.346885864296321e-05
2019-07-05,1,elasticnet,112,0.0009246417672184037,-4.340296709076206e-05
2019-07-08,1,elasticnet,112,0.001128957886625592,-4.342794944024095e-05
2019-07-09,1,elasticnet,112,-0.004008433343900997,-4.348918507631065e-05
2019-07-10,1,elasticnet,112,-0.0005150656822596744,-4.326551777673306e-05
2019-07-11,1,elasticnet,112,-0.00247601488303939,-4.306746846297203e-05
2019-07-12,1,elasticnet,112,0.001238773772536561,-4.312812065854008e-05
2019-07-15,1,elasticnet,112,0.004734467468590964,-4.30218987009656e-05
2019-07-16,1,elasticnet,112,-0.001747084355798734,-4.309356085446549e-05
2019-07-17,1,elasticnet,112,-0.004432768456311464,-4.268449780731527e-05
2019-07-18,1,elasticnet,112,0.003712492662451439,-4.237879635421999e-05
2019-07-19,1,elasticnet,112,0.001131629152190783,-4.218868785152717e-05
2019-07-22,1,elasticnet,112,0.004513754073097509,-4.246411308109809e-05
2019-07-23,1,elasticnet,112,0.0003070153020070521,-4.270016135980219e-05
2019-07-24,1,elasticnet,112,0.0009204807604668019,-4.281987898167047e-05
2019-07-25,1,elasticnet,112,0.001940459169877506,-4.2794211121594244e-05
2019-07-26,1,elasticnet,112,0.0003060443788234224,-4.295415243558745e-05
2019-07-29,1,elasticnet,112,0.0001019939824429272,-4.2744725471466086e-05
2019-07-30,1,elasticnet,112,0.004782020609981785,-4.247348175234972e-05
2019-07-31,1,elasticnet,112,-0.001523693727670583,-4.200403213196426e-05
2019-08-01,1,elasticnet,112,-0.003054370120437078,-4.0281774972364496e-05
2019-08-02,1,elasticnet,112,-0.005624024231212665,-4.019211782594743e-05
2019-08-05,1,elasticnet,112,0.001127338064563332,-3.8577570056617714e-05
2019-08-06,1,elasticnet,112,-0.0009222729556732645,-3.961946319901508e-05
2019-08-07,1,elasticnet,112,0.0008198401770949104,-3.956166672381385e-05
2019-08-08,1,elasticnet,112,-0.001332581817821143,-4.0052709407069386e-05
2019-08-09,1,elasticnet,112,-0.001128957886625592,-3.971853656936708e-05
2019-08-12,1,elasticnet,112,0.004405970547846749,-3.902245953736517e-05
2019-08-13,1,elasticnet,112,0.001838611345325702,-3.984127114226295e-05
2019-08-14,1,elasticnet,112,0.001529598014029965,-3.867129735708822e-05
2019-08-15,1,elasticnet,112,0.0,-3.846763635111287e-05
2019-08-16,1,elasticnet,112,0.002137514173311317,-3.876618689540932e-05
2019-08-19,1,elasticnet,112,-0.001628167653869639,-3.929697886511288e-05
2019-08-20,1,elasticnet,112,0.00111964997192171,-3.94708948922295e-05
2019-08-21,1,elasticnet,112,-0.001323357448690388,-3.993674644266207e-05
2019-08-22,1,elasticnet,112,-0.005413424179670834,-3.989186683440569e-05
2019-08-23,1,elasticnet,112,0.004496226663142089,-3.911719480975456e-05
2019-08-26,1,elasticnet,112,-0.0008159935173290833,-3.937002132611287e-05
2019-08-27,1,elasticnet,112,0.002140564499110376,-3.92391371588047e-05
2019-08-28,1,elasticnet,112,0.003050022697904886,-3.939727827703328e-05
2019-08-29,1,elasticnet,112,0.004153376785628105,-3.96695798423282e-05
2019-08-30,1,elasticnet,112,0.0,-3.9433002640534825e-05
2019-09-02,1,elasticnet,112,0.0008084074813741182,-5.8448783171347307e-05
2019-09-03,1,elasticnet,112,-0.005571045049455492,-5.815874991389167e-05
2019-09-04,1,elasticnet,112,-0.0004063801742404394,-5.861004563227553e-05
2019-09-05,1,elasticnet,112,-0.0002032520332200249,-5.883921326766632e-05
2019-09-06,1,elasticnet,112,-0.00111862522469508,-5.902196439979257e-05
2019-09-09,1,elasticnet,112,0.0005086211390858963,-5.897194982657514e-05
2019-09-10,1,elasticnet,112,0.003147690064023934,-5.897179091749072e-05
2019-09-11,1,elasticnet,112,-0.003351107477255866,-5.908108202192881e-05
2019-09-12,1,elasticnet,112,-0.0005087246383306265,-5.911394834348718e-05
2019-09-13,1,elasticnet,112,0.003555649603735667,-5.923567726604053e-05
2019-09-16,1,elasticnet,112,-0.003555649603735667,-5.931279220267031e-05
2019-09-17,1,elasticnet,112,0.003048473044708011,-5.936196003462962e-05
2019-09-18,1,elasticnet,112,-0.002946707410874438,-5.906552053953758e-05
2019-09-19,1,elasticnet,112,0.002439273493251903,-5.902730814809771e-05
2019-07-26,1,elasticnet,113,0.0003060443788234224,2.3839860424305806e-05
2019-07-29,1,elasticnet,113,0.0001019939824429272,2.3839860424305806e-05
2019-07-30,1,elasticnet,113,0.004782020609981785,2.3839860424305806e-05
2019-07-31,1,elasticnet,113,-0.001523693727670583,2.3839860424305806e-05
2019-08-01,1,elasticnet,113,-0.003054370120437078,2.3839860424305806e-05
2019-08-02,1,elasticnet,113,-0.005624024231212665,2.3839860424305806e-05
2019-08-05,1,elasticnet,113,0.001127338064563332,2.3839860424305806e-05
2019-08-06,1,elasticnet,113,-0.0009222729556732645,2.3839860424305806e-05
2019-08-07,1,elasticnet,113,0.0008198401770949104,2.3839860424305806e-05
2019-08-08,1,elasticnet,113,-0.001332581817821143,2.3839860424305806e-05
2019-08-09,1,elasticnet,113,-0.001128957886625592,2.3839860424305806e-05
2019-08-12,1,elasticnet,113,0.004405970547846749,2.3839860424305806e-05
2019-08-13,1,elasticnet,113,0.001838611345325702,2.3839860424305806e-05
2019-08-14,1,elasticnet,113,0.001529598014029965,2.3839860424305806e-05
2019-08-15,1,elasticnet,113,0.0,2.3839860424305806e-05
2019-08-16,1,elasticnet,113,0.002137514173311317,2.3839860424305806e-05
2019-08-19,1,elasticnet,113,-0.001628167653869639,2.3839860424305806e-05
2019-08-20,1,elasticnet,113,0.00111964997192171,2.3839860424305806e-05
2019-08-21,1,elasticnet,113,-0.001323357448690388,2.3839860424305806e-05
2019-08-22,1,elasticnet,113,-0.005413424179670834,2.3839860424305806e-05
2019-08-23,1,elasticnet,113,0.004496226663142089,2.3839860424305806e-05
2019-08-26,1,elasticnet,113,-0.0008159935173290833,2.3839860424305806e-05
2019-08-27,1,elasticnet,113,0.002140564499110376,2.3839860424305806e-05
2019-08-28,1,elasticnet,113,0.003050022697904886,2.3839860424305806e-05
2019-08-29,1,elasticnet,113,0.004153376785628105,2.3839860424305806e-05
2019-08-30,1,elasticnet,113,0.0,2.3839860424305806e-05
2019-09-02,1,elasticnet,113,0.0008084074813741182,2.3839860424305806e-05
2019-09-03,1,elasticnet,113,-0.005571045049455492,2.3839860424305806e-05
2019-09-04,1,elasticnet,113,-0.0004063801742404394,2.3839860424305806e-05
2019-09-05,1,elasticnet,113,-0.0002032520332200249,2.3839860424305806e-05
2019-09-06,1,elasticnet,113,-0.00111862522469508,2.3839860424305806e-05
2019-09-09,1,elasticnet,113,0.0005086211390858963,2.3839860424305806e-05
2019-09-10,1,elasticnet,113,0.003147690064023934,2.3839860424305806e-05
2019-09-11,1,elasticnet,113,-0.003351107477255866,2.3839860424305806e-05
2019-09-12,1,elasticnet,113,-0.0005087246383306265,2.3839860424305806e-05
2019-09-13,1,elasticnet,113,0.003555649603735667,2.3839860424305806e-05
2019-09-16,1,elasticnet,113,-0.003555649603735667,2.3839860424305806e-05
2019-09-17,1,elasticnet,113,0.003048473044708011,2.3839860424305806e-05
2019-09-18,1,elasticnet,113,-0.002946707410874438,2.3839860424305806e-05
2019-09-19,1,elasticnet,113,0.002439273493251903,2.3839860424305806e-05
2019-09-20,1,elasticnet,113,0.0009131957410017932,2.3839860424305806e-05
2019-09-23,1,elasticnet,113,-0.002640399624795897,2.3839860424305806e-05
2019-09-24,1,elasticnet,113,0.007092946952492518,2.3839860424305806e-05
2019-09-25,1,elasticnet,113,0.0009083111085201878,2.3839860424305806e-05
2019-09-26,1,elasticnet,113,-0.0002017756261887271,2.3839860424305806e-05
2019-09-27,1,elasticnet,113,0.002720541755556916,2.3839860424305806e-05
2019-09-30,1,elasticnet,113,-0.002518766129368188,2.3839860424305806e-05
2019-10-01,1,elasticnet,113,-0.00111027011152931,2.3839860424305806e-05
2019-10-02,1,elasticnet,113,-0.001617142054463727,2.3839860424305806e-05
2019-10-03,1,elasticnet,113,-0.0005058936719413154,2.3839860424305806e-05
2019-10-04,1,elasticnet,113,0.001617959701728289,2.3839860424305806e-05
2019-10-07,1,elasticnet,113,0.001615346136206064,2.3839860424305806e-05
2019-10-08,1,elasticnet,113,-0.0001008827239195043,2.3839860424305806e-05
2019-10-09,1,elasticnet,113,-0.004246290881450676,2.3839860424305806e-05
2019-10-10,1,elasticnet,113,-0.004060919286315468,2.3839860424305806e-05
2019-10-11,1,elasticnet,113,0.001524777932013777,2.3839860424305806e-05
2019-10-14,1,elasticnet,113,-0.001626512506596178,2.3839860424305806e-05
2019-10-15,1,elasticnet,113,-0.002954813907965814,2.3839860424305806e-05
2019-10-16,1,elasticnet,113,-0.003987531483698348,2.3839860424305806e-05
2019-10-17,1,elasticnet,113,-0.003386528969016922,2.3839860424305806e-05
2019-08-23,1,elasticnet,114,0.004496226663142089,2.2615990894186412e-05
2019-08-26,1,elasticnet,114,-0.0008159935173290833,2.2615990894186412e-05
2019-08-27,1,elasticnet,114,0.002140564499110376,2.2615990894186412e-05
2019-08-28,1,elasticnet,114,0.003050022697904886,2.2615990894186412e-05
2019-08-29,1,elasticnet,114,0.004153376785628105,2.2615990894186412e-05
2019-08-30,1,elasticnet,114,0.0,2.2615990894186412e-05
2019-09-02,1,elasticnet,114,0.0008084074813741182,2.2615990894186412e-05
2019-09-03,1,elasticnet,114,-0.005571045049455492,2.2615990894186412e-05
2019-09-04,1,elasticnet,114,-0.0004063801742404394,2.2615990894186412e-05
2019-09-05,1,elasticnet,114,-0.0002032520332200249,2.2615990894186412e-05
2019-09-06,1,elasticnet,114,-0.00111862522469508,2.2615990894186412e-05
2019-09-09,1,elasticnet,114,0.0005086211390858963,2.2615990894186412e-05
2019-09-10,1,elasticnet,114,0.003147690064023934,2.2615990894186412e-05
2019-09-11,1,elasticnet,114,-0.003351107477255866,2.2615990894186412e-05
2019-09-12,1,elasticnet,114,-0.0005087246383306265,2.2615990894186412e-05
2019-09-13,1,elasticnet,114,0.003555649603735667,2.2615990894186412e-05
2019-09-16,1,elasticnet,114,-0.003555649603735667,2.2615990894186412e-05
2019-09-17,1,elasticnet,114,0.003048473044708011,2.2615990894186412e-05
2019-09-18,1,elasticnet,114,-0.002946707410874438,2.2615990894186412e-05
2019-09-19,1,elasticnet,114,0.002439273493251903,2.2615990894186412e-05
2019-09-20,1,elasticnet,114,0.0009131957410017932,2.2615990894186412e-05
2019-09-23,1,elasticnet,114,-0.002640399624795897,2.2615990894186412e-05
2019-09-24,1,elasticnet,114,0.007092946952492518,2.2615990894186412e-05
2019-09-25,1,elasticnet,114,0.0009083111085201878,2.2615990894186412e-05
2019-09-26,1,elasticnet,114,-0.0002017756261887271,2.2615990894186412e-05
2019-09-27,1,elasticnet,114,0.002720541755556916,2.2615990894186412e-05
2019-09-30,1,elasticnet,114,-0.002518766129368188,2.2615990894186412e-05
2019-10-01,1,elasticnet,114,-0.00111027011152931,2.2615990894186412e-05
2019-10-02,1,elasticnet,114,-0.001617142054463727,2.2615990894186412e-05
2019-10-03,1,elasticnet,114,-0.0005058936719413154,2.2615990894186412e-05
2019-10-04,1,elasticnet,114,0.001617959701728289,2.2615990894186412e-05
2019-10-07,1,elasticnet,114,0.001615346136206064,2.2615990894186412e-05
2019-10-08,1,elasticnet,114,-0.0001008827239195043,2.2615990894186412e-05
2019-10-09,1,elasticnet,114,-0.004246290881450676,2.2615990894186412e-05
2019-10-10,1,elasticnet,114,-0.004060919286315468,2.2615990894186412e-05
2019-10-11,1,elasticnet,114,0.001524777932013777,2.2615990894186412e-05
2019-10-14,1,elasticnet,114,-0.001626512506596178,2.2615990894186412e-05
2019-10-15,1,elasticnet,114,-0.002954813907965814,2.2615990894186412e-05
2019-10-16,1,elasticnet,114,-0.003987531483698348,2.2615990894186412e-05
2019-10-17,1,elasticnet,114,-0.003386528969016922,2.2615990894186412e-05
2019-10-18,1,elasticnet,114,0.0005138482205451211,2.2615990894186412e-05
2019-10-21,1,elasticnet,114,0.002052756545521284,2.2615990894186412e-05
2019-10-22,1,elasticnet,114,-0.0004102143427431315,2.2615990894186412e-05
2019-10-23,1,elasticnet,114,0.001435014596399498,2.2615990894186412e-05
2019-10-24,1,elasticnet,114,0.00204645523175806,2.2615990894186412e-05
2019-10-25,1,elasticnet,114,-0.000715783046052465,2.2615990894186412e-05
2019-10-28,1,elasticnet,114,-0.0007162957584343488,2.2615990894186412e-05
2019-10-29,1,elasticnet,114,-0.0004095423421626165,2.2615990894186412e-05
2019-10-30,1,elasticnet,114,-0.003076925504480243,2.2615990894186412e-05
2019-10-31,1,elasticnet,114,-0.001130582370286071,2.2615990894186412e-05
2019-11-01,1,elasticnet,114,0.002670228555879284,2.2615990894186412e-05
2019-11-04,1,elasticnet,114,0.004910998206627326,2.2615990894186412e-05
2019-11-05,1,elasticnet,114,-0.0003062318198789882,2.2615990894186412e-05
2019-11-06,1,elasticnet,114,0.00193788627120739,2.2615990894186412e-05
2019-11-07,1,elasticnet,114,0.002137514173311317,2.2615990894186412e-05
2019-11-08,1,elasticnet,114,-0.001526329474648591,2.2615990894186412e-05
2019-11-11,1,elasticnet,114,0.001119536018412859,2.2615990894186412e-05
2019-11-12,1,elasticnet,114,0.0006101281458334995,2.2615990894186412e-05
2019-11-13,1,elasticnet,114,-0.002137079122010554,2.2615990894186412e-05
2019-11-14,1,elasticnet,114,-0.001631321732083357,2.2615990894186412e-05
2019-09-20,1,elasticnet,115,0.0009131957410017932,2.5021276758456294e-05
2019-09-23,1,elasticnet,115,-0.002640399624795897,2.5021276758456294e-05
2019-09-24,1,elasticnet,115,0.007092946952492518,2.5021276758456294e-05
2019-09-25,1,elasticnet,115,0.0009083111085201878,2.5021276758456294e-05
2019-09-26,1,elasticnet,115,-0.0002017756261887271,2.5021276758456294e-05
2019-09-27,1,elasticnet,115,0.002720541755556916,2.5021276758456294e-05
2019-09-30,1,elasticnet,115,-0.002518766129368188,2.5021276758456294e-05
2019-10-01,1,elasticnet,115,-0.00111027011152931,2.5021276758456294e-05
2019-10-02,1,elasticnet,115,-0.001617142054463727,2.5021276758456294e-05
2019-10-03,1,elasticnet,115,-0.0005058936719413154,2.5021276758456294e-05
2019-10-04,1,elasticnet,115,0.001617959701728289,2.5021276758456294e-05
2019-10-07,1,elasticnet,115,0.001615346136206064,2.5021276758456294e-05
2019-10-08,1,elasticnet,115,-0.0001008827239195043,2.5021276758456294e-05
2019-10-09,1,elasticnet,115,-0.004246290881450676,2.5021276758456294e-05
2019-10-10,1,elasticnet,115,-0.004060919286315468,2.5021276758456294e-05
2019-10-11,1,elasticnet,115,0.001524777932013777,2.5021276758456294e-05
2019-10-14,1,elasticnet,115,-0.001626512506596178,2.5021276758456294e-05
2019-10-15,1,elasticnet,115,-0.002954813907965814,2.5021276758456294e-05
2019-10-16,1,elasticnet,115,-0.003987531483698348,2.5021276758456294e-05
2019-10-17,1,elasticnet,115,-0.003386528969016922,2.5021276758456294e-05
2019-10-18,1,elasticnet,115,0.0005138482205451211,2.5021276758456294e-05
2019-10-21,1,elasticnet,115,0.002052756545521284,2.5021276758456294e-05
2019-10-22,1,elasticnet,115,-0.0004102143427431315,2.5021276758456294e-05
2019-10-23,1,elasticnet,115,0.001435014596399498,2.5021276758456294e-05
2019-10-24,1,elasticnet,115,0.00204645523175806,2.5021276758456294e-05
2019-10-25,1,elasticnet,115,-0.000715783046052465,2.5021276758456294e-05
2019-10-28,1,elasticnet,115,-0.0007162957584343488,2.5021276758456294e-05
2019-10-29,1,elasticnet,115,-0.0004095423421626165,2.5021276758456294e-05
2019-10-30,1,elasticnet,115,-0.003076925504480243,2.5021276758456294e-05
2019-10-31,1,elasticnet,115,-0.001130582370286071,2.5021276758456294e-05
2019-11-01,1,elasticnet,115,0.002670228555879284,2.5021276758456294e-05
2019-11-04,1,elasticnet,115,0.004910998206627326,2.5021276758456294e-05
2019-11-05,1,elasticnet,115,-0.0003062318198789882,2.5021276758456294e-05
2019-11-06,1,elasticnet,115,0.00193788627120739,2.5021276758456294e-05
2019-11-07,1,elasticnet,115,0.002137514173311317,2.5021276758456294e-05
2019-11-08,1,elasticnet,115,-0.001526329474648591,2.5021276758456294e-05
2019-11-11,1,elasticnet,115,0.001119536018412859,2.5021276758456294e-05
2019-11-12,1,elasticnet,115,0.0006101281458334995,2.5021276758456294e-05
2019-11-13,1,elasticnet,115,-0.002137079122010554,2.5021276758456294e-05
2019-11-14,1,elasticnet,115,-0.001631321732083357,2.5021276758456294e-05
2019-11-15,1,elasticnet,115,-0.002145156346388788,2.5021276758456294e-05
2019-11-18,1,elasticnet,115,0.0007155635367936952,2.5021276758456294e-05
2019-11-19,1,elasticnet,115,0.0007150518717260468,2.5021276758456294e-05
2019-11-20,1,elasticnet,115,0.000612494915023909,2.5021276758456294e-05
2019-11-21,1,elasticnet,115,0.002853359726608495,2.5021276758456294e-05
2019-11-22,1,elasticnet,115,0.0005086728834440279,2.5021276758456294e-05
2019-11-25,1,elasticnet,115,-0.0007122145084093034,2.5021276758456294e-05
2019-11-26,1,elasticnet,115,0.001220628775295829,2.5021276758456294e-05
2019-11-27,1,elasticnet,115,0.0,2.5021276758456294e-05
2019-11-28,1,elasticnet,115,-0.001017087150330553,2.5021276758456294e-05
2019-11-29,1,elasticnet,115,-0.004180906513358451,2.5021276758456294e-05
2019-12-02,1,elasticnet,115,-0.001226994018968419,2.5021276758456294e-05
2019-12-03,1,elasticnet,115,-0.0009212345193203575,2.5021276758456294e-05
2019-12-04,1,elasticnet,115,-0.00246078253982418,2.5021276758456294e-05
2019-12-05,1,elasticnet,115,0.002972684265873049,2.5021276758456294e-05
2019-12-06,1,elasticnet,115,-0.0006143135239780051,2.5021276758456294e-05
2019-12-09,1,elasticnet,115,-0.002358370741895044,2.5021276758456294e-05
2019-12-10,1,elasticnet,115,-0.003393493924463975,2.5021276758456294e-05
2019-12-11,1,elasticnet,115,0.003290829790088878,2.5021276758456294e-05
2019-12-12,1,elasticnet,115,-0.002364188797141509,2.5021276758456294e-05
2019-10-18,1,elasticnet,116,0.0005138482205451211,2.1309608240018876e-05
2019-10-21,1,elasticnet,116,0.002052756545521284,2.1309608240018876e-05
2019-10-22,1,elasticnet,116,-0.0004102143427431315,2.1309608240018876e-05
2019-10-23,1,elasticnet,116,0.001435014596399498,2.1309608240018876e-05
2019-10-24,1,elasticnet,116,0.00204645523175806,2.1309608240018876e-05
2019-10-25,1,elasticnet,116,-0.000715783046052465,2.1309608240018876e-05
2019-10-28,1,elasticnet,116,-0.0007162957584343488,2.1309608240018876e-05
2019-10-29,1,elasticnet,116,-0.0004095423421626165,2.1309608240018876e-05
2019-10-30,1,elasticnet,116,-0.003076925504480243,2.1309608240018876e-05
2019-10-31,1,elasticnet,116,-0.001130582370286071,2.1309608240018876e-05
2019-11-01,1,elasticnet,116,0.002670228555879284,2.1309608240018876e-05
2019-11-04,1,elasticnet,116,0.004910998206627326,2.1309608240018876e-05
2019-11-05,1,elasticnet,116,-0.0003062318198789882,2.1309608240018876e-05
2019-11-06,1,elasticnet,116,0.00193788627120739,2.1309608240018876e-05
2019-11-07,1,elasticnet,116,0.002137514173311317,2.1309608240018876e-05
2019-11-08,1,elasticnet,116,-0.001526329474648591,2.1309608240018876e-05
2019-11-11,1,elasticnet,116,0.001119536018412859,2.1309608240018876e-05
2019-11-12,1,elasticnet,116,0.0006101281458334995,2.1309608240018876e-05
2019-11-13,1,elasticnet,116,-0.002137079122010554,2.1309608240018876e-05
2019-11-14,1,elasticnet,116,-0.001631321732083357,2.1309608240018876e-05
2019-11-15,1,elasticnet,116,-0.002145156346388788,2.1309608240018876e-05
2019-11-18,1,elasticnet,116,0.0007155635367936952,2.1309608240018876e-05
2019-11-19,1,elasticnet,116,0.0007150518717260468,2.1309608240018876e-05
2019-11-20,1,elasticnet,116,0.000612494915023909,2.1309608240018876e-05
2019-11-21,1,elasticnet,116,0.002853359726608495,2.1309608240018876e-05
2019-11-22,1,elasticnet,116,0.0005086728834440279,2.1309608240018876e-05
2019-11-25,1,elasticnet,116,-0.0007122145084093034,2.1309608240018876e-05
2019-11-26,1,elasticnet,116,0.001220628775295829,2.1309608240018876e-05
2019-11-27,1,elasticnet,116,0.0,2.1309608240018876e-05
2019-11-28,1,elasticnet,116,-0.001017087150330553,2.1309608240018876e-05
2019-11-29,1,elasticnet,116,-0.004180906513358451,2.1309608240018876e-05
2019-12-02,1,elasticnet,116,-0.001226994018968419,2.1309608240018876e-05
2019-12-03,1,elasticnet,116,-0.0009212345193203575,2.1309608240018876e-05
2019-12-04,1,elasticnet,116,-0.00246078253982418,2.1309608240018876e-05
2019-12-05,1,elasticnet,116,0.002972684265873049,2.1309608240018876e-05
2019-12-06,1,elasticnet,116,-0.0006143135239780051,2.1309608240018876e-05
2019-12-09,1,elasticnet,116,-0.002358370741895044,2.1309608240018876e-05
2019-12-10,1,elasticnet,116,-0.003393493924463975,2.1309608240018876e-05
2019-12-11,1,elasticnet,116,0.003290829790088878,2.1309608240018876e-05
2019-12-12,1,elasticnet,116,-0.002364188797141509,2.1309608240018876e-05
2019-12-13,1,elasticnet,116,-0.001544879034277358,2.1309608240018876e-05
2019-12-16,1,elasticnet,116,0.002059308800238746,2.1309608240018876e-05
2019-12-17,1,elasticnet,116,0.00184975903118012,2.1309608240018876e-05
2019-12-18,1,elasticnet,116,-0.0002053598939344425,2.1309608240018876e-05
2019-12-19,1,elasticnet,116,0.003178348910296336,2.1309608240018876e-05
2019-12-20,1,elasticnet,116,-0.0003071410313371103,2.1309608240018876e-05
2019-12-23,1,elasticnet,116,-0.0001024013108255062,2.1309608240018876e-05
2019-12-24,1,elasticnet,116,0.0,2.1309608240018876e-05
2019-12-25,1,elasticnet,116,-0.001229634338764996,2.1309608240018876e-05
2019-12-26,1,elasticnet,116,-0.006274127035598376,2.1309608240018876e-05
2019-12-27,1,elasticnet,116,-0.001858928553487793,2.1309608240018876e-05
2019-12-30,1,elasticnet,116,-0.003624505598960326,2.1309608240018876e-05
2019-12-31,1,elasticnet,116,0.0,2.1309608240018876e-05
2020-01-01,1,elasticnet,116,0.004760928057128133,2.1309608240018876e-05
2020-01-02,1,elasticnet,116,-0.0001032577831470149,2.1309608240018876e-05
2020-01-03,1,elasticnet,116,-0.001757015593343958,2.1309608240018876e-05
2020-01-06,1,elasticnet,116,0.003407862026868713,2.1309608240018876e-05
2020-01-07,1,elasticnet,116,0.003088010688576226,2.1309608240018876e-05
2020-01-08,1,elasticnet,116,0.001540436761611197,2.1309608240018876e-05
2020-01-09,1,elasticnet,116,-0.00092397727429816,2.1309608240018876e-05
2019-11-15,1,elasticnet,117,-0.002145156346388788,2.3272282897621944e-05
2019-11-18,1,elasticnet,117,0.0007155635367936952,2.3272282897621944e-05
2019-11-19,1,elasticnet,117,0.0007150518717260468,2.3272282897621944e-05
2019-11-20,1,elasticnet,117,0.000612494915023909,2.3272282897621944e-05
2019-11-21,1,elasticnet,117,0.002853359726608495,2.3272282897621944e-05
2019-11-22,1,elasticnet,117,0.0005086728834440279,2.3272282897621944e-05
2019-11-25,1,elasticnet,117,-0.0007122145084093034,2.3272282897621944e-05
2019-11-26,1,elasticnet,117,0.001220628775295829,2.3272282897621944e-05
2019-11-27,1,elasticnet,117,0.0,2.3272282897621944e-05
2019-11-28,1,elasticnet,117,-0.001017087150330553,2.3272282897621944e-05
2019-11-29,1,elasticnet,117,-0.004180906513358451,2.3272282897621944e-05
2019-12-02,1,elasticnet,117,-0.001226994018968419,2.3272282897621944e-05
2019-12-03,1,elasticnet,117,-0.0009212345193203575,2.3272282897621944e-05
2019-12-04,1,elasticnet,117,-0.00246078253982418,2.3272282897621944e-05
2019-12-05,1,elasticnet,117,0.002972684265873049,2.3272282897621944e-05
2019-12-06,1,elasticnet,117,-0.0006143135239780051,2.3272282897621944e-05
2019-12-09,1,elasticnet,117,-0.002358370741895044,2.3272282897621944e-05
2019-12-10,1,elasticnet,117,-0.003393493924463975,2.3272282897621944e-05
2019-12-11,1,elasticnet,117,0.003290829790088878,2.3272282897621944e-05
2019-12-12,1,elasticnet,117,-0.002364188797141509,2.3272282897621944e-05
2019-12-13,1,elasticnet,117,-0.001544879034277358,2.3272282897621944e-05
2019-12-16,1,elasticnet,117,0.002059308800238746,2.3272282897621944e-05
2019-12-17,1,elasticnet,117,0.00184975903118012,2.3272282897621944e-05
2019-12-18,1,elasticnet,117,-0.0002053598939344425,2.3272282897621944e-05
2019-12-19,1,elasticnet,117,0.003178348910296336,2.3272282897621944e-05
2019-12-20,1,elasticnet,117,-0.0003071410313371103,2.3272282897621944e-05
2019-12-23,1,elasticnet,117,-0.0001024013108255062,2.3272282897621944e-05
2019-12-24,1,elasticnet,117,0.0,2.3272282897621944e-05
2019-12-25,1,elasticnet,117,-0.001229634338764996,2.3272282897621944e-05
2019-12-26,1,elasticnet,117,-0.006274127035598376,2.3272282897621944e-05
2019-12-27,1,elasticnet,117,-0.001858928553487793,2.3272282897621944e-05
2019-12-30,1,elasticnet,117,-0.003624505598960326,2.3272282897621944e-05
2019-12-31,1,elasticnet,117,0.0,2.3272282897621944e-05
2020-01-01,1,elasticnet,117,0.004760928057128133,2.3272282897621944e-05
2020-01-02,1,elasticnet,117,-0.0001032577831470149,2.3272282897621944e-05
2020-01-03,1,elasticnet,117,-0.001757015593343958,2.3272282897621944e-05
2020-01-06,1,elasticnet,117,0.003407862026868713,2.3272282897621944e-05
2020-01-07,1,elasticnet,117,0.003088010688576226,2.3272282897621944e-05
2020-01-08,1,elasticnet,117,0.001540436761611197,2.3272282897621944e-05
2020-01-09,1,elasticnet,117,-0.00092397727429816,2.3272282897621944e-05
2020-01-10,1,elasticnet,117,-0.0002054442739636286,2.3272282897621944e-05
2020-01-13,1,elasticnet,117,0.0003081505853561595,2.3272282897621944e-05
2020-01-14,1,elasticnet,117,-0.001438849169098866,2.3272282897621944e-05
2020-01-15,1,elasticnet,117,0.0009252120937564001,2.3272282897621944e-05
2020-01-16,1,elasticnet,117,0.003282727609437153,2.3272282897621944e-05
2020-01-17,1,elasticnet,117,-0.0003072983378853422,2.3272282897621944e-05
2020-01-20,1,elasticnet,117,-0.0008199242029505172,2.3272282897621944e-05
2020-01-21,1,elasticnet,117,0.0,2.3272282897621944e-05
2020-01-22,1,elasticnet,117,0.001639176680927612,2.3272282897621944e-05
2020-01-23,1,elasticnet,117,0.001636494177233772,2.3272282897621944e-05
2020-01-24,1,elasticnet,117,0.001123538241881938,2.3272282897621944e-05
2020-01-27,1,elasticnet,117,0.0006123073974348969,2.3272282897621944e-05
2020-01-28,1,elasticnet,117,-0.000306106833674491,2.3272282897621944e-05
2020-01-29,1,elasticnet,117,-0.001225365209998941,2.3272282897621944e-05
2020-01-30,1,elasticnet,117,-0.004916531464620455,2.3272282897621944e-05
2020-01-31,1,elasticnet,117,0.004201041067664057,2.3272282897621944e-05
2020-02-03,1,elasticnet,117,0.001634655043194932,2.3272282897621944e-05
2020-02-04,1,elasticnet,117,0.003464795069153759,2.3272282897621944e-05
2020-02-05,1,elasticnet,117,0.002032521024922573,2.3272282897621944e-05
2020-02-06,1,elasticnet,117,0.001825743483112596,2.3272282897621944e-05
2019-12-13,1,elasticnet,118,-0.001544879034277358,-3.0388535260922226e-05
2019-12-16,1,elasticnet,118,0.002059308800238746,-3.0487971935581945e-05
2019-12-17,1,elasticnet,118,0.00184975903118012,-3.0469424970134423e-05
2019-12-18,1,elasticnet,118,-0.0002053598939344425,-3.0389321760395776e-05
2019-12-19,1,elasticnet,118,0.003178348910296336,-3.043194813084434e-05
2019-12-20,1,elasticnet,118,-0.0003071410313371103,-3.043898526073935e-05
2019-12-23,1,elasticnet,118,-0.0001024013108255062,-3.04104331500808e-05
2019-12-24,1,elasticnet,118,0.0,-3.040769074326511e-05
2019-12-25,1,elasticnet,118,-0.001229634338764996,-3.04130865656074e-05
2019-12-26,1,elasticnet,118,-0.006274127035598376,-3.0408005343054528e-05
2019-12-27,1,elasticnet,118,-0.001858928553487793,-3.0232062673551026e-05
2019-12-30,1,elasticnet,118,-0.003624505598960326,-2.9918823581702684e-05
2019-12-31,1,elasticnet,118,0.0,-3.014921705699669e-05
2020-01-01,1,elasticnet,118,0.004760928057128133,-1.5803860894321953e-05
2020-01-02,1,elasticnet,118,-0.0001032577831470149,-1.601871678485141e-05
2020-01-03,1,elasticnet,118,-0.001757015593343958,-1.5692169250003127e-05
2020-01-06,1,elasticnet,118,0.003407862026868713,-1.575779460887324e-05
2020-01-07,1,elasticnet,118,0.003088010688576226,-1.5792911949742664e-05
2020-01-08,1,elasticnet,118,0.001540436761611197,-1.5846822547243415e-05
2020-01-09,1,elasticnet,118,-0.00092397727429816,-1.601941429303587e-05
2020-01-10,1,elasticnet,118,-0.0002054442739636286,-1.60101066560093e-05
2020-01-13,1,elasticnet,118,0.0003081505853561595,-1.610381222585383e-05
2020-01-14,1,elasticnet,118,-0.001438849169098866,-1.6104509734038287e-05
2020-01-15,1,elasticnet,118,0.0009252120937564001,-1.609324618966958e-05
2020-01-16,1,elasticnet,118,0.003282727609437153,-1.6094819188616683e-05
2020-01-17,1,elasticnet,118,-0.0003072983378853422,-1.614144636503862e-05
2020-01-20,1,elasticnet,118,-0.0008199242029505172,-1.6137849150143763e-05
2020-01-21,1,elasticnet,118,0.0,-1.5985760277140974e-05
2020-01-22,1,elasticnet,118,0.001639176680927612,-1.5970427618193274e-05
2020-01-23,1,elasticnet,118,0.001636494177233772,-1.5960333481693153e-05
2020-01-24,1,elasticnet,118,0.001123538241881938,-1.5606334935449292e-05
2020-01-27,1,elasticnet,118,0.0006123073974348969,-1.4915496052595351e-05
2020-01-28,1,elasticnet,118,-0.000306106833674491,-1.5343661777945823e-05
2020-01-29,1,elasticnet,118,-0.001225365209998941,-1.5304160722707988e-05
2020-01-30,1,elasticnet,118,-0.004916531464620455,-1.5492782635632595e-05
2020-01-31,1,elasticnet,118,0.004201041067664057,-1.4810574564304248e-05
2020-02-03,1,elasticnet,118,0.001634655043194932,-1.4440585594643964e-05
2020-02-04,1,elasticnet,118,0.003464795069153759,-1.4807126767097696e-05
2020-02-05,1,elasticnet,118,0.002032521024922573,-1.4961575138521143e-05
2020-02-06,1,elasticnet,118,0.001825743483112596,-1.5020320667390958e-05
2020-02-07,1,elasticnet,118,0.00151891072693644,-1.490258331846752e-05
2020-02-10,1,elasticnet,118,-0.001113642231014289,-1.4990284549074401e-05
2020-02-11,1,elasticnet,118,0.003337212987482019,-1.4986283743101025e-05
2020-02-12,1,elasticnet,118,0.0002018978403786065,-1.5264337185474327e-05
2020-02-13,1,elasticnet,118,0.0005045663359481978,-1.5202131058920885e-05
2020-02-14,1,elasticnet,118,-0.001211387186296875,-1.527607262952717e-05
2020-02-17,1,elasticnet,118,0.004434597067866086,-1.527607262952717e-05
2020-02-18,1,elasticnet,118,0.002711525638245504,-1.5051143285181069e-05
2020-02-19,1,elasticnet,118,0.001503232231761409,-1.5142756330472228e-05
2020-02-20,1,elasticnet,118,-0.006026534913168291,-1.4911959264099706e-05
2020-02-21,1,elasticnet,118,0.001006948025874088,-1.4578689199145835e-05
2020-02-24,1,elasticnet,118,-0.003932844276568481,-1.3003958180222802e-05
2020-02-25,1,elasticnet,118,0.0003030762259896846,-1.2421815983133013e-05
2020-02-26,1,elasticnet,118,-0.004961784267002223,-1.2455155399238493e-05
2020-02-27,1,elasticnet,118,-0.003864935649185774,-1.0071192005720587e-05
2020-02-28,1,elasticnet,118,-0.00787768153912971,-9.581416149601685e-06
2020-03-02,1,elasticnet,118,-0.002159272855823069,-2.0187315855891638e-05
2020-03-03,1,elasticnet,118,0.00195382858185944,-1.9133808150919247e-05
2020-03-04,1,elasticnet,118,-0.005356419893760567,-1.963425535765776e-05
2020-03-05,1,elasticnet,118,-0.009026362057839243,-1.799621085236314e-05
2020-01-10,1,elasticnet,119,-0.0002054442739636286,-1.4918111948405378e-05
2020-01-13,1,elasticnet,119,0.0003081505853561595,-1.49994482380191e-05
2020-01-14,1,elasticnet,119,-0.001438849169098866,-1.4996569040055487e-05
2020-01-15,1,elasticnet,119,0.0009252120937564001,-1.4986736397754954e-05
2020-01-16,1,elasticnet,119,0.003282727609437153,-1.4992760359995447e-05
2020-01-17,1,elasticnet,119,-0.0003072983378853422,-1.503811489143807e-05
2020-01-20,1,elasticnet,119,-0.0008199242029505172,-1.503543974022861e-05
2020-01-21,1,elasticnet,119,0.0,-1.488592912625591e-05
2020-01-22,1,elasticnet,119,0.001639176680927612,-1.4871614144073769e-05
2020-01-23,1,elasticnet,119,0.001636494177233772,-1.486070949248177e-05
2020-01-24,1,elasticnet,119,0.001123538241881938,-1.4520754553416246e-05
2020-01-27,1,elasticnet,119,0.0006123073974348969,-1.3828848526324925e-05
2020-01-28,1,elasticnet,119,-0.000306106833674491,-1.424191999866004e-05
2020-01-29,1,elasticnet,119,-0.001225365209998941,-1.4207204552496148e-05
2020-01-30,1,elasticnet,119,-0.004916531464620455,-1.4391165046319471e-05
2020-01-31,1,elasticnet,119,0.004201041067664057,-1.3721210849607186e-05
2020-02-03,1,elasticnet,119,0.001634655043194932,-1.342267974091702e-05
2020-02-04,1,elasticnet,119,0.003464795069153759,-1.3788466454019139e-05
2020-02-05,1,elasticnet,119,0.002032521024922573,-1.3947013011352575e-05
2020-02-06,1,elasticnet,119,0.001825743483112596,-1.3999923383356166e-05
2020-02-07,1,elasticnet,119,0.00151891072693644,-1.3887609064041075e-05
2020-02-10,1,elasticnet,119,-0.001113642231014289,-1.397370300388808e-05
2020-02-11,1,elasticnet,119,0.003337212987482019,-1.3963931881146659e-05
2020-02-12,1,elasticnet,119,0.0002018978403786065,-1.424061267328153e-05
2020-02-13,1,elasticnet,119,0.0005045663359481978,-1.4174449584348855e-05
2020-02-14,1,elasticnet,119,-0.001211387186296875,-1.4252252504254209e-05
2020-02-17,1,elasticnet,119,0.004434597067866086,-1.4252252504254209e-05
2020-02-18,1,elasticnet,119,0.002711525638245504,-1.4029155743944502e-05
2020-02-19,1,elasticnet,119,0.001503232231761409,-1.4119129627449066e-05
2020-02-20,1,elasticnet,119,-0.006026534913168291,-1.3890212951653016e-05
2020-02-21,1,elasticnet,119,0.001006948025874088,-1.356858572158383e-05
2020-02-24,1,elasticnet,119,-0.003932844276568481,-1.2011594786051632e-05
2020-02-25,1,elasticnet,119,0.0003030762259896846,-1.1441783945055228e-05
2020-02-26,1,elasticnet,119,-0.004961784267002223,-1.1480654645228351e-05
2020-02-27,1,elasticnet,119,-0.003864935649185774,-9.144682485140694e-06
2020-02-28,1,elasticnet,119,-0.00787768153912971,-8.734334884207077e-06
2020-03-02,1,elasticnet,119,-0.002159272855823069,-1.9333922015451444e-05
2020-03-03,1,elasticnet,119,0.00195382858185944,-1.8385415263044364e-05
2020-03-04,1,elasticnet,119,-0.005356419893760567,-1.8992040481976624e-05
2020-03-05,1,elasticnet,119,-0.009026362057839243,-1.7403498352634234e-05
2020-03-06,1,elasticnet,119,-0.01110889646804125,-1.6752788547647635e-05
2020-03-09,1,elasticnet,119,0.0158916046906219,-1.4200886862379744e-05
2020-03-10,1,elasticnet,119,0.00103669924275529,-1.5647422442789704e-05
2020-03-11,1,elasticnet,119,0.009898008430074157,-1.4377741640632704e-05
2020-03-12,1,elasticnet,119,0.01304676543211247,-1.005010181624789e-05
2020-03-13,1,elasticnet,119,-0.006909894377002068,-1.3403995766374664e-05
2020-03-16,1,elasticnet,119,0.01517940499576387,-8.510334292976674e-06
2020-03-17,1,elasticnet,119,0.0158425074017714,-9.805571558818596e-06
2020-03-18,1,elasticnet,119,0.01559543157457988,-9.449348866375083e-06
2020-03-19,1,elasticnet,119,0.00068103325101454,-1.0370152081185634e-05
2020-03-20,1,elasticnet,119,-0.0032146537838873,-1.1492935901020288e-05
2020-03-23,1,elasticnet,119,-0.004400339569860634,-1.2345522759989577e-05
2020-03-24,1,elasticnet,119,-0.009749449423980927,-1.2327327834149875e-05
2020-03-25,1,elasticnet,119,-0.01696647485180414,-1.1786033662437934e-05
2020-03-26,1,elasticnet,119,-0.0100147516498339,-1.2373038683580094e-05
2020-03-27,1,elasticnet,119,0.008302163712995636,-1.1559170253550484e-05
2020-03-30,1,elasticnet,119,-0.001311607916427704,-1.32512142936782e-05
2020-03-31,1,elasticnet,119,0.006239955834804967,-1.4043632793840081e-05
2020-04-01,1,elasticnet,119,0.00510383895010591,-1.526076480025243e-05
2020-04-02,1,elasticnet,119,0.003984862814347956,-1.6483274138256252e-05
2020-02-07,1,elasticnet,120,0.00151891072693644,-9.002047381073887e-06
2020-02-10,1,elasticnet,120,-0.001113642231014289,-9.081931737153584e-06
2020-02-11,1,elasticnet,120,0.003337212987482019,-9.064798395927546e-06
2020-02-12,1,elasticnet,120,0.0002018978403786065,-9.326663169742708e-06
2020-02-13,1,elasticnet,120,0.0005045663359481978,-9.258235873921491e-06
2020-02-14,1,elasticnet,120,-0.001211387186296875,-9.337628382466604e-06
2020-02-17,1,elasticnet,120,0.004434597067866086,-9.337628382466604e-06
2020-02-18,1,elasticnet,120,0.002711525638245504,-9.12746180525854e-06
2020-02-19,1,elasticnet,120,0.001503232231761409,-9.211001232246202e-06
2020-02-20,1,elasticnet,120,-0.006026534913168291,-8.995352048676186e-06
2020-02-21,1,elasticnet,120,0.001006948025874088,-8.704563344086545e-06
2020-02-24,1,elasticnet,120,-0.003932844276568481,-7.244520834598598e-06
2020-02-25,1,elasticnet,120,0.0003030762259896846,-6.718103018328774e-06
2020-02-26,1,elasticnet,120,-0.004961784267002223,-6.7626493913645625e-06
2020-02-27,1,elasticnet,120,-0.003864935649185774,-4.601097654874637e-06
2020-02-28,1,elasticnet,120,-0.00787768153912971,-4.317603770059793e-06
2020-03-02,1,elasticnet,120,-0.002159272855823069,-1.4978610307875272e-05
2020-03-03,1,elasticnet,120,0.00195382858185944,-1.421681244521169e-05
2020-03-04,1,elasticnet,120,-0.005356419893760567,-1.4938921122020777e-05
2020-03-05,1,elasticnet,120,-0.009026362057839243,-1.3491848142515614e-05
2020-03-06,1,elasticnet,120,-0.01110889646804125,-1.297033505031006e-05
2020-03-09,1,elasticnet,120,0.0158916046906219,-1.0622445410235808e-05
2020-03-10,1,elasticnet,120,0.00103669924275529,-1.1958917923793792e-05
2020-03-11,1,elasticnet,120,0.009898008430074157,-1.0757945850398562e-05
2020-03-12,1,elasticnet,120,0.01304676543211247,-6.746384137781378e-06
2020-03-13,1,elasticnet,120,-0.006909894377002068,-9.936998223868034e-06
2020-03-16,1,elasticnet,120,0.01517940499576387,-5.359286298967702e-06
2020-03-17,1,elasticnet,120,0.0158425074017714,-6.5886028500801605e-06
2020-03-18,1,elasticnet,120,0.01559543157457988,-6.367684769073644e-06
2020-03-19,1,elasticnet,120,0.00068103325101454,-7.208895174602182e-06
2020-03-20,1,elasticnet,120,-0.0032146537838873,-8.281852160695924e-06
2020-03-23,1,elasticnet,120,-0.004400339569860634,-9.089904111484766e-06
2020-03-24,1,elasticnet,120,-0.009749449423980927,-9.073983496294485e-06
2020-03-25,1,elasticnet,120,-0.01696647485180414,-8.609193145124794e-06
2020-03-26,1,elasticnet,120,-0.0100147516498339,-9.155467927621143e-06
2020-03-27,1,elasticnet,120,0.008302163712995636,-8.358275120473258e-06
2020-03-30,1,elasticnet,120,-0.001311607916427704,-9.92907641415301e-06
2020-03-31,1,elasticnet,120,0.006239955834804967,-1.062738706142063e-05
2020-04-01,1,elasticnet,120,0.00510383895010591,-1.1829127873282446e-05
2020-04-02,1,elasticnet,120,0.003984862814347956,-1.2967365824624723e-05
2020-04-03,1,elasticnet,120,0.0009937395232961777,-1.3724984554003913e-05
2020-04-06,1,elasticnet,120,-0.007777484612606855,-1.400877975326687e-05
2020-04-07,1,elasticnet,120,0.002199780909065474,-1.377186720282897e-05
2020-04-08,1,elasticnet,120,-0.006010837572704375,-1.4415299537315406e-05
2020-04-09,1,elasticnet,120,0.0,-1.4747031793194552e-05
2020-04-10,1,elasticnet,120,-0.001709659993043289,-1.4747031793194552e-05
2020-04-13,1,elasticnet,120,-0.0046408477159261,-1.4835157736997662e-05
2020-04-14,1,elasticnet,120,0.005747432004692854,-1.5443393513884107e-05
2020-04-15,1,elasticnet,120,0.005714587710496488,-1.484735413931759e-05
2020-04-16,1,elasticnet,120,-0.002502378564197549,-1.4974262569666267e-05
2020-04-17,1,elasticnet,120,0.001802343533859663,-1.531750570572515e-05
2020-04-20,1,elasticnet,120,0.002996705868605787,-1.4264511754940871e-05
2020-04-21,1,elasticnet,120,0.00129578886807824,-1.3980962479445205e-05
2020-04-22,1,elasticnet,120,0.0003983667018125914,-1.4604556311265393e-05
2020-04-23,1,elasticnet,120,-0.0004979831784606148,-1.4717459267400431e-05
2020-04-24,1,elasticnet,120,-0.003392878217368889,-1.5721918244950997e-05
2020-04-27,1,elasticnet,120,-0.001800900936955507,-1.6199186278568883e-05
2020-04-28,1,elasticnet,120,-0.002908290672469782,-1.6142813959623676e-05
2020-04-29,1,elasticnet,120,-0.005539064466716148,-1.6567206426959696e-05
2020-04-30,1,elasticnet,120,0.000605754687882154,-1.603681690329265e-05
2020-03-06,1,elasticnet,121,-0.01110889646804125,9.305219948192705e-06
2020-03-09,1,elasticnet,121,0.0158916046906219,9.407707362716058e-06
2020-03-10,1,elasticnet,121,0.00103669924275529,9.359805636362753e-06
2020-03-11,1,elasticnet,121,0.009898008430074157,9.350893687273765e-06
2020-03-12,1,elasticnet,121,0.01304676543211247,9.470091006338967e-06
2020-03-13,1,elasticnet,121,-0.006909894377002068,9.52690468178126e-06
2020-03-16,1,elasticnet,121,0.01517940499576387,9.5859463444958e-06
2020-03-17,1,elasticnet,121,0.0158425074017714,9.60265624903765e-06
2020-03-18,1,elasticnet,121,0.01559543157457988,9.812087052628847e-06
2020-03-19,1,elasticnet,121,0.00068103325101454,9.764185326275542e-06
2020-03-20,1,elasticnet,121,-0.0032146537838873,9.792035167178626e-06
2020-03-23,1,elasticnet,121,-0.004400339569860634,9.800947116267613e-06
2020-03-24,1,elasticnet,121,-0.009749449423980927,9.80317510353986e-06
2020-03-25,1,elasticnet,121,-0.01696647485180414,9.88561063261299e-06
2020-03-26,1,elasticnet,121,-0.0100147516498339,9.873356702615633e-06
2020-03-27,1,elasticnet,121,0.008302163712995636,9.817657020809463e-06
2020-03-30,1,elasticnet,121,-0.001311607916427704,9.775325262636775e-06
2020-03-31,1,elasticnet,121,0.006239955834804967,9.687319765383027e-06
2020-04-01,1,elasticnet,121,0.00510383895010591,8.565652912738164e-06
2020-04-02,1,elasticnet,121,0.003984862814347956,8.541145052743449e-06
2020-04-03,1,elasticnet,121,0.0009937395232961777,8.530005116382215e-06
2020-04-06,1,elasticnet,121,-0.007777484612606855,8.532233103654462e-06
2020-04-07,1,elasticnet,121,0.002199780909065474,8.480989396392787e-06
2020-04-08,1,elasticnet,121,-0.006010837572704375,8.427517701858864e-06
2020-04-09,1,elasticnet,121,0.0,8.385185943686176e-06
2020-04-10,1,elasticnet,121,-0.001709659993043289,8.385185943686176e-06
2020-04-13,1,elasticnet,121,-0.0046408477159261,8.390755911866792e-06
2020-04-14,1,elasticnet,121,0.005747432004692854,8.41637776549763e-06
2020-04-15,1,elasticnet,121,0.005714587710496488,8.473191440939924e-06
2020-04-16,1,elasticnet,121,-0.002502378564197549,8.484331377301158e-06
2020-04-17,1,elasticnet,121,0.001802343533859663,8.509953230931994e-06
2020-04-20,1,elasticnet,121,0.002996705868605787,8.535575084562833e-06
2020-04-21,1,elasticnet,121,0.00129578886807824,8.526663135473846e-06
2020-04-22,1,elasticnet,121,0.0003983667018125914,8.532233103654462e-06
2020-04-23,1,elasticnet,121,-0.0004979831784606148,8.526663135473846e-06
2020-04-24,1,elasticnet,121,-0.003392878217368889,8.512181218204242e-06
2020-04-27,1,elasticnet,121,-0.001800900936955507,8.521093167293228e-06
2020-04-28,1,elasticnet,121,-0.002908290672469782,8.530005116382215e-06
2020-04-29,1,elasticnet,121,-0.005539064466716148,8.535575084562833e-06
2020-04-30,1,elasticnet,121,0.000605754687882154,8.530005116382215e-06
2020-05-01,1,elasticnet,121,0.004029014314045121,-1.018652144070548e-05
2020-05-04,1,elasticnet,121,0.002309353905497247,-1.0180951472524864e-05
2020-05-05,1,elasticnet,121,0.003803808390226315,-1.0201003357975084e-05
2020-05-06,1,elasticnet,121,-0.002000200686869569,-1.0197661377066714e-05
2020-05-07,1,elasticnet,121,-0.001603046130281172,-1.0183179459797109e-05
2020-05-08,1,elasticnet,121,0.005100776174035815,-1.0195433389794467e-05
2020-05-11,1,elasticnet,121,-0.003097369714114784,-1.0197661377066714e-05
2020-05-12,1,elasticnet,121,0.003097369714114784,-1.0214371281608564e-05
2020-05-13,1,elasticnet,121,0.002291864886410089,-1.0201003357975084e-05
2020-05-14,1,elasticnet,121,-0.0006969682165935964,-1.0201003357975084e-05
2020-05-15,1,elasticnet,121,-0.007297478278264435,-1.020323134524733e-05
2020-05-18,1,elasticnet,121,-0.003014471736093149,-1.0201003357975084e-05
2020-05-19,1,elasticnet,121,-0.002519019922385013,-1.0208801313427948e-05
2020-05-20,1,elasticnet,121,0.002519019922385013,-1.020323134524733e-05
2020-05-21,1,elasticnet,121,0.004918947829191112,-1.0201003357975084e-05
2020-05-22,1,elasticnet,121,0.0,-1.0201003357975084e-05
2020-05-25,1,elasticnet,121,-0.009558859320713431,-1.0201003357975084e-05
2020-05-26,1,elasticnet,121,0.00151538140834262,-1.0208801313427948e-05
2020-05-27,1,elasticnet,121,-0.006888195792898344,-1.0223283230697552e-05
2020-05-28,1,elasticnet,121,-0.0004066693834001711,-1.023219517978654e-05
2020-04-03,1,elasticnet,122,0.0009937395232961777,-0.00011344176616452744
2020-04-06,1,elasticnet,122,-0.007777484612606855,-0.0001147985040079406
2020-04-07,1,elasticnet,122,0.002199780909065474,-0.0001135287365391052
2020-04-08,1,elasticnet,122,-0.006010837572704375,-0.00011644224408746042
2020-04-09,1,elasticnet,122,0.0,-0.00011790334638036692
2020-04-10,1,elasticnet,122,-0.001709659993043289,-0.00011790334638036692
2020-04-13,1,elasticnet,122,-0.0046408477159261,-0.00011833819825325576
2020-04-14,1,elasticnet,122,0.005747432004692854,-0.00012130388802635765
2020-04-15,1,elasticnet,122,0.005714587710496488,-0.00011862520048936239
2020-04-16,1,elasticnet,122,-0.002502378564197549,-0.0001192600842237801
2020-04-17,1,elasticnet,122,0.001802343533859663,-0.00012096470356550435
2020-04-20,1,elasticnet,122,0.002996705868605787,-0.00011602478628948713
2020-04-21,1,elasticnet,122,0.00129578886807824,-0.00011465065437115841
2020-04-22,1,elasticnet,122,0.0003983667018125914,-0.00011763373821917586
2020-04-23,1,elasticnet,122,-0.0004979831784606148,-0.00011815556046664244
2020-04-24,1,elasticnet,122,-0.003392878217368889,-0.0001228954458811308
2020-04-27,1,elasticnet,122,-0.001800900936955507,-0.00012519146376998387
2020-04-28,1,elasticnet,122,-0.002908290672469782,-0.00012494794672116612
2020-04-29,1,elasticnet,122,-0.005539064466716148,-0.00012698305348628588
2020-04-30,1,elasticnet,122,0.000605754687882154,-0.00012444351854861506
2020-05-01,1,elasticnet,122,0.004029014314045121,-0.00014175010769652827
2020-05-04,1,elasticnet,122,0.002309353905497247,-0.00014281114626637703
2020-05-05,1,elasticnet,122,0.003803808390226315,-0.00014486364710641236
2020-05-06,1,elasticnet,122,-0.002000200686869569,-0.00014442009819606576
2020-05-07,1,elasticnet,122,-0.001603046130281172,-0.00014675090423474992
2020-05-08,1,elasticnet,122,0.005100776174035815,-0.00014976007919514068
2020-05-11,1,elasticnet,122,-0.003097369714114784,-0.00015011665773090953
2020-05-12,1,elasticnet,122,0.003097369714114784,-0.00014535937824150565
2020-05-13,1,elasticnet,122,0.002291864886410089,-0.00014341124185096363
2020-05-14,1,elasticnet,122,-0.0006969682165935964,-0.00014573335085219004
2020-05-15,1,elasticnet,122,-0.007297478278264435,-0.00014635953754914998
2020-05-18,1,elasticnet,122,-0.003014471736093149,-0.00014861207025071416
2020-05-19,1,elasticnet,122,-0.002519019922385013,-0.00014754233464340762
2020-05-20,1,elasticnet,122,0.002519019922385013,-0.0001497513821576829
2020-05-21,1,elasticnet,122,0.004918947829191112,-0.00014841203838918528
2020-05-22,1,elasticnet,122,0.0,-0.00014960353252090072
2020-05-25,1,elasticnet,122,-0.009558859320713431,-0.00014960353252090072
2020-05-26,1,elasticnet,122,0.00151538140834262,-0.00014973398808276736
2020-05-27,1,elasticnet,122,-0.006888195792898344,-0.00015007317254362064
2020-05-28,1,elasticnet,122,-0.0004066693834001711,-0.0001492295599102163
2020-05-29,1,elasticnet,122,-0.005199583514455597,-0.0001501688399556562
2020-06-01,1,elasticnet,122,-0.001636829009951768,-0.000154507864708889
2020-06-02,1,elasticnet,122,-0.004001031241529063,-0.00015571675291552
2020-06-03,1,elasticnet,122,-0.006186862382574709,-0.00015674300333553764
2020-06-04,1,elasticnet,122,0.002685674581947239,-0.000156612547773671
2020-06-05,1,elasticnet,122,-0.003306471290969171,-0.0001577344656057242
2020-06-08,1,elasticnet,122,-0.003109777565749816,-0.000156612547773671
2020-06-09,1,elasticnet,122,-0.003744543589016658,-0.00015508186918110228
2020-06-10,1,elasticnet,122,0.007992154222962178,-0.00015508186918110228
2020-06-11,1,elasticnet,122,0.006080925720866048,-0.00014358438566192138
2020-06-12,1,elasticnet,122,-0.006287708186450303,-0.00014767199326707646
2020-06-15,1,elasticnet,122,0.002581712592132135,-0.00014914179259744074
2020-06-16,1,elasticnet,122,0.002060581812967754,-0.00014977667633185845
2020-06-17,1,elasticnet,122,0.002672424244424931,-0.00014995061708101399
2020-06-18,1,elasticnet,122,0.002050862080604787,-0.00015041156006627616
2020-06-19,1,elasticnet,122,-0.00595912582320679,-0.0001485156059004808
2020-06-22,1,elasticnet,122,-0.004027058981455056,-0.00015142911344883604
2020-06-23,1,elasticnet,122,0.005159970169109407,-0.0001517769949471471
2020-06-24,1,elasticnet,122,0.002877995613800977,-0.00014962882669507623
2020-06-25,1,elasticnet,122,0.0,-0.00015103774676323607
2020-05-01,1,elasticnet,123,0.004029014314045121,-0.00012711908318045688
2020-05-04,1,elasticnet,123,0.002309353905497247,-0.00012803151367901512
2020-05-05,1,elasticnet,123,0.003803808390226315,-0.00012979654316802938
2020-05-06,1,elasticnet,123,-0.002000200686869569,-0.000129415117303878
2020-05-07,1,elasticnet,123,-0.001603046130281172,-0.000131419472825301
2020-05-08,1,elasticnet,123,0.005100776174035815,-0.00013400718555072022
2020-05-11,1,elasticnet,123,-0.003097369714114784,-0.0001343138220297439
2020-05-12,1,elasticnet,123,0.003097369714114784,-0.0001302228426632574
2020-05-13,1,elasticnet,123,0.002291864886410089,-0.0001285475604363964
2020-05-14,1,elasticnet,123,-0.0006969682165935964,-0.0001305444370193066
2020-05-15,1,elasticnet,123,-0.007297478278264435,-0.00013108292059222623
2020-05-18,1,elasticnet,123,-0.003014471736093149,-0.00013301996566703427
2020-05-19,1,elasticnet,123,-0.002519019922385013,-0.00013210005622996327
2020-05-20,1,elasticnet,123,0.002519019922385013,-0.00013399970661220746
2020-05-21,1,elasticnet,123,0.004918947829191112,-0.0001328479500812405
2020-05-22,1,elasticnet,123,0.0,-0.0001338725646574903
2020-05-25,1,elasticnet,123,-0.009558859320713431,-0.0001338725646574903
2020-05-26,1,elasticnet,123,0.00151538140834262,-0.0001339847487351819
2020-05-27,1,elasticnet,123,-0.006888195792898344,-0.00013427642733718003
2020-05-28,1,elasticnet,123,-0.0004066693834001711,-0.0001335509703014411
2020-05-29,1,elasticnet,123,-0.005199583514455597,-0.0001343586956608205
2020-06-01,1,elasticnet,123,-0.001636829009951768,-0.00013854895350100399
2020-06-02,1,elasticnet,123,-0.004001031241529063,-0.00013958852595427935
2020-06-03,1,elasticnet,123,-0.006186862382574709,-0.0001404710406987865
2020-06-04,1,elasticnet,123,0.002685674581947239,-0.0001403588566210949
2020-06-05,1,elasticnet,123,-0.003306471290969171,-0.00014132363968924252
2020-06-08,1,elasticnet,123,-0.003109777565749816,-0.0001403588566210949
2020-06-09,1,elasticnet,123,-0.003744543589016658,-0.00013904256344284696
2020-06-10,1,elasticnet,123,0.007992154222962178,-0.00013904256344284696
2020-06-11,1,elasticnet,123,0.006080925720866048,-0.00012915540672896192
2020-06-12,1,elasticnet,123,-0.006287708186450303,-0.00013267050782996492
2020-06-15,1,elasticnet,123,0.002581712592132135,-0.00013393444843862344
2020-06-16,1,elasticnet,123,0.002060581812967754,-0.00013448041095005583
2020-06-17,1,elasticnet,123,0.002672424244424931,-0.00013462998972031128
2020-06-18,1,elasticnet,123,0.002050862080604787,-0.00013502637346148822
2020-06-19,1,elasticnet,123,-0.00595912582320679,-0.00013339596486570385
2020-06-22,1,elasticnet,123,-0.004027058981455056,-0.00013590140926748257
2020-06-23,1,elasticnet,123,0.005159970169109407,-0.00013620056680799348
2020-06-24,1,elasticnet,123,0.002877995613800977,-0.0001343532689953387
2020-06-25,1,elasticnet,123,0.0,-0.00013556485703440782
2020-06-26,1,elasticnet,123,0.001128378844656552,-0.00013368764346770196
2020-06-29,1,elasticnet,123,-0.00153901430879877,-0.0001358939303289698
2020-06-30,1,elasticnet,123,-0.001952824506714634,-0.00013690358702819408
2020-07-01,1,elasticnet,123,0.001233806448929009,-0.00013824779846330828
2020-07-02,1,elasticnet,123,-0.001542496063974497,-0.0001389508186835089
2020-07-03,1,elasticnet,123,-0.00464181554481069,-0.0001389508186835089
2020-07-06,1,elasticnet,123,0.001652892938300177,-0.0001387563662821768
2020-07-07,1,elasticnet,123,-0.004655742722544431,-0.0001376420044437737
2020-07-08,1,elasticnet,123,0.002796045936955593,-0.00013865166114299799
2020-07-09,1,elasticnet,123,-0.0005171968049086928,-0.00013776914639849084
2020-07-10,1,elasticnet,123,-0.001967791013513853,-0.000139242497285507
2020-07-13,1,elasticnet,123,-0.002075550765862744,-0.00013557781741424855
2020-07-14,1,elasticnet,123,-0.001871686103235071,-0.00013757469399715877
2020-07-15,1,elasticnet,123,0.002806217088647145,-0.0001388909871754067
2020-07-16,1,elasticnet,123,-0.004264398786457235,-0.00013871149265110017
2020-07-17,1,elasticnet,123,-0.001147207718246612,-0.00014044660638606334
2020-07-20,1,elasticnet,123,-0.007436535973145197,-0.00014135903688462158
2020-07-21,1,elasticnet,123,-0.001367629480435006,-0.00014107483722113623
2020-07-22,1,elasticnet,123,-0.003163224906682416,-0.00014146374202380038
2020-07-23,1,elasticnet,123,-0.002749578720430357,-0.00014014744884555247
2020-05-29,1,elasticnet,124,-0.005199583514455597,2.3328061079022514e-05
2020-06-01,1,elasticnet,124,-0.001636829009951768,2.3328061079022514e-05
2020-06-02,1,elasticnet,124,-0.004001031241529063,2.3328061079022514e-05
2020-06-03,1,elasticnet,124,-0.006186862382574709,2.3328061079022514e-05
2020-06-04,1,elasticnet,124,0.002685674581947239,2.3328061079022514e-05
2020-06-05,1,elasticnet,124,-0.003306471290969171,2.3328061079022514e-05
2020-06-08,1,elasticnet,124,-0.003109777565749816,2.3328061079022514e-05
2020-06-09,1,elasticnet,124,-0.003744543589016658,2.3328061079022514e-05
2020-06-10,1,elasticnet,124,0.007992154222962178,2.3328061079022514e-05
2020-06-11,1,elasticnet,124,0.006080925720866048,2.3328061079022514e-05
2020-06-12,1,elasticnet,124,-0.006287708186450303,2.3328061079022514e-05
2020-06-15,1,elasticnet,124,0.002581712592132135,2.3328061079022514e-05
2020-06-16,1,elasticnet,124,0.002060581812967754,2.3328061079022514e-05
2020-06-17,1,elasticnet,124,0.002672424244424931,2.3328061079022514e-05
2020-06-18,1,elasticnet,124,0.002050862080604787,2.3328061079022514e-05
2020-06-19,1,elasticnet,124,-0.00595912582320679,2.3328061079022514e-05
2020-06-22,1,elasticnet,124,-0.004027058981455056,2.3328061079022514e-05
2020-06-23,1,elasticnet,124,0.005159970169109407,2.3328061079022514e-05
2020-06-24,1,elasticnet,124,0.002877995613800977,2.3328061079022514e-05
2020-06-25,1,elasticnet,124,0.0,2.3328061079022514e-05
2020-06-26,1,elasticnet,124,0.001128378844656552,2.3328061079022514e-05
2020-06-29,1,elasticnet,124,-0.00153901430879877,2.3328061079022514e-05
2020-06-30,1,elasticnet,124,-0.001952824506714634,2.3328061079022514e-05
2020-07-01,1,elasticnet,124,0.001233806448929009,2.3328061079022514e-05
2020-07-02,1,elasticnet,124,-0.001542496063974497,2.3328061079022514e-05
2020-07-03,1,elasticnet,124,-0.00464181554481069,2.3328061079022514e-05
2020-07-06,1,elasticnet,124,0.001652892938300177,2.3328061079022514e-05
2020-07-07,1,elasticnet,124,-0.004655742722544431,2.3328061079022514e-05
2020-07-08,1,elasticnet,124,0.002796045936955593,2.3328061079022514e-05
2020-07-09,1,elasticnet,124,-0.0005171968049086928,2.3328061079022514e-05
2020-07-10,1,elasticnet,124,-0.001967791013513853,2.3328061079022514e-05
2020-07-13,1,elasticnet,124,-0.002075550765862744,2.3328061079022514e-05
2020-07-14,1,elasticnet,124,-0.001871686103235071,2.3328061079022514e-05
2020-07-15,1,elasticnet,124,0.002806217088647145,2.3328061079022514e-05
2020-07-16,1,elasticnet,124,-0.004264398786457235,2.3328061079022514e-05
2020-07-17,1,elasticnet,124,-0.001147207718246612,2.3328061079022514e-05
2020-07-20,1,elasticnet,124,-0.007436535973145197,2.3328061079022514e-05
2020-07-21,1,elasticnet,124,-0.001367629480435006,2.3328061079022514e-05
2020-07-22,1,elasticnet,124,-0.003163224906682416,2.3328061079022514e-05
2020-07-23,1,elasticnet,124,-0.002749578720430357,2.3328061079022514e-05
2020-07-24,1,elasticnet,124,-0.008080852053939047,2.3328061079022514e-05
2020-07-27,1,elasticnet,124,0.0003202220233369246,2.3328061079022514e-05
2020-07-28,1,elasticnet,124,-0.002671655342804335,2.3328061079022514e-05
2020-07-29,1,elasticnet,124,-0.004612010105621067,2.3328061079022514e-05
2020-07-30,1,elasticnet,124,0.003541346191781258,2.3328061079022514e-05
2020-07-31,1,elasticnet,124,0.002033282310008211,2.3328061079022514e-05
2020-08-03,1,elasticnet,124,-0.001711962754948892,2.3328061079022514e-05
2020-08-04,1,elasticnet,124,-0.005476523754873952,2.3328061079022514e-05
2020-08-05,1,elasticnet,124,-0.0008617904228289675,2.3328061079022514e-05
2020-08-06,1,elasticnet,124,0.006873617439776325,2.3328061079022514e-05
2020-08-07,1,elasticnet,124,0.00160419263320577,2.3328061079022514e-05
2020-08-10,1,elasticnet,124,0.0005341595127275056,2.3328061079022514e-05
2020-08-11,1,elasticnet,124,-0.002031325870881062,2.3328061079022514e-05
2020-08-12,1,elasticnet,124,-0.001177919502261204,2.3328061079022514e-05
2020-08-13,1,elasticnet,124,-0.002467415294634456,2.3328061079022514e-05
2020-08-14,1,elasticnet,124,-0.002688896484306369,2.3328061079022514e-05
2020-08-17,1,elasticnet,124,-0.006266226208250458,2.3328061079022514e-05
2020-08-18,1,elasticnet,124,0.006696935808965243,2.3328061079022514e-05
2020-08-19,1,elasticnet,124,-0.001077122034341293,2.3328061079022514e-05
2020-08-20,1,elasticnet,124,0.004945183158836741,2.3328061079022514e-05
2020-06-26,1,elasticnet,125,0.001128378844656552,-0.0001474631516648726
2020-06-29,1,elasticnet,125,-0.00153901430879877,-0.00014960460593210369
2020-06-30,1,elasticnet,125,-0.001952824506714634,-0.0001505845934781247
2020-07-01,1,elasticnet,125,0.001233806448929009,-0.00015030559198650687
2020-07-02,1,elasticnet,125,-0.001542496063974497,-0.0001509879536852178
2020-07-03,1,elasticnet,125,-0.00464181554481069,-0.0001509879536852178
2020-07-06,1,elasticnet,125,0.001652892938300177,-0.00015079921534302116
2020-07-07,1,elasticnet,125,-0.004655742722544431,-0.00014971759945889426
2020-07-08,1,elasticnet,125,0.002796045936955593,-0.00015069758700491528
2020-07-09,1,elasticnet,125,-0.0005171968049086928,-0.00014984100529802285
2020-07-10,1,elasticnet,125,-0.001967791013513853,-0.00015127106119851275
2020-07-13,1,elasticnet,125,-0.002075550765862744,-0.00014771406936480688
2020-07-14,1,elasticnet,125,-0.001871686103235071,-0.00014965226695582622
2020-07-15,1,elasticnet,125,0.002806217088647145,-0.0001509298803491573
2020-07-16,1,elasticnet,125,-0.004264398786457235,-0.00015075566034097578
2020-07-17,1,elasticnet,125,-0.001147207718246612,-0.0001524397870867304
2020-07-20,1,elasticnet,125,-0.007436535973145197,-0.0001533254054616531
2020-07-21,1,elasticnet,125,-0.001367629480435006,-0.0001530495571153657
2020-07-22,1,elasticnet,125,-0.003163224906682416,-0.00015342703379975898
2020-07-23,1,elasticnet,125,-0.002749578720430357,-0.00015214942040642787
2020-07-24,1,elasticnet,125,-0.008080852053939047,-0.0001523236404146094
2020-07-27,1,elasticnet,125,0.0003202220233369246,-0.00015312214878544133
2020-07-28,1,elasticnet,125,-0.002671655342804335,-0.00015261400709491192
2020-07-29,1,elasticnet,125,-0.004612010105621067,-0.00015358673547392535
2020-07-30,1,elasticnet,125,0.003541346191781258,-0.0001531076304514262
2020-07-31,1,elasticnet,125,0.002033282310008211,-0.0001533254054616531
2020-08-03,1,elasticnet,125,-0.001711962754948892,-0.00014788896871442177
2020-08-04,1,elasticnet,125,-0.005476523754873952,-0.00014826644539881503
2020-08-05,1,elasticnet,125,-0.0008617904228289675,-0.00014882540125839738
2020-08-06,1,elasticnet,125,0.006873617439776325,-0.00014907221293665454
2020-08-07,1,elasticnet,125,0.00160419263320577,-0.0001493916162849873
2020-08-10,1,elasticnet,125,0.0005341595127275056,-0.0001494496896210478
2020-08-11,1,elasticnet,125,-0.002031325870881062,-0.00014807044788961083
2020-08-12,1,elasticnet,125,-0.001177919502261204,-0.00014934080211593436
2020-08-13,1,elasticnet,125,-0.002467415294634456,-0.0001494496896210478
2020-08-14,1,elasticnet,125,-0.002688896484306369,-0.0001495077629571083
2020-08-17,1,elasticnet,125,-0.006266226208250458,-0.00015001590464763773
2020-08-18,1,elasticnet,125,0.006696935808965243,-0.0001498997579755167
2020-08-19,1,elasticnet,125,-0.001077122034341293,-0.00014915206377373773
2020-08-20,1,elasticnet,125,0.004945183158836741,-0.0001490213987676016
2020-08-21,1,elasticnet,125,0.0005360493293729007,-0.00014915206377373773
2020-08-24,1,elasticnet,125,-0.003005584057347299,-0.0001492754696128663
2020-08-25,1,elasticnet,125,-0.0001075095415750127,-0.00014952228129112345
2020-08-26,1,elasticnet,125,-0.0001075211011194455,-0.00014862214458218563
2020-08-27,1,elasticnet,125,-0.006797242548737259,-0.00014775104454127806
2020-08-28,1,elasticnet,125,-0.002493091096748223,-0.00014884717875942007
2020-08-31,1,elasticnet,125,0.002168257571072196,-0.00014634276614181084
2020-09-01,1,elasticnet,125,0.00550787071987191,-0.00015013723632448705
2020-09-02,1,elasticnet,125,-0.001185408835399748,-0.00014981057380914674
2020-09-03,1,elasticnet,125,-0.000215679931819146,-0.00014470737940282992
2020-09-04,1,elasticnet,125,0.0,-0.0001467762419999854
2020-09-07,1,elasticnet,125,0.007735320048420924,-0.0001467762419999854
2020-09-08,1,elasticnet,125,-0.002035460555991797,-0.00014626084114244842
2020-09-09,1,elasticnet,125,0.0009646819977442433,-0.0001481845203994526
2020-09-10,1,elasticnet,125,-0.0001071409440136506,-0.00014753119536877195
2020-09-11,1,elasticnet,125,-0.003004616489396206,-0.00014959279879891985
2020-09-14,1,elasticnet,125,0.0,-0.00015033323383369126
2020-09-15,1,elasticnet,125,0.001718028984805997,-0.0001505219721758879
2020-09-16,1,elasticnet,125,-0.002578151605298729,-0.00015019530966054758
2020-09-17,1,elasticnet,125,-0.000430338898518734,-0.00014989042464622993
2020-07-24,1,elasticnet,126,-0.008080852053939047,-0.00016420279296709998
2020-07-27,1,elasticnet,126,0.0003202220233369246,-0.00016491568672423774
2020-07-28,1,elasticnet,126,-0.002671655342804335,-0.0001644620270606046
2020-07-29,1,elasticnet,126,-0.004612010105621067,-0.00016533046127384517
2020-07-30,1,elasticnet,126,0.003541346191781258,-0.0001649027250195625
2020-07-31,1,elasticnet,126,0.002033282310008211,-0.000165097150589691
2020-08-03,1,elasticnet,126,-0.001711962754948892,-0.00015812907835035007
2020-08-04,1,elasticnet,126,-0.005476523754873952,-0.00015846608267190612
2020-08-05,1,elasticnet,126,-0.0008617904228289675,-0.00015896510830190255
2020-08-06,1,elasticnet,126,0.006873617439776325,-0.0001591854572813815
2020-08-07,1,elasticnet,126,0.00160419263320577,-0.0001594706147842366
2020-08-10,1,elasticnet,126,0.0005341595127275056,-0.00015952246160293754
2020-08-11,1,elasticnet,126,-0.002031325870881062,-0.00015829109965879046
2020-08-12,1,elasticnet,126,-0.001177919502261204,-0.0001594252488178733
2020-08-13,1,elasticnet,126,-0.002467415294634456,-0.00015952246160293754
2020-08-14,1,elasticnet,126,-0.002688896484306369,-0.00015957430842163846
2020-08-17,1,elasticnet,126,-0.006266226208250458,-0.0001600279680852716
2020-08-18,1,elasticnet,126,0.006696935808965243,-0.00015992427444786974
2020-08-19,1,elasticnet,126,-0.001077122034341293,-0.00015925674665709526
2020-08-20,1,elasticnet,126,0.004945183158836741,-0.00015914009131501818
2020-08-21,1,elasticnet,126,0.0005360493293729007,-0.00015925674665709526
2020-08-24,1,elasticnet,126,-0.003005584057347299,-0.00015936692114683473
2020-08-25,1,elasticnet,126,-0.0001075095415750127,-0.0001595872701263137
2020-08-26,1,elasticnet,126,-0.0001075211011194455,-0.0001587836444364493
2020-08-27,1,elasticnet,126,-0.006797242548737259,-0.00015800594215593537
2020-08-28,1,elasticnet,126,-0.002493091096748223,-0.0001589845508589154
2020-08-31,1,elasticnet,126,0.002168257571072196,-0.00015674865680243783
2020-09-01,1,elasticnet,126,0.00550787071987191,-0.00015881073668650312
2020-09-02,1,elasticnet,126,-0.001185408835399748,-0.00015851909833131038
2020-09-03,1,elasticnet,126,-0.000215679931819146,-0.00015396305913796627
2020-09-04,1,elasticnet,126,0.0,-0.00015581010205418687
2020-09-07,1,elasticnet,126,0.007735320048420924,-0.00015581010205418687
2020-09-08,1,elasticnet,126,-0.002035460555991797,-0.00015534996153821612
2020-09-09,1,elasticnet,126,0.0009646819977442433,-0.00015706738740768438
2020-09-10,1,elasticnet,126,-0.0001071409440136506,-0.00015648411069729893
2020-09-11,1,elasticnet,126,-0.003004616489396206,-0.0001583246727611819
2020-09-14,1,elasticnet,126,0.0,-0.00015898571969961875
2020-09-15,1,elasticnet,126,0.001718028984805997,-0.00015915422186039675
2020-09-16,1,elasticnet,126,-0.002578151605298729,-0.00015886258350520405
2020-09-17,1,elasticnet,126,-0.000430338898518734,-0.00015859038770702416
2020-09-18,1,elasticnet,126,0.007824682186147847,-0.00015899868140429398
2020-09-21,1,elasticnet,126,0.003517189876814264,-0.00015773491519845885
2020-09-22,1,elasticnet,126,0.004246741704642787,-0.00015833115361351953
2020-09-23,1,elasticnet,126,-0.0004238635222941767,-0.00015721644701144956
2020-09-24,1,elasticnet,126,0.003068947855572546,-0.00015726181297781287
2020-09-25,1,elasticnet,126,-0.003811141602200863,-0.00015864223452572508
2020-09-28,1,elasticnet,126,-0.004145193797474356,-0.0001587653707201398
2020-09-29,1,elasticnet,126,0.0,-0.00015871352390143888
2020-09-30,1,elasticnet,126,-0.001918977134724109,-0.00015864871537806273
2020-10-01,1,elasticnet,126,0.001386297209488241,-0.00017114183125481884
2020-10-02,1,elasticnet,126,-0.003522821897864681,-0.00017053911198742055
2020-10-05,1,elasticnet,126,0.001923077515741056,-0.0001703252438602792
2020-10-06,1,elasticnet,126,-0.0006406150122986176,-0.00016934015430496155
2020-10-07,1,elasticnet,126,-0.0002136295671446575,-0.00017026043533690304
2020-10-08,1,elasticnet,126,-0.00589276896715063,-0.00017136218023429777
2020-10-09,1,elasticnet,126,0.0001074517811163744,-0.00017224357615221357
2020-10-12,1,elasticnet,126,0.004930342248840702,-0.00017219821018585026
2020-10-13,1,elasticnet,126,-0.00160505090366847,-0.00017155012495208866
2020-10-14,1,elasticnet,126,0.005127120823479991,-0.0001713362568249473
2020-10-15,1,elasticnet,126,-0.001919591076809724,-0.0001709668482417032
2020-08-21,1,elasticnet,127,0.0005360493293729007,-0.00016242160478613612
2020-08-24,1,elasticnet,127,-0.003005584057347299,-0.00016252761723416808
2020-08-25,1,elasticnet,127,-0.0001075095415750127,-0.000162739642130232
2020-08-26,1,elasticnet,127,-0.0001075211011194455,-0.00016196637486223415
2020-08-27,1,elasticnet,127,-0.006797242548737259,-0.00016121805169965554
2020-08-28,1,elasticnet,127,-0.002493091096748223,-0.0001621596916792336
2020-08-31,1,elasticnet,127,0.002168257571072196,-0.00016000826258682016
2020-09-01,1,elasticnet,127,0.00550787071987191,-0.0001614903557467857
2020-09-02,1,elasticnet,127,-0.001185408835399748,-0.00016120973456081874
2020-09-03,1,elasticnet,127,-0.000215679931819146,-0.00015682580803337917
2020-09-04,1,elasticnet,127,0.0,-0.00015860307554450332
2020-09-07,1,elasticnet,127,0.007735320048420924,-0.00015860307554450332
2020-09-08,1,elasticnet,127,-0.002035460555991797,-0.000158160317673311
2020-09-09,1,elasticnet,127,0.0009646819977442433,-0.0001598128646573387
2020-09-10,1,elasticnet,127,-0.0001071409440136506,-0.00015925162228540478
2020-09-11,1,elasticnet,127,-0.003004616489396206,-0.0001610226537701741
2020-09-14,1,elasticnet,127,0.0,-0.0001616587284583659
2020-09-15,1,elasticnet,127,0.001718028984805997,-0.00016182086514359125
2020-09-16,1,elasticnet,127,-0.002578151605298729,-0.00016154024395762429
2020-09-17,1,elasticnet,127,-0.000430338898518734,-0.0001612783308507218
2020-09-18,1,elasticnet,127,0.007824682186147847,-0.00016167120051107555
2020-09-21,1,elasticnet,127,0.003517189876814264,-0.00016045517537188533
2020-09-22,1,elasticnet,127,0.004246741704642787,-0.00016102888979652893
2020-09-23,1,elasticnet,127,-0.0004238635222941767,-0.0001599562932634996
2020-09-24,1,elasticnet,127,0.003068947855572546,-0.00015999994544798335
2020-09-25,1,elasticnet,127,-0.003811141602200863,-0.00016132821906156037
2020-09-28,1,elasticnet,127,-0.004145193797474356,-0.00016144670356230196
2020-09-29,1,elasticnet,127,0.0,-0.00016139681535146339
2020-09-30,1,elasticnet,127,-0.001918977134724109,-0.00016133445508791517
2020-10-01,1,elasticnet,127,0.001386297209488241,-0.00017348547120891826
2020-10-02,1,elasticnet,127,-0.003522821897864681,-0.00017290552075791986
2020-10-05,1,elasticnet,127,0.001923077515741056,-0.00017269973188821074
2020-10-06,1,elasticnet,127,-0.0006406150122986176,-0.00017175185588227785
2020-10-07,1,elasticnet,127,-0.0002136295671446575,-0.00017263737162466253
2020-10-08,1,elasticnet,127,-0.00589276896715063,-0.00017369749610498218
2020-10-09,1,elasticnet,127,0.0001074517811163744,-0.00017454559568923792
2020-10-12,1,elasticnet,127,0.004930342248840702,-0.00017450194350475417
2020-10-13,1,elasticnet,127,-0.00160505090366847,-0.00017387834086927202
2020-10-14,1,elasticnet,127,0.005127120823479991,-0.0001736725519995629
2020-10-15,1,elasticnet,127,-0.001919591076809724,-0.00017331709849733806
2020-10-16,1,elasticnet,127,-0.002672226484596862,-0.00017304271333772593
2020-10-19,1,elasticnet,127,-0.003860594607245638,-0.0001719389366729225
2020-10-20,1,elasticnet,127,-0.004954771015441395,-0.00017183292422489054
2020-10-21,1,elasticnet,127,0.003664586985275164,-0.00017226944606972804
2020-10-22,1,elasticnet,127,-0.001938402502272396,-0.00017260619149288842
2020-10-23,1,elasticnet,127,0.00290619654522839,-0.0001729554089687584
2020-10-26,1,elasticnet,127,-0.001075384553576697,-0.00016989352002854102
2020-10-27,1,elasticnet,127,0.004937221577964834,-0.0001693385136829619
2020-10-28,1,elasticnet,127,0.00597781455591484,-0.00016501694741907053
2020-10-29,1,elasticnet,127,0.000851063881157188,-0.00016669443850851753
2020-10-30,1,elasticnet,127,0.0009565818872596665,-0.00016642628937526023
2020-11-02,1,elasticnet,127,-0.006180752839029857,-0.0001859167947883644
2020-11-03,1,elasticnet,127,-0.001497646835341371,-0.0001869020869524262
2020-11-04,1,elasticnet,127,-0.009465489623818435,-0.00019063123071260952
2020-11-05,1,elasticnet,127,-0.003247459013311804,-0.00019187219995721902
2020-11-06,1,elasticnet,127,0.005298741783868799,-0.00019356839912573049
2020-11-09,1,elasticnet,127,0.0003235024560481747,-0.00019301339278015136
2020-11-10,1,elasticnet,127,0.003121806722864662,-0.00019360581528385943
2020-11-11,1,elasticnet,127,-0.0008602151068082264,-0.00019444767884176033
2020-11-12,1,elasticnet,127,-0.002261591616056435,-0.00019326283383434422
2020-09-18,1,elasticnet,128,0.007824682186147847,-0.00016403101193349692
2020-09-21,1,elasticnet,128,0.003517189876814264,-0.00016280502887852492
2020-09-22,1,elasticnet,128,0.004246741704642787,-0.0001633834413967681
2020-09-23,1,elasticnet,128,-0.0004238635222941767,-0.00016230206147135694
2020-09-24,1,elasticnet,128,0.003068947855572546,-0.00016234607111948412
2020-09-25,1,elasticnet,128,-0.003811141602200863,-0.0001636852218410689
2020-09-28,1,elasticnet,128,-0.004145193797474356,-0.0001638046766002713
2020-09-29,1,elasticnet,128,0.0,-0.00016375437985955451
2020-09-30,1,elasticnet,128,-0.001918977134724109,-0.0001636915089336585
2020-10-01,1,elasticnet,128,0.001386297209488241,-0.00017556461349785743
2020-10-02,1,elasticnet,128,-0.003522821897864681,-0.00017497991388702462
2020-10-05,1,elasticnet,128,0.001923077515741056,-0.00017477243983156783
2020-10-06,1,elasticnet,128,-0.0006406150122986176,-0.00017381680175794864
2020-10-07,1,elasticnet,128,-0.0002136295671446575,-0.00017470956890567184
2020-10-08,1,elasticnet,128,-0.00589276896715063,-0.00017577837464590381
2020-10-09,1,elasticnet,128,0.0001074517811163744,-0.0001766334192380894
2020-10-12,1,elasticnet,128,0.004930342248840702,-0.0001765894095899622
2020-10-13,1,elasticnet,128,-0.00160505090366847,-0.00017596070033100222
2020-10-14,1,elasticnet,128,0.005127120823479991,-0.0001757532262755454
2020-10-15,1,elasticnet,128,-0.001919591076809724,-0.00017539486199793822
2020-10-16,1,elasticnet,128,-0.002672226484596862,-0.00017511822992399582
2020-10-19,1,elasticnet,128,-0.003860594607245638,-0.00017400541453563664
2020-10-20,1,elasticnet,128,-0.004954771015441395,-0.00017389853396161344
2020-10-21,1,elasticnet,128,0.003664586985275164,-0.00017433863044288543
2020-10-22,1,elasticnet,128,-0.001938402502272396,-0.00017467813344272383
2020-10-23,1,elasticnet,128,0.00290619654522839,-0.00017503021062774144
2020-10-26,1,elasticnet,128,-0.001075384553576697,-0.00017194324816624786
2020-10-27,1,elasticnet,128,0.004937221577964834,-0.0001713836969257735
2020-10-28,1,elasticnet,128,0.00597781455591484,-0.00016702674176118074
2020-10-29,1,elasticnet,128,0.000851063881157188,-0.0001687179696677831
2020-10-30,1,elasticnet,128,0.0009565818872596665,-0.00016844762468643033
2020-11-02,1,elasticnet,128,-0.006180752839029857,-0.0001876778943279547
2020-11-03,1,elasticnet,128,-0.001497646835341371,-0.0001886712549571115
2020-11-04,1,elasticnet,128,-0.009465489623818435,-0.00019243093632569225
2020-11-05,1,elasticnet,128,-0.003247459013311804,-0.00019368206775102263
2020-11-06,1,elasticnet,128,0.005298741783868799,-0.0001953921569353938
2020-11-09,1,elasticnet,128,0.0003235024560481747,-0.0001948326056949194
2020-11-10,1,elasticnet,128,0.003121806722864662,-0.0001954298794909314
2020-11-11,1,elasticnet,128,-0.0008602151068082264,-0.0001962786369905274
2020-11-12,1,elasticnet,128,-0.002261591616056435,-0.0001950840893985034
2020-11-13,1,elasticnet,128,-0.001186687662858787,-0.0001964986852311634
2020-11-16,1,elasticnet,128,-0.002377608382564844,-0.00019690734624948738
2020-11-17,1,elasticnet,128,-0.001082602682330958,-0.00019674388184215776
2020-11-18,1,elasticnet,128,-0.0003250094823039618,-0.000196033440379533
2020-11-19,1,elasticnet,128,0.001082954405168479,-0.00019649239813857377
2020-11-20,1,elasticnet,128,0.00118989683572579,-0.0001961214596757874
2020-11-23,1,elasticnet,128,-0.002923187270752692,-0.00019677531730510577
2020-11-24,1,elasticnet,128,-0.002605581758561293,-0.00019741660074924495
2020-11-25,1,elasticnet,128,0.0,-0.00019766179736023938
2020-11-26,1,elasticnet,128,-0.00217651625806603,-0.00019766179736023938
2020-11-27,1,elasticnet,128,0.0008711750523753281,-0.00019791956815641296
2020-11-30,1,elasticnet,128,-0.006114223655126594,-0.00019808931965633215
2020-12-01,1,elasticnet,128,-0.002082991489321451,-0.0002148474042958555
2020-12-02,1,elasticnet,128,-0.004509714512074048,-0.0002145959205922715
2020-12-03,1,elasticnet,128,-0.0001102475057619401,-0.0002145267625737859
2020-12-04,1,elasticnet,128,0.0009917902625744546,-0.00021483483011067628
2020-12-07,1,elasticnet,128,0.001870702058615059,-0.0002145141883886067
2020-12-08,1,elasticnet,128,0.001428179314437727,-0.0002149039881291619
2020-12-09,1,elasticnet,128,-0.002968503086913543,-0.0002139043404074155
2020-12-10,1,elasticnet,128,0.001760176472052954,-0.0002137471630926755
2020-10-16,1,elasticnet,129,-0.002672226484596862,-0.00017210058825739758
2020-10-19,1,elasticnet,129,-0.003860594607245638,-0.0001709638035218026
2020-10-20,1,elasticnet,129,-0.004954771015441395,-0.00017085462080708446
2020-10-21,1,elasticnet,129,0.003664586985275164,-0.00017130419669121805
2020-10-22,1,elasticnet,129,-0.001938402502272396,-0.00017165101237326397
2020-10-23,1,elasticnet,129,0.00290619654522839,-0.00017201067308057085
2020-10-26,1,elasticnet,129,-0.001075384553576697,-0.00016885721937900516
2020-10-27,1,elasticnet,129,0.004937221577964834,-0.00016828561575489245
2020-10-28,1,elasticnet,129,0.00597781455591484,-0.00016383481450196977
2020-10-29,1,elasticnet,129,0.000851063881157188,-0.0001655624703995689
2020-10-30,1,elasticnet,129,0.0009565818872596665,-0.00016528630235645826
2020-11-02,1,elasticnet,129,-0.006180752839029857,-0.00018408611148623788
2020-11-03,1,elasticnet,129,-0.001497646835341371,-0.00018510086848185373
2020-11-04,1,elasticnet,129,-0.009465489623818435,-0.00018894153103488082
2020-11-05,1,elasticnet,129,-0.003247459013311804,-0.00019021961104834632
2020-11-06,1,elasticnet,129,0.005298741783868799,-0.0001919665344838369
2020-11-09,1,elasticnet,129,0.0003235024560481747,-0.00019139493085972419
2020-11-10,1,elasticnet,129,0.003121806722864662,-0.00019200506955961979
2020-11-11,1,elasticnet,129,-0.0008602151068082264,-0.0001928721087647346
2020-11-12,1,elasticnet,129,-0.002261591616056435,-0.00019165183136494337
2020-11-13,1,elasticnet,129,-0.001186687662858787,-0.0001930968967068014
2020-11-16,1,elasticnet,129,-0.002377608382564844,-0.0001935143600277826
2020-11-17,1,elasticnet,129,-0.001082602682330958,-0.0001933473746993901
2020-11-18,1,elasticnet,129,-0.0003250094823039618,-0.00019262163077214586
2020-11-19,1,elasticnet,129,0.001082954405168479,-0.00019309047419417092
2020-11-20,1,elasticnet,129,0.00118989683572579,-0.00019271154594897259
2020-11-23,1,elasticnet,129,-0.002923187270752692,-0.00019337948726254252
2020-11-24,1,elasticnet,129,-0.002605581758561293,-0.00019403458355085149
2020-11-25,1,elasticnet,129,0.0,-0.0001942850615434402
2020-11-26,1,elasticnet,129,-0.00217651625806603,-0.0001942850615434402
2020-11-27,1,elasticnet,129,0.0008711750523753281,-0.00019454838456128988
2020-11-30,1,elasticnet,129,-0.006114223655126594,-0.00019472179240231284
2020-12-01,1,elasticnet,129,-0.002082991489321451,-0.00021118529880996092
2020-12-02,1,elasticnet,129,-0.004509714512074048,-0.0002109283983047417
2020-12-03,1,elasticnet,129,-0.0001102475057619401,-0.00021085775066580643
2020-12-04,1,elasticnet,129,0.0009917902625744546,-0.00021117245378469995
2020-12-07,1,elasticnet,129,0.001870702058615059,-0.00021084490564054548
2020-12-08,1,elasticnet,129,0.001428179314437727,-0.00021124310142363523
2020-12-09,1,elasticnet,129,-0.002968503086913543,-0.0002102219219153889
2020-12-10,1,elasticnet,129,0.001760176472052954,-0.0002100613590996269
2020-12-11,1,elasticnet,129,-0.002972097515004712,-0.000209553980601819
2020-12-14,1,elasticnet,129,-0.002649300589203207,-0.0002086484063209213
2020-12-15,1,elasticnet,129,-0.0002210921963454737,-0.00020982372613229913
2020-12-16,1,elasticnet,129,-0.006989544181712937,-0.00021007420412488787
2020-12-17,1,elasticnet,129,0.002224200205194649,-0.00021044028734482523
2020-12-18,1,elasticnet,129,0.000222148173745218,-0.00021067149779952253
2020-12-21,1,elasticnet,129,0.006751921162329033,-0.00020836581576518017
2020-12-22,1,elasticnet,129,-0.002651056451585809,-0.00020896310943981482
2020-12-23,1,elasticnet,129,-0.000995960907868465,-0.000209553980601819
2020-12-24,1,elasticnet,129,0.0,-0.00021069718785004442
2020-12-25,1,elasticnet,129,0.0002214103850519678,-0.00021069718785004442
2020-12-28,1,elasticnet,129,-0.003881777180600565,-0.00021058800513532627
2020-12-29,1,elasticnet,129,-0.003450774281953173,-0.00020970169839232
2020-12-30,1,elasticnet,129,0.002895002578656936,-0.00020990079628386492
2020-12-31,1,elasticnet,129,0.0,-0.00020991364130912586
2021-01-01,1,elasticnet,129,-0.0007785996722793342,-0.000216517379819783
2021-01-04,1,elasticnet,129,-0.004796172263493048,-0.00021380707948972044
2021-01-05,1,elasticnet,129,0.001005755239275707,-0.00021485394904848868
2021-01-06,1,elasticnet,129,0.003345230595050985,-0.00021502735688951164
2021-01-07,1,elasticnet,129,0.003001169373176182,-0.00021676143529974126
2020-11-13,1,elasticnet,130,-0.001186687662858787,-0.00019372122066623975
2020-11-16,1,elasticnet,130,-0.002377608382564844,-0.00019412121199835976
2020-11-17,1,elasticnet,130,-0.001082602682330958,-0.00019396121546551176
2020-11-18,1,elasticnet,130,-0.0003250094823039618,-0.00019326584591890312
2020-11-19,1,elasticnet,130,0.001082954405168479,-0.00019371506695343792
2020-11-20,1,elasticnet,130,0.00118989683572579,-0.00019335199789812898
2020-11-23,1,elasticnet,130,-0.002923187270752692,-0.00019399198402952097
2020-11-24,1,elasticnet,130,-0.002605581758561293,-0.0001946196627353093
2020-11-25,1,elasticnet,130,0.0,-0.0001948596575345813
2020-11-26,1,elasticnet,130,-0.00217651625806603,-0.0001948596575345813
2020-11-27,1,elasticnet,130,0.0008711750523753281,-0.000195111959759457
2020-11-30,1,elasticnet,130,-0.006114223655126594,-0.00019527811000510684
2020-12-01,1,elasticnet,130,-0.002082991489321451,-0.00021232468185595262
2020-12-02,1,elasticnet,130,-0.004509714512074048,-0.00021207853334387876
2020-12-03,1,elasticnet,130,-0.0001102475057619401,-0.00021201084250305847
2020-12-04,1,elasticnet,130,0.0009917902625744546,-0.00021231237443034893
2020-12-07,1,elasticnet,130,0.001870702058615059,-0.00021199853507745475
2020-12-08,1,elasticnet,130,0.001428179314437727,-0.00021238006527116924
2020-12-09,1,elasticnet,130,-0.002968503086913543,-0.0002114016249356757
2020-12-10,1,elasticnet,130,0.001760176472052954,-0.00021124778211562955
2020-12-11,1,elasticnet,130,-0.002972097515004712,-0.00021076163880428368
2020-12-14,1,elasticnet,130,-0.002649300589203207,-0.00020989396529922337
2020-12-15,1,elasticnet,130,-0.0002210921963454737,-0.0002110200947419612
2020-12-16,1,elasticnet,130,-0.006989544181712937,-0.0002112600895412332
2020-12-17,1,elasticnet,130,0.002224200205194649,-0.00021161085117093846
2020-12-18,1,elasticnet,130,0.000222148173745218,-0.00021183238483180492
2020-12-21,1,elasticnet,130,0.006751921162329033,-0.00020962320193594212
2020-12-22,1,elasticnet,130,-0.002651056451585809,-0.00021019549722651383
2020-12-23,1,elasticnet,130,-0.000995960907868465,-0.00021076163880428368
2020-12-24,1,elasticnet,130,0.0,-0.0002118569996830123
2020-12-25,1,elasticnet,130,0.0002214103850519678,-0.0002118569996830123
2020-12-28,1,elasticnet,130,-0.003881777180600565,-0.00021175238656538092
2020-12-29,1,elasticnet,130,-0.003450774281953173,-0.00021090317419872616
2020-12-30,1,elasticnet,130,0.002895002578656936,-0.00021109393929558338
2020-12-31,1,elasticnet,130,0.0,-0.00021110624672118707
2021-01-01,1,elasticnet,130,-0.0007785996722793342,-0.00021794418873216217
2021-01-04,1,elasticnet,130,-0.004796172263493048,-0.00021534732192978305
2021-01-05,1,elasticnet,130,0.001005755239275707,-0.00021635037711648398
2021-01-06,1,elasticnet,130,0.003345230595050985,-0.00021651652736213382
2021-01-07,1,elasticnet,130,0.003001169373176182,-0.00021817802981863232
2021-01-08,1,elasticnet,130,0.003987599435404832,-0.00021867648055558188
2021-01-11,1,elasticnet,130,-0.004098593386347993,-0.0002171257449295166
2021-01-12,1,elasticnet,130,0.002992520936453857,-0.0002175872733896551
2021-01-13,1,elasticnet,130,-0.001328903850053464,-0.00021827648922346187
2021-01-14,1,elasticnet,130,0.005856046788786706,-0.00021763650309206985
2021-01-15,1,elasticnet,130,-0.0001101746268945547,-0.00021696574839666862
2021-01-18,1,elasticnet,130,-0.002868809205760492,-0.00021696574839666862
2021-01-19,1,elasticnet,130,-0.0003315466682307644,-0.0002176426568048717
2021-01-20,1,elasticnet,130,-0.003765231469331276,-0.00021866417312997816
2021-01-21,1,elasticnet,130,0.001219715181430381,-0.00021882416966282616
2021-01-22,1,elasticnet,130,0.001660854060570927,-0.00021846110060751725
2021-01-25,1,elasticnet,130,-0.002436864298504204,-0.00021767342536888095
2021-01-26,1,elasticnet,130,0.005309159689044662,-0.00021777803848651233
2021-01-27,1,elasticnet,130,-0.002098173151163785,-0.0002090459200206925
2021-01-28,1,elasticnet,130,0.001325674078371364,-0.00021335351898198488
2021-01-29,1,elasticnet,130,0.004406264013789851,-0.00021158124969505317
2021-02-01,1,elasticnet,130,0.002415194938428122,-0.00019158013890590848
2021-02-02,1,elasticnet,130,-0.0003290014834744781,-0.0001944600764971725
2021-02-03,1,elasticnet,130,0.003940891799876667,-0.00019609081038966176
2021-02-04,1,elasticnet,130,-0.005367817018667509,-0.00019679233364907223
2020-12-11,1,elasticnet,131,-0.002972097515004712,-0.00022041236348750866
2020-12-14,1,elasticnet,131,-0.002649300589203207,-0.00021955430704224483
2020-12-15,1,elasticnet,131,-0.0002210921963454737,-0.00022066795476907665
2020-12-16,1,elasticnet,131,-0.006989544181712937,-0.0002209052895305326
2020-12-17,1,elasticnet,131,0.002224200205194649,-0.00022125216341266053
2020-12-18,1,elasticnet,131,0.000222148173745218,-0.0002214712416540045
2020-12-21,1,elasticnet,131,0.006751921162329033,-0.00021928654474726887
2020-12-22,1,elasticnet,131,-0.002651056451585809,-0.00021985249687074077
2020-12-23,1,elasticnet,131,-0.000995960907868465,-0.00022041236348750866
2020-12-24,1,elasticnet,131,0.0,-0.0002214955836808205
2020-12-25,1,elasticnet,131,0.0002214103850519678,-0.0002214955836808205
2020-12-28,1,elasticnet,131,-0.003881777180600565,-0.00022139213006685252
2020-12-29,1,elasticnet,131,-0.003450774281953173,-0.00022055233014170065
2020-12-30,1,elasticnet,131,0.002895002578656936,-0.00022074098084952462
2020-12-31,1,elasticnet,131,0.0,-0.00022075315186293262
2021-01-01,1,elasticnet,131,-0.0007785996722793342,-0.0002280592175913156
2021-01-04,1,elasticnet,131,-0.004796172263493048,-0.00022549113376222802
2021-01-05,1,elasticnet,131,0.001005755239275707,-0.00022648307135497985
2021-01-06,1,elasticnet,131,0.003345230595050985,-0.00022664738003598783
2021-01-07,1,elasticnet,131,0.003001169373176182,-0.00022829046684606753
2021-01-08,1,elasticnet,131,0.003987599435404832,-0.00022878339288909147
2021-01-11,1,elasticnet,131,-0.004098593386347993,-0.00022724984519968374
2021-01-12,1,elasticnet,131,0.002992520936453857,-0.00022770625820248364
2021-01-13,1,elasticnet,131,-0.001328903850053464,-0.00022838783495333153
2021-01-14,1,elasticnet,131,0.005856046788786706,-0.00022775494225611562
2021-01-15,1,elasticnet,131,-0.0001101746268945547,-0.00022709162202537973
2021-01-18,1,elasticnet,131,-0.002868809205760492,-0.00022709162202537973
2021-01-19,1,elasticnet,131,-0.0003315466682307644,-0.00022776102776281965
2021-01-20,1,elasticnet,131,-0.003765231469331276,-0.00022877122187568347
2021-01-21,1,elasticnet,131,0.001219715181430381,-0.00022892944504998743
2021-01-22,1,elasticnet,131,0.001660854060570927,-0.0002285704001544515
2021-01-25,1,elasticnet,131,-0.002436864298504204,-0.0002277914552963396
2021-01-26,1,elasticnet,131,0.005309159689044662,-0.0002278949089103076
2021-01-27,1,elasticnet,131,-0.002098173151163785,-0.00021925957489733308
2021-01-28,1,elasticnet,131,0.001325674078371364,-0.00022351942959013236
2021-01-29,1,elasticnet,131,0.004406264013789851,-0.00022176680365938067
2021-02-01,1,elasticnet,131,0.002415194938428122,-0.00020029932926675327
2021-02-02,1,elasticnet,131,-0.0003290014834744781,-0.0002031473464042248
2021-02-03,1,elasticnet,131,0.003940891799876667,-0.00020476000568078452
2021-02-04,1,elasticnet,131,-0.005367817018667509,-0.0002054537534450404
2021-02-05,1,elasticnet,131,-0.001208990640199303,-0.0002060014490484003
2021-02-08,1,elasticnet,131,-0.005403332328052457,-0.00020577628530035234
2021-02-09,1,elasticnet,131,-0.0007742934959047432,-0.00020553895053889638
2021-02-10,1,elasticnet,131,0.0005531279525952115,-0.00020531987229755242
2021-02-11,1,elasticnet,131,0.000663349941405933,-0.00020577019979364834
2021-02-12,1,elasticnet,131,0.0,-0.00020654914465176023
2021-02-15,1,elasticnet,131,0.0003315100312137886,-0.00020654914465176023
2021-02-16,1,elasticnet,131,0.00484956312505247,-0.00020564240415286435
2021-02-17,1,elasticnet,131,-0.003966073282935412,-0.00020561806212604836
2021-02-18,1,elasticnet,131,-0.00254214008139364,-0.00020501559696235248
2021-02-19,1,elasticnet,131,-0.003880916330808226,-0.00020528335925732843
2021-02-22,1,elasticnet,131,0.001776002242821484,-0.00020443138831876856
2021-02-23,1,elasticnet,131,0.0001108954811224194,-0.00020463829554670456
2021-02-24,1,elasticnet,131,-0.0005546004246195224,-0.00020571543023331236
2021-02-25,1,elasticnet,131,0.0082868824045228,-0.00020112087267179314
2021-02-26,1,elasticnet,131,0.001759015405179198,-0.00020169291030196904
2021-03-01,1,elasticnet,131,-0.002749822994355,-0.00019270953952774754
2021-03-02,1,elasticnet,131,0.001760757580465899,-0.00019225312652494761
2021-03-03,1,elasticnet,131,0.007448824012990407,-0.00019068915130201987
2021-03-04,1,elasticnet,131,0.003812433134656068,-0.00018953290502826009
2021-01-08,1,elasticnet,132,0.003987599435404832,-0.0002317956200373288
2021-01-11,1,elasticnet,132,-0.004098593386347993,-0.00023028020722522295
2021-01-12,1,elasticnet,132,0.002992520936453857,-0.0002307312229431116
2021-01-13,1,elasticnet,132,-0.001328903850053464,-0.00023140473974849198
2021-01-14,1,elasticnet,132,0.005856046788786706,-0.00023077933128635305
2021-01-15,1,elasticnet,132,-0.0001101746268945547,-0.00023012385510968824
2021-01-18,1,elasticnet,132,-0.002868809205760492,-0.00023012385510968824
2021-01-19,1,elasticnet,132,-0.0003315466682307644,-0.00023078534482925825
2021-01-20,1,elasticnet,132,-0.003765231469331276,-0.00023178359295151845
2021-01-21,1,elasticnet,132,0.001219715181430381,-0.00023193994506705317
2021-01-22,1,elasticnet,132,0.001660854060570927,-0.00023158514603564744
2021-01-25,1,elasticnet,132,-0.002436864298504204,-0.00023081541254378415
2021-01-26,1,elasticnet,132,0.005309159689044662,-0.00023091764277317222
2021-01-27,1,elasticnet,132,-0.002098173151163785,-0.0002223844253907191
2021-01-28,1,elasticnet,132,0.001325674078371364,-0.00022659390542434642
2021-01-29,1,elasticnet,132,0.004406264013789851,-0.00022486200506765405
2021-02-01,1,elasticnet,132,0.002415194938428122,-0.00020269700893547384
2021-02-02,1,elasticnet,132,-0.0003290014834744781,-0.00020551134701509897
2021-02-03,1,elasticnet,132,0.003940891799876667,-0.00020710493588497217
2021-02-04,1,elasticnet,132,-0.005367817018667509,-0.00020779047977616293
2021-02-05,1,elasticnet,132,-0.001208990640199303,-0.0002083316986376293
2021-02-08,1,elasticnet,132,-0.005403332328052457,-0.00020810919755013757
2021-02-09,1,elasticnet,132,-0.0007742934959047432,-0.00020787466937683546
2021-02-10,1,elasticnet,132,0.0005531279525952115,-0.0002076581818322489
2021-02-11,1,elasticnet,132,0.000663349941405933,-0.00020810318400723237
2021-02-12,1,elasticnet,132,0.0,-0.00020887291749909566
2021-02-15,1,elasticnet,132,0.0003315100312137886,-0.00020887291749909566
2021-02-16,1,elasticnet,132,0.00484956312505247,-0.00020797689960622357
2021-02-17,1,elasticnet,132,-0.003966073282935412,-0.00020795284543460282
2021-02-18,1,elasticnet,132,-0.00254214008139364,-0.00020735750468698982
2021-02-19,1,elasticnet,132,-0.003880916330808226,-0.00020762210057481781
2021-02-22,1,elasticnet,132,0.001776002242821484,-0.00020678020456809236
2021-02-23,1,elasticnet,132,0.0001108954811224194,-0.00020698466502686854
2021-02-24,1,elasticnet,132,-0.0005546004246195224,-0.00020804906212108575
2021-02-25,1,elasticnet,132,0.0082868824045228,-0.0002035088372276734
2021-02-26,1,elasticnet,132,0.001759015405179198,-0.00020407411026076048
2021-03-01,1,elasticnet,132,-0.002749822994355,-0.00019477662113893783
2021-03-02,1,elasticnet,132,0.001760757580465899,-0.0001943256054210492
2021-03-03,1,elasticnet,132,0.007448824012990407,-0.00019278012489441743
2021-03-04,1,elasticnet,132,0.003812433134656068,-0.00019163755174243286
2021-03-05,1,elasticnet,132,0.003581315890282433,-0.00019398884701835902
2021-03-08,1,elasticnet,132,-0.003798778107079848,-0.0001935017500430393
2021-03-09,1,elasticnet,132,-0.001523561073904389,-0.00019436770022138546
2021-03-10,1,elasticnet,132,-0.004365865917478118,-0.0001952516910284472
2021-03-11,1,elasticnet,132,0.002839980062831593,-0.00019564257131728403
2021-03-12,1,elasticnet,132,0.001634788659001352,-0.00019637622355171623
2021-03-15,1,elasticnet,132,0.0003266372722166011,-0.00019677311738345823
2021-03-16,1,elasticnet,132,-0.004582659411092038,-0.0001969174424131826
2021-03-17,1,elasticnet,132,0.004582659411092038,-0.00019725420081587278
2021-03-18,1,elasticnet,132,0.0006529546428524213,-0.00019584101823315504
2021-03-19,1,elasticnet,132,-0.001960144371474293,-0.0001962198714361815
2021-03-22,1,elasticnet,132,0.006518927909817229,-0.00019746467481755416
2021-03-23,1,elasticnet,132,0.002055499182096021,-0.00019661075172501834
2021-03-24,1,elasticnet,132,0.0,-0.00019606953286355194
2021-03-25,1,elasticnet,132,0.002590395404241441,-0.00019690541532737225
2021-03-26,1,elasticnet,132,0.001830811991651693,-0.0001974767019033645
2021-03-29,1,elasticnet,132,0.003865984196465888,-0.00019634615583719034
2021-03-30,1,elasticnet,132,-0.0007505495446959998,-0.00019702568618547588
2021-03-31,1,elasticnet,132,-0.003223036739353979,-0.0001971519705864847
2021-04-01,1,elasticnet,132,0.00096800222670268,-0.00018444631629246244
2021-02-05,1,elasticnet,133,-0.001208990640199303,-0.00020111974740758502
2021-02-08,1,elasticnet,133,-0.005403332328052457,-0.00020089097317939228
2021-02-09,1,elasticnet,133,-0.0007742934959047432,-0.00020064983277670264
2021-02-10,1,elasticnet,133,0.0005531279525952115,-0.00020042724163575837
2021-02-11,1,elasticnet,133,0.000663349941405933,-0.00020088479009214383
2021-02-12,1,elasticnet,133,0.0,-0.00020167622525994573
2021-02-15,1,elasticnet,133,0.0003315100312137886,-0.00020167622525994573
2021-02-16,1,elasticnet,133,0.00484956312505247,-0.00020075494525992633
2021-02-17,1,elasticnet,133,-0.003966073282935412,-0.00020073021291093252
2021-02-18,1,elasticnet,133,-0.00254214008139364,-0.00020011808727333575
2021-02-19,1,elasticnet,133,-0.003880916330808226,-0.00020039014311226764
2021-02-22,1,elasticnet,133,0.001776002242821484,-0.00019952451089748433
2021-02-23,1,elasticnet,133,0.0001108954811224194,-0.00019973473586393171
2021-02-24,1,elasticnet,133,-0.0005546004246195224,-0.00020082914230690776
2021-02-25,1,elasticnet,133,0.0082868824045228,-0.00019616091143432628
2021-02-26,1,elasticnet,133,0.001759015405179198,-0.0001967421216356808
2021-03-01,1,elasticnet,133,-0.002749822994355,-0.00018845401878549075
2021-03-02,1,elasticnet,133,0.001760757580465899,-0.0001879902872418568
2021-03-03,1,elasticnet,133,0.007448824012990407,-0.00018640123381900457
2021-03-04,1,elasticnet,133,0.003812433134656068,-0.00018522644724179864
2021-03-05,1,elasticnet,133,0.003581315890282433,-0.00018764403435594349
2021-03-08,1,elasticnet,133,-0.003798778107079848,-0.00018714320428881885
2021-03-09,1,elasticnet,133,-0.001523561073904389,-0.000188033568852596
2021-03-10,1,elasticnet,133,-0.004365865917478118,-0.00018894248267811847
2021-03-11,1,elasticnet,133,0.002839980062831593,-0.00018934438334926787
2021-03-12,1,elasticnet,133,0.001634788659001352,-0.00019009871999357906
2021-03-15,1,elasticnet,133,0.0003266372722166011,-0.0001905068037519769
2021-03-16,1,elasticnet,133,-0.004582659411092038,-0.00019065519784593974
2021-03-17,1,elasticnet,133,0.004582659411092038,-0.0001910014507318531
2021-03-18,1,elasticnet,133,0.0006529546428524213,-0.0001895484252284668
2021-03-19,1,elasticnet,133,-0.001960144371474293,-0.0001899379597251193
2021-03-22,1,elasticnet,133,0.006518927909817229,-0.0001912178587855489
2021-03-23,1,elasticnet,133,0.002055499182096021,-0.0001903398603962687
2021-03-24,1,elasticnet,133,0.0,-0.000189783382543908
2021-03-25,1,elasticnet,133,0.002590395404241441,-0.00019064283167144285
2021-03-26,1,elasticnet,133,0.001830811991651693,-0.00019123022496004581
2021-03-29,1,elasticnet,133,0.003865984196465888,-0.0001900678045573368
2021-03-30,1,elasticnet,133,-0.0007505495446959998,-0.0001907664934164119
2021-03-31,1,elasticnet,133,-0.003223036739353979,-0.00019089633824862938
2021-04-01,1,elasticnet,133,0.00096800222670268,-0.00017898554209252814
2021-04-02,1,elasticnet,133,-0.004525382143817147,-0.00017898554209252814
2021-04-05,1,elasticnet,133,-0.002920025867597431,-0.0001786269230321179
2021-04-06,1,elasticnet,133,0.001407002775542843,-0.0001784970781999004
2021-04-07,1,elasticnet,133,-0.004335580170983455,-0.00017909065457575183
2021-04-08,1,elasticnet,133,0.001085658558485747,-0.00017922049940796933
2021-04-09,1,elasticnet,133,-0.0002170374398104968,-0.0001793812596764291
2021-04-12,1,elasticnet,133,-0.003152347846635983,-0.00017924523175696314
2021-04-13,1,elasticnet,133,-0.001743489599325798,-0.0001794059920254229
2021-04-14,1,elasticnet,133,0.0,-0.00017919576705897552
2021-04-15,1,elasticnet,133,-0.001418826977443111,-0.00017945545672341052
2021-04-16,1,elasticnet,133,-0.005366053504638479,-0.00017965331551536099
2021-04-19,1,elasticnet,133,0.001864955836460069,-0.00017901027444152195
2021-04-20,1,elasticnet,133,-0.0009868962915158264,-0.0001781508253139871
2021-04-21,1,elasticnet,133,0.001972819578916152,-0.00017888042960930445
2021-04-22,1,elasticnet,133,-0.005159460372330393,-0.00017813227605224173
2021-04-23,1,elasticnet,133,-0.0005504486295206945,-0.00017898554209252814
2021-04-26,1,elasticnet,133,0.001100594432029922,-0.00017879386638782613
2021-04-27,1,elasticnet,133,-0.003305423899797155,-0.00017884333108581375
2021-04-28,1,elasticnet,133,0.0,-0.0001790164575287704
2021-04-29,1,elasticnet,133,0.007367123319850677,-0.00017881241564957146
2021-03-05,1,elasticnet,134,0.003581315890282433,-0.000188873034022343
2021-03-08,1,elasticnet,134,-0.003798778107079848,-0.00018833675126302905
2021-03-09,1,elasticnet,134,-0.001523561073904389,-0.00018929014283514277
2021-03-10,1,elasticnet,134,-0.004365865917478118,-0.00019026339673167554
2021-03-11,1,elasticnet,134,0.002839980062831593,-0.000190693747094088
2021-03-12,1,elasticnet,134,0.001634788659001352,-0.00019150148162046213
2021-03-15,1,elasticnet,134,0.0003266372722166011,-0.00019193845275768093
2021-03-16,1,elasticnet,134,-0.004582659411092038,-0.00019209735135303322
2021-03-17,1,elasticnet,134,0.004582659411092038,-0.00019246811474218857
2021-03-18,1,elasticnet,134,0.0006529546428524213,-0.00019091223266269738
2021-03-19,1,elasticnet,134,-0.001960144371474293,-0.00019132934147549714
2021-03-22,1,elasticnet,134,0.006518927909817229,-0.00019269984186041065
2021-03-23,1,elasticnet,134,0.002055499182096021,-0.0001917596918379096
2021-03-24,1,elasticnet,134,0.0,-0.0001911638221053385
2021-03-25,1,elasticnet,134,0.002590395404241441,-0.00019208410980342053
2021-03-26,1,elasticnet,134,0.001830811991651693,-0.00019271308341002334
2021-03-29,1,elasticnet,134,0.003865984196465888,-0.0001914683777464304
2021-03-30,1,elasticnet,134,-0.0007505495446959998,-0.00019221652529954745
2021-03-31,1,elasticnet,134,-0.003223036739353979,-0.0001923555615704807
2021-04-01,1,elasticnet,134,0.00096800222670268,-0.00018104679197904203
2021-04-02,1,elasticnet,134,-0.004525382143817147,-0.00018104679197904203
2021-04-05,1,elasticnet,134,-0.002920025867597431,-0.000180662787040274
2021-04-06,1,elasticnet,134,0.001407002775542843,-0.00018052375076934075
2021-04-07,1,elasticnet,134,-0.004335580170983455,-0.0001811593451507499
2021-04-08,1,elasticnet,134,0.001085658558485747,-0.00018129838142168315
2021-04-09,1,elasticnet,134,-0.0002170374398104968,-0.00018147052156664814
2021-04-12,1,elasticnet,134,-0.003152347846635983,-0.00018132486452090854
2021-04-13,1,elasticnet,134,-0.001743489599325798,-0.0001814970046658735
2021-04-14,1,elasticnet,134,0.0,-0.00018127189832245778
2021-04-15,1,elasticnet,134,-0.001418826977443111,-0.00018154997086432427
2021-04-16,1,elasticnet,134,-0.005366053504638479,-0.00018176183565812734
2021-04-19,1,elasticnet,134,0.001864955836460069,-0.00018107327507826742
2021-04-20,1,elasticnet,134,-0.0009868962915158264,-0.00018015298738018542
2021-04-21,1,elasticnet,134,0.001972819578916152,-0.00018093423880733415
2021-04-22,1,elasticnet,134,-0.005159460372330393,-0.00018013312505576638
2021-04-23,1,elasticnet,134,-0.0005504486295206945,-0.00018104679197904203
2021-04-26,1,elasticnet,134,0.001100594432029922,-0.00018084154796004534
2021-04-27,1,elasticnet,134,-0.003305423899797155,-0.00018089451415849607
2021-04-28,1,elasticnet,134,0.0,-0.00018107989585307375
2021-04-29,1,elasticnet,134,0.007367123319850677,-0.00018086141028446435
2021-04-30,1,elasticnet,134,-0.00373175715695595,-0.00018019933280382982
2021-05-03,1,elasticnet,134,0.003841304180125071,-0.0001948677535320547
2021-05-04,1,elasticnet,134,0.0002190580512593243,-0.00019409312287971226
2021-05-05,1,elasticnet,134,-0.003950405664117085,-0.0001943116084483217
2021-05-06,1,elasticnet,134,-0.007947938957721945,-0.00019481478733360393
2021-05-07,1,elasticnet,134,-0.0002216803378622956,-0.00019594031905068265
2021-05-10,1,elasticnet,134,-0.0007762684060450553,-0.00019397394893319806
2021-05-11,1,elasticnet,134,0.006303587364350882,-0.00019253062002541475
2021-05-12,1,elasticnet,134,0.000440868518107429,-0.00018872367451176617
2021-05-13,1,elasticnet,134,-0.004749553303554421,-0.0001916765400753962
2021-05-14,1,elasticnet,134,-0.001773050109885155,-0.00019453671479173742
2021-05-17,1,elasticnet,134,-0.004557842363132281,-0.00019393422428435998
2021-05-18,1,elasticnet,134,0.004890528809228023,-0.00019286165876573202
2021-05-19,1,elasticnet,134,-0.004222228494758618,-0.00019230551368199902
2021-05-20,1,elasticnet,134,0.002335540181928053,-0.00019330525067775718
2021-05-21,1,elasticnet,134,-0.002001557434597956,-0.00019364953096768714
2021-05-24,1,elasticnet,134,-0.002228661497461815,-0.00019480816655879758
2021-05-25,1,elasticnet,134,0.004452367105804989,-0.00019451685246731838
2021-05-26,1,elasticnet,134,-0.0007777346095041437,-0.0001954967271386575
2021-05-27,1,elasticnet,134,0.0006666666913579533,-0.0001959072151766509
2021-04-02,1,elasticnet,135,-0.004525382143817147,7.75151963665645e-06
2021-04-05,1,elasticnet,135,-0.002920025867597431,7.75151963665645e-06
2021-04-06,1,elasticnet,135,0.001407002775542843,7.75151963665645e-06
2021-04-07,1,elasticnet,135,-0.004335580170983455,7.75151963665645e-06
2021-04-08,1,elasticnet,135,0.001085658558485747,7.75151963665645e-06
2021-04-09,1,elasticnet,135,-0.0002170374398104968,7.75151963665645e-06
2021-04-12,1,elasticnet,135,-0.003152347846635983,7.75151963665645e-06
2021-04-13,1,elasticnet,135,-0.001743489599325798,7.75151963665645e-06
2021-04-14,1,elasticnet,135,0.0,7.75151963665645e-06
2021-04-15,1,elasticnet,135,-0.001418826977443111,7.75151963665645e-06
2021-04-16,1,elasticnet,135,-0.005366053504638479,7.75151963665645e-06
2021-04-19,1,elasticnet,135,0.001864955836460069,7.75151963665645e-06
2021-04-20,1,elasticnet,135,-0.0009868962915158264,7.75151963665645e-06
2021-04-21,1,elasticnet,135,0.001972819578916152,7.75151963665645e-06
2021-04-22,1,elasticnet,135,-0.005159460372330393,7.75151963665645e-06
2021-04-23,1,elasticnet,135,-0.0005504486295206945,7.75151963665645e-06
2021-04-26,1,elasticnet,135,0.001100594432029922,7.75151963665645e-06
2021-04-27,1,elasticnet,135,-0.003305423899797155,7.75151963665645e-06
2021-04-28,1,elasticnet,135,0.0,7.75151963665645e-06
2021-04-29,1,elasticnet,135,0.007367123319850677,7.75151963665645e-06
2021-04-30,1,elasticnet,135,-0.00373175715695595,7.75151963665645e-06
2021-05-03,1,elasticnet,135,0.003841304180125071,7.75151963665645e-06
2021-05-04,1,elasticnet,135,0.0002190580512593243,7.75151963665645e-06
2021-05-05,1,elasticnet,135,-0.003950405664117085,7.75151963665645e-06
2021-05-06,1,elasticnet,135,-0.007947938957721945,7.75151963665645e-06
2021-05-07,1,elasticnet,135,-0.0002216803378622956,7.75151963665645e-06
2021-05-10,1,elasticnet,135,-0.0007762684060450553,7.75151963665645e-06
2021-05-11,1,elasticnet,135,0.006303587364350882,7.75151963665645e-06
2021-05-12,1,elasticnet,135,0.000440868518107429,7.75151963665645e-06
2021-05-13,1,elasticnet,135,-0.004749553303554421,7.75151963665645e-06
2021-05-14,1,elasticnet,135,-0.001773050109885155,7.75151963665645e-06
2021-05-17,1,elasticnet,135,-0.004557842363132281,7.75151963665645e-06
2021-05-18,1,elasticnet,135,0.004890528809228023,7.75151963665645e-06
2021-05-19,1,elasticnet,135,-0.004222228494758618,7.75151963665645e-06
2021-05-20,1,elasticnet,135,0.002335540181928053,7.75151963665645e-06
2021-05-21,1,elasticnet,135,-0.002001557434597956,7.75151963665645e-06
2021-05-24,1,elasticnet,135,-0.002228661497461815,7.75151963665645e-06
2021-05-25,1,elasticnet,135,0.004452367105804989,7.75151963665645e-06
2021-05-26,1,elasticnet,135,-0.0007777346095041437,7.75151963665645e-06
2021-05-27,1,elasticnet,135,0.0006666666913579533,7.75151963665645e-06
2021-05-28,1,elasticnet,135,0.0,7.75151963665645e-06
2021-05-31,1,elasticnet,135,-0.002223952879269575,7.75151963665645e-06
2021-06-01,1,elasticnet,135,0.0008901747555656314,7.75151963665645e-06
2021-06-02,1,elasticnet,135,0.006651171842397829,7.75151963665645e-06
2021-06-03,1,elasticnet,135,-0.004096324576576826,7.75151963665645e-06
2021-06-04,1,elasticnet,135,-0.002110056865959997,7.75151963665645e-06
2021-06-07,1,elasticnet,135,0.001444203994838134,7.75151963665645e-06
2021-06-08,1,elasticnet,135,0.0004439511726630485,7.75151963665645e-06
2021-06-09,1,elasticnet,135,-0.0005549697683919774,7.75151963665645e-06
2021-06-10,1,elasticnet,135,0.005425468659221444,7.75151963665645e-06
2021-06-11,1,elasticnet,135,-0.0004417936895366736,7.75151963665645e-06
2021-06-14,1,elasticnet,135,0.0002209212424766349,7.75151963665645e-06
2021-06-15,1,elasticnet,135,0.006495316500222614,7.75151963665645e-06
2021-06-16,1,elasticnet,135,0.008305151004758038,7.75151963665645e-06
2021-06-17,1,elasticnet,135,0.003584817265766205,7.75151963665645e-06
2021-06-18,1,elasticnet,135,-0.003475997416917842,7.75151963665645e-06
2021-06-21,1,elasticnet,135,-0.001524556540526412,7.75151963665645e-06
2021-06-22,1,elasticnet,135,0.0004358248053293323,7.75151963665645e-06
2021-06-23,1,elasticnet,135,0.000108926529163611,7.75151963665645e-06
2021-06-24,1,elasticnet,135,0.0004355875055264136,7.75151963665645e-06
2021-04-30,1,elasticnet,136,-0.00373175715695595,-0.00017819931830434328
2021-05-03,1,elasticnet,136,0.003841304180125071,-0.0001973127834829524
2021-05-04,1,elasticnet,136,0.0002190580512593243,-0.00019652819155103435
2021-05-05,1,elasticnet,136,-0.003950405664117085,-0.00019674948671131892
2021-05-06,1,elasticnet,136,-0.007947938957721945,-0.00019725913617136827
2021-05-07,1,elasticnet,136,-0.0002216803378622956,-0.00019839914154253126
2021-05-10,1,elasticnet,136,-0.0007762684060450553,-0.00019640748509997002
2021-05-11,1,elasticnet,136,0.006303587364350882,-0.0001949455958593022
2021-05-12,1,elasticnet,136,0.000440868518107429,-0.00019108969533919207
2021-05-13,1,elasticnet,136,-0.004749553303554421,-0.00019408053296000793
2021-05-14,1,elasticnet,136,-0.001773050109885155,-0.00019697748778555152
2021-05-17,1,elasticnet,136,-0.004557842363132281,-0.00019636724961628193
2021-05-18,1,elasticnet,136,0.004890528809228023,-0.00019528089155670307
2021-05-19,1,elasticnet,136,-0.004222228494758618,-0.0001947175947850696
2021-05-20,1,elasticnet,136,0.002335540181928053,-0.00019573018779122026
2021-05-21,1,elasticnet,136,-0.002001557434597956,-0.00019607889531651716
2021-05-24,1,elasticnet,136,-0.002228661497461815,-0.00019725243025742024
2021-05-25,1,elasticnet,136,0.004452367105804989,-0.00019695737004370747
2021-05-26,1,elasticnet,136,-0.0007777346095041437,-0.00019794984530801407
2021-05-27,1,elasticnet,136,0.0006666666913579533,-0.00019836561197279117
2021-05-28,1,elasticnet,136,0.0,-0.00019835220014489512
2021-05-31,1,elasticnet,136,-0.002223952879269575,-0.00019835220014489512
2021-06-01,1,elasticnet,136,0.0008901747555656314,-0.00017586026328998935
2021-06-02,1,elasticnet,136,0.006651171842397829,-0.00017614191167580608
2021-06-03,1,elasticnet,136,-0.004096324576576826,-0.0001757663804947171
2021-06-04,1,elasticnet,136,-0.002110056865959997,-0.00017685273855429595
2021-06-07,1,elasticnet,136,0.001444203994838134,-0.00017685273855429595
2021-06-08,1,elasticnet,136,0.0004439511726630485,-0.0001764168541476748
2021-06-09,1,elasticnet,136,-0.0005549697683919774,-0.00017586696920393738
2021-06-10,1,elasticnet,136,0.005425468659221444,-0.00017706732780063252
2021-06-11,1,elasticnet,136,-0.0004417936895366736,-0.00017736909392829331
2021-06-14,1,elasticnet,136,0.0002209212424766349,-0.00017687285629614002
2021-06-15,1,elasticnet,136,0.006495316500222614,-0.0001764503837174149
2021-06-16,1,elasticnet,136,0.008305151004758038,-0.0001756926154412889
2021-06-17,1,elasticnet,136,0.003584817265766205,-0.00017596085199920962
2021-06-18,1,elasticnet,136,-0.003475997416917842,-0.00017398260738454442
2021-06-21,1,elasticnet,136,-0.001524556540526412,-0.00017586696920393738
2021-06-22,1,elasticnet,136,0.0004358248053293323,-0.00017669179661954353
2021-06-23,1,elasticnet,136,0.000108926529163611,-0.00017691979769377612
2021-06-24,1,elasticnet,136,0.0004355875055264136,-0.00017715450468195674
2021-06-25,1,elasticnet,136,0.000435397851658692,-0.00017738921167013736
2021-06-28,1,elasticnet,136,0.00173969816629338,-0.00017729532887486511
2021-06-29,1,elasticnet,136,0.004227877727092988,-0.00017712097511221665
2021-06-30,1,elasticnet,136,0.001729356245953717,-0.00017724838747722898
2021-07-01,1,elasticnet,136,-0.00400368440450638,-0.00016263246441406882
2021-07-02,1,elasticnet,136,-0.0002168726965772194,-0.00016290740688593754
2021-07-05,1,elasticnet,136,0.003680454468456773,-0.00016290740688593754
2021-07-06,1,elasticnet,136,0.0009719748051786326,-0.00016198869667505915
2021-07-07,1,elasticnet,136,-0.002377608382564844,-0.00016214963860981157
2021-07-08,1,elasticnet,136,-0.00314278232128018,-0.00016027198270436664
2021-07-09,1,elasticnet,136,0.001410055008833844,-0.00016216305043770758
2021-07-12,1,elasticnet,136,0.005297023357869968,-0.0001621697563516556
2021-07-13,1,elasticnet,136,-0.003672503587595521,-0.00016153269452659394
2021-07-14,1,elasticnet,136,0.002269903152657626,-0.00016206246172848735
2021-07-15,1,elasticnet,136,0.000755490835135042,-0.00016160645958002213
2021-07-16,1,elasticnet,136,0.002155405511688357,-0.0001606408079715076
2021-07-19,1,elasticnet,136,0.0008608630683371032,-0.00015792491282256047
2021-07-20,1,elasticnet,136,-0.002369158980222608,-0.00015978245098616136
2021-07-21,1,elasticnet,136,0.0007544323254853325,-0.00016100292732470055
2021-07-22,1,elasticnet,136,0.0009691488401912807,-0.00016115045743155695
2021-05-28,1,elasticnet,137,0.0,-0.00020906974236439214
2021-05-31,1,elasticnet,137,-0.002223952879269575,-0.00020906974236439214
2021-06-01,1,elasticnet,137,0.0008901747555656314,-0.0001883270924476433
2021-06-02,1,elasticnet,137,0.006651171842397829,-0.00018861244955627527
2021-06-03,1,elasticnet,137,-0.004096324576576826,-0.00018823197341143264
2021-06-04,1,elasticnet,137,-0.002110056865959997,-0.0001893326365447274
2021-06-07,1,elasticnet,137,0.001444203994838134,-0.0001893326365447274
2021-06-08,1,elasticnet,137,0.0004439511726630485,-0.00018889101244803504
2021-06-09,1,elasticnet,137,-0.0005549697683919774,-0.00018833388666451546
2021-06-10,1,elasticnet,137,0.005425468659221444,-0.00018955005148463746
2021-06-11,1,elasticnet,137,-0.0004417936895366736,-0.000189855791243886
2021-06-14,1,elasticnet,137,0.0002209212424766349,-0.00018935301919534395
2021-06-15,1,elasticnet,137,0.006495316500222614,-0.000188924983532396
2021-06-16,1,elasticnet,137,0.008305151004758038,-0.00018815723702583854
2021-06-17,1,elasticnet,137,0.003584817265766205,-0.00018842900570072613
2021-06-18,1,elasticnet,137,-0.003475997416917842,-0.0001864247117234301
2021-06-21,1,elasticnet,137,-0.001524556540526412,-0.00018833388666451546
2021-06-22,1,elasticnet,137,0.0004358248053293323,-0.00018916957533979484
2021-06-23,1,elasticnet,137,0.000108926529163611,-0.00018940057871344928
2021-06-24,1,elasticnet,137,0.0004355875055264136,-0.00018963837630397594
2021-06-25,1,elasticnet,137,0.000435397851658692,-0.0001898761738945026
2021-06-28,1,elasticnet,137,0.00173969816629338,-0.00018978105485829193
2021-06-29,1,elasticnet,137,0.004227877727092988,-0.00018960440521961498
2021-06-30,1,elasticnet,137,0.001729356245953717,-0.0001897334953401866
2021-07-01,1,elasticnet,137,-0.00400368440450638,-0.00017553897093727653
2021-07-02,1,elasticnet,137,-0.0002168726965772194,-0.00017581753382903633
2021-07-05,1,elasticnet,137,0.003680454468456773,-0.00017581753382903633
2021-07-06,1,elasticnet,137,0.0009719748051786326,-0.00017488672611754632
2021-07-07,1,elasticnet,137,-0.002377608382564844,-0.00017504978732247887
2021-07-08,1,elasticnet,137,-0.00314278232128018,-0.0001731474065982657
2021-07-09,1,elasticnet,137,0.001410055008833844,-0.00017506337575622324
2021-07-12,1,elasticnet,137,0.005297023357869968,-0.00017507016997309543
2021-07-13,1,elasticnet,137,-0.003672503587595521,-0.0001744247193702374
2021-07-14,1,elasticnet,137,0.002269903152657626,-0.0001749614625031404
2021-07-15,1,elasticnet,137,0.000755490835135042,-0.00017449945575583148
2021-07-16,1,elasticnet,137,0.002155405511688357,-0.00017352108852623614
2021-07-19,1,elasticnet,137,0.0008608630683371032,-0.00017076943069299925
2021-07-20,1,elasticnet,137,-0.002369158980222608,-0.00017265142876659583
2021-07-21,1,elasticnet,137,0.0007544323254853325,-0.0001738879762373344
2021-07-22,1,elasticnet,137,0.0009691488401912807,-0.00017403744900852257
2021-07-23,1,elasticnet,137,-0.002802329921851587,-0.0001743703656352599
2021-07-26,1,elasticnet,137,-0.002377351454683208,-0.00017411218539411667
2021-07-27,1,elasticnet,137,-0.001190798516896407,-0.00017290281479086686
2021-07-28,1,elasticnet,137,-0.004995123862141959,-0.0001736162075624468
2021-07-29,1,elasticnet,137,0.003369019107925197,-0.00017403065479165038
2021-07-30,1,elasticnet,137,-0.001302790326485948,-0.00017366376708055213
2021-08-02,1,elasticnet,137,0.0003258567345403307,-0.00016837251714832792
2021-08-03,1,elasticnet,137,0.002061297176837229,-0.0001693372959441789
2021-08-04,1,elasticnet,137,-0.0003251856296611066,-0.00016938485546228422
2021-08-05,1,elasticnet,137,0.006052763831351449,-0.00016985365642646532
2021-08-06,1,elasticnet,137,0.001507483864677361,-0.00017062140293302278
2021-08-09,1,elasticnet,137,0.001290322759670559,-0.00017023413257130797
2021-08-10,1,elasticnet,137,-0.001505538514294358,-0.00017018657305320264
2021-08-11,1,elasticnet,137,0.001290600308200496,-0.0001706825508848725
2021-08-12,1,elasticnet,137,-0.005604670847170645,-0.00017100187907786543
2021-08-13,1,elasticnet,137,0.001188225902698292,-0.0001710969981140761
2021-08-16,1,elasticnet,137,0.005383303267629813,-0.00017064178558363937
2021-08-17,1,elasticnet,137,0.0001073710206647149,-0.00016942562076351737
2021-08-18,1,elasticnet,137,0.00460608173359045,-0.00016693893738829588
2021-08-19,1,elasticnet,137,-0.0007483829931800301,-0.00016687099521957397
2021-06-25,1,elasticnet,138,0.000435397851658692,-0.00016247252881666283
2021-06-28,1,elasticnet,138,0.00173969816629338,-0.00016238140660063054
2021-06-29,1,elasticnet,138,0.004227877727092988,-0.00016221217962799915
2021-06-30,1,elasticnet,138,0.001729356245953717,-0.0001623358454926144
2021-07-01,1,elasticnet,138,-0.00400368440450638,-0.00014726764598121782
2021-07-02,1,elasticnet,138,-0.0002168726965772194,-0.0001475345038995981
2021-07-05,1,elasticnet,138,0.003680454468456773,-0.0001475345038995981
2021-07-06,1,elasticnet,138,0.0009719748051786326,-0.00014664280792842495
2021-07-07,1,elasticnet,138,-0.002377608382564844,-0.00014679901744162318
2021-07-08,1,elasticnet,138,-0.00314278232128018,-0.00014497657312097738
2021-07-09,1,elasticnet,138,0.001410055008833844,-0.00014681203490105637
2021-07-12,1,elasticnet,138,0.005297023357869968,-0.00014681854363077294
2021-07-13,1,elasticnet,138,-0.003672503587595521,-0.0001462002143076967
2021-07-14,1,elasticnet,138,0.002269903152657626,-0.00014671440395530748
2021-07-15,1,elasticnet,138,0.000755490835135042,-0.0001462718103345792
2021-07-16,1,elasticnet,138,0.002155405511688357,-0.00014533455325538993
2021-07-19,1,elasticnet,138,0.0008608630683371032,-0.00014269851772017011
2021-07-20,1,elasticnet,138,-0.002369158980222608,-0.00014450143585166615
2021-07-21,1,elasticnet,138,0.0007544323254853325,-0.00014568602466008592
2021-07-22,1,elasticnet,138,0.0009691488401912807,-0.00014582921671385096
2021-07-23,1,elasticnet,138,-0.002802329921851587,-0.00014614814446996396
2021-07-26,1,elasticnet,138,-0.002377351454683208,-0.00014590081274073346
2021-07-27,1,elasticnet,138,-0.001190798516896407,-0.00014474225885118005
2021-07-28,1,elasticnet,138,-0.004995123862141959,-0.00014542567547142223
2021-07-29,1,elasticnet,138,0.003369019107925197,-0.00014582270798413436
2021-07-30,1,elasticnet,138,-0.001302790326485948,-0.00014547123657943838
2021-08-02,1,elasticnet,138,0.0003258567345403307,-0.0001412712078056436
2021-08-03,1,elasticnet,138,0.002061297176837229,-0.0001421954474253997
2021-08-04,1,elasticnet,138,-0.0003251856296611066,-0.00014224100853341585
2021-08-05,1,elasticnet,138,0.006052763831351449,-0.0001426901108838607
2021-08-06,1,elasticnet,138,0.001507483864677361,-0.0001434255973418356
2021-08-09,1,elasticnet,138,0.001290322759670559,-0.00014305459974798987
2021-08-10,1,elasticnet,138,-0.001505538514294358,-0.00014300903863997372
2021-08-11,1,elasticnet,138,0.001290600308200496,-0.00014348417590928492
2021-08-12,1,elasticnet,138,-0.005604670847170645,-0.00014379008620596476
2021-08-13,1,elasticnet,138,0.001188225902698292,-0.00014388120842199705
2021-08-16,1,elasticnet,138,0.005383303267629813,-0.00014344512353098537
2021-08-17,1,elasticnet,138,0.0001073710206647149,-0.0001422800609117154
2021-08-18,1,elasticnet,138,0.00460608173359045,-0.00013989786583544264
2021-08-19,1,elasticnet,138,-0.0007483829931800301,-0.00013983277853827673
2021-08-20,1,elasticnet,138,-0.005792143191040822,-0.0001418569934801369
2021-08-23,1,elasticnet,138,-0.000753295704170931,-0.0001427747243701764
2021-08-24,1,elasticnet,138,-0.0007538635864001719,-0.00014272916326216024
2021-08-25,1,elasticnet,138,0.002582312603473191,-0.00014300903863997372
2021-08-26,1,elasticnet,138,-0.003983854528761377,-0.00014167474904807232
2021-08-27,1,elasticnet,138,-0.0004316391563721211,-0.00014326938782863738
2021-08-30,1,elasticnet,138,-0.000215889465432717,-0.00014339956242296923
2021-08-31,1,elasticnet,138,-0.001945105432803018,-0.00014321080926118807
2021-09-01,1,elasticnet,138,-0.002490931054573764,-0.0001483464347651502
2021-09-02,1,elasticnet,138,-0.001953761611394711,-0.00014815117287365244
2021-09-03,1,elasticnet,138,0.0,-0.00014815117287365244
2021-09-06,1,elasticnet,138,0.005093481616062157,-0.00014815117287365244
2021-09-07,1,elasticnet,138,0.001512205948142054,-0.000147025162632682
2021-09-08,1,elasticnet,138,-0.001836547807301692,-0.00014714231976758064
2021-09-09,1,elasticnet,138,0.001080730679056785,-0.0001465955864713869
2021-09-10,1,elasticnet,138,0.001079563961051022,-0.0001451962095823196
2021-09-13,1,elasticnet,138,-0.0006475985115690364,-0.00014622458887754116
2021-09-14,1,elasticnet,138,-0.0007560620330995249,-0.00014616601031009182
2021-09-15,1,elasticnet,138,0.004097482549741294,-0.0001469991277138156
2021-09-16,1,elasticnet,138,0.002793898228316216,-0.0001466671824982694
2021-07-23,1,elasticnet,139,-0.002802329921851587,-0.00013139061864456727
2021-07-26,1,elasticnet,139,-0.002377351454683208,-0.0001311507892973281
2021-07-27,1,elasticnet,139,-0.001190798516896407,-0.00013002737814447098
2021-07-28,1,elasticnet,139,-0.004995123862141959,-0.00013069006449868443
2021-07-29,1,elasticnet,139,0.003369019107925197,-0.00013107505371398942
2021-07-30,1,elasticnet,139,-0.001302790326485948,-0.00013073424358896535
2021-08-02,1,elasticnet,139,0.0003258567345403307,-0.00012711701799156277
2021-08-03,1,elasticnet,139,0.002061297176837229,-0.00012801322239440387
2021-08-04,1,elasticnet,139,-0.0003251856296611066,-0.00012805740148468477
2021-08-05,1,elasticnet,139,0.006052763831351449,-0.00012849288108888218
2021-08-06,1,elasticnet,139,0.001507483864677361,-0.00012920605783198812
2021-08-09,1,elasticnet,139,0.001290322759670559,-0.00012884631381112938
2021-08-10,1,elasticnet,139,-0.001505538514294358,-0.00012880213472084848
2021-08-11,1,elasticnet,139,0.001290600308200496,-0.00012926285951949214
2021-08-12,1,elasticnet,139,-0.005604670847170645,-0.0001295594905542353
2021-08-13,1,elasticnet,139,0.001188225902698292,-0.0001296478487347971
2021-08-16,1,elasticnet,139,0.005383303267629813,-0.0001292249917278228
2021-08-17,1,elasticnet,139,0.0001073710206647149,-0.00012809526927635412
2021-08-18,1,elasticnet,139,0.00460608173359045,-0.00012578533398452428
2021-08-19,1,elasticnet,139,-0.0007483829931800301,-0.00012572222099840871
2021-08-20,1,elasticnet,139,-0.005792143191040822,-0.00012768503486660293
2021-08-23,1,elasticnet,139,-0.000753295704170931,-0.00012857492797083242
2021-08-24,1,elasticnet,139,-0.0007538635864001719,-0.00012853074888055153
2021-08-25,1,elasticnet,139,0.002582312603473191,-0.00012880213472084848
2021-08-26,1,elasticnet,139,-0.003983854528761377,-0.00012750831850547931
2021-08-27,1,elasticnet,139,-0.0004316391563721211,-0.00012905458666531076
2021-08-30,1,elasticnet,139,-0.000215889465432717,-0.0001291808126375419
2021-08-31,1,elasticnet,139,-0.001945105432803018,-0.00012899778497780674
2021-09-01,1,elasticnet,139,-0.002490931054573764,-0.00013412735803681032
2021-09-02,1,elasticnet,139,-0.001953761611394711,-0.00013393801907846359
2021-09-03,1,elasticnet,139,0.0,-0.00013393801907846359
2021-09-06,1,elasticnet,139,0.005093481616062157,-0.00013393801907846359
2021-09-07,1,elasticnet,139,0.001512205948142054,-0.00013284616441866425
2021-09-08,1,elasticnet,139,-0.001836547807301692,-0.00013295976779367227
2021-09-09,1,elasticnet,139,0.001080730679056785,-0.00013242961871030151
2021-09-10,1,elasticnet,139,0.001079563961051022,-0.00013107268950881678
2021-09-13,1,elasticnet,139,-0.0006475985115690364,-0.00013206987468944274
2021-09-14,1,elasticnet,139,-0.0007560620330995249,-0.00013201307300193875
2021-09-15,1,elasticnet,139,0.004097482549741294,-0.00013282091922421803
2021-09-16,1,elasticnet,139,0.002793898228316216,-0.00013249904299502863
2021-09-17,1,elasticnet,139,0.000965302804617707,-0.00013116104768937857
2021-09-20,1,elasticnet,139,-0.0008580009106360365,-0.00012806851136971568
2021-09-21,1,elasticnet,139,0.002785815580733875,-0.00012892053668227586
2021-09-22,1,elasticnet,139,-0.00461151549181249,-0.00013112317989770922
2021-09-23,1,elasticnet,139,0.0032195777971884,-0.00013253691078669795
2021-09-24,1,elasticnet,139,0.0005355899651355855,-0.00013309230506451498
2021-09-27,1,elasticnet,139,0.004167785888742337,-0.00013245486390474774
2021-09-28,1,elasticnet,139,0.006060302424581998,-0.0001296210908281587
2021-09-29,1,elasticnet,139,-0.001166675637450432,-0.0001300565704323561
2021-09-30,1,elasticnet,139,-0.002018378546796207,-0.00012969051511288582
2021-10-01,1,elasticnet,139,-0.002768610010428496,-0.00010958191699904531
2021-10-04,1,elasticnet,139,0.002023968733532833,-0.00010843957195035352
2021-10-05,1,elasticnet,139,0.0031874230130855,-0.00010948724751987197
2021-10-06,1,elasticnet,139,-0.0005305321361639415,-0.00010967658647821868
2021-10-07,1,elasticnet,139,-0.001593287288034873,-0.00011059803607550597
2021-10-08,1,elasticnet,139,0.002654070245255546,-0.00011108400606859586
2021-10-11,1,elasticnet,139,0.002118196089591073,-0.00011030771633937436
2021-10-12,1,elasticnet,139,-0.004665968168390044,-0.00011040238581854771
2021-10-13,1,elasticnet,139,-0.001276324359604786,-0.0001111660529505461
2021-10-14,1,elasticnet,139,-0.0002128791918627471,-0.00011228946410340323
2021-08-20,1,elasticnet,140,-0.005792143191040822,-0.0001230627788768139
2021-08-23,1,elasticnet,140,-0.000753295704170931,-0.00012394787425306695
2021-08-24,1,elasticnet,140,-0.0007538635864001719,-0.0001239039333478629
2021-08-25,1,elasticnet,140,0.002582312603473191,-0.00012417385605125922
2021-08-26,1,elasticnet,140,-0.003983854528761377,-0.0001228870152559977
2021-08-27,1,elasticnet,140,-0.0004316391563721211,-0.00012442494693813951
2021-08-30,1,elasticnet,140,-0.000215889465432717,-0.00012455049238157967
2021-08-31,1,elasticnet,140,-0.001945105432803018,-0.00012436845148859144
2021-09-01,1,elasticnet,140,-0.002490931054573764,-0.00012948468031463898
2021-09-02,1,elasticnet,140,-0.001953761611394711,-0.00012929636214947877
2021-09-03,1,elasticnet,140,0.0,-0.00012929636214947877
2021-09-06,1,elasticnet,140,0.005093481616062157,-0.00012929636214947877
2021-09-07,1,elasticnet,140,0.001512205948142054,-0.00012821039406372148
2021-09-08,1,elasticnet,140,-0.001836547807301692,-0.0001283233849628176
2021-09-09,1,elasticnet,140,0.001080730679056785,-0.000127796094100369
2021-09-10,1,elasticnet,140,0.001079563961051022,-0.00012644648058338738
2021-09-13,1,elasticnet,140,-0.0006475985115690364,-0.00012743828958656456
2021-09-14,1,elasticnet,140,-0.0007560620330995249,-0.0001273817941370165
2021-09-15,1,elasticnet,140,0.004097482549741294,-0.00012818528497503343
2021-09-16,1,elasticnet,140,0.002793898228316216,-0.00012786514409426106
2021-09-17,1,elasticnet,140,0.000965302804617707,-0.0001265343623937955
2021-09-20,1,elasticnet,140,-0.0008580009106360365,-0.00012345849902951184
2021-09-21,1,elasticnet,140,0.002785815580733875,-0.00012430593077273285
2021-09-22,1,elasticnet,140,-0.00461151549181249,-0.00012649669876076345
2021-09-23,1,elasticnet,140,0.0032195777971884,-0.00012790280772729311
2021-09-24,1,elasticnet,140,0.0005355899651355855,-0.00012845520767842977
2021-09-27,1,elasticnet,140,0.004167785888742337,-0.00012782120318905702
2021-09-28,1,elasticnet,140,0.006060302424581998,-0.00012500270798382568
2021-09-29,1,elasticnet,140,-0.001166675637450432,-0.0001254358397636942
2021-09-30,1,elasticnet,140,-0.002018378546796207,-0.00012507175797771776
2021-10-01,1,elasticnet,140,-0.002768610010428496,-0.00010587742347471449
2021-10-04,1,elasticnet,140,0.002023968733532833,-0.00010474123721158115
2021-10-05,1,elasticnet,140,0.0031874230130855,-0.00010578326439213438
2021-10-06,1,elasticnet,140,-0.0005305321361639415,-0.0001059715825572946
2021-10-07,1,elasticnet,140,-0.001593287288034873,-0.00010688806429440769
2021-10-08,1,elasticnet,140,0.002654070245255546,-0.00010737141425165225
2021-10-11,1,elasticnet,140,0.002118196089591073,-0.00010659930977449535
2021-10-12,1,elasticnet,140,-0.004665968168390044,-0.00010669346885707545
2021-10-13,1,elasticnet,140,-0.001276324359604786,-0.00010745301878988835
2021-10-14,1,elasticnet,140,-0.0002128791918627471,-0.00010857037323650568
2021-10-15,1,elasticnet,140,0.0001064452606254207,-0.0001089219004781381
2021-10-18,1,elasticnet,140,-0.002344417101079799,-0.00010891562320596609
2021-10-19,1,elasticnet,140,-0.001815367042416582,-0.00010929853680845855
2021-10-20,1,elasticnet,140,0.002242033715555536,-0.0001094303595240707
2021-10-21,1,elasticnet,140,-0.001387332808823416,-0.00010973166858832706
2021-10-22,1,elasticnet,140,0.001813817515149196,-0.00010946802315710274
2021-10-25,1,elasticnet,140,0.001491265721615065,-0.00010958729132837088
2021-10-26,1,elasticnet,140,-0.001597869847295819,-0.00010912277318764233
2021-10-27,1,elasticnet,140,-0.004808986024446682,-0.00010849504597044159
2021-10-28,1,elasticnet,140,0.008214693871429368,-0.00010877752321818192
2021-10-29,1,elasticnet,140,-0.002553192876338706,-0.00010894700956682612
2021-11-01,1,elasticnet,140,0.002234400035852069,-9.829078474510505e-05
2021-11-02,1,elasticnet,140,-0.002447460652403421,-9.852932108764133e-05
2021-11-03,1,elasticnet,140,0.005206961448287473,-9.911310739963802e-05
2021-11-04,1,elasticnet,140,-0.0003180155854431987,-9.889968014578976e-05
2021-11-05,1,elasticnet,140,-0.002866700482075935,-9.8246843839901e-05
2021-11-08,1,elasticnet,140,-0.0009573959563278223,-9.778232569917245e-05
2021-11-09,1,elasticnet,140,0.00942753659031137,-9.743079845754003e-05
2021-11-10,1,elasticnet,140,0.003473139311941154,-9.683445760119933e-05
2021-11-11,1,elasticnet,140,-0.0005254584745983948,-9.750612572360412e-05
2021-09-17,1,elasticnet,141,0.000965302804617707,-0.00013013046475727772
2021-09-20,1,elasticnet,141,-0.0008580009106360365,-0.0001270422900372947
2021-09-21,1,elasticnet,141,0.002785815580733875,-0.00012789311368463697
2021-09-22,1,elasticnet,141,-0.00461151549181249,-0.0001300926503729514
2021-09-23,1,elasticnet,141,0.0032195777971884,-0.0001315043873878008
2021-09-24,1,elasticnet,141,0.0005355899651355855,-0.00013205899835792018
2021-09-27,1,elasticnet,141,0.004167785888742337,-0.00013142245622176042
2021-09-28,1,elasticnet,141,0.006060302424581998,-0.00012859267979467394
2021-09-29,1,elasticnet,141,-0.001166675637450432,-0.00012902754521442665
2021-09-30,1,elasticnet,141,-0.002018378546796207,-0.00012866200616593886
2021-10-01,1,elasticnet,141,-0.002768610010428496,-0.00010959772918550206
2021-10-04,1,elasticnet,141,0.002023968733532833,-0.00010845699525832464
2021-10-05,1,elasticnet,141,0.0031874230130855,-0.00010950319322468625
2021-10-06,1,elasticnet,141,-0.0005305321361639415,-0.00010969226514631786
2021-10-07,1,elasticnet,141,-0.001593287288034873,-0.00011061241516492504
2021-10-08,1,elasticnet,141,0.002654070245255546,-0.00011109769976377952
2021-10-11,1,elasticnet,141,0.002118196089591073,-0.0001103225048850899
2021-10-12,1,elasticnet,141,-0.004665968168390044,-0.0001104170408459057
2021-10-13,1,elasticnet,141,-0.001276324359604786,-0.00011117963092981988
2021-10-14,1,elasticnet,141,-0.0002128791918627471,-0.00011230145766483413
2021-10-15,1,elasticnet,141,0.0001064452606254207,-0.00011265439191854648
2021-10-18,1,elasticnet,141,-0.002344417101079799,-0.00011264808952115875
2021-10-19,1,elasticnet,141,-0.001815367042416582,-0.0001130325357618097
2021-10-20,1,elasticnet,141,0.002242033715555536,-0.00011316488610695183
2021-10-21,1,elasticnet,141,-0.001387332808823416,-0.0001134674011815624
2021-10-22,1,elasticnet,141,0.001813817515149196,-0.00011320270049127815
2021-10-25,1,elasticnet,141,0.001491265721615065,-0.00011332244604164485
2021-10-26,1,elasticnet,141,-0.001597869847295819,-0.00011285606863495353
2021-10-27,1,elasticnet,141,-0.004808986024446682,-0.00011222582889618149
2021-10-28,1,elasticnet,141,0.008214693871429368,-0.00011250943677862889
2021-10-29,1,elasticnet,141,-0.002553192876338706,-0.00011267960150809736
2021-11-01,1,elasticnet,141,0.002234400035852069,-0.00010383539042997585
2021-11-02,1,elasticnet,141,-0.002447460652403421,-0.00010407488153070922
2021-11-03,1,elasticnet,141,0.005206961448287473,-0.00010466100448776722
2021-11-04,1,elasticnet,141,-0.0003180155854431987,-0.00010444672297658472
2021-11-05,1,elasticnet,141,-0.002866700482075935,-0.00010379127364826179
2021-11-08,1,elasticnet,141,-0.0009573959563278223,-0.00010332489624157048
2021-11-09,1,elasticnet,141,0.00942753659031137,-0.00010297196198785813
2021-11-10,1,elasticnet,141,0.003473139311941154,-0.00010237323423602469
2021-11-11,1,elasticnet,141,-0.0005254584745983948,-0.00010304759075651079
2021-11-12,1,elasticnet,141,0.002939017545388722,-0.00010391101919862849
2021-11-15,1,elasticnet,141,0.00533111595550384,-0.00010378497125087407
2021-11-16,1,elasticnet,141,-0.0009387223635872743,-0.00010386060001952672
2021-11-17,1,elasticnet,141,-0.003030780393855181,-0.0001033942226128354
2021-11-18,1,elasticnet,141,0.00511563468806564,-0.00010309170753822482
2021-11-19,1,elasticnet,141,0.005400366224641573,-0.00010289003082181777
2021-11-22,1,elasticnet,141,-0.0006216328422308237,-0.00010209592875096499
2021-11-23,1,elasticnet,141,0.004033723212544693,-0.00010196357840582286
2021-11-24,1,elasticnet,141,-0.001136070351986262,-0.0001024677701968405
2021-11-25,1,elasticnet,141,-0.007051776603674398,-0.0001024677701968405
2021-11-26,1,elasticnet,141,0.002598348912898452,-9.614016321956915e-05
2021-11-29,1,elasticnet,141,-0.003639581826629268,-9.970732014101893e-05
2021-11-30,1,elasticnet,141,0.0004166232744360343,-9.704140604601319e-05
2021-12-01,1,elasticnet,141,0.001352828137015649,-7.084960439835939e-05
2021-12-02,1,elasticnet,141,-0.0004160599186286973,-7.284746437026677e-05
2021-12-03,1,elasticnet,141,0.002182385901263295,-7.113321228080681e-05
2021-12-06,1,elasticnet,141,0.0004151530936642445,-7.333274896912126e-05
2021-12-07,1,elasticnet,141,-0.004993248697606312,-7.666671718722538e-05
2021-12-08,1,elasticnet,141,0.003955042624284921,-7.792089426738174e-05
2021-12-09,1,elasticnet,141,-0.001767427813628153,-7.68620915062447e-05
2021-10-15,1,elasticnet,142,0.0001064452606254207,-0.0001091975519011976
2021-10-18,1,elasticnet,142,-0.002344417101079799,-0.00010919124149747454
2021-10-19,1,elasticnet,142,-0.001815367042416582,-0.00010957617612458121
2021-10-20,1,elasticnet,142,0.002242033715555536,-0.00010970869460276547
2021-10-21,1,elasticnet,142,-0.001387332808823416,-0.00011001159398147238
2021-10-22,1,elasticnet,142,0.001813817515149196,-0.00010974655702510383
2021-10-25,1,elasticnet,142,0.001491265721615065,-0.00010986645469584198
2021-10-26,1,elasticnet,142,-0.001597869847295819,-0.00010939948482033553
2021-10-27,1,elasticnet,142,-0.004808986024446682,-0.00010876844444802951
2021-10-28,1,elasticnet,142,0.008214693871429368,-0.00010905241261556721
2021-10-29,1,elasticnet,142,-0.002553192876338706,-0.00010922279351608985
2021-11-01,1,elasticnet,142,0.002234400035852069,-9.862583374120602e-05
2021-11-02,1,elasticnet,142,-0.002447460652403421,-9.88656290826823e-05
2021-11-03,1,elasticnet,142,0.005206961448287473,-9.945249662892692e-05
2021-11-04,1,elasticnet,142,-0.0003180155854431987,-9.923794290234286e-05
2021-11-05,1,elasticnet,142,-0.002866700482075935,-9.85816609151446e-05
2021-11-08,1,elasticnet,142,-0.0009573959563278223,-9.811469103963814e-05
2021-11-09,1,elasticnet,142,0.00942753659031137,-9.776130843114677e-05
2021-11-10,1,elasticnet,142,0.003473139311941154,-9.716182007745604e-05
2021-11-11,1,elasticnet,142,-0.0005254584745983948,-9.78370332758235e-05
2021-11-12,1,elasticnet,142,0.002939017545388722,-9.870155858588274e-05
2021-11-15,1,elasticnet,142,0.00533111595550384,-9.857535051142153e-05
2021-11-16,1,elasticnet,142,-0.0009387223635872743,-9.865107535609826e-05
2021-11-17,1,elasticnet,142,-0.003030780393855181,-9.818410548059181e-05
2021-11-18,1,elasticnet,142,0.00511563468806564,-9.788120610188491e-05
2021-11-19,1,elasticnet,142,0.005400366224641573,-9.767927318274698e-05
2021-11-22,1,elasticnet,142,-0.0006216328422308237,-9.68841623136414e-05
2021-11-23,1,elasticnet,142,0.004033723212544693,-9.675164383545714e-05
2021-11-24,1,elasticnet,142,-0.001136070351986262,-9.725647613330195e-05
2021-11-25,1,elasticnet,142,-0.007051776603674398,-9.725647613330195e-05
2021-11-26,1,elasticnet,142,0.002598348912898452,-9.09208307953495e-05
2021-11-29,1,elasticnet,142,-0.003639581826629268,-9.449251930260157e-05
2021-11-30,1,elasticnet,142,0.0004166232744360343,-9.18232185277471e-05
2021-12-01,1,elasticnet,142,0.001352828137015649,-6.588212535765215e-05
2021-12-02,1,elasticnet,142,-0.0004160599186286973,-6.788252333786223e-05
2021-12-03,1,elasticnet,142,0.002182385901263295,-6.616609352518985e-05
2021-12-06,1,elasticnet,142,0.0004151530936642445,-6.836842442453787e-05
2021-12-07,1,elasticnet,142,-0.004993248697606312,-7.170662799403673e-05
2021-12-08,1,elasticnet,142,0.003955042624284921,-7.296239833492571e-05
2021-12-09,1,elasticnet,142,-0.001767427813628153,-7.190225050945159e-05
2021-12-10,1,elasticnet,142,0.002286665584263936,-7.3725957185416e-05
2021-12-13,1,elasticnet,142,0.002592152418316118,-7.270367178228025e-05
2021-12-14,1,elasticnet,142,-0.0006215040597821186,-7.170662799403673e-05
2021-12-15,1,elasticnet,142,-0.00488185856599177,-7.334733296203239e-05
2021-12-16,1,elasticnet,142,0.005503362625773889,-7.253960128548068e-05
2021-12-17,1,elasticnet,142,-0.0002071251043034295,-7.190856091317465e-05
2021-12-20,1,elasticnet,142,-0.0006216328422308237,-7.108820842917683e-05
2021-12-21,1,elasticnet,142,-0.004258198260564505,-7.226194352166602e-05
2021-12-22,1,elasticnet,142,-0.0006246746689333449,-7.376381960775436e-05
2021-12-23,1,elasticnet,142,0.0007287491863818829,-7.41866166571994e-05
2021-12-27,1,elasticnet,142,0.001144105382484106,-7.436330796144507e-05
2021-12-28,1,elasticnet,142,-0.002810598841803902,-7.445165361356793e-05
2021-12-29,1,elasticnet,142,0.0004168837996800789,-7.482396743322847e-05
2021-12-30,1,elasticnet,142,0.0,-7.458417209175219e-05
2021-12-31,1,elasticnet,142,0.002497659743636582,-7.465358653270585e-05
2022-01-03,1,elasticnet,142,0.0005195615017896671,-6.573768048343597e-05
2022-01-04,1,elasticnet,142,-0.0009354051505727767,-6.554205796802111e-05
2022-01-05,1,elasticnet,142,0.001558522836120346,-6.376252411811812e-05
2022-01-06,1,elasticnet,142,-0.006248718520337704,-6.383824896279485e-05
2022-01-07,1,elasticnet,142,0.002816756335272785,-6.437463327925497e-05
2021-11-12,1,elasticnet,143,0.002939017545388722,-8.767123730317305e-05
2021-11-15,1,elasticnet,143,0.00533111595550384,-8.754697362606874e-05
2021-11-16,1,elasticnet,143,-0.0009387223635872743,-8.762153183233133e-05
2021-11-17,1,elasticnet,143,-0.003030780393855181,-8.716175622704537e-05
2021-11-18,1,elasticnet,143,0.00511563468806564,-8.686352340199502e-05
2021-11-19,1,elasticnet,143,0.005400366224641573,-8.666470151862811e-05
2021-11-22,1,elasticnet,143,-0.0006216328422308237,-8.588184035287092e-05
2021-11-23,1,elasticnet,143,0.004033723212544693,-8.575136349191139e-05
2021-11-24,1,elasticnet,143,-0.001136070351986262,-8.624841820032865e-05
2021-11-25,1,elasticnet,143,-0.007051776603674398,-8.624841820032865e-05
2021-11-26,1,elasticnet,143,0.002598348912898452,-8.001038160969205e-05
2021-11-29,1,elasticnet,143,-0.003639581826629268,-8.352704367174416e-05
2021-11-30,1,elasticnet,143,0.0004166232744360343,-8.08988669009879e-05
2021-12-01,1,elasticnet,143,0.001352828137015649,-5.404013989992184e-05
2021-12-02,1,elasticnet,143,-0.0004160599186286973,-5.6009719182025224e-05
2021-12-03,1,elasticnet,143,0.002182385901263295,-5.431973317340654e-05
2021-12-06,1,elasticnet,143,0.0004151530936642445,-5.6488134338876834e-05
2021-12-07,1,elasticnet,143,-0.004993248697606312,-5.9774908598285965e-05
2021-12-08,1,elasticnet,143,0.003955042624284921,-6.10113321854739e-05
2021-12-09,1,elasticnet,143,-0.001767427813628153,-5.996751729779766e-05
2021-12-10,1,elasticnet,143,0.002286665584263936,-6.1763127431955e-05
2021-12-13,1,elasticnet,143,0.002592152418316118,-6.075659164741006e-05
2021-12-14,1,elasticnet,143,-0.0006215040597821186,-5.9774908598285965e-05
2021-12-15,1,elasticnet,143,-0.00488185856599177,-6.139033640064206e-05
2021-12-16,1,elasticnet,143,0.005503362625773889,-6.059504886717444e-05
2021-12-17,1,elasticnet,143,-0.0002071251043034295,-5.997373048165287e-05
2021-12-20,1,elasticnet,143,-0.0006216328422308237,-5.916601658047482e-05
2021-12-21,1,elasticnet,143,-0.004258198260564505,-6.032166877754495e-05
2021-12-22,1,elasticnet,143,-0.0006246746689333449,-6.18004065350863e-05
2021-12-23,1,elasticnet,143,0.0007287491863818829,-6.221668985338575e-05
2021-12-27,1,elasticnet,143,0.001144105382484106,-6.23906590013318e-05
2021-12-28,1,elasticnet,143,-0.002810598841803902,-6.247764357530482e-05
2021-12-29,1,elasticnet,143,0.0004168837996800789,-6.284422142276254e-05
2021-12-30,1,elasticnet,143,0.0,-6.260812043626435e-05
2021-12-31,1,elasticnet,143,0.002497659743636582,-6.267646545867172e-05
2022-01-03,1,elasticnet,143,0.0005195615017896671,-5.340619571663285e-05
2022-01-04,1,elasticnet,143,-0.0009354051505727767,-5.3213587017121144e-05
2022-01-05,1,elasticnet,143,0.001558522836120346,-5.146146916995033e-05
2022-01-06,1,elasticnet,143,-0.006248718520337704,-5.15360273762129e-05
2022-01-07,1,elasticnet,143,0.002816756335272785,-5.2064148003906245e-05
2022-01-10,1,elasticnet,143,-0.003862016177488492,-5.166650423717243e-05
2022-01-11,1,elasticnet,143,-0.007347571630393901,-5.22816094388388e-05
2022-01-12,1,elasticnet,143,-0.00137051310261338,-5.277245096340085e-05
2022-01-13,1,elasticnet,143,0.004000847619302306,-5.1101104506347814e-05
2022-01-14,1,elasticnet,143,0.0009452292884626345,-5.1796981098131966e-05
2022-01-17,1,elasticnet,143,0.004921733585547372,-5.1796981098131966e-05
2022-01-18,1,elasticnet,143,-0.002300774911615733,-4.956023491025429e-05
2022-01-19,1,elasticnet,143,0.002405229917716412,-4.8901637421601435e-05
2022-01-20,1,elasticnet,143,-0.001045041374238664,-4.7820543430793894e-05
2022-01-21,1,elasticnet,143,0.002923368129134296,-4.579504549399356e-05
2022-01-24,1,elasticnet,143,0.0003127117344501329,-4.514266118919589e-05
2022-01-25,1,elasticnet,143,0.004575239342168302,-4.435980002343872e-05
2022-01-26,1,elasticnet,143,0.008882520702679031,-4.386274531502146e-05
2022-01-27,1,elasticnet,143,0.000205634382792752,-4.4776083341738167e-05
2022-01-28,1,elasticnet,143,-0.0075331866490016,-4.653441437276422e-05
2022-01-31,1,elasticnet,143,-0.001554968436470183,-4.829274540379028e-05
2022-02-01,1,elasticnet,143,-0.004679465721959097,-4.8886021578262024e-05
2022-02-02,1,elasticnet,143,-0.005854083203839622,-4.880525018814423e-05
2022-02-03,1,elasticnet,143,0.001152617092032848,-4.740107063686546e-05
2022-02-04,1,elasticnet,143,-0.000942951507870049,-4.8103160412504836e-05
2021-12-10,1,elasticnet,144,0.002286665584263936,0.00014325352303825044
2021-12-13,1,elasticnet,144,0.002592152418316118,0.0001445682451746238
2021-12-14,1,elasticnet,144,-0.0006215040597821186,0.00014543843680851868
2021-12-15,1,elasticnet,144,-0.00488185856599177,0.000144179612392707
2021-12-16,1,elasticnet,144,0.005503362625773889,0.00014519362346624646
2021-12-17,1,elasticnet,144,-0.0002071251043034295,0.00014557005934507234
2021-12-20,1,elasticnet,144,-0.0006216328422308237,0.00014519581166738075
2021-12-21,1,elasticnet,144,-0.004258198260564505,0.00014429490895564512
2021-12-22,1,elasticnet,144,-0.0006246746689333449,0.00014284347748782513
2021-12-23,1,elasticnet,144,0.0007287491863818829,0.00014243488123427916
2021-12-27,1,elasticnet,144,0.001144105382484106,0.00014296435241816728
2021-12-28,1,elasticnet,144,-0.002810598841803902,0.00014264556482081046
2021-12-29,1,elasticnet,144,0.0004168837996800789,0.00014275257473106884
2021-12-30,1,elasticnet,144,0.0,0.00014321772516551673
2021-12-31,1,elasticnet,144,0.002497659743636582,0.00014282386921250822
2022-01-03,1,elasticnet,144,0.0005195615017896671,0.00018039739402905944
2022-01-04,1,elasticnet,144,-0.0009354051505727767,0.0001795127633586552
2022-01-05,1,elasticnet,144,0.001558522836120346,0.0001809991174187552
2022-01-06,1,elasticnet,144,-0.006248718520337704,0.00018045911744876897
2022-01-07,1,elasticnet,144,0.002816756335272785,0.00018017415834312503
2022-01-10,1,elasticnet,144,-0.003862016177488492,0.0001804244136766024
2022-01-11,1,elasticnet,144,-0.007347571630393901,0.0001785135750295678
2022-01-12,1,elasticnet,144,-0.00137051310261338,0.0001782652066331966
2022-01-13,1,elasticnet,144,0.004000847619302306,0.00017990569009892593
2022-01-14,1,elasticnet,144,0.0009452292884626345,0.00017889589053982568
2022-01-17,1,elasticnet,144,0.004921733585547372,0.00017838239013324097
2022-01-18,1,elasticnet,144,-0.002300774911615733,0.00018048446897931915
2022-01-19,1,elasticnet,144,0.002405229917716412,0.00017973044918881615
2022-01-20,1,elasticnet,144,-0.001045041374238664,0.000180418124916574
2022-01-21,1,elasticnet,144,0.002923368129134296,0.00018287303867183533
2022-01-24,1,elasticnet,144,0.0003127117344501329,0.00018351337608410885
2022-01-25,1,elasticnet,144,0.004575239342168302,0.00018320809831052354
2022-01-26,1,elasticnet,144,0.008882520702679031,0.000183369201448152
2022-01-27,1,elasticnet,144,0.000205634382792752,0.00018223931979524877
2022-01-28,1,elasticnet,144,-0.0075331866490016,0.00018121368583504398
2022-01-31,1,elasticnet,144,-0.001554968436470183,0.00017972123332339856
2022-02-01,1,elasticnet,144,-0.004679465721959097,0.0001721615103754158
2022-02-02,1,elasticnet,144,-0.005854083203839622,0.00017331447291382034
2022-02-03,1,elasticnet,144,0.001152617092032848,0.00017413254070136597
2022-02-04,1,elasticnet,144,-0.000942951507870049,0.00017190291445697453
2022-02-07,1,elasticnet,144,0.002512564135883188,0.00017238359802849892
2022-02-08,1,elasticnet,144,-0.001569612628013139,0.0001686700247452552
2022-02-09,1,elasticnet,144,0.0006281407241708337,0.00016800086319224714
2022-02-10,1,elasticnet,144,0.00553150708544603,0.00016434111038397592
2022-02-11,1,elasticnet,144,0.003013772091468248,0.00016812562295234675
2022-02-14,1,elasticnet,144,-0.003950930487750526,0.00016787689935966337
2022-02-15,1,elasticnet,144,-0.003025720916537189,0.00016510596022460515
2022-02-16,1,elasticnet,144,0.001044386517905949,0.00016578657977644925
2022-02-17,1,elasticnet,144,0.002502086376238388,0.00016895646165940894
2022-02-18,1,elasticnet,144,0.0004164064186751304,0.00016906369038978078
2022-02-21,1,elasticnet,144,-0.000520535121846244,0.00016967055450665367
2022-02-22,1,elasticnet,144,0.001664759514642178,0.00016985017181903197
2022-02-23,1,elasticnet,144,0.009827834753075138,0.0001711979296105791
2022-02-24,1,elasticnet,144,-0.005470981388180363,0.000172311539222151
2022-02-25,1,elasticnet,144,0.001034554199453197,0.00016943293371649406
2022-02-28,1,elasticnet,144,0.007212065053992411,0.00017220786554587815
2022-03-01,1,elasticnet,144,-0.0002053388097564834,0.0002456823903269026
2022-03-02,1,elasticnet,144,0.004098786351075745,0.0002439689442627412
2022-03-03,1,elasticnet,144,0.008755910144440548,0.00024240992886823712
2022-03-04,1,elasticnet,144,0.006466628576879074,0.00024472515225437843
2022-01-10,1,elasticnet,145,-0.003862016177488492,-5.502984670479157e-05
2022-01-11,1,elasticnet,145,-0.007347571630393901,-5.564068911289155e-05
2022-01-12,1,elasticnet,145,-0.00137051310261338,-5.612812901430465e-05
2022-01-13,1,elasticnet,145,0.004000847619302306,-5.4468365299366325e-05
2022-01-14,1,elasticnet,145,0.0009452292884626345,-5.515941933681277e-05
2022-01-17,1,elasticnet,145,0.004921733585547372,-5.515941933681277e-05
2022-01-18,1,elasticnet,145,-0.002300774911615733,-5.293817421644921e-05
2022-01-19,1,elasticnet,145,0.002405229917716412,-5.228414093100882e-05
2022-01-20,1,elasticnet,145,-0.001045041374238664,-5.121053912283311e-05
2022-01-21,1,elasticnet,145,0.002923368129134296,-4.91990782638372e-05
2022-01-24,1,elasticnet,145,0.0003127117344501329,-4.855121510373116e-05
2022-01-25,1,elasticnet,145,0.004575239342168302,-4.7773779311603915e-05
2022-01-26,1,elasticnet,145,0.008882520702679031,-4.728016928485646e-05
2022-01-27,1,elasticnet,145,0.000205634382792752,-4.818717770900492e-05
2022-01-28,1,elasticnet,145,-0.0075331866490016,-4.993332317862405e-05
2022-01-31,1,elasticnet,145,-0.001554968436470183,-5.167946864824318e-05
2022-02-01,1,elasticnet,145,-0.004679465721959097,-5.17935348419591e-05
2022-02-02,1,elasticnet,145,-0.005854083203839622,-5.171332321261264e-05
2022-02-03,1,elasticnet,145,0.001152617092032848,-5.031887488705107e-05
2022-02-04,1,elasticnet,145,-0.000942951507870049,-5.1016099049831855e-05
2022-02-07,1,elasticnet,145,0.002512564135883188,-5.123822356186821e-05
2022-02-08,1,elasticnet,145,-0.001569612628013139,-5.211438135934495e-05
2022-02-09,1,elasticnet,145,0.0006281407241708337,-5.302755990882775e-05
2022-02-10,1,elasticnet,145,0.00553150708544603,-5.0590360401762174e-05
2022-02-11,1,elasticnet,145,0.003013772091468248,-4.8461667161413756e-05
2022-02-14,1,elasticnet,145,-0.003950930487750526,-4.786316500398247e-05
2022-02-15,1,elasticnet,145,-0.003025720916537189,-4.948590796691474e-05
2022-02-16,1,elasticnet,145,0.001044386517905949,-5.035589563905713e-05
2022-02-17,1,elasticnet,145,0.002502086376238388,-4.799890776133802e-05
2022-02-18,1,elasticnet,145,0.0004164064186751304,-4.8221032273374373e-05
2022-02-21,1,elasticnet,145,-0.000520535121846244,-4.8221032273374373e-05
2022-02-22,1,elasticnet,145,0.001664759514642178,-4.7566998987933986e-05
2022-02-23,1,elasticnet,145,0.009827834753075138,-4.6203401289044127e-05
2022-02-24,1,elasticnet,145,-0.005470981388180363,-4.663531006244816e-05
2022-02-25,1,elasticnet,145,0.001034554199453197,-4.831975427872387e-05
2022-02-28,1,elasticnet,145,0.007212065053992411,-4.674020219313199e-05
2022-03-01,1,elasticnet,145,-0.0002053388097564834,-2.8070958365109433e-05
2022-03-02,1,elasticnet,145,0.004098786351075745,-2.9662850701370013e-05
2022-03-03,1,elasticnet,145,0.008755910144440548,-2.9823273960062917e-05
2022-03-04,1,elasticnet,145,0.006466628576879074,-2.889775515991144e-05
2022-03-07,1,elasticnet,145,-0.002319133885411162,-2.613970913545999e-05
2022-03-08,1,elasticnet,145,-0.01106441780354128,-2.6954165679593322e-05
2022-03-09,1,elasticnet,145,0.005496756511036871,-2.860775926919731e-05
2022-03-10,1,elasticnet,145,0.006173171453299098,-2.9977527093421496e-05
2022-03-11,1,elasticnet,145,-0.001211387186296875,-2.965668057603566e-05
2022-03-14,1,elasticnet,145,0.001009591201352578,-2.902732779193264e-05
2022-03-15,1,elasticnet,145,-0.004855360539962383,-3.0224332106795244e-05
2022-03-16,1,elasticnet,145,-0.006612771439429288,-3.217409171244769e-05
2022-03-17,1,elasticnet,145,0.002650358330227753,-3.279110424588203e-05
2022-03-18,1,elasticnet,145,0.002744880491264645,-3.390172680606379e-05
2022-03-21,1,elasticnet,145,-0.0001015279964322602,-3.4111511067431484e-05
2022-03-22,1,elasticnet,145,0.00131906061436915,-3.447554846215773e-05
2022-03-23,1,elasticnet,145,0.001722304260402652,-3.40868305660941e-05
2022-03-24,1,elasticnet,145,0.0,-3.525915437961933e-05
2022-03-25,1,elasticnet,145,0.003032143014425337,-3.5789785158372826e-05
2022-03-28,1,elasticnet,145,-0.006987724012600616,-3.651785994782534e-05
2022-03-29,1,elasticnet,145,-0.00621848173402384,-3.69682790972324e-05
2022-03-30,1,elasticnet,145,0.0053034290546492,-3.6702963707855625e-05
2022-03-31,1,elasticnet,145,0.003249723587069653,-3.5944038291731406e-05
2022-04-01,1,elasticnet,145,0.003744375168687419,-1.668300539195056e-05
2022-02-07,1,elasticnet,146,0.002512564135883188,-7.16849593252866e-05
2022-02-08,1,elasticnet,146,-0.001569612628013139,-7.2601260560252e-05
2022-02-09,1,elasticnet,146,0.0006281407241708337,-7.355627874880748e-05
2022-02-10,1,elasticnet,146,0.00553150708544603,-7.100741263746007e-05
2022-02-11,1,elasticnet,146,0.003013772091468248,-6.878118780603006e-05
2022-02-14,1,elasticnet,146,-0.003950930487750526,-6.815526372299032e-05
2022-02-15,1,elasticnet,146,-0.003025720916537189,-6.985235685535581e-05
2022-02-16,1,elasticnet,146,0.001044386517905949,-7.076220526472286e-05
2022-02-17,1,elasticnet,146,0.002502086376238388,-6.829722588615397e-05
2022-02-18,1,elasticnet,146,0.0004164064186751304,-6.85295276076945e-05
2022-02-21,1,elasticnet,146,-0.000520535121846244,-6.85295276076945e-05
2022-02-22,1,elasticnet,146,0.001664759514642178,-6.784552809426962e-05
2022-02-23,1,elasticnet,146,0.009827834753075138,-6.641945363703474e-05
2022-02-24,1,elasticnet,146,-0.005470981388180363,-6.687115142891909e-05
2022-02-25,1,elasticnet,146,0.001034554199453197,-6.863277281726805e-05
2022-02-28,1,elasticnet,146,0.007212065053992411,-6.698084946409101e-05
2022-03-01,1,elasticnet,146,-0.0002053388097564834,-4.977285120342343e-05
2022-03-02,1,elasticnet,146,0.004098786351075745,-5.1437680207797195e-05
2022-03-03,1,elasticnet,146,0.008755910144440548,-5.160545367335423e-05
2022-03-04,1,elasticnet,146,0.006466628576879074,-5.0637529833602064e-05
2022-03-07,1,elasticnet,146,-0.002319133885411162,-4.775311679114055e-05
2022-03-08,1,elasticnet,146,-0.01106441780354128,-4.860488977012249e-05
2022-03-09,1,elasticnet,146,0.005496756511036871,-5.03342470304797e-05
2022-03-10,1,elasticnet,146,0.006173171453299098,-5.176677431331292e-05
2022-03-11,1,elasticnet,146,-0.001211387186296875,-5.143122738219885e-05
2022-03-14,1,elasticnet,146,0.001009591201352578,-5.0773039171167364e-05
2022-03-15,1,elasticnet,146,-0.004855360539962383,-5.2024887337246854e-05
2022-03-16,1,elasticnet,146,-0.006612771439429288,-5.406398022632478e-05
2022-03-17,1,elasticnet,146,0.002650358330227753,-5.470926278615957e-05
2022-03-18,1,elasticnet,146,0.002744880491264645,-5.587077139386216e-05
2022-03-21,1,elasticnet,146,-0.0001015279964322602,-5.609016746420601e-05
2022-03-22,1,elasticnet,146,0.00131906061436915,-5.647088417450852e-05
2022-03-23,1,elasticnet,146,0.001722304260402652,-5.606435616181262e-05
2022-03-24,1,elasticnet,146,0.0,-5.729039302549872e-05
2022-03-25,1,elasticnet,146,0.003032143014425337,-5.784533602695661e-05
2022-03-28,1,elasticnet,146,-0.006987724012600616,-5.8606769447561684e-05
2022-03-29,1,elasticnet,146,-0.00621848173402384,-5.907782571624106e-05
2022-03-30,1,elasticnet,146,0.0053034290546492,-5.880035421551211e-05
2022-03-31,1,elasticnet,146,0.003249723587069653,-5.800665666691533e-05
2022-04-01,1,elasticnet,146,0.003744375168687419,-4.172449612738918e-05
2022-04-04,1,elasticnet,146,0.004736241029732469,-4.2408495640814054e-05
2022-04-05,1,elasticnet,146,0.001306073426230014,-4.0821100543620475e-05
2022-04-06,1,elasticnet,146,0.001504891179420653,-4.0130648204597254e-05
2022-04-07,1,elasticnet,146,0.0005011275474453569,-4.0485553612506386e-05
2022-04-08,1,elasticnet,146,0.001301757556279703,-4.0737213810841956e-05
2022-04-11,1,elasticnet,146,0.003596048226419235,-3.866585679377229e-05
2022-04-12,1,elasticnet,146,-0.004096523688544629,-3.873683787535412e-05
2022-04-13,1,elasticnet,146,0.00439561147303813,-4.031132732135099e-05
2022-04-14,1,elasticnet,146,0.0,-3.9743478668696384e-05
2022-04-15,1,elasticnet,146,0.004574846367841445,-3.9743478668696384e-05
2022-04-18,1,elasticnet,146,0.001784475540450359,-4.008547842540882e-05
2022-04-19,1,elasticnet,146,-0.005661798089467318,-4.060170447327664e-05
2022-04-20,1,elasticnet,146,0.001890830040383484,-4.127925116110317e-05
2022-04-21,1,elasticnet,146,0.00634293504211314,-3.975638431989308e-05
2022-04-22,1,elasticnet,146,0.005222458536772834,-3.6187971764006704e-05
2022-04-25,1,elasticnet,146,0.005390848634876377,-3.695585801021011e-05
2022-04-26,1,elasticnet,146,0.006333760516217701,-3.2761521371283976e-05
2022-04-27,1,elasticnet,146,0.006486927912843221,-3.400046388616677e-05
2022-04-28,1,elasticnet,146,-0.006389798098770605,-3.503936880750079e-05
2022-04-29,1,elasticnet,146,0.007547205635383136,-3.283895527846415e-05
2022-03-07,1,elasticnet,147,-0.002319133885411162,0.00018031292146370446
2022-03-08,1,elasticnet,147,-0.01106441780354128,0.00017780693169620367
2022-03-09,1,elasticnet,147,0.005496756511036871,0.00017559223480738504
2022-03-10,1,elasticnet,147,0.006173171453299098,0.00017331473184030292
2022-03-11,1,elasticnet,147,-0.001211387186296875,0.0001736930363966827
2022-03-14,1,elasticnet,147,0.001009591201352578,0.00017319855277315207
2022-03-15,1,elasticnet,147,-0.004855360539962383,0.00017002069640142947
2022-03-16,1,elasticnet,147,-0.006612771439429288,0.00016794257988427517
2022-03-17,1,elasticnet,147,0.002650358330227753,0.00016999729188435704
2022-03-18,1,elasticnet,147,0.002744880491264645,0.0001678928558944587
2022-03-21,1,elasticnet,147,-0.0001015279964322602,0.0001642008486380912
2022-03-22,1,elasticnet,147,0.00131906061436915,0.00016174015568949337
2022-03-23,1,elasticnet,147,0.001722304260402652,0.00016400913781696683
2022-03-24,1,elasticnet,147,0.0,0.00016161113977922648
2022-03-25,1,elasticnet,147,0.003032143014425337,0.0001601905620258608
2022-03-28,1,elasticnet,147,-0.006987724012600616,0.00015853718146856906
2022-03-29,1,elasticnet,147,-0.00621848173402384,0.00015721117985429843
2022-03-30,1,elasticnet,147,0.0053034290546492,0.00015911384905770295
2022-03-31,1,elasticnet,147,0.003249723587069653,0.00016080360505310804
2022-04-01,1,elasticnet,147,0.003744375168687419,0.0002348791064784553
2022-04-04,1,elasticnet,147,0.004736241029732469,0.00023242978228617533
2022-04-05,1,elasticnet,147,0.001306073426230014,0.0002288316612539473
2022-04-06,1,elasticnet,147,0.001504891179420653,0.000229610095629575
2022-04-07,1,elasticnet,147,0.0005011275474453569,0.0002294307769819422
2022-04-08,1,elasticnet,147,0.001301757556279703,0.00022848461504981201
2022-04-11,1,elasticnet,147,0.003596048226419235,0.0002304666203021107
2022-04-12,1,elasticnet,147,-0.004096523688544629,0.00022804599591914063
2022-04-13,1,elasticnet,147,0.00439561147303813,0.00022635919900785076
2022-04-14,1,elasticnet,147,0.0,0.00022567453968895654
2022-04-15,1,elasticnet,147,0.004574846367841445,0.00022567453968895654
2022-04-18,1,elasticnet,147,0.001784475540450359,0.00022559809568521532
2022-04-19,1,elasticnet,147,-0.005661798089467318,0.00022165975886685014
2022-04-20,1,elasticnet,147,0.001890830040383484,0.00022235322839912785
2022-04-21,1,elasticnet,147,0.00634293504211314,0.00022384933790646705
2022-04-22,1,elasticnet,147,0.005222458536772834,0.0002278724613618136
2022-04-25,1,elasticnet,147,0.005390848634876377,0.00022691840146606764
2022-04-26,1,elasticnet,147,0.006333760516217701,0.00023049899032841627
2022-04-27,1,elasticnet,147,0.006486927912843221,0.00023033871606590488
2022-04-28,1,elasticnet,147,-0.006389798098770605,0.00022929991366162116
2022-04-29,1,elasticnet,147,0.007547205635383136,0.0002310741227917895
2022-05-02,1,elasticnet,147,-0.00270270434788511,0.0003546132660873306
2022-05-03,1,elasticnet,147,-0.008444602475748297,0.00034684498472154163
2022-05-04,1,elasticnet,147,0.01124369701118688,0.000344191112865021
2022-05-05,1,elasticnet,147,-0.0008678463492470812,0.00035153163214786973
2022-05-06,1,elasticnet,147,-9.647387977196331e-05,0.0003509293350009474
2022-05-09,1,elasticnet,147,0.00260153348055514,0.0003549092084717385
2022-05-10,1,elasticnet,147,-0.0006738220402224826,0.0003503607877102414
2022-05-11,1,elasticnet,147,0.009583207025807283,0.000350180445645435
2022-05-12,1,elasticnet,147,-0.002769688031962758,0.0003480158732876136
2022-05-13,1,elasticnet,147,-0.003544913891873946,0.0003437863106295287
2022-05-16,1,elasticnet,147,-0.007998115389800553,0.00034104547122375435
2022-05-17,1,elasticnet,147,0.004344265170862727,0.0003381498081435559
2022-05-18,1,elasticnet,147,-0.01055546526350337,0.00034305452999219626
2022-05-19,1,elasticnet,147,0.004177399575610252,0.0003415299430103592
2022-05-20,1,elasticnet,147,-0.01042741992078167,0.00034216225275754007
2022-05-23,1,elasticnet,147,-0.002157498140021197,0.0003416919306049997
2022-05-24,1,elasticnet,147,0.001961554179366942,0.00034080777366877156
2022-05-25,1,elasticnet,147,-0.002256119452251681,0.00033966876633093697
2022-05-26,1,elasticnet,147,-0.001572481896503497,0.0003398307539255776
2022-05-27,1,elasticnet,147,0.0,0.00033707843459607927
2022-04-04,1,elasticnet,148,0.004736241029732469,0.0002005987411967109
2022-04-05,1,elasticnet,148,0.001306073426230014,0.0001971321913385947
2022-04-06,1,elasticnet,148,0.001504891179420653,0.0001978609363890464
2022-04-07,1,elasticnet,148,0.0005011275474453569,0.00019769708479548247
2022-04-08,1,elasticnet,148,0.001301757556279703,0.00019679925648933167
2022-04-11,1,elasticnet,148,0.003596048226419235,0.00019864831246665314
2022-04-12,1,elasticnet,148,-0.004096523688544629,0.00019633958272321258
2022-04-13,1,elasticnet,148,0.00439561147303813,0.0001947620663736348
2022-04-14,1,elasticnet,148,0.0,0.0001940969861947443
2022-04-15,1,elasticnet,148,0.004574846367841445,0.0001940969861947443
2022-04-18,1,elasticnet,148,0.001784475540450359,0.00019403105079750097
2022-04-19,1,elasticnet,148,-0.005661798089467318,0.00019028299253169312
2022-04-20,1,elasticnet,148,0.001890830040383484,0.00019095873297694278
2022-04-21,1,elasticnet,148,0.00634293504211314,0.00019235532152500916
2022-04-22,1,elasticnet,148,0.005222458536772834,0.00019612163940257744
2022-04-25,1,elasticnet,148,0.005390848634876377,0.0001952268711417442
2022-04-26,1,elasticnet,148,0.006333760516217701,0.0001985579947400936
2022-04-27,1,elasticnet,148,0.006486927912843221,0.00019843046717924227
2022-04-28,1,elasticnet,148,-0.006389798098770605,0.0001974603864431243
2022-04-29,1,elasticnet,148,0.007547205635383136,0.00019910847727453378
2022-05-02,1,elasticnet,148,-0.00270270434788511,0.00032507469018620367
2022-05-03,1,elasticnet,148,-0.008444602475748297,0.00031770175885744426
2022-05-04,1,elasticnet,148,0.01124369701118688,0.0003152197024091741
2022-05-05,1,elasticnet,148,-0.0008678463492470812,0.0003221487529914442
2022-05-06,1,elasticnet,148,-9.647387977196331e-05,0.0003215873143396916
2022-05-09,1,elasticnet,148,0.00260153348055514,0.00032532520513218235
2022-05-10,1,elasticnet,148,-0.0006738220402224826,0.0003210076143248983
2022-05-11,1,elasticnet,148,0.009583207025807283,0.00032084119635469903
2022-05-12,1,elasticnet,148,-0.002769688031962758,0.000318785844660466
2022-05-13,1,elasticnet,148,-0.003544913891873946,0.00031478766620849713
2022-05-16,1,elasticnet,148,-0.007998115389800553,0.0003121904195382299
2022-05-17,1,elasticnet,148,0.004344265170862727,0.000309445015385164
2022-05-18,1,elasticnet,148,-0.01055546526350337,0.000314061585567905
2022-05-19,1,elasticnet,148,0.004177399575610252,0.0003126278834674906
2022-05-20,1,elasticnet,148,-0.01042741992078167,0.00031323028523654414
2022-05-23,1,elasticnet,148,-0.002157498140021197,0.00031279400558673667
2022-05-24,1,elasticnet,148,0.001961554179366942,0.00031193733733997565
2022-05-25,1,elasticnet,148,-0.002256119452251681,0.00031086460241408405
2022-05-26,1,elasticnet,148,-0.001572481896503497,0.0003110307245333301
2022-05-27,1,elasticnet,148,0.0,0.0003084275555901566
2022-05-30,1,elasticnet,148,0.0007865500356345478,0.00030932321227948985
2022-05-31,1,elasticnet,148,0.00734397425575839,0.00030963275388808147
2022-06-01,1,elasticnet,148,-0.006656250104272843,0.0003228068695285007
2022-06-02,1,elasticnet,148,0.003137872745307746,0.0003215140205407966
2022-06-03,1,elasticnet,148,0.002932840111826707,0.00031991794697722474
2022-06-06,1,elasticnet,148,-0.001172104060737311,0.00031863348773019767
2022-06-07,1,elasticnet,148,0.002147809084966923,0.00031640105779940617
2022-06-08,1,elasticnet,148,0.006609666365027245,0.0003160230144169359
2022-06-09,1,elasticnet,148,0.00896953498639963,0.00031705221984889117
2022-06-10,1,elasticnet,148,0.008889797110358089,0.00031443167797117686
2022-06-13,1,elasticnet,148,0.004178543591719652,0.0003106518349727402
2022-06-14,1,elasticnet,148,-0.003417508547378212,0.00029958848906796353
2022-06-15,1,elasticnet,148,-0.01465613666555488,0.0002990992048129539
2022-06-16,1,elasticnet,148,0.0102722546803653,0.00030861652062290774
2022-06-17,1,elasticnet,148,0.0,0.0003070397937929654
2022-06-20,1,elasticnet,148,-0.002582127385033495,0.0003046114325606683
2022-06-21,1,elasticnet,148,-0.002204861172191208,0.00030694750401859765
2022-06-22,1,elasticnet,148,0.002204861172191208,0.00030555506088643755
2022-06-23,1,elasticnet,148,-0.002396818174411841,0.00030389512463357553
2022-06-24,1,elasticnet,148,-0.00230636273674989,0.0003004217649496934
2022-05-02,1,elasticnet,149,-0.00270270434788511,0.0003467234572272429
2022-05-03,1,elasticnet,149,-0.008444602475748297,0.0003387878804125329
2022-05-04,1,elasticnet,149,0.01124369701118688,0.00033613051713777913
2022-05-05,1,elasticnet,149,-0.0008678463492470812,0.00034355281285976377
2022-05-06,1,elasticnet,149,-9.647387977196331e-05,0.0003429099465017679
2022-05-09,1,elasticnet,149,0.00260153348055514,0.0003469035889414173
2022-05-10,1,elasticnet,149,-0.0006738220402224826,0.0003423276471173503
2022-05-11,1,elasticnet,149,0.009583207025807283,0.00034214308237838747
2022-05-12,1,elasticnet,149,-0.002769688031962758,0.00033995268349903474
2022-05-13,1,elasticnet,149,-0.003544913891873946,0.0003356658044743739
2022-05-16,1,elasticnet,149,-0.007998115389800553,0.00033288520967700915
2022-05-17,1,elasticnet,149,0.004344265170862727,0.00032997203691222164
2022-05-18,1,elasticnet,149,-0.01055546526350337,0.00033493179953968024
2022-05-19,1,elasticnet,149,0.004177399575610252,0.0003333789623932282
2022-05-20,1,elasticnet,149,-0.01042741992078167,0.0003340400169760347
2022-05-23,1,elasticnet,149,-0.002157498140021197,0.00033358333436628383
2022-05-24,1,elasticnet,149,0.001961554179366942,0.00033269392831851636
2022-05-25,1,elasticnet,149,-0.002256119452251681,0.00033156797552063774
2022-05-26,1,elasticnet,149,-0.001572481896503497,0.0003317396542382707
2022-05-27,1,elasticnet,149,0.0,0.00032896114075481244
2022-05-30,1,elasticnet,149,0.0007865500356345478,0.00032987837503716444
2022-05-31,1,elasticnet,149,0.00734397425575839,0.0003300878462574765
2022-06-01,1,elasticnet,149,-0.006656250104272843,0.00034614128462179
2022-06-02,1,elasticnet,149,0.003137872745307746,0.00034476091876853277
2022-06-03,1,elasticnet,149,0.002932840111826707,0.0003430653487575201
2022-06-06,1,elasticnet,149,-0.001172104060737311,0.0003416932352155594
2022-06-07,1,elasticnet,149,0.002147809084966923,0.00033931731948581856
2022-06-08,1,elasticnet,149,0.006609666365027245,0.0003389134848333093
2022-06-09,1,elasticnet,149,0.00896953498639963,0.0003400451929769136
2022-06-10,1,elasticnet,149,0.008889797110358089,0.0003372776070721858
2022-06-13,1,elasticnet,149,0.004178543591719652,0.000333336456110308
2022-06-14,1,elasticnet,149,-0.003417508547378212,0.0003215500687220611
2022-06-15,1,elasticnet,149,-0.01465613666555488,0.0003209973948005363
2022-06-16,1,elasticnet,149,0.0102722546803653,0.00033113145846822185
2022-06-17,1,elasticnet,149,0.0,0.00032944772340698044
2022-06-20,1,elasticnet,149,-0.002582127385033495,0.0003269506151497651
2022-06-21,1,elasticnet,149,-0.002204861172191208,0.00032940036991927206
2022-06-22,1,elasticnet,149,0.002204861172191208,0.0003278986448206708
2022-06-23,1,elasticnet,149,-0.002396818174411841,0.00032613671941680085
2022-06-24,1,elasticnet,149,-0.00230636273674989,0.00032243144737193613
2022-06-27,1,elasticnet,149,0.005468951026116109,0.0003222900945976455
2022-06-28,1,elasticnet,149,0.005724660228850986,0.00031906551098722584
2022-06-29,1,elasticnet,149,-0.004099343173317394,0.0003199555652082694
2022-06-30,1,elasticnet,149,0.00438471772935678,0.0003229024770720259
2022-07-01,1,elasticnet,149,0.0,0.0003389115112253498
2022-07-04,1,elasticnet,149,0.01322770609755075,0.0003375564020597679
2022-07-05,1,elasticnet,149,0.005242475964849724,0.0003386016104818822
2022-07-06,1,elasticnet,149,0.0002800728207636993,0.00033095703903241304
2022-07-07,1,elasticnet,149,-0.001120762235556683,0.00032764949051663
2022-07-08,1,elasticnet,149,0.009394107125834772,0.0003258999788410623
2022-07-11,1,elasticnet,149,0.0004627701503299164,0.00032263775274304397
2022-07-12,1,elasticnet,149,-0.001018377165270756,0.00031702529039521153
2022-07-13,1,elasticnet,149,0.005357980485454661,0.0003089987712456423
2022-07-14,1,elasticnet,149,-0.004432140219338798,0.0003076062984086295
2022-07-15,1,elasticnet,149,-0.006405814969875578,0.0003088944949338016
2022-07-18,1,elasticnet,149,-0.006447114132230425,0.00030813056410623145
2022-07-19,1,elasticnet,149,0.003742519338338468,0.00030143461304859653
2022-07-20,1,elasticnet,149,-0.001588859626743933,0.00030156934691126416
2022-07-21,1,elasticnet,149,-0.001685078099534998,0.00030238848106575863
2022-07-22,1,elasticnet,149,-0.002345106839016786,0.0003028000993275398
2022-05-30,1,elasticnet,150,0.0007865500356345478,-8.632983588971536e-06
2022-05-31,1,elasticnet,150,0.00734397425575839,-8.869542241907651e-06
2022-06-01,1,elasticnet,150,-0.006656250104272843,-7.066544332008033e-07
2022-06-02,1,elasticnet,150,0.003137872745307746,-1.362259842766666e-06
2022-06-03,1,elasticnet,150,0.002932840111826707,-1.314948112179432e-06
2022-06-06,1,elasticnet,150,-0.001172104060737311,-1.1257011898305235e-06
2022-06-07,1,elasticnet,150,0.002147809084966923,-1.8353771486389237e-06
2022-06-08,1,elasticnet,150,0.006609666365027245,-1.8759300605708268e-06
2022-06-09,1,elasticnet,150,0.00896953498639963,-4.3630168698808843e-07
2022-06-10,1,elasticnet,150,0.008889797110358089,6.856622097947283e-07
2022-06-13,1,elasticnet,150,0.004178543591719652,4.923441506679137e-06
2022-06-14,1,elasticnet,150,-0.003417508547378212,4.0245186255218285e-06
2022-06-15,1,elasticnet,150,-0.01465613666555488,1.9495612983391926e-06
2022-06-16,1,elasticnet,150,0.0102722546803653,4.200247910560103e-06
2022-06-17,1,elasticnet,150,0.0,2.9701429152922108e-06
2022-06-20,1,elasticnet,150,-0.002582127385033495,2.902554728739039e-06
2022-06-21,1,elasticnet,150,-0.002204861172191208,2.3348139616923133e-06
2022-06-22,1,elasticnet,150,0.002204861172191208,1.4967204484328729e-06
2022-06-23,1,elasticnet,150,-0.002396818174411841,1.564308634986072e-06
2022-06-24,1,elasticnet,150,-0.00230636273674989,3.3420363971818005e-07
2022-06-27,1,elasticnet,150,0.005468951026116109,1.4495671736927153e-07
2022-06-28,1,elasticnet,150,0.005724660228850986,1.0979501477691178e-06
2022-06-29,1,elasticnet,150,-0.004099343173317394,9.627737746627468e-07
2022-06-30,1,elasticnet,150,0.00438471772935678,1.3345088007052602e-06
2022-07-01,1,elasticnet,150,0.0,1.1526483567933618e-05
2022-07-04,1,elasticnet,150,0.01322770609755075,1.2087465516325013e-05
2022-07-05,1,elasticnet,150,0.005242475964849724,1.2094224334980317e-05
2022-07-06,1,elasticnet,150,0.0002800728207636993,1.1546760023899556e-05
2022-07-07,1,elasticnet,150,-0.001120762235556683,1.1107436811303898e-05
2022-07-08,1,elasticnet,150,0.009394107125834772,1.0134166924938087e-05
2022-07-11,1,elasticnet,150,0.0004627701503299164,1.1168266179201766e-05
2022-07-12,1,elasticnet,150,-0.001018377165270756,1.1925253868597373e-05
2022-07-13,1,elasticnet,150,0.005357980485454661,1.1607589391797425e-05
2022-07-14,1,elasticnet,150,-0.004432140219338798,1.1323719008274075e-05
2022-07-15,1,elasticnet,150,-0.006405814969875578,9.857055360070041e-06
2022-07-18,1,elasticnet,150,-0.006447114132230425,1.0580248956189076e-05
2022-07-19,1,elasticnet,150,0.003742519338338468,1.0039543463763646e-05
2022-07-20,1,elasticnet,150,-0.001588859626743933,9.620496707133926e-06
2022-07-21,1,elasticnet,150,-0.001685078099534998,9.100067670674434e-06
2022-07-22,1,elasticnet,150,-0.002345106839016786,9.045997121431897e-06
2022-07-25,1,elasticnet,150,0.006645786616571669,9.269038137057377e-06
2022-07-26,1,elasticnet,150,-0.006927569363939234,1.0167961018214686e-05
2022-07-27,1,elasticnet,150,-0.0009398496932426781,9.187932313193571e-06
2022-07-28,1,elasticnet,150,-0.004240289038885514,8.572879815559612e-06
2022-07-29,1,elasticnet,150,-0.004258345682576881,7.896997950027811e-06
2022-08-01,1,elasticnet,150,0.007463778803339594,-1.9554457953581926e-06
2022-08-02,1,elasticnet,150,0.002538191726951133,-1.2187345619285236e-06
2022-08-03,1,elasticnet,150,-0.007728596433818957,-2.5569806556814906e-06
2022-08-04,1,elasticnet,150,0.008760830373359063,-2.901680407102708e-06
2022-08-05,1,elasticnet,150,-0.001783619341661158,-3.0976861481069474e-06
2022-08-08,1,elasticnet,150,-0.0005639097893794798,-3.0030626869324796e-06
2022-08-09,1,elasticnet,150,-0.01106028195996434,-2.678639391477227e-06
2022-08-10,1,elasticnet,150,-0.001046174426104329,-4.050679578506794e-06
2022-08-11,1,elasticnet,150,0.005125295957565612,-3.7397739203621485e-06
2022-08-12,1,elasticnet,150,0.008671936709554906,-4.192614770268468e-06
2022-08-15,1,elasticnet,150,-0.0004693733951457446,-3.908744386745092e-06
2022-08-16,1,elasticnet,150,0.0006570610833849244,-4.084473671783366e-06
2022-08-17,1,elasticnet,150,0.00850273751442554,-3.9425384800216914e-06
2022-08-18,1,elasticnet,150,0.006399279894907295,-4.172338314302503e-06
2022-08-19,1,elasticnet,150,0.008102429005440115,-3.4694211741494337e-06
2022-06-27,1,elasticnet,151,0.005468951026116109,0.00025897776488770425
2022-06-28,1,elasticnet,151,0.005724660228850986,0.0002556615243778244
2022-06-29,1,elasticnet,151,-0.004099343173317394,0.0002565517494632105
2022-06-30,1,elasticnet,151,0.00438471772935678,0.00025940402545437165
2022-07-01,1,elasticnet,151,0.0,0.00027079598232789134
2022-07-04,1,elasticnet,151,0.01322770609755075,0.0002693693679450675
2022-07-05,1,elasticnet,151,0.005242475964849724,0.0002703893434988626
2022-07-06,1,elasticnet,151,0.0002800728207636993,0.0002631008455868866
2022-07-07,1,elasticnet,151,-0.001120762235556683,0.00025992231488619795
2022-07-08,1,elasticnet,151,0.009394107125834772,0.00025837142545806144
2022-07-11,1,elasticnet,151,0.0004627701503299164,0.00025499709368689166
2022-07-12,1,elasticnet,151,-0.001018377165270756,0.00024934184565251496
2022-07-13,1,elasticnet,151,0.005357980485454661,0.00024151409173961544
2022-07-14,1,elasticnet,151,-0.004432140219338798,0.00024024079384273608
2022-07-15,1,elasticnet,151,-0.006405814969875578,0.00024172103923920214
2022-07-18,1,elasticnet,151,-0.006447114132230425,0.0002408394142642735
2022-07-19,1,elasticnet,151,0.003742519338338468,0.0002343945793912994
2022-07-20,1,elasticnet,151,-0.001588859626743933,0.00023458452225288425
2022-07-21,1,elasticnet,151,-0.001685078099534998,0.00023560742691112747
2022-07-22,1,elasticnet,151,-0.002345106839016786,0.00023599877944824056
2022-07-25,1,elasticnet,151,0.006645786616571669,0.0002345277041509185
2022-07-26,1,elasticnet,151,-0.006927569363939234,0.00023341001945478287
2022-07-27,1,elasticnet,151,-0.0009398496932426781,0.0002359962955305546
2022-07-28,1,elasticnet,151,-0.004240289038885514,0.000238299121866173
2022-07-29,1,elasticnet,151,-0.004258345682576881,0.00023825427816587496
2022-08-01,1,elasticnet,151,0.007463778803339594,0.0002427287749673816
2022-08-02,1,elasticnet,151,0.002538191726951133,0.00023692275676570867
2022-08-03,1,elasticnet,151,-0.007728596433818957,0.00023772698912654646
2022-08-04,1,elasticnet,151,0.008760830373359063,0.0002393513185088507
2022-08-05,1,elasticnet,151,-0.001783619341661158,0.00023533734209381775
2022-08-08,1,elasticnet,151,-0.0005639097893794798,0.00023546792053478875
2022-08-09,1,elasticnet,151,-0.01106028195996434,0.00023118036764938407
2022-08-10,1,elasticnet,151,-0.001046174426104329,0.00023151292575456986
2022-08-11,1,elasticnet,151,0.005125295957565612,0.0002335161880855574
2022-08-12,1,elasticnet,151,0.008671936709554906,0.00023288183166190373
2022-08-15,1,elasticnet,151,-0.0004693733951457446,0.00023203937938126373
2022-08-16,1,elasticnet,151,0.0006570610833849244,0.00022866103254920857
2022-08-17,1,elasticnet,151,0.00850273751442554,0.000229672345591584
2022-08-18,1,elasticnet,151,0.006399279894907295,0.00022822808580108311
2022-08-19,1,elasticnet,151,0.008102429005440115,0.00022812133136152293
2022-08-22,1,elasticnet,151,-0.003950940040938988,0.00022705709047614276
2022-08-23,1,elasticnet,151,0.0005522319514481566,0.00022663153308011296
2022-08-24,1,elasticnet,151,-0.001934147506021056,0.00022534963507277612
2022-08-25,1,elasticnet,151,0.003037697369716597,0.00022382549875049845
2022-08-26,1,elasticnet,151,0.0002756972861277518,0.0002244860382913244
2022-08-29,1,elasticnet,151,-0.0005514706022111682,0.00022277189670649955
2022-08-30,1,elasticnet,151,-0.0006437669785954725,0.00022021536524199703
2022-08-31,1,elasticnet,151,0.009066411296078769,0.0002205783087281273
2022-09-01,1,elasticnet,151,-0.001459721087587518,0.0002478769854033565
2022-09-02,1,elasticnet,151,0.002735231464599863,0.00024980489385117706
2022-09-05,1,elasticnet,151,0.003453920903195851,0.00024955316505225454
2022-09-06,1,elasticnet,151,-0.003362875243735353,0.00024954858000268254
2022-09-07,1,elasticnet,151,-0.001184240630315969,0.0002432092888109067
2022-09-08,1,elasticnet,151,-0.006492638600255951,0.00024336629997289902
2022-09-09,1,elasticnet,151,-0.006165758271666988,0.0002423307177423506
2022-09-12,1,elasticnet,151,0.01366053789324972,0.0002416756620046473
2022-09-13,1,elasticnet,151,-0.001457991874823428,0.00023531338316404906
2022-09-14,1,elasticnet,151,0.000729261654926816,0.0002368755438232158
2022-09-15,1,elasticnet,151,0.0001822323467459697,0.0002380895397004435
2022-09-16,1,elasticnet,151,-0.0001822323467459697,0.00023894555992691284
2022-07-25,1,elasticnet,152,0.006645786616571669,0.00022578161604355605
2022-07-26,1,elasticnet,152,-0.006927569363939234,0.00022465598165188335
2022-07-27,1,elasticnet,152,-0.0009398496932426781,0.00022727894145693593
2022-07-28,1,elasticnet,152,-0.004240289038885514,0.00022961871319317765
2022-07-29,1,elasticnet,152,-0.004258345682576881,0.0002295617142173152
2022-08-01,1,elasticnet,152,0.007463778803339594,0.00023418321246668775
2022-08-02,1,elasticnet,152,0.002538191726951133,0.00022827051253653468
2022-08-03,1,elasticnet,152,-0.007728596433818957,0.0002290689700184298
2022-08-04,1,elasticnet,152,0.008760830373359063,0.00023072084123767085
2022-08-05,1,elasticnet,152,-0.001783619341661158,0.00022662138439898957
2022-08-08,1,elasticnet,152,-0.0005639097893794798,0.00022675621073046562
2022-08-09,1,elasticnet,152,-0.01106028195996434,0.00022238622577722714
2022-08-10,1,elasticnet,152,-0.001046174426104329,0.00022270278545316266
2022-08-11,1,elasticnet,152,0.005125295957565612,0.0002247522512370218
2022-08-12,1,elasticnet,152,0.008671936709554906,0.0002240973721465036
2022-08-15,1,elasticnet,152,-0.0004693733951457446,0.0002232423825962687
2022-08-16,1,elasticnet,152,0.0006570610833849244,0.0002197919125967813
2022-08-17,1,elasticnet,152,0.00850273751442554,0.00022082630095386212
2022-08-18,1,elasticnet,152,0.006399279894907295,0.0002193486366514268
2022-08-19,1,elasticnet,152,0.008102429005440115,0.00021925138163862988
2022-08-22,1,elasticnet,152,-0.003950940040938988,0.00021820129842839772
2022-08-23,1,elasticnet,152,0.0005522319514481566,0.00021777050734697606
2022-08-24,1,elasticnet,152,-0.001934147506021056,0.00021644785575792447
2022-08-25,1,elasticnet,152,0.003037697369716597,0.000214880813050988
2022-08-26,1,elasticnet,152,0.0002756972861277518,0.00021559735773644587
2022-08-29,1,elasticnet,152,-0.0005514706022111682,0.0002138554077514198
2022-08-30,1,elasticnet,152,-0.0006437669785954725,0.00021124650862318898
2022-08-31,1,elasticnet,152,0.009066411296078769,0.00021161306611829615
2022-09-01,1,elasticnet,152,-0.001459721087587518,0.00023919620002682296
2022-09-02,1,elasticnet,152,0.002735231464599863,0.0002411625882015876
2022-09-05,1,elasticnet,152,0.003453920903195851,0.00024091154610765396
2022-09-06,1,elasticnet,152,-0.003362875243735353,0.00024091720490521698
2022-09-07,1,elasticnet,152,-0.001184240630315969,0.0002344225531673208
2022-09-08,1,elasticnet,152,-0.006492638600255951,0.0002345712067218574
2022-09-09,1,elasticnet,152,-0.006165758271666988,0.0002335051976608622
2022-09-12,1,elasticnet,152,0.01366053789324972,0.00023284885948433555
2022-09-13,1,elasticnet,152,-0.001457991874823428,0.0002263944613272244
2022-09-14,1,elasticnet,152,0.000729261654926816,0.00022797614834538612
2022-09-15,1,elasticnet,152,0.0001822323467459697,0.00022921624759630633
2022-09-16,1,elasticnet,152,-0.0001822323467459697,0.00023009013953276144
2022-09-19,1,elasticnet,152,0.004273705072621148,0.00023149785308787887
2022-09-20,1,elasticnet,152,0.003894050653052261,0.00022250048192862118
2022-09-21,1,elasticnet,152,0.006396706346873948,0.00022555207336780306
2022-09-22,1,elasticnet,152,0.01638942894095141,0.00022784021310854366
2022-09-23,1,elasticnet,152,0.008007434223701537,0.0002311538140561433
2022-09-26,1,elasticnet,152,8.763857855864643e-05,0.00022919197577357523
2022-09-27,1,elasticnet,152,-0.01332117974099845,0.00022689123444202114
2022-09-28,1,elasticnet,152,-0.003113189083226331,0.00022326906715366247
2022-09-29,1,elasticnet,152,-0.001158800325776532,0.00022703323702050903
2022-09-30,1,elasticnet,152,-0.003305492802908816,0.00022828646313320574
2022-10-03,1,elasticnet,152,-0.01514770645837782,0.00022444823789302264
2022-10-04,1,elasticnet,152,0.00904410614372786,0.00021730996629629396
2022-10-05,1,elasticnet,152,0.01065697633502527,0.00021711119819570505
2022-10-06,1,elasticnet,152,0.004710073137771609,0.000218870241300301
2022-10-07,1,elasticnet,152,0.003098307263184275,0.00021954425623080075
2022-10-10,1,elasticnet,152,0.0007068386935040749,0.0002180396962069687
2022-10-11,1,elasticnet,152,0.0008828463538019804,0.0002181222485451001
2022-10-12,1,elasticnet,152,-0.00850767272627273,0.00020998715990996973
2022-10-13,1,elasticnet,152,0.008419423156432515,0.00020561250833765385
2022-10-14,1,elasticnet,152,-0.01127147500056758,0.00020444936099074234
2022-08-22,1,elasticnet,153,-0.003950940040938988,0.00021822547837086343
2022-08-23,1,elasticnet,153,0.0005522319514481566,0.00021779857514678014
2022-08-24,1,elasticnet,153,-0.001934147506021056,0.0002164964459860391
2022-08-25,1,elasticnet,153,0.003037697369716597,0.00021495184739848348
2022-08-26,1,elasticnet,153,0.0002756972861277518,0.0002156454739271719
2022-08-29,1,elasticnet,153,-0.0005514706022111682,0.00021392155626361742
2022-08-30,1,elasticnet,153,-0.0006437669785954725,0.00021134339224237688
2022-08-31,1,elasticnet,153,0.009066411296078769,0.00021170693350174382
2022-09-01,1,elasticnet,153,-0.001459721087587518,0.00024009860095405145
2022-09-02,1,elasticnet,153,0.002735231464599863,0.0002420421680429979
2022-09-05,1,elasticnet,153,0.003453920903195851,0.0002417920919490424
2022-09-06,1,elasticnet,153,-0.003362875243735353,0.0002417941606671122
2022-09-07,1,elasticnet,153,-0.001184240630315969,0.0002353847152316455
2022-09-08,1,elasticnet,153,-0.006492638600255951,0.00023553556220934124
2022-09-09,1,elasticnet,153,-0.006165758271666988,0.00023448525209891546
2022-09-12,1,elasticnet,153,0.01366053789324972,0.00023383250997694908
2022-09-13,1,elasticnet,153,-0.001457991874823428,0.00022744112894678168
2022-09-14,1,elasticnet,153,0.000729261654926816,0.00022900843338795053
2022-09-15,1,elasticnet,153,0.0001822323467459697,0.00023023350191043432
2022-09-16,1,elasticnet,153,-0.0001822323467459697,0.00023109698374381148
2022-09-19,1,elasticnet,153,0.004273705072621148,0.0002324901812963426
2022-09-20,1,elasticnet,153,0.003894050653052261,0.0002235934452992429
2022-09-21,1,elasticnet,153,0.006396706346873948,0.00022660590759780697
2022-09-22,1,elasticnet,153,0.01638942894095141,0.00022886954212743602
2022-09-23,1,elasticnet,153,0.008007434223701537,0.00023213426338583473
2022-09-26,1,elasticnet,153,8.763857855864643e-05,0.000230186575542467
2022-09-27,1,elasticnet,153,-0.01332117974099845,0.00022791163681907693
2022-09-28,1,elasticnet,153,-0.003113189083226331,0.0002243414099308572
2022-09-29,1,elasticnet,153,-0.001158800325776532,0.00022805487712963173
2022-09-30,1,elasticnet,153,-0.003305492802908816,0.00022929418170126705
2022-10-03,1,elasticnet,153,-0.01514770645837782,0.00022543542040601443
2022-10-04,1,elasticnet,153,0.00904410614372786,0.00021838518856576243
2022-10-05,1,elasticnet,153,0.01065697633502527,0.00021819075362157302
2022-10-06,1,elasticnet,153,0.004710073137771609,0.00021992152896275704
2022-10-07,1,elasticnet,153,0.003098307263184275,0.00022058438637945367
2022-10-10,1,elasticnet,153,0.0007068386935040749,0.00021909337690531253
2022-10-11,1,elasticnet,153,0.0008828463538019804,0.00021917043754356982
2022-10-12,1,elasticnet,153,-0.00850767272627273,0.0002111314171351575
2022-10-13,1,elasticnet,153,0.008419423156432515,0.00020681454534388197
2022-10-14,1,elasticnet,153,-0.01127147500056758,0.00020566479450329572
2022-10-17,1,elasticnet,153,0.0008029620808818194,0.0002027213462663286
2022-10-18,1,elasticnet,153,0.007551899424326436,0.00019532746131274177
2022-10-19,1,elasticnet,153,-0.0008855043525572981,0.0001927353870040598
2022-10-20,1,elasticnet,153,-0.007737154520910394,0.00019202144910153792
2022-10-21,1,elasticnet,153,-0.0001785714290463147,0.00019223870404715002
2022-10-24,1,elasticnet,153,-0.00932993221599876,0.0001910949310651544
2022-10-25,1,elasticnet,153,-0.01133028209741838,0.00018817397706789982
2022-10-26,1,elasticnet,153,0.008080301806083767,0.00018894148740211788
2022-10-27,1,elasticnet,153,0.001445739837976134,0.0001883440606682075
2022-10-28,1,elasticnet,153,0.007018204081200352,0.00018575447830539653
2022-10-31,1,elasticnet,153,-0.0004484103926980509,0.0001854808165387888
2022-11-01,1,elasticnet,153,-0.001166808910370243,0.0002456700946710982
2022-11-02,1,elasticnet,153,0.01408976403220219,0.00024641283043363326
2022-11-03,1,elasticnet,153,-0.01831962229398609,0.00024619318100824135
2022-11-04,1,elasticnet,153,-0.006877855167186198,0.00024647607825054014
2022-11-07,1,elasticnet,153,-0.004368408839821925,0.0002475946367513333
2022-11-08,1,elasticnet,153,0.008265635868870191,0.00024345514614751445
2022-11-09,1,elasticnet,153,-0.02139412371989824,0.00024366849195260582
2022-11-10,1,elasticnet,153,-0.01790257603806644,0.00024236592288234528
2022-11-11,1,elasticnet,153,0.003474997626965681,0.00024172925723198142
2022-09-19,1,elasticnet,154,0.004273705072621148,0.0002109123805377136
2022-09-20,1,elasticnet,154,0.003894050653052261,0.000201892256314138
2022-09-21,1,elasticnet,154,0.006396706346873948,0.0002049219707172924
2022-09-22,1,elasticnet,154,0.01638942894095141,0.00020722233723226497
2022-09-23,1,elasticnet,154,0.008007434223701537,0.0002104743351873452
2022-09-26,1,elasticnet,154,8.763857855864643e-05,0.00020846138708273897
2022-09-27,1,elasticnet,154,-0.01332117974099845,0.00020615523569967372
2022-09-28,1,elasticnet,154,-0.003113189083226331,0.00020259157798365948
2022-09-29,1,elasticnet,154,-0.001158800325776532,0.00020631433334154244
2022-09-30,1,elasticnet,154,-0.003305492802908816,0.0002075712956200531
2022-10-03,1,elasticnet,154,-0.01514770645837782,0.00020396007819240778
2022-10-04,1,elasticnet,154,0.00904410614372786,0.00019685230735173094
2022-10-05,1,elasticnet,154,0.01065697633502527,0.00019666553187080993
2022-10-06,1,elasticnet,154,0.004710073137771609,0.00019837813514265702
2022-10-07,1,elasticnet,154,0.003098307263184275,0.0001990324243688482
2022-10-10,1,elasticnet,154,0.0007068386935040749,0.00019750464762953847
2022-10-11,1,elasticnet,154,0.0008828463538019804,0.00019756035453112944
2022-10-12,1,elasticnet,154,-0.00850767272627273,0.0001894347637214454
2022-10-13,1,elasticnet,154,0.008419423156432515,0.0001851014568715526
2022-10-14,1,elasticnet,154,-0.01127147500056758,0.00018393765851402132
2022-10-17,1,elasticnet,154,0.0008029620808818194,0.0001809743254707186
2022-10-18,1,elasticnet,154,0.007551899424326436,0.00017351614314057033
2022-10-19,1,elasticnet,154,-0.0008855043525572981,0.00017089090119584298
2022-10-20,1,elasticnet,154,-0.007737154520910394,0.0001701838457098451
2022-10-21,1,elasticnet,154,-0.0001785714290463147,0.0001704089252803412
2022-10-24,1,elasticnet,154,-0.00932993221599876,0.00016924966528949158
2022-10-25,1,elasticnet,154,-0.01133028209741838,0.00016632299040312854
2022-10-26,1,elasticnet,154,0.008080301806083767,0.00016712106803077004
2022-10-27,1,elasticnet,154,0.001445739837976134,0.0001665150549054419
2022-10-28,1,elasticnet,154,0.007018204081200352,0.00016392806884255154
2022-10-31,1,elasticnet,154,-0.0004484103926980509,0.0001636489765108378
2022-11-01,1,elasticnet,154,-0.001166808910370243,0.00022152641797376535
2022-11-02,1,elasticnet,154,0.01408976403220219,0.0002222763159160199
2022-11-03,1,elasticnet,154,-0.01831962229398609,0.0002220648032378308
2022-11-04,1,elasticnet,154,-0.006877855167186198,0.00022236489326257953
2022-11-07,1,elasticnet,154,-0.004368408839821925,0.00022349941605616114
2022-11-08,1,elasticnet,154,0.008265635868870191,0.00021929238461090644
2022-11-09,1,elasticnet,154,-0.02139412371989824,0.00021949771298977847
2022-11-10,1,elasticnet,154,-0.01790257603806644,0.0002182290845596065
2022-11-11,1,elasticnet,154,0.003474997626965681,0.00021760447032858932
2022-11-14,1,elasticnet,154,-0.002440628264912093,0.00021902681096376168
2022-11-15,1,elasticnet,154,-0.001128456015931256,0.00021701132164859548
2022-11-16,1,elasticnet,154,0.003850312311756809,0.00021697007691723618
2022-11-17,1,elasticnet,154,0.00224698156519576,0.00021676888747382142
2022-11-18,1,elasticnet,154,0.008381498125415554,0.0002155489827834748
2022-11-21,1,elasticnet,154,-0.005673114494589626,0.00021660680098243039
2022-11-22,1,elasticnet,154,-0.010689271961839,0.00021167615830934848
2022-11-23,1,elasticnet,154,-0.0024539889615669,0.00021096002608998732
2022-11-24,1,elasticnet,154,0.00132212692788336,0.0002089362589039064
2022-11-25,1,elasticnet,154,0.006772034909944935,0.0002114572148304314
2022-11-28,1,elasticnet,154,0.001311475597810308,0.00020815593531176723
2022-11-29,1,elasticnet,154,-0.00817789019731574,0.0002087668862350014
2022-11-30,1,elasticnet,154,-0.01158167492925344,0.00020885546358156108
2022-12-01,1,elasticnet,154,-0.0018158365002785,0.00017978472081064462
2022-12-02,1,elasticnet,154,0.00714867458389179,0.0001791226013525011
2022-12-05,1,elasticnet,154,0.002750511526802057,0.0001805272361599091
2022-12-06,1,elasticnet,154,-0.004556681512564609,0.00017875418101951702
2022-12-07,1,elasticnet,154,-0.003144806518031729,0.00018221510223448824
2022-12-08,1,elasticnet,154,0.0003817158172125801,0.00018336693142460988
2022-12-09,1,elasticnet,154,0.003048492405652858,0.00018262241891922376
2022-10-17,1,elasticnet,155,0.0008029620808818194,0.0002234780486261292
2022-10-18,1,elasticnet,155,0.007551899424326436,0.00021411297177645577
2022-10-19,1,elasticnet,155,-0.0008855043525572981,0.00021067116852792572
2022-10-20,1,elasticnet,155,-0.007737154520910394,0.00020996237778231542
2022-10-21,1,elasticnet,155,-0.0001785714290463147,0.00021032618338549108
2022-10-24,1,elasticnet,155,-0.00932993221599876,0.00020879474524658037
2022-10-25,1,elasticnet,155,-0.01133028209741838,0.0002053889439627671
2022-10-26,1,elasticnet,155,0.008080301806083767,0.0002067178573852337
2022-10-27,1,elasticnet,155,0.001445739837976134,0.00020591051906833255
2022-10-28,1,elasticnet,155,0.007018204081200352,0.00020300560000176726
2022-10-31,1,elasticnet,155,-0.0004484103926980509,0.00020261342409110233
2022-11-01,1,elasticnet,155,-0.001166808910370243,0.0002744341719277197
2022-11-02,1,elasticnet,155,0.01408976403220219,0.0002753854219185102
2022-11-03,1,elasticnet,155,-0.01831962229398609,0.0002752572405006977
2022-11-04,1,elasticnet,155,-0.006877855167186198,0.0002758355562212417
2022-11-07,1,elasticnet,155,-0.004368408839821925,0.00027734545911248015
2022-11-08,1,elasticnet,155,0.008265635868870191,0.0002716313575787314
2022-11-09,1,elasticnet,155,-0.02139412371989824,0.0002717541551846258
2022-11-10,1,elasticnet,155,-0.01790257603806644,0.0002707802941159974
2022-11-11,1,elasticnet,155,0.003474997626965681,0.00027023652911227123
2022-11-14,1,elasticnet,155,-0.002440628264912093,0.00027175453060235895
2022-11-15,1,elasticnet,155,-0.001128456015931256,0.0002689554611085233
2022-11-16,1,elasticnet,155,0.003850312311756809,0.0002690128106120458
2022-11-17,1,elasticnet,155,0.00224698156519576,0.00026880036063112037
2022-11-18,1,elasticnet,155,0.008381498125415554,0.0002674399409345559
2022-11-21,1,elasticnet,155,-0.005673114494589626,0.00026899497445758184
2022-11-22,1,elasticnet,155,-0.010689271961839,0.00026293069167834706
2022-11-23,1,elasticnet,155,-0.0024539889615669,0.0002622513013084475
2022-11-24,1,elasticnet,155,0.00132212692788336,0.00025963153656467384
2022-11-25,1,elasticnet,155,0.006772034909944935,0.00026285199463601876
2022-11-28,1,elasticnet,155,0.001311475597810308,0.00025816887020361015
2022-11-29,1,elasticnet,155,-0.00817789019731574,0.0002590364605198316
2022-11-30,1,elasticnet,155,-0.01158167492925344,0.00025948659482256324
2022-12-01,1,elasticnet,155,-0.0018158365002785,0.0002285071043160542
2022-12-02,1,elasticnet,155,0.00714867458389179,0.0002278560842536439
2022-12-05,1,elasticnet,155,0.002750511526802057,0.0002292281139333995
2022-12-06,1,elasticnet,155,-0.004556681512564609,0.00022658414491696672
2022-12-07,1,elasticnet,155,-0.003144806518031729,0.00023090266714878896
2022-12-08,1,elasticnet,155,0.0003817158172125801,0.00023248358966318397
2022-12-09,1,elasticnet,155,0.003048492405652858,0.0002313878191099602
2022-12-12,1,elasticnet,155,-0.01099910663216974,0.00023284495971218365
2022-12-13,1,elasticnet,155,-0.00202166133838233,0.00022753974865145378
2022-12-14,1,elasticnet,155,0.007584157698778959,0.00022753165005260452
2022-12-15,1,elasticnet,155,0.001338048560524996,0.00022948138656436008
2022-12-16,1,elasticnet,155,0.0001910037251535712,0.00023139030042608054
2022-12-19,1,elasticnet,155,-0.007283911828355194,0.00023180256033651897
2022-12-20,1,elasticnet,155,0.001921968686970033,0.00022707922214261923
2022-12-21,1,elasticnet,155,0.002588812031198096,0.00022782214242537003
2022-12-22,1,elasticnet,155,-0.00114975580357779,0.00022872952532340522
2022-12-23,1,elasticnet,155,-0.001247062370834051,0.00022796399396281638
2022-12-27,1,elasticnet,155,0.002684050691106776,0.00022977042768922672
2022-12-28,1,elasticnet,155,-0.005952970052372386,0.0002215997147260122
2022-12-29,1,elasticnet,155,-0.003086422203189443,0.00022318705112054672
2022-12-30,1,elasticnet,155,0.009613609899821185,0.0002243507510922626
2023-01-03,1,elasticnet,155,-0.002586579973501202,0.00021785504727037314
2023-01-04,1,elasticnet,155,0.007549369315629662,0.00020911468031206367
2023-01-05,1,elasticnet,155,-0.01110484319999294,0.00020323325942917696
2023-01-06,1,elasticnet,155,-0.008507398564911561,0.0002022861297112723
2023-01-09,1,elasticnet,155,0.002327386620777361,0.00020337384742759106
2023-01-10,1,elasticnet,155,-0.0004844257227905047,0.0001984082376973777
2022-11-14,1,elasticnet,156,-0.002440628264912093,0.0001137560972822703
2022-11-15,1,elasticnet,156,-0.001128456015931256,0.00011102102817810324
2022-11-16,1,elasticnet,156,0.003850312311756809,0.00011111164196939209
2022-11-17,1,elasticnet,156,0.00224698156519576,0.00011092424605000848
2022-11-18,1,elasticnet,156,0.008381498125415554,0.00010969560356370898
2022-11-21,1,elasticnet,156,-0.005673114494589626,0.00011124100879846916
2022-11-22,1,elasticnet,156,-0.010689271961839,0.00010555164868869326
2022-11-23,1,elasticnet,156,-0.0024539889615669,0.00010498285375870408
2022-11-24,1,elasticnet,156,0.00132212692788336,0.00010248054078354707
2022-11-25,1,elasticnet,156,0.006772034909944935,0.00010554272839055282
2022-11-28,1,elasticnet,156,0.001311475597810308,0.00010093700984005672
2022-11-29,1,elasticnet,156,-0.00817789019731574,0.00010179052828052055
2022-11-30,1,elasticnet,156,-0.01158167492925344,0.00010232903931265308
2022-12-01,1,elasticnet,156,-0.0018158365002785,7.832332194183201e-05
2022-12-02,1,elasticnet,156,0.00714867458389179,7.776818019055164e-05
2022-12-05,1,elasticnet,156,0.002750511526802057,7.893428628508067e-05
2022-12-06,1,elasticnet,156,-0.004556681512564609,7.629599930900836e-05
2022-12-07,1,elasticnet,156,-0.003144806518031729,8.036860412207706e-05
2022-12-08,1,elasticnet,156,0.0003817158172125801,8.190773439206749e-05
2022-12-09,1,elasticnet,156,0.003048492405652858,8.081837565419061e-05
2022-12-12,1,elasticnet,156,-0.01099910663216974,8.202544128484607e-05
2022-12-13,1,elasticnet,156,-0.00202166133838233,7.717484318765604e-05
2022-12-14,1,elasticnet,156,0.007584157698778959,7.728505291535517e-05
2022-12-15,1,elasticnet,156,0.001338048560524996,7.900167450856005e-05
2022-12-16,1,elasticnet,156,0.0001910037251535712,8.083830379766927e-05
2022-12-19,1,elasticnet,156,-0.007283911828355194,8.124788683575701e-05
2022-12-20,1,elasticnet,156,0.001921968686970033,7.68254834150365e-05
2022-12-21,1,elasticnet,156,0.002588812031198096,7.765136329101427e-05
2022-12-22,1,elasticnet,156,-0.00114975580357779,7.835712884312398e-05
2022-12-23,1,elasticnet,156,-0.001247062370834051,7.771962918455842e-05
2022-12-27,1,elasticnet,156,0.002684050691106776,7.937580193319061e-05
2022-12-28,1,elasticnet,156,-0.005952970052372386,7.154868388378744e-05
2022-12-29,1,elasticnet,156,-0.003086422203189443,7.311985339176379e-05
2022-12-30,1,elasticnet,156,0.009613609899821185,7.4209544336709e-05
2023-01-03,1,elasticnet,156,-0.002586579973501202,6.534191247537294e-05
2023-01-04,1,elasticnet,156,0.007549369315629662,5.708737079160111e-05
2023-01-05,1,elasticnet,156,-0.01110484319999294,5.144513855475757e-05
2023-01-06,1,elasticnet,156,-0.008507398564911561,5.065382429899579e-05
2023-01-09,1,elasticnet,156,0.002327386620777361,5.1620091172565425e-05
2023-01-10,1,elasticnet,156,-0.0004844257227905047,4.700445570272375e-05
2023-01-11,1,elasticnet,156,-0.009151154204711354,4.782901907360456e-05
2023-01-12,1,elasticnet,156,-0.0004891171533074612,5.060207017345902e-05
2023-01-13,1,elasticnet,156,0.0006846970483174175,4.979038893918633e-05
2023-01-16,1,elasticnet,156,0.00117267676880406,4.802279658572197e-05
2023-01-17,1,elasticnet,156,-0.0002930402951371036,5.0389242187927666e-05
2023-01-18,1,elasticnet,156,-0.002935135655762977,4.8938305954960014e-05
2023-01-19,1,elasticnet,156,-0.0004900279413977415,4.818982552659456e-05
2023-01-20,1,elasticnet,156,0.001273573525070404,4.8122330675151294e-05
2023-01-23,1,elasticnet,156,-0.002156229395644971,4.771979364393404e-05
2023-01-24,1,elasticnet,156,-0.002751033371890088,4.602651656967908e-05
2023-01-25,1,elasticnet,156,0.001965795797188363,4.707601902059866e-05
2023-01-26,1,elasticnet,156,0.000883348931170147,4.725603672604332e-05
2023-01-27,1,elasticnet,156,0.003427847242664761,4.672115532531004e-05
2023-01-30,1,elasticnet,156,-0.001761425252366777,4.821602863484313e-05
2023-01-31,1,elasticnet,156,-0.008656359384687562,4.622250058013483e-05
2023-02-01,1,elasticnet,156,0.005222458536772834,7.598344057785166e-05
2023-02-02,1,elasticnet,156,0.01143316309083886,7.723355329183125e-05
2023-02-03,1,elasticnet,156,0.006778373973098439,7.601581202290603e-05
2023-02-06,1,elasticnet,156,-0.001835305996929826,7.610279618279562e-05
2023-02-07,1,elasticnet,156,-0.000193386192828271,7.373524733142082e-05
2022-12-12,1,elasticnet,157,-0.01099910663216974,-4.3415612370892456e-05
2022-12-13,1,elasticnet,157,-0.00202166133838233,-4.8480235898164335e-05
2022-12-14,1,elasticnet,157,0.007584157698778959,-4.842644445924587e-05
2022-12-15,1,elasticnet,157,0.001338048560524996,-4.659967113742193e-05
2022-12-16,1,elasticnet,157,0.0001910037251535712,-4.47295704507361e-05
2022-12-19,1,elasticnet,157,-0.007283911828355194,-4.431892716069894e-05
2022-12-20,1,elasticnet,157,0.001921968686970033,-4.888237059640961e-05
2022-12-21,1,elasticnet,157,0.002588812031198096,-4.80964449884928e-05
2022-12-22,1,elasticnet,157,-0.00114975580357779,-4.729500215835654e-05
2022-12-23,1,elasticnet,157,-0.001247062370834051,-4.7993159745645395e-05
2022-12-27,1,elasticnet,157,0.002684050691106776,-4.626627400849788e-05
2022-12-28,1,elasticnet,157,-0.005952970052372386,-5.425296778042331e-05
2022-12-29,1,elasticnet,157,-0.003086422203189443,-5.267492123279353e-05
2022-12-30,1,elasticnet,157,0.009613609899821185,-5.1550545347789855e-05
2023-01-03,1,elasticnet,157,-0.002586579973501202,-5.442451002803469e-05
2023-01-04,1,elasticnet,157,0.007549369315629662,-6.290615966699612e-05
2023-01-05,1,elasticnet,157,-0.01110484319999294,-6.865937668431896e-05
2023-01-06,1,elasticnet,157,-0.008507398564911561,-6.952450393561365e-05
2023-01-09,1,elasticnet,157,0.002327386620777361,-6.8500886719376e-05
2023-01-10,1,elasticnet,157,-0.0004844257227905047,-7.328082251575045e-05
2023-01-11,1,elasticnet,157,-0.009151154204711354,-7.241596636399953e-05
2023-01-12,1,elasticnet,157,-0.0004891171533074612,-6.967361422467516e-05
2023-01-13,1,elasticnet,157,0.0006846970483174175,-7.052403755238178e-05
2023-01-16,1,elasticnet,157,0.00117267676880406,-7.228462877169502e-05
2023-01-17,1,elasticnet,157,-0.0002930402951371036,-6.986917843722568e-05
2023-01-18,1,elasticnet,157,-0.002935135655762977,-7.131251862710914e-05
2023-01-19,1,elasticnet,157,-0.0004900279413977415,-7.207069187784175e-05
2023-01-20,1,elasticnet,157,0.001273573525070404,-7.216775289616386e-05
2023-01-23,1,elasticnet,157,-0.002156229395644971,-7.258122275255531e-05
2023-01-24,1,elasticnet,157,-0.002751033371890088,-7.43389585127852e-05
2023-01-25,1,elasticnet,157,0.001965795797188363,-7.32703295489647e-05
2023-01-26,1,elasticnet,157,0.000883348931170147,-7.31008044181484e-05
2023-01-27,1,elasticnet,157,0.003427847242664761,-7.365718923180522e-05
2023-01-30,1,elasticnet,157,-0.001761425252366777,-7.206813641103124e-05
2023-01-31,1,elasticnet,157,-0.008656359384687562,-7.413010365982375e-05
2023-02-01,1,elasticnet,157,0.005222458536772834,-3.9442404189750564e-05
2023-02-02,1,elasticnet,157,0.01143316309083886,-3.812757502581735e-05
2023-02-03,1,elasticnet,157,0.006778373973098439,-3.939005492673833e-05
2023-02-06,1,elasticnet,157,-0.001835305996929826,-3.925507746944823e-05
2023-02-07,1,elasticnet,157,-0.000193386192828271,-4.170928643424602e-05
2023-02-08,1,elasticnet,157,-0.001839036476302347,-4.1862123266480505e-05
2023-02-09,1,elasticnet,157,0.003964230475544284,-4.286312795188395e-05
2023-02-10,1,elasticnet,157,-0.002705577068348397,-4.4751901312145434e-05
2023-02-13,1,elasticnet,157,-0.001161777650279028,-4.5124899262758425e-05
2023-02-14,1,elasticnet,157,0.006661863884845687,-4.626340797953343e-05
2023-02-15,1,elasticnet,157,-0.000577533946171549,-4.585841782220481e-05
2023-02-16,1,elasticnet,157,0.0,-4.6501999564672956e-05
2023-02-17,1,elasticnet,157,0.0,-4.730629785389259e-05
2023-02-20,1,elasticnet,157,0.003076333900873252,-4.81884422887711e-05
2023-02-21,1,elasticnet,157,0.003832156442938661,-4.604781559568833e-05
2023-02-22,1,elasticnet,157,0.0001912228708382813,-4.700266634987573e-05
2023-02-23,1,elasticnet,157,0.005814801189373497,-4.778119665690487e-05
2023-02-24,1,elasticnet,157,-0.005145808953403552,-4.758253477845628e-05
2023-02-27,1,elasticnet,157,0.00190894397952146,-4.6295700178522004e-05
2023-02-28,1,elasticnet,157,-0.003725822318193295,-4.940082840121745e-05
2023-03-01,1,elasticnet,157,0.005250358106563269,-0.00013924979409643047
2023-03-02,1,elasticnet,157,-0.004867582982272189,-0.00013983871331589052
2023-03-03,1,elasticnet,157,-0.00162780712920263,-0.00014070582494217905
2023-03-06,1,elasticnet,157,0.01200243023517356,-0.0001404791396070024
2023-03-07,1,elasticnet,157,0.0004733279777866528,-0.0001479485071878724
2023-01-11,1,elasticnet,158,-0.009151154204711354,-0.00010346973504302327
2023-01-12,1,elasticnet,158,-0.0004891171533074612,-0.00010392576937263295
2023-01-13,1,elasticnet,158,0.0006846970483174175,-0.00010429742457753582
2023-01-16,1,elasticnet,158,0.00117267676880406,-0.00010413974516366112
2023-01-17,1,elasticnet,158,-0.0002930402951371036,-0.00010373299059963502
2023-01-18,1,elasticnet,158,-0.002935135655762977,-0.00010358398803889739
2023-01-19,1,elasticnet,158,-0.0004900279413977415,-0.00010365118206659096
2023-01-20,1,elasticnet,158,0.001273573525070404,-0.0001039609108840714
2023-01-23,1,elasticnet,158,-0.002156229395644971,-0.0001040575868363573
2023-01-24,1,elasticnet,158,-0.002751033371890088,-0.0001046597329173593
2023-01-25,1,elasticnet,158,0.001965795797188363,-0.00010450692919718079
2023-01-26,1,elasticnet,158,0.000883348931170147,-0.0001046264919856413
2023-01-27,1,elasticnet,158,0.003427847242664761,-0.00010482878623297946
2023-01-30,1,elasticnet,158,-0.001761425252366777,-0.00010390270135145946
2023-01-31,1,elasticnet,158,-0.008656359384687562,-0.00010453277857159311
2023-02-01,1,elasticnet,158,0.005222458536772834,-0.00010583983456026589
2023-02-02,1,elasticnet,158,0.01143316309083886,-0.00010521400517420133
2023-02-03,1,elasticnet,158,0.006778373973098439,-0.00010562992541830793
2023-02-06,1,elasticnet,158,-0.001835305996929826,-0.00010512609037968295
2023-02-07,1,elasticnet,158,-0.000193386192828271,-0.00010593132717691108
2023-02-08,1,elasticnet,158,-0.001839036476302347,-0.00010553917454249749
2023-02-09,1,elasticnet,158,0.003964230475544284,-0.00010526189018784707
2023-02-10,1,elasticnet,158,-0.002705577068348397,-0.0001057023323582194
2023-02-13,1,elasticnet,158,-0.001161777650279028,-0.00010585642137422928
2023-02-14,1,elasticnet,158,0.006661863884845687,-0.00010669610009437635
2023-02-15,1,elasticnet,158,-0.000577533946171549,-0.00010691388962058343
2023-02-16,1,elasticnet,158,0.0,-0.00010619438897278591
2023-02-17,1,elasticnet,158,0.0,-0.00010641381358908412
2023-02-20,1,elasticnet,158,0.003076333900873252,-0.00010605724914073718
2023-02-21,1,elasticnet,158,0.003832156442938661,-0.00010493413765215016
2023-02-22,1,elasticnet,158,0.0001912228708382813,-0.00010536927002993612
2023-02-23,1,elasticnet,158,0.005814801189373497,-0.00010601825174180461
2023-02-24,1,elasticnet,158,-0.005145808953403552,-0.00010574986757760537
2023-02-27,1,elasticnet,158,0.00190894397952146,-0.00010581591534215121
2023-02-28,1,elasticnet,158,-0.003725822318193295,-0.00010652004716802548
2023-03-01,1,elasticnet,158,0.005250358106563269,-0.00011431437896290426
2023-03-02,1,elasticnet,158,-0.004867582982272189,-0.00011485747689009114
2023-03-03,1,elasticnet,158,-0.00162780712920263,-0.0001155017219409471
2023-03-06,1,elasticnet,158,0.01200243023517356,-0.00011540610794717848
2023-03-07,1,elasticnet,158,0.0004733279777866528,-0.00011641278779480359
2023-03-08,1,elasticnet,158,-0.003318010343663857,-0.00011691405224176582
2023-03-09,1,elasticnet,158,-0.006956052632521192,-0.00011478955812240204
2023-03-10,1,elasticnet,158,-0.009414998934602181,-0.00011304190254358184
2023-03-13,1,elasticnet,158,0.0,-0.0001107857721454926
2023-03-14,1,elasticnet,158,0.01008411906662676,-0.00011232024840217259
2023-03-15,1,elasticnet,158,-0.002200220909602812,-0.00011017588471292515
2023-03-16,1,elasticnet,158,-0.00682268538076336,-0.00011132755520027092
2023-03-17,1,elasticnet,158,-0.004154796063255972,-0.00010731071807920965
2023-03-20,1,elasticnet,158,-0.0001936670868838419,-0.00010976604115371568
2023-03-21,1,elasticnet,158,-0.00885176734420412,-0.00011266167994164838
2023-03-22,1,elasticnet,158,0.001757126574701395,-0.00011183090141195248
2023-03-23,1,elasticnet,158,0.005737919948932024,-0.00011112809703422481
2023-03-24,1,elasticnet,158,-0.002524518284162447,-0.00011179159637107535
2023-03-27,1,elasticnet,158,-0.004189201898326722,-0.00011306175511262631
2023-03-28,1,elasticnet,158,0.002048081858937678,-0.00011359883108296931
2023-03-29,1,elasticnet,158,-0.004883299087882875,-0.00011406818204636012
2023-03-30,1,elasticnet,158,0.003615933575812136,-0.00011456369002610779
2023-03-31,1,elasticnet,158,-0.00410557761438568,-0.00011460264527272516
2023-04-03,1,elasticnet,158,-0.004909672077470617,-0.00013538549474054364
2023-04-04,1,elasticnet,158,0.00255603756936118,-0.00013672536337339765
2023-02-08,1,elasticnet,159,-0.001839036476302347,-2.193631275712968e-05
2023-02-09,1,elasticnet,159,0.003964230475544284,-2.162531113025616e-05
2023-02-10,1,elasticnet,159,-0.002705577068348397,-2.1677144734735077e-05
2023-02-13,1,elasticnet,159,-0.001161777650279028,-2.173185798390727e-05
2023-02-14,1,elasticnet,159,0.006661863884845687,-2.2143647175045363e-05
2023-02-15,1,elasticnet,159,-0.000577533946171549,-2.233946301418795e-05
2023-02-16,1,elasticnet,159,0.0,-2.178081194369292e-05
2023-02-17,1,elasticnet,159,0.0,-2.182400661409202e-05
2023-02-20,1,elasticnet,159,0.003076333900873252,-2.1475569606205942e-05
2023-02-21,1,elasticnet,159,0.003832156442938661,-2.100330787650911e-05
2023-02-22,1,elasticnet,159,0.0001912228708382813,-2.1170327268718966e-05
2023-02-23,1,elasticnet,159,0.005814801189373497,-2.1501486408445402e-05
2023-02-24,1,elasticnet,159,-0.005145808953403552,-2.1348865239701914e-05
2023-02-27,1,elasticnet,159,0.00190894397952146,-2.1556199657617596e-05
2023-02-28,1,elasticnet,159,-0.003725822318193295,-2.162819077494943e-05
2023-03-01,1,elasticnet,159,0.005250358106563269,-2.1662746511268712e-05
2023-03-02,1,elasticnet,159,-0.004867582982272189,-2.1947831335902775e-05
2023-03-03,1,elasticnet,159,-0.00162780712920263,-2.2264592252162845e-05
2023-03-06,1,elasticnet,159,0.01200243023517356,-2.2230036515843564e-05
2023-03-07,1,elasticnet,159,0.0004733279777866528,-2.1947831335902775e-05
2023-03-08,1,elasticnet,159,-0.003318010343663857,-2.2086054281179898e-05
2023-03-09,1,elasticnet,159,-0.006956052632521192,-2.107817863853422e-05
2023-03-10,1,elasticnet,159,-0.009414998934602181,-2.044753645070735e-05
2023-03-13,1,elasticnet,159,0.0,-1.995223756346433e-05
2023-03-14,1,elasticnet,159,0.01008411906662676,-2.07556584328876e-05
2023-03-15,1,elasticnet,159,-0.002200220909602812,-2.006166406180872e-05
2023-03-16,1,elasticnet,159,-0.00682268538076336,-2.096875214018983e-05
2023-03-17,1,elasticnet,159,-0.004154796063255972,-2.024308167748494e-05
2023-03-20,1,elasticnet,159,-0.0001936670868838419,-2.0634713355770118e-05
2023-03-21,1,elasticnet,159,-0.00885176734420412,-2.1432374935806842e-05
2023-03-22,1,elasticnet,159,0.001757126574701395,-2.1178966202798785e-05
2023-03-23,1,elasticnet,159,0.005737919948932024,-2.107817863853422e-05
2023-03-24,1,elasticnet,159,-0.002524518284162447,-2.1328707726849e-05
2023-03-27,1,elasticnet,159,-0.004189201898326722,-2.1656987221882165e-05
2023-03-28,1,elasticnet,159,0.002048081858937678,-2.1838404837558387e-05
2023-03-29,1,elasticnet,159,-0.004883299087882875,-2.2083174636486623e-05
2023-03-30,1,elasticnet,159,0.003615933575812136,-2.2111971083419357e-05
2023-03-31,1,elasticnet,159,-0.00410557761438568,-2.2204119713604104e-05
2023-04-03,1,elasticnet,159,-0.004909672077470617,-2.2247314384003204e-05
2023-04-04,1,elasticnet,159,0.00255603756936118,-2.2117730372805904e-05
2023-04-05,1,elasticnet,159,-0.0002945941986247647,-2.2094693215259716e-05
2023-04-06,1,elasticnet,159,0.002648228706734201,-2.2290509054402305e-05
2023-04-07,1,elasticnet,159,0.004788204780197702,-2.2290509054402305e-05
2023-04-10,1,elasticnet,159,-0.003711304191518217,-2.2126369306885723e-05
2023-04-11,1,elasticnet,159,-0.006872879287762146,-2.208893392587317e-05
2023-04-12,1,elasticnet,159,-0.004839276640749013,-2.209181357056644e-05
2023-04-13,1,elasticnet,159,0.005331766185300957,-2.246328773599871e-05
2023-04-14,1,elasticnet,159,0.005401437144225696,-2.2673501798607662e-05
2023-04-17,1,elasticnet,159,-0.003433900847914728,-2.2708057534926944e-05
2023-04-18,1,elasticnet,159,0.002159828053430068,-2.2742613271246225e-05
2023-04-19,1,elasticnet,159,-0.001275698126983471,-2.2849160124897338e-05
2023-04-20,1,elasticnet,159,-0.0001964057749610504,-2.2644705351674928e-05
2023-04-21,1,elasticnet,159,-0.004626675576180794,-2.2759891139405866e-05
2023-04-24,1,elasticnet,159,0.005019448558448936,-2.2725335403086584e-05
2023-04-25,1,elasticnet,159,-0.003836133165466826,-2.2186841845444464e-05
2023-04-26,1,elasticnet,159,0.0002956101908502262,-2.2163804687898276e-05
2023-04-27,1,elasticnet,159,0.001575113536914863,-2.2685020377380756e-05
2023-04-28,1,elasticnet,159,0.004808409244874134,-2.304497596403993e-05
2023-05-01,1,elasticnet,159,-0.001861741755716295,-2.2958586623241726e-05
2023-05-02,1,elasticnet,159,-0.006099379460151155,-2.2469047025385255e-05
2023-03-08,1,elasticnet,160,-0.003318010343663857,-0.00010483617706497025
2023-03-09,1,elasticnet,160,-0.006956052632521192,-0.00010281443741405753
2023-03-10,1,elasticnet,160,-0.009414998934602181,-0.00010130544492351377
2023-03-13,1,elasticnet,160,0.0,-9.960503616005288e-05
2023-03-14,1,elasticnet,160,0.01008411906662676,-0.00010112389730977949
2023-03-15,1,elasticnet,160,-0.002200220909602812,-9.933434954004832e-05
2023-03-16,1,elasticnet,160,-0.00682268538076336,-0.00010071048045712634
2023-03-17,1,elasticnet,160,-0.004154796063255972,-9.780434270184648e-05
2023-03-20,1,elasticnet,160,-0.0001936670868838419,-9.954040227936737e-05
2023-03-21,1,elasticnet,160,-0.00885176734420412,-0.00010184859269596783
2023-03-22,1,elasticnet,160,0.001757126574701395,-0.00010116728683223016
2023-03-23,1,elasticnet,160,0.005737919948932024,-0.000100679147831614
2023-03-24,1,elasticnet,160,-0.002524518284162447,-0.00010126066336648237
2023-03-27,1,elasticnet,160,-0.004189201898326722,-0.00010225635604381767
2023-03-28,1,elasticnet,160,0.002048081858937678,-0.00010271046784416956
2023-03-29,1,elasticnet,160,-0.004883299087882875,-0.00010317428698257293
2023-03-30,1,elasticnet,160,0.003615933575812136,-0.00010348562223443322
2023-03-31,1,elasticnet,160,-0.00410557761438568,-0.0001035799084085103
2023-04-03,1,elasticnet,160,-0.004909672077470617,-0.000125159052464626
2023-04-04,1,elasticnet,160,0.00255603756936118,-0.00012583979370440392
2023-04-05,1,elasticnet,160,-0.0002945941986247647,-0.0001255831669557212
2023-04-06,1,elasticnet,160,0.002648228706734201,-0.00012615830304069512
2023-04-07,1,elasticnet,160,0.004788204780197702,-0.00012654882797907713
2023-04-10,1,elasticnet,160,-0.003711304191518217,-0.0001265926775226813
2023-04-11,1,elasticnet,160,-0.006872879287762146,-0.0001267252284250046
2023-04-12,1,elasticnet,160,-0.004839276640749013,-0.00012659826233803921
2023-04-13,1,elasticnet,160,0.005331766185300957,-0.00012737753925099645
2023-04-14,1,elasticnet,160,0.005401437144225696,-0.00012819337661783856
2023-04-17,1,elasticnet,160,-0.003433900847914728,-0.0001283326639570417
2023-04-18,1,elasticnet,160,0.002159828053430068,-0.0001289128665492568
2023-04-19,1,elasticnet,160,-0.001275698126983471,-0.000128882524224135
2023-04-20,1,elasticnet,160,-0.0001964057749610504,-0.0001281717856751004
2023-04-21,1,elasticnet,160,-0.004626675576180794,-0.00012848490586188775
2023-04-24,1,elasticnet,160,0.005019448558448936,-0.00012806847179221996
2023-04-25,1,elasticnet,160,-0.003836133165466826,-0.00012744741293117476
2023-04-26,1,elasticnet,160,0.0002956101908502262,-0.00012754981717423032
2023-04-27,1,elasticnet,160,0.001575113536914863,-0.00012883819071713676
2023-04-28,1,elasticnet,160,0.004808409244874134,-0.0001289285620054946
2023-05-01,1,elasticnet,160,-0.001861741755716295,-0.0001295745084090085
2023-05-02,1,elasticnet,160,-0.006099379460151155,-0.00012978065221137531
2023-05-03,1,elasticnet,160,0.0005918911093196755,-0.00012967863930002783
2023-05-04,1,elasticnet,160,-0.001875524956273189,-0.00012881264162913254
2023-05-05,1,elasticnet,160,0.001678266843393672,-0.00013033320705322054
2023-05-08,1,elasticnet,160,0.002266122453586483,-0.0001303753986383063
2023-05-09,1,elasticnet,160,-0.001280220766708418,-0.00013015794625769467
2023-05-10,1,elasticnet,160,0.005699140904743771,-0.00013025805922882672
2023-05-11,1,elasticnet,160,0.006056480367114148,-0.00012996102582998528
2023-05-12,1,elasticnet,160,-0.002437717554496288,-0.00013010950219912316
2023-05-15,1,elasticnet,160,0.001268354723916509,-0.00012980977422552981
2023-05-16,1,elasticnet,160,0.003115267316949222,-0.00012961878362904345
2023-05-17,1,elasticnet,160,0.006781000506436818,-0.00013047788354192755
2023-05-18,1,elasticnet,160,-0.003675407948283471,-0.00013112103968270736
2023-05-19,1,elasticnet,160,0.0,-0.00013049083810757044
2023-05-22,1,elasticnet,160,0.002806136632619527,-0.00013040447433661782
2023-05-23,1,elasticnet,160,0.003857657402358328,-0.00013001869326321422
2023-05-24,1,elasticnet,160,0.003459213596470612,-0.000129373590866376
2023-05-25,1,elasticnet,160,-0.000383766674574737,-0.00012997202216844946
2023-05-26,1,elasticnet,160,0.0004796853356241471,-0.00013028879288565662
2023-05-29,1,elasticnet,160,-0.0008635993436030276,-0.00013076936647013373
2023-05-30,1,elasticnet,160,0.001534772483521074,-0.00013047962216101162
2023-04-05,1,elasticnet,161,-0.0002945941986247647,-0.0001353429695466786
2023-04-06,1,elasticnet,161,0.002648228706734201,-0.00013614016211703424
2023-04-07,1,elasticnet,161,0.004788204780197702,-0.0001369992378007879
2023-04-10,1,elasticnet,161,-0.003711304191518217,-0.00013748798381329184
2023-04-11,1,elasticnet,161,-0.006872879287762146,-0.00013786903763880428
2023-04-12,1,elasticnet,161,-0.004839276640749013,-0.00013758285578152586
2023-04-13,1,elasticnet,161,0.005331766185300957,-0.00013840930204010973
2023-04-14,1,elasticnet,161,0.005401437144225696,-0.00013970157758281135
2023-04-17,1,elasticnet,161,-0.003433900847914728,-0.0001399253949811311
2023-04-18,1,elasticnet,161,0.002159828053430068,-0.0001411191365385276
2023-04-19,1,elasticnet,161,-0.001275698126983471,-0.000140797747846024
2023-04-20,1,elasticnet,161,-0.0001964057749610504,-0.0001397229039754423
2023-04-21,1,elasticnet,161,-0.004626675576180794,-0.00014013641654387233
2023-04-24,1,elasticnet,161,0.005019448558448936,-0.00013930293253127575
2023-04-25,1,elasticnet,161,-0.003836133165466826,-0.00013922370202364343
2023-04-26,1,elasticnet,161,0.0002956101908502262,-0.00013950402826664045
2023-04-27,1,elasticnet,161,0.001575113536914863,-0.00014109250902671257
2023-04-28,1,elasticnet,161,0.004808409244874134,-0.00014043103142548756
2023-05-01,1,elasticnet,161,-0.001861741755716295,-0.00014057278390308345
2023-05-02,1,elasticnet,161,-0.006099379460151155,-0.00014219623398460898
2023-05-03,1,elasticnet,161,0.0005918911093196755,-0.0001423572299615883
2023-05-04,1,elasticnet,161,-0.001875524956273189,-0.00014165659722793747
2023-05-05,1,elasticnet,161,0.001678266843393672,-0.00014300569227862476
2023-05-08,1,elasticnet,161,0.002266122453586483,-0.00014295397882439212
2023-05-09,1,elasticnet,161,-0.001280220766708418,-0.00014297802892615177
2023-05-10,1,elasticnet,161,0.005699140904743771,-0.0001426683270790321
2023-05-11,1,elasticnet,161,0.006056480367114148,-0.0001420080316175384
2023-05-12,1,elasticnet,161,-0.002437717554496288,-0.00014240347161438463
2023-05-15,1,elasticnet,161,0.001268354723916509,-0.00014180607072376798
2023-05-16,1,elasticnet,161,0.003115267316949222,-0.00014198468230994937
2023-05-17,1,elasticnet,161,0.006781000506436818,-0.00014310372053519038
2023-05-18,1,elasticnet,161,-0.003675407948283471,-0.000143954192512355
2023-05-19,1,elasticnet,161,0.0,-0.00014309092469961182
2023-05-22,1,elasticnet,161,0.002806136632619527,-0.00014317623027013552
2023-05-23,1,elasticnet,161,0.003857657402358328,-0.00014323604170221767
2023-05-24,1,elasticnet,161,0.003459213596470612,-0.00014284927856149715
2023-05-25,1,elasticnet,161,-0.000383766674574737,-0.00014355318949937402
2023-05-26,1,elasticnet,161,0.0004796853356241471,-0.00014343103799151208
2023-05-29,1,elasticnet,161,-0.0008635993436030276,-0.00014415097420283576
2023-05-30,1,elasticnet,161,0.001534772483521074,-0.0001435135954697282
2023-05-31,1,elasticnet,161,-0.007407797596541421,-0.00014475215902641796
2023-06-01,1,elasticnet,161,0.004335893481704822,-0.00016188067093683857
2023-06-02,1,elasticnet,161,-9.614922366907308e-05,-0.0001624950354088444
2023-06-05,1,elasticnet,161,0.001249219400431656,-0.00016144891511457252
2023-06-06,1,elasticnet,161,-0.0002881429208807518,-0.00016198443289179115
2023-06-07,1,elasticnet,161,-0.007327452761884956,-0.00016177232672203424
2023-06-08,1,elasticnet,161,0.002126632024298303,-0.00016117702189591233
2023-06-09,1,elasticnet,161,0.000868683998452191,-0.00016109070486790955
2023-06-12,1,elasticnet,161,-0.002995316022750494,-0.00016044171243895472
2023-06-13,1,elasticnet,161,-0.003781089385239689,-0.0001606889522944002
2023-06-14,1,elasticnet,161,-0.008192769906352204,-0.00016090045520270204
2023-06-15,1,elasticnet,161,0.001272327061777823,-0.00016018745921267548
2023-06-16,1,elasticnet,161,0.002734910866646345,-0.0001607863772895107
2023-06-19,1,elasticnet,161,0.0001950648596835691,-0.000161098199584304
2023-06-20,1,elasticnet,161,-0.004594113940147082,-0.00016062333401439436
2023-06-21,1,elasticnet,161,0.003130199171318182,-0.0001618777765454576
2023-06-22,1,elasticnet,161,0.004968591253278198,-0.00016207226710601252
2023-06-23,1,elasticnet,161,-0.002042901629799587,-0.0001618181114124488
2023-06-26,1,elasticnet,161,-0.001949508366732466,-0.00016163752567766707
2023-06-27,1,elasticnet,161,0.003992409996532054,-0.00016218692389748
2023-05-03,1,elasticnet,162,0.0005918911093196755,2.610306370152539e-05
2023-05-04,1,elasticnet,162,-0.001875524956273189,2.610306370152539e-05
2023-05-05,1,elasticnet,162,0.001678266843393672,2.610306370152539e-05
2023-05-08,1,elasticnet,162,0.002266122453586483,2.610306370152539e-05
2023-05-09,1,elasticnet,162,-0.001280220766708418,2.610306370152539e-05
2023-05-10,1,elasticnet,162,0.005699140904743771,2.610306370152539e-05
2023-05-11,1,elasticnet,162,0.006056480367114148,2.610306370152539e-05
2023-05-12,1,elasticnet,162,-0.002437717554496288,2.610306370152539e-05
2023-05-15,1,elasticnet,162,0.001268354723916509,2.610306370152539e-05
2023-05-16,1,elasticnet,162,0.003115267316949222,2.610306370152539e-05
2023-05-17,1,elasticnet,162,0.006781000506436818,2.610306370152539e-05
2023-05-18,1,elasticnet,162,-0.003675407948283471,2.610306370152539e-05
2023-05-19,1,elasticnet,162,0.0,2.610306370152539e-05
2023-05-22,1,elasticnet,162,0.002806136632619527,2.610306370152539e-05
2023-05-23,1,elasticnet,162,0.003857657402358328,2.610306370152539e-05
2023-05-24,1,elasticnet,162,0.003459213596470612,2.610306370152539e-05
2023-05-25,1,elasticnet,162,-0.000383766674574737,2.610306370152539e-05
2023-05-26,1,elasticnet,162,0.0004796853356241471,2.610306370152539e-05
2023-05-29,1,elasticnet,162,-0.0008635993436030276,2.610306370152539e-05
2023-05-30,1,elasticnet,162,0.001534772483521074,2.610306370152539e-05
2023-05-31,1,elasticnet,162,-0.007407797596541421,2.610306370152539e-05
2023-06-01,1,elasticnet,162,0.004335893481704822,2.610306370152539e-05
2023-06-02,1,elasticnet,162,-9.614922366907308e-05,2.610306370152539e-05
2023-06-05,1,elasticnet,162,0.001249219400431656,2.610306370152539e-05
2023-06-06,1,elasticnet,162,-0.0002881429208807518,2.610306370152539e-05
2023-06-07,1,elasticnet,162,-0.007327452761884956,2.610306370152539e-05
2023-06-08,1,elasticnet,162,0.002126632024298303,2.610306370152539e-05
2023-06-09,1,elasticnet,162,0.000868683998452191,2.610306370152539e-05
2023-06-12,1,elasticnet,162,-0.002995316022750494,2.610306370152539e-05
2023-06-13,1,elasticnet,162,-0.003781089385239689,2.610306370152539e-05
2023-06-14,1,elasticnet,162,-0.008192769906352204,2.610306370152539e-05
2023-06-15,1,elasticnet,162,0.001272327061777823,2.610306370152539e-05
2023-06-16,1,elasticnet,162,0.002734910866646345,2.610306370152539e-05
2023-06-19,1,elasticnet,162,0.0001950648596835691,2.610306370152539e-05
2023-06-20,1,elasticnet,162,-0.004594113940147082,2.610306370152539e-05
2023-06-21,1,elasticnet,162,0.003130199171318182,2.610306370152539e-05
2023-06-22,1,elasticnet,162,0.004968591253278198,2.610306370152539e-05
2023-06-23,1,elasticnet,162,-0.002042901629799587,2.610306370152539e-05
2023-06-26,1,elasticnet,162,-0.001949508366732466,2.610306370152539e-05
2023-06-27,1,elasticnet,162,0.003992409996532054,2.610306370152539e-05
2023-06-28,1,elasticnet,162,0.004266880019034858,2.610306370152539e-05
2023-06-29,1,elasticnet,162,-0.004169703011037917,2.610306370152539e-05
2023-06-30,1,elasticnet,162,0.0004857434398708449,2.610306370152539e-05
2023-07-03,1,elasticnet,162,0.0007766990681723485,2.610306370152539e-05
2023-07-04,1,elasticnet,162,0.003197522224350102,2.610306370152539e-05
2023-07-05,1,elasticnet,162,-0.002906415531692907,2.610306370152539e-05
2023-07-06,1,elasticnet,162,-0.007791994230779586,2.610306370152539e-05
2023-07-07,1,elasticnet,162,-0.002937722441786583,2.610306370152539e-05
2023-07-10,1,elasticnet,162,-0.002356407570477614,2.610306370152539e-05
2023-07-11,1,elasticnet,162,-0.01196553213026608,2.610306370152539e-05
2023-07-12,1,elasticnet,162,-0.007489175749975097,2.610306370152539e-05
2023-07-13,1,elasticnet,162,0.001402243819510929,2.610306370152539e-05
2023-07-14,1,elasticnet,162,-0.0007008761238092021,2.610306370152539e-05
2023-07-17,1,elasticnet,162,0.001001101294940909,2.610306370152539e-05
2023-07-18,1,elasticnet,162,0.003396267374034423,2.610306370152539e-05
2023-07-19,1,elasticnet,162,0.005965418366571384,2.610306370152539e-05
2023-07-20,1,elasticnet,162,0.001881654429906732,2.610306370152539e-05
2023-07-21,1,elasticnet,162,0.002766526811438297,2.610306370152539e-05
2023-07-24,1,elasticnet,162,0.0,2.610306370152539e-05
2023-07-25,1,elasticnet,162,-0.004549058477721246,2.610306370152539e-05
2023-05-31,1,elasticnet,163,-0.007407797596541421,3.250568503741873e-05
2023-06-01,1,elasticnet,163,0.004335893481704822,3.250568503741873e-05
2023-06-02,1,elasticnet,163,-9.614922366907308e-05,3.250568503741873e-05
2023-06-05,1,elasticnet,163,0.001249219400431656,3.250568503741873e-05
2023-06-06,1,elasticnet,163,-0.0002881429208807518,3.250568503741873e-05
2023-06-07,1,elasticnet,163,-0.007327452761884956,3.250568503741873e-05
2023-06-08,1,elasticnet,163,0.002126632024298303,3.250568503741873e-05
2023-06-09,1,elasticnet,163,0.000868683998452191,3.250568503741873e-05
2023-06-12,1,elasticnet,163,-0.002995316022750494,3.250568503741873e-05
2023-06-13,1,elasticnet,163,-0.003781089385239689,3.250568503741873e-05
2023-06-14,1,elasticnet,163,-0.008192769906352204,3.250568503741873e-05
2023-06-15,1,elasticnet,163,0.001272327061777823,3.250568503741873e-05
2023-06-16,1,elasticnet,163,0.002734910866646345,3.250568503741873e-05
2023-06-19,1,elasticnet,163,0.0001950648596835691,3.250568503741873e-05
2023-06-20,1,elasticnet,163,-0.004594113940147082,3.250568503741873e-05
2023-06-21,1,elasticnet,163,0.003130199171318182,3.250568503741873e-05
2023-06-22,1,elasticnet,163,0.004968591253278198,3.250568503741873e-05
2023-06-23,1,elasticnet,163,-0.002042901629799587,3.250568503741873e-05
2023-06-26,1,elasticnet,163,-0.001949508366732466,3.250568503741873e-05
2023-06-27,1,elasticnet,163,0.003992409996532054,3.250568503741873e-05
2023-06-28,1,elasticnet,163,0.004266880019034858,3.250568503741873e-05
2023-06-29,1,elasticnet,163,-0.004169703011037917,3.250568503741873e-05
2023-06-30,1,elasticnet,163,0.0004857434398708449,3.250568503741873e-05
2023-07-03,1,elasticnet,163,0.0007766990681723485,3.250568503741873e-05
2023-07-04,1,elasticnet,163,0.003197522224350102,3.250568503741873e-05
2023-07-05,1,elasticnet,163,-0.002906415531692907,3.250568503741873e-05
2023-07-06,1,elasticnet,163,-0.007791994230779586,3.250568503741873e-05
2023-07-07,1,elasticnet,163,-0.002937722441786583,3.250568503741873e-05
2023-07-10,1,elasticnet,163,-0.002356407570477614,3.250568503741873e-05
2023-07-11,1,elasticnet,163,-0.01196553213026608,3.250568503741873e-05
2023-07-12,1,elasticnet,163,-0.007489175749975097,3.250568503741873e-05
2023-07-13,1,elasticnet,163,0.001402243819510929,3.250568503741873e-05
2023-07-14,1,elasticnet,163,-0.0007008761238092021,3.250568503741873e-05
2023-07-17,1,elasticnet,163,0.001001101294940909,3.250568503741873e-05
2023-07-18,1,elasticnet,163,0.003396267374034423,3.250568503741873e-05
2023-07-19,1,elasticnet,163,0.005965418366571384,3.250568503741873e-05
2023-07-20,1,elasticnet,163,0.001881654429906732,3.250568503741873e-05
2023-07-21,1,elasticnet,163,0.002766526811438297,3.250568503741873e-05
2023-07-24,1,elasticnet,163,0.0,3.250568503741873e-05
2023-07-25,1,elasticnet,163,-0.004549058477721246,3.250568503741873e-05
2023-07-26,1,elasticnet,163,0.008684550783551792,3.250568503741873e-05
2023-07-27,1,elasticnet,163,-0.001474999038253877,3.250568503741873e-05
2023-07-28,1,elasticnet,163,0.002358955290872267,3.250568503741873e-05
2023-07-31,1,elasticnet,163,0.004310351501122689,3.250568503741873e-05
2023-08-01,1,elasticnet,163,0.002830789142040047,3.250568503741873e-05
2023-08-02,1,elasticnet,163,-0.0004874957440668126,3.250568503741873e-05
2023-08-03,1,elasticnet,163,-0.005084093860773464,3.250568503741873e-05
2023-08-04,1,elasticnet,163,0.0002940167610727684,3.250568503741873e-05
2023-08-07,1,elasticnet,163,0.004692549426146719,3.250568503741873e-05
2023-08-08,1,elasticnet,163,-0.0003902058385287788,3.250568503741873e-05
2023-08-09,1,elasticnet,163,0.0002926686523991862,3.250568503741873e-05
2023-08-10,1,elasticnet,163,0.003116480901818264,3.250568503741873e-05
2023-08-11,1,elasticnet,163,0.003397566729933743,3.250568503741873e-05
2023-08-14,1,elasticnet,163,0.0001937984502191625,3.250568503741873e-05
2023-08-15,1,elasticnet,163,0.002129307811870262,3.250568503741873e-05
2023-08-16,1,elasticnet,163,0.001352657211075581,3.250568503741873e-05
2023-08-17,1,elasticnet,163,-0.00183619283289449,3.250568503741873e-05
2023-08-18,1,elasticnet,163,-0.000774143642300551,3.250568503741873e-05
2023-08-21,1,elasticnet,163,0.002513778757744056,3.250568503741873e-05
2023-08-22,1,elasticnet,163,-0.001352787915261722,3.250568503741873e-05
2023-06-28,1,elasticnet,164,0.004266880019034858,-0.0001509376562504307
2023-06-29,1,elasticnet,164,-0.004169703011037917,-0.00015106311554328333
2023-06-30,1,elasticnet,164,0.0004857434398708449,-0.00015077599007094674
2023-07-03,1,elasticnet,164,0.0007766990681723485,-0.00017054464012190192
2023-07-04,1,elasticnet,164,0.003197522224350102,-0.0001712387741783137
2023-07-05,1,elasticnet,164,-0.002906415531692907,-0.00017074325987136198
2023-07-06,1,elasticnet,164,-0.007791994230779586,-0.000170342947493418
2023-07-07,1,elasticnet,164,-0.002937722441786583,-0.00017072269501145268
2023-07-10,1,elasticnet,164,-0.002356407570477614,-0.00017062741650122545
2023-07-11,1,elasticnet,164,-0.01196553213026608,-0.0001709702272034826
2023-07-12,1,elasticnet,164,-0.007489175749975097,-0.00017146353496879708
2023-07-13,1,elasticnet,164,0.001402243819510929,-0.0001713875481310229
2023-07-14,1,elasticnet,164,-0.0007008761238092021,-0.00017168664923015179
2023-07-17,1,elasticnet,164,0.001001101294940909,-0.00017153467555460346
2023-07-18,1,elasticnet,164,0.003396267374034423,-0.0001717165500065229
2023-07-19,1,elasticnet,164,0.005965418366571384,-0.00017149362241600436
2023-07-20,1,elasticnet,164,0.001881654429906732,-0.00017142422169474472
2023-07-21,1,elasticnet,164,0.002766526811438297,-0.00017169735166948792
2023-07-24,1,elasticnet,164,0.0,-0.00017148402324748688
2023-07-25,1,elasticnet,164,-0.004549058477721246,-0.0001716870225718242
2023-07-26,1,elasticnet,164,0.008684550783551792,-0.0001720432687591661
2023-07-27,1,elasticnet,164,-0.001474999038253877,-0.00017144151025059534
2023-07-28,1,elasticnet,164,0.002358955290872267,-0.00017191232662061757
2023-07-31,1,elasticnet,164,0.004310351501122689,-0.00017168281291358452
2023-08-01,1,elasticnet,164,0.002830789142040047,-0.00016775817661051804
2023-08-02,1,elasticnet,164,-0.0004874957440668126,-0.000166658807342975
2023-08-03,1,elasticnet,164,-0.005084093860773464,-0.00016686738284842637
2023-08-04,1,elasticnet,164,0.0002940167610727684,-0.00016622191473672732
2023-08-07,1,elasticnet,164,0.004692549426146719,-0.00016690852932244355
2023-08-08,1,elasticnet,164,-0.0003902058385287788,-0.0001670963532971494
2023-08-09,1,elasticnet,164,0.0002926686523991862,-0.0001669426397570543
2023-08-10,1,elasticnet,164,0.003116480901818264,-0.0001669013066122009
2023-08-11,1,elasticnet,164,0.003397566729933743,-0.0001673381992184486
2023-08-14,1,elasticnet,164,0.0001937984502191625,-0.0001674530494073832
2023-08-15,1,elasticnet,164,0.002129307811870262,-0.00016675290600116414
2023-08-16,1,elasticnet,164,0.001352657211075581,-0.00016659782593819473
2023-08-17,1,elasticnet,164,-0.00183619283289449,-0.00016602834466426987
2023-08-18,1,elasticnet,164,-0.000774143642300551,-0.00016628272622487003
2023-08-21,1,elasticnet,164,0.002513778757744056,-0.0001663545967398226
2023-08-22,1,elasticnet,164,-0.001352787915261722,-0.0001666214206043056
2023-08-23,1,elasticnet,164,0.005400205987494466,-0.00016716429416011662
2023-08-24,1,elasticnet,164,0.0009612612486806782,-0.00016664666179954507
2023-08-25,1,elasticnet,164,-0.0001921783420923973,-0.00016748844978364884
2023-08-28,1,elasticnet,164,-0.005106230084136243,-0.00016796850873471473
2023-08-29,1,elasticnet,164,-0.003580244764877172,-0.0001681160860811872
2023-08-30,1,elasticnet,164,0.004449180373497619,-0.00016832922783235205
2023-08-31,1,elasticnet,164,0.00596557142994758,-0.00016844791433785392
2023-09-01,1,elasticnet,164,0.0,-0.0001593360922457318
2023-09-04,1,elasticnet,164,0.005453254365496818,-0.00015948707274007822
2023-09-05,1,elasticnet,164,0.000476939962299916,-0.00015894281590719426
2023-09-06,1,elasticnet,164,0.001905488381429343,-0.00015897144349610913
2023-09-07,1,elasticnet,164,0.0002855103516896662,-0.00015884845399694942
2023-09-08,1,elasticnet,164,-0.004960422267007658,-0.00015925654909764467
2023-09-11,1,elasticnet,164,0.001337920688873062,-0.00015916026065201688
2023-09-12,1,elasticnet,164,0.0005728470655030904,-0.00015913063988190013
2023-09-13,1,elasticnet,164,0.005995164742388148,-0.00015944152993698516
2023-09-14,1,elasticnet,164,-0.0007593014791531516,-0.00015975086679835966
2023-09-15,1,elasticnet,164,-0.001140034324499162,-0.0001592282015149841
2023-09-18,1,elasticnet,164,-0.000380300441928938,-0.00015911591445516053
2023-09-19,1,elasticnet,164,-0.0003804451253799357,-0.00015918879490551364
2023-07-26,1,elasticnet,165,0.008684550783551792,2.4766048268288336e-05
2023-07-27,1,elasticnet,165,-0.001474999038253877,2.4766048268288336e-05
2023-07-28,1,elasticnet,165,0.002358955290872267,2.4766048268288336e-05
2023-07-31,1,elasticnet,165,0.004310351501122689,2.4766048268288336e-05
2023-08-01,1,elasticnet,165,0.002830789142040047,2.4766048268288336e-05
2023-08-02,1,elasticnet,165,-0.0004874957440668126,2.4766048268288336e-05
2023-08-03,1,elasticnet,165,-0.005084093860773464,2.4766048268288336e-05
2023-08-04,1,elasticnet,165,0.0002940167610727684,2.4766048268288336e-05
2023-08-07,1,elasticnet,165,0.004692549426146719,2.4766048268288336e-05
2023-08-08,1,elasticnet,165,-0.0003902058385287788,2.4766048268288336e-05
2023-08-09,1,elasticnet,165,0.0002926686523991862,2.4766048268288336e-05
2023-08-10,1,elasticnet,165,0.003116480901818264,2.4766048268288336e-05
2023-08-11,1,elasticnet,165,0.003397566729933743,2.4766048268288336e-05
2023-08-14,1,elasticnet,165,0.0001937984502191625,2.4766048268288336e-05
2023-08-15,1,elasticnet,165,0.002129307811870262,2.4766048268288336e-05
2023-08-16,1,elasticnet,165,0.001352657211075581,2.4766048268288336e-05
2023-08-17,1,elasticnet,165,-0.00183619283289449,2.4766048268288336e-05
2023-08-18,1,elasticnet,165,-0.000774143642300551,2.4766048268288336e-05
2023-08-21,1,elasticnet,165,0.002513778757744056,2.4766048268288336e-05
2023-08-22,1,elasticnet,165,-0.001352787915261722,2.4766048268288336e-05
2023-08-23,1,elasticnet,165,0.005400205987494466,2.4766048268288336e-05
2023-08-24,1,elasticnet,165,0.0009612612486806782,2.4766048268288336e-05
2023-08-25,1,elasticnet,165,-0.0001921783420923973,2.4766048268288336e-05
2023-08-28,1,elasticnet,165,-0.005106230084136243,2.4766048268288336e-05
2023-08-29,1,elasticnet,165,-0.003580244764877172,2.4766048268288336e-05
2023-08-30,1,elasticnet,165,0.004449180373497619,2.4766048268288336e-05
2023-08-31,1,elasticnet,165,0.00596557142994758,2.4766048268288336e-05
2023-09-01,1,elasticnet,165,0.0,2.4766048268288336e-05
2023-09-04,1,elasticnet,165,0.005453254365496818,2.4766048268288336e-05
2023-09-05,1,elasticnet,165,0.000476939962299916,2.4766048268288336e-05
2023-09-06,1,elasticnet,165,0.001905488381429343,2.4766048268288336e-05
2023-09-07,1,elasticnet,165,0.0002855103516896662,2.4766048268288336e-05
2023-09-08,1,elasticnet,165,-0.004960422267007658,2.4766048268288336e-05
2023-09-11,1,elasticnet,165,0.001337920688873062,2.4766048268288336e-05
2023-09-12,1,elasticnet,165,0.0005728470655030904,2.4766048268288336e-05
2023-09-13,1,elasticnet,165,0.005995164742388148,2.4766048268288336e-05
2023-09-14,1,elasticnet,165,-0.0007593014791531516,2.4766048268288336e-05
2023-09-15,1,elasticnet,165,-0.001140034324499162,2.4766048268288336e-05
2023-09-18,1,elasticnet,165,-0.000380300441928938,2.4766048268288336e-05
2023-09-19,1,elasticnet,165,-0.0003804451253799357,2.4766048268288336e-05
2023-09-20,1,elasticnet,165,0.002280502698725151,2.4766048268288336e-05
2023-09-21,1,elasticnet,165,0.002085901960444225,2.4766048268288336e-05
2023-09-22,1,elasticnet,165,0.003970134716596796,2.4766048268288336e-05
2023-09-25,1,elasticnet,165,0.002167460679855182,2.4766048268288336e-05
2023-09-26,1,elasticnet,165,0.004133401845469287,2.4766048268288336e-05
2023-09-27,1,elasticnet,165,-0.004227541643138544,2.4766048268288336e-05
2023-09-28,1,elasticnet,165,0.0,2.4766048268288336e-05
2023-09-29,1,elasticnet,165,0.006381403036746391,2.4766048268288336e-05
2023-10-02,1,elasticnet,165,0.0009350164309065434,2.4766048268288336e-05
2023-10-03,1,elasticnet,165,-0.001870907935811239,2.4766048268288336e-05
2023-10-04,1,elasticnet,165,-0.004410460863099708,2.4766048268288336e-05
2023-10-05,1,elasticnet,165,-0.00273108424217039,2.4766048268288336e-05
2023-10-06,1,elasticnet,165,0.000377145016727809,2.4766048268288336e-05
2023-10-09,1,elasticnet,165,-0.0024539889615669,2.4766048268288336e-05
2023-10-10,1,elasticnet,165,0.0,2.4766048268288336e-05
2023-10-11,1,elasticnet,165,0.00734397425575839,2.4766048268288336e-05
2023-10-12,1,elasticnet,165,0.0004689331856155832,2.4766048268288336e-05
2023-10-13,1,elasticnet,165,-0.00385175918923597,2.4766048268288336e-05
2023-10-16,1,elasticnet,165,9.412207640302483e-05,2.4766048268288336e-05
2023-10-17,1,elasticnet,165,0.00300723842833861,2.4766048268288336e-05
2023-08-23,1,elasticnet,166,0.005400205987494466,3.013601100776202e-05
2023-08-24,1,elasticnet,166,0.0009612612486806782,3.013601100776202e-05
2023-08-25,1,elasticnet,166,-0.0001921783420923973,3.013601100776202e-05
2023-08-28,1,elasticnet,166,-0.005106230084136243,3.013601100776202e-05
2023-08-29,1,elasticnet,166,-0.003580244764877172,3.013601100776202e-05
2023-08-30,1,elasticnet,166,0.004449180373497619,3.013601100776202e-05
2023-08-31,1,elasticnet,166,0.00596557142994758,3.013601100776202e-05
2023-09-01,1,elasticnet,166,0.0,3.013601100776202e-05
2023-09-04,1,elasticnet,166,0.005453254365496818,3.013601100776202e-05
2023-09-05,1,elasticnet,166,0.000476939962299916,3.013601100776202e-05
2023-09-06,1,elasticnet,166,0.001905488381429343,3.013601100776202e-05
2023-09-07,1,elasticnet,166,0.0002855103516896662,3.013601100776202e-05
2023-09-08,1,elasticnet,166,-0.004960422267007658,3.013601100776202e-05
2023-09-11,1,elasticnet,166,0.001337920688873062,3.013601100776202e-05
2023-09-12,1,elasticnet,166,0.0005728470655030904,3.013601100776202e-05
2023-09-13,1,elasticnet,166,0.005995164742388148,3.013601100776202e-05
2023-09-14,1,elasticnet,166,-0.0007593014791531516,3.013601100776202e-05
2023-09-15,1,elasticnet,166,-0.001140034324499162,3.013601100776202e-05
2023-09-18,1,elasticnet,166,-0.000380300441928938,3.013601100776202e-05
2023-09-19,1,elasticnet,166,-0.0003804451253799357,3.013601100776202e-05
2023-09-20,1,elasticnet,166,0.002280502698725151,3.013601100776202e-05
2023-09-21,1,elasticnet,166,0.002085901960444225,3.013601100776202e-05
2023-09-22,1,elasticnet,166,0.003970134716596796,3.013601100776202e-05
2023-09-25,1,elasticnet,166,0.002167460679855182,3.013601100776202e-05
2023-09-26,1,elasticnet,166,0.004133401845469287,3.013601100776202e-05
2023-09-27,1,elasticnet,166,-0.004227541643138544,3.013601100776202e-05
2023-09-28,1,elasticnet,166,0.0,3.013601100776202e-05
2023-09-29,1,elasticnet,166,0.006381403036746391,3.013601100776202e-05
2023-10-02,1,elasticnet,166,0.0009350164309065434,3.013601100776202e-05
2023-10-03,1,elasticnet,166,-0.001870907935811239,3.013601100776202e-05
2023-10-04,1,elasticnet,166,-0.004410460863099708,3.013601100776202e-05
2023-10-05,1,elasticnet,166,-0.00273108424217039,3.013601100776202e-05
2023-10-06,1,elasticnet,166,0.000377145016727809,3.013601100776202e-05
2023-10-09,1,elasticnet,166,-0.0024539889615669,3.013601100776202e-05
2023-10-10,1,elasticnet,166,0.0,3.013601100776202e-05
2023-10-11,1,elasticnet,166,0.00734397425575839,3.013601100776202e-05
2023-10-12,1,elasticnet,166,0.0004689331856155832,3.013601100776202e-05
2023-10-13,1,elasticnet,166,-0.00385175918923597,3.013601100776202e-05
2023-10-16,1,elasticnet,166,9.412207640302483e-05,3.013601100776202e-05
2023-10-17,1,elasticnet,166,0.00300723842833861,3.013601100776202e-05
2023-10-18,1,elasticnet,166,-0.00300723842833861,3.013601100776202e-05
2023-10-19,1,elasticnet,166,-0.0008474177805739558,3.013601100776202e-05
2023-10-20,1,elasticnet,166,-0.005857362046430836,3.013601100776202e-05
2023-10-23,1,elasticnet,166,0.006892997407081936,3.013601100776202e-05
2023-10-24,1,elasticnet,166,0.002443610238502814,3.013601100776202e-05
2023-10-25,1,elasticnet,166,0.0006568761086374053,3.013601100776202e-05
2023-10-26,1,elasticnet,166,-0.0003753049396646446,3.013601100776202e-05
2023-10-27,1,elasticnet,166,-0.004137677522540351,3.013601100776202e-05
2023-10-30,1,elasticnet,166,0.005075675902917354,3.013601100776202e-05
2023-10-31,1,elasticnet,166,0.002060504615879033,3.013601100776202e-05
2023-11-01,1,elasticnet,166,-0.007136180518796387,3.013601100776202e-05
2023-11-02,1,elasticnet,166,-0.0104197210598258,3.013601100776202e-05
2023-11-03,1,elasticnet,166,0.001807544610483269,3.013601100776202e-05
2023-11-06,1,elasticnet,166,0.003131675157325375,3.013601100776202e-05
2023-11-07,1,elasticnet,166,0.0004736418409017062,3.013601100776202e-05
2023-11-08,1,elasticnet,166,0.003026007037154166,3.013601100776202e-05
2023-11-09,1,elasticnet,166,-0.0004722104257357529,3.013601100776202e-05
2023-11-10,1,elasticnet,166,-0.002175044594770803,3.013601100776202e-05
2023-11-13,1,elasticnet,166,-0.01507086899542731,3.013601100776202e-05
2023-11-14,1,elasticnet,166,0.00326233258056341,3.013601100776202e-05
2023-09-20,1,elasticnet,167,0.002280502698725151,3.35944840359714e-05
2023-09-21,1,elasticnet,167,0.002085901960444225,3.35944840359714e-05
2023-09-22,1,elasticnet,167,0.003970134716596796,3.35944840359714e-05
2023-09-25,1,elasticnet,167,0.002167460679855182,3.35944840359714e-05
2023-09-26,1,elasticnet,167,0.004133401845469287,3.35944840359714e-05
2023-09-27,1,elasticnet,167,-0.004227541643138544,3.35944840359714e-05
2023-09-28,1,elasticnet,167,0.0,3.35944840359714e-05
2023-09-29,1,elasticnet,167,0.006381403036746391,3.35944840359714e-05
2023-10-02,1,elasticnet,167,0.0009350164309065434,3.35944840359714e-05
2023-10-03,1,elasticnet,167,-0.001870907935811239,3.35944840359714e-05
2023-10-04,1,elasticnet,167,-0.004410460863099708,3.35944840359714e-05
2023-10-05,1,elasticnet,167,-0.00273108424217039,3.35944840359714e-05
2023-10-06,1,elasticnet,167,0.000377145016727809,3.35944840359714e-05
2023-10-09,1,elasticnet,167,-0.0024539889615669,3.35944840359714e-05
2023-10-10,1,elasticnet,167,0.0,3.35944840359714e-05
2023-10-11,1,elasticnet,167,0.00734397425575839,3.35944840359714e-05
2023-10-12,1,elasticnet,167,0.0004689331856155832,3.35944840359714e-05
2023-10-13,1,elasticnet,167,-0.00385175918923597,3.35944840359714e-05
2023-10-16,1,elasticnet,167,9.412207640302483e-05,3.35944840359714e-05
2023-10-17,1,elasticnet,167,0.00300723842833861,3.35944840359714e-05
2023-10-18,1,elasticnet,167,-0.00300723842833861,3.35944840359714e-05
2023-10-19,1,elasticnet,167,-0.0008474177805739558,3.35944840359714e-05
2023-10-20,1,elasticnet,167,-0.005857362046430836,3.35944840359714e-05
2023-10-23,1,elasticnet,167,0.006892997407081936,3.35944840359714e-05
2023-10-24,1,elasticnet,167,0.002443610238502814,3.35944840359714e-05
2023-10-25,1,elasticnet,167,0.0006568761086374053,3.35944840359714e-05
2023-10-26,1,elasticnet,167,-0.0003753049396646446,3.35944840359714e-05
2023-10-27,1,elasticnet,167,-0.004137677522540351,3.35944840359714e-05
2023-10-30,1,elasticnet,167,0.005075675902917354,3.35944840359714e-05
2023-10-31,1,elasticnet,167,0.002060504615879033,3.35944840359714e-05
2023-11-01,1,elasticnet,167,-0.007136180518796387,3.35944840359714e-05
2023-11-02,1,elasticnet,167,-0.0104197210598258,3.35944840359714e-05
2023-11-03,1,elasticnet,167,0.001807544610483269,3.35944840359714e-05
2023-11-06,1,elasticnet,167,0.003131675157325375,3.35944840359714e-05
2023-11-07,1,elasticnet,167,0.0004736418409017062,3.35944840359714e-05
2023-11-08,1,elasticnet,167,0.003026007037154166,3.35944840359714e-05
2023-11-09,1,elasticnet,167,-0.0004722104257357529,3.35944840359714e-05
2023-11-10,1,elasticnet,167,-0.002175044594770803,3.35944840359714e-05
2023-11-13,1,elasticnet,167,-0.01507086899542731,3.35944840359714e-05
2023-11-14,1,elasticnet,167,0.00326233258056341,3.35944840359714e-05
2023-11-15,1,elasticnet,167,-0.0003832518969977272,3.35944840359714e-05
2023-11-16,1,elasticnet,167,-0.004129261160865205,3.35944840359714e-05
2023-11-17,1,elasticnet,167,-0.004629637898742267,3.35944840359714e-05
2023-11-20,1,elasticnet,167,0.00125597813718592,3.35944840359714e-05
2023-11-21,1,elasticnet,167,0.003373659761556347,3.35944840359714e-05
2023-11-22,1,elasticnet,167,-0.001444460745156917,3.35944840359714e-05
2023-11-23,1,elasticnet,167,-0.003571949542858555,3.35944840359714e-05
2023-11-24,1,elasticnet,167,-0.001936109026866362,3.35944840359714e-05
2023-11-27,1,elasticnet,167,-0.004369999671117952,3.35944840359714e-05
2023-11-28,1,elasticnet,167,9.731886533881351e-05,3.35944840359714e-05
2023-11-29,1,elasticnet,167,0.007175440463740301,3.35944840359714e-05
2023-11-30,1,elasticnet,167,-0.002224695022110978,3.35944840359714e-05
2023-12-01,1,elasticnet,167,0.004251624918330421,3.35944840359714e-05
2023-12-04,1,elasticnet,167,0.003273010238000751,3.35944840359714e-05
2023-12-05,1,elasticnet,167,0.0009606148673375614,3.35944840359714e-05
2023-12-06,1,elasticnet,167,-0.005874156233225847,3.35944840359714e-05
2023-12-07,1,elasticnet,167,0.004529036891286253,3.35944840359714e-05
2023-12-08,1,elasticnet,167,0.0008649272558818311,3.35944840359714e-05
2023-12-11,1,elasticnet,167,-0.002308137204750871,3.35944840359714e-05
2023-12-12,1,elasticnet,167,-0.009577783273233997,3.35944840359714e-05
2023-10-18,1,elasticnet,168,-0.00300723842833861,3.645141425874438e-05
2023-10-19,1,elasticnet,168,-0.0008474177805739558,3.645141425874438e-05
2023-10-20,1,elasticnet,168,-0.005857362046430836,3.645141425874438e-05
2023-10-23,1,elasticnet,168,0.006892997407081936,3.645141425874438e-05
2023-10-24,1,elasticnet,168,0.002443610238502814,3.645141425874438e-05
2023-10-25,1,elasticnet,168,0.0006568761086374053,3.645141425874438e-05
2023-10-26,1,elasticnet,168,-0.0003753049396646446,3.645141425874438e-05
2023-10-27,1,elasticnet,168,-0.004137677522540351,3.645141425874438e-05
2023-10-30,1,elasticnet,168,0.005075675902917354,3.645141425874438e-05
2023-10-31,1,elasticnet,168,0.002060504615879033,3.645141425874438e-05
2023-11-01,1,elasticnet,168,-0.007136180518796387,3.645141425874438e-05
2023-11-02,1,elasticnet,168,-0.0104197210598258,3.645141425874438e-05
2023-11-03,1,elasticnet,168,0.001807544610483269,3.645141425874438e-05
2023-11-06,1,elasticnet,168,0.003131675157325375,3.645141425874438e-05
2023-11-07,1,elasticnet,168,0.0004736418409017062,3.645141425874438e-05
2023-11-08,1,elasticnet,168,0.003026007037154166,3.645141425874438e-05
2023-11-09,1,elasticnet,168,-0.0004722104257357529,3.645141425874438e-05
2023-11-10,1,elasticnet,168,-0.002175044594770803,3.645141425874438e-05
2023-11-13,1,elasticnet,168,-0.01507086899542731,3.645141425874438e-05
2023-11-14,1,elasticnet,168,0.00326233258056341,3.645141425874438e-05
2023-11-15,1,elasticnet,168,-0.0003832518969977272,3.645141425874438e-05
2023-11-16,1,elasticnet,168,-0.004129261160865205,3.645141425874438e-05
2023-11-17,1,elasticnet,168,-0.004629637898742267,3.645141425874438e-05
2023-11-20,1,elasticnet,168,0.00125597813718592,3.645141425874438e-05
2023-11-21,1,elasticnet,168,0.003373659761556347,3.645141425874438e-05
2023-11-22,1,elasticnet,168,-0.001444460745156917,3.645141425874438e-05
2023-11-23,1,elasticnet,168,-0.003571949542858555,3.645141425874438e-05
2023-11-24,1,elasticnet,168,-0.001936109026866362,3.645141425874438e-05
2023-11-27,1,elasticnet,168,-0.004369999671117952,3.645141425874438e-05
2023-11-28,1,elasticnet,168,9.731886533881351e-05,3.645141425874438e-05
2023-11-29,1,elasticnet,168,0.007175440463740301,3.645141425874438e-05
2023-11-30,1,elasticnet,168,-0.002224695022110978,3.645141425874438e-05
2023-12-01,1,elasticnet,168,0.004251624918330421,3.645141425874438e-05
2023-12-04,1,elasticnet,168,0.003273010238000751,3.645141425874438e-05
2023-12-05,1,elasticnet,168,0.0009606148673375614,3.645141425874438e-05
2023-12-06,1,elasticnet,168,-0.005874156233225847,3.645141425874438e-05
2023-12-07,1,elasticnet,168,0.004529036891286253,3.645141425874438e-05
2023-12-08,1,elasticnet,168,0.0008649272558818311,3.645141425874438e-05
2023-12-11,1,elasticnet,168,-0.002308137204750871,3.645141425874438e-05
2023-12-12,1,elasticnet,168,-0.009577783273233997,3.645141425874438e-05
2023-12-13,1,elasticnet,168,-0.008885475635024065,3.645141425874438e-05
2023-12-14,1,elasticnet,168,0.005769905010475362,3.645141425874438e-05
2023-12-15,1,elasticnet,168,9.750865396984665e-05,3.645141425874438e-05
2023-12-18,1,elasticnet,168,-0.003809900569027747,3.645141425874438e-05
2023-12-19,1,elasticnet,168,0.002346271484014117,3.645141425874438e-05
2023-12-20,1,elasticnet,168,-0.005581409838194773,3.645141425874438e-05
2023-12-21,1,elasticnet,168,-0.001375651194637229,3.645141425874438e-05
2023-12-22,1,elasticnet,168,-0.002264114763522507,3.645141425874438e-05
2023-12-26,1,elasticnet,168,-0.004741686252526023,3.645141425874438e-05
2023-12-27,1,elasticnet,168,0.002373653572194989,3.645141425874438e-05
2023-12-28,1,elasticnet,168,0.0009873618495657155,3.645141425874438e-05
2023-12-29,1,elasticnet,168,0.00854916030937769,3.645141425874438e-05
2024-01-02,1,elasticnet,168,0.002833555073867622,3.645141425874438e-05
2024-01-03,1,elasticnet,168,-0.0006832268090670723,3.645141425874438e-05
2024-01-04,1,elasticnet,168,-9.764194705841334e-05,3.645141425874438e-05
2024-01-05,1,elasticnet,168,-0.001954843746361234,3.645141425874438e-05
2024-01-08,1,elasticnet,168,0.00351597197833442,3.645141425874438e-05
2024-01-09,1,elasticnet,168,-0.002049481027730948,3.645141425874438e-05
2024-01-10,1,elasticnet,168,-0.0006840948226720656,3.645141425874438e-05
2024-01-11,1,elasticnet,168,0.001074796136490974,3.645141425874438e-05
2023-11-15,1,elasticnet,169,-0.0003832518969977272,3.177953890987256e-05
2023-11-16,1,elasticnet,169,-0.004129261160865205,3.177953890987256e-05
2023-11-17,1,elasticnet,169,-0.004629637898742267,3.177953890987256e-05
2023-11-20,1,elasticnet,169,0.00125597813718592,3.177953890987256e-05
2023-11-21,1,elasticnet,169,0.003373659761556347,3.177953890987256e-05
2023-11-22,1,elasticnet,169,-0.001444460745156917,3.177953890987256e-05
2023-11-23,1,elasticnet,169,-0.003571949542858555,3.177953890987256e-05
2023-11-24,1,elasticnet,169,-0.001936109026866362,3.177953890987256e-05
2023-11-27,1,elasticnet,169,-0.004369999671117952,3.177953890987256e-05
2023-11-28,1,elasticnet,169,9.731886533881351e-05,3.177953890987256e-05
2023-11-29,1,elasticnet,169,0.007175440463740301,3.177953890987256e-05
2023-11-30,1,elasticnet,169,-0.002224695022110978,3.177953890987256e-05
2023-12-01,1,elasticnet,169,0.004251624918330421,3.177953890987256e-05
2023-12-04,1,elasticnet,169,0.003273010238000751,3.177953890987256e-05
2023-12-05,1,elasticnet,169,0.0009606148673375614,3.177953890987256e-05
2023-12-06,1,elasticnet,169,-0.005874156233225847,3.177953890987256e-05
2023-12-07,1,elasticnet,169,0.004529036891286253,3.177953890987256e-05
2023-12-08,1,elasticnet,169,0.0008649272558818311,3.177953890987256e-05
2023-12-11,1,elasticnet,169,-0.002308137204750871,3.177953890987256e-05
2023-12-12,1,elasticnet,169,-0.009577783273233997,3.177953890987256e-05
2023-12-13,1,elasticnet,169,-0.008885475635024065,3.177953890987256e-05
2023-12-14,1,elasticnet,169,0.005769905010475362,3.177953890987256e-05
2023-12-15,1,elasticnet,169,9.750865396984665e-05,3.177953890987256e-05
2023-12-18,1,elasticnet,169,-0.003809900569027747,3.177953890987256e-05
2023-12-19,1,elasticnet,169,0.002346271484014117,3.177953890987256e-05
2023-12-20,1,elasticnet,169,-0.005581409838194773,3.177953890987256e-05
2023-12-21,1,elasticnet,169,-0.001375651194637229,3.177953890987256e-05
2023-12-22,1,elasticnet,169,-0.002264114763522507,3.177953890987256e-05
2023-12-26,1,elasticnet,169,-0.004741686252526023,3.177953890987256e-05
2023-12-27,1,elasticnet,169,0.002373653572194989,3.177953890987256e-05
2023-12-28,1,elasticnet,169,0.0009873618495657155,3.177953890987256e-05
2023-12-29,1,elasticnet,169,0.00854916030937769,3.177953890987256e-05
2024-01-02,1,elasticnet,169,0.002833555073867622,3.177953890987256e-05
2024-01-03,1,elasticnet,169,-0.0006832268090670723,3.177953890987256e-05
2024-01-04,1,elasticnet,169,-9.764194705841334e-05,3.177953890987256e-05
2024-01-05,1,elasticnet,169,-0.001954843746361234,3.177953890987256e-05
2024-01-08,1,elasticnet,169,0.00351597197833442,3.177953890987256e-05
2024-01-09,1,elasticnet,169,-0.002049481027730948,3.177953890987256e-05
2024-01-10,1,elasticnet,169,-0.0006840948226720656,3.177953890987256e-05
2024-01-11,1,elasticnet,169,0.001074796136490974,3.177953890987256e-05
2024-01-12,1,elasticnet,169,0.0,3.177953890987256e-05
2024-01-15,1,elasticnet,169,0.009331327428884428,3.177953890987256e-05
2024-01-16,1,elasticnet,169,0.0008703641572607168,3.177953890987256e-05
2024-01-17,1,elasticnet,169,0.0008696072822029777,3.177953890987256e-05
2024-01-18,1,elasticnet,169,-0.002417445455213496,3.177953890987256e-05
2024-01-19,1,elasticnet,169,0.0003871842077218801,3.177953890987256e-05
2024-01-22,1,elasticnet,169,0.002802611160378277,3.177953890987256e-05
2024-01-23,1,elasticnet,169,-0.003673986536228746,3.177953890987256e-05
2024-01-24,1,elasticnet,169,0.003191337750374501,3.177953890987256e-05
2024-01-25,1,elasticnet,169,-0.001352657211075581,3.177953890987256e-05
2024-01-26,1,elasticnet,169,0.001738794873948457,3.177953890987256e-05
2024-01-29,1,elasticnet,169,-0.002028888189332001,3.177953890987256e-05
2024-01-30,1,elasticnet,169,-0.001258044391016178,3.177953890987256e-05
2024-01-31,1,elasticnet,169,-0.002132610346844643,3.177953890987256e-05
2024-02-01,1,elasticnet,169,0.008407065025876292,3.177953890987256e-05
2024-02-02,1,elasticnet,169,0.005087115640230344,3.177953890987256e-05
2024-02-05,1,elasticnet,169,-0.002300393998238448,3.177953890987256e-05
2024-02-06,1,elasticnet,169,-0.001440438142178202,3.177953890987256e-05
2024-02-07,1,elasticnet,169,0.001056524134199321,3.177953890987256e-05
2024-02-08,1,elasticnet,169,-0.0005761475096957014,3.177953890987256e-05
2023-12-13,1,elasticnet,170,-0.008885475635024065,2.8452708245640844e-05
2023-12-14,1,elasticnet,170,0.005769905010475362,2.8452708245640844e-05
2023-12-15,1,elasticnet,170,9.750865396984665e-05,2.8452708245640844e-05
2023-12-18,1,elasticnet,170,-0.003809900569027747,2.8452708245640844e-05
2023-12-19,1,elasticnet,170,0.002346271484014117,2.8452708245640844e-05
2023-12-20,1,elasticnet,170,-0.005581409838194773,2.8452708245640844e-05
2023-12-21,1,elasticnet,170,-0.001375651194637229,2.8452708245640844e-05
2023-12-22,1,elasticnet,170,-0.002264114763522507,2.8452708245640844e-05
2023-12-26,1,elasticnet,170,-0.004741686252526023,2.8452708245640844e-05
2023-12-27,1,elasticnet,170,0.002373653572194989,2.8452708245640844e-05
2023-12-28,1,elasticnet,170,0.0009873618495657155,2.8452708245640844e-05
2023-12-29,1,elasticnet,170,0.00854916030937769,2.8452708245640844e-05
2024-01-02,1,elasticnet,170,0.002833555073867622,2.8452708245640844e-05
2024-01-03,1,elasticnet,170,-0.0006832268090670723,2.8452708245640844e-05
2024-01-04,1,elasticnet,170,-9.764194705841334e-05,2.8452708245640844e-05
2024-01-05,1,elasticnet,170,-0.001954843746361234,2.8452708245640844e-05
2024-01-08,1,elasticnet,170,0.00351597197833442,2.8452708245640844e-05
2024-01-09,1,elasticnet,170,-0.002049481027730948,2.8452708245640844e-05
2024-01-10,1,elasticnet,170,-0.0006840948226720656,2.8452708245640844e-05
2024-01-11,1,elasticnet,170,0.001074796136490974,2.8452708245640844e-05
2024-01-12,1,elasticnet,170,0.0,2.8452708245640844e-05
2024-01-15,1,elasticnet,170,0.009331327428884428,2.8452708245640844e-05
2024-01-16,1,elasticnet,170,0.0008703641572607168,2.8452708245640844e-05
2024-01-17,1,elasticnet,170,0.0008696072822029777,2.8452708245640844e-05
2024-01-18,1,elasticnet,170,-0.002417445455213496,2.8452708245640844e-05
2024-01-19,1,elasticnet,170,0.0003871842077218801,2.8452708245640844e-05
2024-01-22,1,elasticnet,170,0.002802611160378277,2.8452708245640844e-05
2024-01-23,1,elasticnet,170,-0.003673986536228746,2.8452708245640844e-05
2024-01-24,1,elasticnet,170,0.003191337750374501,2.8452708245640844e-05
2024-01-25,1,elasticnet,170,-0.001352657211075581,2.8452708245640844e-05
2024-01-26,1,elasticnet,170,0.001738794873948457,2.8452708245640844e-05
2024-01-29,1,elasticnet,170,-0.002028888189332001,2.8452708245640844e-05
2024-01-30,1,elasticnet,170,-0.001258044391016178,2.8452708245640844e-05
2024-01-31,1,elasticnet,170,-0.002132610346844643,2.8452708245640844e-05
2024-02-01,1,elasticnet,170,0.008407065025876292,2.8452708245640844e-05
2024-02-02,1,elasticnet,170,0.005087115640230344,2.8452708245640844e-05
2024-02-05,1,elasticnet,170,-0.002300393998238448,2.8452708245640844e-05
2024-02-06,1,elasticnet,170,-0.001440438142178202,2.8452708245640844e-05
2024-02-07,1,elasticnet,170,0.001056524134199321,2.8452708245640844e-05
2024-02-08,1,elasticnet,170,-0.0005761475096957014,2.8452708245640844e-05
2024-02-09,1,elasticnet,170,0.0005761475096957014,2.8452708245640844e-05
2024-02-12,1,elasticnet,170,0.007555145199421354,2.8452708245640844e-05
2024-02-13,1,elasticnet,170,-0.00228920359413376,2.8452708245640844e-05
2024-02-14,1,elasticnet,170,-0.004018759594917931,2.8452708245640844e-05
2024-02-15,1,elasticnet,170,0.0,2.8452708245640844e-05
2024-02-16,1,elasticnet,170,-9.588187360520806e-05,2.8452708245640844e-05
2024-02-19,1,elasticnet,170,-0.002015645928871379,2.8452708245640844e-05
2024-02-20,1,elasticnet,170,-0.0006727858392086006,2.8452708245640844e-05
2024-02-21,1,elasticnet,170,-0.0004808385917520752,2.8452708245640844e-05
2024-02-22,1,elasticnet,170,-0.0001924001929936026,2.8452708245640844e-05
2024-02-23,1,elasticnet,170,-0.001058863264933763,2.8452708245640844e-05
2024-02-26,1,elasticnet,170,0.0,2.8452708245640844e-05
2024-02-27,1,elasticnet,170,0.001347449674516277,2.8452708245640844e-05
2024-02-28,1,elasticnet,170,0.001825782470381121,2.8452708245640844e-05
2024-02-29,1,elasticnet,170,-0.002884340044086997,2.8452708245640844e-05
2024-03-01,1,elasticnet,170,-0.0002888921008104006,2.8452708245640844e-05
2024-03-04,1,elasticnet,170,-0.0002889755835742136,2.8452708245640844e-05
2024-03-05,1,elasticnet,170,-0.004151186151394093,2.8452708245640844e-05
2024-03-06,1,elasticnet,170,-0.005334897953034989,2.8452708245640844e-05
2024-03-07,1,elasticnet,170,-0.001070403449645596,2.8452708245640844e-05
2024-01-12,1,elasticnet,171,0.0,-1.4257824350191132e-05
2024-01-15,1,elasticnet,171,0.009331327428884428,-1.4134548594584059e-05
2024-01-16,1,elasticnet,171,0.0008703641572607168,-1.4002307329478289e-05
2024-01-17,1,elasticnet,171,0.0008696072822029777,-1.3789376478884254e-05
2024-01-18,1,elasticnet,171,-0.002417445455213496,-1.393730738561274e-05
2024-01-19,1,elasticnet,171,0.0003871842077218801,-1.4123341707710687e-05
2024-01-22,1,elasticnet,171,0.002802611160378277,-1.4147996858832102e-05
2024-01-23,1,elasticnet,171,-0.003673986536228746,-1.4291445010811242e-05
2024-01-24,1,elasticnet,171,0.003191337750374501,-1.4159203745705472e-05
2024-01-25,1,elasticnet,171,-0.001352657211075581,-1.4089721047090577e-05
2024-01-26,1,elasticnet,171,0.001738794873948457,-1.4132307217209384e-05
2024-01-29,1,elasticnet,171,-0.002028888189332001,-1.4056100386470467e-05
2024-01-30,1,elasticnet,171,-0.001258044391016178,-1.4121100330336013e-05
2024-01-31,1,elasticnet,171,-0.002132610346844643,-1.3887997083369912e-05
2024-02-01,1,elasticnet,171,0.008407065025876292,-1.3993341819979592e-05
2024-02-02,1,elasticnet,171,0.005087115640230344,-1.4000065952103614e-05
2024-02-05,1,elasticnet,171,-0.002300393998238448,-1.4040410744847747e-05
2024-02-06,1,elasticnet,171,-0.001440438142178202,-1.4177134764702866e-05
2024-02-07,1,elasticnet,171,0.001056524134199321,-1.4228686444320368e-05
2024-02-08,1,elasticnet,171,-0.0005761475096957014,-1.4237651953819065e-05
2024-02-09,1,elasticnet,171,0.0005761475096957014,-1.4206272670573628e-05
2024-02-12,1,elasticnet,171,0.007555145199421354,-1.3982134933106222e-05
2024-02-13,1,elasticnet,171,-0.00228920359413376,-1.3551790477168803e-05
2024-02-14,1,elasticnet,171,-0.004018759594917931,-1.388127295124589e-05
2024-02-15,1,elasticnet,171,0.0,-1.396420391410883e-05
2024-02-16,1,elasticnet,171,-9.588187360520806e-05,-1.3912652234491326e-05
2024-02-19,1,elasticnet,171,-0.002015645928871379,-1.3807307497881646e-05
2024-02-20,1,elasticnet,171,-0.0006727858392086006,-1.3648169704279789e-05
2024-02-21,1,elasticnet,171,-0.0004808385917520752,-1.3666100723277181e-05
2024-02-22,1,elasticnet,171,-0.0001924001929936026,-1.3845410913251105e-05
2024-02-23,1,elasticnet,171,-0.001058863264933763,-1.4022479725850355e-05
2024-02-26,1,elasticnet,171,0.0,-1.402472110322503e-05
2024-02-27,1,elasticnet,171,0.001347449674516277,-1.4094203801839926e-05
2024-02-28,1,elasticnet,171,0.001825782470381121,-1.4002307329478289e-05
2024-02-29,1,elasticnet,171,-0.002884340044086997,-1.4100927933963947e-05
2024-03-01,1,elasticnet,171,-0.0002888921008104006,-1.4165927877829495e-05
2024-03-04,1,elasticnet,171,-0.0002889755835742136,-1.408075553759188e-05
2024-03-05,1,elasticnet,171,-0.004151186151394093,-1.3863341932248497e-05
2024-03-06,1,elasticnet,171,-0.005334897953034989,-1.38543764227498e-05
2024-03-07,1,elasticnet,171,-0.001070403449645596,-1.3867824686997846e-05
2024-03-08,1,elasticnet,171,0.001556571965225295,-1.3800583365757624e-05
2024-03-11,1,elasticnet,171,0.0008745081449328396,-1.3692997251773269e-05
2024-03-12,1,elasticnet,171,-0.001652491263040901,-1.4002307329478289e-05
2024-03-13,1,elasticnet,171,0.00552996800946115,-1.4022479725850355e-05
2024-03-14,1,elasticnet,171,0.0006770153554205294,-1.3876790196496541e-05
2024-03-15,1,elasticnet,171,0.001545744680298888,-1.3874548819121867e-05
2024-03-18,1,elasticnet,171,0.002410452885769132,-1.389247983811926e-05
2024-03-19,1,elasticnet,171,-0.004149583758896291,-1.4006790084227637e-05
2024-03-20,1,elasticnet,171,0.005689229944488616,-1.4181617519452214e-05
2024-03-21,1,elasticnet,171,0.004509049708044444,-1.4208514047948302e-05
2024-03-22,1,elasticnet,171,-0.002204016032827383,-1.4177134764702866e-05
2024-03-25,1,elasticnet,171,0.0004795473165319919,-1.4147996858832102e-05
2024-03-26,1,elasticnet,171,0.0005751533900877348,-1.4136789971958733e-05
2024-03-27,1,elasticnet,171,0.001914792351433547,-1.423989333119374e-05
2024-03-28,1,elasticnet,171,0.0,-1.4188341651576235e-05
2024-03-29,1,elasticnet,171,0.004485382335070121,-1.4188341651576235e-05
2024-04-01,1,elasticnet,171,-0.001906214835693198,-1.4044893499597096e-05
2024-04-02,1,elasticnet,171,-0.005452732695109042,-1.3829721271628387e-05
2024-04-03,1,elasticnet,171,-0.001247780552546374,-1.389247983811926e-05
2024-04-04,1,elasticnet,171,0.001727281880362419,-1.3439721608435101e-05
2024-02-09,1,elasticnet,172,0.0005761475096957014,-4.717326579183869e-06
2024-02-12,1,elasticnet,172,0.007555145199421354,-4.525276896049031e-06
2024-02-13,1,elasticnet,172,-0.00228920359413376,-4.156541504430142e-06
2024-02-14,1,elasticnet,172,-0.004018759594917931,-4.438854538638354e-06
2024-02-15,1,elasticnet,172,0.0,-4.509912921398244e-06
2024-02-16,1,elasticnet,172,-9.588187360520806e-05,-4.465741494277231e-06
2024-02-19,1,elasticnet,172,-0.002015645928871379,-4.375478143203857e-06
2024-02-20,1,elasticnet,172,-0.0006727858392086006,-4.239122868178122e-06
2024-02-21,1,elasticnet,172,-0.0004808385917520752,-4.254486842828909e-06
2024-02-22,1,elasticnet,172,-0.0001924001929936026,-4.40812658933678e-06
2024-02-23,1,elasticnet,172,-0.001058863264933763,-4.5598458390133025e-06
2024-02-26,1,elasticnet,172,0.0,-4.561766335844651e-06
2024-02-27,1,elasticnet,172,0.001347449674516277,-4.62130173761645e-06
2024-02-28,1,elasticnet,172,0.001825782470381121,-4.542561367531166e-06
2024-02-29,1,elasticnet,172,-0.002884340044086997,-4.627063228110496e-06
2024-03-01,1,elasticnet,172,-0.0002888921008104006,-4.682757636219599e-06
2024-03-04,1,elasticnet,172,-0.0002889755835742136,-4.60977875662836e-06
2024-03-05,1,elasticnet,172,-0.004151186151394093,-4.4234905639875666e-06
2024-03-06,1,elasticnet,172,-0.005334897953034989,-4.415808576662173e-06
2024-03-07,1,elasticnet,172,-0.001070403449645596,-4.427331557650264e-06
2024-03-08,1,elasticnet,172,0.001556571965225295,-4.369716652709812e-06
2024-03-11,1,elasticnet,172,0.0008745081449328396,-4.27753280480509e-06
2024-03-12,1,elasticnet,172,-0.001652491263040901,-4.542561367531166e-06
2024-03-13,1,elasticnet,172,0.00552996800946115,-4.5598458390133025e-06
2024-03-14,1,elasticnet,172,0.0006770153554205294,-4.435013544975657e-06
2024-03-15,1,elasticnet,172,0.001545744680298888,-4.433093048144308e-06
2024-03-18,1,elasticnet,172,0.002410452885769132,-4.4484570227950954e-06
2024-03-19,1,elasticnet,172,-0.004149583758896291,-4.546402361193864e-06
2024-03-20,1,elasticnet,172,0.005689229944488616,-4.696201114039038e-06
2024-03-21,1,elasticnet,172,0.004509049708044444,-4.719247076015218e-06
2024-03-22,1,elasticnet,172,-0.002204016032827383,-4.6923601203763405e-06
2024-03-25,1,elasticnet,172,0.0004795473165319919,-4.667393661568812e-06
2024-03-26,1,elasticnet,172,0.0005751533900877348,-4.65779117741207e-06
2024-03-27,1,elasticnet,172,0.001914792351433547,-4.7461340316540954e-06
2024-03-28,1,elasticnet,172,0.0,-4.701962604533082e-06
2024-03-29,1,elasticnet,172,0.004485382335070121,-4.701962604533082e-06
2024-04-01,1,elasticnet,172,-0.001906214835693198,-4.579050807326786e-06
2024-04-02,1,elasticnet,172,-0.005452732695109042,-4.394683111517341e-06
2024-04-03,1,elasticnet,172,-0.001247780552546374,-4.4484570227950954e-06
2024-04-04,1,elasticnet,172,0.001727281880362419,-4.060516662862722e-06
2024-04-05,1,elasticnet,172,-0.001535214271974006,-4.12197256146587e-06
2024-04-08,1,elasticnet,172,9.601997222841163e-05,-4.283294295299135e-06
2024-04-09,1,elasticnet,172,0.01050630485551007,-4.323624728757451e-06
2024-04-10,1,elasticnet,172,0.0002849950145158431,-4.166143988586883e-06
2024-04-11,1,elasticnet,172,0.007192913843817372,-4.337068206576889e-06
2024-04-12,1,elasticnet,172,0.00160188491262403,-3.876148967053278e-06
2024-04-15,1,elasticnet,172,0.0004706546893489261,-3.5074135754343876e-06
2024-04-16,1,elasticnet,172,-0.002921636308489184,-3.666814812436304e-06
2024-04-17,1,elasticnet,172,0.001885903434956759,-3.7033042522319226e-06
2024-04-18,1,elasticnet,172,0.0,-3.7436346856902386e-06
2024-04-19,1,elasticnet,172,-0.0006596617117127224,-3.6072794106645035e-06
2024-04-22,1,elasticnet,172,-0.00377786622348264,-3.947207349813167e-06
2024-04-23,1,elasticnet,172,0.001701806215772095,-4.187269453731716e-06
2024-04-24,1,elasticnet,172,-0.002459095157680835,-4.133495542453961e-06
2024-04-25,1,elasticnet,172,0.003214524844219468,-4.2487253523348645e-06
2024-04-26,1,elasticnet,172,-0.003403936720910217,-4.314022244600709e-06
2024-04-29,1,elasticnet,172,0.006043455598782721,-4.3831601305292506e-06
2024-04-30,1,elasticnet,172,-0.004434597067865198,-4.194951441057109e-06
2024-05-01,1,elasticnet,172,-0.004264398786458123,-4.244884358672167e-06
2024-05-02,1,elasticnet,172,-0.002567395505245429,-4.381239633697902e-06
2024-03-08,1,elasticnet,173,0.001556571965225295,-1.0372854837925677e-05
2024-03-11,1,elasticnet,173,0.0008745081449328396,-1.0272636020259994e-05
2024-03-12,1,elasticnet,173,-0.001652491263040901,-1.0560765121048835e-05
2024-03-13,1,elasticnet,173,0.00552996800946115,-1.057955614936115e-05
2024-03-14,1,elasticnet,173,0.0006770153554205294,-1.0443843167105537e-05
2024-03-15,1,elasticnet,173,0.001545744680298888,-1.0441755275070835e-05
2024-03-18,1,elasticnet,173,0.002410452885769132,-1.0458458411348449e-05
2024-03-19,1,elasticnet,173,-0.004149583758896291,-1.0564940905118239e-05
2024-03-20,1,elasticnet,173,0.005689229944488616,-1.0727796483824975e-05
2024-03-21,1,elasticnet,173,0.004509049708044444,-1.0752851188241396e-05
2024-03-22,1,elasticnet,173,-0.002204016032827383,-1.0723620699755573e-05
2024-03-25,1,elasticnet,173,0.0004795473165319919,-1.069647810330445e-05
2024-03-26,1,elasticnet,173,0.0005751533900877348,-1.068603864313094e-05
2024-03-27,1,elasticnet,173,0.001914792351433547,-1.0782081676727222e-05
2024-03-28,1,elasticnet,173,0.0,-1.0734060159929082e-05
2024-03-29,1,elasticnet,173,0.004485382335070121,-1.0734060159929082e-05
2024-04-01,1,elasticnet,173,-0.001906214835693198,-1.0600435069708169e-05
2024-04-02,1,elasticnet,173,-0.005452732695109042,-1.03999974343768e-05
2024-04-03,1,elasticnet,173,-0.001247780552546374,-1.0458458411348449e-05
2024-04-04,1,elasticnet,173,0.001727281880362419,-1.0036704220338695e-05
2024-04-05,1,elasticnet,173,-0.001535214271974006,-1.010351676544915e-05
2024-04-08,1,elasticnet,173,9.601997222841163e-05,-1.0278899696364099e-05
2024-04-09,1,elasticnet,173,0.01050630485551007,-1.0322745429092835e-05
2024-04-10,1,elasticnet,173,0.0002849950145158431,-1.0151538282247292e-05
2024-04-11,1,elasticnet,173,0.007192913843817372,-1.0337360673335747e-05
2024-04-12,1,elasticnet,173,0.00160188491262403,-9.836266585007326e-06
2024-04-15,1,elasticnet,173,0.0004706546893489261,-9.435391314344589e-06
2024-04-16,1,elasticnet,173,-0.002921636308489184,-9.608686353224836e-06
2024-04-17,1,elasticnet,173,0.001885903434956759,-9.648356301884169e-06
2024-04-18,1,elasticnet,173,0.0,-9.692202034612906e-06
2024-04-19,1,elasticnet,173,-0.0006596617117127224,-9.543961700149081e-06
2024-04-22,1,elasticnet,173,-0.00377786622348264,-9.913518590291291e-06
2024-04-23,1,elasticnet,173,0.001701806215772095,-1.017450509462901e-05
2024-04-24,1,elasticnet,173,-0.002459095157680835,-1.0116044117657362e-05
2024-04-25,1,elasticnet,173,0.003214524844219468,-1.0241317639739466e-05
2024-04-26,1,elasticnet,173,-0.003403936720910217,-1.0312305968919326e-05
2024-04-29,1,elasticnet,173,0.006043455598782721,-1.038747008216859e-05
2024-04-30,1,elasticnet,173,-0.004434597067865198,-1.0182856662767818e-05
2024-05-01,1,elasticnet,173,-0.004264398786458123,-1.0237141855670064e-05
2024-05-02,1,elasticnet,173,-0.002567395505245429,-1.0385382190133888e-05
2024-05-03,1,elasticnet,173,0.0001904036563251665,-1.0633841342263397e-05
2024-05-06,1,elasticnet,173,0.003421080976088398,-1.0633841342263397e-05
2024-05-07,1,elasticnet,173,0.001327266027232099,-1.0688126535165643e-05
2024-05-08,1,elasticnet,173,-0.003036343541609199,-1.0736148051963782e-05
2024-05-09,1,elasticnet,173,0.0006649883872089646,-1.0800872705039538e-05
2024-05-10,1,elasticnet,173,-0.0007600228372686146,-1.0830103193525361e-05
2024-05-13,1,elasticnet,173,-0.00199781258475884,-1.0610874529881678e-05
2024-05-14,1,elasticnet,173,-0.006304950194692793,-1.0648456586506308e-05
2024-05-15,1,elasticnet,173,0.001053589484943274,-1.085098211387238e-05
2024-05-16,1,elasticnet,173,-0.0001914791772241742,-1.0857245789976484e-05
2024-05-17,1,elasticnet,173,0.001243959779569259,-1.094702514746866e-05
2024-05-20,1,elasticnet,173,0.0008602973335642972,-1.0913618874913432e-05
2024-05-21,1,elasticnet,173,0.002576460225757415,-1.0974167743919783e-05
2024-05-22,1,elasticnet,173,0.001713959665443632,-1.0884388386427607e-05
2024-05-23,1,elasticnet,173,-0.003717299233618299,-1.0784169568761924e-05
2024-05-24,1,elasticnet,173,-0.001146569970821965,-1.0959552499676871e-05
2024-05-27,1,elasticnet,173,9.559772484646345e-05,-1.0869773142184695e-05
2024-05-28,1,elasticnet,173,0.004673128527236337,-1.0752851188241396e-05
2024-05-29,1,elasticnet,173,-0.003622156281260835,-1.0468897871521958e-05
2024-05-30,1,elasticnet,173,-0.0004775777348520194,-1.0429227922862625e-05
2024-04-05,1,elasticnet,174,-0.001535214271974006,-0.00013119211126901952
2024-04-08,1,elasticnet,174,9.601997222841163e-05,-0.00013161399729000702
2024-04-09,1,elasticnet,174,0.01050630485551007,-0.00013171438196009705
2024-04-10,1,elasticnet,174,0.0002849950145158431,-0.0001314078625551422
2024-04-11,1,elasticnet,174,0.007192913843817372,-0.00013182109394305213
2024-04-12,1,elasticnet,174,0.00160188491262403,-0.00013062907642121443
2024-04-15,1,elasticnet,174,0.0004706546893489261,-0.00012975196840450307
2024-04-16,1,elasticnet,174,-0.002921636308489184,-0.0001301446573943525
2024-04-17,1,elasticnet,174,0.001885903434956759,-0.000130243620555923
2024-04-18,1,elasticnet,174,0.0,-0.0001303724915028913
2024-04-19,1,elasticnet,174,-0.0006596617117127224,-0.00013003716518166474
2024-04-22,1,elasticnet,174,-0.00377786622348264,-0.00013087919507572674
2024-04-23,1,elasticnet,174,0.001701806215772095,-0.00013147265340575625
2024-04-24,1,elasticnet,174,-0.002459095157680835,-0.00013137950186022419
2024-04-25,1,elasticnet,174,0.003214524844219468,-0.00013166224573521313
2024-04-26,1,elasticnet,174,-0.003403936720910217,-0.0001317840786150566
2024-04-29,1,elasticnet,174,0.006043455598782721,-0.00013194395821654884
2024-04-30,1,elasticnet,174,-0.004434597067865198,-0.00013149991323154815
2024-05-01,1,elasticnet,174,-0.004264398786458123,-0.00013365459678656638
2024-05-02,1,elasticnet,174,-0.002567395505245429,-0.00013394922842653828
2024-05-03,1,elasticnet,174,0.0001904036563251665,-0.00013448551914537808
2024-05-06,1,elasticnet,174,0.003421080976088398,-0.00013451400542225636
2024-05-07,1,elasticnet,174,0.001327266027232099,-0.00013466677748115086
2024-05-08,1,elasticnet,174,-0.003036343541609199,-0.00013477672259601137
2024-05-09,1,elasticnet,174,0.0006649883872089646,-0.00013492084002182834
2024-05-10,1,elasticnet,174,-0.0007600228372686146,-0.00013497555473084529
2024-05-13,1,elasticnet,174,-0.00199781258475884,-0.0001344614229760187
2024-05-14,1,elasticnet,174,-0.006304950194692793,-0.0001345515364470785
2024-05-15,1,elasticnet,174,0.001053589484943274,-0.00013501521801844677
2024-05-16,1,elasticnet,174,-0.0001914791772241742,-0.00013503769762185342
2024-05-17,1,elasticnet,174,0.001243959779569259,-0.0001352351082481678
2024-05-20,1,elasticnet,174,0.0008602973335642972,-0.0001351423468175021
2024-05-21,1,elasticnet,174,0.002576460225757415,-0.0001352972511391759
2024-05-22,1,elasticnet,174,0.001713959665443632,-0.0001351161183853634
2024-05-23,1,elasticnet,174,-0.003717299233618299,-0.00013489073717899735
2024-05-24,1,elasticnet,174,-0.001146569970821965,-0.0001352922758593575
2024-05-27,1,elasticnet,174,9.559772484646345e-05,-0.00013528206076681462
2024-05-28,1,elasticnet,174,0.004673128527236337,-0.0001348149643750933
2024-05-29,1,elasticnet,174,-0.003622156281260835,-0.000134185201471328
2024-05-30,1,elasticnet,174,-0.0004775777348520194,-0.00013409030777788297
2024-05-31,1,elasticnet,174,-0.005076396132039918,-0.00013479868650259142
2024-06-03,1,elasticnet,174,-0.0002881152480913585,-0.00013619323870446543
2024-06-04,1,elasticnet,174,0.001535656314840317,-0.0001361856154650411
2024-06-05,1,elasticnet,174,-0.001631713180578309,-0.00013641455044270602
2024-06-06,1,elasticnet,174,0.007560206352589027,-0.00013641403474587942
2024-06-07,1,elasticnet,174,0.002475720175196372,-0.00013661053956050086
2024-06-10,1,elasticnet,174,0.0007605286040117676,-0.00013632534278333917
2024-06-11,1,elasticnet,174,-0.005622543043831918,-0.00013633380235898355
2024-06-12,1,elasticnet,174,0.005337412594720981,-0.00013670879196781157
2024-06-13,1,elasticnet,174,0.003321473990720136,-0.00013674438578728756
2024-06-14,1,elasticnet,174,-0.002181439666220975,-0.0001363880013711739
2024-06-17,1,elasticnet,174,-0.000569854702475503,-0.000136373465646585
2024-06-18,1,elasticnet,174,-9.500736314205227e-05,-0.0001365519504407916
2024-06-19,1,elasticnet,174,0.003225197255932066,-0.00013665717143975423
2024-06-20,1,elasticnet,174,0.001986849605775554,-0.0001360712802426617
2024-06-21,1,elasticnet,174,-0.003123967135675976,-0.00013604441053173614
2024-06-24,1,elasticnet,174,0.001326511469859959,-0.00013593750349134788
2024-06-25,1,elasticnet,174,0.004157617252309009,-0.00013625312375073397
2024-06-26,1,elasticnet,174,-0.00132100415511438,-0.00013641209754053328
2024-06-27,1,elasticnet,174,-0.0003777505002888759,-0.0001365358676257229
2024-05-03,1,elasticnet,175,0.0001904036563251665,-0.00012935811390247972
2024-05-06,1,elasticnet,175,0.003421080976088398,-0.00012937815053336088
2024-05-07,1,elasticnet,175,0.001327266027232099,-0.0001295217769505815
2024-05-08,1,elasticnet,175,-0.003036343541609199,-0.00012963110637695868
2024-05-09,1,elasticnet,175,0.0006649883872089646,-0.00012977560105406166
2024-05-10,1,elasticnet,175,-0.0007600228372686146,-0.00012983356227303162
2024-05-13,1,elasticnet,175,-0.00199781258475884,-0.00012932586254683266
2024-05-14,1,elasticnet,175,-0.006304950194692793,-0.00012941428708244628
2024-05-15,1,elasticnet,175,0.001053589484943274,-0.00012987537205455874
2024-05-16,1,elasticnet,175,-0.0001914791772241742,-0.00012989535716620133
2024-05-17,1,elasticnet,175,0.001243959779569259,-0.00013009403090731312
2024-05-20,1,elasticnet,175,0.0008602973335642972,-0.00013000652615082048
2024-05-21,1,elasticnet,175,0.002576460225757415,-0.00013015582580048284
2024-05-22,1,elasticnet,175,0.001713959665443632,-0.0001299686015627317
2024-05-23,1,elasticnet,175,-0.003717299233618299,-0.00012974329817917602
2024-05-24,1,elasticnet,175,-0.001146569970821965,-0.00013014258825811876
2024-05-27,1,elasticnet,175,9.559772484646345e-05,-0.00013007558380565473
2024-05-28,1,elasticnet,175,0.004673128527236337,-0.00012966913400352465
2024-05-29,1,elasticnet,175,-0.003622156281260835,-0.0001290369762311039
2024-05-30,1,elasticnet,175,-0.0004775777348520194,-0.00012894379824216954
2024-05-31,1,elasticnet,175,-0.005076396132039918,-0.00012965768450016397
2024-06-03,1,elasticnet,175,-0.0002881152480913585,-0.00013103214015808604
2024-06-04,1,elasticnet,175,0.001535656314840317,-0.000131019822394843
2024-06-05,1,elasticnet,175,-0.001631713180578309,-0.00013125458116580157
2024-06-06,1,elasticnet,175,0.007560206352589027,-0.0001312611741773643
2024-06-07,1,elasticnet,175,0.002475720175196372,-0.0001314494727519522
2024-06-10,1,elasticnet,175,0.0007605286040117676,-0.00013117653179671183
2024-06-11,1,elasticnet,175,-0.005622543043831918,-0.00013116717944778615
2024-06-12,1,elasticnet,175,0.005337412594720981,-0.00013154362203924615
2024-06-13,1,elasticnet,175,0.003321473990720136,-0.00013158256944493312
2024-06-14,1,elasticnet,175,-0.002181439666220975,-0.00013123173367831883
2024-06-17,1,elasticnet,175,-0.000569854702475503,-0.00013120898922931327
2024-06-18,1,elasticnet,175,-9.500736314205227e-05,-0.00013139713324618538
2024-06-19,1,elasticnet,175,0.003225197255932066,-0.00013144610275089984
2024-06-20,1,elasticnet,175,0.001986849605775554,-0.00013092270769323166
2024-06-21,1,elasticnet,175,-0.003123967135675976,-0.00013091493730635497
2024-06-24,1,elasticnet,175,0.001326511469859959,-0.0001308216562789434
2024-06-25,1,elasticnet,175,0.004157617252309009,-0.00013111182300846335
2024-06-26,1,elasticnet,175,-0.00132100415511438,-0.00013126398503396586
2024-06-27,1,elasticnet,175,-0.0003777505002888759,-0.00013139416783186801
2024-06-28,1,elasticnet,175,0.0002833262520720581,-0.0001312704750070514
2024-07-01,1,elasticnet,175,-0.001701162871272643,-0.00013631611570371672
2024-07-02,1,elasticnet,175,-0.003031453628826064,-0.00013645795408193397
2024-07-03,1,elasticnet,175,-0.00256495651952271,-0.00013641512148280862
2024-07-04,1,elasticnet,175,-0.002380840132294892,-0.00013641445929988064
2024-07-05,1,elasticnet,175,0.001143510702078743,-0.00013621542492409867
2024-07-08,1,elasticnet,175,0.00123732943021615,-0.00013624481390390553
2024-07-09,1,elasticnet,175,-0.000761252296729964,-0.00013620402693997658
2024-07-10,1,elasticnet,175,-0.005823683460080886,-0.00013604240952707117
2024-07-11,1,elasticnet,175,-0.003356834303551715,-0.00013593185120614143
2024-07-12,1,elasticnet,175,0.0009602458967155059,-0.00013614478530721543
2024-07-15,1,elasticnet,175,0.000767533377409535,-0.00013581388313300513
2024-07-16,1,elasticnet,175,-0.004999529690693727,-0.0001357891960872804
2024-07-17,1,elasticnet,175,0.004040020885549112,-0.00013517600060890405
2024-07-18,1,elasticnet,175,0.002205495452181516,-0.00013449247462907606
2024-07-19,1,elasticnet,175,-0.0008624407606587781,-0.00013419770900395113
2024-07-22,1,elasticnet,175,0.00134125331469459,-0.0001349458407335504
2024-07-23,1,elasticnet,175,-0.0005746025823674117,-0.00013501039496408308
2024-07-24,1,elasticnet,175,-0.0002874251516793436,-0.00013340934945487373
2024-07-25,1,elasticnet,175,-0.0003833620901847468,-0.000133186805408681
2024-05-31,1,elasticnet,176,-0.005076396132039918,3.1404437850381785e-05
2024-06-03,1,elasticnet,176,-0.0002881152480913585,3.1404437850381785e-05
2024-06-04,1,elasticnet,176,0.001535656314840317,3.1404437850381785e-05
2024-06-05,1,elasticnet,176,-0.001631713180578309,3.1404437850381785e-05
2024-06-06,1,elasticnet,176,0.007560206352589027,3.1404437850381785e-05
2024-06-07,1,elasticnet,176,0.002475720175196372,3.1404437850381785e-05
2024-06-10,1,elasticnet,176,0.0007605286040117676,3.1404437850381785e-05
2024-06-11,1,elasticnet,176,-0.005622543043831918,3.1404437850381785e-05
2024-06-12,1,elasticnet,176,0.005337412594720981,3.1404437850381785e-05
2024-06-13,1,elasticnet,176,0.003321473990720136,3.1404437850381785e-05
2024-06-14,1,elasticnet,176,-0.002181439666220975,3.1404437850381785e-05
2024-06-17,1,elasticnet,176,-0.000569854702475503,3.1404437850381785e-05
2024-06-18,1,elasticnet,176,-9.500736314205227e-05,3.1404437850381785e-05
2024-06-19,1,elasticnet,176,0.003225197255932066,3.1404437850381785e-05
2024-06-20,1,elasticnet,176,0.001986849605775554,3.1404437850381785e-05
2024-06-21,1,elasticnet,176,-0.003123967135675976,3.1404437850381785e-05
2024-06-24,1,elasticnet,176,0.001326511469859959,3.1404437850381785e-05
2024-06-25,1,elasticnet,176,0.004157617252309009,3.1404437850381785e-05
2024-06-26,1,elasticnet,176,-0.00132100415511438,3.1404437850381785e-05
2024-06-27,1,elasticnet,176,-0.0003777505002888759,3.1404437850381785e-05
2024-06-28,1,elasticnet,176,0.0002833262520720581,3.1404437850381785e-05
2024-07-01,1,elasticnet,176,-0.001701162871272643,3.1404437850381785e-05
2024-07-02,1,elasticnet,176,-0.003031453628826064,3.1404437850381785e-05
2024-07-03,1,elasticnet,176,-0.00256495651952271,3.1404437850381785e-05
2024-07-04,1,elasticnet,176,-0.002380840132294892,3.1404437850381785e-05
2024-07-05,1,elasticnet,176,0.001143510702078743,3.1404437850381785e-05
2024-07-08,1,elasticnet,176,0.00123732943021615,3.1404437850381785e-05
2024-07-09,1,elasticnet,176,-0.000761252296729964,3.1404437850381785e-05
2024-07-10,1,elasticnet,176,-0.005823683460080886,3.1404437850381785e-05
2024-07-11,1,elasticnet,176,-0.003356834303551715,3.1404437850381785e-05
2024-07-12,1,elasticnet,176,0.0009602458967155059,3.1404437850381785e-05
2024-07-15,1,elasticnet,176,0.000767533377409535,3.1404437850381785e-05
2024-07-16,1,elasticnet,176,-0.004999529690693727,3.1404437850381785e-05
2024-07-17,1,elasticnet,176,0.004040020885549112,3.1404437850381785e-05
2024-07-18,1,elasticnet,176,0.002205495452181516,3.1404437850381785e-05
2024-07-19,1,elasticnet,176,-0.0008624407606587781,3.1404437850381785e-05
2024-07-22,1,elasticnet,176,0.00134125331469459,3.1404437850381785e-05
2024-07-23,1,elasticnet,176,-0.0005746025823674117,3.1404437850381785e-05
2024-07-24,1,elasticnet,176,-0.0002874251516793436,3.1404437850381785e-05
2024-07-25,1,elasticnet,176,-0.0003833620901847468,3.1404437850381785e-05
2024-07-26,1,elasticnet,176,0.0022979711376232,3.1404437850381785e-05
2024-07-29,1,elasticnet,176,-9.564344132328984e-05,3.1404437850381785e-05
2024-07-30,1,elasticnet,176,-0.004313450253719431,3.1404437850381785e-05
2024-07-31,1,elasticnet,176,0.00306925236148281,3.1404437850381785e-05
2024-08-01,1,elasticnet,176,-0.01165548040456432,3.1404437850381785e-05
2024-08-02,1,elasticnet,176,-0.005051006367637889,3.1404437850381785e-05
2024-08-05,1,elasticnet,176,0.002722942458455613,3.1404437850381785e-05
2024-08-06,1,elasticnet,176,0.002231169378802633,3.1404437850381785e-05
2024-08-07,1,elasticnet,176,9.689453037964313e-05,3.1404437850381785e-05
2024-08-08,1,elasticnet,176,-0.0006784589550292708,3.1404437850381785e-05
2024-08-09,1,elasticnet,176,0.0,3.1404437850381785e-05
2024-08-12,1,elasticnet,176,-0.005639295450452941,3.1404437850381785e-05
2024-08-13,1,elasticnet,176,9.749914695955653e-05,3.1404437850381785e-05
2024-08-14,1,elasticnet,176,0.003989302298676556,3.1404437850381785e-05
2024-08-15,1,elasticnet,176,-0.005062316106939413,3.1404437850381785e-05
2024-08-16,1,elasticnet,176,-0.005578678524862823,3.1404437850381785e-05
2024-08-19,1,elasticnet,176,-0.004426309297278053,3.1404437850381785e-05
2024-08-20,1,elasticnet,176,-0.003951012646679963,3.1404437850381785e-05
2024-08-21,1,elasticnet,176,0.00464083775410451,3.1404437850381785e-05
2024-08-22,1,elasticnet,176,-0.007812926060248415,3.1404437850381785e-05
2024-06-28,1,elasticnet,177,0.0002833262520720581,3.36768626882485e-05
2024-07-01,1,elasticnet,177,-0.001701162871272643,3.36768626882485e-05
2024-07-02,1,elasticnet,177,-0.003031453628826064,3.36768626882485e-05
2024-07-03,1,elasticnet,177,-0.00256495651952271,3.36768626882485e-05
2024-07-04,1,elasticnet,177,-0.002380840132294892,3.36768626882485e-05
2024-07-05,1,elasticnet,177,0.001143510702078743,3.36768626882485e-05
2024-07-08,1,elasticnet,177,0.00123732943021615,3.36768626882485e-05
2024-07-09,1,elasticnet,177,-0.000761252296729964,3.36768626882485e-05
2024-07-10,1,elasticnet,177,-0.005823683460080886,3.36768626882485e-05
2024-07-11,1,elasticnet,177,-0.003356834303551715,3.36768626882485e-05
2024-07-12,1,elasticnet,177,0.0009602458967155059,3.36768626882485e-05
2024-07-15,1,elasticnet,177,0.000767533377409535,3.36768626882485e-05
2024-07-16,1,elasticnet,177,-0.004999529690693727,3.36768626882485e-05
2024-07-17,1,elasticnet,177,0.004040020885549112,3.36768626882485e-05
2024-07-18,1,elasticnet,177,0.002205495452181516,3.36768626882485e-05
2024-07-19,1,elasticnet,177,-0.0008624407606587781,3.36768626882485e-05
2024-07-22,1,elasticnet,177,0.00134125331469459,3.36768626882485e-05
2024-07-23,1,elasticnet,177,-0.0005746025823674117,3.36768626882485e-05
2024-07-24,1,elasticnet,177,-0.0002874251516793436,3.36768626882485e-05
2024-07-25,1,elasticnet,177,-0.0003833620901847468,3.36768626882485e-05
2024-07-26,1,elasticnet,177,0.0022979711376232,3.36768626882485e-05
2024-07-29,1,elasticnet,177,-9.564344132328984e-05,3.36768626882485e-05
2024-07-30,1,elasticnet,177,-0.004313450253719431,3.36768626882485e-05
2024-07-31,1,elasticnet,177,0.00306925236148281,3.36768626882485e-05
2024-08-01,1,elasticnet,177,-0.01165548040456432,3.36768626882485e-05
2024-08-02,1,elasticnet,177,-0.005051006367637889,3.36768626882485e-05
2024-08-05,1,elasticnet,177,0.002722942458455613,3.36768626882485e-05
2024-08-06,1,elasticnet,177,0.002231169378802633,3.36768626882485e-05
2024-08-07,1,elasticnet,177,9.689453037964313e-05,3.36768626882485e-05
2024-08-08,1,elasticnet,177,-0.0006784589550292708,3.36768626882485e-05
2024-08-09,1,elasticnet,177,0.0,3.36768626882485e-05
2024-08-12,1,elasticnet,177,-0.005639295450452941,3.36768626882485e-05
2024-08-13,1,elasticnet,177,9.749914695955653e-05,3.36768626882485e-05
2024-08-14,1,elasticnet,177,0.003989302298676556,3.36768626882485e-05
2024-08-15,1,elasticnet,177,-0.005062316106939413,3.36768626882485e-05
2024-08-16,1,elasticnet,177,-0.005578678524862823,3.36768626882485e-05
2024-08-19,1,elasticnet,177,-0.004426309297278053,3.36768626882485e-05
2024-08-20,1,elasticnet,177,-0.003951012646679963,3.36768626882485e-05
2024-08-21,1,elasticnet,177,0.00464083775410451,3.36768626882485e-05
2024-08-22,1,elasticnet,177,-0.007812926060248415,3.36768626882485e-05
2024-08-23,1,elasticnet,177,0.001289874664129442,3.36768626882485e-05
2024-08-26,1,elasticnet,177,-0.002979148181560198,3.36768626882485e-05
2024-08-27,1,elasticnet,177,0.005356092947305768,3.36768626882485e-05
2024-08-28,1,elasticnet,177,0.002469990881796669,3.36768626882485e-05
2024-08-29,1,elasticnet,177,0.003546103006750734,3.36768626882485e-05
2024-08-30,1,elasticnet,177,-0.0004917629801584056,3.36768626882485e-05
2024-09-02,1,elasticnet,177,0.001671008399834584,3.36768626882485e-05
2024-09-03,1,elasticnet,177,-0.004528012461306297,3.36768626882485e-05
2024-09-04,1,elasticnet,177,-0.002469502909575816,3.36768626882485e-05
2024-09-05,1,elasticnet,177,0.000692075760482247,3.36768626882485e-05
2024-09-06,1,elasticnet,177,0.003650179162603351,3.36768626882485e-05
2024-09-09,1,elasticnet,177,0.0007874791232813649,3.36768626882485e-05
2024-09-10,1,elasticnet,177,0.0004918597315235473,3.36768626882485e-05
2024-09-11,1,elasticnet,177,-0.003053437486890687,3.36768626882485e-05
2024-09-12,1,elasticnet,177,-0.002568156290999823,3.36768626882485e-05
2024-09-13,1,elasticnet,177,-0.003467581618898485,3.36768626882485e-05
2024-09-16,1,elasticnet,177,0.001289362935878557,3.36768626882485e-05
2024-09-17,1,elasticnet,177,-0.002878556754649431,3.36768626882485e-05
2024-09-18,1,elasticnet,177,9.939863832020279e-05,3.36768626882485e-05
2024-09-19,1,elasticnet,177,0.001092733432132675,3.36768626882485e-05
2024-07-26,1,elasticnet,178,0.0022979711376232,8.266522727581503e-07
2024-07-29,1,elasticnet,178,-9.564344132328984e-05,8.614485913018002e-07
2024-07-30,1,elasticnet,178,-0.004313450253719431,1.0420580542188397e-06
2024-07-31,1,elasticnet,178,0.00306925236148281,8.216813701090572e-07
2024-08-01,1,elasticnet,178,-0.01165548040456432,1.1911851336916243e-06
2024-08-02,1,elasticnet,178,-0.005051006367637889,1.986529557546477e-06
2024-08-05,1,elasticnet,178,0.002722942458455613,4.501806297987449e-06
2024-08-06,1,elasticnet,178,0.002231169378802633,2.702339539015845e-06
2024-08-07,1,elasticnet,178,9.689453037964313e-05,2.7255370847116117e-06
2024-08-08,1,elasticnet,178,-0.0006784589550292708,2.0528082595343813e-06
2024-08-09,1,elasticnet,178,0.0,1.486125357537799e-06
2024-08-12,1,elasticnet,178,-0.005639295450452941,1.5424622542275178e-06
2024-08-13,1,elasticnet,178,9.749914695955653e-05,1.1133076588558368e-06
2024-08-14,1,elasticnet,178,0.003989302298676556,7.935129217641982e-07
2024-08-15,1,elasticnet,178,-0.005062316106939413,6.344440369932275e-07
2024-08-16,1,elasticnet,178,-0.005578678524862823,5.631944323562303e-07
2024-08-19,1,elasticnet,178,-0.004426309297278053,5.38339919110766e-07
2024-08-20,1,elasticnet,178,-0.003951012646679963,7.421469277235722e-07
2024-08-21,1,elasticnet,178,0.00464083775410451,8.067686621617787e-07
2024-08-22,1,elasticnet,178,-0.007812926060248415,1.018860508523073e-06
2024-08-23,1,elasticnet,178,0.001289874664129442,7.388329926241767e-07
2024-08-26,1,elasticnet,178,-0.002979148181560198,7.868850515654072e-07
2024-08-27,1,elasticnet,178,0.005356092947305768,6.675833879871795e-07
2024-08-28,1,elasticnet,178,0.002469990881796669,9.459539363363781e-07
2024-08-29,1,elasticnet,178,0.003546103006750734,7.040366740805271e-07
2024-08-30,1,elasticnet,178,-0.0004917629801584056,5.963337833501824e-07
2024-09-02,1,elasticnet,178,0.001671008399834584,6.874669985835511e-07
2024-09-03,1,elasticnet,178,-0.004528012461306297,1.5441192217772151e-06
2024-09-04,1,elasticnet,178,-0.002469502909575816,1.6435372747590719e-06
2024-09-05,1,elasticnet,178,0.000692075760482247,1.408247882702011e-06
2024-09-06,1,elasticnet,178,0.003650179162603351,1.8191758350270182e-06
2024-09-09,1,elasticnet,178,0.0007874791232813649,1.3336843429656186e-06
2024-09-10,1,elasticnet,178,0.0004918597315235473,1.272376543626807e-06
2024-09-11,1,elasticnet,178,-0.003053437486890687,1.0420580542188397e-06
2024-09-12,1,elasticnet,178,-0.002568156290999823,9.393260661375876e-07
2024-09-13,1,elasticnet,178,-0.003467581618898485,8.548207211030093e-07
2024-09-16,1,elasticnet,178,0.001289362935878557,9.50924838985471e-07
2024-09-17,1,elasticnet,178,-0.002878556754649431,1.0288023138212584e-06
2024-09-18,1,elasticnet,178,9.939863832020279e-05,1.1315343019025105e-06
2024-09-19,1,elasticnet,178,0.001092733432132675,8.167104674599642e-07
2024-09-20,1,elasticnet,178,0.001289874664129442,7.868850515654072e-07
2024-09-23,1,elasticnet,178,-0.003775088925998205,7.438038952732697e-07
2024-09-24,1,elasticnet,178,0.004369855002214429,6.609555177883893e-07
2024-09-25,1,elasticnet,178,-0.003872317801046243,6.642694528877844e-07
2024-09-26,1,elasticnet,178,-0.001393728448603859,6.576415826889939e-07
2024-09-27,1,elasticnet,178,0.003976939025664983,9.21099423090914e-07
2024-09-30,1,elasticnet,178,0.004060014489216002,8.829891694478689e-07
2024-10-01,1,elasticnet,178,0.004830689139530442,1.3022019595213645e-06
2024-10-02,1,elasticnet,178,0.003044142381227743,1.24255112773225e-06
2024-10-03,1,elasticnet,178,0.005183132233444354,1.50600896813417e-06
2024-10-04,1,elasticnet,178,0.0001950648596835691,1.2939171217728762e-06
2024-10-07,1,elasticnet,178,9.751816283554149e-05,1.8622569913191564e-06
2024-10-08,1,elasticnet,178,0.003698661020078653,1.6601069502560483e-06
2024-10-09,1,elasticnet,178,0.0005827505992419546,1.5673167674729817e-06
2024-10-10,1,elasticnet,178,-0.0009714397499918093,1.578915540320865e-06
2024-10-11,1,elasticnet,178,0.003976919737874063,1.5010380654850776e-06
2024-10-14,1,elasticnet,178,-0.0003872966740896544,1.3751085317080589e-06
2024-10-15,1,elasticnet,178,0.003190720618508003,1.5308634813796345e-06
2024-10-16,1,elasticnet,178,0.002217830329072079,1.3552249211116875e-06
2024-10-17,1,elasticnet,178,-0.003183640719001346,1.2773474462759e-06
2024-08-23,1,elasticnet,179,0.001289874664129442,-1.2327020900543471e-05
2024-08-26,1,elasticnet,179,-0.002979148181560198,-1.2269856680540016e-05
2024-08-27,1,elasticnet,179,0.005356092947305768,-1.2411781640548597e-05
2024-08-28,1,elasticnet,179,0.002469990881796669,-1.2080623400528574e-05
2024-08-29,1,elasticnet,179,0.003546103006750734,-1.2368415680545975e-05
2024-08-30,1,elasticnet,179,-0.0004917629801584056,-1.249654238055372e-05
2024-09-02,1,elasticnet,179,0.001671008399834584,-1.2388127480547166e-05
2024-09-03,1,elasticnet,179,-0.004528012461306297,-1.136902742048555e-05
2024-09-04,1,elasticnet,179,-0.002469502909575816,-1.12507566204784e-05
2024-09-05,1,elasticnet,179,0.000692075760482247,-1.1530664180495324e-05
2024-09-06,1,elasticnet,179,0.003650179162603351,-1.1041811540465767e-05
2024-09-09,1,elasticnet,179,0.0007874791232813649,-1.1619367280500687e-05
2024-09-10,1,elasticnet,179,0.0004918597315235473,-1.1692300940505096e-05
2024-09-11,1,elasticnet,179,-0.003053437486890687,-1.1966294960521662e-05
2024-09-12,1,elasticnet,179,-0.002568156290999823,-1.2088508120529051e-05
2024-09-13,1,elasticnet,179,-0.003467581618898485,-1.218903830053513e-05
2024-09-16,1,elasticnet,179,0.001289362935878557,-1.2074709860528216e-05
2024-09-17,1,elasticnet,179,-0.002878556754649431,-1.1982064400522616e-05
2024-09-18,1,elasticnet,179,9.939863832020279e-05,-1.1859851240515226e-05
2024-09-19,1,elasticnet,179,0.001092733432132675,-1.2234375440537871e-05
2024-09-20,1,elasticnet,179,0.001289874664129442,-1.2269856680540016e-05
2024-09-23,1,elasticnet,179,-0.003775088925998205,-1.2321107360543113e-05
2024-09-24,1,elasticnet,179,0.004369855002214429,-1.2419666360549074e-05
2024-09-25,1,elasticnet,179,-0.003872317801046243,-1.2415724000548834e-05
2024-09-26,1,elasticnet,179,-0.001393728448603859,-1.2423608720549311e-05
2024-09-27,1,elasticnet,179,0.003976939025664983,-1.2110191100530361e-05
2024-09-30,1,elasticnet,179,0.004060014489216002,-1.2155528240533104e-05
2024-10-01,1,elasticnet,179,0.004830689139530442,-1.1656819700502951e-05
2024-10-02,1,elasticnet,179,0.003044142381227743,-1.1727782180507241e-05
2024-10-03,1,elasticnet,179,0.005183132233444354,-1.1414364560488293e-05
2024-10-04,1,elasticnet,179,0.0001950648596835691,-1.1666675600503547e-05
2024-10-07,1,elasticnet,179,9.751816283554149e-05,-1.0990560860462668e-05
2024-10-08,1,elasticnet,179,0.003698661020078653,-1.1231044820477207e-05
2024-10-09,1,elasticnet,179,0.0005827505992419546,-1.1341430900483882e-05
2024-10-10,1,elasticnet,179,-0.0009714397499918093,-1.1327632640483049e-05
2024-10-11,1,elasticnet,179,0.003976919737874063,-1.142027810048865e-05
2024-10-14,1,elasticnet,179,-0.0003872966740896544,-1.1570087780497707e-05
2024-10-15,1,elasticnet,179,0.003190720618508003,-1.1384796860486504e-05
2024-10-16,1,elasticnet,179,0.002217830329072079,-1.1593741940499138e-05
2024-10-17,1,elasticnet,179,-0.003183640719001346,-1.1686387400504738e-05
2024-10-18,1,elasticnet,179,0.005012058684959797,-1.1899274840517609e-05
2024-10-21,1,elasticnet,179,0.0005767012847259778,-1.1832254720513558e-05
2024-10-22,1,elasticnet,179,0.003453240841690075,-1.1865764780515584e-05
2024-10-23,1,elasticnet,179,-0.00354933462929985,-1.166076206050319e-05
2024-10-24,1,elasticnet,179,0.001920123477802349,-1.1692300940505096e-05
2024-10-25,1,elasticnet,179,0.000575318838382799,-1.1445903440490199e-05
2024-10-28,1,elasticnet,179,0.0,-1.1550375980496516e-05
2024-10-29,1,elasticnet,179,-0.003168357506201147,-1.1641050260501997e-05
2024-10-30,1,elasticnet,179,-9.616771657228185e-05,-1.144196108048996e-05
2024-10-31,1,elasticnet,179,0.002881016109731682,-1.088805950045647e-05
2024-11-01,1,elasticnet,179,-0.003746941982861074,-1.1140370540471726e-05
2024-11-04,1,elasticnet,179,-0.004534280114365075,-1.1120658740470534e-05
2024-11-05,1,elasticnet,179,0.01601875890943028,-1.1414364560488293e-05
2024-11-06,1,elasticnet,179,-0.0055343652710933,-1.2246202520538585e-05
2024-11-07,1,elasticnet,179,0.004677589551111083,-1.2457118780551338e-05
2024-11-08,1,elasticnet,179,0.005129677819998513,-1.2508369460554437e-05
2024-11-11,1,elasticnet,179,0.004537727582138551,-1.2502455920554078e-05
2024-11-12,1,elasticnet,179,0.00432941852719626,-1.2553706600557177e-05
2024-11-13,1,elasticnet,179,0.001782782550534989,-1.2689718020565402e-05
2024-11-14,1,elasticnet,179,0.000187476565978173,-1.2632553800561945e-05
2024-09-20,1,elasticnet,180,0.001289874664129442,-1.0857515057389249e-05
2024-09-23,1,elasticnet,180,-0.003775088925998205,-1.0906684321676215e-05
2024-09-24,1,elasticnet,180,0.004369855002214429,-1.1001240599151147e-05
2024-09-25,1,elasticnet,180,-0.003872317801046243,-1.099745834805215e-05
2024-09-26,1,elasticnet,180,-0.001393728448603859,-1.1005022850250145e-05
2024-09-27,1,elasticnet,180,0.003976939025664983,-1.0704333887879856e-05
2024-09-30,1,elasticnet,180,0.004060014489216002,-1.0747829775518327e-05
2024-10-01,1,elasticnet,180,0.004830689139530442,-1.0269375011495164e-05
2024-10-02,1,elasticnet,180,0.003044142381227743,-1.0337455531277116e-05
2024-10-03,1,elasticnet,180,0.005183132233444354,-1.0036766568906828e-05
2024-10-04,1,elasticnet,180,0.0001950648596835691,-1.0278830639242658e-05
2024-10-07,1,elasticnet,180,9.751816283554149e-05,-9.630174575764615e-06
2024-10-08,1,elasticnet,180,0.003698661020078653,-9.860891892803453e-06
2024-10-09,1,elasticnet,180,0.0005827505992419546,-9.966794923575377e-06
2024-10-10,1,elasticnet,180,-0.0009714397499918093,-9.953557044728887e-06
2024-10-11,1,elasticnet,180,0.003976919737874063,-1.0042439945555324e-05
2024-10-14,1,elasticnet,180,-0.0003872966740896544,-1.0186165487317223e-05
2024-10-15,1,elasticnet,180,0.003190720618508003,-1.0008399685664348e-05
2024-10-16,1,elasticnet,180,0.002217830329072079,-1.0208858993911206e-05
2024-10-17,1,elasticnet,180,-0.003183640719001346,-1.0297741894737645e-05
2024-10-18,1,elasticnet,180,0.005012058684959797,-1.05019834540835e-05
2024-10-21,1,elasticnet,180,0.0005767012847259778,-1.0437685185400546e-05
2024-10-22,1,elasticnet,180,0.003453240841690075,-1.0469834319742023e-05
2024-10-23,1,elasticnet,180,-0.00354933462929985,-1.0273157262594162e-05
2024-10-24,1,elasticnet,180,0.001920123477802349,-1.030341527138614e-05
2024-10-25,1,elasticnet,180,0.000575318838382799,-1.0067024577698807e-05
2024-10-28,1,elasticnet,180,0.0,-1.0167254231822236e-05
2024-10-29,1,elasticnet,180,-0.003168357506201147,-1.0254246007099175e-05
2024-10-30,1,elasticnet,180,-9.616771657228185e-05,-1.006324232659981e-05
2024-10-31,1,elasticnet,180,0.002881016109731682,-9.531836047190685e-06
2024-11-01,1,elasticnet,180,-0.003746941982861074,-9.773900117526514e-06
2024-11-04,1,elasticnet,180,-0.004534280114365075,-9.754988862031527e-06
2024-11-05,1,elasticnet,180,0.01601875890943028,-1.0036766568906828e-05
2024-11-06,1,elasticnet,180,-0.0055343652710933,-1.0834821550795265e-05
2024-11-07,1,elasticnet,180,0.004677589551111083,-1.1037171984591622e-05
2024-11-08,1,elasticnet,180,0.005129677819998513,-1.1086341248878586e-05
2024-11-11,1,elasticnet,180,0.004537727582138551,-1.108066787223009e-05
2024-11-12,1,elasticnet,180,0.00432941852719626,-1.1129837136517057e-05
2024-11-13,1,elasticnet,180,0.001782782550534989,-1.1260324799432464e-05
2024-11-14,1,elasticnet,180,0.000187476565978173,-1.1205482158497002e-05
2024-11-15,1,elasticnet,180,-0.003850312311756809,-1.0859406182938747e-05
2024-11-18,1,elasticnet,180,-0.0006588545581642791,-1.0965309213710673e-05
2024-11-19,1,elasticnet,180,0.004415432980365175,-1.0819692546399276e-05
2024-11-20,1,elasticnet,180,0.002714722004225401,-1.0666511376889884e-05
2024-11-21,1,elasticnet,180,0.005407434395699795,-1.0721354017825345e-05
2024-11-22,1,elasticnet,180,-0.006810680802114888,-1.1029607482393626e-05
2024-11-25,1,elasticnet,180,0.001777113127285901,-1.1150639517561542e-05
2024-11-26,1,elasticnet,180,-0.008728761601357604,-1.1245195795036475e-05
2024-11-27,1,elasticnet,180,0.000565450962196401,-1.1245195795036475e-05
2024-11-28,1,elasticnet,180,-0.003775726592444961,-1.1283018306026449e-05
2024-11-29,1,elasticnet,180,0.006692140532185142,-1.1356772202456896e-05
2024-12-02,1,elasticnet,180,-0.0008458249646698945,-1.1388921336798373e-05
2024-12-03,1,elasticnet,180,-0.0003761519698288751,-1.1396485838996367e-05
2024-12-04,1,elasticnet,180,-0.005753918624418652,-1.1368118955753888e-05
2024-12-05,1,elasticnet,180,0.003305475928412349,-1.13510988258084e-05
2024-12-06,1,elasticnet,180,0.0007540056907648918,-1.1496715493119797e-05
2024-12-09,1,elasticnet,180,0.002446599507795355,-1.1228175665090987e-05
2024-12-10,1,elasticnet,180,0.002909297720929516,-1.1230066790640485e-05
2024-12-11,1,elasticnet,180,0.002340058165214209,-1.1343534323610405e-05
2024-12-12,1,elasticnet,180,0.0003739016682180463,-1.1279236054927451e-05
2024-10-18,1,elasticnet,181,0.005012058684959797,-4.803739955624284e-06
2024-10-21,1,elasticnet,181,0.0005767012847259778,-4.739623263045945e-06
2024-10-22,1,elasticnet,181,0.003453240841690075,-4.771681609335115e-06
2024-10-23,1,elasticnet,181,-0.00354933462929985,-4.575559961448432e-06
2024-10-24,1,elasticnet,181,0.001920123477802349,-4.605732522661768e-06
2024-10-25,1,elasticnet,181,0.000575318838382799,-4.370009388182581e-06
2024-10-28,1,elasticnet,181,0.0,-4.4699559972017555e-06
2024-10-29,1,elasticnet,181,-0.003168357506201147,-4.5567021106900965e-06
2024-10-30,1,elasticnet,181,-9.616771657228185e-05,-4.366237818030913e-06
2024-10-31,1,elasticnet,181,0.002881016109731682,-3.836332211721701e-06
2024-11-01,1,elasticnet,181,-0.003746941982861074,-4.077712701428389e-06
2024-11-04,1,elasticnet,181,-0.004534280114365075,-4.058854850670054e-06
2024-11-05,1,elasticnet,181,0.01601875890943028,-4.3398368269692445e-06
2024-11-06,1,elasticnet,181,-0.0055343652710933,-5.13563812897098e-06
2024-11-07,1,elasticnet,181,0.004677589551111083,-5.337417132085164e-06
2024-11-08,1,elasticnet,181,0.005129677819998513,-5.3864475440568345e-06
2024-11-11,1,elasticnet,181,0.004537727582138551,-5.380790188829334e-06
2024-11-12,1,elasticnet,181,0.00432941852719626,-5.429820600801005e-06
2024-11-13,1,elasticnet,181,0.001782782550534989,-5.5599397710335165e-06
2024-11-14,1,elasticnet,181,0.000187476565978173,-5.505252003834345e-06
2024-11-15,1,elasticnet,181,-0.003850312311756809,-5.160153334956815e-06
2024-11-18,1,elasticnet,181,-0.0006588545581642791,-5.265757299203491e-06
2024-11-19,1,elasticnet,181,0.004415432980365175,-5.120551848364312e-06
2024-11-20,1,elasticnet,181,0.002714722004225401,-4.9678032572217985e-06
2024-11-21,1,elasticnet,181,0.005407434395699795,-5.02249102442097e-06
2024-11-22,1,elasticnet,181,-0.006810680802114888,-5.32987399178183e-06
2024-11-25,1,elasticnet,181,0.001777113127285901,-5.450564236635174e-06
2024-11-26,1,elasticnet,181,-0.008728761601357604,-5.544853490426848e-06
2024-11-27,1,elasticnet,181,0.000565450962196401,-5.544853490426848e-06
2024-11-28,1,elasticnet,181,-0.003775726592444961,-5.582569191943519e-06
2024-11-29,1,elasticnet,181,0.006692140532185142,-5.656114809901025e-06
2024-12-02,1,elasticnet,181,-0.0008458249646698945,-5.688173156190194e-06
2024-12-03,1,elasticnet,181,-0.0003761519698288751,-5.695716296493528e-06
2024-12-04,1,elasticnet,181,-0.005753918624418652,-5.667429520356026e-06
2024-12-05,1,elasticnet,181,0.003305475928412349,-5.650457454673525e-06
2024-12-06,1,elasticnet,181,0.0007540056907648918,-5.795662905512704e-06
2024-12-09,1,elasticnet,181,0.002446599507795355,-5.5278814247443476e-06
2024-12-10,1,elasticnet,181,0.002909297720929516,-5.52976720982018e-06
2024-12-11,1,elasticnet,181,0.002340058165214209,-5.6429143143701905e-06
2024-12-12,1,elasticnet,181,0.0003739016682180463,-5.578797621791852e-06
2024-12-13,1,elasticnet,181,-0.001309267932280811,-5.59954125762602e-06
2024-12-16,1,elasticnet,181,0.0009353662640627647,-5.4335921709526725e-06
2024-12-17,1,elasticnet,181,0.009954033535206186,-5.21106953200432e-06
2024-12-18,1,elasticnet,181,0.003511369344306736,-2.995272067899962e-06
2024-12-19,1,elasticnet,181,-0.00731383161192678,-3.660954199669186e-06
2024-12-20,1,elasticnet,181,0.003895024863140861,-4.741509048121779e-06
2024-12-23,1,elasticnet,181,0.001479837487966762,-5.039463090103471e-06
2024-12-24,1,elasticnet,181,-0.0006471594549362081,-5.512795144137679e-06
2024-12-26,1,elasticnet,181,-0.00120297983322537,-5.426049030649338e-06
2024-12-27,1,elasticnet,181,0.00120297983322537,-5.195983251397652e-06
2024-12-30,1,elasticnet,181,0.003323795876913671,-4.922544415401795e-06
2024-12-31,1,elasticnet,181,0.008261475297340226,-4.931973340780962e-06
2025-01-02,1,elasticnet,181,-0.004030416741070297,-4.822597806382619e-06
2025-01-03,1,elasticnet,181,-0.006353320021797337,-5.162039120032649e-06
2025-01-06,1,elasticnet,181,0.002583027266426896,-5.17901118571515e-06
2025-01-07,1,elasticnet,181,0.005054460974406538,-4.843341442216788e-06
2025-01-08,1,elasticnet,181,0.000824666743946878,-4.86597086312679e-06
2025-01-09,1,elasticnet,181,0.004295578510284948,-4.796196815320951e-06
2025-01-10,1,elasticnet,181,0.002823188433148438,-4.518986409173427e-06
2025-01-13,1,elasticnet,181,-0.006294779714391296,-4.5849888868275985e-06
2024-11-15,1,elasticnet,182,-0.003850312311756809,5.992058452202735e-06
2024-11-18,1,elasticnet,182,-0.0006588545581642791,5.90192838912592e-06
2024-11-19,1,elasticnet,182,0.004415432980365175,6.025857225856541e-06
2024-11-20,1,elasticnet,182,0.002714722004225401,6.156223924235506e-06
2024-11-21,1,elasticnet,182,0.005407434395699795,6.1095494272850126e-06
2024-11-22,1,elasticnet,182,-0.006810680802114888,5.847206565114995e-06
2024-11-25,1,elasticnet,182,0.001777113127285901,5.744200778741492e-06
2024-11-26,1,elasticnet,182,-0.008728761601357604,5.663727508137192e-06
2024-11-27,1,elasticnet,182,0.000565450962196401,5.663727508137192e-06
2024-11-28,1,elasticnet,182,-0.003775726592444961,5.631538199895472e-06
2024-11-29,1,elasticnet,182,0.006692140532185142,5.5687690488241185e-06
2024-12-02,1,elasticnet,182,-0.0008458249646698945,5.541408136818656e-06
2024-12-03,1,elasticnet,182,-0.0003761519698288751,5.534970275170312e-06
2024-12-04,1,elasticnet,182,-0.005753918624418652,5.559112256351603e-06
2024-12-05,1,elasticnet,182,0.003305475928412349,5.573597445060376e-06
2024-12-06,1,elasticnet,182,0.0007540056907648918,5.449668608329754e-06
2024-12-09,1,elasticnet,182,0.002446599507795355,5.678212696845966e-06
2024-12-10,1,elasticnet,182,0.002909297720929516,5.6766032314338795e-06
2024-12-11,1,elasticnet,182,0.002340058165214209,5.58003530670872e-06
2024-12-12,1,elasticnet,182,0.0003739016682180463,5.634757130719644e-06
2024-12-13,1,elasticnet,182,-0.001309267932280811,5.617053011186699e-06
2024-12-16,1,elasticnet,182,0.0009353662640627647,5.758685967450266e-06
2024-12-17,1,elasticnet,182,0.009954033535206186,5.948602886076413e-06
2024-12-18,1,elasticnet,182,0.003511369344306736,7.839724745277457e-06
2024-12-19,1,elasticnet,182,-0.00731383161192678,7.271583454811101e-06
2024-12-20,1,elasticnet,182,0.003895024863140861,6.349359773685826e-06
2024-12-23,1,elasticnet,182,0.001479837487966762,6.095064238576239e-06
2024-12-24,1,elasticnet,182,-0.0006471594549362081,5.691088420142654e-06
2024-12-26,1,elasticnet,182,-0.00120297983322537,5.76512382909861e-06
2024-12-27,1,elasticnet,182,0.00120297983322537,5.961478609373101e-06
2024-12-30,1,elasticnet,182,0.003323795876913671,6.1948510941255705e-06
2024-12-31,1,elasticnet,182,0.008261475297340226,6.186803767065141e-06
2025-01-02,1,elasticnet,182,-0.004030416741070297,6.280152760966128e-06
2025-01-03,1,elasticnet,182,-0.006353320021797337,5.990448986790648e-06
2025-01-06,1,elasticnet,182,0.002583027266426896,5.975963798081875e-06
2025-01-07,1,elasticnet,182,0.005054460974406538,6.262448641433182e-06
2025-01-08,1,elasticnet,182,0.000824666743946878,6.24313505648815e-06
2025-01-09,1,elasticnet,182,0.004295578510284948,6.302685276735332e-06
2025-01-10,1,elasticnet,182,0.002823188433148438,6.539276692311973e-06
2025-01-13,1,elasticnet,182,-0.006294779714391296,6.482945402888964e-06
2025-01-14,1,elasticnet,182,-0.001648653972988967,6.405691063108836e-06
2025-01-15,1,elasticnet,182,-0.001192387208463153,5.9888395213785634e-06
2025-01-16,1,elasticnet,182,0.003572904721575121,6.066093861158691e-06
2025-01-17,1,elasticnet,182,0.0,5.964697540197273e-06
2025-01-20,1,elasticnet,182,-0.0118671187068573,5.9389460936038975e-06
2025-01-21,1,elasticnet,182,0.001017435226278174,5.8182361876974475e-06
2025-01-22,1,elasticnet,182,-0.001109980689302681,5.8246740493457916e-06
2025-01-23,1,elasticnet,182,-0.00566153073791309,5.811798326049103e-06
2025-01-24,1,elasticnet,182,-0.0009311854662996666,5.784437414043641e-06
2025-01-27,1,elasticnet,182,0.004925431638655553,6.27532436472987e-06
2025-01-28,1,elasticnet,182,0.001204428736881979,6.035514018329057e-06
2025-01-29,1,elasticnet,182,-0.001853568649322845,6.059655999510347e-06
2025-01-30,1,elasticnet,182,0.005273639460006585,5.943774489840155e-06
2025-01-31,1,elasticnet,182,0.005704836966316407,6.0387329491532286e-06
2025-02-03,1,elasticnet,182,-0.009495346751416278,6.391205874400062e-06
2025-02-04,1,elasticnet,182,-0.003526031304707189,6.164271251295937e-06
2025-02-05,1,elasticnet,182,0.00102197249569258,5.932508231955553e-06
2025-02-06,1,elasticnet,182,0.003244799583625557,5.8890526658292315e-06
2025-02-07,1,elasticnet,182,0.002588280239550045,6.056437068686175e-06
2025-02-10,1,elasticnet,182,-0.003329021014160993,5.9389460936038975e-06
2024-12-13,1,elasticnet,183,-0.001309267932280811,6.516417714915314e-06
2024-12-16,1,elasticnet,183,0.0009353662640627647,6.6562187635964614e-06
2024-12-17,1,elasticnet,183,0.009954033535206186,6.843679260691638e-06
2024-12-18,1,elasticnet,183,0.003511369344306736,8.710340990241058e-06
2024-12-19,1,elasticnet,183,-0.00731383161192678,8.149548147235999e-06
2024-12-20,1,elasticnet,183,0.003895024863140861,7.239252682528068e-06
2024-12-23,1,elasticnet,183,0.001479837487966762,6.988246254214189e-06
2024-12-24,1,elasticnet,183,-0.0006471594549362081,6.589495535816823e-06
2024-12-26,1,elasticnet,183,-0.00120297983322537,6.662573356718332e-06
2024-12-27,1,elasticnet,183,0.00120297983322537,6.856388446935378e-06
2024-12-30,1,elasticnet,183,0.003323795876913671,7.086742447603179e-06
2024-12-31,1,elasticnet,183,0.008261475297340226,7.0787992062008414e-06
2025-01-02,1,elasticnet,183,-0.004030416741070297,7.170940806467961e-06
2025-01-03,1,elasticnet,183,-0.006353320021797337,6.884984115983795e-06
2025-01-06,1,elasticnet,183,0.002583027266426896,6.870686281459586e-06
2025-01-07,1,elasticnet,183,0.005054460974406538,7.153465675382818e-06
2025-01-08,1,elasticnet,183,0.000824666743946878,7.1344018960172066e-06
2025-01-09,1,elasticnet,183,0.004295578510284948,7.1931818823945074e-06
2025-01-10,1,elasticnet,183,0.002823188433148438,7.4267131796232435e-06
2025-01-13,1,elasticnet,183,-0.006294779714391296,7.371110489806878e-06
2025-01-14,1,elasticnet,183,-0.001648653972988967,7.294855372344434e-06
2025-01-15,1,elasticnet,183,-0.001192387208463153,6.883395467703328e-06
2025-01-16,1,elasticnet,183,0.003572904721575121,6.959650585165772e-06
2025-01-17,1,elasticnet,183,0.0,6.859565743496313e-06
2025-01-20,1,elasticnet,183,-0.0118671187068573,6.834147371008832e-06
2025-01-21,1,elasticnet,183,0.001017435226278174,6.714998749973763e-06
2025-01-22,1,elasticnet,183,-0.001109980689302681,6.721353343095633e-06
2025-01-23,1,elasticnet,183,-0.00566153073791309,6.7086441568518925e-06
2025-01-24,1,elasticnet,183,-0.0009311854662996666,6.681637136083943e-06
2025-01-27,1,elasticnet,183,0.004925431638655553,7.166174861626558e-06
2025-01-28,1,elasticnet,183,0.001204428736881979,6.929466267836887e-06
2025-01-29,1,elasticnet,183,-0.001853568649322845,6.9532959920439016e-06
2025-01-30,1,elasticnet,183,0.005273639460006585,6.838913315850235e-06
2025-01-31,1,elasticnet,183,0.005704836966316407,6.932643564397823e-06
2025-02-03,1,elasticnet,183,-0.009495346751416278,7.280557537820225e-06
2025-02-04,1,elasticnet,183,-0.003526031304707189,7.056558130274295e-06
2025-02-05,1,elasticnet,183,0.00102197249569258,6.827792777886962e-06
2025-02-06,1,elasticnet,183,0.003244799583625557,6.784899274314337e-06
2025-02-07,1,elasticnet,183,0.002588280239550045,6.950118695482966e-06
2025-02-10,1,elasticnet,183,-0.003329021014160993,6.834147371008832e-06
2025-02-11,1,elasticnet,183,-0.0001852709593066493,6.8675089848986514e-06
2025-02-12,1,elasticnet,183,-0.005853675251461077,6.846856557252573e-06
2025-02-13,1,elasticnet,183,-0.005606967310562538,6.721353343095633e-06
2025-02-14,1,elasticnet,183,-0.001312828395608534,6.668927949840203e-06
2025-02-17,1,elasticnet,183,0.004493968802826487,6.764246846668258e-06
2025-02-18,1,elasticnet,183,0.001120343689214209,6.761069550107323e-06
2025-02-19,1,elasticnet,183,-0.007492776461331729,6.748360363863582e-06
2025-02-20,1,elasticnet,183,0.002253733698809768,6.810317646801818e-06
2025-02-21,1,elasticnet,183,-9.380423063998222e-05,7.215422958321054e-06
2025-02-24,1,elasticnet,183,-0.002724157431229557,7.3377488759170584e-06
2025-02-25,1,elasticnet,183,0.001034174867709403,7.4092380485381e-06
2025-02-26,1,elasticnet,183,0.007675784199534519,7.35681265528267e-06
2025-02-27,1,elasticnet,183,0.003444266844542909,7.67930825621759e-06
2025-02-28,1,elasticnet,183,-0.008023928103567002,7.441011014147451e-06
2025-03-03,1,elasticnet,183,-0.009506401301430323,7.941435222494743e-06
2025-03-04,1,elasticnet,183,-0.01371188880057694,8.057406546968878e-06
2025-03-05,1,elasticnet,183,-0.002303706144568984,7.806400118654998e-06
2025-03-06,1,elasticnet,183,-0.002116402906377601,8.27346271311247e-06
2025-03-07,1,elasticnet,183,0.001251143034098234,8.035165471042332e-06
2025-03-10,1,elasticnet,183,-0.006561829971336586,8.74846854897228e-06
2025-01-14,1,elasticnet,184,-0.001648653972988967,-0.00011782958556469661
2025-01-15,1,elasticnet,184,-0.001192387208463153,-0.00011913905589662774
2025-01-16,1,elasticnet,184,0.003572904721575121,-0.00011889637413626984
2025-01-17,1,elasticnet,184,0.0,-0.00011921489394673958
2025-01-20,1,elasticnet,184,-0.0118671187068573,-0.00011929578786685887
2025-01-21,1,elasticnet,184,0.001017435226278174,-0.00011967497811741808
2025-01-22,1,elasticnet,184,-0.001109980689302681,-0.00011965475463738825
2025-01-23,1,elasticnet,184,-0.00566153073791309,-0.00011969520159744791
2025-01-24,1,elasticnet,184,-0.0009311854662996666,-0.00011978115138757466
2025-01-27,1,elasticnet,184,0.004925431638655553,-0.00011823911103530055
2025-01-28,1,elasticnet,184,0.001204428736881979,-0.0001189924356664115
2025-01-29,1,elasticnet,184,-0.001853568649322845,-0.00011891659761629967
2025-01-30,1,elasticnet,184,0.005273639460006585,-0.0001192806202568365
2025-01-31,1,elasticnet,184,0.005704836966316407,-0.0001189823239263966
2025-02-03,1,elasticnet,184,-0.009495346751416278,-0.00011620941258667671
2025-02-04,1,elasticnet,184,-0.003526031304707189,-0.00011692229025772801
2025-02-05,1,elasticnet,184,0.00102197249569258,-0.0001176503355388017
2025-02-06,1,elasticnet,184,0.003244799583625557,-0.000117786844029003
2025-02-07,1,elasticnet,184,0.002588280239550045,-0.00011726103354822758
2025-02-10,1,elasticnet,184,-0.003329021014160993,-0.00011763011205877187
2025-02-11,1,elasticnet,184,-0.0001852709593066493,-0.00011752393878861529
2025-02-12,1,elasticnet,184,-0.005853675251461077,-0.00011758966509871222
2025-02-13,1,elasticnet,184,-0.005606967310562538,-0.00011798907882930125
2025-02-14,1,elasticnet,184,-0.001312828395608534,-0.0001181559225395473
2025-02-17,1,elasticnet,184,0.004493968802826487,-0.00011785257033909993
2025-02-18,1,elasticnet,184,0.001120343689214209,-0.00011786268207911485
2025-02-19,1,elasticnet,184,-0.007492776461331729,-0.0001179031290391745
2025-02-20,1,elasticnet,184,0.002253733698809768,-0.00011770595010888371
2025-02-21,1,elasticnet,184,-9.380423063998222e-05,-0.0001164167032569824
2025-02-24,1,elasticnet,184,-0.002724157431229557,-0.00011602740126640829
2025-02-25,1,elasticnet,184,0.001034174867709403,-0.00011579988711607276
2025-02-26,1,elasticnet,184,0.007675784199534519,-0.00011596673082631881
2025-02-27,1,elasticnet,184,0.003444266844542909,-0.00011494038921480522
2025-02-28,1,elasticnet,184,-0.008023928103567002,-0.00011569876971592364
2025-03-03,1,elasticnet,184,-0.009506401301430323,-0.00011675721746845257
2025-03-04,1,elasticnet,184,-0.01371188880057694,-0.00011638813895790827
2025-03-05,1,elasticnet,184,-0.002303706144568984,-0.00011718696641908633
2025-03-06,1,elasticnet,184,-0.002116402906377601,-0.00011570054063689424
2025-03-07,1,elasticnet,184,0.001251143034098234,-0.00011645892113801266
2025-03-10,1,elasticnet,184,-0.006561829971336586,-0.00011418883550466487
2025-03-11,1,elasticnet,184,0.003093284245118788,-0.00011466408728536574
2025-03-12,1,elasticnet,184,0.002121096051701521,-0.00011602411631737144
2025-03-13,1,elasticnet,184,-0.001059985644898731,-0.00011580671390705082
2025-03-14,1,elasticnet,184,-0.003380176090069575,-0.00011726786033920564
2025-03-17,1,elasticnet,184,-0.001258409729980592,-0.0001179048999601451
2025-03-18,1,elasticnet,184,0.00183868053929892,-0.00011730325142925782
2025-03-19,1,elasticnet,184,0.004052494932409445,-0.00011821330803059993
2025-03-20,1,elasticnet,184,0.002308359205255073,-0.00011826386673067448
2025-03-21,1,elasticnet,184,0.001631869812583453,-0.0001185267719710622
2025-03-24,1,elasticnet,184,-0.0007676070229143406,-0.0001194368285724043
2025-03-25,1,elasticnet,184,0.00354525355759705,-0.00011960367228265035
2025-03-26,1,elasticnet,184,-0.002106473394764663,-0.00011900707962177053
2025-03-27,1,elasticnet,184,-0.002783511899427715,-0.00011882506830150211
2025-03-28,1,elasticnet,184,0.001632653423885522,-0.00011732853077929511
2025-03-31,1,elasticnet,184,0.0004796853356241471,-0.00011701001096882537
2025-04-01,1,elasticnet,184,-0.004325474134805773,-0.0001236508438068873
2025-04-02,1,elasticnet,184,-0.01690345278974714,-0.00012378229642708114
2025-04-03,1,elasticnet,184,0.009264291722032247,-0.000119479751050736
2025-04-04,1,elasticnet,184,0.002326935314063583,-0.00011174932580933564
2025-04-07,1,elasticnet,184,-0.002909516163631665,-0.00011090499551809047
2025-02-11,1,elasticnet,185,-0.0001852709593066493,3.656677366057411e-05
2025-02-12,1,elasticnet,185,-0.005853675251461077,3.656677366057411e-05
2025-02-13,1,elasticnet,185,-0.005606967310562538,3.656677366057411e-05
2025-02-14,1,elasticnet,185,-0.001312828395608534,3.656677366057411e-05
2025-02-17,1,elasticnet,185,0.004493968802826487,3.656677366057411e-05
2025-02-18,1,elasticnet,185,0.001120343689214209,3.656677366057411e-05
2025-02-19,1,elasticnet,185,-0.007492776461331729,3.656677366057411e-05
2025-02-20,1,elasticnet,185,0.002253733698809768,3.656677366057411e-05
2025-02-21,1,elasticnet,185,-9.380423063998222e-05,3.656677366057411e-05
2025-02-24,1,elasticnet,185,-0.002724157431229557,3.656677366057411e-05
2025-02-25,1,elasticnet,185,0.001034174867709403,3.656677366057411e-05
2025-02-26,1,elasticnet,185,0.007675784199534519,3.656677366057411e-05
2025-02-27,1,elasticnet,185,0.003444266844542909,3.656677366057411e-05
2025-02-28,1,elasticnet,185,-0.008023928103567002,3.656677366057411e-05
2025-03-03,1,elasticnet,185,-0.009506401301430323,3.656677366057411e-05
2025-03-04,1,elasticnet,185,-0.01371188880057694,3.656677366057411e-05
2025-03-05,1,elasticnet,185,-0.002303706144568984,3.656677366057411e-05
2025-03-06,1,elasticnet,185,-0.002116402906377601,3.656677366057411e-05
2025-03-07,1,elasticnet,185,0.001251143034098234,3.656677366057411e-05
2025-03-10,1,elasticnet,185,-0.006561829971336586,3.656677366057411e-05
2025-03-11,1,elasticnet,185,0.003093284245118788,3.656677366057411e-05
2025-03-12,1,elasticnet,185,0.002121096051701521,3.656677366057411e-05
2025-03-13,1,elasticnet,185,-0.001059985644898731,3.656677366057411e-05
2025-03-14,1,elasticnet,185,-0.003380176090069575,3.656677366057411e-05
2025-03-17,1,elasticnet,185,-0.001258409729980592,3.656677366057411e-05
2025-03-18,1,elasticnet,185,0.00183868053929892,3.656677366057411e-05
2025-03-19,1,elasticnet,185,0.004052494932409445,3.656677366057411e-05
2025-03-20,1,elasticnet,185,0.002308359205255073,3.656677366057411e-05
2025-03-21,1,elasticnet,185,0.001631869812583453,3.656677366057411e-05
2025-03-24,1,elasticnet,185,-0.0007676070229143406,3.656677366057411e-05
2025-03-25,1,elasticnet,185,0.00354525355759705,3.656677366057411e-05
2025-03-26,1,elasticnet,185,-0.002106473394764663,3.656677366057411e-05
2025-03-27,1,elasticnet,185,-0.002783511899427715,3.656677366057411e-05
2025-03-28,1,elasticnet,185,0.001632653423885522,3.656677366057411e-05
2025-03-31,1,elasticnet,185,0.0004796853356241471,3.656677366057411e-05
2025-04-01,1,elasticnet,185,-0.004325474134805773,3.656677366057411e-05
2025-04-02,1,elasticnet,185,-0.01690345278974714,3.656677366057411e-05
2025-04-03,1,elasticnet,185,0.009264291722032247,3.656677366057411e-05
2025-04-04,1,elasticnet,185,0.002326935314063583,3.656677366057411e-05
2025-04-07,1,elasticnet,185,-0.002909516163631665,3.656677366057411e-05
2025-04-08,1,elasticnet,185,-0.0005829204478677852,3.656677366057411e-05
2025-04-09,1,elasticnet,185,-0.01992508377325919,3.656677366057411e-05
2025-04-10,1,elasticnet,185,-0.007662872745569871,3.656677366057411e-05
2025-04-11,1,elasticnet,185,-0.004605995927194684,3.656677366057411e-05
2025-04-14,1,elasticnet,185,0.005704293676257244,3.656677366057411e-05
2025-04-15,1,elasticnet,185,-0.00831709789606272,3.656677366057411e-05
2025-04-16,1,elasticnet,185,0.0,3.656677366057411e-05
2025-04-17,1,elasticnet,185,-0.0111303385211956,3.656677366057411e-05
2025-04-21,1,elasticnet,185,0.006490895000236918,3.656677366057411e-05
2025-04-22,1,elasticnet,185,0.009257461967902003,3.656677366057411e-05
2025-04-23,1,elasticnet,185,-0.004618018446943317,3.656677366057411e-05
2025-04-24,1,elasticnet,185,0.0009052049901479009,3.656677366057411e-05
2025-04-25,1,elasticnet,185,-0.004635236029899126,3.656677366057411e-05
2025-04-28,1,elasticnet,185,0.002320303689177017,3.656677366057411e-05
2025-04-29,1,elasticnet,185,0.002314932340722109,3.656677366057411e-05
2025-04-30,1,elasticnet,185,0.007810975022356281,3.656677366057411e-05
2025-05-01,1,elasticnet,185,-0.002196925189589471,3.656677366057411e-05
2025-05-02,1,elasticnet,185,-0.002001401648755063,3.656677366057411e-05
2025-05-05,1,elasticnet,185,-0.005927580524733855,3.656677366057411e-05
2025-05-06,1,elasticnet,185,0.003721402333473733,3.656677366057411e-05
2025-03-11,1,elasticnet,186,0.003093284245118788,2.7430278212510392e-05
2025-03-12,1,elasticnet,186,0.002121096051701521,2.7430278212510392e-05
2025-03-13,1,elasticnet,186,-0.001059985644898731,2.7430278212510392e-05
2025-03-14,1,elasticnet,186,-0.003380176090069575,2.7430278212510392e-05
2025-03-17,1,elasticnet,186,-0.001258409729980592,2.7430278212510392e-05
2025-03-18,1,elasticnet,186,0.00183868053929892,2.7430278212510392e-05
2025-03-19,1,elasticnet,186,0.004052494932409445,2.7430278212510392e-05
2025-03-20,1,elasticnet,186,0.002308359205255073,2.7430278212510392e-05
2025-03-21,1,elasticnet,186,0.001631869812583453,2.7430278212510392e-05
2025-03-24,1,elasticnet,186,-0.0007676070229143406,2.7430278212510392e-05
2025-03-25,1,elasticnet,186,0.00354525355759705,2.7430278212510392e-05
2025-03-26,1,elasticnet,186,-0.002106473394764663,2.7430278212510392e-05
2025-03-27,1,elasticnet,186,-0.002783511899427715,2.7430278212510392e-05
2025-03-28,1,elasticnet,186,0.001632653423885522,2.7430278212510392e-05
2025-03-31,1,elasticnet,186,0.0004796853356241471,2.7430278212510392e-05
2025-04-01,1,elasticnet,186,-0.004325474134805773,2.7430278212510392e-05
2025-04-02,1,elasticnet,186,-0.01690345278974714,2.7430278212510392e-05
2025-04-03,1,elasticnet,186,0.009264291722032247,2.7430278212510392e-05
2025-04-04,1,elasticnet,186,0.002326935314063583,2.7430278212510392e-05
2025-04-07,1,elasticnet,186,-0.002909516163631665,2.7430278212510392e-05
2025-04-08,1,elasticnet,186,-0.0005829204478677852,2.7430278212510392e-05
2025-04-09,1,elasticnet,186,-0.01992508377325919,2.7430278212510392e-05
2025-04-10,1,elasticnet,186,-0.007662872745569871,2.7430278212510392e-05
2025-04-11,1,elasticnet,186,-0.004605995927194684,2.7430278212510392e-05
2025-04-14,1,elasticnet,186,0.005704293676257244,2.7430278212510392e-05
2025-04-15,1,elasticnet,186,-0.00831709789606272,2.7430278212510392e-05
2025-04-16,1,elasticnet,186,0.0,2.7430278212510392e-05
2025-04-17,1,elasticnet,186,-0.0111303385211956,2.7430278212510392e-05
2025-04-21,1,elasticnet,186,0.006490895000236918,2.7430278212510392e-05
2025-04-22,1,elasticnet,186,0.009257461967902003,2.7430278212510392e-05
2025-04-23,1,elasticnet,186,-0.004618018446943317,2.7430278212510392e-05
2025-04-24,1,elasticnet,186,0.0009052049901479009,2.7430278212510392e-05
2025-04-25,1,elasticnet,186,-0.004635236029899126,2.7430278212510392e-05
2025-04-28,1,elasticnet,186,0.002320303689177017,2.7430278212510392e-05
2025-04-29,1,elasticnet,186,0.002314932340722109,2.7430278212510392e-05
2025-04-30,1,elasticnet,186,0.007810975022356281,2.7430278212510392e-05
2025-05-01,1,elasticnet,186,-0.002196925189589471,2.7430278212510392e-05
2025-05-02,1,elasticnet,186,-0.002001401648755063,2.7430278212510392e-05
2025-05-05,1,elasticnet,186,-0.005927580524733855,2.7430278212510392e-05
2025-05-06,1,elasticnet,186,0.003721402333473733,2.7430278212510392e-05
2025-05-07,1,elasticnet,186,0.01028723179505686,2.7430278212510392e-05
2025-05-08,1,elasticnet,186,-0.002985373896024157,2.7430278212510392e-05
2025-05-09,1,elasticnet,186,0.01434744840814162,2.7430278212510392e-05
2025-05-12,1,elasticnet,186,-0.007791350622988524,2.7430278212510392e-05
2025-05-13,1,elasticnet,186,0.0003959612009758473,2.7430278212510392e-05
2025-05-14,1,elasticnet,186,-0.001584786385571135,2.7430278212510392e-05
2025-05-15,1,elasticnet,186,0.002079517509302242,2.7430278212510392e-05
2025-05-16,1,elasticnet,186,-0.006550241760718833,2.7430278212510392e-05
2025-05-19,1,elasticnet,186,-0.003091500841674311,2.7430278212510392e-05
2025-05-20,1,elasticnet,186,-0.005608989064182168,2.7430278212510392e-05
2025-05-21,1,elasticnet,186,0.00400962846735986,2.7430278212510392e-05
2025-05-22,1,elasticnet,186,-0.00853976154813374,2.7430278212510392e-05
2025-05-23,1,elasticnet,186,0.0,2.7430278212510392e-05
2025-05-26,1,elasticnet,186,0.004128284572251673,2.7430278212510392e-05
2025-05-27,1,elasticnet,186,0.003610836420703478,2.7430278212510392e-05
2025-05-28,1,elasticnet,186,-0.006025324515221087,2.7430278212510392e-05
2025-05-29,1,elasticnet,186,0.00050349933091276,2.7430278212510392e-05
2025-05-30,1,elasticnet,186,-0.006261381797467713,2.7430278212510392e-05
2025-06-02,1,elasticnet,186,0.005254129496353954,2.7430278212510392e-05
2025-06-03,1,elasticnet,186,-0.004444002869767871,2.7430278212510392e-05
2025-04-08,1,elasticnet,187,-0.0005829204478677852,2.667145062244549e-05
2025-04-09,1,elasticnet,187,-0.01992508377325919,2.667145062244549e-05
2025-04-10,1,elasticnet,187,-0.007662872745569871,2.667145062244549e-05
2025-04-11,1,elasticnet,187,-0.004605995927194684,2.667145062244549e-05
2025-04-14,1,elasticnet,187,0.005704293676257244,2.667145062244549e-05
2025-04-15,1,elasticnet,187,-0.00831709789606272,2.667145062244549e-05
2025-04-16,1,elasticnet,187,0.0,2.667145062244549e-05
2025-04-17,1,elasticnet,187,-0.0111303385211956,2.667145062244549e-05
2025-04-21,1,elasticnet,187,0.006490895000236918,2.667145062244549e-05
2025-04-22,1,elasticnet,187,0.009257461967902003,2.667145062244549e-05
2025-04-23,1,elasticnet,187,-0.004618018446943317,2.667145062244549e-05
2025-04-24,1,elasticnet,187,0.0009052049901479009,2.667145062244549e-05
2025-04-25,1,elasticnet,187,-0.004635236029899126,2.667145062244549e-05
2025-04-28,1,elasticnet,187,0.002320303689177017,2.667145062244549e-05
2025-04-29,1,elasticnet,187,0.002314932340722109,2.667145062244549e-05
2025-04-30,1,elasticnet,187,0.007810975022356281,2.667145062244549e-05
2025-05-01,1,elasticnet,187,-0.002196925189589471,2.667145062244549e-05
2025-05-02,1,elasticnet,187,-0.002001401648755063,2.667145062244549e-05
2025-05-05,1,elasticnet,187,-0.005927580524733855,2.667145062244549e-05
2025-05-06,1,elasticnet,187,0.003721402333473733,2.667145062244549e-05
2025-05-07,1,elasticnet,187,0.01028723179505686,2.667145062244549e-05
2025-05-08,1,elasticnet,187,-0.002985373896024157,2.667145062244549e-05
2025-05-09,1,elasticnet,187,0.01434744840814162,2.667145062244549e-05
2025-05-12,1,elasticnet,187,-0.007791350622988524,2.667145062244549e-05
2025-05-13,1,elasticnet,187,0.0003959612009758473,2.667145062244549e-05
2025-05-14,1,elasticnet,187,-0.001584786385571135,2.667145062244549e-05
2025-05-15,1,elasticnet,187,0.002079517509302242,2.667145062244549e-05
2025-05-16,1,elasticnet,187,-0.006550241760718833,2.667145062244549e-05
2025-05-19,1,elasticnet,187,-0.003091500841674311,2.667145062244549e-05
2025-05-20,1,elasticnet,187,-0.005608989064182168,2.667145062244549e-05
2025-05-21,1,elasticnet,187,0.00400962846735986,2.667145062244549e-05
2025-05-22,1,elasticnet,187,-0.00853976154813374,2.667145062244549e-05
2025-05-23,1,elasticnet,187,0.0,2.667145062244549e-05
2025-05-26,1,elasticnet,187,0.004128284572251673,2.667145062244549e-05
2025-05-27,1,elasticnet,187,0.003610836420703478,2.667145062244549e-05
2025-05-28,1,elasticnet,187,-0.006025324515221087,2.667145062244549e-05
2025-05-29,1,elasticnet,187,0.00050349933091276,2.667145062244549e-05
2025-05-30,1,elasticnet,187,-0.006261381797467713,2.667145062244549e-05
2025-06-02,1,elasticnet,187,0.005254129496353954,2.667145062244549e-05
2025-06-03,1,elasticnet,187,-0.004444002869767871,2.667145062244549e-05
2025-06-04,1,elasticnet,187,-0.0005062522256658042,2.667145062244549e-05
2025-06-05,1,elasticnet,187,0.004547069927185454,2.667145062244549e-05
2025-06-06,1,elasticnet,187,-0.002523596958339702,2.667145062244549e-05
2025-06-09,1,elasticnet,187,0.001615835536379784,2.667145062244549e-05
2025-06-10,1,elasticnet,187,-0.004753966370039997,2.667145062244549e-05
2025-06-11,1,elasticnet,187,-0.007224656201886503,2.667145062244549e-05
2025-06-12,1,elasticnet,187,0.002651709865890695,2.667145062244549e-05
2025-06-13,1,elasticnet,187,-0.001835049959334256,2.667145062244549e-05
2025-06-16,1,elasticnet,187,0.008332534747031772,2.667145062244549e-05
2025-06-17,1,elasticnet,187,0.0008092252110625253,2.667145062244549e-05
2025-06-18,1,elasticnet,187,0.0,2.667145062244549e-05
2025-06-19,1,elasticnet,187,-0.00192298019887005,2.667145062244549e-05
2025-06-20,1,elasticnet,187,-0.002942222991964449,2.667145062244549e-05
2025-06-23,1,elasticnet,187,-0.005706149576854891,2.667145062244549e-05
2025-06-24,1,elasticnet,187,-0.001841056058528245,2.667145062244549e-05
2025-06-25,1,elasticnet,187,-0.005440653978999954,2.667145062244549e-05
2025-06-26,1,elasticnet,187,0.002570034825040146,2.667145062244549e-05
2025-06-27,1,elasticnet,187,-0.005353111403652022,2.667145062244549e-05
2025-06-30,1,elasticnet,187,-0.0006195147332892503,2.667145062244549e-05
2025-07-01,1,elasticnet,187,-0.0004132231463751523,2.667145062244549e-05
2025-05-07,1,elasticnet,188,0.01028723179505686,1.989495240808129e-05
2025-05-08,1,elasticnet,188,-0.002985373896024157,1.989495240808129e-05
2025-05-09,1,elasticnet,188,0.01434744840814162,1.989495240808129e-05
2025-05-12,1,elasticnet,188,-0.007791350622988524,1.989495240808129e-05
2025-05-13,1,elasticnet,188,0.0003959612009758473,1.989495240808129e-05
2025-05-14,1,elasticnet,188,-0.001584786385571135,1.989495240808129e-05
2025-05-15,1,elasticnet,188,0.002079517509302242,1.989495240808129e-05
2025-05-16,1,elasticnet,188,-0.006550241760718833,1.989495240808129e-05
2025-05-19,1,elasticnet,188,-0.003091500841674311,1.989495240808129e-05
2025-05-20,1,elasticnet,188,-0.005608989064182168,1.989495240808129e-05
2025-05-21,1,elasticnet,188,0.00400962846735986,1.989495240808129e-05
2025-05-22,1,elasticnet,188,-0.00853976154813374,1.989495240808129e-05
2025-05-23,1,elasticnet,188,0.0,1.989495240808129e-05
2025-05-26,1,elasticnet,188,0.004128284572251673,1.989495240808129e-05
2025-05-27,1,elasticnet,188,0.003610836420703478,1.989495240808129e-05
2025-05-28,1,elasticnet,188,-0.006025324515221087,1.989495240808129e-05
2025-05-29,1,elasticnet,188,0.00050349933091276,1.989495240808129e-05
2025-05-30,1,elasticnet,188,-0.006261381797467713,1.989495240808129e-05
2025-06-02,1,elasticnet,188,0.005254129496353954,1.989495240808129e-05
2025-06-03,1,elasticnet,188,-0.004444002869767871,1.989495240808129e-05
2025-06-04,1,elasticnet,188,-0.0005062522256658042,1.989495240808129e-05
2025-06-05,1,elasticnet,188,0.004547069927185454,1.989495240808129e-05
2025-06-06,1,elasticnet,188,-0.002523596958339702,1.989495240808129e-05
2025-06-09,1,elasticnet,188,0.001615835536379784,1.989495240808129e-05
2025-06-10,1,elasticnet,188,-0.004753966370039997,1.989495240808129e-05
2025-06-11,1,elasticnet,188,-0.007224656201886503,1.989495240808129e-05
2025-06-12,1,elasticnet,188,0.002651709865890695,1.989495240808129e-05
2025-06-13,1,elasticnet,188,-0.001835049959334256,1.989495240808129e-05
2025-06-16,1,elasticnet,188,0.008332534747031772,1.989495240808129e-05
2025-06-17,1,elasticnet,188,0.0008092252110625253,1.989495240808129e-05
2025-06-18,1,elasticnet,188,0.0,1.989495240808129e-05
2025-06-19,1,elasticnet,188,-0.00192298019887005,1.989495240808129e-05
2025-06-20,1,elasticnet,188,-0.002942222991964449,1.989495240808129e-05
2025-06-23,1,elasticnet,188,-0.005706149576854891,1.989495240808129e-05
2025-06-24,1,elasticnet,188,-0.001841056058528245,1.989495240808129e-05
2025-06-25,1,elasticnet,188,-0.005440653978999954,1.989495240808129e-05
2025-06-26,1,elasticnet,188,0.002570034825040146,1.989495240808129e-05
2025-06-27,1,elasticnet,188,-0.005353111403652022,1.989495240808129e-05
2025-06-30,1,elasticnet,188,-0.0006195147332892503,1.989495240808129e-05
2025-07-01,1,elasticnet,188,-0.0004132231463751523,1.989495240808129e-05
2025-07-02,1,elasticnet,188,0.004124567612584507,1.989495240808129e-05
2025-07-03,1,elasticnet,188,-0.002266406656753261,1.989495240808129e-05
2025-07-04,1,elasticnet,188,0.005348706436001827,1.989495240808129e-05
2025-07-07,1,elasticnet,188,0.0004102564160106681,1.989495240808129e-05
2025-07-08,1,elasticnet,188,0.0004100881747026719,1.989495240808129e-05
2025-07-09,1,elasticnet,188,0.00092208397496929,1.989495240808129e-05
2025-07-10,1,elasticnet,188,0.002046036519396388,1.989495240808129e-05
2025-07-11,1,elasticnet,188,0.002347778345816565,1.989495240808129e-05
2025-07-14,1,elasticnet,188,0.005490608608078595,1.989495240808129e-05
2025-07-15,1,elasticnet,188,-0.002334907918306151,1.989495240808129e-05
2025-07-16,1,elasticnet,188,0.003449678745684359,1.989495240808129e-05
2025-07-17,1,elasticnet,188,-0.002535369747159955,1.989495240808129e-05
2025-07-18,1,elasticnet,188,-0.006417788034113414,1.989495240808129e-05
2025-07-21,1,elasticnet,188,-0.004712157868977052,1.989495240808129e-05
2025-07-22,1,elasticnet,188,-0.001849949140130036,1.989495240808129e-05
2025-07-23,1,elasticnet,188,0.00174726392157698,1.989495240808129e-05
2025-07-24,1,elasticnet,188,0.002666394770204583,1.989495240808129e-05
2025-07-25,1,elasticnet,188,0.01008822944114307,1.989495240808129e-05
2025-07-28,1,elasticnet,188,0.002632646315997356,1.989495240808129e-05
2025-07-29,1,elasticnet,188,0.00936044275956327,1.989495240808129e-05
2025-06-04,1,elasticnet,189,-0.0005062522256658042,1.8155178281805627e-05
2025-06-05,1,elasticnet,189,0.004547069927185454,1.8155178281805627e-05
2025-06-06,1,elasticnet,189,-0.002523596958339702,1.8155178281805627e-05
2025-06-09,1,elasticnet,189,0.001615835536379784,1.8155178281805627e-05
2025-06-10,1,elasticnet,189,-0.004753966370039997,1.8155178281805627e-05
2025-06-11,1,elasticnet,189,-0.007224656201886503,1.8155178281805627e-05
2025-06-12,1,elasticnet,189,0.002651709865890695,1.8155178281805627e-05
2025-06-13,1,elasticnet,189,-0.001835049959334256,1.8155178281805627e-05
2025-06-16,1,elasticnet,189,0.008332534747031772,1.8155178281805627e-05
2025-06-17,1,elasticnet,189,0.0008092252110625253,1.8155178281805627e-05
2025-06-18,1,elasticnet,189,0.0,1.8155178281805627e-05
2025-06-19,1,elasticnet,189,-0.00192298019887005,1.8155178281805627e-05
2025-06-20,1,elasticnet,189,-0.002942222991964449,1.8155178281805627e-05
2025-06-23,1,elasticnet,189,-0.005706149576854891,1.8155178281805627e-05
2025-06-24,1,elasticnet,189,-0.001841056058528245,1.8155178281805627e-05
2025-06-25,1,elasticnet,189,-0.005440653978999954,1.8155178281805627e-05
2025-06-26,1,elasticnet,189,0.002570034825040146,1.8155178281805627e-05
2025-06-27,1,elasticnet,189,-0.005353111403652022,1.8155178281805627e-05
2025-06-30,1,elasticnet,189,-0.0006195147332892503,1.8155178281805627e-05
2025-07-01,1,elasticnet,189,-0.0004132231463751523,1.8155178281805627e-05
2025-07-02,1,elasticnet,189,0.004124567612584507,1.8155178281805627e-05
2025-07-03,1,elasticnet,189,-0.002266406656753261,1.8155178281805627e-05
2025-07-04,1,elasticnet,189,0.005348706436001827,1.8155178281805627e-05
2025-07-07,1,elasticnet,189,0.0004102564160106681,1.8155178281805627e-05
2025-07-08,1,elasticnet,189,0.0004100881747026719,1.8155178281805627e-05
2025-07-09,1,elasticnet,189,0.00092208397496929,1.8155178281805627e-05
2025-07-10,1,elasticnet,189,0.002046036519396388,1.8155178281805627e-05
2025-07-11,1,elasticnet,189,0.002347778345816565,1.8155178281805627e-05
2025-07-14,1,elasticnet,189,0.005490608608078595,1.8155178281805627e-05
2025-07-15,1,elasticnet,189,-0.002334907918306151,1.8155178281805627e-05
2025-07-16,1,elasticnet,189,0.003449678745684359,1.8155178281805627e-05
2025-07-17,1,elasticnet,189,-0.002535369747159955,1.8155178281805627e-05
2025-07-18,1,elasticnet,189,-0.006417788034113414,1.8155178281805627e-05
2025-07-21,1,elasticnet,189,-0.004712157868977052,1.8155178281805627e-05
2025-07-22,1,elasticnet,189,-0.001849949140130036,1.8155178281805627e-05
2025-07-23,1,elasticnet,189,0.00174726392157698,1.8155178281805627e-05
2025-07-24,1,elasticnet,189,0.002666394770204583,1.8155178281805627e-05
2025-07-25,1,elasticnet,189,0.01008822944114307,1.8155178281805627e-05
2025-07-28,1,elasticnet,189,0.002632646315997356,1.8155178281805627e-05
2025-07-29,1,elasticnet,189,0.00936044275956327,1.8155178281805627e-05
2025-07-30,1,elasticnet,189,0.001501576937626758,1.8155178281805627e-05
2025-07-31,1,elasticnet,189,-0.008337148386662108,1.8155178281805627e-05
2025-08-01,1,elasticnet,189,-0.003637837479948836,1.8155178281805627e-05
2025-08-04,1,elasticnet,189,0.0,1.8155178281805627e-05
2025-08-05,1,elasticnet,189,-0.00609262648257225,1.8155178281805627e-05
2025-08-06,1,elasticnet,189,0.002238275428300796,1.8155178281805627e-05
2025-08-07,1,elasticnet,189,-0.002238275428300796,1.8155178281805627e-05
2025-08-08,1,elasticnet,189,0.003457044622430239,1.8155178281805627e-05
2025-08-11,1,elasticnet,189,-0.004272206681019242,1.8155178281805627e-05
2025-08-12,1,elasticnet,189,-0.00265387519240079,1.8155178281805627e-05
2025-08-13,1,elasticnet,189,0.004181759370453619,1.8155178281805627e-05
2025-08-14,1,elasticnet,189,-0.004079556907285564,1.8155178281805627e-05
2025-08-15,1,elasticnet,189,0.00326497586234531,1.8155178281805627e-05
2025-08-18,1,elasticnet,189,0.0009163570360719575,1.8155178281805627e-05
2025-08-19,1,elasticnet,189,-0.0004071661294036133,1.8155178281805627e-05
2025-08-20,1,elasticnet,189,0.004064220184881506,1.8155178281805627e-05
2025-08-21,1,elasticnet,189,-0.009167834406440534,1.8155178281805627e-05
2025-08-22,1,elasticnet,189,0.007239389251580519,1.8155178281805627e-05
2025-08-25,1,elasticnet,189,-0.002135775030021492,1.8155178281805627e-05
2025-08-26,1,elasticnet,189,0.0001018070756799716,1.8155178281805627e-05
2025-07-02,1,elasticnet,190,0.004124567612584507,1.3971352830436413e-05
2025-07-03,1,elasticnet,190,-0.002266406656753261,1.3971352830436413e-05
2025-07-04,1,elasticnet,190,0.005348706436001827,1.3971352830436413e-05
2025-07-07,1,elasticnet,190,0.0004102564160106681,1.3971352830436413e-05
2025-07-08,1,elasticnet,190,0.0004100881747026719,1.3971352830436413e-05
2025-07-09,1,elasticnet,190,0.00092208397496929,1.3971352830436413e-05
2025-07-10,1,elasticnet,190,0.002046036519396388,1.3971352830436413e-05
2025-07-11,1,elasticnet,190,0.002347778345816565,1.3971352830436413e-05
2025-07-14,1,elasticnet,190,0.005490608608078595,1.3971352830436413e-05
2025-07-15,1,elasticnet,190,-0.002334907918306151,1.3971352830436413e-05
2025-07-16,1,elasticnet,190,0.003449678745684359,1.3971352830436413e-05
2025-07-17,1,elasticnet,190,-0.002535369747159955,1.3971352830436413e-05
2025-07-18,1,elasticnet,190,-0.006417788034113414,1.3971352830436413e-05
2025-07-21,1,elasticnet,190,-0.004712157868977052,1.3971352830436413e-05
2025-07-22,1,elasticnet,190,-0.001849949140130036,1.3971352830436413e-05
2025-07-23,1,elasticnet,190,0.00174726392157698,1.3971352830436413e-05
2025-07-24,1,elasticnet,190,0.002666394770204583,1.3971352830436413e-05
2025-07-25,1,elasticnet,190,0.01008822944114307,1.3971352830436413e-05
2025-07-28,1,elasticnet,190,0.002632646315997356,1.3971352830436413e-05
2025-07-29,1,elasticnet,190,0.00936044275956327,1.3971352830436413e-05
2025-07-30,1,elasticnet,190,0.001501576937626758,1.3971352830436413e-05
2025-07-31,1,elasticnet,190,-0.008337148386662108,1.3971352830436413e-05
2025-08-01,1,elasticnet,190,-0.003637837479948836,1.3971352830436413e-05
2025-08-04,1,elasticnet,190,0.0,1.3971352830436413e-05
2025-08-05,1,elasticnet,190,-0.00609262648257225,1.3971352830436413e-05
2025-08-06,1,elasticnet,190,0.002238275428300796,1.3971352830436413e-05
2025-08-07,1,elasticnet,190,-0.002238275428300796,1.3971352830436413e-05
2025-08-08,1,elasticnet,190,0.003457044622430239,1.3971352830436413e-05
2025-08-11,1,elasticnet,190,-0.004272206681019242,1.3971352830436413e-05
2025-08-12,1,elasticnet,190,-0.00265387519240079,1.3971352830436413e-05
2025-08-13,1,elasticnet,190,0.004181759370453619,1.3971352830436413e-05
2025-08-14,1,elasticnet,190,-0.004079556907285564,1.3971352830436413e-05
2025-08-15,1,elasticnet,190,0.00326497586234531,1.3971352830436413e-05
2025-08-18,1,elasticnet,190,0.0009163570360719575,1.3971352830436413e-05
2025-08-19,1,elasticnet,190,-0.0004071661294036133,1.3971352830436413e-05
2025-08-20,1,elasticnet,190,0.004064220184881506,1.3971352830436413e-05
2025-08-21,1,elasticnet,190,-0.009167834406440534,1.3971352830436413e-05
2025-08-22,1,elasticnet,190,0.007239389251580519,1.3971352830436413e-05
2025-08-25,1,elasticnet,190,-0.002135775030021492,1.3971352830436413e-05
2025-08-26,1,elasticnet,190,0.0001018070756799716,1.3971352830436413e-05
2025-08-27,1,elasticnet,190,-0.004284846384376984,1.3971352830436413e-05
2025-08-28,1,elasticnet,190,-0.0004090397848219851,1.3971352830436413e-05
2025-08-29,1,elasticnet,190,0.0,1.3971352830436413e-05
2025-09-01,1,elasticnet,190,0.006423022540627876,1.3971352830436413e-05
2025-09-02,1,elasticnet,190,-0.002645773396450224,1.3971352830436413e-05
2025-09-03,1,elasticnet,190,0.002137514173311317,1.3971352830436413e-05
2025-09-04,1,elasticnet,190,-0.005914763317488969,1.3971352830436413e-05
2025-09-05,1,elasticnet,190,-0.003278355564009239,1.3971352830436413e-05
2025-09-08,1,elasticnet,190,0.003482896370613275,1.3971352830436413e-05
2025-09-09,1,elasticnet,190,-0.0001022651736839464,1.3971352830436413e-05
2025-09-10,1,elasticnet,190,-0.002560034166576131,1.3971352830436413e-05
2025-09-11,1,elasticnet,190,0.0002050440851970592,1.3971352830436413e-05
2025-09-12,1,elasticnet,190,-0.002566077877161455,1.3971352830436413e-05
2025-09-15,1,elasticnet,190,-0.006909737180741615,1.3971352830436413e-05
2025-09-16,1,elasticnet,190,0.002480621427076279,1.3971352830436413e-05
2025-09-17,1,elasticnet,190,0.004942858379914483,1.3971352830436413e-05
2025-09-18,1,elasticnet,190,0.002974513706551107,1.3971352830436413e-05
2025-09-19,1,elasticnet,190,-0.003077241119450846,1.3971352830436413e-05
2025-09-22,1,elasticnet,190,-0.0008221994296686574,1.3971352830436413e-05
2025-09-23,1,elasticnet,190,0.006252262462088432,1.3971352830436413e-05
2025-07-30,1,elasticnet,191,0.001501576937626758,2.0076686619217587e-05
2025-07-31,1,elasticnet,191,-0.008337148386662108,2.0076686619217587e-05
2025-08-01,1,elasticnet,191,-0.003637837479948836,2.0076686619217587e-05
2025-08-04,1,elasticnet,191,0.0,2.0076686619217587e-05
2025-08-05,1,elasticnet,191,-0.00609262648257225,2.0076686619217587e-05
2025-08-06,1,elasticnet,191,0.002238275428300796,2.0076686619217587e-05
2025-08-07,1,elasticnet,191,-0.002238275428300796,2.0076686619217587e-05
2025-08-08,1,elasticnet,191,0.003457044622430239,2.0076686619217587e-05
2025-08-11,1,elasticnet,191,-0.004272206681019242,2.0076686619217587e-05
2025-08-12,1,elasticnet,191,-0.00265387519240079,2.0076686619217587e-05
2025-08-13,1,elasticnet,191,0.004181759370453619,2.0076686619217587e-05
2025-08-14,1,elasticnet,191,-0.004079556907285564,2.0076686619217587e-05
2025-08-15,1,elasticnet,191,0.00326497586234531,2.0076686619217587e-05
2025-08-18,1,elasticnet,191,0.0009163570360719575,2.0076686619217587e-05
2025-08-19,1,elasticnet,191,-0.0004071661294036133,2.0076686619217587e-05
2025-08-20,1,elasticnet,191,0.004064220184881506,2.0076686619217587e-05
2025-08-21,1,elasticnet,191,-0.009167834406440534,2.0076686619217587e-05
2025-08-22,1,elasticnet,191,0.007239389251580519,2.0076686619217587e-05
2025-08-25,1,elasticnet,191,-0.002135775030021492,2.0076686619217587e-05
2025-08-26,1,elasticnet,191,0.0001018070756799716,2.0076686619217587e-05
2025-08-27,1,elasticnet,191,-0.004284846384376984,2.0076686619217587e-05
2025-08-28,1,elasticnet,191,-0.0004090397848219851,2.0076686619217587e-05
2025-08-29,1,elasticnet,191,0.0,2.0076686619217587e-05
2025-09-01,1,elasticnet,191,0.006423022540627876,2.0076686619217587e-05
2025-09-02,1,elasticnet,191,-0.002645773396450224,2.0076686619217587e-05
2025-09-03,1,elasticnet,191,0.002137514173311317,2.0076686619217587e-05
2025-09-04,1,elasticnet,191,-0.005914763317488969,2.0076686619217587e-05
2025-09-05,1,elasticnet,191,-0.003278355564009239,2.0076686619217587e-05
2025-09-08,1,elasticnet,191,0.003482896370613275,2.0076686619217587e-05
2025-09-09,1,elasticnet,191,-0.0001022651736839464,2.0076686619217587e-05
2025-09-10,1,elasticnet,191,-0.002560034166576131,2.0076686619217587e-05
2025-09-11,1,elasticnet,191,0.0002050440851970592,2.0076686619217587e-05
2025-09-12,1,elasticnet,191,-0.002566077877161455,2.0076686619217587e-05
2025-09-15,1,elasticnet,191,-0.006909737180741615,2.0076686619217587e-05
2025-09-16,1,elasticnet,191,0.002480621427076279,2.0076686619217587e-05
2025-09-17,1,elasticnet,191,0.004942858379914483,2.0076686619217587e-05
2025-09-18,1,elasticnet,191,0.002974513706551107,2.0076686619217587e-05
2025-09-19,1,elasticnet,191,-0.003077241119450846,2.0076686619217587e-05
2025-09-22,1,elasticnet,191,-0.0008221994296686574,2.0076686619217587e-05
2025-09-23,1,elasticnet,191,0.006252262462088432,2.0076686619217587e-05
2025-09-24,1,elasticnet,191,0.00692396616100055,2.0076686619217587e-05
2025-09-25,1,elasticnet,191,-0.004067112876258605,2.0076686619217587e-05
2025-09-26,1,elasticnet,191,-0.002448231356490638,2.0076686619217587e-05
2025-09-29,1,elasticnet,191,-0.001328632215479963,2.0076686619217587e-05
2025-09-30,1,elasticnet,191,-0.0007161491942477838,2.0076686619217587e-05
2025-10-01,1,elasticnet,191,0.001431785885833037,2.0076686619217587e-05
2025-10-02,1,elasticnet,191,-0.001329447452545374,2.0076686619217587e-05
2025-10-03,1,elasticnet,191,0.003983051785760416,2.0076686619217587e-05
2025-10-06,1,elasticnet,191,0.004779103101931526,2.0076686619217587e-05
2025-10-07,1,elasticnet,191,0.003443041375984279,2.0076686619217587e-05
2025-10-08,1,elasticnet,191,0.006248130777192884,2.0076686619217587e-05
2025-10-09,1,elasticnet,191,-0.005641763906668373,2.0076686619217587e-05
2025-10-10,1,elasticnet,191,0.002925601077889972,2.0076686619217587e-05
2025-10-13,1,elasticnet,191,-0.002218637457070294,2.0076686619217587e-05
2025-10-14,1,elasticnet,191,-0.002628388088177225,2.0076686619217587e-05
2025-10-15,1,elasticnet,191,-0.004565523072589173,2.0076686619217587e-05
2025-10-16,1,elasticnet,191,0.0009147736573265064,2.0076686619217587e-05
2025-10-17,1,elasticnet,191,0.001624200945830268,2.0076686619217587e-05
2025-10-20,1,elasticnet,191,0.003442692748181209,2.0076686619217587e-05
2025-10-21,1,elasticnet,191,-0.0003032907064648427,2.0076686619217587e-05
