date,h,model,split_id,y_true,y_pred
2010-11-26,1,lasso,0,0.005831644,-9.67E-05
2010-11-29,1,lasso,0,0.004443903,-9.67E-05
2010-11-30,1,lasso,0,-0.005929604,-9.67E-05
2010-12-1,1,lasso,0,-0.005092862,-9.67E-05
2010-12-2,1,lasso,0,-0.011523174,-9.67E-05
2010-12-3,1,lasso,0,0.00239069,-9.67E-05
2010-12-6,1,lasso,0,0.003637964,-9.67E-05
2010-12-7,1,lasso,0,0.001751533,-9.67E-05
2010-12-8,1,lasso,0,0.000874617,-9.67E-05
2010-12-9,1,lasso,0,0,-9.67E-05
2010-12-10,1,lasso,0,-0.009915362,-9.67E-05
2010-12-13,1,lasso,0,0.001134573,-9.67E-05
2010-12-14,1,lasso,0,0.011150902,-9.67E-05
2010-12-15,1,lasso,0,-0.000997258,-9.67E-05
2010-12-16,1,lasso,0,0.002366865,-9.67E-05
2010-12-17,1,lasso,0,0.003229816,-9.67E-05
2010-12-20,1,lasso,0,0.001115587,-9.67E-05
2010-12-21,1,lasso,0,0.000123877,-9.67E-05
2010-12-22,1,lasso,0,-0.002853069,-9.67E-05
2010-12-23,1,lasso,0,0,-9.67E-05
2010-12-24,1,lasso,0,-0.001616212,-9.67E-05
2010-12-27,1,lasso,0,-0.000124432,-9.67E-05
2010-12-28,1,lasso,0,-0.006993035,-9.67E-05
2010-12-29,1,lasso,0,-0.003514942,-9.67E-05
2010-12-30,1,lasso,0,-0.006181035,-9.67E-05
2010-12-31,1,lasso,0,0.001264542,-9.67E-05
2011-1-3,1,lasso,0,0.00390995,-9.67E-05
2011-1-4,1,lasso,0,0.010269345,-9.67E-05
2011-1-5,1,lasso,0,0.006581831,-9.67E-05
2011-1-6,1,lasso,0,0.002719408,-9.67E-05
2011-1-7,1,lasso,0,-0.001606029,-9.67E-05
2011-1-10,1,lasso,0,-0.000370989,-9.67E-05
2011-1-11,1,lasso,0,-0.010194022,-9.67E-05
2011-1-12,1,lasso,0,-0.010551536,-9.67E-05
2011-1-13,1,lasso,0,-0.000378907,-9.67E-05
2011-1-14,1,lasso,0,0.002271294,-9.67E-05
2011-1-17,1,lasso,0,-0.00480102,-9.67E-05
2011-1-18,1,lasso,0,-0.004060919,-9.67E-05
2011-1-19,1,lasso,0,0.002286296,-9.67E-05
2011-1-20,1,lasso,0,-0.007769255,-9.67E-05
2011-1-21,1,lasso,0,-0.00204787,-9.67E-05
2011-1-24,1,lasso,0,-0.00064082,-9.67E-05
2011-1-25,1,lasso,0,-0.001282874,-9.67E-05
2011-1-26,1,lasso,0,-0.00218467,-9.67E-05
2011-1-27,1,lasso,0,0.005132823,-9.67E-05
2011-1-28,1,lasso,0,-0.005132823,-9.67E-05
2011-1-31,1,lasso,0,-0.008527183,-9.67E-05
2011-2-1,1,lasso,0,0.001167088,-9.67E-05
2011-2-2,1,lasso,0,0.007617363,-9.67E-05
2011-2-3,1,lasso,0,0.003722965,-9.67E-05
2011-2-4,1,lasso,0,-0.000128148,-9.67E-05
2011-2-7,1,lasso,0,-0.000384541,-9.67E-05
2011-2-8,1,lasso,0,-0.004626068,-9.67E-05
2011-2-9,1,lasso,0,0.007826071,-9.67E-05
2011-2-10,1,lasso,0,0.002680111,-9.67E-05
2011-2-11,1,lasso,0,0.001909977,-9.67E-05
2011-2-14,1,lasso,0,-0.000508971,-9.67E-05
2011-2-15,1,lasso,0,-0.004464578,-9.67E-05
2011-2-16,1,lasso,0,-0.002816543,-9.67E-05
2011-2-17,1,lasso,0,-0.004368502,-9.67E-05
2010-12-24,1,lasso,1,-0.001616212,-9.37E-05
2010-12-27,1,lasso,1,-0.000124432,-9.37E-05
2010-12-28,1,lasso,1,-0.006993035,-9.37E-05
2010-12-29,1,lasso,1,-0.003514942,-9.37E-05
2010-12-30,1,lasso,1,-0.006181035,-9.37E-05
2010-12-31,1,lasso,1,0.001264542,-9.37E-05
2011-1-3,1,lasso,1,0.00390995,-9.37E-05
2011-1-4,1,lasso,1,0.010269345,-9.37E-05
2011-1-5,1,lasso,1,0.006581831,-9.37E-05
2011-1-6,1,lasso,1,0.002719408,-9.37E-05
2011-1-7,1,lasso,1,-0.001606029,-9.37E-05
2011-1-10,1,lasso,1,-0.000370989,-9.37E-05
2011-1-11,1,lasso,1,-0.010194022,-9.37E-05
2011-1-12,1,lasso,1,-0.010551536,-9.37E-05
2011-1-13,1,lasso,1,-0.000378907,-9.37E-05
2011-1-14,1,lasso,1,0.002271294,-9.37E-05
2011-1-17,1,lasso,1,-0.00480102,-9.37E-05
2011-1-18,1,lasso,1,-0.004060919,-9.37E-05
2011-1-19,1,lasso,1,0.002286296,-9.37E-05
2011-1-20,1,lasso,1,-0.007769255,-9.37E-05
2011-1-21,1,lasso,1,-0.00204787,-9.37E-05
2011-1-24,1,lasso,1,-0.00064082,-9.37E-05
2011-1-25,1,lasso,1,-0.001282874,-9.37E-05
2011-1-26,1,lasso,1,-0.00218467,-9.37E-05
2011-1-27,1,lasso,1,0.005132823,-9.37E-05
2011-1-28,1,lasso,1,-0.005132823,-9.37E-05
2011-1-31,1,lasso,1,-0.008527183,-9.37E-05
2011-2-1,1,lasso,1,0.001167088,-9.37E-05
2011-2-2,1,lasso,1,0.007617363,-9.37E-05
2011-2-3,1,lasso,1,0.003722965,-9.37E-05
2011-2-4,1,lasso,1,-0.000128148,-9.37E-05
2011-2-7,1,lasso,1,-0.000384541,-9.37E-05
2011-2-8,1,lasso,1,-0.004626068,-9.37E-05
2011-2-9,1,lasso,1,0.007826071,-9.37E-05
2011-2-10,1,lasso,1,0.002680111,-9.37E-05
2011-2-11,1,lasso,1,0.001909977,-9.37E-05
2011-2-14,1,lasso,1,-0.000508971,-9.37E-05
2011-2-15,1,lasso,1,-0.004464578,-9.37E-05
2011-2-16,1,lasso,1,-0.002816543,-9.37E-05
2011-2-17,1,lasso,1,-0.004368502,-9.37E-05
2011-2-18,1,lasso,1,0.000386225,-9.37E-05
2011-2-21,1,lasso,1,0.001029204,-9.37E-05
2011-2-22,1,lasso,1,-0.004639781,-9.37E-05
2011-2-23,1,lasso,1,-0.004531632,-9.37E-05
2011-2-24,1,lasso,1,0.002850851,-9.37E-05
2011-2-25,1,lasso,1,-0.005059361,-9.37E-05
2011-2-28,1,lasso,1,0.002078733,-9.37E-05
2011-3-1,1,lasso,1,-0.004944064,-9.37E-05
2011-3-2,1,lasso,1,-0.002481229,-9.37E-05
2011-3-3,1,lasso,1,-0.001046573,-9.37E-05
2011-3-4,1,lasso,1,0.001308045,-9.37E-05
2011-3-7,1,lasso,1,0.003913899,-9.37E-05
2011-3-8,1,lasso,1,-0.00104221,-9.37E-05
2011-3-9,1,lasso,1,0.007272759,-9.37E-05
2011-3-10,1,lasso,1,-0.006491,-9.37E-05
2011-3-11,1,lasso,1,-0.005616158,-9.37E-05
2011-3-14,1,lasso,1,-0.000261986,-9.37E-05
2011-3-15,1,lasso,1,0.004574872,-9.37E-05
2011-3-16,1,lasso,1,-0.008381401,-9.37E-05
2011-3-17,1,lasso,1,-0.004217191,-9.37E-05
2011-1-21,1,lasso,2,-0.00204787,-0.000115473
2011-1-24,1,lasso,2,-0.00064082,-0.000115473
2011-1-25,1,lasso,2,-0.001282874,-0.000115473
2011-1-26,1,lasso,2,-0.00218467,-0.000115473
2011-1-27,1,lasso,2,0.005132823,-0.000115473
2011-1-28,1,lasso,2,-0.005132823,-0.000115473
2011-1-31,1,lasso,2,-0.008527183,-0.000115473
2011-2-1,1,lasso,2,0.001167088,-0.000115473
2011-2-2,1,lasso,2,0.007617363,-0.000115473
2011-2-3,1,lasso,2,0.003722965,-0.000115473
2011-2-4,1,lasso,2,-0.000128148,-0.000115473
2011-2-7,1,lasso,2,-0.000384541,-0.000115473
2011-2-8,1,lasso,2,-0.004626068,-0.000115473
2011-2-9,1,lasso,2,0.007826071,-0.000115473
2011-2-10,1,lasso,2,0.002680111,-0.000115473
2011-2-11,1,lasso,2,0.001909977,-0.000115473
2011-2-14,1,lasso,2,-0.000508971,-0.000115473
2011-2-15,1,lasso,2,-0.004464578,-0.000115473
2011-2-16,1,lasso,2,-0.002816543,-0.000115473
2011-2-17,1,lasso,2,-0.004368502,-0.000115473
2011-2-18,1,lasso,2,0.000386225,-0.000115473
2011-2-21,1,lasso,2,0.001029204,-0.000115473
2011-2-22,1,lasso,2,-0.004639781,-0.000115473
2011-2-23,1,lasso,2,-0.004531632,-0.000115473
2011-2-24,1,lasso,2,0.002850851,-0.000115473
2011-2-25,1,lasso,2,-0.005059361,-0.000115473
2011-2-28,1,lasso,2,0.002078733,-0.000115473
2011-3-1,1,lasso,2,-0.004944064,-0.000115473
2011-3-2,1,lasso,2,-0.002481229,-0.000115473
2011-3-3,1,lasso,2,-0.001046573,-0.000115473
2011-3-4,1,lasso,2,0.001308045,-0.000115473
2011-3-7,1,lasso,2,0.003913899,-0.000115473
2011-3-8,1,lasso,2,-0.00104221,-0.000115473
2011-3-9,1,lasso,2,0.007272759,-0.000115473
2011-3-10,1,lasso,2,-0.006491,-0.000115473
2011-3-11,1,lasso,2,-0.005616158,-0.000115473
2011-3-14,1,lasso,2,-0.000261986,-0.000115473
2011-3-15,1,lasso,2,0.004574872,-0.000115473
2011-3-16,1,lasso,2,-0.008381401,-0.000115473
2011-3-17,1,lasso,2,-0.004217191,-0.000115473
2011-3-18,1,lasso,2,-0.004235051,-0.000115473
2011-3-21,1,lasso,2,0.000132617,-0.000115473
2011-3-22,1,lasso,2,0.005026466,-0.000115473
2011-3-23,1,lasso,2,-0.001716739,-0.000115473
2011-3-24,1,lasso,2,0.007374276,-0.000115473
2011-3-25,1,lasso,2,-0.00118149,-0.000115473
2011-3-28,1,lasso,2,0.00157501,-0.000115473
2011-3-29,1,lasso,2,-0.001706373,-0.000115473
2011-3-30,1,lasso,2,-0.003421506,-0.000115473
2011-3-31,1,lasso,2,-0.000395544,-0.000115473
2011-4-1,1,lasso,2,0.001054435,-0.000115473
2011-4-4,1,lasso,2,-0.000395283,-0.000115473
2011-4-5,1,lasso,2,-0.004888047,-0.000115473
2011-4-6,1,lasso,2,0.0009266,-0.000115473
2011-4-7,1,lasso,2,-0.006770686,-0.000115473
2011-4-8,1,lasso,2,-0.000133218,-0.000115473
2011-4-11,1,lasso,2,-0.002801683,-0.000115473
2011-4-12,1,lasso,2,0.0017353,-0.000115473
2011-4-13,1,lasso,2,-0.003875197,-0.000115473
2011-4-14,1,lasso,2,0.00187266,-0.000115473
2011-2-18,1,lasso,3,0.000386225,-0.001227789
2011-2-21,1,lasso,3,0.001029204,-0.001227789
2011-2-22,1,lasso,3,-0.004639781,-0.001229222
2011-2-23,1,lasso,3,-0.004531632,-0.001229658
2011-2-24,1,lasso,3,0.002850851,-0.001229392
2011-2-25,1,lasso,3,-0.005059361,-0.001228704
2011-2-28,1,lasso,3,0.002078733,-0.001228419
2011-3-1,1,lasso,3,-0.004944064,-0.001111865
2011-3-2,1,lasso,3,-0.002481229,-0.001111764
2011-3-3,1,lasso,3,-0.001046573,-0.001111075
2011-3-4,1,lasso,3,0.001308045,-0.001111226
2011-3-7,1,lasso,3,0.003913899,-0.001111751
2011-3-8,1,lasso,3,-0.00104221,-0.001111475
2011-3-9,1,lasso,3,0.007272759,-0.001111606
2011-3-10,1,lasso,3,-0.006491,-0.001112151
2011-3-11,1,lasso,3,-0.005616158,-0.001111561
2011-3-14,1,lasso,3,-0.000261986,-0.001111905
2011-3-15,1,lasso,3,0.004574872,-0.001112951
2011-3-16,1,lasso,3,-0.008381401,-0.001114616
2011-3-17,1,lasso,3,-0.004217191,-0.001113623
2011-3-18,1,lasso,3,-0.004235051,-0.00111299
2011-3-21,1,lasso,3,0.000132617,-0.001111734
2011-3-22,1,lasso,3,0.005026466,-0.001111603
2011-3-23,1,lasso,3,-0.001716739,-0.001111262
2011-3-24,1,lasso,3,0.007374276,-0.001110879
2011-3-25,1,lasso,3,-0.00118149,-0.001110849
2011-3-28,1,lasso,3,0.00157501,-0.001111351
2011-3-29,1,lasso,3,-0.001706373,-0.001110931
2011-3-30,1,lasso,3,-0.003421506,-0.001110784
2011-3-31,1,lasso,3,-0.000395544,-0.001110793
2011-4-1,1,lasso,3,0.001054435,-0.000876948
2011-4-4,1,lasso,3,-0.000395283,-0.00087698
2011-4-5,1,lasso,3,-0.004888047,-0.000876898
2011-4-6,1,lasso,3,0.0009266,-0.000876784
2011-4-7,1,lasso,3,-0.006770686,-0.000876853
2011-4-8,1,lasso,3,-0.000133218,-0.000877102
2011-4-11,1,lasso,3,-0.002801683,-0.000876682
2011-4-12,1,lasso,3,0.0017353,-0.000876846
2011-4-13,1,lasso,3,-0.003875197,-0.00087679
2011-4-14,1,lasso,3,0.00187266,-0.000876577
2011-4-15,1,lasso,3,0.008913782,-0.000876266
2011-4-18,1,lasso,3,-0.006244623,-0.000876803
2011-4-19,1,lasso,3,-0.008835399,-0.000876433
2011-4-20,1,lasso,3,-0.004987542,-0.000876184
2011-4-21,1,lasso,3,0,-0.000876059
2011-4-22,1,lasso,3,-0.000135144,-0.000876059
2011-4-25,1,lasso,3,-0.002029359,-0.000876413
2011-4-26,1,lasso,3,-0.004343112,-0.000876364
2011-4-27,1,lasso,3,-0.005455551,-0.000876276
2011-4-28,1,lasso,3,-0.00260185,-0.000876036
2011-4-29,1,lasso,3,0.000274198,-0.000876079
2011-5-2,1,lasso,3,0.002601138,-0.000753958
2011-5-3,1,lasso,3,-0.001505097,-0.000754191
2011-5-4,1,lasso,3,0.015759055,-0.000754315
2011-5-5,1,lasso,3,0.008723131,-0.000754682
2011-5-6,1,lasso,3,-0.001337077,-0.000754748
2011-5-9,1,lasso,3,-0.001740878,-0.000754341
2011-5-10,1,lasso,3,0.009603915,-0.000753932
2011-5-11,1,lasso,3,-0.001195457,-0.000754273
2011-5-12,1,lasso,3,0.006887444,-0.000753971
2011-3-18,1,lasso,4,-0.004235051,-0.001099834
2011-3-21,1,lasso,4,0.000132617,-0.001098296
2011-3-22,1,lasso,4,0.005026466,-0.001098136
2011-3-23,1,lasso,4,-0.001716739,-0.001097718
2011-3-24,1,lasso,4,0.007374276,-0.001097248
2011-3-25,1,lasso,4,-0.00118149,-0.001097212
2011-3-28,1,lasso,4,0.00157501,-0.001097826
2011-3-29,1,lasso,4,-0.001706373,-0.001097312
2011-3-30,1,lasso,4,-0.003421506,-0.001097131
2011-3-31,1,lasso,4,-0.000395544,-0.001097143
2011-4-1,1,lasso,4,0.001054435,-0.000859129
2011-4-4,1,lasso,4,-0.000395283,-0.00085917
2011-4-5,1,lasso,4,-0.004888047,-0.000859069
2011-4-6,1,lasso,4,0.0009266,-0.000858929
2011-4-7,1,lasso,4,-0.006770686,-0.000859013
2011-4-8,1,lasso,4,-0.000133218,-0.000859318
2011-4-11,1,lasso,4,-0.002801683,-0.000858804
2011-4-12,1,lasso,4,0.0017353,-0.000859005
2011-4-13,1,lasso,4,-0.003875197,-0.000858937
2011-4-14,1,lasso,4,0.00187266,-0.000858676
2011-4-15,1,lasso,4,0.008913782,-0.000858294
2011-4-18,1,lasso,4,-0.006244623,-0.000858953
2011-4-19,1,lasso,4,-0.008835399,-0.000858499
2011-4-20,1,lasso,4,-0.004987542,-0.000858194
2011-4-21,1,lasso,4,0,-0.000858041
2011-4-22,1,lasso,4,-0.000135144,-0.000858041
2011-4-25,1,lasso,4,-0.002029359,-0.000858475
2011-4-26,1,lasso,4,-0.004343112,-0.000858414
2011-4-27,1,lasso,4,-0.005455551,-0.000858306
2011-4-28,1,lasso,4,-0.00260185,-0.000858013
2011-4-29,1,lasso,4,0.000274198,-0.000858065
2011-5-2,1,lasso,4,0.002601138,-0.0007352
2011-5-3,1,lasso,4,-0.001505097,-0.000735485
2011-5-4,1,lasso,4,0.015759055,-0.000735638
2011-5-5,1,lasso,4,0.008723131,-0.000736087
2011-5-6,1,lasso,4,-0.001337077,-0.000736168
2011-5-9,1,lasso,4,-0.001740878,-0.00073567
2011-5-10,1,lasso,4,0.009603915,-0.000735168
2011-5-11,1,lasso,4,-0.001195457,-0.000735585
2011-5-12,1,lasso,4,0.006887444,-0.000735216
2011-5-13,1,lasso,4,-0.003835223,-0.000735634
2011-5-16,1,lasso,4,-0.000927951,-0.000736103
2011-5-17,1,lasso,4,0.000927951,-0.000735826
2011-5-18,1,lasso,4,-0.004648391,-0.000735296
2011-5-19,1,lasso,4,0.004250803,-0.000735011
2011-5-20,1,lasso,4,0.008710627,-0.000735778
2011-5-23,1,lasso,4,-0.00289512,-0.000736116
2011-5-24,1,lasso,4,0.000658718,-0.000735935
2011-5-25,1,lasso,4,-0.005017175,-0.000735634
2011-5-26,1,lasso,4,-0.007973464,-0.00073524
2011-5-27,1,lasso,4,0.000133413,-0.000735196
2011-5-30,1,lasso,4,-0.004278081,-0.000735196
2011-5-31,1,lasso,4,0.000535762,-0.000734983
2011-6-1,1,lasso,4,-0.00469768,-0.000635393
2011-6-2,1,lasso,4,-0.007426947,-0.000635309
2011-6-3,1,lasso,4,0.002301497,-0.000635252
2011-6-6,1,lasso,4,-0.005831711,-0.000635469
2011-6-7,1,lasso,4,0.005561222,-0.000635301
2011-6-8,1,lasso,4,0.003510671,-0.00063559
2011-6-9,1,lasso,4,0.008188515,-0.00063518
2011-4-15,1,lasso,5,0.008913782,-0.000868008
2011-4-18,1,lasso,5,-0.006244623,-0.000868498
2011-4-19,1,lasso,5,-0.008835399,-0.00086816
2011-4-20,1,lasso,5,-0.004987542,-0.000867933
2011-4-21,1,lasso,5,0,-0.000867819
2011-4-22,1,lasso,5,-0.000135144,-0.000867819
2011-4-25,1,lasso,5,-0.002029359,-0.000868142
2011-4-26,1,lasso,5,-0.004343112,-0.000868097
2011-4-27,1,lasso,5,-0.005455551,-0.000868017
2011-4-28,1,lasso,5,-0.00260185,-0.000867798
2011-4-29,1,lasso,5,0.000274198,-0.000867837
2011-5-2,1,lasso,5,0.002601138,-0.000748256
2011-5-3,1,lasso,5,-0.001505097,-0.000748468
2011-5-4,1,lasso,5,0.015759055,-0.000748582
2011-5-5,1,lasso,5,0.008723131,-0.000748917
2011-5-6,1,lasso,5,-0.001337077,-0.000748977
2011-5-9,1,lasso,5,-0.001740878,-0.000748606
2011-5-10,1,lasso,5,0.009603915,-0.000748232
2011-5-11,1,lasso,5,-0.001195457,-0.000748543
2011-5-12,1,lasso,5,0.006887444,-0.000748268
2011-5-13,1,lasso,5,-0.003835223,-0.000748579
2011-5-16,1,lasso,5,-0.000927951,-0.000748929
2011-5-17,1,lasso,5,0.000927951,-0.000748723
2011-5-18,1,lasso,5,-0.004648391,-0.000748328
2011-5-19,1,lasso,5,0.004250803,-0.000748115
2011-5-20,1,lasso,5,0.008710627,-0.000748687
2011-5-23,1,lasso,5,-0.00289512,-0.000748938
2011-5-24,1,lasso,5,0.000658718,-0.000748803
2011-5-25,1,lasso,5,-0.005017175,-0.000748579
2011-5-26,1,lasso,5,-0.007973464,-0.000748286
2011-5-27,1,lasso,5,0.000133413,-0.000748253
2011-5-30,1,lasso,5,-0.004278081,-0.000748253
2011-5-31,1,lasso,5,0.000535762,-0.000748094
2011-6-1,1,lasso,5,-0.00469768,-0.000650177
2011-6-2,1,lasso,5,-0.007426947,-0.000650114
2011-6-3,1,lasso,5,0.002301497,-0.000650073
2011-6-6,1,lasso,5,-0.005831711,-0.000650234
2011-6-7,1,lasso,5,0.005561222,-0.000650108
2011-6-8,1,lasso,5,0.003510671,-0.000650324
2011-6-9,1,lasso,5,0.008188515,-0.000650019
2011-6-10,1,lasso,5,-0.00388454,-0.000650345
2011-6-13,1,lasso,5,-0.002418706,-0.000650569
2011-6-14,1,lasso,5,0.016941644,-0.000650165
2011-6-15,1,lasso,5,0.001982161,-0.000651081
2011-6-16,1,lasso,5,-0.010083673,-0.000651503
2011-6-17,1,lasso,5,0.000533262,-0.00065124
2011-6-20,1,lasso,5,-0.00655214,-0.000650683
2011-6-21,1,lasso,5,0.003214575,-0.000650345
2011-6-22,1,lasso,5,0.008919716,-0.000650243
2011-6-23,1,lasso,5,0.002911595,-0.000650474
2011-6-24,1,lasso,5,-0.00370714,-0.000651015
2011-6-27,1,lasso,5,-0.004386847,-0.000650854
2011-6-28,1,lasso,5,-0.004941579,-0.000650438
2011-6-29,1,lasso,5,-0.005235263,-0.000649869
2011-6-30,1,lasso,5,0.000672721,-0.000649645
2011-7-1,1,lasso,5,-0.000941936,-0.00064536
2011-7-4,1,lasso,5,0.005504478,-0.00064536
2011-7-5,1,lasso,5,0.005740621,-0.000645417
2011-7-6,1,lasso,5,-0.002132197,-0.000645501
2011-7-7,1,lasso,5,0.0029306,-0.000645384
2011-5-13,1,lasso,6,-0.003835223,-0.000132586
2011-5-16,1,lasso,6,-0.000927951,-0.000132586
2011-5-17,1,lasso,6,0.000927951,-0.000132586
2011-5-18,1,lasso,6,-0.004648391,-0.000132586
2011-5-19,1,lasso,6,0.004250803,-0.000132586
2011-5-20,1,lasso,6,0.008710627,-0.000132586
2011-5-23,1,lasso,6,-0.00289512,-0.000132586
2011-5-24,1,lasso,6,0.000658718,-0.000132586
2011-5-25,1,lasso,6,-0.005017175,-0.000132586
2011-5-26,1,lasso,6,-0.007973464,-0.000132586
2011-5-27,1,lasso,6,0.000133413,-0.000132586
2011-5-30,1,lasso,6,-0.004278081,-0.000132586
2011-5-31,1,lasso,6,0.000535762,-0.000132586
2011-6-1,1,lasso,6,-0.00469768,-0.000132586
2011-6-2,1,lasso,6,-0.007426947,-0.000132586
2011-6-3,1,lasso,6,0.002301497,-0.000132586
2011-6-6,1,lasso,6,-0.005831711,-0.000132586
2011-6-7,1,lasso,6,0.005561222,-0.000132586
2011-6-8,1,lasso,6,0.003510671,-0.000132586
2011-6-9,1,lasso,6,0.008188515,-0.000132586
2011-6-10,1,lasso,6,-0.00388454,-0.000132586
2011-6-13,1,lasso,6,-0.002418706,-0.000132586
2011-6-14,1,lasso,6,0.016941644,-0.000132586
2011-6-15,1,lasso,6,0.001982161,-0.000132586
2011-6-16,1,lasso,6,-0.010083673,-0.000132586
2011-6-17,1,lasso,6,0.000533262,-0.000132586
2011-6-20,1,lasso,6,-0.00655214,-0.000132586
2011-6-21,1,lasso,6,0.003214575,-0.000132586
2011-6-22,1,lasso,6,0.008919716,-0.000132586
2011-6-23,1,lasso,6,0.002911595,-0.000132586
2011-6-24,1,lasso,6,-0.00370714,-0.000132586
2011-6-27,1,lasso,6,-0.004386847,-0.000132586
2011-6-28,1,lasso,6,-0.004941579,-0.000132586
2011-6-29,1,lasso,6,-0.005235263,-0.000132586
2011-6-30,1,lasso,6,0.000672721,-0.000132586
2011-7-1,1,lasso,6,-0.000941936,-0.000132586
2011-7-4,1,lasso,6,0.005504478,-0.000132586
2011-7-5,1,lasso,6,0.005740621,-0.000132586
2011-7-6,1,lasso,6,-0.002132197,-0.000132586
2011-7-7,1,lasso,6,0.0029306,-0.000132586
2011-7-8,1,lasso,6,0.010716515,-0.000132586
2011-7-11,1,lasso,6,-0.002371543,-0.000132586
2011-7-12,1,lasso,6,-0.007946009,-0.000132586
2011-7-13,1,lasso,6,0.000531703,-0.000132586
2011-7-14,1,lasso,6,-0.001595957,-0.000132586
2011-7-15,1,lasso,6,0.004647774,-0.000132586
2011-7-18,1,lasso,6,-0.003450567,-0.000132586
2011-7-19,1,lasso,6,-0.005732967,-0.000132586
2011-7-20,1,lasso,6,-0.010348859,-0.000132586
2011-7-21,1,lasso,6,0.002428823,-0.000132586
2011-7-22,1,lasso,6,-0.001888575,-0.000132586
2011-7-25,1,lasso,6,-0.007998416,-0.000132586
2011-7-26,1,lasso,6,0.008403411,-0.000132586
2011-7-27,1,lasso,6,0.001753085,-0.000132586
2011-7-28,1,lasso,6,-0.004320828,-0.000132586
2011-7-29,1,lasso,6,0.004859621,-0.000132586
2011-8-1,1,lasso,6,0.003360896,-0.000132586
2011-8-2,1,lasso,6,-0.006327857,-0.000132586
2011-8-3,1,lasso,6,0.014481347,-0.000132586
2011-8-4,1,lasso,6,-0.006946328,-0.000132586
2011-6-10,1,lasso,7,-0.00388454,-0.000140124
2011-6-13,1,lasso,7,-0.002418706,-0.000140124
2011-6-14,1,lasso,7,0.016941644,-0.000140124
2011-6-15,1,lasso,7,0.001982161,-0.000140124
2011-6-16,1,lasso,7,-0.010083673,-0.000140124
2011-6-17,1,lasso,7,0.000533262,-0.000140124
2011-6-20,1,lasso,7,-0.00655214,-0.000140124
2011-6-21,1,lasso,7,0.003214575,-0.000140124
2011-6-22,1,lasso,7,0.008919716,-0.000140124
2011-6-23,1,lasso,7,0.002911595,-0.000140124
2011-6-24,1,lasso,7,-0.00370714,-0.000140124
2011-6-27,1,lasso,7,-0.004386847,-0.000140124
2011-6-28,1,lasso,7,-0.004941579,-0.000140124
2011-6-29,1,lasso,7,-0.005235263,-0.000140124
2011-6-30,1,lasso,7,0.000672721,-0.000140124
2011-7-1,1,lasso,7,-0.000941936,-0.000140124
2011-7-4,1,lasso,7,0.005504478,-0.000140124
2011-7-5,1,lasso,7,0.005740621,-0.000140124
2011-7-6,1,lasso,7,-0.002132197,-0.000140124
2011-7-7,1,lasso,7,0.0029306,-0.000140124
2011-7-8,1,lasso,7,0.010716515,-0.000140124
2011-7-11,1,lasso,7,-0.002371543,-0.000140124
2011-7-12,1,lasso,7,-0.007946009,-0.000140124
2011-7-13,1,lasso,7,0.000531703,-0.000140124
2011-7-14,1,lasso,7,-0.001595957,-0.000140124
2011-7-15,1,lasso,7,0.004647774,-0.000140124
2011-7-18,1,lasso,7,-0.003450567,-0.000140124
2011-7-19,1,lasso,7,-0.005732967,-0.000140124
2011-7-20,1,lasso,7,-0.010348859,-0.000140124
2011-7-21,1,lasso,7,0.002428823,-0.000140124
2011-7-22,1,lasso,7,-0.001888575,-0.000140124
2011-7-25,1,lasso,7,-0.007998416,-0.000140124
2011-7-26,1,lasso,7,0.008403411,-0.000140124
2011-7-27,1,lasso,7,0.001753085,-0.000140124
2011-7-28,1,lasso,7,-0.004320828,-0.000140124
2011-7-29,1,lasso,7,0.004859621,-0.000140124
2011-8-1,1,lasso,7,0.003360896,-0.000140124
2011-8-2,1,lasso,7,-0.006327857,-0.000140124
2011-8-3,1,lasso,7,0.014481347,-0.000140124
2011-8-4,1,lasso,7,-0.006946328,-0.000140124
2011-8-5,1,lasso,7,0.002543679,-0.000140124
2011-8-8,1,lasso,7,-0.00240964,-0.000140124
2011-8-9,1,lasso,7,0.00040201,-0.000140124
2011-8-10,1,lasso,7,0.000535762,-0.000140124
2011-8-11,1,lasso,7,-0.000937772,-0.000140124
2011-8-12,1,lasso,7,-0.010373956,-0.000140124
2011-8-15,1,lasso,7,0.002299629,-0.000140124
2011-8-16,1,lasso,7,-0.004604559,-0.000140124
2011-8-17,1,lasso,7,0.007707428,-0.000140124
2011-8-18,1,lasso,7,-0.003102869,-0.000140124
2011-8-19,1,lasso,7,0.000810373,-0.000140124
2011-8-22,1,lasso,7,-0.002433091,-0.000140124
2011-8-23,1,lasso,7,0.001622718,-0.000140124
2011-8-24,1,lasso,7,0.003641517,-0.000140124
2011-8-25,1,lasso,7,-0.006347513,-0.000140124
2011-8-26,1,lasso,7,-0.001220091,-0.000140124
2011-8-29,1,lasso,7,0.003115056,-0.000140124
2011-8-30,1,lasso,7,0.002296212,-0.000140124
2011-8-31,1,lasso,7,0.004845232,-0.000140124
2011-9-1,1,lasso,7,0.00375235,-0.000140124
2011-7-8,1,lasso,8,0.010716515,-0.000134337
2011-7-11,1,lasso,8,-0.002371543,-0.000134337
2011-7-12,1,lasso,8,-0.007946009,-0.000134337
2011-7-13,1,lasso,8,0.000531703,-0.000134337
2011-7-14,1,lasso,8,-0.001595957,-0.000134337
2011-7-15,1,lasso,8,0.004647774,-0.000134337
2011-7-18,1,lasso,8,-0.003450567,-0.000134337
2011-7-19,1,lasso,8,-0.005732967,-0.000134337
2011-7-20,1,lasso,8,-0.010348859,-0.000134337
2011-7-21,1,lasso,8,0.002428823,-0.000134337
2011-7-22,1,lasso,8,-0.001888575,-0.000134337
2011-7-25,1,lasso,8,-0.007998416,-0.000134337
2011-7-26,1,lasso,8,0.008403411,-0.000134337
2011-7-27,1,lasso,8,0.001753085,-0.000134337
2011-7-28,1,lasso,8,-0.004320828,-0.000134337
2011-7-29,1,lasso,8,0.004859621,-0.000134337
2011-8-1,1,lasso,8,0.003360896,-0.000134337
2011-8-2,1,lasso,8,-0.006327857,-0.000134337
2011-8-3,1,lasso,8,0.014481347,-0.000134337
2011-8-4,1,lasso,8,-0.006946328,-0.000134337
2011-8-5,1,lasso,8,0.002543679,-0.000134337
2011-8-8,1,lasso,8,-0.00240964,-0.000134337
2011-8-9,1,lasso,8,0.00040201,-0.000134337
2011-8-10,1,lasso,8,0.000535762,-0.000134337
2011-8-11,1,lasso,8,-0.000937772,-0.000134337
2011-8-12,1,lasso,8,-0.010373956,-0.000134337
2011-8-15,1,lasso,8,0.002299629,-0.000134337
2011-8-16,1,lasso,8,-0.004604559,-0.000134337
2011-8-17,1,lasso,8,0.007707428,-0.000134337
2011-8-18,1,lasso,8,-0.003102869,-0.000134337
2011-8-19,1,lasso,8,0.000810373,-0.000134337
2011-8-22,1,lasso,8,-0.002433091,-0.000134337
2011-8-23,1,lasso,8,0.001622718,-0.000134337
2011-8-24,1,lasso,8,0.003641517,-0.000134337
2011-8-25,1,lasso,8,-0.006347513,-0.000134337
2011-8-26,1,lasso,8,-0.001220091,-0.000134337
2011-8-29,1,lasso,8,0.003115056,-0.000134337
2011-8-30,1,lasso,8,0.002296212,-0.000134337
2011-8-31,1,lasso,8,0.004845232,-0.000134337
2011-9-1,1,lasso,8,0.00375235,-0.000134337
2011-9-2,1,lasso,8,0.004670723,-0.000134337
2011-9-5,1,lasso,8,0.011121523,-0.000134337
2011-9-6,1,lasso,8,-0.006340003,-0.000134337
2011-9-7,1,lasso,8,0.010282189,-0.000134337
2011-9-8,1,lasso,8,0.012252499,-0.000134337
2011-9-9,1,lasso,8,0.005039747,-0.000134337
2011-9-12,1,lasso,8,-0.008543741,-0.000134337
2011-9-13,1,lasso,8,-0.001170732,-0.000134337
2011-9-14,1,lasso,8,-0.00770893,-0.000134337
2011-9-15,1,lasso,8,0.004710817,-0.000134337
2011-9-16,1,lasso,8,0.007154502,-0.000134337
2011-9-19,1,lasso,8,-0.00168645,-0.000134337
2011-9-20,1,lasso,8,0.004146158,-0.000134337
2011-9-21,1,lasso,8,0.014250193,-0.000134337
2011-9-22,1,lasso,8,0.000637146,-0.000134337
2011-9-23,1,lasso,8,-0.001785032,-0.000134337
2011-9-26,1,lasso,8,-0.010906633,-0.000134337
2011-9-27,1,lasso,8,0.004376938,-0.000134337
2011-9-28,1,lasso,8,0.00230947,-0.000134337
2011-9-29,1,lasso,8,0.006641997,-0.000134337
2011-8-5,1,lasso,9,0.002543679,-0.000138002
2011-8-8,1,lasso,9,-0.00240964,-0.000138002
2011-8-9,1,lasso,9,0.00040201,-0.000138002
2011-8-10,1,lasso,9,0.000535762,-0.000138002
2011-8-11,1,lasso,9,-0.000937772,-0.000138002
2011-8-12,1,lasso,9,-0.010373956,-0.000138002
2011-8-15,1,lasso,9,0.002299629,-0.000138002
2011-8-16,1,lasso,9,-0.004604559,-0.000138002
2011-8-17,1,lasso,9,0.007707428,-0.000138002
2011-8-18,1,lasso,9,-0.003102869,-0.000138002
2011-8-19,1,lasso,9,0.000810373,-0.000138002
2011-8-22,1,lasso,9,-0.002433091,-0.000138002
2011-8-23,1,lasso,9,0.001622718,-0.000138002
2011-8-24,1,lasso,9,0.003641517,-0.000138002
2011-8-25,1,lasso,9,-0.006347513,-0.000138002
2011-8-26,1,lasso,9,-0.001220091,-0.000138002
2011-8-29,1,lasso,9,0.003115056,-0.000138002
2011-8-30,1,lasso,9,0.002296212,-0.000138002
2011-8-31,1,lasso,9,0.004845232,-0.000138002
2011-9-1,1,lasso,9,0.00375235,-0.000138002
2011-9-2,1,lasso,9,0.004670723,-0.000138002
2011-9-5,1,lasso,9,0.011121523,-0.000138002
2011-9-6,1,lasso,9,-0.006340003,-0.000138002
2011-9-7,1,lasso,9,0.010282189,-0.000138002
2011-9-8,1,lasso,9,0.012252499,-0.000138002
2011-9-9,1,lasso,9,0.005039747,-0.000138002
2011-9-12,1,lasso,9,-0.008543741,-0.000138002
2011-9-13,1,lasso,9,-0.001170732,-0.000138002
2011-9-14,1,lasso,9,-0.00770893,-0.000138002
2011-9-15,1,lasso,9,0.004710817,-0.000138002
2011-9-16,1,lasso,9,0.007154502,-0.000138002
2011-9-19,1,lasso,9,-0.00168645,-0.000138002
2011-9-20,1,lasso,9,0.004146158,-0.000138002
2011-9-21,1,lasso,9,0.014250193,-0.000138002
2011-9-22,1,lasso,9,0.000637146,-0.000138002
2011-9-23,1,lasso,9,-0.001785032,-0.000138002
2011-9-26,1,lasso,9,-0.010906633,-0.000138002
2011-9-27,1,lasso,9,0.004376938,-0.000138002
2011-9-28,1,lasso,9,0.00230947,-0.000138002
2011-9-29,1,lasso,9,0.006641997,-0.000138002
2011-9-30,1,lasso,9,0.011140766,-0.000138002
2011-10-3,1,lasso,9,0.002137962,-0.000138002
2011-10-4,1,lasso,9,-0.008579412,-0.000138002
2011-10-5,1,lasso,9,-0.003681375,-0.000138002
2011-10-6,1,lasso,9,0.001270971,-0.000138002
2011-10-7,1,lasso,9,-0.015875381,-0.000138002
2011-10-10,1,lasso,9,0.001160766,-0.000138002
2011-10-11,1,lasso,9,-0.007634119,-0.000138002
2011-10-12,1,lasso,9,0.000129879,-0.000138002
2011-10-13,1,lasso,9,-0.004947283,-0.000138002
2011-10-14,1,lasso,9,0.00689344,-0.000138002
2011-10-17,1,lasso,9,-0.000129626,-0.000138002
2011-10-18,1,lasso,9,-0.000388979,-0.000138002
2011-10-19,1,lasso,9,-0.001817238,-0.000138002
2011-10-20,1,lasso,9,-0.007563938,-0.000138002
2011-10-21,1,lasso,9,-0.004723798,-0.000138002
2011-10-24,1,lasso,9,0.001183043,-0.000138002
2011-10-25,1,lasso,9,0.001706373,-0.000138002
2011-10-26,1,lasso,9,-0.018130583,-0.000138002
2011-10-27,1,lasso,9,0.002534179,-0.000138002
2011-9-2,1,lasso,10,0.004670723,-0.0001345
2011-9-5,1,lasso,10,0.011121523,-0.0001345
2011-9-6,1,lasso,10,-0.006340003,-0.0001345
2011-9-7,1,lasso,10,0.010282189,-0.0001345
2011-9-8,1,lasso,10,0.012252499,-0.0001345
2011-9-9,1,lasso,10,0.005039747,-0.0001345
2011-9-12,1,lasso,10,-0.008543741,-0.0001345
2011-9-13,1,lasso,10,-0.001170732,-0.0001345
2011-9-14,1,lasso,10,-0.00770893,-0.0001345
2011-9-15,1,lasso,10,0.004710817,-0.0001345
2011-9-16,1,lasso,10,0.007154502,-0.0001345
2011-9-19,1,lasso,10,-0.00168645,-0.0001345
2011-9-20,1,lasso,10,0.004146158,-0.0001345
2011-9-21,1,lasso,10,0.014250193,-0.0001345
2011-9-22,1,lasso,10,0.000637146,-0.0001345
2011-9-23,1,lasso,10,-0.001785032,-0.0001345
2011-9-26,1,lasso,10,-0.010906633,-0.0001345
2011-9-27,1,lasso,10,0.004376938,-0.0001345
2011-9-28,1,lasso,10,0.00230947,-0.0001345
2011-9-29,1,lasso,10,0.006641997,-0.0001345
2011-9-30,1,lasso,10,0.011140766,-0.0001345
2011-10-3,1,lasso,10,0.002137962,-0.0001345
2011-10-4,1,lasso,10,-0.008579412,-0.0001345
2011-10-5,1,lasso,10,-0.003681375,-0.0001345
2011-10-6,1,lasso,10,0.001270971,-0.0001345
2011-10-7,1,lasso,10,-0.015875381,-0.0001345
2011-10-10,1,lasso,10,0.001160766,-0.0001345
2011-10-11,1,lasso,10,-0.007634119,-0.0001345
2011-10-12,1,lasso,10,0.000129879,-0.0001345
2011-10-13,1,lasso,10,-0.004947283,-0.0001345
2011-10-14,1,lasso,10,0.00689344,-0.0001345
2011-10-17,1,lasso,10,-0.000129626,-0.0001345
2011-10-18,1,lasso,10,-0.000388979,-0.0001345
2011-10-19,1,lasso,10,-0.001817238,-0.0001345
2011-10-20,1,lasso,10,-0.007563938,-0.0001345
2011-10-21,1,lasso,10,-0.004723798,-0.0001345
2011-10-24,1,lasso,10,0.001183043,-0.0001345
2011-10-25,1,lasso,10,0.001706373,-0.0001345
2011-10-26,1,lasso,10,-0.018130583,-0.0001345
2011-10-27,1,lasso,10,0.002534179,-0.0001345
2011-10-28,1,lasso,10,0.014546673,-0.0001345
2011-10-31,1,lasso,10,0.014208673,-0.0001345
2011-11-1,1,lasso,10,-0.003111229,-0.0001345
2011-11-2,1,lasso,10,-0.004554631,-0.0001345
2011-11-3,1,lasso,10,0.003775309,-0.0001345
2011-11-4,1,lasso,10,0,-0.0001345
2011-11-7,1,lasso,10,-0.004819286,-0.0001345
2011-11-8,1,lasso,10,0.017344468,-0.0001345
2011-11-9,1,lasso,10,-0.002441062,-0.0001345
2011-11-10,1,lasso,10,-0.010344028,-0.0001345
2011-11-11,1,lasso,10,0.008154857,-0.0001345
2011-11-14,1,lasso,10,0.003860015,-0.0001345
2011-11-15,1,lasso,10,0.001924434,-0.0001345
2011-11-16,1,lasso,10,0.003326938,-0.0001345
2011-11-17,1,lasso,10,-0.002814381,-0.0001345
2011-11-18,1,lasso,10,0.003069841,-0.0001345
2011-11-21,1,lasso,10,-0.000383215,-0.0001345
2011-11-22,1,lasso,10,0.011054048,-0.0001345
2011-11-23,1,lasso,10,0,-0.0001345
2011-11-24,1,lasso,10,0.006925671,-0.0001345
2011-9-30,1,lasso,11,0.011140766,-0.000608656
2011-10-3,1,lasso,11,0.002137962,-0.000511094
2011-10-4,1,lasso,11,-0.008579412,-0.000510034
2011-10-5,1,lasso,11,-0.003681375,-0.000509345
2011-10-6,1,lasso,11,0.001270971,-0.000508992
2011-10-7,1,lasso,11,-0.015875381,-0.000508976
2011-10-10,1,lasso,11,0.001160766,-0.000508248
2011-10-11,1,lasso,11,-0.007634119,-0.000508211
2011-10-12,1,lasso,11,0.000129879,-0.000507845
2011-10-13,1,lasso,11,-0.004947283,-0.000507716
2011-10-14,1,lasso,11,0.00689344,-0.000507153
2011-10-17,1,lasso,11,-0.000129626,-0.000508332
2011-10-18,1,lasso,11,-0.000388979,-0.000507913
2011-10-19,1,lasso,11,-0.001817238,-0.000508573
2011-10-20,1,lasso,11,-0.007563938,-0.000508651
2011-10-21,1,lasso,11,-0.004723798,-0.000507858
2011-10-24,1,lasso,11,0.001183043,-0.000507387
2011-10-25,1,lasso,11,0.001706373,-0.000508064
2011-10-26,1,lasso,11,-0.018130583,-0.000507524
2011-10-27,1,lasso,11,0.002534179,-0.000506516
2011-10-28,1,lasso,11,0.014546673,-0.000506303
2011-10-31,1,lasso,11,0.014208673,-0.000507547
2011-11-1,1,lasso,11,-0.003111229,-0.000595443
2011-11-2,1,lasso,11,-0.004554631,-0.000594978
2011-11-3,1,lasso,11,0.003775309,-0.000594465
2011-11-4,1,lasso,11,0,-0.000594387
2011-11-7,1,lasso,11,-0.004819286,-0.000594316
2011-11-8,1,lasso,11,0.017344468,-0.000593774
2011-11-9,1,lasso,11,-0.002441062,-0.000595761
2011-11-10,1,lasso,11,-0.010344028,-0.000594994
2011-11-11,1,lasso,11,0.008154857,-0.00059436
2011-11-14,1,lasso,11,0.003860015,-0.000594609
2011-11-15,1,lasso,11,0.001924434,-0.00059463
2011-11-16,1,lasso,11,0.003326938,-0.000595154
2011-11-17,1,lasso,11,-0.002814381,-0.000595383
2011-11-18,1,lasso,11,0.003069841,-0.000594809
2011-11-21,1,lasso,11,-0.000383215,-0.000595017
2011-11-22,1,lasso,11,0.011054048,-0.000594802
2011-11-23,1,lasso,11,0,-0.000595262
2011-11-24,1,lasso,11,0.006925671,-0.000595262
2011-11-25,1,lasso,11,-0.00541052,-0.000595374
2011-11-28,1,lasso,11,-0.003159161,-0.000594838
2011-11-29,1,lasso,11,-0.008005634,-0.000594497
2011-11-30,1,lasso,11,-0.000638121,-0.000593847
2011-12-1,1,lasso,11,0.003695449,-0.00063279
2011-12-2,1,lasso,11,-0.000636173,-0.000632815
2011-12-5,1,lasso,11,-0.000891322,-0.000632888
2011-12-6,1,lasso,11,-0.00025481,-0.000632955
2011-12-7,1,lasso,11,0.00444982,-0.000633078
2011-12-8,1,lasso,11,-0.002540329,-0.000633518
2011-12-9,1,lasso,11,0.011381003,-0.000632554
2011-12-12,1,lasso,11,0.008887835,-0.000632391
2011-12-13,1,lasso,11,0.004352429,-0.000632332
2011-12-14,1,lasso,11,-0.003355916,-0.000632476
2011-12-15,1,lasso,11,-0.000747291,-0.000632263
2011-12-16,1,lasso,11,-0.000124603,-0.000632075
2011-12-19,1,lasso,11,-0.004621253,-0.00063222
2011-12-20,1,lasso,11,0.001751095,-0.00063183
2011-12-21,1,lasso,11,-0.000750094,-0.00063142
2011-12-22,1,lasso,11,-0.000375258,-0.000631359
2011-10-28,1,lasso,12,0.014546673,-0.000127891
2011-10-31,1,lasso,12,0.014208673,-0.000127891
2011-11-1,1,lasso,12,-0.003111229,-0.000127891
2011-11-2,1,lasso,12,-0.004554631,-0.000127891
2011-11-3,1,lasso,12,0.003775309,-0.000127891
2011-11-4,1,lasso,12,0,-0.000127891
2011-11-7,1,lasso,12,-0.004819286,-0.000127891
2011-11-8,1,lasso,12,0.017344468,-0.000127891
2011-11-9,1,lasso,12,-0.002441062,-0.000127891
2011-11-10,1,lasso,12,-0.010344028,-0.000127891
2011-11-11,1,lasso,12,0.008154857,-0.000127891
2011-11-14,1,lasso,12,0.003860015,-0.000127891
2011-11-15,1,lasso,12,0.001924434,-0.000127891
2011-11-16,1,lasso,12,0.003326938,-0.000127891
2011-11-17,1,lasso,12,-0.002814381,-0.000127891
2011-11-18,1,lasso,12,0.003069841,-0.000127891
2011-11-21,1,lasso,12,-0.000383215,-0.000127891
2011-11-22,1,lasso,12,0.011054048,-0.000127891
2011-11-23,1,lasso,12,0,-0.000127891
2011-11-24,1,lasso,12,0.006925671,-0.000127891
2011-11-25,1,lasso,12,-0.00541052,-0.000127891
2011-11-28,1,lasso,12,-0.003159161,-0.000127891
2011-11-29,1,lasso,12,-0.008005634,-0.000127891
2011-11-30,1,lasso,12,-0.000638121,-0.000127891
2011-12-1,1,lasso,12,0.003695449,-0.000127891
2011-12-2,1,lasso,12,-0.000636173,-0.000127891
2011-12-5,1,lasso,12,-0.000891322,-0.000127891
2011-12-6,1,lasso,12,-0.00025481,-0.000127891
2011-12-7,1,lasso,12,0.00444982,-0.000127891
2011-12-8,1,lasso,12,-0.002540329,-0.000127891
2011-12-9,1,lasso,12,0.011381003,-0.000127891
2011-12-12,1,lasso,12,0.008887835,-0.000127891
2011-12-13,1,lasso,12,0.004352429,-0.000127891
2011-12-14,1,lasso,12,-0.003355916,-0.000127891
2011-12-15,1,lasso,12,-0.000747291,-0.000127891
2011-12-16,1,lasso,12,-0.000124603,-0.000127891
2011-12-19,1,lasso,12,-0.004621253,-0.000127891
2011-12-20,1,lasso,12,0.001751095,-0.000127891
2011-12-21,1,lasso,12,-0.000750094,-0.000127891
2011-12-22,1,lasso,12,-0.000375258,-0.000127891
2011-12-23,1,lasso,12,0,-0.000127891
2011-12-26,1,lasso,12,-0.001627747,-0.000127891
2011-12-27,1,lasso,12,0.00873368,-0.000127891
2011-12-28,1,lasso,12,-0.000124231,-0.000127891
2011-12-29,1,lasso,12,-0.003858846,-0.000127891
2011-12-30,1,lasso,12,0,-0.000127891
2012-1-2,1,lasso,12,-0.007134394,-0.000127891
2012-1-3,1,lasso,12,0.006510603,-0.000127891
2012-1-4,1,lasso,12,0.010057824,-0.000127891
2012-1-5,1,lasso,12,0.003822682,-0.000127891
2012-1-6,1,lasso,12,-0.002464573,-0.000127891
2012-1-9,1,lasso,12,-0.002965528,-0.000127891
2012-1-10,1,lasso,12,0.006660113,-0.000127891
2012-1-11,1,lasso,12,-0.007155224,-0.000127891
2012-1-12,1,lasso,12,0.009242779,-0.000127891
2012-1-13,1,lasso,12,0,-0.000127891
2012-1-16,1,lasso,12,-0.004179478,-0.000127891
2012-1-17,1,lasso,12,-0.0070462,-0.000127891
2012-1-18,1,lasso,12,-0.004849851,-0.000127891
2012-1-19,1,lasso,12,0,-0.000127891
2011-11-25,1,lasso,13,-0.00541052,-8.52E-05
2011-11-28,1,lasso,13,-0.003159161,-8.52E-05
2011-11-29,1,lasso,13,-0.008005634,-8.52E-05
2011-11-30,1,lasso,13,-0.000638121,-8.52E-05
2011-12-1,1,lasso,13,0.003695449,-8.52E-05
2011-12-2,1,lasso,13,-0.000636173,-8.52E-05
2011-12-5,1,lasso,13,-0.000891322,-8.52E-05
2011-12-6,1,lasso,13,-0.00025481,-8.52E-05
2011-12-7,1,lasso,13,0.00444982,-8.52E-05
2011-12-8,1,lasso,13,-0.002540329,-8.52E-05
2011-12-9,1,lasso,13,0.011381003,-8.52E-05
2011-12-12,1,lasso,13,0.008887835,-8.52E-05
2011-12-13,1,lasso,13,0.004352429,-8.52E-05
2011-12-14,1,lasso,13,-0.003355916,-8.52E-05
2011-12-15,1,lasso,13,-0.000747291,-8.52E-05
2011-12-16,1,lasso,13,-0.000124603,-8.52E-05
2011-12-19,1,lasso,13,-0.004621253,-8.52E-05
2011-12-20,1,lasso,13,0.001751095,-8.52E-05
2011-12-21,1,lasso,13,-0.000750094,-8.52E-05
2011-12-22,1,lasso,13,-0.000375258,-8.52E-05
2011-12-23,1,lasso,13,0,-8.52E-05
2011-12-26,1,lasso,13,-0.001627747,-8.52E-05
2011-12-27,1,lasso,13,0.00873368,-8.52E-05
2011-12-28,1,lasso,13,-0.000124231,-8.52E-05
2011-12-29,1,lasso,13,-0.003858846,-8.52E-05
2011-12-30,1,lasso,13,0,-8.52E-05
2012-1-2,1,lasso,13,-0.007134394,-8.52E-05
2012-1-3,1,lasso,13,0.006510603,-8.52E-05
2012-1-4,1,lasso,13,0.010057824,-8.52E-05
2012-1-5,1,lasso,13,0.003822682,-8.52E-05
2012-1-6,1,lasso,13,-0.002464573,-8.52E-05
2012-1-9,1,lasso,13,-0.002965528,-8.52E-05
2012-1-10,1,lasso,13,0.006660113,-8.52E-05
2012-1-11,1,lasso,13,-0.007155224,-8.52E-05
2012-1-12,1,lasso,13,0.009242779,-8.52E-05
2012-1-13,1,lasso,13,0,-8.52E-05
2012-1-16,1,lasso,13,-0.004179478,-8.52E-05
2012-1-17,1,lasso,13,-0.0070462,-8.52E-05
2012-1-18,1,lasso,13,-0.004849851,-8.52E-05
2012-1-19,1,lasso,13,0,-8.52E-05
2012-1-20,1,lasso,13,-0.005500014,-8.52E-05
2012-1-23,1,lasso,13,0.001127466,-8.52E-05
2012-1-24,1,lasso,13,-0.003637508,-8.52E-05
2012-1-25,1,lasso,13,-0.002390389,-8.52E-05
2012-1-26,1,lasso,13,-0.006191188,-8.52E-05
2012-1-27,1,lasso,13,0.003416211,-8.52E-05
2012-1-30,1,lasso,13,0.001514578,-8.52E-05
2012-1-31,1,lasso,13,-0.004677336,-8.52E-05
2012-2-1,1,lasso,13,0.000886581,-8.52E-05
2012-2-2,1,lasso,13,-0.000886581,-8.52E-05
2012-2-3,1,lasso,13,0.001898855,-8.52E-05
2012-2-6,1,lasso,13,-0.006216322,-8.52E-05
2012-2-7,1,lasso,13,0.000763262,-8.52E-05
2012-2-8,1,lasso,13,-0.000890529,-8.52E-05
2012-2-9,1,lasso,13,0.006849342,-8.52E-05
2012-2-10,1,lasso,13,-0.002024548,-8.52E-05
2012-2-13,1,lasso,13,0.007948064,-8.52E-05
2012-2-14,1,lasso,13,0.001130298,-8.52E-05
2012-2-15,1,lasso,13,-0.004024656,-8.52E-05
2012-2-16,1,lasso,13,-0.00025208,-8.52E-05
2011-12-23,1,lasso,14,0,-8.20E-05
2011-12-26,1,lasso,14,-0.001627747,-8.20E-05
2011-12-27,1,lasso,14,0.00873368,-8.20E-05
2011-12-28,1,lasso,14,-0.000124231,-8.20E-05
2011-12-29,1,lasso,14,-0.003858846,-8.20E-05
2011-12-30,1,lasso,14,0,-8.20E-05
2012-1-2,1,lasso,14,-0.007134394,-8.20E-05
2012-1-3,1,lasso,14,0.006510603,-8.20E-05
2012-1-4,1,lasso,14,0.010057824,-8.20E-05
2012-1-5,1,lasso,14,0.003822682,-8.20E-05
2012-1-6,1,lasso,14,-0.002464573,-8.20E-05
2012-1-9,1,lasso,14,-0.002965528,-8.20E-05
2012-1-10,1,lasso,14,0.006660113,-8.20E-05
2012-1-11,1,lasso,14,-0.007155224,-8.20E-05
2012-1-12,1,lasso,14,0.009242779,-8.20E-05
2012-1-13,1,lasso,14,0,-8.20E-05
2012-1-16,1,lasso,14,-0.004179478,-8.20E-05
2012-1-17,1,lasso,14,-0.0070462,-8.20E-05
2012-1-18,1,lasso,14,-0.004849851,-8.20E-05
2012-1-19,1,lasso,14,0,-8.20E-05
2012-1-20,1,lasso,14,-0.005500014,-8.20E-05
2012-1-23,1,lasso,14,0.001127466,-8.20E-05
2012-1-24,1,lasso,14,-0.003637508,-8.20E-05
2012-1-25,1,lasso,14,-0.002390389,-8.20E-05
2012-1-26,1,lasso,14,-0.006191188,-8.20E-05
2012-1-27,1,lasso,14,0.003416211,-8.20E-05
2012-1-30,1,lasso,14,0.001514578,-8.20E-05
2012-1-31,1,lasso,14,-0.004677336,-8.20E-05
2012-2-1,1,lasso,14,0.000886581,-8.20E-05
2012-2-2,1,lasso,14,-0.000886581,-8.20E-05
2012-2-3,1,lasso,14,0.001898855,-8.20E-05
2012-2-6,1,lasso,14,-0.006216322,-8.20E-05
2012-2-7,1,lasso,14,0.000763262,-8.20E-05
2012-2-8,1,lasso,14,-0.000890529,-8.20E-05
2012-2-9,1,lasso,14,0.006849342,-8.20E-05
2012-2-10,1,lasso,14,-0.002024548,-8.20E-05
2012-2-13,1,lasso,14,0.007948064,-8.20E-05
2012-2-14,1,lasso,14,0.001130298,-8.20E-05
2012-2-15,1,lasso,14,-0.004024656,-8.20E-05
2012-2-16,1,lasso,14,-0.00025208,-8.20E-05
2012-2-17,1,lasso,14,0,-8.20E-05
2012-2-20,1,lasso,14,-0.003662314,-8.20E-05
2012-2-21,1,lasso,14,0.0021485,-8.20E-05
2012-2-22,1,lasso,14,-0.004935782,-8.20E-05
2012-2-23,1,lasso,14,-0.005980803,-8.20E-05
2012-2-24,1,lasso,14,0.002803978,-8.20E-05
2012-2-27,1,lasso,14,-0.003825559,-8.20E-05
2012-2-28,1,lasso,14,0.005986898,-8.20E-05
2012-2-29,1,lasso,14,0.0006348,-8.20E-05
2012-3-1,1,lasso,14,0.007712283,-8.20E-05
2012-3-2,1,lasso,14,-0.00126024,-8.20E-05
2012-3-5,1,lasso,14,0.007162184,-8.20E-05
2012-3-6,1,lasso,14,-0.002005264,-8.20E-05
2012-3-7,1,lasso,14,-0.007176612,-8.20E-05
2012-3-8,1,lasso,14,0.011308074,-8.20E-05
2012-3-9,1,lasso,14,-0.001875821,-8.20E-05
2012-3-12,1,lasso,14,0.00374813,-8.20E-05
2012-3-13,1,lasso,14,0.00460343,-8.20E-05
2012-3-14,1,lasso,14,-0.005102369,-8.20E-05
2012-3-15,1,lasso,14,-0.004501696,-8.20E-05
2012-1-20,1,lasso,15,-0.005500014,-7.85E-05
2012-1-23,1,lasso,15,0.001127466,-7.85E-05
2012-1-24,1,lasso,15,-0.003637508,-7.85E-05
2012-1-25,1,lasso,15,-0.002390389,-7.85E-05
2012-1-26,1,lasso,15,-0.006191188,-7.85E-05
2012-1-27,1,lasso,15,0.003416211,-7.85E-05
2012-1-30,1,lasso,15,0.001514578,-7.85E-05
2012-1-31,1,lasso,15,-0.004677336,-7.85E-05
2012-2-1,1,lasso,15,0.000886581,-7.85E-05
2012-2-2,1,lasso,15,-0.000886581,-7.85E-05
2012-2-3,1,lasso,15,0.001898855,-7.85E-05
2012-2-6,1,lasso,15,-0.006216322,-7.85E-05
2012-2-7,1,lasso,15,0.000763262,-7.85E-05
2012-2-8,1,lasso,15,-0.000890529,-7.85E-05
2012-2-9,1,lasso,15,0.006849342,-7.85E-05
2012-2-10,1,lasso,15,-0.002024548,-7.85E-05
2012-2-13,1,lasso,15,0.007948064,-7.85E-05
2012-2-14,1,lasso,15,0.001130298,-7.85E-05
2012-2-15,1,lasso,15,-0.004024656,-7.85E-05
2012-2-16,1,lasso,15,-0.00025208,-7.85E-05
2012-2-17,1,lasso,15,0,-7.85E-05
2012-2-20,1,lasso,15,-0.003662314,-7.85E-05
2012-2-21,1,lasso,15,0.0021485,-7.85E-05
2012-2-22,1,lasso,15,-0.004935782,-7.85E-05
2012-2-23,1,lasso,15,-0.005980803,-7.85E-05
2012-2-24,1,lasso,15,0.002803978,-7.85E-05
2012-2-27,1,lasso,15,-0.003825559,-7.85E-05
2012-2-28,1,lasso,15,0.005986898,-7.85E-05
2012-2-29,1,lasso,15,0.0006348,-7.85E-05
2012-3-1,1,lasso,15,0.007712283,-7.85E-05
2012-3-2,1,lasso,15,-0.00126024,-7.85E-05
2012-3-5,1,lasso,15,0.007162184,-7.85E-05
2012-3-6,1,lasso,15,-0.002005264,-7.85E-05
2012-3-7,1,lasso,15,-0.007176612,-7.85E-05
2012-3-8,1,lasso,15,0.011308074,-7.85E-05
2012-3-9,1,lasso,15,-0.001875821,-7.85E-05
2012-3-12,1,lasso,15,0.00374813,-7.85E-05
2012-3-13,1,lasso,15,0.00460343,-7.85E-05
2012-3-14,1,lasso,15,-0.005102369,-7.85E-05
2012-3-15,1,lasso,15,-0.004501696,-7.85E-05
2012-3-16,1,lasso,15,0,-7.85E-05
2012-3-19,1,lasso,15,-0.002509727,-7.85E-05
2012-3-20,1,lasso,15,0.000879121,-7.85E-05
2012-3-21,1,lasso,15,0.001003764,-7.85E-05
2012-3-22,1,lasso,15,-0.005028927,-7.85E-05
2012-3-23,1,lasso,15,-0.004547759,-7.85E-05
2012-3-26,1,lasso,15,0.000885908,-7.85E-05
2012-3-27,1,lasso,15,0.001011506,-7.85E-05
2012-3-28,1,lasso,15,0.000757959,-7.85E-05
2012-3-29,1,lasso,15,-0.002402176,-7.85E-05
2012-3-30,1,lasso,15,-0.002281081,-7.85E-05
2012-4-2,1,lasso,15,0.008338646,-7.85E-05
2012-4-3,1,lasso,15,0.003767429,-7.85E-05
2012-4-4,1,lasso,15,0.003753289,-7.85E-05
2012-4-5,1,lasso,15,-0.002375447,-7.85E-05
2012-4-6,1,lasso,15,-0.002004762,-7.85E-05
2012-4-9,1,lasso,15,0.002004762,-7.85E-05
2012-4-10,1,lasso,15,-0.001127184,-7.85E-05
2012-4-11,1,lasso,15,-0.006537614,-7.85E-05
2012-4-12,1,lasso,15,0.007664798,-7.85E-05
2012-2-17,1,lasso,16,0,-8.48E-05
2012-2-20,1,lasso,16,-0.003662314,-8.48E-05
2012-2-21,1,lasso,16,0.0021485,-8.48E-05
2012-2-22,1,lasso,16,-0.004935782,-8.48E-05
2012-2-23,1,lasso,16,-0.005980803,-8.48E-05
2012-2-24,1,lasso,16,0.002803978,-8.48E-05
2012-2-27,1,lasso,16,-0.003825559,-8.48E-05
2012-2-28,1,lasso,16,0.005986898,-8.48E-05
2012-2-29,1,lasso,16,0.0006348,-8.48E-05
2012-3-1,1,lasso,16,0.007712283,-8.48E-05
2012-3-2,1,lasso,16,-0.00126024,-8.48E-05
2012-3-5,1,lasso,16,0.007162184,-8.48E-05
2012-3-6,1,lasso,16,-0.002005264,-8.48E-05
2012-3-7,1,lasso,16,-0.007176612,-8.48E-05
2012-3-8,1,lasso,16,0.011308074,-8.48E-05
2012-3-9,1,lasso,16,-0.001875821,-8.48E-05
2012-3-12,1,lasso,16,0.00374813,-8.48E-05
2012-3-13,1,lasso,16,0.00460343,-8.48E-05
2012-3-14,1,lasso,16,-0.005102369,-8.48E-05
2012-3-15,1,lasso,16,-0.004501696,-8.48E-05
2012-3-16,1,lasso,16,0,-8.48E-05
2012-3-19,1,lasso,16,-0.002509727,-8.48E-05
2012-3-20,1,lasso,16,0.000879121,-8.48E-05
2012-3-21,1,lasso,16,0.001003764,-8.48E-05
2012-3-22,1,lasso,16,-0.005028927,-8.48E-05
2012-3-23,1,lasso,16,-0.004547759,-8.48E-05
2012-3-26,1,lasso,16,0.000885908,-8.48E-05
2012-3-27,1,lasso,16,0.001011506,-8.48E-05
2012-3-28,1,lasso,16,0.000757959,-8.48E-05
2012-3-29,1,lasso,16,-0.002402176,-8.48E-05
2012-3-30,1,lasso,16,-0.002281081,-8.48E-05
2012-4-2,1,lasso,16,0.008338646,-8.48E-05
2012-4-3,1,lasso,16,0.003767429,-8.48E-05
2012-4-4,1,lasso,16,0.003753289,-8.48E-05
2012-4-5,1,lasso,16,-0.002375447,-8.48E-05
2012-4-6,1,lasso,16,-0.002004762,-8.48E-05
2012-4-9,1,lasso,16,0.002004762,-8.48E-05
2012-4-10,1,lasso,16,-0.001127184,-8.48E-05
2012-4-11,1,lasso,16,-0.006537614,-8.48E-05
2012-4-12,1,lasso,16,0.007664798,-8.48E-05
2012-4-13,1,lasso,16,-0.004139235,-8.48E-05
2012-4-16,1,lasso,16,-0.001006036,-8.48E-05
2012-4-17,1,lasso,16,0.000754622,-8.48E-05
2012-4-18,1,lasso,16,0.000251414,-8.48E-05
2012-4-19,1,lasso,16,-0.004661426,-8.48E-05
2012-4-20,1,lasso,16,0.002900197,-8.48E-05
2012-4-23,1,lasso,16,-0.002521434,-8.48E-05
2012-4-24,1,lasso,16,-0.002654365,-8.48E-05
2012-4-25,1,lasso,16,-0.001139746,-8.48E-05
2012-4-26,1,lasso,16,-0.002664469,-8.48E-05
2012-4-27,1,lasso,16,0.000888945,-8.48E-05
2012-4-30,1,lasso,16,0.001014971,-8.48E-05
2012-5-1,1,lasso,16,0.003417941,-8.48E-05
2012-5-2,1,lasso,16,0.001136723,-8.48E-05
2012-5-3,1,lasso,16,0.003528229,-8.48E-05
2012-5-4,1,lasso,16,0.001257071,-8.48E-05
2012-5-7,1,lasso,16,0.001757249,-8.48E-05
2012-5-8,1,lasso,16,0.004254793,-8.48E-05
2012-5-9,1,lasso,16,0.000374555,-8.48E-05
2012-5-10,1,lasso,16,0.001870675,-8.48E-05
2012-3-16,1,lasso,17,0,-8.00E-05
2012-3-19,1,lasso,17,-0.002509727,-8.00E-05
2012-3-20,1,lasso,17,0.000879121,-8.00E-05
2012-3-21,1,lasso,17,0.001003764,-8.00E-05
2012-3-22,1,lasso,17,-0.005028927,-8.00E-05
2012-3-23,1,lasso,17,-0.004547759,-8.00E-05
2012-3-26,1,lasso,17,0.000885908,-8.00E-05
2012-3-27,1,lasso,17,0.001011506,-8.00E-05
2012-3-28,1,lasso,17,0.000757959,-8.00E-05
2012-3-29,1,lasso,17,-0.002402176,-8.00E-05
2012-3-30,1,lasso,17,-0.002281081,-8.00E-05
2012-4-2,1,lasso,17,0.008338646,-8.00E-05
2012-4-3,1,lasso,17,0.003767429,-8.00E-05
2012-4-4,1,lasso,17,0.003753289,-8.00E-05
2012-4-5,1,lasso,17,-0.002375447,-8.00E-05
2012-4-6,1,lasso,17,-0.002004762,-8.00E-05
2012-4-9,1,lasso,17,0.002004762,-8.00E-05
2012-4-10,1,lasso,17,-0.001127184,-8.00E-05
2012-4-11,1,lasso,17,-0.006537614,-8.00E-05
2012-4-12,1,lasso,17,0.007664798,-8.00E-05
2012-4-13,1,lasso,17,-0.004139235,-8.00E-05
2012-4-16,1,lasso,17,-0.001006036,-8.00E-05
2012-4-17,1,lasso,17,0.000754622,-8.00E-05
2012-4-18,1,lasso,17,0.000251414,-8.00E-05
2012-4-19,1,lasso,17,-0.004661426,-8.00E-05
2012-4-20,1,lasso,17,0.002900197,-8.00E-05
2012-4-23,1,lasso,17,-0.002521434,-8.00E-05
2012-4-24,1,lasso,17,-0.002654365,-8.00E-05
2012-4-25,1,lasso,17,-0.001139746,-8.00E-05
2012-4-26,1,lasso,17,-0.002664469,-8.00E-05
2012-4-27,1,lasso,17,0.000888945,-8.00E-05
2012-4-30,1,lasso,17,0.001014971,-8.00E-05
2012-5-1,1,lasso,17,0.003417941,-8.00E-05
2012-5-2,1,lasso,17,0.001136723,-8.00E-05
2012-5-3,1,lasso,17,0.003528229,-8.00E-05
2012-5-4,1,lasso,17,0.001257071,-8.00E-05
2012-5-7,1,lasso,17,0.001757249,-8.00E-05
2012-5-8,1,lasso,17,0.004254793,-8.00E-05
2012-5-9,1,lasso,17,0.000374555,-8.00E-05
2012-5-10,1,lasso,17,0.001870675,-8.00E-05
2012-5-11,1,lasso,17,0.004351346,-8.00E-05
2012-5-14,1,lasso,17,0.007538811,-8.00E-05
2012-5-15,1,lasso,17,0.001845132,-8.00E-05
2012-5-16,1,lasso,17,0.000122888,-8.00E-05
2012-5-17,1,lasso,17,-0.001106535,-8.00E-05
2012-5-18,1,lasso,17,-0.002586686,-8.00E-05
2012-5-21,1,lasso,17,0.005043992,-8.00E-05
2012-5-22,1,lasso,17,0.007335893,-8.00E-05
2012-5-23,1,lasso,17,0.00316225,-8.00E-05
2012-5-24,1,lasso,17,0.00060698,-8.00E-05
2012-5-25,1,lasso,17,0,-8.00E-05
2012-5-28,1,lasso,17,0.000970403,-8.00E-05
2012-5-29,1,lasso,17,0.006525703,-8.00E-05
2012-5-30,1,lasso,17,0.000240877,-8.00E-05
2012-5-31,1,lasso,17,-0.001807992,-8.00E-05
2012-6-1,1,lasso,17,-0.003989126,-8.00E-05
2012-6-4,1,lasso,17,0.003265013,-8.00E-05
2012-6-5,1,lasso,17,-0.006176223,-8.00E-05
2012-6-6,1,lasso,17,-0.003285274,-8.00E-05
2012-6-7,1,lasso,17,0.005590681,-8.00E-05
2012-4-13,1,lasso,18,-0.004139235,-7.82E-05
2012-4-16,1,lasso,18,-0.001006036,-7.82E-05
2012-4-17,1,lasso,18,0.000754622,-7.82E-05
2012-4-18,1,lasso,18,0.000251414,-7.82E-05
2012-4-19,1,lasso,18,-0.004661426,-7.82E-05
2012-4-20,1,lasso,18,0.002900197,-7.82E-05
2012-4-23,1,lasso,18,-0.002521434,-7.82E-05
2012-4-24,1,lasso,18,-0.002654365,-7.82E-05
2012-4-25,1,lasso,18,-0.001139746,-7.82E-05
2012-4-26,1,lasso,18,-0.002664469,-7.82E-05
2012-4-27,1,lasso,18,0.000888945,-7.82E-05
2012-4-30,1,lasso,18,0.001014971,-7.82E-05
2012-5-1,1,lasso,18,0.003417941,-7.82E-05
2012-5-2,1,lasso,18,0.001136723,-7.82E-05
2012-5-3,1,lasso,18,0.003528229,-7.82E-05
2012-5-4,1,lasso,18,0.001257071,-7.82E-05
2012-5-7,1,lasso,18,0.001757249,-7.82E-05
2012-5-8,1,lasso,18,0.004254793,-7.82E-05
2012-5-9,1,lasso,18,0.000374555,-7.82E-05
2012-5-10,1,lasso,18,0.001870675,-7.82E-05
2012-5-11,1,lasso,18,0.004351346,-7.82E-05
2012-5-14,1,lasso,18,0.007538811,-7.82E-05
2012-5-15,1,lasso,18,0.001845132,-7.82E-05
2012-5-16,1,lasso,18,0.000122888,-7.82E-05
2012-5-17,1,lasso,18,-0.001106535,-7.82E-05
2012-5-18,1,lasso,18,-0.002586686,-7.82E-05
2012-5-21,1,lasso,18,0.005043992,-7.82E-05
2012-5-22,1,lasso,18,0.007335893,-7.82E-05
2012-5-23,1,lasso,18,0.00316225,-7.82E-05
2012-5-24,1,lasso,18,0.00060698,-7.82E-05
2012-5-25,1,lasso,18,0,-7.82E-05
2012-5-28,1,lasso,18,0.000970403,-7.82E-05
2012-5-29,1,lasso,18,0.006525703,-7.82E-05
2012-5-30,1,lasso,18,0.000240877,-7.82E-05
2012-5-31,1,lasso,18,-0.001807992,-7.82E-05
2012-6-1,1,lasso,18,-0.003989126,-7.82E-05
2012-6-4,1,lasso,18,0.003265013,-7.82E-05
2012-6-5,1,lasso,18,-0.006176223,-7.82E-05
2012-6-6,1,lasso,18,-0.003285274,-7.82E-05
2012-6-7,1,lasso,18,0.005590681,-7.82E-05
2012-6-8,1,lasso,18,0.00012119,-7.82E-05
2012-6-11,1,lasso,18,-0.001212562,-7.82E-05
2012-6-12,1,lasso,18,-0.004377439,-7.82E-05
2012-6-13,1,lasso,18,-0.000853398,-7.82E-05
2012-6-14,1,lasso,18,-0.004400447,-7.82E-05
2012-6-15,1,lasso,18,0.003912464,-7.82E-05
2012-6-18,1,lasso,18,-0.006979763,-7.82E-05
2012-6-19,1,lasso,18,0.002454591,-7.82E-05
2012-6-20,1,lasso,18,0.00866546,-7.82E-05
2012-6-21,1,lasso,18,-0.000364631,-7.82E-05
2012-6-22,1,lasso,18,0.002913331,-7.82E-05
2012-6-25,1,lasso,18,-0.001577,-7.82E-05
2012-6-26,1,lasso,18,0.003030489,-7.82E-05
2012-6-27,1,lasso,18,0.002297045,-7.82E-05
2012-6-28,1,lasso,18,-0.014351986,-7.82E-05
2012-6-29,1,lasso,18,0.002935782,-7.82E-05
2012-7-2,1,lasso,18,-0.001099908,-7.82E-05
2012-7-3,1,lasso,18,0,-7.82E-05
2012-7-4,1,lasso,18,0.012516112,-7.82E-05
2012-7-5,1,lasso,18,0.006859645,-7.82E-05
2012-5-11,1,lasso,19,0.004351346,-7.42E-05
2012-5-14,1,lasso,19,0.007538811,-7.42E-05
2012-5-15,1,lasso,19,0.001845132,-7.42E-05
2012-5-16,1,lasso,19,0.000122888,-7.42E-05
2012-5-17,1,lasso,19,-0.001106535,-7.42E-05
2012-5-18,1,lasso,19,-0.002586686,-7.42E-05
2012-5-21,1,lasso,19,0.005043992,-7.42E-05
2012-5-22,1,lasso,19,0.007335893,-7.42E-05
2012-5-23,1,lasso,19,0.00316225,-7.42E-05
2012-5-24,1,lasso,19,0.00060698,-7.42E-05
2012-5-25,1,lasso,19,0,-7.42E-05
2012-5-28,1,lasso,19,0.000970403,-7.42E-05
2012-5-29,1,lasso,19,0.006525703,-7.42E-05
2012-5-30,1,lasso,19,0.000240877,-7.42E-05
2012-5-31,1,lasso,19,-0.001807992,-7.42E-05
2012-6-1,1,lasso,19,-0.003989126,-7.42E-05
2012-6-4,1,lasso,19,0.003265013,-7.42E-05
2012-6-5,1,lasso,19,-0.006176223,-7.42E-05
2012-6-6,1,lasso,19,-0.003285274,-7.42E-05
2012-6-7,1,lasso,19,0.005590681,-7.42E-05
2012-6-8,1,lasso,19,0.00012119,-7.42E-05
2012-6-11,1,lasso,19,-0.001212562,-7.42E-05
2012-6-12,1,lasso,19,-0.004377439,-7.42E-05
2012-6-13,1,lasso,19,-0.000853398,-7.42E-05
2012-6-14,1,lasso,19,-0.004400447,-7.42E-05
2012-6-15,1,lasso,19,0.003912464,-7.42E-05
2012-6-18,1,lasso,19,-0.006979763,-7.42E-05
2012-6-19,1,lasso,19,0.002454591,-7.42E-05
2012-6-20,1,lasso,19,0.00866546,-7.42E-05
2012-6-21,1,lasso,19,-0.000364631,-7.42E-05
2012-6-22,1,lasso,19,0.002913331,-7.42E-05
2012-6-25,1,lasso,19,-0.001577,-7.42E-05
2012-6-26,1,lasso,19,0.003030489,-7.42E-05
2012-6-27,1,lasso,19,0.002297045,-7.42E-05
2012-6-28,1,lasso,19,-0.014351986,-7.42E-05
2012-6-29,1,lasso,19,0.002935782,-7.42E-05
2012-7-2,1,lasso,19,-0.001099908,-7.42E-05
2012-7-3,1,lasso,19,0,-7.42E-05
2012-7-4,1,lasso,19,0.012516112,-7.42E-05
2012-7-5,1,lasso,19,0.006859645,-7.42E-05
2012-7-6,1,lasso,19,-0.002642009,-7.42E-05
2012-7-9,1,lasso,19,0.002881846,-7.42E-05
2012-7-10,1,lasso,19,0.002036295,-7.42E-05
2012-7-11,1,lasso,19,0.001076362,-7.42E-05
2012-7-12,1,lasso,19,-0.003712357,-7.42E-05
2012-7-13,1,lasso,19,-0.003003907,-7.42E-05
2012-7-16,1,lasso,19,-0.000842714,-7.42E-05
2012-7-17,1,lasso,19,0.000481638,-7.42E-05
2012-7-18,1,lasso,19,-0.002289847,-7.42E-05
2012-7-19,1,lasso,19,0.007213304,-7.42E-05
2012-7-20,1,lasso,19,0.002751362,-7.42E-05
2012-7-23,1,lasso,19,0.003458354,-7.42E-05
2012-7-24,1,lasso,19,-0.005730675,-7.42E-05
2012-7-25,1,lasso,19,-0.008537297,-7.42E-05
2012-7-26,1,lasso,19,-0.001208313,-7.42E-05
2012-7-27,1,lasso,19,0.000966767,-7.42E-05
2012-7-30,1,lasso,19,-0.001813456,-7.42E-05
2012-7-31,1,lasso,19,0.005069413,-7.42E-05
2012-8-1,1,lasso,19,0.00360534,-7.42E-05
2012-8-2,1,lasso,19,-0.011825889,-7.42E-05
2012-6-8,1,lasso,20,0.00012119,-5.60E-05
2012-6-11,1,lasso,20,-0.001212562,-5.60E-05
2012-6-12,1,lasso,20,-0.004377439,-5.60E-05
2012-6-13,1,lasso,20,-0.000853398,-5.60E-05
2012-6-14,1,lasso,20,-0.004400447,-5.60E-05
2012-6-15,1,lasso,20,0.003912464,-5.60E-05
2012-6-18,1,lasso,20,-0.006979763,-5.60E-05
2012-6-19,1,lasso,20,0.002454591,-5.60E-05
2012-6-20,1,lasso,20,0.00866546,-5.60E-05
2012-6-21,1,lasso,20,-0.000364631,-5.60E-05
2012-6-22,1,lasso,20,0.002913331,-5.60E-05
2012-6-25,1,lasso,20,-0.001577,-5.60E-05
2012-6-26,1,lasso,20,0.003030489,-5.60E-05
2012-6-27,1,lasso,20,0.002297045,-5.60E-05
2012-6-28,1,lasso,20,-0.014351986,-5.60E-05
2012-6-29,1,lasso,20,0.002935782,-5.60E-05
2012-7-2,1,lasso,20,-0.001099908,-5.60E-05
2012-7-3,1,lasso,20,0,-5.60E-05
2012-7-4,1,lasso,20,0.012516112,-5.60E-05
2012-7-5,1,lasso,20,0.006859645,-5.60E-05
2012-7-6,1,lasso,20,-0.002642009,-5.60E-05
2012-7-9,1,lasso,20,0.002881846,-5.60E-05
2012-7-10,1,lasso,20,0.002036295,-5.60E-05
2012-7-11,1,lasso,20,0.001076362,-5.60E-05
2012-7-12,1,lasso,20,-0.003712357,-5.60E-05
2012-7-13,1,lasso,20,-0.003003907,-5.60E-05
2012-7-16,1,lasso,20,-0.000842714,-5.60E-05
2012-7-17,1,lasso,20,0.000481638,-5.60E-05
2012-7-18,1,lasso,20,-0.002289847,-5.60E-05
2012-7-19,1,lasso,20,0.007213304,-5.60E-05
2012-7-20,1,lasso,20,0.002751362,-5.60E-05
2012-7-23,1,lasso,20,0.003458354,-5.60E-05
2012-7-24,1,lasso,20,-0.005730675,-5.60E-05
2012-7-25,1,lasso,20,-0.008537297,-5.60E-05
2012-7-26,1,lasso,20,-0.001208313,-5.60E-05
2012-7-27,1,lasso,20,0.000966767,-5.60E-05
2012-7-30,1,lasso,20,-0.001813456,-5.60E-05
2012-7-31,1,lasso,20,0.005069413,-5.60E-05
2012-8-1,1,lasso,20,0.00360534,-5.60E-05
2012-8-2,1,lasso,20,-0.011825889,-5.60E-05
2012-8-3,1,lasso,20,-0.001336168,-5.60E-05
2012-8-6,1,lasso,20,-0.000729572,-5.60E-05
2012-8-7,1,lasso,20,0.002187121,-5.60E-05
2012-8-8,1,lasso,20,0.003029754,-5.60E-05
2012-8-9,1,lasso,20,-0.001089654,-5.60E-05
2012-8-10,1,lasso,20,-0.001333414,-5.60E-05
2012-8-13,1,lasso,20,0.000485084,-5.60E-05
2012-8-14,1,lasso,20,0.001937985,-5.60E-05
2012-8-15,1,lasso,20,-0.003393943,-5.60E-05
2012-8-16,1,lasso,20,0.002909798,-5.60E-05
2012-8-17,1,lasso,20,-0.001696353,-5.60E-05
2012-8-20,1,lasso,20,-0.006692244,-5.60E-05
2012-8-21,1,lasso,20,-0.00514077,-5.60E-05
2012-8-22,1,lasso,20,-0.001596562,-5.60E-05
2012-8-23,1,lasso,20,0.002822954,-5.60E-05
2012-8-24,1,lasso,20,0.00085758,-5.60E-05
2012-8-27,1,lasso,20,-0.003557631,-5.60E-05
2012-8-28,1,lasso,20,0.002209674,-5.60E-05
2012-8-29,1,lasso,20,0.001715266,-5.60E-05
2012-8-30,1,lasso,20,-0.005893203,-5.60E-05
2012-7-6,1,lasso,21,-0.002642009,-0.00091167
2012-7-9,1,lasso,21,0.002881846,-0.000912189
2012-7-10,1,lasso,21,0.002036295,-0.000912625
2012-7-11,1,lasso,21,0.001076362,-0.000912171
2012-7-12,1,lasso,21,-0.003712357,-0.000912395
2012-7-13,1,lasso,21,-0.003003907,-0.000911458
2012-7-16,1,lasso,21,-0.000842714,-0.000911676
2012-7-17,1,lasso,21,0.000481638,-0.000911304
2012-7-18,1,lasso,21,-0.002289847,-0.000911116
2012-7-19,1,lasso,21,0.007213304,-0.000910697
2012-7-20,1,lasso,21,0.002751362,-0.000911181
2012-7-23,1,lasso,21,0.003458354,-0.000912566
2012-7-24,1,lasso,21,-0.005730675,-0.000913657
2012-7-25,1,lasso,21,-0.008537297,-0.00091299
2012-7-26,1,lasso,21,-0.001208313,-0.000911923
2012-7-27,1,lasso,21,0.000966767,-0.000911434
2012-7-30,1,lasso,21,-0.001813456,-0.000912218
2012-7-31,1,lasso,21,0.005069413,-0.000912749
2012-8-1,1,lasso,21,0.00360534,-0.00099938
2012-8-2,1,lasso,21,-0.011825889,-0.00099856
2012-8-3,1,lasso,21,-0.001336168,-0.000997422
2012-8-6,1,lasso,21,-0.000729572,-0.000997605
2012-8-7,1,lasso,21,0.002187121,-0.000997629
2012-8-8,1,lasso,21,0.003029754,-0.000997234
2012-8-9,1,lasso,21,-0.001089654,-0.00099721
2012-8-10,1,lasso,21,-0.001333414,-0.000996892
2012-8-13,1,lasso,21,0.000485084,-0.000996279
2012-8-14,1,lasso,21,0.001937985,-0.000996957
2012-8-15,1,lasso,21,-0.003393943,-0.000996827
2012-8-16,1,lasso,21,0.002909798,-0.000996626
2012-8-17,1,lasso,21,-0.001696353,-0.000996131
2012-8-20,1,lasso,21,-0.006692244,-0.000996467
2012-8-21,1,lasso,21,-0.00514077,-0.000997057
2012-8-22,1,lasso,21,-0.001596562,-0.00099711
2012-8-23,1,lasso,21,0.002822954,-0.000997611
2012-8-24,1,lasso,21,0.00085758,-0.000997151
2012-8-27,1,lasso,21,-0.003557631,-0.000997841
2012-8-28,1,lasso,21,0.002209674,-0.000997923
2012-8-29,1,lasso,21,0.001715266,-0.000998259
2012-8-30,1,lasso,21,-0.005893203,-0.000998713
2012-8-31,1,lasso,21,0,-0.000998501
2012-9-3,1,lasso,21,0.001230618,-0.0009307
2012-9-4,1,lasso,21,-0.000984373,-0.000931
2012-9-5,1,lasso,21,-0.002341777,-0.000930859
2012-9-6,1,lasso,21,-0.009796098,-0.000929597
2012-9-7,1,lasso,21,0,-0.000928878
2012-9-10,1,lasso,21,-0.00487166,-0.000929998
2012-9-11,1,lasso,21,-0.00150376,-0.000930075
2012-9-12,1,lasso,21,-0.006037754,-0.000929715
2012-9-13,1,lasso,21,-0.005186274,-0.000928684
2012-9-14,1,lasso,21,0.002027113,-0.000928955
2012-9-17,1,lasso,21,0.003032986,-0.000929002
2012-9-18,1,lasso,21,-0.002400355,-0.00092876
2012-9-19,1,lasso,21,0.004417247,-0.000928583
2012-9-20,1,lasso,21,-0.001007938,-0.000928695
2012-9-21,1,lasso,21,0.002392195,-0.000928642
2012-9-24,1,lasso,21,0.000377192,-0.000928743
2012-9-25,1,lasso,21,0.004264934,-0.000929497
2012-9-26,1,lasso,21,-0.004264934,-0.000930311
2012-9-27,1,lasso,21,0.004890598,-0.000929149
2012-8-3,1,lasso,22,-0.001336168,-0.001006663
2012-8-6,1,lasso,22,-0.000729572,-0.001006847
2012-8-7,1,lasso,22,0.002187121,-0.00100687
2012-8-8,1,lasso,22,0.003029754,-0.001006474
2012-8-9,1,lasso,22,-0.001089654,-0.00100645
2012-8-10,1,lasso,22,-0.001333414,-0.00100613
2012-8-13,1,lasso,22,0.000485084,-0.001005515
2012-8-14,1,lasso,22,0.001937985,-0.001006195
2012-8-15,1,lasso,22,-0.003393943,-0.001006065
2012-8-16,1,lasso,22,0.002909798,-0.001005864
2012-8-17,1,lasso,22,-0.001696353,-0.001005367
2012-8-20,1,lasso,22,-0.006692244,-0.001005704
2012-8-21,1,lasso,22,-0.00514077,-0.001006296
2012-8-22,1,lasso,22,-0.001596562,-0.001006349
2012-8-23,1,lasso,22,0.002822954,-0.001006852
2012-8-24,1,lasso,22,0.00085758,-0.001006391
2012-8-27,1,lasso,22,-0.003557631,-0.001007083
2012-8-28,1,lasso,22,0.002209674,-0.001007166
2012-8-29,1,lasso,22,0.001715266,-0.001007504
2012-8-30,1,lasso,22,-0.005893203,-0.001007959
2012-8-31,1,lasso,22,0,-0.001007746
2012-9-3,1,lasso,22,0.001230618,-0.000939603
2012-9-4,1,lasso,22,-0.000984373,-0.000939905
2012-9-5,1,lasso,22,-0.002341777,-0.000939763
2012-9-6,1,lasso,22,-0.009796098,-0.000938497
2012-9-7,1,lasso,22,0,-0.000937775
2012-9-10,1,lasso,22,-0.00487166,-0.000938899
2012-9-11,1,lasso,22,-0.00150376,-0.000938976
2012-9-12,1,lasso,22,-0.006037754,-0.000938615
2012-9-13,1,lasso,22,-0.005186274,-0.000937579
2012-9-14,1,lasso,22,0.002027113,-0.000937852
2012-9-17,1,lasso,22,0.003032986,-0.000937899
2012-9-18,1,lasso,22,-0.002400355,-0.000937656
2012-9-19,1,lasso,22,0.004417247,-0.000937479
2012-9-20,1,lasso,22,-0.001007938,-0.000937591
2012-9-21,1,lasso,22,0.002392195,-0.000937538
2012-9-24,1,lasso,22,0.000377192,-0.000937638
2012-9-25,1,lasso,22,0.004264934,-0.000938396
2012-9-26,1,lasso,22,-0.004264934,-0.000939213
2012-9-27,1,lasso,22,0.004890598,-0.000938047
2012-9-28,1,lasso,22,-0.001502254,-0.000938574
2012-10-1,1,lasso,22,-0.001002758,-0.000864006
2012-10-2,1,lasso,22,0.002880222,-0.000863645
2012-10-3,1,lasso,22,-0.007783117,-0.000863479
2012-10-4,1,lasso,22,-0.000126032,-0.000862958
2012-10-5,1,lasso,22,0.002517625,-0.000862828
2012-10-8,1,lasso,22,0.0051414,-0.00086329
2012-10-9,1,lasso,22,-0.000375305,-0.000864035
2012-10-10,1,lasso,22,-0.001753288,-0.000863988
2012-10-11,1,lasso,22,-0.001379743,-0.000863574
2012-10-12,1,lasso,22,0.000878239,-0.000863899
2012-10-15,1,lasso,22,-0.004147037,-0.000863384
2012-10-16,1,lasso,22,-0.00492332,-0.000863355
2012-10-17,1,lasso,22,0.004419478,-0.000863266
2012-10-18,1,lasso,22,0.003144854,-0.000863242
2012-10-19,1,lasso,22,0.000376719,-0.000864444
2012-10-22,1,lasso,22,0.004134567,-0.000864183
2012-10-23,1,lasso,22,-0.000875602,-0.000865491
2012-10-24,1,lasso,22,0.001625508,-0.000865195
2012-10-25,1,lasso,22,0.000374742,-0.000865071
2012-8-31,1,lasso,23,0,-6.36E-05
2012-9-3,1,lasso,23,0.001230618,-6.36E-05
2012-9-4,1,lasso,23,-0.000984373,-6.36E-05
2012-9-5,1,lasso,23,-0.002341777,-6.36E-05
2012-9-6,1,lasso,23,-0.009796098,-6.36E-05
2012-9-7,1,lasso,23,0,-6.36E-05
2012-9-10,1,lasso,23,-0.00487166,-6.36E-05
2012-9-11,1,lasso,23,-0.00150376,-6.36E-05
2012-9-12,1,lasso,23,-0.006037754,-6.36E-05
2012-9-13,1,lasso,23,-0.005186274,-6.36E-05
2012-9-14,1,lasso,23,0.002027113,-6.36E-05
2012-9-17,1,lasso,23,0.003032986,-6.36E-05
2012-9-18,1,lasso,23,-0.002400355,-6.36E-05
2012-9-19,1,lasso,23,0.004417247,-6.36E-05
2012-9-20,1,lasso,23,-0.001007938,-6.36E-05
2012-9-21,1,lasso,23,0.002392195,-6.36E-05
2012-9-24,1,lasso,23,0.000377192,-6.36E-05
2012-9-25,1,lasso,23,0.004264934,-6.36E-05
2012-9-26,1,lasso,23,-0.004264934,-6.36E-05
2012-9-27,1,lasso,23,0.004890598,-6.36E-05
2012-9-28,1,lasso,23,-0.001502254,-6.36E-05
2012-10-1,1,lasso,23,-0.001002758,-6.36E-05
2012-10-2,1,lasso,23,0.002880222,-6.36E-05
2012-10-3,1,lasso,23,-0.007783117,-6.36E-05
2012-10-4,1,lasso,23,-0.000126032,-6.36E-05
2012-10-5,1,lasso,23,0.002517625,-6.36E-05
2012-10-8,1,lasso,23,0.0051414,-6.36E-05
2012-10-9,1,lasso,23,-0.000375305,-6.36E-05
2012-10-10,1,lasso,23,-0.001753288,-6.36E-05
2012-10-11,1,lasso,23,-0.001379743,-6.36E-05
2012-10-12,1,lasso,23,0.000878239,-6.36E-05
2012-10-15,1,lasso,23,-0.004147037,-6.36E-05
2012-10-16,1,lasso,23,-0.00492332,-6.36E-05
2012-10-17,1,lasso,23,0.004419478,-6.36E-05
2012-10-18,1,lasso,23,0.003144854,-6.36E-05
2012-10-19,1,lasso,23,0.000376719,-6.36E-05
2012-10-22,1,lasso,23,0.004134567,-6.36E-05
2012-10-23,1,lasso,23,-0.000875602,-6.36E-05
2012-10-24,1,lasso,23,0.001625508,-6.36E-05
2012-10-25,1,lasso,23,0.000374742,-6.36E-05
2012-10-26,1,lasso,23,0.001996258,-6.36E-05
2012-10-29,1,lasso,23,-0.003746258,-6.36E-05
2012-10-30,1,lasso,23,-0.000125117,-6.36E-05
2012-10-31,1,lasso,23,0.001625305,-6.36E-05
2012-11-1,1,lasso,23,0.006723133,-6.36E-05
2012-11-2,1,lasso,23,0.00198339,-6.36E-05
2012-11-5,1,lasso,23,-0.001735251,-6.36E-05
2012-11-6,1,lasso,23,0.001859082,-6.36E-05
2012-11-7,1,lasso,23,0.000371402,-6.36E-05
2012-11-8,1,lasso,23,0.002966261,-6.36E-05
2012-11-9,1,lasso,23,0,-6.36E-05
2012-11-12,1,lasso,23,0.000616865,-6.36E-05
2012-11-13,1,lasso,23,-0.0002467,-6.36E-05
2012-11-14,1,lasso,23,0.0002467,-6.36E-05
2012-11-15,1,lasso,23,0.002217569,-6.36E-05
2012-11-16,1,lasso,23,-0.004810963,-6.36E-05
2012-11-19,1,lasso,23,0.001112278,-6.36E-05
2012-11-20,1,lasso,23,-0.000370622,-6.36E-05
2012-11-21,1,lasso,23,0,-6.36E-05
2012-11-22,1,lasso,23,-0.009185765,-6.36E-05
2012-9-28,1,lasso,24,-0.001502254,-7.22E-05
2012-10-1,1,lasso,24,-0.001002758,-7.22E-05
2012-10-2,1,lasso,24,0.002880222,-7.22E-05
2012-10-3,1,lasso,24,-0.007783117,-7.22E-05
2012-10-4,1,lasso,24,-0.000126032,-7.22E-05
2012-10-5,1,lasso,24,0.002517625,-7.22E-05
2012-10-8,1,lasso,24,0.0051414,-7.22E-05
2012-10-9,1,lasso,24,-0.000375305,-7.22E-05
2012-10-10,1,lasso,24,-0.001753288,-7.22E-05
2012-10-11,1,lasso,24,-0.001379743,-7.22E-05
2012-10-12,1,lasso,24,0.000878239,-7.22E-05
2012-10-15,1,lasso,24,-0.004147037,-7.22E-05
2012-10-16,1,lasso,24,-0.00492332,-7.22E-05
2012-10-17,1,lasso,24,0.004419478,-7.22E-05
2012-10-18,1,lasso,24,0.003144854,-7.22E-05
2012-10-19,1,lasso,24,0.000376719,-7.22E-05
2012-10-22,1,lasso,24,0.004134567,-7.22E-05
2012-10-23,1,lasso,24,-0.000875602,-7.22E-05
2012-10-24,1,lasso,24,0.001625508,-7.22E-05
2012-10-25,1,lasso,24,0.000374742,-7.22E-05
2012-10-26,1,lasso,24,0.001996258,-7.22E-05
2012-10-29,1,lasso,24,-0.003746258,-7.22E-05
2012-10-30,1,lasso,24,-0.000125117,-7.22E-05
2012-10-31,1,lasso,24,0.001625305,-7.22E-05
2012-11-1,1,lasso,24,0.006723133,-7.22E-05
2012-11-2,1,lasso,24,0.00198339,-7.22E-05
2012-11-5,1,lasso,24,-0.001735251,-7.22E-05
2012-11-6,1,lasso,24,0.001859082,-7.22E-05
2012-11-7,1,lasso,24,0.000371402,-7.22E-05
2012-11-8,1,lasso,24,0.002966261,-7.22E-05
2012-11-9,1,lasso,24,0,-7.22E-05
2012-11-12,1,lasso,24,0.000616865,-7.22E-05
2012-11-13,1,lasso,24,-0.0002467,-7.22E-05
2012-11-14,1,lasso,24,0.0002467,-7.22E-05
2012-11-15,1,lasso,24,0.002217569,-7.22E-05
2012-11-16,1,lasso,24,-0.004810963,-7.22E-05
2012-11-19,1,lasso,24,0.001112278,-7.22E-05
2012-11-20,1,lasso,24,-0.000370622,-7.22E-05
2012-11-21,1,lasso,24,0,-7.22E-05
2012-11-22,1,lasso,24,-0.009185765,-7.22E-05
2012-11-23,1,lasso,24,0.000747943,-7.22E-05
2012-11-26,1,lasso,24,0.001867414,-7.22E-05
2012-11-27,1,lasso,24,-0.000746547,-7.22E-05
2012-11-28,1,lasso,24,-0.001744114,-7.22E-05
2012-11-29,1,lasso,24,-0.000623636,-7.22E-05
2012-11-30,1,lasso,24,-0.003374371,-7.22E-05
2012-12-3,1,lasso,24,-0.003009029,-7.22E-05
2012-12-4,1,lasso,24,0.001631015,-7.22E-05
2012-12-5,1,lasso,24,0.006123871,-7.22E-05
2012-12-6,1,lasso,24,0.001867182,-7.22E-05
2012-12-7,1,lasso,24,-0.000995396,-7.22E-05
2012-12-10,1,lasso,24,-0.003366797,-7.22E-05
2012-12-11,1,lasso,24,-0.003127544,-7.22E-05
2012-12-12,1,lasso,24,0.001502442,-7.22E-05
2012-12-13,1,lasso,24,-0.004388447,-7.22E-05
2012-12-14,1,lasso,24,-0.000125668,-7.22E-05
2012-12-17,1,lasso,24,-0.002642674,-7.22E-05
2012-12-18,1,lasso,24,-0.001134716,-7.22E-05
2012-12-19,1,lasso,24,-0.000126159,-7.22E-05
2012-12-20,1,lasso,24,0.00453173,-7.22E-05
2012-10-26,1,lasso,25,0.001996258,-0.000891418
2012-10-29,1,lasso,25,-0.003746258,-0.000891418
2012-10-30,1,lasso,25,-0.000125117,-0.000891418
2012-10-31,1,lasso,25,0.001625305,-0.000891824
2012-11-1,1,lasso,25,0.006723133,-0.000866009
2012-11-2,1,lasso,25,0.00198339,-0.00086647
2012-11-5,1,lasso,25,-0.001735251,-0.000866896
2012-11-6,1,lasso,25,0.001859082,-0.000866465
2012-11-7,1,lasso,25,0.000371402,-0.000867235
2012-11-8,1,lasso,25,0.002966261,-0.000866932
2012-11-9,1,lasso,25,0,-0.000866994
2012-11-12,1,lasso,25,0.000616865,-0.000866004
2012-11-13,1,lasso,25,-0.0002467,-0.000865988
2012-11-14,1,lasso,25,0.0002467,-0.00086664
2012-11-15,1,lasso,25,0.002217569,-0.000866676
2012-11-16,1,lasso,25,-0.004810963,-0.000865865
2012-11-19,1,lasso,25,0.001112278,-0.000865265
2012-11-20,1,lasso,25,-0.000370622,-0.000865183
2012-11-21,1,lasso,25,0,-0.000865301
2012-11-22,1,lasso,25,-0.009185765,-0.000865301
2012-11-23,1,lasso,25,0.000747943,-0.000865214
2012-11-26,1,lasso,25,0.001867414,-0.000865398
2012-11-27,1,lasso,25,-0.000746547,-0.000865614
2012-11-28,1,lasso,25,-0.001744114,-0.000865403
2012-11-29,1,lasso,25,-0.000623636,-0.000865173
2012-11-30,1,lasso,25,-0.003374371,-0.000865588
2012-12-3,1,lasso,25,-0.003009029,-0.000916983
2012-12-4,1,lasso,25,0.001631015,-0.000917229
2012-12-5,1,lasso,25,0.006123871,-0.000916891
2012-12-6,1,lasso,25,0.001867182,-0.000916952
2012-12-7,1,lasso,25,-0.000995396,-0.000916603
2012-12-10,1,lasso,25,-0.003366797,-0.00091668
2012-12-11,1,lasso,25,-0.003127544,-0.000916434
2012-12-12,1,lasso,25,0.001502442,-0.000916629
2012-12-13,1,lasso,25,-0.004388447,-0.000916942
2012-12-14,1,lasso,25,-0.000125668,-0.000917168
2012-12-17,1,lasso,25,-0.002642674,-0.000916829
2012-12-18,1,lasso,25,-0.001134716,-0.000916434
2012-12-19,1,lasso,25,-0.000126159,-0.000917352
2012-12-20,1,lasso,25,0.00453173,-0.000917511
2012-12-21,1,lasso,25,0.000251162,-0.000917598
2012-12-24,1,lasso,25,0,-0.000917983
2012-12-25,1,lasso,25,-0.000251162,-0.000917983
2012-12-26,1,lasso,25,0,-0.00091844
2012-12-27,1,lasso,25,0.000753296,-0.000918434
2012-12-28,1,lasso,25,0.001128881,-0.000920102
2012-12-31,1,lasso,25,0,-0.000917691
2013-1-1,1,lasso,25,0.000877138,-0.000854507
2013-1-2,1,lasso,25,0.006740757,-0.000852794
2013-1-3,1,lasso,25,0.001491795,-0.000852732
2013-1-4,1,lasso,25,-0.00298582,-0.000852358
2013-1-7,1,lasso,25,0.000996264,-0.000852337
2013-1-8,1,lasso,25,0.002734619,-0.00085225
2013-1-9,1,lasso,25,-0.010230906,-0.000852347
2013-1-10,1,lasso,25,-0.002259888,-0.000852183
2013-1-11,1,lasso,25,-0.000880226,-0.000852117
2013-1-14,1,lasso,25,0.003641619,-0.000852199
2013-1-15,1,lasso,25,0.000250658,-0.000852214
2013-1-16,1,lasso,25,-0.001881468,-0.000852147
2013-1-17,1,lasso,25,0.004884473,-0.000852224
2012-11-23,1,lasso,26,0.000747943,-0.000868564
2012-11-26,1,lasso,26,0.001867414,-0.000868737
2012-11-27,1,lasso,26,-0.000746547,-0.000868939
2012-11-28,1,lasso,26,-0.001744114,-0.000868742
2012-11-29,1,lasso,26,-0.000623636,-0.000868526
2012-11-30,1,lasso,26,-0.003374371,-0.000868915
2012-12-3,1,lasso,26,-0.003009029,-0.00092211
2012-12-4,1,lasso,26,0.001631015,-0.000922341
2012-12-5,1,lasso,26,0.006123871,-0.000922024
2012-12-6,1,lasso,26,0.001867182,-0.000922082
2012-12-7,1,lasso,26,-0.000995396,-0.000921755
2012-12-10,1,lasso,26,-0.003366797,-0.000921827
2012-12-11,1,lasso,26,-0.003127544,-0.000921597
2012-12-12,1,lasso,26,0.001502442,-0.000921779
2012-12-13,1,lasso,26,-0.004388447,-0.000922072
2012-12-14,1,lasso,26,-0.000125668,-0.000922283
2012-12-17,1,lasso,26,-0.002642674,-0.000921967
2012-12-18,1,lasso,26,-0.001134716,-0.000921597
2012-12-19,1,lasso,26,-0.000126159,-0.000922456
2012-12-20,1,lasso,26,0.00453173,-0.000922604
2012-12-21,1,lasso,26,0.000251162,-0.000922686
2012-12-24,1,lasso,26,0,-0.000923046
2012-12-25,1,lasso,26,-0.000251162,-0.000923046
2012-12-26,1,lasso,26,0,-0.000923473
2012-12-27,1,lasso,26,0.000753296,-0.000923468
2012-12-28,1,lasso,26,0.001128881,-0.000925027
2012-12-31,1,lasso,26,0,-0.000922772
2013-1-1,1,lasso,26,0.000877138,-0.000860476
2013-1-2,1,lasso,26,0.006740757,-0.000858874
2013-1-3,1,lasso,26,0.001491795,-0.000858816
2013-1-4,1,lasso,26,-0.00298582,-0.000858466
2013-1-7,1,lasso,26,0.000996264,-0.000858447
2013-1-8,1,lasso,26,0.002734619,-0.000858366
2013-1-9,1,lasso,26,-0.010230906,-0.000858457
2013-1-10,1,lasso,26,-0.002259888,-0.000858303
2013-1-11,1,lasso,26,-0.000880226,-0.000858241
2013-1-14,1,lasso,26,0.003641619,-0.000858318
2013-1-15,1,lasso,26,0.000250658,-0.000858332
2013-1-16,1,lasso,26,-0.001881468,-0.00085827
2013-1-17,1,lasso,26,0.004884473,-0.000858342
2013-1-18,1,lasso,26,0,-0.000857809
2013-1-21,1,lasso,26,-0.002126197,-0.000857809
2013-1-22,1,lasso,26,0.000625821,-0.000857795
2013-1-23,1,lasso,26,0.000375305,-0.000857809
2013-1-24,1,lasso,26,-0.002504698,-0.000857919
2013-1-25,1,lasso,26,0,-0.000858015
2013-1-28,1,lasso,26,-0.002385288,-0.000858342
2013-1-29,1,lasso,26,-0.003525564,-0.000858217
2013-1-30,1,lasso,26,-0.000883337,-0.000858701
2013-1-31,1,lasso,26,0,-0.000858682
2013-2-1,1,lasso,26,0.004283201,-0.000897505
2013-2-4,1,lasso,26,-0.000754527,-0.000898354
2013-2-5,1,lasso,26,0.002889268,-0.000897898
2013-2-6,1,lasso,26,0.005878323,-0.00089775
2013-2-7,1,lasso,26,0.000249377,-0.000897793
2013-2-8,1,lasso,26,0.001245951,-0.000897563
2013-2-11,1,lasso,26,-0.002493456,-0.000897524
2013-2-12,1,lasso,26,-0.000249688,-0.00089738
2013-2-13,1,lasso,26,0.004609164,-0.000897543
2013-2-14,1,lasso,26,0.001490313,-0.00089739
2012-12-21,1,lasso,27,0.000251162,-0.000932478
2012-12-24,1,lasso,27,0,-0.000932809
2012-12-25,1,lasso,27,-0.000251162,-0.000932809
2012-12-26,1,lasso,27,0,-0.0009332
2012-12-27,1,lasso,27,0.000753296,-0.000933196
2012-12-28,1,lasso,27,0.001128881,-0.000934627
2012-12-31,1,lasso,27,0,-0.000932558
2013-1-1,1,lasso,27,0.000877138,-0.000869948
2013-1-2,1,lasso,27,0.006740757,-0.000868477
2013-1-3,1,lasso,27,0.001491795,-0.000868424
2013-1-4,1,lasso,27,-0.00298582,-0.000868103
2013-1-7,1,lasso,27,0.000996264,-0.000868085
2013-1-8,1,lasso,27,0.002734619,-0.000868011
2013-1-9,1,lasso,27,-0.010230906,-0.000868094
2013-1-10,1,lasso,27,-0.002259888,-0.000867953
2013-1-11,1,lasso,27,-0.000880226,-0.000867896
2013-1-14,1,lasso,27,0.003641619,-0.000867967
2013-1-15,1,lasso,27,0.000250658,-0.00086798
2013-1-16,1,lasso,27,-0.001881468,-0.000867923
2013-1-17,1,lasso,27,0.004884473,-0.000867989
2013-1-18,1,lasso,27,0,-0.0008675
2013-1-21,1,lasso,27,-0.002126197,-0.0008675
2013-1-22,1,lasso,27,0.000625821,-0.000867487
2013-1-23,1,lasso,27,0.000375305,-0.0008675
2013-1-24,1,lasso,27,-0.002504698,-0.000867601
2013-1-25,1,lasso,27,0,-0.000867689
2013-1-28,1,lasso,27,-0.002385288,-0.000867989
2013-1-29,1,lasso,27,-0.003525564,-0.000867874
2013-1-30,1,lasso,27,-0.000883337,-0.000868319
2013-1-31,1,lasso,27,0,-0.000868301
2013-2-1,1,lasso,27,0.004283201,-0.000906703
2013-2-4,1,lasso,27,-0.000754527,-0.000907483
2013-2-5,1,lasso,27,0.002889268,-0.000907064
2013-2-6,1,lasso,27,0.005878323,-0.000906928
2013-2-7,1,lasso,27,0.000249377,-0.000906967
2013-2-8,1,lasso,27,0.001245951,-0.000906756
2013-2-11,1,lasso,27,-0.002493456,-0.000906721
2013-2-12,1,lasso,27,-0.000249688,-0.000906589
2013-2-13,1,lasso,27,0.004609164,-0.000906738
2013-2-14,1,lasso,27,0.001490313,-0.000906598
2013-2-15,1,lasso,27,0,-0.000906509
2013-2-18,1,lasso,27,-0.001366036,-0.000906509
2013-2-19,1,lasso,27,0.007428535,-0.000906443
2013-2-20,1,lasso,27,0.004799123,-0.000907487
2013-2-21,1,lasso,27,0,-0.000907725
2013-2-22,1,lasso,27,0.002574635,-0.000907262
2013-2-25,1,lasso,27,0.002445886,-0.000909385
2013-2-26,1,lasso,27,-0.003303361,-0.000908451
2013-2-27,1,lasso,27,0.004280043,-0.000907509
2013-2-28,1,lasso,27,0.00401876,-0.000907852
2013-3-1,1,lasso,27,-0.001094425,-0.000864689
2013-3-4,1,lasso,27,-0.001217434,-0.000864095
2013-3-5,1,lasso,27,0.004497121,-0.000863861
2013-3-6,1,lasso,27,-0.004618946,-0.000863883
2013-3-7,1,lasso,27,0.007767029,-0.000863676
2013-3-8,1,lasso,27,-0.001814992,-0.000863469
2013-3-11,1,lasso,27,0.000121102,-0.000863016
2013-3-12,1,lasso,27,0.003746907,-0.000863329
2013-3-13,1,lasso,27,-0.003383689,-0.000863135
2013-3-14,1,lasso,27,-0.005827381,-0.000862901
2013-1-18,1,lasso,28,0,-0.000855139
2013-1-21,1,lasso,28,-0.002126197,-0.000855139
2013-1-22,1,lasso,28,0.000625821,-0.000855125
2013-1-23,1,lasso,28,0.000375305,-0.000855139
2013-1-24,1,lasso,28,-0.002504698,-0.000855243
2013-1-25,1,lasso,28,0,-0.000855333
2013-1-28,1,lasso,28,-0.002385288,-0.00085564
2013-1-29,1,lasso,28,-0.003525564,-0.000855523
2013-1-30,1,lasso,28,-0.000883337,-0.000855979
2013-1-31,1,lasso,28,0,-0.000855961
2013-2-1,1,lasso,28,0.004283201,-0.000894594
2013-2-4,1,lasso,28,-0.000754527,-0.000895394
2013-2-5,1,lasso,28,0.002889268,-0.000894965
2013-2-6,1,lasso,28,0.005878323,-0.000894825
2013-2-7,1,lasso,28,0.000249377,-0.000894865
2013-2-8,1,lasso,28,0.001245951,-0.000894648
2013-2-11,1,lasso,28,-0.002493456,-0.000894612
2013-2-12,1,lasso,28,-0.000249688,-0.000894477
2013-2-13,1,lasso,28,0.004609164,-0.00089463
2013-2-14,1,lasso,28,0.001490313,-0.000894486
2013-2-15,1,lasso,28,0,-0.000894395
2013-2-18,1,lasso,28,-0.001366036,-0.000894395
2013-2-19,1,lasso,28,0.007428535,-0.000894327
2013-2-20,1,lasso,28,0.004799123,-0.000895398
2013-2-21,1,lasso,28,0,-0.000895642
2013-2-22,1,lasso,28,0.002574635,-0.000895168
2013-2-25,1,lasso,28,0.002445886,-0.000897346
2013-2-26,1,lasso,28,-0.003303361,-0.000896388
2013-2-27,1,lasso,28,0.004280043,-0.000895421
2013-2-28,1,lasso,28,0.00401876,-0.000895773
2013-3-1,1,lasso,28,-0.001094425,-0.000854756
2013-3-4,1,lasso,28,-0.001217434,-0.000854146
2013-3-5,1,lasso,28,0.004497121,-0.000853907
2013-3-6,1,lasso,28,-0.004618946,-0.000853929
2013-3-7,1,lasso,28,0.007767029,-0.000853717
2013-3-8,1,lasso,28,-0.001814992,-0.000853504
2013-3-11,1,lasso,28,0.000121102,-0.000853039
2013-3-12,1,lasso,28,0.003746907,-0.00085336
2013-3-13,1,lasso,28,-0.003383689,-0.000853161
2013-3-14,1,lasso,28,-0.005827381,-0.000852922
2013-3-15,1,lasso,28,0.006795318,-0.000852922
2013-3-18,1,lasso,28,0.003621443,-0.000853852
2013-3-19,1,lasso,28,-0.002533632,-0.000854318
2013-3-20,1,lasso,28,-0.000483325,-0.000853541
2013-3-21,1,lasso,28,-0.002541297,-0.000854137
2013-3-22,1,lasso,28,0.003628451,-0.000853947
2013-3-25,1,lasso,28,0.000603464,-0.000854024
2013-3-26,1,lasso,28,0.004093925,-0.000853586
2013-3-27,1,lasso,28,-0.002767585,-0.000853757
2013-3-28,1,lasso,28,0.002767585,-0.000853554
2013-3-29,1,lasso,28,-0.00590541,-0.000853554
2013-4-1,1,lasso,28,0.002293994,-0.001008819
2013-4-2,1,lasso,28,-0.002414877,-0.001008458
2013-4-3,1,lasso,28,-0.000483676,-0.001009104
2013-4-4,1,lasso,28,-0.002179441,-0.00100896
2013-4-5,1,lasso,28,0.003025721,-0.001008973
2013-4-8,1,lasso,28,-0.005331407,-0.001008643
2013-4-9,1,lasso,28,0.002669257,-0.001008485
2013-4-10,1,lasso,28,-0.003398474,-0.001008268
2013-4-11,1,lasso,28,-0.001460032,-0.001008214
2013-2-15,1,lasso,29,0,-6.37E-05
2013-2-18,1,lasso,29,-0.001366036,-6.37E-05
2013-2-19,1,lasso,29,0.007428535,-6.37E-05
2013-2-20,1,lasso,29,0.004799123,-6.37E-05
2013-2-21,1,lasso,29,0,-6.37E-05
2013-2-22,1,lasso,29,0.002574635,-6.37E-05
2013-2-25,1,lasso,29,0.002445886,-6.37E-05
2013-2-26,1,lasso,29,-0.003303361,-6.37E-05
2013-2-27,1,lasso,29,0.004280043,-6.37E-05
2013-2-28,1,lasso,29,0.00401876,-6.37E-05
2013-3-1,1,lasso,29,-0.001094425,-6.37E-05
2013-3-4,1,lasso,29,-0.001217434,-6.37E-05
2013-3-5,1,lasso,29,0.004497121,-6.37E-05
2013-3-6,1,lasso,29,-0.004618946,-6.37E-05
2013-3-7,1,lasso,29,0.007767029,-6.37E-05
2013-3-8,1,lasso,29,-0.001814992,-6.37E-05
2013-3-11,1,lasso,29,0.000121102,-6.37E-05
2013-3-12,1,lasso,29,0.003746907,-6.37E-05
2013-3-13,1,lasso,29,-0.003383689,-6.37E-05
2013-3-14,1,lasso,29,-0.005827381,-6.37E-05
2013-3-15,1,lasso,29,0.006795318,-6.37E-05
2013-3-18,1,lasso,29,0.003621443,-6.37E-05
2013-3-19,1,lasso,29,-0.002533632,-6.37E-05
2013-3-20,1,lasso,29,-0.000483325,-6.37E-05
2013-3-21,1,lasso,29,-0.002541297,-6.37E-05
2013-3-22,1,lasso,29,0.003628451,-6.37E-05
2013-3-25,1,lasso,29,0.000603464,-6.37E-05
2013-3-26,1,lasso,29,0.004093925,-6.37E-05
2013-3-27,1,lasso,29,-0.002767585,-6.37E-05
2013-3-28,1,lasso,29,0.002767585,-6.37E-05
2013-3-29,1,lasso,29,-0.00590541,-6.37E-05
2013-4-1,1,lasso,29,0.002293994,-6.37E-05
2013-4-2,1,lasso,29,-0.002414877,-6.37E-05
2013-4-3,1,lasso,29,-0.000483676,-6.37E-05
2013-4-4,1,lasso,29,-0.002179441,-6.37E-05
2013-4-5,1,lasso,29,0.003025721,-6.37E-05
2013-4-8,1,lasso,29,-0.005331407,-6.37E-05
2013-4-9,1,lasso,29,0.002669257,-6.37E-05
2013-4-10,1,lasso,29,-0.003398474,-6.37E-05
2013-4-11,1,lasso,29,-0.001460032,-6.37E-05
2013-4-12,1,lasso,29,0.003524768,-6.37E-05
2013-4-15,1,lasso,29,-0.008162316,-6.37E-05
2013-4-16,1,lasso,29,0.011311925,-6.37E-05
2013-4-17,1,lasso,29,-0.001452433,-6.37E-05
2013-4-18,1,lasso,29,0.001815212,-6.37E-05
2013-4-19,1,lasso,29,-0.000362779,-6.37E-05
2013-4-22,1,lasso,29,0.004465101,-6.37E-05
2013-4-23,1,lasso,29,0,-6.37E-05
2013-4-24,1,lasso,29,-0.003739675,-6.37E-05
2013-4-25,1,lasso,29,-0.00326857,-6.37E-05
2013-4-26,1,lasso,29,-0.003887746,-6.37E-05
2013-4-29,1,lasso,29,-0.004881035,-6.37E-05
2013-4-30,1,lasso,29,-0.003308218,-6.37E-05
2013-5-1,1,lasso,29,0.00904099,-6.37E-05
2013-5-2,1,lasso,29,-0.001460565,-6.37E-05
2013-5-3,1,lasso,29,0.002554591,-6.37E-05
2013-5-6,1,lasso,29,-0.000729217,-6.37E-05
2013-5-7,1,lasso,29,-0.004264399,-6.37E-05
2013-5-8,1,lasso,29,0.01080829,-6.37E-05
2013-5-9,1,lasso,29,0.004218653,-6.37E-05
2013-3-15,1,lasso,30,0.006795318,-0.000792322
2013-3-18,1,lasso,30,0.003621443,-0.000793582
2013-3-19,1,lasso,30,-0.002533632,-0.000794212
2013-3-20,1,lasso,30,-0.000483325,-0.00079316
2013-3-21,1,lasso,30,-0.002541297,-0.000793968
2013-3-22,1,lasso,30,0.003628451,-0.000793711
2013-3-25,1,lasso,30,0.000603464,-0.000793815
2013-3-26,1,lasso,30,0.004093925,-0.000793221
2013-3-27,1,lasso,30,-0.002767585,-0.000793454
2013-3-28,1,lasso,30,0.002767585,-0.000793178
2013-3-29,1,lasso,30,-0.00590541,-0.000793178
2013-4-1,1,lasso,30,0.002293994,-0.000952821
2013-4-2,1,lasso,30,-0.002414877,-0.000952331
2013-4-3,1,lasso,30,-0.000483676,-0.000953206
2013-4-4,1,lasso,30,-0.002179441,-0.00095301
2013-4-5,1,lasso,30,0.003025721,-0.000953029
2013-4-8,1,lasso,30,-0.005331407,-0.000952582
2013-4-9,1,lasso,30,0.002669257,-0.000952368
2013-4-10,1,lasso,30,-0.003398474,-0.000952074
2013-4-11,1,lasso,30,-0.001460032,-0.000952001
2013-4-12,1,lasso,30,0.003524768,-0.000951891
2013-4-15,1,lasso,30,-0.008162316,-0.000955078
2013-4-16,1,lasso,30,0.011311925,-0.000953053
2013-4-17,1,lasso,30,-0.001452433,-0.000954613
2013-4-18,1,lasso,30,0.001815212,-0.000955255
2013-4-19,1,lasso,30,-0.000362779,-0.000953671
2013-4-22,1,lasso,30,0.004465101,-0.000953316
2013-4-23,1,lasso,30,0,-0.000952759
2013-4-24,1,lasso,30,-0.003739675,-0.000952839
2013-4-25,1,lasso,30,-0.00326857,-0.000952845
2013-4-26,1,lasso,30,-0.003887746,-0.000952839
2013-4-29,1,lasso,30,-0.004881035,-0.0009529
2013-4-30,1,lasso,30,-0.003308218,-0.000952784
2013-5-1,1,lasso,30,0.00904099,-0.001011633
2013-5-2,1,lasso,30,-0.001460565,-0.001011082
2013-5-3,1,lasso,30,0.002554591,-0.001010629
2013-5-6,1,lasso,30,-0.000729217,-0.001010513
2013-5-7,1,lasso,30,-0.004264399,-0.001010617
2013-5-8,1,lasso,30,0.01080829,-0.001010513
2013-5-9,1,lasso,30,0.004218653,-0.001010801
2013-5-10,1,lasso,30,0.00168249,-0.00101047
2013-5-13,1,lasso,30,0.003715471,-0.001010446
2013-5-14,1,lasso,30,0.002867043,-0.00101058
2013-5-15,1,lasso,30,-0.002867043,-0.001010605
2013-5-16,1,lasso,30,0.007864674,-0.001010764
2013-5-17,1,lasso,30,-0.006071809,-0.001010385
2013-5-20,1,lasso,30,0.001431981,-0.001010733
2013-5-21,1,lasso,30,0.005826067,-0.001010948
2013-5-22,1,lasso,30,-0.006541802,-0.001011223
2013-5-23,1,lasso,30,-0.00119403,-0.001011376
2013-5-24,1,lasso,30,0,-0.001011327
2013-5-27,1,lasso,30,0.004767589,-0.001011327
2013-5-28,1,lasso,30,-0.005245601,-0.001011627
2013-5-29,1,lasso,30,-0.007438547,-0.001011841
2013-5-30,1,lasso,30,0.002645822,-0.001011657
2013-5-31,1,lasso,30,-0.007232433,-0.00101274
2013-6-3,1,lasso,30,0.001329868,-0.000905861
2013-6-4,1,lasso,30,-0.002177069,-0.000905854
2013-6-5,1,lasso,30,-0.01279491,-0.000906607
2013-6-6,1,lasso,30,0.00159304,-0.000906075
2013-4-12,1,lasso,31,0.003524768,-0.000949649
2013-4-15,1,lasso,31,-0.008162316,-0.000952884
2013-4-16,1,lasso,31,0.011311925,-0.000950828
2013-4-17,1,lasso,31,-0.001452433,-0.000952412
2013-4-18,1,lasso,31,0.001815212,-0.000953064
2013-4-19,1,lasso,31,-0.000362779,-0.000951456
2013-4-22,1,lasso,31,0.004465101,-0.000951095
2013-4-23,1,lasso,31,0,-0.00095053
2013-4-24,1,lasso,31,-0.003739675,-0.000950611
2013-4-25,1,lasso,31,-0.00326857,-0.000950617
2013-4-26,1,lasso,31,-0.003887746,-0.000950611
2013-4-29,1,lasso,31,-0.004881035,-0.000950673
2013-4-30,1,lasso,31,-0.003308218,-0.000950555
2013-5-1,1,lasso,31,0.00904099,-0.001010353
2013-5-2,1,lasso,31,-0.001460565,-0.001009795
2013-5-3,1,lasso,31,0.002554591,-0.001009335
2013-5-6,1,lasso,31,-0.000729217,-0.001009217
2013-5-7,1,lasso,31,-0.004264399,-0.001009323
2013-5-8,1,lasso,31,0.01080829,-0.001009217
2013-5-9,1,lasso,31,0.004218653,-0.001009509
2013-5-10,1,lasso,31,0.00168249,-0.001009174
2013-5-13,1,lasso,31,0.003715471,-0.001009149
2013-5-14,1,lasso,31,0.002867043,-0.001009286
2013-5-15,1,lasso,31,-0.002867043,-0.00100931
2013-5-16,1,lasso,31,0.007864674,-0.001009472
2013-5-17,1,lasso,31,-0.006071809,-0.001009087
2013-5-20,1,lasso,31,0.001431981,-0.001009441
2013-5-21,1,lasso,31,0.005826067,-0.001009658
2013-5-22,1,lasso,31,-0.006541802,-0.001009938
2013-5-23,1,lasso,31,-0.00119403,-0.001010093
2013-5-24,1,lasso,31,0,-0.001010043
2013-5-27,1,lasso,31,0.004767589,-0.001010043
2013-5-28,1,lasso,31,-0.005245601,-0.001010347
2013-5-29,1,lasso,31,-0.007438547,-0.001010565
2013-5-30,1,lasso,31,0.002645822,-0.001010378
2013-5-31,1,lasso,31,-0.007232433,-0.001011477
2013-6-3,1,lasso,31,0.001329868,-0.000904858
2013-6-4,1,lasso,31,-0.002177069,-0.000904852
2013-6-5,1,lasso,31,-0.01279491,-0.000905616
2013-6-6,1,lasso,31,0.00159304,-0.000905076
2013-6-7,1,lasso,31,-0.000244918,-0.000904151
2013-6-10,1,lasso,31,-0.006635561,-0.000904337
2013-6-11,1,lasso,31,-0.001974578,-0.000905349
2013-6-12,1,lasso,31,-0.002473718,-0.000906292
2013-6-13,1,lasso,31,-0.001611204,-0.000904939
2013-6-14,1,lasso,31,0.002106438,-0.000905398
2013-6-17,1,lasso,31,-0.002230484,-0.000905181
2013-6-18,1,lasso,31,0.010121044,-0.000905063
2013-6-19,1,lasso,31,0.005999406,-0.000905082
2013-6-20,1,lasso,31,0.005963627,-0.000907472
2013-6-21,1,lasso,31,0.000121337,-0.000906485
2013-6-24,1,lasso,31,0.001939395,-0.000907236
2013-6-25,1,lasso,31,0.004832094,-0.000906218
2013-6-26,1,lasso,31,-0.000964553,-0.000905436
2013-6-27,1,lasso,31,0.002890872,-0.000905218
2013-6-28,1,lasso,31,-0.001083098,-0.000905218
2013-7-1,1,lasso,31,0.005882723,-0.000745283
2013-7-2,1,lasso,31,-0.003717699,-0.000745326
2013-7-3,1,lasso,31,0,-0.000745177
2013-7-4,1,lasso,31,0.014433363,-0.000745177
2013-5-10,1,lasso,32,0.00168249,-4.46E-05
2013-5-13,1,lasso,32,0.003715471,-4.46E-05
2013-5-14,1,lasso,32,0.002867043,-4.46E-05
2013-5-15,1,lasso,32,-0.002867043,-4.46E-05
2013-5-16,1,lasso,32,0.007864674,-4.46E-05
2013-5-17,1,lasso,32,-0.006071809,-4.46E-05
2013-5-20,1,lasso,32,0.001431981,-4.46E-05
2013-5-21,1,lasso,32,0.005826067,-4.46E-05
2013-5-22,1,lasso,32,-0.006541802,-4.46E-05
2013-5-23,1,lasso,32,-0.00119403,-4.46E-05
2013-5-24,1,lasso,32,0,-4.46E-05
2013-5-27,1,lasso,32,0.004767589,-4.46E-05
2013-5-28,1,lasso,32,-0.005245601,-4.46E-05
2013-5-29,1,lasso,32,-0.007438547,-4.46E-05
2013-5-30,1,lasso,32,0.002645822,-4.46E-05
2013-5-31,1,lasso,32,-0.007232433,-4.46E-05
2013-6-3,1,lasso,32,0.001329868,-4.46E-05
2013-6-4,1,lasso,32,-0.002177069,-4.46E-05
2013-6-5,1,lasso,32,-0.01279491,-4.46E-05
2013-6-6,1,lasso,32,0.00159304,-4.46E-05
2013-6-7,1,lasso,32,-0.000244918,-4.46E-05
2013-6-10,1,lasso,32,-0.006635561,-4.46E-05
2013-6-11,1,lasso,32,-0.001974578,-4.46E-05
2013-6-12,1,lasso,32,-0.002473718,-4.46E-05
2013-6-13,1,lasso,32,-0.001611204,-4.46E-05
2013-6-14,1,lasso,32,0.002106438,-4.46E-05
2013-6-17,1,lasso,32,-0.002230484,-4.46E-05
2013-6-18,1,lasso,32,0.010121044,-4.46E-05
2013-6-19,1,lasso,32,0.005999406,-4.46E-05
2013-6-20,1,lasso,32,0.005963627,-4.46E-05
2013-6-21,1,lasso,32,0.000121337,-4.46E-05
2013-6-24,1,lasso,32,0.001939395,-4.46E-05
2013-6-25,1,lasso,32,0.004832094,-4.46E-05
2013-6-26,1,lasso,32,-0.000964553,-4.46E-05
2013-6-27,1,lasso,32,0.002890872,-4.46E-05
2013-6-28,1,lasso,32,-0.001083098,-4.46E-05
2013-7-1,1,lasso,32,0.005882723,-4.46E-05
2013-7-2,1,lasso,32,-0.003717699,-4.46E-05
2013-7-3,1,lasso,32,0,-4.46E-05
2013-7-4,1,lasso,32,0.014433363,-4.46E-05
2013-7-5,1,lasso,32,-0.002965074,-4.46E-05
2013-7-8,1,lasso,32,0.004621683,-4.46E-05
2013-7-9,1,lasso,32,-0.006404956,-4.46E-05
2013-7-10,1,lasso,32,-0.015468862,-4.46E-05
2013-7-11,1,lasso,32,0.002896104,-4.46E-05
2013-7-12,1,lasso,32,0.000602301,-4.46E-05
2013-7-15,1,lasso,32,-0.006524126,-4.46E-05
2013-7-16,1,lasso,32,0.00254222,-4.46E-05
2013-7-17,1,lasso,32,0.001329064,-4.46E-05
2013-7-18,1,lasso,32,-0.002417796,-4.46E-05
2013-7-19,1,lasso,32,-0.0048532,-4.46E-05
2013-7-22,1,lasso,32,-0.003411309,-4.46E-05
2013-7-23,1,lasso,32,0.004262321,-4.46E-05
2013-7-24,1,lasso,32,-0.003896267,-4.46E-05
2013-7-25,1,lasso,32,-0.003789041,-4.46E-05
2013-7-26,1,lasso,32,0,-4.46E-05
2013-7-29,1,lasso,32,0.002079639,-4.46E-05
2013-7-30,1,lasso,32,-0.004654589,-4.46E-05
2013-7-31,1,lasso,32,0.010867681,-4.46E-05
2013-8-1,1,lasso,32,-0.005235933,-4.46E-05
2013-6-7,1,lasso,33,-0.000244918,-5.37E-05
2013-6-10,1,lasso,33,-0.006635561,-5.37E-05
2013-6-11,1,lasso,33,-0.001974578,-5.37E-05
2013-6-12,1,lasso,33,-0.002473718,-5.37E-05
2013-6-13,1,lasso,33,-0.001611204,-5.37E-05
2013-6-14,1,lasso,33,0.002106438,-5.37E-05
2013-6-17,1,lasso,33,-0.002230484,-5.37E-05
2013-6-18,1,lasso,33,0.010121044,-5.37E-05
2013-6-19,1,lasso,33,0.005999406,-5.37E-05
2013-6-20,1,lasso,33,0.005963627,-5.37E-05
2013-6-21,1,lasso,33,0.000121337,-5.37E-05
2013-6-24,1,lasso,33,0.001939395,-5.37E-05
2013-6-25,1,lasso,33,0.004832094,-5.37E-05
2013-6-26,1,lasso,33,-0.000964553,-5.37E-05
2013-6-27,1,lasso,33,0.002890872,-5.37E-05
2013-6-28,1,lasso,33,-0.001083098,-5.37E-05
2013-7-1,1,lasso,33,0.005882723,-5.37E-05
2013-7-2,1,lasso,33,-0.003717699,-5.37E-05
2013-7-3,1,lasso,33,0,-5.37E-05
2013-7-4,1,lasso,33,0.014433363,-5.37E-05
2013-7-5,1,lasso,33,-0.002965074,-5.37E-05
2013-7-8,1,lasso,33,0.004621683,-5.37E-05
2013-7-9,1,lasso,33,-0.006404956,-5.37E-05
2013-7-10,1,lasso,33,-0.015468862,-5.37E-05
2013-7-11,1,lasso,33,0.002896104,-5.37E-05
2013-7-12,1,lasso,33,0.000602301,-5.37E-05
2013-7-15,1,lasso,33,-0.006524126,-5.37E-05
2013-7-16,1,lasso,33,0.00254222,-5.37E-05
2013-7-17,1,lasso,33,0.001329064,-5.37E-05
2013-7-18,1,lasso,33,-0.002417796,-5.37E-05
2013-7-19,1,lasso,33,-0.0048532,-5.37E-05
2013-7-22,1,lasso,33,-0.003411309,-5.37E-05
2013-7-23,1,lasso,33,0.004262321,-5.37E-05
2013-7-24,1,lasso,33,-0.003896267,-5.37E-05
2013-7-25,1,lasso,33,-0.003789041,-5.37E-05
2013-7-26,1,lasso,33,0,-5.37E-05
2013-7-29,1,lasso,33,0.002079639,-5.37E-05
2013-7-30,1,lasso,33,-0.004654589,-5.37E-05
2013-7-31,1,lasso,33,0.010867681,-5.37E-05
2013-8-1,1,lasso,33,-0.005235933,-5.37E-05
2013-8-2,1,lasso,33,-0.000366323,-5.37E-05
2013-8-5,1,lasso,33,-0.003425499,-5.37E-05
2013-8-6,1,lasso,33,-0.003806254,-5.37E-05
2013-8-7,1,lasso,33,-0.003820797,-5.37E-05
2013-8-8,1,lasso,33,0.001850596,-5.37E-05
2013-8-9,1,lasso,33,0.002462146,-5.37E-05
2013-8-12,1,lasso,33,0.005395476,-5.37E-05
2013-8-13,1,lasso,33,-0.000734035,-5.37E-05
2013-8-14,1,lasso,33,-0.006507482,-5.37E-05
2013-8-15,1,lasso,33,0.000984979,-5.37E-05
2013-8-16,1,lasso,33,-0.000369253,-5.37E-05
2013-8-19,1,lasso,33,-0.003947211,-5.37E-05
2013-8-20,1,lasso,33,0.003700966,-5.37E-05
2013-8-21,1,lasso,33,0.003441921,-5.37E-05
2013-8-22,1,lasso,33,-0.001596562,-5.37E-05
2013-8-23,1,lasso,33,0.000614364,-5.37E-05
2013-8-26,1,lasso,33,-0.002952395,-5.37E-05
2013-8-27,1,lasso,33,0.003198035,-5.37E-05
2013-8-28,1,lasso,33,0.00636555,-5.37E-05
2013-8-29,1,lasso,33,0.001706901,-5.37E-05
2013-7-5,1,lasso,34,-0.002965074,-3.54E-05
2013-7-8,1,lasso,34,0.004621683,-3.54E-05
2013-7-9,1,lasso,34,-0.006404956,-3.54E-05
2013-7-10,1,lasso,34,-0.015468862,-3.54E-05
2013-7-11,1,lasso,34,0.002896104,-3.54E-05
2013-7-12,1,lasso,34,0.000602301,-3.54E-05
2013-7-15,1,lasso,34,-0.006524126,-3.54E-05
2013-7-16,1,lasso,34,0.00254222,-3.54E-05
2013-7-17,1,lasso,34,0.001329064,-3.54E-05
2013-7-18,1,lasso,34,-0.002417796,-3.54E-05
2013-7-19,1,lasso,34,-0.0048532,-3.54E-05
2013-7-22,1,lasso,34,-0.003411309,-3.54E-05
2013-7-23,1,lasso,34,0.004262321,-3.54E-05
2013-7-24,1,lasso,34,-0.003896267,-3.54E-05
2013-7-25,1,lasso,34,-0.003789041,-3.54E-05
2013-7-26,1,lasso,34,0,-3.54E-05
2013-7-29,1,lasso,34,0.002079639,-3.54E-05
2013-7-30,1,lasso,34,-0.004654589,-3.54E-05
2013-7-31,1,lasso,34,0.010867681,-3.54E-05
2013-8-1,1,lasso,34,-0.005235933,-3.54E-05
2013-8-2,1,lasso,34,-0.000366323,-3.54E-05
2013-8-5,1,lasso,34,-0.003425499,-3.54E-05
2013-8-6,1,lasso,34,-0.003806254,-3.54E-05
2013-8-7,1,lasso,34,-0.003820797,-3.54E-05
2013-8-8,1,lasso,34,0.001850596,-3.54E-05
2013-8-9,1,lasso,34,0.002462146,-3.54E-05
2013-8-12,1,lasso,34,0.005395476,-3.54E-05
2013-8-13,1,lasso,34,-0.000734035,-3.54E-05
2013-8-14,1,lasso,34,-0.006507482,-3.54E-05
2013-8-15,1,lasso,34,0.000984979,-3.54E-05
2013-8-16,1,lasso,34,-0.000369253,-3.54E-05
2013-8-19,1,lasso,34,-0.003947211,-3.54E-05
2013-8-20,1,lasso,34,0.003700966,-3.54E-05
2013-8-21,1,lasso,34,0.003441921,-3.54E-05
2013-8-22,1,lasso,34,-0.001596562,-3.54E-05
2013-8-23,1,lasso,34,0.000614364,-3.54E-05
2013-8-26,1,lasso,34,-0.002952395,-3.54E-05
2013-8-27,1,lasso,34,0.003198035,-3.54E-05
2013-8-28,1,lasso,34,0.00636555,-3.54E-05
2013-8-29,1,lasso,34,0.001706901,-3.54E-05
2013-8-30,1,lasso,34,0,-3.54E-05
2013-9-2,1,lasso,34,0.003283676,-3.54E-05
2013-9-3,1,lasso,34,-0.00230961,-3.54E-05
2013-9-4,1,lasso,34,0.005582539,-3.54E-05
2013-9-5,1,lasso,34,-0.005825966,-3.54E-05
2013-9-6,1,lasso,34,-0.004391858,-3.54E-05
2013-9-9,1,lasso,34,0.000366726,-3.54E-05
2013-9-10,1,lasso,34,-0.003673324,-3.54E-05
2013-9-11,1,lasso,34,-0.000368076,-3.54E-05
2013-9-12,1,lasso,34,-0.000490978,-3.54E-05
2013-9-13,1,lasso,34,-0.001843318,-3.54E-05
2013-9-16,1,lasso,34,-0.001969959,-3.54E-05
2013-9-17,1,lasso,34,-0.011153914,-3.54E-05
2013-9-18,1,lasso,34,0.001618829,-3.54E-05
2013-9-19,1,lasso,34,0.000746269,-3.54E-05
2013-9-20,1,lasso,34,0.000248633,-3.54E-05
2013-9-23,1,lasso,34,0.001366375,-3.54E-05
2013-9-24,1,lasso,34,-0.002859098,-3.54E-05
2013-9-25,1,lasso,34,0.002362451,-3.54E-05
2013-9-26,1,lasso,34,-0.002860521,-3.54E-05
2013-8-2,1,lasso,35,-0.000366323,-5.10E-05
2013-8-5,1,lasso,35,-0.003425499,-5.10E-05
2013-8-6,1,lasso,35,-0.003806254,-5.10E-05
2013-8-7,1,lasso,35,-0.003820797,-5.10E-05
2013-8-8,1,lasso,35,0.001850596,-5.10E-05
2013-8-9,1,lasso,35,0.002462146,-5.10E-05
2013-8-12,1,lasso,35,0.005395476,-5.10E-05
2013-8-13,1,lasso,35,-0.000734035,-5.10E-05
2013-8-14,1,lasso,35,-0.006507482,-5.10E-05
2013-8-15,1,lasso,35,0.000984979,-5.10E-05
2013-8-16,1,lasso,35,-0.000369253,-5.10E-05
2013-8-19,1,lasso,35,-0.003947211,-5.10E-05
2013-8-20,1,lasso,35,0.003700966,-5.10E-05
2013-8-21,1,lasso,35,0.003441921,-5.10E-05
2013-8-22,1,lasso,35,-0.001596562,-5.10E-05
2013-8-23,1,lasso,35,0.000614364,-5.10E-05
2013-8-26,1,lasso,35,-0.002952395,-5.10E-05
2013-8-27,1,lasso,35,0.003198035,-5.10E-05
2013-8-28,1,lasso,35,0.00636555,-5.10E-05
2013-8-29,1,lasso,35,0.001706901,-5.10E-05
2013-8-30,1,lasso,35,0,-5.10E-05
2013-9-2,1,lasso,35,0.003283676,-5.10E-05
2013-9-3,1,lasso,35,-0.00230961,-5.10E-05
2013-9-4,1,lasso,35,0.005582539,-5.10E-05
2013-9-5,1,lasso,35,-0.005825966,-5.10E-05
2013-9-6,1,lasso,35,-0.004391858,-5.10E-05
2013-9-9,1,lasso,35,0.000366726,-5.10E-05
2013-9-10,1,lasso,35,-0.003673324,-5.10E-05
2013-9-11,1,lasso,35,-0.000368076,-5.10E-05
2013-9-12,1,lasso,35,-0.000490978,-5.10E-05
2013-9-13,1,lasso,35,-0.001843318,-5.10E-05
2013-9-16,1,lasso,35,-0.001969959,-5.10E-05
2013-9-17,1,lasso,35,-0.011153914,-5.10E-05
2013-9-18,1,lasso,35,0.001618829,-5.10E-05
2013-9-19,1,lasso,35,0.000746269,-5.10E-05
2013-9-20,1,lasso,35,0.000248633,-5.10E-05
2013-9-23,1,lasso,35,0.001366375,-5.10E-05
2013-9-24,1,lasso,35,-0.002859098,-5.10E-05
2013-9-25,1,lasso,35,0.002362451,-5.10E-05
2013-9-26,1,lasso,35,-0.002860521,-5.10E-05
2013-9-27,1,lasso,35,-0.00087222,-5.10E-05
2013-9-30,1,lasso,35,-0.000997755,-5.10E-05
2013-10-1,1,lasso,35,-0.002999252,-5.10E-05
2013-10-2,1,lasso,35,-0.001879111,-5.10E-05
2013-10-3,1,lasso,35,0.004753574,-5.10E-05
2013-10-4,1,lasso,35,-0.002373963,-5.10E-05
2013-10-7,1,lasso,35,0.0015,-5.10E-05
2013-10-8,1,lasso,35,0.003989035,-5.10E-05
2013-10-9,1,lasso,35,0.000497512,-5.10E-05
2013-10-10,1,lasso,35,-0.000124355,-5.10E-05
2013-10-11,1,lasso,35,-0.001867182,-5.10E-05
2013-10-14,1,lasso,35,0.002737342,-5.10E-05
2013-10-15,1,lasso,35,-0.000124262,-5.10E-05
2013-10-16,1,lasso,35,-0.010242408,-5.10E-05
2013-10-17,1,lasso,35,0,-5.10E-05
2013-10-18,1,lasso,35,0.000502071,-5.10E-05
2013-10-21,1,lasso,35,-0.005789092,-5.10E-05
2013-10-22,1,lasso,35,0.000378573,-5.10E-05
2013-10-23,1,lasso,35,-0.00088356,-5.10E-05
2013-10-24,1,lasso,35,0,-5.10E-05
2013-8-30,1,lasso,36,0,-4.94E-05
2013-9-2,1,lasso,36,0.003283676,-4.94E-05
2013-9-3,1,lasso,36,-0.00230961,-4.94E-05
2013-9-4,1,lasso,36,0.005582539,-4.94E-05
2013-9-5,1,lasso,36,-0.005825966,-4.94E-05
2013-9-6,1,lasso,36,-0.004391858,-4.94E-05
2013-9-9,1,lasso,36,0.000366726,-4.94E-05
2013-9-10,1,lasso,36,-0.003673324,-4.94E-05
2013-9-11,1,lasso,36,-0.000368076,-4.94E-05
2013-9-12,1,lasso,36,-0.000490978,-4.94E-05
2013-9-13,1,lasso,36,-0.001843318,-4.94E-05
2013-9-16,1,lasso,36,-0.001969959,-4.94E-05
2013-9-17,1,lasso,36,-0.011153914,-4.94E-05
2013-9-18,1,lasso,36,0.001618829,-4.94E-05
2013-9-19,1,lasso,36,0.000746269,-4.94E-05
2013-9-20,1,lasso,36,0.000248633,-4.94E-05
2013-9-23,1,lasso,36,0.001366375,-4.94E-05
2013-9-24,1,lasso,36,-0.002859098,-4.94E-05
2013-9-25,1,lasso,36,0.002362451,-4.94E-05
2013-9-26,1,lasso,36,-0.002860521,-4.94E-05
2013-9-27,1,lasso,36,-0.00087222,-4.94E-05
2013-9-30,1,lasso,36,-0.000997755,-4.94E-05
2013-10-1,1,lasso,36,-0.002999252,-4.94E-05
2013-10-2,1,lasso,36,-0.001879111,-4.94E-05
2013-10-3,1,lasso,36,0.004753574,-4.94E-05
2013-10-4,1,lasso,36,-0.002373963,-4.94E-05
2013-10-7,1,lasso,36,0.0015,-4.94E-05
2013-10-8,1,lasso,36,0.003989035,-4.94E-05
2013-10-9,1,lasso,36,0.000497512,-4.94E-05
2013-10-10,1,lasso,36,-0.000124355,-4.94E-05
2013-10-11,1,lasso,36,-0.001867182,-4.94E-05
2013-10-14,1,lasso,36,0.002737342,-4.94E-05
2013-10-15,1,lasso,36,-0.000124262,-4.94E-05
2013-10-16,1,lasso,36,-0.010242408,-4.94E-05
2013-10-17,1,lasso,36,0,-4.94E-05
2013-10-18,1,lasso,36,0.000502071,-4.94E-05
2013-10-21,1,lasso,36,-0.005789092,-4.94E-05
2013-10-22,1,lasso,36,0.000378573,-4.94E-05
2013-10-23,1,lasso,36,-0.00088356,-4.94E-05
2013-10-24,1,lasso,36,0,-4.94E-05
2013-10-25,1,lasso,36,0.000757385,-4.94E-05
2013-10-28,1,lasso,36,0.0045323,-4.94E-05
2013-10-29,1,lasso,36,0.002133133,-4.94E-05
2013-10-30,1,lasso,36,0.005125972,-4.94E-05
2013-10-31,1,lasso,36,0.006587557,-4.94E-05
2013-11-1,1,lasso,36,-0.002108266,-4.94E-05
2013-11-4,1,lasso,36,0.001984374,-4.94E-05
2013-11-5,1,lasso,36,-0.002853777,-4.94E-05
2013-11-6,1,lasso,36,0.004463186,-4.94E-05
2013-11-7,1,lasso,36,0.005674124,-4.94E-05
2013-11-8,1,lasso,36,-0.002586368,-4.94E-05
2013-11-11,1,lasso,36,0.001232438,-4.94E-05
2013-11-12,1,lasso,36,-0.003207503,-4.94E-05
2013-11-13,1,lasso,36,0.001111454,-4.94E-05
2013-11-14,1,lasso,36,-0.002100452,-4.94E-05
2013-11-15,1,lasso,36,-0.000247402,-4.94E-05
2013-11-18,1,lasso,36,-0.001609608,-4.94E-05
2013-11-19,1,lasso,36,0.005067683,-4.94E-05
2013-11-20,1,lasso,36,-0.000493279,-4.94E-05
2013-11-21,1,lasso,36,-0.004450496,-4.94E-05
2013-9-27,1,lasso,37,-0.00087222,-6.03E-05
2013-9-30,1,lasso,37,-0.000997755,-6.03E-05
2013-10-1,1,lasso,37,-0.002999252,-6.03E-05
2013-10-2,1,lasso,37,-0.001879111,-6.03E-05
2013-10-3,1,lasso,37,0.004753574,-6.03E-05
2013-10-4,1,lasso,37,-0.002373963,-6.03E-05
2013-10-7,1,lasso,37,0.0015,-6.03E-05
2013-10-8,1,lasso,37,0.003989035,-6.03E-05
2013-10-9,1,lasso,37,0.000497512,-6.03E-05
2013-10-10,1,lasso,37,-0.000124355,-6.03E-05
2013-10-11,1,lasso,37,-0.001867182,-6.03E-05
2013-10-14,1,lasso,37,0.002737342,-6.03E-05
2013-10-15,1,lasso,37,-0.000124262,-6.03E-05
2013-10-16,1,lasso,37,-0.010242408,-6.03E-05
2013-10-17,1,lasso,37,0,-6.03E-05
2013-10-18,1,lasso,37,0.000502071,-6.03E-05
2013-10-21,1,lasso,37,-0.005789092,-6.03E-05
2013-10-22,1,lasso,37,0.000378573,-6.03E-05
2013-10-23,1,lasso,37,-0.00088356,-6.03E-05
2013-10-24,1,lasso,37,0,-6.03E-05
2013-10-25,1,lasso,37,0.000757385,-6.03E-05
2013-10-28,1,lasso,37,0.0045323,-6.03E-05
2013-10-29,1,lasso,37,0.002133133,-6.03E-05
2013-10-30,1,lasso,37,0.005125972,-6.03E-05
2013-10-31,1,lasso,37,0.006587557,-6.03E-05
2013-11-1,1,lasso,37,-0.002108266,-6.03E-05
2013-11-4,1,lasso,37,0.001984374,-6.03E-05
2013-11-5,1,lasso,37,-0.002853777,-6.03E-05
2013-11-6,1,lasso,37,0.004463186,-6.03E-05
2013-11-7,1,lasso,37,0.005674124,-6.03E-05
2013-11-8,1,lasso,37,-0.002586368,-6.03E-05
2013-11-11,1,lasso,37,0.001232438,-6.03E-05
2013-11-12,1,lasso,37,-0.003207503,-6.03E-05
2013-11-13,1,lasso,37,0.001111454,-6.03E-05
2013-11-14,1,lasso,37,-0.002100452,-6.03E-05
2013-11-15,1,lasso,37,-0.000247402,-6.03E-05
2013-11-18,1,lasso,37,-0.001609608,-6.03E-05
2013-11-19,1,lasso,37,0.005067683,-6.03E-05
2013-11-20,1,lasso,37,-0.000493279,-6.03E-05
2013-11-21,1,lasso,37,-0.004450496,-6.03E-05
2013-11-22,1,lasso,37,0.002598529,-6.03E-05
2013-11-25,1,lasso,37,-0.003838301,-6.03E-05
2013-11-26,1,lasso,37,0.001363665,-6.03E-05
2013-11-27,1,lasso,37,0,-6.03E-05
2013-11-28,1,lasso,37,-0.000495663,-6.03E-05
2013-11-29,1,lasso,37,0.002970299,-6.03E-05
2013-12-2,1,lasso,37,0,-6.03E-05
2013-12-3,1,lasso,37,-0.003714255,-6.03E-05
2013-12-4,1,lasso,37,-0.004849248,-6.03E-05
2013-12-5,1,lasso,37,0.000996636,-6.03E-05
2013-12-6,1,lasso,37,-0.00224383,-6.03E-05
2013-12-9,1,lasso,37,-0.001998751,-6.03E-05
2013-12-10,1,lasso,37,-0.001000876,-6.03E-05
2013-12-11,1,lasso,37,0.003997507,-6.03E-05
2013-12-12,1,lasso,37,0,-6.03E-05
2013-12-13,1,lasso,37,-0.001746943,-6.03E-05
2013-12-16,1,lasso,37,-0.000124899,-6.03E-05
2013-12-17,1,lasso,37,0.000624337,-6.03E-05
2013-12-18,1,lasso,37,0.006470098,-6.03E-05
2013-12-19,1,lasso,37,-0.000620309,-6.03E-05
2013-10-25,1,lasso,38,0.000757385,-6.67E-05
2013-10-28,1,lasso,38,0.0045323,-6.67E-05
2013-10-29,1,lasso,38,0.002133133,-6.67E-05
2013-10-30,1,lasso,38,0.005125972,-6.67E-05
2013-10-31,1,lasso,38,0.006587557,-6.67E-05
2013-11-1,1,lasso,38,-0.002108266,-6.67E-05
2013-11-4,1,lasso,38,0.001984374,-6.67E-05
2013-11-5,1,lasso,38,-0.002853777,-6.67E-05
2013-11-6,1,lasso,38,0.004463186,-6.67E-05
2013-11-7,1,lasso,38,0.005674124,-6.67E-05
2013-11-8,1,lasso,38,-0.002586368,-6.67E-05
2013-11-11,1,lasso,38,0.001232438,-6.67E-05
2013-11-12,1,lasso,38,-0.003207503,-6.67E-05
2013-11-13,1,lasso,38,0.001111454,-6.67E-05
2013-11-14,1,lasso,38,-0.002100452,-6.67E-05
2013-11-15,1,lasso,38,-0.000247402,-6.67E-05
2013-11-18,1,lasso,38,-0.001609608,-6.67E-05
2013-11-19,1,lasso,38,0.005067683,-6.67E-05
2013-11-20,1,lasso,38,-0.000493279,-6.67E-05
2013-11-21,1,lasso,38,-0.004450496,-6.67E-05
2013-11-22,1,lasso,38,0.002598529,-6.67E-05
2013-11-25,1,lasso,38,-0.003838301,-6.67E-05
2013-11-26,1,lasso,38,0.001363665,-6.67E-05
2013-11-27,1,lasso,38,0,-6.67E-05
2013-11-28,1,lasso,38,-0.000495663,-6.67E-05
2013-11-29,1,lasso,38,0.002970299,-6.67E-05
2013-12-2,1,lasso,38,0,-6.67E-05
2013-12-3,1,lasso,38,-0.003714255,-6.67E-05
2013-12-4,1,lasso,38,-0.004849248,-6.67E-05
2013-12-5,1,lasso,38,0.000996636,-6.67E-05
2013-12-6,1,lasso,38,-0.00224383,-6.67E-05
2013-12-9,1,lasso,38,-0.001998751,-6.67E-05
2013-12-10,1,lasso,38,-0.001000876,-6.67E-05
2013-12-11,1,lasso,38,0.003997507,-6.67E-05
2013-12-12,1,lasso,38,0,-6.67E-05
2013-12-13,1,lasso,38,-0.001746943,-6.67E-05
2013-12-16,1,lasso,38,-0.000124899,-6.67E-05
2013-12-17,1,lasso,38,0.000624337,-6.67E-05
2013-12-18,1,lasso,38,0.006470098,-6.67E-05
2013-12-19,1,lasso,38,-0.000620309,-6.67E-05
2013-12-20,1,lasso,38,-0.001614606,-6.67E-05
2013-12-23,1,lasso,38,0,-6.67E-05
2013-12-24,1,lasso,38,0,-6.67E-05
2013-12-25,1,lasso,38,0.000372833,-6.67E-05
2013-12-26,1,lasso,38,-0.001118916,-6.67E-05
2013-12-27,1,lasso,38,-0.004863156,-6.67E-05
2013-12-30,1,lasso,38,0.00037493,-6.67E-05
2013-12-31,1,lasso,38,0,-6.67E-05
2014-1-1,1,lasso,38,0.007469224,-6.67E-05
2014-1-2,1,lasso,38,0.001982407,-6.67E-05
2014-1-3,1,lasso,38,-0.001734391,-6.67E-05
2014-1-6,1,lasso,38,0.002229379,-6.67E-05
2014-1-7,1,lasso,38,0.002347854,-6.67E-05
2014-1-8,1,lasso,38,-0.000246883,-6.67E-05
2014-1-9,1,lasso,38,-0.004206365,-6.67E-05
2014-1-10,1,lasso,38,-0.001861389,-6.67E-05
2014-1-13,1,lasso,38,0.001861389,-6.67E-05
2014-1-14,1,lasso,38,0.004576667,-6.67E-05
2014-1-15,1,lasso,38,-0.001482031,-6.67E-05
2014-1-16,1,lasso,38,0.003824096,-6.67E-05
2013-11-22,1,lasso,39,0.002598529,-5.64E-05
2013-11-25,1,lasso,39,-0.003838301,-5.64E-05
2013-11-26,1,lasso,39,0.001363665,-5.64E-05
2013-11-27,1,lasso,39,0,-5.64E-05
2013-11-28,1,lasso,39,-0.000495663,-5.64E-05
2013-11-29,1,lasso,39,0.002970299,-5.64E-05
2013-12-2,1,lasso,39,0,-5.64E-05
2013-12-3,1,lasso,39,-0.003714255,-5.64E-05
2013-12-4,1,lasso,39,-0.004849248,-5.64E-05
2013-12-5,1,lasso,39,0.000996636,-5.64E-05
2013-12-6,1,lasso,39,-0.00224383,-5.64E-05
2013-12-9,1,lasso,39,-0.001998751,-5.64E-05
2013-12-10,1,lasso,39,-0.001000876,-5.64E-05
2013-12-11,1,lasso,39,0.003997507,-5.64E-05
2013-12-12,1,lasso,39,0,-5.64E-05
2013-12-13,1,lasso,39,-0.001746943,-5.64E-05
2013-12-16,1,lasso,39,-0.000124899,-5.64E-05
2013-12-17,1,lasso,39,0.000624337,-5.64E-05
2013-12-18,1,lasso,39,0.006470098,-5.64E-05
2013-12-19,1,lasso,39,-0.000620309,-5.64E-05
2013-12-20,1,lasso,39,-0.001614606,-5.64E-05
2013-12-23,1,lasso,39,0,-5.64E-05
2013-12-24,1,lasso,39,0,-5.64E-05
2013-12-25,1,lasso,39,0.000372833,-5.64E-05
2013-12-26,1,lasso,39,-0.001118916,-5.64E-05
2013-12-27,1,lasso,39,-0.004863156,-5.64E-05
2013-12-30,1,lasso,39,0.00037493,-5.64E-05
2013-12-31,1,lasso,39,0,-5.64E-05
2014-1-1,1,lasso,39,0.007469224,-5.64E-05
2014-1-2,1,lasso,39,0.001982407,-5.64E-05
2014-1-3,1,lasso,39,-0.001734391,-5.64E-05
2014-1-6,1,lasso,39,0.002229379,-5.64E-05
2014-1-7,1,lasso,39,0.002347854,-5.64E-05
2014-1-8,1,lasso,39,-0.000246883,-5.64E-05
2014-1-9,1,lasso,39,-0.004206365,-5.64E-05
2014-1-10,1,lasso,39,-0.001861389,-5.64E-05
2014-1-13,1,lasso,39,0.001861389,-5.64E-05
2014-1-14,1,lasso,39,0.004576667,-5.64E-05
2014-1-15,1,lasso,39,-0.001482031,-5.64E-05
2014-1-16,1,lasso,39,0.003824096,-5.64E-05
2014-1-17,1,lasso,39,0,-5.64E-05
2014-1-20,1,lasso,39,-0.001478561,-5.64E-05
2014-1-21,1,lasso,39,0.00086276,-5.64E-05
2014-1-22,1,lasso,39,-0.009034156,-5.64E-05
2014-1-23,1,lasso,39,0.000248602,-5.64E-05
2014-1-24,1,lasso,39,0.000745434,-5.64E-05
2014-1-27,1,lasso,39,0.000620771,-5.64E-05
2014-1-28,1,lasso,39,-0.000869187,-5.64E-05
2014-1-29,1,lasso,39,0.007179137,-5.64E-05
2014-1-30,1,lasso,39,0.002832689,-5.64E-05
2014-1-31,1,lasso,39,-0.003696406,-5.64E-05
2014-2-3,1,lasso,39,0.001356936,-5.64E-05
2014-2-4,1,lasso,39,-0.00098668,-5.64E-05
2014-2-5,1,lasso,39,-0.001605434,-5.64E-05
2014-2-6,1,lasso,39,-0.002722774,-5.64E-05
2014-2-7,1,lasso,39,-0.000619848,-5.64E-05
2014-2-10,1,lasso,39,0,-5.64E-05
2014-2-11,1,lasso,39,0.000495909,-5.64E-05
2014-2-12,1,lasso,39,-0.004472057,-5.64E-05
2014-2-13,1,lasso,39,-0.002118777,-5.64E-05
2013-12-20,1,lasso,40,-0.001614606,-5.67E-05
2013-12-23,1,lasso,40,0,-5.67E-05
2013-12-24,1,lasso,40,0,-5.67E-05
2013-12-25,1,lasso,40,0.000372833,-5.67E-05
2013-12-26,1,lasso,40,-0.001118916,-5.67E-05
2013-12-27,1,lasso,40,-0.004863156,-5.67E-05
2013-12-30,1,lasso,40,0.00037493,-5.67E-05
2013-12-31,1,lasso,40,0,-5.67E-05
2014-1-1,1,lasso,40,0.007469224,-5.67E-05
2014-1-2,1,lasso,40,0.001982407,-5.67E-05
2014-1-3,1,lasso,40,-0.001734391,-5.67E-05
2014-1-6,1,lasso,40,0.002229379,-5.67E-05
2014-1-7,1,lasso,40,0.002347854,-5.67E-05
2014-1-8,1,lasso,40,-0.000246883,-5.67E-05
2014-1-9,1,lasso,40,-0.004206365,-5.67E-05
2014-1-10,1,lasso,40,-0.001861389,-5.67E-05
2014-1-13,1,lasso,40,0.001861389,-5.67E-05
2014-1-14,1,lasso,40,0.004576667,-5.67E-05
2014-1-15,1,lasso,40,-0.001482031,-5.67E-05
2014-1-16,1,lasso,40,0.003824096,-5.67E-05
2014-1-17,1,lasso,40,0,-5.67E-05
2014-1-20,1,lasso,40,-0.001478561,-5.67E-05
2014-1-21,1,lasso,40,0.00086276,-5.67E-05
2014-1-22,1,lasso,40,-0.009034156,-5.67E-05
2014-1-23,1,lasso,40,0.000248602,-5.67E-05
2014-1-24,1,lasso,40,0.000745434,-5.67E-05
2014-1-27,1,lasso,40,0.000620771,-5.67E-05
2014-1-28,1,lasso,40,-0.000869187,-5.67E-05
2014-1-29,1,lasso,40,0.007179137,-5.67E-05
2014-1-30,1,lasso,40,0.002832689,-5.67E-05
2014-1-31,1,lasso,40,-0.003696406,-5.67E-05
2014-2-3,1,lasso,40,0.001356936,-5.67E-05
2014-2-4,1,lasso,40,-0.00098668,-5.67E-05
2014-2-5,1,lasso,40,-0.001605434,-5.67E-05
2014-2-6,1,lasso,40,-0.002722774,-5.67E-05
2014-2-7,1,lasso,40,-0.000619848,-5.67E-05
2014-2-10,1,lasso,40,0,-5.67E-05
2014-2-11,1,lasso,40,0.000495909,-5.67E-05
2014-2-12,1,lasso,40,-0.004472057,-5.67E-05
2014-2-13,1,lasso,40,-0.002118777,-5.67E-05
2014-2-14,1,lasso,40,-0.000124774,-5.67E-05
2014-2-17,1,lasso,40,-0.001623478,-5.67E-05
2014-2-18,1,lasso,40,0.001623478,-5.67E-05
2014-2-19,1,lasso,40,0.001869975,-5.67E-05
2014-2-20,1,lasso,40,-0.000622937,-5.67E-05
2014-2-21,1,lasso,40,-0.000498629,-5.67E-05
2014-2-24,1,lasso,40,-0.00074841,-5.67E-05
2014-2-25,1,lasso,40,0.003612136,-5.67E-05
2014-2-26,1,lasso,40,-0.001866717,-5.67E-05
2014-2-27,1,lasso,40,-0.007376417,-5.67E-05
2014-2-28,1,lasso,40,0.004882028,-5.67E-05
2014-3-3,1,lasso,40,0.001123245,-5.67E-05
2014-3-4,1,lasso,40,-0.00074869,-5.67E-05
2014-3-5,1,lasso,40,-0.005633112,-5.67E-05
2014-3-6,1,lasso,40,0.000752918,-5.67E-05
2014-3-7,1,lasso,40,0.000626999,-5.67E-05
2014-3-10,1,lasso,40,-0.000376152,-5.67E-05
2014-3-11,1,lasso,40,-0.001631629,-5.67E-05
2014-3-12,1,lasso,40,0.000125604,-5.67E-05
2014-3-13,1,lasso,40,-0.002137425,-5.67E-05
2014-1-17,1,lasso,41,0,-5.22E-05
2014-1-20,1,lasso,41,-0.001478561,-5.22E-05
2014-1-21,1,lasso,41,0.00086276,-5.22E-05
2014-1-22,1,lasso,41,-0.009034156,-5.22E-05
2014-1-23,1,lasso,41,0.000248602,-5.22E-05
2014-1-24,1,lasso,41,0.000745434,-5.22E-05
2014-1-27,1,lasso,41,0.000620771,-5.22E-05
2014-1-28,1,lasso,41,-0.000869187,-5.22E-05
2014-1-29,1,lasso,41,0.007179137,-5.22E-05
2014-1-30,1,lasso,41,0.002832689,-5.22E-05
2014-1-31,1,lasso,41,-0.003696406,-5.22E-05
2014-2-3,1,lasso,41,0.001356936,-5.22E-05
2014-2-4,1,lasso,41,-0.00098668,-5.22E-05
2014-2-5,1,lasso,41,-0.001605434,-5.22E-05
2014-2-6,1,lasso,41,-0.002722774,-5.22E-05
2014-2-7,1,lasso,41,-0.000619848,-5.22E-05
2014-2-10,1,lasso,41,0,-5.22E-05
2014-2-11,1,lasso,41,0.000495909,-5.22E-05
2014-2-12,1,lasso,41,-0.004472057,-5.22E-05
2014-2-13,1,lasso,41,-0.002118777,-5.22E-05
2014-2-14,1,lasso,41,-0.000124774,-5.22E-05
2014-2-17,1,lasso,41,-0.001623478,-5.22E-05
2014-2-18,1,lasso,41,0.001623478,-5.22E-05
2014-2-19,1,lasso,41,0.001869975,-5.22E-05
2014-2-20,1,lasso,41,-0.000622937,-5.22E-05
2014-2-21,1,lasso,41,-0.000498629,-5.22E-05
2014-2-24,1,lasso,41,-0.00074841,-5.22E-05
2014-2-25,1,lasso,41,0.003612136,-5.22E-05
2014-2-26,1,lasso,41,-0.001866717,-5.22E-05
2014-2-27,1,lasso,41,-0.007376417,-5.22E-05
2014-2-28,1,lasso,41,0.004882028,-5.22E-05
2014-3-3,1,lasso,41,0.001123245,-5.22E-05
2014-3-4,1,lasso,41,-0.00074869,-5.22E-05
2014-3-5,1,lasso,41,-0.005633112,-5.22E-05
2014-3-6,1,lasso,41,0.000752918,-5.22E-05
2014-3-7,1,lasso,41,0.000626999,-5.22E-05
2014-3-10,1,lasso,41,-0.000376152,-5.22E-05
2014-3-11,1,lasso,41,-0.001631629,-5.22E-05
2014-3-12,1,lasso,41,0.000125604,-5.22E-05
2014-3-13,1,lasso,41,-0.002137425,-5.22E-05
2014-3-14,1,lasso,41,-0.000755477,-5.22E-05
2014-3-17,1,lasso,41,0.000251889,-5.22E-05
2014-3-18,1,lasso,41,0.00740233,-5.22E-05
2014-3-19,1,lasso,41,0.002372184,-5.22E-05
2014-3-20,1,lasso,41,-0.000998129,-5.22E-05
2014-3-21,1,lasso,41,-0.002249439,-5.22E-05
2014-3-24,1,lasso,41,0.000125102,-5.22E-05
2014-3-25,1,lasso,41,0.001125211,-5.22E-05
2014-3-26,1,lasso,41,0.000999126,-5.22E-05
2014-3-27,1,lasso,41,0.000873417,-5.22E-05
2014-3-28,1,lasso,41,-0.000998253,-5.22E-05
2014-3-31,1,lasso,41,-0.000124852,-5.22E-05
2014-4-1,1,lasso,41,0.001621858,-5.22E-05
2014-4-2,1,lasso,41,0.003111584,-5.22E-05
2014-4-3,1,lasso,41,-0.000621543,-5.22E-05
2014-4-4,1,lasso,41,-0.002365392,-5.22E-05
2014-4-7,1,lasso,41,-0.006000768,-5.22E-05
2014-4-8,1,lasso,41,-0.003391324,-5.22E-05
2014-4-9,1,lasso,41,-0.00125897,-5.22E-05
2014-4-10,1,lasso,41,0.000881446,-5.22E-05
2014-2-14,1,lasso,42,-0.000124774,-5.82E-05
2014-2-17,1,lasso,42,-0.001623478,-5.82E-05
2014-2-18,1,lasso,42,0.001623478,-5.82E-05
2014-2-19,1,lasso,42,0.001869975,-5.82E-05
2014-2-20,1,lasso,42,-0.000622937,-5.82E-05
2014-2-21,1,lasso,42,-0.000498629,-5.82E-05
2014-2-24,1,lasso,42,-0.00074841,-5.82E-05
2014-2-25,1,lasso,42,0.003612136,-5.82E-05
2014-2-26,1,lasso,42,-0.001866717,-5.82E-05
2014-2-27,1,lasso,42,-0.007376417,-5.82E-05
2014-2-28,1,lasso,42,0.004882028,-5.82E-05
2014-3-3,1,lasso,42,0.001123245,-5.82E-05
2014-3-4,1,lasso,42,-0.00074869,-5.82E-05
2014-3-5,1,lasso,42,-0.005633112,-5.82E-05
2014-3-6,1,lasso,42,0.000752918,-5.82E-05
2014-3-7,1,lasso,42,0.000626999,-5.82E-05
2014-3-10,1,lasso,42,-0.000376152,-5.82E-05
2014-3-11,1,lasso,42,-0.001631629,-5.82E-05
2014-3-12,1,lasso,42,0.000125604,-5.82E-05
2014-3-13,1,lasso,42,-0.002137425,-5.82E-05
2014-3-14,1,lasso,42,-0.000755477,-5.82E-05
2014-3-17,1,lasso,42,0.000251889,-5.82E-05
2014-3-18,1,lasso,42,0.00740233,-5.82E-05
2014-3-19,1,lasso,42,0.002372184,-5.82E-05
2014-3-20,1,lasso,42,-0.000998129,-5.82E-05
2014-3-21,1,lasso,42,-0.002249439,-5.82E-05
2014-3-24,1,lasso,42,0.000125102,-5.82E-05
2014-3-25,1,lasso,42,0.001125211,-5.82E-05
2014-3-26,1,lasso,42,0.000999126,-5.82E-05
2014-3-27,1,lasso,42,0.000873417,-5.82E-05
2014-3-28,1,lasso,42,-0.000998253,-5.82E-05
2014-3-31,1,lasso,42,-0.000124852,-5.82E-05
2014-4-1,1,lasso,42,0.001621858,-5.82E-05
2014-4-2,1,lasso,42,0.003111584,-5.82E-05
2014-4-3,1,lasso,42,-0.000621543,-5.82E-05
2014-4-4,1,lasso,42,-0.002365392,-5.82E-05
2014-4-7,1,lasso,42,-0.006000768,-5.82E-05
2014-4-8,1,lasso,42,-0.003391324,-5.82E-05
2014-4-9,1,lasso,42,-0.00125897,-5.82E-05
2014-4-10,1,lasso,42,0.000881446,-5.82E-05
2014-4-11,1,lasso,42,0.003518034,-5.82E-05
2014-4-14,1,lasso,42,0.000877578,-5.82E-05
2014-4-15,1,lasso,42,0,-5.82E-05
2014-4-16,1,lasso,42,0.000375869,-5.82E-05
2014-4-17,1,lasso,42,0,-5.82E-05
2014-4-18,1,lasso,42,0.00137698,-5.82E-05
2014-4-21,1,lasso,42,-0.000375352,-5.82E-05
2014-4-22,1,lasso,42,-0.0006259,-5.82E-05
2014-4-23,1,lasso,42,-0.000751597,-5.82E-05
2014-4-24,1,lasso,42,-0.000626763,-5.82E-05
2014-4-25,1,lasso,42,-0.000878128,-5.82E-05
2014-4-28,1,lasso,42,0.001630197,-5.82E-05
2014-4-29,1,lasso,42,-0.004269218,-5.82E-05
2014-4-30,1,lasso,42,0.000754717,-5.82E-05
2014-5-1,1,lasso,42,-0.000125747,-5.82E-05
2014-5-2,1,lasso,42,-0.000377335,-5.82E-05
2014-5-5,1,lasso,42,-0.005044783,-5.82E-05
2014-5-6,1,lasso,42,0.001389854,-5.82E-05
2014-5-7,1,lasso,42,0.002018164,-5.82E-05
2014-5-8,1,lasso,42,0.00678139,-5.82E-05
2014-3-14,1,lasso,43,-0.000755477,-6.19E-05
2014-3-17,1,lasso,43,0.000251889,-6.19E-05
2014-3-18,1,lasso,43,0.00740233,-6.19E-05
2014-3-19,1,lasso,43,0.002372184,-6.19E-05
2014-3-20,1,lasso,43,-0.000998129,-6.19E-05
2014-3-21,1,lasso,43,-0.002249439,-6.19E-05
2014-3-24,1,lasso,43,0.000125102,-6.19E-05
2014-3-25,1,lasso,43,0.001125211,-6.19E-05
2014-3-26,1,lasso,43,0.000999126,-6.19E-05
2014-3-27,1,lasso,43,0.000873417,-6.19E-05
2014-3-28,1,lasso,43,-0.000998253,-6.19E-05
2014-3-31,1,lasso,43,-0.000124852,-6.19E-05
2014-4-1,1,lasso,43,0.001621858,-6.19E-05
2014-4-2,1,lasso,43,0.003111584,-6.19E-05
2014-4-3,1,lasso,43,-0.000621543,-6.19E-05
2014-4-4,1,lasso,43,-0.002365392,-6.19E-05
2014-4-7,1,lasso,43,-0.006000768,-6.19E-05
2014-4-8,1,lasso,43,-0.003391324,-6.19E-05
2014-4-9,1,lasso,43,-0.00125897,-6.19E-05
2014-4-10,1,lasso,43,0.000881446,-6.19E-05
2014-4-11,1,lasso,43,0.003518034,-6.19E-05
2014-4-14,1,lasso,43,0.000877578,-6.19E-05
2014-4-15,1,lasso,43,0,-6.19E-05
2014-4-16,1,lasso,43,0.000375869,-6.19E-05
2014-4-17,1,lasso,43,0,-6.19E-05
2014-4-18,1,lasso,43,0.00137698,-6.19E-05
2014-4-21,1,lasso,43,-0.000375352,-6.19E-05
2014-4-22,1,lasso,43,-0.0006259,-6.19E-05
2014-4-23,1,lasso,43,-0.000751597,-6.19E-05
2014-4-24,1,lasso,43,-0.000626763,-6.19E-05
2014-4-25,1,lasso,43,-0.000878128,-6.19E-05
2014-4-28,1,lasso,43,0.001630197,-6.19E-05
2014-4-29,1,lasso,43,-0.004269218,-6.19E-05
2014-4-30,1,lasso,43,0.000754717,-6.19E-05
2014-5-1,1,lasso,43,-0.000125747,-6.19E-05
2014-5-2,1,lasso,43,-0.000377335,-6.19E-05
2014-5-5,1,lasso,43,-0.005044783,-6.19E-05
2014-5-6,1,lasso,43,0.001389854,-6.19E-05
2014-5-7,1,lasso,43,0.002018164,-6.19E-05
2014-5-8,1,lasso,43,0.00678139,-6.19E-05
2014-5-9,1,lasso,43,0,-6.19E-05
2014-5-12,1,lasso,43,0.002999252,-6.19E-05
2014-5-13,1,lasso,43,-0.000873853,-6.19E-05
2014-5-14,1,lasso,43,-0.000874617,-6.19E-05
2014-5-15,1,lasso,43,0.000499875,-6.19E-05
2014-5-16,1,lasso,43,-0.000624883,-6.19E-05
2014-5-19,1,lasso,43,0.000624883,-6.19E-05
2014-5-20,1,lasso,43,0.000624493,-6.19E-05
2014-5-21,1,lasso,43,0.00199576,-6.19E-05
2014-5-22,1,lasso,43,0.001743028,-6.19E-05
2014-5-23,1,lasso,43,0,-6.19E-05
2014-5-26,1,lasso,43,-0.000497698,-6.19E-05
2014-5-27,1,lasso,43,0.00273428,-6.19E-05
2014-5-28,1,lasso,43,-0.000993419,-6.19E-05
2014-5-29,1,lasso,43,-0.001491981,-6.19E-05
2014-5-30,1,lasso,43,0.003353832,-6.19E-05
2014-6-2,1,lasso,43,-0.001116695,-6.19E-05
2014-6-3,1,lasso,43,0.00136468,-6.19E-05
2014-6-4,1,lasso,43,-0.003601817,-6.19E-05
2014-6-5,1,lasso,43,0.000497574,-6.19E-05
2014-4-11,1,lasso,44,0.003518034,-6.13E-05
2014-4-14,1,lasso,44,0.000877578,-6.13E-05
2014-4-15,1,lasso,44,0,-6.13E-05
2014-4-16,1,lasso,44,0.000375869,-6.13E-05
2014-4-17,1,lasso,44,0,-6.13E-05
2014-4-18,1,lasso,44,0.00137698,-6.13E-05
2014-4-21,1,lasso,44,-0.000375352,-6.13E-05
2014-4-22,1,lasso,44,-0.0006259,-6.13E-05
2014-4-23,1,lasso,44,-0.000751597,-6.13E-05
2014-4-24,1,lasso,44,-0.000626763,-6.13E-05
2014-4-25,1,lasso,44,-0.000878128,-6.13E-05
2014-4-28,1,lasso,44,0.001630197,-6.13E-05
2014-4-29,1,lasso,44,-0.004269218,-6.13E-05
2014-4-30,1,lasso,44,0.000754717,-6.13E-05
2014-5-1,1,lasso,44,-0.000125747,-6.13E-05
2014-5-2,1,lasso,44,-0.000377335,-6.13E-05
2014-5-5,1,lasso,44,-0.005044783,-6.13E-05
2014-5-6,1,lasso,44,0.001389854,-6.13E-05
2014-5-7,1,lasso,44,0.002018164,-6.13E-05
2014-5-8,1,lasso,44,0.00678139,-6.13E-05
2014-5-9,1,lasso,44,0,-6.13E-05
2014-5-12,1,lasso,44,0.002999252,-6.13E-05
2014-5-13,1,lasso,44,-0.000873853,-6.13E-05
2014-5-14,1,lasso,44,-0.000874617,-6.13E-05
2014-5-15,1,lasso,44,0.000499875,-6.13E-05
2014-5-16,1,lasso,44,-0.000624883,-6.13E-05
2014-5-19,1,lasso,44,0.000624883,-6.13E-05
2014-5-20,1,lasso,44,0.000624493,-6.13E-05
2014-5-21,1,lasso,44,0.00199576,-6.13E-05
2014-5-22,1,lasso,44,0.001743028,-6.13E-05
2014-5-23,1,lasso,44,0,-6.13E-05
2014-5-26,1,lasso,44,-0.000497698,-6.13E-05
2014-5-27,1,lasso,44,0.00273428,-6.13E-05
2014-5-28,1,lasso,44,-0.000993419,-6.13E-05
2014-5-29,1,lasso,44,-0.001491981,-6.13E-05
2014-5-30,1,lasso,44,0.003353832,-6.13E-05
2014-6-2,1,lasso,44,-0.001116695,-6.13E-05
2014-6-3,1,lasso,44,0.00136468,-6.13E-05
2014-6-4,1,lasso,44,-0.003601817,-6.13E-05
2014-6-5,1,lasso,44,0.000497574,-6.13E-05
2014-6-6,1,lasso,44,0.002980258,-6.13E-05
2014-6-9,1,lasso,44,0.002105655,-6.13E-05
2014-6-10,1,lasso,44,-0.00061885,-6.13E-05
2014-6-11,1,lasso,44,-0.00235513,-6.13E-05
2014-6-12,1,lasso,44,0,-6.13E-05
2014-6-13,1,lasso,44,-0.001366036,-6.13E-05
2014-6-16,1,lasso,44,0.001986345,-6.13E-05
2014-6-17,1,lasso,44,-0.000620309,-6.13E-05
2014-6-18,1,lasso,44,-0.003231824,-6.13E-05
2014-6-19,1,lasso,44,0.000622316,-6.13E-05
2014-6-20,1,lasso,44,-0.00124502,-6.13E-05
2014-6-23,1,lasso,44,0.000747198,-6.13E-05
2014-6-24,1,lasso,44,-0.00137029,-6.13E-05
2014-6-25,1,lasso,44,0,-6.13E-05
2014-6-26,1,lasso,44,-0.002496257,-6.13E-05
2014-6-27,1,lasso,44,-0.003003757,-6.13E-05
2014-6-30,1,lasso,44,0.000375963,-6.13E-05
2014-7-1,1,lasso,44,0.0018777,-6.13E-05
2014-7-2,1,lasso,44,0.003121686,-6.13E-05
2014-7-3,1,lasso,44,0.000747757,-6.13E-05
2014-5-9,1,lasso,45,0,-5.80E-05
2014-5-12,1,lasso,45,0.002999252,-5.80E-05
2014-5-13,1,lasso,45,-0.000873853,-5.80E-05
2014-5-14,1,lasso,45,-0.000874617,-5.80E-05
2014-5-15,1,lasso,45,0.000499875,-5.80E-05
2014-5-16,1,lasso,45,-0.000624883,-5.80E-05
2014-5-19,1,lasso,45,0.000624883,-5.80E-05
2014-5-20,1,lasso,45,0.000624493,-5.80E-05
2014-5-21,1,lasso,45,0.00199576,-5.80E-05
2014-5-22,1,lasso,45,0.001743028,-5.80E-05
2014-5-23,1,lasso,45,0,-5.80E-05
2014-5-26,1,lasso,45,-0.000497698,-5.80E-05
2014-5-27,1,lasso,45,0.00273428,-5.80E-05
2014-5-28,1,lasso,45,-0.000993419,-5.80E-05
2014-5-29,1,lasso,45,-0.001491981,-5.80E-05
2014-5-30,1,lasso,45,0.003353832,-5.80E-05
2014-6-2,1,lasso,45,-0.001116695,-5.80E-05
2014-6-3,1,lasso,45,0.00136468,-5.80E-05
2014-6-4,1,lasso,45,-0.003601817,-5.80E-05
2014-6-5,1,lasso,45,0.000497574,-5.80E-05
2014-6-6,1,lasso,45,0.002980258,-5.80E-05
2014-6-9,1,lasso,45,0.002105655,-5.80E-05
2014-6-10,1,lasso,45,-0.00061885,-5.80E-05
2014-6-11,1,lasso,45,-0.00235513,-5.80E-05
2014-6-12,1,lasso,45,0,-5.80E-05
2014-6-13,1,lasso,45,-0.001366036,-5.80E-05
2014-6-16,1,lasso,45,0.001986345,-5.80E-05
2014-6-17,1,lasso,45,-0.000620309,-5.80E-05
2014-6-18,1,lasso,45,-0.003231824,-5.80E-05
2014-6-19,1,lasso,45,0.000622316,-5.80E-05
2014-6-20,1,lasso,45,-0.00124502,-5.80E-05
2014-6-23,1,lasso,45,0.000747198,-5.80E-05
2014-6-24,1,lasso,45,-0.00137029,-5.80E-05
2014-6-25,1,lasso,45,0,-5.80E-05
2014-6-26,1,lasso,45,-0.002496257,-5.80E-05
2014-6-27,1,lasso,45,-0.003003757,-5.80E-05
2014-6-30,1,lasso,45,0.000375963,-5.80E-05
2014-7-1,1,lasso,45,0.0018777,-5.80E-05
2014-7-2,1,lasso,45,0.003121686,-5.80E-05
2014-7-3,1,lasso,45,0.000747757,-5.80E-05
2014-7-4,1,lasso,45,-0.000623092,-5.80E-05
2014-7-7,1,lasso,45,-0.000498753,-5.80E-05
2014-7-8,1,lasso,45,-0.00237248,-5.80E-05
2014-7-9,1,lasso,45,0.001748689,-5.80E-05
2014-7-10,1,lasso,45,0.000748503,-5.80E-05
2014-7-11,1,lasso,45,0,-5.80E-05
2014-7-14,1,lasso,45,0.002490972,-5.80E-05
2014-7-15,1,lasso,45,0.002112458,-5.80E-05
2014-7-16,1,lasso,45,-0.000745064,-5.80E-05
2014-7-17,1,lasso,45,0.000248416,-5.80E-05
2014-7-18,1,lasso,45,0.000496648,-5.80E-05
2014-7-21,1,lasso,45,0.002727162,-5.80E-05
2014-7-22,1,lasso,45,0.00049505,-5.80E-05
2014-7-23,1,lasso,45,0.000618467,-5.80E-05
2014-7-24,1,lasso,45,0.001976529,-5.80E-05
2014-7-25,1,lasso,45,0,-5.80E-05
2014-7-28,1,lasso,45,0.002218936,-5.80E-05
2014-7-29,1,lasso,45,0.002705363,-5.80E-05
2014-7-30,1,lasso,45,0.000368347,-5.80E-05
2014-7-31,1,lasso,45,-0.001966086,-5.80E-05
2014-6-6,1,lasso,46,0.002980258,-5.45E-05
2014-6-9,1,lasso,46,0.002105655,-5.45E-05
2014-6-10,1,lasso,46,-0.00061885,-5.45E-05
2014-6-11,1,lasso,46,-0.00235513,-5.45E-05
2014-6-12,1,lasso,46,0,-5.45E-05
2014-6-13,1,lasso,46,-0.001366036,-5.45E-05
2014-6-16,1,lasso,46,0.001986345,-5.45E-05
2014-6-17,1,lasso,46,-0.000620309,-5.45E-05
2014-6-18,1,lasso,46,-0.003231824,-5.45E-05
2014-6-19,1,lasso,46,0.000622316,-5.45E-05
2014-6-20,1,lasso,46,-0.00124502,-5.45E-05
2014-6-23,1,lasso,46,0.000747198,-5.45E-05
2014-6-24,1,lasso,46,-0.00137029,-5.45E-05
2014-6-25,1,lasso,46,0,-5.45E-05
2014-6-26,1,lasso,46,-0.002496257,-5.45E-05
2014-6-27,1,lasso,46,-0.003003757,-5.45E-05
2014-6-30,1,lasso,46,0.000375963,-5.45E-05
2014-7-1,1,lasso,46,0.0018777,-5.45E-05
2014-7-2,1,lasso,46,0.003121686,-5.45E-05
2014-7-3,1,lasso,46,0.000747757,-5.45E-05
2014-7-4,1,lasso,46,-0.000623092,-5.45E-05
2014-7-7,1,lasso,46,-0.000498753,-5.45E-05
2014-7-8,1,lasso,46,-0.00237248,-5.45E-05
2014-7-9,1,lasso,46,0.001748689,-5.45E-05
2014-7-10,1,lasso,46,0.000748503,-5.45E-05
2014-7-11,1,lasso,46,0,-5.45E-05
2014-7-14,1,lasso,46,0.002490972,-5.45E-05
2014-7-15,1,lasso,46,0.002112458,-5.45E-05
2014-7-16,1,lasso,46,-0.000745064,-5.45E-05
2014-7-17,1,lasso,46,0.000248416,-5.45E-05
2014-7-18,1,lasso,46,0.000496648,-5.45E-05
2014-7-21,1,lasso,46,0.002727162,-5.45E-05
2014-7-22,1,lasso,46,0.00049505,-5.45E-05
2014-7-23,1,lasso,46,0.000618467,-5.45E-05
2014-7-24,1,lasso,46,0.001976529,-5.45E-05
2014-7-25,1,lasso,46,0,-5.45E-05
2014-7-28,1,lasso,46,0.002218936,-5.45E-05
2014-7-29,1,lasso,46,0.002705363,-5.45E-05
2014-7-30,1,lasso,46,0.000368347,-5.45E-05
2014-7-31,1,lasso,46,-0.001966086,-5.45E-05
2014-8-1,1,lasso,46,0.000368936,-5.45E-05
2014-8-4,1,lasso,46,0,-5.45E-05
2014-8-5,1,lasso,46,0.001351601,-5.45E-05
2014-8-6,1,lasso,46,0.000981836,-5.45E-05
2014-8-7,1,lasso,46,-0.000859054,-5.45E-05
2014-8-8,1,lasso,46,0.000245519,-5.45E-05
2014-8-11,1,lasso,46,0.000368166,-5.45E-05
2014-8-12,1,lasso,46,0.001226242,-5.45E-05
2014-8-13,1,lasso,46,-0.000122557,-5.45E-05
2014-8-14,1,lasso,46,-0.002085762,-5.45E-05
2014-8-15,1,lasso,46,0.001963191,-5.45E-05
2014-8-18,1,lasso,46,0.003670627,-5.45E-05
2014-8-19,1,lasso,46,0.004265438,-5.45E-05
2014-8-20,1,lasso,46,-0.000973354,-5.45E-05
2014-8-21,1,lasso,46,0.002310172,-5.45E-05
2014-8-22,1,lasso,46,0.002547154,-5.45E-05
2014-8-25,1,lasso,46,0.001210654,-5.45E-05
2014-8-26,1,lasso,46,-0.002665376,-5.45E-05
2014-8-27,1,lasso,46,0.000606391,-5.45E-05
2014-8-28,1,lasso,46,0.003268175,-5.45E-05
2014-7-4,1,lasso,47,-0.000623092,-5.48E-05
2014-7-7,1,lasso,47,-0.000498753,-5.48E-05
2014-7-8,1,lasso,47,-0.00237248,-5.48E-05
2014-7-9,1,lasso,47,0.001748689,-5.48E-05
2014-7-10,1,lasso,47,0.000748503,-5.48E-05
2014-7-11,1,lasso,47,0,-5.48E-05
2014-7-14,1,lasso,47,0.002490972,-5.48E-05
2014-7-15,1,lasso,47,0.002112458,-5.48E-05
2014-7-16,1,lasso,47,-0.000745064,-5.48E-05
2014-7-17,1,lasso,47,0.000248416,-5.48E-05
2014-7-18,1,lasso,47,0.000496648,-5.48E-05
2014-7-21,1,lasso,47,0.002727162,-5.48E-05
2014-7-22,1,lasso,47,0.00049505,-5.48E-05
2014-7-23,1,lasso,47,0.000618467,-5.48E-05
2014-7-24,1,lasso,47,0.001976529,-5.48E-05
2014-7-25,1,lasso,47,0,-5.48E-05
2014-7-28,1,lasso,47,0.002218936,-5.48E-05
2014-7-29,1,lasso,47,0.002705363,-5.48E-05
2014-7-30,1,lasso,47,0.000368347,-5.48E-05
2014-7-31,1,lasso,47,-0.001966086,-5.48E-05
2014-8-1,1,lasso,47,0.000368936,-5.48E-05
2014-8-4,1,lasso,47,0,-5.48E-05
2014-8-5,1,lasso,47,0.001351601,-5.48E-05
2014-8-6,1,lasso,47,0.000981836,-5.48E-05
2014-8-7,1,lasso,47,-0.000859054,-5.48E-05
2014-8-8,1,lasso,47,0.000245519,-5.48E-05
2014-8-11,1,lasso,47,0.000368166,-5.48E-05
2014-8-12,1,lasso,47,0.001226242,-5.48E-05
2014-8-13,1,lasso,47,-0.000122557,-5.48E-05
2014-8-14,1,lasso,47,-0.002085762,-5.48E-05
2014-8-15,1,lasso,47,0.001963191,-5.48E-05
2014-8-18,1,lasso,47,0.003670627,-5.48E-05
2014-8-19,1,lasso,47,0.004265438,-5.48E-05
2014-8-20,1,lasso,47,-0.000973354,-5.48E-05
2014-8-21,1,lasso,47,0.002310172,-5.48E-05
2014-8-22,1,lasso,47,0.002547154,-5.48E-05
2014-8-25,1,lasso,47,0.001210654,-5.48E-05
2014-8-26,1,lasso,47,-0.002665376,-5.48E-05
2014-8-27,1,lasso,47,0.000606391,-5.48E-05
2014-8-28,1,lasso,47,0.003268175,-5.48E-05
2014-8-29,1,lasso,47,0,-5.48E-05
2014-9-1,1,lasso,47,0.002896104,-5.48E-05
2014-9-2,1,lasso,47,-0.001567682,-5.48E-05
2014-9-3,1,lasso,47,0.011519206,-5.48E-05
2014-9-4,1,lasso,47,-0.000954882,-5.48E-05
2014-9-5,1,lasso,47,0.005834392,-5.48E-05
2014-9-8,1,lasso,47,0.000593437,-5.48E-05
2014-9-9,1,lasso,47,0,-5.48E-05
2014-9-10,1,lasso,47,0.000237276,-5.48E-05
2014-9-11,1,lasso,47,-0.000711997,-5.48E-05
2014-9-12,1,lasso,47,0.000237389,-5.48E-05
2014-9-15,1,lasso,47,-0.002257471,-5.48E-05
2014-9-16,1,lasso,47,0.003206463,-5.48E-05
2014-9-17,1,lasso,47,-0.000237164,-5.48E-05
2014-9-18,1,lasso,47,0.004850645,-5.48E-05
2014-9-19,1,lasso,47,0.000236016,-5.48E-05
2014-9-22,1,lasso,47,-0.001062511,-5.48E-05
2014-9-23,1,lasso,47,0.004478499,-5.48E-05
2014-9-24,1,lasso,47,0.001762322,-5.48E-05
2014-9-25,1,lasso,47,0.005268408,-5.48E-05
2014-8-1,1,lasso,48,0.000368936,-4.84E-05
2014-8-4,1,lasso,48,0,-4.84E-05
2014-8-5,1,lasso,48,0.001351601,-4.84E-05
2014-8-6,1,lasso,48,0.000981836,-4.84E-05
2014-8-7,1,lasso,48,-0.000859054,-4.84E-05
2014-8-8,1,lasso,48,0.000245519,-4.84E-05
2014-8-11,1,lasso,48,0.000368166,-4.84E-05
2014-8-12,1,lasso,48,0.001226242,-4.84E-05
2014-8-13,1,lasso,48,-0.000122557,-4.84E-05
2014-8-14,1,lasso,48,-0.002085762,-4.84E-05
2014-8-15,1,lasso,48,0.001963191,-4.84E-05
2014-8-18,1,lasso,48,0.003670627,-4.84E-05
2014-8-19,1,lasso,48,0.004265438,-4.84E-05
2014-8-20,1,lasso,48,-0.000973354,-4.84E-05
2014-8-21,1,lasso,48,0.002310172,-4.84E-05
2014-8-22,1,lasso,48,0.002547154,-4.84E-05
2014-8-25,1,lasso,48,0.001210654,-4.84E-05
2014-8-26,1,lasso,48,-0.002665376,-4.84E-05
2014-8-27,1,lasso,48,0.000606391,-4.84E-05
2014-8-28,1,lasso,48,0.003268175,-4.84E-05
2014-8-29,1,lasso,48,0,-4.84E-05
2014-9-1,1,lasso,48,0.002896104,-4.84E-05
2014-9-2,1,lasso,48,-0.001567682,-4.84E-05
2014-9-3,1,lasso,48,0.011519206,-4.84E-05
2014-9-4,1,lasso,48,-0.000954882,-4.84E-05
2014-9-5,1,lasso,48,0.005834392,-4.84E-05
2014-9-8,1,lasso,48,0.000593437,-4.84E-05
2014-9-9,1,lasso,48,0,-4.84E-05
2014-9-10,1,lasso,48,0.000237276,-4.84E-05
2014-9-11,1,lasso,48,-0.000711997,-4.84E-05
2014-9-12,1,lasso,48,0.000237389,-4.84E-05
2014-9-15,1,lasso,48,-0.002257471,-4.84E-05
2014-9-16,1,lasso,48,0.003206463,-4.84E-05
2014-9-17,1,lasso,48,-0.000237164,-4.84E-05
2014-9-18,1,lasso,48,0.004850645,-4.84E-05
2014-9-19,1,lasso,48,0.000236016,-4.84E-05
2014-9-22,1,lasso,48,-0.001062511,-4.84E-05
2014-9-23,1,lasso,48,0.004478499,-4.84E-05
2014-9-24,1,lasso,48,0.001762322,-4.84E-05
2014-9-25,1,lasso,48,0.005268408,-4.84E-05
2014-9-26,1,lasso,48,-0.00058401,-4.84E-05
2014-9-29,1,lasso,48,0.004080924,-4.84E-05
2014-9-30,1,lasso,48,0.00034902,-4.84E-05
2014-10-1,1,lasso,48,-0.004313115,-4.84E-05
2014-10-2,1,lasso,48,0.012653254,-4.84E-05
2014-10-3,1,lasso,48,-0.008805526,-4.84E-05
2014-10-6,1,lasso,48,-0.003030305,-4.84E-05
2014-10-7,1,lasso,48,-0.004328251,-4.84E-05
2014-10-8,1,lasso,48,0.002575812,-4.84E-05
2014-10-9,1,lasso,48,0.00454997,-4.84E-05
2014-10-10,1,lasso,48,-0.004433045,-4.84E-05
2014-10-13,1,lasso,48,0.003384888,-4.84E-05
2014-10-14,1,lasso,48,-0.007837672,-4.84E-05
2014-10-15,1,lasso,48,-0.002351559,-4.84E-05
2014-10-16,1,lasso,48,0.001881689,-4.84E-05
2014-10-17,1,lasso,48,-0.001881689,-4.84E-05
2014-10-20,1,lasso,48,0.004111606,-4.84E-05
2014-10-21,1,lasso,48,0.005145007,-4.84E-05
2014-10-22,1,lasso,48,0.001165637,-4.84E-05
2014-10-23,1,lasso,48,-0.001282276,-4.84E-05
2014-8-29,1,lasso,49,0,-3.98E-05
2014-9-1,1,lasso,49,0.002896104,-3.98E-05
2014-9-2,1,lasso,49,-0.001567682,-3.98E-05
2014-9-3,1,lasso,49,0.011519206,-3.98E-05
2014-9-4,1,lasso,49,-0.000954882,-3.98E-05
2014-9-5,1,lasso,49,0.005834392,-3.98E-05
2014-9-8,1,lasso,49,0.000593437,-3.98E-05
2014-9-9,1,lasso,49,0,-3.98E-05
2014-9-10,1,lasso,49,0.000237276,-3.98E-05
2014-9-11,1,lasso,49,-0.000711997,-3.98E-05
2014-9-12,1,lasso,49,0.000237389,-3.98E-05
2014-9-15,1,lasso,49,-0.002257471,-3.98E-05
2014-9-16,1,lasso,49,0.003206463,-3.98E-05
2014-9-17,1,lasso,49,-0.000237164,-3.98E-05
2014-9-18,1,lasso,49,0.004850645,-3.98E-05
2014-9-19,1,lasso,49,0.000236016,-3.98E-05
2014-9-22,1,lasso,49,-0.001062511,-3.98E-05
2014-9-23,1,lasso,49,0.004478499,-3.98E-05
2014-9-24,1,lasso,49,0.001762322,-3.98E-05
2014-9-25,1,lasso,49,0.005268408,-3.98E-05
2014-9-26,1,lasso,49,-0.00058401,-3.98E-05
2014-9-29,1,lasso,49,0.004080924,-3.98E-05
2014-9-30,1,lasso,49,0.00034902,-3.98E-05
2014-10-1,1,lasso,49,-0.004313115,-3.98E-05
2014-10-2,1,lasso,49,0.012653254,-3.98E-05
2014-10-3,1,lasso,49,-0.008805526,-3.98E-05
2014-10-6,1,lasso,49,-0.003030305,-3.98E-05
2014-10-7,1,lasso,49,-0.004328251,-3.98E-05
2014-10-8,1,lasso,49,0.002575812,-3.98E-05
2014-10-9,1,lasso,49,0.00454997,-3.98E-05
2014-10-10,1,lasso,49,-0.004433045,-3.98E-05
2014-10-13,1,lasso,49,0.003384888,-3.98E-05
2014-10-14,1,lasso,49,-0.007837672,-3.98E-05
2014-10-15,1,lasso,49,-0.002351559,-3.98E-05
2014-10-16,1,lasso,49,0.001881689,-3.98E-05
2014-10-17,1,lasso,49,-0.001881689,-3.98E-05
2014-10-20,1,lasso,49,0.004111606,-3.98E-05
2014-10-21,1,lasso,49,0.005145007,-3.98E-05
2014-10-22,1,lasso,49,0.001165637,-3.98E-05
2014-10-23,1,lasso,49,-0.001282276,-3.98E-05
2014-10-24,1,lasso,49,-0.002686447,-3.98E-05
2014-10-27,1,lasso,49,-0.001053186,-3.98E-05
2014-10-28,1,lasso,49,0.006302542,-3.98E-05
2014-10-29,1,lasso,49,0.002324231,-3.98E-05
2014-10-30,1,lasso,49,0.008898192,-3.98E-05
2014-10-31,1,lasso,49,0.004476848,-3.98E-05
2014-11-3,1,lasso,49,-0.003786797,-3.98E-05
2014-11-4,1,lasso,49,0.005274637,-3.98E-05
2014-11-5,1,lasso,49,0.006497601,-3.98E-05
2014-11-6,1,lasso,49,-0.00421293,-3.98E-05
2014-11-7,1,lasso,49,0.001937875,-3.98E-05
2014-11-10,1,lasso,49,-0.003193798,-3.98E-05
2014-11-11,1,lasso,49,0.003307673,-3.98E-05
2014-11-12,1,lasso,49,-0.0017095,-3.98E-05
2014-11-13,1,lasso,49,-0.001598174,-3.98E-05
2014-11-14,1,lasso,49,0.004559452,-3.98E-05
2014-11-17,1,lasso,49,-0.003988382,-3.98E-05
2014-11-18,1,lasso,49,0.00079895,-3.98E-05
2014-11-19,1,lasso,49,-0.000684775,-3.98E-05
2014-11-20,1,lasso,49,0.008186515,-3.98E-05
2014-9-26,1,lasso,50,-0.00058401,-2.38E-05
2014-9-29,1,lasso,50,0.004080924,-2.38E-05
2014-9-30,1,lasso,50,0.00034902,-2.38E-05
2014-10-1,1,lasso,50,-0.004313115,-2.38E-05
2014-10-2,1,lasso,50,0.012653254,-2.38E-05
2014-10-3,1,lasso,50,-0.008805526,-2.38E-05
2014-10-6,1,lasso,50,-0.003030305,-2.38E-05
2014-10-7,1,lasso,50,-0.004328251,-2.38E-05
2014-10-8,1,lasso,50,0.002575812,-2.38E-05
2014-10-9,1,lasso,50,0.00454997,-2.38E-05
2014-10-10,1,lasso,50,-0.004433045,-2.38E-05
2014-10-13,1,lasso,50,0.003384888,-2.38E-05
2014-10-14,1,lasso,50,-0.007837672,-2.38E-05
2014-10-15,1,lasso,50,-0.002351559,-2.38E-05
2014-10-16,1,lasso,50,0.001881689,-2.38E-05
2014-10-17,1,lasso,50,-0.001881689,-2.38E-05
2014-10-20,1,lasso,50,0.004111606,-2.38E-05
2014-10-21,1,lasso,50,0.005145007,-2.38E-05
2014-10-22,1,lasso,50,0.001165637,-2.38E-05
2014-10-23,1,lasso,50,-0.001282276,-2.38E-05
2014-10-24,1,lasso,50,-0.002686447,-2.38E-05
2014-10-27,1,lasso,50,-0.001053186,-2.38E-05
2014-10-28,1,lasso,50,0.006302542,-2.38E-05
2014-10-29,1,lasso,50,0.002324231,-2.38E-05
2014-10-30,1,lasso,50,0.008898192,-2.38E-05
2014-10-31,1,lasso,50,0.004476848,-2.38E-05
2014-11-3,1,lasso,50,-0.003786797,-2.38E-05
2014-11-4,1,lasso,50,0.005274637,-2.38E-05
2014-11-5,1,lasso,50,0.006497601,-2.38E-05
2014-11-6,1,lasso,50,-0.00421293,-2.38E-05
2014-11-7,1,lasso,50,0.001937875,-2.38E-05
2014-11-10,1,lasso,50,-0.003193798,-2.38E-05
2014-11-11,1,lasso,50,0.003307673,-2.38E-05
2014-11-12,1,lasso,50,-0.0017095,-2.38E-05
2014-11-13,1,lasso,50,-0.001598174,-2.38E-05
2014-11-14,1,lasso,50,0.004559452,-2.38E-05
2014-11-17,1,lasso,50,-0.003988382,-2.38E-05
2014-11-18,1,lasso,50,0.00079895,-2.38E-05
2014-11-19,1,lasso,50,-0.000684775,-2.38E-05
2014-11-20,1,lasso,50,0.008186515,-2.38E-05
2014-11-21,1,lasso,50,-0.001813443,-2.38E-05
2014-11-24,1,lasso,50,-0.002612599,-2.38E-05
2014-11-25,1,lasso,50,-0.003532163,-2.38E-05
2014-11-26,1,lasso,50,0,-2.38E-05
2014-11-27,1,lasso,50,0.008524232,-2.38E-05
2014-11-28,1,lasso,50,-0.004650907,-2.38E-05
2014-12-1,1,lasso,50,0.007927561,-2.38E-05
2014-12-2,1,lasso,50,0.003490798,-2.38E-05
2014-12-3,1,lasso,50,-0.002926941,-2.38E-05
2014-12-4,1,lasso,50,0.007077488,-2.38E-05
2014-12-5,1,lasso,50,-0.003251671,-2.38E-05
2014-12-8,1,lasso,50,-0.003938564,-2.38E-05
2014-12-9,1,lasso,50,-0.004746844,-2.38E-05
2014-12-10,1,lasso,50,0.00440853,-2.38E-05
2014-12-11,1,lasso,50,-0.003389451,-2.38E-05
2014-12-12,1,lasso,50,0.001131094,-2.38E-05
2014-12-15,1,lasso,50,-0.003850951,-2.38E-05
2014-12-16,1,lasso,50,0.011396456,-2.38E-05
2014-12-17,1,lasso,50,0.001121328,-2.38E-05
2014-12-18,1,lasso,50,0.004138014,-2.38E-05
2014-10-24,1,lasso,51,-0.002686447,-2.31E-05
2014-10-27,1,lasso,51,-0.001053186,-2.31E-05
2014-10-28,1,lasso,51,0.006302542,-2.31E-05
2014-10-29,1,lasso,51,0.002324231,-2.31E-05
2014-10-30,1,lasso,51,0.008898192,-2.31E-05
2014-10-31,1,lasso,51,0.004476848,-2.31E-05
2014-11-3,1,lasso,51,-0.003786797,-2.31E-05
2014-11-4,1,lasso,51,0.005274637,-2.31E-05
2014-11-5,1,lasso,51,0.006497601,-2.31E-05
2014-11-6,1,lasso,51,-0.00421293,-2.31E-05
2014-11-7,1,lasso,51,0.001937875,-2.31E-05
2014-11-10,1,lasso,51,-0.003193798,-2.31E-05
2014-11-11,1,lasso,51,0.003307673,-2.31E-05
2014-11-12,1,lasso,51,-0.0017095,-2.31E-05
2014-11-13,1,lasso,51,-0.001598174,-2.31E-05
2014-11-14,1,lasso,51,0.004559452,-2.31E-05
2014-11-17,1,lasso,51,-0.003988382,-2.31E-05
2014-11-18,1,lasso,51,0.00079895,-2.31E-05
2014-11-19,1,lasso,51,-0.000684775,-2.31E-05
2014-11-20,1,lasso,51,0.008186515,-2.31E-05
2014-11-21,1,lasso,51,-0.001813443,-2.31E-05
2014-11-24,1,lasso,51,-0.002612599,-2.31E-05
2014-11-25,1,lasso,51,-0.003532163,-2.31E-05
2014-11-26,1,lasso,51,0,-2.31E-05
2014-11-27,1,lasso,51,0.008524232,-2.31E-05
2014-11-28,1,lasso,51,-0.004650907,-2.31E-05
2014-12-1,1,lasso,51,0.007927561,-2.31E-05
2014-12-2,1,lasso,51,0.003490798,-2.31E-05
2014-12-3,1,lasso,51,-0.002926941,-2.31E-05
2014-12-4,1,lasso,51,0.007077488,-2.31E-05
2014-12-5,1,lasso,51,-0.003251671,-2.31E-05
2014-12-8,1,lasso,51,-0.003938564,-2.31E-05
2014-12-9,1,lasso,51,-0.004746844,-2.31E-05
2014-12-10,1,lasso,51,0.00440853,-2.31E-05
2014-12-11,1,lasso,51,-0.003389451,-2.31E-05
2014-12-12,1,lasso,51,0.001131094,-2.31E-05
2014-12-15,1,lasso,51,-0.003850951,-2.31E-05
2014-12-16,1,lasso,51,0.011396456,-2.31E-05
2014-12-17,1,lasso,51,0.001121328,-2.31E-05
2014-12-18,1,lasso,51,0.004138014,-2.31E-05
2014-12-19,1,lasso,51,0.001895524,-2.31E-05
2014-12-22,1,lasso,51,0.003225271,-2.31E-05
2014-12-23,1,lasso,51,-0.000999833,-2.31E-05
2014-12-24,1,lasso,51,0,-2.31E-05
2014-12-25,1,lasso,51,0.000666667,-2.31E-05
2014-12-26,1,lasso,51,0.001775608,-2.31E-05
2014-12-29,1,lasso,51,-0.002220003,-2.31E-05
2014-12-30,1,lasso,51,0.003106626,-2.31E-05
2014-12-31,1,lasso,51,0,-2.31E-05
2015-1-1,1,lasso,51,0.008933062,-2.31E-05
2015-1-2,1,lasso,51,0.003288395,-2.31E-05
2015-1-5,1,lasso,51,0.001312336,-2.31E-05
2015-1-6,1,lasso,51,0.004253237,-2.31E-05
2015-1-7,1,lasso,51,0.005210041,-2.31E-05
2015-1-8,1,lasso,51,-0.00466606,-2.31E-05
2015-1-9,1,lasso,51,0.000434972,-2.31E-05
2015-1-12,1,lasso,51,0.003581316,-2.31E-05
2015-1-13,1,lasso,51,-0.001626281,-2.31E-05
2015-1-14,1,lasso,51,0.00205951,-2.31E-05
2015-1-15,1,lasso,51,0.001839131,-2.31E-05
2014-11-21,1,lasso,52,-0.001813443,-9.70E-06
2014-11-24,1,lasso,52,-0.002612599,-9.70E-06
2014-11-25,1,lasso,52,-0.003532163,-9.70E-06
2014-11-26,1,lasso,52,0,-9.70E-06
2014-11-27,1,lasso,52,0.008524232,-9.70E-06
2014-11-28,1,lasso,52,-0.004650907,-9.70E-06
2014-12-1,1,lasso,52,0.007927561,-9.70E-06
2014-12-2,1,lasso,52,0.003490798,-9.70E-06
2014-12-3,1,lasso,52,-0.002926941,-9.70E-06
2014-12-4,1,lasso,52,0.007077488,-9.70E-06
2014-12-5,1,lasso,52,-0.003251671,-9.70E-06
2014-12-8,1,lasso,52,-0.003938564,-9.70E-06
2014-12-9,1,lasso,52,-0.004746844,-9.70E-06
2014-12-10,1,lasso,52,0.00440853,-9.70E-06
2014-12-11,1,lasso,52,-0.003389451,-9.70E-06
2014-12-12,1,lasso,52,0.001131094,-9.70E-06
2014-12-15,1,lasso,52,-0.003850951,-9.70E-06
2014-12-16,1,lasso,52,0.011396456,-9.70E-06
2014-12-17,1,lasso,52,0.001121328,-9.70E-06
2014-12-18,1,lasso,52,0.004138014,-9.70E-06
2014-12-19,1,lasso,52,0.001895524,-9.70E-06
2014-12-22,1,lasso,52,0.003225271,-9.70E-06
2014-12-23,1,lasso,52,-0.000999833,-9.70E-06
2014-12-24,1,lasso,52,0,-9.70E-06
2014-12-25,1,lasso,52,0.000666667,-9.70E-06
2014-12-26,1,lasso,52,0.001775608,-9.70E-06
2014-12-29,1,lasso,52,-0.002220003,-9.70E-06
2014-12-30,1,lasso,52,0.003106626,-9.70E-06
2014-12-31,1,lasso,52,0,-9.70E-06
2015-1-1,1,lasso,52,0.008933062,-9.70E-06
2015-1-2,1,lasso,52,0.003288395,-9.70E-06
2015-1-5,1,lasso,52,0.001312336,-9.70E-06
2015-1-6,1,lasso,52,0.004253237,-9.70E-06
2015-1-7,1,lasso,52,0.005210041,-9.70E-06
2015-1-8,1,lasso,52,-0.00466606,-9.70E-06
2015-1-9,1,lasso,52,0.000434972,-9.70E-06
2015-1-12,1,lasso,52,0.003581316,-9.70E-06
2015-1-13,1,lasso,52,-0.001626281,-9.70E-06
2015-1-14,1,lasso,52,0.00205951,-9.70E-06
2015-1-15,1,lasso,52,0.001839131,-9.70E-06
2015-1-16,1,lasso,52,0,-9.70E-06
2015-1-19,1,lasso,52,0.005712146,-9.70E-06
2015-1-20,1,lasso,52,-0.001613337,-9.70E-06
2015-1-21,1,lasso,52,0.012621838,-9.70E-06
2015-1-22,1,lasso,52,0.007201895,-9.70E-06
2015-1-23,1,lasso,52,0.00042203,-9.70E-06
2015-1-26,1,lasso,52,-0.008261884,-9.70E-06
2015-1-27,1,lasso,52,0.004774798,-9.70E-06
2015-1-28,1,lasso,52,0.003276093,-9.70E-06
2015-1-29,1,lasso,52,0.000210993,-9.70E-06
2015-1-30,1,lasso,52,-0.003169575,-9.70E-06
2015-2-2,1,lasso,52,-0.009569451,-9.70E-06
2015-2-3,1,lasso,52,0.00415801,-9.70E-06
2015-2-4,1,lasso,52,-0.004478574,-9.70E-06
2015-2-5,1,lasso,52,0.02407465,-9.70E-06
2015-2-6,1,lasso,52,-0.014713876,-9.70E-06
2015-2-9,1,lasso,52,0.003276785,-9.70E-06
2015-2-10,1,lasso,52,0.002318964,-9.70E-06
2015-2-11,1,lasso,52,-0.009414572,-9.70E-06
2015-2-12,1,lasso,52,0.001168411,-9.70E-06
2014-12-19,1,lasso,53,0.001895524,-3.20E-06
2014-12-22,1,lasso,53,0.003225271,-3.20E-06
2014-12-23,1,lasso,53,-0.000999833,-3.20E-06
2014-12-24,1,lasso,53,0,-3.20E-06
2014-12-25,1,lasso,53,0.000666667,-3.20E-06
2014-12-26,1,lasso,53,0.001775608,-3.20E-06
2014-12-29,1,lasso,53,-0.002220003,-3.20E-06
2014-12-30,1,lasso,53,0.003106626,-3.20E-06
2014-12-31,1,lasso,53,0,-3.20E-06
2015-1-1,1,lasso,53,0.008933062,-3.20E-06
2015-1-2,1,lasso,53,0.003288395,-3.20E-06
2015-1-5,1,lasso,53,0.001312336,-3.20E-06
2015-1-6,1,lasso,53,0.004253237,-3.20E-06
2015-1-7,1,lasso,53,0.005210041,-3.20E-06
2015-1-8,1,lasso,53,-0.00466606,-3.20E-06
2015-1-9,1,lasso,53,0.000434972,-3.20E-06
2015-1-12,1,lasso,53,0.003581316,-3.20E-06
2015-1-13,1,lasso,53,-0.001626281,-3.20E-06
2015-1-14,1,lasso,53,0.00205951,-3.20E-06
2015-1-15,1,lasso,53,0.001839131,-3.20E-06
2015-1-16,1,lasso,53,0,-3.20E-06
2015-1-19,1,lasso,53,0.005712146,-3.20E-06
2015-1-20,1,lasso,53,-0.001613337,-3.20E-06
2015-1-21,1,lasso,53,0.012621838,-3.20E-06
2015-1-22,1,lasso,53,0.007201895,-3.20E-06
2015-1-23,1,lasso,53,0.00042203,-3.20E-06
2015-1-26,1,lasso,53,-0.008261884,-3.20E-06
2015-1-27,1,lasso,53,0.004774798,-3.20E-06
2015-1-28,1,lasso,53,0.003276093,-3.20E-06
2015-1-29,1,lasso,53,0.000210993,-3.20E-06
2015-1-30,1,lasso,53,-0.003169575,-3.20E-06
2015-2-2,1,lasso,53,-0.009569451,-3.20E-06
2015-2-3,1,lasso,53,0.00415801,-3.20E-06
2015-2-4,1,lasso,53,-0.004478574,-3.20E-06
2015-2-5,1,lasso,53,0.02407465,-3.20E-06
2015-2-6,1,lasso,53,-0.014713876,-3.20E-06
2015-2-9,1,lasso,53,0.003276785,-3.20E-06
2015-2-10,1,lasso,53,0.002318964,-3.20E-06
2015-2-11,1,lasso,53,-0.009414572,-3.20E-06
2015-2-12,1,lasso,53,0.001168411,-3.20E-06
2015-2-13,1,lasso,53,0,-3.20E-06
2015-2-16,1,lasso,53,-0.001487305,-3.20E-06
2015-2-17,1,lasso,53,0.001487305,-3.20E-06
2015-2-18,1,lasso,53,0.002120892,-3.20E-06
2015-2-19,1,lasso,53,-0.000635795,-3.20E-06
2015-2-20,1,lasso,53,0.002435023,-3.20E-06
2015-2-23,1,lasso,53,-0.000846292,-3.20E-06
2015-2-24,1,lasso,53,-0.002967676,-3.20E-06
2015-2-25,1,lasso,53,0.01139854,-3.20E-06
2015-2-26,1,lasso,53,0.000314779,-3.20E-06
2015-2-27,1,lasso,53,0.001467659,-3.20E-06
2015-3-2,1,lasso,53,-0.000838399,-3.20E-06
2015-3-3,1,lasso,53,0.00616673,-3.20E-06
2015-3-4,1,lasso,53,0.004263069,-3.20E-06
2015-3-5,1,lasso,53,0.012681236,-3.20E-06
2015-3-6,1,lasso,53,-0.000204918,-3.20E-06
2015-3-9,1,lasso,53,0.010499052,-3.20E-06
2015-3-10,1,lasso,53,0.011894103,-3.20E-06
2015-3-11,1,lasso,53,-0.003613736,-3.20E-06
2015-3-12,1,lasso,53,0.008910306,-3.20E-06
2015-1-16,1,lasso,54,0,1.09E-05
2015-1-19,1,lasso,54,0.005712146,1.09E-05
2015-1-20,1,lasso,54,-0.001613337,1.09E-05
2015-1-21,1,lasso,54,0.012621838,1.09E-05
2015-1-22,1,lasso,54,0.007201895,1.09E-05
2015-1-23,1,lasso,54,0.00042203,1.09E-05
2015-1-26,1,lasso,54,-0.008261884,1.09E-05
2015-1-27,1,lasso,54,0.004774798,1.09E-05
2015-1-28,1,lasso,54,0.003276093,1.09E-05
2015-1-29,1,lasso,54,0.000210993,1.09E-05
2015-1-30,1,lasso,54,-0.003169575,1.09E-05
2015-2-2,1,lasso,54,-0.009569451,1.09E-05
2015-2-3,1,lasso,54,0.00415801,1.09E-05
2015-2-4,1,lasso,54,-0.004478574,1.09E-05
2015-2-5,1,lasso,54,0.02407465,1.09E-05
2015-2-6,1,lasso,54,-0.014713876,1.09E-05
2015-2-9,1,lasso,54,0.003276785,1.09E-05
2015-2-10,1,lasso,54,0.002318964,1.09E-05
2015-2-11,1,lasso,54,-0.009414572,1.09E-05
2015-2-12,1,lasso,54,0.001168411,1.09E-05
2015-2-13,1,lasso,54,0,1.09E-05
2015-2-16,1,lasso,54,-0.001487305,1.09E-05
2015-2-17,1,lasso,54,0.001487305,1.09E-05
2015-2-18,1,lasso,54,0.002120892,1.09E-05
2015-2-19,1,lasso,54,-0.000635795,1.09E-05
2015-2-20,1,lasso,54,0.002435023,1.09E-05
2015-2-23,1,lasso,54,-0.000846292,1.09E-05
2015-2-24,1,lasso,54,-0.002967676,1.09E-05
2015-2-25,1,lasso,54,0.01139854,1.09E-05
2015-2-26,1,lasso,54,0.000314779,1.09E-05
2015-2-27,1,lasso,54,0.001467659,1.09E-05
2015-3-2,1,lasso,54,-0.000838399,1.09E-05
2015-3-3,1,lasso,54,0.00616673,1.09E-05
2015-3-4,1,lasso,54,0.004263069,1.09E-05
2015-3-5,1,lasso,54,0.012681236,1.09E-05
2015-3-6,1,lasso,54,-0.000204918,1.09E-05
2015-3-9,1,lasso,54,0.010499052,1.09E-05
2015-3-10,1,lasso,54,0.011894103,1.09E-05
2015-3-11,1,lasso,54,-0.003613736,1.09E-05
2015-3-12,1,lasso,54,0.008910306,1.09E-05
2015-3-13,1,lasso,54,-0.007302588,1.09E-05
2015-3-16,1,lasso,54,-0.000200823,1.09E-05
2015-3-17,1,lasso,54,-0.010397308,1.09E-05
2015-3-18,1,lasso,54,0.007178637,1.09E-05
2015-3-19,1,lasso,54,-0.013693981,1.09E-05
2015-3-20,1,lasso,54,-0.00902848,1.09E-05
2015-3-23,1,lasso,54,0.001647616,1.09E-05
2015-3-24,1,lasso,54,-0.002163054,1.09E-05
2015-3-25,1,lasso,54,0.004732032,1.09E-05
2015-3-26,1,lasso,54,-0.001540595,1.09E-05
2015-3-27,1,lasso,54,0.0069651,1.09E-05
2015-3-30,1,lasso,54,0.003972908,1.09E-05
2015-3-31,1,lasso,54,-0.00172984,1.09E-05
2015-4-1,1,lasso,54,-0.007667573,1.09E-05
2015-4-2,1,lasso,54,-0.009175795,1.09E-05
2015-4-3,1,lasso,54,0.002379352,1.09E-05
2015-4-6,1,lasso,54,0.010790917,1.09E-05
2015-4-7,1,lasso,54,0.001123768,1.09E-05
2015-4-8,1,lasso,54,0.012379661,1.09E-05
2015-4-9,1,lasso,54,0.001813603,1.09E-05
2015-2-13,1,lasso,55,0,1.86E-05
2015-2-16,1,lasso,55,-0.001487305,1.86E-05
2015-2-17,1,lasso,55,0.001487305,1.86E-05
2015-2-18,1,lasso,55,0.002120892,1.86E-05
2015-2-19,1,lasso,55,-0.000635795,1.86E-05
2015-2-20,1,lasso,55,0.002435023,1.86E-05
2015-2-23,1,lasso,55,-0.000846292,1.86E-05
2015-2-24,1,lasso,55,-0.002967676,1.86E-05
2015-2-25,1,lasso,55,0.01139854,1.86E-05
2015-2-26,1,lasso,55,0.000314779,1.86E-05
2015-2-27,1,lasso,55,0.001467659,1.86E-05
2015-3-2,1,lasso,55,-0.000838399,1.86E-05
2015-3-3,1,lasso,55,0.00616673,1.86E-05
2015-3-4,1,lasso,55,0.004263069,1.86E-05
2015-3-5,1,lasso,55,0.012681236,1.86E-05
2015-3-6,1,lasso,55,-0.000204918,1.86E-05
2015-3-9,1,lasso,55,0.010499052,1.86E-05
2015-3-10,1,lasso,55,0.011894103,1.86E-05
2015-3-11,1,lasso,55,-0.003613736,1.86E-05
2015-3-12,1,lasso,55,0.008910306,1.86E-05
2015-3-13,1,lasso,55,-0.007302588,1.86E-05
2015-3-16,1,lasso,55,-0.000200823,1.86E-05
2015-3-17,1,lasso,55,-0.010397308,1.86E-05
2015-3-18,1,lasso,55,0.007178637,1.86E-05
2015-3-19,1,lasso,55,-0.013693981,1.86E-05
2015-3-20,1,lasso,55,-0.00902848,1.86E-05
2015-3-23,1,lasso,55,0.001647616,1.86E-05
2015-3-24,1,lasso,55,-0.002163054,1.86E-05
2015-3-25,1,lasso,55,0.004732032,1.86E-05
2015-3-26,1,lasso,55,-0.001540595,1.86E-05
2015-3-27,1,lasso,55,0.0069651,1.86E-05
2015-3-30,1,lasso,55,0.003972908,1.86E-05
2015-3-31,1,lasso,55,-0.00172984,1.86E-05
2015-4-1,1,lasso,55,-0.007667573,1.86E-05
2015-4-2,1,lasso,55,-0.009175795,1.86E-05
2015-4-3,1,lasso,55,0.002379352,1.86E-05
2015-4-6,1,lasso,55,0.010790917,1.86E-05
2015-4-7,1,lasso,55,0.001123768,1.86E-05
2015-4-8,1,lasso,55,0.012379661,1.86E-05
2015-4-9,1,lasso,55,0.001813603,1.86E-05
2015-4-10,1,lasso,55,0.001508827,1.86E-05
2015-4-13,1,lasso,55,-0.007668285,1.86E-05
2015-4-14,1,lasso,55,-0.004161386,1.86E-05
2015-4-15,1,lasso,55,-0.009195937,1.86E-05
2015-4-16,1,lasso,55,0.001025957,1.86E-05
2015-4-17,1,lasso,55,0.004297561,1.86E-05
2015-4-20,1,lasso,55,0.000612432,1.86E-05
2015-4-21,1,lasso,55,-0.000714541,1.86E-05
2015-4-22,1,lasso,55,-0.00665952,1.86E-05
2015-4-23,1,lasso,55,-0.003707522,1.86E-05
2015-4-24,1,lasso,55,-0.001548867,1.86E-05
2015-4-27,1,lasso,55,-0.007051777,1.86E-05
2015-4-28,1,lasso,55,-0.009200274,1.86E-05
2015-4-29,1,lasso,55,-0.006427502,1.86E-05
2015-4-30,1,lasso,55,0.007372335,1.86E-05
2015-5-1,1,lasso,55,0.001886991,1.86E-05
2015-5-4,1,lasso,55,-0.004198159,1.86E-05
2015-5-5,1,lasso,55,-0.010466871,1.86E-05
2015-5-6,1,lasso,55,0.005828449,1.86E-05
2015-5-7,1,lasso,55,0.001583699,1.86E-05
2015-3-13,1,lasso,56,-0.007302588,4.56E-05
2015-3-16,1,lasso,56,-0.000200823,4.56E-05
2015-3-17,1,lasso,56,-0.010397308,4.56E-05
2015-3-18,1,lasso,56,0.007178637,4.56E-05
2015-3-19,1,lasso,56,-0.013693981,4.56E-05
2015-3-20,1,lasso,56,-0.00902848,4.56E-05
2015-3-23,1,lasso,56,0.001647616,4.56E-05
2015-3-24,1,lasso,56,-0.002163054,4.56E-05
2015-3-25,1,lasso,56,0.004732032,4.56E-05
2015-3-26,1,lasso,56,-0.001540595,4.56E-05
2015-3-27,1,lasso,56,0.0069651,4.56E-05
2015-3-30,1,lasso,56,0.003972908,4.56E-05
2015-3-31,1,lasso,56,-0.00172984,4.56E-05
2015-4-1,1,lasso,56,-0.007667573,4.56E-05
2015-4-2,1,lasso,56,-0.009175795,4.56E-05
2015-4-3,1,lasso,56,0.002379352,4.56E-05
2015-4-6,1,lasso,56,0.010790917,4.56E-05
2015-4-7,1,lasso,56,0.001123768,4.56E-05
2015-4-8,1,lasso,56,0.012379661,4.56E-05
2015-4-9,1,lasso,56,0.001813603,4.56E-05
2015-4-10,1,lasso,56,0.001508827,4.56E-05
2015-4-13,1,lasso,56,-0.007668285,4.56E-05
2015-4-14,1,lasso,56,-0.004161386,4.56E-05
2015-4-15,1,lasso,56,-0.009195937,4.56E-05
2015-4-16,1,lasso,56,0.001025957,4.56E-05
2015-4-17,1,lasso,56,0.004297561,4.56E-05
2015-4-20,1,lasso,56,0.000612432,4.56E-05
2015-4-21,1,lasso,56,-0.000714541,4.56E-05
2015-4-22,1,lasso,56,-0.00665952,4.56E-05
2015-4-23,1,lasso,56,-0.003707522,4.56E-05
2015-4-24,1,lasso,56,-0.001548867,4.56E-05
2015-4-27,1,lasso,56,-0.007051777,4.56E-05
2015-4-28,1,lasso,56,-0.009200274,4.56E-05
2015-4-29,1,lasso,56,-0.006427502,4.56E-05
2015-4-30,1,lasso,56,0.007372335,4.56E-05
2015-5-1,1,lasso,56,0.001886991,4.56E-05
2015-5-4,1,lasso,56,-0.004198159,4.56E-05
2015-5-5,1,lasso,56,-0.010466871,4.56E-05
2015-5-6,1,lasso,56,0.005828449,4.56E-05
2015-5-7,1,lasso,56,0.001583699,4.56E-05
2015-5-8,1,lasso,56,0.002318231,4.56E-05
2015-5-11,1,lasso,56,-0.005064905,4.56E-05
2015-5-12,1,lasso,56,-0.009673209,4.56E-05
2015-5-13,1,lasso,56,-0.001710499,4.56E-05
2015-5-14,1,lasso,56,-0.0034298,4.56E-05
2015-5-15,1,lasso,56,0.011528736,4.56E-05
2015-5-18,1,lasso,56,0.011082492,4.56E-05
2015-5-19,1,lasso,56,0.001887584,4.56E-05
2015-5-20,1,lasso,56,-0.002097536,4.56E-05
2015-5-21,1,lasso,56,0.008988355,4.56E-05
2015-5-22,1,lasso,56,-0.001041016,4.56E-05
2015-5-25,1,lasso,56,0.013346636,4.56E-05
2015-5-26,1,lasso,56,0.000719166,4.56E-05
2015-5-27,1,lasso,56,-0.004116503,4.56E-05
2015-5-28,1,lasso,56,-0.00061894,4.56E-05
2015-5-29,1,lasso,56,0.004940823,4.56E-05
2015-6-1,1,lasso,56,-0.016147748,4.56E-05
2015-6-2,1,lasso,56,-0.003763726,4.56E-05
2015-6-3,1,lasso,56,-0.00010475,4.56E-05
2015-6-4,1,lasso,56,0.008864844,4.56E-05
2015-4-10,1,lasso,57,0.001508827,4.10E-05
2015-4-13,1,lasso,57,-0.007668285,4.10E-05
2015-4-14,1,lasso,57,-0.004161386,4.10E-05
2015-4-15,1,lasso,57,-0.009195937,4.10E-05
2015-4-16,1,lasso,57,0.001025957,4.10E-05
2015-4-17,1,lasso,57,0.004297561,4.10E-05
2015-4-20,1,lasso,57,0.000612432,4.10E-05
2015-4-21,1,lasso,57,-0.000714541,4.10E-05
2015-4-22,1,lasso,57,-0.00665952,4.10E-05
2015-4-23,1,lasso,57,-0.003707522,4.10E-05
2015-4-24,1,lasso,57,-0.001548867,4.10E-05
2015-4-27,1,lasso,57,-0.007051777,4.10E-05
2015-4-28,1,lasso,57,-0.009200274,4.10E-05
2015-4-29,1,lasso,57,-0.006427502,4.10E-05
2015-4-30,1,lasso,57,0.007372335,4.10E-05
2015-5-1,1,lasso,57,0.001886991,4.10E-05
2015-5-4,1,lasso,57,-0.004198159,4.10E-05
2015-5-5,1,lasso,57,-0.010466871,4.10E-05
2015-5-6,1,lasso,57,0.005828449,4.10E-05
2015-5-7,1,lasso,57,0.001583699,4.10E-05
2015-5-8,1,lasso,57,0.002318231,4.10E-05
2015-5-11,1,lasso,57,-0.005064905,4.10E-05
2015-5-12,1,lasso,57,-0.009673209,4.10E-05
2015-5-13,1,lasso,57,-0.001710499,4.10E-05
2015-5-14,1,lasso,57,-0.0034298,4.10E-05
2015-5-15,1,lasso,57,0.011528736,4.10E-05
2015-5-18,1,lasso,57,0.011082492,4.10E-05
2015-5-19,1,lasso,57,0.001887584,4.10E-05
2015-5-20,1,lasso,57,-0.002097536,4.10E-05
2015-5-21,1,lasso,57,0.008988355,4.10E-05
2015-5-22,1,lasso,57,-0.001041016,4.10E-05
2015-5-25,1,lasso,57,0.013346636,4.10E-05
2015-5-26,1,lasso,57,0.000719166,4.10E-05
2015-5-27,1,lasso,57,-0.004116503,4.10E-05
2015-5-28,1,lasso,57,-0.00061894,4.10E-05
2015-5-29,1,lasso,57,0.004940823,4.10E-05
2015-6-1,1,lasso,57,-0.016147748,4.10E-05
2015-6-2,1,lasso,57,-0.003763726,4.10E-05
2015-6-3,1,lasso,57,-0.00010475,4.10E-05
2015-6-4,1,lasso,57,0.008864844,4.10E-05
2015-6-5,1,lasso,57,-0.010542345,4.10E-05
2015-6-8,1,lasso,57,-0.001365045,4.10E-05
2015-6-9,1,lasso,57,-0.005478888,4.10E-05
2015-6-10,1,lasso,57,0.003480465,4.10E-05
2015-6-11,1,lasso,57,-0.000105291,4.10E-05
2015-6-12,1,lasso,57,-0.001686163,4.10E-05
2015-6-15,1,lasso,57,0.002002003,4.10E-05
2015-6-16,1,lasso,57,-0.007395702,4.10E-05
2015-6-17,1,lasso,57,-0.002760966,4.10E-05
2015-6-18,1,lasso,57,0.00042526,4.10E-05
2015-6-19,1,lasso,57,0.002653789,4.10E-05
2015-6-22,1,lasso,57,0.011593722,4.10E-05
2015-6-23,1,lasso,57,-0.001782999,4.10E-05
2015-6-24,1,lasso,57,-0.000735101,4.10E-05
2015-6-25,1,lasso,57,0.002937168,4.10E-05
2015-6-26,1,lasso,57,-0.007148144,4.10E-05
2015-6-29,1,lasso,57,0.007252883,4.10E-05
2015-6-30,1,lasso,57,0.008655354,4.10E-05
2015-7-1,1,lasso,57,-0.002078787,4.10E-05
2015-7-2,1,lasso,57,0,4.10E-05
2015-5-8,1,lasso,58,0.002318231,2.08E-05
2015-5-11,1,lasso,58,-0.005064905,2.08E-05
2015-5-12,1,lasso,58,-0.009673209,2.08E-05
2015-5-13,1,lasso,58,-0.001710499,2.08E-05
2015-5-14,1,lasso,58,-0.0034298,2.08E-05
2015-5-15,1,lasso,58,0.011528736,2.08E-05
2015-5-18,1,lasso,58,0.011082492,2.08E-05
2015-5-19,1,lasso,58,0.001887584,2.08E-05
2015-5-20,1,lasso,58,-0.002097536,2.08E-05
2015-5-21,1,lasso,58,0.008988355,2.08E-05
2015-5-22,1,lasso,58,-0.001041016,2.08E-05
2015-5-25,1,lasso,58,0.013346636,2.08E-05
2015-5-26,1,lasso,58,0.000719166,2.08E-05
2015-5-27,1,lasso,58,-0.004116503,2.08E-05
2015-5-28,1,lasso,58,-0.00061894,2.08E-05
2015-5-29,1,lasso,58,0.004940823,2.08E-05
2015-6-1,1,lasso,58,-0.016147748,2.08E-05
2015-6-2,1,lasso,58,-0.003763726,2.08E-05
2015-6-3,1,lasso,58,-0.00010475,2.08E-05
2015-6-4,1,lasso,58,0.008864844,2.08E-05
2015-6-5,1,lasso,58,-0.010542345,2.08E-05
2015-6-8,1,lasso,58,-0.001365045,2.08E-05
2015-6-9,1,lasso,58,-0.005478888,2.08E-05
2015-6-10,1,lasso,58,0.003480465,2.08E-05
2015-6-11,1,lasso,58,-0.000105291,2.08E-05
2015-6-12,1,lasso,58,-0.001686163,2.08E-05
2015-6-15,1,lasso,58,0.002002003,2.08E-05
2015-6-16,1,lasso,58,-0.007395702,2.08E-05
2015-6-17,1,lasso,58,-0.002760966,2.08E-05
2015-6-18,1,lasso,58,0.00042526,2.08E-05
2015-6-19,1,lasso,58,0.002653789,2.08E-05
2015-6-22,1,lasso,58,0.011593722,2.08E-05
2015-6-23,1,lasso,58,-0.001782999,2.08E-05
2015-6-24,1,lasso,58,-0.000735101,2.08E-05
2015-6-25,1,lasso,58,0.002937168,2.08E-05
2015-6-26,1,lasso,58,-0.007148144,2.08E-05
2015-6-29,1,lasso,58,0.007252883,2.08E-05
2015-6-30,1,lasso,58,0.008655354,2.08E-05
2015-7-1,1,lasso,58,-0.002078787,2.08E-05
2015-7-2,1,lasso,58,0,2.08E-05
2015-7-3,1,lasso,58,0.00197495,2.08E-05
2015-7-6,1,lasso,58,0.005798318,2.08E-05
2015-7-7,1,lasso,58,-0.005902166,2.08E-05
2015-7-8,1,lasso,58,0.003317784,2.08E-05
2015-7-9,1,lasso,58,-0.006021613,2.08E-05
2015-7-10,1,lasso,58,0.008605994,2.08E-05
2015-7-13,1,lasso,58,-0.002273903,2.08E-05
2015-7-14,1,lasso,58,0.005469288,2.08E-05
2015-7-15,1,lasso,58,0.005132428,2.08E-05
2015-7-16,1,lasso,58,0.001943436,2.08E-05
2015-7-17,1,lasso,58,0.001735668,2.08E-05
2015-7-20,1,lasso,58,-0.007166288,2.08E-05
2015-7-21,1,lasso,58,0.002770227,2.08E-05
2015-7-22,1,lasso,58,-0.005033137,2.08E-05
2015-7-23,1,lasso,58,0.001337793,2.08E-05
2015-7-24,1,lasso,58,-0.007639141,2.08E-05
2015-7-27,1,lasso,58,0.002794021,2.08E-05
2015-7-28,1,lasso,58,0.002167743,2.08E-05
2015-7-29,1,lasso,58,0.005962802,2.08E-05
2015-7-30,1,lasso,58,-0.002257569,2.08E-05
2015-6-5,1,lasso,59,-0.010542345,2.73E-05
2015-6-8,1,lasso,59,-0.001365045,2.73E-05
2015-6-9,1,lasso,59,-0.005478888,2.73E-05
2015-6-10,1,lasso,59,0.003480465,2.73E-05
2015-6-11,1,lasso,59,-0.000105291,2.73E-05
2015-6-12,1,lasso,59,-0.001686163,2.73E-05
2015-6-15,1,lasso,59,0.002002003,2.73E-05
2015-6-16,1,lasso,59,-0.007395702,2.73E-05
2015-6-17,1,lasso,59,-0.002760966,2.73E-05
2015-6-18,1,lasso,59,0.00042526,2.73E-05
2015-6-19,1,lasso,59,0.002653789,2.73E-05
2015-6-22,1,lasso,59,0.011593722,2.73E-05
2015-6-23,1,lasso,59,-0.001782999,2.73E-05
2015-6-24,1,lasso,59,-0.000735101,2.73E-05
2015-6-25,1,lasso,59,0.002937168,2.73E-05
2015-6-26,1,lasso,59,-0.007148144,2.73E-05
2015-6-29,1,lasso,59,0.007252883,2.73E-05
2015-6-30,1,lasso,59,0.008655354,2.73E-05
2015-7-1,1,lasso,59,-0.002078787,2.73E-05
2015-7-2,1,lasso,59,0,2.73E-05
2015-7-3,1,lasso,59,0.00197495,2.73E-05
2015-7-6,1,lasso,59,0.005798318,2.73E-05
2015-7-7,1,lasso,59,-0.005902166,2.73E-05
2015-7-8,1,lasso,59,0.003317784,2.73E-05
2015-7-9,1,lasso,59,-0.006021613,2.73E-05
2015-7-10,1,lasso,59,0.008605994,2.73E-05
2015-7-13,1,lasso,59,-0.002273903,2.73E-05
2015-7-14,1,lasso,59,0.005469288,2.73E-05
2015-7-15,1,lasso,59,0.005132428,2.73E-05
2015-7-16,1,lasso,59,0.001943436,2.73E-05
2015-7-17,1,lasso,59,0.001735668,2.73E-05
2015-7-20,1,lasso,59,-0.007166288,2.73E-05
2015-7-21,1,lasso,59,0.002770227,2.73E-05
2015-7-22,1,lasso,59,-0.005033137,2.73E-05
2015-7-23,1,lasso,59,0.001337793,2.73E-05
2015-7-24,1,lasso,59,-0.007639141,2.73E-05
2015-7-27,1,lasso,59,0.002794021,2.73E-05
2015-7-28,1,lasso,59,0.002167743,2.73E-05
2015-7-29,1,lasso,59,0.005962802,2.73E-05
2015-7-30,1,lasso,59,-0.002257569,2.73E-05
2015-7-31,1,lasso,59,0.001539804,2.73E-05
2015-8-3,1,lasso,59,0.004503129,2.73E-05
2015-8-4,1,lasso,59,0.000306294,2.73E-05
2015-8-5,1,lasso,59,-0.001327954,2.73E-05
2015-8-6,1,lasso,59,-0.002763705,2.73E-05
2015-8-7,1,lasso,59,-0.004108469,2.73E-05
2015-8-10,1,lasso,59,0.001337105,2.73E-05
2015-8-11,1,lasso,59,-0.010643345,2.73E-05
2015-8-12,1,lasso,59,0.001868189,2.73E-05
2015-8-13,1,lasso,59,0.000829187,2.73E-05
2015-8-14,1,lasso,59,0.003000054,2.73E-05
2015-8-17,1,lasso,59,0.00237297,2.73E-05
2015-8-18,1,lasso,59,-0.007032087,2.73E-05
2015-8-19,1,lasso,59,-0.003951341,2.73E-05
2015-8-20,1,lasso,59,-0.010157687,2.73E-05
2015-8-21,1,lasso,59,-0.01784055,2.73E-05
2015-8-24,1,lasso,59,0.012775645,2.73E-05
2015-8-25,1,lasso,59,0.006011725,2.73E-05
2015-8-26,1,lasso,59,0.005348448,2.73E-05
2015-8-27,1,lasso,59,0.005215952,2.73E-05
2015-7-3,1,lasso,60,0.00197495,2.62E-05
2015-7-6,1,lasso,60,0.005798318,2.62E-05
2015-7-7,1,lasso,60,-0.005902166,2.62E-05
2015-7-8,1,lasso,60,0.003317784,2.62E-05
2015-7-9,1,lasso,60,-0.006021613,2.62E-05
2015-7-10,1,lasso,60,0.008605994,2.62E-05
2015-7-13,1,lasso,60,-0.002273903,2.62E-05
2015-7-14,1,lasso,60,0.005469288,2.62E-05
2015-7-15,1,lasso,60,0.005132428,2.62E-05
2015-7-16,1,lasso,60,0.001943436,2.62E-05
2015-7-17,1,lasso,60,0.001735668,2.62E-05
2015-7-20,1,lasso,60,-0.007166288,2.62E-05
2015-7-21,1,lasso,60,0.002770227,2.62E-05
2015-7-22,1,lasso,60,-0.005033137,2.62E-05
2015-7-23,1,lasso,60,0.001337793,2.62E-05
2015-7-24,1,lasso,60,-0.007639141,2.62E-05
2015-7-27,1,lasso,60,0.002794021,2.62E-05
2015-7-28,1,lasso,60,0.002167743,2.62E-05
2015-7-29,1,lasso,60,0.005962802,2.62E-05
2015-7-30,1,lasso,60,-0.002257569,2.62E-05
2015-7-31,1,lasso,60,0.001539804,2.62E-05
2015-8-3,1,lasso,60,0.004503129,2.62E-05
2015-8-4,1,lasso,60,0.000306294,2.62E-05
2015-8-5,1,lasso,60,-0.001327954,2.62E-05
2015-8-6,1,lasso,60,-0.002763705,2.62E-05
2015-8-7,1,lasso,60,-0.004108469,2.62E-05
2015-8-10,1,lasso,60,0.001337105,2.62E-05
2015-8-11,1,lasso,60,-0.010643345,2.62E-05
2015-8-12,1,lasso,60,0.001868189,2.62E-05
2015-8-13,1,lasso,60,0.000829187,2.62E-05
2015-8-14,1,lasso,60,0.003000054,2.62E-05
2015-8-17,1,lasso,60,0.00237297,2.62E-05
2015-8-18,1,lasso,60,-0.007032087,2.62E-05
2015-8-19,1,lasso,60,-0.003951341,2.62E-05
2015-8-20,1,lasso,60,-0.010157687,2.62E-05
2015-8-21,1,lasso,60,-0.01784055,2.62E-05
2015-8-24,1,lasso,60,0.012775645,2.62E-05
2015-8-25,1,lasso,60,0.006011725,2.62E-05
2015-8-26,1,lasso,60,0.005348448,2.62E-05
2015-8-27,1,lasso,60,0.005215952,2.62E-05
2015-8-28,1,lasso,60,-0.003021937,2.62E-05
2015-8-31,1,lasso,60,-0.003868881,2.62E-05
2015-9-1,1,lasso,60,0.003973238,2.62E-05
2015-9-2,1,lasso,60,0.006034142,2.62E-05
2015-9-3,1,lasso,60,-0.001868771,2.62E-05
2015-9-4,1,lasso,60,0,2.62E-05
2015-9-7,1,lasso,60,-0.002601323,2.62E-05
2015-9-8,1,lasso,60,0.000312516,2.62E-05
2015-9-9,1,lasso,60,-0.005745041,2.62E-05
2015-9-10,1,lasso,60,-0.002832417,2.62E-05
2015-9-11,1,lasso,60,0.00063012,2.62E-05
2015-9-14,1,lasso,60,0.003772403,2.62E-05
2015-9-15,1,lasso,60,-0.001989217,2.62E-05
2015-9-16,1,lasso,60,-0.009159405,2.62E-05
2015-9-17,1,lasso,60,0.003273325,2.62E-05
2015-9-18,1,lasso,60,0.010799581,2.62E-05
2015-9-21,1,lasso,60,0.004058912,2.62E-05
2015-9-22,1,lasso,60,-0.00218352,2.62E-05
2015-9-23,1,lasso,60,0.006432892,2.62E-05
2015-9-24,1,lasso,60,-0.004353241,2.62E-05
2015-7-31,1,lasso,61,0.001539804,3.13E-05
2015-8-3,1,lasso,61,0.004503129,3.13E-05
2015-8-4,1,lasso,61,0.000306294,3.13E-05
2015-8-5,1,lasso,61,-0.001327954,3.13E-05
2015-8-6,1,lasso,61,-0.002763705,3.13E-05
2015-8-7,1,lasso,61,-0.004108469,3.13E-05
2015-8-10,1,lasso,61,0.001337105,3.13E-05
2015-8-11,1,lasso,61,-0.010643345,3.13E-05
2015-8-12,1,lasso,61,0.001868189,3.13E-05
2015-8-13,1,lasso,61,0.000829187,3.13E-05
2015-8-14,1,lasso,61,0.003000054,3.13E-05
2015-8-17,1,lasso,61,0.00237297,3.13E-05
2015-8-18,1,lasso,61,-0.007032087,3.13E-05
2015-8-19,1,lasso,61,-0.003951341,3.13E-05
2015-8-20,1,lasso,61,-0.010157687,3.13E-05
2015-8-21,1,lasso,61,-0.01784055,3.13E-05
2015-8-24,1,lasso,61,0.012775645,3.13E-05
2015-8-25,1,lasso,61,0.006011725,3.13E-05
2015-8-26,1,lasso,61,0.005348448,3.13E-05
2015-8-27,1,lasso,61,0.005215952,3.13E-05
2015-8-28,1,lasso,61,-0.003021937,3.13E-05
2015-8-31,1,lasso,61,-0.003868881,3.13E-05
2015-9-1,1,lasso,61,0.003973238,3.13E-05
2015-9-2,1,lasso,61,0.006034142,3.13E-05
2015-9-3,1,lasso,61,-0.001868771,3.13E-05
2015-9-4,1,lasso,61,0,3.13E-05
2015-9-7,1,lasso,61,-0.002601323,3.13E-05
2015-9-8,1,lasso,61,0.000312516,3.13E-05
2015-9-9,1,lasso,61,-0.005745041,3.13E-05
2015-9-10,1,lasso,61,-0.002832417,3.13E-05
2015-9-11,1,lasso,61,0.00063012,3.13E-05
2015-9-14,1,lasso,61,0.003772403,3.13E-05
2015-9-15,1,lasso,61,-0.001989217,3.13E-05
2015-9-16,1,lasso,61,-0.009159405,3.13E-05
2015-9-17,1,lasso,61,0.003273325,3.13E-05
2015-9-18,1,lasso,61,0.010799581,3.13E-05
2015-9-21,1,lasso,61,0.004058912,3.13E-05
2015-9-22,1,lasso,61,-0.00218352,3.13E-05
2015-9-23,1,lasso,61,0.006432892,3.13E-05
2015-9-24,1,lasso,61,-0.004353241,3.13E-05
2015-9-25,1,lasso,61,-0.002496101,3.13E-05
2015-9-28,1,lasso,61,-0.001771849,3.13E-05
2015-9-29,1,lasso,61,0.005098601,3.13E-05
2015-9-30,1,lasso,61,-0.001661993,3.13E-05
2015-10-1,1,lasso,61,-0.003749614,3.13E-05
2015-10-2,1,lasso,61,0.00291758,3.13E-05
2015-10-5,1,lasso,61,-0.006890819,3.13E-05
2015-10-6,1,lasso,61,0.000523697,3.13E-05
2015-10-7,1,lasso,61,-0.001886595,3.13E-05
2015-10-8,1,lasso,61,-0.005364763,3.13E-05
2015-10-9,1,lasso,61,0.000316372,3.13E-05
2015-10-12,1,lasso,61,-0.000843882,3.13E-05
2015-10-13,1,lasso,61,-0.008797555,3.13E-05
2015-10-14,1,lasso,61,0.004673402,3.13E-05
2015-10-15,1,lasso,61,0.001799799,3.13E-05
2015-10-16,1,lasso,61,0.004116753,3.13E-05
2015-10-19,1,lasso,61,-0.000210704,3.13E-05
2015-10-20,1,lasso,61,0.001263557,3.13E-05
2015-10-21,1,lasso,61,0.01410608,3.13E-05
2015-10-22,1,lasso,61,0.007751576,3.13E-05
2015-8-28,1,lasso,62,-0.003021937,2.58E-05
2015-8-31,1,lasso,62,-0.003868881,2.58E-05
2015-9-1,1,lasso,62,0.003973238,2.58E-05
2015-9-2,1,lasso,62,0.006034142,2.58E-05
2015-9-3,1,lasso,62,-0.001868771,2.58E-05
2015-9-4,1,lasso,62,0,2.58E-05
2015-9-7,1,lasso,62,-0.002601323,2.58E-05
2015-9-8,1,lasso,62,0.000312516,2.58E-05
2015-9-9,1,lasso,62,-0.005745041,2.58E-05
2015-9-10,1,lasso,62,-0.002832417,2.58E-05
2015-9-11,1,lasso,62,0.00063012,2.58E-05
2015-9-14,1,lasso,62,0.003772403,2.58E-05
2015-9-15,1,lasso,62,-0.001989217,2.58E-05
2015-9-16,1,lasso,62,-0.009159405,2.58E-05
2015-9-17,1,lasso,62,0.003273325,2.58E-05
2015-9-18,1,lasso,62,0.010799581,2.58E-05
2015-9-21,1,lasso,62,0.004058912,2.58E-05
2015-9-22,1,lasso,62,-0.00218352,2.58E-05
2015-9-23,1,lasso,62,0.006432892,2.58E-05
2015-9-24,1,lasso,62,-0.004353241,2.58E-05
2015-9-25,1,lasso,62,-0.002496101,2.58E-05
2015-9-28,1,lasso,62,-0.001771849,2.58E-05
2015-9-29,1,lasso,62,0.005098601,2.58E-05
2015-9-30,1,lasso,62,-0.001661993,2.58E-05
2015-10-1,1,lasso,62,-0.003749614,2.58E-05
2015-10-2,1,lasso,62,0.00291758,2.58E-05
2015-10-5,1,lasso,62,-0.006890819,2.58E-05
2015-10-6,1,lasso,62,0.000523697,2.58E-05
2015-10-7,1,lasso,62,-0.001886595,2.58E-05
2015-10-8,1,lasso,62,-0.005364763,2.58E-05
2015-10-9,1,lasso,62,0.000316372,2.58E-05
2015-10-12,1,lasso,62,-0.000843882,2.58E-05
2015-10-13,1,lasso,62,-0.008797555,2.58E-05
2015-10-14,1,lasso,62,0.004673402,2.58E-05
2015-10-15,1,lasso,62,0.001799799,2.58E-05
2015-10-16,1,lasso,62,0.004116753,2.58E-05
2015-10-19,1,lasso,62,-0.000210704,2.58E-05
2015-10-20,1,lasso,62,0.001263557,2.58E-05
2015-10-21,1,lasso,62,0.01410608,2.58E-05
2015-10-22,1,lasso,62,0.007751576,2.58E-05
2015-10-23,1,lasso,62,-0.00278365,2.58E-05
2015-10-26,1,lasso,62,0.000516076,2.58E-05
2015-10-27,1,lasso,62,0.008937344,2.58E-05
2015-10-28,1,lasso,62,-0.005126639,2.58E-05
2015-10-29,1,lasso,62,-0.003398037,2.58E-05
2015-10-30,1,lasso,62,-0.000206313,2.58E-05
2015-11-2,1,lasso,62,0.002370036,2.58E-05
2015-11-3,1,lasso,62,0.00809804,2.58E-05
2015-11-4,1,lasso,62,-0.000102098,2.58E-05
2015-11-5,1,lasso,62,0.012480503,2.58E-05
2015-11-6,1,lasso,62,-0.00191774,2.58E-05
2015-11-9,1,lasso,62,0.003127052,2.58E-05
2015-11-10,1,lasso,62,-0.002824006,2.58E-05
2015-11-11,1,lasso,62,-0.003642623,2.58E-05
2015-11-12,1,lasso,62,0.003541618,2.58E-05
2015-11-13,1,lasso,62,0.004434597,2.58E-05
2015-11-16,1,lasso,62,0.001908877,2.58E-05
2015-11-17,1,lasso,62,0.000200723,2.58E-05
2015-11-18,1,lasso,62,-0.006645212,2.58E-05
2015-11-19,1,lasso,62,0.005741643,2.58E-05
2015-9-25,1,lasso,63,-0.002496101,2.62E-05
2015-9-28,1,lasso,63,-0.001771849,2.62E-05
2015-9-29,1,lasso,63,0.005098601,2.62E-05
2015-9-30,1,lasso,63,-0.001661993,2.62E-05
2015-10-1,1,lasso,63,-0.003749614,2.62E-05
2015-10-2,1,lasso,63,0.00291758,2.62E-05
2015-10-5,1,lasso,63,-0.006890819,2.62E-05
2015-10-6,1,lasso,63,0.000523697,2.62E-05
2015-10-7,1,lasso,63,-0.001886595,2.62E-05
2015-10-8,1,lasso,63,-0.005364763,2.62E-05
2015-10-9,1,lasso,63,0.000316372,2.62E-05
2015-10-12,1,lasso,63,-0.000843882,2.62E-05
2015-10-13,1,lasso,63,-0.008797555,2.62E-05
2015-10-14,1,lasso,63,0.004673402,2.62E-05
2015-10-15,1,lasso,63,0.001799799,2.62E-05
2015-10-16,1,lasso,63,0.004116753,2.62E-05
2015-10-19,1,lasso,63,-0.000210704,2.62E-05
2015-10-20,1,lasso,63,0.001263557,2.62E-05
2015-10-21,1,lasso,63,0.01410608,2.62E-05
2015-10-22,1,lasso,63,0.007751576,2.62E-05
2015-10-23,1,lasso,63,-0.00278365,2.62E-05
2015-10-26,1,lasso,63,0.000516076,2.62E-05
2015-10-27,1,lasso,63,0.008937344,2.62E-05
2015-10-28,1,lasso,63,-0.005126639,2.62E-05
2015-10-29,1,lasso,63,-0.003398037,2.62E-05
2015-10-30,1,lasso,63,-0.000206313,2.62E-05
2015-11-2,1,lasso,63,0.002370036,2.62E-05
2015-11-3,1,lasso,63,0.00809804,2.62E-05
2015-11-4,1,lasso,63,-0.000102098,2.62E-05
2015-11-5,1,lasso,63,0.012480503,2.62E-05
2015-11-6,1,lasso,63,-0.00191774,2.62E-05
2015-11-9,1,lasso,63,0.003127052,2.62E-05
2015-11-10,1,lasso,63,-0.002824006,2.62E-05
2015-11-11,1,lasso,63,-0.003642623,2.62E-05
2015-11-12,1,lasso,63,0.003541618,2.62E-05
2015-11-13,1,lasso,63,0.004434597,2.62E-05
2015-11-16,1,lasso,63,0.001908877,2.62E-05
2015-11-17,1,lasso,63,0.000200723,2.62E-05
2015-11-18,1,lasso,63,-0.006645212,2.62E-05
2015-11-19,1,lasso,63,0.005741643,2.62E-05
2015-11-20,1,lasso,63,0.002407706,2.62E-05
2015-11-23,1,lasso,63,-0.002709077,2.62E-05
2015-11-24,1,lasso,63,0.002709077,2.62E-05
2015-11-25,1,lasso,63,0,2.62E-05
2015-11-26,1,lasso,63,0.002201983,2.62E-05
2015-11-27,1,lasso,63,0.001498577,2.62E-05
2015-11-30,1,lasso,63,-0.003700559,2.62E-05
2015-12-1,1,lasso,63,0.001901998,2.62E-05
2015-12-2,1,lasso,63,-0.023987791,2.62E-05
2015-12-3,1,lasso,63,0.007450154,2.62E-05
2015-12-4,1,lasso,63,0.003147051,2.62E-05
2015-12-7,1,lasso,63,-0.001927663,2.62E-05
2015-12-8,1,lasso,63,-0.011541929,2.62E-05
2015-12-9,1,lasso,63,0.006145042,2.62E-05
2015-12-10,1,lasso,63,-0.003887473,2.62E-05
2015-12-11,1,lasso,63,0.00040992,2.62E-05
2015-12-14,1,lasso,63,0.006332367,2.62E-05
2015-12-15,1,lasso,63,-0.003569793,2.62E-05
2015-12-16,1,lasso,63,0.014203343,2.62E-05
2015-12-17,1,lasso,63,-0.005758464,2.62E-05
2015-10-23,1,lasso,64,-0.00278365,2.96E-05
2015-10-26,1,lasso,64,0.000516076,2.96E-05
2015-10-27,1,lasso,64,0.008937344,2.96E-05
2015-10-28,1,lasso,64,-0.005126639,2.96E-05
2015-10-29,1,lasso,64,-0.003398037,2.96E-05
2015-10-30,1,lasso,64,-0.000206313,2.96E-05
2015-11-2,1,lasso,64,0.002370036,2.96E-05
2015-11-3,1,lasso,64,0.00809804,2.96E-05
2015-11-4,1,lasso,64,-0.000102098,2.96E-05
2015-11-5,1,lasso,64,0.012480503,2.96E-05
2015-11-6,1,lasso,64,-0.00191774,2.96E-05
2015-11-9,1,lasso,64,0.003127052,2.96E-05
2015-11-10,1,lasso,64,-0.002824006,2.96E-05
2015-11-11,1,lasso,64,-0.003642623,2.96E-05
2015-11-12,1,lasso,64,0.003541618,2.96E-05
2015-11-13,1,lasso,64,0.004434597,2.96E-05
2015-11-16,1,lasso,64,0.001908877,2.96E-05
2015-11-17,1,lasso,64,0.000200723,2.96E-05
2015-11-18,1,lasso,64,-0.006645212,2.96E-05
2015-11-19,1,lasso,64,0.005741643,2.96E-05
2015-11-20,1,lasso,64,0.002407706,2.96E-05
2015-11-23,1,lasso,64,-0.002709077,2.96E-05
2015-11-24,1,lasso,64,0.002709077,2.96E-05
2015-11-25,1,lasso,64,0,2.96E-05
2015-11-26,1,lasso,64,0.002201983,2.96E-05
2015-11-27,1,lasso,64,0.001498577,2.96E-05
2015-11-30,1,lasso,64,-0.003700559,2.96E-05
2015-12-1,1,lasso,64,0.001901998,2.96E-05
2015-12-2,1,lasso,64,-0.023987791,2.96E-05
2015-12-3,1,lasso,64,0.007450154,2.96E-05
2015-12-4,1,lasso,64,0.003147051,2.96E-05
2015-12-7,1,lasso,64,-0.001927663,2.96E-05
2015-12-8,1,lasso,64,-0.011541929,2.96E-05
2015-12-9,1,lasso,64,0.006145042,2.96E-05
2015-12-10,1,lasso,64,-0.003887473,2.96E-05
2015-12-11,1,lasso,64,0.00040992,2.96E-05
2015-12-14,1,lasso,64,0.006332367,2.96E-05
2015-12-15,1,lasso,64,-0.003569793,2.96E-05
2015-12-16,1,lasso,64,0.014203343,2.96E-05
2015-12-17,1,lasso,64,-0.005758464,2.96E-05
2015-12-18,1,lasso,64,-0.003450729,2.96E-05
2015-12-21,1,lasso,64,-0.00132255,2.96E-05
2015-12-22,1,lasso,64,0.001119194,2.96E-05
2015-12-23,1,lasso,64,-0.003667486,2.96E-05
2015-12-24,1,lasso,64,0,2.96E-05
2015-12-25,1,lasso,64,-0.000612557,2.96E-05
2015-12-28,1,lasso,64,0.001836548,2.96E-05
2015-12-29,1,lasso,64,0.001731426,2.96E-05
2015-12-30,1,lasso,64,0.003656683,2.96E-05
2015-12-31,1,lasso,64,0,2.96E-05
2016-1-1,1,lasso,64,0.002430381,2.96E-05
2016-1-4,1,lasso,64,0.005346258,2.96E-05
2016-1-5,1,lasso,64,-0.002215733,2.96E-05
2016-1-6,1,lasso,64,-0.00972652,2.96E-05
2016-1-7,1,lasso,64,0.003252697,2.96E-05
2016-1-8,1,lasso,64,0.001825003,2.96E-05
2016-1-11,1,lasso,64,0.002529214,2.96E-05
2016-1-12,1,lasso,64,-0.000404245,2.96E-05
2016-1-13,1,lasso,64,0.001615999,2.96E-05
2016-1-14,1,lasso,64,-0.0013128,2.96E-05
2015-11-20,1,lasso,65,0.002407706,3.93E-05
2015-11-23,1,lasso,65,-0.002709077,3.93E-05
2015-11-24,1,lasso,65,0.002709077,3.93E-05
2015-11-25,1,lasso,65,0,3.93E-05
2015-11-26,1,lasso,65,0.002201983,3.93E-05
2015-11-27,1,lasso,65,0.001498577,3.93E-05
2015-11-30,1,lasso,65,-0.003700559,3.93E-05
2015-12-1,1,lasso,65,0.001901998,3.93E-05
2015-12-2,1,lasso,65,-0.023987791,3.93E-05
2015-12-3,1,lasso,65,0.007450154,3.93E-05
2015-12-4,1,lasso,65,0.003147051,3.93E-05
2015-12-7,1,lasso,65,-0.001927663,3.93E-05
2015-12-8,1,lasso,65,-0.011541929,3.93E-05
2015-12-9,1,lasso,65,0.006145042,3.93E-05
2015-12-10,1,lasso,65,-0.003887473,3.93E-05
2015-12-11,1,lasso,65,0.00040992,3.93E-05
2015-12-14,1,lasso,65,0.006332367,3.93E-05
2015-12-15,1,lasso,65,-0.003569793,3.93E-05
2015-12-16,1,lasso,65,0.014203343,3.93E-05
2015-12-17,1,lasso,65,-0.005758464,3.93E-05
2015-12-18,1,lasso,65,-0.003450729,3.93E-05
2015-12-21,1,lasso,65,-0.00132255,3.93E-05
2015-12-22,1,lasso,65,0.001119194,3.93E-05
2015-12-23,1,lasso,65,-0.003667486,3.93E-05
2015-12-24,1,lasso,65,0,3.93E-05
2015-12-25,1,lasso,65,-0.000612557,3.93E-05
2015-12-28,1,lasso,65,0.001836548,3.93E-05
2015-12-29,1,lasso,65,0.001731426,3.93E-05
2015-12-30,1,lasso,65,0.003656683,3.93E-05
2015-12-31,1,lasso,65,0,3.93E-05
2016-1-1,1,lasso,65,0.002430381,3.93E-05
2016-1-4,1,lasso,65,0.005346258,3.93E-05
2016-1-5,1,lasso,65,-0.002215733,3.93E-05
2016-1-6,1,lasso,65,-0.00972652,3.93E-05
2016-1-7,1,lasso,65,0.003252697,3.93E-05
2016-1-8,1,lasso,65,0.001825003,3.93E-05
2016-1-11,1,lasso,65,0.002529214,3.93E-05
2016-1-12,1,lasso,65,-0.000404245,3.93E-05
2016-1-13,1,lasso,65,0.001615999,3.93E-05
2016-1-14,1,lasso,65,-0.0013128,3.93E-05
2016-1-15,1,lasso,65,0,3.93E-05
2016-1-18,1,lasso,65,0.000303107,3.93E-05
2016-1-19,1,lasso,65,0.001009693,3.93E-05
2016-1-20,1,lasso,65,-0.000302801,3.93E-05
2016-1-21,1,lasso,65,0.005135187,3.93E-05
2016-1-22,1,lasso,65,-0.002111296,3.93E-05
2016-1-25,1,lasso,65,0,3.93E-05
2016-1-26,1,lasso,65,-0.00464038,3.93E-05
2016-1-27,1,lasso,65,-0.003951173,3.93E-05
2016-1-28,1,lasso,65,0.011104495,3.93E-05
2016-1-29,1,lasso,65,-0.006041706,3.93E-05
2016-2-1,1,lasso,65,-0.001414999,3.93E-05
2016-2-2,1,lasso,65,-0.016109647,3.93E-05
2016-2-3,1,lasso,65,-0.00846413,3.93E-05
2016-2-4,1,lasso,65,0.00578813,3.93E-05
2016-2-5,1,lasso,65,-0.004752075,3.93E-05
2016-2-8,1,lasso,65,-0.005191042,3.93E-05
2016-2-9,1,lasso,65,-0.001875391,3.93E-05
2016-2-10,1,lasso,65,-0.003447379,3.93E-05
2016-2-11,1,lasso,65,0.003968674,3.93E-05
2015-12-18,1,lasso,66,-0.003450729,3.55E-05
2015-12-21,1,lasso,66,-0.00132255,3.55E-05
2015-12-22,1,lasso,66,0.001119194,3.55E-05
2015-12-23,1,lasso,66,-0.003667486,3.55E-05
2015-12-24,1,lasso,66,0,3.55E-05
2015-12-25,1,lasso,66,-0.000612557,3.55E-05
2015-12-28,1,lasso,66,0.001836548,3.55E-05
2015-12-29,1,lasso,66,0.001731426,3.55E-05
2015-12-30,1,lasso,66,0.003656683,3.55E-05
2015-12-31,1,lasso,66,0,3.55E-05
2016-1-1,1,lasso,66,0.002430381,3.55E-05
2016-1-4,1,lasso,66,0.005346258,3.55E-05
2016-1-5,1,lasso,66,-0.002215733,3.55E-05
2016-1-6,1,lasso,66,-0.00972652,3.55E-05
2016-1-7,1,lasso,66,0.003252697,3.55E-05
2016-1-8,1,lasso,66,0.001825003,3.55E-05
2016-1-11,1,lasso,66,0.002529214,3.55E-05
2016-1-12,1,lasso,66,-0.000404245,3.55E-05
2016-1-13,1,lasso,66,0.001615999,3.55E-05
2016-1-14,1,lasso,66,-0.0013128,3.55E-05
2016-1-15,1,lasso,66,0,3.55E-05
2016-1-18,1,lasso,66,0.000303107,3.55E-05
2016-1-19,1,lasso,66,0.001009693,3.55E-05
2016-1-20,1,lasso,66,-0.000302801,3.55E-05
2016-1-21,1,lasso,66,0.005135187,3.55E-05
2016-1-22,1,lasso,66,-0.002111296,3.55E-05
2016-1-25,1,lasso,66,0,3.55E-05
2016-1-26,1,lasso,66,-0.00464038,3.55E-05
2016-1-27,1,lasso,66,-0.003951173,3.55E-05
2016-1-28,1,lasso,66,0.011104495,3.55E-05
2016-1-29,1,lasso,66,-0.006041706,3.55E-05
2016-2-1,1,lasso,66,-0.001414999,3.55E-05
2016-2-2,1,lasso,66,-0.016109647,3.55E-05
2016-2-3,1,lasso,66,-0.00846413,3.55E-05
2016-2-4,1,lasso,66,0.00578813,3.55E-05
2016-2-5,1,lasso,66,-0.004752075,3.55E-05
2016-2-8,1,lasso,66,-0.005191042,3.55E-05
2016-2-9,1,lasso,66,-0.001875391,3.55E-05
2016-2-10,1,lasso,66,-0.003447379,3.55E-05
2016-2-11,1,lasso,66,0.003968674,3.55E-05
2016-2-12,1,lasso,66,0.00041684,3.55E-05
2016-2-15,1,lasso,66,0.009230037,3.55E-05
2016-2-16,1,lasso,66,-0.00082619,3.55E-05
2016-2-17,1,lasso,66,0.001651699,3.55E-05
2016-2-18,1,lasso,66,-0.00361664,3.55E-05
2016-2-19,1,lasso,66,0.00804211,3.55E-05
2016-2-22,1,lasso,66,0.001026378,3.55E-05
2016-2-23,1,lasso,66,-0.000205191,3.55E-05
2016-2-24,1,lasso,66,-0.001745828,3.55E-05
2016-2-25,1,lasso,66,0.008800712,3.55E-05
2016-2-26,1,lasso,66,0.000611122,3.55E-05
2016-2-29,1,lasso,66,0.001424502,3.55E-05
2016-3-1,1,lasso,66,-0.001424502,3.55E-05
2016-3-2,1,lasso,66,-0.006333014,3.55E-05
2016-3-3,1,lasso,66,-0.002565025,3.55E-05
2016-3-4,1,lasso,66,-0.002777637,3.55E-05
2016-3-7,1,lasso,66,0.001441219,3.55E-05
2016-3-8,1,lasso,66,-0.000411565,3.55E-05
2016-3-9,1,lasso,66,-0.011384929,3.55E-05
2016-3-10,1,lasso,66,0.001040366,3.55E-05
2016-1-15,1,lasso,67,0,3.63E-05
2016-1-18,1,lasso,67,0.000303107,3.63E-05
2016-1-19,1,lasso,67,0.001009693,3.63E-05
2016-1-20,1,lasso,67,-0.000302801,3.63E-05
2016-1-21,1,lasso,67,0.005135187,3.63E-05
2016-1-22,1,lasso,67,-0.002111296,3.63E-05
2016-1-25,1,lasso,67,0,3.63E-05
2016-1-26,1,lasso,67,-0.00464038,3.63E-05
2016-1-27,1,lasso,67,-0.003951173,3.63E-05
2016-1-28,1,lasso,67,0.011104495,3.63E-05
2016-1-29,1,lasso,67,-0.006041706,3.63E-05
2016-2-1,1,lasso,67,-0.001414999,3.63E-05
2016-2-2,1,lasso,67,-0.016109647,3.63E-05
2016-2-3,1,lasso,67,-0.00846413,3.63E-05
2016-2-4,1,lasso,67,0.00578813,3.63E-05
2016-2-5,1,lasso,67,-0.004752075,3.63E-05
2016-2-8,1,lasso,67,-0.005191042,3.63E-05
2016-2-9,1,lasso,67,-0.001875391,3.63E-05
2016-2-10,1,lasso,67,-0.003447379,3.63E-05
2016-2-11,1,lasso,67,0.003968674,3.63E-05
2016-2-12,1,lasso,67,0.00041684,3.63E-05
2016-2-15,1,lasso,67,0.009230037,3.63E-05
2016-2-16,1,lasso,67,-0.00082619,3.63E-05
2016-2-17,1,lasso,67,0.001651699,3.63E-05
2016-2-18,1,lasso,67,-0.00361664,3.63E-05
2016-2-19,1,lasso,67,0.00804211,3.63E-05
2016-2-22,1,lasso,67,0.001026378,3.63E-05
2016-2-23,1,lasso,67,-0.000205191,3.63E-05
2016-2-24,1,lasso,67,-0.001745828,3.63E-05
2016-2-25,1,lasso,67,0.008800712,3.63E-05
2016-2-26,1,lasso,67,0.000611122,3.63E-05
2016-2-29,1,lasso,67,0.001424502,3.63E-05
2016-3-1,1,lasso,67,-0.001424502,3.63E-05
2016-3-2,1,lasso,67,-0.006333014,3.63E-05
2016-3-3,1,lasso,67,-0.002565025,3.63E-05
2016-3-4,1,lasso,67,-0.002777637,3.63E-05
2016-3-7,1,lasso,67,0.001441219,3.63E-05
2016-3-8,1,lasso,67,-0.000411565,3.63E-05
2016-3-9,1,lasso,67,-0.011384929,3.63E-05
2016-3-10,1,lasso,67,0.001040366,3.63E-05
2016-3-11,1,lasso,67,0.0046683,3.63E-05
2016-3-14,1,lasso,67,0.000103493,3.63E-05
2016-3-15,1,lasso,67,-0.007687551,3.63E-05
2016-3-16,1,lasso,67,-0.011854322,3.63E-05
2016-3-17,1,lasso,67,0.003476432,3.63E-05
2016-3-18,1,lasso,67,0.002101062,3.63E-05
2016-3-21,1,lasso,67,0.003770823,3.63E-05
2016-3-22,1,lasso,67,0.004173193,3.63E-05
2016-3-23,1,lasso,67,0.000936573,3.63E-05
2016-3-24,1,lasso,67,0,3.63E-05
2016-3-25,1,lasso,67,-0.002082466,3.63E-05
2016-3-28,1,lasso,67,-0.008163311,3.63E-05
2016-3-29,1,lasso,67,-0.003368424,3.63E-05
2016-3-30,1,lasso,67,-0.002639499,3.63E-05
2016-3-31,1,lasso,67,0.000317108,3.63E-05
2016-4-1,1,lasso,67,-0.001163221,3.63E-05
2016-4-4,1,lasso,67,0.001268902,3.63E-05
2016-4-5,1,lasso,67,-0.002115731,3.63E-05
2016-4-6,1,lasso,67,0.000529353,3.63E-05
2016-4-7,1,lasso,67,-0.00264957,3.63E-05
2016-2-12,1,lasso,68,0.00041684,2.39E-05
2016-2-15,1,lasso,68,0.009230037,2.39E-05
2016-2-16,1,lasso,68,-0.00082619,2.39E-05
2016-2-17,1,lasso,68,0.001651699,2.39E-05
2016-2-18,1,lasso,68,-0.00361664,2.39E-05
2016-2-19,1,lasso,68,0.00804211,2.39E-05
2016-2-22,1,lasso,68,0.001026378,2.39E-05
2016-2-23,1,lasso,68,-0.000205191,2.39E-05
2016-2-24,1,lasso,68,-0.001745828,2.39E-05
2016-2-25,1,lasso,68,0.008800712,2.39E-05
2016-2-26,1,lasso,68,0.000611122,2.39E-05
2016-2-29,1,lasso,68,0.001424502,2.39E-05
2016-3-1,1,lasso,68,-0.001424502,2.39E-05
2016-3-2,1,lasso,68,-0.006333014,2.39E-05
2016-3-3,1,lasso,68,-0.002565025,2.39E-05
2016-3-4,1,lasso,68,-0.002777637,2.39E-05
2016-3-7,1,lasso,68,0.001441219,2.39E-05
2016-3-8,1,lasso,68,-0.000411565,2.39E-05
2016-3-9,1,lasso,68,-0.011384929,2.39E-05
2016-3-10,1,lasso,68,0.001040366,2.39E-05
2016-3-11,1,lasso,68,0.0046683,2.39E-05
2016-3-14,1,lasso,68,0.000103493,2.39E-05
2016-3-15,1,lasso,68,-0.007687551,2.39E-05
2016-3-16,1,lasso,68,-0.011854322,2.39E-05
2016-3-17,1,lasso,68,0.003476432,2.39E-05
2016-3-18,1,lasso,68,0.002101062,2.39E-05
2016-3-21,1,lasso,68,0.003770823,2.39E-05
2016-3-22,1,lasso,68,0.004173193,2.39E-05
2016-3-23,1,lasso,68,0.000936573,2.39E-05
2016-3-24,1,lasso,68,0,2.39E-05
2016-3-25,1,lasso,68,-0.002082466,2.39E-05
2016-3-28,1,lasso,68,-0.008163311,2.39E-05
2016-3-29,1,lasso,68,-0.003368424,2.39E-05
2016-3-30,1,lasso,68,-0.002639499,2.39E-05
2016-3-31,1,lasso,68,0.000317108,2.39E-05
2016-4-1,1,lasso,68,-0.001163221,2.39E-05
2016-4-4,1,lasso,68,0.001268902,2.39E-05
2016-4-5,1,lasso,68,-0.002115731,2.39E-05
2016-4-6,1,lasso,68,0.000529353,2.39E-05
2016-4-7,1,lasso,68,-0.00264957,2.39E-05
2016-4-8,1,lasso,68,-0.002975876,2.39E-05
2016-4-11,1,lasso,68,0.000106434,2.39E-05
2016-4-12,1,lasso,68,0.008267138,2.39E-05
2016-4-13,1,lasso,68,0.001687408,2.39E-05
2016-4-14,1,lasso,68,-0.002109705,2.39E-05
2016-4-15,1,lasso,68,-0.002219991,2.39E-05
2016-4-18,1,lasso,68,-0.005412015,2.39E-05
2016-4-19,1,lasso,68,0.005412015,2.39E-05
2016-4-20,1,lasso,68,0.001163467,2.39E-05
2016-4-21,1,lasso,68,0.005481776,2.39E-05
2016-4-22,1,lasso,68,-0.002947991,2.39E-05
2016-4-25,1,lasso,68,-0.00285096,2.39E-05
2016-4-26,1,lasso,68,-0.001905166,2.39E-05
2016-4-27,1,lasso,68,-0.00669681,2.39E-05
2016-4-28,1,lasso,68,-0.007278987,2.39E-05
2016-4-29,1,lasso,68,-0.004846275,2.39E-05
2016-5-2,1,lasso,68,0.00334106,2.39E-05
2016-5-3,1,lasso,68,0.002578983,2.39E-05
2016-5-4,1,lasso,68,0.006418507,2.39E-05
2016-5-5,1,lasso,68,0.001172271,2.39E-05
2016-3-11,1,lasso,69,0.0046683,2.46E-05
2016-3-14,1,lasso,69,0.000103493,2.46E-05
2016-3-15,1,lasso,69,-0.007687551,2.46E-05
2016-3-16,1,lasso,69,-0.011854322,2.46E-05
2016-3-17,1,lasso,69,0.003476432,2.46E-05
2016-3-18,1,lasso,69,0.002101062,2.46E-05
2016-3-21,1,lasso,69,0.003770823,2.46E-05
2016-3-22,1,lasso,69,0.004173193,2.46E-05
2016-3-23,1,lasso,69,0.000936573,2.46E-05
2016-3-24,1,lasso,69,0,2.46E-05
2016-3-25,1,lasso,69,-0.002082466,2.46E-05
2016-3-28,1,lasso,69,-0.008163311,2.46E-05
2016-3-29,1,lasso,69,-0.003368424,2.46E-05
2016-3-30,1,lasso,69,-0.002639499,2.46E-05
2016-3-31,1,lasso,69,0.000317108,2.46E-05
2016-4-1,1,lasso,69,-0.001163221,2.46E-05
2016-4-4,1,lasso,69,0.001268902,2.46E-05
2016-4-5,1,lasso,69,-0.002115731,2.46E-05
2016-4-6,1,lasso,69,0.000529353,2.46E-05
2016-4-7,1,lasso,69,-0.00264957,2.46E-05
2016-4-8,1,lasso,69,-0.002975876,2.46E-05
2016-4-11,1,lasso,69,0.000106434,2.46E-05
2016-4-12,1,lasso,69,0.008267138,2.46E-05
2016-4-13,1,lasso,69,0.001687408,2.46E-05
2016-4-14,1,lasso,69,-0.002109705,2.46E-05
2016-4-15,1,lasso,69,-0.002219991,2.46E-05
2016-4-18,1,lasso,69,-0.005412015,2.46E-05
2016-4-19,1,lasso,69,0.005412015,2.46E-05
2016-4-20,1,lasso,69,0.001163467,2.46E-05
2016-4-21,1,lasso,69,0.005481776,2.46E-05
2016-4-22,1,lasso,69,-0.002947991,2.46E-05
2016-4-25,1,lasso,69,-0.00285096,2.46E-05
2016-4-26,1,lasso,69,-0.001905166,2.46E-05
2016-4-27,1,lasso,69,-0.00669681,2.46E-05
2016-4-28,1,lasso,69,-0.007278987,2.46E-05
2016-4-29,1,lasso,69,-0.004846275,2.46E-05
2016-5-2,1,lasso,69,0.00334106,2.46E-05
2016-5-3,1,lasso,69,0.002578983,2.46E-05
2016-5-4,1,lasso,69,0.006418507,2.46E-05
2016-5-5,1,lasso,69,0.001172271,2.46E-05
2016-5-6,1,lasso,69,0.002552921,2.46E-05
2016-5-9,1,lasso,69,0.001698334,2.46E-05
2016-5-10,1,lasso,69,-0.004997087,2.46E-05
2016-5-11,1,lasso,69,0.003511202,2.46E-05
2016-5-12,1,lasso,69,0.004873924,2.46E-05
2016-5-13,1,lasso,69,-0.000422878,2.46E-05
2016-5-16,1,lasso,69,-0.000211506,2.46E-05
2016-5-17,1,lasso,69,0.005589847,2.46E-05
2016-5-18,1,lasso,69,0.002206231,2.46E-05
2016-5-19,1,lasso,69,0.000419683,2.46E-05
2016-5-20,1,lasso,69,-0.001049538,2.46E-05
2016-5-23,1,lasso,69,0.003563945,2.46E-05
2016-5-24,1,lasso,69,-0.002304631,2.46E-05
2016-5-25,1,lasso,69,-0.001889566,2.46E-05
2016-5-26,1,lasso,69,0.003670884,2.46E-05
2016-5-27,1,lasso,69,0,2.46E-05
2016-5-30,1,lasso,69,0.003866052,2.46E-05
2016-5-31,1,lasso,69,-0.004599151,2.46E-05
2016-6-1,1,lasso,69,0.001151772,2.46E-05
2016-6-2,1,lasso,69,-0.016140442,2.46E-05
2016-4-8,1,lasso,70,-0.002975876,1.66E-05
2016-4-11,1,lasso,70,0.000106434,1.66E-05
2016-4-12,1,lasso,70,0.008267138,1.66E-05
2016-4-13,1,lasso,70,0.001687408,1.66E-05
2016-4-14,1,lasso,70,-0.002109705,1.66E-05
2016-4-15,1,lasso,70,-0.002219991,1.66E-05
2016-4-18,1,lasso,70,-0.005412015,1.66E-05
2016-4-19,1,lasso,70,0.005412015,1.66E-05
2016-4-20,1,lasso,70,0.001163467,1.66E-05
2016-4-21,1,lasso,70,0.005481776,1.66E-05
2016-4-22,1,lasso,70,-0.002947991,1.66E-05
2016-4-25,1,lasso,70,-0.00285096,1.66E-05
2016-4-26,1,lasso,70,-0.001905166,1.66E-05
2016-4-27,1,lasso,70,-0.00669681,1.66E-05
2016-4-28,1,lasso,70,-0.007278987,1.66E-05
2016-4-29,1,lasso,70,-0.004846275,1.66E-05
2016-5-2,1,lasso,70,0.00334106,1.66E-05
2016-5-3,1,lasso,70,0.002578983,1.66E-05
2016-5-4,1,lasso,70,0.006418507,1.66E-05
2016-5-5,1,lasso,70,0.001172271,1.66E-05
2016-5-6,1,lasso,70,0.002552921,1.66E-05
2016-5-9,1,lasso,70,0.001698334,1.66E-05
2016-5-10,1,lasso,70,-0.004997087,1.66E-05
2016-5-11,1,lasso,70,0.003511202,1.66E-05
2016-5-12,1,lasso,70,0.004873924,1.66E-05
2016-5-13,1,lasso,70,-0.000422878,1.66E-05
2016-5-16,1,lasso,70,-0.000211506,1.66E-05
2016-5-17,1,lasso,70,0.005589847,1.66E-05
2016-5-18,1,lasso,70,0.002206231,1.66E-05
2016-5-19,1,lasso,70,0.000419683,1.66E-05
2016-5-20,1,lasso,70,-0.001049538,1.66E-05
2016-5-23,1,lasso,70,0.003563945,1.66E-05
2016-5-24,1,lasso,70,-0.002304631,1.66E-05
2016-5-25,1,lasso,70,-0.001889566,1.66E-05
2016-5-26,1,lasso,70,0.003670884,1.66E-05
2016-5-27,1,lasso,70,0,1.66E-05
2016-5-30,1,lasso,70,0.003866052,1.66E-05
2016-5-31,1,lasso,70,-0.004599151,1.66E-05
2016-6-1,1,lasso,70,0.001151772,1.66E-05
2016-6-2,1,lasso,70,-0.016140442,1.66E-05
2016-6-3,1,lasso,70,-0.001383494,1.66E-05
2016-6-6,1,lasso,70,-0.000745752,1.66E-05
2016-6-7,1,lasso,70,-0.002561094,1.66E-05
2016-6-8,1,lasso,70,0.003839186,1.66E-05
2016-6-9,1,lasso,70,0.006577575,1.66E-05
2016-6-10,1,lasso,70,-0.002223046,1.66E-05
2016-6-13,1,lasso,70,0.006022523,1.66E-05
2016-6-14,1,lasso,70,-0.003376599,1.66E-05
2016-6-15,1,lasso,70,-0.000422878,1.66E-05
2016-6-16,1,lasso,70,-0.003813968,1.66E-05
2016-6-17,1,lasso,70,-0.006389118,1.66E-05
2016-6-20,1,lasso,70,0.00437031,1.66E-05
2016-6-21,1,lasso,70,-0.003195912,1.66E-05
2016-6-22,1,lasso,70,-0.002029373,1.66E-05
2016-6-23,1,lasso,70,0.02032031,1.66E-05
2016-6-24,1,lasso,70,0.01135488,1.66E-05
2016-6-27,1,lasso,70,-0.003008457,1.66E-05
2016-6-28,1,lasso,70,-0.00499949,1.66E-05
2016-6-29,1,lasso,70,0.003855979,1.66E-05
2016-6-30,1,lasso,70,-0.005109767,1.66E-05
2016-5-6,1,lasso,71,0.002552921,1.51E-05
2016-5-9,1,lasso,71,0.001698334,1.51E-05
2016-5-10,1,lasso,71,-0.004997087,1.51E-05
2016-5-11,1,lasso,71,0.003511202,1.51E-05
2016-5-12,1,lasso,71,0.004873924,1.51E-05
2016-5-13,1,lasso,71,-0.000422878,1.51E-05
2016-5-16,1,lasso,71,-0.000211506,1.51E-05
2016-5-17,1,lasso,71,0.005589847,1.51E-05
2016-5-18,1,lasso,71,0.002206231,1.51E-05
2016-5-19,1,lasso,71,0.000419683,1.51E-05
2016-5-20,1,lasso,71,-0.001049538,1.51E-05
2016-5-23,1,lasso,71,0.003563945,1.51E-05
2016-5-24,1,lasso,71,-0.002304631,1.51E-05
2016-5-25,1,lasso,71,-0.001889566,1.51E-05
2016-5-26,1,lasso,71,0.003670884,1.51E-05
2016-5-27,1,lasso,71,0,1.51E-05
2016-5-30,1,lasso,71,0.003866052,1.51E-05
2016-5-31,1,lasso,71,-0.004599151,1.51E-05
2016-6-1,1,lasso,71,0.001151772,1.51E-05
2016-6-2,1,lasso,71,-0.016140442,1.51E-05
2016-6-3,1,lasso,71,-0.001383494,1.51E-05
2016-6-6,1,lasso,71,-0.000745752,1.51E-05
2016-6-7,1,lasso,71,-0.002561094,1.51E-05
2016-6-8,1,lasso,71,0.003839186,1.51E-05
2016-6-9,1,lasso,71,0.006577575,1.51E-05
2016-6-10,1,lasso,71,-0.002223046,1.51E-05
2016-6-13,1,lasso,71,0.006022523,1.51E-05
2016-6-14,1,lasso,71,-0.003376599,1.51E-05
2016-6-15,1,lasso,71,-0.000422878,1.51E-05
2016-6-16,1,lasso,71,-0.003813968,1.51E-05
2016-6-17,1,lasso,71,-0.006389118,1.51E-05
2016-6-20,1,lasso,71,0.00437031,1.51E-05
2016-6-21,1,lasso,71,-0.003195912,1.51E-05
2016-6-22,1,lasso,71,-0.002029373,1.51E-05
2016-6-23,1,lasso,71,0.02032031,1.51E-05
2016-6-24,1,lasso,71,0.01135488,1.51E-05
2016-6-27,1,lasso,71,-0.003008457,1.51E-05
2016-6-28,1,lasso,71,-0.00499949,1.51E-05
2016-6-29,1,lasso,71,0.003855979,1.51E-05
2016-6-30,1,lasso,71,-0.005109767,1.51E-05
2016-7-1,1,lasso,71,0,1.51E-05
2016-7-4,1,lasso,71,0.005421763,1.51E-05
2016-7-5,1,lasso,71,-0.00124857,1.51E-05
2016-7-6,1,lasso,71,0.002910908,1.51E-05
2016-7-7,1,lasso,71,-0.000311478,1.51E-05
2016-7-8,1,lasso,71,0.002799815,1.51E-05
2016-7-11,1,lasso,71,-0.001347081,1.51E-05
2016-7-12,1,lasso,71,-0.002283817,1.51E-05
2016-7-13,1,lasso,71,-0.001456058,1.51E-05
2016-7-14,1,lasso,71,0.005190503,1.51E-05
2016-7-15,1,lasso,71,-0.000207104,1.51E-05
2016-7-18,1,lasso,71,0.005164767,1.51E-05
2016-7-19,1,lasso,71,0.001441367,1.51E-05
2016-7-20,1,lasso,71,-0.002059733,1.51E-05
2016-7-21,1,lasso,71,0.00483366,1.51E-05
2016-7-22,1,lasso,71,-0.001848429,1.51E-05
2016-7-25,1,lasso,71,-0.001337105,1.51E-05
2016-7-26,1,lasso,71,-0.001132795,1.51E-05
2016-7-27,1,lasso,71,-0.003199342,1.51E-05
2016-7-28,1,lasso,71,-0.012586633,1.51E-05
2016-6-3,1,lasso,72,-0.001383494,1.55E-05
2016-6-6,1,lasso,72,-0.000745752,1.55E-05
2016-6-7,1,lasso,72,-0.002561094,1.55E-05
2016-6-8,1,lasso,72,0.003839186,1.55E-05
2016-6-9,1,lasso,72,0.006577575,1.55E-05
2016-6-10,1,lasso,72,-0.002223046,1.55E-05
2016-6-13,1,lasso,72,0.006022523,1.55E-05
2016-6-14,1,lasso,72,-0.003376599,1.55E-05
2016-6-15,1,lasso,72,-0.000422878,1.55E-05
2016-6-16,1,lasso,72,-0.003813968,1.55E-05
2016-6-17,1,lasso,72,-0.006389118,1.55E-05
2016-6-20,1,lasso,72,0.00437031,1.55E-05
2016-6-21,1,lasso,72,-0.003195912,1.55E-05
2016-6-22,1,lasso,72,-0.002029373,1.55E-05
2016-6-23,1,lasso,72,0.02032031,1.55E-05
2016-6-24,1,lasso,72,0.01135488,1.55E-05
2016-6-27,1,lasso,72,-0.003008457,1.55E-05
2016-6-28,1,lasso,72,-0.00499949,1.55E-05
2016-6-29,1,lasso,72,0.003855979,1.55E-05
2016-6-30,1,lasso,72,-0.005109767,1.55E-05
2016-7-1,1,lasso,72,0,1.55E-05
2016-7-4,1,lasso,72,0.005421763,1.55E-05
2016-7-5,1,lasso,72,-0.00124857,1.55E-05
2016-7-6,1,lasso,72,0.002910908,1.55E-05
2016-7-7,1,lasso,72,-0.000311478,1.55E-05
2016-7-8,1,lasso,72,0.002799815,1.55E-05
2016-7-11,1,lasso,72,-0.001347081,1.55E-05
2016-7-12,1,lasso,72,-0.002283817,1.55E-05
2016-7-13,1,lasso,72,-0.001456058,1.55E-05
2016-7-14,1,lasso,72,0.005190503,1.55E-05
2016-7-15,1,lasso,72,-0.000207104,1.55E-05
2016-7-18,1,lasso,72,0.005164767,1.55E-05
2016-7-19,1,lasso,72,0.001441367,1.55E-05
2016-7-20,1,lasso,72,-0.002059733,1.55E-05
2016-7-21,1,lasso,72,0.00483366,1.55E-05
2016-7-22,1,lasso,72,-0.001848429,1.55E-05
2016-7-25,1,lasso,72,-0.001337105,1.55E-05
2016-7-26,1,lasso,72,-0.001132795,1.55E-05
2016-7-27,1,lasso,72,-0.003199342,1.55E-05
2016-7-28,1,lasso,72,-0.012586633,1.55E-05
2016-7-29,1,lasso,72,0.001882452,1.55E-05
2016-8-1,1,lasso,72,-0.006814515,1.55E-05
2016-8-2,1,lasso,72,0.005246051,1.55E-05
2016-8-3,1,lasso,72,0.002090739,1.55E-05
2016-8-4,1,lasso,72,0.004480341,1.55E-05
2016-8-5,1,lasso,72,0.002180799,1.55E-05
2016-8-8,1,lasso,72,-0.002284766,1.55E-05
2016-8-9,1,lasso,72,-0.00552574,1.55E-05
2016-8-10,1,lasso,72,0.002193098,1.55E-05
2016-8-11,1,lasso,72,-0.001461531,1.55E-05
2016-8-12,1,lasso,72,-0.000940685,1.55E-05
2016-8-15,1,lasso,72,-0.00882266,1.55E-05
2016-8-16,1,lasso,72,-0.000738747,1.55E-05
2016-8-17,1,lasso,72,-0.005929708,1.55E-05
2016-8-18,1,lasso,72,0.003710186,1.55E-05
2016-8-19,1,lasso,72,0.000105803,1.55E-05
2016-8-22,1,lasso,72,0.000211573,1.55E-05
2016-8-23,1,lasso,72,0.002640893,1.55E-05
2016-8-24,1,lasso,72,-0.000211015,1.55E-05
2016-8-25,1,lasso,72,0.00840606,1.55E-05
2016-7-1,1,lasso,73,0,2.18E-05
2016-7-4,1,lasso,73,0.005421763,2.18E-05
2016-7-5,1,lasso,73,-0.00124857,2.18E-05
2016-7-6,1,lasso,73,0.002910908,2.18E-05
2016-7-7,1,lasso,73,-0.000311478,2.18E-05
2016-7-8,1,lasso,73,0.002799815,2.18E-05
2016-7-11,1,lasso,73,-0.001347081,2.18E-05
2016-7-12,1,lasso,73,-0.002283817,2.18E-05
2016-7-13,1,lasso,73,-0.001456058,2.18E-05
2016-7-14,1,lasso,73,0.005190503,2.18E-05
2016-7-15,1,lasso,73,-0.000207104,2.18E-05
2016-7-18,1,lasso,73,0.005164767,2.18E-05
2016-7-19,1,lasso,73,0.001441367,2.18E-05
2016-7-20,1,lasso,73,-0.002059733,2.18E-05
2016-7-21,1,lasso,73,0.00483366,2.18E-05
2016-7-22,1,lasso,73,-0.001848429,2.18E-05
2016-7-25,1,lasso,73,-0.001337105,2.18E-05
2016-7-26,1,lasso,73,-0.001132795,2.18E-05
2016-7-27,1,lasso,73,-0.003199342,2.18E-05
2016-7-28,1,lasso,73,-0.012586633,2.18E-05
2016-7-29,1,lasso,73,0.001882452,2.18E-05
2016-8-1,1,lasso,73,-0.006814515,2.18E-05
2016-8-2,1,lasso,73,0.005246051,2.18E-05
2016-8-3,1,lasso,73,0.002090739,2.18E-05
2016-8-4,1,lasso,73,0.004480341,2.18E-05
2016-8-5,1,lasso,73,0.002180799,2.18E-05
2016-8-8,1,lasso,73,-0.002284766,2.18E-05
2016-8-9,1,lasso,73,-0.00552574,2.18E-05
2016-8-10,1,lasso,73,0.002193098,2.18E-05
2016-8-11,1,lasso,73,-0.001461531,2.18E-05
2016-8-12,1,lasso,73,-0.000940685,2.18E-05
2016-8-15,1,lasso,73,-0.00882266,2.18E-05
2016-8-16,1,lasso,73,-0.000738747,2.18E-05
2016-8-17,1,lasso,73,-0.005929708,2.18E-05
2016-8-18,1,lasso,73,0.003710186,2.18E-05
2016-8-19,1,lasso,73,0.000105803,2.18E-05
2016-8-22,1,lasso,73,0.000211573,2.18E-05
2016-8-23,1,lasso,73,0.002640893,2.18E-05
2016-8-24,1,lasso,73,-0.000211015,2.18E-05
2016-8-25,1,lasso,73,0.00840606,2.18E-05
2016-8-26,1,lasso,73,0.00010463,2.18E-05
2016-8-29,1,lasso,73,0.004905296,2.18E-05
2016-8-30,1,lasso,73,-0.000312386,2.18E-05
2016-8-31,1,lasso,73,-0.003860807,2.18E-05
2016-9-1,1,lasso,73,0.001984438,2.18E-05
2016-9-2,1,lasso,73,0,2.18E-05
2016-9-5,1,lasso,73,-0.010699777,2.18E-05
2016-9-6,1,lasso,73,0.001475393,2.18E-05
2016-9-7,1,lasso,73,0.000736881,2.18E-05
2016-9-8,1,lasso,73,0.003256819,2.18E-05
2016-9-9,1,lasso,73,-0.002625638,2.18E-05
2016-9-12,1,lasso,73,0.005662767,2.18E-05
2016-9-13,1,lasso,73,-0.003142022,2.18E-05
2016-9-14,1,lasso,73,-0.000419683,2.18E-05
2016-9-15,1,lasso,73,0.008568495,2.18E-05
2016-9-16,1,lasso,73,-0.002813234,2.18E-05
2016-9-19,1,lasso,73,0.001876369,2.18E-05
2016-9-20,1,lasso,73,-0.003756265,2.18E-05
2016-9-21,1,lasso,73,-0.002197688,2.18E-05
2016-9-22,1,lasso,73,0.000314251,2.18E-05
2016-7-29,1,lasso,74,0.001882452,2.12E-05
2016-8-1,1,lasso,74,-0.006814515,2.12E-05
2016-8-2,1,lasso,74,0.005246051,2.12E-05
2016-8-3,1,lasso,74,0.002090739,2.12E-05
2016-8-4,1,lasso,74,0.004480341,2.12E-05
2016-8-5,1,lasso,74,0.002180799,2.12E-05
2016-8-8,1,lasso,74,-0.002284766,2.12E-05
2016-8-9,1,lasso,74,-0.00552574,2.12E-05
2016-8-10,1,lasso,74,0.002193098,2.12E-05
2016-8-11,1,lasso,74,-0.001461531,2.12E-05
2016-8-12,1,lasso,74,-0.000940685,2.12E-05
2016-8-15,1,lasso,74,-0.00882266,2.12E-05
2016-8-16,1,lasso,74,-0.000738747,2.12E-05
2016-8-17,1,lasso,74,-0.005929708,2.12E-05
2016-8-18,1,lasso,74,0.003710186,2.12E-05
2016-8-19,1,lasso,74,0.000105803,2.12E-05
2016-8-22,1,lasso,74,0.000211573,2.12E-05
2016-8-23,1,lasso,74,0.002640893,2.12E-05
2016-8-24,1,lasso,74,-0.000211015,2.12E-05
2016-8-25,1,lasso,74,0.00840606,2.12E-05
2016-8-26,1,lasso,74,0.00010463,2.12E-05
2016-8-29,1,lasso,74,0.004905296,2.12E-05
2016-8-30,1,lasso,74,-0.000312386,2.12E-05
2016-8-31,1,lasso,74,-0.003860807,2.12E-05
2016-9-1,1,lasso,74,0.001984438,2.12E-05
2016-9-2,1,lasso,74,0,2.12E-05
2016-9-5,1,lasso,74,-0.010699777,2.12E-05
2016-9-6,1,lasso,74,0.001475393,2.12E-05
2016-9-7,1,lasso,74,0.000736881,2.12E-05
2016-9-8,1,lasso,74,0.003256819,2.12E-05
2016-9-9,1,lasso,74,-0.002625638,2.12E-05
2016-9-12,1,lasso,74,0.005662767,2.12E-05
2016-9-13,1,lasso,74,-0.003142022,2.12E-05
2016-9-14,1,lasso,74,-0.000419683,2.12E-05
2016-9-15,1,lasso,74,0.008568495,2.12E-05
2016-9-16,1,lasso,74,-0.002813234,2.12E-05
2016-9-19,1,lasso,74,0.001876369,2.12E-05
2016-9-20,1,lasso,74,-0.003756265,2.12E-05
2016-9-21,1,lasso,74,-0.002197688,2.12E-05
2016-9-22,1,lasso,74,0.000314251,2.12E-05
2016-9-23,1,lasso,74,-0.001886991,2.12E-05
2016-9-26,1,lasso,74,0.001467967,2.12E-05
2016-9-27,1,lasso,74,-0.000104783,2.12E-05
2016-9-28,1,lasso,74,0.00104734,2.12E-05
2016-9-29,1,lasso,74,-0.000733023,2.12E-05
2016-9-30,1,lasso,74,0.002406488,2.12E-05
2016-10-3,1,lasso,74,0.005003659,2.12E-05
2016-10-4,1,lasso,74,-0.000520048,2.12E-05
2016-10-5,1,lasso,74,0.006739618,2.12E-05
2016-10-6,1,lasso,74,-0.001447777,2.12E-05
2016-10-7,1,lasso,74,0.003099816,2.12E-05
2016-10-10,1,lasso,74,0.007810131,2.12E-05
2016-10-11,1,lasso,74,0.00286211,2.12E-05
2016-10-12,1,lasso,74,-0.004603824,2.12E-05
2016-10-13,1,lasso,74,0.005114054,2.12E-05
2016-10-14,1,lasso,74,-0.00132714,2.12E-05
2016-10-17,1,lasso,74,0,2.12E-05
2016-10-18,1,lasso,74,0.000306419,2.12E-05
2016-10-19,1,lasso,74,0.003974933,2.12E-05
2016-10-20,1,lasso,74,0.003857873,2.12E-05
2016-8-26,1,lasso,75,0.00010463,2.12E-05
2016-8-29,1,lasso,75,0.004905296,2.12E-05
2016-8-30,1,lasso,75,-0.000312386,2.12E-05
2016-8-31,1,lasso,75,-0.003860807,2.12E-05
2016-9-1,1,lasso,75,0.001984438,2.12E-05
2016-9-2,1,lasso,75,0,2.12E-05
2016-9-5,1,lasso,75,-0.010699777,2.12E-05
2016-9-6,1,lasso,75,0.001475393,2.12E-05
2016-9-7,1,lasso,75,0.000736881,2.12E-05
2016-9-8,1,lasso,75,0.003256819,2.12E-05
2016-9-9,1,lasso,75,-0.002625638,2.12E-05
2016-9-12,1,lasso,75,0.005662767,2.12E-05
2016-9-13,1,lasso,75,-0.003142022,2.12E-05
2016-9-14,1,lasso,75,-0.000419683,2.12E-05
2016-9-15,1,lasso,75,0.008568495,2.12E-05
2016-9-16,1,lasso,75,-0.002813234,2.12E-05
2016-9-19,1,lasso,75,0.001876369,2.12E-05
2016-9-20,1,lasso,75,-0.003756265,2.12E-05
2016-9-21,1,lasso,75,-0.002197688,2.12E-05
2016-9-22,1,lasso,75,0.000314251,2.12E-05
2016-9-23,1,lasso,75,-0.001886991,2.12E-05
2016-9-26,1,lasso,75,0.001467967,2.12E-05
2016-9-27,1,lasso,75,-0.000104783,2.12E-05
2016-9-28,1,lasso,75,0.00104734,2.12E-05
2016-9-29,1,lasso,75,-0.000733023,2.12E-05
2016-9-30,1,lasso,75,0.002406488,2.12E-05
2016-10-3,1,lasso,75,0.005003659,2.12E-05
2016-10-4,1,lasso,75,-0.000520048,2.12E-05
2016-10-5,1,lasso,75,0.006739618,2.12E-05
2016-10-6,1,lasso,75,-0.001447777,2.12E-05
2016-10-7,1,lasso,75,0.003099816,2.12E-05
2016-10-10,1,lasso,75,0.007810131,2.12E-05
2016-10-11,1,lasso,75,0.00286211,2.12E-05
2016-10-12,1,lasso,75,-0.004603824,2.12E-05
2016-10-13,1,lasso,75,0.005114054,2.12E-05
2016-10-14,1,lasso,75,-0.00132714,2.12E-05
2016-10-17,1,lasso,75,0,2.12E-05
2016-10-18,1,lasso,75,0.000306419,2.12E-05
2016-10-19,1,lasso,75,0.003974933,2.12E-05
2016-10-20,1,lasso,75,0.003857873,2.12E-05
2016-10-21,1,lasso,75,0.00070904,2.12E-05
2016-10-24,1,lasso,75,-0.000405104,2.12E-05
2016-10-25,1,lasso,75,-0.000912085,2.12E-05
2016-10-26,1,lasso,75,0.002632646,2.12E-05
2016-10-27,1,lasso,75,-0.005475576,2.12E-05
2016-10-28,1,lasso,75,0.000914681,2.12E-05
2016-10-31,1,lasso,75,-0.007545666,2.12E-05
2016-11-1,1,lasso,75,-0.003075348,2.12E-05
2016-11-2,1,lasso,75,-0.002467107,2.12E-05
2016-11-3,1,lasso,75,-0.00102976,2.12E-05
2016-11-4,1,lasso,75,0.007390713,2.12E-05
2016-11-7,1,lasso,75,0.000817829,2.12E-05
2016-11-8,1,lasso,75,0.006518662,2.12E-05
2016-11-9,1,lasso,75,0.002838607,2.12E-05
2016-11-10,1,lasso,75,0.002830572,2.12E-05
2016-11-11,1,lasso,75,0.010543854,2.12E-05
2016-11-14,1,lasso,75,0.001197964,2.12E-05
2016-11-15,1,lasso,75,0.001794259,2.12E-05
2016-11-16,1,lasso,75,0.004769011,2.12E-05
2016-11-17,1,lasso,75,0.003166752,2.12E-05
2016-9-23,1,lasso,76,-0.001886991,2.07E-05
2016-9-26,1,lasso,76,0.001467967,2.07E-05
2016-9-27,1,lasso,76,-0.000104783,2.07E-05
2016-9-28,1,lasso,76,0.00104734,2.07E-05
2016-9-29,1,lasso,76,-0.000733023,2.07E-05
2016-9-30,1,lasso,76,0.002406488,2.07E-05
2016-10-3,1,lasso,76,0.005003659,2.07E-05
2016-10-4,1,lasso,76,-0.000520048,2.07E-05
2016-10-5,1,lasso,76,0.006739618,2.07E-05
2016-10-6,1,lasso,76,-0.001447777,2.07E-05
2016-10-7,1,lasso,76,0.003099816,2.07E-05
2016-10-10,1,lasso,76,0.007810131,2.07E-05
2016-10-11,1,lasso,76,0.00286211,2.07E-05
2016-10-12,1,lasso,76,-0.004603824,2.07E-05
2016-10-13,1,lasso,76,0.005114054,2.07E-05
2016-10-14,1,lasso,76,-0.00132714,2.07E-05
2016-10-17,1,lasso,76,0,2.07E-05
2016-10-18,1,lasso,76,0.000306419,2.07E-05
2016-10-19,1,lasso,76,0.003974933,2.07E-05
2016-10-20,1,lasso,76,0.003857873,2.07E-05
2016-10-21,1,lasso,76,0.00070904,2.07E-05
2016-10-24,1,lasso,76,-0.000405104,2.07E-05
2016-10-25,1,lasso,76,-0.000912085,2.07E-05
2016-10-26,1,lasso,76,0.002632646,2.07E-05
2016-10-27,1,lasso,76,-0.005475576,2.07E-05
2016-10-28,1,lasso,76,0.000914681,2.07E-05
2016-10-31,1,lasso,76,-0.007545666,2.07E-05
2016-11-1,1,lasso,76,-0.003075348,2.07E-05
2016-11-2,1,lasso,76,-0.002467107,2.07E-05
2016-11-3,1,lasso,76,-0.00102976,2.07E-05
2016-11-4,1,lasso,76,0.007390713,2.07E-05
2016-11-7,1,lasso,76,0.000817829,2.07E-05
2016-11-8,1,lasso,76,0.006518662,2.07E-05
2016-11-9,1,lasso,76,0.002838607,2.07E-05
2016-11-10,1,lasso,76,0.002830572,2.07E-05
2016-11-11,1,lasso,76,0.010543854,2.07E-05
2016-11-14,1,lasso,76,0.001197964,2.07E-05
2016-11-15,1,lasso,76,0.001794259,2.07E-05
2016-11-16,1,lasso,76,0.004769011,2.07E-05
2016-11-17,1,lasso,76,0.003166752,2.07E-05
2016-11-18,1,lasso,76,-0.001582122,2.07E-05
2016-11-21,1,lasso,76,-9.90E-05,2.07E-05
2016-11-22,1,lasso,76,0.006510825,2.07E-05
2016-11-23,1,lasso,76,0,2.07E-05
2016-11-24,1,lasso,76,-0.002067032,2.07E-05
2016-11-25,1,lasso,76,-0.001577754,2.07E-05
2016-11-28,1,lasso,76,-0.00395531,2.07E-05
2016-11-29,1,lasso,76,0.005631591,2.07E-05
2016-11-30,1,lasso,76,-0.00454232,2.07E-05
2016-12-1,1,lasso,76,-0.002675786,2.07E-05
2016-12-2,1,lasso,76,-0.006770911,2.07E-05
2016-12-5,1,lasso,76,0.003988439,2.07E-05
2016-12-6,1,lasso,76,-0.002590675,2.07E-05
2016-12-7,1,lasso,76,0.008642581,2.07E-05
2016-12-8,1,lasso,76,0.004834979,2.07E-05
2016-12-9,1,lasso,76,-0.005527603,2.07E-05
2016-12-12,1,lasso,76,0.000395844,2.07E-05
2016-12-13,1,lasso,76,0.006803754,2.07E-05
2016-12-14,1,lasso,76,0.012306045,2.07E-05
2016-12-15,1,lasso,76,-0.000679711,2.07E-05
2016-10-21,1,lasso,77,0.00070904,3.26E-05
2016-10-24,1,lasso,77,-0.000405104,3.26E-05
2016-10-25,1,lasso,77,-0.000912085,3.26E-05
2016-10-26,1,lasso,77,0.002632646,3.26E-05
2016-10-27,1,lasso,77,-0.005475576,3.26E-05
2016-10-28,1,lasso,77,0.000914681,3.26E-05
2016-10-31,1,lasso,77,-0.007545666,3.26E-05
2016-11-1,1,lasso,77,-0.003075348,3.26E-05
2016-11-2,1,lasso,77,-0.002467107,3.26E-05
2016-11-3,1,lasso,77,-0.00102976,3.26E-05
2016-11-4,1,lasso,77,0.007390713,3.26E-05
2016-11-7,1,lasso,77,0.000817829,3.26E-05
2016-11-8,1,lasso,77,0.006518662,3.26E-05
2016-11-9,1,lasso,77,0.002838607,3.26E-05
2016-11-10,1,lasso,77,0.002830572,3.26E-05
2016-11-11,1,lasso,77,0.010543854,3.26E-05
2016-11-14,1,lasso,77,0.001197964,3.26E-05
2016-11-15,1,lasso,77,0.001794259,3.26E-05
2016-11-16,1,lasso,77,0.004769011,3.26E-05
2016-11-17,1,lasso,77,0.003166752,3.26E-05
2016-11-18,1,lasso,77,-0.001582122,3.26E-05
2016-11-21,1,lasso,77,-9.90E-05,3.26E-05
2016-11-22,1,lasso,77,0.006510825,3.26E-05
2016-11-23,1,lasso,77,0,3.26E-05
2016-11-24,1,lasso,77,-0.002067032,3.26E-05
2016-11-25,1,lasso,77,-0.001577754,3.26E-05
2016-11-28,1,lasso,77,-0.00395531,3.26E-05
2016-11-29,1,lasso,77,0.005631591,3.26E-05
2016-11-30,1,lasso,77,-0.00454232,3.26E-05
2016-12-1,1,lasso,77,-0.002675786,3.26E-05
2016-12-2,1,lasso,77,-0.006770911,3.26E-05
2016-12-5,1,lasso,77,0.003988439,3.26E-05
2016-12-6,1,lasso,77,-0.002590675,3.26E-05
2016-12-7,1,lasso,77,0.008642581,3.26E-05
2016-12-8,1,lasso,77,0.004834979,3.26E-05
2016-12-9,1,lasso,77,-0.005527603,3.26E-05
2016-12-12,1,lasso,77,0.000395844,3.26E-05
2016-12-13,1,lasso,77,0.006803754,3.26E-05
2016-12-14,1,lasso,77,0.012306045,3.26E-05
2016-12-15,1,lasso,77,-0.000679711,3.26E-05
2016-12-16,1,lasso,77,0.001843855,3.26E-05
2016-12-19,1,lasso,77,0.001453277,3.26E-05
2016-12-20,1,lasso,77,-0.002617422,3.26E-05
2016-12-21,1,lasso,77,0.000679249,3.26E-05
2016-12-22,1,lasso,77,-0.000776322,3.26E-05
2016-12-23,1,lasso,77,0,3.26E-05
2016-12-26,1,lasso,77,9.71E-05,3.26E-05
2016-12-27,1,lasso,77,0.002714232,3.26E-05
2016-12-28,1,lasso,77,-0.00602002,3.26E-05
2016-12-29,1,lasso,77,-0.004587836,3.26E-05
2016-12-30,1,lasso,77,0.006047619,3.26E-05
2017-1-2,1,lasso,77,0.003688608,3.26E-05
2017-1-3,1,lasso,77,-0.004953631,3.26E-05
2017-1-4,1,lasso,77,-0.011556294,3.26E-05
2017-1-5,1,lasso,77,0.00687153,3.26E-05
2017-1-6,1,lasso,77,-0.00284105,3.26E-05
2017-1-9,1,lasso,77,0.000784545,3.26E-05
2017-1-10,1,lasso,77,-0.002257227,3.26E-05
2017-1-11,1,lasso,77,-0.004233748,3.26E-05
2017-1-12,1,lasso,77,-0.001678764,3.26E-05
2016-11-18,1,lasso,78,-0.001582122,4.15E-05
2016-11-21,1,lasso,78,-9.90E-05,4.15E-05
2016-11-22,1,lasso,78,0.006510825,4.15E-05
2016-11-23,1,lasso,78,0,4.15E-05
2016-11-24,1,lasso,78,-0.002067032,4.15E-05
2016-11-25,1,lasso,78,-0.001577754,4.15E-05
2016-11-28,1,lasso,78,-0.00395531,4.15E-05
2016-11-29,1,lasso,78,0.005631591,4.15E-05
2016-11-30,1,lasso,78,-0.00454232,4.15E-05
2016-12-1,1,lasso,78,-0.002675786,4.15E-05
2016-12-2,1,lasso,78,-0.006770911,4.15E-05
2016-12-5,1,lasso,78,0.003988439,4.15E-05
2016-12-6,1,lasso,78,-0.002590675,4.15E-05
2016-12-7,1,lasso,78,0.008642581,4.15E-05
2016-12-8,1,lasso,78,0.004834979,4.15E-05
2016-12-9,1,lasso,78,-0.005527603,4.15E-05
2016-12-12,1,lasso,78,0.000395844,4.15E-05
2016-12-13,1,lasso,78,0.006803754,4.15E-05
2016-12-14,1,lasso,78,0.012306045,4.15E-05
2016-12-15,1,lasso,78,-0.000679711,4.15E-05
2016-12-16,1,lasso,78,0.001843855,4.15E-05
2016-12-19,1,lasso,78,0.001453277,4.15E-05
2016-12-20,1,lasso,78,-0.002617422,4.15E-05
2016-12-21,1,lasso,78,0.000679249,4.15E-05
2016-12-22,1,lasso,78,-0.000776322,4.15E-05
2016-12-23,1,lasso,78,0,4.15E-05
2016-12-26,1,lasso,78,9.71E-05,4.15E-05
2016-12-27,1,lasso,78,0.002714232,4.15E-05
2016-12-28,1,lasso,78,-0.00602002,4.15E-05
2016-12-29,1,lasso,78,-0.004587836,4.15E-05
2016-12-30,1,lasso,78,0.006047619,4.15E-05
2017-1-2,1,lasso,78,0.003688608,4.15E-05
2017-1-3,1,lasso,78,-0.004953631,4.15E-05
2017-1-4,1,lasso,78,-0.011556294,4.15E-05
2017-1-5,1,lasso,78,0.00687153,4.15E-05
2017-1-6,1,lasso,78,-0.00284105,4.15E-05
2017-1-9,1,lasso,78,0.000784545,4.15E-05
2017-1-10,1,lasso,78,-0.002257227,4.15E-05
2017-1-11,1,lasso,78,-0.004233748,4.15E-05
2017-1-12,1,lasso,78,-0.001678764,4.15E-05
2017-1-13,1,lasso,78,0,4.15E-05
2017-1-16,1,lasso,78,-0.008436356,4.15E-05
2017-1-17,1,lasso,78,0.005962454,4.15E-05
2017-1-18,1,lasso,78,0.002177356,4.15E-05
2017-1-19,1,lasso,78,-0.004061623,4.15E-05
2017-1-20,1,lasso,78,-0.005774033,4.15E-05
2017-1-23,1,lasso,78,0.001895168,4.15E-05
2017-1-24,1,lasso,78,-0.003193934,4.15E-05
2017-1-25,1,lasso,78,0.003492843,4.15E-05
2017-1-26,1,lasso,78,0.001493206,4.15E-05
2017-1-27,1,lasso,78,-0.000995223,4.15E-05
2017-1-30,1,lasso,78,-0.009202826,4.15E-05
2017-1-31,1,lasso,78,0.001305549,4.15E-05
2017-2-1,1,lasso,78,0.001504288,4.15E-05
2017-2-2,1,lasso,78,0.000801362,4.15E-05
2017-2-3,1,lasso,78,0.00040044,4.15E-05
2017-2-6,1,lasso,78,0.003497031,4.15E-05
2017-2-7,1,lasso,78,0.000199461,4.15E-05
2017-2-8,1,lasso,78,0.003682879,4.15E-05
2017-2-9,1,lasso,78,0.001489204,4.15E-05
2016-12-16,1,lasso,79,0.001843855,4.74E-05
2016-12-19,1,lasso,79,0.001453277,4.74E-05
2016-12-20,1,lasso,79,-0.002617422,4.74E-05
2016-12-21,1,lasso,79,0.000679249,4.74E-05
2016-12-22,1,lasso,79,-0.000776322,4.74E-05
2016-12-23,1,lasso,79,0,4.74E-05
2016-12-26,1,lasso,79,9.71E-05,4.74E-05
2016-12-27,1,lasso,79,0.002714232,4.74E-05
2016-12-28,1,lasso,79,-0.00602002,4.74E-05
2016-12-29,1,lasso,79,-0.004587836,4.74E-05
2016-12-30,1,lasso,79,0.006047619,4.74E-05
2017-1-2,1,lasso,79,0.003688608,4.74E-05
2017-1-3,1,lasso,79,-0.004953631,4.74E-05
2017-1-4,1,lasso,79,-0.011556294,4.74E-05
2017-1-5,1,lasso,79,0.00687153,4.74E-05
2017-1-6,1,lasso,79,-0.00284105,4.74E-05
2017-1-9,1,lasso,79,0.000784545,4.74E-05
2017-1-10,1,lasso,79,-0.002257227,4.74E-05
2017-1-11,1,lasso,79,-0.004233748,4.74E-05
2017-1-12,1,lasso,79,-0.001678764,4.74E-05
2017-1-13,1,lasso,79,0,4.74E-05
2017-1-16,1,lasso,79,-0.008436356,4.74E-05
2017-1-17,1,lasso,79,0.005962454,4.74E-05
2017-1-18,1,lasso,79,0.002177356,4.74E-05
2017-1-19,1,lasso,79,-0.004061623,4.74E-05
2017-1-20,1,lasso,79,-0.005774033,4.74E-05
2017-1-23,1,lasso,79,0.001895168,4.74E-05
2017-1-24,1,lasso,79,-0.003193934,4.74E-05
2017-1-25,1,lasso,79,0.003492843,4.74E-05
2017-1-26,1,lasso,79,0.001493206,4.74E-05
2017-1-27,1,lasso,79,-0.000995223,4.74E-05
2017-1-30,1,lasso,79,-0.009202826,4.74E-05
2017-1-31,1,lasso,79,0.001305549,4.74E-05
2017-2-1,1,lasso,79,0.001504288,4.74E-05
2017-2-2,1,lasso,79,0.000801362,4.74E-05
2017-2-3,1,lasso,79,0.00040044,4.74E-05
2017-2-6,1,lasso,79,0.003497031,4.74E-05
2017-2-7,1,lasso,79,0.000199461,4.74E-05
2017-2-8,1,lasso,79,0.003682879,4.74E-05
2017-2-9,1,lasso,79,0.001489204,4.74E-05
2017-2-10,1,lasso,79,0.001586043,4.74E-05
2017-2-13,1,lasso,79,0.002868307,4.74E-05
2017-2-14,1,lasso,79,-0.000691597,4.74E-05
2017-2-15,1,lasso,79,-0.007340575,4.74E-05
2017-2-16,1,lasso,79,0.00506481,4.74E-05
2017-2-17,1,lasso,79,0,4.74E-05
2017-2-20,1,lasso,79,0.004151845,4.74E-05
2017-2-21,1,lasso,79,-0.001480824,4.74E-05
2017-2-22,1,lasso,79,-0.001680922,4.74E-05
2017-2-23,1,lasso,79,0.000395765,4.74E-05
2017-2-24,1,lasso,79,0.000395609,4.74E-05
2017-2-27,1,lasso,79,-9.89E-05,4.74E-05
2017-2-28,1,lasso,79,0.006505691,4.74E-05
2017-3-1,1,lasso,79,0.004118057,4.74E-05
2017-3-2,1,lasso,79,-0.006478868,4.74E-05
2017-3-3,1,lasso,79,0.000984349,4.74E-05
2017-3-6,1,lasso,79,0.001671173,4.74E-05
2017-3-7,1,lasso,79,0.002550521,4.74E-05
2017-3-8,1,lasso,79,-0.00215771,4.74E-05
2017-3-9,1,lasso,79,-0.005908437,4.74E-05
2017-1-13,1,lasso,80,0,4.08E-05
2017-1-16,1,lasso,80,-0.008436356,4.08E-05
2017-1-17,1,lasso,80,0.005962454,4.08E-05
2017-1-18,1,lasso,80,0.002177356,4.08E-05
2017-1-19,1,lasso,80,-0.004061623,4.08E-05
2017-1-20,1,lasso,80,-0.005774033,4.08E-05
2017-1-23,1,lasso,80,0.001895168,4.08E-05
2017-1-24,1,lasso,80,-0.003193934,4.08E-05
2017-1-25,1,lasso,80,0.003492843,4.08E-05
2017-1-26,1,lasso,80,0.001493206,4.08E-05
2017-1-27,1,lasso,80,-0.000995223,4.08E-05
2017-1-30,1,lasso,80,-0.009202826,4.08E-05
2017-1-31,1,lasso,80,0.001305549,4.08E-05
2017-2-1,1,lasso,80,0.001504288,4.08E-05
2017-2-2,1,lasso,80,0.000801362,4.08E-05
2017-2-3,1,lasso,80,0.00040044,4.08E-05
2017-2-6,1,lasso,80,0.003497031,4.08E-05
2017-2-7,1,lasso,80,0.000199461,4.08E-05
2017-2-8,1,lasso,80,0.003682879,4.08E-05
2017-2-9,1,lasso,80,0.001489204,4.08E-05
2017-2-10,1,lasso,80,0.001586043,4.08E-05
2017-2-13,1,lasso,80,0.002868307,4.08E-05
2017-2-14,1,lasso,80,-0.000691597,4.08E-05
2017-2-15,1,lasso,80,-0.007340575,4.08E-05
2017-2-16,1,lasso,80,0.00506481,4.08E-05
2017-2-17,1,lasso,80,0,4.08E-05
2017-2-20,1,lasso,80,0.004151845,4.08E-05
2017-2-21,1,lasso,80,-0.001480824,4.08E-05
2017-2-22,1,lasso,80,-0.001680922,4.08E-05
2017-2-23,1,lasso,80,0.000395765,4.08E-05
2017-2-24,1,lasso,80,0.000395609,4.08E-05
2017-2-27,1,lasso,80,-9.89E-05,4.08E-05
2017-2-28,1,lasso,80,0.006505691,4.08E-05
2017-3-1,1,lasso,80,0.004118057,4.08E-05
2017-3-2,1,lasso,80,-0.006478868,4.08E-05
2017-3-3,1,lasso,80,0.000984349,4.08E-05
2017-3-6,1,lasso,80,0.001671173,4.08E-05
2017-3-7,1,lasso,80,0.002550521,4.08E-05
2017-3-8,1,lasso,80,-0.00215771,4.08E-05
2017-3-9,1,lasso,80,-0.005908437,4.08E-05
2017-3-10,1,lasso,80,0.000592417,4.08E-05
2017-3-13,1,lasso,80,0.00384218,4.08E-05
2017-3-14,1,lasso,80,-0.009484363,4.08E-05
2017-3-15,1,lasso,80,-0.003779219,4.08E-05
2017-3-16,1,lasso,80,-0.000598027,4.08E-05
2017-3-17,1,lasso,80,0.001096109,4.08E-05
2017-3-20,1,lasso,80,-0.005993425,4.08E-05
2017-3-21,1,lasso,80,-0.001303324,4.08E-05
2017-3-22,1,lasso,80,0.000802246,4.08E-05
2017-3-23,1,lasso,80,-0.001303977,4.08E-05
2017-3-24,1,lasso,80,-0.004627775,4.08E-05
2017-3-27,1,lasso,80,0.005430424,4.08E-05
2017-3-28,1,lasso,80,0.002904213,4.08E-05
2017-3-29,1,lasso,80,0.004091618,4.08E-05
2017-3-30,1,lasso,80,-0.000597729,4.08E-05
2017-3-31,1,lasso,80,0.001891583,4.08E-05
2017-4-3,1,lasso,80,0,4.08E-05
2017-4-4,1,lasso,80,0.000198906,4.08E-05
2017-4-5,1,lasso,80,0.001093276,4.08E-05
2017-4-6,1,lasso,80,0.005053268,4.08E-05
2017-2-10,1,lasso,81,0.001586043,3.92E-05
2017-2-13,1,lasso,81,0.002868307,3.92E-05
2017-2-14,1,lasso,81,-0.000691597,3.92E-05
2017-2-15,1,lasso,81,-0.007340575,3.92E-05
2017-2-16,1,lasso,81,0.00506481,3.92E-05
2017-2-17,1,lasso,81,0,3.92E-05
2017-2-20,1,lasso,81,0.004151845,3.92E-05
2017-2-21,1,lasso,81,-0.001480824,3.92E-05
2017-2-22,1,lasso,81,-0.001680922,3.92E-05
2017-2-23,1,lasso,81,0.000395765,3.92E-05
2017-2-24,1,lasso,81,0.000395609,3.92E-05
2017-2-27,1,lasso,81,-9.89E-05,3.92E-05
2017-2-28,1,lasso,81,0.006505691,3.92E-05
2017-3-1,1,lasso,81,0.004118057,3.92E-05
2017-3-2,1,lasso,81,-0.006478868,3.92E-05
2017-3-3,1,lasso,81,0.000984349,3.92E-05
2017-3-6,1,lasso,81,0.001671173,3.92E-05
2017-3-7,1,lasso,81,0.002550521,3.92E-05
2017-3-8,1,lasso,81,-0.00215771,3.92E-05
2017-3-9,1,lasso,81,-0.005908437,3.92E-05
2017-3-10,1,lasso,81,0.000592417,3.92E-05
2017-3-13,1,lasso,81,0.00384218,3.92E-05
2017-3-14,1,lasso,81,-0.009484363,3.92E-05
2017-3-15,1,lasso,81,-0.003779219,3.92E-05
2017-3-16,1,lasso,81,-0.000598027,3.92E-05
2017-3-17,1,lasso,81,0.001096109,3.92E-05
2017-3-20,1,lasso,81,-0.005993425,3.92E-05
2017-3-21,1,lasso,81,-0.001303324,3.92E-05
2017-3-22,1,lasso,81,0.000802246,3.92E-05
2017-3-23,1,lasso,81,-0.001303977,3.92E-05
2017-3-24,1,lasso,81,-0.004627775,3.92E-05
2017-3-27,1,lasso,81,0.005430424,3.92E-05
2017-3-28,1,lasso,81,0.002904213,3.92E-05
2017-3-29,1,lasso,81,0.004091618,3.92E-05
2017-3-30,1,lasso,81,-0.000597729,3.92E-05
2017-3-31,1,lasso,81,0.001891583,3.92E-05
2017-4-3,1,lasso,81,0,3.92E-05
2017-4-4,1,lasso,81,0.000198906,3.92E-05
2017-4-5,1,lasso,81,0.001093276,3.92E-05
2017-4-6,1,lasso,81,0.005053268,3.92E-05
2017-4-7,1,lasso,81,-0.001582592,3.92E-05
2017-4-10,1,lasso,81,-0.003073417,3.92E-05
2017-4-11,1,lasso,81,0.000694824,3.92E-05
2017-4-12,1,lasso,81,-0.002185359,3.92E-05
2017-4-13,1,lasso,81,0,3.92E-05
2017-4-14,1,lasso,81,-0.002688575,3.92E-05
2017-4-17,1,lasso,81,-0.007908345,3.92E-05
2017-4-18,1,lasso,81,0.002409156,3.92E-05
2017-4-19,1,lasso,81,0.000400962,3.92E-05
2017-4-20,1,lasso,81,0.002002404,3.92E-05
2017-4-21,1,lasso,81,-0.008941638,3.92E-05
2017-4-24,1,lasso,81,-0.003133373,3.92E-05
2017-4-25,1,lasso,81,0.002729618,3.92E-05
2017-4-26,1,lasso,81,0.000302831,3.92E-05
2017-4-27,1,lasso,81,-0.000302831,3.92E-05
2017-4-28,1,lasso,81,0.000302831,3.92E-05
2017-5-1,1,lasso,81,-0.001009795,3.92E-05
2017-5-2,1,lasso,81,0.002321006,3.92E-05
2017-5-3,1,lasso,81,-0.004141211,3.92E-05
2017-5-4,1,lasso,81,-0.001519372,3.92E-05
2017-3-10,1,lasso,82,0.000592417,4.05E-05
2017-3-13,1,lasso,82,0.00384218,4.05E-05
2017-3-14,1,lasso,82,-0.009484363,4.05E-05
2017-3-15,1,lasso,82,-0.003779219,4.05E-05
2017-3-16,1,lasso,82,-0.000598027,4.05E-05
2017-3-17,1,lasso,82,0.001096109,4.05E-05
2017-3-20,1,lasso,82,-0.005993425,4.05E-05
2017-3-21,1,lasso,82,-0.001303324,4.05E-05
2017-3-22,1,lasso,82,0.000802246,4.05E-05
2017-3-23,1,lasso,82,-0.001303977,4.05E-05
2017-3-24,1,lasso,82,-0.004627775,4.05E-05
2017-3-27,1,lasso,82,0.005430424,4.05E-05
2017-3-28,1,lasso,82,0.002904213,4.05E-05
2017-3-29,1,lasso,82,0.004091618,4.05E-05
2017-3-30,1,lasso,82,-0.000597729,4.05E-05
2017-3-31,1,lasso,82,0.001891583,4.05E-05
2017-4-3,1,lasso,82,0,4.05E-05
2017-4-4,1,lasso,82,0.000198906,4.05E-05
2017-4-5,1,lasso,82,0.001093276,4.05E-05
2017-4-6,1,lasso,82,0.005053268,4.05E-05
2017-4-7,1,lasso,82,-0.001582592,4.05E-05
2017-4-10,1,lasso,82,-0.003073417,4.05E-05
2017-4-11,1,lasso,82,0.000694824,4.05E-05
2017-4-12,1,lasso,82,-0.002185359,4.05E-05
2017-4-13,1,lasso,82,0,4.05E-05
2017-4-14,1,lasso,82,-0.002688575,4.05E-05
2017-4-17,1,lasso,82,-0.007908345,4.05E-05
2017-4-18,1,lasso,82,0.002409156,4.05E-05
2017-4-19,1,lasso,82,0.000400962,4.05E-05
2017-4-20,1,lasso,82,0.002002404,4.05E-05
2017-4-21,1,lasso,82,-0.008941638,4.05E-05
2017-4-24,1,lasso,82,-0.003133373,4.05E-05
2017-4-25,1,lasso,82,0.002729618,4.05E-05
2017-4-26,1,lasso,82,0.000302831,4.05E-05
2017-4-27,1,lasso,82,-0.000302831,4.05E-05
2017-4-28,1,lasso,82,0.000302831,4.05E-05
2017-5-1,1,lasso,82,-0.001009795,4.05E-05
2017-5-2,1,lasso,82,0.002321006,4.05E-05
2017-5-3,1,lasso,82,-0.004141211,4.05E-05
2017-5-4,1,lasso,82,-0.001519372,4.05E-05
2017-5-5,1,lasso,82,0.004147495,4.05E-05
2017-5-8,1,lasso,82,0.006038666,4.05E-05
2017-5-9,1,lasso,82,0.000100336,4.05E-05
2017-5-10,1,lasso,82,-0.000501781,4.05E-05
2017-5-11,1,lasso,82,-0.003721028,4.05E-05
2017-5-12,1,lasso,82,-0.003431574,4.05E-05
2017-5-15,1,lasso,82,-0.008121048,4.05E-05
2017-5-16,1,lasso,82,-0.005416744,4.05E-05
2017-5-17,1,lasso,82,0.003069684,4.05E-05
2017-5-18,1,lasso,82,-0.007589002,4.05E-05
2017-5-19,1,lasso,82,-0.001648465,4.05E-05
2017-5-22,1,lasso,82,0.00380796,4.05E-05
2017-5-23,1,lasso,82,-0.001130582,4.05E-05
2017-5-24,1,lasso,82,0.000102833,4.05E-05
2017-5-25,1,lasso,82,0.001951821,4.05E-05
2017-5-26,1,lasso,82,0,4.05E-05
2017-5-29,1,lasso,82,-0.001643386,4.05E-05
2017-5-30,1,lasso,82,-0.003707522,4.05E-05
2017-5-31,1,lasso,82,0.002884816,4.05E-05
2017-6-1,1,lasso,82,-0.004950505,4.05E-05
2017-4-7,1,lasso,83,-0.001582592,4.00E-05
2017-4-10,1,lasso,83,-0.003073417,4.00E-05
2017-4-11,1,lasso,83,0.000694824,4.00E-05
2017-4-12,1,lasso,83,-0.002185359,4.00E-05
2017-4-13,1,lasso,83,0,4.00E-05
2017-4-14,1,lasso,83,-0.002688575,4.00E-05
2017-4-17,1,lasso,83,-0.007908345,4.00E-05
2017-4-18,1,lasso,83,0.002409156,4.00E-05
2017-4-19,1,lasso,83,0.000400962,4.00E-05
2017-4-20,1,lasso,83,0.002002404,4.00E-05
2017-4-21,1,lasso,83,-0.008941638,4.00E-05
2017-4-24,1,lasso,83,-0.003133373,4.00E-05
2017-4-25,1,lasso,83,0.002729618,4.00E-05
2017-4-26,1,lasso,83,0.000302831,4.00E-05
2017-4-27,1,lasso,83,-0.000302831,4.00E-05
2017-4-28,1,lasso,83,0.000302831,4.00E-05
2017-5-1,1,lasso,83,-0.001009795,4.00E-05
2017-5-2,1,lasso,83,0.002321006,4.00E-05
2017-5-3,1,lasso,83,-0.004141211,4.00E-05
2017-5-4,1,lasso,83,-0.001519372,4.00E-05
2017-5-5,1,lasso,83,0.004147495,4.00E-05
2017-5-8,1,lasso,83,0.006038666,4.00E-05
2017-5-9,1,lasso,83,0.000100336,4.00E-05
2017-5-10,1,lasso,83,-0.000501781,4.00E-05
2017-5-11,1,lasso,83,-0.003721028,4.00E-05
2017-5-12,1,lasso,83,-0.003431574,4.00E-05
2017-5-15,1,lasso,83,-0.008121048,4.00E-05
2017-5-16,1,lasso,83,-0.005416744,4.00E-05
2017-5-17,1,lasso,83,0.003069684,4.00E-05
2017-5-18,1,lasso,83,-0.007589002,4.00E-05
2017-5-19,1,lasso,83,-0.001648465,4.00E-05
2017-5-22,1,lasso,83,0.00380796,4.00E-05
2017-5-23,1,lasso,83,-0.001130582,4.00E-05
2017-5-24,1,lasso,83,0.000102833,4.00E-05
2017-5-25,1,lasso,83,0.001951821,4.00E-05
2017-5-26,1,lasso,83,0,4.00E-05
2017-5-29,1,lasso,83,-0.001643386,4.00E-05
2017-5-30,1,lasso,83,-0.003707522,4.00E-05
2017-5-31,1,lasso,83,0.002884816,4.00E-05
2017-6-1,1,lasso,83,-0.004950505,4.00E-05
2017-6-2,1,lasso,83,0.000826788,4.00E-05
2017-6-5,1,lasso,83,-0.00165426,4.00E-05
2017-6-6,1,lasso,83,0.001137598,4.00E-05
2017-6-7,1,lasso,83,0.001755564,4.00E-05
2017-6-8,1,lasso,83,0.003604721,4.00E-05
2017-6-9,1,lasso,83,-0.00133738,4.00E-05
2017-6-12,1,lasso,83,-0.001751585,4.00E-05
2017-6-13,1,lasso,83,-0.000309422,4.00E-05
2017-6-14,1,lasso,83,0.005041941,4.00E-05
2017-6-15,1,lasso,83,-0.002775067,4.00E-05
2017-6-16,1,lasso,83,0.004005963,4.00E-05
2017-6-19,1,lasso,83,0.002150428,4.00E-05
2017-6-20,1,lasso,83,-0.002047922,4.00E-05
2017-6-21,1,lasso,83,0.000307456,4.00E-05
2017-6-22,1,lasso,83,-0.003387224,4.00E-05
2017-6-23,1,lasso,83,0.001746366,4.00E-05
2017-6-26,1,lasso,83,-0.01073171,4.00E-05
2017-6-27,1,lasso,83,-0.003950109,4.00E-05
2017-6-28,1,lasso,83,-0.003965774,4.00E-05
2017-6-29,1,lasso,83,0,4.00E-05
2017-5-5,1,lasso,84,0.004147495,3.09E-05
2017-5-8,1,lasso,84,0.006038666,3.09E-05
2017-5-9,1,lasso,84,0.000100336,3.09E-05
2017-5-10,1,lasso,84,-0.000501781,3.09E-05
2017-5-11,1,lasso,84,-0.003721028,3.09E-05
2017-5-12,1,lasso,84,-0.003431574,3.09E-05
2017-5-15,1,lasso,84,-0.008121048,3.09E-05
2017-5-16,1,lasso,84,-0.005416744,3.09E-05
2017-5-17,1,lasso,84,0.003069684,3.09E-05
2017-5-18,1,lasso,84,-0.007589002,3.09E-05
2017-5-19,1,lasso,84,-0.001648465,3.09E-05
2017-5-22,1,lasso,84,0.00380796,3.09E-05
2017-5-23,1,lasso,84,-0.001130582,3.09E-05
2017-5-24,1,lasso,84,0.000102833,3.09E-05
2017-5-25,1,lasso,84,0.001951821,3.09E-05
2017-5-26,1,lasso,84,0,3.09E-05
2017-5-29,1,lasso,84,-0.001643386,3.09E-05
2017-5-30,1,lasso,84,-0.003707522,3.09E-05
2017-5-31,1,lasso,84,0.002884816,3.09E-05
2017-6-1,1,lasso,84,-0.004950505,3.09E-05
2017-6-2,1,lasso,84,0.000826788,3.09E-05
2017-6-5,1,lasso,84,-0.00165426,3.09E-05
2017-6-6,1,lasso,84,0.001137598,3.09E-05
2017-6-7,1,lasso,84,0.001755564,3.09E-05
2017-6-8,1,lasso,84,0.003604721,3.09E-05
2017-6-9,1,lasso,84,-0.00133738,3.09E-05
2017-6-12,1,lasso,84,-0.001751585,3.09E-05
2017-6-13,1,lasso,84,-0.000309422,3.09E-05
2017-6-14,1,lasso,84,0.005041941,3.09E-05
2017-6-15,1,lasso,84,-0.002775067,3.09E-05
2017-6-16,1,lasso,84,0.004005963,3.09E-05
2017-6-19,1,lasso,84,0.002150428,3.09E-05
2017-6-20,1,lasso,84,-0.002047922,3.09E-05
2017-6-21,1,lasso,84,0.000307456,3.09E-05
2017-6-22,1,lasso,84,-0.003387224,3.09E-05
2017-6-23,1,lasso,84,0.001746366,3.09E-05
2017-6-26,1,lasso,84,-0.01073171,3.09E-05
2017-6-27,1,lasso,84,-0.003950109,3.09E-05
2017-6-28,1,lasso,84,-0.003965774,3.09E-05
2017-6-29,1,lasso,84,0,3.09E-05
2017-6-30,1,lasso,84,0.006150658,3.09E-05
2017-7-3,1,lasso,84,0,3.09E-05
2017-7-4,1,lasso,84,0.000727235,3.09E-05
2017-7-5,1,lasso,84,-0.005101786,3.09E-05
2017-7-6,1,lasso,84,0.002189668,3.09E-05
2017-7-7,1,lasso,84,0.00010415,3.09E-05
2017-7-10,1,lasso,84,-0.003651733,3.09E-05
2017-7-11,1,lasso,84,0.000940292,3.09E-05
2017-7-12,1,lasso,84,-0.000313332,3.09E-05
2017-7-13,1,lasso,84,-0.006077135,3.09E-05
2017-7-14,1,lasso,84,-0.000210217,3.09E-05
2017-7-17,1,lasso,84,-0.005586901,3.09E-05
2017-7-18,1,lasso,84,0.00190094,3.09E-05
2017-7-19,1,lasso,84,-0.004971188,3.09E-05
2017-7-20,1,lasso,84,-0.004782918,3.09E-05
2017-7-21,1,lasso,84,0.001277683,3.09E-05
2017-7-24,1,lasso,84,0.000744562,3.09E-05
2017-7-25,1,lasso,84,-0.004048589,3.09E-05
2017-7-26,1,lasso,84,0.002026343,3.09E-05
2017-7-27,1,lasso,84,-0.006413019,3.09E-05
2017-6-2,1,lasso,85,0.000826788,2.39E-05
2017-6-5,1,lasso,85,-0.00165426,2.39E-05
2017-6-6,1,lasso,85,0.001137598,2.39E-05
2017-6-7,1,lasso,85,0.001755564,2.39E-05
2017-6-8,1,lasso,85,0.003604721,2.39E-05
2017-6-9,1,lasso,85,-0.00133738,2.39E-05
2017-6-12,1,lasso,85,-0.001751585,2.39E-05
2017-6-13,1,lasso,85,-0.000309422,2.39E-05
2017-6-14,1,lasso,85,0.005041941,2.39E-05
2017-6-15,1,lasso,85,-0.002775067,2.39E-05
2017-6-16,1,lasso,85,0.004005963,2.39E-05
2017-6-19,1,lasso,85,0.002150428,2.39E-05
2017-6-20,1,lasso,85,-0.002047922,2.39E-05
2017-6-21,1,lasso,85,0.000307456,2.39E-05
2017-6-22,1,lasso,85,-0.003387224,2.39E-05
2017-6-23,1,lasso,85,0.001746366,2.39E-05
2017-6-26,1,lasso,85,-0.01073171,2.39E-05
2017-6-27,1,lasso,85,-0.003950109,2.39E-05
2017-6-28,1,lasso,85,-0.003965774,2.39E-05
2017-6-29,1,lasso,85,0,2.39E-05
2017-6-30,1,lasso,85,0.006150658,2.39E-05
2017-7-3,1,lasso,85,0,2.39E-05
2017-7-4,1,lasso,85,0.000727235,2.39E-05
2017-7-5,1,lasso,85,-0.005101786,2.39E-05
2017-7-6,1,lasso,85,0.002189668,2.39E-05
2017-7-7,1,lasso,85,0.00010415,2.39E-05
2017-7-10,1,lasso,85,-0.003651733,2.39E-05
2017-7-11,1,lasso,85,0.000940292,2.39E-05
2017-7-12,1,lasso,85,-0.000313332,2.39E-05
2017-7-13,1,lasso,85,-0.006077135,2.39E-05
2017-7-14,1,lasso,85,-0.000210217,2.39E-05
2017-7-17,1,lasso,85,-0.005586901,2.39E-05
2017-7-18,1,lasso,85,0.00190094,2.39E-05
2017-7-19,1,lasso,85,-0.004971188,2.39E-05
2017-7-20,1,lasso,85,-0.004782918,2.39E-05
2017-7-21,1,lasso,85,0.001277683,2.39E-05
2017-7-24,1,lasso,85,0.000744562,2.39E-05
2017-7-25,1,lasso,85,-0.004048589,2.39E-05
2017-7-26,1,lasso,85,0.002026343,2.39E-05
2017-7-27,1,lasso,85,-0.006413019,2.39E-05
2017-7-28,1,lasso,85,-0.004298309,2.39E-05
2017-7-31,1,lasso,85,0.001936526,2.39E-05
2017-8-1,1,lasso,85,-0.002151927,2.39E-05
2017-8-2,1,lasso,85,0,2.39E-05
2017-8-3,1,lasso,85,0.007511571,2.39E-05
2017-8-4,1,lasso,85,-0.001176659,2.39E-05
2017-8-7,1,lasso,85,0.002351936,2.39E-05
2017-8-8,1,lasso,85,-0.001068376,2.39E-05
2017-8-9,1,lasso,85,-0.001604707,2.39E-05
2017-8-10,1,lasso,85,-0.003539447,2.39E-05
2017-8-11,1,lasso,85,0.003646508,2.39E-05
2017-8-14,1,lasso,85,0.004699357,2.39E-05
2017-8-15,1,lasso,85,-0.003308611,2.39E-05
2017-8-16,1,lasso,85,0.000854884,2.39E-05
2017-8-17,1,lasso,85,-0.002031543,2.39E-05
2017-8-18,1,lasso,85,-0.003645726,2.39E-05
2017-8-21,1,lasso,85,0.004929286,2.39E-05
2017-8-22,1,lasso,85,-0.004284956,2.39E-05
2017-8-23,1,lasso,85,0.001394626,2.39E-05
2017-8-24,1,lasso,85,-0.005805844,2.39E-05
2017-6-30,1,lasso,86,0.006150658,1.98E-05
2017-7-3,1,lasso,86,0,1.98E-05
2017-7-4,1,lasso,86,0.000727235,1.98E-05
2017-7-5,1,lasso,86,-0.005101786,1.98E-05
2017-7-6,1,lasso,86,0.002189668,1.98E-05
2017-7-7,1,lasso,86,0.00010415,1.98E-05
2017-7-10,1,lasso,86,-0.003651733,1.98E-05
2017-7-11,1,lasso,86,0.000940292,1.98E-05
2017-7-12,1,lasso,86,-0.000313332,1.98E-05
2017-7-13,1,lasso,86,-0.006077135,1.98E-05
2017-7-14,1,lasso,86,-0.000210217,1.98E-05
2017-7-17,1,lasso,86,-0.005586901,1.98E-05
2017-7-18,1,lasso,86,0.00190094,1.98E-05
2017-7-19,1,lasso,86,-0.004971188,1.98E-05
2017-7-20,1,lasso,86,-0.004782918,1.98E-05
2017-7-21,1,lasso,86,0.001277683,1.98E-05
2017-7-24,1,lasso,86,0.000744562,1.98E-05
2017-7-25,1,lasso,86,-0.004048589,1.98E-05
2017-7-26,1,lasso,86,0.002026343,1.98E-05
2017-7-27,1,lasso,86,-0.006413019,1.98E-05
2017-7-28,1,lasso,86,-0.004298309,1.98E-05
2017-7-31,1,lasso,86,0.001936526,1.98E-05
2017-8-1,1,lasso,86,-0.002151927,1.98E-05
2017-8-2,1,lasso,86,0,1.98E-05
2017-8-3,1,lasso,86,0.007511571,1.98E-05
2017-8-4,1,lasso,86,-0.001176659,1.98E-05
2017-8-7,1,lasso,86,0.002351936,1.98E-05
2017-8-8,1,lasso,86,-0.001068376,1.98E-05
2017-8-9,1,lasso,86,-0.001604707,1.98E-05
2017-8-10,1,lasso,86,-0.003539447,1.98E-05
2017-8-11,1,lasso,86,0.003646508,1.98E-05
2017-8-14,1,lasso,86,0.004699357,1.98E-05
2017-8-15,1,lasso,86,-0.003308611,1.98E-05
2017-8-16,1,lasso,86,0.000854884,1.98E-05
2017-8-17,1,lasso,86,-0.002031543,1.98E-05
2017-8-18,1,lasso,86,-0.003645726,1.98E-05
2017-8-21,1,lasso,86,0.004929286,1.98E-05
2017-8-22,1,lasso,86,-0.004284956,1.98E-05
2017-8-23,1,lasso,86,0.001394626,1.98E-05
2017-8-24,1,lasso,86,-0.005805844,1.98E-05
2017-8-25,1,lasso,86,-0.005731294,1.98E-05
2017-8-28,1,lasso,86,0.000433698,1.98E-05
2017-8-29,1,lasso,86,0.006806054,1.98E-05
2017-8-30,1,lasso,86,-0.002263542,1.98E-05
2017-8-31,1,lasso,86,0.001509597,1.98E-05
2017-9-1,1,lasso,86,-0.001833379,1.98E-05
2017-9-4,1,lasso,86,-0.004218731,1.98E-05
2017-9-5,1,lasso,86,0.00043351,1.98E-05
2017-9-6,1,lasso,86,-0.006849714,1.98E-05
2017-9-7,1,lasso,86,-0.003387796,1.98E-05
2017-9-8,1,lasso,86,0.006002747,1.98E-05
2017-9-11,1,lasso,86,-0.000217652,1.98E-05
2017-9-12,1,lasso,86,0.00694146,1.98E-05
2017-9-13,1,lasso,86,-0.004332762,1.98E-05
2017-9-14,1,lasso,86,-0.002717541,1.98E-05
2017-9-15,1,lasso,86,0.001957373,1.98E-05
2017-9-18,1,lasso,86,-0.002828548,1.98E-05
2017-9-19,1,lasso,86,0.007813388,1.98E-05
2017-9-20,1,lasso,86,-0.003465082,1.98E-05
2017-9-21,1,lasso,86,-0.000216967,1.98E-05
2017-7-28,1,lasso,87,-0.004298309,1.12E-05
2017-7-31,1,lasso,87,0.001936526,1.12E-05
2017-8-1,1,lasso,87,-0.002151927,1.12E-05
2017-8-2,1,lasso,87,0,1.12E-05
2017-8-3,1,lasso,87,0.007511571,1.12E-05
2017-8-4,1,lasso,87,-0.001176659,1.12E-05
2017-8-7,1,lasso,87,0.002351936,1.12E-05
2017-8-8,1,lasso,87,-0.001068376,1.12E-05
2017-8-9,1,lasso,87,-0.001604707,1.12E-05
2017-8-10,1,lasso,87,-0.003539447,1.12E-05
2017-8-11,1,lasso,87,0.003646508,1.12E-05
2017-8-14,1,lasso,87,0.004699357,1.12E-05
2017-8-15,1,lasso,87,-0.003308611,1.12E-05
2017-8-16,1,lasso,87,0.000854884,1.12E-05
2017-8-17,1,lasso,87,-0.002031543,1.12E-05
2017-8-18,1,lasso,87,-0.003645726,1.12E-05
2017-8-21,1,lasso,87,0.004929286,1.12E-05
2017-8-22,1,lasso,87,-0.004284956,1.12E-05
2017-8-23,1,lasso,87,0.001394626,1.12E-05
2017-8-24,1,lasso,87,-0.005805844,1.12E-05
2017-8-25,1,lasso,87,-0.005731294,1.12E-05
2017-8-28,1,lasso,87,0.000433698,1.12E-05
2017-8-29,1,lasso,87,0.006806054,1.12E-05
2017-8-30,1,lasso,87,-0.002263542,1.12E-05
2017-8-31,1,lasso,87,0.001509597,1.12E-05
2017-9-1,1,lasso,87,-0.001833379,1.12E-05
2017-9-4,1,lasso,87,-0.004218731,1.12E-05
2017-9-5,1,lasso,87,0.00043351,1.12E-05
2017-9-6,1,lasso,87,-0.006849714,1.12E-05
2017-9-7,1,lasso,87,-0.003387796,1.12E-05
2017-9-8,1,lasso,87,0.006002747,1.12E-05
2017-9-11,1,lasso,87,-0.000217652,1.12E-05
2017-9-12,1,lasso,87,0.00694146,1.12E-05
2017-9-13,1,lasso,87,-0.004332762,1.12E-05
2017-9-14,1,lasso,87,-0.002717541,1.12E-05
2017-9-15,1,lasso,87,0.001957373,1.12E-05
2017-9-18,1,lasso,87,-0.002828548,1.12E-05
2017-9-19,1,lasso,87,0.007813388,1.12E-05
2017-9-20,1,lasso,87,-0.003465082,1.12E-05
2017-9-21,1,lasso,87,-0.000216967,1.12E-05
2017-9-22,1,lasso,87,0.005194255,1.12E-05
2017-9-25,1,lasso,87,0.003447908,1.12E-05
2017-9-26,1,lasso,87,0.004186128,1.12E-05
2017-9-27,1,lasso,87,-0.00300365,1.12E-05
2017-9-28,1,lasso,87,0,1.12E-05
2017-9-29,1,lasso,87,0.005143603,1.12E-05
2017-10-2,1,lasso,87,0.000106878,1.12E-05
2017-10-3,1,lasso,87,-0.001176282,1.12E-05
2017-10-4,1,lasso,87,0.005335623,1.12E-05
2017-10-5,1,lasso,87,-0.001704304,1.12E-05
2017-10-6,1,lasso,87,-0.001386889,1.12E-05
2017-10-9,1,lasso,87,-0.004065046,1.12E-05
2017-10-10,1,lasso,87,-0.002898397,1.12E-05
2017-10-11,1,lasso,87,0.000429923,1.12E-05
2017-10-12,1,lasso,87,0.000322321,1.12E-05
2017-10-13,1,lasso,87,0.002360516,1.12E-05
2017-10-16,1,lasso,87,0.002141099,1.12E-05
2017-10-17,1,lasso,87,-0.001605394,1.12E-05
2017-10-18,1,lasso,87,-0.002144543,1.12E-05
2017-10-19,1,lasso,87,0.005779744,1.12E-05
2017-8-25,1,lasso,88,-0.005731294,9.19E-06
2017-8-28,1,lasso,88,0.000433698,9.19E-06
2017-8-29,1,lasso,88,0.006806054,9.19E-06
2017-8-30,1,lasso,88,-0.002263542,9.19E-06
2017-8-31,1,lasso,88,0.001509597,9.19E-06
2017-9-1,1,lasso,88,-0.001833379,9.19E-06
2017-9-4,1,lasso,88,-0.004218731,9.19E-06
2017-9-5,1,lasso,88,0.00043351,9.19E-06
2017-9-6,1,lasso,88,-0.006849714,9.19E-06
2017-9-7,1,lasso,88,-0.003387796,9.19E-06
2017-9-8,1,lasso,88,0.006002747,9.19E-06
2017-9-11,1,lasso,88,-0.000217652,9.19E-06
2017-9-12,1,lasso,88,0.00694146,9.19E-06
2017-9-13,1,lasso,88,-0.004332762,9.19E-06
2017-9-14,1,lasso,88,-0.002717541,9.19E-06
2017-9-15,1,lasso,88,0.001957373,9.19E-06
2017-9-18,1,lasso,88,-0.002828548,9.19E-06
2017-9-19,1,lasso,88,0.007813388,9.19E-06
2017-9-20,1,lasso,88,-0.003465082,9.19E-06
2017-9-21,1,lasso,88,-0.000216967,9.19E-06
2017-9-22,1,lasso,88,0.005194255,9.19E-06
2017-9-25,1,lasso,88,0.003447908,9.19E-06
2017-9-26,1,lasso,88,0.004186128,9.19E-06
2017-9-27,1,lasso,88,-0.00300365,9.19E-06
2017-9-28,1,lasso,88,0,9.19E-06
2017-9-29,1,lasso,88,0.005143603,9.19E-06
2017-10-2,1,lasso,88,0.000106878,9.19E-06
2017-10-3,1,lasso,88,-0.001176282,9.19E-06
2017-10-4,1,lasso,88,0.005335623,9.19E-06
2017-10-5,1,lasso,88,-0.001704304,9.19E-06
2017-10-6,1,lasso,88,-0.001386889,9.19E-06
2017-10-9,1,lasso,88,-0.004065046,9.19E-06
2017-10-10,1,lasso,88,-0.002898397,9.19E-06
2017-10-11,1,lasso,88,0.000429923,9.19E-06
2017-10-12,1,lasso,88,0.000322321,9.19E-06
2017-10-13,1,lasso,88,0.002360516,9.19E-06
2017-10-16,1,lasso,88,0.002141099,9.19E-06
2017-10-17,1,lasso,88,-0.001605394,9.19E-06
2017-10-18,1,lasso,88,-0.002144543,9.19E-06
2017-10-19,1,lasso,88,0.005779744,9.19E-06
2017-10-20,1,lasso,88,0.002558091,9.19E-06
2017-10-23,1,lasso,88,-0.001811305,9.19E-06
2017-10-24,1,lasso,88,-0.000640068,9.19E-06
2017-10-25,1,lasso,88,0.009558272,9.19E-06
2017-10-26,1,lasso,88,0.003271253,9.19E-06
2017-10-27,1,lasso,88,-0.003799878,9.19E-06
2017-10-30,1,lasso,88,-0.000105759,9.19E-06
2017-10-31,1,lasso,88,0.002746094,9.19E-06
2017-11-1,1,lasso,88,-0.001266491,9.19E-06
2017-11-2,1,lasso,88,0.002636715,9.19E-06
2017-11-3,1,lasso,88,-0.001897734,9.19E-06
2017-11-6,1,lasso,88,0.001581695,9.19E-06
2017-11-7,1,lasso,88,-0.000421541,9.19E-06
2017-11-8,1,lasso,88,-0.004542821,9.19E-06
2017-11-9,1,lasso,88,-0.000529577,9.19E-06
2017-11-10,1,lasso,88,0.001058873,9.19E-06
2017-11-13,1,lasso,88,-0.007009374,9.19E-06
2017-11-14,1,lasso,88,-0.000213174,9.19E-06
2017-11-15,1,lasso,88,0.001278364,9.19E-06
2017-11-16,1,lasso,88,-0.00287862,9.19E-06
2017-9-22,1,lasso,89,0.005194255,7.06E-06
2017-9-25,1,lasso,89,0.003447908,7.06E-06
2017-9-26,1,lasso,89,0.004186128,7.06E-06
2017-9-27,1,lasso,89,-0.00300365,7.06E-06
2017-9-28,1,lasso,89,0,7.06E-06
2017-9-29,1,lasso,89,0.005143603,7.06E-06
2017-10-2,1,lasso,89,0.000106878,7.06E-06
2017-10-3,1,lasso,89,-0.001176282,7.06E-06
2017-10-4,1,lasso,89,0.005335623,7.06E-06
2017-10-5,1,lasso,89,-0.001704304,7.06E-06
2017-10-6,1,lasso,89,-0.001386889,7.06E-06
2017-10-9,1,lasso,89,-0.004065046,7.06E-06
2017-10-10,1,lasso,89,-0.002898397,7.06E-06
2017-10-11,1,lasso,89,0.000429923,7.06E-06
2017-10-12,1,lasso,89,0.000322321,7.06E-06
2017-10-13,1,lasso,89,0.002360516,7.06E-06
2017-10-16,1,lasso,89,0.002141099,7.06E-06
2017-10-17,1,lasso,89,-0.001605394,7.06E-06
2017-10-18,1,lasso,89,-0.002144543,7.06E-06
2017-10-19,1,lasso,89,0.005779744,7.06E-06
2017-10-20,1,lasso,89,0.002558091,7.06E-06
2017-10-23,1,lasso,89,-0.001811305,7.06E-06
2017-10-24,1,lasso,89,-0.000640068,7.06E-06
2017-10-25,1,lasso,89,0.009558272,7.06E-06
2017-10-26,1,lasso,89,0.003271253,7.06E-06
2017-10-27,1,lasso,89,-0.003799878,7.06E-06
2017-10-30,1,lasso,89,-0.000105759,7.06E-06
2017-10-31,1,lasso,89,0.002746094,7.06E-06
2017-11-1,1,lasso,89,-0.001266491,7.06E-06
2017-11-2,1,lasso,89,0.002636715,7.06E-06
2017-11-3,1,lasso,89,-0.001897734,7.06E-06
2017-11-6,1,lasso,89,0.001581695,7.06E-06
2017-11-7,1,lasso,89,-0.000421541,7.06E-06
2017-11-8,1,lasso,89,-0.004542821,7.06E-06
2017-11-9,1,lasso,89,-0.000529577,7.06E-06
2017-11-10,1,lasso,89,0.001058873,7.06E-06
2017-11-13,1,lasso,89,-0.007009374,7.06E-06
2017-11-14,1,lasso,89,-0.000213174,7.06E-06
2017-11-15,1,lasso,89,0.001278364,7.06E-06
2017-11-16,1,lasso,89,-0.00287862,7.06E-06
2017-11-17,1,lasso,89,0.00447428,7.06E-06
2017-11-20,1,lasso,89,-0.001382758,7.06E-06
2017-11-21,1,lasso,89,-0.007800435,7.06E-06
2017-11-22,1,lasso,89,0,7.06E-06
2017-11-23,1,lasso,89,-0.004731192,7.06E-06
2017-11-24,1,lasso,89,0.001292546,7.06E-06
2017-11-27,1,lasso,89,0.003974867,7.06E-06
2017-11-28,1,lasso,89,-0.001180068,7.06E-06
2017-11-29,1,lasso,89,-0.001181462,7.06E-06
2017-11-30,1,lasso,89,-0.001720986,7.06E-06
2017-12-1,1,lasso,89,0.003224422,7.06E-06
2017-12-4,1,lasso,89,0.00203677,7.06E-06
2017-12-5,1,lasso,89,0.002460026,7.06E-06
2017-12-6,1,lasso,89,0.002027641,7.06E-06
2017-12-7,1,lasso,89,0.00106553,7.06E-06
2017-12-8,1,lasso,89,-0.00031954,7.06E-06
2017-12-11,1,lasso,89,0.0024472,7.06E-06
2017-12-12,1,lasso,89,-0.007145554,7.06E-06
2017-12-13,1,lasso,89,0.000641986,7.06E-06
2017-12-14,1,lasso,89,0.004695345,7.06E-06
2017-10-20,1,lasso,90,0.002558091,1.25E-05
2017-10-23,1,lasso,90,-0.001811305,1.25E-05
2017-10-24,1,lasso,90,-0.000640068,1.25E-05
2017-10-25,1,lasso,90,0.009558272,1.25E-05
2017-10-26,1,lasso,90,0.003271253,1.25E-05
2017-10-27,1,lasso,90,-0.003799878,1.25E-05
2017-10-30,1,lasso,90,-0.000105759,1.25E-05
2017-10-31,1,lasso,90,0.002746094,1.25E-05
2017-11-1,1,lasso,90,-0.001266491,1.25E-05
2017-11-2,1,lasso,90,0.002636715,1.25E-05
2017-11-3,1,lasso,90,-0.001897734,1.25E-05
2017-11-6,1,lasso,90,0.001581695,1.25E-05
2017-11-7,1,lasso,90,-0.000421541,1.25E-05
2017-11-8,1,lasso,90,-0.004542821,1.25E-05
2017-11-9,1,lasso,90,-0.000529577,1.25E-05
2017-11-10,1,lasso,90,0.001058873,1.25E-05
2017-11-13,1,lasso,90,-0.007009374,1.25E-05
2017-11-14,1,lasso,90,-0.000213174,1.25E-05
2017-11-15,1,lasso,90,0.001278364,1.25E-05
2017-11-16,1,lasso,90,-0.00287862,1.25E-05
2017-11-17,1,lasso,90,0.00447428,1.25E-05
2017-11-20,1,lasso,90,-0.001382758,1.25E-05
2017-11-21,1,lasso,90,-0.007800435,1.25E-05
2017-11-22,1,lasso,90,0,1.25E-05
2017-11-23,1,lasso,90,-0.004731192,1.25E-05
2017-11-24,1,lasso,90,0.001292546,1.25E-05
2017-11-27,1,lasso,90,0.003974867,1.25E-05
2017-11-28,1,lasso,90,-0.001180068,1.25E-05
2017-11-29,1,lasso,90,-0.001181462,1.25E-05
2017-11-30,1,lasso,90,-0.001720986,1.25E-05
2017-12-1,1,lasso,90,0.003224422,1.25E-05
2017-12-4,1,lasso,90,0.00203677,1.25E-05
2017-12-5,1,lasso,90,0.002460026,1.25E-05
2017-12-6,1,lasso,90,0.002027641,1.25E-05
2017-12-7,1,lasso,90,0.00106553,1.25E-05
2017-12-8,1,lasso,90,-0.00031954,1.25E-05
2017-12-11,1,lasso,90,0.0024472,1.25E-05
2017-12-12,1,lasso,90,-0.007145554,1.25E-05
2017-12-13,1,lasso,90,0.000641986,1.25E-05
2017-12-14,1,lasso,90,0.004695345,1.25E-05
2017-12-15,1,lasso,90,-0.002558364,1.25E-05
2017-12-18,1,lasso,90,-0.002671941,1.25E-05
2017-12-19,1,lasso,90,-0.001392236,1.25E-05
2017-12-20,1,lasso,90,-0.000321561,1.25E-05
2017-12-21,1,lasso,90,0.000750147,1.25E-05
2017-12-22,1,lasso,90,0,1.25E-05
2017-12-25,1,lasso,90,-0.000964579,1.25E-05
2017-12-26,1,lasso,90,-0.00246927,1.25E-05
2017-12-27,1,lasso,90,-0.00463288,1.25E-05
2017-12-28,1,lasso,90,-0.005197067,1.25E-05
2017-12-29,1,lasso,90,0.001410208,1.25E-05
2018-1-1,1,lasso,90,-0.004127749,1.25E-05
2018-1-2,1,lasso,90,0.003151663,1.25E-05
2018-1-3,1,lasso,90,-0.003369385,1.25E-05
2018-1-4,1,lasso,90,0.001088139,1.25E-05
2018-1-5,1,lasso,90,0.004449033,1.25E-05
2018-1-8,1,lasso,90,0.001838932,1.25E-05
2018-1-9,1,lasso,90,-0.0021638,1.25E-05
2018-1-10,1,lasso,90,-0.005212304,1.25E-05
2018-1-11,1,lasso,90,-0.00962703,1.25E-05
2017-11-17,1,lasso,91,0.00447428,1.23E-05
2017-11-20,1,lasso,91,-0.001382758,1.23E-05
2017-11-21,1,lasso,91,-0.007800435,1.23E-05
2017-11-22,1,lasso,91,0,1.23E-05
2017-11-23,1,lasso,91,-0.004731192,1.23E-05
2017-11-24,1,lasso,91,0.001292546,1.23E-05
2017-11-27,1,lasso,91,0.003974867,1.23E-05
2017-11-28,1,lasso,91,-0.001180068,1.23E-05
2017-11-29,1,lasso,91,-0.001181462,1.23E-05
2017-11-30,1,lasso,91,-0.001720986,1.23E-05
2017-12-1,1,lasso,91,0.003224422,1.23E-05
2017-12-4,1,lasso,91,0.00203677,1.23E-05
2017-12-5,1,lasso,91,0.002460026,1.23E-05
2017-12-6,1,lasso,91,0.002027641,1.23E-05
2017-12-7,1,lasso,91,0.00106553,1.23E-05
2017-12-8,1,lasso,91,-0.00031954,1.23E-05
2017-12-11,1,lasso,91,0.0024472,1.23E-05
2017-12-12,1,lasso,91,-0.007145554,1.23E-05
2017-12-13,1,lasso,91,0.000641986,1.23E-05
2017-12-14,1,lasso,91,0.004695345,1.23E-05
2017-12-15,1,lasso,91,-0.002558364,1.23E-05
2017-12-18,1,lasso,91,-0.002671941,1.23E-05
2017-12-19,1,lasso,91,-0.001392236,1.23E-05
2017-12-20,1,lasso,91,-0.000321561,1.23E-05
2017-12-21,1,lasso,91,0.000750147,1.23E-05
2017-12-22,1,lasso,91,0,1.23E-05
2017-12-25,1,lasso,91,-0.000964579,1.23E-05
2017-12-26,1,lasso,91,-0.00246927,1.23E-05
2017-12-27,1,lasso,91,-0.00463288,1.23E-05
2017-12-28,1,lasso,91,-0.005197067,1.23E-05
2017-12-29,1,lasso,91,0.001410208,1.23E-05
2018-1-1,1,lasso,91,-0.004127749,1.23E-05
2018-1-2,1,lasso,91,0.003151663,1.23E-05
2018-1-3,1,lasso,91,-0.003369385,1.23E-05
2018-1-4,1,lasso,91,0.001088139,1.23E-05
2018-1-5,1,lasso,91,0.004449033,1.23E-05
2018-1-8,1,lasso,91,0.001838932,1.23E-05
2018-1-9,1,lasso,91,-0.0021638,1.23E-05
2018-1-10,1,lasso,91,-0.005212304,1.23E-05
2018-1-11,1,lasso,91,-0.00962703,1.23E-05
2018-1-12,1,lasso,91,0,1.23E-05
2018-1-15,1,lasso,91,-0.00639614,1.23E-05
2018-1-16,1,lasso,91,0.0016581,1.23E-05
2018-1-17,1,lasso,91,-0.000441891,1.23E-05
2018-1-18,1,lasso,91,0.000773182,1.23E-05
2018-1-19,1,lasso,91,-0.001878765,1.23E-05
2018-1-22,1,lasso,91,-0.003102152,1.23E-05
2018-1-23,1,lasso,91,-0.010148975,1.23E-05
2018-1-24,1,lasso,91,0.002015678,1.23E-05
2018-1-25,1,lasso,91,-0.003586242,1.23E-05
2018-1-26,1,lasso,91,0.002690886,1.23E-05
2018-1-29,1,lasso,91,-0.001680955,1.23E-05
2018-1-30,1,lasso,91,-0.00033653,1.23E-05
2018-1-31,1,lasso,91,-0.005174365,1.23E-05
2018-2-1,1,lasso,91,0.005847312,1.23E-05
2018-2-2,1,lasso,91,0.004028203,1.23E-05
2018-2-5,1,lasso,91,0.000334952,1.23E-05
2018-2-6,1,lasso,91,0.007451516,1.23E-05
2018-2-7,1,lasso,91,-0.000221631,1.23E-05
2018-2-8,1,lasso,91,0.002324681,1.23E-05
2017-12-15,1,lasso,92,-0.002558364,1.31E-05
2017-12-18,1,lasso,92,-0.002671941,1.31E-05
2017-12-19,1,lasso,92,-0.001392236,1.31E-05
2017-12-20,1,lasso,92,-0.000321561,1.31E-05
2017-12-21,1,lasso,92,0.000750147,1.31E-05
2017-12-22,1,lasso,92,0,1.31E-05
2017-12-25,1,lasso,92,-0.000964579,1.31E-05
2017-12-26,1,lasso,92,-0.00246927,1.31E-05
2017-12-27,1,lasso,92,-0.00463288,1.31E-05
2017-12-28,1,lasso,92,-0.005197067,1.31E-05
2017-12-29,1,lasso,92,0.001410208,1.31E-05
2018-1-1,1,lasso,92,-0.004127749,1.31E-05
2018-1-2,1,lasso,92,0.003151663,1.31E-05
2018-1-3,1,lasso,92,-0.003369385,1.31E-05
2018-1-4,1,lasso,92,0.001088139,1.31E-05
2018-1-5,1,lasso,92,0.004449033,1.31E-05
2018-1-8,1,lasso,92,0.001838932,1.31E-05
2018-1-9,1,lasso,92,-0.0021638,1.31E-05
2018-1-10,1,lasso,92,-0.005212304,1.31E-05
2018-1-11,1,lasso,92,-0.00962703,1.31E-05
2018-1-12,1,lasso,92,0,1.31E-05
2018-1-15,1,lasso,92,-0.00639614,1.31E-05
2018-1-16,1,lasso,92,0.0016581,1.31E-05
2018-1-17,1,lasso,92,-0.000441891,1.31E-05
2018-1-18,1,lasso,92,0.000773182,1.31E-05
2018-1-19,1,lasso,92,-0.001878765,1.31E-05
2018-1-22,1,lasso,92,-0.003102152,1.31E-05
2018-1-23,1,lasso,92,-0.010148975,1.31E-05
2018-1-24,1,lasso,92,0.002015678,1.31E-05
2018-1-25,1,lasso,92,-0.003586242,1.31E-05
2018-1-26,1,lasso,92,0.002690886,1.31E-05
2018-1-29,1,lasso,92,-0.001680955,1.31E-05
2018-1-30,1,lasso,92,-0.00033653,1.31E-05
2018-1-31,1,lasso,92,-0.005174365,1.31E-05
2018-2-1,1,lasso,92,0.005847312,1.31E-05
2018-2-2,1,lasso,92,0.004028203,1.31E-05
2018-2-5,1,lasso,92,0.000334952,1.31E-05
2018-2-6,1,lasso,92,0.007451516,1.31E-05
2018-2-7,1,lasso,92,-0.000221631,1.31E-05
2018-2-8,1,lasso,92,0.002324681,1.31E-05
2018-2-9,1,lasso,92,-0.002546362,1.31E-05
2018-2-12,1,lasso,92,-0.005669517,1.31E-05
2018-2-13,1,lasso,92,-0.006486993,1.31E-05
2018-2-14,1,lasso,92,-0.005964792,1.31E-05
2018-2-15,1,lasso,92,0.00574035,1.31E-05
2018-2-16,1,lasso,92,0,1.31E-05
2018-2-19,1,lasso,92,0.006934375,1.31E-05
2018-2-20,1,lasso,92,0.003115961,1.31E-05
2018-2-21,1,lasso,92,-0.00289307,1.31E-05
2018-2-22,1,lasso,92,0.001558847,1.31E-05
2018-2-23,1,lasso,92,-0.000333834,1.31E-05
2018-2-26,1,lasso,92,0.005660078,1.31E-05
2018-2-27,1,lasso,92,0.002762891,1.31E-05
2018-2-28,1,lasso,92,-0.003205662,1.31E-05
2018-3-1,1,lasso,92,-0.004216138,1.31E-05
2018-3-2,1,lasso,92,0.001555383,1.31E-05
2018-3-5,1,lasso,92,-0.005119655,1.31E-05
2018-3-6,1,lasso,92,0.00022314,1.31E-05
2018-3-7,1,lasso,92,0.006006024,1.31E-05
2018-3-8,1,lasso,92,-0.000998502,1.31E-05
2018-1-12,1,lasso,93,0,2.60E-06
2018-1-15,1,lasso,93,-0.00639614,2.60E-06
2018-1-16,1,lasso,93,0.0016581,2.60E-06
2018-1-17,1,lasso,93,-0.000441891,2.60E-06
2018-1-18,1,lasso,93,0.000773182,2.60E-06
2018-1-19,1,lasso,93,-0.001878765,2.60E-06
2018-1-22,1,lasso,93,-0.003102152,2.60E-06
2018-1-23,1,lasso,93,-0.010148975,2.60E-06
2018-1-24,1,lasso,93,0.002015678,2.60E-06
2018-1-25,1,lasso,93,-0.003586242,2.60E-06
2018-1-26,1,lasso,93,0.002690886,2.60E-06
2018-1-29,1,lasso,93,-0.001680955,2.60E-06
2018-1-30,1,lasso,93,-0.00033653,2.60E-06
2018-1-31,1,lasso,93,-0.005174365,2.60E-06
2018-2-1,1,lasso,93,0.005847312,2.60E-06
2018-2-2,1,lasso,93,0.004028203,2.60E-06
2018-2-5,1,lasso,93,0.000334952,2.60E-06
2018-2-6,1,lasso,93,0.007451516,2.60E-06
2018-2-7,1,lasso,93,-0.000221631,2.60E-06
2018-2-8,1,lasso,93,0.002324681,2.60E-06
2018-2-9,1,lasso,93,-0.002546362,2.60E-06
2018-2-12,1,lasso,93,-0.005669517,2.60E-06
2018-2-13,1,lasso,93,-0.006486993,2.60E-06
2018-2-14,1,lasso,93,-0.005964792,2.60E-06
2018-2-15,1,lasso,93,0.00574035,2.60E-06
2018-2-16,1,lasso,93,0,2.60E-06
2018-2-19,1,lasso,93,0.006934375,2.60E-06
2018-2-20,1,lasso,93,0.003115961,2.60E-06
2018-2-21,1,lasso,93,-0.00289307,2.60E-06
2018-2-22,1,lasso,93,0.001558847,2.60E-06
2018-2-23,1,lasso,93,-0.000333834,2.60E-06
2018-2-26,1,lasso,93,0.005660078,2.60E-06
2018-2-27,1,lasso,93,0.002762891,2.60E-06
2018-2-28,1,lasso,93,-0.003205662,2.60E-06
2018-3-1,1,lasso,93,-0.004216138,2.60E-06
2018-3-2,1,lasso,93,0.001555383,2.60E-06
2018-3-5,1,lasso,93,-0.005119655,2.60E-06
2018-3-6,1,lasso,93,0.00022314,2.60E-06
2018-3-7,1,lasso,93,0.006006024,2.60E-06
2018-3-8,1,lasso,93,-0.000998502,2.60E-06
2018-3-9,1,lasso,93,-0.00222247,2.60E-06
2018-3-12,1,lasso,93,-0.002561962,2.60E-06
2018-3-13,1,lasso,93,0.00044603,2.60E-06
2018-3-14,1,lasso,93,0.004893248,2.60E-06
2018-3-15,1,lasso,93,0.000997949,2.60E-06
2018-3-16,1,lasso,93,-0.005111122,2.60E-06
2018-3-19,1,lasso,93,0.00666151,2.60E-06
2018-3-20,1,lasso,93,-0.006550121,2.60E-06
2018-3-21,1,lasso,93,0.00089067,2.60E-06
2018-3-22,1,lasso,93,-0.004237767,2.60E-06
2018-3-23,1,lasso,93,-0.005041745,2.60E-06
2018-3-26,1,lasso,93,0.003363986,2.60E-06
2018-3-27,1,lasso,93,0.008138737,2.60E-06
2018-3-28,1,lasso,93,0.000998835,2.60E-06
2018-3-29,1,lasso,93,-0.001998668,2.60E-06
2018-3-30,1,lasso,93,0.00088879,2.60E-06
2018-4-2,1,lasso,93,0.001664355,2.60E-06
2018-4-3,1,lasso,93,-0.00066541,2.60E-06
2018-4-4,1,lasso,93,0.003543747,2.60E-06
2018-4-5,1,lasso,93,-0.003876618,2.60E-06
2018-2-9,1,lasso,94,-0.002546362,6.83E-07
2018-2-12,1,lasso,94,-0.005669517,6.83E-07
2018-2-13,1,lasso,94,-0.006486993,6.83E-07
2018-2-14,1,lasso,94,-0.005964792,6.83E-07
2018-2-15,1,lasso,94,0.00574035,6.83E-07
2018-2-16,1,lasso,94,0,6.83E-07
2018-2-19,1,lasso,94,0.006934375,6.83E-07
2018-2-20,1,lasso,94,0.003115961,6.83E-07
2018-2-21,1,lasso,94,-0.00289307,6.83E-07
2018-2-22,1,lasso,94,0.001558847,6.83E-07
2018-2-23,1,lasso,94,-0.000333834,6.83E-07
2018-2-26,1,lasso,94,0.005660078,6.83E-07
2018-2-27,1,lasso,94,0.002762891,6.83E-07
2018-2-28,1,lasso,94,-0.003205662,6.83E-07
2018-3-1,1,lasso,94,-0.004216138,6.83E-07
2018-3-2,1,lasso,94,0.001555383,6.83E-07
2018-3-5,1,lasso,94,-0.005119655,6.83E-07
2018-3-6,1,lasso,94,0.00022314,6.83E-07
2018-3-7,1,lasso,94,0.006006024,6.83E-07
2018-3-8,1,lasso,94,-0.000998502,6.83E-07
2018-3-9,1,lasso,94,-0.00222247,6.83E-07
2018-3-12,1,lasso,94,-0.002561962,6.83E-07
2018-3-13,1,lasso,94,0.00044603,6.83E-07
2018-3-14,1,lasso,94,0.004893248,6.83E-07
2018-3-15,1,lasso,94,0.000997949,6.83E-07
2018-3-16,1,lasso,94,-0.005111122,6.83E-07
2018-3-19,1,lasso,94,0.00666151,6.83E-07
2018-3-20,1,lasso,94,-0.006550121,6.83E-07
2018-3-21,1,lasso,94,0.00089067,6.83E-07
2018-3-22,1,lasso,94,-0.004237767,6.83E-07
2018-3-23,1,lasso,94,-0.005041745,6.83E-07
2018-3-26,1,lasso,94,0.003363986,6.83E-07
2018-3-27,1,lasso,94,0.008138737,6.83E-07
2018-3-28,1,lasso,94,0.000998835,6.83E-07
2018-3-29,1,lasso,94,-0.001998668,6.83E-07
2018-3-30,1,lasso,94,0.00088879,6.83E-07
2018-4-2,1,lasso,94,0.001664355,6.83E-07
2018-4-3,1,lasso,94,-0.00066541,6.83E-07
2018-4-4,1,lasso,94,0.003543747,6.83E-07
2018-4-5,1,lasso,94,-0.003876618,6.83E-07
2018-4-6,1,lasso,94,-0.003000836,6.83E-07
2018-4-9,1,lasso,94,-0.002786604,6.83E-07
2018-4-10,1,lasso,94,-0.000223264,6.83E-07
2018-4-11,1,lasso,94,0.002007585,6.83E-07
2018-4-12,1,lasso,94,0.000556948,6.83E-07
2018-4-13,1,lasso,94,-0.004240605,6.83E-07
2018-4-16,1,lasso,94,0.001117693,6.83E-07
2018-4-17,1,lasso,94,0.001116445,6.83E-07
2018-4-18,1,lasso,94,0.003564272,6.83E-07
2018-4-19,1,lasso,94,0.004216138,6.83E-07
2018-4-20,1,lasso,94,0.006950985,6.83E-07
2018-4-23,1,lasso,94,-0.00198107,6.83E-07
2018-4-24,1,lasso,94,0.004397061,6.83E-07
2018-4-25,1,lasso,94,0.004268599,6.83E-07
2018-4-26,1,lasso,94,-0.00021846,6.83E-07
2018-4-27,1,lasso,94,0.003271897,6.83E-07
2018-4-30,1,lasso,94,0.006620025,6.83E-07
2018-5-1,1,lasso,94,0.000648789,6.83E-07
2018-5-2,1,lasso,94,-0.001081549,6.83E-07
2018-5-3,1,lasso,94,0.001729917,6.83E-07
2018-3-9,1,lasso,95,-0.00222247,-5.72E-07
2018-3-12,1,lasso,95,-0.002561962,-5.72E-07
2018-3-13,1,lasso,95,0.00044603,-5.72E-07
2018-3-14,1,lasso,95,0.004893248,-5.72E-07
2018-3-15,1,lasso,95,0.000997949,-5.72E-07
2018-3-16,1,lasso,95,-0.005111122,-5.72E-07
2018-3-19,1,lasso,95,0.00666151,-5.72E-07
2018-3-20,1,lasso,95,-0.006550121,-5.72E-07
2018-3-21,1,lasso,95,0.00089067,-5.72E-07
2018-3-22,1,lasso,95,-0.004237767,-5.72E-07
2018-3-23,1,lasso,95,-0.005041745,-5.72E-07
2018-3-26,1,lasso,95,0.003363986,-5.72E-07
2018-3-27,1,lasso,95,0.008138737,-5.72E-07
2018-3-28,1,lasso,95,0.000998835,-5.72E-07
2018-3-29,1,lasso,95,-0.001998668,-5.72E-07
2018-3-30,1,lasso,95,0.00088879,-5.72E-07
2018-4-2,1,lasso,95,0.001664355,-5.72E-07
2018-4-3,1,lasso,95,-0.00066541,-5.72E-07
2018-4-4,1,lasso,95,0.003543747,-5.72E-07
2018-4-5,1,lasso,95,-0.003876618,-5.72E-07
2018-4-6,1,lasso,95,-0.003000836,-5.72E-07
2018-4-9,1,lasso,95,-0.002786604,-5.72E-07
2018-4-10,1,lasso,95,-0.000223264,-5.72E-07
2018-4-11,1,lasso,95,0.002007585,-5.72E-07
2018-4-12,1,lasso,95,0.000556948,-5.72E-07
2018-4-13,1,lasso,95,-0.004240605,-5.72E-07
2018-4-16,1,lasso,95,0.001117693,-5.72E-07
2018-4-17,1,lasso,95,0.001116445,-5.72E-07
2018-4-18,1,lasso,95,0.003564272,-5.72E-07
2018-4-19,1,lasso,95,0.004216138,-5.72E-07
2018-4-20,1,lasso,95,0.006950985,-5.72E-07
2018-4-23,1,lasso,95,-0.00198107,-5.72E-07
2018-4-24,1,lasso,95,0.004397061,-5.72E-07
2018-4-25,1,lasso,95,0.004268599,-5.72E-07
2018-4-26,1,lasso,95,-0.00021846,-5.72E-07
2018-4-27,1,lasso,95,0.003271897,-5.72E-07
2018-4-30,1,lasso,95,0.006620025,-5.72E-07
2018-5-1,1,lasso,95,0.000648789,-5.72E-07
2018-5-2,1,lasso,95,-0.001081549,-5.72E-07
2018-5-3,1,lasso,95,0.001729917,-5.72E-07
2018-5-4,1,lasso,95,0.001942586,-5.72E-07
2018-5-7,1,lasso,95,0.003981282,-5.72E-07
2018-5-8,1,lasso,95,-0.000859476,-5.72E-07
2018-5-9,1,lasso,95,-0.004200555,-5.72E-07
2018-5-10,1,lasso,95,-0.001187969,-5.72E-07
2018-5-11,1,lasso,95,0.000540161,-5.72E-07
2018-5-14,1,lasso,95,0.006781146,-5.72E-07
2018-5-15,1,lasso,95,0.001821982,-5.72E-07
2018-5-16,1,lasso,95,0.000856256,-5.72E-07
2018-5-17,1,lasso,95,0.001817113,-5.72E-07
2018-5-18,1,lasso,95,0.000427077,-5.72E-07
2018-5-21,1,lasso,95,-0.000747504,-5.72E-07
2018-5-22,1,lasso,95,0.004157567,-5.72E-07
2018-5-23,1,lasso,95,-0.002556456,-5.72E-07
2018-5-24,1,lasso,95,0.004575693,-5.72E-07
2018-5-25,1,lasso,95,0,-5.72E-07
2018-5-28,1,lasso,95,0.006771796,-5.72E-07
2018-5-29,1,lasso,95,-0.00719656,-5.72E-07
2018-5-30,1,lasso,95,-0.001807261,-5.72E-07
2018-5-31,1,lasso,95,0.002232025,-5.72E-07
2018-4-6,1,lasso,96,-0.003000836,-4.98E-07
2018-4-9,1,lasso,96,-0.002786604,-4.98E-07
2018-4-10,1,lasso,96,-0.000223264,-4.98E-07
2018-4-11,1,lasso,96,0.002007585,-4.98E-07
2018-4-12,1,lasso,96,0.000556948,-4.98E-07
2018-4-13,1,lasso,96,-0.004240605,-4.98E-07
2018-4-16,1,lasso,96,0.001117693,-4.98E-07
2018-4-17,1,lasso,96,0.001116445,-4.98E-07
2018-4-18,1,lasso,96,0.003564272,-4.98E-07
2018-4-19,1,lasso,96,0.004216138,-4.98E-07
2018-4-20,1,lasso,96,0.006950985,-4.98E-07
2018-4-23,1,lasso,96,-0.00198107,-4.98E-07
2018-4-24,1,lasso,96,0.004397061,-4.98E-07
2018-4-25,1,lasso,96,0.004268599,-4.98E-07
2018-4-26,1,lasso,96,-0.00021846,-4.98E-07
2018-4-27,1,lasso,96,0.003271897,-4.98E-07
2018-4-30,1,lasso,96,0.006620025,-4.98E-07
2018-5-1,1,lasso,96,0.000648789,-4.98E-07
2018-5-2,1,lasso,96,-0.001081549,-4.98E-07
2018-5-3,1,lasso,96,0.001729917,-4.98E-07
2018-5-4,1,lasso,96,0.001942586,-4.98E-07
2018-5-7,1,lasso,96,0.003981282,-4.98E-07
2018-5-8,1,lasso,96,-0.000859476,-4.98E-07
2018-5-9,1,lasso,96,-0.004200555,-4.98E-07
2018-5-10,1,lasso,96,-0.001187969,-4.98E-07
2018-5-11,1,lasso,96,0.000540161,-4.98E-07
2018-5-14,1,lasso,96,0.006781146,-4.98E-07
2018-5-15,1,lasso,96,0.001821982,-4.98E-07
2018-5-16,1,lasso,96,0.000856256,-4.98E-07
2018-5-17,1,lasso,96,0.001817113,-4.98E-07
2018-5-18,1,lasso,96,0.000427077,-4.98E-07
2018-5-21,1,lasso,96,-0.000747504,-4.98E-07
2018-5-22,1,lasso,96,0.004157567,-4.98E-07
2018-5-23,1,lasso,96,-0.002556456,-4.98E-07
2018-5-24,1,lasso,96,0.004575693,-4.98E-07
2018-5-25,1,lasso,96,0,-4.98E-07
2018-5-28,1,lasso,96,0.006771796,-4.98E-07
2018-5-29,1,lasso,96,-0.00719656,-4.98E-07
2018-5-30,1,lasso,96,-0.001807261,-4.98E-07
2018-5-31,1,lasso,96,0.002232025,-4.98E-07
2018-6-1,1,lasso,96,-0.001806493,-4.98E-07
2018-6-4,1,lasso,96,-0.001277139,-4.98E-07
2018-6-5,1,lasso,96,-0.002559182,-4.98E-07
2018-6-6,1,lasso,96,-0.002779859,-4.98E-07
2018-6-7,1,lasso,96,0.001604707,-4.98E-07
2018-6-8,1,lasso,96,0.000320633,-4.98E-07
2018-6-11,1,lasso,96,0.002348171,-4.98E-07
2018-6-12,1,lasso,96,-0.000959949,-4.98E-07
2018-6-13,1,lasso,96,0.011247996,-4.98E-07
2018-6-14,1,lasso,96,0.000211015,-4.98E-07
2018-6-15,1,lasso,96,0.000105491,-4.98E-07
2018-6-18,1,lasso,96,0.002949233,-4.98E-07
2018-6-19,1,lasso,96,-0.000210371,-4.98E-07
2018-6-20,1,lasso,96,-0.003371974,-4.98E-07
2018-6-21,1,lasso,96,-0.002324845,-4.98E-07
2018-6-22,1,lasso,96,-0.002542374,-4.98E-07
2018-6-25,1,lasso,96,0.004022446,-4.98E-07
2018-6-26,1,lasso,96,0.006423441,-4.98E-07
2018-6-27,1,lasso,96,0.001258785,-4.98E-07
2018-6-28,1,lasso,96,-0.007893531,-4.98E-07
2018-5-4,1,lasso,97,0.001942586,8.08E-06
2018-5-7,1,lasso,97,0.003981282,8.08E-06
2018-5-8,1,lasso,97,-0.000859476,8.08E-06
2018-5-9,1,lasso,97,-0.004200555,8.08E-06
2018-5-10,1,lasso,97,-0.001187969,8.08E-06
2018-5-11,1,lasso,97,0.000540161,8.08E-06
2018-5-14,1,lasso,97,0.006781146,8.08E-06
2018-5-15,1,lasso,97,0.001821982,8.08E-06
2018-5-16,1,lasso,97,0.000856256,8.08E-06
2018-5-17,1,lasso,97,0.001817113,8.08E-06
2018-5-18,1,lasso,97,0.000427077,8.08E-06
2018-5-21,1,lasso,97,-0.000747504,8.08E-06
2018-5-22,1,lasso,97,0.004157567,8.08E-06
2018-5-23,1,lasso,97,-0.002556456,8.08E-06
2018-5-24,1,lasso,97,0.004575693,8.08E-06
2018-5-25,1,lasso,97,0,8.08E-06
2018-5-28,1,lasso,97,0.006771796,8.08E-06
2018-5-29,1,lasso,97,-0.00719656,8.08E-06
2018-5-30,1,lasso,97,-0.001807261,8.08E-06
2018-5-31,1,lasso,97,0.002232025,8.08E-06
2018-6-1,1,lasso,97,-0.001806493,8.08E-06
2018-6-4,1,lasso,97,-0.001277139,8.08E-06
2018-6-5,1,lasso,97,-0.002559182,8.08E-06
2018-6-6,1,lasso,97,-0.002779859,8.08E-06
2018-6-7,1,lasso,97,0.001604707,8.08E-06
2018-6-8,1,lasso,97,0.000320633,8.08E-06
2018-6-11,1,lasso,97,0.002348171,8.08E-06
2018-6-12,1,lasso,97,-0.000959949,8.08E-06
2018-6-13,1,lasso,97,0.011247996,8.08E-06
2018-6-14,1,lasso,97,0.000211015,8.08E-06
2018-6-15,1,lasso,97,0.000105491,8.08E-06
2018-6-18,1,lasso,97,0.002949233,8.08E-06
2018-6-19,1,lasso,97,-0.000210371,8.08E-06
2018-6-20,1,lasso,97,-0.003371974,8.08E-06
2018-6-21,1,lasso,97,-0.002324845,8.08E-06
2018-6-22,1,lasso,97,-0.002542374,8.08E-06
2018-6-25,1,lasso,97,0.004022446,8.08E-06
2018-6-26,1,lasso,97,0.006423441,8.08E-06
2018-6-27,1,lasso,97,0.001258785,8.08E-06
2018-6-28,1,lasso,97,-0.007893531,8.08E-06
2018-6-29,1,lasso,97,0.004112412,8.08E-06
2018-7-2,1,lasso,97,-0.003795471,8.08E-06
2018-7-3,1,lasso,97,0,8.08E-06
2018-7-4,1,lasso,97,-0.002114836,8.08E-06
2018-7-5,1,lasso,97,-0.0045621,8.08E-06
2018-7-6,1,lasso,97,0.00042526,8.08E-06
2018-7-9,1,lasso,97,0.000743771,8.08E-06
2018-7-10,1,lasso,97,0.006035916,8.08E-06
2018-7-11,1,lasso,97,0.000949718,8.08E-06
2018-7-12,1,lasso,97,-0.000633045,8.08E-06
2018-7-13,1,lasso,97,-0.002536195,8.08E-06
2018-7-16,1,lasso,97,0.004539464,8.08E-06
2018-7-17,1,lasso,97,0.001473529,8.08E-06
2018-7-18,1,lasso,97,0.000735951,8.08E-06
2018-7-19,1,lasso,97,-0.007384,8.08E-06
2018-7-20,1,lasso,97,0.002326566,8.08E-06
2018-7-23,1,lasso,97,-0.000633981,8.08E-06
2018-7-24,1,lasso,97,-0.002645924,8.08E-06
2018-7-25,1,lasso,97,0.004124589,8.08E-06
2018-7-26,1,lasso,97,-0.000844684,8.08E-06
2018-6-1,1,lasso,98,-0.001806493,1.35E-05
2018-6-4,1,lasso,98,-0.001277139,1.35E-05
2018-6-5,1,lasso,98,-0.002559182,1.35E-05
2018-6-6,1,lasso,98,-0.002779859,1.35E-05
2018-6-7,1,lasso,98,0.001604707,1.35E-05
2018-6-8,1,lasso,98,0.000320633,1.35E-05
2018-6-11,1,lasso,98,0.002348171,1.35E-05
2018-6-12,1,lasso,98,-0.000959949,1.35E-05
2018-6-13,1,lasso,98,0.011247996,1.35E-05
2018-6-14,1,lasso,98,0.000211015,1.35E-05
2018-6-15,1,lasso,98,0.000105491,1.35E-05
2018-6-18,1,lasso,98,0.002949233,1.35E-05
2018-6-19,1,lasso,98,-0.000210371,1.35E-05
2018-6-20,1,lasso,98,-0.003371974,1.35E-05
2018-6-21,1,lasso,98,-0.002324845,1.35E-05
2018-6-22,1,lasso,98,-0.002542374,1.35E-05
2018-6-25,1,lasso,98,0.004022446,1.35E-05
2018-6-26,1,lasso,98,0.006423441,1.35E-05
2018-6-27,1,lasso,98,0.001258785,1.35E-05
2018-6-28,1,lasso,98,-0.007893531,1.35E-05
2018-6-29,1,lasso,98,0.004112412,1.35E-05
2018-7-2,1,lasso,98,-0.003795471,1.35E-05
2018-7-3,1,lasso,98,0,1.35E-05
2018-7-4,1,lasso,98,-0.002114836,1.35E-05
2018-7-5,1,lasso,98,-0.0045621,1.35E-05
2018-7-6,1,lasso,98,0.00042526,1.35E-05
2018-7-9,1,lasso,98,0.000743771,1.35E-05
2018-7-10,1,lasso,98,0.006035916,1.35E-05
2018-7-11,1,lasso,98,0.000949718,1.35E-05
2018-7-12,1,lasso,98,-0.000633045,1.35E-05
2018-7-13,1,lasso,98,-0.002536195,1.35E-05
2018-7-16,1,lasso,98,0.004539464,1.35E-05
2018-7-17,1,lasso,98,0.001473529,1.35E-05
2018-7-18,1,lasso,98,0.000735951,1.35E-05
2018-7-19,1,lasso,98,-0.007384,1.35E-05
2018-7-20,1,lasso,98,0.002326566,1.35E-05
2018-7-23,1,lasso,98,-0.000633981,1.35E-05
2018-7-24,1,lasso,98,-0.002645924,1.35E-05
2018-7-25,1,lasso,98,0.004124589,1.35E-05
2018-7-26,1,lasso,98,-0.000844684,1.35E-05
2018-7-27,1,lasso,98,-0.003703904,1.35E-05
2018-7-30,1,lasso,98,0.001800753,1.35E-05
2018-7-31,1,lasso,98,0.001374861,1.35E-05
2018-8-1,1,lasso,98,0.005690815,1.35E-05
2018-8-2,1,lasso,98,-0.000210194,1.35E-05
2018-8-3,1,lasso,98,0.002309712,1.35E-05
2018-8-6,1,lasso,98,-0.0014692,1.35E-05
2018-8-7,1,lasso,98,-0.001786935,1.35E-05
2018-8-8,1,lasso,98,0.004723179,1.35E-05
2018-8-9,1,lasso,98,0.00896493,1.35E-05
2018-8-10,1,lasso,98,0.000311284,1.35E-05
2018-8-13,1,lasso,98,0.00352113,1.35E-05
2018-8-14,1,lasso,98,-0.00031019,1.35E-05
2018-8-15,1,lasso,98,-0.000620668,1.35E-05
2018-8-16,1,lasso,98,-0.005603418,1.35E-05
2018-8-17,1,lasso,98,-0.002083334,1.35E-05
2018-8-20,1,lasso,98,-0.006695987,1.35E-05
2018-8-21,1,lasso,98,-0.001155402,1.35E-05
2018-8-22,1,lasso,98,0.005450176,1.35E-05
2018-8-23,1,lasso,98,-0.005450176,1.35E-05
2018-6-29,1,lasso,99,0.004112412,1.49E-05
2018-7-2,1,lasso,99,-0.003795471,1.49E-05
2018-7-3,1,lasso,99,0,1.49E-05
2018-7-4,1,lasso,99,-0.002114836,1.49E-05
2018-7-5,1,lasso,99,-0.0045621,1.49E-05
2018-7-6,1,lasso,99,0.00042526,1.49E-05
2018-7-9,1,lasso,99,0.000743771,1.49E-05
2018-7-10,1,lasso,99,0.006035916,1.49E-05
2018-7-11,1,lasso,99,0.000949718,1.49E-05
2018-7-12,1,lasso,99,-0.000633045,1.49E-05
2018-7-13,1,lasso,99,-0.002536195,1.49E-05
2018-7-16,1,lasso,99,0.004539464,1.49E-05
2018-7-17,1,lasso,99,0.001473529,1.49E-05
2018-7-18,1,lasso,99,0.000735951,1.49E-05
2018-7-19,1,lasso,99,-0.007384,1.49E-05
2018-7-20,1,lasso,99,0.002326566,1.49E-05
2018-7-23,1,lasso,99,-0.000633981,1.49E-05
2018-7-24,1,lasso,99,-0.002645924,1.49E-05
2018-7-25,1,lasso,99,0.004124589,1.49E-05
2018-7-26,1,lasso,99,-0.000844684,1.49E-05
2018-7-27,1,lasso,99,-0.003703904,1.49E-05
2018-7-30,1,lasso,99,0.001800753,1.49E-05
2018-7-31,1,lasso,99,0.001374861,1.49E-05
2018-8-1,1,lasso,99,0.005690815,1.49E-05
2018-8-2,1,lasso,99,-0.000210194,1.49E-05
2018-8-3,1,lasso,99,0.002309712,1.49E-05
2018-8-6,1,lasso,99,-0.0014692,1.49E-05
2018-8-7,1,lasso,99,-0.001786935,1.49E-05
2018-8-8,1,lasso,99,0.004723179,1.49E-05
2018-8-9,1,lasso,99,0.00896493,1.49E-05
2018-8-10,1,lasso,99,0.000311284,1.49E-05
2018-8-13,1,lasso,99,0.00352113,1.49E-05
2018-8-14,1,lasso,99,-0.00031019,1.49E-05
2018-8-15,1,lasso,99,-0.000620668,1.49E-05
2018-8-16,1,lasso,99,-0.005603418,1.49E-05
2018-8-17,1,lasso,99,-0.002083334,1.49E-05
2018-8-20,1,lasso,99,-0.006695987,1.49E-05
2018-8-21,1,lasso,99,-0.001155402,1.49E-05
2018-8-22,1,lasso,99,0.005450176,1.49E-05
2018-8-23,1,lasso,99,-0.005450176,1.49E-05
2018-8-24,1,lasso,99,-0.003896177,1.49E-05
2018-8-27,1,lasso,99,-0.000633245,1.49E-05
2018-8-28,1,lasso,99,-0.001267695,1.49E-05
2018-8-29,1,lasso,99,0.001267695,1.49E-05
2018-8-30,1,lasso,99,0.00442432,1.49E-05
2018-8-31,1,lasso,99,0,1.49E-05
2018-9-3,1,lasso,99,0.003148287,1.49E-05
2018-9-4,1,lasso,99,-0.002727942,1.49E-05
2018-9-5,1,lasso,99,-0.00168244,1.49E-05
2018-9-6,1,lasso,99,0.003571808,1.49E-05
2018-9-7,1,lasso,99,-0.00220461,1.49E-05
2018-9-10,1,lasso,99,0.00105042,1.49E-05
2018-9-11,1,lasso,99,-0.004735605,1.49E-05
2018-9-12,1,lasso,99,-0.002957957,1.49E-05
2018-9-13,1,lasso,99,0.004328326,1.49E-05
2018-9-14,1,lasso,99,-0.004539943,1.49E-05
2018-9-17,1,lasso,99,0.001480385,1.49E-05
2018-9-18,1,lasso,99,-0.001057194,1.49E-05
2018-9-19,1,lasso,99,-0.006686149,1.49E-05
2018-9-20,1,lasso,99,0.003295596,1.49E-05
2018-7-27,1,lasso,100,-0.003703904,1.49E-05
2018-7-30,1,lasso,100,0.001800753,1.49E-05
2018-7-31,1,lasso,100,0.001374861,1.49E-05
2018-8-1,1,lasso,100,0.005690815,1.49E-05
2018-8-2,1,lasso,100,-0.000210194,1.49E-05
2018-8-3,1,lasso,100,0.002309712,1.49E-05
2018-8-6,1,lasso,100,-0.0014692,1.49E-05
2018-8-7,1,lasso,100,-0.001786935,1.49E-05
2018-8-8,1,lasso,100,0.004723179,1.49E-05
2018-8-9,1,lasso,100,0.00896493,1.49E-05
2018-8-10,1,lasso,100,0.000311284,1.49E-05
2018-8-13,1,lasso,100,0.00352113,1.49E-05
2018-8-14,1,lasso,100,-0.00031019,1.49E-05
2018-8-15,1,lasso,100,-0.000620668,1.49E-05
2018-8-16,1,lasso,100,-0.005603418,1.49E-05
2018-8-17,1,lasso,100,-0.002083334,1.49E-05
2018-8-20,1,lasso,100,-0.006695987,1.49E-05
2018-8-21,1,lasso,100,-0.001155402,1.49E-05
2018-8-22,1,lasso,100,0.005450176,1.49E-05
2018-8-23,1,lasso,100,-0.005450176,1.49E-05
2018-8-24,1,lasso,100,-0.003896177,1.49E-05
2018-8-27,1,lasso,100,-0.000633245,1.49E-05
2018-8-28,1,lasso,100,-0.001267695,1.49E-05
2018-8-29,1,lasso,100,0.001267695,1.49E-05
2018-8-30,1,lasso,100,0.00442432,1.49E-05
2018-8-31,1,lasso,100,0,1.49E-05
2018-9-3,1,lasso,100,0.003148287,1.49E-05
2018-9-4,1,lasso,100,-0.002727942,1.49E-05
2018-9-5,1,lasso,100,-0.00168244,1.49E-05
2018-9-6,1,lasso,100,0.003571808,1.49E-05
2018-9-7,1,lasso,100,-0.00220461,1.49E-05
2018-9-10,1,lasso,100,0.00105042,1.49E-05
2018-9-11,1,lasso,100,-0.004735605,1.49E-05
2018-9-12,1,lasso,100,-0.002957957,1.49E-05
2018-9-13,1,lasso,100,0.004328326,1.49E-05
2018-9-14,1,lasso,100,-0.004539943,1.49E-05
2018-9-17,1,lasso,100,0.001480385,1.49E-05
2018-9-18,1,lasso,100,-0.001057194,1.49E-05
2018-9-19,1,lasso,100,-0.006686149,1.49E-05
2018-9-20,1,lasso,100,0.003295596,1.49E-05
2018-9-21,1,lasso,100,-0.000318454,1.49E-05
2018-9-24,1,lasso,100,-0.000637213,1.49E-05
2018-9-25,1,lasso,100,0.000637213,1.49E-05
2018-9-26,1,lasso,100,0.007404307,1.49E-05
2018-9-27,1,lasso,100,0.002526051,1.49E-05
2018-9-28,1,lasso,100,0.001785433,1.49E-05
2018-10-1,1,lasso,100,0.002201143,1.49E-05
2018-10-2,1,lasso,100,0.002614107,1.49E-05
2018-10-3,1,lasso,100,-0.000104433,1.49E-05
2018-10-4,1,lasso,100,-0.001358625,1.49E-05
2018-10-5,1,lasso,100,0.001463058,1.49E-05
2018-10-8,1,lasso,100,-0.000940292,1.49E-05
2018-10-9,1,lasso,100,-0.001673816,1.49E-05
2018-10-10,1,lasso,100,-0.005143558,1.49E-05
2018-10-11,1,lasso,100,0.002102608,1.49E-05
2018-10-12,1,lasso,100,-0.001681733,1.49E-05
2018-10-15,1,lasso,100,-0.000105202,1.49E-05
2018-10-16,1,lasso,100,0.005560524,1.49E-05
2018-10-17,1,lasso,100,0.003342389,1.49E-05
2018-10-18,1,lasso,100,-0.001983196,1.49E-05
2018-8-24,1,lasso,101,-0.003896177,1.64E-05
2018-8-27,1,lasso,101,-0.000633245,1.64E-05
2018-8-28,1,lasso,101,-0.001267695,1.64E-05
2018-8-29,1,lasso,101,0.001267695,1.64E-05
2018-8-30,1,lasso,101,0.00442432,1.64E-05
2018-8-31,1,lasso,101,0,1.64E-05
2018-9-3,1,lasso,101,0.003148287,1.64E-05
2018-9-4,1,lasso,101,-0.002727942,1.64E-05
2018-9-5,1,lasso,101,-0.00168244,1.64E-05
2018-9-6,1,lasso,101,0.003571808,1.64E-05
2018-9-7,1,lasso,101,-0.00220461,1.64E-05
2018-9-10,1,lasso,101,0.00105042,1.64E-05
2018-9-11,1,lasso,101,-0.004735605,1.64E-05
2018-9-12,1,lasso,101,-0.002957957,1.64E-05
2018-9-13,1,lasso,101,0.004328326,1.64E-05
2018-9-14,1,lasso,101,-0.004539943,1.64E-05
2018-9-17,1,lasso,101,0.001480385,1.64E-05
2018-9-18,1,lasso,101,-0.001057194,1.64E-05
2018-9-19,1,lasso,101,-0.006686149,1.64E-05
2018-9-20,1,lasso,101,0.003295596,1.64E-05
2018-9-21,1,lasso,101,-0.000318454,1.64E-05
2018-9-24,1,lasso,101,-0.000637213,1.64E-05
2018-9-25,1,lasso,101,0.000637213,1.64E-05
2018-9-26,1,lasso,101,0.007404307,1.64E-05
2018-9-27,1,lasso,101,0.002526051,1.64E-05
2018-9-28,1,lasso,101,0.001785433,1.64E-05
2018-10-1,1,lasso,101,0.002201143,1.64E-05
2018-10-2,1,lasso,101,0.002614107,1.64E-05
2018-10-3,1,lasso,101,-0.000104433,1.64E-05
2018-10-4,1,lasso,101,-0.001358625,1.64E-05
2018-10-5,1,lasso,101,0.001463058,1.64E-05
2018-10-8,1,lasso,101,-0.000940292,1.64E-05
2018-10-9,1,lasso,101,-0.001673816,1.64E-05
2018-10-10,1,lasso,101,-0.005143558,1.64E-05
2018-10-11,1,lasso,101,0.002102608,1.64E-05
2018-10-12,1,lasso,101,-0.001681733,1.64E-05
2018-10-15,1,lasso,101,-0.000105202,1.64E-05
2018-10-16,1,lasso,101,0.005560524,1.64E-05
2018-10-17,1,lasso,101,0.003342389,1.64E-05
2018-10-18,1,lasso,101,-0.001983196,1.64E-05
2018-10-19,1,lasso,101,0.003129567,1.64E-05
2018-10-22,1,lasso,101,-0.000520915,1.64E-05
2018-10-23,1,lasso,101,0.004885919,1.64E-05
2018-10-24,1,lasso,101,0.002589199,1.64E-05
2018-10-25,1,lasso,101,-0.003315378,1.64E-05
2018-10-26,1,lasso,101,0.002280503,1.64E-05
2018-10-29,1,lasso,101,0.004442386,1.64E-05
2018-10-30,1,lasso,101,0.001236221,1.64E-05
2018-10-31,1,lasso,101,-0.008789674,1.64E-05
2018-11-1,1,lasso,101,0.002696817,1.64E-05
2018-11-2,1,lasso,101,-0.002696817,1.64E-05
2018-11-5,1,lasso,101,0.000415369,1.64E-05
2018-11-6,1,lasso,101,-0.00332779,1.64E-05
2018-11-7,1,lasso,101,0.007472015,1.64E-05
2018-11-8,1,lasso,101,0.001962506,1.64E-05
2018-11-9,1,lasso,101,0.006479838,1.64E-05
2018-11-12,1,lasso,101,-0.002463561,1.64E-05
2018-11-13,1,lasso,101,-0.005151995,1.64E-05
2018-11-14,1,lasso,101,0.001342074,1.64E-05
2018-11-15,1,lasso,101,-0.004756989,1.64E-05
2018-9-21,1,lasso,102,-0.000318454,1.33E-05
2018-9-24,1,lasso,102,-0.000637213,1.33E-05
2018-9-25,1,lasso,102,0.000637213,1.33E-05
2018-9-26,1,lasso,102,0.007404307,1.33E-05
2018-9-27,1,lasso,102,0.002526051,1.33E-05
2018-9-28,1,lasso,102,0.001785433,1.33E-05
2018-10-1,1,lasso,102,0.002201143,1.33E-05
2018-10-2,1,lasso,102,0.002614107,1.33E-05
2018-10-3,1,lasso,102,-0.000104433,1.33E-05
2018-10-4,1,lasso,102,-0.001358625,1.33E-05
2018-10-5,1,lasso,102,0.001463058,1.33E-05
2018-10-8,1,lasso,102,-0.000940292,1.33E-05
2018-10-9,1,lasso,102,-0.001673816,1.33E-05
2018-10-10,1,lasso,102,-0.005143558,1.33E-05
2018-10-11,1,lasso,102,0.002102608,1.33E-05
2018-10-12,1,lasso,102,-0.001681733,1.33E-05
2018-10-15,1,lasso,102,-0.000105202,1.33E-05
2018-10-16,1,lasso,102,0.005560524,1.33E-05
2018-10-17,1,lasso,102,0.003342389,1.33E-05
2018-10-18,1,lasso,102,-0.001983196,1.33E-05
2018-10-19,1,lasso,102,0.003129567,1.33E-05
2018-10-22,1,lasso,102,-0.000520915,1.33E-05
2018-10-23,1,lasso,102,0.004885919,1.33E-05
2018-10-24,1,lasso,102,0.002589199,1.33E-05
2018-10-25,1,lasso,102,-0.003315378,1.33E-05
2018-10-26,1,lasso,102,0.002280503,1.33E-05
2018-10-29,1,lasso,102,0.004442386,1.33E-05
2018-10-30,1,lasso,102,0.001236221,1.33E-05
2018-10-31,1,lasso,102,-0.008789674,1.33E-05
2018-11-1,1,lasso,102,0.002696817,1.33E-05
2018-11-2,1,lasso,102,-0.002696817,1.33E-05
2018-11-5,1,lasso,102,0.000415369,1.33E-05
2018-11-6,1,lasso,102,-0.00332779,1.33E-05
2018-11-7,1,lasso,102,0.007472015,1.33E-05
2018-11-8,1,lasso,102,0.001962506,1.33E-05
2018-11-9,1,lasso,102,0.006479838,1.33E-05
2018-11-12,1,lasso,102,-0.002463561,1.33E-05
2018-11-13,1,lasso,102,-0.005151995,1.33E-05
2018-11-14,1,lasso,102,0.001342074,1.33E-05
2018-11-15,1,lasso,102,-0.004756989,1.33E-05
2018-11-16,1,lasso,102,-0.002906677,1.33E-05
2018-11-19,1,lasso,102,0.00673473,1.33E-05
2018-11-20,1,lasso,102,-0.001343322,1.33E-05
2018-11-21,1,lasso,102,0,1.33E-05
2018-11-22,1,lasso,102,0.002169086,1.33E-05
2018-11-23,1,lasso,102,0.001546472,1.33E-05
2018-11-26,1,lasso,102,0.003085787,1.33E-05
2018-11-27,1,lasso,102,-0.005974472,1.33E-05
2018-11-28,1,lasso,102,-0.000103322,1.33E-05
2018-11-29,1,lasso,102,0.005050256,1.33E-05
2018-11-30,1,lasso,102,-0.002367352,1.33E-05
2018-12-3,1,lasso,102,-0.000721612,1.33E-05
2018-12-4,1,lasso,102,0.001030715,1.33E-05
2018-12-5,1,lasso,102,-0.002682073,1.33E-05
2018-12-6,1,lasso,102,-0.003103665,1.33E-05
2018-12-7,1,lasso,102,0.007329822,1.33E-05
2018-12-10,1,lasso,102,0.001747084,1.33E-05
2018-12-11,1,lasso,102,-0.003600271,1.33E-05
2018-12-12,1,lasso,102,0.000206079,1.33E-05
2018-12-13,1,lasso,102,0.00390746,1.33E-05
2018-10-19,1,lasso,103,0.003129567,1.80E-05
2018-10-22,1,lasso,103,-0.000520915,1.80E-05
2018-10-23,1,lasso,103,0.004885919,1.80E-05
2018-10-24,1,lasso,103,0.002589199,1.80E-05
2018-10-25,1,lasso,103,-0.003315378,1.80E-05
2018-10-26,1,lasso,103,0.002280503,1.80E-05
2018-10-29,1,lasso,103,0.004442386,1.80E-05
2018-10-30,1,lasso,103,0.001236221,1.80E-05
2018-10-31,1,lasso,103,-0.008789674,1.80E-05
2018-11-1,1,lasso,103,0.002696817,1.80E-05
2018-11-2,1,lasso,103,-0.002696817,1.80E-05
2018-11-5,1,lasso,103,0.000415369,1.80E-05
2018-11-6,1,lasso,103,-0.00332779,1.80E-05
2018-11-7,1,lasso,103,0.007472015,1.80E-05
2018-11-8,1,lasso,103,0.001962506,1.80E-05
2018-11-9,1,lasso,103,0.006479838,1.80E-05
2018-11-12,1,lasso,103,-0.002463561,1.80E-05
2018-11-13,1,lasso,103,-0.005151995,1.80E-05
2018-11-14,1,lasso,103,0.001342074,1.80E-05
2018-11-15,1,lasso,103,-0.004756989,1.80E-05
2018-11-16,1,lasso,103,-0.002906677,1.80E-05
2018-11-19,1,lasso,103,0.00673473,1.80E-05
2018-11-20,1,lasso,103,-0.001343322,1.80E-05
2018-11-21,1,lasso,103,0,1.80E-05
2018-11-22,1,lasso,103,0.002169086,1.80E-05
2018-11-23,1,lasso,103,0.001546472,1.80E-05
2018-11-26,1,lasso,103,0.003085787,1.80E-05
2018-11-27,1,lasso,103,-0.005974472,1.80E-05
2018-11-28,1,lasso,103,-0.000103322,1.80E-05
2018-11-29,1,lasso,103,0.005050256,1.80E-05
2018-11-30,1,lasso,103,-0.002367352,1.80E-05
2018-12-3,1,lasso,103,-0.000721612,1.80E-05
2018-12-4,1,lasso,103,0.001030715,1.80E-05
2018-12-5,1,lasso,103,-0.002682073,1.80E-05
2018-12-6,1,lasso,103,-0.003103665,1.80E-05
2018-12-7,1,lasso,103,0.007329822,1.80E-05
2018-12-10,1,lasso,103,0.001747084,1.80E-05
2018-12-11,1,lasso,103,-0.003600271,1.80E-05
2018-12-12,1,lasso,103,0.000206079,1.80E-05
2018-12-13,1,lasso,103,0.00390746,1.80E-05
2018-12-14,1,lasso,103,-0.003495429,1.80E-05
2018-12-17,1,lasso,103,0,1.80E-05
2018-12-18,1,lasso,103,-0.000721166,1.80E-05
2018-12-19,1,lasso,103,-0.007759596,1.80E-05
2018-12-20,1,lasso,103,0.007037909,1.80E-05
2018-12-21,1,lasso,103,-0.004237513,1.80E-05
2018-12-24,1,lasso,103,0,1.80E-05
2018-12-25,1,lasso,103,0.005165301,1.80E-05
2018-12-26,1,lasso,103,-0.005890577,1.80E-05
2018-12-27,1,lasso,103,-0.000829531,1.80E-05
2018-12-28,1,lasso,103,-0.002388743,1.80E-05
2018-12-31,1,lasso,103,0,1.80E-05
2019-1-1,1,lasso,103,0.006736126,1.80E-05
2019-1-2,1,lasso,103,-0.005281429,1.80E-05
2019-1-3,1,lasso,103,-0.00135072,1.80E-05
2019-1-4,1,lasso,103,-0.005316666,1.80E-05
2019-1-7,1,lasso,103,0.002401212,1.80E-05
2019-1-8,1,lasso,103,-0.007115978,1.80E-05
2019-1-9,1,lasso,103,0.003355004,1.80E-05
2019-1-10,1,lasso,103,0.001359762,1.80E-05
2018-11-16,1,lasso,104,-0.002906677,2.03E-05
2018-11-19,1,lasso,104,0.00673473,2.03E-05
2018-11-20,1,lasso,104,-0.001343322,2.03E-05
2018-11-21,1,lasso,104,0,2.03E-05
2018-11-22,1,lasso,104,0.002169086,2.03E-05
2018-11-23,1,lasso,104,0.001546472,2.03E-05
2018-11-26,1,lasso,104,0.003085787,2.03E-05
2018-11-27,1,lasso,104,-0.005974472,2.03E-05
2018-11-28,1,lasso,104,-0.000103322,2.03E-05
2018-11-29,1,lasso,104,0.005050256,2.03E-05
2018-11-30,1,lasso,104,-0.002367352,2.03E-05
2018-12-3,1,lasso,104,-0.000721612,2.03E-05
2018-12-4,1,lasso,104,0.001030715,2.03E-05
2018-12-5,1,lasso,104,-0.002682073,2.03E-05
2018-12-6,1,lasso,104,-0.003103665,2.03E-05
2018-12-7,1,lasso,104,0.007329822,2.03E-05
2018-12-10,1,lasso,104,0.001747084,2.03E-05
2018-12-11,1,lasso,104,-0.003600271,2.03E-05
2018-12-12,1,lasso,104,0.000206079,2.03E-05
2018-12-13,1,lasso,104,0.00390746,2.03E-05
2018-12-14,1,lasso,104,-0.003495429,2.03E-05
2018-12-17,1,lasso,104,0,2.03E-05
2018-12-18,1,lasso,104,-0.000721166,2.03E-05
2018-12-19,1,lasso,104,-0.007759596,2.03E-05
2018-12-20,1,lasso,104,0.007037909,2.03E-05
2018-12-21,1,lasso,104,-0.004237513,2.03E-05
2018-12-24,1,lasso,104,0,2.03E-05
2018-12-25,1,lasso,104,0.005165301,2.03E-05
2018-12-26,1,lasso,104,-0.005890577,2.03E-05
2018-12-27,1,lasso,104,-0.000829531,2.03E-05
2018-12-28,1,lasso,104,-0.002388743,2.03E-05
2018-12-31,1,lasso,104,0,2.03E-05
2019-1-1,1,lasso,104,0.006736126,2.03E-05
2019-1-2,1,lasso,104,-0.005281429,2.03E-05
2019-1-3,1,lasso,104,-0.00135072,2.03E-05
2019-1-4,1,lasso,104,-0.005316666,2.03E-05
2019-1-7,1,lasso,104,0.002401212,2.03E-05
2019-1-8,1,lasso,104,-0.007115978,2.03E-05
2019-1-9,1,lasso,104,0.003355004,2.03E-05
2019-1-10,1,lasso,104,0.001359762,2.03E-05
2019-1-11,1,lasso,104,-0.000627353,2.03E-05
2019-1-14,1,lasso,104,0.004487354,2.03E-05
2019-1-15,1,lasso,104,0.000208225,2.03E-05
2019-1-16,1,lasso,104,0,2.03E-05
2019-1-17,1,lasso,104,0.002910605,2.03E-05
2019-1-18,1,lasso,104,0,2.03E-05
2019-1-21,1,lasso,104,-0.000415282,2.03E-05
2019-1-22,1,lasso,104,-0.001870908,2.03E-05
2019-1-23,1,lasso,104,0.00498133,2.03E-05
2019-1-24,1,lasso,104,-0.008420446,2.03E-05
2019-1-25,1,lasso,104,-0.000417667,2.03E-05
2019-1-28,1,lasso,104,0.000730803,2.03E-05
2019-1-29,1,lasso,104,-0.005021982,2.03E-05
2019-1-30,1,lasso,104,0.002514143,2.03E-05
2019-1-31,1,lasso,104,0,2.03E-05
2019-2-1,1,lasso,104,0.002820876,2.03E-05
2019-2-4,1,lasso,104,0.002292623,2.03E-05
2019-2-5,1,lasso,104,0.003325369,2.03E-05
2019-2-6,1,lasso,104,0.001244168,2.03E-05
2019-2-7,1,lasso,104,0.001346104,2.03E-05
2018-12-14,1,lasso,105,-0.003495429,2.32E-05
2018-12-17,1,lasso,105,0,2.32E-05
2018-12-18,1,lasso,105,-0.000721166,2.32E-05
2018-12-19,1,lasso,105,-0.007759596,2.32E-05
2018-12-20,1,lasso,105,0.007037909,2.32E-05
2018-12-21,1,lasso,105,-0.004237513,2.32E-05
2018-12-24,1,lasso,105,0,2.32E-05
2018-12-25,1,lasso,105,0.005165301,2.32E-05
2018-12-26,1,lasso,105,-0.005890577,2.32E-05
2018-12-27,1,lasso,105,-0.000829531,2.32E-05
2018-12-28,1,lasso,105,-0.002388743,2.32E-05
2018-12-31,1,lasso,105,0,2.32E-05
2019-1-1,1,lasso,105,0.006736126,2.32E-05
2019-1-2,1,lasso,105,-0.005281429,2.32E-05
2019-1-3,1,lasso,105,-0.00135072,2.32E-05
2019-1-4,1,lasso,105,-0.005316666,2.32E-05
2019-1-7,1,lasso,105,0.002401212,2.32E-05
2019-1-8,1,lasso,105,-0.007115978,2.32E-05
2019-1-9,1,lasso,105,0.003355004,2.32E-05
2019-1-10,1,lasso,105,0.001359762,2.32E-05
2019-1-11,1,lasso,105,-0.000627353,2.32E-05
2019-1-14,1,lasso,105,0.004487354,2.32E-05
2019-1-15,1,lasso,105,0.000208225,2.32E-05
2019-1-16,1,lasso,105,0,2.32E-05
2019-1-17,1,lasso,105,0.002910605,2.32E-05
2019-1-18,1,lasso,105,0,2.32E-05
2019-1-21,1,lasso,105,-0.000415282,2.32E-05
2019-1-22,1,lasso,105,-0.001870908,2.32E-05
2019-1-23,1,lasso,105,0.00498133,2.32E-05
2019-1-24,1,lasso,105,-0.008420446,2.32E-05
2019-1-25,1,lasso,105,-0.000417667,2.32E-05
2019-1-28,1,lasso,105,0.000730803,2.32E-05
2019-1-29,1,lasso,105,-0.005021982,2.32E-05
2019-1-30,1,lasso,105,0.002514143,2.32E-05
2019-1-31,1,lasso,105,0,2.32E-05
2019-2-1,1,lasso,105,0.002820876,2.32E-05
2019-2-4,1,lasso,105,0.002292623,2.32E-05
2019-2-5,1,lasso,105,0.003325369,2.32E-05
2019-2-6,1,lasso,105,0.001244168,2.32E-05
2019-2-7,1,lasso,105,0.001346104,2.32E-05
2019-2-8,1,lasso,105,0.00433661,2.32E-05
2019-2-11,1,lasso,105,-0.003612534,2.32E-05
2019-2-12,1,lasso,105,0.004333478,2.32E-05
2019-2-13,1,lasso,105,-0.001545516,2.32E-05
2019-2-14,1,lasso,105,-0.000825253,2.32E-05
2019-2-15,1,lasso,105,0,2.32E-05
2019-2-18,1,lasso,105,-0.003929278,2.32E-05
2019-2-19,1,lasso,105,-0.000725501,2.32E-05
2019-2-20,1,lasso,105,0.001657516,2.32E-05
2019-2-21,1,lasso,105,-0.001035626,2.32E-05
2019-2-22,1,lasso,105,-0.001036699,2.32E-05
2019-2-25,1,lasso,105,-0.004261739,2.32E-05
2019-2-26,1,lasso,105,0.001561281,2.32E-05
2019-2-27,1,lasso,105,0.000103999,2.32E-05
2019-2-28,1,lasso,105,0.00384037,2.32E-05
2019-3-1,1,lasso,105,0.001552715,2.32E-05
2019-3-4,1,lasso,105,0.001963318,2.32E-05
2019-3-5,1,lasso,105,0,2.32E-05
2019-3-6,1,lasso,105,0.008224576,2.32E-05
2019-3-7,1,lasso,105,-0.003692691,2.32E-05
2019-1-11,1,lasso,106,-0.000627353,-0.00021146
2019-1-14,1,lasso,106,0.004487354,-0.000210998
2019-1-15,1,lasso,106,0.000208225,-0.000212902
2019-1-16,1,lasso,106,0,-0.000211165
2019-1-17,1,lasso,106,0.002910605,-0.000210705
2019-1-18,1,lasso,106,0,-0.0002104
2019-1-21,1,lasso,106,-0.000415282,-0.000210509
2019-1-22,1,lasso,106,-0.001870908,-0.000209967
2019-1-23,1,lasso,106,0.00498133,-0.000210574
2019-1-24,1,lasso,106,-0.008420446,-0.000208386
2019-1-25,1,lasso,106,-0.000417667,-0.000209284
2019-1-28,1,lasso,106,0.000730803,-0.000209428
2019-1-29,1,lasso,106,-0.005021982,-0.000211321
2019-1-30,1,lasso,106,0.002514143,-0.000211124
2019-1-31,1,lasso,106,0,-0.000210127
2019-2-1,1,lasso,106,0.002820876,-0.000244151
2019-2-4,1,lasso,106,0.002292623,-0.000243914
2019-2-5,1,lasso,106,0.003325369,-0.000245352
2019-2-6,1,lasso,106,0.001244168,-0.000245369
2019-2-7,1,lasso,106,0.001346104,-0.000245007
2019-2-8,1,lasso,106,0.00433661,-0.000245612
2019-2-11,1,lasso,106,-0.003612534,-0.000246137
2019-2-12,1,lasso,106,0.004333478,-0.00024635
2019-2-13,1,lasso,106,-0.001545516,-0.000246057
2019-2-14,1,lasso,106,-0.000825253,-0.000246006
2019-2-15,1,lasso,106,0,-0.000245959
2019-2-18,1,lasso,106,-0.003929278,-0.000246068
2019-2-19,1,lasso,106,-0.000725501,-0.000246071
2019-2-20,1,lasso,106,0.001657516,-0.000247079
2019-2-21,1,lasso,106,-0.001035626,-0.000247149
2019-2-22,1,lasso,106,-0.001036699,-0.000247344
2019-2-25,1,lasso,106,-0.004261739,-0.000247223
2019-2-26,1,lasso,106,0.001561281,-0.000247633
2019-2-27,1,lasso,106,0.000103999,-0.000247292
2019-2-28,1,lasso,106,0.00384037,-0.000246682
2019-3-1,1,lasso,106,0.001552715,-0.000248611
2019-3-4,1,lasso,106,0.001963318,-0.000248352
2019-3-5,1,lasso,106,0,-0.000250149
2019-3-6,1,lasso,106,0.008224576,-0.000250059
2019-3-7,1,lasso,106,-0.003692691,-0.000249709
2019-3-8,1,lasso,106,-0.000925307,-0.000249429
2019-3-11,1,lasso,106,-0.002884221,-0.000249036
2019-3-12,1,lasso,106,-0.004031222,-0.000249962
2019-3-13,1,lasso,106,0.002379352,-0.000249556
2019-3-14,1,lasso,106,-0.001965145,-0.000249548
2019-3-15,1,lasso,106,-0.000724975,-0.000249604
2019-3-18,1,lasso,106,-0.00145153,-0.000249256
2019-3-19,1,lasso,106,-0.00645365,-0.000250528
2019-3-20,1,lasso,106,0.007697947,-0.000250661
2019-3-21,1,lasso,106,0.001553197,-0.000250686
2019-3-22,1,lasso,106,-0.000828072,-0.000249829
2019-3-25,1,lasso,106,0.001758833,-0.000249404
2019-3-26,1,lasso,106,0.000310061,-0.000250428
2019-3-27,1,lasso,106,0.004433683,-0.000248853
2019-3-28,1,lasso,106,0.000822707,-0.000248644
2019-3-29,1,lasso,106,-0.000514112,-0.000246682
2019-4-1,1,lasso,106,0.001336143,-0.000193545
2019-4-2,1,lasso,106,-0.002777065,-0.000195848
2019-4-3,1,lasso,106,0.002263375,-0.000195978
2019-4-4,1,lasso,106,0.000821777,-0.000195829
2019-2-8,1,lasso,107,0.00433661,2.05E-05
2019-2-11,1,lasso,107,-0.003612534,2.05E-05
2019-2-12,1,lasso,107,0.004333478,2.05E-05
2019-2-13,1,lasso,107,-0.001545516,2.05E-05
2019-2-14,1,lasso,107,-0.000825253,2.05E-05
2019-2-15,1,lasso,107,0,2.05E-05
2019-2-18,1,lasso,107,-0.003929278,2.05E-05
2019-2-19,1,lasso,107,-0.000725501,2.05E-05
2019-2-20,1,lasso,107,0.001657516,2.05E-05
2019-2-21,1,lasso,107,-0.001035626,2.05E-05
2019-2-22,1,lasso,107,-0.001036699,2.05E-05
2019-2-25,1,lasso,107,-0.004261739,2.05E-05
2019-2-26,1,lasso,107,0.001561281,2.05E-05
2019-2-27,1,lasso,107,0.000103999,2.05E-05
2019-2-28,1,lasso,107,0.00384037,2.05E-05
2019-3-1,1,lasso,107,0.001552715,2.05E-05
2019-3-4,1,lasso,107,0.001963318,2.05E-05
2019-3-5,1,lasso,107,0,2.05E-05
2019-3-6,1,lasso,107,0.008224576,2.05E-05
2019-3-7,1,lasso,107,-0.003692691,2.05E-05
2019-3-8,1,lasso,107,-0.000925307,2.05E-05
2019-3-11,1,lasso,107,-0.002884221,2.05E-05
2019-3-12,1,lasso,107,-0.004031222,2.05E-05
2019-3-13,1,lasso,107,0.002379352,2.05E-05
2019-3-14,1,lasso,107,-0.001965145,2.05E-05
2019-3-15,1,lasso,107,-0.000724975,2.05E-05
2019-3-18,1,lasso,107,-0.00145153,2.05E-05
2019-3-19,1,lasso,107,-0.00645365,2.05E-05
2019-3-20,1,lasso,107,0.007697947,2.05E-05
2019-3-21,1,lasso,107,0.001553197,2.05E-05
2019-3-22,1,lasso,107,-0.000828072,2.05E-05
2019-3-25,1,lasso,107,0.001758833,2.05E-05
2019-3-26,1,lasso,107,0.000310061,2.05E-05
2019-3-27,1,lasso,107,0.004433683,2.05E-05
2019-3-28,1,lasso,107,0.000822707,2.05E-05
2019-3-29,1,lasso,107,-0.000514112,2.05E-05
2019-4-1,1,lasso,107,0.001336143,2.05E-05
2019-4-2,1,lasso,107,-0.002777065,2.05E-05
2019-4-3,1,lasso,107,0.002263375,2.05E-05
2019-4-4,1,lasso,107,0.000821777,2.05E-05
2019-4-5,1,lasso,107,-0.003497226,2.05E-05
2019-4-8,1,lasso,107,-0.000412244,2.05E-05
2019-4-9,1,lasso,107,-0.000618684,2.05E-05
2019-4-10,1,lasso,107,0.002369547,2.05E-05
2019-4-11,1,lasso,107,-0.002163277,2.05E-05
2019-4-12,1,lasso,107,-0.000309422,2.05E-05
2019-4-15,1,lasso,107,0.001031034,2.05E-05
2019-4-16,1,lasso,107,-0.000309199,2.05E-05
2019-4-17,1,lasso,107,0.004730572,2.05E-05
2019-4-18,1,lasso,107,-0.000923788,2.05E-05
2019-4-19,1,lasso,107,-0.000924642,2.05E-05
2019-4-22,1,lasso,107,0.003591037,2.05E-05
2019-4-23,1,lasso,107,0.005413424,2.05E-05
2019-4-24,1,lasso,107,0.000305546,2.05E-05
2019-4-25,1,lasso,107,-0.001936701,2.05E-05
2019-4-26,1,lasso,107,-0.001531628,2.05E-05
2019-4-29,1,lasso,107,-0.003890657,2.05E-05
2019-4-30,1,lasso,107,0.002151971,2.05E-05
2019-5-1,1,lasso,107,0.001432079,2.05E-05
2019-5-2,1,lasso,107,-0.003173793,2.05E-05
2019-3-8,1,lasso,108,-0.000925307,2.24E-05
2019-3-11,1,lasso,108,-0.002884221,2.24E-05
2019-3-12,1,lasso,108,-0.004031222,2.24E-05
2019-3-13,1,lasso,108,0.002379352,2.24E-05
2019-3-14,1,lasso,108,-0.001965145,2.24E-05
2019-3-15,1,lasso,108,-0.000724975,2.24E-05
2019-3-18,1,lasso,108,-0.00145153,2.24E-05
2019-3-19,1,lasso,108,-0.00645365,2.24E-05
2019-3-20,1,lasso,108,0.007697947,2.24E-05
2019-3-21,1,lasso,108,0.001553197,2.24E-05
2019-3-22,1,lasso,108,-0.000828072,2.24E-05
2019-3-25,1,lasso,108,0.001758833,2.24E-05
2019-3-26,1,lasso,108,0.000310061,2.24E-05
2019-3-27,1,lasso,108,0.004433683,2.24E-05
2019-3-28,1,lasso,108,0.000822707,2.24E-05
2019-3-29,1,lasso,108,-0.000514112,2.24E-05
2019-4-1,1,lasso,108,0.001336143,2.24E-05
2019-4-2,1,lasso,108,-0.002777065,2.24E-05
2019-4-3,1,lasso,108,0.002263375,2.24E-05
2019-4-4,1,lasso,108,0.000821777,2.24E-05
2019-4-5,1,lasso,108,-0.003497226,2.24E-05
2019-4-8,1,lasso,108,-0.000412244,2.24E-05
2019-4-9,1,lasso,108,-0.000618684,2.24E-05
2019-4-10,1,lasso,108,0.002369547,2.24E-05
2019-4-11,1,lasso,108,-0.002163277,2.24E-05
2019-4-12,1,lasso,108,-0.000309422,2.24E-05
2019-4-15,1,lasso,108,0.001031034,2.24E-05
2019-4-16,1,lasso,108,-0.000309199,2.24E-05
2019-4-17,1,lasso,108,0.004730572,2.24E-05
2019-4-18,1,lasso,108,-0.000923788,2.24E-05
2019-4-19,1,lasso,108,-0.000924642,2.24E-05
2019-4-22,1,lasso,108,0.003591037,2.24E-05
2019-4-23,1,lasso,108,0.005413424,2.24E-05
2019-4-24,1,lasso,108,0.000305546,2.24E-05
2019-4-25,1,lasso,108,-0.001936701,2.24E-05
2019-4-26,1,lasso,108,-0.001531628,2.24E-05
2019-4-29,1,lasso,108,-0.003890657,2.24E-05
2019-4-30,1,lasso,108,0.002151971,2.24E-05
2019-5-1,1,lasso,108,0.001432079,2.24E-05
2019-5-2,1,lasso,108,-0.003173793,2.24E-05
2019-5-3,1,lasso,108,0,2.24E-05
2019-5-6,1,lasso,108,0.001127338,2.24E-05
2019-5-7,1,lasso,108,-0.000102433,2.24E-05
2019-5-8,1,lasso,108,-0.002564235,2.24E-05
2019-5-9,1,lasso,108,-0.000410889,2.24E-05
2019-5-10,1,lasso,108,-0.000102749,2.24E-05
2019-5-13,1,lasso,108,0.002155505,2.24E-05
2019-5-14,1,lasso,108,0.000410046,2.24E-05
2019-5-15,1,lasso,108,0.002967817,2.24E-05
2019-5-16,1,lasso,108,0.001429593,2.24E-05
2019-5-17,1,lasso,108,-0.000714541,2.24E-05
2019-5-20,1,lasso,108,0.001326598,2.24E-05
2019-5-21,1,lasso,108,-0.000203978,2.24E-05
2019-5-22,1,lasso,108,-0.001837673,2.24E-05
2019-5-23,1,lasso,108,-0.002557939,2.24E-05
2019-5-24,1,lasso,108,0,2.24E-05
2019-5-27,1,lasso,108,0.003477197,2.24E-05
2019-5-28,1,lasso,108,0.001937886,2.24E-05
2019-5-29,1,lasso,108,0,2.24E-05
2019-5-30,1,lasso,108,-0.003981832,2.24E-05
2019-4-5,1,lasso,109,-0.003497226,2.25E-05
2019-4-8,1,lasso,109,-0.000412244,2.25E-05
2019-4-9,1,lasso,109,-0.000618684,2.25E-05
2019-4-10,1,lasso,109,0.002369547,2.25E-05
2019-4-11,1,lasso,109,-0.002163277,2.25E-05
2019-4-12,1,lasso,109,-0.000309422,2.25E-05
2019-4-15,1,lasso,109,0.001031034,2.25E-05
2019-4-16,1,lasso,109,-0.000309199,2.25E-05
2019-4-17,1,lasso,109,0.004730572,2.25E-05
2019-4-18,1,lasso,109,-0.000923788,2.25E-05
2019-4-19,1,lasso,109,-0.000924642,2.25E-05
2019-4-22,1,lasso,109,0.003591037,2.25E-05
2019-4-23,1,lasso,109,0.005413424,2.25E-05
2019-4-24,1,lasso,109,0.000305546,2.25E-05
2019-4-25,1,lasso,109,-0.001936701,2.25E-05
2019-4-26,1,lasso,109,-0.001531628,2.25E-05
2019-4-29,1,lasso,109,-0.003890657,2.25E-05
2019-4-30,1,lasso,109,0.002151971,2.25E-05
2019-5-1,1,lasso,109,0.001432079,2.25E-05
2019-5-2,1,lasso,109,-0.003173793,2.25E-05
2019-5-3,1,lasso,109,0,2.25E-05
2019-5-6,1,lasso,109,0.001127338,2.25E-05
2019-5-7,1,lasso,109,-0.000102433,2.25E-05
2019-5-8,1,lasso,109,-0.002564235,2.25E-05
2019-5-9,1,lasso,109,-0.000410889,2.25E-05
2019-5-10,1,lasso,109,-0.000102749,2.25E-05
2019-5-13,1,lasso,109,0.002155505,2.25E-05
2019-5-14,1,lasso,109,0.000410046,2.25E-05
2019-5-15,1,lasso,109,0.002967817,2.25E-05
2019-5-16,1,lasso,109,0.001429593,2.25E-05
2019-5-17,1,lasso,109,-0.000714541,2.25E-05
2019-5-20,1,lasso,109,0.001326598,2.25E-05
2019-5-21,1,lasso,109,-0.000203978,2.25E-05
2019-5-22,1,lasso,109,-0.001837673,2.25E-05
2019-5-23,1,lasso,109,-0.002557939,2.25E-05
2019-5-24,1,lasso,109,0,2.25E-05
2019-5-27,1,lasso,109,0.003477197,2.25E-05
2019-5-28,1,lasso,109,0.001937886,2.25E-05
2019-5-29,1,lasso,109,0,2.25E-05
2019-5-30,1,lasso,109,-0.003981832,2.25E-05
2019-5-31,1,lasso,109,-0.006259962,2.25E-05
2019-6-3,1,lasso,109,-0.000720869,2.25E-05
2019-6-4,1,lasso,109,0.00257215,2.25E-05
2019-6-5,1,lasso,109,-0.002881253,2.25E-05
2019-6-6,1,lasso,109,-0.005165834,2.25E-05
2019-6-7,1,lasso,109,0.002276256,2.25E-05
2019-6-10,1,lasso,109,-0.000723701,2.25E-05
2019-6-11,1,lasso,109,0.003200994,2.25E-05
2019-6-12,1,lasso,109,0.000103087,2.25E-05
2019-6-13,1,lasso,109,0.005756003,2.25E-05
2019-6-14,1,lasso,109,-0.000102496,2.25E-05
2019-6-17,1,lasso,109,0.000819672,2.25E-05
2019-6-18,1,lasso,109,-0.005339918,2.25E-05
2019-6-19,1,lasso,109,-0.005058075,2.25E-05
2019-6-20,1,lasso,109,-0.004252016,2.25E-05
2019-6-21,1,lasso,109,-0.0024974,2.25E-05
2019-6-24,1,lasso,109,0.001665626,2.25E-05
2019-6-25,1,lasso,109,0.00072784,2.25E-05
2019-6-26,1,lasso,109,-0.0002079,2.25E-05
2019-6-27,1,lasso,109,-0.00062396,2.25E-05
2019-5-3,1,lasso,110,0,2.28E-05
2019-5-6,1,lasso,110,0.001127338,2.28E-05
2019-5-7,1,lasso,110,-0.000102433,2.28E-05
2019-5-8,1,lasso,110,-0.002564235,2.28E-05
2019-5-9,1,lasso,110,-0.000410889,2.28E-05
2019-5-10,1,lasso,110,-0.000102749,2.28E-05
2019-5-13,1,lasso,110,0.002155505,2.28E-05
2019-5-14,1,lasso,110,0.000410046,2.28E-05
2019-5-15,1,lasso,110,0.002967817,2.28E-05
2019-5-16,1,lasso,110,0.001429593,2.28E-05
2019-5-17,1,lasso,110,-0.000714541,2.28E-05
2019-5-20,1,lasso,110,0.001326598,2.28E-05
2019-5-21,1,lasso,110,-0.000203978,2.28E-05
2019-5-22,1,lasso,110,-0.001837673,2.28E-05
2019-5-23,1,lasso,110,-0.002557939,2.28E-05
2019-5-24,1,lasso,110,0,2.28E-05
2019-5-27,1,lasso,110,0.003477197,2.28E-05
2019-5-28,1,lasso,110,0.001937886,2.28E-05
2019-5-29,1,lasso,110,0,2.28E-05
2019-5-30,1,lasso,110,-0.003981832,2.28E-05
2019-5-31,1,lasso,110,-0.006259962,2.28E-05
2019-6-3,1,lasso,110,-0.000720869,2.28E-05
2019-6-4,1,lasso,110,0.00257215,2.28E-05
2019-6-5,1,lasso,110,-0.002881253,2.28E-05
2019-6-6,1,lasso,110,-0.005165834,2.28E-05
2019-6-7,1,lasso,110,0.002276256,2.28E-05
2019-6-10,1,lasso,110,-0.000723701,2.28E-05
2019-6-11,1,lasso,110,0.003200994,2.28E-05
2019-6-12,1,lasso,110,0.000103087,2.28E-05
2019-6-13,1,lasso,110,0.005756003,2.28E-05
2019-6-14,1,lasso,110,-0.000102496,2.28E-05
2019-6-17,1,lasso,110,0.000819672,2.28E-05
2019-6-18,1,lasso,110,-0.005339918,2.28E-05
2019-6-19,1,lasso,110,-0.005058075,2.28E-05
2019-6-20,1,lasso,110,-0.004252016,2.28E-05
2019-6-21,1,lasso,110,-0.0024974,2.28E-05
2019-6-24,1,lasso,110,0.001665626,2.28E-05
2019-6-25,1,lasso,110,0.00072784,2.28E-05
2019-6-26,1,lasso,110,-0.0002079,2.28E-05
2019-6-27,1,lasso,110,-0.00062396,2.28E-05
2019-6-28,1,lasso,110,0.00735869,2.28E-05
2019-7-1,1,lasso,110,-0.00113654,2.28E-05
2019-7-2,1,lasso,110,0.000413437,2.28E-05
2019-7-3,1,lasso,110,0,2.28E-05
2019-7-4,1,lasso,110,0.00535918,2.28E-05
2019-7-5,1,lasso,110,0.000924642,2.28E-05
2019-7-8,1,lasso,110,0.001128958,2.28E-05
2019-7-9,1,lasso,110,-0.004008433,2.28E-05
2019-7-10,1,lasso,110,-0.000515066,2.28E-05
2019-7-11,1,lasso,110,-0.002476015,2.28E-05
2019-7-12,1,lasso,110,0.001238774,2.28E-05
2019-7-15,1,lasso,110,0.004734467,2.28E-05
2019-7-16,1,lasso,110,-0.001747084,2.28E-05
2019-7-17,1,lasso,110,-0.004432768,2.28E-05
2019-7-18,1,lasso,110,0.003712493,2.28E-05
2019-7-19,1,lasso,110,0.001131629,2.28E-05
2019-7-22,1,lasso,110,0.004513754,2.28E-05
2019-7-23,1,lasso,110,0.000307015,2.28E-05
2019-7-24,1,lasso,110,0.000920481,2.28E-05
2019-7-25,1,lasso,110,0.001940459,2.28E-05
2019-5-31,1,lasso,111,-0.006259962,2.33E-05
2019-6-3,1,lasso,111,-0.000720869,2.33E-05
2019-6-4,1,lasso,111,0.00257215,2.33E-05
2019-6-5,1,lasso,111,-0.002881253,2.33E-05
2019-6-6,1,lasso,111,-0.005165834,2.33E-05
2019-6-7,1,lasso,111,0.002276256,2.33E-05
2019-6-10,1,lasso,111,-0.000723701,2.33E-05
2019-6-11,1,lasso,111,0.003200994,2.33E-05
2019-6-12,1,lasso,111,0.000103087,2.33E-05
2019-6-13,1,lasso,111,0.005756003,2.33E-05
2019-6-14,1,lasso,111,-0.000102496,2.33E-05
2019-6-17,1,lasso,111,0.000819672,2.33E-05
2019-6-18,1,lasso,111,-0.005339918,2.33E-05
2019-6-19,1,lasso,111,-0.005058075,2.33E-05
2019-6-20,1,lasso,111,-0.004252016,2.33E-05
2019-6-21,1,lasso,111,-0.0024974,2.33E-05
2019-6-24,1,lasso,111,0.001665626,2.33E-05
2019-6-25,1,lasso,111,0.00072784,2.33E-05
2019-6-26,1,lasso,111,-0.0002079,2.33E-05
2019-6-27,1,lasso,111,-0.00062396,2.33E-05
2019-6-28,1,lasso,111,0.00735869,2.33E-05
2019-7-1,1,lasso,111,-0.00113654,2.33E-05
2019-7-2,1,lasso,111,0.000413437,2.33E-05
2019-7-3,1,lasso,111,0,2.33E-05
2019-7-4,1,lasso,111,0.00535918,2.33E-05
2019-7-5,1,lasso,111,0.000924642,2.33E-05
2019-7-8,1,lasso,111,0.001128958,2.33E-05
2019-7-9,1,lasso,111,-0.004008433,2.33E-05
2019-7-10,1,lasso,111,-0.000515066,2.33E-05
2019-7-11,1,lasso,111,-0.002476015,2.33E-05
2019-7-12,1,lasso,111,0.001238774,2.33E-05
2019-7-15,1,lasso,111,0.004734467,2.33E-05
2019-7-16,1,lasso,111,-0.001747084,2.33E-05
2019-7-17,1,lasso,111,-0.004432768,2.33E-05
2019-7-18,1,lasso,111,0.003712493,2.33E-05
2019-7-19,1,lasso,111,0.001131629,2.33E-05
2019-7-22,1,lasso,111,0.004513754,2.33E-05
2019-7-23,1,lasso,111,0.000307015,2.33E-05
2019-7-24,1,lasso,111,0.000920481,2.33E-05
2019-7-25,1,lasso,111,0.001940459,2.33E-05
2019-7-26,1,lasso,111,0.000306044,2.33E-05
2019-7-29,1,lasso,111,0.000101994,2.33E-05
2019-7-30,1,lasso,111,0.004782021,2.33E-05
2019-7-31,1,lasso,111,-0.001523694,2.33E-05
2019-8-1,1,lasso,111,-0.00305437,2.33E-05
2019-8-2,1,lasso,111,-0.005624024,2.33E-05
2019-8-5,1,lasso,111,0.001127338,2.33E-05
2019-8-6,1,lasso,111,-0.000922273,2.33E-05
2019-8-7,1,lasso,111,0.00081984,2.33E-05
2019-8-8,1,lasso,111,-0.001332582,2.33E-05
2019-8-9,1,lasso,111,-0.001128958,2.33E-05
2019-8-12,1,lasso,111,0.004405971,2.33E-05
2019-8-13,1,lasso,111,0.001838611,2.33E-05
2019-8-14,1,lasso,111,0.001529598,2.33E-05
2019-8-15,1,lasso,111,0,2.33E-05
2019-8-16,1,lasso,111,0.002137514,2.33E-05
2019-8-19,1,lasso,111,-0.001628168,2.33E-05
2019-8-20,1,lasso,111,0.00111965,2.33E-05
2019-8-21,1,lasso,111,-0.001323357,2.33E-05
2019-8-22,1,lasso,111,-0.005413424,2.33E-05
2019-6-28,1,lasso,112,0.00735869,1.83E-05
2019-7-1,1,lasso,112,-0.00113654,1.83E-05
2019-7-2,1,lasso,112,0.000413437,1.83E-05
2019-7-3,1,lasso,112,0,1.83E-05
2019-7-4,1,lasso,112,0.00535918,1.83E-05
2019-7-5,1,lasso,112,0.000924642,1.83E-05
2019-7-8,1,lasso,112,0.001128958,1.83E-05
2019-7-9,1,lasso,112,-0.004008433,1.83E-05
2019-7-10,1,lasso,112,-0.000515066,1.83E-05
2019-7-11,1,lasso,112,-0.002476015,1.83E-05
2019-7-12,1,lasso,112,0.001238774,1.83E-05
2019-7-15,1,lasso,112,0.004734467,1.83E-05
2019-7-16,1,lasso,112,-0.001747084,1.83E-05
2019-7-17,1,lasso,112,-0.004432768,1.83E-05
2019-7-18,1,lasso,112,0.003712493,1.83E-05
2019-7-19,1,lasso,112,0.001131629,1.83E-05
2019-7-22,1,lasso,112,0.004513754,1.83E-05
2019-7-23,1,lasso,112,0.000307015,1.83E-05
2019-7-24,1,lasso,112,0.000920481,1.83E-05
2019-7-25,1,lasso,112,0.001940459,1.83E-05
2019-7-26,1,lasso,112,0.000306044,1.83E-05
2019-7-29,1,lasso,112,0.000101994,1.83E-05
2019-7-30,1,lasso,112,0.004782021,1.83E-05
2019-7-31,1,lasso,112,-0.001523694,1.83E-05
2019-8-1,1,lasso,112,-0.00305437,1.83E-05
2019-8-2,1,lasso,112,-0.005624024,1.83E-05
2019-8-5,1,lasso,112,0.001127338,1.83E-05
2019-8-6,1,lasso,112,-0.000922273,1.83E-05
2019-8-7,1,lasso,112,0.00081984,1.83E-05
2019-8-8,1,lasso,112,-0.001332582,1.83E-05
2019-8-9,1,lasso,112,-0.001128958,1.83E-05
2019-8-12,1,lasso,112,0.004405971,1.83E-05
2019-8-13,1,lasso,112,0.001838611,1.83E-05
2019-8-14,1,lasso,112,0.001529598,1.83E-05
2019-8-15,1,lasso,112,0,1.83E-05
2019-8-16,1,lasso,112,0.002137514,1.83E-05
2019-8-19,1,lasso,112,-0.001628168,1.83E-05
2019-8-20,1,lasso,112,0.00111965,1.83E-05
2019-8-21,1,lasso,112,-0.001323357,1.83E-05
2019-8-22,1,lasso,112,-0.005413424,1.83E-05
2019-8-23,1,lasso,112,0.004496227,1.83E-05
2019-8-26,1,lasso,112,-0.000815994,1.83E-05
2019-8-27,1,lasso,112,0.002140564,1.83E-05
2019-8-28,1,lasso,112,0.003050023,1.83E-05
2019-8-29,1,lasso,112,0.004153377,1.83E-05
2019-8-30,1,lasso,112,0,1.83E-05
2019-9-2,1,lasso,112,0.000808407,1.83E-05
2019-9-3,1,lasso,112,-0.005571045,1.83E-05
2019-9-4,1,lasso,112,-0.00040638,1.83E-05
2019-9-5,1,lasso,112,-0.000203252,1.83E-05
2019-9-6,1,lasso,112,-0.001118625,1.83E-05
2019-9-9,1,lasso,112,0.000508621,1.83E-05
2019-9-10,1,lasso,112,0.00314769,1.83E-05
2019-9-11,1,lasso,112,-0.003351107,1.83E-05
2019-9-12,1,lasso,112,-0.000508725,1.83E-05
2019-9-13,1,lasso,112,0.00355565,1.83E-05
2019-9-16,1,lasso,112,-0.00355565,1.83E-05
2019-9-17,1,lasso,112,0.003048473,1.83E-05
2019-9-18,1,lasso,112,-0.002946707,1.83E-05
2019-9-19,1,lasso,112,0.002439273,1.83E-05
2019-7-26,1,lasso,113,0.000306044,2.38E-05
2019-7-29,1,lasso,113,0.000101994,2.38E-05
2019-7-30,1,lasso,113,0.004782021,2.38E-05
2019-7-31,1,lasso,113,-0.001523694,2.38E-05
2019-8-1,1,lasso,113,-0.00305437,2.38E-05
2019-8-2,1,lasso,113,-0.005624024,2.38E-05
2019-8-5,1,lasso,113,0.001127338,2.38E-05
2019-8-6,1,lasso,113,-0.000922273,2.38E-05
2019-8-7,1,lasso,113,0.00081984,2.38E-05
2019-8-8,1,lasso,113,-0.001332582,2.38E-05
2019-8-9,1,lasso,113,-0.001128958,2.38E-05
2019-8-12,1,lasso,113,0.004405971,2.38E-05
2019-8-13,1,lasso,113,0.001838611,2.38E-05
2019-8-14,1,lasso,113,0.001529598,2.38E-05
2019-8-15,1,lasso,113,0,2.38E-05
2019-8-16,1,lasso,113,0.002137514,2.38E-05
2019-8-19,1,lasso,113,-0.001628168,2.38E-05
2019-8-20,1,lasso,113,0.00111965,2.38E-05
2019-8-21,1,lasso,113,-0.001323357,2.38E-05
2019-8-22,1,lasso,113,-0.005413424,2.38E-05
2019-8-23,1,lasso,113,0.004496227,2.38E-05
2019-8-26,1,lasso,113,-0.000815994,2.38E-05
2019-8-27,1,lasso,113,0.002140564,2.38E-05
2019-8-28,1,lasso,113,0.003050023,2.38E-05
2019-8-29,1,lasso,113,0.004153377,2.38E-05
2019-8-30,1,lasso,113,0,2.38E-05
2019-9-2,1,lasso,113,0.000808407,2.38E-05
2019-9-3,1,lasso,113,-0.005571045,2.38E-05
2019-9-4,1,lasso,113,-0.00040638,2.38E-05
2019-9-5,1,lasso,113,-0.000203252,2.38E-05
2019-9-6,1,lasso,113,-0.001118625,2.38E-05
2019-9-9,1,lasso,113,0.000508621,2.38E-05
2019-9-10,1,lasso,113,0.00314769,2.38E-05
2019-9-11,1,lasso,113,-0.003351107,2.38E-05
2019-9-12,1,lasso,113,-0.000508725,2.38E-05
2019-9-13,1,lasso,113,0.00355565,2.38E-05
2019-9-16,1,lasso,113,-0.00355565,2.38E-05
2019-9-17,1,lasso,113,0.003048473,2.38E-05
2019-9-18,1,lasso,113,-0.002946707,2.38E-05
2019-9-19,1,lasso,113,0.002439273,2.38E-05
2019-9-20,1,lasso,113,0.000913196,2.38E-05
2019-9-23,1,lasso,113,-0.0026404,2.38E-05
2019-9-24,1,lasso,113,0.007092947,2.38E-05
2019-9-25,1,lasso,113,0.000908311,2.38E-05
2019-9-26,1,lasso,113,-0.000201776,2.38E-05
2019-9-27,1,lasso,113,0.002720542,2.38E-05
2019-9-30,1,lasso,113,-0.002518766,2.38E-05
2019-10-1,1,lasso,113,-0.00111027,2.38E-05
2019-10-2,1,lasso,113,-0.001617142,2.38E-05
2019-10-3,1,lasso,113,-0.000505894,2.38E-05
2019-10-4,1,lasso,113,0.00161796,2.38E-05
2019-10-7,1,lasso,113,0.001615346,2.38E-05
2019-10-8,1,lasso,113,-0.000100883,2.38E-05
2019-10-9,1,lasso,113,-0.004246291,2.38E-05
2019-10-10,1,lasso,113,-0.004060919,2.38E-05
2019-10-11,1,lasso,113,0.001524778,2.38E-05
2019-10-14,1,lasso,113,-0.001626513,2.38E-05
2019-10-15,1,lasso,113,-0.002954814,2.38E-05
2019-10-16,1,lasso,113,-0.003987531,2.38E-05
2019-10-17,1,lasso,113,-0.003386529,2.38E-05
2019-8-23,1,lasso,114,0.004496227,2.26E-05
2019-8-26,1,lasso,114,-0.000815994,2.26E-05
2019-8-27,1,lasso,114,0.002140564,2.26E-05
2019-8-28,1,lasso,114,0.003050023,2.26E-05
2019-8-29,1,lasso,114,0.004153377,2.26E-05
2019-8-30,1,lasso,114,0,2.26E-05
2019-9-2,1,lasso,114,0.000808407,2.26E-05
2019-9-3,1,lasso,114,-0.005571045,2.26E-05
2019-9-4,1,lasso,114,-0.00040638,2.26E-05
2019-9-5,1,lasso,114,-0.000203252,2.26E-05
2019-9-6,1,lasso,114,-0.001118625,2.26E-05
2019-9-9,1,lasso,114,0.000508621,2.26E-05
2019-9-10,1,lasso,114,0.00314769,2.26E-05
2019-9-11,1,lasso,114,-0.003351107,2.26E-05
2019-9-12,1,lasso,114,-0.000508725,2.26E-05
2019-9-13,1,lasso,114,0.00355565,2.26E-05
2019-9-16,1,lasso,114,-0.00355565,2.26E-05
2019-9-17,1,lasso,114,0.003048473,2.26E-05
2019-9-18,1,lasso,114,-0.002946707,2.26E-05
2019-9-19,1,lasso,114,0.002439273,2.26E-05
2019-9-20,1,lasso,114,0.000913196,2.26E-05
2019-9-23,1,lasso,114,-0.0026404,2.26E-05
2019-9-24,1,lasso,114,0.007092947,2.26E-05
2019-9-25,1,lasso,114,0.000908311,2.26E-05
2019-9-26,1,lasso,114,-0.000201776,2.26E-05
2019-9-27,1,lasso,114,0.002720542,2.26E-05
2019-9-30,1,lasso,114,-0.002518766,2.26E-05
2019-10-1,1,lasso,114,-0.00111027,2.26E-05
2019-10-2,1,lasso,114,-0.001617142,2.26E-05
2019-10-3,1,lasso,114,-0.000505894,2.26E-05
2019-10-4,1,lasso,114,0.00161796,2.26E-05
2019-10-7,1,lasso,114,0.001615346,2.26E-05
2019-10-8,1,lasso,114,-0.000100883,2.26E-05
2019-10-9,1,lasso,114,-0.004246291,2.26E-05
2019-10-10,1,lasso,114,-0.004060919,2.26E-05
2019-10-11,1,lasso,114,0.001524778,2.26E-05
2019-10-14,1,lasso,114,-0.001626513,2.26E-05
2019-10-15,1,lasso,114,-0.002954814,2.26E-05
2019-10-16,1,lasso,114,-0.003987531,2.26E-05
2019-10-17,1,lasso,114,-0.003386529,2.26E-05
2019-10-18,1,lasso,114,0.000513848,2.26E-05
2019-10-21,1,lasso,114,0.002052757,2.26E-05
2019-10-22,1,lasso,114,-0.000410214,2.26E-05
2019-10-23,1,lasso,114,0.001435015,2.26E-05
2019-10-24,1,lasso,114,0.002046455,2.26E-05
2019-10-25,1,lasso,114,-0.000715783,2.26E-05
2019-10-28,1,lasso,114,-0.000716296,2.26E-05
2019-10-29,1,lasso,114,-0.000409542,2.26E-05
2019-10-30,1,lasso,114,-0.003076926,2.26E-05
2019-10-31,1,lasso,114,-0.001130582,2.26E-05
2019-11-1,1,lasso,114,0.002670229,2.26E-05
2019-11-4,1,lasso,114,0.004910998,2.26E-05
2019-11-5,1,lasso,114,-0.000306232,2.26E-05
2019-11-6,1,lasso,114,0.001937886,2.26E-05
2019-11-7,1,lasso,114,0.002137514,2.26E-05
2019-11-8,1,lasso,114,-0.001526329,2.26E-05
2019-11-11,1,lasso,114,0.001119536,2.26E-05
2019-11-12,1,lasso,114,0.000610128,2.26E-05
2019-11-13,1,lasso,114,-0.002137079,2.26E-05
2019-11-14,1,lasso,114,-0.001631322,2.26E-05
2019-9-20,1,lasso,115,0.000913196,2.50E-05
2019-9-23,1,lasso,115,-0.0026404,2.50E-05
2019-9-24,1,lasso,115,0.007092947,2.50E-05
2019-9-25,1,lasso,115,0.000908311,2.50E-05
2019-9-26,1,lasso,115,-0.000201776,2.50E-05
2019-9-27,1,lasso,115,0.002720542,2.50E-05
2019-9-30,1,lasso,115,-0.002518766,2.50E-05
2019-10-1,1,lasso,115,-0.00111027,2.50E-05
2019-10-2,1,lasso,115,-0.001617142,2.50E-05
2019-10-3,1,lasso,115,-0.000505894,2.50E-05
2019-10-4,1,lasso,115,0.00161796,2.50E-05
2019-10-7,1,lasso,115,0.001615346,2.50E-05
2019-10-8,1,lasso,115,-0.000100883,2.50E-05
2019-10-9,1,lasso,115,-0.004246291,2.50E-05
2019-10-10,1,lasso,115,-0.004060919,2.50E-05
2019-10-11,1,lasso,115,0.001524778,2.50E-05
2019-10-14,1,lasso,115,-0.001626513,2.50E-05
2019-10-15,1,lasso,115,-0.002954814,2.50E-05
2019-10-16,1,lasso,115,-0.003987531,2.50E-05
2019-10-17,1,lasso,115,-0.003386529,2.50E-05
2019-10-18,1,lasso,115,0.000513848,2.50E-05
2019-10-21,1,lasso,115,0.002052757,2.50E-05
2019-10-22,1,lasso,115,-0.000410214,2.50E-05
2019-10-23,1,lasso,115,0.001435015,2.50E-05
2019-10-24,1,lasso,115,0.002046455,2.50E-05
2019-10-25,1,lasso,115,-0.000715783,2.50E-05
2019-10-28,1,lasso,115,-0.000716296,2.50E-05
2019-10-29,1,lasso,115,-0.000409542,2.50E-05
2019-10-30,1,lasso,115,-0.003076926,2.50E-05
2019-10-31,1,lasso,115,-0.001130582,2.50E-05
2019-11-1,1,lasso,115,0.002670229,2.50E-05
2019-11-4,1,lasso,115,0.004910998,2.50E-05
2019-11-5,1,lasso,115,-0.000306232,2.50E-05
2019-11-6,1,lasso,115,0.001937886,2.50E-05
2019-11-7,1,lasso,115,0.002137514,2.50E-05
2019-11-8,1,lasso,115,-0.001526329,2.50E-05
2019-11-11,1,lasso,115,0.001119536,2.50E-05
2019-11-12,1,lasso,115,0.000610128,2.50E-05
2019-11-13,1,lasso,115,-0.002137079,2.50E-05
2019-11-14,1,lasso,115,-0.001631322,2.50E-05
2019-11-15,1,lasso,115,-0.002145156,2.50E-05
2019-11-18,1,lasso,115,0.000715564,2.50E-05
2019-11-19,1,lasso,115,0.000715052,2.50E-05
2019-11-20,1,lasso,115,0.000612495,2.50E-05
2019-11-21,1,lasso,115,0.00285336,2.50E-05
2019-11-22,1,lasso,115,0.000508673,2.50E-05
2019-11-25,1,lasso,115,-0.000712215,2.50E-05
2019-11-26,1,lasso,115,0.001220629,2.50E-05
2019-11-27,1,lasso,115,0,2.50E-05
2019-11-28,1,lasso,115,-0.001017087,2.50E-05
2019-11-29,1,lasso,115,-0.004180907,2.50E-05
2019-12-2,1,lasso,115,-0.001226994,2.50E-05
2019-12-3,1,lasso,115,-0.000921235,2.50E-05
2019-12-4,1,lasso,115,-0.002460783,2.50E-05
2019-12-5,1,lasso,115,0.002972684,2.50E-05
2019-12-6,1,lasso,115,-0.000614314,2.50E-05
2019-12-9,1,lasso,115,-0.002358371,2.50E-05
2019-12-10,1,lasso,115,-0.003393494,2.50E-05
2019-12-11,1,lasso,115,0.00329083,2.50E-05
2019-12-12,1,lasso,115,-0.002364189,2.50E-05
2019-10-18,1,lasso,116,0.000513848,2.13E-05
2019-10-21,1,lasso,116,0.002052757,2.13E-05
2019-10-22,1,lasso,116,-0.000410214,2.13E-05
2019-10-23,1,lasso,116,0.001435015,2.13E-05
2019-10-24,1,lasso,116,0.002046455,2.13E-05
2019-10-25,1,lasso,116,-0.000715783,2.13E-05
2019-10-28,1,lasso,116,-0.000716296,2.13E-05
2019-10-29,1,lasso,116,-0.000409542,2.13E-05
2019-10-30,1,lasso,116,-0.003076926,2.13E-05
2019-10-31,1,lasso,116,-0.001130582,2.13E-05
2019-11-1,1,lasso,116,0.002670229,2.13E-05
2019-11-4,1,lasso,116,0.004910998,2.13E-05
2019-11-5,1,lasso,116,-0.000306232,2.13E-05
2019-11-6,1,lasso,116,0.001937886,2.13E-05
2019-11-7,1,lasso,116,0.002137514,2.13E-05
2019-11-8,1,lasso,116,-0.001526329,2.13E-05
2019-11-11,1,lasso,116,0.001119536,2.13E-05
2019-11-12,1,lasso,116,0.000610128,2.13E-05
2019-11-13,1,lasso,116,-0.002137079,2.13E-05
2019-11-14,1,lasso,116,-0.001631322,2.13E-05
2019-11-15,1,lasso,116,-0.002145156,2.13E-05
2019-11-18,1,lasso,116,0.000715564,2.13E-05
2019-11-19,1,lasso,116,0.000715052,2.13E-05
2019-11-20,1,lasso,116,0.000612495,2.13E-05
2019-11-21,1,lasso,116,0.00285336,2.13E-05
2019-11-22,1,lasso,116,0.000508673,2.13E-05
2019-11-25,1,lasso,116,-0.000712215,2.13E-05
2019-11-26,1,lasso,116,0.001220629,2.13E-05
2019-11-27,1,lasso,116,0,2.13E-05
2019-11-28,1,lasso,116,-0.001017087,2.13E-05
2019-11-29,1,lasso,116,-0.004180907,2.13E-05
2019-12-2,1,lasso,116,-0.001226994,2.13E-05
2019-12-3,1,lasso,116,-0.000921235,2.13E-05
2019-12-4,1,lasso,116,-0.002460783,2.13E-05
2019-12-5,1,lasso,116,0.002972684,2.13E-05
2019-12-6,1,lasso,116,-0.000614314,2.13E-05
2019-12-9,1,lasso,116,-0.002358371,2.13E-05
2019-12-10,1,lasso,116,-0.003393494,2.13E-05
2019-12-11,1,lasso,116,0.00329083,2.13E-05
2019-12-12,1,lasso,116,-0.002364189,2.13E-05
2019-12-13,1,lasso,116,-0.001544879,2.13E-05
2019-12-16,1,lasso,116,0.002059309,2.13E-05
2019-12-17,1,lasso,116,0.001849759,2.13E-05
2019-12-18,1,lasso,116,-0.00020536,2.13E-05
2019-12-19,1,lasso,116,0.003178349,2.13E-05
2019-12-20,1,lasso,116,-0.000307141,2.13E-05
2019-12-23,1,lasso,116,-0.000102401,2.13E-05
2019-12-24,1,lasso,116,0,2.13E-05
2019-12-25,1,lasso,116,-0.001229634,2.13E-05
2019-12-26,1,lasso,116,-0.006274127,2.13E-05
2019-12-27,1,lasso,116,-0.001858929,2.13E-05
2019-12-30,1,lasso,116,-0.003624506,2.13E-05
2019-12-31,1,lasso,116,0,2.13E-05
2020-1-1,1,lasso,116,0.004760928,2.13E-05
2020-1-2,1,lasso,116,-0.000103258,2.13E-05
2020-1-3,1,lasso,116,-0.001757016,2.13E-05
2020-1-6,1,lasso,116,0.003407862,2.13E-05
2020-1-7,1,lasso,116,0.003088011,2.13E-05
2020-1-8,1,lasso,116,0.001540437,2.13E-05
2020-1-9,1,lasso,116,-0.000923977,2.13E-05
2019-11-15,1,lasso,117,-0.002145156,2.33E-05
2019-11-18,1,lasso,117,0.000715564,2.33E-05
2019-11-19,1,lasso,117,0.000715052,2.33E-05
2019-11-20,1,lasso,117,0.000612495,2.33E-05
2019-11-21,1,lasso,117,0.00285336,2.33E-05
2019-11-22,1,lasso,117,0.000508673,2.33E-05
2019-11-25,1,lasso,117,-0.000712215,2.33E-05
2019-11-26,1,lasso,117,0.001220629,2.33E-05
2019-11-27,1,lasso,117,0,2.33E-05
2019-11-28,1,lasso,117,-0.001017087,2.33E-05
2019-11-29,1,lasso,117,-0.004180907,2.33E-05
2019-12-2,1,lasso,117,-0.001226994,2.33E-05
2019-12-3,1,lasso,117,-0.000921235,2.33E-05
2019-12-4,1,lasso,117,-0.002460783,2.33E-05
2019-12-5,1,lasso,117,0.002972684,2.33E-05
2019-12-6,1,lasso,117,-0.000614314,2.33E-05
2019-12-9,1,lasso,117,-0.002358371,2.33E-05
2019-12-10,1,lasso,117,-0.003393494,2.33E-05
2019-12-11,1,lasso,117,0.00329083,2.33E-05
2019-12-12,1,lasso,117,-0.002364189,2.33E-05
2019-12-13,1,lasso,117,-0.001544879,2.33E-05
2019-12-16,1,lasso,117,0.002059309,2.33E-05
2019-12-17,1,lasso,117,0.001849759,2.33E-05
2019-12-18,1,lasso,117,-0.00020536,2.33E-05
2019-12-19,1,lasso,117,0.003178349,2.33E-05
2019-12-20,1,lasso,117,-0.000307141,2.33E-05
2019-12-23,1,lasso,117,-0.000102401,2.33E-05
2019-12-24,1,lasso,117,0,2.33E-05
2019-12-25,1,lasso,117,-0.001229634,2.33E-05
2019-12-26,1,lasso,117,-0.006274127,2.33E-05
2019-12-27,1,lasso,117,-0.001858929,2.33E-05
2019-12-30,1,lasso,117,-0.003624506,2.33E-05
2019-12-31,1,lasso,117,0,2.33E-05
2020-1-1,1,lasso,117,0.004760928,2.33E-05
2020-1-2,1,lasso,117,-0.000103258,2.33E-05
2020-1-3,1,lasso,117,-0.001757016,2.33E-05
2020-1-6,1,lasso,117,0.003407862,2.33E-05
2020-1-7,1,lasso,117,0.003088011,2.33E-05
2020-1-8,1,lasso,117,0.001540437,2.33E-05
2020-1-9,1,lasso,117,-0.000923977,2.33E-05
2020-1-10,1,lasso,117,-0.000205444,2.33E-05
2020-1-13,1,lasso,117,0.000308151,2.33E-05
2020-1-14,1,lasso,117,-0.001438849,2.33E-05
2020-1-15,1,lasso,117,0.000925212,2.33E-05
2020-1-16,1,lasso,117,0.003282728,2.33E-05
2020-1-17,1,lasso,117,-0.000307298,2.33E-05
2020-1-20,1,lasso,117,-0.000819924,2.33E-05
2020-1-21,1,lasso,117,0,2.33E-05
2020-1-22,1,lasso,117,0.001639177,2.33E-05
2020-1-23,1,lasso,117,0.001636494,2.33E-05
2020-1-24,1,lasso,117,0.001123538,2.33E-05
2020-1-27,1,lasso,117,0.000612307,2.33E-05
2020-1-28,1,lasso,117,-0.000306107,2.33E-05
2020-1-29,1,lasso,117,-0.001225365,2.33E-05
2020-1-30,1,lasso,117,-0.004916531,2.33E-05
2020-1-31,1,lasso,117,0.004201041,2.33E-05
2020-2-3,1,lasso,117,0.001634655,2.33E-05
2020-2-4,1,lasso,117,0.003464795,2.33E-05
2020-2-5,1,lasso,117,0.002032521,2.33E-05
2020-2-6,1,lasso,117,0.001825743,2.33E-05
2019-12-13,1,lasso,118,-0.001544879,2.08E-05
2019-12-16,1,lasso,118,0.002059309,2.08E-05
2019-12-17,1,lasso,118,0.001849759,2.08E-05
2019-12-18,1,lasso,118,-0.00020536,2.08E-05
2019-12-19,1,lasso,118,0.003178349,2.08E-05
2019-12-20,1,lasso,118,-0.000307141,2.08E-05
2019-12-23,1,lasso,118,-0.000102401,2.08E-05
2019-12-24,1,lasso,118,0,2.08E-05
2019-12-25,1,lasso,118,-0.001229634,2.08E-05
2019-12-26,1,lasso,118,-0.006274127,2.08E-05
2019-12-27,1,lasso,118,-0.001858929,2.08E-05
2019-12-30,1,lasso,118,-0.003624506,2.08E-05
2019-12-31,1,lasso,118,0,2.08E-05
2020-1-1,1,lasso,118,0.004760928,2.08E-05
2020-1-2,1,lasso,118,-0.000103258,2.08E-05
2020-1-3,1,lasso,118,-0.001757016,2.08E-05
2020-1-6,1,lasso,118,0.003407862,2.08E-05
2020-1-7,1,lasso,118,0.003088011,2.08E-05
2020-1-8,1,lasso,118,0.001540437,2.08E-05
2020-1-9,1,lasso,118,-0.000923977,2.08E-05
2020-1-10,1,lasso,118,-0.000205444,2.08E-05
2020-1-13,1,lasso,118,0.000308151,2.08E-05
2020-1-14,1,lasso,118,-0.001438849,2.08E-05
2020-1-15,1,lasso,118,0.000925212,2.08E-05
2020-1-16,1,lasso,118,0.003282728,2.08E-05
2020-1-17,1,lasso,118,-0.000307298,2.08E-05
2020-1-20,1,lasso,118,-0.000819924,2.08E-05
2020-1-21,1,lasso,118,0,2.08E-05
2020-1-22,1,lasso,118,0.001639177,2.08E-05
2020-1-23,1,lasso,118,0.001636494,2.08E-05
2020-1-24,1,lasso,118,0.001123538,2.08E-05
2020-1-27,1,lasso,118,0.000612307,2.08E-05
2020-1-28,1,lasso,118,-0.000306107,2.08E-05
2020-1-29,1,lasso,118,-0.001225365,2.08E-05
2020-1-30,1,lasso,118,-0.004916531,2.08E-05
2020-1-31,1,lasso,118,0.004201041,2.08E-05
2020-2-3,1,lasso,118,0.001634655,2.08E-05
2020-2-4,1,lasso,118,0.003464795,2.08E-05
2020-2-5,1,lasso,118,0.002032521,2.08E-05
2020-2-6,1,lasso,118,0.001825743,2.08E-05
2020-2-7,1,lasso,118,0.001518911,2.08E-05
2020-2-10,1,lasso,118,-0.001113642,2.08E-05
2020-2-11,1,lasso,118,0.003337213,2.08E-05
2020-2-12,1,lasso,118,0.000201898,2.08E-05
2020-2-13,1,lasso,118,0.000504566,2.08E-05
2020-2-14,1,lasso,118,-0.001211387,2.08E-05
2020-2-17,1,lasso,118,0.004434597,2.08E-05
2020-2-18,1,lasso,118,0.002711526,2.08E-05
2020-2-19,1,lasso,118,0.001503232,2.08E-05
2020-2-20,1,lasso,118,-0.006026535,2.08E-05
2020-2-21,1,lasso,118,0.001006948,2.08E-05
2020-2-24,1,lasso,118,-0.003932844,2.08E-05
2020-2-25,1,lasso,118,0.000303076,2.08E-05
2020-2-26,1,lasso,118,-0.004961784,2.08E-05
2020-2-27,1,lasso,118,-0.003864936,2.08E-05
2020-2-28,1,lasso,118,-0.007877682,2.08E-05
2020-3-2,1,lasso,118,-0.002159273,2.08E-05
2020-3-3,1,lasso,118,0.001953829,2.08E-05
2020-3-4,1,lasso,118,-0.00535642,2.08E-05
2020-3-5,1,lasso,118,-0.009026362,2.08E-05
2020-1-10,1,lasso,119,-0.000205444,2.12E-05
2020-1-13,1,lasso,119,0.000308151,2.12E-05
2020-1-14,1,lasso,119,-0.001438849,2.12E-05
2020-1-15,1,lasso,119,0.000925212,2.12E-05
2020-1-16,1,lasso,119,0.003282728,2.12E-05
2020-1-17,1,lasso,119,-0.000307298,2.12E-05
2020-1-20,1,lasso,119,-0.000819924,2.12E-05
2020-1-21,1,lasso,119,0,2.12E-05
2020-1-22,1,lasso,119,0.001639177,2.12E-05
2020-1-23,1,lasso,119,0.001636494,2.12E-05
2020-1-24,1,lasso,119,0.001123538,2.12E-05
2020-1-27,1,lasso,119,0.000612307,2.12E-05
2020-1-28,1,lasso,119,-0.000306107,2.12E-05
2020-1-29,1,lasso,119,-0.001225365,2.12E-05
2020-1-30,1,lasso,119,-0.004916531,2.12E-05
2020-1-31,1,lasso,119,0.004201041,2.12E-05
2020-2-3,1,lasso,119,0.001634655,2.12E-05
2020-2-4,1,lasso,119,0.003464795,2.12E-05
2020-2-5,1,lasso,119,0.002032521,2.12E-05
2020-2-6,1,lasso,119,0.001825743,2.12E-05
2020-2-7,1,lasso,119,0.001518911,2.12E-05
2020-2-10,1,lasso,119,-0.001113642,2.12E-05
2020-2-11,1,lasso,119,0.003337213,2.12E-05
2020-2-12,1,lasso,119,0.000201898,2.12E-05
2020-2-13,1,lasso,119,0.000504566,2.12E-05
2020-2-14,1,lasso,119,-0.001211387,2.12E-05
2020-2-17,1,lasso,119,0.004434597,2.12E-05
2020-2-18,1,lasso,119,0.002711526,2.12E-05
2020-2-19,1,lasso,119,0.001503232,2.12E-05
2020-2-20,1,lasso,119,-0.006026535,2.12E-05
2020-2-21,1,lasso,119,0.001006948,2.12E-05
2020-2-24,1,lasso,119,-0.003932844,2.12E-05
2020-2-25,1,lasso,119,0.000303076,2.12E-05
2020-2-26,1,lasso,119,-0.004961784,2.12E-05
2020-2-27,1,lasso,119,-0.003864936,2.12E-05
2020-2-28,1,lasso,119,-0.007877682,2.12E-05
2020-3-2,1,lasso,119,-0.002159273,2.12E-05
2020-3-3,1,lasso,119,0.001953829,2.12E-05
2020-3-4,1,lasso,119,-0.00535642,2.12E-05
2020-3-5,1,lasso,119,-0.009026362,2.12E-05
2020-3-6,1,lasso,119,-0.011108896,2.12E-05
2020-3-9,1,lasso,119,0.015891605,2.12E-05
2020-3-10,1,lasso,119,0.001036699,2.12E-05
2020-3-11,1,lasso,119,0.009898008,2.12E-05
2020-3-12,1,lasso,119,0.013046765,2.12E-05
2020-3-13,1,lasso,119,-0.006909894,2.12E-05
2020-3-16,1,lasso,119,0.015179405,2.12E-05
2020-3-17,1,lasso,119,0.015842507,2.12E-05
2020-3-18,1,lasso,119,0.015595432,2.12E-05
2020-3-19,1,lasso,119,0.000681033,2.12E-05
2020-3-20,1,lasso,119,-0.003214654,2.12E-05
2020-3-23,1,lasso,119,-0.00440034,2.12E-05
2020-3-24,1,lasso,119,-0.009749449,2.12E-05
2020-3-25,1,lasso,119,-0.016966475,2.12E-05
2020-3-26,1,lasso,119,-0.010014752,2.12E-05
2020-3-27,1,lasso,119,0.008302164,2.12E-05
2020-3-30,1,lasso,119,-0.001311608,2.12E-05
2020-3-31,1,lasso,119,0.006239956,2.12E-05
2020-4-1,1,lasso,119,0.005103839,2.12E-05
2020-4-2,1,lasso,119,0.003984863,2.12E-05
2020-2-7,1,lasso,120,0.001518911,2.48E-05
2020-2-10,1,lasso,120,-0.001113642,2.48E-05
2020-2-11,1,lasso,120,0.003337213,2.48E-05
2020-2-12,1,lasso,120,0.000201898,2.48E-05
2020-2-13,1,lasso,120,0.000504566,2.48E-05
2020-2-14,1,lasso,120,-0.001211387,2.48E-05
2020-2-17,1,lasso,120,0.004434597,2.48E-05
2020-2-18,1,lasso,120,0.002711526,2.48E-05
2020-2-19,1,lasso,120,0.001503232,2.48E-05
2020-2-20,1,lasso,120,-0.006026535,2.48E-05
2020-2-21,1,lasso,120,0.001006948,2.48E-05
2020-2-24,1,lasso,120,-0.003932844,2.48E-05
2020-2-25,1,lasso,120,0.000303076,2.48E-05
2020-2-26,1,lasso,120,-0.004961784,2.48E-05
2020-2-27,1,lasso,120,-0.003864936,2.48E-05
2020-2-28,1,lasso,120,-0.007877682,2.48E-05
2020-3-2,1,lasso,120,-0.002159273,2.48E-05
2020-3-3,1,lasso,120,0.001953829,2.48E-05
2020-3-4,1,lasso,120,-0.00535642,2.48E-05
2020-3-5,1,lasso,120,-0.009026362,2.48E-05
2020-3-6,1,lasso,120,-0.011108896,2.48E-05
2020-3-9,1,lasso,120,0.015891605,2.48E-05
2020-3-10,1,lasso,120,0.001036699,2.48E-05
2020-3-11,1,lasso,120,0.009898008,2.48E-05
2020-3-12,1,lasso,120,0.013046765,2.48E-05
2020-3-13,1,lasso,120,-0.006909894,2.48E-05
2020-3-16,1,lasso,120,0.015179405,2.48E-05
2020-3-17,1,lasso,120,0.015842507,2.48E-05
2020-3-18,1,lasso,120,0.015595432,2.48E-05
2020-3-19,1,lasso,120,0.000681033,2.48E-05
2020-3-20,1,lasso,120,-0.003214654,2.48E-05
2020-3-23,1,lasso,120,-0.00440034,2.48E-05
2020-3-24,1,lasso,120,-0.009749449,2.48E-05
2020-3-25,1,lasso,120,-0.016966475,2.48E-05
2020-3-26,1,lasso,120,-0.010014752,2.48E-05
2020-3-27,1,lasso,120,0.008302164,2.48E-05
2020-3-30,1,lasso,120,-0.001311608,2.48E-05
2020-3-31,1,lasso,120,0.006239956,2.48E-05
2020-4-1,1,lasso,120,0.005103839,2.48E-05
2020-4-2,1,lasso,120,0.003984863,2.48E-05
2020-4-3,1,lasso,120,0.00099374,2.48E-05
2020-4-6,1,lasso,120,-0.007777485,2.48E-05
2020-4-7,1,lasso,120,0.002199781,2.48E-05
2020-4-8,1,lasso,120,-0.006010838,2.48E-05
2020-4-9,1,lasso,120,0,2.48E-05
2020-4-10,1,lasso,120,-0.00170966,2.48E-05
2020-4-13,1,lasso,120,-0.004640848,2.48E-05
2020-4-14,1,lasso,120,0.005747432,2.48E-05
2020-4-15,1,lasso,120,0.005714588,2.48E-05
2020-4-16,1,lasso,120,-0.002502379,2.48E-05
2020-4-17,1,lasso,120,0.001802344,2.48E-05
2020-4-20,1,lasso,120,0.002996706,2.48E-05
2020-4-21,1,lasso,120,0.001295789,2.48E-05
2020-4-22,1,lasso,120,0.000398367,2.48E-05
2020-4-23,1,lasso,120,-0.000497983,2.48E-05
2020-4-24,1,lasso,120,-0.003392878,2.48E-05
2020-4-27,1,lasso,120,-0.001800901,2.48E-05
2020-4-28,1,lasso,120,-0.002908291,2.48E-05
2020-4-29,1,lasso,120,-0.005539064,2.48E-05
2020-4-30,1,lasso,120,0.000605755,2.48E-05
2020-3-6,1,lasso,121,-0.011108896,1.69E-05
2020-3-9,1,lasso,121,0.015891605,1.69E-05
2020-3-10,1,lasso,121,0.001036699,1.69E-05
2020-3-11,1,lasso,121,0.009898008,1.69E-05
2020-3-12,1,lasso,121,0.013046765,1.69E-05
2020-3-13,1,lasso,121,-0.006909894,1.69E-05
2020-3-16,1,lasso,121,0.015179405,1.69E-05
2020-3-17,1,lasso,121,0.015842507,1.69E-05
2020-3-18,1,lasso,121,0.015595432,1.69E-05
2020-3-19,1,lasso,121,0.000681033,1.69E-05
2020-3-20,1,lasso,121,-0.003214654,1.69E-05
2020-3-23,1,lasso,121,-0.00440034,1.69E-05
2020-3-24,1,lasso,121,-0.009749449,1.69E-05
2020-3-25,1,lasso,121,-0.016966475,1.69E-05
2020-3-26,1,lasso,121,-0.010014752,1.69E-05
2020-3-27,1,lasso,121,0.008302164,1.69E-05
2020-3-30,1,lasso,121,-0.001311608,1.69E-05
2020-3-31,1,lasso,121,0.006239956,1.69E-05
2020-4-1,1,lasso,121,0.005103839,1.69E-05
2020-4-2,1,lasso,121,0.003984863,1.69E-05
2020-4-3,1,lasso,121,0.00099374,1.69E-05
2020-4-6,1,lasso,121,-0.007777485,1.69E-05
2020-4-7,1,lasso,121,0.002199781,1.69E-05
2020-4-8,1,lasso,121,-0.006010838,1.69E-05
2020-4-9,1,lasso,121,0,1.69E-05
2020-4-10,1,lasso,121,-0.00170966,1.69E-05
2020-4-13,1,lasso,121,-0.004640848,1.69E-05
2020-4-14,1,lasso,121,0.005747432,1.69E-05
2020-4-15,1,lasso,121,0.005714588,1.69E-05
2020-4-16,1,lasso,121,-0.002502379,1.69E-05
2020-4-17,1,lasso,121,0.001802344,1.69E-05
2020-4-20,1,lasso,121,0.002996706,1.69E-05
2020-4-21,1,lasso,121,0.001295789,1.69E-05
2020-4-22,1,lasso,121,0.000398367,1.69E-05
2020-4-23,1,lasso,121,-0.000497983,1.69E-05
2020-4-24,1,lasso,121,-0.003392878,1.69E-05
2020-4-27,1,lasso,121,-0.001800901,1.69E-05
2020-4-28,1,lasso,121,-0.002908291,1.69E-05
2020-4-29,1,lasso,121,-0.005539064,1.69E-05
2020-4-30,1,lasso,121,0.000605755,1.69E-05
2020-5-1,1,lasso,121,0.004029014,1.69E-05
2020-5-4,1,lasso,121,0.002309354,1.69E-05
2020-5-5,1,lasso,121,0.003803808,1.69E-05
2020-5-6,1,lasso,121,-0.002000201,1.69E-05
2020-5-7,1,lasso,121,-0.001603046,1.69E-05
2020-5-8,1,lasso,121,0.005100776,1.69E-05
2020-5-11,1,lasso,121,-0.00309737,1.69E-05
2020-5-12,1,lasso,121,0.00309737,1.69E-05
2020-5-13,1,lasso,121,0.002291865,1.69E-05
2020-5-14,1,lasso,121,-0.000696968,1.69E-05
2020-5-15,1,lasso,121,-0.007297478,1.69E-05
2020-5-18,1,lasso,121,-0.003014472,1.69E-05
2020-5-19,1,lasso,121,-0.00251902,1.69E-05
2020-5-20,1,lasso,121,0.00251902,1.69E-05
2020-5-21,1,lasso,121,0.004918948,1.69E-05
2020-5-22,1,lasso,121,0,1.69E-05
2020-5-25,1,lasso,121,-0.009558859,1.69E-05
2020-5-26,1,lasso,121,0.001515381,1.69E-05
2020-5-27,1,lasso,121,-0.006888196,1.69E-05
2020-5-28,1,lasso,121,-0.000406669,1.69E-05
2020-4-3,1,lasso,122,0.00099374,-0.000133357
2020-4-6,1,lasso,122,-0.007777485,-0.000134863
2020-4-7,1,lasso,122,0.002199781,-0.000136694
2020-4-8,1,lasso,122,-0.006010838,-0.000141453
2020-4-9,1,lasso,122,0,-0.000143914
2020-4-10,1,lasso,122,-0.00170966,-0.000143914
2020-4-13,1,lasso,122,-0.004640848,-0.000144112
2020-4-14,1,lasso,122,0.005747432,-0.000145917
2020-4-15,1,lasso,122,0.005714588,-0.000140257
2020-4-16,1,lasso,122,-0.002502379,-0.000140415
2020-4-17,1,lasso,122,0.001802344,-0.000141267
2020-4-20,1,lasso,122,0.002996706,-0.000135699
2020-4-21,1,lasso,122,0.001295789,-0.000134277
2020-4-22,1,lasso,122,0.000398367,-0.000137941
2020-4-23,1,lasso,122,-0.000497983,-0.000138473
2020-4-24,1,lasso,122,-0.003392878,-0.000143122
2020-4-27,1,lasso,122,-0.001800901,-0.000145428
2020-4-28,1,lasso,122,-0.002908291,-0.000144662
2020-4-29,1,lasso,122,-0.005539064,-0.000146229
2020-4-30,1,lasso,122,0.000605755,-0.000142684
2020-5-1,1,lasso,122,0.004029014,-0.000251434
2020-5-4,1,lasso,122,0.002309354,-0.000252626
2020-5-5,1,lasso,122,0.003803808,-0.000255182
2020-5-6,1,lasso,122,-0.002000201,-0.000255526
2020-5-7,1,lasso,122,-0.001603046,-0.000256872
2020-5-8,1,lasso,122,0.005100776,-0.000260428
2020-5-11,1,lasso,122,-0.00309737,-0.00026117
2020-5-12,1,lasso,122,0.00309737,-0.000256989
2020-5-13,1,lasso,122,0.002291865,-0.000254323
2020-5-14,1,lasso,122,-0.000696968,-0.00025649
2020-5-15,1,lasso,122,-0.007297478,-0.00025737
2020-5-18,1,lasso,122,-0.003014472,-0.00026026
2020-5-19,1,lasso,122,-0.00251902,-0.000259537
2020-5-20,1,lasso,122,0.00251902,-0.000261537
2020-5-21,1,lasso,122,0.004918948,-0.000259777
2020-5-22,1,lasso,122,0,-0.000261068
2020-5-25,1,lasso,122,-0.009558859,-0.000260995
2020-5-26,1,lasso,122,0.001515381,-0.000262172
2020-5-27,1,lasso,122,-0.006888196,-0.000263197
2020-5-28,1,lasso,122,-0.000406669,-0.000262582
2020-5-29,1,lasso,122,-0.005199584,-0.000262879
2020-6-1,1,lasso,122,-0.001636829,-0.000285097
2020-6-2,1,lasso,122,-0.004001031,-0.000286673
2020-6-3,1,lasso,122,-0.006186862,-0.000288545
2020-6-4,1,lasso,122,0.002685675,-0.000288704
2020-6-5,1,lasso,122,-0.003306471,-0.000290577
2020-6-8,1,lasso,122,-0.003109778,-0.00028924
2020-6-9,1,lasso,122,-0.003744544,-0.000288038
2020-6-10,1,lasso,122,0.007992154,-0.000287818
2020-6-11,1,lasso,122,0.006080926,-0.00027489
2020-6-12,1,lasso,122,-0.006287708,-0.000278722
2020-6-15,1,lasso,122,0.002581713,-0.000280212
2020-6-16,1,lasso,122,0.002060582,-0.000281237
2020-6-17,1,lasso,122,0.002672424,-0.000281662
2020-6-18,1,lasso,122,0.002050862,-0.000281147
2020-6-19,1,lasso,122,-0.005959126,-0.000279483
2020-6-22,1,lasso,122,-0.004027059,-0.000282063
2020-6-23,1,lasso,122,0.00515997,-0.000282794
2020-6-24,1,lasso,122,0.002877996,-0.000280204
2020-6-25,1,lasso,122,0,-0.000280938
2020-5-1,1,lasso,123,0.004029014,-0.000254657
2020-5-4,1,lasso,123,0.002309354,-0.000255447
2020-5-5,1,lasso,123,0.003803808,-0.000257712
2020-5-6,1,lasso,123,-0.002000201,-0.00025765
2020-5-7,1,lasso,123,-0.001603046,-0.000258762
2020-5-8,1,lasso,123,0.005100776,-0.000261649
2020-5-11,1,lasso,123,-0.00309737,-0.000262152
2020-5-12,1,lasso,123,0.00309737,-0.000258972
2020-5-13,1,lasso,123,0.002291865,-0.000256828
2020-5-14,1,lasso,123,-0.000696968,-0.000258602
2020-5-15,1,lasso,123,-0.007297478,-0.00025926
2020-5-18,1,lasso,123,-0.003014472,-0.000261295
2020-5-19,1,lasso,123,-0.00251902,-0.00026076
2020-5-20,1,lasso,123,0.00251902,-0.000262308
2020-5-21,1,lasso,123,0.004918948,-0.000261007
2020-5-22,1,lasso,123,0,-0.000261999
2020-5-25,1,lasso,123,-0.009558859,-0.000261966
2020-5-26,1,lasso,123,0.001515381,-0.000262703
2020-5-27,1,lasso,123,-0.006888196,-0.000263577
2020-5-28,1,lasso,123,-0.000406669,-0.000263191
2020-5-29,1,lasso,123,-0.005199584,-0.000263465
2020-6-1,1,lasso,123,-0.001636829,-0.000285492
2020-6-2,1,lasso,123,-0.004001031,-0.000286912
2020-6-3,1,lasso,123,-0.006186862,-0.00028818
2020-6-4,1,lasso,123,0.002685675,-0.000288141
2020-6-5,1,lasso,123,-0.003306471,-0.000289486
2020-6-8,1,lasso,123,-0.003109778,-0.000288677
2020-6-9,1,lasso,123,-0.003744544,-0.000287768
2020-6-10,1,lasso,123,0.007992154,-0.000287668
2020-6-11,1,lasso,123,0.006080926,-0.000277724
2020-6-12,1,lasso,123,-0.006287708,-0.000280856
2020-6-15,1,lasso,123,0.002581713,-0.000282077
2020-6-16,1,lasso,123,0.002060582,-0.000282872
2020-6-17,1,lasso,123,0.002672424,-0.000283259
2020-6-18,1,lasso,123,0.002050862,-0.000282709
2020-6-19,1,lasso,123,-0.005959126,-0.000281263
2020-6-22,1,lasso,123,-0.004027059,-0.000283359
2020-6-23,1,lasso,123,0.00515997,-0.00028381
2020-6-24,1,lasso,123,0.002877996,-0.000281902
2020-6-25,1,lasso,123,0,-0.000282489
2020-6-26,1,lasso,123,0.001128379,-0.000280772
2020-6-29,1,lasso,123,-0.001539014,-0.00028257
2020-6-30,1,lasso,123,-0.001952825,-0.000283999
2020-7-1,1,lasso,123,0.001233806,-0.000254722
2020-7-2,1,lasso,123,-0.001542496,-0.000255198
2020-7-3,1,lasso,123,-0.004641816,-0.000255181
2020-7-6,1,lasso,123,0.001652893,-0.000255119
2020-7-7,1,lasso,123,-0.004655743,-0.000254178
2020-7-8,1,lasso,123,0.002796046,-0.000255061
2020-7-9,1,lasso,123,-0.000517197,-0.000253615
2020-7-10,1,lasso,123,-0.001967791,-0.000254857
2020-7-13,1,lasso,123,-0.002075551,-0.000251934
2020-7-14,1,lasso,123,-0.001871686,-0.000253936
2020-7-15,1,lasso,123,0.002806217,-0.000254867
2020-7-16,1,lasso,123,-0.004264399,-0.000253646
2020-7-17,1,lasso,123,-0.001147208,-0.000255457
2020-7-20,1,lasso,123,-0.007436536,-0.000256261
2020-7-21,1,lasso,123,-0.001367629,-0.000256279
2020-7-22,1,lasso,123,-0.003163225,-0.000256389
2020-7-23,1,lasso,123,-0.002749579,-0.000255028
2020-5-29,1,lasso,124,-0.005199584,-0.000272768
2020-6-1,1,lasso,124,-0.001636829,-0.000294928
2020-6-2,1,lasso,124,-0.004001031,-0.000296343
2020-6-3,1,lasso,124,-0.006186862,-0.000297495
2020-6-4,1,lasso,124,0.002685675,-0.000297405
2020-6-5,1,lasso,124,-0.003306471,-0.000298655
2020-6-8,1,lasso,124,-0.003109778,-0.000297938
2020-6-9,1,lasso,124,-0.003744544,-0.000297053
2020-6-10,1,lasso,124,0.007992154,-0.000296982
2020-6-11,1,lasso,124,0.006080926,-0.000287422
2020-6-12,1,lasso,124,-0.006287708,-0.000290504
2020-6-15,1,lasso,124,0.002581713,-0.000291704
2020-6-16,1,lasso,124,0.002060582,-0.000292461
2020-6-17,1,lasso,124,0.002672424,-0.000292843
2020-6-18,1,lasso,124,0.002050862,-0.000292302
2020-6-19,1,lasso,124,-0.005959126,-0.000290854
2020-6-22,1,lasso,124,-0.004027059,-0.000292919
2020-6-23,1,lasso,124,0.00515997,-0.000293312
2020-6-24,1,lasso,124,0.002877996,-0.000291506
2020-6-25,1,lasso,124,0,-0.000292101
2020-6-26,1,lasso,124,0.001128379,-0.000290458
2020-6-29,1,lasso,124,-0.001539014,-0.00029218
2020-6-30,1,lasso,124,-0.001952825,-0.00029356
2020-7-1,1,lasso,124,0.001233806,-0.000263787
2020-7-2,1,lasso,124,-0.001542496,-0.000264297
2020-7-3,1,lasso,124,-0.004641816,-0.000264285
2020-7-6,1,lasso,124,0.001652893,-0.000264229
2020-7-7,1,lasso,124,-0.004655743,-0.000263312
2020-7-8,1,lasso,124,0.002796046,-0.000264186
2020-7-9,1,lasso,124,-0.000517197,-0.00026279
2020-7-10,1,lasso,124,-0.001967791,-0.000264009
2020-7-13,1,lasso,124,-0.002075551,-0.000261096
2020-7-14,1,lasso,124,-0.001871686,-0.0002631
2020-7-15,1,lasso,124,0.002806217,-0.000263988
2020-7-16,1,lasso,124,-0.004264399,-0.000262807
2020-7-17,1,lasso,124,-0.001147208,-0.000264553
2020-7-20,1,lasso,124,-0.007436536,-0.000265347
2020-7-21,1,lasso,124,-0.001367629,-0.000265372
2020-7-22,1,lasso,124,-0.003163225,-0.000265522
2020-7-23,1,lasso,124,-0.002749579,-0.000264175
2020-7-24,1,lasso,124,-0.008080852,-0.000264165
2020-7-27,1,lasso,124,0.000320222,-0.000264525
2020-7-28,1,lasso,124,-0.002671655,-0.000264179
2020-7-29,1,lasso,124,-0.00461201,-0.000264811
2020-7-30,1,lasso,124,0.003541346,-0.000263983
2020-7-31,1,lasso,124,0.002033282,-0.000264162
2020-8-3,1,lasso,124,-0.001711963,-0.000233919
2020-8-4,1,lasso,124,-0.005476524,-0.000234562
2020-8-5,1,lasso,124,-0.00086179,-0.000235338
2020-8-6,1,lasso,124,0.006873617,-0.000235357
2020-8-7,1,lasso,124,0.001604193,-0.00023579
2020-8-10,1,lasso,124,0.00053416,-0.000235765
2020-8-11,1,lasso,124,-0.002031326,-0.000235206
2020-8-12,1,lasso,124,-0.00117792,-0.000236243
2020-8-13,1,lasso,124,-0.002467415,-0.00023622
2020-8-14,1,lasso,124,-0.002688896,-0.000236239
2020-8-17,1,lasso,124,-0.006266226,-0.000236379
2020-8-18,1,lasso,124,0.006696936,-0.000236736
2020-8-19,1,lasso,124,-0.001077122,-0.000235765
2020-8-20,1,lasso,124,0.004945183,-0.000235365
2020-6-26,1,lasso,125,0.001128379,-0.00030239
2020-6-29,1,lasso,125,-0.001539014,-0.00030406
2020-6-30,1,lasso,125,-0.001952825,-0.0003054
2020-7-1,1,lasso,125,0.001233806,-0.000275093
2020-7-2,1,lasso,125,-0.001542496,-0.000275643
2020-7-3,1,lasso,125,-0.004641816,-0.000275636
2020-7-6,1,lasso,125,0.001652893,-0.000275583
2020-7-7,1,lasso,125,-0.004655743,-0.000274678
2020-7-8,1,lasso,125,0.002796046,-0.000275553
2020-7-9,1,lasso,125,-0.000517197,-0.0002742
2020-7-10,1,lasso,125,-0.001967791,-0.00027541
2020-7-13,1,lasso,125,-0.002075551,-0.00027247
2020-7-14,1,lasso,125,-0.001871686,-0.000274495
2020-7-15,1,lasso,125,0.002806217,-0.000275357
2020-7-16,1,lasso,125,-0.004264399,-0.000274215
2020-7-17,1,lasso,125,-0.001147208,-0.000275913
2020-7-20,1,lasso,125,-0.007436536,-0.000276706
2020-7-21,1,lasso,125,-0.001367629,-0.000276736
2020-7-22,1,lasso,125,-0.003163225,-0.000276929
2020-7-23,1,lasso,125,-0.002749579,-0.000275583
2020-7-24,1,lasso,125,-0.008080852,-0.000275509
2020-7-27,1,lasso,125,0.000320222,-0.000275931
2020-7-28,1,lasso,125,-0.002671655,-0.000275622
2020-7-29,1,lasso,125,-0.00461201,-0.00027622
2020-7-30,1,lasso,125,0.003541346,-0.000275472
2020-7-31,1,lasso,125,0.002033282,-0.000275625
2020-8-3,1,lasso,125,-0.001711963,-0.000245039
2020-8-4,1,lasso,125,-0.005476524,-0.000245722
2020-8-5,1,lasso,125,-0.00086179,-0.000246419
2020-8-6,1,lasso,125,0.006873617,-0.000246487
2020-8-7,1,lasso,125,0.001604193,-0.000246861
2020-8-10,1,lasso,125,0.00053416,-0.000246867
2020-8-11,1,lasso,125,-0.002031326,-0.000246247
2020-8-12,1,lasso,125,-0.00117792,-0.000247226
2020-8-13,1,lasso,125,-0.002467415,-0.000247138
2020-8-14,1,lasso,125,-0.002688896,-0.00024717
2020-8-17,1,lasso,125,-0.006266226,-0.000247356
2020-8-18,1,lasso,125,0.006696936,-0.000247723
2020-8-19,1,lasso,125,-0.001077122,-0.000246792
2020-8-20,1,lasso,125,0.004945183,-0.000246424
2020-8-21,1,lasso,125,0.000536049,-0.000246514
2020-8-24,1,lasso,125,-0.003005584,-0.00024658
2020-8-25,1,lasso,125,-0.00010751,-0.000247247
2020-8-26,1,lasso,125,-0.000107521,-0.000246377
2020-8-27,1,lasso,125,-0.006797243,-0.000245677
2020-8-28,1,lasso,125,-0.002493091,-0.000246793
2020-8-31,1,lasso,125,0.002168258,-0.000244597
2020-9-1,1,lasso,125,0.005507871,-0.000235767
2020-9-2,1,lasso,125,-0.001185409,-0.000235331
2020-9-3,1,lasso,125,-0.00021568,-0.000230609
2020-9-4,1,lasso,125,0,-0.000232775
2020-9-7,1,lasso,125,0.00773532,-0.000232818
2020-9-8,1,lasso,125,-0.002035461,-0.000232545
2020-9-9,1,lasso,125,0.000964682,-0.000234107
2020-9-10,1,lasso,125,-0.000107141,-0.000233671
2020-9-11,1,lasso,125,-0.003004616,-0.000235347
2020-9-14,1,lasso,125,0,-0.000235921
2020-9-15,1,lasso,125,0.001718029,-0.000236205
2020-9-16,1,lasso,125,-0.002578152,-0.000235905
2020-9-17,1,lasso,125,-0.000430339,-0.000234879
2020-7-24,1,lasso,126,-0.008080852,-0.000292303
2020-7-27,1,lasso,126,0.000320222,-0.000292735
2020-7-28,1,lasso,126,-0.002671655,-0.000292534
2020-7-29,1,lasso,126,-0.00461201,-0.000292983
2020-7-30,1,lasso,126,0.003541346,-0.000292399
2020-7-31,1,lasso,126,0.002033282,-0.000292491
2020-8-3,1,lasso,126,-0.001711963,-0.000260538
2020-8-4,1,lasso,126,-0.005476524,-0.000261243
2020-8-5,1,lasso,126,-0.00086179,-0.000261769
2020-8-6,1,lasso,126,0.006873617,-0.000261884
2020-8-7,1,lasso,126,0.001604193,-0.000262138
2020-8-10,1,lasso,126,0.00053416,-0.000262184
2020-8-11,1,lasso,126,-0.002031326,-0.000261614
2020-8-12,1,lasso,126,-0.00117792,-0.000262381
2020-8-13,1,lasso,126,-0.002467415,-0.000262184
2020-8-14,1,lasso,126,-0.002688896,-0.00026223
2020-8-17,1,lasso,126,-0.006266226,-0.000262432
2020-8-18,1,lasso,126,0.006696936,-0.000262826
2020-8-19,1,lasso,126,-0.001077122,-0.000262029
2020-8-20,1,lasso,126,0.004945183,-0.000261722
2020-8-21,1,lasso,126,0.000536049,-0.000261826
2020-8-24,1,lasso,126,-0.003005584,-0.000261843
2020-8-25,1,lasso,126,-0.00010751,-0.000262323
2020-8-26,1,lasso,126,-0.000107521,-0.000261526
2020-8-27,1,lasso,126,-0.006797243,-0.000260915
2020-8-28,1,lasso,126,-0.002493091,-0.000261908
2020-8-31,1,lasso,126,0.002168258,-0.000259998
2020-9-1,1,lasso,126,0.005507871,-0.000250036
2020-9-2,1,lasso,126,-0.001185409,-0.000249777
2020-9-3,1,lasso,126,-0.00021568,-0.000245719
2020-9-4,1,lasso,126,0,-0.000247607
2020-9-7,1,lasso,126,0.00773532,-0.000247607
2020-9-8,1,lasso,126,-0.002035461,-0.000247481
2020-9-9,1,lasso,126,0.000964682,-0.000248727
2020-9-10,1,lasso,126,-0.000107141,-0.000248289
2020-9-11,1,lasso,126,-0.003004616,-0.000249847
2020-9-14,1,lasso,126,0,-0.000250314
2020-9-15,1,lasso,126,0.001718029,-0.000250585
2020-9-16,1,lasso,126,-0.002578152,-0.000250326
2020-9-17,1,lasso,126,-0.000430339,-0.000249354
2020-9-18,1,lasso,126,0.007824682,-0.000249596
2020-9-21,1,lasso,126,0.00351719,-0.000248268
2020-9-22,1,lasso,126,0.004246742,-0.000249326
2020-9-23,1,lasso,126,-0.000423864,-0.000248333
2020-9-24,1,lasso,126,0.003068948,-0.000248373
2020-9-25,1,lasso,126,-0.003811142,-0.000249684
2020-9-28,1,lasso,126,-0.004145194,-0.00024951
2020-9-29,1,lasso,126,0,-0.000249544
2020-9-30,1,lasso,126,-0.001918977,-0.000249487
2020-10-1,1,lasso,126,0.001386297,-0.000276074
2020-10-2,1,lasso,126,-0.003522822,-0.000275537
2020-10-5,1,lasso,126,0.001923078,-0.000275549
2020-10-6,1,lasso,126,-0.000640615,-0.000274793
2020-10-7,1,lasso,126,-0.00021363,-0.000275613
2020-10-8,1,lasso,126,-0.005892769,-0.000276472
2020-10-9,1,lasso,126,0.000107452,-0.00027746
2020-10-12,1,lasso,126,0.004930342,-0.000277419
2020-10-13,1,lasso,126,-0.001605051,-0.000276761
2020-10-14,1,lasso,126,0.005127121,-0.000276854
2020-10-15,1,lasso,126,-0.001919591,-0.000276444
2020-8-21,1,lasso,127,0.000536049,-0.000266406
2020-8-24,1,lasso,127,-0.003005584,-0.000266421
2020-8-25,1,lasso,127,-0.00010751,-0.000266891
2020-8-26,1,lasso,127,-0.000107521,-0.00026612
2020-8-27,1,lasso,127,-0.006797243,-0.000265532
2020-8-28,1,lasso,127,-0.002493091,-0.000266493
2020-8-31,1,lasso,127,0.002168258,-0.000264651
2020-9-1,1,lasso,127,0.005507871,-0.000254219
2020-9-2,1,lasso,127,-0.001185409,-0.000253968
2020-9-3,1,lasso,127,-0.00021568,-0.000250052
2020-9-4,1,lasso,127,0,-0.00025188
2020-9-7,1,lasso,127,0.00773532,-0.00025188
2020-9-8,1,lasso,127,-0.002035461,-0.000251766
2020-9-9,1,lasso,127,0.000964682,-0.000252961
2020-9-10,1,lasso,127,-0.000107141,-0.00025254
2020-9-11,1,lasso,127,-0.003004616,-0.000254042
2020-9-14,1,lasso,127,0,-0.00025449
2020-9-15,1,lasso,127,0.001718029,-0.000254755
2020-9-16,1,lasso,127,-0.002578152,-0.000254504
2020-9-17,1,lasso,127,-0.000430339,-0.000253548
2020-9-18,1,lasso,127,0.007824682,-0.000253779
2020-9-21,1,lasso,127,0.00351719,-0.000252492
2020-9-22,1,lasso,127,0.004246742,-0.000253526
2020-9-23,1,lasso,127,-0.000423864,-0.000252568
2020-9-24,1,lasso,127,0.003068948,-0.000252607
2020-9-25,1,lasso,127,-0.003811142,-0.000253874
2020-9-28,1,lasso,127,-0.004145194,-0.000253699
2020-9-29,1,lasso,127,0,-0.000253734
2020-9-30,1,lasso,127,-0.001918977,-0.000253679
2020-10-1,1,lasso,127,0.001386297,-0.000280122
2020-10-2,1,lasso,127,-0.003522822,-0.000279604
2020-10-5,1,lasso,127,0.001923078,-0.000279621
2020-10-6,1,lasso,127,-0.000640615,-0.000278894
2020-10-7,1,lasso,127,-0.00021363,-0.000279685
2020-10-8,1,lasso,127,-0.005892769,-0.000280512
2020-10-9,1,lasso,127,0.000107452,-0.00028147
2020-10-12,1,lasso,127,0.004930342,-0.000281431
2020-10-13,1,lasso,127,-0.001605051,-0.000280794
2020-10-14,1,lasso,127,0.005127121,-0.000280891
2020-10-15,1,lasso,127,-0.001919591,-0.000280493
2020-10-16,1,lasso,127,-0.002672226,-0.000279927
2020-10-19,1,lasso,127,-0.003860595,-0.000278941
2020-10-20,1,lasso,127,-0.004954771,-0.000279047
2020-10-21,1,lasso,127,0.003664587,-0.000279236
2020-10-22,1,lasso,127,-0.001938403,-0.000279337
2020-10-23,1,lasso,127,0.002906197,-0.000279769
2020-10-26,1,lasso,127,-0.001075385,-0.000276833
2020-10-27,1,lasso,127,0.004937222,-0.000276618
2020-10-28,1,lasso,127,0.005977815,-0.000272758
2020-10-29,1,lasso,127,0.000851064,-0.000274176
2020-10-30,1,lasso,127,0.000956582,-0.000273937
2020-11-2,1,lasso,127,-0.006180753,-0.000327433
2020-11-3,1,lasso,127,-0.001497647,-0.000328514
2020-11-4,1,lasso,127,-0.00946549,-0.000331765
2020-11-5,1,lasso,127,-0.003247459,-0.000332753
2020-11-6,1,lasso,127,0.005298742,-0.000334388
2020-11-9,1,lasso,127,0.000323502,-0.000333973
2020-11-10,1,lasso,127,0.003121807,-0.000334502
2020-11-11,1,lasso,127,-0.000860215,-0.000335254
2020-11-12,1,lasso,127,-0.002261592,-0.000333995
2020-9-18,1,lasso,128,0.007824682,-0.00025789
2020-9-21,1,lasso,128,0.00351719,-0.000256587
2020-9-22,1,lasso,128,0.004246742,-0.000257625
2020-9-23,1,lasso,128,-0.000423864,-0.000256651
2020-9-24,1,lasso,128,0.003068948,-0.00025669
2020-9-25,1,lasso,128,-0.003811142,-0.000257976
2020-9-28,1,lasso,128,-0.004145194,-0.000257805
2020-9-29,1,lasso,128,0,-0.000257839
2020-9-30,1,lasso,128,-0.001918977,-0.000257783
2020-10-1,1,lasso,128,0.001386297,-0.000284136
2020-10-2,1,lasso,128,-0.003522822,-0.00028361
2020-10-5,1,lasso,128,0.001923078,-0.000283621
2020-10-6,1,lasso,128,-0.000640615,-0.00028288
2020-10-7,1,lasso,128,-0.00021363,-0.000283684
2020-10-8,1,lasso,128,-0.005892769,-0.000284527
2020-10-9,1,lasso,128,0.000107452,-0.000285496
2020-10-12,1,lasso,128,0.004930342,-0.000285456
2020-10-13,1,lasso,128,-0.001605051,-0.000284811
2020-10-14,1,lasso,128,0.005127121,-0.000284902
2020-10-15,1,lasso,128,-0.001919591,-0.0002845
2020-10-16,1,lasso,128,-0.002672226,-0.000283933
2020-10-19,1,lasso,128,-0.003860595,-0.000282931
2020-10-20,1,lasso,128,-0.004954771,-0.000283033
2020-10-21,1,lasso,128,0.003664587,-0.000283231
2020-10-22,1,lasso,128,-0.001938403,-0.000283338
2020-10-23,1,lasso,128,0.002906197,-0.000283774
2020-10-26,1,lasso,128,-0.001075385,-0.000280796
2020-10-27,1,lasso,128,0.004937222,-0.00028057
2020-10-28,1,lasso,128,0.005977815,-0.000276647
2020-10-29,1,lasso,128,0.000851064,-0.00027809
2020-10-30,1,lasso,128,0.000956582,-0.000277847
2020-11-2,1,lasso,128,-0.006180753,-0.00033133
2020-11-3,1,lasso,128,-0.001497647,-0.000332423
2020-11-4,1,lasso,128,-0.00946549,-0.000335729
2020-11-5,1,lasso,128,-0.003247459,-0.000336737
2020-11-6,1,lasso,128,0.005298742,-0.000338396
2020-11-9,1,lasso,128,0.000323502,-0.000337971
2020-11-10,1,lasso,128,0.003121807,-0.000338509
2020-11-11,1,lasso,128,-0.000860215,-0.000339273
2020-11-12,1,lasso,128,-0.002261592,-0.000337999
2020-11-13,1,lasso,128,-0.001186688,-0.000339273
2020-11-16,1,lasso,128,-0.002377608,-0.000339363
2020-11-17,1,lasso,128,-0.001082603,-0.000339295
2020-11-18,1,lasso,128,-0.000325009,-0.000338655
2020-11-19,1,lasso,128,0.001082954,-0.000338274
2020-11-20,1,lasso,128,0.001189897,-0.00033802
2020-11-23,1,lasso,128,-0.002923187,-0.000338926
2020-11-24,1,lasso,128,-0.002605582,-0.000339901
2020-11-25,1,lasso,128,0,-0.000340121
2020-11-26,1,lasso,128,-0.002176516,-0.000340558
2020-11-27,1,lasso,128,0.000871175,-0.000340155
2020-11-30,1,lasso,128,-0.006114224,-0.000340308
2020-12-1,1,lasso,128,-0.002082991,-0.000381641
2020-12-2,1,lasso,128,-0.004509715,-0.000381216
2020-12-3,1,lasso,128,-0.000110248,-0.000381154
2020-12-4,1,lasso,128,0.00099179,-0.000381431
2020-12-7,1,lasso,128,0.001870702,-0.000380944
2020-12-8,1,lasso,128,0.001428179,-0.000381414
2020-12-9,1,lasso,128,-0.002968503,-0.000380395
2020-12-10,1,lasso,128,0.001760176,-0.000380372
2020-10-16,1,lasso,129,-0.002672226,-0.000281706
2020-10-19,1,lasso,129,-0.003860595,-0.000280678
2020-10-20,1,lasso,129,-0.004954771,-0.000280779
2020-10-21,1,lasso,129,0.003664587,-0.000280986
2020-10-22,1,lasso,129,-0.001938403,-0.0002811
2020-10-23,1,lasso,129,0.002906197,-0.000281545
2020-10-26,1,lasso,129,-0.001075385,-0.000278495
2020-10-27,1,lasso,129,0.004937222,-0.000278257
2020-10-28,1,lasso,129,0.005977815,-0.000274234
2020-10-29,1,lasso,129,0.000851064,-0.000275716
2020-10-30,1,lasso,129,0.000956582,-0.000275466
2020-11-2,1,lasso,129,-0.006180753,-0.000328764
2020-11-3,1,lasso,129,-0.001497647,-0.000329881
2020-11-4,1,lasso,129,-0.00946549,-0.000333273
2020-11-5,1,lasso,129,-0.003247459,-0.000334308
2020-11-6,1,lasso,129,0.005298742,-0.000336007
2020-11-9,1,lasso,129,0.000323502,-0.00033557
2020-11-10,1,lasso,129,0.003121807,-0.000336122
2020-11-11,1,lasso,129,-0.000860215,-0.000336905
2020-11-12,1,lasso,129,-0.002261592,-0.000335603
2020-11-13,1,lasso,129,-0.001186688,-0.000336909
2020-11-16,1,lasso,129,-0.002377608,-0.000337008
2020-11-17,1,lasso,129,-0.001082603,-0.000336936
2020-11-18,1,lasso,129,-0.000325009,-0.00033628
2020-11-19,1,lasso,129,0.001082954,-0.000335907
2020-11-20,1,lasso,129,0.001189897,-0.000335644
2020-11-23,1,lasso,129,-0.002923187,-0.000336567
2020-11-24,1,lasso,129,-0.002605582,-0.000337558
2020-11-25,1,lasso,129,0,-0.000337784
2020-11-26,1,lasso,129,-0.002176516,-0.000338223
2020-11-27,1,lasso,129,0.000871175,-0.000337823
2020-11-30,1,lasso,129,-0.006114224,-0.00033798
2020-12-1,1,lasso,129,-0.002082991,-0.000379204
2020-12-2,1,lasso,129,-0.004509715,-0.000378772
2020-12-3,1,lasso,129,-0.000110248,-0.000378709
2020-12-4,1,lasso,129,0.00099179,-0.000378993
2020-12-7,1,lasso,129,0.001870702,-0.000378498
2020-12-8,1,lasso,129,0.001428179,-0.000378977
2020-12-9,1,lasso,129,-0.002968503,-0.000377934
2020-12-10,1,lasso,129,0.001760176,-0.000377909
2020-12-11,1,lasso,129,-0.002972098,-0.000377131
2020-12-14,1,lasso,129,-0.002649301,-0.000376313
2020-12-15,1,lasso,129,-0.000221092,-0.000377575
2020-12-16,1,lasso,129,-0.006989544,-0.000378
2020-12-17,1,lasso,129,0.0022242,-0.000378531
2020-12-18,1,lasso,129,0.000222148,-0.00037874
2020-12-21,1,lasso,129,0.006751921,-0.000376775
2020-12-22,1,lasso,129,-0.002651056,-0.000377315
2020-12-23,1,lasso,129,-0.000995961,-0.000377729
2020-12-24,1,lasso,129,0,-0.000378882
2020-12-25,1,lasso,129,0.00022141,-0.000378882
2020-12-28,1,lasso,129,-0.003881777,-0.000378983
2020-12-29,1,lasso,129,-0.003450774,-0.000378261
2020-12-30,1,lasso,129,0.002895003,-0.000377844
2020-12-31,1,lasso,129,0,-0.000377775
2021-1-1,1,lasso,129,-0.0007786,-0.000386044
2021-1-4,1,lasso,129,-0.004796172,-0.000383594
2021-1-5,1,lasso,129,0.001005755,-0.00038474
2021-1-6,1,lasso,129,0.003345231,-0.000385096
2021-1-7,1,lasso,129,0.003001169,-0.000386544
2020-11-13,1,lasso,130,-0.001186688,-0.000339964
2020-11-16,1,lasso,130,-0.002377608,-0.000340054
2020-11-17,1,lasso,130,-0.001082603,-0.000339987
2020-11-18,1,lasso,130,-0.000325009,-0.000339353
2020-11-19,1,lasso,130,0.001082954,-0.000338977
2020-11-20,1,lasso,130,0.001189897,-0.000338725
2020-11-23,1,lasso,130,-0.002923187,-0.000339622
2020-11-24,1,lasso,130,-0.002605582,-0.000340587
2020-11-25,1,lasso,130,0,-0.000340806
2020-11-26,1,lasso,130,-0.002176516,-0.000341237
2020-11-27,1,lasso,130,0.000871175,-0.00034084
2020-11-30,1,lasso,130,-0.006114224,-0.000340991
2020-12-1,1,lasso,130,-0.002082991,-0.000382986
2020-12-2,1,lasso,130,-0.004509715,-0.000382566
2020-12-3,1,lasso,130,-0.000110248,-0.000382504
2020-12-4,1,lasso,130,0.00099179,-0.000382779
2020-12-7,1,lasso,130,0.001870702,-0.000382297
2020-12-8,1,lasso,130,0.001428179,-0.000382762
2020-12-9,1,lasso,130,-0.002968503,-0.000381752
2020-12-10,1,lasso,130,0.001760176,-0.00038173
2020-12-11,1,lasso,130,-0.002972098,-0.000380973
2020-12-14,1,lasso,130,-0.002649301,-0.000380182
2020-12-15,1,lasso,130,-0.000221092,-0.000381404
2020-12-16,1,lasso,130,-0.006989544,-0.000381819
2020-12-17,1,lasso,130,0.0022242,-0.000382335
2020-12-18,1,lasso,130,0.000222148,-0.000382537
2020-12-21,1,lasso,130,0.006751921,-0.000380641
2020-12-22,1,lasso,130,-0.002651056,-0.000381163
2020-12-23,1,lasso,130,-0.000995961,-0.000381561
2020-12-24,1,lasso,130,0,-0.000382678
2020-12-25,1,lasso,130,0.00022141,-0.000382678
2020-12-28,1,lasso,130,-0.003881777,-0.000382778
2020-12-29,1,lasso,130,-0.003450774,-0.000382083
2020-12-30,1,lasso,130,0.002895003,-0.000381668
2020-12-31,1,lasso,130,0,-0.000381601
2021-1-1,1,lasso,130,-0.0007786,-0.000390232
2021-1-4,1,lasso,130,-0.004796172,-0.000387864
2021-1-5,1,lasso,130,0.001005755,-0.000388975
2021-1-6,1,lasso,130,0.003345231,-0.000389323
2021-1-7,1,lasso,130,0.003001169,-0.00039072
2021-1-8,1,lasso,130,0.003987599,-0.000391174
2021-1-11,1,lasso,130,-0.004098593,-0.00038976
2021-1-12,1,lasso,130,0.002992521,-0.000390181
2021-1-13,1,lasso,130,-0.001328904,-0.00039081
2021-1-14,1,lasso,130,0.005856047,-0.00039003
2021-1-15,1,lasso,130,-0.000110175,-0.000389418
2021-1-18,1,lasso,130,-0.002868809,-0.000389418
2021-1-19,1,lasso,130,-0.000331547,-0.000390349
2021-1-20,1,lasso,130,-0.003765231,-0.000390967
2021-1-21,1,lasso,130,0.001219715,-0.000391113
2021-1-22,1,lasso,130,0.001660854,-0.000390703
2021-1-25,1,lasso,130,-0.002436864,-0.000389867
2021-1-26,1,lasso,130,0.00530916,-0.00039008
2021-1-27,1,lasso,130,-0.002098173,-0.000381805
2021-1-28,1,lasso,130,0.001325674,-0.000385419
2021-1-29,1,lasso,130,0.004406264,-0.000383607
2021-2-1,1,lasso,130,0.002415195,-0.000330829
2021-2-2,1,lasso,130,-0.000329001,-0.000333455
2021-2-3,1,lasso,130,0.003940892,-0.000334549
2021-2-4,1,lasso,130,-0.005367817,-0.000334875
2020-12-11,1,lasso,131,-0.002972098,-0.00039375
2020-12-14,1,lasso,131,-0.002649301,-0.000392954
2020-12-15,1,lasso,131,-0.000221092,-0.000394176
2020-12-16,1,lasso,131,-0.006989544,-0.000394585
2020-12-17,1,lasso,131,0.0022242,-0.000395096
2020-12-18,1,lasso,131,0.000222148,-0.0003953
2020-12-21,1,lasso,131,0.006751921,-0.000393388
2020-12-22,1,lasso,131,-0.002651056,-0.000393912
2020-12-23,1,lasso,131,-0.000995961,-0.000394318
2020-12-24,1,lasso,131,0,-0.000395436
2020-12-25,1,lasso,131,0.00022141,-0.000395436
2020-12-28,1,lasso,131,-0.003881777,-0.000395529
2020-12-29,1,lasso,131,-0.003450774,-0.000394826
2020-12-30,1,lasso,131,0.002895003,-0.000394433
2020-12-31,1,lasso,131,0,-0.000394369
2021-1-1,1,lasso,131,-0.0007786,-0.00040366
2021-1-4,1,lasso,131,-0.004796172,-0.000401279
2021-1-5,1,lasso,131,0.001005755,-0.000402388
2021-1-6,1,lasso,131,0.003345231,-0.00040273
2021-1-7,1,lasso,131,0.003001169,-0.00040414
2021-1-8,1,lasso,131,0.003987599,-0.000404597
2021-1-11,1,lasso,131,-0.004098593,-0.000403175
2021-1-12,1,lasso,131,0.002992521,-0.000403598
2021-1-13,1,lasso,131,-0.001328904,-0.00040423
2021-1-14,1,lasso,131,0.005856047,-0.000403454
2021-1-15,1,lasso,131,-0.000110175,-0.000402839
2021-1-18,1,lasso,131,-0.002868809,-0.000402839
2021-1-19,1,lasso,131,-0.000331547,-0.000403763
2021-1-20,1,lasso,131,-0.003765231,-0.000404396
2021-1-21,1,lasso,131,0.001219715,-0.000404543
2021-1-22,1,lasso,131,0.001660854,-0.000404134
2021-1-25,1,lasso,131,-0.002436864,-0.000403299
2021-1-26,1,lasso,131,0.00530916,-0.000403508
2021-1-27,1,lasso,131,-0.002098173,-0.000395199
2021-1-28,1,lasso,131,0.001325674,-0.000398846
2021-1-29,1,lasso,131,0.004406264,-0.000397031
2021-2-1,1,lasso,131,0.002415195,-0.000342667
2021-2-2,1,lasso,131,-0.000329001,-0.000345307
2021-2-3,1,lasso,131,0.003940892,-0.000346424
2021-2-4,1,lasso,131,-0.005367817,-0.000346764
2021-2-5,1,lasso,131,-0.001208991,-0.000347083
2021-2-8,1,lasso,131,-0.005403332,-0.00034676
2021-2-9,1,lasso,131,-0.000774293,-0.000346957
2021-2-10,1,lasso,131,0.000553128,-0.000346754
2021-2-11,1,lasso,131,0.00066335,-0.000347171
2021-2-12,1,lasso,131,0,-0.000347893
2021-2-15,1,lasso,131,0.00033151,-0.000347893
2021-2-16,1,lasso,131,0.004849563,-0.000347053
2021-2-17,1,lasso,131,-0.003966073,-0.00034703
2021-2-18,1,lasso,131,-0.00254214,-0.000346358
2021-2-19,1,lasso,131,-0.003880916,-0.000346417
2021-2-22,1,lasso,131,0.001776002,-0.000345513
2021-2-23,1,lasso,131,0.000110895,-0.000345819
2021-2-24,1,lasso,131,-0.0005546,-0.000346817
2021-2-25,1,lasso,131,0.008286882,-0.000342936
2021-2-26,1,lasso,131,0.001759015,-0.000343391
2021-3-1,1,lasso,131,-0.002749823,-0.00030665
2021-3-2,1,lasso,131,0.001760758,-0.000306454
2021-3-3,1,lasso,131,0.007448824,-0.000305004
2021-3-4,1,lasso,131,0.003812433,-0.000303818
2021-1-8,1,lasso,132,0.003987599,-0.000408734
2021-1-11,1,lasso,132,-0.004098593,-0.000407314
2021-1-12,1,lasso,132,0.002992521,-0.000407736
2021-1-13,1,lasso,132,-0.001328904,-0.000408367
2021-1-14,1,lasso,132,0.005856047,-0.000407595
2021-1-15,1,lasso,132,-0.000110175,-0.000406981
2021-1-18,1,lasso,132,-0.002868809,-0.000406981
2021-1-19,1,lasso,132,-0.000331547,-0.000407899
2021-1-20,1,lasso,132,-0.003765231,-0.000408536
2021-1-21,1,lasso,132,0.001219715,-0.000408683
2021-1-22,1,lasso,132,0.001660854,-0.000408276
2021-1-25,1,lasso,132,-0.002436864,-0.000407443
2021-1-26,1,lasso,132,0.00530916,-0.00040765
2021-1-27,1,lasso,132,-0.002098173,-0.000399358
2021-1-28,1,lasso,132,0.001325674,-0.000403004
2021-1-29,1,lasso,132,0.004406264,-0.000401195
2021-2-1,1,lasso,132,0.002415195,-0.000346198
2021-2-2,1,lasso,132,-0.000329001,-0.000348835
2021-2-3,1,lasso,132,0.003940892,-0.000349956
2021-2-4,1,lasso,132,-0.005367817,-0.0003503
2021-2-5,1,lasso,132,-0.001208991,-0.000350621
2021-2-8,1,lasso,132,-0.005403332,-0.000350301
2021-2-9,1,lasso,132,-0.000774293,-0.000350491
2021-2-10,1,lasso,132,0.000553128,-0.000350288
2021-2-11,1,lasso,132,0.00066335,-0.000350705
2021-2-12,1,lasso,132,0,-0.000351426
2021-2-15,1,lasso,132,0.00033151,-0.000351426
2021-2-16,1,lasso,132,0.004849563,-0.000350587
2021-2-17,1,lasso,132,-0.003966073,-0.000350564
2021-2-18,1,lasso,132,-0.00254214,-0.000349895
2021-2-19,1,lasso,132,-0.003880916,-0.000349957
2021-2-22,1,lasso,132,0.001776002,-0.000349056
2021-2-23,1,lasso,132,0.000110895,-0.000349359
2021-2-24,1,lasso,132,-0.0005546,-0.000350357
2021-2-25,1,lasso,132,0.008286882,-0.000346475
2021-2-26,1,lasso,132,0.001759015,-0.00034693
2021-3-1,1,lasso,132,-0.002749823,-0.000309977
2021-3-2,1,lasso,132,0.001760758,-0.000309778
2021-3-3,1,lasso,132,0.007448824,-0.00030833
2021-3-4,1,lasso,132,0.003812433,-0.000307147
2021-3-5,1,lasso,132,0.003581316,-0.00030935
2021-3-8,1,lasso,132,-0.003798778,-0.000309006
2021-3-9,1,lasso,132,-0.001523561,-0.000309817
2021-3-10,1,lasso,132,-0.004365866,-0.000310645
2021-3-11,1,lasso,132,0.00283998,-0.0003109
2021-3-12,1,lasso,132,0.001634789,-0.000311289
2021-3-15,1,lasso,132,0.000326637,-0.000311475
2021-3-16,1,lasso,132,-0.004582659,-0.00031135
2021-3-17,1,lasso,132,0.004582659,-0.000311665
2021-3-18,1,lasso,132,0.000652955,-0.00031023
2021-3-19,1,lasso,132,-0.001960144,-0.000310398
2021-3-22,1,lasso,132,0.006518928,-0.000311565
2021-3-23,1,lasso,132,0.002055499,-0.000310951
2021-3-24,1,lasso,132,0,-0.00031063
2021-3-25,1,lasso,132,0.002590395,-0.000311413
2021-3-26,1,lasso,132,0.001830812,-0.000311948
2021-3-29,1,lasso,132,0.003865984,-0.000310703
2021-3-30,1,lasso,132,-0.00075055,-0.000311637
2021-3-31,1,lasso,132,-0.003223037,-0.000311756
2021-4-1,1,lasso,132,0.000968002,-0.000241173
2021-2-5,1,lasso,133,-0.001208991,-0.00034198
2021-2-8,1,lasso,133,-0.005403332,-0.000341652
2021-2-9,1,lasso,133,-0.000774293,-0.000341842
2021-2-10,1,lasso,133,0.000553128,-0.000341634
2021-2-11,1,lasso,133,0.00066335,-0.000342062
2021-2-12,1,lasso,133,0,-0.000342804
2021-2-15,1,lasso,133,0.00033151,-0.000342804
2021-2-16,1,lasso,133,0.004849563,-0.000341941
2021-2-17,1,lasso,133,-0.003966073,-0.000341918
2021-2-18,1,lasso,133,-0.00254214,-0.00034123
2021-2-19,1,lasso,133,-0.003880916,-0.000341296
2021-2-22,1,lasso,133,0.001776002,-0.000340371
2021-2-23,1,lasso,133,0.000110895,-0.000340681
2021-2-24,1,lasso,133,-0.0005546,-0.000341707
2021-2-25,1,lasso,133,0.008286882,-0.00033771
2021-2-26,1,lasso,133,0.001759015,-0.000338179
2021-3-1,1,lasso,133,-0.002749823,-0.000302122
2021-3-2,1,lasso,133,0.001760758,-0.000301914
2021-3-3,1,lasso,133,0.007448824,-0.000300424
2021-3-4,1,lasso,133,0.003812433,-0.00029921
2021-3-5,1,lasso,133,0.003581316,-0.000301476
2021-3-8,1,lasso,133,-0.003798778,-0.00030112
2021-3-9,1,lasso,133,-0.001523561,-0.000301955
2021-3-10,1,lasso,133,-0.004365866,-0.000302807
2021-3-11,1,lasso,133,0.00283998,-0.00030307
2021-3-12,1,lasso,133,0.001634789,-0.000303474
2021-3-15,1,lasso,133,0.000326637,-0.000303667
2021-3-16,1,lasso,133,-0.004582659,-0.000303541
2021-3-17,1,lasso,133,0.004582659,-0.000303866
2021-3-18,1,lasso,133,0.000652955,-0.00030239
2021-3-19,1,lasso,133,-0.001960144,-0.000302566
2021-3-22,1,lasso,133,0.006518928,-0.000303766
2021-3-23,1,lasso,133,0.002055499,-0.000303132
2021-3-24,1,lasso,133,0,-0.0003028
2021-3-25,1,lasso,133,0.002590395,-0.000303605
2021-3-26,1,lasso,133,0.001830812,-0.000304156
2021-3-29,1,lasso,133,0.003865984,-0.000302877
2021-3-30,1,lasso,133,-0.00075055,-0.000303835
2021-3-31,1,lasso,133,-0.003223037,-0.000303957
2021-4-1,1,lasso,133,0.000968002,-0.000233596
2021-4-2,1,lasso,133,-0.004525382,-0.000233672
2021-4-5,1,lasso,133,-0.002920026,-0.000233336
2021-4-6,1,lasso,133,0.001407003,-0.000233214
2021-4-7,1,lasso,133,-0.00433558,-0.000233581
2021-4-8,1,lasso,133,0.001085659,-0.000233703
2021-4-9,1,lasso,133,-0.000217037,-0.000233778
2021-4-12,1,lasso,133,-0.003152348,-0.00023384
2021-4-13,1,lasso,133,-0.00174349,-0.000234066
2021-4-14,1,lasso,133,0,-0.000233869
2021-4-15,1,lasso,133,-0.001418827,-0.000233923
2021-4-16,1,lasso,133,-0.005366054,-0.000234222
2021-4-19,1,lasso,133,0.001864956,-0.000233695
2021-4-20,1,lasso,133,-0.000986896,-0.000233079
2021-4-21,1,lasso,133,0.00197282,-0.000233687
2021-4-22,1,lasso,133,-0.00515946,-0.000232872
2021-4-23,1,lasso,133,-0.000550449,-0.000233672
2021-4-26,1,lasso,133,0.001100594,-0.000233303
2021-4-27,1,lasso,133,-0.003305424,-0.000233349
2021-4-28,1,lasso,133,0,-0.000233625
2021-4-29,1,lasso,133,0.007367123,-0.000233245
2021-3-5,1,lasso,134,0.003581316,-0.000302561
2021-3-8,1,lasso,134,-0.003798778,-0.000302171
2021-3-9,1,lasso,134,-0.001523561,-0.000303068
2021-3-10,1,lasso,134,-0.004365866,-0.000303984
2021-3-11,1,lasso,134,0.00283998,-0.000304275
2021-3-12,1,lasso,134,0.001634789,-0.00030473
2021-3-15,1,lasso,134,0.000326637,-0.00030495
2021-3-16,1,lasso,134,-0.004582659,-0.000304832
2021-3-17,1,lasso,134,0.004582659,-0.000305181
2021-3-18,1,lasso,134,0.000652955,-0.000303602
2021-3-19,1,lasso,134,-0.001960144,-0.000303804
2021-3-22,1,lasso,134,0.006518928,-0.000305094
2021-3-23,1,lasso,134,0.002055499,-0.0003044
2021-3-24,1,lasso,134,0,-0.00030403
2021-3-25,1,lasso,134,0.002590395,-0.000304896
2021-3-26,1,lasso,134,0.001830812,-0.000305488
2021-3-29,1,lasso,134,0.003865984,-0.000304126
2021-3-30,1,lasso,134,-0.00075055,-0.000305135
2021-3-31,1,lasso,134,-0.003223037,-0.000305266
2021-4-1,1,lasso,134,0.000968002,-0.000235072
2021-4-2,1,lasso,134,-0.004525382,-0.000235149
2021-4-5,1,lasso,134,-0.002920026,-0.000234787
2021-4-6,1,lasso,134,0.001407003,-0.000234656
2021-4-7,1,lasso,134,-0.00433558,-0.000235064
2021-4-8,1,lasso,134,0.001085659,-0.000235194
2021-4-9,1,lasso,134,-0.000217037,-0.00023528
2021-4-12,1,lasso,134,-0.003152348,-0.000235334
2021-4-13,1,lasso,134,-0.00174349,-0.000235572
2021-4-14,1,lasso,134,0,-0.00023536
2021-4-15,1,lasso,134,-0.001418827,-0.000235431
2021-4-16,1,lasso,134,-0.005366054,-0.000235745
2021-4-19,1,lasso,134,0.001864956,-0.000235174
2021-4-20,1,lasso,134,-0.000986896,-0.000234498
2021-4-21,1,lasso,134,0.00197282,-0.000235157
2021-4-22,1,lasso,134,-0.00515946,-0.000234289
2021-4-23,1,lasso,134,-0.000550449,-0.000235149
2021-4-26,1,lasso,134,0.001100594,-0.000234764
2021-4-27,1,lasso,134,-0.003305424,-0.000234814
2021-4-28,1,lasso,134,0,-0.000235103
2021-4-29,1,lasso,134,0.007367123,-0.000234707
2021-4-30,1,lasso,134,-0.003731757,-0.000234084
2021-5-3,1,lasso,134,0.003841304,-0.000205973
2021-5-4,1,lasso,134,0.000219058,-0.000205244
2021-5-5,1,lasso,134,-0.003950406,-0.000205564
2021-5-6,1,lasso,134,-0.007947939,-0.000205923
2021-5-7,1,lasso,134,-0.00022168,-0.000206983
2021-5-10,1,lasso,134,-0.000776268,-0.000204941
2021-5-11,1,lasso,134,0.006303587,-0.000203773
2021-5-12,1,lasso,134,0.000440869,-0.00020019
2021-5-13,1,lasso,134,-0.004749553,-0.000202893
2021-5-14,1,lasso,134,-0.00177305,-0.000205471
2021-5-17,1,lasso,134,-0.004557842,-0.000204903
2021-5-18,1,lasso,134,0.004890529,-0.000204085
2021-5-19,1,lasso,134,-0.004222228,-0.000203561
2021-5-20,1,lasso,134,0.00233554,-0.000204235
2021-5-21,1,lasso,134,-0.002001557,-0.000204445
2021-5-24,1,lasso,134,-0.002228661,-0.000205726
2021-5-25,1,lasso,134,0.004452367,-0.000205643
2021-5-26,1,lasso,134,-0.000777735,-0.000206374
2021-5-27,1,lasso,134,0.000666667,-0.000206761
2021-4-2,1,lasso,135,-0.004525382,-0.000224113
2021-4-5,1,lasso,135,-0.002920026,-0.00022376
2021-4-6,1,lasso,135,0.001407003,-0.000223632
2021-4-7,1,lasso,135,-0.00433558,-0.00022402
2021-4-8,1,lasso,135,0.001085659,-0.000224147
2021-4-9,1,lasso,135,-0.000217037,-0.000224227
2021-4-12,1,lasso,135,-0.003152348,-0.00022429
2021-4-13,1,lasso,135,-0.00174349,-0.000224527
2021-4-14,1,lasso,135,0,-0.00022432
2021-4-15,1,lasso,135,-0.001418827,-0.000224379
2021-4-16,1,lasso,135,-0.005366054,-0.000224691
2021-4-19,1,lasso,135,0.001864956,-0.000224137
2021-4-20,1,lasso,135,-0.000986896,-0.000223488
2021-4-21,1,lasso,135,0.00197282,-0.000224127
2021-4-22,1,lasso,135,-0.00515946,-0.000223273
2021-4-23,1,lasso,135,-0.000550449,-0.000224113
2021-4-26,1,lasso,135,0.001100594,-0.000223728
2021-4-27,1,lasso,135,-0.003305424,-0.000223776
2021-4-28,1,lasso,135,0,-0.000224065
2021-4-29,1,lasso,135,0.007367123,-0.000223667
2021-4-30,1,lasso,135,-0.003731757,-0.000223059
2021-5-3,1,lasso,135,0.003841304,-0.000191726
2021-5-4,1,lasso,135,0.000219058,-0.000191014
2021-5-5,1,lasso,135,-0.003950406,-0.000191333
2021-5-6,1,lasso,135,-0.007947939,-0.000191677
2021-5-7,1,lasso,135,-0.00022168,-0.000192711
2021-5-10,1,lasso,135,-0.000776268,-0.000190708
2021-5-11,1,lasso,135,0.006303587,-0.000189578
2021-5-12,1,lasso,135,0.000440869,-0.000186079
2021-5-13,1,lasso,135,-0.004749553,-0.000188714
2021-5-14,1,lasso,135,-0.00177305,-0.000191225
2021-5-17,1,lasso,135,-0.004557842,-0.000190671
2021-5-18,1,lasso,135,0.004890529,-0.000189882
2021-5-19,1,lasso,135,-0.004222228,-0.000189371
2021-5-20,1,lasso,135,0.00233554,-0.000190014
2021-5-21,1,lasso,135,-0.002001557,-0.000190213
2021-5-24,1,lasso,135,-0.002228661,-0.000191474
2021-5-25,1,lasso,135,0.004452367,-0.000191403
2021-5-26,1,lasso,135,-0.000777735,-0.000192107
2021-5-27,1,lasso,135,0.000666667,-0.000192484
2021-5-28,1,lasso,135,0,-0.00019259
2021-5-31,1,lasso,135,-0.002223953,-0.000192669
2021-6-1,1,lasso,135,0.000890175,-9.76E-05
2021-6-2,1,lasso,135,0.006651172,-9.81E-05
2021-6-3,1,lasso,135,-0.004096325,-9.77E-05
2021-6-4,1,lasso,135,-0.002110057,-9.87E-05
2021-6-7,1,lasso,135,0.001444204,-9.89E-05
2021-6-8,1,lasso,135,0.000443951,-9.85E-05
2021-6-9,1,lasso,135,-0.00055497,-9.80E-05
2021-6-10,1,lasso,135,0.005425469,-9.91E-05
2021-6-11,1,lasso,135,-0.000441794,-9.95E-05
2021-6-14,1,lasso,135,0.000220921,-9.89E-05
2021-6-15,1,lasso,135,0.006495317,-9.86E-05
2021-6-16,1,lasso,135,0.008305151,-9.88E-05
2021-6-17,1,lasso,135,0.003584817,-9.86E-05
2021-6-18,1,lasso,135,-0.003475997,-9.70E-05
2021-6-21,1,lasso,135,-0.001524557,-9.87E-05
2021-6-22,1,lasso,135,0.000435825,-9.95E-05
2021-6-23,1,lasso,135,0.000108927,-9.98E-05
2021-6-24,1,lasso,135,0.000435588,-0.000100306
2021-4-30,1,lasso,136,-0.003731757,-0.000240724
2021-5-3,1,lasso,136,0.003841304,-0.000219579
2021-5-4,1,lasso,136,0.000219058,-0.000218821
2021-5-5,1,lasso,136,-0.003950406,-0.000219143
2021-5-6,1,lasso,136,-0.007947939,-0.000219527
2021-5-7,1,lasso,136,-0.00022168,-0.00022063
2021-5-10,1,lasso,136,-0.000776268,-0.000218524
2021-5-11,1,lasso,136,0.006303587,-0.00021729
2021-5-12,1,lasso,136,0.000440869,-0.000213562
2021-5-13,1,lasso,136,-0.004749553,-0.000216382
2021-5-14,1,lasso,136,-0.00177305,-0.000219075
2021-5-17,1,lasso,136,-0.004557842,-0.000218485
2021-5-18,1,lasso,136,0.004890529,-0.000217614
2021-5-19,1,lasso,136,-0.004222228,-0.00021707
2021-5-20,1,lasso,136,0.00233554,-0.000217797
2021-5-21,1,lasso,136,-0.002001557,-0.000218026
2021-5-24,1,lasso,136,-0.002228661,-0.000219341
2021-5-25,1,lasso,136,0.004452367,-0.000219236
2021-5-26,1,lasso,136,-0.000777735,-0.000220015
2021-5-27,1,lasso,136,0.000666667,-0.000220417
2021-5-28,1,lasso,136,0,-0.000220512
2021-5-31,1,lasso,136,-0.002223953,-0.000220584
2021-6-1,1,lasso,136,0.000890175,-0.00012753
2021-6-2,1,lasso,136,0.006651172,-0.000127982
2021-6-3,1,lasso,136,-0.004096325,-0.000127619
2021-6-4,1,lasso,136,-0.002110057,-0.000128669
2021-6-7,1,lasso,136,0.001444204,-0.00012885
2021-6-8,1,lasso,136,0.000443951,-0.000128428
2021-6-9,1,lasso,136,-0.00055497,-0.000127896
2021-6-10,1,lasso,136,0.005425469,-0.000129057
2021-6-11,1,lasso,136,-0.000441794,-0.000129457
2021-6-14,1,lasso,136,0.000220921,-0.000128869
2021-6-15,1,lasso,136,0.006495317,-0.000128461
2021-6-16,1,lasso,136,0.008305151,-0.000128557
2021-6-17,1,lasso,136,0.003584817,-0.000128456
2021-6-18,1,lasso,136,-0.003475997,-0.000126651
2021-6-21,1,lasso,136,-0.001524557,-0.000128473
2021-6-22,1,lasso,136,0.000435825,-0.000129343
2021-6-23,1,lasso,136,0.000108927,-0.000129671
2021-6-24,1,lasso,136,0.000435588,-0.000130151
2021-6-25,1,lasso,136,0.000435398,-0.000130378
2021-6-28,1,lasso,136,0.001739698,-0.000130215
2021-6-29,1,lasso,136,0.004227878,-0.000130046
2021-6-30,1,lasso,136,0.001729356,-0.000129989
2021-7-1,1,lasso,136,-0.004003684,-7.49E-05
2021-7-2,1,lasso,136,-0.000216873,-7.52E-05
2021-7-5,1,lasso,136,0.003680454,-7.51E-05
2021-7-6,1,lasso,136,0.000971975,-7.42E-05
2021-7-7,1,lasso,136,-0.002377608,-7.46E-05
2021-7-8,1,lasso,136,-0.003142782,-7.28E-05
2021-7-9,1,lasso,136,0.001410055,-7.46E-05
2021-7-12,1,lasso,136,0.005297023,-7.46E-05
2021-7-13,1,lasso,136,-0.003672504,-7.39E-05
2021-7-14,1,lasso,136,0.002269903,-7.44E-05
2021-7-15,1,lasso,136,0.000755491,-7.39E-05
2021-7-16,1,lasso,136,0.002155406,-7.29E-05
2021-7-19,1,lasso,136,0.000860863,-7.02E-05
2021-7-20,1,lasso,136,-0.002369159,-7.22E-05
2021-7-21,1,lasso,136,0.000754432,-7.34E-05
2021-7-22,1,lasso,136,0.000969149,-7.34E-05
2021-5-28,1,lasso,137,0,-0.000248398
2021-5-31,1,lasso,137,-0.002223953,-0.000248463
2021-6-1,1,lasso,137,0.000890175,-0.000158807
2021-6-2,1,lasso,137,0.006651172,-0.000159256
2021-6-3,1,lasso,137,-0.004096325,-0.000158875
2021-6-4,1,lasso,137,-0.002110057,-0.000159976
2021-6-7,1,lasso,137,0.001444204,-0.00016014
2021-6-8,1,lasso,137,0.000443951,-0.000159698
2021-6-9,1,lasso,137,-0.00055497,-0.00015914
2021-6-10,1,lasso,137,0.005425469,-0.000160357
2021-6-11,1,lasso,137,-0.000441794,-0.000160761
2021-6-14,1,lasso,137,0.000220921,-0.00016016
2021-6-15,1,lasso,137,0.006495317,-0.000159732
2021-6-16,1,lasso,137,0.008305151,-0.000159715
2021-6-17,1,lasso,137,0.003584817,-0.00015966
2021-6-18,1,lasso,137,-0.003475997,-0.000157752
2021-6-21,1,lasso,137,-0.001524557,-0.000159663
2021-6-22,1,lasso,137,0.000435825,-0.000160565
2021-6-23,1,lasso,137,0.000108927,-0.000160894
2021-6-24,1,lasso,137,0.000435588,-0.00016136
2021-6-25,1,lasso,137,0.000435398,-0.000161598
2021-6-28,1,lasso,137,0.001739698,-0.000161438
2021-6-29,1,lasso,137,0.004227878,-0.000161261
2021-6-30,1,lasso,137,0.001729356,-0.000161227
2021-7-1,1,lasso,137,-0.004003684,-0.00010713
2021-7-2,1,lasso,137,-0.000216873,-0.000107507
2021-7-5,1,lasso,137,0.003680454,-0.000107344
2021-7-6,1,lasso,137,0.000971975,-0.000106478
2021-7-7,1,lasso,137,-0.002377608,-0.000106804
2021-7-8,1,lasso,137,-0.003142782,-0.0001049
2021-7-9,1,lasso,137,0.001410055,-0.000106818
2021-7-12,1,lasso,137,0.005297023,-0.000106824
2021-7-13,1,lasso,137,-0.003672504,-0.000106113
2021-7-14,1,lasso,137,0.002269903,-0.00010665
2021-7-15,1,lasso,137,0.000755491,-0.00010609
2021-7-16,1,lasso,137,0.002155406,-0.000105046
2021-7-19,1,lasso,137,0.000860863,-0.000102292
2021-7-20,1,lasso,137,-0.002369159,-0.000104339
2021-7-21,1,lasso,137,0.000754432,-0.000105576
2021-7-22,1,lasso,137,0.000969149,-0.000105628
2021-7-23,1,lasso,137,-0.00280233,-0.000106059
2021-7-26,1,lasso,137,-0.002377351,-0.000105637
2021-7-27,1,lasso,137,-0.001190799,-0.00010459
2021-7-28,1,lasso,137,-0.004995124,-0.000105304
2021-7-29,1,lasso,137,0.003369019,-0.000105556
2021-7-30,1,lasso,137,-0.00130279,-0.000105188
2021-8-2,1,lasso,137,0.000325857,-9.48E-05
2021-8-3,1,lasso,137,0.002061297,-9.59E-05
2021-8-4,1,lasso,137,-0.000325186,-9.59E-05
2021-8-5,1,lasso,137,0.006052764,-9.65E-05
2021-8-6,1,lasso,137,0.001507484,-9.72E-05
2021-8-9,1,lasso,137,0.001290323,-9.68E-05
2021-8-10,1,lasso,137,-0.001505539,-9.69E-05
2021-8-11,1,lasso,137,0.0012906,-9.72E-05
2021-8-12,1,lasso,137,-0.005604671,-9.76E-05
2021-8-13,1,lasso,137,0.001188226,-9.77E-05
2021-8-16,1,lasso,137,0.005383303,-9.76E-05
2021-8-17,1,lasso,137,0.000107371,-9.67E-05
2021-8-18,1,lasso,137,0.004606082,-9.38E-05
2021-8-19,1,lasso,137,-0.000748383,-9.35E-05
2021-6-25,1,lasso,138,0.000435398,-0.000124023
2021-6-28,1,lasso,138,0.001739698,-0.00012386
2021-6-29,1,lasso,138,0.004227878,-0.000123696
2021-6-30,1,lasso,138,0.001729356,-0.000123631
2021-7-1,1,lasso,138,-0.004003684,-6.81E-05
2021-7-2,1,lasso,138,-0.000216873,-6.85E-05
2021-7-5,1,lasso,138,0.003680454,-6.83E-05
2021-7-6,1,lasso,138,0.000971975,-6.75E-05
2021-7-7,1,lasso,138,-0.002377608,-6.79E-05
2021-7-8,1,lasso,138,-0.003142782,-6.61E-05
2021-7-9,1,lasso,138,0.001410055,-6.79E-05
2021-7-12,1,lasso,138,0.005297023,-6.79E-05
2021-7-13,1,lasso,138,-0.003672504,-6.72E-05
2021-7-14,1,lasso,138,0.002269903,-6.77E-05
2021-7-15,1,lasso,138,0.000755491,-6.72E-05
2021-7-16,1,lasso,138,0.002155406,-6.62E-05
2021-7-19,1,lasso,138,0.000860863,-6.36E-05
2021-7-20,1,lasso,138,-0.002369159,-6.56E-05
2021-7-21,1,lasso,138,0.000754432,-6.67E-05
2021-7-22,1,lasso,138,0.000969149,-6.68E-05
2021-7-23,1,lasso,138,-0.00280233,-6.72E-05
2021-7-26,1,lasso,138,-0.002377351,-6.67E-05
2021-7-27,1,lasso,138,-0.001190799,-6.58E-05
2021-7-28,1,lasso,138,-0.004995124,-6.65E-05
2021-7-29,1,lasso,138,0.003369019,-6.67E-05
2021-7-30,1,lasso,138,-0.00130279,-6.63E-05
2021-8-2,1,lasso,138,0.000325857,-5.70E-05
2021-8-3,1,lasso,138,0.002061297,-5.80E-05
2021-8-4,1,lasso,138,-0.000325186,-5.80E-05
2021-8-5,1,lasso,138,0.006052764,-5.86E-05
2021-8-6,1,lasso,138,0.001507484,-5.92E-05
2021-8-9,1,lasso,138,0.001290323,-5.88E-05
2021-8-10,1,lasso,138,-0.001505539,-5.90E-05
2021-8-11,1,lasso,138,0.0012906,-5.92E-05
2021-8-12,1,lasso,138,-0.005604671,-5.95E-05
2021-8-13,1,lasso,138,0.001188226,-5.97E-05
2021-8-16,1,lasso,138,0.005383303,-5.97E-05
2021-8-17,1,lasso,138,0.000107371,-5.89E-05
2021-8-18,1,lasso,138,0.004606082,-5.61E-05
2021-8-19,1,lasso,138,-0.000748383,-5.58E-05
2021-8-20,1,lasso,138,-0.005792143,-5.77E-05
2021-8-23,1,lasso,138,-0.000753296,-5.86E-05
2021-8-24,1,lasso,138,-0.000753864,-5.88E-05
2021-8-25,1,lasso,138,0.002582313,-5.88E-05
2021-8-26,1,lasso,138,-0.003983855,-5.76E-05
2021-8-27,1,lasso,138,-0.000431639,-5.91E-05
2021-8-30,1,lasso,138,-0.000215889,-5.90E-05
2021-8-31,1,lasso,138,-0.001945105,-5.88E-05
2021-9-1,1,lasso,138,-0.002490931,-7.64E-05
2021-9-2,1,lasso,138,-0.001953762,-7.63E-05
2021-9-3,1,lasso,138,0,-7.63E-05
2021-9-6,1,lasso,138,0.005093482,-7.63E-05
2021-9-7,1,lasso,138,0.001512206,-7.50E-05
2021-9-8,1,lasso,138,-0.001836548,-7.53E-05
2021-9-9,1,lasso,138,0.001080731,-7.47E-05
2021-9-10,1,lasso,138,0.001079564,-7.35E-05
2021-9-13,1,lasso,138,-0.000647599,-7.45E-05
2021-9-14,1,lasso,138,-0.000756062,-7.41E-05
2021-9-15,1,lasso,138,0.004097483,-7.49E-05
2021-9-16,1,lasso,138,0.002793898,-7.44E-05
2021-7-23,1,lasso,139,-0.00280233,-5.60E-05
2021-7-26,1,lasso,139,-0.002377351,-5.56E-05
2021-7-27,1,lasso,139,-0.001190799,-5.47E-05
2021-7-28,1,lasso,139,-0.004995124,-5.53E-05
2021-7-29,1,lasso,139,0.003369019,-5.55E-05
2021-7-30,1,lasso,139,-0.00130279,-5.52E-05
2021-8-2,1,lasso,139,0.000325857,-4.62E-05
2021-8-3,1,lasso,139,0.002061297,-4.72E-05
2021-8-4,1,lasso,139,-0.000325186,-4.72E-05
2021-8-5,1,lasso,139,0.006052764,-4.77E-05
2021-8-6,1,lasso,139,0.001507484,-4.83E-05
2021-8-9,1,lasso,139,0.001290323,-4.80E-05
2021-8-10,1,lasso,139,-0.001505539,-4.81E-05
2021-8-11,1,lasso,139,0.0012906,-4.84E-05
2021-8-12,1,lasso,139,-0.005604671,-4.87E-05
2021-8-13,1,lasso,139,0.001188226,-4.88E-05
2021-8-16,1,lasso,139,0.005383303,-4.88E-05
2021-8-17,1,lasso,139,0.000107371,-4.81E-05
2021-8-18,1,lasso,139,0.004606082,-4.54E-05
2021-8-19,1,lasso,139,-0.000748383,-4.50E-05
2021-8-20,1,lasso,139,-0.005792143,-4.69E-05
2021-8-23,1,lasso,139,-0.000753296,-4.77E-05
2021-8-24,1,lasso,139,-0.000753864,-4.80E-05
2021-8-25,1,lasso,139,0.002582313,-4.79E-05
2021-8-26,1,lasso,139,-0.003983855,-4.68E-05
2021-8-27,1,lasso,139,-0.000431639,-4.83E-05
2021-8-30,1,lasso,139,-0.000215889,-4.81E-05
2021-8-31,1,lasso,139,-0.001945105,-4.79E-05
2021-9-1,1,lasso,139,-0.002490931,-6.55E-05
2021-9-2,1,lasso,139,-0.001953762,-6.54E-05
2021-9-3,1,lasso,139,0,-6.54E-05
2021-9-6,1,lasso,139,0.005093482,-6.54E-05
2021-9-7,1,lasso,139,0.001512206,-6.41E-05
2021-9-8,1,lasso,139,-0.001836548,-6.44E-05
2021-9-9,1,lasso,139,0.001080731,-6.39E-05
2021-9-10,1,lasso,139,0.001079564,-6.27E-05
2021-9-13,1,lasso,139,-0.000647599,-6.36E-05
2021-9-14,1,lasso,139,-0.000756062,-6.33E-05
2021-9-15,1,lasso,139,0.004097483,-6.41E-05
2021-9-16,1,lasso,139,0.002793898,-6.35E-05
2021-9-17,1,lasso,139,0.000965303,-6.24E-05
2021-9-20,1,lasso,139,-0.000858001,-5.91E-05
2021-9-21,1,lasso,139,0.002785816,-5.97E-05
2021-9-22,1,lasso,139,-0.004611515,-6.20E-05
2021-9-23,1,lasso,139,0.003219578,-6.34E-05
2021-9-24,1,lasso,139,0.00053559,-6.41E-05
2021-9-27,1,lasso,139,0.004167786,-6.33E-05
2021-9-28,1,lasso,139,0.006060302,-6.10E-05
2021-9-29,1,lasso,139,-0.001166676,-6.14E-05
2021-9-30,1,lasso,139,-0.002018379,-6.10E-05
2021-10-1,1,lasso,139,-0.00276861,6.68E-06
2021-10-4,1,lasso,139,0.002023969,7.78E-06
2021-10-5,1,lasso,139,0.003187423,6.65E-06
2021-10-6,1,lasso,139,-0.000530532,6.28E-06
2021-10-7,1,lasso,139,-0.001593287,5.12E-06
2021-10-8,1,lasso,139,0.00265407,4.72E-06
2021-10-11,1,lasso,139,0.002118196,5.40E-06
2021-10-12,1,lasso,139,-0.004665968,5.38E-06
2021-10-13,1,lasso,139,-0.001276324,4.65E-06
2021-10-14,1,lasso,139,-0.000212879,3.75E-06
2021-8-20,1,lasso,140,-0.005792143,-5.12E-05
2021-8-23,1,lasso,140,-0.000753296,-5.20E-05
2021-8-24,1,lasso,140,-0.000753864,-5.23E-05
2021-8-25,1,lasso,140,0.002582313,-5.23E-05
2021-8-26,1,lasso,140,-0.003983855,-5.11E-05
2021-8-27,1,lasso,140,-0.000431639,-5.26E-05
2021-8-30,1,lasso,140,-0.000215889,-5.24E-05
2021-8-31,1,lasso,140,-0.001945105,-5.22E-05
2021-9-1,1,lasso,140,-0.002490931,-6.97E-05
2021-9-2,1,lasso,140,-0.001953762,-6.96E-05
2021-9-3,1,lasso,140,0,-6.96E-05
2021-9-6,1,lasso,140,0.005093482,-6.96E-05
2021-9-7,1,lasso,140,0.001512206,-6.83E-05
2021-9-8,1,lasso,140,-0.001836548,-6.86E-05
2021-9-9,1,lasso,140,0.001080731,-6.81E-05
2021-9-10,1,lasso,140,0.001079564,-6.68E-05
2021-9-13,1,lasso,140,-0.000647599,-6.78E-05
2021-9-14,1,lasso,140,-0.000756062,-6.75E-05
2021-9-15,1,lasso,140,0.004097483,-6.83E-05
2021-9-16,1,lasso,140,0.002793898,-6.77E-05
2021-9-17,1,lasso,140,0.000965303,-6.65E-05
2021-9-20,1,lasso,140,-0.000858001,-6.32E-05
2021-9-21,1,lasso,140,0.002785816,-6.39E-05
2021-9-22,1,lasso,140,-0.004611515,-6.62E-05
2021-9-23,1,lasso,140,0.003219578,-6.76E-05
2021-9-24,1,lasso,140,0.00053559,-6.83E-05
2021-9-27,1,lasso,140,0.004167786,-6.75E-05
2021-9-28,1,lasso,140,0.006060302,-6.52E-05
2021-9-29,1,lasso,140,-0.001166676,-6.56E-05
2021-9-30,1,lasso,140,-0.002018379,-6.51E-05
2021-10-1,1,lasso,140,-0.00276861,2.31E-06
2021-10-4,1,lasso,140,0.002023969,3.42E-06
2021-10-5,1,lasso,140,0.003187423,2.28E-06
2021-10-6,1,lasso,140,-0.000530532,1.91E-06
2021-10-7,1,lasso,140,-0.001593287,7.47E-07
2021-10-8,1,lasso,140,0.00265407,3.52E-07
2021-10-11,1,lasso,140,0.002118196,1.03E-06
2021-10-12,1,lasso,140,-0.004665968,1.01E-06
2021-10-13,1,lasso,140,-0.001276324,2.72E-07
2021-10-14,1,lasso,140,-0.000212879,-6.27E-07
2021-10-15,1,lasso,140,0.000106445,-1.05E-06
2021-10-18,1,lasso,140,-0.002344417,-1.23E-06
2021-10-19,1,lasso,140,-0.001815367,-1.72E-06
2021-10-20,1,lasso,140,0.002242034,-1.85E-06
2021-10-21,1,lasso,140,-0.001387333,-2.14E-06
2021-10-22,1,lasso,140,0.001813818,-2.08E-06
2021-10-25,1,lasso,140,0.001491266,-2.00E-06
2021-10-26,1,lasso,140,-0.00159787,-1.55E-06
2021-10-27,1,lasso,140,-0.004808986,-9.36E-07
2021-10-28,1,lasso,140,0.008214694,-1.21E-06
2021-10-29,1,lasso,140,-0.002553193,-1.45E-06
2021-11-1,1,lasso,140,0.0022344,4.25E-05
2021-11-2,1,lasso,140,-0.002447461,4.22E-05
2021-11-3,1,lasso,140,0.005206961,4.16E-05
2021-11-4,1,lasso,140,-0.000318016,4.22E-05
2021-11-5,1,lasso,140,-0.0028667,4.27E-05
2021-11-8,1,lasso,140,-0.000957396,4.33E-05
2021-11-9,1,lasso,140,0.009427537,4.35E-05
2021-11-10,1,lasso,140,0.003473139,4.39E-05
2021-11-11,1,lasso,140,-0.000525458,4.32E-05
2021-9-17,1,lasso,141,0.000965303,-8.56E-05
2021-9-20,1,lasso,141,-0.000858001,-8.22E-05
2021-9-21,1,lasso,141,0.002785816,-8.29E-05
2021-9-22,1,lasso,141,-0.004611515,-8.52E-05
2021-9-23,1,lasso,141,0.003219578,-8.67E-05
2021-9-24,1,lasso,141,0.00053559,-8.74E-05
2021-9-27,1,lasso,141,0.004167786,-8.66E-05
2021-9-28,1,lasso,141,0.006060302,-8.41E-05
2021-9-29,1,lasso,141,-0.001166676,-8.46E-05
2021-9-30,1,lasso,141,-0.002018379,-8.41E-05
2021-10-1,1,lasso,141,-0.00276861,-1.62E-05
2021-10-4,1,lasso,141,0.002023969,-1.50E-05
2021-10-5,1,lasso,141,0.003187423,-1.62E-05
2021-10-6,1,lasso,141,-0.000530532,-1.66E-05
2021-10-7,1,lasso,141,-0.001593287,-1.78E-05
2021-10-8,1,lasso,141,0.00265407,-1.82E-05
2021-10-11,1,lasso,141,0.002118196,-1.75E-05
2021-10-12,1,lasso,141,-0.004665968,-1.75E-05
2021-10-13,1,lasso,141,-0.001276324,-1.82E-05
2021-10-14,1,lasso,141,-0.000212879,-1.92E-05
2021-10-15,1,lasso,141,0.000106445,-1.96E-05
2021-10-18,1,lasso,141,-0.002344417,-1.98E-05
2021-10-19,1,lasso,141,-0.001815367,-2.03E-05
2021-10-20,1,lasso,141,0.002242034,-2.04E-05
2021-10-21,1,lasso,141,-0.001387333,-2.07E-05
2021-10-22,1,lasso,141,0.001813818,-2.06E-05
2021-10-25,1,lasso,141,0.001491266,-2.06E-05
2021-10-26,1,lasso,141,-0.00159787,-2.01E-05
2021-10-27,1,lasso,141,-0.004808986,-1.95E-05
2021-10-28,1,lasso,141,0.008214694,-1.98E-05
2021-10-29,1,lasso,141,-0.002553193,-2.00E-05
2021-11-1,1,lasso,141,0.0022344,1.95E-05
2021-11-2,1,lasso,141,-0.002447461,1.92E-05
2021-11-3,1,lasso,141,0.005206961,1.86E-05
2021-11-4,1,lasso,141,-0.000318016,1.92E-05
2021-11-5,1,lasso,141,-0.0028667,1.96E-05
2021-11-8,1,lasso,141,-0.000957396,2.03E-05
2021-11-9,1,lasso,141,0.009427537,2.05E-05
2021-11-10,1,lasso,141,0.003473139,2.09E-05
2021-11-11,1,lasso,141,-0.000525458,2.02E-05
2021-11-12,1,lasso,141,0.002939018,1.93E-05
2021-11-15,1,lasso,141,0.005331116,1.96E-05
2021-11-16,1,lasso,141,-0.000938722,1.96E-05
2021-11-17,1,lasso,141,-0.00303078,1.99E-05
2021-11-18,1,lasso,141,0.005115635,2.02E-05
2021-11-19,1,lasso,141,0.005400366,2.04E-05
2021-11-22,1,lasso,141,-0.000621633,2.12E-05
2021-11-23,1,lasso,141,0.004033723,2.13E-05
2021-11-24,1,lasso,141,-0.00113607,2.04E-05
2021-11-25,1,lasso,141,-0.007051777,2.04E-05
2021-11-26,1,lasso,141,0.002598349,2.71E-05
2021-11-29,1,lasso,141,-0.003639582,2.37E-05
2021-11-30,1,lasso,141,0.000416623,2.62E-05
2021-12-1,1,lasso,141,0.001352828,0.000114375
2021-12-2,1,lasso,141,-0.00041606,0.00011248
2021-12-3,1,lasso,141,0.002182386,0.000114199
2021-12-6,1,lasso,141,0.000415153,0.000111993
2021-12-7,1,lasso,141,-0.004993249,0.000108288
2021-12-8,1,lasso,141,0.003955043,0.000106922
2021-12-9,1,lasso,141,-0.001767428,0.000108092
2021-10-15,1,lasso,142,0.000106445,-2.09E-05
2021-10-18,1,lasso,142,-0.002344417,-2.11E-05
2021-10-19,1,lasso,142,-0.001815367,-2.16E-05
2021-10-20,1,lasso,142,0.002242034,-2.17E-05
2021-10-21,1,lasso,142,-0.001387333,-2.20E-05
2021-10-22,1,lasso,142,0.001813818,-2.19E-05
2021-10-25,1,lasso,142,0.001491266,-2.19E-05
2021-10-26,1,lasso,142,-0.00159787,-2.14E-05
2021-10-27,1,lasso,142,-0.004808986,-2.08E-05
2021-10-28,1,lasso,142,0.008214694,-2.10E-05
2021-10-29,1,lasso,142,-0.002553193,-2.13E-05
2021-11-1,1,lasso,142,0.0022344,1.83E-05
2021-11-2,1,lasso,142,-0.002447461,1.79E-05
2021-11-3,1,lasso,142,0.005206961,1.74E-05
2021-11-4,1,lasso,142,-0.000318016,1.79E-05
2021-11-5,1,lasso,142,-0.0028667,1.84E-05
2021-11-8,1,lasso,142,-0.000957396,1.91E-05
2021-11-9,1,lasso,142,0.009427537,1.92E-05
2021-11-10,1,lasso,142,0.003473139,1.97E-05
2021-11-11,1,lasso,142,-0.000525458,1.90E-05
2021-11-12,1,lasso,142,0.002939018,1.80E-05
2021-11-15,1,lasso,142,0.005331116,1.84E-05
2021-11-16,1,lasso,142,-0.000938722,1.83E-05
2021-11-17,1,lasso,142,-0.00303078,1.86E-05
2021-11-18,1,lasso,142,0.005115635,1.89E-05
2021-11-19,1,lasso,142,0.005400366,1.91E-05
2021-11-22,1,lasso,142,-0.000621633,1.99E-05
2021-11-23,1,lasso,142,0.004033723,2.01E-05
2021-11-24,1,lasso,142,-0.00113607,1.92E-05
2021-11-25,1,lasso,142,-0.007051777,1.92E-05
2021-11-26,1,lasso,142,0.002598349,2.58E-05
2021-11-29,1,lasso,142,-0.003639582,2.24E-05
2021-11-30,1,lasso,142,0.000416623,2.49E-05
2021-12-1,1,lasso,142,0.001352828,0.000112474
2021-12-2,1,lasso,142,-0.00041606,0.000110579
2021-12-3,1,lasso,142,0.002182386,0.000112299
2021-12-6,1,lasso,142,0.000415153,0.000110092
2021-12-7,1,lasso,142,-0.004993249,0.000106383
2021-12-8,1,lasso,142,0.003955043,0.000105015
2021-12-9,1,lasso,142,-0.001767428,0.000106187
2021-12-10,1,lasso,142,0.002286666,0.000104359
2021-12-13,1,lasso,142,0.002592152,0.000105639
2021-12-14,1,lasso,142,-0.000621504,0.000106565
2021-12-15,1,lasso,142,-0.004881859,0.000105176
2021-12-16,1,lasso,142,0.005503363,0.000106167
2021-12-17,1,lasso,142,-0.000207125,0.000106617
2021-12-20,1,lasso,142,-0.000621633,0.000106529
2021-12-21,1,lasso,142,-0.004258198,0.000105535
2021-12-22,1,lasso,142,-0.000624675,0.00010403
2021-12-23,1,lasso,142,0.000728749,0.000103606
2021-12-27,1,lasso,142,0.001144105,0.000103975
2021-12-28,1,lasso,142,-0.002810599,0.000103705
2021-12-29,1,lasso,142,0.000416884,0.000103696
2021-12-30,1,lasso,142,0,0.000104118
2021-12-31,1,lasso,142,0.00249766,0.000103794
2022-1-3,1,lasso,142,0.000519562,0.000136813
2022-1-4,1,lasso,142,-0.000935405,0.000136172
2022-1-5,1,lasso,142,0.001558523,0.000137773
2022-1-6,1,lasso,142,-0.006248719,0.000137333
2022-1-7,1,lasso,142,0.002816756,0.000136977
2021-11-12,1,lasso,143,0.002939018,2.41E-05
2021-11-15,1,lasso,143,0.005331116,2.45E-05
2021-11-16,1,lasso,143,-0.000938722,2.44E-05
2021-11-17,1,lasso,143,-0.00303078,2.47E-05
2021-11-18,1,lasso,143,0.005115635,2.50E-05
2021-11-19,1,lasso,143,0.005400366,2.52E-05
2021-11-22,1,lasso,143,-0.000621633,2.60E-05
2021-11-23,1,lasso,143,0.004033723,2.61E-05
2021-11-24,1,lasso,143,-0.00113607,2.52E-05
2021-11-25,1,lasso,143,-0.007051777,2.52E-05
2021-11-26,1,lasso,143,0.002598349,3.18E-05
2021-11-29,1,lasso,143,-0.003639582,2.85E-05
2021-11-30,1,lasso,143,0.000416623,3.09E-05
2021-12-1,1,lasso,143,0.001352828,0.000118864
2021-12-2,1,lasso,143,-0.00041606,0.000117002
2021-12-3,1,lasso,143,0.002182386,0.000118696
2021-12-6,1,lasso,143,0.000415153,0.000116522
2021-12-7,1,lasso,143,-0.004993249,0.00011285
2021-12-8,1,lasso,143,0.003955043,0.000111497
2021-12-9,1,lasso,143,-0.001767428,0.000112657
2021-12-10,1,lasso,143,0.002286666,0.000110856
2021-12-13,1,lasso,143,0.002592152,0.000112129
2021-12-14,1,lasso,143,-0.000621504,0.000113038
2021-12-15,1,lasso,143,-0.004881859,0.000111681
2021-12-16,1,lasso,143,0.005503363,0.000112667
2021-12-17,1,lasso,143,-0.000207125,0.000113102
2021-12-20,1,lasso,143,-0.000621633,0.000112971
2021-12-21,1,lasso,143,-0.004258198,0.000112001
2021-12-22,1,lasso,143,-0.000624675,0.000110518
2021-12-23,1,lasso,143,0.000728749,0.0001101
2021-12-27,1,lasso,143,0.001144105,0.00011049
2021-12-28,1,lasso,143,-0.002810599,0.000110215
2021-12-29,1,lasso,143,0.000416884,0.000110223
2021-12-30,1,lasso,143,0,0.000110648
2021-12-31,1,lasso,143,0.00249766,0.000110316
2022-1-3,1,lasso,143,0.000519562,0.000143493
2022-1-4,1,lasso,143,-0.000935405,0.000142821
2022-1-5,1,lasso,143,0.001558523,0.00014439
2022-1-6,1,lasso,143,-0.006248719,0.000143939
2022-1-7,1,lasso,143,0.002816756,0.000143598
2022-1-10,1,lasso,143,-0.003862016,0.000143883
2022-1-11,1,lasso,143,-0.007347572,0.000142214
2022-1-12,1,lasso,143,-0.001370513,0.000141909
2022-1-13,1,lasso,143,0.004000848,0.000143585
2022-1-14,1,lasso,143,0.000945229,0.000142624
2022-1-17,1,lasso,143,0.004921734,0.000142211
2022-1-18,1,lasso,143,-0.002300775,0.000144378
2022-1-19,1,lasso,143,0.00240523,0.00014391
2022-1-20,1,lasso,143,-0.001045041,0.000144694
2022-1-21,1,lasso,143,0.002923368,0.000147101
2022-1-24,1,lasso,143,0.000312712,0.000147755
2022-1-25,1,lasso,143,0.004575239,0.000147675
2022-1-26,1,lasso,143,0.008882521,0.00014791
2022-1-27,1,lasso,143,0.000205634,0.000146806
2022-1-28,1,lasso,143,-0.007533187,0.000145607
2022-1-31,1,lasso,143,-0.001554968,0.000144032
2022-2-1,1,lasso,143,-0.004679466,0.00013803
2022-2-2,1,lasso,143,-0.005854083,0.000138976
2022-2-3,1,lasso,143,0.001152617,0.000139933
2022-2-4,1,lasso,143,-0.000942952,0.000137987
2021-12-10,1,lasso,144,0.002286666,0.000104695
2021-12-13,1,lasso,144,0.002592152,0.00010596
2021-12-14,1,lasso,144,-0.000621504,0.000106862
2021-12-15,1,lasso,144,-0.004881859,0.000105518
2021-12-16,1,lasso,144,0.005503363,0.000106498
2021-12-17,1,lasso,144,-0.000207125,0.000106928
2021-12-20,1,lasso,144,-0.000621633,0.000106791
2021-12-21,1,lasso,144,-0.004258198,0.000105829
2021-12-22,1,lasso,144,-0.000624675,0.000104356
2021-12-23,1,lasso,144,0.000728749,0.000103942
2021-12-27,1,lasso,144,0.001144105,0.000104333
2021-12-28,1,lasso,144,-0.002810599,0.000104059
2021-12-29,1,lasso,144,0.000416884,0.00010407
2021-12-30,1,lasso,144,0,0.000104493
2021-12-31,1,lasso,144,0.00249766,0.000104162
2022-1-3,1,lasso,144,0.000519562,0.000136947
2022-1-4,1,lasso,144,-0.000935405,0.000136272
2022-1-5,1,lasso,144,0.001558523,0.000137829
2022-1-6,1,lasso,144,-0.006248719,0.000137378
2022-1-7,1,lasso,144,0.002816756,0.00013704
2022-1-10,1,lasso,144,-0.003862016,0.000137323
2022-1-11,1,lasso,144,-0.007347572,0.000135657
2022-1-12,1,lasso,144,-0.001370513,0.000135356
2022-1-13,1,lasso,144,0.004000848,0.00013702
2022-1-14,1,lasso,144,0.000945229,0.000136064
2022-1-17,1,lasso,144,0.004921734,0.00013565
2022-1-18,1,lasso,144,-0.002300775,0.000137801
2022-1-19,1,lasso,144,0.00240523,0.000137328
2022-1-20,1,lasso,144,-0.001045041,0.000138103
2022-1-21,1,lasso,144,0.002923368,0.000140496
2022-1-24,1,lasso,144,0.000312712,0.000141146
2022-1-25,1,lasso,144,0.004575239,0.000141059
2022-1-26,1,lasso,144,0.008882521,0.00014129
2022-1-27,1,lasso,144,0.000205634,0.000140193
2022-1-28,1,lasso,144,-0.007533187,0.000139007
2022-1-31,1,lasso,144,-0.001554968,0.000137445
2022-2-1,1,lasso,144,-0.004679466,0.000131118
2022-2-2,1,lasso,144,-0.005854083,0.000132064
2022-2-3,1,lasso,144,0.001152617,0.00013301
2022-2-4,1,lasso,144,-0.000942952,0.000131069
2022-2-7,1,lasso,144,0.002512564,0.000131411
2022-2-8,1,lasso,144,-0.001569613,0.000128236
2022-2-9,1,lasso,144,0.000628141,0.000127508
2022-2-10,1,lasso,144,0.005531507,0.000125058
2022-2-11,1,lasso,144,0.003013772,0.000128547
2022-2-14,1,lasso,144,-0.00395093,0.00012847
2022-2-15,1,lasso,144,-0.003025721,0.000125901
2022-2-16,1,lasso,144,0.001044387,0.000126272
2022-2-17,1,lasso,144,0.002502086,0.000129312
2022-2-18,1,lasso,144,0.000416406,0.000129353
2022-2-21,1,lasso,144,-0.000520535,0.000129843
2022-2-22,1,lasso,144,0.00166476,0.000130122
2022-2-23,1,lasso,144,0.009827835,0.000131489
2022-2-24,1,lasso,144,-0.005470981,0.000132298
2022-2-25,1,lasso,144,0.001034554,0.000129631
2022-2-28,1,lasso,144,0.007212065,0.000132193
2022-3-1,1,lasso,144,-0.000205339,0.000196619
2022-3-2,1,lasso,144,0.004098786,0.00019491
2022-3-3,1,lasso,144,0.00875591,0.00019362
2022-3-4,1,lasso,144,0.006466629,0.000195677
2022-1-10,1,lasso,145,-0.003862016,0.000107151
2022-1-11,1,lasso,145,-0.007347572,0.000105539
2022-1-12,1,lasso,145,-0.001370513,0.000105216
2022-1-13,1,lasso,145,0.004000848,0.000106917
2022-1-14,1,lasso,145,0.000945229,0.000105962
2022-1-17,1,lasso,145,0.004921734,0.000105575
2022-1-18,1,lasso,145,-0.002300775,0.000107781
2022-1-19,1,lasso,145,0.00240523,0.000107395
2022-1-20,1,lasso,145,-0.001045041,0.000108214
2022-1-21,1,lasso,145,0.002923368,0.000110628
2022-1-24,1,lasso,145,0.000312712,0.000111292
2022-1-25,1,lasso,145,0.004575239,0.000111279
2022-1-26,1,lasso,145,0.008882521,0.000111538
2022-1-27,1,lasso,145,0.000205634,0.000110432
2022-1-28,1,lasso,145,-0.007533187,0.000109171
2022-1-31,1,lasso,145,-0.001554968,0.000107557
2022-2-1,1,lasso,145,-0.004679466,9.81E-05
2022-2-2,1,lasso,145,-0.005854083,9.90E-05
2022-2-3,1,lasso,145,0.001152617,0.000100038
2022-2-4,1,lasso,145,-0.000942952,9.82E-05
2022-2-7,1,lasso,145,0.002512564,9.85E-05
2022-2-8,1,lasso,145,-0.001569613,9.54E-05
2022-2-9,1,lasso,145,0.000628141,9.47E-05
2022-2-10,1,lasso,145,0.005531507,9.26E-05
2022-2-11,1,lasso,145,0.003013772,9.60E-05
2022-2-14,1,lasso,145,-0.00395093,9.60E-05
2022-2-15,1,lasso,145,-0.003025721,9.35E-05
2022-2-16,1,lasso,145,0.001044387,9.37E-05
2022-2-17,1,lasso,145,0.002502086,9.68E-05
2022-2-18,1,lasso,145,0.000416406,9.68E-05
2022-2-21,1,lasso,145,-0.000520535,9.73E-05
2022-2-22,1,lasso,145,0.00166476,9.76E-05
2022-2-23,1,lasso,145,0.009827835,9.90E-05
2022-2-24,1,lasso,145,-0.005470981,9.97E-05
2022-2-25,1,lasso,145,0.001034554,9.71E-05
2022-2-28,1,lasso,145,0.007212065,9.96E-05
2022-3-1,1,lasso,145,-0.000205339,0.000161709
2022-3-2,1,lasso,145,0.004098786,0.000159972
2022-3-3,1,lasso,145,0.00875591,0.000158751
2022-3-4,1,lasso,145,0.006466629,0.000160756
2022-3-7,1,lasso,145,-0.002319134,0.000163407
2022-3-8,1,lasso,145,-0.011064418,0.000161339
2022-3-9,1,lasso,145,0.005496757,0.000159433
2022-3-10,1,lasso,145,0.006173171,0.000157501
2022-3-11,1,lasso,145,-0.001211387,0.00015783
2022-3-14,1,lasso,145,0.001009591,0.000157489
2022-3-15,1,lasso,145,-0.004855361,0.000154853
2022-3-16,1,lasso,145,-0.006612771,0.000153031
2022-3-17,1,lasso,145,0.002650358,0.000154617
2022-3-18,1,lasso,145,0.00274488,0.000152845
2022-3-21,1,lasso,145,-0.000101528,0.000149883
2022-3-22,1,lasso,145,0.001319061,0.00014789
2022-3-23,1,lasso,145,0.001722304,0.000149732
2022-3-24,1,lasso,145,0,0.000147721
2022-3-25,1,lasso,145,0.003032143,0.000146543
2022-3-28,1,lasso,145,-0.006987724,0.000145163
2022-3-29,1,lasso,145,-0.006218482,0.000144067
2022-3-30,1,lasso,145,0.005303429,0.000145607
2022-3-31,1,lasso,145,0.003249724,0.000147019
2022-4-1,1,lasso,145,0.003744375,0.000211512
2022-2-7,1,lasso,146,0.002512564,5.28E-05
2022-2-8,1,lasso,146,-0.001569613,4.99E-05
2022-2-9,1,lasso,146,0.000628141,4.91E-05
2022-2-10,1,lasso,146,0.005531507,4.76E-05
2022-2-11,1,lasso,146,0.003013772,5.11E-05
2022-2-14,1,lasso,146,-0.00395093,5.12E-05
2022-2-15,1,lasso,146,-0.003025721,4.86E-05
2022-2-16,1,lasso,146,0.001044387,4.87E-05
2022-2-17,1,lasso,146,0.002502086,5.19E-05
2022-2-18,1,lasso,146,0.000416406,5.18E-05
2022-2-21,1,lasso,146,-0.000520535,5.22E-05
2022-2-22,1,lasso,146,0.00166476,5.26E-05
2022-2-23,1,lasso,146,0.009827835,5.41E-05
2022-2-24,1,lasso,146,-0.005470981,5.47E-05
2022-2-25,1,lasso,146,0.001034554,5.20E-05
2022-2-28,1,lasso,146,0.007212065,5.46E-05
2022-3-1,1,lasso,146,-0.000205339,0.000114076
2022-3-2,1,lasso,146,0.004098786,0.000112242
2022-3-3,1,lasso,146,0.00875591,0.000111117
2022-3-4,1,lasso,146,0.006466629,0.000113078
2022-3-7,1,lasso,146,-0.002319134,0.000115932
2022-3-8,1,lasso,146,-0.011064418,0.000113933
2022-3-9,1,lasso,146,0.005496757,0.000111937
2022-3-10,1,lasso,146,0.006173171,0.000109966
2022-3-11,1,lasso,146,-0.001211387,0.000110317
2022-3-14,1,lasso,146,0.001009591,0.000110117
2022-3-15,1,lasso,146,-0.004855361,0.000107542
2022-3-16,1,lasso,146,-0.006612771,0.000105571
2022-3-17,1,lasso,146,0.002650358,0.000106893
2022-3-18,1,lasso,146,0.00274488,0.00010511
2022-3-21,1,lasso,146,-0.000101528,0.00010241
2022-3-22,1,lasso,146,0.001319061,0.000100555
2022-3-23,1,lasso,146,0.001722304,0.000102278
2022-3-24,1,lasso,146,0,0.000100269
2022-3-25,1,lasso,146,0.003032143,9.91E-05
2022-3-28,1,lasso,146,-0.006987724,9.78E-05
2022-3-29,1,lasso,146,-0.006218482,9.67E-05
2022-3-30,1,lasso,146,0.005303429,9.81E-05
2022-3-31,1,lasso,146,0.003249724,9.95E-05
2022-4-1,1,lasso,146,0.003744375,0.000158565
2022-4-4,1,lasso,146,0.004736241,0.000156647
2022-4-5,1,lasso,146,0.001306073,0.000154439
2022-4-6,1,lasso,146,0.001504891,0.00015516
2022-4-7,1,lasso,146,0.000501128,0.000154948
2022-4-8,1,lasso,146,0.001301758,0.00015421
2022-4-11,1,lasso,146,0.003596048,0.000156119
2022-4-12,1,lasso,146,-0.004096524,0.000154366
2022-4-13,1,lasso,146,0.004395611,0.000152785
2022-4-14,1,lasso,146,0,0.000152428
2022-4-15,1,lasso,146,0.004574846,0.000152428
2022-4-18,1,lasso,146,0.001784476,0.000152292
2022-4-19,1,lasso,146,-0.005661798,0.000149345
2022-4-20,1,lasso,146,0.00189083,0.000149683
2022-4-21,1,lasso,146,0.006342935,0.000151115
2022-4-22,1,lasso,146,0.005222459,0.000154842
2022-4-25,1,lasso,146,0.005390849,0.000153976
2022-4-26,1,lasso,146,0.006333761,0.000157533
2022-4-27,1,lasso,146,0.006486928,0.000157126
2022-4-28,1,lasso,146,-0.006389798,0.000156136
2022-4-29,1,lasso,146,0.007547206,0.000157927
2022-3-7,1,lasso,147,-0.002319134,0.000141876
2022-3-8,1,lasso,147,-0.011064418,0.000139655
2022-3-9,1,lasso,147,0.005496757,0.000137467
2022-3-10,1,lasso,147,0.006173171,0.000135296
2022-3-11,1,lasso,147,-0.001211387,0.000135679
2022-3-14,1,lasso,147,0.001009591,0.000135431
2022-3-15,1,lasso,147,-0.004855361,0.000132574
2022-3-16,1,lasso,147,-0.006612771,0.000130425
2022-3-17,1,lasso,147,0.002650358,0.000131937
2022-3-18,1,lasso,147,0.00274488,0.000129969
2022-3-21,1,lasso,147,-0.000101528,0.000126935
2022-3-22,1,lasso,147,0.001319061,0.000124858
2022-3-23,1,lasso,147,0.001722304,0.000126786
2022-3-24,1,lasso,147,0,0.000124565
2022-3-25,1,lasso,147,0.003032143,0.000123289
2022-3-28,1,lasso,147,-0.006987724,0.000121778
2022-3-29,1,lasso,147,-0.006218482,0.000120598
2022-3-30,1,lasso,147,0.005303429,0.000122199
2022-3-31,1,lasso,147,0.003249724,0.000123748
2022-4-1,1,lasso,147,0.003744375,0.000189282
2022-4-4,1,lasso,147,0.004736241,0.000187145
2022-4-5,1,lasso,147,0.001306073,0.000184602
2022-4-6,1,lasso,147,0.001504891,0.00018539
2022-4-7,1,lasso,147,0.000501128,0.000185164
2022-4-8,1,lasso,147,0.001301758,0.000184341
2022-4-11,1,lasso,147,0.003596048,0.00018642
2022-4-12,1,lasso,147,-0.004096524,0.000184447
2022-4-13,1,lasso,147,0.004395611,0.000182722
2022-4-14,1,lasso,147,0,0.000182299
2022-4-15,1,lasso,147,0.004574846,0.000182299
2022-4-18,1,lasso,147,0.001784476,0.000182158
2022-4-19,1,lasso,147,-0.005661798,0.000178857
2022-4-20,1,lasso,147,0.00189083,0.000179261
2022-4-21,1,lasso,147,0.006342935,0.000180821
2022-4-22,1,lasso,147,0.005222459,0.000184894
2022-4-25,1,lasso,147,0.005390849,0.000183946
2022-4-26,1,lasso,147,0.006333761,0.000187806
2022-4-27,1,lasso,147,0.006486928,0.000187391
2022-4-28,1,lasso,147,-0.006389798,0.000186312
2022-4-29,1,lasso,147,0.007547206,0.000188253
2022-5-2,1,lasso,147,-0.002702704,0.000294088
2022-5-3,1,lasso,147,-0.008444602,0.000287351
2022-5-4,1,lasso,147,0.011243697,0.000284637
2022-5-5,1,lasso,147,-0.000867846,0.000291428
2022-5-6,1,lasso,147,-9.65E-05,0.000290792
2022-5-9,1,lasso,147,0.002601533,0.000294686
2022-5-10,1,lasso,147,-0.000673822,0.000290748
2022-5-11,1,lasso,147,0.009583207,0.000290538
2022-5-12,1,lasso,147,-0.002769688,0.000288672
2022-5-13,1,lasso,147,-0.003544914,0.000284822
2022-5-16,1,lasso,147,-0.007998115,0.000282399
2022-5-17,1,lasso,147,0.004344265,0.000279855
2022-5-18,1,lasso,147,-0.010555465,0.000284542
2022-5-19,1,lasso,147,0.0041774,0.00028307
2022-5-20,1,lasso,147,-0.01042742,0.000283593
2022-5-23,1,lasso,147,-0.002157498,0.000283072
2022-5-24,1,lasso,147,0.001961554,0.000282501
2022-5-25,1,lasso,147,-0.002256119,0.00028142
2022-5-26,1,lasso,147,-0.001572482,0.000281422
2022-5-27,1,lasso,147,0,0.000278933
2022-4-4,1,lasso,148,0.004736241,0.000158461
2022-4-5,1,lasso,148,0.001306073,0.000156037
2022-4-6,1,lasso,148,0.001504891,0.000156777
2022-4-7,1,lasso,148,0.000501128,0.000156565
2022-4-8,1,lasso,148,0.001301758,0.000155789
2022-4-11,1,lasso,148,0.003596048,0.000157737
2022-4-12,1,lasso,148,-0.004096524,0.000155869
2022-4-13,1,lasso,148,0.004395611,0.00015425
2022-4-14,1,lasso,148,0,0.000153844
2022-4-15,1,lasso,148,0.004574846,0.000153844
2022-4-18,1,lasso,148,0.001784476,0.000153715
2022-4-19,1,lasso,148,-0.005661798,0.000150593
2022-4-20,1,lasso,148,0.00189083,0.000150983
2022-4-21,1,lasso,148,0.006342935,0.000152445
2022-4-22,1,lasso,148,0.005222459,0.000156266
2022-4-25,1,lasso,148,0.005390849,0.000155376
2022-4-26,1,lasso,148,0.006333761,0.00015899
2022-4-27,1,lasso,148,0.006486928,0.000158609
2022-4-28,1,lasso,148,-0.006389798,0.000157598
2022-4-29,1,lasso,148,0.007547206,0.000159414
2022-5-2,1,lasso,148,-0.002702704,0.000267339
2022-5-3,1,lasso,148,-0.008444602,0.000260978
2022-5-4,1,lasso,148,0.011243697,0.000258432
2022-5-5,1,lasso,148,-0.000867846,0.000264827
2022-5-6,1,lasso,148,-9.65E-05,0.00026423
2022-5-9,1,lasso,148,0.002601533,0.000267889
2022-5-10,1,lasso,148,-0.000673822,0.000264171
2022-5-11,1,lasso,148,0.009583207,0.000263975
2022-5-12,1,lasso,148,-0.002769688,0.000262212
2022-5-13,1,lasso,148,-0.003544914,0.000258585
2022-5-16,1,lasso,148,-0.007998115,0.000256299
2022-5-17,1,lasso,148,0.004344265,0.000253899
2022-5-18,1,lasso,148,-0.010555465,0.000258306
2022-5-19,1,lasso,148,0.0041774,0.000256923
2022-5-20,1,lasso,148,-0.01042742,0.000257417
2022-5-23,1,lasso,148,-0.002157498,0.00025693
2022-5-24,1,lasso,148,0.001961554,0.000256383
2022-5-25,1,lasso,148,-0.002256119,0.000255366
2022-5-26,1,lasso,148,-0.001572482,0.000255374
2022-5-27,1,lasso,148,0,0.000253028
2022-5-30,1,lasso,148,0.00078655,0.000253865
2022-5-31,1,lasso,148,0.007343974,0.000254063
2022-6-1,1,lasso,148,-0.00665625,0.000266198
2022-6-2,1,lasso,148,0.003137873,0.000265021
2022-6-3,1,lasso,148,0.00293284,0.000263751
2022-6-6,1,lasso,148,-0.001172104,0.000262761
2022-6-7,1,lasso,148,0.002147809,0.000260819
2022-6-8,1,lasso,148,0.006609666,0.000260507
2022-6-9,1,lasso,148,0.008969535,0.000261641
2022-6-10,1,lasso,148,0.008889797,0.000259779
2022-6-13,1,lasso,148,0.004178544,0.000257656
2022-6-14,1,lasso,148,-0.003417509,0.000248589
2022-6-15,1,lasso,148,-0.014656137,0.000247752
2022-6-16,1,lasso,148,0.010272255,0.000255868
2022-6-17,1,lasso,148,0,0.00025434
2022-6-20,1,lasso,148,-0.002582127,0.000252378
2022-6-21,1,lasso,148,-0.002204861,0.00025413
2022-6-22,1,lasso,148,0.002204861,0.000252833
2022-6-23,1,lasso,148,-0.002396818,0.000251516
2022-6-24,1,lasso,148,-0.002306363,0.000248467
2022-5-2,1,lasso,149,-0.002702704,0.000292444
2022-5-3,1,lasso,149,-0.008444602,0.000285512
2022-5-4,1,lasso,149,0.011243697,0.000282804
2022-5-5,1,lasso,149,-0.000867846,0.000289705
2022-5-6,1,lasso,149,-9.65E-05,0.000289073
2022-5-9,1,lasso,149,0.002601533,0.000292989
2022-5-10,1,lasso,149,-0.000673822,0.000288937
2022-5-11,1,lasso,149,0.009583207,0.000288732
2022-5-12,1,lasso,149,-0.002769688,0.000286809
2022-5-13,1,lasso,149,-0.003544914,0.000282886
2022-5-16,1,lasso,149,-0.007998115,0.000280403
2022-5-17,1,lasso,149,0.004344265,0.000277792
2022-5-18,1,lasso,149,-0.010555465,0.000282525
2022-5-19,1,lasso,149,0.0041774,0.000281042
2022-5-20,1,lasso,149,-0.01042742,0.000281585
2022-5-23,1,lasso,149,-0.002157498,0.000281072
2022-5-24,1,lasso,149,0.001961554,0.000280445
2022-5-25,1,lasso,149,-0.002256119,0.000279352
2022-5-26,1,lasso,149,-0.001572482,0.000279382
2022-5-27,1,lasso,149,0,0.000276842
2022-5-30,1,lasso,149,0.00078655,0.000277744
2022-5-31,1,lasso,149,0.007343974,0.00027797
2022-6-1,1,lasso,149,-0.00665625,0.000293128
2022-6-2,1,lasso,149,0.003137873,0.000291855
2022-6-3,1,lasso,149,0.00293284,0.000290454
2022-6-6,1,lasso,149,-0.001172104,0.000289356
2022-6-7,1,lasso,149,0.002147809,0.000287242
2022-6-8,1,lasso,149,0.006609666,0.0002869
2022-6-9,1,lasso,149,0.008969535,0.000288095
2022-6-10,1,lasso,149,0.008889797,0.000286002
2022-6-13,1,lasso,149,0.004178544,0.000283504
2022-6-14,1,lasso,149,-0.003417509,0.000273548
2022-6-15,1,lasso,149,-0.014656137,0.000272703
2022-6-16,1,lasso,149,0.010272255,0.000281561
2022-6-17,1,lasso,149,0,0.000279923
2022-6-20,1,lasso,149,-0.002582127,0.000277764
2022-6-21,1,lasso,149,-0.002204861,0.000279716
2022-6-22,1,lasso,149,0.002204861,0.000278318
2022-6-23,1,lasso,149,-0.002396818,0.000276865
2022-6-24,1,lasso,149,-0.002306363,0.000273551
2022-6-27,1,lasso,149,0.005468951,0.000273419
2022-6-28,1,lasso,149,0.00572466,0.000270918
2022-6-29,1,lasso,149,-0.004099343,0.000271628
2022-6-30,1,lasso,149,0.004384718,0.000274156
2022-7-1,1,lasso,149,0,0.000289666
2022-7-4,1,lasso,149,0.013227706,0.000288639
2022-7-5,1,lasso,149,0.005242476,0.000289503
2022-7-6,1,lasso,149,0.000280073,0.00028317
2022-7-7,1,lasso,149,-0.001120762,0.000280345
2022-7-8,1,lasso,149,0.009394107,0.000278726
2022-7-11,1,lasso,149,0.00046277,0.000276202
2022-7-12,1,lasso,149,-0.001018377,0.000271662
2022-7-13,1,lasso,149,0.00535798,0.000264947
2022-7-14,1,lasso,149,-0.00443214,0.000263781
2022-7-15,1,lasso,149,-0.006405815,0.000264567
2022-7-18,1,lasso,149,-0.006447114,0.000264051
2022-7-19,1,lasso,149,0.003742519,0.000258433
2022-7-20,1,lasso,149,-0.00158886,0.000258461
2022-7-21,1,lasso,149,-0.001685078,0.000259161
2022-7-22,1,lasso,149,-0.002345107,0.000259474
2022-5-30,1,lasso,150,0.00078655,0.000223244
2022-5-31,1,lasso,150,0.007343974,0.000223471
2022-6-1,1,lasso,150,-0.00665625,0.000234989
2022-6-2,1,lasso,150,0.003137873,0.000233847
2022-6-3,1,lasso,150,0.00293284,0.000232539
2022-6-6,1,lasso,150,-0.001172104,0.000231505
2022-6-7,1,lasso,150,0.002147809,0.000229584
2022-6-8,1,lasso,150,0.006609666,0.000229268
2022-6-9,1,lasso,150,0.008969535,0.000230288
2022-6-10,1,lasso,150,0.008889797,0.000228267
2022-6-13,1,lasso,150,0.004178544,0.000225667
2022-6-14,1,lasso,150,-0.003417509,0.000216458
2022-6-15,1,lasso,150,-0.014656137,0.000215806
2022-6-16,1,lasso,150,0.010272255,0.000223906
2022-6-17,1,lasso,150,0,0.000222461
2022-6-20,1,lasso,150,-0.002582127,0.000220455
2022-6-21,1,lasso,150,-0.002204861,0.000222309
2022-6-22,1,lasso,150,0.002204861,0.000221062
2022-6-23,1,lasso,150,-0.002396818,0.000219705
2022-6-24,1,lasso,150,-0.002306363,0.0002167
2022-6-27,1,lasso,150,0.005468951,0.00021659
2022-6-28,1,lasso,150,0.00572466,0.000214201
2022-6-29,1,lasso,150,-0.004099343,0.00021487
2022-6-30,1,lasso,150,0.004384718,0.000217199
2022-7-1,1,lasso,150,0,0.000228298
2022-7-4,1,lasso,150,0.013227706,0.000227305
2022-7-5,1,lasso,150,0.005242476,0.000228109
2022-7-6,1,lasso,150,0.000280073,0.00022225
2022-7-7,1,lasso,150,-0.001120762,0.000219648
2022-7-8,1,lasso,150,0.009394107,0.000218205
2022-7-11,1,lasso,150,0.00046277,0.000215788
2022-7-12,1,lasso,150,-0.001018377,0.000211514
2022-7-13,1,lasso,150,0.00535798,0.000205284
2022-7-14,1,lasso,150,-0.00443214,0.000204217
2022-7-15,1,lasso,150,-0.006405815,0.000205044
2022-7-18,1,lasso,150,-0.006447114,0.000204517
2022-7-19,1,lasso,150,0.003742519,0.000199323
2022-7-20,1,lasso,150,-0.00158886,0.000199376
2022-7-21,1,lasso,150,-0.001685078,0.000200061
2022-7-22,1,lasso,150,-0.002345107,0.000200357
2022-7-25,1,lasso,150,0.006645787,0.000199251
2022-7-26,1,lasso,150,-0.006927569,0.000198578
2022-7-27,1,lasso,150,-0.00093985,0.000200387
2022-7-28,1,lasso,150,-0.004240289,0.000202057
2022-7-29,1,lasso,150,-0.004258346,0.000201866
2022-8-1,1,lasso,150,0.007463779,0.000204043
2022-8-2,1,lasso,150,0.002538192,0.000199646
2022-8-3,1,lasso,150,-0.007728596,0.000199971
2022-8-4,1,lasso,150,0.00876083,0.000201169
2022-8-5,1,lasso,150,-0.001783619,0.000197967
2022-8-8,1,lasso,150,-0.00056391,0.000198091
2022-8-9,1,lasso,150,-0.011060282,0.000194793
2022-8-10,1,lasso,150,-0.001046174,0.000194739
2022-8-11,1,lasso,150,0.005125296,0.000196386
2022-8-12,1,lasso,150,0.008671937,0.000195783
2022-8-15,1,lasso,150,-0.000469373,0.000195186
2022-8-16,1,lasso,150,0.000657061,0.000192488
2022-8-17,1,lasso,150,0.008502738,0.000193316
2022-8-18,1,lasso,150,0.00639928,0.000192127
2022-8-19,1,lasso,150,0.008102429,0.000192205
2022-6-27,1,lasso,151,0.005468951,0.000215377
2022-6-28,1,lasso,151,0.00572466,0.000212862
2022-6-29,1,lasso,151,-0.004099343,0.00021356
2022-6-30,1,lasso,151,0.004384718,0.000215955
2022-7-1,1,lasso,151,0,0.000227237
2022-7-4,1,lasso,151,0.013227706,0.000226185
2022-7-5,1,lasso,151,0.005242476,0.000227017
2022-7-6,1,lasso,151,0.000280073,0.000220975
2022-7-7,1,lasso,151,-0.001120762,0.000218301
2022-7-8,1,lasso,151,0.009394107,0.000216848
2022-7-11,1,lasso,151,0.00046277,0.000214301
2022-7-12,1,lasso,151,-0.001018377,0.000209843
2022-7-13,1,lasso,151,0.00535798,0.000203407
2022-7-14,1,lasso,151,-0.00443214,0.000202315
2022-7-15,1,lasso,151,-0.006405815,0.000203235
2022-7-18,1,lasso,151,-0.006447114,0.000202657
2022-7-19,1,lasso,151,0.003742519,0.000197304
2022-7-20,1,lasso,151,-0.00158886,0.000197377
2022-7-21,1,lasso,151,-0.001685078,0.000198108
2022-7-22,1,lasso,151,-0.002345107,0.000198417
2022-7-25,1,lasso,151,0.006645787,0.000197262
2022-7-26,1,lasso,151,-0.006927569,0.000196527
2022-7-27,1,lasso,151,-0.00093985,0.000198442
2022-7-28,1,lasso,151,-0.004240289,0.000200198
2022-7-29,1,lasso,151,-0.004258346,0.00020003
2022-8-1,1,lasso,151,0.007463779,0.000202113
2022-8-2,1,lasso,151,0.002538192,0.000197528
2022-8-3,1,lasso,151,-0.007728596,0.000197923
2022-8-4,1,lasso,151,0.00876083,0.000199178
2022-8-5,1,lasso,151,-0.001783619,0.000195871
2022-8-8,1,lasso,151,-0.00056391,0.000195996
2022-8-9,1,lasso,151,-0.011060282,0.000192568
2022-8-10,1,lasso,151,-0.001046174,0.000192571
2022-8-11,1,lasso,151,0.005125296,0.000194263
2022-8-12,1,lasso,151,0.008671937,0.000193658
2022-8-15,1,lasso,151,-0.000469373,0.000193028
2022-8-16,1,lasso,151,0.000657061,0.000190242
2022-8-17,1,lasso,151,0.008502738,0.000191093
2022-8-18,1,lasso,151,0.00639928,0.000189873
2022-8-19,1,lasso,151,0.008102429,0.000189923
2022-8-22,1,lasso,151,-0.00395094,0.000189477
2022-8-23,1,lasso,151,0.000552232,0.000189171
2022-8-24,1,lasso,151,-0.001934148,0.000187958
2022-8-25,1,lasso,151,0.003037697,0.000186579
2022-8-26,1,lasso,151,0.000275697,0.000187615
2022-8-29,1,lasso,151,-0.000551471,0.000186305
2022-8-30,1,lasso,151,-0.000643767,0.000184223
2022-8-31,1,lasso,151,0.009066411,0.000184473
2022-9-1,1,lasso,151,-0.001459721,0.000206903
2022-9-2,1,lasso,151,0.002735231,0.000208461
2022-9-5,1,lasso,151,0.003453921,0.000208325
2022-9-6,1,lasso,151,-0.003362875,0.000208442
2022-9-7,1,lasso,151,-0.001184241,0.000202981
2022-9-8,1,lasso,151,-0.006492639,0.000202973
2022-9-9,1,lasso,151,-0.006165758,0.000202022
2022-9-12,1,lasso,151,0.013660538,0.00020163
2022-9-13,1,lasso,151,-0.001457992,0.000196897
2022-9-14,1,lasso,151,0.000729262,0.000198023
2022-9-15,1,lasso,151,0.000182232,0.000199026
2022-9-16,1,lasso,151,-0.000182232,0.000199727
2022-7-25,1,lasso,152,0.006645787,0.000190661
2022-7-26,1,lasso,152,-0.006927569,0.000189922
2022-7-27,1,lasso,152,-0.00093985,0.000191868
2022-7-28,1,lasso,152,-0.004240289,0.000193656
2022-7-29,1,lasso,152,-0.004258346,0.000193473
2022-8-1,1,lasso,152,0.007463779,0.000195574
2022-8-2,1,lasso,152,0.002538192,0.000190891
2022-8-3,1,lasso,152,-0.007728596,0.000191274
2022-8-4,1,lasso,152,0.00876083,0.000192555
2022-8-5,1,lasso,152,-0.001783619,0.000189166
2022-8-8,1,lasso,152,-0.00056391,0.000189295
2022-8-9,1,lasso,152,-0.011060282,0.00018579
2022-8-10,1,lasso,152,-0.001046174,0.000185772
2022-8-11,1,lasso,152,0.005125296,0.000187509
2022-8-12,1,lasso,152,0.008671937,0.000186883
2022-8-15,1,lasso,152,-0.000469373,0.000186242
2022-8-16,1,lasso,152,0.000657061,0.000183387
2022-8-17,1,lasso,152,0.008502738,0.000184261
2022-8-18,1,lasso,152,0.00639928,0.000183008
2022-8-19,1,lasso,152,0.008102429,0.00018307
2022-8-22,1,lasso,152,-0.00395094,0.000182647
2022-8-23,1,lasso,152,0.000552232,0.000182337
2022-8-24,1,lasso,152,-0.001934148,0.000181081
2022-8-25,1,lasso,152,0.003037697,0.000179659
2022-8-26,1,lasso,152,0.000275697,0.000180759
2022-8-29,1,lasso,152,-0.000551471,0.000179424
2022-8-30,1,lasso,152,-0.000643767,0.000177293
2022-8-31,1,lasso,152,0.009066411,0.000177546
2022-9-1,1,lasso,152,-0.001459721,0.000200258
2022-9-2,1,lasso,152,0.002735231,0.000201853
2022-9-5,1,lasso,152,0.003453921,0.000201718
2022-9-6,1,lasso,152,-0.003362875,0.000201848
2022-9-7,1,lasso,152,-0.001184241,0.000196233
2022-9-8,1,lasso,152,-0.006492639,0.000196214
2022-9-9,1,lasso,152,-0.006165758,0.000195232
2022-9-12,1,lasso,152,0.013660538,0.000194843
2022-9-13,1,lasso,152,-0.001457992,0.000190032
2022-9-14,1,lasso,152,0.000729262,0.000191173
2022-9-15,1,lasso,152,0.000182232,0.000192201
2022-9-16,1,lasso,152,-0.000182232,0.000192919
2022-9-19,1,lasso,152,0.004273705,0.000193996
2022-9-20,1,lasso,152,0.003894051,0.000186835
2022-9-21,1,lasso,152,0.006396706,0.000189441
2022-9-22,1,lasso,152,0.016389429,0.000191224
2022-9-23,1,lasso,152,0.008007434,0.000194281
2022-9-26,1,lasso,152,8.76E-05,0.000192996
2022-9-27,1,lasso,152,-0.01332118,0.000191163
2022-9-28,1,lasso,152,-0.003113189,0.000187874
2022-9-29,1,lasso,152,-0.0011588,0.000191175
2022-9-30,1,lasso,152,-0.003305493,0.000192169
2022-10-3,1,lasso,152,-0.015147706,0.000188408
2022-10-4,1,lasso,152,0.009044106,0.000182436
2022-10-5,1,lasso,152,0.010656976,0.000182203
2022-10-6,1,lasso,152,0.004710073,0.000183908
2022-10-7,1,lasso,152,0.003098307,0.000184573
2022-10-10,1,lasso,152,0.000706839,0.000183492
2022-10-11,1,lasso,152,0.000882846,0.00018372
2022-10-12,1,lasso,152,-0.008507673,0.000177065
2022-10-13,1,lasso,152,0.008419423,0.000173269
2022-10-14,1,lasso,152,-0.011271475,0.00017233
2022-8-22,1,lasso,153,-0.00395094,0.000184541
2022-8-23,1,lasso,153,0.000552232,0.000184236
2022-8-24,1,lasso,153,-0.001934148,0.000183001
2022-8-25,1,lasso,153,0.003037697,0.000181603
2022-8-26,1,lasso,153,0.000275697,0.000182683
2022-8-29,1,lasso,153,-0.000551471,0.00018137
2022-8-30,1,lasso,153,-0.000643767,0.000179273
2022-8-31,1,lasso,153,0.009066411,0.000179522
2022-9-1,1,lasso,153,-0.001459721,0.000203078
2022-9-2,1,lasso,153,0.002735231,0.000204647
2022-9-5,1,lasso,153,0.003453921,0.000204515
2022-9-6,1,lasso,153,-0.003362875,0.000204642
2022-9-7,1,lasso,153,-0.001184241,0.000199119
2022-9-8,1,lasso,153,-0.006492639,0.000199101
2022-9-9,1,lasso,153,-0.006165758,0.000198135
2022-9-12,1,lasso,153,0.013660538,0.000197751
2022-9-13,1,lasso,153,-0.001457992,0.000193018
2022-9-14,1,lasso,153,0.000729262,0.000194141
2022-9-15,1,lasso,153,0.000182232,0.000195152
2022-9-16,1,lasso,153,-0.000182232,0.000195858
2022-9-19,1,lasso,153,0.004273705,0.000196918
2022-9-20,1,lasso,153,0.003894051,0.000189873
2022-9-21,1,lasso,153,0.006396706,0.000192437
2022-9-22,1,lasso,153,0.016389429,0.00019419
2022-9-23,1,lasso,153,0.008007434,0.000197196
2022-9-26,1,lasso,153,8.76E-05,0.000195932
2022-9-27,1,lasso,153,-0.01332118,0.000194128
2022-9-28,1,lasso,153,-0.003113189,0.000190894
2022-9-29,1,lasso,153,-0.0011588,0.000194141
2022-9-30,1,lasso,153,-0.003305493,0.000195119
2022-10-3,1,lasso,153,-0.015147706,0.000191314
2022-10-4,1,lasso,153,0.009044106,0.000185439
2022-10-5,1,lasso,153,0.010656976,0.00018521
2022-10-6,1,lasso,153,0.004710073,0.000186887
2022-10-7,1,lasso,153,0.003098307,0.00018754
2022-10-10,1,lasso,153,0.000706839,0.000186477
2022-10-11,1,lasso,153,0.000882846,0.0001867
2022-10-12,1,lasso,153,-0.008507673,0.000180154
2022-10-13,1,lasso,153,0.008419423,0.00017642
2022-10-14,1,lasso,153,-0.011271475,0.000175496
2022-10-17,1,lasso,153,0.000802962,0.000173014
2022-10-18,1,lasso,153,0.007551899,0.000166881
2022-10-19,1,lasso,153,-0.000885504,0.000164809
2022-10-20,1,lasso,153,-0.007737155,0.000164121
2022-10-21,1,lasso,153,-0.000178571,0.000164259
2022-10-24,1,lasso,153,-0.009329932,0.00016335
2022-10-25,1,lasso,153,-0.011330282,0.000160785
2022-10-26,1,lasso,153,0.008080302,0.000161248
2022-10-27,1,lasso,153,0.00144574,0.000160777
2022-10-28,1,lasso,153,0.007018204,0.000158447
2022-10-31,1,lasso,153,-0.00044841,0.000158242
2022-11-1,1,lasso,153,-0.001166809,0.000208662
2022-11-2,1,lasso,153,0.014089764,0.000209272
2022-11-3,1,lasso,153,-0.018319622,0.000209017
2022-11-4,1,lasso,153,-0.006877855,0.000209145
2022-11-7,1,lasso,153,-0.004368409,0.000210027
2022-11-8,1,lasso,153,0.008265636,0.000206823
2022-11-9,1,lasso,153,-0.021394124,0.000207072
2022-11-10,1,lasso,153,-0.017902576,0.000205663
2022-11-11,1,lasso,153,0.003474998,0.000205007
2022-9-19,1,lasso,154,0.004273705,0.000176905
2022-9-20,1,lasso,154,0.003894051,0.000169761
2022-9-21,1,lasso,154,0.006396706,0.000172337
2022-9-22,1,lasso,154,0.016389429,0.000174121
2022-9-23,1,lasso,154,0.008007434,0.000177115
2022-9-26,1,lasso,154,8.76E-05,0.000175796
2022-9-27,1,lasso,154,-0.01332118,0.000173967
2022-9-28,1,lasso,154,-0.003113189,0.00017074
2022-9-29,1,lasso,154,-0.0011588,0.000173993
2022-9-30,1,lasso,154,-0.003305493,0.000174985
2022-10-3,1,lasso,154,-0.015147706,0.000171406
2022-10-4,1,lasso,154,0.009044106,0.000165486
2022-10-5,1,lasso,154,0.010656976,0.000165264
2022-10-6,1,lasso,154,0.004710073,0.000166924
2022-10-7,1,lasso,154,0.003098307,0.00016757
2022-10-10,1,lasso,154,0.000706839,0.000166476
2022-10-11,1,lasso,154,0.000882846,0.000166682
2022-10-12,1,lasso,154,-0.008507673,0.000160066
2022-10-13,1,lasso,154,0.008419423,0.000156321
2022-10-14,1,lasso,154,-0.011271475,0.000155385
2022-10-17,1,lasso,154,0.000802962,0.000152887
2022-10-18,1,lasso,154,0.007551899,0.000146704
2022-10-19,1,lasso,154,-0.000885504,0.000144604
2022-10-20,1,lasso,154,-0.007737155,0.000143923
2022-10-21,1,lasso,154,-0.000178571,0.000144067
2022-10-24,1,lasso,154,-0.009329932,0.000143146
2022-10-25,1,lasso,154,-0.011330282,0.000140577
2022-10-26,1,lasso,154,0.008080302,0.000141066
2022-10-27,1,lasso,154,0.00144574,0.000140588
2022-10-28,1,lasso,154,0.007018204,0.000138261
2022-10-31,1,lasso,154,-0.00044841,0.000138052
2022-11-1,1,lasso,154,-0.001166809,0.000186347
2022-11-2,1,lasso,154,0.014089764,0.000186964
2022-11-3,1,lasso,154,-0.018319622,0.000186716
2022-11-4,1,lasso,154,-0.006877855,0.000186858
2022-11-7,1,lasso,154,-0.004368409,0.000187753
2022-11-8,1,lasso,154,0.008265636,0.000184494
2022-11-9,1,lasso,154,-0.021394124,0.000184736
2022-11-10,1,lasso,154,-0.017902576,0.000183356
2022-11-11,1,lasso,154,0.003474998,0.000182711
2022-11-14,1,lasso,154,-0.002440628,0.000184032
2022-11-15,1,lasso,154,-0.001128456,0.000182503
2022-11-16,1,lasso,154,0.003850312,0.000182411
2022-11-17,1,lasso,154,0.002246982,0.000182223
2022-11-18,1,lasso,154,0.008381498,0.000181121
2022-11-21,1,lasso,154,-0.005673114,0.000181878
2022-11-22,1,lasso,154,-0.010689272,0.000177723
2022-11-23,1,lasso,154,-0.002453989,0.000177012
2022-11-24,1,lasso,154,0.001322127,0.000175376
2022-11-25,1,lasso,154,0.006772035,0.000177437
2022-11-28,1,lasso,154,0.001311476,0.000174985
2022-11-29,1,lasso,154,-0.00817789,0.000175438
2022-11-30,1,lasso,154,-0.011581675,0.000175332
2022-12-1,1,lasso,154,-0.001815837,0.000147645
2022-12-2,1,lasso,154,0.007148675,0.000147001
2022-12-5,1,lasso,154,0.002750512,0.000148373
2022-12-6,1,lasso,154,-0.004556682,0.000147124
2022-12-7,1,lasso,154,-0.003144807,0.000150008
2022-12-8,1,lasso,154,0.000381716,0.000150891
2022-12-9,1,lasso,154,0.003048492,0.000150359
2022-10-17,1,lasso,155,0.000802962,0.000156188
2022-10-18,1,lasso,155,0.007551899,0.000150045
2022-10-19,1,lasso,155,-0.000885504,0.000147935
2022-10-20,1,lasso,155,-0.007737155,0.000147288
2022-10-21,1,lasso,155,-0.000178571,0.000147443
2022-10-24,1,lasso,155,-0.009329932,0.000146516
2022-10-25,1,lasso,155,-0.011330282,0.000144007
2022-10-26,1,lasso,155,0.008080302,0.000144545
2022-10-27,1,lasso,155,0.00144574,0.000144063
2022-10-28,1,lasso,155,0.007018204,0.000141807
2022-10-31,1,lasso,155,-0.00044841,0.000141592
2022-11-1,1,lasso,155,-0.001166809,0.000189976
2022-11-2,1,lasso,155,0.014089764,0.00019059
2022-11-3,1,lasso,155,-0.018319622,0.000190366
2022-11-4,1,lasso,155,-0.006877855,0.00019054
2022-11-7,1,lasso,155,-0.004368409,0.000191443
2022-11-8,1,lasso,155,0.008265636,0.000188135
2022-11-9,1,lasso,155,-0.021394124,0.000188353
2022-11-10,1,lasso,155,-0.017902576,0.000187083
2022-11-11,1,lasso,155,0.003474998,0.00018648
2022-11-14,1,lasso,155,-0.002440628,0.00018775
2022-11-15,1,lasso,155,-0.001128456,0.000186187
2022-11-16,1,lasso,155,0.003850312,0.000186114
2022-11-17,1,lasso,155,0.002246982,0.000185933
2022-11-18,1,lasso,155,0.008381498,0.000184866
2022-11-21,1,lasso,155,-0.005673114,0.000185654
2022-11-22,1,lasso,155,-0.010689272,0.000181547
2022-11-23,1,lasso,155,-0.002453989,0.000180877
2022-11-24,1,lasso,155,0.001322127,0.000179238
2022-11-25,1,lasso,155,0.006772035,0.000181295
2022-11-28,1,lasso,155,0.001311476,0.000178772
2022-11-29,1,lasso,155,-0.00817789,0.000179238
2022-11-30,1,lasso,155,-0.011581675,0.000179188
2022-12-1,1,lasso,155,-0.001815837,0.000151418
2022-12-2,1,lasso,155,0.007148675,0.000150807
2022-12-5,1,lasso,155,0.002750512,0.000152107
2022-12-6,1,lasso,155,-0.004556682,0.000150798
2022-12-7,1,lasso,155,-0.003144807,0.000153659
2022-12-8,1,lasso,155,0.000381716,0.000154559
2022-12-9,1,lasso,155,0.003048492,0.000154004
2022-12-12,1,lasso,155,-0.010999107,0.000155481
2022-12-13,1,lasso,155,-0.002021661,0.0001515
2022-12-14,1,lasso,155,0.007584158,0.000151134
2022-12-15,1,lasso,155,0.001338049,0.000152799
2022-12-16,1,lasso,155,0.000191004,0.000153952
2022-12-19,1,lasso,155,-0.007283912,0.000154162
2022-12-20,1,lasso,155,0.001921969,0.000150935
2022-12-21,1,lasso,155,0.002588812,0.000151044
2022-12-22,1,lasso,155,-0.001149756,0.000152104
2022-12-23,1,lasso,155,-0.001247062,0.000151338
2022-12-27,1,lasso,155,0.002684051,0.00015268
2022-12-28,1,lasso,155,-0.00595297,0.000147639
2022-12-29,1,lasso,155,-0.003086422,0.000148464
2022-12-30,1,lasso,155,0.00961361,0.000149258
2023-1-3,1,lasso,155,-0.00258658,0.000139444
2023-1-4,1,lasso,155,0.007549369,0.00013369
2023-1-5,1,lasso,155,-0.011104843,0.000130087
2023-1-6,1,lasso,155,-0.008507399,0.000129148
2023-1-9,1,lasso,155,0.002327387,0.000130051
2023-1-10,1,lasso,155,-0.000484426,0.000126556
2022-11-14,1,lasso,156,-0.002440628,9.30E-05
2022-11-15,1,lasso,156,-0.001128456,9.07E-05
2022-11-16,1,lasso,156,0.003850312,9.08E-05
2022-11-17,1,lasso,156,0.002246982,9.06E-05
2022-11-18,1,lasso,156,0.008381498,8.95E-05
2022-11-21,1,lasso,156,-0.005673114,9.07E-05
2022-11-22,1,lasso,156,-0.010689272,8.58E-05
2022-11-23,1,lasso,156,-0.002453989,8.53E-05
2022-11-24,1,lasso,156,0.001322127,8.31E-05
2022-11-25,1,lasso,156,0.006772035,8.57E-05
2022-11-28,1,lasso,156,0.001311476,8.20E-05
2022-11-29,1,lasso,156,-0.00817789,8.27E-05
2022-11-30,1,lasso,156,-0.011581675,8.30E-05
2022-12-1,1,lasso,156,-0.001815837,6.00E-05
2022-12-2,1,lasso,156,0.007148675,5.95E-05
2022-12-5,1,lasso,156,0.002750512,6.06E-05
2022-12-6,1,lasso,156,-0.004556682,5.85E-05
2022-12-7,1,lasso,156,-0.003144807,6.20E-05
2022-12-8,1,lasso,156,0.000381716,6.32E-05
2022-12-9,1,lasso,156,0.003048492,6.24E-05
2022-12-12,1,lasso,156,-0.010999107,6.36E-05
2022-12-13,1,lasso,156,-0.002021661,5.92E-05
2022-12-14,1,lasso,156,0.007584158,5.92E-05
2022-12-15,1,lasso,156,0.001338049,6.08E-05
2022-12-16,1,lasso,156,0.000191004,6.23E-05
2022-12-19,1,lasso,156,-0.007283912,6.27E-05
2022-12-20,1,lasso,156,0.001921969,5.89E-05
2022-12-21,1,lasso,156,0.002588812,5.94E-05
2022-12-22,1,lasso,156,-0.001149756,6.02E-05
2022-12-23,1,lasso,156,-0.001247062,5.96E-05
2022-12-27,1,lasso,156,0.002684051,6.10E-05
2022-12-28,1,lasso,156,-0.00595297,5.44E-05
2022-12-29,1,lasso,156,-0.003086422,5.57E-05
2022-12-30,1,lasso,156,0.00961361,5.67E-05
2023-1-3,1,lasso,156,-0.00258658,4.56E-05
2023-1-4,1,lasso,156,0.007549369,3.86E-05
2023-1-5,1,lasso,156,-0.011104843,3.38E-05
2023-1-6,1,lasso,156,-0.008507399,3.30E-05
2023-1-9,1,lasso,156,0.002327387,3.39E-05
2023-1-10,1,lasso,156,-0.000484426,2.99E-05
2023-1-11,1,lasso,156,-0.009151154,3.06E-05
2023-1-12,1,lasso,156,-0.000489117,3.28E-05
2023-1-13,1,lasso,156,0.000684697,3.21E-05
2023-1-16,1,lasso,156,0.001172677,3.07E-05
2023-1-17,1,lasso,156,-0.00029304,3.27E-05
2023-1-18,1,lasso,156,-0.002935136,3.15E-05
2023-1-19,1,lasso,156,-0.000490028,3.09E-05
2023-1-20,1,lasso,156,0.001273574,3.08E-05
2023-1-23,1,lasso,156,-0.002156229,3.04E-05
2023-1-24,1,lasso,156,-0.002751033,2.90E-05
2023-1-25,1,lasso,156,0.001965796,2.98E-05
2023-1-26,1,lasso,156,0.000883349,3.00E-05
2023-1-27,1,lasso,156,0.003427847,2.95E-05
2023-1-30,1,lasso,156,-0.001761425,3.09E-05
2023-1-31,1,lasso,156,-0.008656359,2.91E-05
2023-2-1,1,lasso,156,0.005222459,5.24E-05
2023-2-2,1,lasso,156,0.011433163,5.35E-05
2023-2-3,1,lasso,156,0.006778374,5.24E-05
2023-2-6,1,lasso,156,-0.001835306,5.26E-05
2023-2-7,1,lasso,156,-0.000193386,5.05E-05
2022-12-12,1,lasso,157,-0.010999107,2.26E-05
2022-12-13,1,lasso,157,-0.002021661,1.81E-05
2022-12-14,1,lasso,157,0.007584158,1.81E-05
2022-12-15,1,lasso,157,0.001338049,1.98E-05
2022-12-16,1,lasso,157,0.000191004,2.14E-05
2022-12-19,1,lasso,157,-0.007283912,2.18E-05
2022-12-20,1,lasso,157,0.001921969,1.77E-05
2022-12-21,1,lasso,157,0.002588812,1.84E-05
2022-12-22,1,lasso,157,-0.001149756,1.91E-05
2022-12-23,1,lasso,157,-0.001247062,1.85E-05
2022-12-27,1,lasso,157,0.002684051,2.01E-05
2022-12-28,1,lasso,157,-0.00595297,1.30E-05
2022-12-29,1,lasso,157,-0.003086422,1.44E-05
2022-12-30,1,lasso,157,0.00961361,1.54E-05
2023-1-3,1,lasso,157,-0.00258658,3.84E-06
2023-1-4,1,lasso,157,0.007549369,-3.65E-06
2023-1-5,1,lasso,157,-0.011104843,-8.74E-06
2023-1-6,1,lasso,157,-0.008507399,-9.50E-06
2023-1-9,1,lasso,157,0.002327387,-8.60E-06
2023-1-10,1,lasso,157,-0.000484426,-1.28E-05
2023-1-11,1,lasso,157,-0.009151154,-1.21E-05
2023-1-12,1,lasso,157,-0.000489117,-9.63E-06
2023-1-13,1,lasso,157,0.000684697,-1.04E-05
2023-1-16,1,lasso,157,0.001172677,-1.19E-05
2023-1-17,1,lasso,157,-0.00029304,-9.80E-06
2023-1-18,1,lasso,157,-0.002935136,-1.11E-05
2023-1-19,1,lasso,157,-0.000490028,-1.17E-05
2023-1-20,1,lasso,157,0.001273574,-1.18E-05
2023-1-23,1,lasso,157,-0.002156229,-1.22E-05
2023-1-24,1,lasso,157,-0.002751033,-1.38E-05
2023-1-25,1,lasso,157,0.001965796,-1.28E-05
2023-1-26,1,lasso,157,0.000883349,-1.27E-05
2023-1-27,1,lasso,157,0.003427847,-1.31E-05
2023-1-30,1,lasso,157,-0.001761425,-1.17E-05
2023-1-31,1,lasso,157,-0.008656359,-1.36E-05
2023-2-1,1,lasso,157,0.005222459,5.77E-06
2023-2-2,1,lasso,157,0.011433163,6.93E-06
2023-2-3,1,lasso,157,0.006778374,5.81E-06
2023-2-6,1,lasso,157,-0.001835306,5.93E-06
2023-2-7,1,lasso,157,-0.000193386,3.76E-06
2023-2-8,1,lasso,157,-0.001839036,3.62E-06
2023-2-9,1,lasso,157,0.00396423,2.74E-06
2023-2-10,1,lasso,157,-0.002705577,1.07E-06
2023-2-13,1,lasso,157,-0.001161778,7.39E-07
2023-2-14,1,lasso,157,0.006661864,-2.64E-07
2023-2-15,1,lasso,157,-0.000577534,9.49E-08
2023-2-16,1,lasso,157,0,-4.78E-07
2023-2-17,1,lasso,157,0,-1.19E-06
2023-2-20,1,lasso,157,0.003076334,-1.97E-06
2023-2-21,1,lasso,157,0.003832156,-8.13E-08
2023-2-22,1,lasso,157,0.000191223,-9.24E-07
2023-2-23,1,lasso,157,0.005814801,-1.61E-06
2023-2-24,1,lasso,157,-0.005145809,-1.44E-06
2023-2-27,1,lasso,157,0.001908944,-2.97E-07
2023-2-28,1,lasso,157,-0.003725822,-3.04E-06
2023-3-1,1,lasso,157,0.005250358,-7.32E-05
2023-3-2,1,lasso,157,-0.004867583,-7.37E-05
2023-3-3,1,lasso,157,-0.001627807,-7.45E-05
2023-3-6,1,lasso,157,0.01200243,-7.43E-05
2023-3-7,1,lasso,157,0.000473328,-8.09E-05
2023-1-11,1,lasso,158,-0.009151154,-7.63E-05
2023-1-12,1,lasso,158,-0.000489117,-7.36E-05
2023-1-13,1,lasso,158,0.000684697,-7.44E-05
2023-1-16,1,lasso,158,0.001172677,-7.61E-05
2023-1-17,1,lasso,158,-0.00029304,-7.39E-05
2023-1-18,1,lasso,158,-0.002935136,-7.53E-05
2023-1-19,1,lasso,158,-0.000490028,-7.60E-05
2023-1-20,1,lasso,158,0.001273574,-7.60E-05
2023-1-23,1,lasso,158,-0.002156229,-7.64E-05
2023-1-24,1,lasso,158,-0.002751033,-7.81E-05
2023-1-25,1,lasso,158,0.001965796,-7.70E-05
2023-1-26,1,lasso,158,0.000883349,-7.69E-05
2023-1-27,1,lasso,158,0.003427847,-7.74E-05
2023-1-30,1,lasso,158,-0.001761425,-7.60E-05
2023-1-31,1,lasso,158,-0.008656359,-7.79E-05
2023-2-1,1,lasso,158,0.005222459,-6.00E-05
2023-2-2,1,lasso,158,0.011433163,-5.88E-05
2023-2-3,1,lasso,158,0.006778374,-6.00E-05
2023-2-6,1,lasso,158,-0.001835306,-5.99E-05
2023-2-7,1,lasso,158,-0.000193386,-6.22E-05
2023-2-8,1,lasso,158,-0.001839036,-6.24E-05
2023-2-9,1,lasso,158,0.00396423,-6.34E-05
2023-2-10,1,lasso,158,-0.002705577,-6.51E-05
2023-2-13,1,lasso,158,-0.001161778,-6.55E-05
2023-2-14,1,lasso,158,0.006661864,-6.65E-05
2023-2-15,1,lasso,158,-0.000577534,-6.60E-05
2023-2-16,1,lasso,158,0,-6.67E-05
2023-2-17,1,lasso,158,0,-6.75E-05
2023-2-20,1,lasso,158,0.003076334,-6.84E-05
2023-2-21,1,lasso,158,0.003832156,-6.65E-05
2023-2-22,1,lasso,158,0.000191223,-6.73E-05
2023-2-23,1,lasso,158,0.005814801,-6.80E-05
2023-2-24,1,lasso,158,-0.005145809,-6.78E-05
2023-2-27,1,lasso,158,0.001908944,-6.66E-05
2023-2-28,1,lasso,158,-0.003725822,-6.95E-05
2023-3-1,1,lasso,158,0.005250358,-0.000127845
2023-3-2,1,lasso,158,-0.004867583,-0.000128346
2023-3-3,1,lasso,158,-0.001627807,-0.000129102
2023-3-6,1,lasso,158,0.01200243,-0.000128895
2023-3-7,1,lasso,158,0.000473328,-0.000135971
2023-3-8,1,lasso,158,-0.00331801,-0.00013738
2023-3-9,1,lasso,158,-0.006956053,-0.000134607
2023-3-10,1,lasso,158,-0.009414999,-0.000130822
2023-3-13,1,lasso,158,0,-0.000123517
2023-3-14,1,lasso,158,0.010084119,-0.000124947
2023-3-15,1,lasso,158,-0.002200221,-0.000119697
2023-3-16,1,lasso,158,-0.006822685,-0.000118465
2023-3-17,1,lasso,158,-0.004154796,-0.000104275
2023-3-20,1,lasso,158,-0.000193667,-0.000113342
2023-3-21,1,lasso,158,-0.008851767,-0.00012149
2023-3-22,1,lasso,158,0.001757127,-0.000119338
2023-3-23,1,lasso,158,0.00573792,-0.000116657
2023-3-24,1,lasso,158,-0.002524518,-0.00011801
2023-3-27,1,lasso,158,-0.004189202,-0.000121748
2023-3-28,1,lasso,158,0.002048082,-0.000123005
2023-3-29,1,lasso,158,-0.004883299,-0.00012345
2023-3-30,1,lasso,158,0.003615934,-0.000125661
2023-3-31,1,lasso,158,-0.004105578,-0.000125153
2023-4-3,1,lasso,158,-0.004909672,-0.000155083
2023-4-4,1,lasso,158,0.002556038,-0.000162635
2023-2-8,1,lasso,159,-0.001839036,-6.43E-05
2023-2-9,1,lasso,159,0.00396423,-6.53E-05
2023-2-10,1,lasso,159,-0.002705577,-6.71E-05
2023-2-13,1,lasso,159,-0.001161778,-6.74E-05
2023-2-14,1,lasso,159,0.006661864,-6.84E-05
2023-2-15,1,lasso,159,-0.000577534,-6.80E-05
2023-2-16,1,lasso,159,0,-6.87E-05
2023-2-17,1,lasso,159,0,-6.94E-05
2023-2-20,1,lasso,159,0.003076334,-7.03E-05
2023-2-21,1,lasso,159,0.003832156,-6.84E-05
2023-2-22,1,lasso,159,0.000191223,-6.93E-05
2023-2-23,1,lasso,159,0.005814801,-6.99E-05
2023-2-24,1,lasso,159,-0.005145809,-6.98E-05
2023-2-27,1,lasso,159,0.001908944,-6.85E-05
2023-2-28,1,lasso,159,-0.003725822,-7.14E-05
2023-3-1,1,lasso,159,0.005250358,-0.000130023
2023-3-2,1,lasso,159,-0.004867583,-0.000130517
2023-3-3,1,lasso,159,-0.001627807,-0.000131263
2023-3-6,1,lasso,159,0.01200243,-0.000131059
2023-3-7,1,lasso,159,0.000473328,-0.000138057
2023-3-8,1,lasso,159,-0.00331801,-0.000139449
2023-3-9,1,lasso,159,-0.006956053,-0.000136713
2023-3-10,1,lasso,159,-0.009414999,-0.000132974
2023-3-13,1,lasso,159,0,-0.000125753
2023-3-14,1,lasso,159,0.010084119,-0.000127163
2023-3-15,1,lasso,159,-0.002200221,-0.000121975
2023-3-16,1,lasso,159,-0.006822685,-0.000120752
2023-3-17,1,lasso,159,-0.004154796,-0.000106724
2023-3-20,1,lasso,159,-0.000193667,-0.000115688
2023-3-21,1,lasso,159,-0.008851767,-0.00012374
2023-3-22,1,lasso,159,0.001757127,-0.000121614
2023-3-23,1,lasso,159,0.00573792,-0.000118963
2023-3-24,1,lasso,159,-0.002524518,-0.0001203
2023-3-27,1,lasso,159,-0.004189202,-0.000123994
2023-3-28,1,lasso,159,0.002048082,-0.000125236
2023-3-29,1,lasso,159,-0.004883299,-0.000125675
2023-3-30,1,lasso,159,0.003615934,-0.000127861
2023-3-31,1,lasso,159,-0.004105578,-0.000127358
2023-4-3,1,lasso,159,-0.004909672,-0.000155925
2023-4-4,1,lasso,159,0.002556038,-0.000163393
2023-4-5,1,lasso,159,-0.000294594,-0.000161582
2023-4-6,1,lasso,159,0.002648229,-0.000163629
2023-4-7,1,lasso,159,0.004788205,-0.000166875
2023-4-10,1,lasso,159,-0.003711304,-0.000169531
2023-4-11,1,lasso,159,-0.006872879,-0.000171156
2023-4-12,1,lasso,159,-0.004839277,-0.00017006
2023-4-13,1,lasso,159,0.005331766,-0.000171352
2023-4-14,1,lasso,159,0.005401437,-0.000175199
2023-4-17,1,lasso,159,-0.003433901,-0.000175875
2023-4-18,1,lasso,159,0.002159828,-0.000180215
2023-4-19,1,lasso,159,-0.001275698,-0.000178476
2023-4-20,1,lasso,159,-0.000196406,-0.000175422
2023-4-21,1,lasso,159,-0.004626676,-0.000176416
2023-4-24,1,lasso,159,0.005019449,-0.000173437
2023-4-25,1,lasso,159,-0.003836133,-0.000175792
2023-4-26,1,lasso,159,0.00029561,-0.000176965
2023-4-27,1,lasso,159,0.001575114,-0.000180398
2023-4-28,1,lasso,159,0.004808409,-0.000176125
2023-5-1,1,lasso,159,-0.001861742,-0.000164632
2023-5-2,1,lasso,159,-0.006099379,-0.000173179
2023-3-8,1,lasso,160,-0.00331801,-9.39E-05
2023-3-9,1,lasso,160,-0.006956053,-9.13E-05
2023-3-10,1,lasso,160,-0.009414999,-8.78E-05
2023-3-13,1,lasso,160,0,-8.10E-05
2023-3-14,1,lasso,160,0.010084119,-8.23E-05
2023-3-15,1,lasso,160,-0.002200221,-7.74E-05
2023-3-16,1,lasso,160,-0.006822685,-7.63E-05
2023-3-17,1,lasso,160,-0.004154796,-6.31E-05
2023-3-20,1,lasso,160,-0.000193667,-7.15E-05
2023-3-21,1,lasso,160,-0.008851767,-7.91E-05
2023-3-22,1,lasso,160,0.001757127,-7.71E-05
2023-3-23,1,lasso,160,0.00573792,-7.46E-05
2023-3-24,1,lasso,160,-0.002524518,-7.59E-05
2023-3-27,1,lasso,160,-0.004189202,-7.94E-05
2023-3-28,1,lasso,160,0.002048082,-8.05E-05
2023-3-29,1,lasso,160,-0.004883299,-8.10E-05
2023-3-30,1,lasso,160,0.003615934,-8.30E-05
2023-3-31,1,lasso,160,-0.004105578,-8.25E-05
2023-4-3,1,lasso,160,-0.004909672,-0.000116408
2023-4-4,1,lasso,160,0.002556038,-0.000123436
2023-4-5,1,lasso,160,-0.000294594,-0.00012173
2023-4-6,1,lasso,160,0.002648229,-0.000123664
2023-4-7,1,lasso,160,0.004788205,-0.000126721
2023-4-10,1,lasso,160,-0.003711304,-0.000129217
2023-4-11,1,lasso,160,-0.006872879,-0.000130745
2023-4-12,1,lasso,160,-0.004839277,-0.000129714
2023-4-13,1,lasso,160,0.005331766,-0.000130942
2023-4-14,1,lasso,160,0.005401437,-0.000134571
2023-4-17,1,lasso,160,-0.003433901,-0.000135208
2023-4-18,1,lasso,160,0.002159828,-0.000139297
2023-4-19,1,lasso,160,-0.001275698,-0.000137662
2023-4-20,1,lasso,160,-0.000196406,-0.000134779
2023-4-21,1,lasso,160,-0.004626676,-0.00013572
2023-4-24,1,lasso,160,0.005019449,-0.000132913
2023-4-25,1,lasso,160,-0.003836133,-0.000135115
2023-4-26,1,lasso,160,0.00029561,-0.000136218
2023-4-27,1,lasso,160,0.001575114,-0.000139467
2023-4-28,1,lasso,160,0.004808409,-0.000135454
2023-5-1,1,lasso,160,-0.001861742,-0.00012232
2023-5-2,1,lasso,160,-0.006099379,-0.000130355
2023-5-3,1,lasso,160,0.000591891,-0.000131671
2023-5-4,1,lasso,160,-0.001875525,-0.000131502
2023-5-5,1,lasso,160,0.001678267,-0.000132452
2023-5-8,1,lasso,160,0.002266122,-0.000131989
2023-5-9,1,lasso,160,-0.001280221,-0.000133044
2023-5-10,1,lasso,160,0.005699141,-0.000130919
2023-5-11,1,lasso,160,0.00605648,-0.000128556
2023-5-12,1,lasso,160,-0.002437718,-0.000130096
2023-5-15,1,lasso,160,0.001268355,-0.00012809
2023-5-16,1,lasso,160,0.003115267,-0.000129881
2023-5-17,1,lasso,160,0.006781001,-0.000132376
2023-5-18,1,lasso,160,-0.003675408,-0.000134313
2023-5-19,1,lasso,160,0,-0.000132251
2023-5-22,1,lasso,160,0.002806137,-0.000133085
2023-5-23,1,lasso,160,0.003857657,-0.000135051
2023-5-24,1,lasso,160,0.003459214,-0.000135667
2023-5-25,1,lasso,160,-0.000383767,-0.00013699
2023-5-26,1,lasso,160,0.000479685,-0.000134975
2023-5-29,1,lasso,160,-0.000863599,-0.000136886
2023-5-30,1,lasso,160,0.001534772,-0.000134618
2023-4-5,1,lasso,161,-0.000294594,-0.000188832
2023-4-6,1,lasso,161,0.002648229,-0.000190912
2023-4-7,1,lasso,161,0.004788205,-0.000194229
2023-4-10,1,lasso,161,-0.003711304,-0.000196951
2023-4-11,1,lasso,161,-0.006872879,-0.000198613
2023-4-12,1,lasso,161,-0.004839277,-0.000197493
2023-4-13,1,lasso,161,0.005331766,-0.000198793
2023-4-14,1,lasso,161,0.005401437,-0.000202711
2023-4-17,1,lasso,161,-0.003433901,-0.000203399
2023-4-18,1,lasso,161,0.002159828,-0.000207832
2023-4-19,1,lasso,161,-0.001275698,-0.000206049
2023-4-20,1,lasso,161,-0.000196406,-0.00020294
2023-4-21,1,lasso,161,-0.004626676,-0.00020395
2023-4-24,1,lasso,161,0.005019449,-0.000200908
2023-4-25,1,lasso,161,-0.003836133,-0.000203344
2023-4-26,1,lasso,161,0.00029561,-0.000204544
2023-4-27,1,lasso,161,0.001575114,-0.000208022
2023-4-28,1,lasso,161,0.004808409,-0.000203636
2023-5-1,1,lasso,161,-0.001861742,-0.0001938
2023-5-2,1,lasso,161,-0.006099379,-0.000202559
2023-5-3,1,lasso,161,0.000591891,-0.000204002
2023-5-4,1,lasso,161,-0.001875525,-0.000203863
2023-5-5,1,lasso,161,0.001678267,-0.000204819
2023-5-8,1,lasso,161,0.002266122,-0.000204312
2023-5-9,1,lasso,161,-0.001280221,-0.000205475
2023-5-10,1,lasso,161,0.005699141,-0.00020315
2023-5-11,1,lasso,161,0.00605648,-0.000200587
2023-5-12,1,lasso,161,-0.002437718,-0.00020226
2023-5-15,1,lasso,161,0.001268355,-0.000200086
2023-5-16,1,lasso,161,0.003115267,-0.000202051
2023-5-17,1,lasso,161,0.006781001,-0.000204729
2023-5-18,1,lasso,161,-0.003675408,-0.00020681
2023-5-19,1,lasso,161,0,-0.000204591
2023-5-22,1,lasso,161,0.002806137,-0.000205507
2023-5-23,1,lasso,161,0.003857657,-0.000207673
2023-5-24,1,lasso,161,0.003459214,-0.000208379
2023-5-25,1,lasso,161,-0.000383767,-0.000209792
2023-5-26,1,lasso,161,0.000479685,-0.000207576
2023-5-29,1,lasso,161,-0.000863599,-0.000209637
2023-5-30,1,lasso,161,0.001534772,-0.000207176
2023-5-31,1,lasso,161,-0.007407798,-0.000212661
2023-6-1,1,lasso,161,0.004335893,-0.000250987
2023-6-2,1,lasso,161,-9.61E-05,-0.00025182
2023-6-5,1,lasso,161,0.001249219,-0.000247972
2023-6-6,1,lasso,161,-0.000288143,-0.00024891
2023-6-7,1,lasso,161,-0.007327453,-0.000248062
2023-6-8,1,lasso,161,0.002126632,-0.000245339
2023-6-9,1,lasso,161,0.000868684,-0.000245269
2023-6-12,1,lasso,161,-0.002995316,-0.000244494
2023-6-13,1,lasso,161,-0.003781089,-0.000244862
2023-6-14,1,lasso,161,-0.00819277,-0.000244608
2023-6-15,1,lasso,161,0.001272327,-0.000242765
2023-6-16,1,lasso,161,0.002734911,-0.000243669
2023-6-19,1,lasso,161,0.000195065,-0.000245826
2023-6-20,1,lasso,161,-0.004594114,-0.000243538
2023-6-21,1,lasso,161,0.003130199,-0.000247384
2023-6-22,1,lasso,161,0.004968591,-0.00024771
2023-6-23,1,lasso,161,-0.002042902,-0.000247506
2023-6-26,1,lasso,161,-0.001949508,-0.000247996
2023-6-27,1,lasso,161,0.00399241,-0.000249369
2023-5-3,1,lasso,162,0.000591891,2.61E-05
2023-5-4,1,lasso,162,-0.001875525,2.61E-05
2023-5-5,1,lasso,162,0.001678267,2.61E-05
2023-5-8,1,lasso,162,0.002266122,2.61E-05
2023-5-9,1,lasso,162,-0.001280221,2.61E-05
2023-5-10,1,lasso,162,0.005699141,2.61E-05
2023-5-11,1,lasso,162,0.00605648,2.61E-05
2023-5-12,1,lasso,162,-0.002437718,2.61E-05
2023-5-15,1,lasso,162,0.001268355,2.61E-05
2023-5-16,1,lasso,162,0.003115267,2.61E-05
2023-5-17,1,lasso,162,0.006781001,2.61E-05
2023-5-18,1,lasso,162,-0.003675408,2.61E-05
2023-5-19,1,lasso,162,0,2.61E-05
2023-5-22,1,lasso,162,0.002806137,2.61E-05
2023-5-23,1,lasso,162,0.003857657,2.61E-05
2023-5-24,1,lasso,162,0.003459214,2.61E-05
2023-5-25,1,lasso,162,-0.000383767,2.61E-05
2023-5-26,1,lasso,162,0.000479685,2.61E-05
2023-5-29,1,lasso,162,-0.000863599,2.61E-05
2023-5-30,1,lasso,162,0.001534772,2.61E-05
2023-5-31,1,lasso,162,-0.007407798,2.61E-05
2023-6-1,1,lasso,162,0.004335893,2.61E-05
2023-6-2,1,lasso,162,-9.61E-05,2.61E-05
2023-6-5,1,lasso,162,0.001249219,2.61E-05
2023-6-6,1,lasso,162,-0.000288143,2.61E-05
2023-6-7,1,lasso,162,-0.007327453,2.61E-05
2023-6-8,1,lasso,162,0.002126632,2.61E-05
2023-6-9,1,lasso,162,0.000868684,2.61E-05
2023-6-12,1,lasso,162,-0.002995316,2.61E-05
2023-6-13,1,lasso,162,-0.003781089,2.61E-05
2023-6-14,1,lasso,162,-0.00819277,2.61E-05
2023-6-15,1,lasso,162,0.001272327,2.61E-05
2023-6-16,1,lasso,162,0.002734911,2.61E-05
2023-6-19,1,lasso,162,0.000195065,2.61E-05
2023-6-20,1,lasso,162,-0.004594114,2.61E-05
2023-6-21,1,lasso,162,0.003130199,2.61E-05
2023-6-22,1,lasso,162,0.004968591,2.61E-05
2023-6-23,1,lasso,162,-0.002042902,2.61E-05
2023-6-26,1,lasso,162,-0.001949508,2.61E-05
2023-6-27,1,lasso,162,0.00399241,2.61E-05
2023-6-28,1,lasso,162,0.00426688,2.61E-05
2023-6-29,1,lasso,162,-0.004169703,2.61E-05
2023-6-30,1,lasso,162,0.000485743,2.61E-05
2023-7-3,1,lasso,162,0.000776699,2.61E-05
2023-7-4,1,lasso,162,0.003197522,2.61E-05
2023-7-5,1,lasso,162,-0.002906416,2.61E-05
2023-7-6,1,lasso,162,-0.007791994,2.61E-05
2023-7-7,1,lasso,162,-0.002937722,2.61E-05
2023-7-10,1,lasso,162,-0.002356408,2.61E-05
2023-7-11,1,lasso,162,-0.011965532,2.61E-05
2023-7-12,1,lasso,162,-0.007489176,2.61E-05
2023-7-13,1,lasso,162,0.001402244,2.61E-05
2023-7-14,1,lasso,162,-0.000700876,2.61E-05
2023-7-17,1,lasso,162,0.001001101,2.61E-05
2023-7-18,1,lasso,162,0.003396267,2.61E-05
2023-7-19,1,lasso,162,0.005965418,2.61E-05
2023-7-20,1,lasso,162,0.001881654,2.61E-05
2023-7-21,1,lasso,162,0.002766527,2.61E-05
2023-7-24,1,lasso,162,0,2.61E-05
2023-7-25,1,lasso,162,-0.004549058,2.61E-05
2023-5-31,1,lasso,163,-0.007407798,-0.000153092
2023-6-1,1,lasso,163,0.004335893,-0.000193109
2023-6-2,1,lasso,163,-9.61E-05,-0.000193871
2023-6-5,1,lasso,163,0.001249219,-0.00019041
2023-6-6,1,lasso,163,-0.000288143,-0.000191264
2023-6-7,1,lasso,163,-0.007327453,-0.000190502
2023-6-8,1,lasso,163,0.002126632,-0.000188058
2023-6-9,1,lasso,163,0.000868684,-0.000187993
2023-6-12,1,lasso,163,-0.002995316,-0.000187281
2023-6-13,1,lasso,163,-0.003781089,-0.000187617
2023-6-14,1,lasso,163,-0.00819277,-0.000187398
2023-6-15,1,lasso,163,0.001272327,-0.000185733
2023-6-16,1,lasso,163,0.002734911,-0.000186559
2023-6-19,1,lasso,163,0.000195065,-0.000188489
2023-6-20,1,lasso,163,-0.004594114,-0.000186436
2023-6-21,1,lasso,163,0.003130199,-0.000189902
2023-6-22,1,lasso,163,0.004968591,-0.000190199
2023-6-23,1,lasso,163,-0.002042902,-0.000190008
2023-6-26,1,lasso,163,-0.001949508,-0.000190439
2023-6-27,1,lasso,163,0.00399241,-0.00019168
2023-6-28,1,lasso,163,0.00426688,-0.00019131
2023-6-29,1,lasso,163,-0.004169703,-0.000192088
2023-6-30,1,lasso,163,0.000485743,-0.000190868
2023-7-3,1,lasso,163,0.000776699,-0.000223312
2023-7-4,1,lasso,163,0.003197522,-0.000226727
2023-7-5,1,lasso,163,-0.002906416,-0.000225352
2023-7-6,1,lasso,163,-0.007791994,-0.000225861
2023-7-7,1,lasso,163,-0.002937722,-0.000226465
2023-7-10,1,lasso,163,-0.002356408,-0.000226475
2023-7-11,1,lasso,163,-0.011965532,-0.000227616
2023-7-12,1,lasso,163,-0.007489176,-0.000227457
2023-7-13,1,lasso,163,0.001402244,-0.00022724
2023-7-14,1,lasso,163,-0.000700876,-0.000228106
2023-7-17,1,lasso,163,0.001001101,-0.000227671
2023-7-18,1,lasso,163,0.003396267,-0.000228169
2023-7-19,1,lasso,163,0.005965418,-0.000228003
2023-7-20,1,lasso,163,0.001881654,-0.000228113
2023-7-21,1,lasso,163,0.002766527,-0.000228638
2023-7-24,1,lasso,163,0,-0.000228238
2023-7-25,1,lasso,163,-0.004549058,-0.000229073
2023-7-26,1,lasso,163,0.008684551,-0.000229458
2023-7-27,1,lasso,163,-0.001474999,-0.000228972
2023-7-28,1,lasso,163,0.002358955,-0.000229119
2023-7-31,1,lasso,163,0.004310352,-0.000228627
2023-8-1,1,lasso,163,0.002830789,-0.000220834
2023-8-2,1,lasso,163,-0.000487496,-0.000219818
2023-8-3,1,lasso,163,-0.005084094,-0.000220456
2023-8-4,1,lasso,163,0.000294017,-0.000219696
2023-8-7,1,lasso,163,0.004692549,-0.000220366
2023-8-8,1,lasso,163,-0.000390206,-0.000221633
2023-8-9,1,lasso,163,0.000292669,-0.000220874
2023-8-10,1,lasso,163,0.003116481,-0.000220481
2023-8-11,1,lasso,163,0.003397567,-0.000220604
2023-8-14,1,lasso,163,0.000193798,-0.000221092
2023-8-15,1,lasso,163,0.002129308,-0.000220935
2023-8-16,1,lasso,163,0.001352657,-0.00022082
2023-8-17,1,lasso,163,-0.001836193,-0.000220278
2023-8-18,1,lasso,163,-0.000774144,-0.000220345
2023-8-21,1,lasso,163,0.002513779,-0.000220358
2023-8-22,1,lasso,163,-0.001352788,-0.000221281
2023-6-28,1,lasso,164,0.00426688,-0.000209162
2023-6-29,1,lasso,164,-0.004169703,-0.000209958
2023-6-30,1,lasso,164,0.000485743,-0.000208711
2023-7-3,1,lasso,164,0.000776699,-0.000242596
2023-7-4,1,lasso,164,0.003197522,-0.000246088
2023-7-5,1,lasso,164,-0.002906416,-0.000244684
2023-7-6,1,lasso,164,-0.007791994,-0.000245208
2023-7-7,1,lasso,164,-0.002937722,-0.000245824
2023-7-10,1,lasso,164,-0.002356408,-0.000245835
2023-7-11,1,lasso,164,-0.011965532,-0.000247
2023-7-12,1,lasso,164,-0.007489176,-0.000246834
2023-7-13,1,lasso,164,0.001402244,-0.000246612
2023-7-14,1,lasso,164,-0.000700876,-0.000247497
2023-7-17,1,lasso,164,0.001001101,-0.000247052
2023-7-18,1,lasso,164,0.003396267,-0.00024756
2023-7-19,1,lasso,164,0.005965418,-0.000247393
2023-7-20,1,lasso,164,0.001881654,-0.000247506
2023-7-21,1,lasso,164,0.002766527,-0.000248041
2023-7-24,1,lasso,164,0,-0.000247633
2023-7-25,1,lasso,164,-0.004549058,-0.000248487
2023-7-26,1,lasso,164,0.008684551,-0.000248878
2023-7-27,1,lasso,164,-0.001474999,-0.000248385
2023-7-28,1,lasso,164,0.002358955,-0.000248532
2023-7-31,1,lasso,164,0.004310352,-0.00024803
2023-8-1,1,lasso,164,0.002830789,-0.000239367
2023-8-2,1,lasso,164,-0.000487496,-0.000238335
2023-8-3,1,lasso,164,-0.005084094,-0.000238987
2023-8-4,1,lasso,164,0.000294017,-0.000238213
2023-8-7,1,lasso,164,0.004692549,-0.000238894
2023-8-8,1,lasso,164,-0.000390206,-0.00024019
2023-8-9,1,lasso,164,0.000292669,-0.000239414
2023-8-10,1,lasso,164,0.003116481,-0.000239012
2023-8-11,1,lasso,164,0.003397567,-0.000239134
2023-8-14,1,lasso,164,0.000193798,-0.000239633
2023-8-15,1,lasso,164,0.002129308,-0.000239478
2023-8-16,1,lasso,164,0.001352657,-0.000239362
2023-8-17,1,lasso,164,-0.001836193,-0.00023881
2023-8-18,1,lasso,164,-0.000774144,-0.000238877
2023-8-21,1,lasso,164,0.002513779,-0.00023889
2023-8-22,1,lasso,164,-0.001352788,-0.000239833
2023-8-23,1,lasso,164,0.005400206,-0.000240488
2023-8-24,1,lasso,164,0.000961261,-0.000240388
2023-8-25,1,lasso,164,-0.000192178,-0.000241433
2023-8-28,1,lasso,164,-0.00510623,-0.000242536
2023-8-29,1,lasso,164,-0.003580245,-0.000242028
2023-8-30,1,lasso,164,0.00444918,-0.000241941
2023-8-31,1,lasso,164,0.005965571,-0.000241906
2023-9-1,1,lasso,164,0,-0.000228718
2023-9-4,1,lasso,164,0.005453254,-0.000230811
2023-9-5,1,lasso,164,0.00047694,-0.000228629
2023-9-6,1,lasso,164,0.001905488,-0.000229599
2023-9-7,1,lasso,164,0.00028551,-0.000228929
2023-9-8,1,lasso,164,-0.004960422,-0.000229772
2023-9-11,1,lasso,164,0.001337921,-0.000229246
2023-9-12,1,lasso,164,0.000572847,-0.000229925
2023-9-13,1,lasso,164,0.005995165,-0.000229952
2023-9-14,1,lasso,164,-0.000759301,-0.000230143
2023-9-15,1,lasso,164,-0.001140034,-0.000229544
2023-9-18,1,lasso,164,-0.0003803,-0.000229419
2023-9-19,1,lasso,164,-0.000380445,-0.000229968
2023-7-26,1,lasso,165,0.008684551,2.48E-05
2023-7-27,1,lasso,165,-0.001474999,2.48E-05
2023-7-28,1,lasso,165,0.002358955,2.48E-05
2023-7-31,1,lasso,165,0.004310352,2.48E-05
2023-8-1,1,lasso,165,0.002830789,2.48E-05
2023-8-2,1,lasso,165,-0.000487496,2.48E-05
2023-8-3,1,lasso,165,-0.005084094,2.48E-05
2023-8-4,1,lasso,165,0.000294017,2.48E-05
2023-8-7,1,lasso,165,0.004692549,2.48E-05
2023-8-8,1,lasso,165,-0.000390206,2.48E-05
2023-8-9,1,lasso,165,0.000292669,2.48E-05
2023-8-10,1,lasso,165,0.003116481,2.48E-05
2023-8-11,1,lasso,165,0.003397567,2.48E-05
2023-8-14,1,lasso,165,0.000193798,2.48E-05
2023-8-15,1,lasso,165,0.002129308,2.48E-05
2023-8-16,1,lasso,165,0.001352657,2.48E-05
2023-8-17,1,lasso,165,-0.001836193,2.48E-05
2023-8-18,1,lasso,165,-0.000774144,2.48E-05
2023-8-21,1,lasso,165,0.002513779,2.48E-05
2023-8-22,1,lasso,165,-0.001352788,2.48E-05
2023-8-23,1,lasso,165,0.005400206,2.48E-05
2023-8-24,1,lasso,165,0.000961261,2.48E-05
2023-8-25,1,lasso,165,-0.000192178,2.48E-05
2023-8-28,1,lasso,165,-0.00510623,2.48E-05
2023-8-29,1,lasso,165,-0.003580245,2.48E-05
2023-8-30,1,lasso,165,0.00444918,2.48E-05
2023-8-31,1,lasso,165,0.005965571,2.48E-05
2023-9-1,1,lasso,165,0,2.48E-05
2023-9-4,1,lasso,165,0.005453254,2.48E-05
2023-9-5,1,lasso,165,0.00047694,2.48E-05
2023-9-6,1,lasso,165,0.001905488,2.48E-05
2023-9-7,1,lasso,165,0.00028551,2.48E-05
2023-9-8,1,lasso,165,-0.004960422,2.48E-05
2023-9-11,1,lasso,165,0.001337921,2.48E-05
2023-9-12,1,lasso,165,0.000572847,2.48E-05
2023-9-13,1,lasso,165,0.005995165,2.48E-05
2023-9-14,1,lasso,165,-0.000759301,2.48E-05
2023-9-15,1,lasso,165,-0.001140034,2.48E-05
2023-9-18,1,lasso,165,-0.0003803,2.48E-05
2023-9-19,1,lasso,165,-0.000380445,2.48E-05
2023-9-20,1,lasso,165,0.002280503,2.48E-05
2023-9-21,1,lasso,165,0.002085902,2.48E-05
2023-9-22,1,lasso,165,0.003970135,2.48E-05
2023-9-25,1,lasso,165,0.002167461,2.48E-05
2023-9-26,1,lasso,165,0.004133402,2.48E-05
2023-9-27,1,lasso,165,-0.004227542,2.48E-05
2023-9-28,1,lasso,165,0,2.48E-05
2023-9-29,1,lasso,165,0.006381403,2.48E-05
2023-10-2,1,lasso,165,0.000935016,2.48E-05
2023-10-3,1,lasso,165,-0.001870908,2.48E-05
2023-10-4,1,lasso,165,-0.004410461,2.48E-05
2023-10-5,1,lasso,165,-0.002731084,2.48E-05
2023-10-6,1,lasso,165,0.000377145,2.48E-05
2023-10-9,1,lasso,165,-0.002453989,2.48E-05
2023-10-10,1,lasso,165,0,2.48E-05
2023-10-11,1,lasso,165,0.007343974,2.48E-05
2023-10-12,1,lasso,165,0.000468933,2.48E-05
2023-10-13,1,lasso,165,-0.003851759,2.48E-05
2023-10-16,1,lasso,165,9.41E-05,2.48E-05
2023-10-17,1,lasso,165,0.003007238,2.48E-05
2023-8-23,1,lasso,166,0.005400206,-0.000211185
2023-8-24,1,lasso,166,0.000961261,-0.000211079
2023-8-25,1,lasso,166,-0.000192178,-0.00021207
2023-8-28,1,lasso,166,-0.00510623,-0.000213105
2023-8-29,1,lasso,166,-0.003580245,-0.000212638
2023-8-30,1,lasso,166,0.00444918,-0.000212562
2023-8-31,1,lasso,166,0.005965571,-0.000212533
2023-9-1,1,lasso,166,0,-0.000201519
2023-9-4,1,lasso,166,0.005453254,-0.000203465
2023-9-5,1,lasso,166,0.00047694,-0.000201427
2023-9-6,1,lasso,166,0.001905488,-0.000202327
2023-9-7,1,lasso,166,0.00028551,-0.000201703
2023-9-8,1,lasso,166,-0.004960422,-0.000202495
2023-9-11,1,lasso,166,0.001337921,-0.000202005
2023-9-12,1,lasso,166,0.000572847,-0.000202634
2023-9-13,1,lasso,166,0.005995165,-0.000202667
2023-9-14,1,lasso,166,-0.000759301,-0.000202852
2023-9-15,1,lasso,166,-0.001140034,-0.000202283
2023-9-18,1,lasso,166,-0.0003803,-0.000202164
2023-9-19,1,lasso,166,-0.000380445,-0.000202676
2023-9-20,1,lasso,166,0.002280503,-0.000202545
2023-9-21,1,lasso,166,0.002085902,-0.000201796
2023-9-22,1,lasso,166,0.003970135,-0.000201824
2023-9-25,1,lasso,166,0.002167461,-0.000201883
2023-9-26,1,lasso,166,0.004133402,-0.000201949
2023-9-27,1,lasso,166,-0.004227542,-0.00020243
2023-9-28,1,lasso,166,0,-0.000201637
2023-9-29,1,lasso,166,0.006381403,-0.000201482
2023-10-2,1,lasso,166,0.000935016,-0.000201387
2023-10-3,1,lasso,166,-0.001870908,-0.000201683
2023-10-4,1,lasso,166,-0.004410461,-0.000201828
2023-10-5,1,lasso,166,-0.002731084,-0.000201813
2023-10-6,1,lasso,166,0.000377145,-0.000202865
2023-10-9,1,lasso,166,-0.002453989,-0.000203374
2023-10-10,1,lasso,166,0,-0.000202049
2023-10-11,1,lasso,166,0.007343974,-0.000202699
2023-10-12,1,lasso,166,0.000468933,-0.00020281
2023-10-13,1,lasso,166,-0.003851759,-0.000201294
2023-10-16,1,lasso,166,9.41E-05,-0.000202032
2023-10-17,1,lasso,166,0.003007238,-0.00020244
2023-10-18,1,lasso,166,-0.003007238,-0.000201374
2023-10-19,1,lasso,166,-0.000847418,-0.000200107
2023-10-20,1,lasso,166,-0.005857362,-0.000199265
2023-10-23,1,lasso,166,0.006892997,-0.000199458
2023-10-24,1,lasso,166,0.00244361,-0.000200636
2023-10-25,1,lasso,166,0.000656876,-0.000200301
2023-10-26,1,lasso,166,-0.000375305,-0.000199992
2023-10-27,1,lasso,166,-0.004137678,-0.000199694
2023-10-30,1,lasso,166,0.005075676,-0.000200409
2023-10-31,1,lasso,166,0.002060505,-0.000201294
2023-11-1,1,lasso,166,-0.007136181,-0.000201572
2023-11-2,1,lasso,166,-0.010419721,-0.000200757
2023-11-3,1,lasso,166,0.001807545,-0.000200561
2023-11-6,1,lasso,166,0.003131675,-0.000200384
2023-11-7,1,lasso,166,0.000473642,-0.000201192
2023-11-8,1,lasso,166,0.003026007,-0.00020086
2023-11-9,1,lasso,166,-0.00047221,-0.000200382
2023-11-10,1,lasso,166,-0.002175045,-0.000199948
2023-11-13,1,lasso,166,-0.015070869,-0.00020043
2023-11-14,1,lasso,166,0.003262333,-0.000200227
2023-9-20,1,lasso,167,0.002280503,3.36E-05
2023-9-21,1,lasso,167,0.002085902,3.36E-05
2023-9-22,1,lasso,167,0.003970135,3.36E-05
2023-9-25,1,lasso,167,0.002167461,3.36E-05
2023-9-26,1,lasso,167,0.004133402,3.36E-05
2023-9-27,1,lasso,167,-0.004227542,3.36E-05
2023-9-28,1,lasso,167,0,3.36E-05
2023-9-29,1,lasso,167,0.006381403,3.36E-05
2023-10-2,1,lasso,167,0.000935016,3.36E-05
2023-10-3,1,lasso,167,-0.001870908,3.36E-05
2023-10-4,1,lasso,167,-0.004410461,3.36E-05
2023-10-5,1,lasso,167,-0.002731084,3.36E-05
2023-10-6,1,lasso,167,0.000377145,3.36E-05
2023-10-9,1,lasso,167,-0.002453989,3.36E-05
2023-10-10,1,lasso,167,0,3.36E-05
2023-10-11,1,lasso,167,0.007343974,3.36E-05
2023-10-12,1,lasso,167,0.000468933,3.36E-05
2023-10-13,1,lasso,167,-0.003851759,3.36E-05
2023-10-16,1,lasso,167,9.41E-05,3.36E-05
2023-10-17,1,lasso,167,0.003007238,3.36E-05
2023-10-18,1,lasso,167,-0.003007238,3.36E-05
2023-10-19,1,lasso,167,-0.000847418,3.36E-05
2023-10-20,1,lasso,167,-0.005857362,3.36E-05
2023-10-23,1,lasso,167,0.006892997,3.36E-05
2023-10-24,1,lasso,167,0.00244361,3.36E-05
2023-10-25,1,lasso,167,0.000656876,3.36E-05
2023-10-26,1,lasso,167,-0.000375305,3.36E-05
2023-10-27,1,lasso,167,-0.004137678,3.36E-05
2023-10-30,1,lasso,167,0.005075676,3.36E-05
2023-10-31,1,lasso,167,0.002060505,3.36E-05
2023-11-1,1,lasso,167,-0.007136181,3.36E-05
2023-11-2,1,lasso,167,-0.010419721,3.36E-05
2023-11-3,1,lasso,167,0.001807545,3.36E-05
2023-11-6,1,lasso,167,0.003131675,3.36E-05
2023-11-7,1,lasso,167,0.000473642,3.36E-05
2023-11-8,1,lasso,167,0.003026007,3.36E-05
2023-11-9,1,lasso,167,-0.00047221,3.36E-05
2023-11-10,1,lasso,167,-0.002175045,3.36E-05
2023-11-13,1,lasso,167,-0.015070869,3.36E-05
2023-11-14,1,lasso,167,0.003262333,3.36E-05
2023-11-15,1,lasso,167,-0.000383252,3.36E-05
2023-11-16,1,lasso,167,-0.004129261,3.36E-05
2023-11-17,1,lasso,167,-0.004629638,3.36E-05
2023-11-20,1,lasso,167,0.001255978,3.36E-05
2023-11-21,1,lasso,167,0.00337366,3.36E-05
2023-11-22,1,lasso,167,-0.001444461,3.36E-05
2023-11-23,1,lasso,167,-0.00357195,3.36E-05
2023-11-24,1,lasso,167,-0.001936109,3.36E-05
2023-11-27,1,lasso,167,-0.00437,3.36E-05
2023-11-28,1,lasso,167,9.73E-05,3.36E-05
2023-11-29,1,lasso,167,0.00717544,3.36E-05
2023-11-30,1,lasso,167,-0.002224695,3.36E-05
2023-12-1,1,lasso,167,0.004251625,3.36E-05
2023-12-4,1,lasso,167,0.00327301,3.36E-05
2023-12-5,1,lasso,167,0.000960615,3.36E-05
2023-12-6,1,lasso,167,-0.005874156,3.36E-05
2023-12-7,1,lasso,167,0.004529037,3.36E-05
2023-12-8,1,lasso,167,0.000864927,3.36E-05
2023-12-11,1,lasso,167,-0.002308137,3.36E-05
2023-12-12,1,lasso,167,-0.009577783,3.36E-05
2023-10-18,1,lasso,168,-0.003007238,3.65E-05
2023-10-19,1,lasso,168,-0.000847418,3.65E-05
2023-10-20,1,lasso,168,-0.005857362,3.65E-05
2023-10-23,1,lasso,168,0.006892997,3.65E-05
2023-10-24,1,lasso,168,0.00244361,3.65E-05
2023-10-25,1,lasso,168,0.000656876,3.65E-05
2023-10-26,1,lasso,168,-0.000375305,3.65E-05
2023-10-27,1,lasso,168,-0.004137678,3.65E-05
2023-10-30,1,lasso,168,0.005075676,3.65E-05
2023-10-31,1,lasso,168,0.002060505,3.65E-05
2023-11-1,1,lasso,168,-0.007136181,3.65E-05
2023-11-2,1,lasso,168,-0.010419721,3.65E-05
2023-11-3,1,lasso,168,0.001807545,3.65E-05
2023-11-6,1,lasso,168,0.003131675,3.65E-05
2023-11-7,1,lasso,168,0.000473642,3.65E-05
2023-11-8,1,lasso,168,0.003026007,3.65E-05
2023-11-9,1,lasso,168,-0.00047221,3.65E-05
2023-11-10,1,lasso,168,-0.002175045,3.65E-05
2023-11-13,1,lasso,168,-0.015070869,3.65E-05
2023-11-14,1,lasso,168,0.003262333,3.65E-05
2023-11-15,1,lasso,168,-0.000383252,3.65E-05
2023-11-16,1,lasso,168,-0.004129261,3.65E-05
2023-11-17,1,lasso,168,-0.004629638,3.65E-05
2023-11-20,1,lasso,168,0.001255978,3.65E-05
2023-11-21,1,lasso,168,0.00337366,3.65E-05
2023-11-22,1,lasso,168,-0.001444461,3.65E-05
2023-11-23,1,lasso,168,-0.00357195,3.65E-05
2023-11-24,1,lasso,168,-0.001936109,3.65E-05
2023-11-27,1,lasso,168,-0.00437,3.65E-05
2023-11-28,1,lasso,168,9.73E-05,3.65E-05
2023-11-29,1,lasso,168,0.00717544,3.65E-05
2023-11-30,1,lasso,168,-0.002224695,3.65E-05
2023-12-1,1,lasso,168,0.004251625,3.65E-05
2023-12-4,1,lasso,168,0.00327301,3.65E-05
2023-12-5,1,lasso,168,0.000960615,3.65E-05
2023-12-6,1,lasso,168,-0.005874156,3.65E-05
2023-12-7,1,lasso,168,0.004529037,3.65E-05
2023-12-8,1,lasso,168,0.000864927,3.65E-05
2023-12-11,1,lasso,168,-0.002308137,3.65E-05
2023-12-12,1,lasso,168,-0.009577783,3.65E-05
2023-12-13,1,lasso,168,-0.008885476,3.65E-05
2023-12-14,1,lasso,168,0.005769905,3.65E-05
2023-12-15,1,lasso,168,9.75E-05,3.65E-05
2023-12-18,1,lasso,168,-0.003809901,3.65E-05
2023-12-19,1,lasso,168,0.002346271,3.65E-05
2023-12-20,1,lasso,168,-0.00558141,3.65E-05
2023-12-21,1,lasso,168,-0.001375651,3.65E-05
2023-12-22,1,lasso,168,-0.002264115,3.65E-05
2023-12-26,1,lasso,168,-0.004741686,3.65E-05
2023-12-27,1,lasso,168,0.002373654,3.65E-05
2023-12-28,1,lasso,168,0.000987362,3.65E-05
2023-12-29,1,lasso,168,0.00854916,3.65E-05
2024-1-2,1,lasso,168,0.002833555,3.65E-05
2024-1-3,1,lasso,168,-0.000683227,3.65E-05
2024-1-4,1,lasso,168,-9.76E-05,3.65E-05
2024-1-5,1,lasso,168,-0.001954844,3.65E-05
2024-1-8,1,lasso,168,0.003515972,3.65E-05
2024-1-9,1,lasso,168,-0.002049481,3.65E-05
2024-1-10,1,lasso,168,-0.000684095,3.65E-05
2024-1-11,1,lasso,168,0.001074796,3.65E-05
2023-11-15,1,lasso,169,-0.000383252,3.18E-05
2023-11-16,1,lasso,169,-0.004129261,3.18E-05
2023-11-17,1,lasso,169,-0.004629638,3.18E-05
2023-11-20,1,lasso,169,0.001255978,3.18E-05
2023-11-21,1,lasso,169,0.00337366,3.18E-05
2023-11-22,1,lasso,169,-0.001444461,3.18E-05
2023-11-23,1,lasso,169,-0.00357195,3.18E-05
2023-11-24,1,lasso,169,-0.001936109,3.18E-05
2023-11-27,1,lasso,169,-0.00437,3.18E-05
2023-11-28,1,lasso,169,9.73E-05,3.18E-05
2023-11-29,1,lasso,169,0.00717544,3.18E-05
2023-11-30,1,lasso,169,-0.002224695,3.18E-05
2023-12-1,1,lasso,169,0.004251625,3.18E-05
2023-12-4,1,lasso,169,0.00327301,3.18E-05
2023-12-5,1,lasso,169,0.000960615,3.18E-05
2023-12-6,1,lasso,169,-0.005874156,3.18E-05
2023-12-7,1,lasso,169,0.004529037,3.18E-05
2023-12-8,1,lasso,169,0.000864927,3.18E-05
2023-12-11,1,lasso,169,-0.002308137,3.18E-05
2023-12-12,1,lasso,169,-0.009577783,3.18E-05
2023-12-13,1,lasso,169,-0.008885476,3.18E-05
2023-12-14,1,lasso,169,0.005769905,3.18E-05
2023-12-15,1,lasso,169,9.75E-05,3.18E-05
2023-12-18,1,lasso,169,-0.003809901,3.18E-05
2023-12-19,1,lasso,169,0.002346271,3.18E-05
2023-12-20,1,lasso,169,-0.00558141,3.18E-05
2023-12-21,1,lasso,169,-0.001375651,3.18E-05
2023-12-22,1,lasso,169,-0.002264115,3.18E-05
2023-12-26,1,lasso,169,-0.004741686,3.18E-05
2023-12-27,1,lasso,169,0.002373654,3.18E-05
2023-12-28,1,lasso,169,0.000987362,3.18E-05
2023-12-29,1,lasso,169,0.00854916,3.18E-05
2024-1-2,1,lasso,169,0.002833555,3.18E-05
2024-1-3,1,lasso,169,-0.000683227,3.18E-05
2024-1-4,1,lasso,169,-9.76E-05,3.18E-05
2024-1-5,1,lasso,169,-0.001954844,3.18E-05
2024-1-8,1,lasso,169,0.003515972,3.18E-05
2024-1-9,1,lasso,169,-0.002049481,3.18E-05
2024-1-10,1,lasso,169,-0.000684095,3.18E-05
2024-1-11,1,lasso,169,0.001074796,3.18E-05
2024-1-12,1,lasso,169,0,3.18E-05
2024-1-15,1,lasso,169,0.009331327,3.18E-05
2024-1-16,1,lasso,169,0.000870364,3.18E-05
2024-1-17,1,lasso,169,0.000869607,3.18E-05
2024-1-18,1,lasso,169,-0.002417445,3.18E-05
2024-1-19,1,lasso,169,0.000387184,3.18E-05
2024-1-22,1,lasso,169,0.002802611,3.18E-05
2024-1-23,1,lasso,169,-0.003673987,3.18E-05
2024-1-24,1,lasso,169,0.003191338,3.18E-05
2024-1-25,1,lasso,169,-0.001352657,3.18E-05
2024-1-26,1,lasso,169,0.001738795,3.18E-05
2024-1-29,1,lasso,169,-0.002028888,3.18E-05
2024-1-30,1,lasso,169,-0.001258044,3.18E-05
2024-1-31,1,lasso,169,-0.00213261,3.18E-05
2024-2-1,1,lasso,169,0.008407065,3.18E-05
2024-2-2,1,lasso,169,0.005087116,3.18E-05
2024-2-5,1,lasso,169,-0.002300394,3.18E-05
2024-2-6,1,lasso,169,-0.001440438,3.18E-05
2024-2-7,1,lasso,169,0.001056524,3.18E-05
2024-2-8,1,lasso,169,-0.000576148,3.18E-05
2023-12-13,1,lasso,170,-0.008885476,2.85E-05
2023-12-14,1,lasso,170,0.005769905,2.85E-05
2023-12-15,1,lasso,170,9.75E-05,2.85E-05
2023-12-18,1,lasso,170,-0.003809901,2.85E-05
2023-12-19,1,lasso,170,0.002346271,2.85E-05
2023-12-20,1,lasso,170,-0.00558141,2.85E-05
2023-12-21,1,lasso,170,-0.001375651,2.85E-05
2023-12-22,1,lasso,170,-0.002264115,2.85E-05
2023-12-26,1,lasso,170,-0.004741686,2.85E-05
2023-12-27,1,lasso,170,0.002373654,2.85E-05
2023-12-28,1,lasso,170,0.000987362,2.85E-05
2023-12-29,1,lasso,170,0.00854916,2.85E-05
2024-1-2,1,lasso,170,0.002833555,2.85E-05
2024-1-3,1,lasso,170,-0.000683227,2.85E-05
2024-1-4,1,lasso,170,-9.76E-05,2.85E-05
2024-1-5,1,lasso,170,-0.001954844,2.85E-05
2024-1-8,1,lasso,170,0.003515972,2.85E-05
2024-1-9,1,lasso,170,-0.002049481,2.85E-05
2024-1-10,1,lasso,170,-0.000684095,2.85E-05
2024-1-11,1,lasso,170,0.001074796,2.85E-05
2024-1-12,1,lasso,170,0,2.85E-05
2024-1-15,1,lasso,170,0.009331327,2.85E-05
2024-1-16,1,lasso,170,0.000870364,2.85E-05
2024-1-17,1,lasso,170,0.000869607,2.85E-05
2024-1-18,1,lasso,170,-0.002417445,2.85E-05
2024-1-19,1,lasso,170,0.000387184,2.85E-05
2024-1-22,1,lasso,170,0.002802611,2.85E-05
2024-1-23,1,lasso,170,-0.003673987,2.85E-05
2024-1-24,1,lasso,170,0.003191338,2.85E-05
2024-1-25,1,lasso,170,-0.001352657,2.85E-05
2024-1-26,1,lasso,170,0.001738795,2.85E-05
2024-1-29,1,lasso,170,-0.002028888,2.85E-05
2024-1-30,1,lasso,170,-0.001258044,2.85E-05
2024-1-31,1,lasso,170,-0.00213261,2.85E-05
2024-2-1,1,lasso,170,0.008407065,2.85E-05
2024-2-2,1,lasso,170,0.005087116,2.85E-05
2024-2-5,1,lasso,170,-0.002300394,2.85E-05
2024-2-6,1,lasso,170,-0.001440438,2.85E-05
2024-2-7,1,lasso,170,0.001056524,2.85E-05
2024-2-8,1,lasso,170,-0.000576148,2.85E-05
2024-2-9,1,lasso,170,0.000576148,2.85E-05
2024-2-12,1,lasso,170,0.007555145,2.85E-05
2024-2-13,1,lasso,170,-0.002289204,2.85E-05
2024-2-14,1,lasso,170,-0.00401876,2.85E-05
2024-2-15,1,lasso,170,0,2.85E-05
2024-2-16,1,lasso,170,-9.59E-05,2.85E-05
2024-2-19,1,lasso,170,-0.002015646,2.85E-05
2024-2-20,1,lasso,170,-0.000672786,2.85E-05
2024-2-21,1,lasso,170,-0.000480839,2.85E-05
2024-2-22,1,lasso,170,-0.0001924,2.85E-05
2024-2-23,1,lasso,170,-0.001058863,2.85E-05
2024-2-26,1,lasso,170,0,2.85E-05
2024-2-27,1,lasso,170,0.00134745,2.85E-05
2024-2-28,1,lasso,170,0.001825782,2.85E-05
2024-2-29,1,lasso,170,-0.00288434,2.85E-05
2024-3-1,1,lasso,170,-0.000288892,2.85E-05
2024-3-4,1,lasso,170,-0.000288976,2.85E-05
2024-3-5,1,lasso,170,-0.004151186,2.85E-05
2024-3-6,1,lasso,170,-0.005334898,2.85E-05
2024-3-7,1,lasso,170,-0.001070403,2.85E-05
2024-1-12,1,lasso,171,0,2.73E-05
2024-1-15,1,lasso,171,0.009331327,2.73E-05
2024-1-16,1,lasso,171,0.000870364,2.73E-05
2024-1-17,1,lasso,171,0.000869607,2.73E-05
2024-1-18,1,lasso,171,-0.002417445,2.73E-05
2024-1-19,1,lasso,171,0.000387184,2.73E-05
2024-1-22,1,lasso,171,0.002802611,2.73E-05
2024-1-23,1,lasso,171,-0.003673987,2.73E-05
2024-1-24,1,lasso,171,0.003191338,2.73E-05
2024-1-25,1,lasso,171,-0.001352657,2.73E-05
2024-1-26,1,lasso,171,0.001738795,2.73E-05
2024-1-29,1,lasso,171,-0.002028888,2.73E-05
2024-1-30,1,lasso,171,-0.001258044,2.73E-05
2024-1-31,1,lasso,171,-0.00213261,2.73E-05
2024-2-1,1,lasso,171,0.008407065,2.73E-05
2024-2-2,1,lasso,171,0.005087116,2.73E-05
2024-2-5,1,lasso,171,-0.002300394,2.73E-05
2024-2-6,1,lasso,171,-0.001440438,2.73E-05
2024-2-7,1,lasso,171,0.001056524,2.73E-05
2024-2-8,1,lasso,171,-0.000576148,2.73E-05
2024-2-9,1,lasso,171,0.000576148,2.73E-05
2024-2-12,1,lasso,171,0.007555145,2.73E-05
2024-2-13,1,lasso,171,-0.002289204,2.73E-05
2024-2-14,1,lasso,171,-0.00401876,2.73E-05
2024-2-15,1,lasso,171,0,2.73E-05
2024-2-16,1,lasso,171,-9.59E-05,2.73E-05
2024-2-19,1,lasso,171,-0.002015646,2.73E-05
2024-2-20,1,lasso,171,-0.000672786,2.73E-05
2024-2-21,1,lasso,171,-0.000480839,2.73E-05
2024-2-22,1,lasso,171,-0.0001924,2.73E-05
2024-2-23,1,lasso,171,-0.001058863,2.73E-05
2024-2-26,1,lasso,171,0,2.73E-05
2024-2-27,1,lasso,171,0.00134745,2.73E-05
2024-2-28,1,lasso,171,0.001825782,2.73E-05
2024-2-29,1,lasso,171,-0.00288434,2.73E-05
2024-3-1,1,lasso,171,-0.000288892,2.73E-05
2024-3-4,1,lasso,171,-0.000288976,2.73E-05
2024-3-5,1,lasso,171,-0.004151186,2.73E-05
2024-3-6,1,lasso,171,-0.005334898,2.73E-05
2024-3-7,1,lasso,171,-0.001070403,2.73E-05
2024-3-8,1,lasso,171,0.001556572,2.73E-05
2024-3-11,1,lasso,171,0.000874508,2.73E-05
2024-3-12,1,lasso,171,-0.001652491,2.73E-05
2024-3-13,1,lasso,171,0.005529968,2.73E-05
2024-3-14,1,lasso,171,0.000677015,2.73E-05
2024-3-15,1,lasso,171,0.001545745,2.73E-05
2024-3-18,1,lasso,171,0.002410453,2.73E-05
2024-3-19,1,lasso,171,-0.004149584,2.73E-05
2024-3-20,1,lasso,171,0.00568923,2.73E-05
2024-3-21,1,lasso,171,0.00450905,2.73E-05
2024-3-22,1,lasso,171,-0.002204016,2.73E-05
2024-3-25,1,lasso,171,0.000479547,2.73E-05
2024-3-26,1,lasso,171,0.000575153,2.73E-05
2024-3-27,1,lasso,171,0.001914792,2.73E-05
2024-3-28,1,lasso,171,0,2.73E-05
2024-3-29,1,lasso,171,0.004485382,2.73E-05
2024-4-1,1,lasso,171,-0.001906215,2.73E-05
2024-4-2,1,lasso,171,-0.005452733,2.73E-05
2024-4-3,1,lasso,171,-0.001247781,2.73E-05
2024-4-4,1,lasso,171,0.001727282,2.73E-05
2024-2-9,1,lasso,172,0.000576148,3.08E-05
2024-2-12,1,lasso,172,0.007555145,3.08E-05
2024-2-13,1,lasso,172,-0.002289204,3.08E-05
2024-2-14,1,lasso,172,-0.00401876,3.08E-05
2024-2-15,1,lasso,172,0,3.08E-05
2024-2-16,1,lasso,172,-9.59E-05,3.08E-05
2024-2-19,1,lasso,172,-0.002015646,3.08E-05
2024-2-20,1,lasso,172,-0.000672786,3.08E-05
2024-2-21,1,lasso,172,-0.000480839,3.08E-05
2024-2-22,1,lasso,172,-0.0001924,3.08E-05
2024-2-23,1,lasso,172,-0.001058863,3.08E-05
2024-2-26,1,lasso,172,0,3.08E-05
2024-2-27,1,lasso,172,0.00134745,3.08E-05
2024-2-28,1,lasso,172,0.001825782,3.08E-05
2024-2-29,1,lasso,172,-0.00288434,3.08E-05
2024-3-1,1,lasso,172,-0.000288892,3.08E-05
2024-3-4,1,lasso,172,-0.000288976,3.08E-05
2024-3-5,1,lasso,172,-0.004151186,3.08E-05
2024-3-6,1,lasso,172,-0.005334898,3.08E-05
2024-3-7,1,lasso,172,-0.001070403,3.08E-05
2024-3-8,1,lasso,172,0.001556572,3.08E-05
2024-3-11,1,lasso,172,0.000874508,3.08E-05
2024-3-12,1,lasso,172,-0.001652491,3.08E-05
2024-3-13,1,lasso,172,0.005529968,3.08E-05
2024-3-14,1,lasso,172,0.000677015,3.08E-05
2024-3-15,1,lasso,172,0.001545745,3.08E-05
2024-3-18,1,lasso,172,0.002410453,3.08E-05
2024-3-19,1,lasso,172,-0.004149584,3.08E-05
2024-3-20,1,lasso,172,0.00568923,3.08E-05
2024-3-21,1,lasso,172,0.00450905,3.08E-05
2024-3-22,1,lasso,172,-0.002204016,3.08E-05
2024-3-25,1,lasso,172,0.000479547,3.08E-05
2024-3-26,1,lasso,172,0.000575153,3.08E-05
2024-3-27,1,lasso,172,0.001914792,3.08E-05
2024-3-28,1,lasso,172,0,3.08E-05
2024-3-29,1,lasso,172,0.004485382,3.08E-05
2024-4-1,1,lasso,172,-0.001906215,3.08E-05
2024-4-2,1,lasso,172,-0.005452733,3.08E-05
2024-4-3,1,lasso,172,-0.001247781,3.08E-05
2024-4-4,1,lasso,172,0.001727282,3.08E-05
2024-4-5,1,lasso,172,-0.001535214,3.08E-05
2024-4-8,1,lasso,172,9.60E-05,3.08E-05
2024-4-9,1,lasso,172,0.010506305,3.08E-05
2024-4-10,1,lasso,172,0.000284995,3.08E-05
2024-4-11,1,lasso,172,0.007192914,3.08E-05
2024-4-12,1,lasso,172,0.001601885,3.08E-05
2024-4-15,1,lasso,172,0.000470655,3.08E-05
2024-4-16,1,lasso,172,-0.002921636,3.08E-05
2024-4-17,1,lasso,172,0.001885903,3.08E-05
2024-4-18,1,lasso,172,0,3.08E-05
2024-4-19,1,lasso,172,-0.000659662,3.08E-05
2024-4-22,1,lasso,172,-0.003777866,3.08E-05
2024-4-23,1,lasso,172,0.001701806,3.08E-05
2024-4-24,1,lasso,172,-0.002459095,3.08E-05
2024-4-25,1,lasso,172,0.003214525,3.08E-05
2024-4-26,1,lasso,172,-0.003403937,3.08E-05
2024-4-29,1,lasso,172,0.006043456,3.08E-05
2024-4-30,1,lasso,172,-0.004434597,3.08E-05
2024-5-1,1,lasso,172,-0.004264399,3.08E-05
2024-5-2,1,lasso,172,-0.002567396,3.08E-05
2024-3-8,1,lasso,173,0.001556572,2.78E-05
2024-3-11,1,lasso,173,0.000874508,2.78E-05
2024-3-12,1,lasso,173,-0.001652491,2.78E-05
2024-3-13,1,lasso,173,0.005529968,2.78E-05
2024-3-14,1,lasso,173,0.000677015,2.78E-05
2024-3-15,1,lasso,173,0.001545745,2.78E-05
2024-3-18,1,lasso,173,0.002410453,2.78E-05
2024-3-19,1,lasso,173,-0.004149584,2.78E-05
2024-3-20,1,lasso,173,0.00568923,2.78E-05
2024-3-21,1,lasso,173,0.00450905,2.78E-05
2024-3-22,1,lasso,173,-0.002204016,2.78E-05
2024-3-25,1,lasso,173,0.000479547,2.78E-05
2024-3-26,1,lasso,173,0.000575153,2.78E-05
2024-3-27,1,lasso,173,0.001914792,2.78E-05
2024-3-28,1,lasso,173,0,2.78E-05
2024-3-29,1,lasso,173,0.004485382,2.78E-05
2024-4-1,1,lasso,173,-0.001906215,2.78E-05
2024-4-2,1,lasso,173,-0.005452733,2.78E-05
2024-4-3,1,lasso,173,-0.001247781,2.78E-05
2024-4-4,1,lasso,173,0.001727282,2.78E-05
2024-4-5,1,lasso,173,-0.001535214,2.78E-05
2024-4-8,1,lasso,173,9.60E-05,2.78E-05
2024-4-9,1,lasso,173,0.010506305,2.78E-05
2024-4-10,1,lasso,173,0.000284995,2.78E-05
2024-4-11,1,lasso,173,0.007192914,2.78E-05
2024-4-12,1,lasso,173,0.001601885,2.78E-05
2024-4-15,1,lasso,173,0.000470655,2.78E-05
2024-4-16,1,lasso,173,-0.002921636,2.78E-05
2024-4-17,1,lasso,173,0.001885903,2.78E-05
2024-4-18,1,lasso,173,0,2.78E-05
2024-4-19,1,lasso,173,-0.000659662,2.78E-05
2024-4-22,1,lasso,173,-0.003777866,2.78E-05
2024-4-23,1,lasso,173,0.001701806,2.78E-05
2024-4-24,1,lasso,173,-0.002459095,2.78E-05
2024-4-25,1,lasso,173,0.003214525,2.78E-05
2024-4-26,1,lasso,173,-0.003403937,2.78E-05
2024-4-29,1,lasso,173,0.006043456,2.78E-05
2024-4-30,1,lasso,173,-0.004434597,2.78E-05
2024-5-1,1,lasso,173,-0.004264399,2.78E-05
2024-5-2,1,lasso,173,-0.002567396,2.78E-05
2024-5-3,1,lasso,173,0.000190404,2.78E-05
2024-5-6,1,lasso,173,0.003421081,2.78E-05
2024-5-7,1,lasso,173,0.001327266,2.78E-05
2024-5-8,1,lasso,173,-0.003036344,2.78E-05
2024-5-9,1,lasso,173,0.000664988,2.78E-05
2024-5-10,1,lasso,173,-0.000760023,2.78E-05
2024-5-13,1,lasso,173,-0.001997813,2.78E-05
2024-5-14,1,lasso,173,-0.00630495,2.78E-05
2024-5-15,1,lasso,173,0.001053589,2.78E-05
2024-5-16,1,lasso,173,-0.000191479,2.78E-05
2024-5-17,1,lasso,173,0.00124396,2.78E-05
2024-5-20,1,lasso,173,0.000860297,2.78E-05
2024-5-21,1,lasso,173,0.00257646,2.78E-05
2024-5-22,1,lasso,173,0.00171396,2.78E-05
2024-5-23,1,lasso,173,-0.003717299,2.78E-05
2024-5-24,1,lasso,173,-0.00114657,2.78E-05
2024-5-27,1,lasso,173,9.56E-05,2.78E-05
2024-5-28,1,lasso,173,0.004673129,2.78E-05
2024-5-29,1,lasso,173,-0.003622156,2.78E-05
2024-5-30,1,lasso,173,-0.000477578,2.78E-05
2024-4-5,1,lasso,174,-0.001535214,3.09E-05
2024-4-8,1,lasso,174,9.60E-05,3.09E-05
2024-4-9,1,lasso,174,0.010506305,3.09E-05
2024-4-10,1,lasso,174,0.000284995,3.09E-05
2024-4-11,1,lasso,174,0.007192914,3.09E-05
2024-4-12,1,lasso,174,0.001601885,3.09E-05
2024-4-15,1,lasso,174,0.000470655,3.09E-05
2024-4-16,1,lasso,174,-0.002921636,3.09E-05
2024-4-17,1,lasso,174,0.001885903,3.09E-05
2024-4-18,1,lasso,174,0,3.09E-05
2024-4-19,1,lasso,174,-0.000659662,3.09E-05
2024-4-22,1,lasso,174,-0.003777866,3.09E-05
2024-4-23,1,lasso,174,0.001701806,3.09E-05
2024-4-24,1,lasso,174,-0.002459095,3.09E-05
2024-4-25,1,lasso,174,0.003214525,3.09E-05
2024-4-26,1,lasso,174,-0.003403937,3.09E-05
2024-4-29,1,lasso,174,0.006043456,3.09E-05
2024-4-30,1,lasso,174,-0.004434597,3.09E-05
2024-5-1,1,lasso,174,-0.004264399,3.09E-05
2024-5-2,1,lasso,174,-0.002567396,3.09E-05
2024-5-3,1,lasso,174,0.000190404,3.09E-05
2024-5-6,1,lasso,174,0.003421081,3.09E-05
2024-5-7,1,lasso,174,0.001327266,3.09E-05
2024-5-8,1,lasso,174,-0.003036344,3.09E-05
2024-5-9,1,lasso,174,0.000664988,3.09E-05
2024-5-10,1,lasso,174,-0.000760023,3.09E-05
2024-5-13,1,lasso,174,-0.001997813,3.09E-05
2024-5-14,1,lasso,174,-0.00630495,3.09E-05
2024-5-15,1,lasso,174,0.001053589,3.09E-05
2024-5-16,1,lasso,174,-0.000191479,3.09E-05
2024-5-17,1,lasso,174,0.00124396,3.09E-05
2024-5-20,1,lasso,174,0.000860297,3.09E-05
2024-5-21,1,lasso,174,0.00257646,3.09E-05
2024-5-22,1,lasso,174,0.00171396,3.09E-05
2024-5-23,1,lasso,174,-0.003717299,3.09E-05
2024-5-24,1,lasso,174,-0.00114657,3.09E-05
2024-5-27,1,lasso,174,9.56E-05,3.09E-05
2024-5-28,1,lasso,174,0.004673129,3.09E-05
2024-5-29,1,lasso,174,-0.003622156,3.09E-05
2024-5-30,1,lasso,174,-0.000477578,3.09E-05
2024-5-31,1,lasso,174,-0.005076396,3.09E-05
2024-6-3,1,lasso,174,-0.000288115,3.09E-05
2024-6-4,1,lasso,174,0.001535656,3.09E-05
2024-6-5,1,lasso,174,-0.001631713,3.09E-05
2024-6-6,1,lasso,174,0.007560206,3.09E-05
2024-6-7,1,lasso,174,0.00247572,3.09E-05
2024-6-10,1,lasso,174,0.000760529,3.09E-05
2024-6-11,1,lasso,174,-0.005622543,3.09E-05
2024-6-12,1,lasso,174,0.005337413,3.09E-05
2024-6-13,1,lasso,174,0.003321474,3.09E-05
2024-6-14,1,lasso,174,-0.00218144,3.09E-05
2024-6-17,1,lasso,174,-0.000569855,3.09E-05
2024-6-18,1,lasso,174,-9.50E-05,3.09E-05
2024-6-19,1,lasso,174,0.003225197,3.09E-05
2024-6-20,1,lasso,174,0.00198685,3.09E-05
2024-6-21,1,lasso,174,-0.003123967,3.09E-05
2024-6-24,1,lasso,174,0.001326511,3.09E-05
2024-6-25,1,lasso,174,0.004157617,3.09E-05
2024-6-26,1,lasso,174,-0.001321004,3.09E-05
2024-6-27,1,lasso,174,-0.000377751,3.09E-05
2024-5-3,1,lasso,175,0.000190404,3.23E-05
2024-5-6,1,lasso,175,0.003421081,3.23E-05
2024-5-7,1,lasso,175,0.001327266,3.23E-05
2024-5-8,1,lasso,175,-0.003036344,3.23E-05
2024-5-9,1,lasso,175,0.000664988,3.23E-05
2024-5-10,1,lasso,175,-0.000760023,3.23E-05
2024-5-13,1,lasso,175,-0.001997813,3.23E-05
2024-5-14,1,lasso,175,-0.00630495,3.23E-05
2024-5-15,1,lasso,175,0.001053589,3.23E-05
2024-5-16,1,lasso,175,-0.000191479,3.23E-05
2024-5-17,1,lasso,175,0.00124396,3.23E-05
2024-5-20,1,lasso,175,0.000860297,3.23E-05
2024-5-21,1,lasso,175,0.00257646,3.23E-05
2024-5-22,1,lasso,175,0.00171396,3.23E-05
2024-5-23,1,lasso,175,-0.003717299,3.23E-05
2024-5-24,1,lasso,175,-0.00114657,3.23E-05
2024-5-27,1,lasso,175,9.56E-05,3.23E-05
2024-5-28,1,lasso,175,0.004673129,3.23E-05
2024-5-29,1,lasso,175,-0.003622156,3.23E-05
2024-5-30,1,lasso,175,-0.000477578,3.23E-05
2024-5-31,1,lasso,175,-0.005076396,3.23E-05
2024-6-3,1,lasso,175,-0.000288115,3.23E-05
2024-6-4,1,lasso,175,0.001535656,3.23E-05
2024-6-5,1,lasso,175,-0.001631713,3.23E-05
2024-6-6,1,lasso,175,0.007560206,3.23E-05
2024-6-7,1,lasso,175,0.00247572,3.23E-05
2024-6-10,1,lasso,175,0.000760529,3.23E-05
2024-6-11,1,lasso,175,-0.005622543,3.23E-05
2024-6-12,1,lasso,175,0.005337413,3.23E-05
2024-6-13,1,lasso,175,0.003321474,3.23E-05
2024-6-14,1,lasso,175,-0.00218144,3.23E-05
2024-6-17,1,lasso,175,-0.000569855,3.23E-05
2024-6-18,1,lasso,175,-9.50E-05,3.23E-05
2024-6-19,1,lasso,175,0.003225197,3.23E-05
2024-6-20,1,lasso,175,0.00198685,3.23E-05
2024-6-21,1,lasso,175,-0.003123967,3.23E-05
2024-6-24,1,lasso,175,0.001326511,3.23E-05
2024-6-25,1,lasso,175,0.004157617,3.23E-05
2024-6-26,1,lasso,175,-0.001321004,3.23E-05
2024-6-27,1,lasso,175,-0.000377751,3.23E-05
2024-6-28,1,lasso,175,0.000283326,3.23E-05
2024-7-1,1,lasso,175,-0.001701163,3.23E-05
2024-7-2,1,lasso,175,-0.003031454,3.23E-05
2024-7-3,1,lasso,175,-0.002564957,3.23E-05
2024-7-4,1,lasso,175,-0.00238084,3.23E-05
2024-7-5,1,lasso,175,0.001143511,3.23E-05
2024-7-8,1,lasso,175,0.001237329,3.23E-05
2024-7-9,1,lasso,175,-0.000761252,3.23E-05
2024-7-10,1,lasso,175,-0.005823683,3.23E-05
2024-7-11,1,lasso,175,-0.003356834,3.23E-05
2024-7-12,1,lasso,175,0.000960246,3.23E-05
2024-7-15,1,lasso,175,0.000767533,3.23E-05
2024-7-16,1,lasso,175,-0.00499953,3.23E-05
2024-7-17,1,lasso,175,0.004040021,3.23E-05
2024-7-18,1,lasso,175,0.002205495,3.23E-05
2024-7-19,1,lasso,175,-0.000862441,3.23E-05
2024-7-22,1,lasso,175,0.001341253,3.23E-05
2024-7-23,1,lasso,175,-0.000574603,3.23E-05
2024-7-24,1,lasso,175,-0.000287425,3.23E-05
2024-7-25,1,lasso,175,-0.000383362,3.23E-05
2024-5-31,1,lasso,176,-0.005076396,3.14E-05
2024-6-3,1,lasso,176,-0.000288115,3.14E-05
2024-6-4,1,lasso,176,0.001535656,3.14E-05
2024-6-5,1,lasso,176,-0.001631713,3.14E-05
2024-6-6,1,lasso,176,0.007560206,3.14E-05
2024-6-7,1,lasso,176,0.00247572,3.14E-05
2024-6-10,1,lasso,176,0.000760529,3.14E-05
2024-6-11,1,lasso,176,-0.005622543,3.14E-05
2024-6-12,1,lasso,176,0.005337413,3.14E-05
2024-6-13,1,lasso,176,0.003321474,3.14E-05
2024-6-14,1,lasso,176,-0.00218144,3.14E-05
2024-6-17,1,lasso,176,-0.000569855,3.14E-05
2024-6-18,1,lasso,176,-9.50E-05,3.14E-05
2024-6-19,1,lasso,176,0.003225197,3.14E-05
2024-6-20,1,lasso,176,0.00198685,3.14E-05
2024-6-21,1,lasso,176,-0.003123967,3.14E-05
2024-6-24,1,lasso,176,0.001326511,3.14E-05
2024-6-25,1,lasso,176,0.004157617,3.14E-05
2024-6-26,1,lasso,176,-0.001321004,3.14E-05
2024-6-27,1,lasso,176,-0.000377751,3.14E-05
2024-6-28,1,lasso,176,0.000283326,3.14E-05
2024-7-1,1,lasso,176,-0.001701163,3.14E-05
2024-7-2,1,lasso,176,-0.003031454,3.14E-05
2024-7-3,1,lasso,176,-0.002564957,3.14E-05
2024-7-4,1,lasso,176,-0.00238084,3.14E-05
2024-7-5,1,lasso,176,0.001143511,3.14E-05
2024-7-8,1,lasso,176,0.001237329,3.14E-05
2024-7-9,1,lasso,176,-0.000761252,3.14E-05
2024-7-10,1,lasso,176,-0.005823683,3.14E-05
2024-7-11,1,lasso,176,-0.003356834,3.14E-05
2024-7-12,1,lasso,176,0.000960246,3.14E-05
2024-7-15,1,lasso,176,0.000767533,3.14E-05
2024-7-16,1,lasso,176,-0.00499953,3.14E-05
2024-7-17,1,lasso,176,0.004040021,3.14E-05
2024-7-18,1,lasso,176,0.002205495,3.14E-05
2024-7-19,1,lasso,176,-0.000862441,3.14E-05
2024-7-22,1,lasso,176,0.001341253,3.14E-05
2024-7-23,1,lasso,176,-0.000574603,3.14E-05
2024-7-24,1,lasso,176,-0.000287425,3.14E-05
2024-7-25,1,lasso,176,-0.000383362,3.14E-05
2024-7-26,1,lasso,176,0.002297971,3.14E-05
2024-7-29,1,lasso,176,-9.56E-05,3.14E-05
2024-7-30,1,lasso,176,-0.00431345,3.14E-05
2024-7-31,1,lasso,176,0.003069252,3.14E-05
2024-8-1,1,lasso,176,-0.01165548,3.14E-05
2024-8-2,1,lasso,176,-0.005051006,3.14E-05
2024-8-5,1,lasso,176,0.002722942,3.14E-05
2024-8-6,1,lasso,176,0.002231169,3.14E-05
2024-8-7,1,lasso,176,9.69E-05,3.14E-05
2024-8-8,1,lasso,176,-0.000678459,3.14E-05
2024-8-9,1,lasso,176,0,3.14E-05
2024-8-12,1,lasso,176,-0.005639295,3.14E-05
2024-8-13,1,lasso,176,9.75E-05,3.14E-05
2024-8-14,1,lasso,176,0.003989302,3.14E-05
2024-8-15,1,lasso,176,-0.005062316,3.14E-05
2024-8-16,1,lasso,176,-0.005578679,3.14E-05
2024-8-19,1,lasso,176,-0.004426309,3.14E-05
2024-8-20,1,lasso,176,-0.003951013,3.14E-05
2024-8-21,1,lasso,176,0.004640838,3.14E-05
2024-8-22,1,lasso,176,-0.007812926,3.14E-05
2024-6-28,1,lasso,177,0.000283326,3.37E-05
2024-7-1,1,lasso,177,-0.001701163,3.37E-05
2024-7-2,1,lasso,177,-0.003031454,3.37E-05
2024-7-3,1,lasso,177,-0.002564957,3.37E-05
2024-7-4,1,lasso,177,-0.00238084,3.37E-05
2024-7-5,1,lasso,177,0.001143511,3.37E-05
2024-7-8,1,lasso,177,0.001237329,3.37E-05
2024-7-9,1,lasso,177,-0.000761252,3.37E-05
2024-7-10,1,lasso,177,-0.005823683,3.37E-05
2024-7-11,1,lasso,177,-0.003356834,3.37E-05
2024-7-12,1,lasso,177,0.000960246,3.37E-05
2024-7-15,1,lasso,177,0.000767533,3.37E-05
2024-7-16,1,lasso,177,-0.00499953,3.37E-05
2024-7-17,1,lasso,177,0.004040021,3.37E-05
2024-7-18,1,lasso,177,0.002205495,3.37E-05
2024-7-19,1,lasso,177,-0.000862441,3.37E-05
2024-7-22,1,lasso,177,0.001341253,3.37E-05
2024-7-23,1,lasso,177,-0.000574603,3.37E-05
2024-7-24,1,lasso,177,-0.000287425,3.37E-05
2024-7-25,1,lasso,177,-0.000383362,3.37E-05
2024-7-26,1,lasso,177,0.002297971,3.37E-05
2024-7-29,1,lasso,177,-9.56E-05,3.37E-05
2024-7-30,1,lasso,177,-0.00431345,3.37E-05
2024-7-31,1,lasso,177,0.003069252,3.37E-05
2024-8-1,1,lasso,177,-0.01165548,3.37E-05
2024-8-2,1,lasso,177,-0.005051006,3.37E-05
2024-8-5,1,lasso,177,0.002722942,3.37E-05
2024-8-6,1,lasso,177,0.002231169,3.37E-05
2024-8-7,1,lasso,177,9.69E-05,3.37E-05
2024-8-8,1,lasso,177,-0.000678459,3.37E-05
2024-8-9,1,lasso,177,0,3.37E-05
2024-8-12,1,lasso,177,-0.005639295,3.37E-05
2024-8-13,1,lasso,177,9.75E-05,3.37E-05
2024-8-14,1,lasso,177,0.003989302,3.37E-05
2024-8-15,1,lasso,177,-0.005062316,3.37E-05
2024-8-16,1,lasso,177,-0.005578679,3.37E-05
2024-8-19,1,lasso,177,-0.004426309,3.37E-05
2024-8-20,1,lasso,177,-0.003951013,3.37E-05
2024-8-21,1,lasso,177,0.004640838,3.37E-05
2024-8-22,1,lasso,177,-0.007812926,3.37E-05
2024-8-23,1,lasso,177,0.001289875,3.37E-05
2024-8-26,1,lasso,177,-0.002979148,3.37E-05
2024-8-27,1,lasso,177,0.005356093,3.37E-05
2024-8-28,1,lasso,177,0.002469991,3.37E-05
2024-8-29,1,lasso,177,0.003546103,3.37E-05
2024-8-30,1,lasso,177,-0.000491763,3.37E-05
2024-9-2,1,lasso,177,0.001671008,3.37E-05
2024-9-3,1,lasso,177,-0.004528012,3.37E-05
2024-9-4,1,lasso,177,-0.002469503,3.37E-05
2024-9-5,1,lasso,177,0.000692076,3.37E-05
2024-9-6,1,lasso,177,0.003650179,3.37E-05
2024-9-9,1,lasso,177,0.000787479,3.37E-05
2024-9-10,1,lasso,177,0.00049186,3.37E-05
2024-9-11,1,lasso,177,-0.003053437,3.37E-05
2024-9-12,1,lasso,177,-0.002568156,3.37E-05
2024-9-13,1,lasso,177,-0.003467582,3.37E-05
2024-9-16,1,lasso,177,0.001289363,3.37E-05
2024-9-17,1,lasso,177,-0.002878557,3.37E-05
2024-9-18,1,lasso,177,9.94E-05,3.37E-05
2024-9-19,1,lasso,177,0.001092733,3.37E-05
2024-7-26,1,lasso,178,0.002297971,3.04E-05
2024-7-29,1,lasso,178,-9.56E-05,3.04E-05
2024-7-30,1,lasso,178,-0.00431345,3.04E-05
2024-7-31,1,lasso,178,0.003069252,3.04E-05
2024-8-1,1,lasso,178,-0.01165548,3.04E-05
2024-8-2,1,lasso,178,-0.005051006,3.04E-05
2024-8-5,1,lasso,178,0.002722942,3.04E-05
2024-8-6,1,lasso,178,0.002231169,3.04E-05
2024-8-7,1,lasso,178,9.69E-05,3.04E-05
2024-8-8,1,lasso,178,-0.000678459,3.04E-05
2024-8-9,1,lasso,178,0,3.04E-05
2024-8-12,1,lasso,178,-0.005639295,3.04E-05
2024-8-13,1,lasso,178,9.75E-05,3.04E-05
2024-8-14,1,lasso,178,0.003989302,3.04E-05
2024-8-15,1,lasso,178,-0.005062316,3.04E-05
2024-8-16,1,lasso,178,-0.005578679,3.04E-05
2024-8-19,1,lasso,178,-0.004426309,3.04E-05
2024-8-20,1,lasso,178,-0.003951013,3.04E-05
2024-8-21,1,lasso,178,0.004640838,3.04E-05
2024-8-22,1,lasso,178,-0.007812926,3.04E-05
2024-8-23,1,lasso,178,0.001289875,3.04E-05
2024-8-26,1,lasso,178,-0.002979148,3.04E-05
2024-8-27,1,lasso,178,0.005356093,3.04E-05
2024-8-28,1,lasso,178,0.002469991,3.04E-05
2024-8-29,1,lasso,178,0.003546103,3.04E-05
2024-8-30,1,lasso,178,-0.000491763,3.04E-05
2024-9-2,1,lasso,178,0.001671008,3.04E-05
2024-9-3,1,lasso,178,-0.004528012,3.04E-05
2024-9-4,1,lasso,178,-0.002469503,3.04E-05
2024-9-5,1,lasso,178,0.000692076,3.04E-05
2024-9-6,1,lasso,178,0.003650179,3.04E-05
2024-9-9,1,lasso,178,0.000787479,3.04E-05
2024-9-10,1,lasso,178,0.00049186,3.04E-05
2024-9-11,1,lasso,178,-0.003053437,3.04E-05
2024-9-12,1,lasso,178,-0.002568156,3.04E-05
2024-9-13,1,lasso,178,-0.003467582,3.04E-05
2024-9-16,1,lasso,178,0.001289363,3.04E-05
2024-9-17,1,lasso,178,-0.002878557,3.04E-05
2024-9-18,1,lasso,178,9.94E-05,3.04E-05
2024-9-19,1,lasso,178,0.001092733,3.04E-05
2024-9-20,1,lasso,178,0.001289875,3.04E-05
2024-9-23,1,lasso,178,-0.003775089,3.04E-05
2024-9-24,1,lasso,178,0.004369855,3.04E-05
2024-9-25,1,lasso,178,-0.003872318,3.04E-05
2024-9-26,1,lasso,178,-0.001393728,3.04E-05
2024-9-27,1,lasso,178,0.003976939,3.04E-05
2024-9-30,1,lasso,178,0.004060014,3.04E-05
2024-10-1,1,lasso,178,0.004830689,3.04E-05
2024-10-2,1,lasso,178,0.003044142,3.04E-05
2024-10-3,1,lasso,178,0.005183132,3.04E-05
2024-10-4,1,lasso,178,0.000195065,3.04E-05
2024-10-7,1,lasso,178,9.75E-05,3.04E-05
2024-10-8,1,lasso,178,0.003698661,3.04E-05
2024-10-9,1,lasso,178,0.000582751,3.04E-05
2024-10-10,1,lasso,178,-0.00097144,3.04E-05
2024-10-11,1,lasso,178,0.00397692,3.04E-05
2024-10-14,1,lasso,178,-0.000387297,3.04E-05
2024-10-15,1,lasso,178,0.003190721,3.04E-05
2024-10-16,1,lasso,178,0.00221783,3.04E-05
2024-10-17,1,lasso,178,-0.003183641,3.04E-05
2024-8-23,1,lasso,179,0.001289875,2.30E-05
2024-8-26,1,lasso,179,-0.002979148,2.30E-05
2024-8-27,1,lasso,179,0.005356093,2.30E-05
2024-8-28,1,lasso,179,0.002469991,2.30E-05
2024-8-29,1,lasso,179,0.003546103,2.30E-05
2024-8-30,1,lasso,179,-0.000491763,2.30E-05
2024-9-2,1,lasso,179,0.001671008,2.30E-05
2024-9-3,1,lasso,179,-0.004528012,2.30E-05
2024-9-4,1,lasso,179,-0.002469503,2.30E-05
2024-9-5,1,lasso,179,0.000692076,2.30E-05
2024-9-6,1,lasso,179,0.003650179,2.30E-05
2024-9-9,1,lasso,179,0.000787479,2.30E-05
2024-9-10,1,lasso,179,0.00049186,2.30E-05
2024-9-11,1,lasso,179,-0.003053437,2.30E-05
2024-9-12,1,lasso,179,-0.002568156,2.30E-05
2024-9-13,1,lasso,179,-0.003467582,2.30E-05
2024-9-16,1,lasso,179,0.001289363,2.30E-05
2024-9-17,1,lasso,179,-0.002878557,2.30E-05
2024-9-18,1,lasso,179,9.94E-05,2.30E-05
2024-9-19,1,lasso,179,0.001092733,2.30E-05
2024-9-20,1,lasso,179,0.001289875,2.30E-05
2024-9-23,1,lasso,179,-0.003775089,2.30E-05
2024-9-24,1,lasso,179,0.004369855,2.30E-05
2024-9-25,1,lasso,179,-0.003872318,2.30E-05
2024-9-26,1,lasso,179,-0.001393728,2.30E-05
2024-9-27,1,lasso,179,0.003976939,2.30E-05
2024-9-30,1,lasso,179,0.004060014,2.30E-05
2024-10-1,1,lasso,179,0.004830689,2.30E-05
2024-10-2,1,lasso,179,0.003044142,2.30E-05
2024-10-3,1,lasso,179,0.005183132,2.30E-05
2024-10-4,1,lasso,179,0.000195065,2.30E-05
2024-10-7,1,lasso,179,9.75E-05,2.30E-05
2024-10-8,1,lasso,179,0.003698661,2.30E-05
2024-10-9,1,lasso,179,0.000582751,2.30E-05
2024-10-10,1,lasso,179,-0.00097144,2.30E-05
2024-10-11,1,lasso,179,0.00397692,2.30E-05
2024-10-14,1,lasso,179,-0.000387297,2.30E-05
2024-10-15,1,lasso,179,0.003190721,2.30E-05
2024-10-16,1,lasso,179,0.00221783,2.30E-05
2024-10-17,1,lasso,179,-0.003183641,2.30E-05
2024-10-18,1,lasso,179,0.005012059,2.30E-05
2024-10-21,1,lasso,179,0.000576701,2.30E-05
2024-10-22,1,lasso,179,0.003453241,2.30E-05
2024-10-23,1,lasso,179,-0.003549335,2.30E-05
2024-10-24,1,lasso,179,0.001920123,2.30E-05
2024-10-25,1,lasso,179,0.000575319,2.30E-05
2024-10-28,1,lasso,179,0,2.30E-05
2024-10-29,1,lasso,179,-0.003168358,2.30E-05
2024-10-30,1,lasso,179,-9.62E-05,2.30E-05
2024-10-31,1,lasso,179,0.002881016,2.30E-05
2024-11-1,1,lasso,179,-0.003746942,2.30E-05
2024-11-4,1,lasso,179,-0.00453428,2.30E-05
2024-11-5,1,lasso,179,0.016018759,2.30E-05
2024-11-6,1,lasso,179,-0.005534365,2.30E-05
2024-11-7,1,lasso,179,0.00467759,2.30E-05
2024-11-8,1,lasso,179,0.005129678,2.30E-05
2024-11-11,1,lasso,179,0.004537728,2.30E-05
2024-11-12,1,lasso,179,0.004329419,2.30E-05
2024-11-13,1,lasso,179,0.001782783,2.30E-05
2024-11-14,1,lasso,179,0.000187477,2.30E-05
2024-9-20,1,lasso,180,0.001289875,2.29E-05
2024-9-23,1,lasso,180,-0.003775089,2.29E-05
2024-9-24,1,lasso,180,0.004369855,2.29E-05
2024-9-25,1,lasso,180,-0.003872318,2.29E-05
2024-9-26,1,lasso,180,-0.001393728,2.29E-05
2024-9-27,1,lasso,180,0.003976939,2.29E-05
2024-9-30,1,lasso,180,0.004060014,2.29E-05
2024-10-1,1,lasso,180,0.004830689,2.29E-05
2024-10-2,1,lasso,180,0.003044142,2.29E-05
2024-10-3,1,lasso,180,0.005183132,2.29E-05
2024-10-4,1,lasso,180,0.000195065,2.29E-05
2024-10-7,1,lasso,180,9.75E-05,2.29E-05
2024-10-8,1,lasso,180,0.003698661,2.29E-05
2024-10-9,1,lasso,180,0.000582751,2.29E-05
2024-10-10,1,lasso,180,-0.00097144,2.29E-05
2024-10-11,1,lasso,180,0.00397692,2.29E-05
2024-10-14,1,lasso,180,-0.000387297,2.29E-05
2024-10-15,1,lasso,180,0.003190721,2.29E-05
2024-10-16,1,lasso,180,0.00221783,2.29E-05
2024-10-17,1,lasso,180,-0.003183641,2.29E-05
2024-10-18,1,lasso,180,0.005012059,2.29E-05
2024-10-21,1,lasso,180,0.000576701,2.29E-05
2024-10-22,1,lasso,180,0.003453241,2.29E-05
2024-10-23,1,lasso,180,-0.003549335,2.29E-05
2024-10-24,1,lasso,180,0.001920123,2.29E-05
2024-10-25,1,lasso,180,0.000575319,2.29E-05
2024-10-28,1,lasso,180,0,2.29E-05
2024-10-29,1,lasso,180,-0.003168358,2.29E-05
2024-10-30,1,lasso,180,-9.62E-05,2.29E-05
2024-10-31,1,lasso,180,0.002881016,2.29E-05
2024-11-1,1,lasso,180,-0.003746942,2.29E-05
2024-11-4,1,lasso,180,-0.00453428,2.29E-05
2024-11-5,1,lasso,180,0.016018759,2.29E-05
2024-11-6,1,lasso,180,-0.005534365,2.29E-05
2024-11-7,1,lasso,180,0.00467759,2.29E-05
2024-11-8,1,lasso,180,0.005129678,2.29E-05
2024-11-11,1,lasso,180,0.004537728,2.29E-05
2024-11-12,1,lasso,180,0.004329419,2.29E-05
2024-11-13,1,lasso,180,0.001782783,2.29E-05
2024-11-14,1,lasso,180,0.000187477,2.29E-05
2024-11-15,1,lasso,180,-0.003850312,2.29E-05
2024-11-18,1,lasso,180,-0.000658855,2.29E-05
2024-11-19,1,lasso,180,0.004415433,2.29E-05
2024-11-20,1,lasso,180,0.002714722,2.29E-05
2024-11-21,1,lasso,180,0.005407434,2.29E-05
2024-11-22,1,lasso,180,-0.006810681,2.29E-05
2024-11-25,1,lasso,180,0.001777113,2.29E-05
2024-11-26,1,lasso,180,-0.008728762,2.29E-05
2024-11-27,1,lasso,180,0.000565451,2.29E-05
2024-11-28,1,lasso,180,-0.003775727,2.29E-05
2024-11-29,1,lasso,180,0.006692141,2.29E-05
2024-12-2,1,lasso,180,-0.000845825,2.29E-05
2024-12-3,1,lasso,180,-0.000376152,2.29E-05
2024-12-4,1,lasso,180,-0.005753919,2.29E-05
2024-12-5,1,lasso,180,0.003305476,2.29E-05
2024-12-6,1,lasso,180,0.000754006,2.29E-05
2024-12-9,1,lasso,180,0.0024466,2.29E-05
2024-12-10,1,lasso,180,0.002909298,2.29E-05
2024-12-11,1,lasso,180,0.002340058,2.29E-05
2024-12-12,1,lasso,180,0.000373902,2.29E-05
2024-10-18,1,lasso,181,0.005012059,2.84E-05
2024-10-21,1,lasso,181,0.000576701,2.84E-05
2024-10-22,1,lasso,181,0.003453241,2.84E-05
2024-10-23,1,lasso,181,-0.003549335,2.84E-05
2024-10-24,1,lasso,181,0.001920123,2.84E-05
2024-10-25,1,lasso,181,0.000575319,2.84E-05
2024-10-28,1,lasso,181,0,2.84E-05
2024-10-29,1,lasso,181,-0.003168358,2.84E-05
2024-10-30,1,lasso,181,-9.62E-05,2.84E-05
2024-10-31,1,lasso,181,0.002881016,2.84E-05
2024-11-1,1,lasso,181,-0.003746942,2.84E-05
2024-11-4,1,lasso,181,-0.00453428,2.84E-05
2024-11-5,1,lasso,181,0.016018759,2.84E-05
2024-11-6,1,lasso,181,-0.005534365,2.84E-05
2024-11-7,1,lasso,181,0.00467759,2.84E-05
2024-11-8,1,lasso,181,0.005129678,2.84E-05
2024-11-11,1,lasso,181,0.004537728,2.84E-05
2024-11-12,1,lasso,181,0.004329419,2.84E-05
2024-11-13,1,lasso,181,0.001782783,2.84E-05
2024-11-14,1,lasso,181,0.000187477,2.84E-05
2024-11-15,1,lasso,181,-0.003850312,2.84E-05
2024-11-18,1,lasso,181,-0.000658855,2.84E-05
2024-11-19,1,lasso,181,0.004415433,2.84E-05
2024-11-20,1,lasso,181,0.002714722,2.84E-05
2024-11-21,1,lasso,181,0.005407434,2.84E-05
2024-11-22,1,lasso,181,-0.006810681,2.84E-05
2024-11-25,1,lasso,181,0.001777113,2.84E-05
2024-11-26,1,lasso,181,-0.008728762,2.84E-05
2024-11-27,1,lasso,181,0.000565451,2.84E-05
2024-11-28,1,lasso,181,-0.003775727,2.84E-05
2024-11-29,1,lasso,181,0.006692141,2.84E-05
2024-12-2,1,lasso,181,-0.000845825,2.84E-05
2024-12-3,1,lasso,181,-0.000376152,2.84E-05
2024-12-4,1,lasso,181,-0.005753919,2.84E-05
2024-12-5,1,lasso,181,0.003305476,2.84E-05
2024-12-6,1,lasso,181,0.000754006,2.84E-05
2024-12-9,1,lasso,181,0.0024466,2.84E-05
2024-12-10,1,lasso,181,0.002909298,2.84E-05
2024-12-11,1,lasso,181,0.002340058,2.84E-05
2024-12-12,1,lasso,181,0.000373902,2.84E-05
2024-12-13,1,lasso,181,-0.001309268,2.84E-05
2024-12-16,1,lasso,181,0.000935366,2.84E-05
2024-12-17,1,lasso,181,0.009954034,2.84E-05
2024-12-18,1,lasso,181,0.003511369,2.84E-05
2024-12-19,1,lasso,181,-0.007313832,2.84E-05
2024-12-20,1,lasso,181,0.003895025,2.84E-05
2024-12-23,1,lasso,181,0.001479837,2.84E-05
2024-12-24,1,lasso,181,-0.000647159,2.84E-05
2024-12-26,1,lasso,181,-0.00120298,2.84E-05
2024-12-27,1,lasso,181,0.00120298,2.84E-05
2024-12-30,1,lasso,181,0.003323796,2.84E-05
2024-12-31,1,lasso,181,0.008261475,2.84E-05
2025-1-2,1,lasso,181,-0.004030417,2.84E-05
2025-1-3,1,lasso,181,-0.00635332,2.84E-05
2025-1-6,1,lasso,181,0.002583027,2.84E-05
2025-1-7,1,lasso,181,0.005054461,2.84E-05
2025-1-8,1,lasso,181,0.000824667,2.84E-05
2025-1-9,1,lasso,181,0.004295579,2.84E-05
2025-1-10,1,lasso,181,0.002823188,2.84E-05
2025-1-13,1,lasso,181,-0.00629478,2.84E-05
2024-11-15,1,lasso,182,-0.003850312,3.46E-05
2024-11-18,1,lasso,182,-0.000658855,3.46E-05
2024-11-19,1,lasso,182,0.004415433,3.46E-05
2024-11-20,1,lasso,182,0.002714722,3.46E-05
2024-11-21,1,lasso,182,0.005407434,3.46E-05
2024-11-22,1,lasso,182,-0.006810681,3.46E-05
2024-11-25,1,lasso,182,0.001777113,3.46E-05
2024-11-26,1,lasso,182,-0.008728762,3.46E-05
2024-11-27,1,lasso,182,0.000565451,3.46E-05
2024-11-28,1,lasso,182,-0.003775727,3.46E-05
2024-11-29,1,lasso,182,0.006692141,3.46E-05
2024-12-2,1,lasso,182,-0.000845825,3.46E-05
2024-12-3,1,lasso,182,-0.000376152,3.46E-05
2024-12-4,1,lasso,182,-0.005753919,3.46E-05
2024-12-5,1,lasso,182,0.003305476,3.46E-05
2024-12-6,1,lasso,182,0.000754006,3.46E-05
2024-12-9,1,lasso,182,0.0024466,3.46E-05
2024-12-10,1,lasso,182,0.002909298,3.46E-05
2024-12-11,1,lasso,182,0.002340058,3.46E-05
2024-12-12,1,lasso,182,0.000373902,3.46E-05
2024-12-13,1,lasso,182,-0.001309268,3.46E-05
2024-12-16,1,lasso,182,0.000935366,3.46E-05
2024-12-17,1,lasso,182,0.009954034,3.46E-05
2024-12-18,1,lasso,182,0.003511369,3.46E-05
2024-12-19,1,lasso,182,-0.007313832,3.46E-05
2024-12-20,1,lasso,182,0.003895025,3.46E-05
2024-12-23,1,lasso,182,0.001479837,3.46E-05
2024-12-24,1,lasso,182,-0.000647159,3.46E-05
2024-12-26,1,lasso,182,-0.00120298,3.46E-05
2024-12-27,1,lasso,182,0.00120298,3.46E-05
2024-12-30,1,lasso,182,0.003323796,3.46E-05
2024-12-31,1,lasso,182,0.008261475,3.46E-05
2025-1-2,1,lasso,182,-0.004030417,3.46E-05
2025-1-3,1,lasso,182,-0.00635332,3.46E-05
2025-1-6,1,lasso,182,0.002583027,3.46E-05
2025-1-7,1,lasso,182,0.005054461,3.46E-05
2025-1-8,1,lasso,182,0.000824667,3.46E-05
2025-1-9,1,lasso,182,0.004295579,3.46E-05
2025-1-10,1,lasso,182,0.002823188,3.46E-05
2025-1-13,1,lasso,182,-0.00629478,3.46E-05
2025-1-14,1,lasso,182,-0.001648654,3.46E-05
2025-1-15,1,lasso,182,-0.001192387,3.46E-05
2025-1-16,1,lasso,182,0.003572905,3.46E-05
2025-1-17,1,lasso,182,0,3.46E-05
2025-1-20,1,lasso,182,-0.011867119,3.46E-05
2025-1-21,1,lasso,182,0.001017435,3.46E-05
2025-1-22,1,lasso,182,-0.001109981,3.46E-05
2025-1-23,1,lasso,182,-0.005661531,3.46E-05
2025-1-24,1,lasso,182,-0.000931185,3.46E-05
2025-1-27,1,lasso,182,0.004925432,3.46E-05
2025-1-28,1,lasso,182,0.001204429,3.46E-05
2025-1-29,1,lasso,182,-0.001853569,3.46E-05
2025-1-30,1,lasso,182,0.005273639,3.46E-05
2025-1-31,1,lasso,182,0.005704837,3.46E-05
2025-2-3,1,lasso,182,-0.009495347,3.46E-05
2025-2-4,1,lasso,182,-0.003526031,3.46E-05
2025-2-5,1,lasso,182,0.001021972,3.46E-05
2025-2-6,1,lasso,182,0.0032448,3.46E-05
2025-2-7,1,lasso,182,0.00258828,3.46E-05
2025-2-10,1,lasso,182,-0.003329021,3.46E-05
2024-12-13,1,lasso,183,-0.001309268,3.50E-05
2024-12-16,1,lasso,183,0.000935366,3.50E-05
2024-12-17,1,lasso,183,0.009954034,3.50E-05
2024-12-18,1,lasso,183,0.003511369,3.50E-05
2024-12-19,1,lasso,183,-0.007313832,3.50E-05
2024-12-20,1,lasso,183,0.003895025,3.50E-05
2024-12-23,1,lasso,183,0.001479837,3.50E-05
2024-12-24,1,lasso,183,-0.000647159,3.50E-05
2024-12-26,1,lasso,183,-0.00120298,3.50E-05
2024-12-27,1,lasso,183,0.00120298,3.50E-05
2024-12-30,1,lasso,183,0.003323796,3.50E-05
2024-12-31,1,lasso,183,0.008261475,3.50E-05
2025-1-2,1,lasso,183,-0.004030417,3.50E-05
2025-1-3,1,lasso,183,-0.00635332,3.50E-05
2025-1-6,1,lasso,183,0.002583027,3.50E-05
2025-1-7,1,lasso,183,0.005054461,3.50E-05
2025-1-8,1,lasso,183,0.000824667,3.50E-05
2025-1-9,1,lasso,183,0.004295579,3.50E-05
2025-1-10,1,lasso,183,0.002823188,3.50E-05
2025-1-13,1,lasso,183,-0.00629478,3.50E-05
2025-1-14,1,lasso,183,-0.001648654,3.50E-05
2025-1-15,1,lasso,183,-0.001192387,3.50E-05
2025-1-16,1,lasso,183,0.003572905,3.50E-05
2025-1-17,1,lasso,183,0,3.50E-05
2025-1-20,1,lasso,183,-0.011867119,3.50E-05
2025-1-21,1,lasso,183,0.001017435,3.50E-05
2025-1-22,1,lasso,183,-0.001109981,3.50E-05
2025-1-23,1,lasso,183,-0.005661531,3.50E-05
2025-1-24,1,lasso,183,-0.000931185,3.50E-05
2025-1-27,1,lasso,183,0.004925432,3.50E-05
2025-1-28,1,lasso,183,0.001204429,3.50E-05
2025-1-29,1,lasso,183,-0.001853569,3.50E-05
2025-1-30,1,lasso,183,0.005273639,3.50E-05
2025-1-31,1,lasso,183,0.005704837,3.50E-05
2025-2-3,1,lasso,183,-0.009495347,3.50E-05
2025-2-4,1,lasso,183,-0.003526031,3.50E-05
2025-2-5,1,lasso,183,0.001021972,3.50E-05
2025-2-6,1,lasso,183,0.0032448,3.50E-05
2025-2-7,1,lasso,183,0.00258828,3.50E-05
2025-2-10,1,lasso,183,-0.003329021,3.50E-05
2025-2-11,1,lasso,183,-0.000185271,3.50E-05
2025-2-12,1,lasso,183,-0.005853675,3.50E-05
2025-2-13,1,lasso,183,-0.005606967,3.50E-05
2025-2-14,1,lasso,183,-0.001312828,3.50E-05
2025-2-17,1,lasso,183,0.004493969,3.50E-05
2025-2-18,1,lasso,183,0.001120344,3.50E-05
2025-2-19,1,lasso,183,-0.007492776,3.50E-05
2025-2-20,1,lasso,183,0.002253734,3.50E-05
2025-2-21,1,lasso,183,-9.38E-05,3.50E-05
2025-2-24,1,lasso,183,-0.002724157,3.50E-05
2025-2-25,1,lasso,183,0.001034175,3.50E-05
2025-2-26,1,lasso,183,0.007675784,3.50E-05
2025-2-27,1,lasso,183,0.003444267,3.50E-05
2025-2-28,1,lasso,183,-0.008023928,3.50E-05
2025-3-3,1,lasso,183,-0.009506401,3.50E-05
2025-3-4,1,lasso,183,-0.013711889,3.50E-05
2025-3-5,1,lasso,183,-0.002303706,3.50E-05
2025-3-6,1,lasso,183,-0.002116403,3.50E-05
2025-3-7,1,lasso,183,0.001251143,3.50E-05
2025-3-10,1,lasso,183,-0.00656183,3.50E-05
2025-1-14,1,lasso,184,-0.001648654,3.92E-05
2025-1-15,1,lasso,184,-0.001192387,3.92E-05
2025-1-16,1,lasso,184,0.003572905,3.92E-05
2025-1-17,1,lasso,184,0,3.92E-05
2025-1-20,1,lasso,184,-0.011867119,3.92E-05
2025-1-21,1,lasso,184,0.001017435,3.92E-05
2025-1-22,1,lasso,184,-0.001109981,3.92E-05
2025-1-23,1,lasso,184,-0.005661531,3.92E-05
2025-1-24,1,lasso,184,-0.000931185,3.92E-05
2025-1-27,1,lasso,184,0.004925432,3.92E-05
2025-1-28,1,lasso,184,0.001204429,3.92E-05
2025-1-29,1,lasso,184,-0.001853569,3.92E-05
2025-1-30,1,lasso,184,0.005273639,3.92E-05
2025-1-31,1,lasso,184,0.005704837,3.92E-05
2025-2-3,1,lasso,184,-0.009495347,3.92E-05
2025-2-4,1,lasso,184,-0.003526031,3.92E-05
2025-2-5,1,lasso,184,0.001021972,3.92E-05
2025-2-6,1,lasso,184,0.0032448,3.92E-05
2025-2-7,1,lasso,184,0.00258828,3.92E-05
2025-2-10,1,lasso,184,-0.003329021,3.92E-05
2025-2-11,1,lasso,184,-0.000185271,3.92E-05
2025-2-12,1,lasso,184,-0.005853675,3.92E-05
2025-2-13,1,lasso,184,-0.005606967,3.92E-05
2025-2-14,1,lasso,184,-0.001312828,3.92E-05
2025-2-17,1,lasso,184,0.004493969,3.92E-05
2025-2-18,1,lasso,184,0.001120344,3.92E-05
2025-2-19,1,lasso,184,-0.007492776,3.92E-05
2025-2-20,1,lasso,184,0.002253734,3.92E-05
2025-2-21,1,lasso,184,-9.38E-05,3.92E-05
2025-2-24,1,lasso,184,-0.002724157,3.92E-05
2025-2-25,1,lasso,184,0.001034175,3.92E-05
2025-2-26,1,lasso,184,0.007675784,3.92E-05
2025-2-27,1,lasso,184,0.003444267,3.92E-05
2025-2-28,1,lasso,184,-0.008023928,3.92E-05
2025-3-3,1,lasso,184,-0.009506401,3.92E-05
2025-3-4,1,lasso,184,-0.013711889,3.92E-05
2025-3-5,1,lasso,184,-0.002303706,3.92E-05
2025-3-6,1,lasso,184,-0.002116403,3.92E-05
2025-3-7,1,lasso,184,0.001251143,3.92E-05
2025-3-10,1,lasso,184,-0.00656183,3.92E-05
2025-3-11,1,lasso,184,0.003093284,3.92E-05
2025-3-12,1,lasso,184,0.002121096,3.92E-05
2025-3-13,1,lasso,184,-0.001059986,3.92E-05
2025-3-14,1,lasso,184,-0.003380176,3.92E-05
2025-3-17,1,lasso,184,-0.00125841,3.92E-05
2025-3-18,1,lasso,184,0.001838681,3.92E-05
2025-3-19,1,lasso,184,0.004052495,3.92E-05
2025-3-20,1,lasso,184,0.002308359,3.92E-05
2025-3-21,1,lasso,184,0.00163187,3.92E-05
2025-3-24,1,lasso,184,-0.000767607,3.92E-05
2025-3-25,1,lasso,184,0.003545254,3.92E-05
2025-3-26,1,lasso,184,-0.002106473,3.92E-05
2025-3-27,1,lasso,184,-0.002783512,3.92E-05
2025-3-28,1,lasso,184,0.001632653,3.92E-05
2025-3-31,1,lasso,184,0.000479685,3.92E-05
2025-4-1,1,lasso,184,-0.004325474,3.92E-05
2025-4-2,1,lasso,184,-0.016903453,3.92E-05
2025-4-3,1,lasso,184,0.009264292,3.92E-05
2025-4-4,1,lasso,184,0.002326935,3.92E-05
2025-4-7,1,lasso,184,-0.002909516,3.92E-05
2025-2-11,1,lasso,185,-0.000185271,3.66E-05
2025-2-12,1,lasso,185,-0.005853675,3.66E-05
2025-2-13,1,lasso,185,-0.005606967,3.66E-05
2025-2-14,1,lasso,185,-0.001312828,3.66E-05
2025-2-17,1,lasso,185,0.004493969,3.66E-05
2025-2-18,1,lasso,185,0.001120344,3.66E-05
2025-2-19,1,lasso,185,-0.007492776,3.66E-05
2025-2-20,1,lasso,185,0.002253734,3.66E-05
2025-2-21,1,lasso,185,-9.38E-05,3.66E-05
2025-2-24,1,lasso,185,-0.002724157,3.66E-05
2025-2-25,1,lasso,185,0.001034175,3.66E-05
2025-2-26,1,lasso,185,0.007675784,3.66E-05
2025-2-27,1,lasso,185,0.003444267,3.66E-05
2025-2-28,1,lasso,185,-0.008023928,3.66E-05
2025-3-3,1,lasso,185,-0.009506401,3.66E-05
2025-3-4,1,lasso,185,-0.013711889,3.66E-05
2025-3-5,1,lasso,185,-0.002303706,3.66E-05
2025-3-6,1,lasso,185,-0.002116403,3.66E-05
2025-3-7,1,lasso,185,0.001251143,3.66E-05
2025-3-10,1,lasso,185,-0.00656183,3.66E-05
2025-3-11,1,lasso,185,0.003093284,3.66E-05
2025-3-12,1,lasso,185,0.002121096,3.66E-05
2025-3-13,1,lasso,185,-0.001059986,3.66E-05
2025-3-14,1,lasso,185,-0.003380176,3.66E-05
2025-3-17,1,lasso,185,-0.00125841,3.66E-05
2025-3-18,1,lasso,185,0.001838681,3.66E-05
2025-3-19,1,lasso,185,0.004052495,3.66E-05
2025-3-20,1,lasso,185,0.002308359,3.66E-05
2025-3-21,1,lasso,185,0.00163187,3.66E-05
2025-3-24,1,lasso,185,-0.000767607,3.66E-05
2025-3-25,1,lasso,185,0.003545254,3.66E-05
2025-3-26,1,lasso,185,-0.002106473,3.66E-05
2025-3-27,1,lasso,185,-0.002783512,3.66E-05
2025-3-28,1,lasso,185,0.001632653,3.66E-05
2025-3-31,1,lasso,185,0.000479685,3.66E-05
2025-4-1,1,lasso,185,-0.004325474,3.66E-05
2025-4-2,1,lasso,185,-0.016903453,3.66E-05
2025-4-3,1,lasso,185,0.009264292,3.66E-05
2025-4-4,1,lasso,185,0.002326935,3.66E-05
2025-4-7,1,lasso,185,-0.002909516,3.66E-05
2025-4-8,1,lasso,185,-0.00058292,3.66E-05
2025-4-9,1,lasso,185,-0.019925084,3.66E-05
2025-4-10,1,lasso,185,-0.007662873,3.66E-05
2025-4-11,1,lasso,185,-0.004605996,3.66E-05
2025-4-14,1,lasso,185,0.005704294,3.66E-05
2025-4-15,1,lasso,185,-0.008317098,3.66E-05
2025-4-16,1,lasso,185,0,3.66E-05
2025-4-17,1,lasso,185,-0.011130339,3.66E-05
2025-4-21,1,lasso,185,0.006490895,3.66E-05
2025-4-22,1,lasso,185,0.009257462,3.66E-05
2025-4-23,1,lasso,185,-0.004618018,3.66E-05
2025-4-24,1,lasso,185,0.000905205,3.66E-05
2025-4-25,1,lasso,185,-0.004635236,3.66E-05
2025-4-28,1,lasso,185,0.002320304,3.66E-05
2025-4-29,1,lasso,185,0.002314932,3.66E-05
2025-4-30,1,lasso,185,0.007810975,3.66E-05
2025-5-1,1,lasso,185,-0.002196925,3.66E-05
2025-5-2,1,lasso,185,-0.002001402,3.66E-05
2025-5-5,1,lasso,185,-0.005927581,3.66E-05
2025-5-6,1,lasso,185,0.003721402,3.66E-05
2025-3-11,1,lasso,186,0.003093284,2.74E-05
2025-3-12,1,lasso,186,0.002121096,2.74E-05
2025-3-13,1,lasso,186,-0.001059986,2.74E-05
2025-3-14,1,lasso,186,-0.003380176,2.74E-05
2025-3-17,1,lasso,186,-0.00125841,2.74E-05
2025-3-18,1,lasso,186,0.001838681,2.74E-05
2025-3-19,1,lasso,186,0.004052495,2.74E-05
2025-3-20,1,lasso,186,0.002308359,2.74E-05
2025-3-21,1,lasso,186,0.00163187,2.74E-05
2025-3-24,1,lasso,186,-0.000767607,2.74E-05
2025-3-25,1,lasso,186,0.003545254,2.74E-05
2025-3-26,1,lasso,186,-0.002106473,2.74E-05
2025-3-27,1,lasso,186,-0.002783512,2.74E-05
2025-3-28,1,lasso,186,0.001632653,2.74E-05
2025-3-31,1,lasso,186,0.000479685,2.74E-05
2025-4-1,1,lasso,186,-0.004325474,2.74E-05
2025-4-2,1,lasso,186,-0.016903453,2.74E-05
2025-4-3,1,lasso,186,0.009264292,2.74E-05
2025-4-4,1,lasso,186,0.002326935,2.74E-05
2025-4-7,1,lasso,186,-0.002909516,2.74E-05
2025-4-8,1,lasso,186,-0.00058292,2.74E-05
2025-4-9,1,lasso,186,-0.019925084,2.74E-05
2025-4-10,1,lasso,186,-0.007662873,2.74E-05
2025-4-11,1,lasso,186,-0.004605996,2.74E-05
2025-4-14,1,lasso,186,0.005704294,2.74E-05
2025-4-15,1,lasso,186,-0.008317098,2.74E-05
2025-4-16,1,lasso,186,0,2.74E-05
2025-4-17,1,lasso,186,-0.011130339,2.74E-05
2025-4-21,1,lasso,186,0.006490895,2.74E-05
2025-4-22,1,lasso,186,0.009257462,2.74E-05
2025-4-23,1,lasso,186,-0.004618018,2.74E-05
2025-4-24,1,lasso,186,0.000905205,2.74E-05
2025-4-25,1,lasso,186,-0.004635236,2.74E-05
2025-4-28,1,lasso,186,0.002320304,2.74E-05
2025-4-29,1,lasso,186,0.002314932,2.74E-05
2025-4-30,1,lasso,186,0.007810975,2.74E-05
2025-5-1,1,lasso,186,-0.002196925,2.74E-05
2025-5-2,1,lasso,186,-0.002001402,2.74E-05
2025-5-5,1,lasso,186,-0.005927581,2.74E-05
2025-5-6,1,lasso,186,0.003721402,2.74E-05
2025-5-7,1,lasso,186,0.010287232,2.74E-05
2025-5-8,1,lasso,186,-0.002985374,2.74E-05
2025-5-9,1,lasso,186,0.014347448,2.74E-05
2025-5-12,1,lasso,186,-0.007791351,2.74E-05
2025-5-13,1,lasso,186,0.000395961,2.74E-05
2025-5-14,1,lasso,186,-0.001584786,2.74E-05
2025-5-15,1,lasso,186,0.002079518,2.74E-05
2025-5-16,1,lasso,186,-0.006550242,2.74E-05
2025-5-19,1,lasso,186,-0.003091501,2.74E-05
2025-5-20,1,lasso,186,-0.005608989,2.74E-05
2025-5-21,1,lasso,186,0.004009628,2.74E-05
2025-5-22,1,lasso,186,-0.008539762,2.74E-05
2025-5-23,1,lasso,186,0,2.74E-05
2025-5-26,1,lasso,186,0.004128285,2.74E-05
2025-5-27,1,lasso,186,0.003610836,2.74E-05
2025-5-28,1,lasso,186,-0.006025325,2.74E-05
2025-5-29,1,lasso,186,0.000503499,2.74E-05
2025-5-30,1,lasso,186,-0.006261382,2.74E-05
2025-6-2,1,lasso,186,0.005254129,2.74E-05
2025-6-3,1,lasso,186,-0.004444003,2.74E-05
2025-4-8,1,lasso,187,-0.00058292,2.67E-05
2025-4-9,1,lasso,187,-0.019925084,2.67E-05
2025-4-10,1,lasso,187,-0.007662873,2.67E-05
2025-4-11,1,lasso,187,-0.004605996,2.67E-05
2025-4-14,1,lasso,187,0.005704294,2.67E-05
2025-4-15,1,lasso,187,-0.008317098,2.67E-05
2025-4-16,1,lasso,187,0,2.67E-05
2025-4-17,1,lasso,187,-0.011130339,2.67E-05
2025-4-21,1,lasso,187,0.006490895,2.67E-05
2025-4-22,1,lasso,187,0.009257462,2.67E-05
2025-4-23,1,lasso,187,-0.004618018,2.67E-05
2025-4-24,1,lasso,187,0.000905205,2.67E-05
2025-4-25,1,lasso,187,-0.004635236,2.67E-05
2025-4-28,1,lasso,187,0.002320304,2.67E-05
2025-4-29,1,lasso,187,0.002314932,2.67E-05
2025-4-30,1,lasso,187,0.007810975,2.67E-05
2025-5-1,1,lasso,187,-0.002196925,2.67E-05
2025-5-2,1,lasso,187,-0.002001402,2.67E-05
2025-5-5,1,lasso,187,-0.005927581,2.67E-05
2025-5-6,1,lasso,187,0.003721402,2.67E-05
2025-5-7,1,lasso,187,0.010287232,2.67E-05
2025-5-8,1,lasso,187,-0.002985374,2.67E-05
2025-5-9,1,lasso,187,0.014347448,2.67E-05
2025-5-12,1,lasso,187,-0.007791351,2.67E-05
2025-5-13,1,lasso,187,0.000395961,2.67E-05
2025-5-14,1,lasso,187,-0.001584786,2.67E-05
2025-5-15,1,lasso,187,0.002079518,2.67E-05
2025-5-16,1,lasso,187,-0.006550242,2.67E-05
2025-5-19,1,lasso,187,-0.003091501,2.67E-05
2025-5-20,1,lasso,187,-0.005608989,2.67E-05
2025-5-21,1,lasso,187,0.004009628,2.67E-05
2025-5-22,1,lasso,187,-0.008539762,2.67E-05
2025-5-23,1,lasso,187,0,2.67E-05
2025-5-26,1,lasso,187,0.004128285,2.67E-05
2025-5-27,1,lasso,187,0.003610836,2.67E-05
2025-5-28,1,lasso,187,-0.006025325,2.67E-05
2025-5-29,1,lasso,187,0.000503499,2.67E-05
2025-5-30,1,lasso,187,-0.006261382,2.67E-05
2025-6-2,1,lasso,187,0.005254129,2.67E-05
2025-6-3,1,lasso,187,-0.004444003,2.67E-05
2025-6-4,1,lasso,187,-0.000506252,2.67E-05
2025-6-5,1,lasso,187,0.00454707,2.67E-05
2025-6-6,1,lasso,187,-0.002523597,2.67E-05
2025-6-9,1,lasso,187,0.001615836,2.67E-05
2025-6-10,1,lasso,187,-0.004753966,2.67E-05
2025-6-11,1,lasso,187,-0.007224656,2.67E-05
2025-6-12,1,lasso,187,0.00265171,2.67E-05
2025-6-13,1,lasso,187,-0.00183505,2.67E-05
2025-6-16,1,lasso,187,0.008332535,2.67E-05
2025-6-17,1,lasso,187,0.000809225,2.67E-05
2025-6-18,1,lasso,187,0,2.67E-05
2025-6-19,1,lasso,187,-0.00192298,2.67E-05
2025-6-20,1,lasso,187,-0.002942223,2.67E-05
2025-6-23,1,lasso,187,-0.00570615,2.67E-05
2025-6-24,1,lasso,187,-0.001841056,2.67E-05
2025-6-25,1,lasso,187,-0.005440654,2.67E-05
2025-6-26,1,lasso,187,0.002570035,2.67E-05
2025-6-27,1,lasso,187,-0.005353111,2.67E-05
2025-6-30,1,lasso,187,-0.000619515,2.67E-05
2025-7-1,1,lasso,187,-0.000413223,2.67E-05
2025-5-7,1,lasso,188,0.010287232,1.99E-05
2025-5-8,1,lasso,188,-0.002985374,1.99E-05
2025-5-9,1,lasso,188,0.014347448,1.99E-05
2025-5-12,1,lasso,188,-0.007791351,1.99E-05
2025-5-13,1,lasso,188,0.000395961,1.99E-05
2025-5-14,1,lasso,188,-0.001584786,1.99E-05
2025-5-15,1,lasso,188,0.002079518,1.99E-05
2025-5-16,1,lasso,188,-0.006550242,1.99E-05
2025-5-19,1,lasso,188,-0.003091501,1.99E-05
2025-5-20,1,lasso,188,-0.005608989,1.99E-05
2025-5-21,1,lasso,188,0.004009628,1.99E-05
2025-5-22,1,lasso,188,-0.008539762,1.99E-05
2025-5-23,1,lasso,188,0,1.99E-05
2025-5-26,1,lasso,188,0.004128285,1.99E-05
2025-5-27,1,lasso,188,0.003610836,1.99E-05
2025-5-28,1,lasso,188,-0.006025325,1.99E-05
2025-5-29,1,lasso,188,0.000503499,1.99E-05
2025-5-30,1,lasso,188,-0.006261382,1.99E-05
2025-6-2,1,lasso,188,0.005254129,1.99E-05
2025-6-3,1,lasso,188,-0.004444003,1.99E-05
2025-6-4,1,lasso,188,-0.000506252,1.99E-05
2025-6-5,1,lasso,188,0.00454707,1.99E-05
2025-6-6,1,lasso,188,-0.002523597,1.99E-05
2025-6-9,1,lasso,188,0.001615836,1.99E-05
2025-6-10,1,lasso,188,-0.004753966,1.99E-05
2025-6-11,1,lasso,188,-0.007224656,1.99E-05
2025-6-12,1,lasso,188,0.00265171,1.99E-05
2025-6-13,1,lasso,188,-0.00183505,1.99E-05
2025-6-16,1,lasso,188,0.008332535,1.99E-05
2025-6-17,1,lasso,188,0.000809225,1.99E-05
2025-6-18,1,lasso,188,0,1.99E-05
2025-6-19,1,lasso,188,-0.00192298,1.99E-05
2025-6-20,1,lasso,188,-0.002942223,1.99E-05
2025-6-23,1,lasso,188,-0.00570615,1.99E-05
2025-6-24,1,lasso,188,-0.001841056,1.99E-05
2025-6-25,1,lasso,188,-0.005440654,1.99E-05
2025-6-26,1,lasso,188,0.002570035,1.99E-05
2025-6-27,1,lasso,188,-0.005353111,1.99E-05
2025-6-30,1,lasso,188,-0.000619515,1.99E-05
2025-7-1,1,lasso,188,-0.000413223,1.99E-05
2025-7-2,1,lasso,188,0.004124568,1.99E-05
2025-7-3,1,lasso,188,-0.002266407,1.99E-05
2025-7-4,1,lasso,188,0.005348706,1.99E-05
2025-7-7,1,lasso,188,0.000410256,1.99E-05
2025-7-8,1,lasso,188,0.000410088,1.99E-05
2025-7-9,1,lasso,188,0.000922084,1.99E-05
2025-7-10,1,lasso,188,0.002046037,1.99E-05
2025-7-11,1,lasso,188,0.002347778,1.99E-05
2025-7-14,1,lasso,188,0.005490609,1.99E-05
2025-7-15,1,lasso,188,-0.002334908,1.99E-05
2025-7-16,1,lasso,188,0.003449679,1.99E-05
2025-7-17,1,lasso,188,-0.00253537,1.99E-05
2025-7-18,1,lasso,188,-0.006417788,1.99E-05
2025-7-21,1,lasso,188,-0.004712158,1.99E-05
2025-7-22,1,lasso,188,-0.001849949,1.99E-05
2025-7-23,1,lasso,188,0.001747264,1.99E-05
2025-7-24,1,lasso,188,0.002666395,1.99E-05
2025-7-25,1,lasso,188,0.010088229,1.99E-05
2025-7-28,1,lasso,188,0.002632646,1.99E-05
2025-7-29,1,lasso,188,0.009360443,1.99E-05
2025-6-4,1,lasso,189,-0.000506252,1.82E-05
2025-6-5,1,lasso,189,0.00454707,1.82E-05
2025-6-6,1,lasso,189,-0.002523597,1.82E-05
2025-6-9,1,lasso,189,0.001615836,1.82E-05
2025-6-10,1,lasso,189,-0.004753966,1.82E-05
2025-6-11,1,lasso,189,-0.007224656,1.82E-05
2025-6-12,1,lasso,189,0.00265171,1.82E-05
2025-6-13,1,lasso,189,-0.00183505,1.82E-05
2025-6-16,1,lasso,189,0.008332535,1.82E-05
2025-6-17,1,lasso,189,0.000809225,1.82E-05
2025-6-18,1,lasso,189,0,1.82E-05
2025-6-19,1,lasso,189,-0.00192298,1.82E-05
2025-6-20,1,lasso,189,-0.002942223,1.82E-05
2025-6-23,1,lasso,189,-0.00570615,1.82E-05
2025-6-24,1,lasso,189,-0.001841056,1.82E-05
2025-6-25,1,lasso,189,-0.005440654,1.82E-05
2025-6-26,1,lasso,189,0.002570035,1.82E-05
2025-6-27,1,lasso,189,-0.005353111,1.82E-05
2025-6-30,1,lasso,189,-0.000619515,1.82E-05
2025-7-1,1,lasso,189,-0.000413223,1.82E-05
2025-7-2,1,lasso,189,0.004124568,1.82E-05
2025-7-3,1,lasso,189,-0.002266407,1.82E-05
2025-7-4,1,lasso,189,0.005348706,1.82E-05
2025-7-7,1,lasso,189,0.000410256,1.82E-05
2025-7-8,1,lasso,189,0.000410088,1.82E-05
2025-7-9,1,lasso,189,0.000922084,1.82E-05
2025-7-10,1,lasso,189,0.002046037,1.82E-05
2025-7-11,1,lasso,189,0.002347778,1.82E-05
2025-7-14,1,lasso,189,0.005490609,1.82E-05
2025-7-15,1,lasso,189,-0.002334908,1.82E-05
2025-7-16,1,lasso,189,0.003449679,1.82E-05
2025-7-17,1,lasso,189,-0.00253537,1.82E-05
2025-7-18,1,lasso,189,-0.006417788,1.82E-05
2025-7-21,1,lasso,189,-0.004712158,1.82E-05
2025-7-22,1,lasso,189,-0.001849949,1.82E-05
2025-7-23,1,lasso,189,0.001747264,1.82E-05
2025-7-24,1,lasso,189,0.002666395,1.82E-05
2025-7-25,1,lasso,189,0.010088229,1.82E-05
2025-7-28,1,lasso,189,0.002632646,1.82E-05
2025-7-29,1,lasso,189,0.009360443,1.82E-05
2025-7-30,1,lasso,189,0.001501577,1.82E-05
2025-7-31,1,lasso,189,-0.008337148,1.82E-05
2025-8-1,1,lasso,189,-0.003637837,1.82E-05
2025-8-4,1,lasso,189,0,1.82E-05
2025-8-5,1,lasso,189,-0.006092626,1.82E-05
2025-8-6,1,lasso,189,0.002238275,1.82E-05
2025-8-7,1,lasso,189,-0.002238275,1.82E-05
2025-8-8,1,lasso,189,0.003457045,1.82E-05
2025-8-11,1,lasso,189,-0.004272207,1.82E-05
2025-8-12,1,lasso,189,-0.002653875,1.82E-05
2025-8-13,1,lasso,189,0.004181759,1.82E-05
2025-8-14,1,lasso,189,-0.004079557,1.82E-05
2025-8-15,1,lasso,189,0.003264976,1.82E-05
2025-8-18,1,lasso,189,0.000916357,1.82E-05
2025-8-19,1,lasso,189,-0.000407166,1.82E-05
2025-8-20,1,lasso,189,0.00406422,1.82E-05
2025-8-21,1,lasso,189,-0.009167834,1.82E-05
2025-8-22,1,lasso,189,0.007239389,1.82E-05
2025-8-25,1,lasso,189,-0.002135775,1.82E-05
2025-8-26,1,lasso,189,0.000101807,1.82E-05
2025-7-2,1,lasso,190,0.004124568,1.40E-05
2025-7-3,1,lasso,190,-0.002266407,1.40E-05
2025-7-4,1,lasso,190,0.005348706,1.40E-05
2025-7-7,1,lasso,190,0.000410256,1.40E-05
2025-7-8,1,lasso,190,0.000410088,1.40E-05
2025-7-9,1,lasso,190,0.000922084,1.40E-05
2025-7-10,1,lasso,190,0.002046037,1.40E-05
2025-7-11,1,lasso,190,0.002347778,1.40E-05
2025-7-14,1,lasso,190,0.005490609,1.40E-05
2025-7-15,1,lasso,190,-0.002334908,1.40E-05
2025-7-16,1,lasso,190,0.003449679,1.40E-05
2025-7-17,1,lasso,190,-0.00253537,1.40E-05
2025-7-18,1,lasso,190,-0.006417788,1.40E-05
2025-7-21,1,lasso,190,-0.004712158,1.40E-05
2025-7-22,1,lasso,190,-0.001849949,1.40E-05
2025-7-23,1,lasso,190,0.001747264,1.40E-05
2025-7-24,1,lasso,190,0.002666395,1.40E-05
2025-7-25,1,lasso,190,0.010088229,1.40E-05
2025-7-28,1,lasso,190,0.002632646,1.40E-05
2025-7-29,1,lasso,190,0.009360443,1.40E-05
2025-7-30,1,lasso,190,0.001501577,1.40E-05
2025-7-31,1,lasso,190,-0.008337148,1.40E-05
2025-8-1,1,lasso,190,-0.003637837,1.40E-05
2025-8-4,1,lasso,190,0,1.40E-05
2025-8-5,1,lasso,190,-0.006092626,1.40E-05
2025-8-6,1,lasso,190,0.002238275,1.40E-05
2025-8-7,1,lasso,190,-0.002238275,1.40E-05
2025-8-8,1,lasso,190,0.003457045,1.40E-05
2025-8-11,1,lasso,190,-0.004272207,1.40E-05
2025-8-12,1,lasso,190,-0.002653875,1.40E-05
2025-8-13,1,lasso,190,0.004181759,1.40E-05
2025-8-14,1,lasso,190,-0.004079557,1.40E-05
2025-8-15,1,lasso,190,0.003264976,1.40E-05
2025-8-18,1,lasso,190,0.000916357,1.40E-05
2025-8-19,1,lasso,190,-0.000407166,1.40E-05
2025-8-20,1,lasso,190,0.00406422,1.40E-05
2025-8-21,1,lasso,190,-0.009167834,1.40E-05
2025-8-22,1,lasso,190,0.007239389,1.40E-05
2025-8-25,1,lasso,190,-0.002135775,1.40E-05
2025-8-26,1,lasso,190,0.000101807,1.40E-05
2025-8-27,1,lasso,190,-0.004284846,1.40E-05
2025-8-28,1,lasso,190,-0.00040904,1.40E-05
2025-8-29,1,lasso,190,0,1.40E-05
2025-9-1,1,lasso,190,0.006423023,1.40E-05
2025-9-2,1,lasso,190,-0.002645773,1.40E-05
2025-9-3,1,lasso,190,0.002137514,1.40E-05
2025-9-4,1,lasso,190,-0.005914763,1.40E-05
2025-9-5,1,lasso,190,-0.003278356,1.40E-05
2025-9-8,1,lasso,190,0.003482896,1.40E-05
2025-9-9,1,lasso,190,-0.000102265,1.40E-05
2025-9-10,1,lasso,190,-0.002560034,1.40E-05
2025-9-11,1,lasso,190,0.000205044,1.40E-05
2025-9-12,1,lasso,190,-0.002566078,1.40E-05
2025-9-15,1,lasso,190,-0.006909737,1.40E-05
2025-9-16,1,lasso,190,0.002480621,1.40E-05
2025-9-17,1,lasso,190,0.004942858,1.40E-05
2025-9-18,1,lasso,190,0.002974514,1.40E-05
2025-9-19,1,lasso,190,-0.003077241,1.40E-05
2025-9-22,1,lasso,190,-0.000822199,1.40E-05
2025-9-23,1,lasso,190,0.006252262,1.40E-05
2025-7-30,1,lasso,191,0.001501577,2.01E-05
2025-7-31,1,lasso,191,-0.008337148,2.01E-05
2025-8-1,1,lasso,191,-0.003637837,2.01E-05
2025-8-4,1,lasso,191,0,2.01E-05
2025-8-5,1,lasso,191,-0.006092626,2.01E-05
2025-8-6,1,lasso,191,0.002238275,2.01E-05
2025-8-7,1,lasso,191,-0.002238275,2.01E-05
2025-8-8,1,lasso,191,0.003457045,2.01E-05
2025-8-11,1,lasso,191,-0.004272207,2.01E-05
2025-8-12,1,lasso,191,-0.002653875,2.01E-05
2025-8-13,1,lasso,191,0.004181759,2.01E-05
2025-8-14,1,lasso,191,-0.004079557,2.01E-05
2025-8-15,1,lasso,191,0.003264976,2.01E-05
2025-8-18,1,lasso,191,0.000916357,2.01E-05
2025-8-19,1,lasso,191,-0.000407166,2.01E-05
2025-8-20,1,lasso,191,0.00406422,2.01E-05
2025-8-21,1,lasso,191,-0.009167834,2.01E-05
2025-8-22,1,lasso,191,0.007239389,2.01E-05
2025-8-25,1,lasso,191,-0.002135775,2.01E-05
2025-8-26,1,lasso,191,0.000101807,2.01E-05
2025-8-27,1,lasso,191,-0.004284846,2.01E-05
2025-8-28,1,lasso,191,-0.00040904,2.01E-05
2025-8-29,1,lasso,191,0,2.01E-05
2025-9-1,1,lasso,191,0.006423023,2.01E-05
2025-9-2,1,lasso,191,-0.002645773,2.01E-05
2025-9-3,1,lasso,191,0.002137514,2.01E-05
2025-9-4,1,lasso,191,-0.005914763,2.01E-05
2025-9-5,1,lasso,191,-0.003278356,2.01E-05
2025-9-8,1,lasso,191,0.003482896,2.01E-05
2025-9-9,1,lasso,191,-0.000102265,2.01E-05
2025-9-10,1,lasso,191,-0.002560034,2.01E-05
2025-9-11,1,lasso,191,0.000205044,2.01E-05
2025-9-12,1,lasso,191,-0.002566078,2.01E-05
2025-9-15,1,lasso,191,-0.006909737,2.01E-05
2025-9-16,1,lasso,191,0.002480621,2.01E-05
2025-9-17,1,lasso,191,0.004942858,2.01E-05
2025-9-18,1,lasso,191,0.002974514,2.01E-05
2025-9-19,1,lasso,191,-0.003077241,2.01E-05
2025-9-22,1,lasso,191,-0.000822199,2.01E-05
2025-9-23,1,lasso,191,0.006252262,2.01E-05
2025-9-24,1,lasso,191,0.006923966,2.01E-05
2025-9-25,1,lasso,191,-0.004067113,2.01E-05
2025-9-26,1,lasso,191,-0.002448231,2.01E-05
2025-9-29,1,lasso,191,-0.001328632,2.01E-05
2025-9-30,1,lasso,191,-0.000716149,2.01E-05
2025-10-1,1,lasso,191,0.001431786,2.01E-05
2025-10-2,1,lasso,191,-0.001329447,2.01E-05
2025-10-3,1,lasso,191,0.003983052,2.01E-05
2025-10-6,1,lasso,191,0.004779103,2.01E-05
2025-10-7,1,lasso,191,0.003443041,2.01E-05
2025-10-8,1,lasso,191,0.006248131,2.01E-05
2025-10-9,1,lasso,191,-0.005641764,2.01E-05
2025-10-10,1,lasso,191,0.002925601,2.01E-05
2025-10-13,1,lasso,191,-0.002218637,2.01E-05
2025-10-14,1,lasso,191,-0.002628388,2.01E-05
2025-10-15,1,lasso,191,-0.004565523,2.01E-05
2025-10-16,1,lasso,191,0.000914774,2.01E-05
2025-10-17,1,lasso,191,0.001624201,2.01E-05
2025-10-20,1,lasso,191,0.003442693,2.01E-05
2025-10-21,1,lasso,191,-0.000303291,2.01E-05
