date,h,model,split_id,y_true,y_pred
2010-11-26,1,ridge,0,0.005831643799019126,-0.0007966184933694779
2010-11-29,1,ridge,0,0.004443903128602322,-0.001152891814467591
2010-11-30,1,ridge,0,-0.005929603538074701,-0.0009335392300808338
2010-12-01,1,ridge,0,-0.005092862383564878,-0.0017733885115559004
2010-12-02,1,ridge,0,-0.01152317359779609,-0.0013563444251364356
2010-12-03,1,ridge,0,0.002390690034523857,-0.00118073866744868
2010-12-06,1,ridge,0,0.003637964245632119,-0.0010407966546291793
2010-12-07,1,ridge,0,0.001751533038805597,-0.001261575982838031
2010-12-08,1,ridge,0,0.0008746174106608606,-0.0012795767850780116
2010-12-09,1,ridge,0,0.0,-0.00138391733146607
2010-12-10,1,ridge,0,-0.009915362062809407,-0.0012521194629270533
2010-12-13,1,ridge,0,0.001134573081051471,-0.0014907265341094907
2010-12-14,1,ridge,0,0.01115090173598698,-0.0014122902875648262
2010-12-15,1,ridge,0,-0.0009972576244097198,-0.0010776624054612649
2010-12-16,1,ridge,0,0.002366865010265506,-0.0014379823301570273
2010-12-17,1,ridge,0,0.003229816472304137,-0.0011234635386314254
2010-12-20,1,ridge,0,0.001115587348422764,-0.0014885821646848998
2010-12-21,1,ridge,0,0.0001238773615703792,-0.0015389375245098223
2010-12-22,1,ridge,0,-0.002853068982406448,-0.0013346387711690743
2010-12-23,1,ridge,0,0.0,-0.0014004967602904495
2010-12-24,1,ridge,0,-0.001616212199890832,-0.0015013125278955683
2010-12-27,1,ridge,0,-0.0001244322778930496,-0.0008789619695663832
2010-12-28,1,ridge,0,-0.006993035490970634,-0.0013807542134687562
2010-12-29,1,ridge,0,-0.003514942107444519,-0.0015102688433800788
2010-12-30,1,ridge,0,-0.00618103513143442,-0.0011635031673376758
2010-12-31,1,ridge,0,0.001264542404217472,-0.0012113645227852686
2011-01-03,1,ridge,0,0.003909950115815519,-0.0012637847317156937
2011-01-04,1,ridge,0,0.01026934510185384,-0.0012772447855285405
2011-01-05,1,ridge,0,0.006581830652845788,-0.0011946439058622546
2011-01-06,1,ridge,0,0.002719408350783326,-0.0009530924812636978
2011-01-07,1,ridge,0,-0.001606029130184261,-0.0013366674414615827
2011-01-10,1,ridge,0,-0.0003709886891005709,-0.0009586902136413947
2011-01-11,1,ridge,0,-0.0101940216441605,-0.0014799967090293603
2011-01-12,1,ridge,0,-0.01055153615663418,-0.001334322437249828
2011-01-13,1,ridge,0,-0.0003789074879554377,-0.0012863563394480543
2011-01-14,1,ridge,0,0.002271294351818831,-0.001017612082901459
2011-01-17,1,ridge,0,-0.004801019960957831,-0.0009848924058738929
2011-01-18,1,ridge,0,-0.004060919286315468,-0.0013291838953227307
2011-01-19,1,ridge,0,0.002286295927946824,-0.0009710559503119411
2011-01-20,1,ridge,0,-0.007769255153337262,-0.001053692465572133
2011-01-21,1,ridge,0,-0.00204786965207937,-0.0011842169669735814
2011-01-24,1,ridge,0,-0.0006408202718493072,-0.001031058925049654
2011-01-25,1,ridge,0,-0.001282873812889385,-0.0011389242059723905
2011-01-26,1,ridge,0,-0.002184669634574199,-0.0011806857533502547
2011-01-27,1,ridge,0,0.005132822766524825,-0.0010592854512687243
2011-01-28,1,ridge,0,-0.005132822766524825,-0.0007796993283332942
2011-01-31,1,ridge,0,-0.008527183452226694,-0.0012037173713011957
2011-02-01,1,ridge,0,0.00116708824762668,-0.00126037845474052
2011-02-02,1,ridge,0,0.007617363021815038,-0.0012771372885414262
2011-02-03,1,ridge,0,0.003722964695567654,-0.0010974311422683625
2011-02-04,1,ridge,0,-0.0001281476262411374,-0.0011044813114897377
2011-02-07,1,ridge,0,-0.0003845414390779567,-0.0011227382992545782
2011-02-08,1,ridge,0,-0.004626068388781768,-0.001399990235532094
2011-02-09,1,ridge,0,0.007826071119453104,-0.0013631773111257052
2011-02-10,1,ridge,0,0.002680111361143211,-0.0013156979843628532
2011-02-11,1,ridge,0,0.001909977024259213,-0.0012981012890628646
2011-02-14,1,ridge,0,-0.0005089706179353115,-0.0010724936117354864
2011-02-15,1,ridge,0,-0.004464577860361807,-0.0014125471946339766
2011-02-16,1,ridge,0,-0.002816542637776642,-0.0016959275415163164
2011-02-17,1,ridge,0,-0.004368502386070894,-0.0015152985586751738
2010-12-24,1,ridge,1,-0.001616212199890832,-0.0015918879688719934
2010-12-27,1,ridge,1,-0.0001244322778930496,-0.0010077611377428057
2010-12-28,1,ridge,1,-0.006993035490970634,-0.0014673890412041262
2010-12-29,1,ridge,1,-0.003514942107444519,-0.0016092038347488625
2010-12-30,1,ridge,1,-0.00618103513143442,-0.0012565079766128663
2010-12-31,1,ridge,1,0.001264542404217472,-0.0013279336146725356
2011-01-03,1,ridge,1,0.003909950115815519,-0.0013827998808244586
2011-01-04,1,ridge,1,0.01026934510185384,-0.0013878961853262461
2011-01-05,1,ridge,1,0.006581830652845788,-0.0012929422143188383
2011-01-06,1,ridge,1,0.002719408350783326,-0.0010612909393939627
2011-01-07,1,ridge,1,-0.001606029130184261,-0.0014222506745386878
2011-01-10,1,ridge,1,-0.0003709886891005709,-0.0010794212505000507
2011-01-11,1,ridge,1,-0.0101940216441605,-0.0016029399140430854
2011-01-12,1,ridge,1,-0.01055153615663418,-0.0014675530942328207
2011-01-13,1,ridge,1,-0.0003789074879554377,-0.0013888375100020518
2011-01-14,1,ridge,1,0.002271294351818831,-0.0011265264110867758
2011-01-17,1,ridge,1,-0.004801019960957831,-0.001086415077972822
2011-01-18,1,ridge,1,-0.004060919286315468,-0.0014352036785322422
2011-01-19,1,ridge,1,0.002286295927946824,-0.001071266184675517
2011-01-20,1,ridge,1,-0.007769255153337262,-0.0011312548540910606
2011-01-21,1,ridge,1,-0.00204786965207937,-0.001289374103284027
2011-01-24,1,ridge,1,-0.0006408202718493072,-0.0011393179978865325
2011-01-25,1,ridge,1,-0.001282873812889385,-0.0012323009874259851
2011-01-26,1,ridge,1,-0.002184669634574199,-0.0012909238809247292
2011-01-27,1,ridge,1,0.005132822766524825,-0.0011678596471344951
2011-01-28,1,ridge,1,-0.005132822766524825,-0.000872722795260291
2011-01-31,1,ridge,1,-0.008527183452226694,-0.0013250125414690057
2011-02-01,1,ridge,1,0.00116708824762668,-0.0013898973154057932
2011-02-02,1,ridge,1,0.007617363021815038,-0.0013674981557116068
2011-02-03,1,ridge,1,0.003722964695567654,-0.0011855105447693961
2011-02-04,1,ridge,1,-0.0001281476262411374,-0.0012035237625907555
2011-02-07,1,ridge,1,-0.0003845414390779567,-0.0012231584523105057
2011-02-08,1,ridge,1,-0.004626068388781768,-0.0014889581525351925
2011-02-09,1,ridge,1,0.007826071119453104,-0.0014401610838726763
2011-02-10,1,ridge,1,0.002680111361143211,-0.0013826888496728616
2011-02-11,1,ridge,1,0.001909977024259213,-0.0013877327870152297
2011-02-14,1,ridge,1,-0.0005089706179353115,-0.0011812202202352222
2011-02-15,1,ridge,1,-0.004464577860361807,-0.0014838525029126635
2011-02-16,1,ridge,1,-0.002816542637776642,-0.0017803817671180181
2011-02-17,1,ridge,1,-0.004368502386070894,-0.0016073276764279338
2011-02-18,1,ridge,1,0.0003862246588086649,-0.0015114239710329748
2011-02-21,1,ridge,1,0.001029203744522533,-0.00120344375828506
2011-02-22,1,ridge,1,-0.004639781490229922,-0.0010520515167359115
2011-02-23,1,ridge,1,-0.004531632018610843,-0.0014252599056469402
2011-02-24,1,ridge,1,0.002850850706251684,-0.0010102695046322384
2011-02-25,1,ridge,1,-0.005059360860173889,-0.0013953909357295076
2011-02-28,1,ridge,1,0.002078732722035959,-0.0015569250122856623
2011-03-01,1,ridge,1,-0.004944064195322007,-0.0008598921084217181
2011-03-02,1,ridge,1,-0.002481228827656778,-0.0010244048230658798
2011-03-03,1,ridge,1,-0.001046572570671422,-0.0015714910941789693
2011-03-04,1,ridge,1,0.001308044660015106,-0.0012335790056583382
2011-03-07,1,ridge,1,0.003913899321136505,-0.0007916835699809799
2011-03-08,1,ridge,1,-0.001042209578443476,-0.0012853480604367229
2011-03-09,1,ridge,1,0.007272759329080003,-0.0012202173540150775
2011-03-10,1,ridge,1,-0.006491000331611652,-0.000643565138212711
2011-03-11,1,ridge,1,-0.005616157908010067,-0.0010018895952383139
2011-03-14,1,ridge,1,-0.0002619858542622922,-0.0008569686544286138
2011-03-15,1,ridge,1,0.004574872367064664,-0.0003367154738583647
2011-03-16,1,ridge,1,-0.008381400557214924,-0.0007331038190383594
2011-03-17,1,ridge,1,-0.004217191279106913,-0.0014241277291056468
2011-01-21,1,ridge,2,-0.00204786965207937,-0.0011603603481910797
2011-01-24,1,ridge,2,-0.0006408202718493072,-0.0009861169801563719
2011-01-25,1,ridge,2,-0.001282873812889385,-0.0010780060703530026
2011-01-26,1,ridge,2,-0.002184669634574199,-0.0011438367937737488
2011-01-27,1,ridge,2,0.005132822766524825,-0.0010026380028287792
2011-01-28,1,ridge,2,-0.005132822766524825,-0.0007222656826688476
2011-01-31,1,ridge,2,-0.008527183452226694,-0.00116918602050025
2011-02-01,1,ridge,2,0.00116708824762668,-0.0012489288167239535
2011-02-02,1,ridge,2,0.007617363021815038,-0.0012234454455575215
2011-02-03,1,ridge,2,0.003722964695567654,-0.0010374064442814422
2011-02-04,1,ridge,2,-0.0001281476262411374,-0.0010414477599175202
2011-02-07,1,ridge,2,-0.0003845414390779567,-0.0010709714362353879
2011-02-08,1,ridge,2,-0.004626068388781768,-0.001359775443919996
2011-02-09,1,ridge,2,0.007826071119453104,-0.001328900518959947
2011-02-10,1,ridge,2,0.002680111361143211,-0.0012478661092101145
2011-02-11,1,ridge,2,0.001909977024259213,-0.0012453782433162167
2011-02-14,1,ridge,2,-0.0005089706179353115,-0.0010124533497478843
2011-02-15,1,ridge,2,-0.004464577860361807,-0.0013633560681333879
2011-02-16,1,ridge,2,-0.002816542637776642,-0.001663556454453422
2011-02-17,1,ridge,2,-0.004368502386070894,-0.0014796065331139677
2011-02-18,1,ridge,2,0.0003862246588086649,-0.0013943037606038214
2011-02-21,1,ridge,2,0.001029203744522533,-0.0010476409772235877
2011-02-22,1,ridge,2,-0.004639781490229922,-0.0009175806343481906
2011-02-23,1,ridge,2,-0.004531632018610843,-0.001294372064180383
2011-02-24,1,ridge,2,0.002850850706251684,-0.0008567951542230192
2011-02-25,1,ridge,2,-0.005059360860173889,-0.0012296116461874018
2011-02-28,1,ridge,2,0.002078732722035959,-0.0014097983929293896
2011-03-01,1,ridge,2,-0.004944064195322007,-0.0006853066097703467
2011-03-02,1,ridge,2,-0.002481228827656778,-0.0008749610513621084
2011-03-03,1,ridge,2,-0.001046572570671422,-0.0014296791704353324
2011-03-04,1,ridge,2,0.001308044660015106,-0.0010775638237625848
2011-03-07,1,ridge,2,0.003913899321136505,-0.0006266852336220999
2011-03-08,1,ridge,2,-0.001042209578443476,-0.0011190458690351673
2011-03-09,1,ridge,2,0.007272759329080003,-0.0010654913470714573
2011-03-10,1,ridge,2,-0.006491000331611652,-0.0004651704192849419
2011-03-11,1,ridge,2,-0.005616157908010067,-0.0008490661567619087
2011-03-14,1,ridge,2,-0.0002619858542622922,-0.0007103121305978423
2011-03-15,1,ridge,2,0.004574872367064664,-0.0001849230132545635
2011-03-16,1,ridge,2,-0.008381400557214924,-0.0005338085116927819
2011-03-17,1,ridge,2,-0.004217191279106913,-0.0012696301219375758
2011-03-18,1,ridge,2,-0.004235051327211359,-0.0011824957158145318
2011-03-21,1,ridge,2,0.0001326172006450577,-0.0013074955788221748
2011-03-22,1,ridge,2,0.005026465609382136,-0.0009866107171719444
2011-03-23,1,ridge,2,-0.001716738619054858,-0.0008694823263370715
2011-03-24,1,ridge,2,0.007374276240831534,-0.001115866580295632
2011-03-25,1,ridge,2,-0.001181490127593499,-0.0009757638944230143
2011-03-28,1,ridge,2,0.001575010169400315,-0.0007862567243787091
2011-03-29,1,ridge,2,-0.001706373059572108,-0.0012842837801537734
2011-03-30,1,ridge,2,-0.003421506167196497,-0.001295879651581997
2011-03-31,1,ridge,2,-0.0003955435479081615,-0.001259555908942289
2011-04-01,1,ridge,2,0.001054435315832158,-0.0006095456355009829
2011-04-04,1,ridge,2,-0.000395282961862975,-0.0007065231247167702
2011-04-05,1,ridge,2,-0.004888047251479399,-0.0007246251323465926
2011-04-06,1,ridge,2,0.00092660010600909,-0.0008321117148086625
2011-04-07,1,ridge,2,-0.006770686336432519,-0.0005052796141702509
2011-04-08,1,ridge,2,-0.000133217878035552,-0.0009649918084008663
2011-04-11,1,ridge,2,-0.002801682841237607,-0.00045025086297000597
2011-04-12,1,ridge,2,0.001735300442128107,-0.0002446412157196342
2011-04-13,1,ridge,2,-0.003875196938790459,-0.0007729837085235877
2011-04-14,1,ridge,2,0.001872659723291648,-0.0006389370575864922
2011-02-18,1,ridge,3,0.0003862246588086649,-0.0014451137075536134
2011-02-21,1,ridge,3,0.001029203744522533,-0.0010999333396621677
2011-02-22,1,ridge,3,-0.004639781490229922,-0.0009969066264783524
2011-02-23,1,ridge,3,-0.004531632018610843,-0.0013615644083335458
2011-02-24,1,ridge,3,0.002850850706251684,-0.0009099088811389078
2011-02-25,1,ridge,3,-0.005059360860173889,-0.00128160279388342
2011-02-28,1,ridge,3,0.002078732722035959,-0.001454738758187855
2011-03-01,1,ridge,3,-0.004944064195322007,-0.0007458473138925139
2011-03-02,1,ridge,3,-0.002481228827656778,-0.000939895584482732
2011-03-03,1,ridge,3,-0.001046572570671422,-0.0014601663073256137
2011-03-04,1,ridge,3,0.001308044660015106,-0.0011259593119562039
2011-03-07,1,ridge,3,0.003913899321136505,-0.0006822710617273517
2011-03-08,1,ridge,3,-0.001042209578443476,-0.001160795661827317
2011-03-09,1,ridge,3,0.007272759329080003,-0.0011058639645032567
2011-03-10,1,ridge,3,-0.006491000331611652,-0.0005057102488210378
2011-03-11,1,ridge,3,-0.005616157908010067,-0.0009073388985087854
2011-03-14,1,ridge,3,-0.0002619858542622922,-0.0007716132986643405
2011-03-15,1,ridge,3,0.004574872367064664,-0.00023622059604975522
2011-03-16,1,ridge,3,-0.008381400557214924,-0.0005845959111131986
2011-03-17,1,ridge,3,-0.004217191279106913,-0.0013393226971774668
2011-03-18,1,ridge,3,-0.004235051327211359,-0.0012292322794410224
2011-03-21,1,ridge,3,0.0001326172006450577,-0.0013606850171863638
2011-03-22,1,ridge,3,0.005026465609382136,-0.0010284223454837416
2011-03-23,1,ridge,3,-0.001716738619054858,-0.0009266860583029413
2011-03-24,1,ridge,3,0.007374276240831534,-0.0011669896409504119
2011-03-25,1,ridge,3,-0.001181490127593499,-0.0010196631912132235
2011-03-28,1,ridge,3,0.001575010169400315,-0.0008385053037317804
2011-03-29,1,ridge,3,-0.001706373059572108,-0.0013290306024318138
2011-03-30,1,ridge,3,-0.003421506167196497,-0.0013431176964112434
2011-03-31,1,ridge,3,-0.0003955435479081615,-0.0013055613333485452
2011-04-01,1,ridge,3,0.001054435315832158,-0.0006620535623970254
2011-04-04,1,ridge,3,-0.000395282961862975,-0.0007471101285127195
2011-04-05,1,ridge,3,-0.004888047251479399,-0.0007668355198903148
2011-04-06,1,ridge,3,0.00092660010600909,-0.0008787585414344948
2011-04-07,1,ridge,3,-0.006770686336432519,-0.0005593163839692841
2011-04-08,1,ridge,3,-0.000133217878035552,-0.001009006405972581
2011-04-11,1,ridge,3,-0.002801682841237607,-0.0004813749167767021
2011-04-12,1,ridge,3,0.001735300442128107,-0.00027997803633684863
2011-04-13,1,ridge,3,-0.003875196938790459,-0.0008111438642517905
2011-04-14,1,ridge,3,0.001872659723291648,-0.0006886038313170355
2011-04-15,1,ridge,3,0.008913782162712103,-0.0005849282111985933
2011-04-18,1,ridge,3,-0.006244622697341384,-0.00010790198749250518
2011-04-19,1,ridge,3,-0.008835398842428788,-0.0007893738496107504
2011-04-20,1,ridge,3,-0.004987541511038529,-0.0011416688162001801
2011-04-21,1,ridge,3,0.0,-0.0007503812684226602
2011-04-22,1,ridge,3,-0.000135144266710796,-0.0002474858766919263
2011-04-25,1,ridge,3,-0.002029358742862364,-0.0005516129110789307
2011-04-26,1,ridge,3,-0.004343112147165762,-0.0007181317290740955
2011-04-27,1,ridge,3,-0.005455550901536377,-0.0007424092641449247
2011-04-28,1,ridge,3,-0.002601850149752671,-0.0005306603329725549
2011-04-29,1,ridge,3,0.0002741979726526012,-0.00041510181255390553
2011-05-02,1,ridge,3,0.002601137752439975,2.1357675781900985e-05
2011-05-03,1,ridge,3,-0.001505097089216534,-9.14510556518168e-05
2011-05-04,1,ridge,3,0.01575905456941662,-5.286428113435149e-05
2011-05-05,1,ridge,3,0.008723131204454226,0.00025689624126214996
2011-05-06,1,ridge,3,-0.001337077348551041,-0.0002939567612413363
2011-05-09,1,ridge,3,-0.001740877573914723,-0.00042054862086436033
2011-05-10,1,ridge,3,0.009603915354180259,-0.00045913618638652597
2011-05-11,1,ridge,3,-0.00119545740477367,-2.5197155659270978e-05
2011-05-12,1,ridge,3,0.006887444444992674,-0.00038797831056644916
2011-03-18,1,ridge,4,-0.004235051327211359,-0.0010622110711811196
2011-03-21,1,ridge,4,0.0001326172006450577,-0.0011960211631767074
2011-03-22,1,ridge,4,0.005026465609382136,-0.0008806775209279707
2011-03-23,1,ridge,4,-0.001716738619054858,-0.0007682723905706925
2011-03-24,1,ridge,4,0.007374276240831534,-0.0010001432119334773
2011-03-25,1,ridge,4,-0.001181490127593499,-0.0008577796018238826
2011-03-28,1,ridge,4,0.001575010169400315,-0.0006750914854450891
2011-03-29,1,ridge,4,-0.001706373059572108,-0.0011634563501011167
2011-03-30,1,ridge,4,-0.003421506167196497,-0.0011970525401316958
2011-03-31,1,ridge,4,-0.0003955435479081615,-0.0011501486350554756
2011-04-01,1,ridge,4,0.001054435315832158,-0.0005045570780853408
2011-04-04,1,ridge,4,-0.000395282961862975,-0.0005856459511264731
2011-04-05,1,ridge,4,-0.004888047251479399,-0.0006005779698958842
2011-04-06,1,ridge,4,0.00092660010600909,-0.0007327704715474297
2011-04-07,1,ridge,4,-0.006770686336432519,-0.000431863081810965
2011-04-08,1,ridge,4,-0.000133217878035552,-0.0008708432793946262
2011-04-11,1,ridge,4,-0.002801682841237607,-0.00032494957919835773
2011-04-12,1,ridge,4,0.001735300442128107,-0.00011572779684737957
2011-04-13,1,ridge,4,-0.003875196938790459,-0.0006595687101899578
2011-04-14,1,ridge,4,0.001872659723291648,-0.0005493034117823031
2011-04-15,1,ridge,4,0.008913782162712103,-0.0004376440747551526
2011-04-18,1,ridge,4,-0.006244622697341384,4.883666557930111e-05
2011-04-19,1,ridge,4,-0.008835398842428788,-0.0006280774793654863
2011-04-20,1,ridge,4,-0.004987541511038529,-0.0009922277004609094
2011-04-21,1,ridge,4,0.0,-0.0005858231179241864
2011-04-22,1,ridge,4,-0.000135144266710796,-9.27995576524603e-05
2011-04-25,1,ridge,4,-0.002029358742862364,-0.0003835522310850515
2011-04-26,1,ridge,4,-0.004343112147165762,-0.000552142780369659
2011-04-27,1,ridge,4,-0.005455550901536377,-0.0005792932014163419
2011-04-28,1,ridge,4,-0.002601850149752671,-0.0003679525913248378
2011-04-29,1,ridge,4,0.0002741979726526012,-0.00024854236085403343
2011-05-02,1,ridge,4,0.002601137752439975,0.0001786470575403311
2011-05-03,1,ridge,4,-0.001505097089216534,8.418828344641859e-05
2011-05-04,1,ridge,4,0.01575905456941662,0.00011812216143331639
2011-05-05,1,ridge,4,0.008723131204454226,0.00045423853412265467
2011-05-06,1,ridge,4,-0.001337077348551041,-0.00010148381779627122
2011-05-09,1,ridge,4,-0.001740877573914723,-0.0002701858985867721
2011-05-10,1,ridge,4,0.009603915354180259,-0.00028124952333544184
2011-05-11,1,ridge,4,-0.00119545740477367,0.00017235793194098948
2011-05-12,1,ridge,4,0.006887444444992674,-0.00020514194144598188
2011-05-13,1,ridge,4,-0.003835222581045628,0.00018566720523897125
2011-05-16,1,ridge,4,-0.0009279512828666014,0.00010887155750907815
2011-05-17,1,ridge,4,0.0009279512828666014,-0.00021353499985843924
2011-05-18,1,ridge,4,-0.004648391396769647,-0.0005127826356560273
2011-05-19,1,ridge,4,0.004250803425194682,-0.0002067942516501257
2011-05-20,1,ridge,4,0.008710626542438149,-0.00021029498111921547
2011-05-23,1,ridge,4,-0.002895119800826684,0.00048055107613429176
2011-05-24,1,ridge,4,0.0006587181583288526,-0.00035375459509339385
2011-05-25,1,ridge,4,-0.005017174506393829,-0.00019995983252482175
2011-05-26,1,ridge,4,-0.007973464170142108,-0.00032798078653263694
2011-05-27,1,ridge,4,0.0001334133815600325,-0.00026847440748272485
2011-05-30,1,ridge,4,-0.004278081391078103,-0.00025984705788914195
2011-05-31,1,ridge,4,0.0005357621344339591,-0.00035844230019819757
2011-06-01,1,ridge,4,-0.004697679936319865,0.0005274847321109357
2011-06-02,1,ridge,4,-0.007426946568672932,-3.5306966853128406e-05
2011-06-03,1,ridge,4,0.002301496988279084,0.0002422008884096048
2011-06-06,1,ridge,4,-0.005831711109377302,0.00025803515483008895
2011-06-07,1,ridge,4,0.005561221521577231,-7.92078223766179e-05
2011-06-08,1,ridge,4,0.003510670632426383,0.000251018766647527
2011-06-09,1,ridge,4,0.008188514778996847,-0.00015967281339069104
2011-04-15,1,ridge,5,0.008913782162712103,-0.00033126046041139575
2011-04-18,1,ridge,5,-0.006244622697341384,0.00016968223545750158
2011-04-19,1,ridge,5,-0.008835398842428788,-0.0005016101770682153
2011-04-20,1,ridge,5,-0.004987541511038529,-0.0008754875537506698
2011-04-21,1,ridge,5,0.0,-0.00046399424406913135
2011-04-22,1,ridge,5,-0.000135144266710796,2.5232065367884152e-05
2011-04-25,1,ridge,5,-0.002029358742862364,-0.0002612203923552741
2011-04-26,1,ridge,5,-0.004343112147165762,-0.00042821411640293244
2011-04-27,1,ridge,5,-0.005455550901536377,-0.00046455836714458877
2011-04-28,1,ridge,5,-0.002601850149752671,-0.0002461226142419701
2011-04-29,1,ridge,5,0.0002741979726526012,-0.00013170110262000182
2011-05-02,1,ridge,5,0.002601137752439975,0.0002963268832597122
2011-05-03,1,ridge,5,-0.001505097089216534,0.00020546092391563722
2011-05-04,1,ridge,5,0.01575905456941662,0.0002373423416477758
2011-05-05,1,ridge,5,0.008723131204454226,0.0005805969226741948
2011-05-06,1,ridge,5,-0.001337077348551041,3.106914534394857e-05
2011-05-09,1,ridge,5,-0.001740877573914723,-0.00013450143331115842
2011-05-10,1,ridge,5,0.009603915354180259,-0.0001535063193721776
2011-05-11,1,ridge,5,-0.00119545740477367,0.0003041971447014589
2011-05-12,1,ridge,5,0.006887444444992674,-6.853415172954346e-05
2011-05-13,1,ridge,5,-0.003835222581045628,0.0003220434888973147
2011-05-16,1,ridge,5,-0.0009279512828666014,0.00024175879239444066
2011-05-17,1,ridge,5,0.0009279512828666014,-8.417155853206724e-05
2011-05-18,1,ridge,5,-0.004648391396769647,-0.00038742714946398283
2011-05-19,1,ridge,5,0.004250803425194682,-7.710499961030364e-05
2011-05-20,1,ridge,5,0.008710626542438149,-7.37355140485661e-05
2011-05-23,1,ridge,5,-0.002895119800826684,0.0006185170331641303
2011-05-24,1,ridge,5,0.0006587181583288526,-0.00021907718980140216
2011-05-25,1,ridge,5,-0.005017174506393829,-6.570502043469397e-05
2011-05-26,1,ridge,5,-0.007973464170142108,-0.00019072371736086923
2011-05-27,1,ridge,5,0.0001334133815600325,-0.00013256077666038752
2011-05-30,1,ridge,5,-0.004278081391078103,-0.0001213185703637575
2011-05-31,1,ridge,5,0.0005357621344339591,-0.00023163056083303608
2011-06-01,1,ridge,5,-0.004697679936319865,0.0006678835212096105
2011-06-02,1,ridge,5,-0.007426946568672932,0.00010288267209702603
2011-06-03,1,ridge,5,0.002301496988279084,0.000370923503534486
2011-06-06,1,ridge,5,-0.005831711109377302,0.0003924285292552732
2011-06-07,1,ridge,5,0.005561221521577231,5.574977289269815e-05
2011-06-08,1,ridge,5,0.003510670632426383,0.0003843854890079045
2011-06-09,1,ridge,5,0.008188514778996847,-1.740762006423183e-05
2011-06-10,1,ridge,5,-0.003884540414795801,0.0007886255607411665
2011-06-13,1,ridge,5,-0.002418705828433509,7.79946558562806e-06
2011-06-14,1,ridge,5,0.01694164444828505,-0.00016908082641344424
2011-06-15,1,ridge,5,0.001982161203991417,0.0005128403645246352
2011-06-16,1,ridge,5,-0.0100836730761813,0.0002920597116422192
2011-06-17,1,ridge,5,0.000533262244339916,0.00023161601319392862
2011-06-20,1,ridge,5,-0.006552139506524668,0.00016557687833477163
2011-06-21,1,ridge,5,0.003214575497854533,-0.0004250176640064972
2011-06-22,1,ridge,5,0.008919715664890582,0.00011964709436990389
2011-06-23,1,ridge,5,0.002911595492572694,0.0005300826136751622
2011-06-24,1,ridge,5,-0.003707140482820392,0.00023912770842555802
2011-06-27,1,ridge,5,-0.004386846516735154,-8.735814121493867e-05
2011-06-28,1,ridge,5,-0.00494157933789996,-0.00025883024274634065
2011-06-29,1,ridge,5,-0.005235262645261862,-0.0001240889629656552
2011-06-30,1,ridge,5,0.0006727211824504309,-9.448151553893792e-05
2011-07-01,1,ridge,5,-0.000941936421658518,-0.00019951726089075433
2011-07-04,1,ridge,5,0.005504477884469949,8.792412856909322e-05
2011-07-05,1,ridge,5,0.005740620531032192,7.434724692431536e-05
2011-07-06,1,ridge,5,-0.002132196969840905,0.00014623849942647894
2011-07-07,1,ridge,5,0.002930600205865552,-0.00033227694275903685
2011-05-13,1,ridge,6,-0.003835222581045628,0.0004949044152262262
2011-05-16,1,ridge,6,-0.0009279512828666014,0.00040915301652058204
2011-05-17,1,ridge,6,0.0009279512828666014,7.85652856296754e-05
2011-05-18,1,ridge,6,-0.004648391396769647,-0.00024881669170080006
2011-05-19,1,ridge,6,0.004250803425194682,7.658003584152926e-05
2011-05-20,1,ridge,6,0.008710626542438149,8.064398119113255e-05
2011-05-23,1,ridge,6,-0.002895119800826684,0.0008108919007031791
2011-05-24,1,ridge,6,0.0006587181583288526,-7.337865622893838e-05
2011-05-25,1,ridge,6,-0.005017174506393829,8.908971857626244e-05
2011-05-26,1,ridge,6,-0.007973464170142108,-3.820578457428326e-05
2011-05-27,1,ridge,6,0.0001334133815600325,7.835586827833189e-06
2011-05-30,1,ridge,6,-0.004278081391078103,2.7481149920136354e-05
2011-05-31,1,ridge,6,0.0005357621344339591,-9.125343995712085e-05
2011-06-01,1,ridge,6,-0.004697679936319865,0.0008488676142591137
2011-06-02,1,ridge,6,-0.007426946568672932,0.00026323483949614474
2011-06-03,1,ridge,6,0.002301496988279084,0.0005271503694221403
2011-06-06,1,ridge,6,-0.005831711109377302,0.0005612647609188229
2011-06-07,1,ridge,6,0.005561221521577231,0.00020507708547910802
2011-06-08,1,ridge,6,0.003510670632426383,0.0005571995244782774
2011-06-09,1,ridge,6,0.008188514778996847,0.00014066990434123786
2011-06-10,1,ridge,6,-0.003884540414795801,0.0009872458744613966
2011-06-13,1,ridge,6,-0.002418705828433509,0.00016865649677254806
2011-06-14,1,ridge,6,0.01694164444828505,-2.529391744932589e-05
2011-06-15,1,ridge,6,0.001982161203991417,0.0007098865092048921
2011-06-16,1,ridge,6,-0.0100836730761813,0.00046703300185054185
2011-06-17,1,ridge,6,0.000533262244339916,0.0003931501076766849
2011-06-20,1,ridge,6,-0.006552139506524668,0.00033073762966943763
2011-06-21,1,ridge,6,0.003214575497854533,-0.00028880067904074694
2011-06-22,1,ridge,6,0.008919715664890582,0.00027973661195551186
2011-06-23,1,ridge,6,0.002911595492572694,0.0007320795930175533
2011-06-24,1,ridge,6,-0.003707140482820392,0.00041415221573441497
2011-06-27,1,ridge,6,-0.004386846516735154,7.202450435355774e-05
2011-06-28,1,ridge,6,-0.00494157933789996,-0.00011905157815910041
2011-06-29,1,ridge,6,-0.005235262645261862,1.2869524417577331e-05
2011-06-30,1,ridge,6,0.0006727211824504309,4.399215399097483e-05
2011-07-01,1,ridge,6,-0.000941936421658518,-5.631035657254472e-05
2011-07-04,1,ridge,6,0.005504477884469949,0.00023542315994273957
2011-07-05,1,ridge,6,0.005740620531032192,0.0002240782212434167
2011-07-06,1,ridge,6,-0.002132196969840905,0.00030640713518874585
2011-07-07,1,ridge,6,0.002930600205865552,-0.00019644494824943524
2011-07-08,1,ridge,6,0.01071651454566158,0.0006385174765495703
2011-07-11,1,ridge,6,-0.002371542613481381,0.0009529896428181546
2011-07-12,1,ridge,6,-0.007946009229900852,0.000472934364366991
2011-07-13,1,ridge,6,0.00053170279067416,-0.00015542301027229405
2011-07-14,1,ridge,6,-0.001595957247916502,0.0005849742722335988
2011-07-15,1,ridge,6,0.004647774119280967,0.00020710979876978136
2011-07-18,1,ridge,6,-0.003450567458159526,0.00045993414134412575
2011-07-19,1,ridge,6,-0.005732966838614573,5.856867044369058e-05
2011-07-20,1,ridge,6,-0.01034885924556583,0.00016874592473576944
2011-07-21,1,ridge,6,0.002428823215324449,-1.233511769124535e-06
2011-07-22,1,ridge,6,-0.001888574687868072,0.0002548854047867151
2011-07-25,1,ridge,6,-0.007998415853280427,0.0006172506364160669
2011-07-26,1,ridge,6,0.008403410796379518,0.00015822152729682562
2011-07-27,1,ridge,6,0.001753085203885618,0.0009065755987493756
2011-07-28,1,ridge,6,-0.00432082767829467,0.0003904325420055176
2011-07-29,1,ridge,6,0.004859620794777975,0.0005679868872783347
2011-08-01,1,ridge,6,0.003360895816701515,0.0008223432904513603
2011-08-02,1,ridge,6,-0.006327856860338876,0.0011701643126218646
2011-08-03,1,ridge,6,0.01448134719471028,0.0006251894900115393
2011-08-04,1,ridge,6,-0.006946327690291909,0.001404183559474842
2011-06-10,1,ridge,7,-0.003884540414795801,0.0005937846914396017
2011-06-13,1,ridge,7,-0.002418705828433509,-0.00021290215224907763
2011-06-14,1,ridge,7,0.01694164444828505,-0.00039022944452394285
2011-06-15,1,ridge,7,0.001982161203991417,0.0003235637568332497
2011-06-16,1,ridge,7,-0.0100836730761813,7.302873133384872e-05
2011-06-17,1,ridge,7,0.000533262244339916,-5.173114905374576e-06
2011-06-20,1,ridge,7,-0.006552139506524668,-5.995177088028087e-05
2011-06-21,1,ridge,7,0.003214575497854533,-0.0006636078897955138
2011-06-22,1,ridge,7,0.008919715664890582,-0.00010578273179233762
2011-06-23,1,ridge,7,0.002911595492572694,0.0003225430120186486
2011-06-24,1,ridge,7,-0.003707140482820392,1.9102379585407114e-05
2011-06-27,1,ridge,7,-0.004386846516735154,-0.00032130261647034106
2011-06-28,1,ridge,7,-0.00494157933789996,-0.0004996794086808892
2011-06-29,1,ridge,7,-0.005235262645261862,-0.0003539020629005875
2011-06-30,1,ridge,7,0.0006727211824504309,-0.0003162524708440171
2011-07-01,1,ridge,7,-0.000941936421658518,-0.0004252168260480829
2011-07-04,1,ridge,7,0.005504477884469949,-0.00013503387245950612
2011-07-05,1,ridge,7,0.005740620531032192,-0.00015030430468112292
2011-07-06,1,ridge,7,-0.002132196969840905,-8.073281850994886e-05
2011-07-07,1,ridge,7,0.002930600205865552,-0.0005713399075800896
2011-07-08,1,ridge,7,0.01071651454566158,0.00023313677631687466
2011-07-11,1,ridge,7,-0.002371542613481381,0.0005365405245197762
2011-07-12,1,ridge,7,-0.007946009229900852,6.0635043339449886e-05
2011-07-13,1,ridge,7,0.00053170279067416,-0.0005548211982635875
2011-07-14,1,ridge,7,-0.001595957247916502,0.0001706286308478544
2011-07-15,1,ridge,7,0.004647774119280967,-0.0002004171352258728
2011-07-18,1,ridge,7,-0.003450567458159526,3.773608796490583e-05
2011-07-19,1,ridge,7,-0.005732966838614573,-0.00035422918578632156
2011-07-20,1,ridge,7,-0.01034885924556583,-0.00023700937872672066
2011-07-21,1,ridge,7,0.002428823215324449,-0.00040185614069304193
2011-07-22,1,ridge,7,-0.001888574687868072,-0.0001484502502310065
2011-07-25,1,ridge,7,-0.007998415853280427,0.00020039336395883675
2011-07-26,1,ridge,7,0.008403410796379518,-0.00025033962379307164
2011-07-27,1,ridge,7,0.001753085203885618,0.00047860399250393193
2011-07-28,1,ridge,7,-0.00432082767829467,-2.7211769611995085e-05
2011-07-29,1,ridge,7,0.004859620794777975,0.00012586122135215748
2011-08-01,1,ridge,7,0.003360895816701515,0.00039337918145670574
2011-08-02,1,ridge,7,-0.006327856860338876,0.0007351330911072854
2011-08-03,1,ridge,7,0.01448134719471028,0.00018574386043923157
2011-08-04,1,ridge,7,-0.006946327690291909,0.0009535654351623592
2011-08-05,1,ridge,7,0.002543678993860432,0.0005382949699457035
2011-08-08,1,ridge,7,-0.002409639720152512,0.00177535505895046
2011-08-09,1,ridge,7,0.0004020100556649808,-8.949709841065686e-05
2011-08-10,1,ridge,7,0.0005357621344339591,0.0007600816091446652
2011-08-11,1,ridge,7,-0.00093777219009894,-0.0005473432092320953
2011-08-12,1,ridge,7,-0.01037395628882631,0.0001665539999537755
2011-08-15,1,ridge,7,0.002299629014777871,-0.0005882428506531461
2011-08-16,1,ridge,7,-0.004604558514652801,0.00042969076833721307
2011-08-17,1,ridge,7,0.007707427783222975,0.00012775840784594723
2011-08-18,1,ridge,7,-0.003102869268570174,0.0014036566357435688
2011-08-19,1,ridge,7,0.0008103728158230794,0.0008016710146233983
2011-08-22,1,ridge,7,-0.00243309122464197,0.00018747612057750843
2011-08-23,1,ridge,7,0.001622718408818891,-0.0002853721117527917
2011-08-24,1,ridge,7,0.00364151727513029,0.00016078146321290963
2011-08-25,1,ridge,7,-0.0063475127025443,0.0003162951584851845
2011-08-26,1,ridge,7,-0.001220090980337929,0.0002396961835262966
2011-08-29,1,ridge,7,0.003115056355185608,-0.0003259615932267472
2011-08-30,1,ridge,7,0.002296212260350927,3.650846632964269e-05
2011-08-31,1,ridge,7,0.004845231551652063,0.00011669609638513854
2011-09-01,1,ridge,7,0.003752349618550532,0.0005646766629295542
2011-07-08,1,ridge,8,0.01071651454566158,0.00014353626294265652
2011-07-11,1,ridge,8,-0.002371542613481381,0.00045030583901591747
2011-07-12,1,ridge,8,-0.007946009229900852,-1.5698583007631834e-05
2011-07-13,1,ridge,8,0.00053170279067416,-0.0006043861130503318
2011-07-14,1,ridge,8,-0.001595957247916502,9.529107757188816e-05
2011-07-15,1,ridge,8,0.004647774119280967,-0.00027149617230024935
2011-07-18,1,ridge,8,-0.003450567458159526,-1.2650814655442181e-05
2011-07-19,1,ridge,8,-0.005732966838614573,-0.0004372616678263165
2011-07-20,1,ridge,8,-0.01034885924556583,-0.0002903998250664674
2011-07-21,1,ridge,8,0.002428823215324449,-0.00046559555703031095
2011-07-22,1,ridge,8,-0.001888574687868072,-0.00021699221847760737
2011-07-25,1,ridge,8,-0.007998415853280427,0.00010381503906108617
2011-07-26,1,ridge,8,0.008403410796379518,-0.00031434395403225903
2011-07-27,1,ridge,8,0.001753085203885618,0.00041236807749135137
2011-07-28,1,ridge,8,-0.00432082767829467,-0.00010224625831282183
2011-07-29,1,ridge,8,0.004859620794777975,2.858580898895105e-05
2011-08-01,1,ridge,8,0.003360895816701515,0.0003259841567213458
2011-08-02,1,ridge,8,-0.006327856860338876,0.000641409784185783
2011-08-03,1,ridge,8,0.01448134719471028,0.00010185914443308148
2011-08-04,1,ridge,8,-0.006946327690291909,0.000913176924980084
2011-08-05,1,ridge,8,0.002543678993860432,0.00041537651150018586
2011-08-08,1,ridge,8,-0.002409639720152512,0.0016417280869832442
2011-08-09,1,ridge,8,0.0004020100556649808,-0.00017688146522203954
2011-08-10,1,ridge,8,0.0005357621344339591,0.0007078046095168801
2011-08-11,1,ridge,8,-0.00093777219009894,-0.0006128325255247832
2011-08-12,1,ridge,8,-0.01037395628882631,7.225740562620048e-05
2011-08-15,1,ridge,8,0.002299629014777871,-0.0006400683519059657
2011-08-16,1,ridge,8,-0.004604558514652801,0.00036479683258451606
2011-08-17,1,ridge,8,0.007707427783222975,5.6492206384511315e-05
2011-08-18,1,ridge,8,-0.003102869268570174,0.0012905908075726941
2011-08-19,1,ridge,8,0.0008103728158230794,0.0006727361223860023
2011-08-22,1,ridge,8,-0.00243309122464197,9.431280661487276e-05
2011-08-23,1,ridge,8,0.001622718408818891,-0.00037326716333192713
2011-08-24,1,ridge,8,0.00364151727513029,7.834078261944108e-05
2011-08-25,1,ridge,8,-0.0063475127025443,0.00026632826521018755
2011-08-26,1,ridge,8,-0.001220090980337929,0.00013221990178145592
2011-08-29,1,ridge,8,0.003115056355185608,-0.00039125446255558005
2011-08-30,1,ridge,8,0.002296212260350927,-2.744451019847917e-05
2011-08-31,1,ridge,8,0.004845231551652063,4.51093266486395e-05
2011-09-01,1,ridge,8,0.003752349618550532,0.00046042584782350924
2011-09-02,1,ridge,8,0.00467072311055805,0.0007643598262506727
2011-09-05,1,ridge,8,0.01112152334386174,0.0006070438660148727
2011-09-06,1,ridge,8,-0.006340002745004902,0.000377990751423142
2011-09-07,1,ridge,8,0.01028218919074408,-0.0005048977472240802
2011-09-08,1,ridge,8,0.01225249947424167,0.0005892721323403592
2011-09-09,1,ridge,8,0.005039747050058274,0.0008653206874684276
2011-09-12,1,ridge,8,-0.008543741291242135,0.0003129697679185341
2011-09-13,1,ridge,8,-0.001170731841035,0.0002016520268413563
2011-09-14,1,ridge,8,-0.007708929533597697,0.000141241640502899
2011-09-15,1,ridge,8,0.004710817400598977,-0.00010044512580166927
2011-09-16,1,ridge,8,0.007154502062625134,0.0003030639998741682
2011-09-19,1,ridge,8,-0.001686450422407226,0.00086228835348238
2011-09-20,1,ridge,8,0.004146157792387584,0.0001725506343784135
2011-09-21,1,ridge,8,0.01425019299989128,0.0010411911605601152
2011-09-22,1,ridge,8,0.0006371456093212657,0.001389593188287142
2011-09-23,1,ridge,8,-0.001785031712023155,0.00029929862754206473
2011-09-26,1,ridge,8,-0.0109066327829197,0.00029819133466686714
2011-09-27,1,ridge,8,0.004376937986586782,-0.00036707893215296616
2011-09-28,1,ridge,8,0.002309469848662538,0.0008965599506629912
2011-09-29,1,ridge,8,0.006641996572960274,4.7529606805654754e-05
2011-08-05,1,ridge,9,0.002543678993860432,-0.00022353310176946063
2011-08-08,1,ridge,9,-0.002409639720152512,0.0009561695684401769
2011-08-09,1,ridge,9,0.0004020100556649808,-0.0008088387552125083
2011-08-10,1,ridge,9,0.0005357621344339591,-1.3402000892197914e-05
2011-08-11,1,ridge,9,-0.00093777219009894,-0.0012611211206927102
2011-08-12,1,ridge,9,-0.01037395628882631,-0.0005906295904754212
2011-08-15,1,ridge,9,0.002299629014777871,-0.0012830300490123707
2011-08-16,1,ridge,9,-0.004604558514652801,-0.00031065396389890496
2011-08-17,1,ridge,9,0.007707427783222975,-0.0006278473991858458
2011-08-18,1,ridge,9,-0.003102869268570174,0.0005579578220623476
2011-08-19,1,ridge,9,0.0008103728158230794,-2.001591587941524e-05
2011-08-22,1,ridge,9,-0.00243309122464197,-0.0005939595847741865
2011-08-23,1,ridge,9,0.001622718408818891,-0.0010456118787246836
2011-08-24,1,ridge,9,0.00364151727513029,-0.000616653899796853
2011-08-25,1,ridge,9,-0.0063475127025443,-0.00042856219995513443
2011-08-26,1,ridge,9,-0.001220090980337929,-0.0005295431205884336
2011-08-29,1,ridge,9,0.003115056355185608,-0.001067726717642651
2011-08-30,1,ridge,9,0.002296212260350927,-0.000719587830365508
2011-08-31,1,ridge,9,0.004845231551652063,-0.000644932819598464
2011-09-01,1,ridge,9,0.003752349618550532,-0.00022815236194699464
2011-09-02,1,ridge,9,0.00467072311055805,4.148022132345727e-05
2011-09-05,1,ridge,9,0.01112152334386174,-0.0001337066393642868
2011-09-06,1,ridge,9,-0.006340002745004902,-0.0003811388742870585
2011-09-07,1,ridge,9,0.01028218919074408,-0.0012033243191861074
2011-09-08,1,ridge,9,0.01225249947424167,-0.00013509519475168267
2011-09-09,1,ridge,9,0.005039747050058274,0.00010136244808949316
2011-09-12,1,ridge,9,-0.008543741291242135,-0.0004503935783341218
2011-09-13,1,ridge,9,-0.001170731841035,-0.0005195529064487199
2011-09-14,1,ridge,9,-0.007708929533597697,-0.0005679436455710636
2011-09-15,1,ridge,9,0.004710817400598977,-0.0007788907736518907
2011-09-16,1,ridge,9,0.007154502062625134,-0.0004009319075200639
2011-09-19,1,ridge,9,-0.001686450422407226,0.00012084742045089122
2011-09-20,1,ridge,9,0.004146157792387584,-0.000546173598369332
2011-09-21,1,ridge,9,0.01425019299989128,0.00029619249936182145
2011-09-22,1,ridge,9,0.0006371456093212657,0.0006040368686498273
2011-09-23,1,ridge,9,-0.001785031712023155,-0.00043864253064801467
2011-09-26,1,ridge,9,-0.0109066327829197,-0.0004032163624190325
2011-09-27,1,ridge,9,0.004376937986586782,-0.0010539609434068952
2011-09-28,1,ridge,9,0.002309469848662538,0.0001814145275919575
2011-09-29,1,ridge,9,0.006641996572960274,-0.0006608767121046947
2011-09-30,1,ridge,9,0.01114076594341107,0.0003153064099378903
2011-10-03,1,ridge,9,0.002137962205296162,0.000688449913590142
2011-10-04,1,ridge,9,-0.0085794116959228,-0.00028323537616562866
2011-10-05,1,ridge,9,-0.003681375150989652,-0.0007834361675800695
2011-10-06,1,ridge,9,0.001270971192950832,-0.0010777912019331903
2011-10-07,1,ridge,9,-0.01587538142051681,-0.00011200319578663761
2011-10-10,1,ridge,9,0.001160766235962285,-0.000805667242858703
2011-10-11,1,ridge,9,-0.007634118721862926,-3.997340737771371e-05
2011-10-12,1,ridge,9,0.000129878563726038,-0.0005239757522638451
2011-10-13,1,ridge,9,-0.004947282581181156,7.536431757933226e-05
2011-10-14,1,ridge,9,0.006893439536667323,-0.00025079333509224423
2011-10-17,1,ridge,9,-0.0001296260290883922,-0.00010413403390153368
2011-10-18,1,ridge,9,-0.0003889789352129469,-0.0001662379782153173
2011-10-19,1,ridge,9,-0.001817238298642998,-2.0375048897278906e-05
2011-10-20,1,ridge,9,-0.007563937992957293,7.701003307298605e-05
2011-10-21,1,ridge,9,-0.004723798312923577,-0.0005796324107142381
2011-10-24,1,ridge,9,0.001183043187603872,-0.0004915469601518535
2011-10-25,1,ridge,9,0.001706373059572108,0.00021420247777930866
2011-10-26,1,ridge,9,-0.01813058331818418,-5.375225656583814e-05
2011-10-27,1,ridge,9,0.002534179415573767,-0.0010440763957765063
2011-09-02,1,ridge,10,0.00467072311055805,-1.659119467653427e-05
2011-09-05,1,ridge,10,0.01112152334386174,-0.00017799408575346043
2011-09-06,1,ridge,10,-0.006340002745004902,-0.0004177357769601232
2011-09-07,1,ridge,10,0.01028218919074408,-0.0011997971713366099
2011-09-08,1,ridge,10,0.01225249947424167,-0.00019868426310998472
2011-09-09,1,ridge,10,0.005039747050058274,5.306654988878018e-05
2011-09-12,1,ridge,10,-0.008543741291242135,-0.000450269307774299
2011-09-13,1,ridge,10,-0.001170731841035,-0.0005512402781398765
2011-09-14,1,ridge,10,-0.007708929533597697,-0.0005790952276460169
2011-09-15,1,ridge,10,0.004710817400598977,-0.0007739896745798104
2011-09-16,1,ridge,10,0.007154502062625134,-0.00043051175172941316
2011-09-19,1,ridge,10,-0.001686450422407226,9.314184921160624e-05
2011-09-20,1,ridge,10,0.004146157792387584,-0.0005699759080347811
2011-09-21,1,ridge,10,0.01425019299989128,0.00025676729277924895
2011-09-22,1,ridge,10,0.0006371456093212657,0.0005786275539384216
2011-09-23,1,ridge,10,-0.001785031712023155,-0.0004369752485200635
2011-09-26,1,ridge,10,-0.0109066327829197,-0.0004158243456959847
2011-09-27,1,ridge,10,0.004376937986586782,-0.0010586714760660964
2011-09-28,1,ridge,10,0.002309469848662538,0.0001558031879561071
2011-09-29,1,ridge,10,0.006641996572960274,-0.00066116487397255
2011-09-30,1,ridge,10,0.01114076594341107,0.0002684789068847556
2011-10-03,1,ridge,10,0.002137962205296162,0.0006280018683592994
2011-10-04,1,ridge,10,-0.0085794116959228,-0.0002917996563851418
2011-10-05,1,ridge,10,-0.003681375150989652,-0.0007737326160674434
2011-10-06,1,ridge,10,0.001270971192950832,-0.0010683853639388797
2011-10-07,1,ridge,10,-0.01587538142051681,-0.00014536727777083073
2011-10-10,1,ridge,10,0.001160766235962285,-0.0007939542471897866
2011-10-11,1,ridge,10,-0.007634118721862926,-5.229110541565471e-05
2011-10-12,1,ridge,10,0.000129878563726038,-0.000512972033238335
2011-10-13,1,ridge,10,-0.004947282581181156,5.639964625390071e-05
2011-10-14,1,ridge,10,0.006893439536667323,-0.0002648495065741989
2011-10-17,1,ridge,10,-0.0001296260290883922,-0.00010257296712280794
2011-10-18,1,ridge,10,-0.0003889789352129469,-0.00017250098662414135
2011-10-19,1,ridge,10,-0.001817238298642998,-5.132780912260181e-05
2011-10-20,1,ridge,10,-0.007563937992957293,5.596173933968159e-05
2011-10-21,1,ridge,10,-0.004723798312923577,-0.0005798953765231007
2011-10-24,1,ridge,10,0.001183043187603872,-0.0004934592307746846
2011-10-25,1,ridge,10,0.001706373059572108,0.00017616169890111763
2011-10-26,1,ridge,10,-0.01813058331818418,-7.67272047051162e-05
2011-10-27,1,ridge,10,0.002534179415573767,-0.0010108198221820933
2011-10-28,1,ridge,10,0.01454667279978583,0.0002099444937955551
2011-10-31,1,ridge,10,0.01420867285343874,0.00041841538151565533
2011-11-01,1,ridge,10,-0.003111228851372161,0.0004576517672561643
2011-11-02,1,ridge,10,-0.004554630815960081,-0.0005044084691949986
2011-11-03,1,ridge,10,0.003775308786647891,-0.0005639503619727633
2011-11-04,1,ridge,10,0.0,-0.00016695848171908285
2011-11-07,1,ridge,10,-0.004819286435949088,-0.0004712162715774404
2011-11-08,1,ridge,10,0.0173444679339676,-0.00037412407483138055
2011-11-09,1,ridge,10,-0.002441062431392638,0.0003572955956561647
2011-11-10,1,ridge,10,-0.01034402809992763,-0.00017591931175315201
2011-11-11,1,ridge,10,0.008154857178631403,-0.0006652673836792725
2011-11-14,1,ridge,10,0.00386001508611411,-6.695464222255393e-06
2011-11-15,1,ridge,10,0.001924434489615656,-0.00035049158117152933
2011-11-16,1,ridge,10,0.003326938449364825,-1.0598395466594702e-05
2011-11-17,1,ridge,10,-0.002814380775405745,4.0859831809575723e-05
2011-11-18,1,ridge,10,0.00306984124428844,-0.00020349980206387647
2011-11-21,1,ridge,10,-0.0003832151800109429,0.00032260263051988886
2011-11-22,1,ridge,10,0.01105404814053124,-0.00032174008743616496
2011-11-23,1,ridge,10,0.0,9.593442866216717e-05
2011-11-24,1,ridge,10,0.006925671452378879,-0.0005591140800974435
2011-09-30,1,ridge,11,0.01114076594341107,0.0013297861893552048
2011-10-03,1,ridge,11,0.002137962205296162,0.0016994620293416796
2011-10-04,1,ridge,11,-0.0085794116959228,0.000739151268664491
2011-10-05,1,ridge,11,-0.003681375150989652,0.0002696684523062512
2011-10-06,1,ridge,11,0.001270971192950832,-9.365895984849007e-06
2011-10-07,1,ridge,11,-0.01587538142051681,0.0008513626923247462
2011-10-10,1,ridge,11,0.001160766235962285,0.000163305445868505
2011-10-11,1,ridge,11,-0.007634118721862926,0.0009273936865206243
2011-10-12,1,ridge,11,0.000129878563726038,0.0004548725186521404
2011-10-13,1,ridge,11,-0.004947282581181156,0.0010360965773383497
2011-10-14,1,ridge,11,0.006893439536667323,0.00065630970350704
2011-10-17,1,ridge,11,-0.0001296260290883922,0.0009471888186284821
2011-10-18,1,ridge,11,-0.0003889789352129469,0.0007728709063432467
2011-10-19,1,ridge,11,-0.001817238298642998,0.0009385979549494897
2011-10-20,1,ridge,11,-0.007563937992957293,0.0010151048368881367
2011-10-21,1,ridge,11,-0.004723798312923577,0.0003825346249140785
2011-10-24,1,ridge,11,0.001183043187603872,0.000515383142626404
2011-10-25,1,ridge,11,0.001706373059572108,0.0011995854240174342
2011-10-26,1,ridge,11,-0.01813058331818418,0.0009200361488840075
2011-10-27,1,ridge,11,0.002534179415573767,-6.97982950223333e-05
2011-10-28,1,ridge,11,0.01454667279978583,0.001165067534503496
2011-10-31,1,ridge,11,0.01420867285343874,0.0014336833720408298
2011-11-01,1,ridge,11,-0.003111228851372161,0.0015068710531249618
2011-11-02,1,ridge,11,-0.004554630815960081,0.0004960806325948313
2011-11-03,1,ridge,11,0.003775308786647891,0.0004293480647262479
2011-11-04,1,ridge,11,0.0,0.0008815892919516791
2011-11-07,1,ridge,11,-0.004819286435949088,0.000573406818314172
2011-11-08,1,ridge,11,0.0173444679339676,0.0006285594946914049
2011-11-09,1,ridge,11,-0.002441062431392638,0.0014572986193783764
2011-11-10,1,ridge,11,-0.01034402809992763,0.0007829765351232099
2011-11-11,1,ridge,11,0.008154857178631403,0.00032657696209361774
2011-11-14,1,ridge,11,0.00386001508611411,0.0010442698034134929
2011-11-15,1,ridge,11,0.001924434489615656,0.0006883009723172293
2011-11-16,1,ridge,11,0.003326938449364825,0.0010010928478597345
2011-11-17,1,ridge,11,-0.002814380775405745,0.00104687050076171
2011-11-18,1,ridge,11,0.00306984124428844,0.000769908108831332
2011-11-21,1,ridge,11,-0.0003832151800109429,0.001321012178822101
2011-11-22,1,ridge,11,0.01105404814053124,0.0007104945545842323
2011-11-23,1,ridge,11,0.0,0.0011253336988836106
2011-11-24,1,ridge,11,0.006925671452378879,0.00043157114416783333
2011-11-25,1,ridge,11,-0.005410519647368162,0.0007030093250368417
2011-11-28,1,ridge,11,-0.003159161027646462,-0.0003011159013047536
2011-11-29,1,ridge,11,-0.008005633963157344,0.00023664049952123027
2011-11-30,1,ridge,11,-0.0006381213923374318,-0.0002089152046295798
2011-12-01,1,ridge,11,0.003695448614566388,0.000361328907741879
2011-12-02,1,ridge,11,-0.0006361728059838256,0.0005220950171366573
2011-12-05,1,ridge,11,-0.0008913223993669561,0.0002518364404028923
2011-12-06,1,ridge,11,-0.00025480953125534,0.0003385736439372516
2011-12-07,1,ridge,11,0.004449819814708711,0.00042542869152817115
2011-12-08,1,ridge,11,-0.002540329068391856,0.0007664536586395315
2011-12-09,1,ridge,11,0.01138100296561895,0.00028876452544422616
2011-12-12,1,ridge,11,0.008887834684636609,0.0009065903475470195
2011-12-13,1,ridge,11,0.004352428682739884,0.00045498194888543965
2011-12-14,1,ridge,11,-0.003355916393001479,0.000802684199617951
2011-12-15,1,ridge,11,-0.0007472911046475517,0.00035936851909435777
2011-12-16,1,ridge,11,-0.0001246028286461254,0.0005306776226277118
2011-12-19,1,ridge,11,-0.004621253462510744,0.0007902301351371063
2011-12-20,1,ridge,11,0.001751094881474735,-0.00016941411456506856
2011-12-21,1,ridge,11,-0.000750093796889395,0.00032468470981019705
2011-12-22,1,ridge,11,-0.0003752579942721823,0.0002720188729206244
2011-10-28,1,ridge,12,0.01454667279978583,-0.0003041638511202295
2011-10-31,1,ridge,12,0.01420867285343874,-9.500334979690214e-06
2011-11-01,1,ridge,12,-0.003111228851372161,-1.8036898038617565e-05
2011-11-02,1,ridge,12,-0.004554630815960081,-0.0010547504060485235
2011-11-03,1,ridge,12,0.003775308786647891,-0.0011109755728493731
2011-11-04,1,ridge,12,0.0,-0.0007158786190194551
2011-11-07,1,ridge,12,-0.004819286435949088,-0.0009770570104705705
2011-11-08,1,ridge,12,0.0173444679339676,-0.0009648763997499724
2011-11-09,1,ridge,12,-0.002441062431392638,-0.00011699621868643578
2011-11-10,1,ridge,12,-0.01034402809992763,-0.0007831404827201032
2011-11-11,1,ridge,12,0.008154857178631403,-0.0012708400495062059
2011-11-14,1,ridge,12,0.00386001508611411,-0.000528379084277459
2011-11-15,1,ridge,12,0.001924434489615656,-0.0008745989028497651
2011-11-16,1,ridge,12,0.003326938449364825,-0.0005504851204665962
2011-11-17,1,ridge,12,-0.002814380775405745,-0.0004913154533319262
2011-11-18,1,ridge,12,0.00306984124428844,-0.0007448381166053551
2011-11-21,1,ridge,12,-0.0003832151800109429,-0.00024018773310198103
2011-11-22,1,ridge,12,0.01105404814053124,-0.0008387821352128602
2011-11-23,1,ridge,12,0.0,-0.00035750656366344757
2011-11-24,1,ridge,12,0.006925671452378879,-0.0010298356041419788
2011-11-25,1,ridge,12,-0.005410519647368162,-0.0007562174216889555
2011-11-28,1,ridge,12,-0.003159161027646462,-0.0017700231290114434
2011-11-29,1,ridge,12,-0.008005633963157344,-0.0012295606321467902
2011-11-30,1,ridge,12,-0.0006381213923374318,-0.001684466350271941
2011-12-01,1,ridge,12,0.003695448614566388,-0.0011438963106173354
2011-12-02,1,ridge,12,-0.0006361728059838256,-0.0009552121103316654
2011-12-05,1,ridge,12,-0.0008913223993669561,-0.0012155701378350156
2011-12-06,1,ridge,12,-0.00025480953125534,-0.0010903948219493941
2011-12-07,1,ridge,12,0.004449819814708711,-0.0011115471231878872
2011-12-08,1,ridge,12,-0.002540329068391856,-0.0007153450084226295
2011-12-09,1,ridge,12,0.01138100296561895,-0.0012232703032061508
2011-12-12,1,ridge,12,0.008887834684636609,-0.0006172951696919946
2011-12-13,1,ridge,12,0.004352428682739884,-0.0010123247299987028
2011-12-14,1,ridge,12,-0.003355916393001479,-0.0007413245860855383
2011-12-15,1,ridge,12,-0.0007472911046475517,-0.001169465259085716
2011-12-16,1,ridge,12,-0.0001246028286461254,-0.0010793300708136222
2011-12-19,1,ridge,12,-0.004621253462510744,-0.0007951713313803848
2011-12-20,1,ridge,12,0.001751094881474735,-0.001750888277715783
2011-12-21,1,ridge,12,-0.000750093796889395,-0.0012538619616889912
2011-12-22,1,ridge,12,-0.0003752579942721823,-0.0012992949978632923
2011-12-23,1,ridge,12,0.0,-0.0011989176667837518
2011-12-26,1,ridge,12,-0.001627747182164185,-0.0011303475935084285
2011-12-27,1,ridge,12,0.008733679968754515,-0.0011981855594576768
2011-12-28,1,ridge,12,-0.0001242313188756228,-0.000724410029926203
2011-12-29,1,ridge,12,-0.003858845891280716,-0.0012486230509108401
2011-12-30,1,ridge,12,0.0,-0.0011045446007622505
2012-01-02,1,ridge,12,-0.00713439411387462,-0.0011593706488827234
2012-01-03,1,ridge,12,0.006510602689492551,-0.0017725220063281733
2012-01-04,1,ridge,12,0.01005782365773999,-0.0011107858218408176
2012-01-05,1,ridge,12,0.003822681762127189,-0.0011439127161161904
2012-01-06,1,ridge,12,-0.00246457302816161,-0.001001704913726138
2012-01-09,1,ridge,12,-0.002965527936328982,-0.0012262951660513386
2012-01-10,1,ridge,12,0.006660113419690639,-0.0014383113673873391
2012-01-11,1,ridge,12,-0.007155224210841915,-0.0009528142319378031
2012-01-12,1,ridge,12,0.00924277946026475,-0.0012615757428167836
2012-01-13,1,ridge,12,0.0,-0.0009104194757314711
2012-01-16,1,ridge,12,-0.004179477503718054,-0.0011871713267843343
2012-01-17,1,ridge,12,-0.007046200115241597,-0.001409741943480445
2012-01-18,1,ridge,12,-0.004849850953602797,-0.0014503355205835707
2012-01-19,1,ridge,12,0.0,-0.0011798774707510663
2011-11-25,1,ridge,13,-0.005410519647368162,0.000556244103739183
2011-11-28,1,ridge,13,-0.003159161027646462,-0.00046515711332442575
2011-11-29,1,ridge,13,-0.008005633963157344,8.81148220505936e-05
2011-11-30,1,ridge,13,-0.0006381213923374318,-0.00038593432865293077
2011-12-01,1,ridge,13,0.003695448614566388,0.00019155409159312466
2011-12-02,1,ridge,13,-0.0006361728059838256,0.0003619471117480597
2011-12-05,1,ridge,13,-0.0008913223993669561,6.176780220575017e-05
2011-12-06,1,ridge,13,-0.00025480953125534,0.00019164832221870435
2011-12-07,1,ridge,13,0.004449819814708711,0.00022561013390586844
2011-12-08,1,ridge,13,-0.002540329068391856,0.0005638202395469302
2011-12-09,1,ridge,13,0.01138100296561895,9.247806021282609e-05
2011-12-12,1,ridge,13,0.008887834684636609,0.0007055690065236068
2011-12-13,1,ridge,13,0.004352428682739884,0.0002506529343945648
2011-12-14,1,ridge,13,-0.003355916393001479,0.0005383288092093135
2011-12-15,1,ridge,13,-0.0007472911046475517,0.00011100808878291466
2011-12-16,1,ridge,13,-0.0001246028286461254,0.0002953034352522682
2011-12-19,1,ridge,13,-0.004621253462510744,0.0005645262946947635
2011-12-20,1,ridge,13,0.001751094881474735,-0.0004057612831634419
2011-12-21,1,ridge,13,-0.000750093796889395,0.00010580993130251074
2011-12-22,1,ridge,13,-0.0003752579942721823,3.9639079390838675e-05
2011-12-23,1,ridge,13,0.0,0.00017796270822038543
2011-12-26,1,ridge,13,-0.001627747182164185,0.00023395801812287222
2011-12-27,1,ridge,13,0.008733679968754515,0.0001528994167083846
2011-12-28,1,ridge,13,-0.0001242313188756228,0.0006032559673175644
2011-12-29,1,ridge,13,-0.003858845891280716,0.00012243371037365614
2011-12-30,1,ridge,13,0.0,0.00026383179512767487
2012-01-02,1,ridge,13,-0.00713439411387462,0.00018182336289402436
2012-01-03,1,ridge,13,0.006510602689492551,-0.0004401729502290881
2012-01-04,1,ridge,13,0.01005782365773999,0.0001905643514518313
2012-01-05,1,ridge,13,0.003822681762127189,0.0001260855386711233
2012-01-06,1,ridge,13,-0.00246457302816161,0.00030110558856521384
2012-01-09,1,ridge,13,-0.002965527936328982,7.627396045089599e-05
2012-01-10,1,ridge,13,0.006660113419690639,-0.0001332877184757103
2012-01-11,1,ridge,13,-0.007155224210841915,0.00038055045822974783
2012-01-12,1,ridge,13,0.00924277946026475,1.701185168199235e-05
2012-01-13,1,ridge,13,0.0,0.00041233004903934136
2012-01-16,1,ridge,13,-0.004179477503718054,7.569719318337036e-05
2012-01-17,1,ridge,13,-0.007046200115241597,-6.059277056933721e-05
2012-01-18,1,ridge,13,-0.004849850953602797,-0.00013821528869056268
2012-01-19,1,ridge,13,0.0,0.00016812974219505714
2012-01-20,1,ridge,13,-0.005500013864645936,0.00015306767869231806
2012-01-23,1,ridge,13,0.00112746645203643,0.00015849935195201212
2012-01-24,1,ridge,13,-0.003637507930514872,0.00021860386450392656
2012-01-25,1,ridge,13,-0.002390389261760717,0.00015539628070232686
2012-01-26,1,ridge,13,-0.006191187885193017,7.384937911539693e-05
2012-01-27,1,ridge,13,0.003416211331513708,0.0002740191000635618
2012-01-30,1,ridge,13,0.00151457810096467,0.000696916186340627
2012-01-31,1,ridge,13,-0.004677336129892851,0.00028825639706342416
2012-02-01,1,ridge,13,0.000886581021913635,0.00032728388895982995
2012-02-02,1,ridge,13,-0.000886581021913635,0.000539410383190414
2012-02-03,1,ridge,13,0.001898854928421123,0.000327421397629716
2012-02-06,1,ridge,13,-0.006216321952521753,0.0006022489488215795
2012-02-07,1,ridge,13,0.000763261708597085,0.00026565340081190035
2012-02-08,1,ridge,13,-0.0008905286511806665,0.0005520660818902845
2012-02-09,1,ridge,13,0.006849341845574841,0.0003782722458803993
2012-02-10,1,ridge,13,-0.002024548331653442,0.0008592980462696651
2012-02-13,1,ridge,13,0.007948064297131019,5.4607308029732595e-05
2012-02-14,1,ridge,13,0.001130298393491991,0.00045715358156327846
2012-02-15,1,ridge,13,-0.004024656419856498,0.00013190324573151055
2012-02-16,1,ridge,13,-0.0002520796585061547,0.00022242335933022158
2011-12-23,1,ridge,14,0.0,4.285829920841656e-05
2011-12-26,1,ridge,14,-0.001627747182164185,9.672267816367071e-05
2011-12-27,1,ridge,14,0.008733679968754515,-4.497784967098762e-06
2011-12-28,1,ridge,14,-0.0001242313188756228,0.00043934742064235345
2011-12-29,1,ridge,14,-0.003858845891280716,-2.3059289835568493e-05
2011-12-30,1,ridge,14,0.0,0.00010564611356750955
2012-01-02,1,ridge,14,-0.00713439411387462,5.0924045817742926e-05
2012-01-03,1,ridge,14,0.006510602689492551,-0.0005976274833350871
2012-01-04,1,ridge,14,0.01005782365773999,4.8713643580657116e-05
2012-01-05,1,ridge,14,0.003822681762127189,-2.921910031243092e-05
2012-01-06,1,ridge,14,-0.00246457302816161,0.0001836446167089883
2012-01-09,1,ridge,14,-0.002965527936328982,-6.0180381918970526e-05
2012-01-10,1,ridge,14,0.006660113419690639,-0.00030350763993086547
2012-01-11,1,ridge,14,-0.007155224210841915,0.000276287955802663
2012-01-12,1,ridge,14,0.00924277946026475,-0.00013606112849770798
2012-01-13,1,ridge,14,0.0,0.00030447270489947166
2012-01-16,1,ridge,14,-0.004179477503718054,-6.07225655587434e-05
2012-01-17,1,ridge,14,-0.007046200115241597,-0.00020253102878497477
2012-01-18,1,ridge,14,-0.004849850953602797,-0.00028869961583968915
2012-01-19,1,ridge,14,0.0,5.4076937391297304e-05
2012-01-20,1,ridge,14,-0.005500013864645936,6.002528368929895e-06
2012-01-23,1,ridge,14,0.00112746645203643,4.8495923481496205e-05
2012-01-24,1,ridge,14,-0.003637507930514872,9.912504683851086e-05
2012-01-25,1,ridge,14,-0.002390389261760717,5.6900365796099005e-05
2012-01-26,1,ridge,14,-0.006191187885193017,-9.468261764352016e-05
2012-01-27,1,ridge,14,0.003416211331513708,0.00013980127067528617
2012-01-30,1,ridge,14,0.00151457810096467,0.0005942998357144906
2012-01-31,1,ridge,14,-0.004677336129892851,0.00014948557908170661
2012-02-01,1,ridge,14,0.000886581021913635,0.00020380384480454204
2012-02-02,1,ridge,14,-0.000886581021913635,0.0003967706418773859
2012-02-03,1,ridge,14,0.001898854928421123,0.00020628609862481255
2012-02-06,1,ridge,14,-0.006216321952521753,0.00047774359698110163
2012-02-07,1,ridge,14,0.000763261708597085,0.0001210967371366917
2012-02-08,1,ridge,14,-0.0008905286511806665,0.00042019887733584996
2012-02-09,1,ridge,14,0.006849341845574841,0.00025157063724645445
2012-02-10,1,ridge,14,-0.002024548331653442,0.0007652731766852529
2012-02-13,1,ridge,14,0.007948064297131019,-9.470255671303121e-05
2012-02-14,1,ridge,14,0.001130298393491991,0.0003461082293857444
2012-02-15,1,ridge,14,-0.004024656419856498,-2.2722309812751873e-05
2012-02-16,1,ridge,14,-0.0002520796585061547,0.00013662084908835237
2012-02-17,1,ridge,14,0.0,0.00012306450553569646
2012-02-20,1,ridge,14,-0.003662313874299272,1.0972010767665828e-05
2012-02-21,1,ridge,14,0.00214850003657574,0.00015517433720188344
2012-02-22,1,ridge,14,-0.004935781709330733,0.00028682873280252134
2012-02-23,1,ridge,14,-0.005980802964828058,-0.00012486998711607985
2012-02-24,1,ridge,14,0.002803978385700567,7.361830270451145e-05
2012-02-27,1,ridge,14,-0.003825559370983278,0.00048339433091549043
2012-02-28,1,ridge,14,0.005986897698844196,8.954732837845774e-05
2012-02-29,1,ridge,14,0.0006347997420057538,0.0003038985168665636
2012-03-01,1,ridge,14,0.007712282995493425,0.0003527760476454242
2012-03-02,1,ridge,14,-0.001260239612287606,0.0004080109778197858
2012-03-05,1,ridge,14,0.007162184288494799,0.0004578590949146255
2012-03-06,1,ridge,14,-0.002005264489465475,0.0008600976927148573
2012-03-07,1,ridge,14,-0.007176612482553857,0.00014939395656522118
2012-03-08,1,ridge,14,0.01130807375825427,-0.0002025896576121264
2012-03-09,1,ridge,14,-0.001875821221581475,0.00039554722765927647
2012-03-12,1,ridge,14,0.003748130324986221,0.00037443950604756
2012-03-13,1,ridge,14,0.004603429591369945,-0.00023593346117259292
2012-03-14,1,ridge,14,-0.005102369354744951,0.00034759609957459476
2012-03-15,1,ridge,14,-0.004501695735372735,-1.9550407127379133e-05
2012-01-20,1,ridge,15,-0.005500013864645936,-0.0001838111346118253
2012-01-23,1,ridge,15,0.00112746645203643,-0.00018794965209199474
2012-01-24,1,ridge,15,-0.003637507930514872,-0.00012329728682434912
2012-01-25,1,ridge,15,-0.002390389261760717,-0.00019859569487571532
2012-01-26,1,ridge,15,-0.006191187885193017,-0.00025093582256268554
2012-01-27,1,ridge,15,0.003416211331513708,-5.6207402593597415e-05
2012-01-30,1,ridge,15,0.00151457810096467,0.000356041468480737
2012-01-31,1,ridge,15,-0.004677336129892851,-5.390555716330354e-05
2012-02-01,1,ridge,15,0.000886581021913635,-3.3534037141805034e-05
2012-02-02,1,ridge,15,-0.000886581021913635,0.00018449262298474324
2012-02-03,1,ridge,15,0.001898854928421123,-3.4241159722027826e-05
2012-02-06,1,ridge,15,-0.006216321952521753,0.0002564086530614602
2012-02-07,1,ridge,15,0.000763261708597085,-5.017450906850355e-05
2012-02-08,1,ridge,15,-0.0008905286511806665,0.00019930367006907207
2012-02-09,1,ridge,15,0.006849341845574841,5.3531067386714535e-05
2012-02-10,1,ridge,15,-0.002024548331653442,0.0005050043786536506
2012-02-13,1,ridge,15,0.007948064297131019,-0.0002645251388439385
2012-02-14,1,ridge,15,0.001130298393491991,0.00010217511613350795
2012-02-15,1,ridge,15,-0.004024656419856498,-0.00020201411182719007
2012-02-16,1,ridge,15,-0.0002520796585061547,-0.0001274810259450574
2012-02-17,1,ridge,15,0.0,-0.00012105402163714352
2012-02-20,1,ridge,15,-0.003662313874299272,-0.00017711772175206227
2012-02-21,1,ridge,15,0.00214850003657574,-4.025773378215822e-05
2012-02-22,1,ridge,15,-0.004935781709330733,6.29204281692758e-05
2012-02-23,1,ridge,15,-0.005980802964828058,-0.00027975127088029667
2012-02-24,1,ridge,15,0.002803978385700567,-0.00015101479032240094
2012-02-27,1,ridge,15,-0.003825559370983278,0.0002416350632328406
2012-02-28,1,ridge,15,0.005986897698844196,-0.00011542808496734939
2012-02-29,1,ridge,15,0.0006347997420057538,0.00010547417074219457
2012-03-01,1,ridge,15,0.007712282995493425,9.472589786023292e-05
2012-03-02,1,ridge,15,-0.001260239612287606,0.00019885834958655626
2012-03-05,1,ridge,15,0.007162184288494799,0.00022984225329553224
2012-03-06,1,ridge,15,-0.002005264489465475,0.000638948647954942
2012-03-07,1,ridge,15,-0.007176612482553857,-8.623397199463892e-05
2012-03-08,1,ridge,15,0.01130807375825427,-0.0003844349618296663
2012-03-09,1,ridge,15,-0.001875821221581475,0.00013957583460510363
2012-03-12,1,ridge,15,0.003748130324986221,0.00010788410335512832
2012-03-13,1,ridge,15,0.004603429591369945,-0.00040311429396076154
2012-03-14,1,ridge,15,-0.005102369354744951,8.122826440470113e-05
2012-03-15,1,ridge,15,-0.004501695735372735,-0.00021532121348540777
2012-03-16,1,ridge,15,0.0,-2.1315460961960817e-05
2012-03-19,1,ridge,15,-0.00250972650243142,-3.514835345797511e-05
2012-03-20,1,ridge,15,0.000879120935739941,0.0001415404133924248
2012-03-21,1,ridge,15,0.001003764199711377,0.00011930426173688584
2012-03-22,1,ridge,15,-0.005028926867025163,0.0002929530829592183
2012-03-23,1,ridge,15,-0.004547759227680359,-3.089308970510065e-05
2012-03-26,1,ridge,15,0.0008859077969773921,-9.863463030278257e-05
2012-03-27,1,ridge,15,0.001011505965620607,-2.459121483767827e-05
2012-03-28,1,ridge,15,0.0007579586012189665,0.0002769658783362845
2012-03-29,1,ridge,15,-0.002402175755299218,0.00031912551134897555
2012-03-30,1,ridge,15,-0.002281080700163862,-1.4545607354014064e-05
2012-04-02,1,ridge,15,0.00833864591675848,-0.00027455663001688807
2012-04-03,1,ridge,15,0.003767428793644889,0.00010825579226939503
2012-04-04,1,ridge,15,0.003753288529703802,0.00021798505940875658
2012-04-05,1,ridge,15,-0.002375446513013912,-7.181708513171142e-05
2012-04-06,1,ridge,15,-0.002004761979546466,-4.022558775223172e-05
2012-04-09,1,ridge,15,0.002004761979546466,9.30995460112524e-05
2012-04-10,1,ridge,15,-0.001127184038187679,0.0003376621610401641
2012-04-11,1,ridge,15,-0.006537614434030559,-0.0001698499658953591
2012-04-12,1,ridge,15,0.007664798472218237,-0.0006360871190633584
2012-02-17,1,ridge,16,0.0,-0.0007216342212745038
2012-02-20,1,ridge,16,-0.003662313874299272,-0.0007804606202452826
2012-02-21,1,ridge,16,0.00214850003657574,-0.0006397811474336515
2012-02-22,1,ridge,16,-0.004935781709330733,-0.0005452005926549999
2012-02-23,1,ridge,16,-0.005980802964828058,-0.0008922479208958258
2012-02-24,1,ridge,16,0.002803978385700567,-0.0007530438052938948
2012-02-27,1,ridge,16,-0.003825559370983278,-0.0003665277656860608
2012-02-28,1,ridge,16,0.005986897698844196,-0.0007327421209698705
2012-02-29,1,ridge,16,0.0006347997420057538,-0.0005061114714907458
2012-03-01,1,ridge,16,0.007712282995493425,-0.0004986410290369263
2012-03-02,1,ridge,16,-0.001260239612287606,-0.0004228046516092622
2012-03-05,1,ridge,16,0.007162184288494799,-0.00037423752882559413
2012-03-06,1,ridge,16,-0.002005264489465475,1.9140700023255572e-05
2012-03-07,1,ridge,16,-0.007176612482553857,-0.0006889603239994412
2012-03-08,1,ridge,16,0.01130807375825427,-0.0010011591302550367
2012-03-09,1,ridge,16,-0.001875821221581475,-0.0004737000754794279
2012-03-12,1,ridge,16,0.003748130324986221,-0.0004974700051587626
2012-03-13,1,ridge,16,0.004603429591369945,-0.001021990557032888
2012-03-14,1,ridge,16,-0.005102369354744951,-0.0005075156525688965
2012-03-15,1,ridge,16,-0.004501695735372735,-0.0008120039375286902
2012-03-16,1,ridge,16,0.0,-0.0006028268004042345
2012-03-19,1,ridge,16,-0.00250972650243142,-0.0006213925939993691
2012-03-20,1,ridge,16,0.000879120935739941,-0.0004533062763005683
2012-03-21,1,ridge,16,0.001003764199711377,-0.0004674740729074518
2012-03-22,1,ridge,16,-0.005028926867025163,-0.0003092625207320819
2012-03-23,1,ridge,16,-0.004547759227680359,-0.0006215248069873357
2012-03-26,1,ridge,16,0.0008859077969773921,-0.0006839814967222059
2012-03-27,1,ridge,16,0.001011505965620607,-0.0006374555215897818
2012-03-28,1,ridge,16,0.0007579586012189665,-0.0003251781444700926
2012-03-29,1,ridge,16,-0.002402175755299218,-0.00028619278400421696
2012-03-30,1,ridge,16,-0.002281080700163862,-0.0006122265971378927
2012-04-02,1,ridge,16,0.00833864591675848,-0.0008765691453687231
2012-04-03,1,ridge,16,0.003767428793644889,-0.0004910680955381884
2012-04-04,1,ridge,16,0.003753288529703802,-0.0003929301167526546
2012-04-05,1,ridge,16,-0.002375446513013912,-0.0006784845182889811
2012-04-06,1,ridge,16,-0.002004761979546466,-0.0006420113578541485
2012-04-09,1,ridge,16,0.002004761979546466,-0.0005120568314031797
2012-04-10,1,ridge,16,-0.001127184038187679,-0.0002882003360959062
2012-04-11,1,ridge,16,-0.006537614434030559,-0.0007662785056381133
2012-04-12,1,ridge,16,0.007664798472218237,-0.001260639743363017
2012-04-13,1,ridge,16,-0.004139234508179435,-0.0003636950617838756
2012-04-16,1,ridge,16,-0.001006036302155344,-0.0007285991848689588
2012-04-17,1,ridge,16,0.0007546220959282479,-0.0010109852502404651
2012-04-18,1,ridge,16,0.0002514142062270963,-0.0006389172816071786
2012-04-19,1,ridge,16,-0.004661425763450744,-0.0006415943971483681
2012-04-20,1,ridge,16,0.002900197480784961,-0.0009078716312024201
2012-04-23,1,ridge,16,-0.002521433509334869,-0.00016546813806976991
2012-04-24,1,ridge,16,-0.002654365459128449,-0.0005882362928725527
2012-04-25,1,ridge,16,-0.001139745580228002,-0.0009880314361425577
2012-04-26,1,ridge,16,-0.002664469000055902,-0.000740468280036112
2012-04-27,1,ridge,16,0.0008889453884011189,-0.0005136454305227884
2012-04-30,1,ridge,16,0.001014970906721757,-0.0005874439641770361
2012-05-01,1,ridge,16,0.00341794117162042,-0.0007935242107634346
2012-05-02,1,ridge,16,0.001136722572669058,-0.0005351918475591645
2012-05-03,1,ridge,16,0.00352822946651532,-0.0006379384453088757
2012-05-04,1,ridge,16,0.001257071190051029,-0.00025280246446875946
2012-05-07,1,ridge,16,0.001757249102872116,-0.00048034753282838
2012-05-08,1,ridge,16,0.004254793053755535,-0.0005178758053010048
2012-05-09,1,ridge,16,0.0003745552200609126,-0.0006406982789075551
2012-05-10,1,ridge,16,0.001870674611745393,-0.0009839019307838403
2012-03-16,1,ridge,17,0.0,-0.0006144486435501411
2012-03-19,1,ridge,17,-0.00250972650243142,-0.0006388433347642342
2012-03-20,1,ridge,17,0.000879120935739941,-0.00047370851118197033
2012-03-21,1,ridge,17,0.001003764199711377,-0.0004821622687066134
2012-03-22,1,ridge,17,-0.005028926867025163,-0.0003378215955045719
2012-03-23,1,ridge,17,-0.004547759227680359,-0.0006287334262321048
2012-03-26,1,ridge,17,0.0008859077969773921,-0.0006939375912915015
2012-03-27,1,ridge,17,0.001011505965620607,-0.0006450166079531893
2012-03-28,1,ridge,17,0.0007579586012189665,-0.0003475896857204766
2012-03-29,1,ridge,17,-0.002402175755299218,-0.00030686019034754453
2012-03-30,1,ridge,17,-0.002281080700163862,-0.0006192610532113657
2012-04-02,1,ridge,17,0.00833864591675848,-0.0008699992385425694
2012-04-03,1,ridge,17,0.003767428793644889,-0.0005212445325144125
2012-04-04,1,ridge,17,0.003753288529703802,-0.00042168074364538823
2012-04-05,1,ridge,17,-0.002375446513013912,-0.0006840927448463177
2012-04-06,1,ridge,17,-0.002004761979546466,-0.0006536268197506076
2012-04-09,1,ridge,17,0.002004761979546466,-0.0005258198365477232
2012-04-10,1,ridge,17,-0.001127184038187679,-0.00030914575171541933
2012-04-11,1,ridge,17,-0.006537614434030559,-0.0007843361785786965
2012-04-12,1,ridge,17,0.007664798472218237,-0.0012422838635665066
2012-04-13,1,ridge,17,-0.004139234508179435,-0.00039482516816950194
2012-04-16,1,ridge,17,-0.001006036302155344,-0.0007405450679535648
2012-04-17,1,ridge,17,0.0007546220959282479,-0.0010178520178592792
2012-04-18,1,ridge,17,0.0002514142062270963,-0.000652216608217981
2012-04-19,1,ridge,17,-0.004661425763450744,-0.0006548598710743197
2012-04-20,1,ridge,17,0.002900197480784961,-0.0008994951123405379
2012-04-23,1,ridge,17,-0.002521433509334869,-0.00019981980523330143
2012-04-24,1,ridge,17,-0.002654365459128449,-0.0006056943014627396
2012-04-25,1,ridge,17,-0.001139745580228002,-0.0009806634842511098
2012-04-26,1,ridge,17,-0.002664469000055902,-0.0007467315902757302
2012-04-27,1,ridge,17,0.0008889453884011189,-0.0005228214662716619
2012-04-30,1,ridge,17,0.001014970906721757,-0.000591152421091467
2012-05-01,1,ridge,17,0.00341794117162042,-0.0007989681741663633
2012-05-02,1,ridge,17,0.001136722572669058,-0.0005500317897067664
2012-05-03,1,ridge,17,0.00352822946651532,-0.0006458931574871273
2012-05-04,1,ridge,17,0.001257071190051029,-0.0002769859667181001
2012-05-07,1,ridge,17,0.001757249102872116,-0.0005004953121260643
2012-05-08,1,ridge,17,0.004254793053755535,-0.000544432191990735
2012-05-09,1,ridge,17,0.0003745552200609126,-0.0006581335855295321
2012-05-10,1,ridge,17,0.001870674611745393,-0.0009829749397925263
2012-05-11,1,ridge,17,0.004351346456738625,-0.0006235870733490901
2012-05-14,1,ridge,17,0.007538810962642195,-0.00038807130029151754
2012-05-15,1,ridge,17,0.001845132450413622,-0.0006099965194420753
2012-05-16,1,ridge,17,0.0001228878649781606,-0.000588522743259819
2012-05-17,1,ridge,17,-0.00110653481506251,-0.00039246608719657505
2012-05-18,1,ridge,17,-0.002586686174682384,-0.00048400778307846655
2012-05-21,1,ridge,17,0.005043991748329368,-0.0009111023462502871
2012-05-22,1,ridge,17,0.007335893028046492,-0.0007678684091381886
2012-05-23,1,ridge,17,0.003162250263474498,-0.000497194231896991
2012-05-24,1,ridge,17,0.0006069802917769707,-0.0007891046510056243
2012-05-25,1,ridge,17,0.0,-0.0007584876522118021
2012-05-28,1,ridge,17,0.0009704027932784243,-0.0007942560741275974
2012-05-29,1,ridge,17,0.006525702916188258,-0.000836411771842076
2012-05-30,1,ridge,17,0.0002408767926853628,-0.0002655875415524401
2012-05-31,1,ridge,17,-0.001807991814143151,-0.000582698571319192
2012-06-01,1,ridge,17,-0.003989125870182519,-0.0003968072254929444
2012-06-04,1,ridge,17,0.003265012876919826,-0.0009447070839363607
2012-06-05,1,ridge,17,-0.006176223084378485,-0.0012613510297665583
2012-06-06,1,ridge,17,-0.003285273989694026,-0.0015173598646067397
2012-06-07,1,ridge,17,0.005590680580151997,-0.0010555832286398479
2012-04-13,1,ridge,18,-0.004139234508179435,-0.0004677718591112093
2012-04-16,1,ridge,18,-0.001006036302155344,-0.0008064846921755875
2012-04-17,1,ridge,18,0.0007546220959282479,-0.0010648898396546091
2012-04-18,1,ridge,18,0.0002514142062270963,-0.0007046446514676356
2012-04-19,1,ridge,18,-0.004661425763450744,-0.0007018355482740009
2012-04-20,1,ridge,18,0.002900197480784961,-0.0008741944104242893
2012-04-23,1,ridge,18,-0.002521433509334869,-0.0002988882253350686
2012-04-24,1,ridge,18,-0.002654365459128449,-0.0007429096623872782
2012-04-25,1,ridge,18,-0.001139745580228002,-0.000960475048684297
2012-04-26,1,ridge,18,-0.002664469000055902,-0.0007956878010770784
2012-04-27,1,ridge,18,0.0008889453884011189,-0.0006241440276220109
2012-04-30,1,ridge,18,0.001014970906721757,-0.0006017519096976553
2012-05-01,1,ridge,18,0.00341794117162042,-0.0008305318360452176
2012-05-02,1,ridge,18,0.001136722572669058,-0.0006204184232929425
2012-05-03,1,ridge,18,0.00352822946651532,-0.0006602931233551977
2012-05-04,1,ridge,18,0.001257071190051029,-0.0003352453642293023
2012-05-07,1,ridge,18,0.001757249102872116,-0.0006038075366288562
2012-05-08,1,ridge,18,0.004254793053755535,-0.000616588556961576
2012-05-09,1,ridge,18,0.0003745552200609126,-0.0006866728176719587
2012-05-10,1,ridge,18,0.001870674611745393,-0.0009722013477607915
2012-05-11,1,ridge,18,0.004351346456738625,-0.0006848938590007557
2012-05-14,1,ridge,18,0.007538810962642195,-0.0004777276892217391
2012-05-15,1,ridge,18,0.001845132450413622,-0.0006740891004381394
2012-05-16,1,ridge,18,0.0001228878649781606,-0.00062940090343323
2012-05-17,1,ridge,18,-0.00110653481506251,-0.0004300092131295556
2012-05-18,1,ridge,18,-0.002586686174682384,-0.0005709270441615707
2012-05-21,1,ridge,18,0.005043991748329368,-0.0009971106820946846
2012-05-22,1,ridge,18,0.007335893028046492,-0.0007760809612896728
2012-05-23,1,ridge,18,0.003162250263474498,-0.0005313188693806533
2012-05-24,1,ridge,18,0.0006069802917769707,-0.0008461884358845078
2012-05-25,1,ridge,18,0.0,-0.0008177818016867766
2012-05-28,1,ridge,18,0.0009704027932784243,-0.0008256583869328992
2012-05-29,1,ridge,18,0.006525702916188258,-0.0009092326285481329
2012-05-30,1,ridge,18,0.0002408767926853628,-0.0002953097596914716
2012-05-31,1,ridge,18,-0.001807991814143151,-0.0006685226867564707
2012-06-01,1,ridge,18,-0.003989125870182519,-0.0004951590217552689
2012-06-04,1,ridge,18,0.003265012876919826,-0.001007602197659538
2012-06-05,1,ridge,18,-0.006176223084378485,-0.001273583438256196
2012-06-06,1,ridge,18,-0.003285273989694026,-0.0015959236663592095
2012-06-07,1,ridge,18,0.005590680580151997,-0.0011022219842945023
2012-06-08,1,ridge,18,0.0001211900867987836,-0.0009671845538734129
2012-06-11,1,ridge,18,-0.001212562292379538,-0.0009555369717465362
2012-06-12,1,ridge,18,-0.004377438896630892,-0.0013092263424787586
2012-06-13,1,ridge,18,-0.0008533984059537758,-0.0009002865905732467
2012-06-14,1,ridge,18,-0.004400447144822017,-0.0012398022038973874
2012-06-15,1,ridge,18,0.003912463726574167,-0.0011690261684444607
2012-06-18,1,ridge,18,-0.006979762616294849,-0.0010098859097771623
2012-06-19,1,ridge,18,0.002454591315868448,-0.0012922542617005278
2012-06-20,1,ridge,18,0.008665459728209868,-0.0009768518864990104
2012-06-21,1,ridge,18,-0.0003646308153442135,-0.0005865949418574542
2012-06-22,1,ridge,18,0.002913330538357073,-0.0011527057884122608
2012-06-25,1,ridge,18,-0.001577000387477767,-0.0007017602992520248
2012-06-26,1,ridge,18,0.003030489015461768,-0.0011867229212415907
2012-06-27,1,ridge,18,0.00229704507698969,-0.0011886652322381905
2012-06-28,1,ridge,18,-0.01435198558234418,-0.000897072989572499
2012-06-29,1,ridge,18,0.002935781925092584,-0.0018607063759917895
2012-07-02,1,ridge,18,-0.001099908451860365,-0.001100435483496723
2012-07-03,1,ridge,18,0.0,-0.001430171256388735
2012-07-04,1,ridge,18,0.01251611210911197,-0.000971972577755146
2012-07-05,1,ridge,18,0.006859645407041981,-0.0010272123447850137
2012-05-11,1,ridge,19,0.004351346456738625,-0.0005272775030611231
2012-05-14,1,ridge,19,0.007538810962642195,-0.0003277481930314723
2012-05-15,1,ridge,19,0.001845132450413622,-0.0005185315411478598
2012-05-16,1,ridge,19,0.0001228878649781606,-0.0004553037765879974
2012-05-17,1,ridge,19,-0.00110653481506251,-0.0002665261884438159
2012-05-18,1,ridge,19,-0.002586686174682384,-0.0004204773445429414
2012-05-21,1,ridge,19,0.005043991748329368,-0.000855300648937136
2012-05-22,1,ridge,19,0.007335893028046492,-0.0006045728970400636
2012-05-23,1,ridge,19,0.003162250263474498,-0.00035620285490769494
2012-05-24,1,ridge,19,0.0006069802917769707,-0.000688296925424939
2012-05-25,1,ridge,19,0.0,-0.0006617088958830157
2012-05-28,1,ridge,19,0.0009704027932784243,-0.0006591034076264881
2012-05-29,1,ridge,19,0.006525702916188258,-0.0007617174630751654
2012-05-30,1,ridge,19,0.0002408767926853628,-0.00011759101152032376
2012-05-31,1,ridge,19,-0.001807991814143151,-0.0005118206182991497
2012-06-01,1,ridge,19,-0.003989125870182519,-0.00034874611050069137
2012-06-04,1,ridge,19,0.003265012876919826,-0.0008479663950578505
2012-06-05,1,ridge,19,-0.006176223084378485,-0.0010965410415332871
2012-06-06,1,ridge,19,-0.003285273989694026,-0.001455903221922516
2012-06-07,1,ridge,19,0.005590680580151997,-0.0009480205984351034
2012-06-08,1,ridge,19,0.0001211900867987836,-0.0008030037717884813
2012-06-11,1,ridge,19,-0.001212562292379538,-0.0008074793010378987
2012-06-12,1,ridge,19,-0.004377438896630892,-0.0011375549854879966
2012-06-13,1,ridge,19,-0.0008533984059537758,-0.000761970886837541
2012-06-14,1,ridge,19,-0.004400447144822017,-0.0010676119267502742
2012-06-15,1,ridge,19,0.003912463726574167,-0.0010511414604408111
2012-06-18,1,ridge,19,-0.006979762616294849,-0.0008531348807389505
2012-06-19,1,ridge,19,0.002454591315868448,-0.0011246757700864732
2012-06-20,1,ridge,19,0.008665459728209868,-0.0008304174369584692
2012-06-21,1,ridge,19,-0.0003646308153442135,-0.0004227529634398916
2012-06-22,1,ridge,19,0.002913330538357073,-0.0010035859750196878
2012-06-25,1,ridge,19,-0.001577000387477767,-0.0005401149209353449
2012-06-26,1,ridge,19,0.003030489015461768,-0.0010108798060764453
2012-06-27,1,ridge,19,0.00229704507698969,-0.0010618406587857
2012-06-28,1,ridge,19,-0.01435198558234418,-0.0007334755769143512
2012-06-29,1,ridge,19,0.002935781925092584,-0.0017421645148424417
2012-07-02,1,ridge,19,-0.001099908451860365,-0.0009260607728785718
2012-07-03,1,ridge,19,0.0,-0.0012766084768389397
2012-07-04,1,ridge,19,0.01251611210911197,-0.0008379654818651031
2012-07-05,1,ridge,19,0.006859645407041981,-0.0008580623326743691
2012-07-06,1,ridge,19,-0.002642009462838324,-0.0006931880141422528
2012-07-09,1,ridge,19,0.002881846374888752,-0.0010131450941758286
2012-07-10,1,ridge,19,0.002036294648643633,-0.000757208957480058
2012-07-11,1,ridge,19,0.001076362000707931,-0.0010582754794131203
2012-07-12,1,ridge,19,-0.003712356817249685,-0.0007122999239164861
2012-07-13,1,ridge,19,-0.003003907335400235,-0.0013266121924316704
2012-07-16,1,ridge,19,-0.0008427135874633507,-0.001007591706111703
2012-07-17,1,ridge,19,0.0004816375770406722,-0.0011171075985863066
2012-07-18,1,ridge,19,-0.002289847339807416,-0.0010333489067336848
2012-07-19,1,ridge,19,0.007213303697827911,-0.0011249963182595225
2012-07-20,1,ridge,19,0.00275136246296448,-0.0005957699223132205
2012-07-23,1,ridge,19,0.003458354171348432,-0.000486921335637914
2012-07-24,1,ridge,19,-0.005730674708984473,-0.0007719870722995391
2012-07-25,1,ridge,19,-0.008537297088720308,-0.0010269440101914507
2012-07-26,1,ridge,19,-0.001208313341793499,-0.0014123945746572176
2012-07-27,1,ridge,19,0.00096676744689983,-0.0012775202035353746
2012-07-30,1,ridge,19,-0.001813456339331943,-0.0009568297108188209
2012-07-31,1,ridge,19,0.005069413391224131,-0.0009538361183483303
2012-08-01,1,ridge,19,0.003605339802449592,-0.0010845647043950894
2012-08-02,1,ridge,19,-0.01182588899712211,-0.001017808784235088
2012-06-08,1,ridge,20,0.0001211900867987836,-8.698749350870174e-05
2012-06-11,1,ridge,20,-0.001212562292379538,-8.940584583617712e-05
2012-06-12,1,ridge,20,-0.004377438896630892,-0.00044398568556711966
2012-06-13,1,ridge,20,-0.0008533984059537758,-6.42587715135775e-05
2012-06-14,1,ridge,20,-0.004400447144822017,-0.00037771126578549526
2012-06-15,1,ridge,20,0.003912463726574167,-0.0003475059633104455
2012-06-18,1,ridge,20,-0.006979762616294849,-0.0001483752633166454
2012-06-19,1,ridge,20,0.002454591315868448,-0.0004388639234677364
2012-06-20,1,ridge,20,0.008665459728209868,-0.00013583241292269594
2012-06-21,1,ridge,20,-0.0003646308153442135,0.0003129726123708644
2012-06-22,1,ridge,20,0.002913330538357073,-0.0003018214434620344
2012-06-25,1,ridge,20,-0.001577000387477767,0.0001538145517107192
2012-06-26,1,ridge,20,0.003030489015461768,-0.00031363121717254604
2012-06-27,1,ridge,20,0.00229704507698969,-0.0003537043338046703
2012-06-28,1,ridge,20,-0.01435198558234418,-1.863548575566765e-05
2012-06-29,1,ridge,20,0.002935781925092584,-0.0010837405574921815
2012-07-02,1,ridge,20,-0.001099908451860365,-0.000246439094989533
2012-07-03,1,ridge,20,0.0,-0.0006134382262340441
2012-07-04,1,ridge,20,0.01251611210911197,-0.00014608998052207588
2012-07-05,1,ridge,20,0.006859645407041981,-0.00015472077693962506
2012-07-06,1,ridge,20,-0.002642009462838324,3.4291314910977924e-05
2012-07-09,1,ridge,20,0.002881846374888752,-0.00031182792882507695
2012-07-10,1,ridge,20,0.002036294648643633,-3.873448696607338e-05
2012-07-11,1,ridge,20,0.001076362000707931,-0.00034168821535466334
2012-07-12,1,ridge,20,-0.003712356817249685,5.698871840382764e-06
2012-07-13,1,ridge,20,-0.003003907335400235,-0.0006226210657751285
2012-07-16,1,ridge,20,-0.0008427135874633507,-0.00029596484015037723
2012-07-17,1,ridge,20,0.0004816375770406722,-0.00040609951878768543
2012-07-18,1,ridge,20,-0.002289847339807416,-0.00030498934603387276
2012-07-19,1,ridge,20,0.007213303697827911,-0.00042089855481350054
2012-07-20,1,ridge,20,0.00275136246296448,0.0001325651513972918
2012-07-23,1,ridge,20,0.003458354171348432,0.0002425250005296764
2012-07-24,1,ridge,20,-0.005730674708984473,-5.071737199310053e-05
2012-07-25,1,ridge,20,-0.008537297088720308,-0.00032610032116558405
2012-07-26,1,ridge,20,-0.001208313341793499,-0.0007177061276995688
2012-07-27,1,ridge,20,0.00096676744689983,-0.0005769119283279237
2012-07-30,1,ridge,20,-0.001813456339331943,-0.0002550652588715981
2012-07-31,1,ridge,20,0.005069413391224131,-0.0002463551370584471
2012-08-01,1,ridge,20,0.003605339802449592,-0.0003826215415973013
2012-08-02,1,ridge,20,-0.01182588899712211,-0.00030277960737372785
2012-08-03,1,ridge,20,-0.001336167827095558,-0.0010831364277864113
2012-08-06,1,ridge,20,-0.0007295720167972419,-0.0005568715563061421
2012-08-07,1,ridge,20,0.002187121163457206,-0.0006200875884704237
2012-08-08,1,ridge,20,0.003029754483883984,-0.0005099033838208361
2012-08-09,1,ridge,20,-0.001089654445245891,-0.0005383108799104494
2012-08-10,1,ridge,20,-0.001333414343879014,-0.0004867173290209818
2012-08-13,1,ridge,20,0.000485083686446508,-0.00046269638819342653
2012-08-14,1,ridge,20,0.001937985102678397,-0.0006356598046452068
2012-08-15,1,ridge,20,-0.003393942651793935,-0.0005700007100914088
2012-08-16,1,ridge,20,0.002909798367343619,-0.0008053393659047499
2012-08-17,1,ridge,20,-0.001696353248179072,-0.0006585825542402635
2012-08-20,1,ridge,20,-0.006692243751243332,-0.0006085904963781395
2012-08-21,1,ridge,20,-0.005140770195382061,-0.0006538741082351626
2012-08-22,1,ridge,20,-0.001596561591823864,-0.0004387342036243751
2012-08-23,1,ridge,20,0.002822953700404973,-0.0003741016861167431
2012-08-24,1,ridge,20,0.0008575804507202633,-0.0003982153682784697
2012-08-27,1,ridge,20,-0.003557631182864007,-0.0005298249288182412
2012-08-28,1,ridge,20,0.002209674358457647,-0.0005146006778870306
2012-08-29,1,ridge,20,0.001715266286754336,-0.0004441871614894396
2012-08-30,1,ridge,20,-0.005893203059458507,-0.00026968435640046433
2012-07-06,1,ridge,21,-0.002642009462838324,0.00043074607403957983
2012-07-09,1,ridge,21,0.002881846374888752,8.03077093068402e-05
2012-07-10,1,ridge,21,0.002036294648643633,0.0003836313452069666
2012-07-11,1,ridge,21,0.001076362000707931,5.302989174703399e-05
2012-07-12,1,ridge,21,-0.003712356817249685,0.0003604145660598237
2012-07-13,1,ridge,21,-0.003003907335400235,-0.0001990783510760067
2012-07-16,1,ridge,21,-0.0008427135874633507,7.673643550054237e-05
2012-07-17,1,ridge,21,0.0004816375770406722,-1.737734538509822e-05
2012-07-18,1,ridge,21,-0.002289847339807416,9.330393308259526e-05
2012-07-19,1,ridge,21,0.007213303697827911,-3.7982677599711146e-05
2012-07-20,1,ridge,21,0.00275136246296448,0.0005174651902585836
2012-07-23,1,ridge,21,0.003458354171348432,0.0006073741819352562
2012-07-24,1,ridge,21,-0.005730674708984473,0.00033113628363455014
2012-07-25,1,ridge,21,-0.008537297088720308,6.947172000698701e-05
2012-07-26,1,ridge,21,-0.001208313341793499,-0.0003643672503540523
2012-07-27,1,ridge,21,0.00096676744689983,-0.00014043937489628282
2012-07-30,1,ridge,21,-0.001813456339331943,0.00015379823424567545
2012-07-31,1,ridge,21,0.005069413391224131,0.00010875671836379468
2012-08-01,1,ridge,21,0.003605339802449592,2.848757492917809e-05
2012-08-02,1,ridge,21,-0.01182588899712211,7.766576579925259e-05
2012-08-03,1,ridge,21,-0.001336167827095558,-0.0006494566922722219
2012-08-06,1,ridge,21,-0.0007295720167972419,-0.0001652514722454494
2012-08-07,1,ridge,21,0.002187121163457206,-0.00022591731856645155
2012-08-08,1,ridge,21,0.003029754483883984,-0.00015289218407466882
2012-08-09,1,ridge,21,-0.001089654445245891,-0.00014988486941809376
2012-08-10,1,ridge,21,-0.001333414343879014,-9.365841363263241e-05
2012-08-13,1,ridge,21,0.000485083686446508,-4.26771152385101e-05
2012-08-14,1,ridge,21,0.001937985102678397,-0.00025022892439307133
2012-08-15,1,ridge,21,-0.003393942651793935,-0.00020546578148416254
2012-08-16,1,ridge,21,0.002909798367343619,-0.0004191435037039629
2012-08-17,1,ridge,21,-0.001696353248179072,-0.00029188624067209016
2012-08-20,1,ridge,21,-0.006692243751243332,-0.00023129407379274036
2012-08-21,1,ridge,21,-0.005140770195382061,-0.0002682135592971178
2012-08-22,1,ridge,21,-0.001596561591823864,-6.023008707704482e-05
2012-08-23,1,ridge,21,0.002822953700404973,3.1871612195277416e-05
2012-08-24,1,ridge,21,0.0008575804507202633,2.0666016848493122e-05
2012-08-27,1,ridge,21,-0.003557631182864007,-0.00017666803407916044
2012-08-28,1,ridge,21,0.002209674358457647,-0.00013501453692127895
2012-08-29,1,ridge,21,0.001715266286754336,-5.4725733907495704e-05
2012-08-30,1,ridge,21,-0.005893203059458507,0.00013543029350312146
2012-08-31,1,ridge,21,0.0,-0.0001998243690635617
2012-09-03,1,ridge,21,0.001230617925426891,5.987925760681743e-05
2012-09-04,1,ridge,21,-0.000984373156883045,0.00020527509511953154
2012-09-05,1,ridge,21,-0.002341777122435218,0.0001434954482349472
2012-09-06,1,ridge,21,-0.009796097930302672,-0.00034341368616194523
2012-09-07,1,ridge,21,0.0,-0.00014742712255734334
2012-09-10,1,ridge,21,-0.00487166037504938,0.00020243906757877635
2012-09-11,1,ridge,21,-0.001503759681866335,-9.761930100375208e-05
2012-09-12,1,ridge,21,-0.006037754190920452,7.18313457413248e-05
2012-09-13,1,ridge,21,-0.005186274353241593,-7.94602011656792e-05
2012-09-14,1,ridge,21,0.002027113325595131,-0.0001456601289435179
2012-09-17,1,ridge,21,0.003032986022748041,0.00025887457462448545
2012-09-18,1,ridge,21,-0.002400354888850487,0.0003419399406531055
2012-09-19,1,ridge,21,0.00441724703857993,0.0002190273886291705
2012-09-20,1,ridge,21,-0.001007937593207942,0.00028848994665345805
2012-09-21,1,ridge,21,0.002392195034406797,9.51748374307207e-05
2012-09-24,1,ridge,21,0.0003771924354767364,0.0003586749338311072
2012-09-25,1,ridge,21,0.004264933710155461,0.00024718921674330525
2012-09-26,1,ridge,21,-0.004264933710155461,0.0003829547605163484
2012-09-27,1,ridge,21,0.004890598499382115,-0.00012461451736586065
2012-08-03,1,ridge,22,-0.001336167827095558,-0.0008227406241816548
2012-08-06,1,ridge,22,-0.0007295720167972419,-0.000336168663065565
2012-08-07,1,ridge,22,0.002187121163457206,-0.00039734288186068703
2012-08-08,1,ridge,22,0.003029754483883984,-0.00032838707544758
2012-08-09,1,ridge,22,-0.001089654445245891,-0.00031984497893251666
2012-08-10,1,ridge,22,-0.001333414343879014,-0.00027187318074124435
2012-08-13,1,ridge,22,0.000485083686446508,-0.00021749869382076478
2012-08-14,1,ridge,22,0.001937985102678397,-0.0004210843492501938
2012-08-15,1,ridge,22,-0.003393942651793935,-0.00037893561687440437
2012-08-16,1,ridge,22,0.002909798367343619,-0.0005881721428787474
2012-08-17,1,ridge,22,-0.001696353248179072,-0.00046117389070481714
2012-08-20,1,ridge,22,-0.006692243751243332,-0.00040463899758380834
2012-08-21,1,ridge,22,-0.005140770195382061,-0.0004368858933984315
2012-08-22,1,ridge,22,-0.001596561591823864,-0.0002312419858548919
2012-08-23,1,ridge,22,0.002822953700404973,-0.0001387392793454555
2012-08-24,1,ridge,22,0.0008575804507202633,-0.00015334805900373867
2012-08-27,1,ridge,22,-0.003557631182864007,-0.00035096366607540537
2012-08-28,1,ridge,22,0.002209674358457647,-0.0003093453042480395
2012-08-29,1,ridge,22,0.001715266286754336,-0.00022855614484776468
2012-08-30,1,ridge,22,-0.005893203059458507,-4.394798340492131e-05
2012-08-31,1,ridge,22,0.0,-0.00037639970164776596
2012-09-03,1,ridge,22,0.001230617925426891,-0.0001076615201913535
2012-09-04,1,ridge,22,-0.000984373156883045,3.196014460743258e-05
2012-09-05,1,ridge,22,-0.002341777122435218,-2.9200214144837386e-05
2012-09-06,1,ridge,22,-0.009796097930302672,-0.000506663067856594
2012-09-07,1,ridge,22,0.0,-0.0003069343453422426
2012-09-10,1,ridge,22,-0.00487166037504938,3.8239978788822654e-05
2012-09-11,1,ridge,22,-0.001503759681866335,-0.0002636921805371089
2012-09-12,1,ridge,22,-0.006037754190920452,-8.693791180176643e-05
2012-09-13,1,ridge,22,-0.005186274353241593,-0.00023999050606289052
2012-09-14,1,ridge,22,0.002027113325595131,-0.0002957084512423806
2012-09-17,1,ridge,22,0.003032986022748041,0.00010406243791184469
2012-09-18,1,ridge,22,-0.002400354888850487,0.00018038582489421953
2012-09-19,1,ridge,22,0.00441724703857993,5.955469623396407e-05
2012-09-20,1,ridge,22,-0.001007937593207942,0.00012446424556182355
2012-09-21,1,ridge,22,0.002392195034406797,-6.700377333323295e-05
2012-09-24,1,ridge,22,0.0003771924354767364,0.0001933904810650213
2012-09-25,1,ridge,22,0.004264933710155461,8.118017549793215e-05
2012-09-26,1,ridge,22,-0.004264933710155461,0.00020864689512322944
2012-09-27,1,ridge,22,0.004890598499382115,-0.0002901567296688649
2012-09-28,1,ridge,22,-0.001502253662589936,0.00023173188346686406
2012-10-01,1,ridge,22,-0.00100275766737834,3.7513883045135133e-05
2012-10-02,1,ridge,22,0.002880222390588827,6.941965307963049e-05
2012-10-03,1,ridge,22,-0.007783117371380044,0.0001287688734784029
2012-10-04,1,ridge,22,-0.000126031886233946,-0.00027492300206961184
2012-10-05,1,ridge,22,0.002517624693360254,0.00018268127223061703
2012-10-08,1,ridge,22,0.005141399500418586,0.00020883343861133016
2012-10-09,1,ridge,22,-0.0003753049396646446,0.00017076513490584677
2012-10-10,1,ridge,22,-0.001753287863037301,0.00018886518435690287
2012-10-11,1,ridge,22,-0.001379743084986451,-0.0001078730731255922
2012-10-12,1,ridge,22,0.0008782385609347187,3.00692829804381e-05
2012-10-15,1,ridge,22,-0.00414703704608943,4.045943840056288e-07
2012-10-16,1,ridge,22,-0.004923319923875624,-0.0002855661530214143
2012-10-17,1,ridge,22,0.00441947811953991,-8.215961652081863e-05
2012-10-18,1,ridge,22,0.003144854469387504,0.00011041874272916986
2012-10-19,1,ridge,22,0.0003767187838858987,0.00024501937747041784
2012-10-22,1,ridge,22,0.004134567062615169,-9.876986090583261e-05
2012-10-23,1,ridge,22,-0.0008756020323010816,0.00024369008691456156
2012-10-24,1,ridge,22,0.001625508329160752,-5.434469372290229e-05
2012-10-25,1,ridge,22,0.0003747423690096952,-0.0001927180556748433
2012-08-31,1,ridge,23,0.0,-0.000428962733968289
2012-09-03,1,ridge,23,0.001230617925426891,-0.0001570767269238942
2012-09-04,1,ridge,23,-0.000984373156883045,-1.6696535617516286e-05
2012-09-05,1,ridge,23,-0.002341777122435218,-7.839073301468287e-05
2012-09-06,1,ridge,23,-0.009796097930302672,-0.0005561817096259059
2012-09-07,1,ridge,23,0.0,-0.00034792305465146704
2012-09-10,1,ridge,23,-0.00487166037504938,-7.507725045447747e-06
2012-09-11,1,ridge,23,-0.001503759681866335,-0.00031379049274524466
2012-09-12,1,ridge,23,-0.006037754190920452,-0.00012944621195806733
2012-09-13,1,ridge,23,-0.005186274353241593,-0.00028486551303212593
2012-09-14,1,ridge,23,0.002027113325595131,-0.00033421764860464573
2012-09-17,1,ridge,23,0.003032986022748041,5.6122036722160065e-05
2012-09-18,1,ridge,23,-0.002400354888850487,0.00013304228208430754
2012-09-19,1,ridge,23,0.00441724703857993,1.480013057735826e-05
2012-09-20,1,ridge,23,-0.001007937593207942,7.630975971984377e-05
2012-09-21,1,ridge,23,0.002392195034406797,-0.0001137584629243971
2012-09-24,1,ridge,23,0.0003771924354767364,0.00014657165384324635
2012-09-25,1,ridge,23,0.004264933710155461,3.222775133896491e-05
2012-09-26,1,ridge,23,-0.004264933710155461,0.0001578787657909865
2012-09-27,1,ridge,23,0.004890598499382115,-0.00034024014158258063
2012-09-28,1,ridge,23,-0.001502253662589936,0.00018577270291183495
2012-10-01,1,ridge,23,-0.00100275766737834,-1.1172444089654706e-05
2012-10-02,1,ridge,23,0.002880222390588827,2.0693288392629398e-05
2012-10-03,1,ridge,23,-0.007783117371380044,7.875095289767428e-05
2012-10-04,1,ridge,23,-0.000126031886233946,-0.000326696775559473
2012-10-05,1,ridge,23,0.002517624693360254,0.00013973690477016995
2012-10-08,1,ridge,23,0.005141399500418586,0.00015668816591298795
2012-10-09,1,ridge,23,-0.0003753049396646446,0.0001212664473811609
2012-10-10,1,ridge,23,-0.001753287863037301,0.00013701510115748334
2012-10-11,1,ridge,23,-0.001379743084986451,-0.00015980434359146132
2012-10-12,1,ridge,23,0.0008782385609347187,-1.8452350386860834e-05
2012-10-15,1,ridge,23,-0.00414703704608943,-4.522145566566306e-05
2012-10-16,1,ridge,23,-0.004923319923875624,-0.00033432617362480553
2012-10-17,1,ridge,23,0.00441947811953991,-0.0001246266297283687
2012-10-18,1,ridge,23,0.003144854469387504,6.707910679950251e-05
2012-10-19,1,ridge,23,0.0003767187838858987,0.00019598739247468332
2012-10-22,1,ridge,23,0.004134567062615169,-0.00014917703956726408
2012-10-23,1,ridge,23,-0.0008756020323010816,0.0001940239188752759
2012-10-24,1,ridge,23,0.001625508329160752,-0.00010594396806925812
2012-10-25,1,ridge,23,0.0003747423690096952,-0.00024060886586315162
2012-10-26,1,ridge,23,0.001996257681022406,3.3763183176453167e-06
2012-10-29,1,ridge,23,-0.00374625812763707,9.064224470802928e-06
2012-10-30,1,ridge,23,-0.000125117297629096,-0.00018280111549837574
2012-10-31,1,ridge,23,0.001625305102425756,-0.00017917479067795875
2012-11-01,1,ridge,23,0.006723132893696082,-0.00024172124951007712
2012-11-02,1,ridge,23,0.001983389766345489,-4.208790775265362e-05
2012-11-05,1,ridge,23,-0.001735250807255895,3.08679971394501e-05
2012-11-06,1,ridge,23,0.001859082149127111,-0.00035862011779079527
2012-11-07,1,ridge,23,0.0003714020469800516,0.00043037128980921095
2012-11-08,1,ridge,23,0.002966260981017044,8.644069705171305e-05
2012-11-09,1,ridge,23,0.0,-1.5486496281724558e-05
2012-11-12,1,ridge,23,0.0006168651111648771,-0.00014424831841741676
2012-11-13,1,ridge,23,-0.000246700383636167,3.308599710357592e-05
2012-11-14,1,ridge,23,0.000246700383636167,-2.9408149206166032e-05
2012-11-15,1,ridge,23,0.002217568975781958,-0.0001254344942286749
2012-11-16,1,ridge,23,-0.004810963451849837,-0.0002017856467894708
2012-11-19,1,ridge,23,0.001112278431424585,-0.0005558929925483131
2012-11-20,1,ridge,23,-0.0003706220315446984,-5.915748079255782e-05
2012-11-21,1,ridge,23,0.0,-0.00025498855924928126
2012-11-22,1,ridge,23,-0.009185764688673714,-0.0003524801366077442
2012-09-28,1,ridge,24,-0.001502253662589936,8.829696044943187e-05
2012-10-01,1,ridge,24,-0.00100275766737834,-9.772611951701901e-05
2012-10-02,1,ridge,24,0.002880222390588827,-5.586470862575548e-05
2012-10-03,1,ridge,24,-0.007783117371380044,-6.430661657123057e-06
2012-10-04,1,ridge,24,-0.000126031886233946,-0.00040425461722500407
2012-10-05,1,ridge,24,0.002517624693360254,3.998752144880255e-05
2012-10-08,1,ridge,24,0.005141399500418586,8.41809326740838e-05
2012-10-09,1,ridge,24,-0.0003753049396646446,4.280964051329479e-05
2012-10-10,1,ridge,24,-0.001753287863037301,5.325858573309618e-05
2012-10-11,1,ridge,24,-0.001379743084986451,-0.0002460953846235824
2012-10-12,1,ridge,24,0.0008782385609347187,-9.958658978775153e-05
2012-10-15,1,ridge,24,-0.00414703704608943,-0.00014464790731844648
2012-10-16,1,ridge,24,-0.004923319923875624,-0.0004218530849113785
2012-10-17,1,ridge,24,0.00441947811953991,-0.0002098708403426515
2012-10-18,1,ridge,24,0.003144854469387504,-1.6061448666023978e-05
2012-10-19,1,ridge,24,0.0003767187838858987,0.00012065554115912988
2012-10-22,1,ridge,24,0.004134567062615169,-0.0002302152298636436
2012-10-23,1,ridge,24,-0.0008756020323010816,0.00011977749286867399
2012-10-24,1,ridge,24,0.001625508329160752,-0.00019033425645784868
2012-10-25,1,ridge,24,0.0003747423690096952,-0.00032935364269582804
2012-10-26,1,ridge,24,0.001996257681022406,-9.666237248436134e-05
2012-10-29,1,ridge,24,-0.00374625812763707,-7.787389851916076e-05
2012-10-30,1,ridge,24,-0.000125117297629096,-0.0002646095570710775
2012-10-31,1,ridge,24,0.001625305102425756,-0.00025747477999785173
2012-11-01,1,ridge,24,0.006723132893696082,-0.0003368911306029041
2012-11-02,1,ridge,24,0.001983389766345489,-0.00010340240654158194
2012-11-05,1,ridge,24,-0.001735250807255895,-7.949213016237051e-05
2012-11-06,1,ridge,24,0.001859082149127111,-0.00044614975640118335
2012-11-07,1,ridge,24,0.0003714020469800516,0.0003391900161259441
2012-11-08,1,ridge,24,0.002966260981017044,6.77625377020177e-06
2012-11-09,1,ridge,24,0.0,-0.00010794643144087089
2012-11-12,1,ridge,24,0.0006168651111648771,-0.00022228865114263296
2012-11-13,1,ridge,24,-0.000246700383636167,-5.739962707027472e-05
2012-11-14,1,ridge,24,0.000246700383636167,-0.00011464401897330647
2012-11-15,1,ridge,24,0.002217568975781958,-0.00021265844945322326
2012-11-16,1,ridge,24,-0.004810963451849837,-0.00028974889567563283
2012-11-19,1,ridge,24,0.001112278431424585,-0.0006517956144653308
2012-11-20,1,ridge,24,-0.0003706220315446984,-0.00014719994567970808
2012-11-21,1,ridge,24,0.0,-0.00033782958464366453
2012-11-22,1,ridge,24,-0.009185764688673714,-0.000422345340400243
2012-11-23,1,ridge,24,0.000747943191187872,-0.00028517437053776986
2012-11-26,1,ridge,24,0.001867414174795634,-2.8602187426465727e-05
2012-11-27,1,ridge,24,-0.0007465472537848683,-9.01873626594814e-05
2012-11-28,1,ridge,24,-0.001744114058666923,-0.00021306110585714674
2012-11-29,1,ridge,24,-0.0006236358169067202,-0.0003425231451472533
2012-11-30,1,ridge,24,-0.003374370507947866,-0.0001665898319689196
2012-12-03,1,ridge,24,-0.003009029351618508,-4.9474836029402385e-05
2012-12-04,1,ridge,24,0.001631014727042412,0.00015431001515122923
2012-12-05,1,ridge,24,0.006123870915732965,-3.082517144654181e-05
2012-12-06,1,ridge,24,0.001867181721286748,0.00011586305828387042
2012-12-07,1,ridge,24,-0.0009953963743365435,-2.561604861195602e-05
2012-12-10,1,ridge,24,-0.003366796621294021,-3.9882893024119885e-05
2012-12-11,1,ridge,24,-0.003127543676510136,-9.589817303005258e-05
2012-12-12,1,ridge,24,0.001502441750010242,-0.00021503166062675542
2012-12-13,1,ridge,24,-0.004388446639144838,0.00011021284424880953
2012-12-14,1,ridge,24,-0.0001256676093390752,2.0940518946066213e-05
2012-12-17,1,ridge,24,-0.002642674412825841,-0.0001178837332467879
2012-12-18,1,ridge,24,-0.001134716127553226,-0.0002852408747562765
2012-12-19,1,ridge,24,-0.0001261590867756013,-8.79061657194937e-05
2012-12-20,1,ridge,24,0.004531729809882812,3.7223178064908432e-06
2012-10-26,1,ridge,25,0.001996257681022406,-0.00010268007973943799
2012-10-29,1,ridge,25,-0.00374625812763707,-7.604238331784309e-05
2012-10-30,1,ridge,25,-0.000125117297629096,-0.0002570574442093402
2012-10-31,1,ridge,25,0.001625305102425756,-0.0002468692508400525
2012-11-01,1,ridge,25,0.006723132893696082,-0.00034121067566326524
2012-11-02,1,ridge,25,0.001983389766345489,-8.024721716699899e-05
2012-11-05,1,ridge,25,-0.001735250807255895,-9.432584636589276e-05
2012-11-06,1,ridge,25,0.001859082149127111,-0.000441225146690704
2012-11-07,1,ridge,25,0.0003714020469800516,0.0003351842642603025
2012-11-08,1,ridge,25,0.002966260981017044,1.8926955094060807e-05
2012-11-09,1,ridge,25,0.0,-0.0001076026282899853
2012-11-12,1,ridge,25,0.0006168651111648771,-0.00021217871609356537
2012-11-13,1,ridge,25,-0.000246700383636167,-5.881998665836427e-05
2012-11-14,1,ridge,25,0.000246700383636167,-0.00010960485980143373
2012-11-15,1,ridge,25,0.002217568975781958,-0.00020765573984306062
2012-11-16,1,ridge,25,-0.004810963451849837,-0.0002832252512422688
2012-11-19,1,ridge,25,0.001112278431424585,-0.0006547347407235954
2012-11-20,1,ridge,25,-0.0003706220315446984,-0.0001461041578092865
2012-11-21,1,ridge,25,0.0,-0.00033251679580389347
2012-11-22,1,ridge,25,-0.009185764688673714,-0.00040441594788991346
2012-11-23,1,ridge,25,0.000747943191187872,-0.00031117247430270434
2012-11-26,1,ridge,25,0.001867414174795634,-1.8199162224543796e-05
2012-11-27,1,ridge,25,-0.0007465472537848683,-8.19562764145012e-05
2012-11-28,1,ridge,25,-0.001744114058666923,-0.00020668386913834998
2012-11-29,1,ridge,25,-0.0006236358169067202,-0.00034517936384516486
2012-11-30,1,ridge,25,-0.003374370507947866,-0.00016295257039943527
2012-12-03,1,ridge,25,-0.003009029351618508,-4.002422734481674e-05
2012-12-04,1,ridge,25,0.001631014727042412,0.00015020889942589767
2012-12-05,1,ridge,25,0.006123870915732965,-2.3538908781176455e-05
2012-12-06,1,ridge,25,0.001867181721286748,0.00011110195851493393
2012-12-07,1,ridge,25,-0.0009953963743365435,-1.9855088439538183e-05
2012-12-10,1,ridge,25,-0.003366796621294021,-3.6744295877797346e-05
2012-12-11,1,ridge,25,-0.003127543676510136,-0.00010860322679447117
2012-12-12,1,ridge,25,0.001502441750010242,-0.00019978284142851117
2012-12-13,1,ridge,25,-0.004388446639144838,0.0001081649808131179
2012-12-14,1,ridge,25,-0.0001256676093390752,3.0161454889984904e-05
2012-12-17,1,ridge,25,-0.002642674412825841,-0.00012232893799796755
2012-12-18,1,ridge,25,-0.001134716127553226,-0.00027466429292612773
2012-12-19,1,ridge,25,-0.0001261590867756013,-7.256527733775725e-05
2012-12-20,1,ridge,25,0.004531729809882812,-7.834911600092769e-06
2012-12-21,1,ridge,25,0.0002511616238241032,0.0002493837478215431
2012-12-24,1,ridge,25,0.0,-2.4246356194914423e-05
2012-12-25,1,ridge,25,-0.0002511616238241032,-3.524147754580502e-05
2012-12-26,1,ridge,25,0.0,-6.624031879738415e-05
2012-12-27,1,ridge,25,0.000753295704170931,-9.325219929639333e-05
2012-12-28,1,ridge,25,0.001128880646695585,5.610454190490237e-05
2012-12-31,1,ridge,25,0.0,-0.0003144090610673904
2013-01-01,1,ridge,25,0.0008771380801704254,5.0008536190837024e-05
2013-01-02,1,ridge,25,0.006740757017846377,-0.0006135560787579597
2013-01-03,1,ridge,25,0.001491795403462781,0.00013212392657405695
2013-01-04,1,ridge,25,-0.002985819585746619,-0.00026777135533684364
2013-01-07,1,ridge,25,0.0009962640923646404,-6.15496936944405e-05
2013-01-08,1,ridge,25,0.002734619479171307,1.3492701031045834e-05
2013-01-09,1,ridge,25,-0.01023090645709779,-0.00019624831961010834
2013-01-10,1,ridge,25,-0.002259887967437813,-0.00041423574029920507
2013-01-11,1,ridge,25,-0.0008802264007501392,2.17872226805494e-06
2013-01-14,1,ridge,25,0.003641618892239684,-2.4487719311640645e-06
2013-01-15,1,ridge,25,0.0002506579785022112,9.90829398399234e-05
2013-01-16,1,ridge,25,-0.001881468099705685,6.289158003911841e-05
2013-01-17,1,ridge,25,0.004884473359474839,-0.00028446770079860746
2012-11-23,1,ridge,26,0.000747943191187872,-0.0003124447558954261
2012-11-26,1,ridge,26,0.001867414174795634,-4.760463656825671e-05
2012-11-27,1,ridge,26,-0.0007465472537848683,-0.00010842101935697151
2012-11-28,1,ridge,26,-0.001744114058666923,-0.00023087842811306378
2012-11-29,1,ridge,26,-0.0006236358169067202,-0.0003625299895899753
2012-11-30,1,ridge,26,-0.003374370507947866,-0.00018243766607928952
2012-12-03,1,ridge,26,-0.003009029351618508,-7.039219857588036e-05
2012-12-04,1,ridge,26,0.001631014727042412,0.0001308642649737555
2012-12-05,1,ridge,26,0.006123870915732965,-5.136573565542066e-05
2012-12-06,1,ridge,26,0.001867181721286748,8.998296157120448e-05
2012-12-07,1,ridge,26,-0.0009953963743365435,-4.602962590936422e-05
2012-12-10,1,ridge,26,-0.003366796621294021,-6.429536278880951e-05
2012-12-11,1,ridge,26,-0.003127543676510136,-0.0001231718877086015
2012-12-12,1,ridge,26,0.001502441750010242,-0.00023594199533243153
2012-12-13,1,ridge,26,-0.004388446639144838,8.66509101695151e-05
2012-12-14,1,ridge,26,-0.0001256676093390752,2.438343343247394e-06
2012-12-17,1,ridge,26,-0.002642674412825841,-0.00014110639968573774
2012-12-18,1,ridge,26,-0.001134716127553226,-0.0003083025074570506
2012-12-19,1,ridge,26,-0.0001261590867756013,-0.00010797479183409805
2012-12-20,1,ridge,26,0.004531729809882812,-1.8042880062816094e-05
2012-12-21,1,ridge,26,0.0002511616238241032,0.00023127951185817353
2012-12-24,1,ridge,26,0.0,-4.3206277684512706e-05
2012-12-25,1,ridge,26,-0.0002511616238241032,-6.609845900680021e-05
2012-12-26,1,ridge,26,0.0,-8.413782039399317e-05
2012-12-27,1,ridge,26,0.000753295704170931,-0.0001102000619332972
2012-12-28,1,ridge,26,0.001128880646695585,2.707695729816951e-05
2012-12-31,1,ridge,26,0.0,-0.00033636524941239474
2013-01-01,1,ridge,26,0.0008771380801704254,3.8470613572077805e-05
2013-01-02,1,ridge,26,0.006740757017846377,-0.0006475107436024016
2013-01-03,1,ridge,26,0.001491795403462781,0.00010763172048090122
2013-01-04,1,ridge,26,-0.002985819585746619,-0.00030066643063586155
2013-01-07,1,ridge,26,0.0009962640923646404,-9.026137223923318e-05
2013-01-08,1,ridge,26,0.002734619479171307,-2.4242872776582372e-05
2013-01-09,1,ridge,26,-0.01023090645709779,-0.00022458998747372397
2013-01-10,1,ridge,26,-0.002259887967437813,-0.00044336338183095824
2013-01-11,1,ridge,26,-0.0008802264007501392,-1.5157720138371994e-05
2013-01-14,1,ridge,26,0.003641618892239684,-2.6884457574816682e-05
2013-01-15,1,ridge,26,0.0002506579785022112,6.787630685882817e-05
2013-01-16,1,ridge,26,-0.001881468099705685,4.5572054166649454e-05
2013-01-17,1,ridge,26,0.004884473359474839,-0.0003170737386513163
2013-01-18,1,ridge,26,0.0,3.718936310481564e-05
2013-01-21,1,ridge,26,-0.002126196786234935,1.8494743722895392e-05
2013-01-22,1,ridge,26,0.0006258214110008709,-0.00017301168673045046
2013-01-23,1,ridge,26,0.0003753049396646446,1.995475767919928e-05
2013-01-24,1,ridge,26,-0.002504697615009377,-0.00021685756199217674
2013-01-25,1,ridge,26,0.0,-0.0002810064859345788
2013-01-28,1,ridge,26,-0.002385287679182113,-3.3630307714636556e-05
2013-01-29,1,ridge,26,-0.003525563964038803,-0.00017976340313098115
2013-01-30,1,ridge,26,-0.0008833365455442888,-0.00014126332607094534
2013-01-31,1,ridge,26,0.0,-3.5343164483040026e-05
2013-02-01,1,ridge,26,0.004283201307607065,-0.00023293396848452676
2013-02-04,1,ridge,26,-0.0007545271987741131,0.00022058608587567025
2013-02-05,1,ridge,26,0.002889267759572434,-0.00026209278819973943
2013-02-06,1,ridge,26,0.005878323474343361,-0.0001610071860357774
2013-02-07,1,ridge,26,0.0002493765598963193,-5.2128127729092385e-05
2013-02-08,1,ridge,26,0.001245950821537001,-0.0002407672460343078
2013-02-11,1,ridge,26,-0.002493455973344716,-0.00020173889682599948
2013-02-12,1,ridge,26,-0.0002496878914346468,-0.0001826575941457907
2013-02-13,1,ridge,26,0.00460916418605084,-7.89762143212895e-05
2013-02-14,1,ridge,26,0.001490313241559349,-8.848566713948724e-05
2012-12-21,1,ridge,27,0.0002511616238241032,0.0001564560918652112
2012-12-24,1,ridge,27,0.0,-0.00011932037794921983
2012-12-25,1,ridge,27,-0.0002511616238241032,-0.00013677492011251302
2012-12-26,1,ridge,27,0.0,-0.0001596788114743005
2012-12-27,1,ridge,27,0.000753295704170931,-0.0001877376072610572
2012-12-28,1,ridge,27,0.001128880646695585,-4.398009597951757e-05
2012-12-31,1,ridge,27,0.0,-0.0004101544933949778
2013-01-01,1,ridge,27,0.0008771380801704254,-3.694079174943341e-05
2013-01-02,1,ridge,27,0.006740757017846377,-0.0007169791398859764
2013-01-03,1,ridge,27,0.001491795403462781,3.893716064191433e-05
2013-01-04,1,ridge,27,-0.002985819585746619,-0.0003733213709930556
2013-01-07,1,ridge,27,0.0009962640923646404,-0.0001585061196957687
2013-01-08,1,ridge,27,0.002734619479171307,-9.154767980332473e-05
2013-01-09,1,ridge,27,-0.01023090645709779,-0.0002948780208151413
2013-01-10,1,ridge,27,-0.002259887967437813,-0.000514746396289625
2013-01-11,1,ridge,27,-0.0008802264007501392,-8.939939497354564e-05
2013-01-14,1,ridge,27,0.003641618892239684,-8.99161165888441e-05
2013-01-15,1,ridge,27,0.0002506579785022112,1.9621164714067304e-08
2013-01-16,1,ridge,27,-0.001881468099705685,-2.6063076608523044e-05
2013-01-17,1,ridge,27,0.004884473359474839,-0.00039072985310105554
2013-01-18,1,ridge,27,0.0,-3.239549542222259e-05
2013-01-21,1,ridge,27,-0.002126196786234935,-5.102867949919159e-05
2013-01-22,1,ridge,27,0.0006258214110008709,-0.00024217557151548944
2013-01-23,1,ridge,27,0.0003753049396646446,-4.970901560868234e-05
2013-01-24,1,ridge,27,-0.002504697615009377,-0.00029232299770543067
2013-01-25,1,ridge,27,0.0,-0.0003558874983129725
2013-01-28,1,ridge,27,-0.002385287679182113,-9.647463536406812e-05
2013-01-29,1,ridge,27,-0.003525563964038803,-0.00024827315355522705
2013-01-30,1,ridge,27,-0.0008833365455442888,-0.0002118061972596499
2013-01-31,1,ridge,27,0.0,-0.00010426113289975817
2013-02-01,1,ridge,27,0.004283201307607065,-0.0002998716079266013
2013-02-04,1,ridge,27,-0.0007545271987741131,0.0001522694044751551
2013-02-05,1,ridge,27,0.002889267759572434,-0.00033155787085156996
2013-02-06,1,ridge,27,0.005878323474343361,-0.00023311110058637922
2013-02-07,1,ridge,27,0.0002493765598963193,-0.00012257332685145167
2013-02-08,1,ridge,27,0.001245950821537001,-0.0003102961280182002
2013-02-11,1,ridge,27,-0.002493455973344716,-0.0002748536849007468
2013-02-12,1,ridge,27,-0.0002496878914346468,-0.0002572312999380075
2013-02-13,1,ridge,27,0.00460916418605084,-0.00014911025222505815
2013-02-14,1,ridge,27,0.001490313241559349,-0.0001585183722309288
2013-02-15,1,ridge,27,0.0,-0.00017501643667638454
2013-02-18,1,ridge,27,-0.001366035605159688,-0.0002781588367278265
2013-02-19,1,ridge,27,0.007428534841573686,-0.0004154114584042197
2013-02-20,1,ridge,27,0.004799123220650792,0.00012160995528382129
2013-02-21,1,ridge,27,0.0,3.652531498736923e-05
2013-02-22,1,ridge,27,0.002574635149918514,-0.00039729026259781053
2013-02-25,1,ridge,27,0.002445886018172416,0.00019632065183861872
2013-02-26,1,ridge,27,-0.003303361418296014,-0.00014165222035404039
2013-02-27,1,ridge,27,0.004280043219777596,-0.0004999425903595632
2013-02-28,1,ridge,27,0.004018759594917931,-0.00015738400028555844
2013-03-01,1,ridge,27,-0.001094424624348278,-0.0002595822826323603
2013-03-04,1,ridge,27,-0.001217433800233536,-0.0004947248144095561
2013-03-05,1,ridge,27,0.004497120918578901,-0.0004433987875660274
2013-03-06,1,ridge,27,-0.00461894585629441,-0.0003269580547097028
2013-03-07,1,ridge,27,0.007767029337659714,-0.0005643688781758948
2013-03-08,1,ridge,27,-0.001814992330781529,-0.0004298378081068155
2013-03-11,1,ridge,27,0.0001211020286069342,-0.00041440069158551443
2013-03-12,1,ridge,27,0.003746907145490752,-0.0002609273658127016
2013-03-13,1,ridge,27,-0.003383689029020864,-0.00022380915607159125
2013-03-14,1,ridge,27,-0.005827380822313266,-0.0006604660536533322
2013-01-18,1,ridge,28,0.0,-2.272994503045624e-05
2013-01-21,1,ridge,28,-0.002126196786234935,-3.224925829367807e-05
2013-01-22,1,ridge,28,0.0006258214110008709,-0.00020033026356104742
2013-01-23,1,ridge,28,0.0003753049396646446,-2.5432022596384355e-05
2013-01-24,1,ridge,28,-0.002504697615009377,-0.0002711257440742141
2013-01-25,1,ridge,28,0.0,-0.0003358938074865063
2013-01-28,1,ridge,28,-0.002385287679182113,-5.741378984221599e-05
2013-01-29,1,ridge,28,-0.003525563964038803,-0.0002291289259961745
2013-01-30,1,ridge,28,-0.0008833365455442888,-0.00018907671149623166
2013-01-31,1,ridge,28,0.0,-7.782873417636087e-05
2013-02-01,1,ridge,28,0.004283201307607065,-0.0002721552834857837
2013-02-04,1,ridge,28,-0.0007545271987741131,0.0001699265056713113
2013-02-05,1,ridge,28,0.002889267759572434,-0.0002986290252029115
2013-02-06,1,ridge,28,0.005878323474343361,-0.00021354197261614567
2013-02-07,1,ridge,28,0.0002493765598963193,-9.634688134677321e-05
2013-02-08,1,ridge,28,0.001245950821537001,-0.00028071220293488495
2013-02-11,1,ridge,28,-0.002493455973344716,-0.00025448216377254196
2013-02-12,1,ridge,28,-0.0002496878914346468,-0.00024206225706931725
2013-02-13,1,ridge,28,0.00460916418605084,-0.00012662095250957577
2013-02-14,1,ridge,28,0.001490313241559349,-0.00013316058635473203
2013-02-15,1,ridge,28,0.0,-0.00016839253389546368
2013-02-18,1,ridge,28,-0.001366035605159688,-0.0002552478796902776
2013-02-19,1,ridge,28,0.007428534841573686,-0.0003797403206534099
2013-02-20,1,ridge,28,0.004799123220650792,0.0001328003401349293
2013-02-21,1,ridge,28,0.0,4.1261949498795625e-05
2013-02-22,1,ridge,28,0.002574635149918514,-0.0003759735474382346
2013-02-25,1,ridge,28,0.002445886018172416,0.00020210647567484946
2013-02-26,1,ridge,28,-0.003303361418296014,-0.0001259823298254506
2013-02-27,1,ridge,28,0.004280043219777596,-0.0004650311791892603
2013-02-28,1,ridge,28,0.004018759594917931,-0.00014118302190089185
2013-03-01,1,ridge,28,-0.001094424624348278,-0.0002489207540565698
2013-03-04,1,ridge,28,-0.001217433800233536,-0.0004647404468527902
2013-03-05,1,ridge,28,0.004497120918578901,-0.0004165886280219264
2013-03-06,1,ridge,28,-0.00461894585629441,-0.0003120248693409595
2013-03-07,1,ridge,28,0.007767029337659714,-0.000534649401434326
2013-03-08,1,ridge,28,-0.001814992330781529,-0.00041077698775126935
2013-03-11,1,ridge,28,0.0001211020286069342,-0.0004014510656489372
2013-03-12,1,ridge,28,0.003746907145490752,-0.00023980753249974387
2013-03-13,1,ridge,28,-0.003383689029020864,-0.0002068749900771199
2013-03-14,1,ridge,28,-0.005827380822313266,-0.0006247111770534975
2013-03-15,1,ridge,28,0.006795317981974414,-9.937977064337987e-05
2013-03-18,1,ridge,28,0.0036214428762813,3.5120897067077335e-05
2013-03-19,1,ridge,28,-0.002533632289770438,-0.00016645047192601558
2013-03-20,1,ridge,28,-0.0004833252873206462,-0.0004258782446360091
2013-03-21,1,ridge,28,-0.002541297428672706,-9.261175708702159e-05
2013-03-22,1,ridge,28,0.003628451005579514,-0.0003219844550726679
2013-03-25,1,ridge,28,0.0006034639010001897,-1.187301006007899e-05
2013-03-26,1,ridge,28,0.004093925043622271,-0.00043203170866773955
2013-03-27,1,ridge,28,-0.002767584944438184,-0.00018022716283279275
2013-03-28,1,ridge,28,0.002767584944438184,-0.0004227739627335736
2013-03-29,1,ridge,28,-0.0059054103527032,-0.00020606997426595884
2013-04-01,1,ridge,28,0.002293994365487606,-0.00042387112858047464
2013-04-02,1,ridge,28,-0.002414876807460331,-0.0005681492384560506
2013-04-03,1,ridge,28,-0.0004836759465511875,-0.0003356869936963587
2013-04-04,1,ridge,28,-0.002179441472932808,-0.0006897752588683407
2013-04-05,1,ridge,28,0.003025720916537189,-0.00041692688570899527
2013-04-08,1,ridge,28,-0.00533140727261916,-0.0007056230999262928
2013-04-09,1,ridge,28,0.002669256620039917,-0.0005543402984119949
2013-04-10,1,ridge,28,-0.003398473959111747,-0.0006153401225176019
2013-04-11,1,ridge,28,-0.001460031893380176,-0.0006304043580764479
2013-02-15,1,ridge,29,0.0,-0.00013029919828113327
2013-02-18,1,ridge,29,-0.001366035605159688,-0.00020847421555095656
2013-02-19,1,ridge,29,0.007428534841573686,-0.00033150458155680655
2013-02-20,1,ridge,29,0.004799123220650792,0.0001769278863400019
2013-02-21,1,ridge,29,0.0,8.297431685623031e-05
2013-02-22,1,ridge,29,0.002574635149918514,-0.0003316640872529597
2013-02-25,1,ridge,29,0.002445886018172416,0.000242993797495275
2013-02-26,1,ridge,29,-0.003303361418296014,-8.213997426627782e-05
2013-02-27,1,ridge,29,0.004280043219777596,-0.00041800671819288066
2013-02-28,1,ridge,29,0.004018759594917931,-9.753122123766684e-05
2013-03-01,1,ridge,29,-0.001094424624348278,-0.0002059896178573245
2013-03-04,1,ridge,29,-0.001217433800233536,-0.0004146931510802172
2013-03-05,1,ridge,29,0.004497120918578901,-0.0003740964619340128
2013-03-06,1,ridge,29,-0.00461894585629441,-0.0002700840401895908
2013-03-07,1,ridge,29,0.007767029337659714,-0.0004899629364018372
2013-03-08,1,ridge,29,-0.001814992330781529,-0.0003660346407107212
2013-03-11,1,ridge,29,0.0001211020286069342,-0.0003613609281311093
2013-03-12,1,ridge,29,0.003746907145490752,-0.00019655110497148717
2013-03-13,1,ridge,29,-0.003383689029020864,-0.00016531032438768452
2013-03-14,1,ridge,29,-0.005827380822313266,-0.0005777415271604481
2013-03-15,1,ridge,29,0.006795317981974414,-6.474753105396955e-05
2013-03-18,1,ridge,29,0.0036214428762813,7.872085103625802e-05
2013-03-19,1,ridge,29,-0.002533632289770438,-0.0001219289172022846
2013-03-20,1,ridge,29,-0.0004833252873206462,-0.00038578039804371654
2013-03-21,1,ridge,29,-0.002541297428672706,-4.826538672540444e-05
2013-03-22,1,ridge,29,0.003628451005579514,-0.000281089757841721
2013-03-25,1,ridge,29,0.0006034639010001897,2.5847565448730494e-05
2013-03-26,1,ridge,29,0.004093925043622271,-0.0003888351324132453
2013-03-27,1,ridge,29,-0.002767584944438184,-0.00013570838031874043
2013-03-28,1,ridge,29,0.002767584944438184,-0.00037394803827935774
2013-03-29,1,ridge,29,-0.0059054103527032,-0.00016515970007756743
2013-04-01,1,ridge,29,0.002293994365487606,-0.00038208186770601353
2013-04-02,1,ridge,29,-0.002414876807460331,-0.0005238177092744037
2013-04-03,1,ridge,29,-0.0004836759465511875,-0.0002897056985576486
2013-04-04,1,ridge,29,-0.002179441472932808,-0.0006490506503014899
2013-04-05,1,ridge,29,0.003025720916537189,-0.0003715660422254134
2013-04-08,1,ridge,29,-0.00533140727261916,-0.0006562980661143144
2013-04-09,1,ridge,29,0.002669256620039917,-0.00051421662636255
2013-04-10,1,ridge,29,-0.003398473959111747,-0.000579819625594902
2013-04-11,1,ridge,29,-0.001460031893380176,-0.0005789732817867874
2013-04-12,1,ridge,29,0.003524768158570168,-0.0001822477139006544
2013-04-15,1,ridge,29,-0.008162316133308423,0.00023774108224639895
2013-04-16,1,ridge,29,0.01131192503620504,-0.0007938467317357401
2013-04-17,1,ridge,29,-0.001452433080315174,0.000163357615946798
2013-04-18,1,ridge,29,0.001815211970562558,-0.0004052028255484562
2013-04-19,1,ridge,29,-0.0003627788902473839,-0.0005571993552025139
2013-04-22,1,ridge,29,0.004465101245735958,-0.0005409735136660812
2013-04-23,1,ridge,29,0.0,-0.0005396364729260486
2013-04-24,1,ridge,29,-0.003739675026038114,-0.0005864123217279439
2013-04-25,1,ridge,29,-0.003268570188001085,-0.000737791328558041
2013-04-26,1,ridge,29,-0.003887746361987077,-0.0002952479571995423
2013-04-29,1,ridge,29,-0.004881034705914722,-0.000502439112493919
2013-04-30,1,ridge,29,-0.003308218418757392,-0.00041493990062076245
2013-05-01,1,ridge,29,0.009040990111127023,-2.7336227202120003e-06
2013-05-02,1,ridge,29,-0.001460565011349502,-0.00021603619504382404
2013-05-03,1,ridge,29,0.002554590526170131,-0.0005297693903437629
2013-05-06,1,ridge,29,-0.0007292173390718304,-0.0002567229234769108
2013-05-07,1,ridge,29,-0.004264398786457235,-0.0003231616215739957
2013-05-08,1,ridge,29,0.01080829029169106,-0.00047335370443495013
2013-05-09,1,ridge,29,0.004218652673776191,-0.00022938618751168114
2013-03-15,1,ridge,30,0.006795317981974414,7.175191293651539e-05
2013-03-18,1,ridge,30,0.0036214428762813,0.00022801353008411674
2013-03-19,1,ridge,30,-0.002533632289770438,2.7803172501015877e-05
2013-03-20,1,ridge,30,-0.0004833252873206462,-0.00023113285297073871
2013-03-21,1,ridge,30,-0.002541297428672706,0.00010446572129032395
2013-03-22,1,ridge,30,0.003628451005579514,-0.00012421686243011784
2013-03-25,1,ridge,30,0.0006034639010001897,0.00016429151807741707
2013-03-26,1,ridge,30,0.004093925043622271,-0.0002312358210413905
2013-03-27,1,ridge,30,-0.002767584944438184,1.8756130516446874e-05
2013-03-28,1,ridge,30,0.002767584944438184,-0.00020017096246114193
2013-03-29,1,ridge,30,-0.0059054103527032,-1.6074250140525666e-05
2013-04-01,1,ridge,30,0.002293994365487606,-0.00022742667755779795
2013-04-02,1,ridge,30,-0.002414876807460331,-0.00035949751684022434
2013-04-03,1,ridge,30,-0.0004836759465511875,-0.00013763981313950598
2013-04-04,1,ridge,30,-0.002179441472932808,-0.0005034524535429554
2013-04-05,1,ridge,30,0.003025720916537189,-0.0002277073771418081
2013-04-08,1,ridge,30,-0.00533140727261916,-0.0004938872867960478
2013-04-09,1,ridge,30,0.002669256620039917,-0.000362818026523444
2013-04-10,1,ridge,30,-0.003398473959111747,-0.000438685620954131
2013-04-11,1,ridge,30,-0.001460031893380176,-0.0004125103143566226
2013-04-12,1,ridge,30,0.003524768158570168,-2.5175701835237972e-05
2013-04-15,1,ridge,30,-0.008162316133308423,0.0003827572092829121
2013-04-16,1,ridge,30,0.01131192503620504,-0.0006202792275937577
2013-04-17,1,ridge,30,-0.001452433080315174,0.0002850284435161955
2013-04-18,1,ridge,30,0.001815211970562558,-0.0002474397823696437
2013-04-19,1,ridge,30,-0.0003627788902473839,-0.0004123689493426911
2013-04-22,1,ridge,30,0.004465101245735958,-0.0003959382016769158
2013-04-23,1,ridge,30,0.0,-0.00039387253974319244
2013-04-24,1,ridge,30,-0.003739675026038114,-0.00043512256974027994
2013-04-25,1,ridge,30,-0.003268570188001085,-0.0005715773117748131
2013-04-26,1,ridge,30,-0.003887746361987077,-0.00015242168989014346
2013-04-29,1,ridge,30,-0.004881034705914722,-0.0003524114386459108
2013-04-30,1,ridge,30,-0.003308218418757392,-0.0002589350292863193
2013-05-01,1,ridge,30,0.009040990111127023,0.00015726188904414794
2013-05-02,1,ridge,30,-0.001460565011349502,-7.006370615621965e-05
2013-05-03,1,ridge,30,0.002554590526170131,-0.00036785777834885306
2013-05-06,1,ridge,30,-0.0007292173390718304,-9.329791998903177e-05
2013-05-07,1,ridge,30,-0.004264398786457235,-0.00017155702141086058
2013-05-08,1,ridge,30,0.01080829029169106,-0.00030873967178296697
2013-05-09,1,ridge,30,0.004218652673776191,-6.0827900893184534e-05
2013-05-10,1,ridge,30,0.001682490482222576,-0.00027821793290567495
2013-05-13,1,ridge,30,0.003715471404350801,-0.0002513025822831152
2013-05-14,1,ridge,30,0.002867042938701658,-0.0003462694563539973
2013-05-15,1,ridge,30,-0.002867042938701658,-0.0005378274145587127
2013-05-16,1,ridge,30,0.007864673521406296,-0.0002458982909803424
2013-05-17,1,ridge,30,-0.006071808641473275,-0.0004366927346939227
2013-05-20,1,ridge,30,0.0014319811516188,-0.00042939741521281924
2013-05-21,1,ridge,30,0.005826067249360634,-0.0003167845025792588
2013-05-22,1,ridge,30,-0.006541801503940015,-0.00017761864916195324
2013-05-23,1,ridge,30,-0.001194029992607426,-0.00013217934532416142
2013-05-24,1,ridge,30,0.0,-0.0002156403977104574
2013-05-27,1,ridge,30,0.004767589483472889,-0.00025009393182903955
2013-05-28,1,ridge,30,-0.005245600964849828,-0.0005645558321580345
2013-05-29,1,ridge,30,-0.00743854659647436,-0.000216189575168296
2013-05-30,1,ridge,30,0.002645822349251148,-0.00043561709754443045
2013-05-31,1,ridge,30,-0.00723243268324314,2.108138098130687e-05
2013-06-03,1,ridge,30,0.001329867813717911,-5.2664250976074954e-05
2013-06-04,1,ridge,30,-0.002177069074678073,-1.9751666014711434e-05
2013-06-05,1,ridge,30,-0.01279491043151904,0.00028662245661986854
2013-06-06,1,ridge,30,0.00159303997907756,-6.643879499764035e-05
2013-04-12,1,ridge,31,0.003524768158570168,-6.073741193526416e-06
2013-04-15,1,ridge,31,-0.008162316133308423,0.00040260491687084664
2013-04-16,1,ridge,31,0.01131192503620504,-0.0005995849841934213
2013-04-17,1,ridge,31,-0.001452433080315174,0.00029464486081789764
2013-04-18,1,ridge,31,0.001815211970562558,-0.00022236642261810083
2013-04-19,1,ridge,31,-0.0003627788902473839,-0.0004078517832777686
2013-04-22,1,ridge,31,0.004465101245735958,-0.00038008656866688704
2013-04-23,1,ridge,31,0.0,-0.0003815936934850531
2013-04-24,1,ridge,31,-0.003739675026038114,-0.00042549988555924
2013-04-25,1,ridge,31,-0.003268570188001085,-0.0005519471641537915
2013-04-26,1,ridge,31,-0.003887746361987077,-0.0001288059765342698
2013-04-29,1,ridge,31,-0.004881034705914722,-0.00033006959043974625
2013-04-30,1,ridge,31,-0.003308218418757392,-0.00023785790176292514
2013-05-01,1,ridge,31,0.009040990111127023,0.00018067828739111393
2013-05-02,1,ridge,31,-0.001460565011349502,-4.771358459459232e-05
2013-05-03,1,ridge,31,0.002554590526170131,-0.0003526574128290257
2013-05-06,1,ridge,31,-0.0007292173390718304,-7.555376433933065e-05
2013-05-07,1,ridge,31,-0.004264398786457235,-0.00016288331255957399
2013-05-08,1,ridge,31,0.01080829029169106,-0.0002863284127137868
2013-05-09,1,ridge,31,0.004218652673776191,-5.090675608799079e-05
2013-05-10,1,ridge,31,0.001682490482222576,-0.00027544968165539786
2013-05-13,1,ridge,31,0.003715471404350801,-0.0002352363777477909
2013-05-14,1,ridge,31,0.002867042938701658,-0.0003284194539549925
2013-05-15,1,ridge,31,-0.002867042938701658,-0.0005297119983886795
2013-05-16,1,ridge,31,0.007864673521406296,-0.0002207476929294435
2013-05-17,1,ridge,31,-0.006071808641473275,-0.0004286845469346415
2013-05-20,1,ridge,31,0.0014319811516188,-0.0004050349154773266
2013-05-21,1,ridge,31,0.005826067249360634,-0.00029727489068606005
2013-05-22,1,ridge,31,-0.006541801503940015,-0.0001652469276913997
2013-05-23,1,ridge,31,-0.001194029992607426,-6.77773180222876e-05
2013-05-24,1,ridge,31,0.0,-0.00018946686772721333
2013-05-27,1,ridge,31,0.004767589483472889,-0.0002168785884416295
2013-05-28,1,ridge,31,-0.005245600964849828,-0.0005572555238032281
2013-05-29,1,ridge,31,-0.00743854659647436,-0.00017608024059529088
2013-05-30,1,ridge,31,0.002645822349251148,-0.00038756889508782214
2013-05-31,1,ridge,31,-0.00723243268324314,4.351460659516528e-05
2013-06-03,1,ridge,31,0.001329867813717911,-2.0418677176789354e-06
2013-06-04,1,ridge,31,-0.002177069074678073,-1.2161698260060647e-06
2013-06-05,1,ridge,31,-0.01279491043151904,0.0003365181467835168
2013-06-06,1,ridge,31,0.00159303997907756,-1.582475421747335e-05
2013-06-07,1,ridge,31,-0.0002449179537107327,2.2442480731182807e-05
2013-06-10,1,ridge,31,-0.006635561334220164,-1.9433755337667415e-05
2013-06-11,1,ridge,31,-0.001974577958609558,0.0005209719755711835
2013-06-12,1,ridge,31,-0.002473718020878479,0.00034752248022808306
2013-06-13,1,ridge,31,-0.001611204413745959,0.00019740816619373774
2013-06-14,1,ridge,31,0.002106437802597227,0.0004677257830385776
2013-06-17,1,ridge,31,-0.002230484196107163,3.0877756797700296e-05
2013-06-18,1,ridge,31,0.01012104418353044,0.00016063544314580912
2013-06-19,1,ridge,31,0.005999405812157299,0.000503634619779834
2013-06-20,1,ridge,31,0.005963627484094403,0.0006501556083163803
2013-06-21,1,ridge,31,0.000121337135379207,0.00015250125595873254
2013-06-24,1,ridge,31,0.00193939454727321,0.00015705369741906216
2013-06-25,1,ridge,31,0.004832094446777901,-0.00015152868775606483
2013-06-26,1,ridge,31,-0.0009645527634729589,-0.0001519737569980585
2013-06-27,1,ridge,31,0.002890871683241869,-0.00026220401777380455
2013-06-28,1,ridge,31,-0.001083097765187446,-1.96045756964504e-05
2013-07-01,1,ridge,31,0.005882723009725588,0.00010517583761203608
2013-07-02,1,ridge,31,-0.003717699311025058,0.00034691347653086757
2013-07-03,1,ridge,31,0.0,0.00037532002195401245
2013-07-04,1,ridge,31,0.01443336322211586,0.00043284897824562995
2013-05-10,1,ridge,32,0.001682490482222576,-8.013106575158126e-05
2013-05-13,1,ridge,32,0.003715471404350801,0.0015136577519393748
2013-05-14,1,ridge,32,0.002867042938701658,-0.0005679632712182643
2013-05-15,1,ridge,32,-0.002867042938701658,-0.0011237298895111691
2013-05-16,1,ridge,32,0.007864673521406296,0.0011117235361082997
2013-05-17,1,ridge,32,-0.006071808641473275,-0.0004894847025397342
2013-05-20,1,ridge,32,0.0014319811516188,-0.0008555585292568421
2013-05-21,1,ridge,32,0.005826067249360634,0.0010772805736417694
2013-05-22,1,ridge,32,-0.006541801503940015,0.001448748141393738
2013-05-23,1,ridge,32,-0.001194029992607426,0.0031563835187571813
2013-05-24,1,ridge,32,0.0,0.0019069298635637094
2013-05-27,1,ridge,32,0.004767589483472889,0.001717744165369164
2013-05-28,1,ridge,32,-0.005245600964849828,-0.000867691114491241
2013-05-29,1,ridge,32,-0.00743854659647436,0.002326800486698839
2013-05-30,1,ridge,32,0.002645822349251148,0.0010348138802217018
2013-05-31,1,ridge,32,-0.00723243268324314,0.004198126459531098
2013-06-03,1,ridge,32,0.001329867813717911,0.0019762369013345965
2013-06-04,1,ridge,32,-0.002177069074678073,0.002205572945439837
2013-06-05,1,ridge,32,-0.01279491043151904,0.005132819731477077
2013-06-06,1,ridge,32,0.00159303997907756,0.002443449188987837
2013-06-07,1,ridge,32,-0.0002449179537107327,0.002338245799553376
2013-06-10,1,ridge,32,-0.006635561334220164,0.0019999979476462986
2013-06-11,1,ridge,32,-0.001974577958609558,0.007236467971027338
2013-06-12,1,ridge,32,-0.002473718020878479,0.0060067021486932375
2013-06-13,1,ridge,32,-0.001611204413745959,0.004313030337056321
2013-06-14,1,ridge,32,0.002106437802597227,0.006417355597158038
2013-06-17,1,ridge,32,-0.002230484196107163,0.0024253580286793894
2013-06-18,1,ridge,32,0.01012104418353044,0.0038664586294087045
2013-06-19,1,ridge,32,0.005999405812157299,0.006905933054282524
2013-06-20,1,ridge,32,0.005963627484094403,0.007832625563931054
2013-06-21,1,ridge,32,0.000121337135379207,0.0035411640335389
2013-06-24,1,ridge,32,0.00193939454727321,0.003842294271147895
2013-06-25,1,ridge,32,0.004832094446777901,0.0010880101374824817
2013-06-26,1,ridge,32,-0.0009645527634729589,0.00048518064264070984
2013-06-27,1,ridge,32,0.002890871683241869,-0.0003891656714637467
2013-06-28,1,ridge,32,-0.001083097765187446,0.0015725416718690368
2013-07-01,1,ridge,32,0.005882723009725588,0.0005683790192800602
2013-07-02,1,ridge,32,-0.003717699311025058,0.0019343606571112378
2013-07-03,1,ridge,32,0.0,0.002336066951015181
2013-07-04,1,ridge,32,0.01443336322211586,0.0027109120411133083
2013-07-05,1,ridge,32,-0.002965073630547543,0.00044239599390458433
2013-07-08,1,ridge,32,0.004621682694770257,9.242187846874076e-05
2013-07-09,1,ridge,32,-0.00640495606754321,0.0010510116410379312
2013-07-10,1,ridge,32,-0.01546886171962747,0.001076240344386114
2013-07-11,1,ridge,32,0.002896104353184548,0.0014371245590684674
2013-07-12,1,ridge,32,0.0006023008072215674,0.0038171745237528575
2013-07-15,1,ridge,32,-0.006524126076943304,0.0030225106377883082
2013-07-16,1,ridge,32,0.002542220363180192,0.0036611938460497035
2013-07-17,1,ridge,32,0.00132906441360614,0.0022523542896200387
2013-07-18,1,ridge,32,-0.002417796148802331,0.0005096581873853255
2013-07-19,1,ridge,32,-0.004853200498886601,0.0020750014409731876
2013-07-22,1,ridge,32,-0.003411309351006864,0.003241030767259849
2013-07-23,1,ridge,32,0.004262321498896604,0.004090138293754255
2013-07-24,1,ridge,32,-0.003896266952683192,0.004375080876033171
2013-07-25,1,ridge,32,-0.003789040773509278,0.0035523484295509585
2013-07-26,1,ridge,32,0.0,0.005385175448287486
2013-07-29,1,ridge,32,0.002079638647860982,0.005613470765539706
2013-07-30,1,ridge,32,-0.004654589491236649,0.004269358889064922
2013-07-31,1,ridge,32,0.01086768129370519,0.004496792370557904
2013-08-01,1,ridge,32,-0.005235932814248834,0.00216704348791851
2013-06-07,1,ridge,33,-0.0002449179537107327,0.002071842485659707
2013-06-10,1,ridge,33,-0.006635561334220164,0.0017197080944427543
2013-06-11,1,ridge,33,-0.001974577958609558,0.006858310410596696
2013-06-12,1,ridge,33,-0.002473718020878479,0.005640800567661944
2013-06-13,1,ridge,33,-0.001611204413745959,0.003980091345285267
2013-06-14,1,ridge,33,0.002106437802597227,0.006177988496383053
2013-06-17,1,ridge,33,-0.002230484196107163,0.0021361166206622785
2013-06-18,1,ridge,33,0.01012104418353044,0.0035812044590533528
2013-06-19,1,ridge,33,0.005999405812157299,0.006545144808143036
2013-06-20,1,ridge,33,0.005963627484094403,0.007177206905175662
2013-06-21,1,ridge,33,0.000121337135379207,0.003227917430152552
2013-06-24,1,ridge,33,0.00193939454727321,0.0034471291442947118
2013-06-25,1,ridge,33,0.004832094446777901,0.0009372753173950804
2013-06-26,1,ridge,33,-0.0009645527634729589,0.0003041895863665939
2013-06-27,1,ridge,33,0.002890871683241869,-0.0005936534268434139
2013-06-28,1,ridge,33,-0.001083097765187446,0.0013436896756354715
2013-07-01,1,ridge,33,0.005882723009725588,0.0003866657147623792
2013-07-02,1,ridge,33,-0.003717699311025058,0.0016256967949009604
2013-07-03,1,ridge,33,0.0,0.0020233093289051484
2013-07-04,1,ridge,33,0.01443336322211586,0.0025910677320667933
2013-07-05,1,ridge,33,-0.002965073630547543,8.75805005494364e-05
2013-07-08,1,ridge,33,0.004621682694770257,-4.511035131431044e-05
2013-07-09,1,ridge,33,-0.00640495606754321,0.000828960510242226
2013-07-10,1,ridge,33,-0.01546886171962747,0.000824653452705356
2013-07-11,1,ridge,33,0.002896104353184548,0.001341756874903337
2013-07-12,1,ridge,33,0.0006023008072215674,0.0035486444815742476
2013-07-15,1,ridge,33,-0.006524126076943304,0.0028351611856520156
2013-07-16,1,ridge,33,0.002542220363180192,0.003333246819886531
2013-07-17,1,ridge,33,0.00132906441360614,0.001873258805181043
2013-07-18,1,ridge,33,-0.002417796148802331,0.00022833536637721869
2013-07-19,1,ridge,33,-0.004853200498886601,0.001825999744947787
2013-07-22,1,ridge,33,-0.003411309351006864,0.0029912057920926955
2013-07-23,1,ridge,33,0.004262321498896604,0.0037621996322624194
2013-07-24,1,ridge,33,-0.003896266952683192,0.004106605527538982
2013-07-25,1,ridge,33,-0.003789040773509278,0.003207096859828407
2013-07-26,1,ridge,33,0.0,0.005022202298525569
2013-07-29,1,ridge,33,0.002079638647860982,0.005361267550826247
2013-07-30,1,ridge,33,-0.004654589491236649,0.003955997533346052
2013-07-31,1,ridge,33,0.01086768129370519,0.004230060510742142
2013-08-01,1,ridge,33,-0.005235932814248834,0.0018838198757975312
2013-08-02,1,ridge,33,-0.0003663227344219422,0.0023920477633346624
2013-08-05,1,ridge,33,-0.00342549882302734,0.005200656212910071
2013-08-06,1,ridge,33,-0.003806254211579763,0.005598081538691548
2013-08-07,1,ridge,33,-0.003820797154466149,0.00630934717003273
2013-08-08,1,ridge,33,0.00185059580295821,0.004165756764064085
2013-08-09,1,ridge,33,0.002462145771710667,0.005065647459600011
2013-08-12,1,ridge,33,0.005395475995201515,0.004313161466188416
2013-08-13,1,ridge,33,-0.000734034777269521,0.0018921896845823273
2013-08-14,1,ridge,33,-0.006507481985864594,0.003190611648115008
2013-08-15,1,ridge,33,0.0009849791488294457,0.005165840015477646
2013-08-16,1,ridge,33,-0.0003692534967179029,0.004326249427538432
2013-08-19,1,ridge,33,-0.003947211243114701,0.004461984218403564
2013-08-20,1,ridge,33,0.003700966474570855,0.0046727236445657456
2013-08-21,1,ridge,33,0.003441921037809159,0.0049509709117006905
2013-08-22,1,ridge,33,-0.001596561591823864,0.001265492808245363
2013-08-23,1,ridge,33,0.0006143638455817779,0.001787260229458678
2013-08-26,1,ridge,33,-0.002952394812801629,0.003969234824334699
2013-08-27,1,ridge,33,0.003198034705955699,0.006181332890134357
2013-08-28,1,ridge,33,0.00636554971079839,0.003928040925808257
2013-08-29,1,ridge,33,0.001706901170336117,0.0023851926412351
2013-07-05,1,ridge,34,-0.002965073630547543,0.0009732284690794971
2013-07-08,1,ridge,34,0.004621682694770257,0.0009600840681824357
2013-07-09,1,ridge,34,-0.00640495606754321,0.0010563418224470676
2013-07-10,1,ridge,34,-0.01546886171962747,0.0010659600394134678
2013-07-11,1,ridge,34,0.002896104353184548,0.0010635064249116819
2013-07-12,1,ridge,34,0.0006023008072215674,0.0013026562771130356
2013-07-15,1,ridge,34,-0.006524126076943304,0.0012275852086862985
2013-07-16,1,ridge,34,0.002542220363180192,0.00123865320341617
2013-07-17,1,ridge,34,0.00132906441360614,0.0011272268066895481
2013-07-18,1,ridge,34,-0.002417796148802331,0.0009638651796134887
2013-07-19,1,ridge,34,-0.004853200498886601,0.0010952153586943666
2013-07-22,1,ridge,34,-0.003411309351006864,0.0011632980359725527
2013-07-23,1,ridge,34,0.004262321498896604,0.0013238528001730822
2013-07-24,1,ridge,34,-0.003896266952683192,0.0013029570284081595
2013-07-25,1,ridge,34,-0.003789040773509278,0.0012596849699806588
2013-07-26,1,ridge,34,0.0,0.001429275863914388
2013-07-29,1,ridge,34,0.002079638647860982,0.0014078655078531618
2013-07-30,1,ridge,34,-0.004654589491236649,0.001303806911035612
2013-07-31,1,ridge,34,0.01086768129370519,0.001340863636854869
2013-08-01,1,ridge,34,-0.005235932814248834,0.0014203650289241337
2013-08-02,1,ridge,34,-0.0003663227344219422,0.0015144956196013414
2013-08-05,1,ridge,34,-0.00342549882302734,0.0017806882949463866
2013-08-06,1,ridge,34,-0.003806254211579763,0.0018056688812615042
2013-08-07,1,ridge,34,-0.003820797154466149,0.0018498225955394928
2013-08-08,1,ridge,34,0.00185059580295821,0.0016273391327685234
2013-08-09,1,ridge,34,0.002462145771710667,0.0017130278482413615
2013-08-12,1,ridge,34,0.005395475995201515,0.0016505665004884324
2013-08-13,1,ridge,34,-0.000734034777269521,0.0013733776880230407
2013-08-14,1,ridge,34,-0.006507481985864594,0.0015132863087935569
2013-08-15,1,ridge,34,0.0009849791488294457,0.0016749376393786703
2013-08-16,1,ridge,34,-0.0003692534967179029,0.0015749272221875104
2013-08-19,1,ridge,34,-0.003947211243114701,0.0015726562622566283
2013-08-20,1,ridge,34,0.003700966474570855,0.0016365635787471404
2013-08-21,1,ridge,34,0.003441921037809159,0.0016513943347211313
2013-08-22,1,ridge,34,-0.001596561591823864,0.0012521868367289734
2013-08-23,1,ridge,34,0.0006143638455817779,0.001302648084270146
2013-08-26,1,ridge,34,-0.002952394812801629,0.0015195507518089954
2013-08-27,1,ridge,34,0.003198034705955699,0.0017771584525683175
2013-08-28,1,ridge,34,0.00636554971079839,0.0016013863813824668
2013-08-29,1,ridge,34,0.001706901170336117,0.0014371992099684128
2013-08-30,1,ridge,34,0.0,0.0015389342390151586
2013-09-02,1,ridge,34,0.003283675799414354,0.0013051179986668649
2013-09-03,1,ridge,34,-0.002309610216492786,0.001298741360869685
2013-09-04,1,ridge,34,0.005582538769997036,0.0012623696123167942
2013-09-05,1,ridge,34,-0.005825966229815904,0.0013684638208011145
2013-09-06,1,ridge,34,-0.004391857736394833,0.0013661834553087837
2013-09-09,1,ridge,34,0.0003667257543700231,0.0013780920334281162
2013-09-10,1,ridge,34,-0.003673323586783184,0.0013416153883246663
2013-09-11,1,ridge,34,-0.0003680755823411985,0.00142802253409306
2013-09-12,1,ridge,34,-0.0004909782840742949,0.0016620527775969762
2013-09-13,1,ridge,34,-0.001843318494288759,0.0014720805740292434
2013-09-16,1,ridge,34,-0.001969958775464242,0.0013242276046506497
2013-09-17,1,ridge,34,-0.01115391412462063,0.0015027162999303664
2013-09-18,1,ridge,34,0.00161882857094664,0.0013454541001132316
2013-09-19,1,ridge,34,0.0007462686913504157,0.0017108652961397848
2013-09-20,1,ridge,34,0.0002486325224149155,0.0018508273667903492
2013-09-23,1,ridge,34,0.00136637497191483,0.0019244583635587122
2013-09-24,1,ridge,34,-0.002859098224585743,0.0018009137810871025
2013-09-25,1,ridge,34,0.002362450585869702,0.0016956945789746245
2013-09-26,1,ridge,34,-0.002860520574998304,0.001661701257140104
2013-08-02,1,ridge,35,-0.0003663227344219422,0.0007986282897992874
2013-08-05,1,ridge,35,-0.00342549882302734,0.0010622237593941278
2013-08-06,1,ridge,35,-0.003806254211579763,0.0010905317717619873
2013-08-07,1,ridge,35,-0.003820797154466149,0.0011493806927890993
2013-08-08,1,ridge,35,0.00185059580295821,0.0009110363196399461
2013-08-09,1,ridge,35,0.002462145771710667,0.0009900895501908753
2013-08-12,1,ridge,35,0.005395475995201515,0.0009178620333686598
2013-08-13,1,ridge,35,-0.000734034777269521,0.0006357434207915753
2013-08-14,1,ridge,35,-0.006507481985864594,0.0007808076489969354
2013-08-15,1,ridge,35,0.0009849791488294457,0.0009550349150779479
2013-08-16,1,ridge,35,-0.0003692534967179029,0.0008545369177369042
2013-08-19,1,ridge,35,-0.003947211243114701,0.0008390247949472106
2013-08-20,1,ridge,35,0.003700966474570855,0.0009102102764714519
2013-08-21,1,ridge,35,0.003441921037809159,0.0009040932971043111
2013-08-22,1,ridge,35,-0.001596561591823864,0.0005127207209401246
2013-08-23,1,ridge,35,0.0006143638455817779,0.0005686633724030851
2013-08-26,1,ridge,35,-0.002952394812801629,0.000800164293862211
2013-08-27,1,ridge,35,0.003198034705955699,0.0010540558838622646
2013-08-28,1,ridge,35,0.00636554971079839,0.0008755693804507429
2013-08-29,1,ridge,35,0.001706901170336117,0.0007049278113457444
2013-08-30,1,ridge,35,0.0,0.0007980032451868309
2013-09-02,1,ridge,35,0.003283675799414354,0.0005392457616534318
2013-09-03,1,ridge,35,-0.002309610216492786,0.0005163901278547323
2013-09-04,1,ridge,35,0.005582538769997036,0.000492370670807726
2013-09-05,1,ridge,35,-0.005825966229815904,0.0005935573138144104
2013-09-06,1,ridge,35,-0.004391857736394833,0.0005927771692118166
2013-09-09,1,ridge,35,0.0003667257543700231,0.0005881458860175382
2013-09-10,1,ridge,35,-0.003673323586783184,0.0005706536832071343
2013-09-11,1,ridge,35,-0.0003680755823411985,0.0006654384850170577
2013-09-12,1,ridge,35,-0.0004909782840742949,0.0008837892872031513
2013-09-13,1,ridge,35,-0.001843318494288759,0.0006994270431644419
2013-09-16,1,ridge,35,-0.001969958775464242,0.0005604169365058507
2013-09-17,1,ridge,35,-0.01115391412462063,0.0007426861201976711
2013-09-18,1,ridge,35,0.00161882857094664,0.0006017137149073213
2013-09-19,1,ridge,35,0.0007462686913504157,0.0009404568401717834
2013-09-20,1,ridge,35,0.0002486325224149155,0.0011009834571887615
2013-09-23,1,ridge,35,0.00136637497191483,0.0011644398399781168
2013-09-24,1,ridge,35,-0.002859098224585743,0.0010481779575732483
2013-09-25,1,ridge,35,0.002362450585869702,0.0009361611880180646
2013-09-26,1,ridge,35,-0.002860520574998304,0.0009003915722870302
2013-09-27,1,ridge,35,-0.000872219854685774,0.0009668866888468298
2013-09-30,1,ridge,35,-0.000997755133908207,0.0011461151718341516
2013-10-01,1,ridge,35,-0.002999252435770039,0.0008014609832864212
2013-10-02,1,ridge,35,-0.001879111107275122,0.0009095803847217563
2013-10-03,1,ridge,35,0.00475357412502575,0.0010421077176990799
2013-10-04,1,ridge,35,-0.002373962506801774,0.0008906543380355037
2013-10-07,1,ridge,35,0.001500000281249747,0.0010088501153662599
2013-10-08,1,ridge,35,0.003989035456627654,0.0009791861363237693
2013-10-09,1,ridge,35,0.0004975124480726123,0.0008899022836815841
2013-10-10,1,ridge,35,-0.0001243549090697016,0.0003527254816921117
2013-10-11,1,ridge,35,-0.001867181721286748,0.0006070444464794793
2013-10-14,1,ridge,35,0.00273734151265792,0.0006370139514507068
2013-10-15,1,ridge,35,-0.0001242621933874588,0.0008139380139808452
2013-10-16,1,ridge,35,-0.01024240780198404,0.00044839159821367583
2013-10-17,1,ridge,35,0.0,0.0005730112640663586
2013-10-18,1,ridge,35,0.000502071053599451,0.0007740906649490303
2013-10-21,1,ridge,35,-0.005789092432506138,0.0009521964025805189
2013-10-22,1,ridge,35,0.0003785727851379761,0.0006412743356941682
2013-10-23,1,ridge,35,-0.000883559539968104,0.00108023441658706
2013-10-24,1,ridge,35,0.0,0.0008065301185898982
2013-08-30,1,ridge,36,0.0,0.0005844272505330616
2013-09-02,1,ridge,36,0.003283675799414354,0.00030750981388452
2013-09-03,1,ridge,36,-0.002309610216492786,0.00029128806611804003
2013-09-04,1,ridge,36,0.005582538769997036,0.0002761395320467056
2013-09-05,1,ridge,36,-0.005825966229815904,0.00038274646230821807
2013-09-06,1,ridge,36,-0.004391857736394833,0.00036118009886019743
2013-09-09,1,ridge,36,0.0003667257543700231,0.00040485241229240717
2013-09-10,1,ridge,36,-0.003673323586783184,0.00035084580486586056
2013-09-11,1,ridge,36,-0.0003680755823411985,0.0004176651806664614
2013-09-12,1,ridge,36,-0.0004909782840742949,0.0006775646865497723
2013-09-13,1,ridge,36,-0.001843318494288759,0.0004903030523063751
2013-09-16,1,ridge,36,-0.001969958775464242,0.0002889777845881903
2013-09-17,1,ridge,36,-0.01115391412462063,0.0005296577441356237
2013-09-18,1,ridge,36,0.00161882857094664,0.0003913813426298924
2013-09-19,1,ridge,36,0.0007462686913504157,0.0007289015968523552
2013-09-20,1,ridge,36,0.0002486325224149155,0.0008542615168112285
2013-09-23,1,ridge,36,0.00136637497191483,0.0009568043721682754
2013-09-24,1,ridge,36,-0.002859098224585743,0.0008246391280922327
2013-09-25,1,ridge,36,0.002362450585869702,0.0007167904439515746
2013-09-26,1,ridge,36,-0.002860520574998304,0.0007015791699684087
2013-09-27,1,ridge,36,-0.000872219854685774,0.0007418916127305444
2013-09-30,1,ridge,36,-0.000997755133908207,0.0009077069466032881
2013-10-01,1,ridge,36,-0.002999252435770039,0.0005436162853884595
2013-10-02,1,ridge,36,-0.001879111107275122,0.0006916388614575918
2013-10-03,1,ridge,36,0.00475357412502575,0.0008198689708527002
2013-10-04,1,ridge,36,-0.002373962506801774,0.0006508192441105741
2013-10-07,1,ridge,36,0.001500000281249747,0.0007851670665226207
2013-10-08,1,ridge,36,0.003989035456627654,0.0007335540737536298
2013-10-09,1,ridge,36,0.0004975124480726123,0.0006620717900183872
2013-10-10,1,ridge,36,-0.0001243549090697016,0.0001139531943053154
2013-10-11,1,ridge,36,-0.001867181721286748,0.00037205216220893427
2013-10-14,1,ridge,36,0.00273734151265792,0.00038739771286272517
2013-10-15,1,ridge,36,-0.0001242621933874588,0.0005812925336989481
2013-10-16,1,ridge,36,-0.01024240780198404,0.00022315929379988656
2013-10-17,1,ridge,36,0.0,0.0003319750260854752
2013-10-18,1,ridge,36,0.000502071053599451,0.000558315147566399
2013-10-21,1,ridge,36,-0.005789092432506138,0.0008225594052386396
2013-10-22,1,ridge,36,0.0003785727851379761,0.00032464580075670295
2013-10-23,1,ridge,36,-0.000883559539968104,0.0008270682079468602
2013-10-24,1,ridge,36,0.0,0.0005974370761180265
2013-10-25,1,ridge,36,0.0007573845350696828,0.0006079477610604478
2013-10-28,1,ridge,36,0.004532300343096374,0.0005168038211344116
2013-10-29,1,ridge,36,0.002133133376774232,0.0004971559527088223
2013-10-30,1,ridge,36,0.00512597234167611,0.000579286122009247
2013-10-31,1,ridge,36,0.006587557226416685,0.0007756585953266182
2013-11-01,1,ridge,36,-0.002108266422370164,0.0007546094011987193
2013-11-04,1,ridge,36,0.001984373713296961,0.00035900259611632956
2013-11-05,1,ridge,36,-0.002853776984851564,0.0006810687529264919
2013-11-06,1,ridge,36,0.004463186183991219,0.00034660859515044584
2013-11-07,1,ridge,36,0.005674124018344884,0.0008110318284002581
2013-11-08,1,ridge,36,-0.002586367597299244,0.0003018131178187431
2013-11-11,1,ridge,36,0.001232437917889406,0.00029970340013980336
2013-11-12,1,ridge,36,-0.003207503366744469,0.0007337760482786007
2013-11-13,1,ridge,36,0.001111454266933265,0.00012312681223013267
2013-11-14,1,ridge,36,-0.0021004517514287,0.0002860857720686494
2013-11-15,1,ridge,36,-0.0002474022773624185,0.00024879014559711133
2013-11-18,1,ridge,36,-0.00160960846984981,0.00043693859938451836
2013-11-19,1,ridge,36,0.005067682806350504,0.00039471777504010994
2013-11-20,1,ridge,36,-0.0004932790826384092,0.00047894201296243543
2013-11-21,1,ridge,36,-0.004450495663334664,1.969006440808549e-05
2013-09-27,1,ridge,37,-0.000872219854685774,0.00032505241116508965
2013-09-30,1,ridge,37,-0.000997755133908207,0.0004852793755880376
2013-10-01,1,ridge,37,-0.002999252435770039,7.255952920355341e-05
2013-10-02,1,ridge,37,-0.001879111107275122,0.00023103182246377862
2013-10-03,1,ridge,37,0.00475357412502575,0.0003597106781290225
2013-10-04,1,ridge,37,-0.002373962506801774,0.000182109578810666
2013-10-07,1,ridge,37,0.001500000281249747,0.00032461534845701465
2013-10-08,1,ridge,37,0.003989035456627654,0.0002786438811879156
2013-10-09,1,ridge,37,0.0004975124480726123,0.00019906293196050544
2013-10-10,1,ridge,37,-0.0001243549090697016,-0.00035235997267639484
2013-10-11,1,ridge,37,-0.001867181721286748,-9.186782635186533e-05
2013-10-14,1,ridge,37,0.00273734151265792,-7.551784399553957e-05
2013-10-15,1,ridge,37,-0.0001242621933874588,0.00012158759867151141
2013-10-16,1,ridge,37,-0.01024240780198404,-0.000268033838194948
2013-10-17,1,ridge,37,0.0,-0.0001411242153568352
2013-10-18,1,ridge,37,0.000502071053599451,8.42976117623407e-05
2013-10-21,1,ridge,37,-0.005789092432506138,0.00036491186257197374
2013-10-22,1,ridge,37,0.0003785727851379761,-0.00013956383955539156
2013-10-23,1,ridge,37,-0.000883559539968104,0.00033341022435480597
2013-10-24,1,ridge,37,0.0,0.00011848720402038847
2013-10-25,1,ridge,37,0.0007573845350696828,0.00011811501794381645
2013-10-28,1,ridge,37,0.004532300343096374,2.424763559636625e-05
2013-10-29,1,ridge,37,0.002133133376774232,-2.173457424081212e-06
2013-10-30,1,ridge,37,0.00512597234167611,9.519751649546485e-05
2013-10-31,1,ridge,37,0.006587557226416685,0.0002741046472927222
2013-11-01,1,ridge,37,-0.002108266422370164,0.0002493901275023133
2013-11-04,1,ridge,37,0.001984373713296961,-0.00018244437032918835
2013-11-05,1,ridge,37,-0.002853776984851564,0.00014667092631415115
2013-11-06,1,ridge,37,0.004463186183991219,-0.0001963374944915113
2013-11-07,1,ridge,37,0.005674124018344884,0.00026450780870339763
2013-11-08,1,ridge,37,-0.002586367597299244,-0.0002560318062738068
2013-11-11,1,ridge,37,0.001232437917889406,-0.00025283007776424763
2013-11-12,1,ridge,37,-0.003207503366744469,0.000169023160787128
2013-11-13,1,ridge,37,0.001111454266933265,-0.000474813740661729
2013-11-14,1,ridge,37,-0.0021004517514287,-0.0002946507754890522
2013-11-15,1,ridge,37,-0.0002474022773624185,-0.0003188024879688314
2013-11-18,1,ridge,37,-0.00160960846984981,-0.00013867722868555097
2013-11-19,1,ridge,37,0.005067682806350504,-0.00020911100417243692
2013-11-20,1,ridge,37,-0.0004932790826384092,-0.0001180658043897928
2013-11-21,1,ridge,37,-0.004450495663334664,-0.0005913742067783215
2013-11-22,1,ridge,37,0.002598528963264179,-0.0004050077928922365
2013-11-25,1,ridge,37,-0.003838301004035038,-0.00036200700008561
2013-11-26,1,ridge,37,0.001363664749844062,-0.00022835014832395782
2013-11-27,1,ridge,37,0.0,-0.0003452842404914588
2013-11-28,1,ridge,37,-0.0004956629593424466,-0.0004395989916758357
2013-11-29,1,ridge,37,0.002970299213533423,-0.0001670474985455535
2013-12-02,1,ridge,37,0.0,-1.1094240257733507e-05
2013-12-03,1,ridge,37,-0.003714254610525103,-7.008858769172799e-05
2013-12-04,1,ridge,37,-0.004849247923455202,5.067286998404098e-05
2013-12-05,1,ridge,37,0.0009966364348059642,9.402299621002187e-05
2013-12-06,1,ridge,37,-0.002243830410391112,-0.00026507696167038254
2013-12-09,1,ridge,37,-0.001998751446181224,-0.00019648486065281117
2013-12-10,1,ridge,37,-0.001000875849847205,-1.3594851215825032e-05
2013-12-11,1,ridge,37,0.00399750688488254,0.00016917163012852455
2013-12-12,1,ridge,37,0.0,-2.545949427885396e-05
2013-12-13,1,ridge,37,-0.00174694329429137,-0.0001220959566560197
2013-12-16,1,ridge,37,-0.000124898520114769,-0.0001582259879375796
2013-12-17,1,ridge,37,0.0006243366625984237,2.1097150320755983e-06
2013-12-18,1,ridge,37,0.006470098469905317,-0.00043453189528448423
2013-12-19,1,ridge,37,-0.000620308933729774,-0.00020262309712162395
2013-10-25,1,ridge,38,0.0007573845350696828,-6.0364630686623925e-05
2013-10-28,1,ridge,38,0.004532300343096374,-0.00019015317002581784
2013-10-29,1,ridge,38,0.002133133376774232,-0.0001705578485643878
2013-10-30,1,ridge,38,0.00512597234167611,-9.352960361251885e-05
2013-10-31,1,ridge,38,0.006587557226416685,2.5321140785018934e-05
2013-11-01,1,ridge,38,-0.002108266422370164,2.4127702926895735e-05
2013-11-04,1,ridge,38,0.001984373713296961,-0.00034134511924064005
2013-11-05,1,ridge,38,-0.002853776984851564,-0.00010875618024327015
2013-11-06,1,ridge,38,0.004463186183991219,-0.0004203976204525394
2013-11-07,1,ridge,38,0.005674124018344884,3.996647851172073e-05
2013-11-08,1,ridge,38,-0.002586367597299244,-0.0004512266033522703
2013-11-11,1,ridge,38,0.001232437917889406,-0.0004335244028058967
2013-11-12,1,ridge,38,-0.003207503366744469,-0.00021342518119311053
2013-11-13,1,ridge,38,0.001111454266933265,-0.0006078794143332168
2013-11-14,1,ridge,38,-0.0021004517514287,-0.0005305278670859094
2013-11-15,1,ridge,38,-0.0002474022773624185,-0.000523666493490545
2013-11-18,1,ridge,38,-0.00160960846984981,-0.0003408852693051584
2013-11-19,1,ridge,38,0.005067682806350504,-0.0004508826120179919
2013-11-20,1,ridge,38,-0.0004932790826384092,-0.00033972894514209623
2013-11-21,1,ridge,38,-0.004450495663334664,-0.0008324024451982124
2013-11-22,1,ridge,38,0.002598528963264179,-0.0006596115638734916
2013-11-25,1,ridge,38,-0.003838301004035038,-0.0005659593015298484
2013-11-26,1,ridge,38,0.001363664749844062,-0.0005330733960168664
2013-11-27,1,ridge,38,0.0,-0.0005745099994007678
2013-11-28,1,ridge,38,-0.0004956629593424466,-0.0006212246625708329
2013-11-29,1,ridge,38,0.002970299213533423,-0.0003990987110219124
2013-12-02,1,ridge,38,0.0,-0.00023372113916066275
2013-12-03,1,ridge,38,-0.003714254610525103,-0.0003097504582521313
2013-12-04,1,ridge,38,-0.004849247923455202,-0.00018979761534148714
2013-12-05,1,ridge,38,0.0009966364348059642,-0.00015930641500289962
2013-12-06,1,ridge,38,-0.002243830410391112,-0.0005098259748196485
2013-12-09,1,ridge,38,-0.001998751446181224,-0.00042790778533855763
2013-12-10,1,ridge,38,-0.001000875849847205,-0.00022970811077797682
2013-12-11,1,ridge,38,0.00399750688488254,-6.878632617938103e-05
2013-12-12,1,ridge,38,0.0,-0.0002650418158276601
2013-12-13,1,ridge,38,-0.00174694329429137,-0.00035524643172190246
2013-12-16,1,ridge,38,-0.000124898520114769,-0.0004089549612457638
2013-12-17,1,ridge,38,0.0006243366625984237,-0.00023677606641006593
2013-12-18,1,ridge,38,0.006470098469905317,-0.0006816246486261358
2013-12-19,1,ridge,38,-0.000620308933729774,-0.0004224204255268063
2013-12-20,1,ridge,38,-0.001614606324809031,-0.00047388509058649003
2013-12-23,1,ridge,38,0.0,-0.0005023209214577064
2013-12-24,1,ridge,38,0.0,-0.00045213555208421064
2013-12-25,1,ridge,38,0.0003728329130368024,-0.00045332950446199256
2013-12-26,1,ridge,38,-0.00111891601155989,-0.0005856757778245815
2013-12-27,1,ridge,38,-0.004863155665987939,-0.0005364426994343357
2013-12-30,1,ridge,38,0.0003749297050736899,-0.00043078806782510245
2013-12-31,1,ridge,38,0.0,-0.00042376850572778147
2014-01-01,1,ridge,38,0.007469224317976142,-0.0004559287232753622
2014-01-02,1,ridge,38,0.001982406794685865,-0.00014295855861127968
2014-01-03,1,ridge,38,-0.001734390920399065,-0.0003021245297013823
2014-01-06,1,ridge,38,0.00222937917453514,-0.00036558797277361297
2014-01-07,1,ridge,38,0.002347854028791119,-0.0005756607706417213
2014-01-08,1,ridge,38,-0.0002468831021049667,-0.0005883782059281918
2014-01-09,1,ridge,38,-0.00420636522721729,-0.000417472448884751
2014-01-10,1,ridge,38,-0.001861389133332558,-0.0004966793462927839
2014-01-13,1,ridge,38,0.001861389133332558,0.00011077581196046824
2014-01-14,1,ridge,38,0.004576667027412107,-0.0004974772131990855
2014-01-15,1,ridge,38,-0.001482030652885769,-0.000612595998957794
2014-01-16,1,ridge,38,0.003824096438403757,-0.0004045205086108094
2013-11-22,1,ridge,39,0.002598528963264179,-0.0002378546912379027
2013-11-25,1,ridge,39,-0.003838301004035038,-0.00011657071821795332
2013-11-26,1,ridge,39,0.001363664749844062,-0.00013283158163420483
2013-11-27,1,ridge,39,0.0,-0.00015042082996839565
2013-11-28,1,ridge,39,-0.0004956629593424466,-0.00017598827006226118
2013-11-29,1,ridge,39,0.002970299213533423,1.1121940192814679e-07
2013-12-02,1,ridge,39,0.0,0.00018828422185035253
2013-12-03,1,ridge,39,-0.003714254610525103,0.00011299719617357049
2013-12-04,1,ridge,39,-0.004849247923455202,0.00023795284021362523
2013-12-05,1,ridge,39,0.0009966364348059642,0.0002618698721033197
2013-12-06,1,ridge,39,-0.002243830410391112,-0.0001026467406751767
2013-12-09,1,ridge,39,-0.001998751446181224,-7.705121925267044e-07
2013-12-10,1,ridge,39,-0.001000875849847205,0.00020964832486725695
2013-12-11,1,ridge,39,0.00399750688488254,0.00037131173973305767
2013-12-12,1,ridge,39,0.0,0.00017690470889432803
2013-12-13,1,ridge,39,-0.00174694329429137,8.370399369411443e-05
2013-12-16,1,ridge,39,-0.000124898520114769,1.2443640652157578e-05
2013-12-17,1,ridge,39,0.0006243366625984237,0.0001953964837207171
2013-12-18,1,ridge,39,0.006470098469905317,-0.0002518858289110105
2013-12-19,1,ridge,39,-0.000620308933729774,1.6463731597277156e-05
2013-12-20,1,ridge,39,-0.001614606324809031,-6.63654912320606e-05
2013-12-23,1,ridge,39,0.0,-6.33590275638121e-05
2013-12-24,1,ridge,39,0.0,-4.4028979313103416e-05
2013-12-25,1,ridge,39,0.0003728329130368024,-5.066095641778587e-06
2013-12-26,1,ridge,39,-0.00111891601155989,-0.00016394479159012018
2013-12-27,1,ridge,39,-0.004863155665987939,-8.508499074928944e-05
2013-12-30,1,ridge,39,0.0003749297050736899,2.693096047509748e-06
2013-12-31,1,ridge,39,0.0,1.634063867683543e-05
2014-01-01,1,ridge,39,0.007469224317976142,-7.614285286203852e-06
2014-01-02,1,ridge,39,0.001982406794685865,0.00029142260940354347
2014-01-03,1,ridge,39,-0.001734390920399065,0.00013879923316293606
2014-01-06,1,ridge,39,0.00222937917453514,8.067710506528067e-05
2014-01-07,1,ridge,39,0.002347854028791119,-0.00013196214221419068
2014-01-08,1,ridge,39,-0.0002468831021049667,-0.00013932961407413425
2014-01-09,1,ridge,39,-0.00420636522721729,1.5904105083769515e-05
2014-01-10,1,ridge,39,-0.001861389133332558,-5.27709431607241e-05
2014-01-13,1,ridge,39,0.001861389133332558,0.0006160024215451887
2014-01-14,1,ridge,39,0.004576667027412107,-7.192996769094282e-05
2014-01-15,1,ridge,39,-0.001482030652885769,-0.00016907408893595876
2014-01-16,1,ridge,39,0.003824096438403757,4.268743578235213e-05
2014-01-17,1,ridge,39,0.0,7.99452257509436e-05
2014-01-20,1,ridge,39,-0.001478561136784684,5.046940781795659e-05
2014-01-21,1,ridge,39,0.0008627596517172265,-6.629390225985091e-05
2014-01-22,1,ridge,39,-0.00903415586863332,2.8249806373618926e-05
2014-01-23,1,ridge,39,0.0002486016171907579,0.00028670607971841103
2014-01-24,1,ridge,39,0.0007454342499491062,0.0007846612929185406
2014-01-27,1,ridge,39,0.0006207710175134551,0.00034494242670737803
2014-01-28,1,ridge,39,-0.0008691873645867432,4.183151539276769e-05
2014-01-29,1,ridge,39,0.00717913715928109,0.00030113123366117255
2014-01-30,1,ridge,39,0.0028326886359471,0.00010458970711248297
2014-01-31,1,ridge,39,-0.003696406377345696,0.0003018985214018123
2014-02-03,1,ridge,39,0.001356936000473041,0.0005461012255316316
2014-02-04,1,ridge,39,-0.0009866799024456085,0.00017975836670924337
2014-02-05,1,ridge,39,-0.001605434120679483,0.00010982713951363418
2014-02-06,1,ridge,39,-0.002722773959333402,-0.00020205031462048947
2014-02-07,1,ridge,39,-0.0006198475373562218,-0.00024947258454055353
2014-02-10,1,ridge,39,0.0,0.00015985623303689108
2014-02-11,1,ridge,39,0.0004959087629528014,0.0001516104676575955
2014-02-12,1,ridge,39,-0.004472057142592689,-2.6475775869869362e-08
2014-02-13,1,ridge,39,-0.002118776887856555,7.163388043380188e-05
2013-12-20,1,ridge,40,-0.001614606324809031,-6.784231612868904e-05
2013-12-23,1,ridge,40,0.0,-9.365523214395382e-05
2013-12-24,1,ridge,40,0.0,-4.958996260195103e-05
2013-12-25,1,ridge,40,0.0003728329130368024,-4.032461705086161e-05
2013-12-26,1,ridge,40,-0.00111891601155989,-0.00017838538483787566
2013-12-27,1,ridge,40,-0.004863155665987939,-0.00012519014776602976
2013-12-30,1,ridge,40,0.0003749297050736899,-2.3524015114740785e-05
2013-12-31,1,ridge,40,0.0,-1.5523533731590886e-05
2014-01-01,1,ridge,40,0.007469224317976142,-3.991085347053141e-05
2014-01-02,1,ridge,40,0.001982406794685865,0.00027549704834522917
2014-01-03,1,ridge,40,-0.001734390920399065,0.00011209086573884405
2014-01-06,1,ridge,40,0.00222937917453514,5.441144258670491e-05
2014-01-07,1,ridge,40,0.002347854028791119,-0.00015168983803682772
2014-01-08,1,ridge,40,-0.0002468831021049667,-0.00016596039320015951
2014-01-09,1,ridge,40,-0.00420636522721729,2.1150468234136725e-06
2014-01-10,1,ridge,40,-0.001861389133332558,-8.144528875797538e-05
2014-01-13,1,ridge,40,0.001861389133332558,0.0005787820549329951
2014-01-14,1,ridge,40,0.004576667027412107,-8.618575737793098e-05
2014-01-15,1,ridge,40,-0.001482030652885769,-0.00019903540838935081
2014-01-16,1,ridge,40,0.003824096438403757,1.2372858615896253e-05
2014-01-17,1,ridge,40,0.0,5.807518178837852e-05
2014-01-20,1,ridge,40,-0.001478561136784684,1.2709350294075847e-05
2014-01-21,1,ridge,40,0.0008627596517172265,-8.812369629720233e-05
2014-01-22,1,ridge,40,-0.00903415586863332,-8.654669410562743e-06
2014-01-23,1,ridge,40,0.0002486016171907579,0.0002676888362273098
2014-01-24,1,ridge,40,0.0007454342499491062,0.0007583945319976935
2014-01-27,1,ridge,40,0.0006207710175134551,0.0003223209777430807
2014-01-28,1,ridge,40,-0.0008691873645867432,-7.570447151768463e-07
2014-01-29,1,ridge,40,0.00717913715928109,0.0002713261437734543
2014-01-30,1,ridge,40,0.0028326886359471,9.353184896401131e-05
2014-01-31,1,ridge,40,-0.003696406377345696,0.0002879905933878144
2014-02-03,1,ridge,40,0.001356936000473041,0.0005072102103180299
2014-02-04,1,ridge,40,-0.0009866799024456085,0.0001556023027070551
2014-02-05,1,ridge,40,-0.001605434120679483,7.884503902777337e-05
2014-02-06,1,ridge,40,-0.002722773959333402,-0.00023128565025005787
2014-02-07,1,ridge,40,-0.0006198475373562218,-0.00026212607589945215
2014-02-10,1,ridge,40,0.0,0.00013377063440705284
2014-02-11,1,ridge,40,0.0004959087629528014,0.00012080767249242237
2014-02-12,1,ridge,40,-0.004472057142592689,-1.6756456965515558e-05
2014-02-13,1,ridge,40,-0.002118776887856555,4.471442740469897e-05
2014-02-14,1,ridge,40,-0.0001247738475633753,0.0001326800784735023
2014-02-17,1,ridge,40,-0.001623478345965879,9.554192658767283e-05
2014-02-18,1,ridge,40,0.001623478345965879,-2.859233513716692e-05
2014-02-19,1,ridge,40,0.001869974988593981,0.000209573862542868
2014-02-20,1,ridge,40,-0.0006229365429124556,0.00019089461967061914
2014-02-21,1,ridge,40,-0.0004986287812114298,2.017368989266697e-05
2014-02-24,1,ridge,40,-0.0007484096644700955,3.691943834431591e-05
2014-02-25,1,ridge,40,0.003612135707978581,0.00010325355884823269
2014-02-26,1,ridge,40,-0.001866716987839467,0.00024869159118117627
2014-02-27,1,ridge,40,-0.007376416518480866,8.019829624322039e-05
2014-02-28,1,ridge,40,0.004882027597307825,0.00018190766205989698
2014-03-03,1,ridge,40,0.001123245047895516,0.0005772913111926533
2014-03-04,1,ridge,40,-0.0007486898278346032,-0.00018129169544481505
2014-03-05,1,ridge,40,-0.005633112473527824,8.18968606639369e-05
2014-03-06,1,ridge,40,0.0007529175910958585,-3.6145534736145724e-05
2014-03-07,1,ridge,40,0.0006269985784443932,0.00014506407525947935
2014-03-10,1,ridge,40,-0.0003761519698288751,0.0002557025318303411
2014-03-11,1,ridge,40,-0.0016316288527225,0.00021640179169876266
2014-03-12,1,ridge,40,0.0001256044716848592,0.00035649433609073684
2014-03-13,1,ridge,40,-0.002137424589446546,0.00044872233342737694
2014-01-17,1,ridge,41,0.0,0.0001466176902914197
2014-01-20,1,ridge,41,-0.001478561136784684,0.00010644133738869331
2014-01-21,1,ridge,41,0.0008627596517172265,1.0804845832268877e-06
2014-01-22,1,ridge,41,-0.00903415586863332,7.979698559263907e-05
2014-01-23,1,ridge,41,0.0002486016171907579,0.0003586804328012232
2014-01-24,1,ridge,41,0.0007454342499491062,0.0008569765034394222
2014-01-27,1,ridge,41,0.0006207710175134551,0.00041499374146229526
2014-01-28,1,ridge,41,-0.0008691873645867432,8.767423736218709e-05
2014-01-29,1,ridge,41,0.00717913715928109,0.0003531257153937763
2014-01-30,1,ridge,41,0.0028326886359471,0.0001873479782031979
2014-01-31,1,ridge,41,-0.003696406377345696,0.00038068405545190457
2014-02-03,1,ridge,41,0.001356936000473041,0.0006018946920060386
2014-02-04,1,ridge,41,-0.0009866799024456085,0.00025103083927216404
2014-02-05,1,ridge,41,-0.001605434120679483,0.00016536715969129575
2014-02-06,1,ridge,41,-0.002722773959333402,-0.0001432319514904266
2014-02-07,1,ridge,41,-0.0006198475373562218,-0.00017727452646728307
2014-02-10,1,ridge,41,0.0,0.0002180748191670828
2014-02-11,1,ridge,41,0.0004959087629528014,0.00021706678241992266
2014-02-12,1,ridge,41,-0.004472057142592689,7.03103087718161e-05
2014-02-13,1,ridge,41,-0.002118776887856555,0.00013212385831024492
2014-02-14,1,ridge,41,-0.0001247738475633753,0.00022156845450354358
2014-02-17,1,ridge,41,-0.001623478345965879,0.0001846742177571634
2014-02-18,1,ridge,41,0.001623478345965879,5.681263337432132e-05
2014-02-19,1,ridge,41,0.001869974988593981,0.0003045883635910198
2014-02-20,1,ridge,41,-0.0006229365429124556,0.00028371121199294297
2014-02-21,1,ridge,41,-0.0004986287812114298,0.0001050693368372982
2014-02-24,1,ridge,41,-0.0007484096644700955,0.00012245103711312088
2014-02-25,1,ridge,41,0.003612135707978581,0.00019303908483894646
2014-02-26,1,ridge,41,-0.001866716987839467,0.00033217912191450154
2014-02-27,1,ridge,41,-0.007376416518480866,0.00016347135275959264
2014-02-28,1,ridge,41,0.004882027597307825,0.00026560717633975205
2014-03-03,1,ridge,41,0.001123245047895516,0.0006647045730312394
2014-03-04,1,ridge,41,-0.0007486898278346032,-9.399822582960998e-05
2014-03-05,1,ridge,41,-0.005633112473527824,0.00017176036061819803
2014-03-06,1,ridge,41,0.0007529175910958585,5.019312497595225e-05
2014-03-07,1,ridge,41,0.0006269985784443932,0.00023709292187162488
2014-03-10,1,ridge,41,-0.0003761519698288751,0.0003458239533337524
2014-03-11,1,ridge,41,-0.0016316288527225,0.0003070414188539539
2014-03-12,1,ridge,41,0.0001256044716848592,0.00044972105379865524
2014-03-13,1,ridge,41,-0.002137424589446546,0.0005397083447177023
2014-03-14,1,ridge,41,-0.0007554772457032399,0.0003386174731791436
2014-03-17,1,ridge,41,0.0002518891700979964,0.00017961464758540645
2014-03-18,1,ridge,41,0.007402329766761362,0.00012814805768842036
2014-03-19,1,ridge,41,0.002372184145055911,0.0003429265261958112
2014-03-20,1,ridge,41,-0.0009981285919113958,0.00023968279068120385
2014-03-21,1,ridge,41,-0.002249438589098318,0.00025851242232608396
2014-03-24,1,ridge,41,0.0001251016452501474,0.0001833104072635986
2014-03-25,1,ridge,41,0.001125211095777345,0.00017492087080371078
2014-03-26,1,ridge,41,0.0009991258480708254,0.00018243788676299596
2014-03-27,1,ridge,41,0.0008734169873356734,0.0001829998653509803
2014-03-28,1,ridge,41,-0.0009982531400476446,-4.712235456146919e-05
2014-03-31,1,ridge,41,-0.0001248517387226755,3.0351910995662988e-05
2014-04-01,1,ridge,41,0.001621858006315868,0.00039827774805877085
2014-04-02,1,ridge,41,0.003111583816134633,0.00048282442006205363
2014-04-03,1,ridge,41,-0.0006215426889140119,0.0004736039399438424
2014-04-04,1,ridge,41,-0.002365391703563091,0.0006893993805684414
2014-04-07,1,ridge,41,-0.006000768100610898,0.0007529443178933018
2014-04-08,1,ridge,41,-0.003391323981337457,0.000492307695145889
2014-04-09,1,ridge,41,-0.001258970328696485,0.00045683652374147414
2014-04-10,1,ridge,41,0.000881445627805455,0.000934815606636153
2014-02-14,1,ridge,42,-0.0001247738475633753,8.664138427473119e-05
2014-02-17,1,ridge,42,-0.001623478345965879,4.34679876762945e-05
2014-02-18,1,ridge,42,0.001623478345965879,-7.609626272485795e-05
2014-02-19,1,ridge,42,0.001869974988593981,0.0001636110687862356
2014-02-20,1,ridge,42,-0.0006229365429124556,0.00014701632122636355
2014-02-21,1,ridge,42,-0.0004986287812114298,-3.204153599452973e-05
2014-02-24,1,ridge,42,-0.0007484096644700955,-1.1712483162098674e-05
2014-02-25,1,ridge,42,0.003612135707978581,6.097926382039081e-05
2014-02-26,1,ridge,42,-0.001866716987839467,0.00020415396941295233
2014-02-27,1,ridge,42,-0.007376416518480866,3.4860005665713905e-05
2014-02-28,1,ridge,42,0.004882027597307825,0.00013163507804498436
2014-03-03,1,ridge,42,0.001123245047895516,0.000536698281739601
2014-03-04,1,ridge,42,-0.0007486898278346032,-0.000236803217153714
2014-03-05,1,ridge,42,-0.005633112473527824,3.3212027310649415e-05
2014-03-06,1,ridge,42,0.0007529175910958585,-8.967726148924598e-05
2014-03-07,1,ridge,42,0.0006269985784443932,9.854301276453626e-05
2014-03-10,1,ridge,42,-0.0003761519698288751,0.0002115135150369032
2014-03-11,1,ridge,42,-0.0016316288527225,0.00017019612444359883
2014-03-12,1,ridge,42,0.0001256044716848592,0.000320773907958399
2014-03-13,1,ridge,42,-0.002137424589446546,0.00039771936840548824
2014-03-14,1,ridge,42,-0.0007554772457032399,0.00019443194408738098
2014-03-17,1,ridge,42,0.0002518891700979964,3.939077683585859e-05
2014-03-18,1,ridge,42,0.007402329766761362,-1.1201244511473321e-05
2014-03-19,1,ridge,42,0.002372184145055911,0.0002120504848548484
2014-03-20,1,ridge,42,-0.0009981285919113958,9.420802198672063e-05
2014-03-21,1,ridge,42,-0.002249438589098318,0.00011664705194725162
2014-03-24,1,ridge,42,0.0001251016452501474,4.8167361162031916e-05
2014-03-25,1,ridge,42,0.001125211095777345,4.3111384605523395e-05
2014-03-26,1,ridge,42,0.0009991258480708254,2.9208730958607948e-05
2014-03-27,1,ridge,42,0.0008734169873356734,4.287269919259965e-05
2014-03-28,1,ridge,42,-0.0009982531400476446,-0.00019553220545696817
2014-03-31,1,ridge,42,-0.0001248517387226755,-0.00010423857637694562
2014-04-01,1,ridge,42,0.001621858006315868,0.0002504212602928574
2014-04-02,1,ridge,42,0.003111583816134633,0.00034501515659767293
2014-04-03,1,ridge,42,-0.0006215426889140119,0.00033023430197165915
2014-04-04,1,ridge,42,-0.002365391703563091,0.0005467224840297373
2014-04-07,1,ridge,42,-0.006000768100610898,0.0006099259749647268
2014-04-08,1,ridge,42,-0.003391323981337457,0.0003389218984561728
2014-04-09,1,ridge,42,-0.001258970328696485,0.00031952270552205835
2014-04-10,1,ridge,42,0.000881445627805455,0.0008003937905588013
2014-04-11,1,ridge,42,0.003518033531679343,0.00077859309883766
2014-04-14,1,ridge,42,0.000877577941358787,0.00032915312883495735
2014-04-15,1,ridge,42,0.0,0.0004641231031909551
2014-04-16,1,ridge,42,0.0003758692019442123,0.00021246717252467663
2014-04-17,1,ridge,42,0.0,0.00041770096574939464
2014-04-18,1,ridge,42,0.001376979625470121,0.0004319316698279996
2014-04-21,1,ridge,42,-0.0003753518968059311,0.0004777845311410057
2014-04-22,1,ridge,42,-0.0006258997512960107,0.0004604107918314911
2014-04-23,1,ridge,42,-0.000751597179312391,0.0005681436603816201
2014-04-24,1,ridge,42,-0.0006267627908096429,0.00047231263173023324
2014-04-25,1,ridge,42,-0.0008781283886110103,0.0006998089237164907
2014-04-28,1,ridge,42,0.001630196611574597,0.0004509459070804557
2014-04-29,1,ridge,42,-0.004269217935829239,0.0006654944121802803
2014-04-30,1,ridge,42,0.0007547170169557305,0.0005615798858451698
2014-05-01,1,ridge,42,-0.0001257466207249536,0.0012609208433306434
2014-05-02,1,ridge,42,-0.0003773347632973767,0.0013412944195217746
2014-05-05,1,ridge,42,-0.00504478305369549,0.0013355496227371044
2014-05-06,1,ridge,42,0.001389854289054249,0.0016779612383864301
2014-05-07,1,ridge,42,0.002018164156237567,0.0013882175412710232
2014-05-08,1,ridge,42,0.006781389795611048,0.0013911713410465593
2014-03-14,1,ridge,43,-0.0007554772457032399,0.00013644049315969512
2014-03-17,1,ridge,43,0.0002518891700979964,-1.7004280007600353e-05
2014-03-18,1,ridge,43,0.007402329766761362,-6.945061650909275e-05
2014-03-19,1,ridge,43,0.002372184145055911,0.00015362788650967053
2014-03-20,1,ridge,43,-0.0009981285919113958,3.512380172151989e-05
2014-03-21,1,ridge,43,-0.002249438589098318,5.6963525461456204e-05
2014-03-24,1,ridge,43,0.0001251016452501474,-1.4626554486060567e-05
2014-03-25,1,ridge,43,0.001125211095777345,-1.5404348051159274e-05
2014-03-26,1,ridge,43,0.0009991258480708254,-3.16767424732001e-05
2014-03-27,1,ridge,43,0.0008734169873356734,-1.6617722942219544e-05
2014-03-28,1,ridge,43,-0.0009982531400476446,-0.00025889771459479427
2014-03-31,1,ridge,43,-0.0001248517387226755,-0.00016467786612758392
2014-04-01,1,ridge,43,0.001621858006315868,0.0001871827584902671
2014-04-02,1,ridge,43,0.003111583816134633,0.00028623262364191744
2014-04-03,1,ridge,43,-0.0006215426889140119,0.00026940733945857257
2014-04-04,1,ridge,43,-0.002365391703563091,0.000488000978560843
2014-04-07,1,ridge,43,-0.006000768100610898,0.0005493778539992862
2014-04-08,1,ridge,43,-0.003391323981337457,0.00027951141138921255
2014-04-09,1,ridge,43,-0.001258970328696485,0.0002628324729127898
2014-04-10,1,ridge,43,0.000881445627805455,0.000744975991819544
2014-04-11,1,ridge,43,0.003518033531679343,0.0007209411826183895
2014-04-14,1,ridge,43,0.000877577941358787,0.00026691910590330746
2014-04-15,1,ridge,43,0.0,0.0004047758021795219
2014-04-16,1,ridge,43,0.0003758692019442123,0.00015507258133692973
2014-04-17,1,ridge,43,0.0,0.0003608355828155978
2014-04-18,1,ridge,43,0.001376979625470121,0.0003737277640974581
2014-04-21,1,ridge,43,-0.0003753518968059311,0.0004212838268631246
2014-04-22,1,ridge,43,-0.0006258997512960107,0.00040311429633011663
2014-04-23,1,ridge,43,-0.000751597179312391,0.0005111342646919659
2014-04-24,1,ridge,43,-0.0006267627908096429,0.000416274695416547
2014-04-25,1,ridge,43,-0.0008781283886110103,0.0006433375622593132
2014-04-28,1,ridge,43,0.001630196611574597,0.0003944977529654233
2014-04-29,1,ridge,43,-0.004269217935829239,0.0006079591098722792
2014-04-30,1,ridge,43,0.0007547170169557305,0.0005071204839885931
2014-05-01,1,ridge,43,-0.0001257466207249536,0.0011861147815380277
2014-05-02,1,ridge,43,-0.0003773347632973767,0.001266206433331773
2014-05-05,1,ridge,43,-0.00504478305369549,0.0012609617063930008
2014-05-06,1,ridge,43,0.001389854289054249,0.001602020961322121
2014-05-07,1,ridge,43,0.002018164156237567,0.0013166668264927206
2014-05-08,1,ridge,43,0.006781389795611048,0.0013158054378556265
2014-05-09,1,ridge,43,0.0,0.0014123426915791926
2014-05-12,1,ridge,43,0.002999252435770039,0.0010816893137785652
2014-05-13,1,ridge,43,-0.0008738531234566693,0.0012680821853079786
2014-05-14,1,ridge,43,-0.0008746174106608606,0.0013196030714872852
2014-05-15,1,ridge,43,0.0004998750416511655,0.0014270893836241
2014-05-16,1,ridge,43,-0.0006248828548018892,0.0012818411050833554
2014-05-19,1,ridge,43,0.0006248828548018892,0.0012690863315019572
2014-05-20,1,ridge,43,0.0006244926200587031,0.001359553913504352
2014-05-21,1,ridge,43,0.001995759674533915,0.0011452104281494439
2014-05-22,1,ridge,43,0.001743028329744156,0.0012502566653547432
2014-05-23,1,ridge,43,0.0,0.0012215098042531569
2014-05-26,1,ridge,43,-0.0004976981563480365,0.0012498400514701683
2014-05-27,1,ridge,43,0.002734279605583367,0.0012279126824543962
2014-05-28,1,ridge,43,-0.000993418683462366,0.0013892390062758648
2014-05-29,1,ridge,43,-0.001491980881015209,0.0012696828310156325
2014-05-30,1,ridge,43,0.003353832098431653,0.0012921017736359306
2014-06-02,1,ridge,43,-0.001116694700074916,0.0014402064953418679
2014-06-03,1,ridge,43,0.001364679822238202,0.001386368219369298
2014-06-04,1,ridge,43,-0.003601817220594938,0.001552237497781034
2014-06-05,1,ridge,43,0.0004975743354309614,0.0014104262349760146
2014-04-11,1,ridge,44,0.003518033531679343,0.0006816844760569221
2014-04-14,1,ridge,44,0.000877577941358787,0.00019460312734717337
2014-04-15,1,ridge,44,0.0,0.0003916416916042879
2014-04-16,1,ridge,44,0.0003758692019442123,0.00012400013077501447
2014-04-17,1,ridge,44,0.0,0.00033527747341993903
2014-04-18,1,ridge,44,0.001376979625470121,0.0003223830236714538
2014-04-21,1,ridge,44,-0.0003753518968059311,0.000380895287566662
2014-04-22,1,ridge,44,-0.0006258997512960107,0.00036890317589045483
2014-04-23,1,ridge,44,-0.000751597179312391,0.0004699471820647506
2014-04-24,1,ridge,44,-0.0006267627908096429,0.00037697794136235224
2014-04-25,1,ridge,44,-0.0008781283886110103,0.0005969862879962847
2014-04-28,1,ridge,44,0.001630196611574597,0.0003482075222876233
2014-04-29,1,ridge,44,-0.004269217935829239,0.0005734235229398969
2014-04-30,1,ridge,44,0.0007547170169557305,0.0004754662552046056
2014-05-01,1,ridge,44,-0.0001257466207249536,0.0011169682060087264
2014-05-02,1,ridge,44,-0.0003773347632973767,0.0012090062869192166
2014-05-05,1,ridge,44,-0.00504478305369549,0.001190614145514099
2014-05-06,1,ridge,44,0.001389854289054249,0.001528966723978195
2014-05-07,1,ridge,44,0.002018164156237567,0.0012673880447134735
2014-05-08,1,ridge,44,0.006781389795611048,0.0012422318468169342
2014-05-09,1,ridge,44,0.0,0.0013693147607167326
2014-05-12,1,ridge,44,0.002999252435770039,0.0010121693052810247
2014-05-13,1,ridge,44,-0.0008738531234566693,0.0012095237848990695
2014-05-14,1,ridge,44,-0.0008746174106608606,0.001254627327161229
2014-05-15,1,ridge,44,0.0004998750416511655,0.001368456920441126
2014-05-16,1,ridge,44,-0.0006248828548018892,0.0012119840128202444
2014-05-19,1,ridge,44,0.0006248828548018892,0.0012148975512758233
2014-05-20,1,ridge,44,0.0006244926200587031,0.0012924267060711303
2014-05-21,1,ridge,44,0.001995759674533915,0.0010859033646153692
2014-05-22,1,ridge,44,0.001743028329744156,0.0012054317657183029
2014-05-23,1,ridge,44,0.0,0.0011459802706555572
2014-05-26,1,ridge,44,-0.0004976981563480365,0.0012078055678809206
2014-05-27,1,ridge,44,0.002734279605583367,0.0011628039269989854
2014-05-28,1,ridge,44,-0.000993418683462366,0.001311779121334892
2014-05-29,1,ridge,44,-0.001491980881015209,0.0012305566428794273
2014-05-30,1,ridge,44,0.003353832098431653,0.0012148013456942026
2014-06-02,1,ridge,44,-0.001116694700074916,0.001373294691584798
2014-06-03,1,ridge,44,0.001364679822238202,0.0012943385917401147
2014-06-04,1,ridge,44,-0.003601817220594938,0.0015129148652997823
2014-06-05,1,ridge,44,0.0004975743354309614,0.0013329148987669002
2014-06-06,1,ridge,44,0.002980258011159975,0.0014182022338632245
2014-06-09,1,ridge,44,0.002105655079109425,0.001348413367114398
2014-06-10,1,ridge,44,-0.0006188501961226223,0.0014734187032562605
2014-06-11,1,ridge,44,-0.002355129691003377,0.0014348567288238732
2014-06-12,1,ridge,44,0.0,0.0014618137164475735
2014-06-13,1,ridge,44,-0.001366035605159688,0.0014026697461991184
2014-06-16,1,ridge,44,0.001986344538889462,0.0014794544883913643
2014-06-17,1,ridge,44,-0.000620308933729774,0.0014852620798267294
2014-06-18,1,ridge,44,-0.003231823819782598,0.0012453025309182347
2014-06-19,1,ridge,44,0.000622316281208235,0.001343207484905501
2014-06-20,1,ridge,44,-0.001245020081141135,0.0014971216911423117
2014-06-23,1,ridge,44,0.0007471980422355529,0.0015561883522947565
2014-06-24,1,ridge,44,-0.001370289843814376,0.0016406720056666043
2014-06-25,1,ridge,44,0.0,0.0014584676444876943
2014-06-26,1,ridge,44,-0.002496256912817962,0.001550576846771411
2014-06-27,1,ridge,44,-0.003003756951827974,0.0015186585162575612
2014-06-30,1,ridge,44,0.0003759634106561549,0.0015158889671514112
2014-07-01,1,ridge,44,0.001877699744282424,0.0011577846631497261
2014-07-02,1,ridge,44,0.003121685746633851,0.0012554093872070235
2014-07-03,1,ridge,44,0.0007477567646523298,0.0012177501877151176
2014-05-09,1,ridge,45,0.0,0.00116289134043504
2014-05-12,1,ridge,45,0.002999252435770039,0.0008157113680803094
2014-05-13,1,ridge,45,-0.0008738531234566693,0.0010118926074622482
2014-05-14,1,ridge,45,-0.0008746174106608606,0.001055784494283094
2014-05-15,1,ridge,45,0.0004998750416511655,0.0011664255344631044
2014-05-16,1,ridge,45,-0.0006248828548018892,0.0010142254737879406
2014-05-19,1,ridge,45,0.0006248828548018892,0.0010095472156429115
2014-05-20,1,ridge,45,0.0006244926200587031,0.001094660695177976
2014-05-21,1,ridge,45,0.001995759674533915,0.000884084173189615
2014-05-22,1,ridge,45,0.001743028329744156,0.0009976118869998818
2014-05-23,1,ridge,45,0.0,0.0009537262239308581
2014-05-26,1,ridge,45,-0.0004976981563480365,0.0009983193748056118
2014-05-27,1,ridge,45,0.002734279605583367,0.0009670235668587604
2014-05-28,1,ridge,45,-0.000993418683462366,0.0011205884206611871
2014-05-29,1,ridge,45,-0.001491980881015209,0.0010154840274886729
2014-05-30,1,ridge,45,0.003353832098431653,0.0010190077211423116
2014-06-02,1,ridge,45,-0.001116694700074916,0.0011593780873024855
2014-06-03,1,ridge,45,0.001364679822238202,0.0010912367671376167
2014-06-04,1,ridge,45,-0.003601817220594938,0.0012829462735888006
2014-06-05,1,ridge,45,0.0004975743354309614,0.0011168491042928903
2014-06-06,1,ridge,45,0.002980258011159975,0.0012004385958582053
2014-06-09,1,ridge,45,0.002105655079109425,0.0011392029147425306
2014-06-10,1,ridge,45,-0.0006188501961226223,0.0012561535054610715
2014-06-11,1,ridge,45,-0.002355129691003377,0.001229365617274618
2014-06-12,1,ridge,45,0.0,0.0012442092855190863
2014-06-13,1,ridge,45,-0.001366035605159688,0.0011789819737546647
2014-06-16,1,ridge,45,0.001986344538889462,0.0012656568831664345
2014-06-17,1,ridge,45,-0.000620308933729774,0.0012590856369951386
2014-06-18,1,ridge,45,-0.003231823819782598,0.0010383145916798777
2014-06-19,1,ridge,45,0.000622316281208235,0.001127191286755971
2014-06-20,1,ridge,45,-0.001245020081141135,0.001276308788630674
2014-06-23,1,ridge,45,0.0007471980422355529,0.0013455569349925562
2014-06-24,1,ridge,45,-0.001370289843814376,0.0014177138470964504
2014-06-25,1,ridge,45,0.0,0.0012400659040102814
2014-06-26,1,ridge,45,-0.002496256912817962,0.0013234596374621704
2014-06-27,1,ridge,45,-0.003003756951827974,0.00130130716853998
2014-06-30,1,ridge,45,0.0003759634106561549,0.0013027710188752329
2014-07-01,1,ridge,45,0.001877699744282424,0.0009525832995011893
2014-07-02,1,ridge,45,0.003121685746633851,0.0010427753367942964
2014-07-03,1,ridge,45,0.0007477567646523298,0.000999973705264515
2014-07-04,1,ridge,45,-0.0006230918015788234,0.001010045204198914
2014-07-07,1,ridge,45,-0.0004987531275455481,0.0011083092147956062
2014-07-08,1,ridge,45,-0.002372480353630912,0.001187485282643318
2014-07-09,1,ridge,45,0.001748688929248843,0.0009919471840553037
2014-07-10,1,ridge,45,0.0007485030289577921,0.001166258629909282
2014-07-11,1,ridge,45,0.0,0.0010732995750651628
2014-07-14,1,ridge,45,0.002490971520932028,0.0008816465315646695
2014-07-15,1,ridge,45,0.002112458070437917,0.0010202180426521306
2014-07-16,1,ridge,45,-0.0007450639857893293,0.0008835745221005536
2014-07-17,1,ridge,45,0.0002484163470732881,0.00116963039404591
2014-07-18,1,ridge,45,0.0004966476387160412,0.0008749028423006411
2014-07-21,1,ridge,45,0.002727161724959792,0.0011851181239366938
2014-07-22,1,ridge,45,0.0004950495150604084,0.0008331670277570218
2014-07-23,1,ridge,45,0.0006184674574036819,0.0009025934026371084
2014-07-24,1,ridge,45,0.001976529364903001,0.000969764877494822
2014-07-25,1,ridge,45,0.0,0.001027393958733902
2014-07-28,1,ridge,45,0.002218935821685086,0.0008932150536647692
2014-07-29,1,ridge,45,0.002705363184721143,0.0009694554645666716
2014-07-30,1,ridge,45,0.0003683467412258778,0.0008317114615173039
2014-07-31,1,ridge,45,-0.001966085666500916,0.0012704584296458913
2014-06-06,1,ridge,46,0.002980258011159975,0.0007754539903439836
2014-06-09,1,ridge,46,0.002105655079109425,0.0007366393872589771
2014-06-10,1,ridge,46,-0.0006188501961226223,0.0008301790180434371
2014-06-11,1,ridge,46,-0.002355129691003377,0.000840914387313016
2014-06-12,1,ridge,46,0.0,0.0008182885127786747
2014-06-13,1,ridge,46,-0.001366035605159688,0.0007337957862829931
2014-06-16,1,ridge,46,0.001986344538889462,0.0008539705179063718
2014-06-17,1,ridge,46,-0.000620308933729774,0.0008059385916440228
2014-06-18,1,ridge,46,-0.003231823819782598,0.0006540850329405125
2014-06-19,1,ridge,46,0.000622316281208235,0.0007149516769464504
2014-06-20,1,ridge,46,-0.001245020081141135,0.0008447188821730054
2014-06-23,1,ridge,46,0.0007471980422355529,0.0009465877549720428
2014-06-24,1,ridge,46,-0.001370289843814376,0.0009776507587082011
2014-06-25,1,ridge,46,0.0,0.0008179340631878254
2014-06-26,1,ridge,46,-0.002496256912817962,0.0008742158976304743
2014-06-27,1,ridge,46,-0.003003756951827974,0.0008855907237542609
2014-06-30,1,ridge,46,0.0003759634106561549,0.0009022063022322846
2014-07-01,1,ridge,46,0.001877699744282424,0.0005786367625783032
2014-07-02,1,ridge,46,0.003121685746633851,0.0006422209284144823
2014-07-03,1,ridge,46,0.0007477567646523298,0.000582537501067369
2014-07-04,1,ridge,46,-0.0006230918015788234,0.0006232760822771868
2014-07-07,1,ridge,46,-0.0004987531275455481,0.0007198455810239393
2014-07-08,1,ridge,46,-0.002372480353630912,0.0007683994917899532
2014-07-09,1,ridge,46,0.001748688929248843,0.000613708139350859
2014-07-10,1,ridge,46,0.0007485030289577921,0.0007692946016119481
2014-07-11,1,ridge,46,0.0,0.0006796173578215175
2014-07-14,1,ridge,46,0.002490971520932028,0.0005183271511745201
2014-07-15,1,ridge,46,0.002112458070437917,0.0006251086158436685
2014-07-16,1,ridge,46,-0.0007450639857893293,0.0004943963605858111
2014-07-17,1,ridge,46,0.0002484163470732881,0.0007558646425313498
2014-07-18,1,ridge,46,0.0004966476387160412,0.0004884890059627848
2014-07-21,1,ridge,46,0.002727161724959792,0.0008032388984037516
2014-07-22,1,ridge,46,0.0004950495150604084,0.0004404972174932581
2014-07-23,1,ridge,46,0.0006184674574036819,0.0005113898408329867
2014-07-24,1,ridge,46,0.001976529364903001,0.0005744762035322112
2014-07-25,1,ridge,46,0.0,0.0006376183634396467
2014-07-28,1,ridge,46,0.002218935821685086,0.0005203127463339416
2014-07-29,1,ridge,46,0.002705363184721143,0.000579130231057546
2014-07-30,1,ridge,46,0.0003683467412258778,0.0004783605771564145
2014-07-31,1,ridge,46,-0.001966085666500916,0.0008776897586936028
2014-08-01,1,ridge,46,0.0003689356249187981,0.0006346442149026476
2014-08-04,1,ridge,46,0.0,0.0004352830576254272
2014-08-05,1,ridge,46,0.001351600623528348,0.0006803336444617806
2014-08-06,1,ridge,46,0.0009818361122571062,0.0005860486772413885
2014-08-07,1,ridge,46,-0.0008590538664154934,0.000611980310964327
2014-08-08,1,ridge,46,0.000245519274496786,0.000452774779016909
2014-08-11,1,ridge,46,0.0003681659242662505,0.0003618675464131236
2014-08-12,1,ridge,46,0.001226241723244037,0.0005549758080310075
2014-08-13,1,ridge,46,-0.0001225565293516695,0.0004170372353646405
2014-08-14,1,ridge,46,-0.00208576236587632,0.0004833102019163126
2014-08-15,1,ridge,46,0.001963190814579185,0.0005022206857848018
2014-08-18,1,ridge,46,0.003670626903676144,0.00044863594178026344
2014-08-19,1,ridge,46,0.004265438189715809,0.00047863952027147846
2014-08-20,1,ridge,46,-0.0009733544995267351,0.0004313784737733508
2014-08-21,1,ridge,46,0.002310171858481702,0.00046341645053450166
2014-08-22,1,ridge,46,0.002547154024377996,0.0005606440036310568
2014-08-25,1,ridge,46,0.001210653900896475,0.0004134426057926876
2014-08-26,1,ridge,46,-0.00266537594189753,0.000521147294665034
2014-08-27,1,ridge,46,0.0006063913835685497,0.0005385266046378058
2014-08-28,1,ridge,46,0.003268174548467506,0.0006490293967849354
2014-07-04,1,ridge,47,-0.0006230918015788234,0.0002071601530668479
2014-07-07,1,ridge,47,-0.0004987531275455481,0.00030342170297593355
2014-07-08,1,ridge,47,-0.002372480353630912,0.00034777896656240604
2014-07-09,1,ridge,47,0.001748688929248843,0.00019644600350942948
2014-07-10,1,ridge,47,0.0007485030289577921,0.0003498465161523161
2014-07-11,1,ridge,47,0.0,0.00026138864722845994
2014-07-14,1,ridge,47,0.002490971520932028,0.00010595763948850387
2014-07-15,1,ridge,47,0.002112458070437917,0.00021044558361209146
2014-07-16,1,ridge,47,-0.0007450639857893293,8.27270721684985e-05
2014-07-17,1,ridge,47,0.0002484163470732881,0.00033934667248035604
2014-07-18,1,ridge,47,0.0004966476387160412,8.040493186890925e-05
2014-07-21,1,ridge,47,0.002727161724959792,0.0004058524337092086
2014-07-22,1,ridge,47,0.0004950495150604084,3.715931663708443e-05
2014-07-23,1,ridge,47,0.0006184674574036819,0.00010667890820415101
2014-07-24,1,ridge,47,0.001976529364903001,0.00017040705546204915
2014-07-25,1,ridge,47,0.0,0.00023327237287953874
2014-07-28,1,ridge,47,0.002218935821685086,0.00011758418340329982
2014-07-29,1,ridge,47,0.002705363184721143,0.00017674811168447613
2014-07-30,1,ridge,47,0.0003683467412258778,8.166867845233827e-05
2014-07-31,1,ridge,47,-0.001966085666500916,0.000475812275370266
2014-08-01,1,ridge,47,0.0003689356249187981,0.00023099306621588822
2014-08-04,1,ridge,47,0.0,3.894973436900266e-05
2014-08-05,1,ridge,47,0.001351600623528348,0.00027745260441856194
2014-08-06,1,ridge,47,0.0009818361122571062,0.00017812667003197936
2014-08-07,1,ridge,47,-0.0008590538664154934,0.00021191963477668226
2014-08-08,1,ridge,47,0.000245519274496786,5.197417941921862e-05
2014-08-11,1,ridge,47,0.0003681659242662505,-3.493082791516917e-05
2014-08-12,1,ridge,47,0.001226241723244037,0.00014640680284543718
2014-08-13,1,ridge,47,-0.0001225565293516695,1.764594394654289e-05
2014-08-14,1,ridge,47,-0.00208576236587632,8.405824073932602e-05
2014-08-15,1,ridge,47,0.001963190814579185,9.770829367826856e-05
2014-08-18,1,ridge,47,0.003670626903676144,4.0524903089631675e-05
2014-08-19,1,ridge,47,0.004265438189715809,7.72005328044286e-05
2014-08-20,1,ridge,47,-0.0009733544995267351,2.8974399327466518e-05
2014-08-21,1,ridge,47,0.002310171858481702,6.408454017071784e-05
2014-08-22,1,ridge,47,0.002547154024377996,0.00016410974532339345
2014-08-25,1,ridge,47,0.001210653900896475,1.3697776150669954e-05
2014-08-26,1,ridge,47,-0.00266537594189753,0.00011811135113183683
2014-08-27,1,ridge,47,0.0006063913835685497,0.00013464574315226718
2014-08-28,1,ridge,47,0.003268174548467506,0.0002442429195414138
2014-08-29,1,ridge,47,0.0,0.00011344815637983225
2014-09-01,1,ridge,47,0.002896104353184548,2.2040294720044673e-05
2014-09-02,1,ridge,47,-0.001567681961100575,0.00011043471822809838
2014-09-03,1,ridge,47,0.01151920584766941,-0.00010798251332671646
2014-09-04,1,ridge,47,-0.0009548819059279623,0.0002364415074302171
2014-09-05,1,ridge,47,0.005834391736274647,-5.506129995064865e-05
2014-09-08,1,ridge,47,0.0005934366087165799,0.00016917254908527333
2014-09-09,1,ridge,47,0.0,1.5547786992804236e-05
2014-09-10,1,ridge,47,0.00023727607182078,-5.597209557145109e-05
2014-09-11,1,ridge,47,-0.0007119971820896964,-0.00010892555431850709
2014-09-12,1,ridge,47,0.0002373887251509998,1.2791135937215863e-05
2014-09-15,1,ridge,47,-0.002257471403665612,0.0002663222831844166
2014-09-16,1,ridge,47,0.00320646317120854,-0.00015829633131879127
2014-09-17,1,ridge,47,-0.0002371635253615167,-5.663668601949706e-05
2014-09-18,1,ridge,47,0.00485064541732072,-0.0001428112659008249
2014-09-19,1,ridge,47,0.0002360160501870823,0.00011730016802083941
2014-09-22,1,ridge,47,-0.001062511167781999,0.00018519972310947533
2014-09-23,1,ridge,47,0.004478498940914122,0.00023259822614918704
2014-09-24,1,ridge,47,0.001762322021057194,4.141987104539977e-05
2014-09-25,1,ridge,47,0.005268407666732422,0.00034579424201594186
2014-08-01,1,ridge,48,0.0003689356249187981,0.0002268253862594861
2014-08-04,1,ridge,48,0.0,5.424607866279273e-05
2014-08-05,1,ridge,48,0.001351600623528348,0.0002766556719663006
2014-08-06,1,ridge,48,0.0009818361122571062,0.00017057373661196411
2014-08-07,1,ridge,48,-0.0008590538664154934,0.00021787900456123765
2014-08-08,1,ridge,48,0.000245519274496786,6.004395387941401e-05
2014-08-11,1,ridge,48,0.0003681659242662505,-2.2728138694741527e-05
2014-08-12,1,ridge,48,0.001226241723244037,0.00013103964084059533
2014-08-13,1,ridge,48,-0.0001225565293516695,2.3316022562610205e-05
2014-08-14,1,ridge,48,-0.00208576236587632,9.422766696785671e-05
2014-08-15,1,ridge,48,0.001963190814579185,0.00011276593774353817
2014-08-18,1,ridge,48,0.003670626903676144,3.8148128856874553e-05
2014-08-19,1,ridge,48,0.004265438189715809,8.508321969195317e-05
2014-08-20,1,ridge,48,-0.0009733544995267351,2.661984764487017e-05
2014-08-21,1,ridge,48,0.002310171858481702,6.909597816021578e-05
2014-08-22,1,ridge,48,0.002547154024377996,0.0001792936575509542
2014-08-25,1,ridge,48,0.001210653900896475,1.6605162265440228e-05
2014-08-26,1,ridge,48,-0.00266537594189753,0.00011634097670508572
2014-08-27,1,ridge,48,0.0006063913835685497,0.00014107429283979976
2014-08-28,1,ridge,48,0.003268174548467506,0.00024848244031586397
2014-08-29,1,ridge,48,0.0,0.00011387787486642813
2014-09-01,1,ridge,48,0.002896104353184548,4.0747564759733765e-05
2014-09-02,1,ridge,48,-0.001567681961100575,0.00011277249405960266
2014-09-03,1,ridge,48,0.01151920584766941,-0.00011191372689500317
2014-09-04,1,ridge,48,-0.0009548819059279623,0.00023847803984391368
2014-09-05,1,ridge,48,0.005834391736274647,-5.150647109576509e-05
2014-09-08,1,ridge,48,0.0005934366087165799,0.0001691894364995413
2014-09-09,1,ridge,48,0.0,2.963241673760599e-05
2014-09-10,1,ridge,48,0.00023727607182078,-5.35279799173822e-05
2014-09-11,1,ridge,48,-0.0007119971820896964,-0.00011143718575348571
2014-09-12,1,ridge,48,0.0002373887251509998,1.7252346294353534e-05
2014-09-15,1,ridge,48,-0.002257471403665612,0.00029031909965454675
2014-09-16,1,ridge,48,0.00320646317120854,-0.00017245372465059928
2014-09-17,1,ridge,48,-0.0002371635253615167,-5.0734668238047015e-05
2014-09-18,1,ridge,48,0.00485064541732072,-0.00014384340719843545
2014-09-19,1,ridge,48,0.0002360160501870823,0.0001240932725601628
2014-09-22,1,ridge,48,-0.001062511167781999,0.00020238653858700235
2014-09-23,1,ridge,48,0.004478498940914122,0.0002322474650551704
2014-09-24,1,ridge,48,0.001762322021057194,3.7267455305513514e-05
2014-09-25,1,ridge,48,0.005268407666732422,0.00034662152819517925
2014-09-26,1,ridge,48,-0.00058400982796325,4.4148981241197275e-05
2014-09-29,1,ridge,48,0.004080924453330859,0.00016635878411974968
2014-09-30,1,ridge,48,0.0003490198395033062,0.0002669513812541933
2014-10-01,1,ridge,48,-0.004313115038656612,0.00014918106298278703
2014-10-02,1,ridge,48,0.01265325373285275,-2.8403330004689352e-06
2014-10-03,1,ridge,48,-0.008805525555416693,-5.7485047628021016e-05
2014-10-06,1,ridge,48,-0.003030305349179585,-0.00028532852273673677
2014-10-07,1,ridge,48,-0.004328251478319167,0.0002683003388554909
2014-10-08,1,ridge,48,0.002575812219156148,-0.00012569408391877105
2014-10-09,1,ridge,48,0.004549969933175468,0.0003564348532077652
2014-10-10,1,ridge,48,-0.004433045057274931,0.00032672925710950745
2014-10-13,1,ridge,48,0.003384887970688588,8.691913832119182e-05
2014-10-14,1,ridge,48,-0.007837672454681588,0.0002913251010001207
2014-10-15,1,ridge,48,-0.002351558990755898,2.9026470644965413e-05
2014-10-16,1,ridge,48,0.001881689370928363,0.00013447512681709014
2014-10-17,1,ridge,48,-0.001881689370928363,-2.867696491853618e-05
2014-10-20,1,ridge,48,0.004111606379692212,-9.488138018071406e-05
2014-10-21,1,ridge,48,0.005145006672197638,-2.8417260734907388e-05
2014-10-22,1,ridge,48,0.001165637152611865,0.00016236590775683447
2014-10-23,1,ridge,48,-0.001282275631778518,-0.00019390538192244904
2014-08-29,1,ridge,49,0.0,0.00017239215898183835
2014-09-01,1,ridge,49,0.002896104353184548,9.805624189178729e-05
2014-09-02,1,ridge,49,-0.001567681961100575,0.00017349658914235226
2014-09-03,1,ridge,49,0.01151920584766941,-5.5571862865278306e-05
2014-09-04,1,ridge,49,-0.0009548819059279623,0.00029838020131046526
2014-09-05,1,ridge,49,0.005834391736274647,6.035829149804065e-06
2014-09-08,1,ridge,49,0.0005934366087165799,0.00022808607591419793
2014-09-09,1,ridge,49,0.0,8.640972485379411e-05
2014-09-10,1,ridge,49,0.00023727607182078,4.037961022188805e-06
2014-09-11,1,ridge,49,-0.0007119971820896964,-5.485354997057171e-05
2014-09-12,1,ridge,49,0.0002373887251509998,7.546217173406172e-05
2014-09-15,1,ridge,49,-0.002257471403665612,0.0003383432607429874
2014-09-16,1,ridge,49,0.00320646317120854,-0.00011699502618051422
2014-09-17,1,ridge,49,-0.0002371635253615167,7.82085211940454e-06
2014-09-18,1,ridge,49,0.00485064541732072,-8.502220827992152e-05
2014-09-19,1,ridge,49,0.0002360160501870823,0.0001848597964906592
2014-09-22,1,ridge,49,-0.001062511167781999,0.00026123226933249405
2014-09-23,1,ridge,49,0.004478498940914122,0.000292247212500468
2014-09-24,1,ridge,49,0.001762322021057194,9.751312075844301e-05
2014-09-25,1,ridge,49,0.005268407666732422,0.00040676857611735473
2014-09-26,1,ridge,49,-0.00058400982796325,0.00010368338935114323
2014-09-29,1,ridge,49,0.004080924453330859,0.00022547190346777294
2014-09-30,1,ridge,49,0.0003490198395033062,0.00033001837513529984
2014-10-01,1,ridge,49,-0.004313115038656612,0.00020937390128472874
2014-10-02,1,ridge,49,0.01265325373285275,5.627876320487876e-05
2014-10-03,1,ridge,49,-0.008805525555416693,4.522811006597323e-06
2014-10-06,1,ridge,49,-0.003030305349179585,-0.00022779017864084955
2014-10-07,1,ridge,49,-0.004328251478319167,0.00032975786813520865
2014-10-08,1,ridge,49,0.002575812219156148,-6.529614103580373e-05
2014-10-09,1,ridge,49,0.004549969933175468,0.0004181985234098652
2014-10-10,1,ridge,49,-0.004433045057274931,0.00038682886975849513
2014-10-13,1,ridge,49,0.003384887970688588,0.00014669622169532215
2014-10-14,1,ridge,49,-0.007837672454681588,0.00035502955754027564
2014-10-15,1,ridge,49,-0.002351558990755898,8.901450880025282e-05
2014-10-16,1,ridge,49,0.001881689370928363,0.00019517789985872342
2014-10-17,1,ridge,49,-0.001881689370928363,3.3103757993767374e-05
2014-10-20,1,ridge,49,0.004111606379692212,-3.406245860355437e-05
2014-10-21,1,ridge,49,0.005145006672197638,3.315681078438877e-05
2014-10-22,1,ridge,49,0.001165637152611865,0.000226203162322253
2014-10-23,1,ridge,49,-0.001282275631778518,-0.0001344795812639334
2014-10-24,1,ridge,49,-0.002686446747949489,4.420951512025076e-05
2014-10-27,1,ridge,49,-0.001053185984659422,0.00016750790293599592
2014-10-28,1,ridge,49,0.006302541870803147,-3.9878587520255916e-05
2014-10-29,1,ridge,49,0.002324231145079736,0.00021478379241349283
2014-10-30,1,ridge,49,0.008898192414291017,7.906955734589638e-05
2014-10-31,1,ridge,49,0.004476848434486591,-0.0002007245512197313
2014-11-03,1,ridge,49,-0.003786796653223234,0.0002745979341738955
2014-11-04,1,ridge,49,0.00527463669879058,6.739232658905752e-05
2014-11-05,1,ridge,49,0.006497600517437085,2.3319504444420668e-05
2014-11-06,1,ridge,49,-0.004212929658454989,0.0001911988722087522
2014-11-07,1,ridge,49,0.001937874644639237,5.827816942827692e-05
2014-11-10,1,ridge,49,-0.003193797627558226,0.00022186831847186713
2014-11-11,1,ridge,49,0.003307673389224774,-3.678827294289596e-05
2014-11-12,1,ridge,49,-0.001709499533077086,0.0003274740023470077
2014-11-13,1,ridge,49,-0.001598173856147689,0.00014474122492772972
2014-11-14,1,ridge,49,0.004559451646564128,6.24482520897947e-05
2014-11-17,1,ridge,49,-0.003988382017658054,0.0002988558147059119
2014-11-18,1,ridge,49,0.0007989499939906608,-5.1452966728281066e-05
2014-11-19,1,ridge,49,-0.0006847751922451906,0.00012378433209671685
2014-11-20,1,ridge,49,0.008186515305713016,0.0001311345322828567
2014-09-26,1,ridge,50,-0.00058400982796325,0.0002693157305486652
2014-09-29,1,ridge,50,0.004080924453330859,0.00040938978244535587
2014-09-30,1,ridge,50,0.0003490198395033062,0.0005003668434432388
2014-10-01,1,ridge,50,-0.004313115038656612,0.00037030818068715504
2014-10-02,1,ridge,50,0.01265325373285275,0.00025811392391102687
2014-10-03,1,ridge,50,-0.008805525555416693,0.00011769128157120484
2014-10-06,1,ridge,50,-0.003030305349179585,-5.3066427060428006e-05
2014-10-07,1,ridge,50,-0.004328251478319167,0.0005178989476801042
2014-10-08,1,ridge,50,0.002575812219156148,0.0001323046581829217
2014-10-09,1,ridge,50,0.004549969933175468,0.000578811152699096
2014-10-10,1,ridge,50,-0.004433045057274931,0.0005571847931797281
2014-10-13,1,ridge,50,0.003384887970688588,0.0003263032417356525
2014-10-14,1,ridge,50,-0.007837672454681588,0.0004950068448131917
2014-10-15,1,ridge,50,-0.002351558990755898,0.00025981373077906255
2014-10-16,1,ridge,50,0.001881689370928363,0.00034792306978701366
2014-10-17,1,ridge,50,-0.001881689370928363,0.00022093029204561782
2014-10-20,1,ridge,50,0.004111606379692212,0.00013839854510422123
2014-10-21,1,ridge,50,0.005145006672197638,0.00018439109485549353
2014-10-22,1,ridge,50,0.001165637152611865,0.00038478729173119464
2014-10-23,1,ridge,50,-0.001282275631778518,5.0490808422560786e-05
2014-10-24,1,ridge,50,-0.002686446747949489,0.00021020957918600058
2014-10-27,1,ridge,50,-0.001053185984659422,0.0003113117507517901
2014-10-28,1,ridge,50,0.006302541870803147,0.00012539821221502608
2014-10-29,1,ridge,50,0.002324231145079736,0.00039009611093282064
2014-10-30,1,ridge,50,0.008898192414291017,0.0002628879187775996
2014-10-31,1,ridge,50,0.004476848434486591,-7.864841217727884e-05
2014-11-03,1,ridge,50,-0.003786796653223234,0.0004175384229817512
2014-11-04,1,ridge,50,0.00527463669879058,0.000235999417233899
2014-11-05,1,ridge,50,0.006497600517437085,0.00018018372699577678
2014-11-06,1,ridge,50,-0.004212929658454989,0.0003700092593655065
2014-11-07,1,ridge,50,0.001937874644639237,0.0002686545472276737
2014-11-10,1,ridge,50,-0.003193797627558226,0.00036762302248850187
2014-11-11,1,ridge,50,0.003307673389224774,0.0001501372803328522
2014-11-12,1,ridge,50,-0.001709499533077086,0.0004886534687699134
2014-11-13,1,ridge,50,-0.001598173856147689,0.000321782857826439
2014-11-14,1,ridge,50,0.004559451646564128,0.00024959764005211965
2014-11-17,1,ridge,50,-0.003988382017658054,0.00039332161571632723
2014-11-18,1,ridge,50,0.0007989499939906608,0.0001611262290241147
2014-11-19,1,ridge,50,-0.0006847751922451906,0.00029227053941327134
2014-11-20,1,ridge,50,0.008186515305713016,0.00029684697474389576
2014-11-21,1,ridge,50,-0.001813442636831475,0.00029687603649408733
2014-11-24,1,ridge,50,-0.002612598748513939,0.0002774447954753492
2014-11-25,1,ridge,50,-0.003532163417093059,0.0004005436070695369
2014-11-26,1,ridge,50,0.0,0.00029273111968849616
2014-11-27,1,ridge,50,0.008524231873644261,0.0005317147358775433
2014-11-28,1,ridge,50,-0.004650907368349166,0.00045657829903189546
2014-12-01,1,ridge,50,0.007927561336649624,0.00018529170608192283
2014-12-02,1,ridge,50,0.003490797982054872,0.00016974400573267708
2014-12-03,1,ridge,50,-0.002926941186737864,7.401983905728582e-05
2014-12-04,1,ridge,50,0.007077488398213205,8.241776991264519e-05
2014-12-05,1,ridge,50,-0.003251670746458046,7.26214884706966e-05
2014-12-08,1,ridge,50,-0.003938563578928189,0.00024653718228780455
2014-12-09,1,ridge,50,-0.004746844356219526,0.00010560531682515909
2014-12-10,1,ridge,50,0.004408530284766066,0.0005531421435737171
2014-12-11,1,ridge,50,-0.003389450764990976,0.00010793348871439838
2014-12-12,1,ridge,50,0.001131093888264267,0.00041540912430396046
2014-12-15,1,ridge,50,-0.003850950506038231,0.0004999054411489888
2014-12-16,1,ridge,50,0.01139645620848295,0.000273218949117455
2014-12-17,1,ridge,50,0.001121327769434188,3.7824941300439825e-07
2014-12-18,1,ridge,50,0.004138014068824525,-0.00035175112272322354
2014-10-24,1,ridge,51,-0.002686446747949489,0.00015372905908341746
2014-10-27,1,ridge,51,-0.001053185984659422,0.0002337525968372777
2014-10-28,1,ridge,51,0.006302541870803147,6.849420401637728e-05
2014-10-29,1,ridge,51,0.002324231145079736,0.00033638946814225736
2014-10-30,1,ridge,51,0.008898192414291017,0.00021693164484106638
2014-10-31,1,ridge,51,0.004476848434486591,-0.00022220731081429117
2014-11-03,1,ridge,51,-0.003786796653223234,0.000374774348751381
2014-11-04,1,ridge,51,0.00527463669879058,0.00018551709535537342
2014-11-05,1,ridge,51,0.006497600517437085,9.887213110934201e-05
2014-11-06,1,ridge,51,-0.004212929658454989,0.0003107480802785913
2014-11-07,1,ridge,51,0.001937874644639237,0.0002654590302186787
2014-11-10,1,ridge,51,-0.003193797627558226,0.0002682446192764275
2014-11-11,1,ridge,51,0.003307673389224774,0.00011358323573888
2014-11-12,1,ridge,51,-0.001709499533077086,0.0004109110886889487
2014-11-13,1,ridge,51,-0.001598173856147689,0.0002696938926146251
2014-11-14,1,ridge,51,0.004559451646564128,0.0002205264566820318
2014-11-17,1,ridge,51,-0.003988382017658054,0.00023607562001862358
2014-11-18,1,ridge,51,0.0007989499939906608,0.00016361779479011294
2014-11-19,1,ridge,51,-0.0006847751922451906,0.00024567899718380107
2014-11-20,1,ridge,51,0.008186515305713016,0.00024189837726755343
2014-11-21,1,ridge,51,-0.001813442636831475,0.00022576743350105006
2014-11-24,1,ridge,51,-0.002612598748513939,0.00020638328095408466
2014-11-25,1,ridge,51,-0.003532163417093059,0.00036081303162258593
2014-11-26,1,ridge,51,0.0,0.0002908010094262926
2014-11-27,1,ridge,51,0.008524231873644261,0.00039720284858642697
2014-11-28,1,ridge,51,-0.004650907368349166,0.000434172208565758
2014-12-01,1,ridge,51,0.007927561336649624,0.00015724758103442943
2014-12-02,1,ridge,51,0.003490797982054872,5.850229380370317e-05
2014-12-03,1,ridge,51,-0.002926941186737864,9.92880478129158e-06
2014-12-04,1,ridge,51,0.007077488398213205,6.131390964260607e-05
2014-12-05,1,ridge,51,-0.003251670746458046,-1.977756072297742e-05
2014-12-08,1,ridge,51,-0.003938563578928189,0.00020176733402572052
2014-12-09,1,ridge,51,-0.004746844356219526,6.293275191790733e-05
2014-12-10,1,ridge,51,0.004408530284766066,0.0005232612056715383
2014-12-11,1,ridge,51,-0.003389450764990976,5.3619421721502015e-05
2014-12-12,1,ridge,51,0.001131093888264267,0.00035223406816576317
2014-12-15,1,ridge,51,-0.003850950506038231,0.00045887965781579894
2014-12-16,1,ridge,51,0.01139645620848295,0.0001935198861170449
2014-12-17,1,ridge,51,0.001121327769434188,-0.00010268215601338929
2014-12-18,1,ridge,51,0.004138014068824525,-0.00042875241617154657
2014-12-19,1,ridge,51,0.00189552378771296,-2.5751293352329127e-05
2014-12-22,1,ridge,51,0.003225271104827954,-4.747421396137256e-05
2014-12-23,1,ridge,51,-0.000999833444398135,0.0001659802764573889
2014-12-24,1,ridge,51,0.0,1.795031492383159e-05
2014-12-25,1,ridge,51,0.0006666666913579533,0.00010614542259783922
2014-12-26,1,ridge,51,0.001775608057231537,0.0001453840466520364
2014-12-29,1,ridge,51,-0.002220003131759185,2.5432769860740976e-05
2014-12-30,1,ridge,51,0.003106626264205659,0.0002953051417884504
2014-12-31,1,ridge,51,0.0,0.00021844650172429047
2015-01-01,1,ridge,51,0.008933061885475269,-0.00011874624235564172
2015-01-02,1,ridge,51,0.003288394939587214,0.00018128915019325993
2015-01-05,1,ridge,51,0.00131233614635029,0.0005261719087421965
2015-01-06,1,ridge,51,0.004253237231317542,0.0004192747292581908
2015-01-07,1,ridge,51,0.005210041091725515,-0.0001651536288429093
2015-01-08,1,ridge,51,-0.004666060226437452,-0.0004238744757375367
2015-01-09,1,ridge,51,0.0004349717336964432,0.0001144774665739557
2015-01-12,1,ridge,51,0.003581315890282433,9.894008080511263e-05
2015-01-13,1,ridge,51,-0.001626281054479151,7.299707706035212e-05
2015-01-14,1,ridge,51,0.002059509697667217,5.5625137446401384e-05
2015-01-15,1,ridge,51,0.00183913071798969,0.00035937217862165853
2014-11-21,1,ridge,52,-0.001813442636831475,0.0005931882256503562
2014-11-24,1,ridge,52,-0.002612598748513939,0.0005398132079701799
2014-11-25,1,ridge,52,-0.003532163417093059,0.0007345489591509841
2014-11-26,1,ridge,52,0.0,0.0006771686433495318
2014-11-27,1,ridge,52,0.008524231873644261,0.0007213106083437508
2014-11-28,1,ridge,52,-0.004650907368349166,0.0008203794907527299
2014-12-01,1,ridge,52,0.007927561336649624,0.0005316558528112064
2014-12-02,1,ridge,52,0.003490797982054872,0.00041611563153424216
2014-12-03,1,ridge,52,-0.002926941186737864,0.0003769040033683253
2014-12-04,1,ridge,52,0.007077488398213205,0.00043631493496374454
2014-12-05,1,ridge,52,-0.003251670746458046,0.0003403998725677283
2014-12-08,1,ridge,52,-0.003938563578928189,0.0005468303588470162
2014-12-09,1,ridge,52,-0.004746844356219526,0.0003927253664644136
2014-12-10,1,ridge,52,0.004408530284766066,0.0008602515735777428
2014-12-11,1,ridge,52,-0.003389450764990976,0.00039908283472173237
2014-12-12,1,ridge,52,0.001131093888264267,0.0006839491474632255
2014-12-15,1,ridge,52,-0.003850950506038231,0.0007895812171998629
2014-12-16,1,ridge,52,0.01139645620848295,0.0005287469973297141
2014-12-17,1,ridge,52,0.001121327769434188,0.00024118370804633647
2014-12-18,1,ridge,52,0.004138014068824525,-7.31433748309883e-05
2014-12-19,1,ridge,52,0.00189552378771296,0.0003639320730128739
2014-12-22,1,ridge,52,0.003225271104827954,0.0002924155912629622
2014-12-23,1,ridge,52,-0.000999833444398135,0.0005256586071960491
2014-12-24,1,ridge,52,0.0,0.00038361547316088316
2014-12-25,1,ridge,52,0.0006666666913579533,0.0004540589104493694
2014-12-26,1,ridge,52,0.001775608057231537,0.0004971312845152804
2014-12-29,1,ridge,52,-0.002220003131759185,0.00036897725230739567
2014-12-30,1,ridge,52,0.003106626264205659,0.0006572392758930279
2014-12-31,1,ridge,52,0.0,0.0005597058532464213
2015-01-01,1,ridge,52,0.008933061885475269,0.0002583716660374416
2015-01-02,1,ridge,52,0.003288394939587214,0.0005553511432277962
2015-01-05,1,ridge,52,0.00131233614635029,0.0008782015527530797
2015-01-06,1,ridge,52,0.004253237231317542,0.0007675650632472461
2015-01-07,1,ridge,52,0.005210041091725515,0.0002266926218035962
2015-01-08,1,ridge,52,-0.004666060226437452,-3.2574361713988965e-05
2015-01-09,1,ridge,52,0.0004349717336964432,0.00048597997951244386
2015-01-12,1,ridge,52,0.003581315890282433,0.0004446196961421747
2015-01-13,1,ridge,52,-0.001626281054479151,0.00045269991584414915
2015-01-14,1,ridge,52,0.002059509697667217,0.0004300308220788338
2015-01-15,1,ridge,52,0.00183913071798969,0.0007328009198831362
2015-01-16,1,ridge,52,0.0,0.00033142460807937817
2015-01-19,1,ridge,52,0.005712145725021323,0.00032878814288822176
2015-01-20,1,ridge,52,-0.001613337268466353,0.00041687107181344584
2015-01-21,1,ridge,52,0.01262183833052344,0.0003803082399589165
2015-01-22,1,ridge,52,0.007201895140267922,0.00039622467795748386
2015-01-23,1,ridge,52,0.0004220299703918684,0.000586772675021385
2015-01-26,1,ridge,52,-0.00826188366499192,0.0004099612587386541
2015-01-27,1,ridge,52,0.004774798185058771,0.0005165088978690206
2015-01-28,1,ridge,52,0.003276092758398796,0.0007907916662978324
2015-01-29,1,ridge,52,0.0002109927215343532,0.0004362551594499125
2015-01-30,1,ridge,52,-0.003169574761279215,0.00048072309551500184
2015-02-02,1,ridge,52,-0.009569451016150587,1.0957369608417518e-05
2015-02-03,1,ridge,52,0.004158010148663571,2.2758235016797528e-05
2015-02-04,1,ridge,52,-0.004478574344388697,0.0005731954120740428
2015-02-05,1,ridge,52,0.02407465020383182,-5.760968818748105e-05
2015-02-06,1,ridge,52,-0.0147138755441345,0.0004903623826640907
2015-02-09,1,ridge,52,0.003276785343065747,0.0003713940842900778
2015-02-10,1,ridge,52,0.002318963830391318,0.0003188842017562597
2015-02-11,1,ridge,52,-0.009414572102301122,0.0004243308224375978
2015-02-12,1,ridge,52,0.001168410563642475,0.00015309945227291695
2014-12-19,1,ridge,53,0.00189552378771296,0.00043204426490546147
2014-12-22,1,ridge,53,0.003225271104827954,0.00044432416842637816
2014-12-23,1,ridge,53,-0.000999833444398135,0.0005897154345945268
2014-12-24,1,ridge,53,0.0,0.0004716323531968376
2014-12-25,1,ridge,53,0.0006666666913579533,0.0006172967489098812
2014-12-26,1,ridge,53,0.001775608057231537,0.0006374088119102318
2014-12-29,1,ridge,53,-0.002220003131759185,0.0005191152067269592
2014-12-30,1,ridge,53,0.003106626264205659,0.000740648404116114
2014-12-31,1,ridge,53,0.0,0.0007334310234186394
2015-01-01,1,ridge,53,0.008933061885475269,0.0003890880993969585
2015-01-02,1,ridge,53,0.003288394939587214,0.0006494950156263174
2015-01-05,1,ridge,53,0.00131233614635029,0.0010015732426877086
2015-01-06,1,ridge,53,0.004253237231317542,0.0008924021020221927
2015-01-07,1,ridge,53,0.005210041091725515,0.000324764647148635
2015-01-08,1,ridge,53,-0.004666060226437452,8.811354447787793e-05
2015-01-09,1,ridge,53,0.0004349717336964432,0.0005928584959771277
2015-01-12,1,ridge,53,0.003581315890282433,0.0006118868933856179
2015-01-13,1,ridge,53,-0.001626281054479151,0.0005619461837980684
2015-01-14,1,ridge,53,0.002059509697667217,0.0005556694436694115
2015-01-15,1,ridge,53,0.00183913071798969,0.0008856568128811919
2015-01-16,1,ridge,53,0.0,0.00042922823593881984
2015-01-19,1,ridge,53,0.005712145725021323,0.0004454472333975612
2015-01-20,1,ridge,53,-0.001613337268466353,0.0005427202546888466
2015-01-21,1,ridge,53,0.01262183833052344,0.0005067347039387697
2015-01-22,1,ridge,53,0.007201895140267922,0.0005473103321512017
2015-01-23,1,ridge,53,0.0004220299703918684,0.0007073680887322811
2015-01-26,1,ridge,53,-0.00826188366499192,0.000515435659933995
2015-01-27,1,ridge,53,0.004774798185058771,0.000644080352326491
2015-01-28,1,ridge,53,0.003276092758398796,0.0009265466136321595
2015-01-29,1,ridge,53,0.0002109927215343532,0.0005076111294143508
2015-01-30,1,ridge,53,-0.003169574761279215,0.0006330317429907282
2015-02-02,1,ridge,53,-0.009569451016150587,0.00015101385008910872
2015-02-03,1,ridge,53,0.004158010148663571,0.00017317638590089868
2015-02-04,1,ridge,53,-0.004478574344388697,0.0007065714987278039
2015-02-05,1,ridge,53,0.02407465020383182,0.00010818304379728549
2015-02-06,1,ridge,53,-0.0147138755441345,0.0005565554093761148
2015-02-09,1,ridge,53,0.003276785343065747,0.0005358490275950544
2015-02-10,1,ridge,53,0.002318963830391318,0.00045852067067800854
2015-02-11,1,ridge,53,-0.009414572102301122,0.0005359552223616827
2015-02-12,1,ridge,53,0.001168410563642475,0.0002755713661525152
2015-02-13,1,ridge,53,0.0,0.0004146580634250278
2015-02-16,1,ridge,53,-0.001487305065415612,0.0006033833046159862
2015-02-17,1,ridge,53,0.001487305065415612,0.00043268735074582313
2015-02-18,1,ridge,53,0.002120891569138195,0.0005385794129943814
2015-02-19,1,ridge,53,-0.0006357952953397472,0.00040525242115239756
2015-02-20,1,ridge,53,0.002435023171305062,0.0005263703390480668
2015-02-23,1,ridge,53,-0.0008462922328860145,0.0004901740976039691
2015-02-24,1,ridge,53,-0.002967675733958508,0.0004264561542068487
2015-02-25,1,ridge,53,0.01139854029952048,0.0005224089950695906
2015-02-26,1,ridge,53,0.0003147788704449539,0.0007800787704111078
2015-02-27,1,ridge,53,0.001467659347208716,0.0004507638437604283
2015-03-02,1,ridge,53,-0.0008383987076721056,0.0004067568722861361
2015-03-03,1,ridge,53,0.006166729759458534,0.00048358811886656093
2015-03-04,1,ridge,53,0.004263068582649687,0.0004920731130600203
2015-03-05,1,ridge,53,0.01268123597468751,0.00033789241563702047
2015-03-06,1,ridge,53,-0.0002049180335044198,0.0006880491763609301
2015-03-09,1,ridge,53,0.01049905164261045,0.00020912955569905997
2015-03-10,1,ridge,53,0.0118941025214383,0.0007305624347681922
2015-03-11,1,ridge,53,-0.003613736114962407,0.0004891952621322758
2015-03-12,1,ridge,53,0.008910305735065904,0.000183804115434247
2015-01-16,1,ridge,54,0.0,0.0009817657974196391
2015-01-19,1,ridge,54,0.005712145725021323,0.00098627726832057
2015-01-20,1,ridge,54,-0.001613337268466353,0.0011005522542560393
2015-01-21,1,ridge,54,0.01262183833052344,0.0010704605717146466
2015-01-22,1,ridge,54,0.007201895140267922,0.0011122314022355612
2015-01-23,1,ridge,54,0.0004220299703918684,0.00128103131136681
2015-01-26,1,ridge,54,-0.00826188366499192,0.0010875491195384258
2015-01-27,1,ridge,54,0.004774798185058771,0.0012163594550210224
2015-01-28,1,ridge,54,0.003276092758398796,0.001491833569590642
2015-01-29,1,ridge,54,0.0002109927215343532,0.0010751241497049817
2015-01-30,1,ridge,54,-0.003169574761279215,0.0012057093758553131
2015-02-02,1,ridge,54,-0.009569451016150587,0.000732760002902704
2015-02-03,1,ridge,54,0.004158010148663571,0.0007499818864589373
2015-02-04,1,ridge,54,-0.004478574344388697,0.0012846970438912335
2015-02-05,1,ridge,54,0.02407465020383182,0.0006799151666769712
2015-02-06,1,ridge,54,-0.0147138755441345,0.0011503541170464055
2015-02-09,1,ridge,54,0.003276785343065747,0.001128933073406266
2015-02-10,1,ridge,54,0.002318963830391318,0.001044429925231678
2015-02-11,1,ridge,54,-0.009414572102301122,0.001125907828761593
2015-02-12,1,ridge,54,0.001168410563642475,0.0008527005601264943
2015-02-13,1,ridge,54,0.0,0.0009984349113109348
2015-02-16,1,ridge,54,-0.001487305065415612,0.001187940168978996
2015-02-17,1,ridge,54,0.001487305065415612,0.0010123286215317682
2015-02-18,1,ridge,54,0.002120891569138195,0.0011125740908864965
2015-02-19,1,ridge,54,-0.0006357952953397472,0.0009845112605365545
2015-02-20,1,ridge,54,0.002435023171305062,0.0011066104038701843
2015-02-23,1,ridge,54,-0.0008462922328860145,0.0010646564374440898
2015-02-24,1,ridge,54,-0.002967675733958508,0.000995847282222447
2015-02-25,1,ridge,54,0.01139854029952048,0.0010986673504410599
2015-02-26,1,ridge,54,0.0003147788704449539,0.0013706667475006918
2015-02-27,1,ridge,54,0.001467659347208716,0.0010278125600508238
2015-03-02,1,ridge,54,-0.0008383987076721056,0.0009766173208685127
2015-03-03,1,ridge,54,0.006166729759458534,0.0010501784149109501
2015-03-04,1,ridge,54,0.004263068582649687,0.0010497188889372158
2015-03-05,1,ridge,54,0.01268123597468751,0.0008988439108833588
2015-03-06,1,ridge,54,-0.0002049180335044198,0.001257053876622555
2015-03-09,1,ridge,54,0.01049905164261045,0.0007806940528616573
2015-03-10,1,ridge,54,0.0118941025214383,0.0013170898338152781
2015-03-11,1,ridge,54,-0.003613736114962407,0.0010782435088478504
2015-03-12,1,ridge,54,0.008910305735065904,0.0007737244190785426
2015-03-13,1,ridge,54,-0.007302588346969507,0.0012104382789185778
2015-03-16,1,ridge,54,-0.0002008233765158352,0.0007130982162529318
2015-03-17,1,ridge,54,-0.01039730761530766,0.0011162467143102147
2015-03-18,1,ridge,54,0.007178636560565721,0.0005748848003245737
2015-03-19,1,ridge,54,-0.01369398079331496,0.0013691678297400533
2015-03-20,1,ridge,54,-0.009028480328771238,0.0008000518398874066
2015-03-23,1,ridge,54,0.00164761647817091,0.001137808764820974
2015-03-24,1,ridge,54,-0.00216305383817339,0.0014623141301578543
2015-03-25,1,ridge,54,0.004732032284381127,0.0012486680637296302
2015-03-26,1,ridge,54,-0.001540594974250631,0.0012246414208243767
2015-03-27,1,ridge,54,0.006965100369214383,0.001126612476280599
2015-03-30,1,ridge,54,0.003972907991441232,0.000873388571751224
2015-03-31,1,ridge,54,-0.001729840166793117,0.0011873590738844671
2015-04-01,1,ridge,54,-0.007667573219611867,0.0007507755043637714
2015-04-02,1,ridge,54,-0.009175795087063676,0.0008109731553562158
2015-04-03,1,ridge,54,0.002379352490649467,0.0009109025188528187
2015-04-06,1,ridge,54,0.01079091710416513,0.0008843234230191817
2015-04-07,1,ridge,54,0.001123767804833697,0.0009341834538312754
2015-04-08,1,ridge,54,0.01237966089281795,0.0007696857885425166
2015-04-09,1,ridge,54,0.001813602512214629,0.0006754862610189093
2015-02-13,1,ridge,55,0.0,0.001351059251044292
2015-02-16,1,ridge,55,-0.001487305065415612,0.0014560412899582206
2015-02-17,1,ridge,55,0.001487305065415612,0.0013252657143806388
2015-02-18,1,ridge,55,0.002120891569138195,0.0013512408132313769
2015-02-19,1,ridge,55,-0.0006357952953397472,0.001324029137863324
2015-02-20,1,ridge,55,0.002435023171305062,0.0013142814692764632
2015-02-23,1,ridge,55,-0.0008462922328860145,0.0013845542181239782
2015-02-24,1,ridge,55,-0.002967675733958508,0.0013191771969500812
2015-02-25,1,ridge,55,0.01139854029952048,0.001377473696825067
2015-02-26,1,ridge,55,0.0003147788704449539,0.0015813532987003158
2015-02-27,1,ridge,55,0.001467659347208716,0.00135551024128685
2015-03-02,1,ridge,55,-0.0008383987076721056,0.001218824017435807
2015-03-03,1,ridge,55,0.006166729759458534,0.0012557704844276426
2015-03-04,1,ridge,55,0.004263068582649687,0.001371603041421622
2015-03-05,1,ridge,55,0.01268123597468751,0.0011099325863459066
2015-03-06,1,ridge,55,-0.0002049180335044198,0.00140304252764463
2015-03-09,1,ridge,55,0.01049905164261045,0.0010581876478720506
2015-03-10,1,ridge,55,0.0118941025214383,0.0015155408858485982
2015-03-11,1,ridge,55,-0.003613736114962407,0.001223992784601291
2015-03-12,1,ridge,55,0.008910305735065904,0.00101783428130072
2015-03-13,1,ridge,55,-0.007302588346969507,0.001424976358825911
2015-03-16,1,ridge,55,-0.0002008233765158352,0.0010063812447445191
2015-03-17,1,ridge,55,-0.01039730761530766,0.0013500375543432962
2015-03-18,1,ridge,55,0.007178636560565721,0.000976495786706961
2015-03-19,1,ridge,55,-0.01369398079331496,0.0015703955762301695
2015-03-20,1,ridge,55,-0.009028480328771238,0.0011572605112045527
2015-03-23,1,ridge,55,0.00164761647817091,0.001512154191792331
2015-03-24,1,ridge,55,-0.00216305383817339,0.0016453750350520929
2015-03-25,1,ridge,55,0.004732032284381127,0.001584745933781986
2015-03-26,1,ridge,55,-0.001540594974250631,0.0014940226704508045
2015-03-27,1,ridge,55,0.006965100369214383,0.00139690982573558
2015-03-30,1,ridge,55,0.003972907991441232,0.0011343579334865206
2015-03-31,1,ridge,55,-0.001729840166793117,0.001426863071768363
2015-04-01,1,ridge,55,-0.007667573219611867,0.0010558899950739754
2015-04-02,1,ridge,55,-0.009175795087063676,0.0010028883448469266
2015-04-03,1,ridge,55,0.002379352490649467,0.0012788538549937047
2015-04-06,1,ridge,55,0.01079091710416513,0.0011601908876143702
2015-04-07,1,ridge,55,0.001123767804833697,0.001199175442889885
2015-04-08,1,ridge,55,0.01237966089281795,0.0009672907552196741
2015-04-09,1,ridge,55,0.001813602512214629,0.000856833585133292
2015-04-10,1,ridge,55,0.001508826922064443,0.0008980725204341217
2015-04-13,1,ridge,55,-0.007668284977910389,0.0009342699197732236
2015-04-14,1,ridge,55,-0.004161386365578501,0.0009923118782162615
2015-04-15,1,ridge,55,-0.009195936879383027,0.0009323931529712823
2015-04-16,1,ridge,55,0.001025956794619809,0.0012654388799905587
2015-04-17,1,ridge,55,0.00429756110115509,0.0014870432556461806
2015-04-20,1,ridge,55,0.0006124323964007417,0.0010659155599513277
2015-04-21,1,ridge,55,-0.0007145409378690459,0.0011044969715826832
2015-04-22,1,ridge,55,-0.006659519514846224,0.0010662400121744689
2015-04-23,1,ridge,55,-0.003707522269531971,0.001190327672506541
2015-04-24,1,ridge,55,-0.00154886705547419,0.0011898464601563657
2015-04-27,1,ridge,55,-0.007051776603674398,0.0013709887419596407
2015-04-28,1,ridge,55,-0.009200273991576857,0.0012599647512841273
2015-04-29,1,ridge,55,-0.006427502239767513,0.0014808778545970188
2015-04-30,1,ridge,55,0.007372334602324671,0.0017327150822311834
2015-05-01,1,ridge,55,0.001886990810472611,0.0010248204695150272
2015-05-04,1,ridge,55,-0.004198158978636179,0.0010279747331953467
2015-05-05,1,ridge,55,-0.01046687147331848,0.0011181184792033445
2015-05-06,1,ridge,55,0.005828448651456597,0.001068295594137828
2015-05-07,1,ridge,55,0.001583698794818567,0.0011224045271514417
2015-03-13,1,ridge,56,-0.007302588346969507,0.002593820499732392
2015-03-16,1,ridge,56,-0.0002008233765158352,0.0021344672010296835
2015-03-17,1,ridge,56,-0.01039730761530766,0.0024714999113624857
2015-03-18,1,ridge,56,0.007178636560565721,0.0020375071236562597
2015-03-19,1,ridge,56,-0.01369398079331496,0.0026777018249900756
2015-03-20,1,ridge,56,-0.009028480328771238,0.0022296092951671785
2015-03-23,1,ridge,56,0.00164761647817091,0.002544156968723591
2015-03-24,1,ridge,56,-0.00216305383817339,0.0027156694999641326
2015-03-25,1,ridge,56,0.004732032284381127,0.0026583658990175303
2015-03-26,1,ridge,56,-0.001540594974250631,0.0025517940753450674
2015-03-27,1,ridge,56,0.006965100369214383,0.0024383016203598524
2015-03-30,1,ridge,56,0.003972907991441232,0.002159839115350735
2015-03-31,1,ridge,56,-0.001729840166793117,0.002497787607782667
2015-04-01,1,ridge,56,-0.007667573219611867,0.002065616333468553
2015-04-02,1,ridge,56,-0.009175795087063676,0.0020400490794571973
2015-04-03,1,ridge,56,0.002379352490649467,0.00225315762277888
2015-04-06,1,ridge,56,0.01079091710416513,0.0021708941219115304
2015-04-07,1,ridge,56,0.001123767804833697,0.0022125240868979697
2015-04-08,1,ridge,56,0.01237966089281795,0.0019824918781814554
2015-04-09,1,ridge,56,0.001813602512214629,0.001898196654818545
2015-04-10,1,ridge,56,0.001508826922064443,0.001915559979351113
2015-04-13,1,ridge,56,-0.007668284977910389,0.0019402548822011487
2015-04-14,1,ridge,56,-0.004161386365578501,0.001996440464456211
2015-04-15,1,ridge,56,-0.009195936879383027,0.0019110389452125325
2015-04-16,1,ridge,56,0.001025956794619809,0.0022986482027668614
2015-04-17,1,ridge,56,0.00429756110115509,0.0024982041279408024
2015-04-20,1,ridge,56,0.0006124323964007417,0.0020782156734564386
2015-04-21,1,ridge,56,-0.0007145409378690459,0.0021253167809365345
2015-04-22,1,ridge,56,-0.006659519514846224,0.002095905015603951
2015-04-23,1,ridge,56,-0.003707522269531971,0.002209781148734403
2015-04-24,1,ridge,56,-0.00154886705547419,0.0021966901312753364
2015-04-27,1,ridge,56,-0.007051776603674398,0.0023774588087545276
2015-04-28,1,ridge,56,-0.009200273991576857,0.0022813198684574353
2015-04-29,1,ridge,56,-0.006427502239767513,0.0024690704014937383
2015-04-30,1,ridge,56,0.007372334602324671,0.0026964357664961596
2015-05-01,1,ridge,56,0.001886990810472611,0.0020355963309361814
2015-05-04,1,ridge,56,-0.004198158978636179,0.0020525825987184553
2015-05-05,1,ridge,56,-0.01046687147331848,0.002118893468183968
2015-05-06,1,ridge,56,0.005828448651456597,0.002041835373131515
2015-05-07,1,ridge,56,0.001583698794818567,0.002092338056803274
2015-05-08,1,ridge,56,0.002318230753708406,0.0017425327091623337
2015-05-11,1,ridge,56,-0.005064904781365343,0.0020464504069221713
2015-05-12,1,ridge,56,-0.009673208565368796,0.002032800117089446
2015-05-13,1,ridge,56,-0.001710498599644339,0.00197799812004754
2015-05-14,1,ridge,56,-0.003429799718048798,0.0018631540498866448
2015-05-15,1,ridge,56,0.01152873571766388,0.0019766835403927114
2015-05-18,1,ridge,56,0.01108249244679271,0.002060036970461698
2015-05-19,1,ridge,56,0.001887584453069024,0.0021336762505572756
2015-05-20,1,ridge,56,-0.002097536164946234,0.0018305078366023409
2015-05-21,1,ridge,56,0.008988354828382228,0.0018004583624075983
2015-05-22,1,ridge,56,-0.001041016125659766,0.001943376812359511
2015-05-25,1,ridge,56,0.01334663648242618,0.0018758996455795491
2015-05-26,1,ridge,56,0.0007191657987055677,0.0020017739728511895
2015-05-27,1,ridge,56,-0.004116502674209599,0.0015520474642725629
2015-05-28,1,ridge,56,-0.0006189395699962574,0.0016616525615113188
2015-05-29,1,ridge,56,0.004940823226649016,0.0017839733058553331
2015-06-01,1,ridge,56,-0.01614774761743654,0.001671312393753691
2015-06-02,1,ridge,56,-0.003763726345729523,0.0014932263022453178
2015-06-03,1,ridge,56,-0.0001047504321913806,0.001529977948631106
2015-06-04,1,ridge,56,0.008864843995022298,0.0017546198545367923
2015-04-10,1,ridge,57,0.001508826922064443,0.0015820589533018733
2015-04-13,1,ridge,57,-0.007668284977910389,0.0016552182941795299
2015-04-14,1,ridge,57,-0.004161386365578501,0.0016750495436725005
2015-04-15,1,ridge,57,-0.009195936879383027,0.0016868095379282907
2015-04-16,1,ridge,57,0.001025956794619809,0.001891487732213805
2015-04-17,1,ridge,57,0.00429756110115509,0.002180620314049396
2015-04-20,1,ridge,57,0.0006124323964007417,0.0017736142687429179
2015-04-21,1,ridge,57,-0.0007145409378690459,0.0018146056549026503
2015-04-22,1,ridge,57,-0.006659519514846224,0.001782235930356293
2015-04-23,1,ridge,57,-0.003707522269531971,0.0019038278229046674
2015-04-24,1,ridge,57,-0.00154886705547419,0.0019258815071430862
2015-04-27,1,ridge,57,-0.007051776603674398,0.002073803751514461
2015-04-28,1,ridge,57,-0.009200273991576857,0.001985010586493217
2015-04-29,1,ridge,57,-0.006427502239767513,0.0022021104424733056
2015-04-30,1,ridge,57,0.007372334602324671,0.002437558244944526
2015-05-01,1,ridge,57,0.001886990810472611,0.0017323223994437224
2015-05-04,1,ridge,57,-0.004198158978636179,0.001739308483171528
2015-05-05,1,ridge,57,-0.01046687147331848,0.0018418172446757588
2015-05-06,1,ridge,57,0.005828448651456597,0.001790785069184451
2015-05-07,1,ridge,57,0.001583698794818567,0.0018383981025839099
2015-05-08,1,ridge,57,0.002318230753708406,0.0014651956889500063
2015-05-11,1,ridge,57,-0.005064904781365343,0.0017824506277435287
2015-05-12,1,ridge,57,-0.009673208565368796,0.0017499741434969243
2015-05-13,1,ridge,57,-0.001710498599644339,0.0017041579661341102
2015-05-14,1,ridge,57,-0.003429799718048798,0.0015536413784560772
2015-05-15,1,ridge,57,0.01152873571766388,0.0017245618180615398
2015-05-18,1,ridge,57,0.01108249244679271,0.0017648374725324357
2015-05-19,1,ridge,57,0.001887584453069024,0.0018200715126382562
2015-05-20,1,ridge,57,-0.002097536164946234,0.0015500695200166617
2015-05-21,1,ridge,57,0.008988354828382228,0.0015256480845578782
2015-05-22,1,ridge,57,-0.001041016125659766,0.0016413525657755948
2015-05-25,1,ridge,57,0.01334663648242618,0.0015552633797117918
2015-05-26,1,ridge,57,0.0007191657987055677,0.001708063863533875
2015-05-27,1,ridge,57,-0.004116502674209599,0.001236186509080814
2015-05-28,1,ridge,57,-0.0006189395699962574,0.0013741299788200014
2015-05-29,1,ridge,57,0.004940823226649016,0.0014146291778006426
2015-06-01,1,ridge,57,-0.01614774761743654,0.0013387629395043637
2015-06-02,1,ridge,57,-0.003763726345729523,0.0012716323703388461
2015-06-03,1,ridge,57,-0.0001047504321913806,0.0012127871656552628
2015-06-04,1,ridge,57,0.008864843995022298,0.0015384816090740915
2015-06-05,1,ridge,57,-0.01054234491261585,0.0013801249685491974
2015-06-08,1,ridge,57,-0.001365044575904584,0.0013484788749899394
2015-06-09,1,ridge,57,-0.005478888428919859,0.001317760457848781
2015-06-10,1,ridge,57,0.003480465465643512,0.001123170046204491
2015-06-11,1,ridge,57,-0.0001052908661147711,0.0012163916637722685
2015-06-12,1,ridge,57,-0.00168616332499294,0.0012446600395953225
2015-06-15,1,ridge,57,0.002002002670672631,0.0013477418815286315
2015-06-16,1,ridge,57,-0.007395701961129042,0.0011087270017139592
2015-06-17,1,ridge,57,-0.002760965967542717,0.0012076061581730848
2015-06-18,1,ridge,57,0.0004252604784475977,0.0011331662770124535
2015-06-19,1,ridge,57,0.002653788511445043,0.001382302561997111
2015-06-22,1,ridge,57,0.01159372176740092,0.0011151438869416864
2015-06-23,1,ridge,57,-0.001782999056447743,0.0013136012136916561
2015-06-24,1,ridge,57,-0.0007351011095009241,0.0012983767580615642
2015-06-25,1,ridge,57,0.002937167746727809,0.0012319709190062333
2015-06-26,1,ridge,57,-0.007148143544991825,0.0010856407436753547
2015-06-29,1,ridge,57,0.0072528830056795,0.0016462091129724435
2015-06-30,1,ridge,57,0.008655354102143242,0.0013644872918533476
2015-07-01,1,ridge,57,-0.002078786737579996,0.0009566106187199777
2015-07-02,1,ridge,57,0.0,0.000963398709081372
2015-05-08,1,ridge,58,0.002318230753708406,0.0009310341576509613
2015-05-11,1,ridge,58,-0.005064904781365343,0.00123413906886484
2015-05-12,1,ridge,58,-0.009673208565368796,0.0011921122375755813
2015-05-13,1,ridge,58,-0.001710498599644339,0.001150401290472464
2015-05-14,1,ridge,58,-0.003429799718048798,0.0010516010053712183
2015-05-15,1,ridge,58,0.01152873571766388,0.001176259826308879
2015-05-18,1,ridge,58,0.01108249244679271,0.001249285731666199
2015-05-19,1,ridge,58,0.001887584453069024,0.0013461384098051184
2015-05-20,1,ridge,58,-0.002097536164946234,0.0009989556852145979
2015-05-21,1,ridge,58,0.008988354828382228,0.000979174043190809
2015-05-22,1,ridge,58,-0.001041016125659766,0.0011278050248781234
2015-05-25,1,ridge,58,0.01334663648242618,0.0010370316552513288
2015-05-26,1,ridge,58,0.0007191657987055677,0.0011974577032469837
2015-05-27,1,ridge,58,-0.004116502674209599,0.0007306516643034834
2015-05-28,1,ridge,58,-0.0006189395699962574,0.0008143322728017375
2015-05-29,1,ridge,58,0.004940823226649016,0.000878955337967922
2015-06-01,1,ridge,58,-0.01614774761743654,0.0008477782077086437
2015-06-02,1,ridge,58,-0.003763726345729523,0.0007172024600113939
2015-06-03,1,ridge,58,-0.0001047504321913806,0.0007549692894301256
2015-06-04,1,ridge,58,0.008864843995022298,0.001029634866057061
2015-06-05,1,ridge,58,-0.01054234491261585,0.0008980625106043854
2015-06-08,1,ridge,58,-0.001365044575904584,0.0008075764763392089
2015-06-09,1,ridge,58,-0.005478888428919859,0.0008275207345022196
2015-06-10,1,ridge,58,0.003480465465643512,0.0006307584299360819
2015-06-11,1,ridge,58,-0.0001052908661147711,0.0007253832081680609
2015-06-12,1,ridge,58,-0.00168616332499294,0.0007384876167109047
2015-06-15,1,ridge,58,0.002002002670672631,0.0008289864081551918
2015-06-16,1,ridge,58,-0.007395701961129042,0.0006167131347753953
2015-06-17,1,ridge,58,-0.002760965967542717,0.0006865233899168534
2015-06-18,1,ridge,58,0.0004252604784475977,0.000605439826688892
2015-06-19,1,ridge,58,0.002653788511445043,0.0008698169521587182
2015-06-22,1,ridge,58,0.01159372176740092,0.0006470812466021854
2015-06-23,1,ridge,58,-0.001782999056447743,0.000819817977862343
2015-06-24,1,ridge,58,-0.0007351011095009241,0.0008318113516652505
2015-06-25,1,ridge,58,0.002937167746727809,0.0007164426203829053
2015-06-26,1,ridge,58,-0.007148143544991825,0.0005611688819464173
2015-06-29,1,ridge,58,0.0072528830056795,0.0011380974573820925
2015-06-30,1,ridge,58,0.008655354102143242,0.000842231371115763
2015-07-01,1,ridge,58,-0.002078786737579996,0.0005002809746971062
2015-07-02,1,ridge,58,0.0,0.0004753660873654707
2015-07-03,1,ridge,58,0.001974949968887252,0.0005573183334275677
2015-07-06,1,ridge,58,0.005798318171002848,0.001056509083723619
2015-07-07,1,ridge,58,-0.005902165722890373,0.0007136661939201801
2015-07-08,1,ridge,58,0.003317784277226288,0.0011930888386582602
2015-07-09,1,ridge,58,-0.006021612879536953,0.0006583313715977596
2015-07-10,1,ridge,58,0.008605994325201038,0.0004349850286971957
2015-07-13,1,ridge,58,-0.002273902788577864,0.0005924256071118476
2015-07-14,1,ridge,58,0.005469287664842781,0.0003963079551964427
2015-07-15,1,ridge,58,0.005132427608038448,0.0006453759065796679
2015-07-16,1,ridge,58,0.001943436401591114,0.0005270154428102777
2015-07-17,1,ridge,58,0.001735668412657709,0.0006724916464677983
2015-07-20,1,ridge,58,-0.007166287835232765,0.0006242606527867012
2015-07-21,1,ridge,58,0.002770226980644885,0.0006803416012093081
2015-07-22,1,ridge,58,-0.005033136812784278,0.0007681284485057952
2015-07-23,1,ridge,58,0.001337792841659358,0.0008699061833614527
2015-07-24,1,ridge,58,-0.007639141102981917,0.0008991465783858758
2015-07-27,1,ridge,58,0.002794020547910669,0.0007535460671441161
2015-07-28,1,ridge,58,0.002167742784354942,0.0005335507378525425
2015-07-29,1,ridge,58,0.005962801670513329,0.0007135838456530395
2015-07-30,1,ridge,58,-0.002257568942410693,0.0006741220150350928
2015-06-05,1,ridge,59,-0.01054234491261585,0.0013462498442531946
2015-06-08,1,ridge,59,-0.001365044575904584,0.0012370984264031052
2015-06-09,1,ridge,59,-0.005478888428919859,0.0012546243045824302
2015-06-10,1,ridge,59,0.003480465465643512,0.001061875237669419
2015-06-11,1,ridge,59,-0.0001052908661147711,0.0011766802203791809
2015-06-12,1,ridge,59,-0.00168616332499294,0.0011749859871541277
2015-06-15,1,ridge,59,0.002002002670672631,0.0012688220803481727
2015-06-16,1,ridge,59,-0.007395701961129042,0.001053173947214978
2015-06-17,1,ridge,59,-0.002760965967542717,0.0011103531483957348
2015-06-18,1,ridge,59,0.0004252604784475977,0.0010567836306971125
2015-06-19,1,ridge,59,0.002653788511445043,0.0013385996004697499
2015-06-22,1,ridge,59,0.01159372176740092,0.0010958577472087675
2015-06-23,1,ridge,59,-0.001782999056447743,0.00126739950515041
2015-06-24,1,ridge,59,-0.0007351011095009241,0.00126004074383782
2015-06-25,1,ridge,59,0.002937167746727809,0.0011742853358630949
2015-06-26,1,ridge,59,-0.007148143544991825,0.0010322777792394194
2015-06-29,1,ridge,59,0.0072528830056795,0.001567087202524188
2015-06-30,1,ridge,59,0.008655354102143242,0.0012576171194263767
2015-07-01,1,ridge,59,-0.002078786737579996,0.000966867379639768
2015-07-02,1,ridge,59,0.0,0.0009230058698791794
2015-07-03,1,ridge,59,0.001974949968887252,0.0010134818128089028
2015-07-06,1,ridge,59,0.005798318171002848,0.0014889524075751646
2015-07-07,1,ridge,59,-0.005902165722890373,0.001164124914962874
2015-07-08,1,ridge,59,0.003317784277226288,0.0016462181616538076
2015-07-09,1,ridge,59,-0.006021612879536953,0.001085859057295367
2015-07-10,1,ridge,59,0.008605994325201038,0.0008499213299814828
2015-07-13,1,ridge,59,-0.002273902788577864,0.001037852923346652
2015-07-14,1,ridge,59,0.005469287664842781,0.0008370301558662067
2015-07-15,1,ridge,59,0.005132427608038448,0.0011024532225291346
2015-07-16,1,ridge,59,0.001943436401591114,0.0009734360436476839
2015-07-17,1,ridge,59,0.001735668412657709,0.0010988778358237252
2015-07-20,1,ridge,59,-0.007166287835232765,0.0010743553416964055
2015-07-21,1,ridge,59,0.002770226980644885,0.0011136162510684573
2015-07-22,1,ridge,59,-0.005033136812784278,0.001199384750951629
2015-07-23,1,ridge,59,0.001337792841659358,0.0012975918972903385
2015-07-24,1,ridge,59,-0.007639141102981917,0.0013460636466789053
2015-07-27,1,ridge,59,0.002794020547910669,0.00121383503656958
2015-07-28,1,ridge,59,0.002167742784354942,0.0009781255278491275
2015-07-29,1,ridge,59,0.005962801670513329,0.0011474312129789656
2015-07-30,1,ridge,59,-0.002257568942410693,0.0011291293191469636
2015-07-31,1,ridge,59,0.001539804235871856,0.0011631497454689854
2015-08-03,1,ridge,59,0.00450312909152295,0.0013504228434222082
2015-08-04,1,ridge,59,0.000306294351263503,0.0012040709515350508
2015-08-05,1,ridge,59,-0.001327953614628896,0.0009043509976916296
2015-08-06,1,ridge,59,-0.00276370512161872,0.0012125825134377908
2015-08-07,1,ridge,59,-0.004108469213747412,0.0011627893373764185
2015-08-10,1,ridge,59,0.001337104853364579,0.0010044867692661993
2015-08-11,1,ridge,59,-0.0106433451123733,0.0013738138131765428
2015-08-12,1,ridge,59,0.001868189438007484,0.00125891972827073
2015-08-13,1,ridge,59,0.000829187443860846,0.0012657315984927356
2015-08-14,1,ridge,59,0.003000053975148909,0.0011698088937449722
2015-08-17,1,ridge,59,0.002372969903814415,0.0011486295336622738
2015-08-18,1,ridge,59,-0.007032086889124045,0.0010757485142242646
2015-08-19,1,ridge,59,-0.003951341316571266,0.0014727753171988093
2015-08-20,1,ridge,59,-0.01015768721144106,0.001472112052602202
2015-08-21,1,ridge,59,-0.01784054964100257,0.0018740261694665443
2015-08-24,1,ridge,59,0.01277564485963723,0.0024076203989933306
2015-08-25,1,ridge,59,0.006011725114051458,0.0016750948180464273
2015-08-26,1,ridge,59,0.005348447546010604,0.0011461722908702333
2015-08-27,1,ridge,59,0.005215951737837621,0.0009044301338939729
2015-07-03,1,ridge,60,0.001974949968887252,0.0010628739617750168
2015-07-06,1,ridge,60,0.005798318171002848,0.0015756310472715069
2015-07-07,1,ridge,60,-0.005902165722890373,0.0012152209712272056
2015-07-08,1,ridge,60,0.003317784277226288,0.0016887437222748158
2015-07-09,1,ridge,60,-0.006021612879536953,0.0011779690719261632
2015-07-10,1,ridge,60,0.008605994325201038,0.000937730863626909
2015-07-13,1,ridge,60,-0.002273902788577864,0.0011021577789875002
2015-07-14,1,ridge,60,0.005469287664842781,0.0008883922821561192
2015-07-15,1,ridge,60,0.005132427608038448,0.0011554104475811078
2015-07-16,1,ridge,60,0.001943436401591114,0.0010352152002682505
2015-07-17,1,ridge,60,0.001735668412657709,0.0011580352674809094
2015-07-20,1,ridge,60,-0.007166287835232765,0.0011381339126897462
2015-07-21,1,ridge,60,0.002770226980644885,0.00119555113537615
2015-07-22,1,ridge,60,-0.005033136812784278,0.0012520358108112175
2015-07-23,1,ridge,60,0.001337792841659358,0.0013772955450597965
2015-07-24,1,ridge,60,-0.007639141102981917,0.0014092083705883611
2015-07-27,1,ridge,60,0.002794020547910669,0.001247352806035577
2015-07-28,1,ridge,60,0.002167742784354942,0.0010446510809880934
2015-07-29,1,ridge,60,0.005962801670513329,0.0012241861922226926
2015-07-30,1,ridge,60,-0.002257568942410693,0.0011765019053881732
2015-07-31,1,ridge,60,0.001539804235871856,0.001230468464101057
2015-08-03,1,ridge,60,0.00450312909152295,0.0014479524113880755
2015-08-04,1,ridge,60,0.000306294351263503,0.0012625281940258034
2015-08-05,1,ridge,60,-0.001327953614628896,0.0009683864445335044
2015-08-06,1,ridge,60,-0.00276370512161872,0.0012639287438293708
2015-08-07,1,ridge,60,-0.004108469213747412,0.0012058485165270005
2015-08-10,1,ridge,60,0.001337104853364579,0.0011534835593237159
2015-08-11,1,ridge,60,-0.0106433451123733,0.0014358443655576136
2015-08-12,1,ridge,60,0.001868189438007484,0.0013135504703413706
2015-08-13,1,ridge,60,0.000829187443860846,0.001345986097344069
2015-08-14,1,ridge,60,0.003000053975148909,0.0012479162123442925
2015-08-17,1,ridge,60,0.002372969903814415,0.001201711787831351
2015-08-18,1,ridge,60,-0.007032086889124045,0.0011397049639892793
2015-08-19,1,ridge,60,-0.003951341316571266,0.0015628429746946024
2015-08-20,1,ridge,60,-0.01015768721144106,0.0015206516495985213
2015-08-21,1,ridge,60,-0.01784054964100257,0.001960884780437229
2015-08-24,1,ridge,60,0.01277564485963723,0.0024856921456798088
2015-08-25,1,ridge,60,0.006011725114051458,0.0017240663161208311
2015-08-26,1,ridge,60,0.005348447546010604,0.001183141975686854
2015-08-27,1,ridge,60,0.005215951737837621,0.0009634673946645343
2015-08-28,1,ridge,60,-0.003021937380216499,0.0014429299474378334
2015-08-31,1,ridge,60,-0.003868881283219494,0.001480432080106214
2015-09-01,1,ridge,60,0.003973238183914596,0.0022738464409198735
2015-09-02,1,ridge,60,0.006034142320618052,0.001304310784077675
2015-09-03,1,ridge,60,-0.001868771307980133,0.0014873029707451243
2015-09-04,1,ridge,60,0.0,0.001957289300787718
2015-09-07,1,ridge,60,-0.002601322938209805,0.0013233441314764948
2015-09-08,1,ridge,60,0.0003125162794335168,0.0009145496034691402
2015-09-09,1,ridge,60,-0.005745041131782536,0.0013234088505215248
2015-09-10,1,ridge,60,-0.002832417314536428,0.001370197176345476
2015-09-11,1,ridge,60,0.0006301197435965022,0.0015205211812031123
2015-09-14,1,ridge,60,0.003772403090544607,0.0016075468886969052
2015-09-15,1,ridge,60,-0.001989217009394473,0.001203046398361396
2015-09-16,1,ridge,60,-0.009159404983494213,0.0010896563537869562
2015-09-17,1,ridge,60,0.003273325344969713,0.0014112239976349402
2015-09-18,1,ridge,60,0.01079958071615383,0.0020511965628083094
2015-09-21,1,ridge,60,0.00405891174928108,0.0014520977196715598
2015-09-22,1,ridge,60,-0.002183520493224123,0.0017801990880470186
2015-09-23,1,ridge,60,0.006432892073809704,0.0015536243807296958
2015-09-24,1,ridge,60,-0.00435324070558174,0.001517250565378308
2015-07-31,1,ridge,61,0.001539804235871856,0.0014872761358913542
2015-08-03,1,ridge,61,0.00450312909152295,0.0017089848833640058
2015-08-04,1,ridge,61,0.000306294351263503,0.0015019770112391204
2015-08-05,1,ridge,61,-0.001327953614628896,0.0012273619558167991
2015-08-06,1,ridge,61,-0.00276370512161872,0.001515009623335701
2015-08-07,1,ridge,61,-0.004108469213747412,0.0014420116686691587
2015-08-10,1,ridge,61,0.001337104853364579,0.0014273371801279083
2015-08-11,1,ridge,61,-0.0106433451123733,0.0016830254553819193
2015-08-12,1,ridge,61,0.001868189438007484,0.0015741887860320249
2015-08-13,1,ridge,61,0.000829187443860846,0.0015869767500103302
2015-08-14,1,ridge,61,0.003000053975148909,0.0015000803072630787
2015-08-17,1,ridge,61,0.002372969903814415,0.0014466628037441258
2015-08-18,1,ridge,61,-0.007032086889124045,0.0014057140277469683
2015-08-19,1,ridge,61,-0.003951341316571266,0.0018287975784405522
2015-08-20,1,ridge,61,-0.01015768721144106,0.0017754763588736493
2015-08-21,1,ridge,61,-0.01784054964100257,0.002227172411868955
2015-08-24,1,ridge,61,0.01277564485963723,0.002763124226661174
2015-08-25,1,ridge,61,0.006011725114051458,0.001966571497973031
2015-08-26,1,ridge,61,0.005348447546010604,0.0014099001917477734
2015-08-27,1,ridge,61,0.005215951737837621,0.0011862020187899413
2015-08-28,1,ridge,61,-0.003021937380216499,0.0016799656242901888
2015-08-31,1,ridge,61,-0.003868881283219494,0.0017196815359288402
2015-09-01,1,ridge,61,0.003973238183914596,0.0025365540015435464
2015-09-02,1,ridge,61,0.006034142320618052,0.0015487087710065863
2015-09-03,1,ridge,61,-0.001868771307980133,0.0017331879899755995
2015-09-04,1,ridge,61,0.0,0.002216075847527323
2015-09-07,1,ridge,61,-0.002601322938209805,0.001583880963836816
2015-09-08,1,ridge,61,0.0003125162794335168,0.0011639241454318371
2015-09-09,1,ridge,61,-0.005745041131782536,0.0015509585048176704
2015-09-10,1,ridge,61,-0.002832417314536428,0.0016379561840747063
2015-09-11,1,ridge,61,0.0006301197435965022,0.0017774372389953294
2015-09-14,1,ridge,61,0.003772403090544607,0.00186708766230153
2015-09-15,1,ridge,61,-0.001989217009394473,0.0014590938906245147
2015-09-16,1,ridge,61,-0.009159404983494213,0.0013376370658272532
2015-09-17,1,ridge,61,0.003273325344969713,0.0016772666948044828
2015-09-18,1,ridge,61,0.01079958071615383,0.0023052607901064945
2015-09-21,1,ridge,61,0.00405891174928108,0.0016927909245227596
2015-09-22,1,ridge,61,-0.002183520493224123,0.002020383331526229
2015-09-23,1,ridge,61,0.006432892073809704,0.0018278466327580833
2015-09-24,1,ridge,61,-0.00435324070558174,0.001772293622807349
2015-09-25,1,ridge,61,-0.002496101139993101,0.0015483532976173669
2015-09-28,1,ridge,61,-0.001771848918396657,0.0021190786101930427
2015-09-29,1,ridge,61,0.005098601128890046,0.0019117587289084964
2015-09-30,1,ridge,61,-0.001661992695851211,0.0014688727240306076
2015-10-01,1,ridge,61,-0.003749613808852637,0.0017011290231482967
2015-10-02,1,ridge,61,0.002917580479521398,0.0014198846967107212
2015-10-05,1,ridge,61,-0.006890818663435994,0.0014053484926153013
2015-10-06,1,ridge,61,0.0005236973149278512,0.0017573838674360114
2015-10-07,1,ridge,61,-0.001886595256142876,0.00157598626364682
2015-10-08,1,ridge,61,-0.005364763300673481,0.0017670237398777085
2015-10-09,1,ridge,61,0.0003163722673367175,0.0018986851980118459
2015-10-12,1,ridge,61,-0.0008438819066203251,0.002105235251480017
2015-10-13,1,ridge,61,-0.008797555284160374,0.0021211664183122428
2015-10-14,1,ridge,61,0.004673402026817541,0.0021998633014144843
2015-10-15,1,ridge,61,0.001799799331848817,0.001961633103927382
2015-10-16,1,ridge,61,0.004116752528616985,0.00199189239948718
2015-10-19,1,ridge,61,-0.0002107037513070509,0.002122581606016841
2015-10-20,1,ridge,61,0.001263557080823041,0.002003365088537062
2015-10-21,1,ridge,61,0.01410607998896296,0.0020705238881179463
2015-10-22,1,ridge,61,0.007751576202053023,0.0019423973694962682
2015-08-28,1,ridge,62,-0.003021937380216499,0.001565445987088156
2015-08-31,1,ridge,62,-0.003868881283219494,0.001565701918033987
2015-09-01,1,ridge,62,0.003973238183914596,0.0022784224175039355
2015-09-02,1,ridge,62,0.006034142320618052,0.0013916095311985338
2015-09-03,1,ridge,62,-0.001868771307980133,0.0015725027303292954
2015-09-04,1,ridge,62,0.0,0.002005135019090368
2015-09-07,1,ridge,62,-0.002601322938209805,0.001392346136436409
2015-09-08,1,ridge,62,0.0003125162794335168,0.000995987764655642
2015-09-09,1,ridge,62,-0.005745041131782536,0.0013598810039914947
2015-09-10,1,ridge,62,-0.002832417314536428,0.0014548332441926388
2015-09-11,1,ridge,62,0.0006301197435965022,0.001595552657160047
2015-09-14,1,ridge,62,0.003772403090544607,0.0016788059548528496
2015-09-15,1,ridge,62,-0.001989217009394473,0.0012982649700444598
2015-09-16,1,ridge,62,-0.009159404983494213,0.0011636322398847006
2015-09-17,1,ridge,62,0.003273325344969713,0.0014870950208453288
2015-09-18,1,ridge,62,0.01079958071615383,0.0020734038795350547
2015-09-21,1,ridge,62,0.00405891174928108,0.0015418088272385019
2015-09-22,1,ridge,62,-0.002183520493224123,0.0017996251123182363
2015-09-23,1,ridge,62,0.006432892073809704,0.0016382117274365625
2015-09-24,1,ridge,62,-0.00435324070558174,0.001549116543191664
2015-09-25,1,ridge,62,-0.002496101139993101,0.0013959137002282035
2015-09-28,1,ridge,62,-0.001771848918396657,0.0018816640099376413
2015-09-29,1,ridge,62,0.005098601128890046,0.0017312700257814991
2015-09-30,1,ridge,62,-0.001661992695851211,0.0013320670772379215
2015-10-01,1,ridge,62,-0.003749613808852637,0.0014907925723760635
2015-10-02,1,ridge,62,0.002917580479521398,0.0012334122670254193
2015-10-05,1,ridge,62,-0.006890818663435994,0.0012502351652373177
2015-10-06,1,ridge,62,0.0005236973149278512,0.0015926505151184433
2015-10-07,1,ridge,62,-0.001886595256142876,0.0013748305439034627
2015-10-08,1,ridge,62,-0.005364763300673481,0.001579459243744863
2015-10-09,1,ridge,62,0.0003163722673367175,0.0017456843438644247
2015-10-12,1,ridge,62,-0.0008438819066203251,0.0019171696407961046
2015-10-13,1,ridge,62,-0.008797555284160374,0.001884044310405542
2015-10-14,1,ridge,62,0.004673402026817541,0.0019969438328562416
2015-10-15,1,ridge,62,0.001799799331848817,0.001793464690181377
2015-10-16,1,ridge,62,0.004116752528616985,0.0018313663310542275
2015-10-19,1,ridge,62,-0.0002107037513070509,0.001932387814416707
2015-10-20,1,ridge,62,0.001263557080823041,0.0017979363897487296
2015-10-21,1,ridge,62,0.01410607998896296,0.0019040458699549952
2015-10-22,1,ridge,62,0.007751576202053023,0.0017794382590133244
2015-10-23,1,ridge,62,-0.002783650439156737,0.0016519955346551386
2015-10-26,1,ridge,62,0.0005160757713760233,0.0018581823515195852
2015-10-27,1,ridge,62,0.008937344404040815,0.0020108381064833252
2015-10-28,1,ridge,62,-0.005126638932642535,0.0015753055248702353
2015-10-29,1,ridge,62,-0.003398036529196347,0.0017202160999792355
2015-10-30,1,ridge,62,-0.0002063131841438803,0.0016933503315743799
2015-11-02,1,ridge,62,0.002370035629454925,0.001731996891778051
2015-11-03,1,ridge,62,0.00809804025657801,0.0017700252634793255
2015-11-04,1,ridge,62,-0.0001020981163781798,0.0017958479154446957
2015-11-05,1,ridge,62,0.0124805029238626,0.0017818610919892387
2015-11-06,1,ridge,62,-0.001917739674293983,0.0019367222321729689
2015-11-09,1,ridge,62,0.003127051521762958,0.0017315130518234482
2015-11-10,1,ridge,62,-0.002824005911080008,0.0015777877589437496
2015-11-11,1,ridge,62,-0.003642622665799067,0.0017029149161276033
2015-11-12,1,ridge,62,0.003541617665965724,0.0016640773169175102
2015-11-13,1,ridge,62,0.004434597067866086,0.0019387865732227027
2015-11-16,1,ridge,62,0.001908876854309405,0.0016570650625140424
2015-11-17,1,ridge,62,0.0002007226020381836,0.0015945783307043516
2015-11-18,1,ridge,62,-0.006645211727087208,0.0013984070606266983
2015-11-19,1,ridge,62,0.005741642567675065,0.0015526598069149828
2015-09-25,1,ridge,63,-0.002496101139993101,0.0015285330499939154
2015-09-28,1,ridge,63,-0.001771848918396657,0.0020799682503194936
2015-09-29,1,ridge,63,0.005098601128890046,0.0019270302240298597
2015-09-30,1,ridge,63,-0.001661992695851211,0.0014668508522373519
2015-10-01,1,ridge,63,-0.003749613808852637,0.0016482051925123017
2015-10-02,1,ridge,63,0.002917580479521398,0.0013652699362846762
2015-10-05,1,ridge,63,-0.006890818663435994,0.0013735746316796411
2015-10-06,1,ridge,63,0.0005236973149278512,0.001726159867931317
2015-10-07,1,ridge,63,-0.001886595256142876,0.001525516667213124
2015-10-08,1,ridge,63,-0.005364763300673481,0.0017113528200495348
2015-10-09,1,ridge,63,0.0003163722673367175,0.0019069021049723093
2015-10-12,1,ridge,63,-0.0008438819066203251,0.002113483504654932
2015-10-13,1,ridge,63,-0.008797555284160374,0.0020572772171309505
2015-10-14,1,ridge,63,0.004673402026817541,0.0021983058872161554
2015-10-15,1,ridge,63,0.001799799331848817,0.0019416935668196736
2015-10-16,1,ridge,63,0.004116752528616985,0.0019712270650359613
2015-10-19,1,ridge,63,-0.0002107037513070509,0.002124695439213802
2015-10-20,1,ridge,63,0.001263557080823041,0.0019583976843164626
2015-10-21,1,ridge,63,0.01410607998896296,0.002089958755008923
2015-10-22,1,ridge,63,0.007751576202053023,0.0019362408927568395
2015-10-23,1,ridge,63,-0.002783650439156737,0.0017952832833146855
2015-10-26,1,ridge,63,0.0005160757713760233,0.002029465659951873
2015-10-27,1,ridge,63,0.008937344404040815,0.0022016301782086223
2015-10-28,1,ridge,63,-0.005126638932642535,0.0017035581638330782
2015-10-29,1,ridge,63,-0.003398036529196347,0.0018754949997185613
2015-10-30,1,ridge,63,-0.0002063131841438803,0.0018400617826776363
2015-11-02,1,ridge,63,0.002370035629454925,0.0019167110598273783
2015-11-03,1,ridge,63,0.00809804025657801,0.0019087708646087357
2015-11-04,1,ridge,63,-0.0001020981163781798,0.0019339540030073792
2015-11-05,1,ridge,63,0.0124805029238626,0.0019346132180708725
2015-11-06,1,ridge,63,-0.001917739674293983,0.002103089907110593
2015-11-09,1,ridge,63,0.003127051521762958,0.001873670886001474
2015-11-10,1,ridge,63,-0.002824005911080008,0.0017215237459709796
2015-11-11,1,ridge,63,-0.003642622665799067,0.0018677743268092084
2015-11-12,1,ridge,63,0.003541617665965724,0.001831842861461058
2015-11-13,1,ridge,63,0.004434597067866086,0.0021333910926611198
2015-11-16,1,ridge,63,0.001908876854309405,0.0018094971523971088
2015-11-17,1,ridge,63,0.0002007226020381836,0.0017328404332880875
2015-11-18,1,ridge,63,-0.006645211727087208,0.001546165798122663
2015-11-19,1,ridge,63,0.005741642567675065,0.0016757263720953914
2015-11-20,1,ridge,63,0.002407705818026962,0.0018548403205940903
2015-11-23,1,ridge,63,-0.00270907705944623,0.0016340699717484527
2015-11-24,1,ridge,63,0.00270907705944623,0.0018225749236448307
2015-11-25,1,ridge,63,0.0,0.0018327900489338825
2015-11-26,1,ridge,63,0.002201982673339486,0.0019566032307380566
2015-11-27,1,ridge,63,0.001498576632915416,0.0017999455616851494
2015-11-30,1,ridge,63,-0.003700559306254902,0.0019165870621601557
2015-12-01,1,ridge,63,0.001901997670339384,0.001676714033690548
2015-12-02,1,ridge,63,-0.02398779052875621,0.002353808124069699
2015-12-03,1,ridge,63,0.007450154376066997,0.0020253501106891484
2015-12-04,1,ridge,63,0.003147050970524035,0.002097325753176033
2015-12-07,1,ridge,63,-0.001927662545881503,0.002452114908337143
2015-12-08,1,ridge,63,-0.01154192885440253,0.0022789975611562986
2015-12-09,1,ridge,63,0.00614504186886311,0.002369911381644759
2015-12-10,1,ridge,63,-0.003887472926452418,0.002364959114675676
2015-12-11,1,ridge,63,0.0004099200713278961,0.002599103348104933
2015-12-14,1,ridge,63,0.006332367192051436,0.0022975370988400036
2015-12-15,1,ridge,63,-0.00356979317337025,0.002080393844029706
2015-12-16,1,ridge,63,0.01420334316390193,0.0020367623026551216
2015-12-17,1,ridge,63,-0.005758464162194166,0.002398328154658038
2015-10-23,1,ridge,64,-0.002783650439156737,0.0021290062177958236
2015-10-26,1,ridge,64,0.0005160757713760233,0.002395057191358893
2015-10-27,1,ridge,64,0.008937344404040815,0.0025440017370182907
2015-10-28,1,ridge,64,-0.005126638932642535,0.0020878037128364
2015-10-29,1,ridge,64,-0.003398036529196347,0.002181221744413582
2015-10-30,1,ridge,64,-0.0002063131841438803,0.002116842591404199
2015-11-02,1,ridge,64,0.002370035629454925,0.0022359504036955314
2015-11-03,1,ridge,64,0.00809804025657801,0.002303677742546013
2015-11-04,1,ridge,64,-0.0001020981163781798,0.0022035974723337635
2015-11-05,1,ridge,64,0.0124805029238626,0.002221389536027191
2015-11-06,1,ridge,64,-0.001917739674293983,0.0025003421229402643
2015-11-09,1,ridge,64,0.003127051521762958,0.002171934798969922
2015-11-10,1,ridge,64,-0.002824005911080008,0.0020136485503424494
2015-11-11,1,ridge,64,-0.003642622665799067,0.0021872840357713384
2015-11-12,1,ridge,64,0.003541617665965724,0.002086653870108564
2015-11-13,1,ridge,64,0.004434597067866086,0.0025011801439942917
2015-11-16,1,ridge,64,0.001908876854309405,0.002214817008084815
2015-11-17,1,ridge,64,0.0002007226020381836,0.0020187516425202333
2015-11-18,1,ridge,64,-0.006645211727087208,0.001877687488530858
2015-11-19,1,ridge,64,0.005741642567675065,0.0019449639096855873
2015-11-20,1,ridge,64,0.002407705818026962,0.0021840232670118894
2015-11-23,1,ridge,64,-0.00270907705944623,0.0018533070575961835
2015-11-24,1,ridge,64,0.00270907705944623,0.002200650954718942
2015-11-25,1,ridge,64,0.0,0.0021236426919668564
2015-11-26,1,ridge,64,0.002201982673339486,0.0024016145556429143
2015-11-27,1,ridge,64,0.001498576632915416,0.002078111993489482
2015-11-30,1,ridge,64,-0.003700559306254902,0.0022667692539525266
2015-12-01,1,ridge,64,0.001901997670339384,0.001972602727578983
2015-12-02,1,ridge,64,-0.02398779052875621,0.002665015689711399
2015-12-03,1,ridge,64,0.007450154376066997,0.0023219302109209676
2015-12-04,1,ridge,64,0.003147050970524035,0.0024249619154498065
2015-12-07,1,ridge,64,-0.001927662545881503,0.002813480259210458
2015-12-08,1,ridge,64,-0.01154192885440253,0.002600508289758623
2015-12-09,1,ridge,64,0.00614504186886311,0.0027110676340422694
2015-12-10,1,ridge,64,-0.003887472926452418,0.0027133726563566838
2015-12-11,1,ridge,64,0.0004099200713278961,0.002976669134348859
2015-12-14,1,ridge,64,0.006332367192051436,0.002569305678662104
2015-12-15,1,ridge,64,-0.00356979317337025,0.0024365255017357477
2015-12-16,1,ridge,64,0.01420334316390193,0.002367417467107469
2015-12-17,1,ridge,64,-0.005758464162194166,0.0027435971282757307
2015-12-18,1,ridge,64,-0.00345072909144406,0.0028268512194055432
2015-12-21,1,ridge,64,-0.001322549661213479,0.002526021826337235
2015-12-22,1,ridge,64,0.001119194297015014,0.002518365784539194
2015-12-23,1,ridge,64,-0.003667485773364731,0.002360652969795291
2015-12-24,1,ridge,64,0.0,0.002550052247202768
2015-12-25,1,ridge,64,-0.0006125574464128647,0.0026875032620780714
2015-12-28,1,ridge,64,0.001836547807301692,0.0028635145281900223
2015-12-29,1,ridge,64,0.001731425803018105,0.002404779607976838
2015-12-30,1,ridge,64,0.003656682591566707,0.0027521467575323125
2015-12-31,1,ridge,64,0.0,0.0026470693868881514
2016-01-01,1,ridge,64,0.002430380943139632,0.0027102471273784397
2016-01-04,1,ridge,64,0.005346257753486405,0.0030027623090408614
2016-01-05,1,ridge,64,-0.002215732601540843,0.002610785843568285
2016-01-06,1,ridge,64,-0.009726520449889087,0.002903351936477471
2016-01-07,1,ridge,64,0.0032526965047186,0.0031222974773481597
2016-01-08,1,ridge,64,0.001825003041260764,0.002952262647316834
2016-01-11,1,ridge,64,0.002529213751522263,0.0028205383743405248
2016-01-12,1,ridge,64,-0.0004042445734686595,0.0028172993087494953
2016-01-13,1,ridge,64,0.001615998735676527,0.0029140109702360975
2016-01-14,1,ridge,64,-0.001312799986575186,0.0024995606491388343
2015-11-20,1,ridge,65,0.002407705818026962,0.002530128698988089
2015-11-23,1,ridge,65,-0.00270907705944623,0.002197986733187728
2015-11-24,1,ridge,65,0.00270907705944623,0.0025383823562927033
2015-11-25,1,ridge,65,0.0,0.002463206994911347
2015-11-26,1,ridge,65,0.002201982673339486,0.002738297160724881
2015-11-27,1,ridge,65,0.001498576632915416,0.002426100372436843
2015-11-30,1,ridge,65,-0.003700559306254902,0.0026102949882041903
2015-12-01,1,ridge,65,0.001901997670339384,0.002316038191646336
2015-12-02,1,ridge,65,-0.02398779052875621,0.003026220423060078
2015-12-03,1,ridge,65,0.007450154376066997,0.0026771956861584025
2015-12-04,1,ridge,65,0.003147050970524035,0.002753690684889251
2015-12-07,1,ridge,65,-0.001927662545881503,0.0031567993637390294
2015-12-08,1,ridge,65,-0.01154192885440253,0.002945568040704948
2015-12-09,1,ridge,65,0.00614504186886311,0.0030578475886089947
2015-12-10,1,ridge,65,-0.003887472926452418,0.00305196924802252
2015-12-11,1,ridge,65,0.0004099200713278961,0.0033336755147736416
2015-12-14,1,ridge,65,0.006332367192051436,0.002918860563574336
2015-12-15,1,ridge,65,-0.00356979317337025,0.002747936427718534
2015-12-16,1,ridge,65,0.01420334316390193,0.002708193686831927
2015-12-17,1,ridge,65,-0.005758464162194166,0.0030827478704891368
2015-12-18,1,ridge,65,-0.00345072909144406,0.0031884990257562374
2015-12-21,1,ridge,65,-0.001322549661213479,0.002879448930427784
2015-12-22,1,ridge,65,0.001119194297015014,0.002855175854774822
2015-12-23,1,ridge,65,-0.003667485773364731,0.0026883162688851477
2015-12-24,1,ridge,65,0.0,0.0028997197846598304
2015-12-25,1,ridge,65,-0.0006125574464128647,0.0030409139415660895
2015-12-28,1,ridge,65,0.001836547807301692,0.0032237987166193554
2015-12-29,1,ridge,65,0.001731425803018105,0.002747975899304176
2015-12-30,1,ridge,65,0.003656682591566707,0.0031201661174438877
2015-12-31,1,ridge,65,0.0,0.002998820551869303
2016-01-01,1,ridge,65,0.002430380943139632,0.0030582435288185935
2016-01-04,1,ridge,65,0.005346257753486405,0.0033662244630055104
2016-01-05,1,ridge,65,-0.002215732601540843,0.0029671082763161423
2016-01-06,1,ridge,65,-0.009726520449889087,0.0032838871168459965
2016-01-07,1,ridge,65,0.0032526965047186,0.0034839451683451273
2016-01-08,1,ridge,65,0.001825003041260764,0.0033165748903669604
2016-01-11,1,ridge,65,0.002529213751522263,0.0031734527924247545
2016-01-12,1,ridge,65,-0.0004042445734686595,0.00317421918743195
2016-01-13,1,ridge,65,0.001615998735676527,0.003270339796187245
2016-01-14,1,ridge,65,-0.001312799986575186,0.002861844782568454
2016-01-15,1,ridge,65,0.0,0.003544656600110903
2016-01-18,1,ridge,65,0.0003031068474834697,0.0031252532966470096
2016-01-19,1,ridge,65,0.001009693139091716,0.0031594407853274024
2016-01-20,1,ridge,65,-0.0003028009107159946,0.003619039279972224
2016-01-21,1,ridge,65,0.005135187239901029,0.0028028235343898773
2016-01-22,1,ridge,65,-0.002111296214824421,0.0021356582501120534
2016-01-25,1,ridge,65,0.0,0.0032148480921154886
2016-01-26,1,ridge,65,-0.004640379556501983,0.002741611071293168
2016-01-27,1,ridge,65,-0.003951172761079036,0.0028530740306717487
2016-01-28,1,ridge,65,0.01110449528948632,0.002828060987765245
2016-01-29,1,ridge,65,-0.00604170602265075,0.002534614845106472
2016-02-01,1,ridge,65,-0.001414999225381131,0.003458574375332332
2016-02-02,1,ridge,65,-0.01610964692170569,0.003737980980233804
2016-02-03,1,ridge,65,-0.008464129804874432,0.0032379235481085613
2016-02-04,1,ridge,65,0.005788129854746416,0.00358151617618246
2016-02-05,1,ridge,65,-0.0047520750583816,0.004033231944903244
2016-02-08,1,ridge,65,-0.005191041557179865,0.004068341828952059
2016-02-09,1,ridge,65,-0.001875391256056957,0.0038516655777944015
2016-02-10,1,ridge,65,-0.003447378707980953,0.004014175632864589
2016-02-11,1,ridge,65,0.003968673616308926,0.004232933385543353
2015-12-18,1,ridge,66,-0.00345072909144406,0.0029177836681119496
2015-12-21,1,ridge,66,-0.001322549661213479,0.002614631110868677
2015-12-22,1,ridge,66,0.001119194297015014,0.002594865000278963
2015-12-23,1,ridge,66,-0.003667485773364731,0.002412395015588247
2015-12-24,1,ridge,66,0.0,0.0026431124363712156
2015-12-25,1,ridge,66,-0.0006125574464128647,0.0027574474573501973
2015-12-28,1,ridge,66,0.001836547807301692,0.0029318483584237533
2015-12-29,1,ridge,66,0.001731425803018105,0.002460281874285577
2015-12-30,1,ridge,66,0.003656682591566707,0.0028062893608218984
2015-12-31,1,ridge,66,0.0,0.002700778293967951
2016-01-01,1,ridge,66,0.002430380943139632,0.002774523239316055
2016-01-04,1,ridge,66,0.005346257753486405,0.0030936002317540033
2016-01-05,1,ridge,66,-0.002215732601540843,0.00264994361717038
2016-01-06,1,ridge,66,-0.009726520449889087,0.0029776535984264124
2016-01-07,1,ridge,66,0.0032526965047186,0.0032469353269569475
2016-01-08,1,ridge,66,0.001825003041260764,0.0030123985978166637
2016-01-11,1,ridge,66,0.002529213751522263,0.002881569413496838
2016-01-12,1,ridge,66,-0.0004042445734686595,0.0028519085659794922
2016-01-13,1,ridge,66,0.001615998735676527,0.002988108970849485
2016-01-14,1,ridge,66,-0.001312799986575186,0.002564107246682203
2016-01-15,1,ridge,66,0.0,0.003249295987480339
2016-01-18,1,ridge,66,0.0003031068474834697,0.0028325055798831844
2016-01-19,1,ridge,66,0.001009693139091716,0.0028404571355637063
2016-01-20,1,ridge,66,-0.0003028009107159946,0.0033173485609037513
2016-01-21,1,ridge,66,0.005135187239901029,0.0025417855117228134
2016-01-22,1,ridge,66,-0.002111296214824421,0.0018752914251408317
2016-01-25,1,ridge,66,0.0,0.002914834782112023
2016-01-26,1,ridge,66,-0.004640379556501983,0.0024973646819049997
2016-01-27,1,ridge,66,-0.003951172761079036,0.0025802712503022835
2016-01-28,1,ridge,66,0.01110449528948632,0.002596673177472179
2016-01-29,1,ridge,66,-0.00604170602265075,0.0022198833108036174
2016-02-01,1,ridge,66,-0.001414999225381131,0.003190816451095069
2016-02-02,1,ridge,66,-0.01610964692170569,0.003420386110568308
2016-02-03,1,ridge,66,-0.008464129804874432,0.003041366471286918
2016-02-04,1,ridge,66,0.005788129854746416,0.00333308144082898
2016-02-05,1,ridge,66,-0.0047520750583816,0.003733612006333811
2016-02-08,1,ridge,66,-0.005191041557179865,0.003823779107732221
2016-02-09,1,ridge,66,-0.001875391256056957,0.003569495283683009
2016-02-10,1,ridge,66,-0.003447378707980953,0.0037411320532748094
2016-02-11,1,ridge,66,0.003968673616308926,0.0039777599910302535
2016-02-12,1,ridge,66,0.0004168403561815026,0.003042650136127591
2016-02-15,1,ridge,66,0.009230037008194358,0.0029720167432787962
2016-02-16,1,ridge,66,-0.0008261902772961349,0.003347484528679736
2016-02-17,1,ridge,66,0.001651698527663115,0.00326986593206251
2016-02-18,1,ridge,66,-0.003616640470188059,0.003229493871867088
2016-02-19,1,ridge,66,0.008042109536082087,0.003453202906137874
2016-02-22,1,ridge,66,0.001026378002451089,0.003028819940004762
2016-02-23,1,ridge,66,-0.0002051913416458717,0.003472370892016365
2016-02-24,1,ridge,66,-0.001745828428023621,0.0033249844352855095
2016-02-25,1,ridge,66,0.00880071173513386,0.002835885557891428
2016-02-26,1,ridge,66,0.0006111224472125087,0.003015595311442634
2016-02-29,1,ridge,66,0.001424501665385769,0.0032789800671924104
2016-03-01,1,ridge,66,-0.001424501665385769,0.0025896832078379827
2016-03-02,1,ridge,66,-0.006333014016313143,0.0027858857638581175
2016-03-03,1,ridge,66,-0.002565024748061084,0.0030042866910813533
2016-03-04,1,ridge,66,-0.00277763668117359,0.0029116907616127453
2016-03-07,1,ridge,66,0.001441219108842873,0.0031645321953923233
2016-03-08,1,ridge,66,-0.0004115649816300859,0.003573227614691761
2016-03-09,1,ridge,66,-0.01138492942970082,0.0028387830117696756
2016-03-10,1,ridge,66,0.001040366302743401,0.0029886893409358994
2016-01-15,1,ridge,67,0.0,0.00315063582420605
2016-01-18,1,ridge,67,0.0003031068474834697,0.0027217753548493544
2016-01-19,1,ridge,67,0.001009693139091716,0.0027064061098239383
2016-01-20,1,ridge,67,-0.0003028009107159946,0.0032090946262261135
2016-01-21,1,ridge,67,0.005135187239901029,0.0024628238355177226
2016-01-22,1,ridge,67,-0.002111296214824421,0.001742281090996077
2016-01-25,1,ridge,67,0.0,0.0027854536155790693
2016-01-26,1,ridge,67,-0.004640379556501983,0.0024256193038799286
2016-01-27,1,ridge,67,-0.003951172761079036,0.0024487075357094755
2016-01-28,1,ridge,67,0.01110449528948632,0.0025189195025266493
2016-01-29,1,ridge,67,-0.00604170602265075,0.0020737472691112
2016-02-01,1,ridge,67,-0.001414999225381131,0.0031244566499654992
2016-02-02,1,ridge,67,-0.01610964692170569,0.0032842597441158127
2016-02-03,1,ridge,67,-0.008464129804874432,0.0029219920496873016
2016-02-04,1,ridge,67,0.005788129854746416,0.003186921611436061
2016-02-05,1,ridge,67,-0.0047520750583816,0.0036247025746936144
2016-02-08,1,ridge,67,-0.005191041557179865,0.0037345748688568637
2016-02-09,1,ridge,67,-0.001875391256056957,0.003423151751374201
2016-02-10,1,ridge,67,-0.003447378707980953,0.003644195325630155
2016-02-11,1,ridge,67,0.003968673616308926,0.0038760313034323975
2016-02-12,1,ridge,67,0.0004168403561815026,0.002916346233665943
2016-02-15,1,ridge,67,0.009230037008194358,0.002856236991597753
2016-02-16,1,ridge,67,-0.0008261902772961349,0.003198874709693801
2016-02-17,1,ridge,67,0.001651698527663115,0.0031671453288654805
2016-02-18,1,ridge,67,-0.003616640470188059,0.0031114196228954104
2016-02-19,1,ridge,67,0.008042109536082087,0.0033209641455925415
2016-02-22,1,ridge,67,0.001026378002451089,0.002884065751509242
2016-02-23,1,ridge,67,-0.0002051913416458717,0.003362629679715265
2016-02-24,1,ridge,67,-0.001745828428023621,0.0032106045128726625
2016-02-25,1,ridge,67,0.00880071173513386,0.002742768089367802
2016-02-26,1,ridge,67,0.0006111224472125087,0.0028746723316788814
2016-02-29,1,ridge,67,0.001424501665385769,0.003185981114335786
2016-03-01,1,ridge,67,-0.001424501665385769,0.0024467036082490554
2016-03-02,1,ridge,67,-0.006333014016313143,0.0026384724364704112
2016-03-03,1,ridge,67,-0.002565024748061084,0.00288638239876554
2016-03-04,1,ridge,67,-0.00277763668117359,0.00278670039518697
2016-03-07,1,ridge,67,0.001441219108842873,0.0030580701599025313
2016-03-08,1,ridge,67,-0.0004115649816300859,0.0034635544280553383
2016-03-09,1,ridge,67,-0.01138492942970082,0.0027143350670286674
2016-03-10,1,ridge,67,0.001040366302743401,0.002870830082163727
2016-03-11,1,ridge,67,0.004668300401870162,0.0027811396387193753
2016-03-14,1,ridge,67,0.0001034928849570349,0.0032680530316394132
2016-03-15,1,ridge,67,-0.007687550845627555,0.003257373622658663
2016-03-16,1,ridge,67,-0.01185432187500535,0.002960794013615346
2016-03-17,1,ridge,67,0.003476432260768547,0.0030861592055853077
2016-03-18,1,ridge,67,0.002101061808743587,0.0035150264083317812
2016-03-21,1,ridge,67,0.003770822526165674,0.0034747437742322306
2016-03-22,1,ridge,67,0.004173193328303348,0.003096737694037476
2016-03-23,1,ridge,67,0.0009365732512485181,0.0036080518429803085
2016-03-24,1,ridge,67,0.0,0.0031401588749791318
2016-03-25,1,ridge,67,-0.002082466391896354,0.0031023873084744962
2016-03-28,1,ridge,67,-0.008163310639161203,0.003271788039966476
2016-03-29,1,ridge,67,-0.003368424237551793,0.003098888037863805
2016-03-30,1,ridge,67,-0.00263949897212612,0.003414913412928219
2016-03-31,1,ridge,67,0.0003171079779233921,0.0031365665143008744
2016-04-01,1,ridge,67,-0.001163221196037512,0.003499102012860489
2016-04-04,1,ridge,67,0.001268901513176601,0.0033758715531324
2016-04-05,1,ridge,67,-0.002115731245162955,0.003462988244217826
2016-04-06,1,ridge,67,0.0005293526141283422,0.003007544707848841
2016-04-07,1,ridge,67,-0.002649569670441387,0.003358498587923783
2016-02-12,1,ridge,68,0.0004168403561815026,0.0020008474467944157
2016-02-15,1,ridge,68,0.009230037008194358,0.0019223633730019553
2016-02-16,1,ridge,68,-0.0008261902772961349,0.0022080613348317846
2016-02-17,1,ridge,68,0.001651698527663115,0.002259847037509653
2016-02-18,1,ridge,68,-0.003616640470188059,0.002150624863838365
2016-02-19,1,ridge,68,0.008042109536082087,0.002319456870237168
2016-02-22,1,ridge,68,0.001026378002451089,0.001941157005308851
2016-02-23,1,ridge,68,-0.0002051913416458717,0.0023899227408520156
2016-02-24,1,ridge,68,-0.001745828428023621,0.002226610963273118
2016-02-25,1,ridge,68,0.00880071173513386,0.0017995328374726352
2016-02-26,1,ridge,68,0.0006111224472125087,0.0019086052008694264
2016-02-29,1,ridge,68,0.001424501665385769,0.0022360196677077273
2016-03-01,1,ridge,68,-0.001424501665385769,0.0014745524276700223
2016-03-02,1,ridge,68,-0.006333014016313143,0.0016525250907724652
2016-03-03,1,ridge,68,-0.002565024748061084,0.0019225146909535944
2016-03-04,1,ridge,68,-0.00277763668117359,0.0018261641005981883
2016-03-07,1,ridge,68,0.001441219108842873,0.00210101432809492
2016-03-08,1,ridge,68,-0.0004115649816300859,0.0024588559268815396
2016-03-09,1,ridge,68,-0.01138492942970082,0.0017503879407582013
2016-03-10,1,ridge,68,0.001040366302743401,0.0018630072396907177
2016-03-11,1,ridge,68,0.004668300401870162,0.0018151909654072504
2016-03-14,1,ridge,68,0.0001034928849570349,0.0022916575817158837
2016-03-15,1,ridge,68,-0.007687550845627555,0.0022602302492983487
2016-03-16,1,ridge,68,-0.01185432187500535,0.001978649896356434
2016-03-17,1,ridge,68,0.003476432260768547,0.002077422126782618
2016-03-18,1,ridge,68,0.002101061808743587,0.0025117508861906015
2016-03-21,1,ridge,68,0.003770822526165674,0.002483298394276795
2016-03-22,1,ridge,68,0.004173193328303348,0.002098600821149904
2016-03-23,1,ridge,68,0.0009365732512485181,0.002606723112578464
2016-03-24,1,ridge,68,0.0,0.0021358212408800255
2016-03-25,1,ridge,68,-0.002082466391896354,0.0021031771584950026
2016-03-28,1,ridge,68,-0.008163310639161203,0.0023152913885622827
2016-03-29,1,ridge,68,-0.003368424237551793,0.00207641182988548
2016-03-30,1,ridge,68,-0.00263949897212612,0.0024251423257105756
2016-03-31,1,ridge,68,0.0003171079779233921,0.0021015855436020774
2016-04-01,1,ridge,68,-0.001163221196037512,0.002470453228607432
2016-04-04,1,ridge,68,0.001268901513176601,0.002362474510110393
2016-04-05,1,ridge,68,-0.002115731245162955,0.0024361216742715074
2016-04-06,1,ridge,68,0.0005293526141283422,0.002043850573260243
2016-04-07,1,ridge,68,-0.002649569670441387,0.0023488765516373276
2016-04-08,1,ridge,68,-0.002975876359190721,0.0019496014826014573
2016-04-11,1,ridge,68,0.0001064339312373264,0.0024806445937383377
2016-04-12,1,ridge,68,0.008267137704893734,0.0016900505299153878
2016-04-13,1,ridge,68,0.001687408120276679,0.0018778020025073763
2016-04-14,1,ridge,68,-0.002109705423849917,0.0018409647543928564
2016-04-15,1,ridge,68,-0.002219991397497623,0.0023712504134560464
2016-04-18,1,ridge,68,-0.00541201511986511,0.0021462636015124425
2016-04-19,1,ridge,68,0.00541201511986511,0.0015693448140378175
2016-04-20,1,ridge,68,0.001163467263297413,0.0022257158740382984
2016-04-21,1,ridge,68,0.005481776324693932,0.0018986434256144029
2016-04-22,1,ridge,68,-0.002947991185321186,0.0021152537707179366
2016-04-25,1,ridge,68,-0.002850960169784145,0.001861130268820487
2016-04-26,1,ridge,68,-0.001905165690567756,0.0017171675696764865
2016-04-27,1,ridge,68,-0.006696809508150103,0.0018551771904200575
2016-04-28,1,ridge,68,-0.007278987394611747,0.0022138239210431677
2016-04-29,1,ridge,68,-0.004846275168154612,0.002571817009862635
2016-05-02,1,ridge,68,0.003341060390895656,0.002371685854581776
2016-05-03,1,ridge,68,0.002578982731818336,0.0025125477820799086
2016-05-04,1,ridge,68,0.006418507272790031,0.0023405863239321185
2016-05-05,1,ridge,68,0.001172270609015591,0.0021326153213395665
2016-03-11,1,ridge,69,0.004668300401870162,0.001581875812902432
2016-03-14,1,ridge,69,0.0001034928849570349,0.0020556000411760767
2016-03-15,1,ridge,69,-0.007687550845627555,0.002005017829011246
2016-03-16,1,ridge,69,-0.01185432187500535,0.0017244387555376136
2016-03-17,1,ridge,69,0.003476432260768547,0.0018206753841854637
2016-03-18,1,ridge,69,0.002101061808743587,0.0022648548749870222
2016-03-21,1,ridge,69,0.003770822526165674,0.0022311149979709743
2016-03-22,1,ridge,69,0.004173193328303348,0.001856106696815262
2016-03-23,1,ridge,69,0.0009365732512485181,0.0023647335581061996
2016-03-24,1,ridge,69,0.0,0.0018868646177573837
2016-03-25,1,ridge,69,-0.002082466391896354,0.0018526433663796904
2016-03-28,1,ridge,69,-0.008163310639161203,0.0020846341139333447
2016-03-29,1,ridge,69,-0.003368424237551793,0.0018319770008675326
2016-03-30,1,ridge,69,-0.00263949897212612,0.0021793193245371106
2016-03-31,1,ridge,69,0.0003171079779233921,0.001841172000733451
2016-04-01,1,ridge,69,-0.001163221196037512,0.0022102418575654518
2016-04-04,1,ridge,69,0.001268901513176601,0.0021235043485705023
2016-04-05,1,ridge,69,-0.002115731245162955,0.002167411799751353
2016-04-06,1,ridge,69,0.0005293526141283422,0.0017989862470555356
2016-04-07,1,ridge,69,-0.002649569670441387,0.002106178119752916
2016-04-08,1,ridge,69,-0.002975876359190721,0.0017107674653747168
2016-04-11,1,ridge,69,0.0001064339312373264,0.002238141563294092
2016-04-12,1,ridge,69,0.008267137704893734,0.00143512143145749
2016-04-13,1,ridge,69,0.001687408120276679,0.0016368839544054219
2016-04-14,1,ridge,69,-0.002109705423849917,0.0015967400641900846
2016-04-15,1,ridge,69,-0.002219991397497623,0.0021304478033927748
2016-04-18,1,ridge,69,-0.00541201511986511,0.0019015019654597311
2016-04-19,1,ridge,69,0.00541201511986511,0.001325204092426479
2016-04-20,1,ridge,69,0.001163467263297413,0.0019918585639238356
2016-04-21,1,ridge,69,0.005481776324693932,0.0016525452514173967
2016-04-22,1,ridge,69,-0.002947991185321186,0.001871077553932164
2016-04-25,1,ridge,69,-0.002850960169784145,0.0016001730677839446
2016-04-26,1,ridge,69,-0.001905165690567756,0.0014559451326985563
2016-04-27,1,ridge,69,-0.006696809508150103,0.001603506349542143
2016-04-28,1,ridge,69,-0.007278987394611747,0.0019478564585783018
2016-04-29,1,ridge,69,-0.004846275168154612,0.002322644361800406
2016-05-02,1,ridge,69,0.003341060390895656,0.0021204686642815208
2016-05-03,1,ridge,69,0.002578982731818336,0.002247934564597682
2016-05-04,1,ridge,69,0.006418507272790031,0.0020878303581070116
2016-05-05,1,ridge,69,0.001172270609015591,0.0018772343732112557
2016-05-06,1,ridge,69,0.002552921288672572,0.0019492675677463438
2016-05-09,1,ridge,69,0.001698333918457529,0.0020553309215660407
2016-05-10,1,ridge,69,-0.004997086577274601,0.0015857938077040133
2016-05-11,1,ridge,69,0.003511202202849617,0.001997637818674081
2016-05-12,1,ridge,69,0.004873923613192055,0.001875251900156607
2016-05-13,1,ridge,69,-0.0004228776889325658,0.0021705900260033614
2016-05-16,1,ridge,69,-0.0002115059229543803,0.0016101442707546188
2016-05-17,1,ridge,69,0.005589847387526881,0.0016611332121162629
2016-05-18,1,ridge,69,0.002206230868103454,0.0016179038557110027
2016-05-19,1,ridge,69,0.0004196831453899819,0.0019200952387515775
2016-05-20,1,ridge,69,-0.001049538299532138,0.0014183532383314629
2016-05-23,1,ridge,69,0.003563945072134089,0.0021929142308378486
2016-05-24,1,ridge,69,-0.002304631231660359,0.001294329853932056
2016-05-25,1,ridge,69,-0.001889565962176043,0.001300312057477406
2016-05-26,1,ridge,69,0.003670883560039861,0.0015203593372798577
2016-05-27,1,ridge,69,0.0,0.001607032106162828
2016-05-30,1,ridge,69,0.00386605152129782,0.0016731443492915164
2016-05-31,1,ridge,69,-0.004599150993833234,0.0017360217064296946
2016-06-01,1,ridge,69,0.001151772285852282,0.0016346994480929558
2016-06-02,1,ridge,69,-0.01614044216862354,0.0015721453633545275
2016-04-08,1,ridge,70,-0.002975876359190721,0.0010370566720411983
2016-04-11,1,ridge,70,0.0001064339312373264,0.001541120885801178
2016-04-12,1,ridge,70,0.008267137704893734,0.0007806066364733806
2016-04-13,1,ridge,70,0.001687408120276679,0.0009903583176968482
2016-04-14,1,ridge,70,-0.002109705423849917,0.0009468496169208411
2016-04-15,1,ridge,70,-0.002219991397497623,0.00144109449314967
2016-04-18,1,ridge,70,-0.00541201511986511,0.00121744929704186
2016-04-19,1,ridge,70,0.00541201511986511,0.0006786702277995266
2016-04-20,1,ridge,70,0.001163467263297413,0.0013172670624556333
2016-04-21,1,ridge,70,0.005481776324693932,0.0009919072616310952
2016-04-22,1,ridge,70,-0.002947991185321186,0.0011965815490352215
2016-04-25,1,ridge,70,-0.002850960169784145,0.0009405501211499558
2016-04-26,1,ridge,70,-0.001905165690567756,0.0007940805617525352
2016-04-27,1,ridge,70,-0.006696809508150103,0.0009434451412245904
2016-04-28,1,ridge,70,-0.007278987394611747,0.00127396568513957
2016-04-29,1,ridge,70,-0.004846275168154612,0.0016227421474323224
2016-05-02,1,ridge,70,0.003341060390895656,0.0014196110912074933
2016-05-03,1,ridge,70,0.002578982731818336,0.0015694474445401452
2016-05-04,1,ridge,70,0.006418507272790031,0.0013975730117941464
2016-05-05,1,ridge,70,0.001172270609015591,0.0012024615866230845
2016-05-06,1,ridge,70,0.002552921288672572,0.0012639701115336878
2016-05-09,1,ridge,70,0.001698333918457529,0.0013672899708055725
2016-05-10,1,ridge,70,-0.004997086577274601,0.000912589332089764
2016-05-11,1,ridge,70,0.003511202202849617,0.0013059808726384385
2016-05-12,1,ridge,70,0.004873923613192055,0.0011904137816490454
2016-05-13,1,ridge,70,-0.0004228776889325658,0.0014845636234145205
2016-05-16,1,ridge,70,-0.0002115059229543803,0.0009275035112975621
2016-05-17,1,ridge,70,0.005589847387526881,0.000990754765054242
2016-05-18,1,ridge,70,0.002206230868103454,0.0009583761828139189
2016-05-19,1,ridge,70,0.0004196831453899819,0.0012396713975199088
2016-05-20,1,ridge,70,-0.001049538299532138,0.0007677888368989484
2016-05-23,1,ridge,70,0.003563945072134089,0.0014899915517758036
2016-05-24,1,ridge,70,-0.002304631231660359,0.0006420384306291124
2016-05-25,1,ridge,70,-0.001889565962176043,0.0006385429474125362
2016-05-26,1,ridge,70,0.003670883560039861,0.0008570310464159614
2016-05-27,1,ridge,70,0.0,0.0009429285521730748
2016-05-30,1,ridge,70,0.00386605152129782,0.0009946652337763928
2016-05-31,1,ridge,70,-0.004599150993833234,0.0010682125309342961
2016-06-01,1,ridge,70,0.001151772285852282,0.0009588758384916546
2016-06-02,1,ridge,70,-0.01614044216862354,0.0009070692759170494
2016-06-03,1,ridge,70,-0.001383494074768343,0.0010852591424201775
2016-06-06,1,ridge,70,-0.0007457519122588963,0.0012421490646542252
2016-06-07,1,ridge,70,-0.002561094132793151,0.0009818055993026638
2016-06-08,1,ridge,70,0.003839185690309499,0.0008535158904678
2016-06-09,1,ridge,70,0.006577575167946215,0.0011525481285473767
2016-06-10,1,ridge,70,-0.002223046487946689,0.0014165200745006362
2016-06-13,1,ridge,70,0.006022523354233478,0.0012067328119904405
2016-06-14,1,ridge,70,-0.003376599177354223,0.0012672524764259744
2016-06-15,1,ridge,70,-0.0004228776889325658,0.0009216175441996465
2016-06-16,1,ridge,70,-0.003813967966844523,0.0014269878670188523
2016-06-17,1,ridge,70,-0.006389117676922851,0.0007595272447351714
2016-06-20,1,ridge,70,0.004370310212331141,0.0007801017061474112
2016-06-21,1,ridge,70,-0.003195911956389352,0.0011397933980463052
2016-06-22,1,ridge,70,-0.002029373193135342,0.0010381595692840672
2016-06-23,1,ridge,70,0.02032030972529686,0.000575439066675051
2016-06-24,1,ridge,70,0.01135488006059049,0.002920887984708409
2016-06-27,1,ridge,70,-0.003008457064453296,0.0013819764984968747
2016-06-28,1,ridge,70,-0.004999489634365695,0.0006783063488193799
2016-06-29,1,ridge,70,0.003855978932286064,0.000554179870982498
2016-06-30,1,ridge,70,-0.005109766579551867,0.0007823638853361743
2016-05-06,1,ridge,71,0.002552921288672572,0.0011258740595109069
2016-05-09,1,ridge,71,0.001698333918457529,0.0012184445918519452
2016-05-10,1,ridge,71,-0.004997086577274601,0.0007943073228668207
2016-05-11,1,ridge,71,0.003511202202849617,0.0011661548709639865
2016-05-12,1,ridge,71,0.004873923613192055,0.0010630482740963604
2016-05-13,1,ridge,71,-0.0004228776889325658,0.001335576399632215
2016-05-16,1,ridge,71,-0.0002115059229543803,0.0007839202488092252
2016-05-17,1,ridge,71,0.005589847387526881,0.0008799053850130417
2016-05-18,1,ridge,71,0.002206230868103454,0.0008477519827293109
2016-05-19,1,ridge,71,0.0004196831453899819,0.001076249911320486
2016-05-20,1,ridge,71,-0.001049538299532138,0.0006747105316382627
2016-05-23,1,ridge,71,0.003563945072134089,0.001273941888118143
2016-05-24,1,ridge,71,-0.002304631231660359,0.0005465875583361545
2016-05-25,1,ridge,71,-0.001889565962176043,0.000528661791291059
2016-05-26,1,ridge,71,0.003670883560039861,0.0007539146601211525
2016-05-27,1,ridge,71,0.0,0.0008246591391663414
2016-05-30,1,ridge,71,0.00386605152129782,0.0008437311364665101
2016-05-31,1,ridge,71,-0.004599150993833234,0.0009254314196431815
2016-06-01,1,ridge,71,0.001151772285852282,0.000802867108084542
2016-06-02,1,ridge,71,-0.01614044216862354,0.0007610319489338964
2016-06-03,1,ridge,71,-0.001383494074768343,0.0009137911177025545
2016-06-06,1,ridge,71,-0.0007457519122588963,0.0010740671764916145
2016-06-07,1,ridge,71,-0.002561094132793151,0.0008580212341389773
2016-06-08,1,ridge,71,0.003839185690309499,0.0007615155445884786
2016-06-09,1,ridge,71,0.006577575167946215,0.0010117671986731344
2016-06-10,1,ridge,71,-0.002223046487946689,0.001259952138215277
2016-06-13,1,ridge,71,0.006022523354233478,0.0010434909760207655
2016-06-14,1,ridge,71,-0.003376599177354223,0.001113307150067453
2016-06-15,1,ridge,71,-0.0004228776889325658,0.0007875594990241846
2016-06-16,1,ridge,71,-0.003813967966844523,0.0012455317436899434
2016-06-17,1,ridge,71,-0.006389117676922851,0.0006488219131630692
2016-06-20,1,ridge,71,0.004370310212331141,0.000647041406796307
2016-06-21,1,ridge,71,-0.003195911956389352,0.0010080456527869152
2016-06-22,1,ridge,71,-0.002029373193135342,0.0008943923196145624
2016-06-23,1,ridge,71,0.02032030972529686,0.0004619827960349988
2016-06-24,1,ridge,71,0.01135488006059049,0.0026798742578621475
2016-06-27,1,ridge,71,-0.003008457064453296,0.001265352310921814
2016-06-28,1,ridge,71,-0.004999489634365695,0.0005502242686715315
2016-06-29,1,ridge,71,0.003855978932286064,0.0004477777293910909
2016-06-30,1,ridge,71,-0.005109766579551867,0.0006706209899070865
2016-07-01,1,ridge,71,0.0,0.000950192732828348
2016-07-04,1,ridge,71,0.005421762838127897,0.0007862602302073332
2016-07-05,1,ridge,71,-0.001248569509824549,0.0013252889537811222
2016-07-06,1,ridge,71,0.002910907554966258,0.001014369905415592
2016-07-07,1,ridge,71,-0.0003114779654520561,0.0008009642052459731
2016-07-08,1,ridge,71,0.002799815174746811,0.0006352698222869269
2016-07-11,1,ridge,71,-0.001347080665856204,0.000555416148453027
2016-07-12,1,ridge,71,-0.002283817041663028,0.0004075200121714912
2016-07-13,1,ridge,71,-0.001456058499579527,0.0007729717985976557
2016-07-14,1,ridge,71,0.005190502673667829,0.0005407572606971979
2016-07-15,1,ridge,71,-0.0002071036561197559,0.0008450588520205756
2016-07-18,1,ridge,71,0.005164767187793906,0.0008117644243654592
2016-07-19,1,ridge,71,0.00144136748932322,0.0007133766819470673
2016-07-20,1,ridge,71,-0.002059732963010319,0.0005680868103775103
2016-07-21,1,ridge,71,0.004833659845735916,0.0007065168803139252
2016-07-22,1,ridge,71,-0.001848429361782422,0.0008388044156264719
2016-07-25,1,ridge,71,-0.001337104853364579,0.0008026168936642118
2016-07-26,1,ridge,71,-0.001132794518952096,0.0007298777887743487
2016-07-27,1,ridge,71,-0.003199342220182366,0.0007421288976077148
2016-07-28,1,ridge,71,-0.01258663311292008,0.0007496473191647492
2016-06-03,1,ridge,72,-0.001383494074768343,0.0009075777612141858
2016-06-06,1,ridge,72,-0.0007457519122588963,0.001064250705804349
2016-06-07,1,ridge,72,-0.002561094132793151,0.0008413498729578922
2016-06-08,1,ridge,72,0.003839185690309499,0.0007424343600774274
2016-06-09,1,ridge,72,0.006577575167946215,0.0009970955947242494
2016-06-10,1,ridge,72,-0.002223046487946689,0.0012515246591556389
2016-06-13,1,ridge,72,0.006022523354233478,0.0010333187584437029
2016-06-14,1,ridge,72,-0.003376599177354223,0.0010979861223595453
2016-06-15,1,ridge,72,-0.0004228776889325658,0.0007677575402991535
2016-06-16,1,ridge,72,-0.003813967966844523,0.0012271811957110055
2016-06-17,1,ridge,72,-0.006389117676922851,0.0006295846497691254
2016-06-20,1,ridge,72,0.004370310212331141,0.0006301897575866727
2016-06-21,1,ridge,72,-0.003195911956389352,0.0009930311894248587
2016-06-22,1,ridge,72,-0.002029373193135342,0.0008763979328385689
2016-06-23,1,ridge,72,0.02032030972529686,0.0004440132118203995
2016-06-24,1,ridge,72,0.01135488006059049,0.0026670719624317515
2016-06-27,1,ridge,72,-0.003008457064453296,0.0012521247348026322
2016-06-28,1,ridge,72,-0.004999489634365695,0.0005267636001753014
2016-06-29,1,ridge,72,0.003855978932286064,0.0004190460716706132
2016-06-30,1,ridge,72,-0.005109766579551867,0.0006347322035858599
2016-07-01,1,ridge,72,0.0,0.0009314676259523605
2016-07-04,1,ridge,72,0.005421762838127897,0.0007628063574054733
2016-07-05,1,ridge,72,-0.001248569509824549,0.001307984573449315
2016-07-06,1,ridge,72,0.002910907554966258,0.001000997847975447
2016-07-07,1,ridge,72,-0.0003114779654520561,0.0007688679682269457
2016-07-08,1,ridge,72,0.002799815174746811,0.000606878120698712
2016-07-11,1,ridge,72,-0.001347080665856204,0.0005344744782103386
2016-07-12,1,ridge,72,-0.002283817041663028,0.00038832468648101364
2016-07-13,1,ridge,72,-0.001456058499579527,0.0007477266848159272
2016-07-14,1,ridge,72,0.005190502673667829,0.0005199946358187115
2016-07-15,1,ridge,72,-0.0002071036561197559,0.0008196255029130706
2016-07-18,1,ridge,72,0.005164767187793906,0.0008037032381682979
2016-07-19,1,ridge,72,0.00144136748932322,0.0006883857836825475
2016-07-20,1,ridge,72,-0.002059732963010319,0.0005452054986139161
2016-07-21,1,ridge,72,0.004833659845735916,0.0006842410794678192
2016-07-22,1,ridge,72,-0.001848429361782422,0.0008171696506101365
2016-07-25,1,ridge,72,-0.001337104853364579,0.000784754826655989
2016-07-26,1,ridge,72,-0.001132794518952096,0.0007000576901124418
2016-07-27,1,ridge,72,-0.003199342220182366,0.0007355696162990421
2016-07-28,1,ridge,72,-0.01258663311292008,0.0007251604673812496
2016-07-29,1,ridge,72,0.001882451925897755,0.0009999825644084297
2016-08-01,1,ridge,72,-0.006814515021951628,0.0009060064116844181
2016-08-02,1,ridge,72,0.0052460512717456,0.0009410446269787238
2016-08-03,1,ridge,72,0.002090738792109192,0.0009057653763113455
2016-08-04,1,ridge,72,0.004480340914805758,0.0008506282666882489
2016-08-05,1,ridge,72,0.002180799451975801,0.0007910213230317093
2016-08-08,1,ridge,72,-0.002284765766982666,0.000639429065536516
2016-08-09,1,ridge,72,-0.005525739963254672,0.0006749970367946338
2016-08-10,1,ridge,72,0.002193097845222702,0.0009724780224576989
2016-08-11,1,ridge,72,-0.001461530691312163,0.0006416115925244991
2016-08-12,1,ridge,72,-0.0009406846787216594,0.0008560259066517147
2016-08-15,1,ridge,72,-0.008822659896501328,0.0008499537528612049
2016-08-16,1,ridge,72,-0.0007387473292546076,0.0008966489017740362
2016-08-17,1,ridge,72,-0.005929708183674443,0.0008917626201189748
2016-08-18,1,ridge,72,0.003710186054943776,0.0007604406717412331
2016-08-19,1,ridge,72,0.0001058033117420365,0.0010294007358014911
2016-08-22,1,ridge,72,0.0002115730463838617,0.0008509551891850907
2016-08-23,1,ridge,72,0.002640893099859376,0.0008314097665835533
2016-08-24,1,ridge,72,-0.0002110149828462582,0.000958549617326583
2016-08-25,1,ridge,72,0.008406059795984966,0.0009250693966784109
2016-07-01,1,ridge,73,0.0,0.001102998510710221
2016-07-04,1,ridge,73,0.005421762838127897,0.0009414442339018454
2016-07-05,1,ridge,73,-0.001248569509824549,0.0015211342692446335
2016-07-06,1,ridge,73,0.002910907554966258,0.00120913991550389
2016-07-07,1,ridge,73,-0.0003114779654520561,0.000961052289163147
2016-07-08,1,ridge,73,0.002799815174746811,0.0007892103916099309
2016-07-11,1,ridge,73,-0.001347080665856204,0.000678081263580855
2016-07-12,1,ridge,73,-0.002283817041663028,0.0005239166986677541
2016-07-13,1,ridge,73,-0.001456058499579527,0.0009255332682059465
2016-07-14,1,ridge,73,0.005190502673667829,0.000676318182138073
2016-07-15,1,ridge,73,-0.0002071036561197559,0.0009939568522332573
2016-07-18,1,ridge,73,0.005164767187793906,0.000987713291949654
2016-07-19,1,ridge,73,0.00144136748932322,0.0008635678149152181
2016-07-20,1,ridge,73,-0.002059732963010319,0.0007057720477960327
2016-07-21,1,ridge,73,0.004833659845735916,0.0008633439163128849
2016-07-22,1,ridge,73,-0.001848429361782422,0.001012872657038514
2016-07-25,1,ridge,73,-0.001337104853364579,0.000951781802177185
2016-07-26,1,ridge,73,-0.001132794518952096,0.0008756587759314325
2016-07-27,1,ridge,73,-0.003199342220182366,0.0009136687792041947
2016-07-28,1,ridge,73,-0.01258663311292008,0.0009109003085280287
2016-07-29,1,ridge,73,0.001882451925897755,0.00118155224296921
2016-08-01,1,ridge,73,-0.006814515021951628,0.0010907889160949738
2016-08-02,1,ridge,73,0.0052460512717456,0.001120213981138742
2016-08-03,1,ridge,73,0.002090738792109192,0.0010974132544192394
2016-08-04,1,ridge,73,0.004480340914805758,0.0010365015274244045
2016-08-05,1,ridge,73,0.002180799451975801,0.0009519995728365552
2016-08-08,1,ridge,73,-0.002284765766982666,0.0007926206310067072
2016-08-09,1,ridge,73,-0.005525739963254672,0.0008272454828947024
2016-08-10,1,ridge,73,0.002193097845222702,0.001146852826940042
2016-08-11,1,ridge,73,-0.001461530691312163,0.000807934223863925
2016-08-12,1,ridge,73,-0.0009406846787216594,0.0010213185699188454
2016-08-15,1,ridge,73,-0.008822659896501328,0.001022354100906207
2016-08-16,1,ridge,73,-0.0007387473292546076,0.00108864251973555
2016-08-17,1,ridge,73,-0.005929708183674443,0.0010665883998022562
2016-08-18,1,ridge,73,0.003710186054943776,0.0009426515570734869
2016-08-19,1,ridge,73,0.0001058033117420365,0.0012119035840872875
2016-08-22,1,ridge,73,0.0002115730463838617,0.001025797406691518
2016-08-23,1,ridge,73,0.002640893099859376,0.0010050645969647094
2016-08-24,1,ridge,73,-0.0002110149828462582,0.0011312153510054162
2016-08-25,1,ridge,73,0.008406059795984966,0.0011019092726656681
2016-08-26,1,ridge,73,0.0001046298719238337,0.0010354026607796493
2016-08-29,1,ridge,73,0.004905296064553255,0.000847855839204184
2016-08-30,1,ridge,73,-0.0003123861117710902,0.000788206311811893
2016-08-31,1,ridge,73,-0.003860807216532258,0.0009181850761737111
2016-09-01,1,ridge,73,0.001984438480876705,0.0008430214990408314
2016-09-02,1,ridge,73,0.0,0.0008336241883033133
2016-09-05,1,ridge,73,-0.01069977689316648,0.0010891573451089244
2016-09-06,1,ridge,73,0.001475392827440025,0.0006244038871537509
2016-09-07,1,ridge,73,0.0007368809218109007,0.0011178576032800313
2016-09-08,1,ridge,73,0.003256818553456498,0.0009704428764051193
2016-09-09,1,ridge,73,-0.002625638225326909,0.0014093810085081889
2016-09-12,1,ridge,73,0.005662766810098141,0.0009696547091648288
2016-09-13,1,ridge,73,-0.003142021855964572,0.0013376559275749054
2016-09-14,1,ridge,73,-0.0004196831453899819,0.0008563425827881378
2016-09-15,1,ridge,73,0.008568495475095972,0.000861330719850806
2016-09-16,1,ridge,73,-0.002813234468053594,0.0012585920532369806
2016-09-19,1,ridge,73,0.001876368735655554,0.0010075667038132712
2016-09-20,1,ridge,73,-0.003756264850643731,0.0009266081168823175
2016-09-21,1,ridge,73,-0.002197688080394222,0.0005764550876531493
2016-09-22,1,ridge,73,0.0003142512988727475,0.000937520576817944
2016-07-29,1,ridge,74,0.001882451925897755,0.0010739365690303994
2016-08-01,1,ridge,74,-0.006814515021951628,0.0009765453890726525
2016-08-02,1,ridge,74,0.0052460512717456,0.0010099305645364424
2016-08-03,1,ridge,74,0.002090738792109192,0.0009936858960500421
2016-08-04,1,ridge,74,0.004480340914805758,0.0009347659812091052
2016-08-05,1,ridge,74,0.002180799451975801,0.0008557852471770056
2016-08-08,1,ridge,74,-0.002284765766982666,0.0006950064030236944
2016-08-09,1,ridge,74,-0.005525739963254672,0.0007071229388545355
2016-08-10,1,ridge,74,0.002193097845222702,0.0010336117920248665
2016-08-11,1,ridge,74,-0.001461530691312163,0.0006944444403400628
2016-08-12,1,ridge,74,-0.0009406846787216594,0.0009208647871512122
2016-08-15,1,ridge,74,-0.008822659896501328,0.0009229466382330571
2016-08-16,1,ridge,74,-0.0007387473292546076,0.0009846945132817586
2016-08-17,1,ridge,74,-0.005929708183674443,0.0009543811495327347
2016-08-18,1,ridge,74,0.003710186054943776,0.0008376114970030424
2016-08-19,1,ridge,74,0.0001058033117420365,0.0011032534438868758
2016-08-22,1,ridge,74,0.0002115730463838617,0.000909049388466807
2016-08-23,1,ridge,74,0.002640893099859376,0.000900640811944516
2016-08-24,1,ridge,74,-0.0002110149828462582,0.0010203647699951425
2016-08-25,1,ridge,74,0.008406059795984966,0.0009996820334758779
2016-08-26,1,ridge,74,0.0001046298719238337,0.0009321616700444968
2016-08-29,1,ridge,74,0.004905296064553255,0.0007318002270632613
2016-08-30,1,ridge,74,-0.0003123861117710902,0.0006714380064123484
2016-08-31,1,ridge,74,-0.003860807216532258,0.0008064128947430616
2016-09-01,1,ridge,74,0.001984438480876705,0.0007303691811526587
2016-09-02,1,ridge,74,0.0,0.0007359490343686736
2016-09-05,1,ridge,74,-0.01069977689316648,0.0010044001191852265
2016-09-06,1,ridge,74,0.001475392827440025,0.0004984586375314704
2016-09-07,1,ridge,74,0.0007368809218109007,0.0010108387760119964
2016-09-08,1,ridge,74,0.003256818553456498,0.0008777845434643772
2016-09-09,1,ridge,74,-0.002625638225326909,0.001304973522812582
2016-09-12,1,ridge,74,0.005662766810098141,0.0008686762884411311
2016-09-13,1,ridge,74,-0.003142021855964572,0.0012341232933935089
2016-09-14,1,ridge,74,-0.0004196831453899819,0.0007338663287025139
2016-09-15,1,ridge,74,0.008568495475095972,0.0007596554732368748
2016-09-16,1,ridge,74,-0.002813234468053594,0.001153520313543886
2016-09-19,1,ridge,74,0.001876368735655554,0.0009115820513254367
2016-09-20,1,ridge,74,-0.003756264850643731,0.0008189823743859868
2016-09-21,1,ridge,74,-0.002197688080394222,0.0004724400621814383
2016-09-22,1,ridge,74,0.0003142512988727475,0.0008472777420396259
2016-09-23,1,ridge,74,-0.001886990810472611,0.001079027916571271
2016-09-26,1,ridge,74,0.001467967129503478,0.0009359328167855516
2016-09-27,1,ridge,74,-0.0001047833604976844,0.000930532953872476
2016-09-28,1,ridge,74,0.001047339852754625,0.0006578452457750722
2016-09-29,1,ridge,74,-0.0007330227041668635,0.0009434011200104264
2016-09-30,1,ridge,74,0.002406488213421376,0.0007490924269400066
2016-10-03,1,ridge,74,0.005003658933218524,0.0010345484333516394
2016-10-04,1,ridge,74,-0.000520047856121586,0.0007489478326958187
2016-10-05,1,ridge,74,0.006739618024582228,0.0007066827656553331
2016-10-06,1,ridge,74,-0.001447776881633445,0.0007856164446168658
2016-10-07,1,ridge,74,0.003099816493299379,0.0009866607377481203
2016-10-10,1,ridge,74,0.007810131160334244,0.0004748211965247177
2016-10-11,1,ridge,74,0.002862109691699644,0.0014433544500957582
2016-10-12,1,ridge,74,-0.004603824183534222,0.0007722644848354404
2016-10-13,1,ridge,74,0.005114054308385185,0.0008825817231929763
2016-10-14,1,ridge,74,-0.001327140208062794,0.0009303832775443661
2016-10-17,1,ridge,74,0.0,0.0009478156304970127
2016-10-18,1,ridge,74,0.0003064194906770012,0.00043695674657917837
2016-10-19,1,ridge,74,0.003974932614816851,0.0008664653168824455
2016-10-20,1,ridge,74,0.003857872805083318,0.0008421805005625576
2016-08-26,1,ridge,75,0.0001046298719238337,0.0009041767549214719
2016-08-29,1,ridge,75,0.004905296064553255,0.000697694218763333
2016-08-30,1,ridge,75,-0.0003123861117710902,0.0006267355845999983
2016-08-31,1,ridge,75,-0.003860807216532258,0.0007735843567568913
2016-09-01,1,ridge,75,0.001984438480876705,0.0007003337919854256
2016-09-02,1,ridge,75,0.0,0.0007069904726049652
2016-09-05,1,ridge,75,-0.01069977689316648,0.0009948044912735292
2016-09-06,1,ridge,75,0.001475392827440025,0.00045803075430555346
2016-09-07,1,ridge,75,0.0007368809218109007,0.0009793260436877162
2016-09-08,1,ridge,75,0.003256818553456498,0.000859651303349461
2016-09-09,1,ridge,75,-0.002625638225326909,0.001281097046361816
2016-09-12,1,ridge,75,0.005662766810098141,0.000862162024879836
2016-09-13,1,ridge,75,-0.003142021855964572,0.0012086654538907243
2016-09-14,1,ridge,75,-0.0004196831453899819,0.0007020077725821187
2016-09-15,1,ridge,75,0.008568495475095972,0.0007349135716693308
2016-09-16,1,ridge,75,-0.002813234468053594,0.0011249159759049135
2016-09-19,1,ridge,75,0.001876368735655554,0.0008932605822949331
2016-09-20,1,ridge,75,-0.003756264850643731,0.0007876543925416424
2016-09-21,1,ridge,75,-0.002197688080394222,0.00044009317214297654
2016-09-22,1,ridge,75,0.0003142512988727475,0.0008251002420737949
2016-09-23,1,ridge,75,-0.001886990810472611,0.0010481178308394544
2016-09-26,1,ridge,75,0.001467967129503478,0.0009128154467150861
2016-09-27,1,ridge,75,-0.0001047833604976844,0.0009061440568990452
2016-09-28,1,ridge,75,0.001047339852754625,0.0006340140927013122
2016-09-29,1,ridge,75,-0.0007330227041668635,0.0009191616001860637
2016-09-30,1,ridge,75,0.002406488213421376,0.000720582878563169
2016-10-03,1,ridge,75,0.005003658933218524,0.0010180908754101135
2016-10-04,1,ridge,75,-0.000520047856121586,0.0007075803393017612
2016-10-05,1,ridge,75,0.006739618024582228,0.0006838426057763926
2016-10-06,1,ridge,75,-0.001447776881633445,0.0007500456967487843
2016-10-07,1,ridge,75,0.003099816493299379,0.0009617432765975356
2016-10-10,1,ridge,75,0.007810131160334244,0.0004213767447916716
2016-10-11,1,ridge,75,0.002862109691699644,0.0014255153590129617
2016-10-12,1,ridge,75,-0.004603824183534222,0.0007468293348381302
2016-10-13,1,ridge,75,0.005114054308385185,0.0008551984635434017
2016-10-14,1,ridge,75,-0.001327140208062794,0.0008996647168391432
2016-10-17,1,ridge,75,0.0,0.000926503329748637
2016-10-18,1,ridge,75,0.0003064194906770012,0.00039314711191864264
2016-10-19,1,ridge,75,0.003974932614816851,0.0008460568582548501
2016-10-20,1,ridge,75,0.003857872805083318,0.0008015372680981313
2016-10-21,1,ridge,75,0.0007090402930627349,0.0007923556952471348
2016-10-24,1,ridge,75,-0.0004051043199009285,0.0007933508310639994
2016-10-25,1,ridge,75,-0.0009120851911754713,0.0010633753278443349
2016-10-26,1,ridge,75,0.002632646315997356,0.0006422864379628954
2016-10-27,1,ridge,75,-0.005475576446831276,0.001018102426969758
2016-10-28,1,ridge,75,0.000914680687786884,0.0008522984891973583
2016-10-31,1,ridge,75,-0.007545666474118029,0.0009128056526228155
2016-11-01,1,ridge,75,-0.003075348400248146,0.0008607070777449271
2016-11-02,1,ridge,75,-0.002467106514517425,0.001289493831064983
2016-11-03,1,ridge,75,-0.001029760156901816,0.0010652104534265693
2016-11-04,1,ridge,75,0.007390713173429653,0.0011178973278191064
2016-11-07,1,ridge,75,0.0008178287104776416,0.0006055496559054599
2016-11-08,1,ridge,75,0.006518662317065882,0.0009151234165785231
2016-11-09,1,ridge,75,0.002838606934435717,0.0011008447967327374
2016-11-10,1,ridge,75,0.002830572047613167,0.0004710909051681065
2016-11-11,1,ridge,75,0.01054385427130011,0.0007023157486606575
2016-11-14,1,ridge,75,0.00119796360538249,0.0009413737125197457
2016-11-15,1,ridge,75,0.001794258854570074,0.0003885807352577389
2016-11-16,1,ridge,75,0.004769010528943518,0.0007718485799199553
2016-11-17,1,ridge,75,0.003166751780521615,0.0006234365121814803
2016-09-23,1,ridge,76,-0.001886990810472611,0.0010196473596136766
2016-09-26,1,ridge,76,0.001467967129503478,0.0009200372244648836
2016-09-27,1,ridge,76,-0.0001047833604976844,0.0008533434615357438
2016-09-28,1,ridge,76,0.001047339852754625,0.0006332392249957077
2016-09-29,1,ridge,76,-0.0007330227041668635,0.0008791980207597484
2016-09-30,1,ridge,76,0.002406488213421376,0.0007188264602483927
2016-10-03,1,ridge,76,0.005003658933218524,0.0009583467772813221
2016-10-04,1,ridge,76,-0.000520047856121586,0.0006921542784058388
2016-10-05,1,ridge,76,0.006739618024582228,0.0006475315738248939
2016-10-06,1,ridge,76,-0.001447776881633445,0.0007194567969939115
2016-10-07,1,ridge,76,0.003099816493299379,0.0009335550208794913
2016-10-10,1,ridge,76,0.007810131160334244,0.0004419446940154782
2016-10-11,1,ridge,76,0.002862109691699644,0.001339629854111082
2016-10-12,1,ridge,76,-0.004603824183534222,0.0007148434312956209
2016-10-13,1,ridge,76,0.005114054308385185,0.0008380499409495529
2016-10-14,1,ridge,76,-0.001327140208062794,0.0008480239609575341
2016-10-17,1,ridge,76,0.0,0.0008846217449361462
2016-10-18,1,ridge,76,0.0003064194906770012,0.00039805865054943666
2016-10-19,1,ridge,76,0.003974932614816851,0.0008117586446640359
2016-10-20,1,ridge,76,0.003857872805083318,0.0007716035793415563
2016-10-21,1,ridge,76,0.0007090402930627349,0.0007750424166912226
2016-10-24,1,ridge,76,-0.0004051043199009285,0.0007411663586731944
2016-10-25,1,ridge,76,-0.0009120851911754713,0.0010072899735247254
2016-10-26,1,ridge,76,0.002632646315997356,0.0006505650984892691
2016-10-27,1,ridge,76,-0.005475576446831276,0.0009633537289147067
2016-10-28,1,ridge,76,0.000914680687786884,0.0008306715721454739
2016-10-31,1,ridge,76,-0.007545666474118029,0.0008719680728744676
2016-11-01,1,ridge,76,-0.003075348400248146,0.0008623042528018965
2016-11-02,1,ridge,76,-0.002467106514517425,0.0012573316522899356
2016-11-03,1,ridge,76,-0.001029760156901816,0.0010421922843696567
2016-11-04,1,ridge,76,0.007390713173429653,0.0010838184472797825
2016-11-07,1,ridge,76,0.0008178287104776416,0.0005855086623573336
2016-11-08,1,ridge,76,0.006518662317065882,0.0008730696029532566
2016-11-09,1,ridge,76,0.002838606934435717,0.001063971659335211
2016-11-10,1,ridge,76,0.002830572047613167,0.00042195454813301727
2016-11-11,1,ridge,76,0.01054385427130011,0.0006951745609842567
2016-11-14,1,ridge,76,0.00119796360538249,0.0008811808293946898
2016-11-15,1,ridge,76,0.001794258854570074,0.0003823961983257927
2016-11-16,1,ridge,76,0.004769010528943518,0.0007443154727937952
2016-11-17,1,ridge,76,0.003166751780521615,0.0005979389897847136
2016-11-18,1,ridge,76,-0.001582122351179827,0.0007173148941921836
2016-11-21,1,ridge,76,-9.89658073944355e-05,0.00030142101251177695
2016-11-22,1,ridge,76,0.006510825012278509,0.0006238017170485846
2016-11-23,1,ridge,76,0.0,0.0006358633854428912
2016-11-24,1,ridge,76,-0.002067031593787405,0.0006573088795217502
2016-11-25,1,ridge,76,-0.00157775400050042,0.000698140603681278
2016-11-28,1,ridge,76,-0.003955310209457608,0.000916906997992335
2016-11-29,1,ridge,76,0.005631591231073152,0.0007388549171407708
2016-11-30,1,ridge,76,-0.004542320439606229,0.0006324917779906851
2016-12-01,1,ridge,76,-0.002675785749924664,0.00080920953729692
2016-12-02,1,ridge,76,-0.006770911061383167,0.0007595126257102984
2016-12-05,1,ridge,76,0.003988438829939156,0.0006750645918433759
2016-12-06,1,ridge,76,-0.00259067502409227,0.0007580242457815451
2016-12-07,1,ridge,76,0.008642580989651094,0.0005329695606407374
2016-12-08,1,ridge,76,0.004834979077028123,0.0005394756746025469
2016-12-09,1,ridge,76,-0.005527602663812914,0.00039948097596183675
2016-12-12,1,ridge,76,0.0003958436469302384,0.0005154112064993545
2016-12-13,1,ridge,76,0.006803753505240984,0.0006776289758612593
2016-12-14,1,ridge,76,0.01230604454562734,0.0003188029537241263
2016-12-15,1,ridge,76,-0.000679710663640698,0.0008402418815352363
2016-10-21,1,ridge,77,0.0007090402930627349,0.0011053443371747608
2016-10-24,1,ridge,77,-0.0004051043199009285,0.0010541730590470676
2016-10-25,1,ridge,77,-0.0009120851911754713,0.001317594053713137
2016-10-26,1,ridge,77,0.002632646315997356,0.0009747480070603973
2016-10-27,1,ridge,77,-0.005475576446831276,0.0012784525183815812
2016-10-28,1,ridge,77,0.000914680687786884,0.001143312732777603
2016-10-31,1,ridge,77,-0.007545666474118029,0.0011728560455381417
2016-11-01,1,ridge,77,-0.003075348400248146,0.0011770256698483664
2016-11-02,1,ridge,77,-0.002467106514517425,0.001554560704607789
2016-11-03,1,ridge,77,-0.001029760156901816,0.0013439422199409356
2016-11-04,1,ridge,77,0.007390713173429653,0.0013822939642858703
2016-11-07,1,ridge,77,0.0008178287104776416,0.0009019958668651423
2016-11-08,1,ridge,77,0.006518662317065882,0.0011796544992088201
2016-11-09,1,ridge,77,0.002838606934435717,0.0013723544995298516
2016-11-10,1,ridge,77,0.002830572047613167,0.0007308176733199976
2016-11-11,1,ridge,77,0.01054385427130011,0.0010086438397584397
2016-11-14,1,ridge,77,0.00119796360538249,0.0011930171254355224
2016-11-15,1,ridge,77,0.001794258854570074,0.0007138018242909554
2016-11-16,1,ridge,77,0.004769010528943518,0.0010540598766575723
2016-11-17,1,ridge,77,0.003166751780521615,0.0009109760283930636
2016-11-18,1,ridge,77,-0.001582122351179827,0.0010256764289849672
2016-11-21,1,ridge,77,-9.89658073944355e-05,0.0006262360621284851
2016-11-22,1,ridge,77,0.006510825012278509,0.000936375384709184
2016-11-23,1,ridge,77,0.0,0.0009498706509912139
2016-11-24,1,ridge,77,-0.002067031593787405,0.0009703205252820917
2016-11-25,1,ridge,77,-0.00157775400050042,0.0009959220881669267
2016-11-28,1,ridge,77,-0.003955310209457608,0.0012317138451503663
2016-11-29,1,ridge,77,0.005631591231073152,0.0010383961416426527
2016-11-30,1,ridge,77,-0.004542320439606229,0.0009579511690231091
2016-12-01,1,ridge,77,-0.002675785749924664,0.0011097558408257535
2016-12-02,1,ridge,77,-0.006770911061383167,0.0010649608369952233
2016-12-05,1,ridge,77,0.003988438829939156,0.0009750719289362909
2016-12-06,1,ridge,77,-0.00259067502409227,0.0010480259441495538
2016-12-07,1,ridge,77,0.008642580989651094,0.0008259476340917507
2016-12-08,1,ridge,77,0.004834979077028123,0.0008508684910789892
2016-12-09,1,ridge,77,-0.005527602663812914,0.0007107833132372016
2016-12-12,1,ridge,77,0.0003958436469302384,0.0008208891876271759
2016-12-13,1,ridge,77,0.006803753505240984,0.0009614004374117645
2016-12-14,1,ridge,77,0.01230604454562734,0.0006346664423951532
2016-12-15,1,ridge,77,-0.000679710663640698,0.0011291068074223989
2016-12-16,1,ridge,77,0.001843855149013862,0.0004054264983443277
2016-12-19,1,ridge,77,0.001453277395729202,0.0009721228309559537
2016-12-20,1,ridge,77,-0.002617421881102366,0.0005973766387133888
2016-12-21,1,ridge,77,0.0006792489708535854,0.0005977090479768406
2016-12-22,1,ridge,77,-0.000776322212691305,0.0008996856591510316
2016-12-23,1,ridge,77,0.0,0.000783168853852932
2016-12-26,1,ridge,77,9.707324183771959e-05,0.001132629418016881
2016-12-27,1,ridge,77,0.002714231988153237,0.0007507797152673826
2016-12-28,1,ridge,77,-0.006020020122653236,0.0010184883728858252
2016-12-29,1,ridge,77,-0.004587835661954642,0.0009039029972344158
2016-12-30,1,ridge,77,0.006047618900114848,0.0010526292298872197
2017-01-02,1,ridge,77,0.003688608336742227,0.0011310614074788938
2017-01-03,1,ridge,77,-0.004953630643329099,0.0007481002999063316
2017-01-04,1,ridge,77,-0.01155629352838083,0.0007182587562943576
2017-01-05,1,ridge,77,0.006871529934001863,0.00100110774036621
2017-01-06,1,ridge,77,-0.002841050159812397,0.0009956751253512126
2017-01-09,1,ridge,77,0.0007845445141061447,0.0012333217627170962
2017-01-10,1,ridge,77,-0.002257226533741274,0.001015862308246474
2017-01-11,1,ridge,77,-0.004233748262676862,0.0008638015815360398
2017-01-12,1,ridge,77,-0.001678764034219071,0.0010983919956091851
2016-11-18,1,ridge,78,-0.001582122351179827,0.001198052262033177
2016-11-21,1,ridge,78,-9.89658073944355e-05,0.000813901324958471
2016-11-22,1,ridge,78,0.006510825012278509,0.0011024546107432237
2016-11-23,1,ridge,78,0.0,0.0011427792456944474
2016-11-24,1,ridge,78,-0.002067031593787405,0.0011507388341624385
2016-11-25,1,ridge,78,-0.00157775400050042,0.0011682992944634014
2016-11-28,1,ridge,78,-0.003955310209457608,0.001392008931115137
2016-11-29,1,ridge,78,0.005631591231073152,0.0012185332178796231
2016-11-30,1,ridge,78,-0.004542320439606229,0.0011350465102950896
2016-12-01,1,ridge,78,-0.002675785749924664,0.0012641693231127326
2016-12-02,1,ridge,78,-0.006770911061383167,0.001237279773081353
2016-12-05,1,ridge,78,0.003988438829939156,0.0011485976472460598
2016-12-06,1,ridge,78,-0.00259067502409227,0.0012160802636104777
2016-12-07,1,ridge,78,0.008642580989651094,0.0009918609153814974
2016-12-08,1,ridge,78,0.004834979077028123,0.0010423562092539366
2016-12-09,1,ridge,78,-0.005527602663812914,0.0009137477596346544
2016-12-12,1,ridge,78,0.0003958436469302384,0.001000051330940849
2016-12-13,1,ridge,78,0.006803753505240984,0.0011096190093744136
2016-12-14,1,ridge,78,0.01230604454562734,0.0008613053001697782
2016-12-15,1,ridge,78,-0.000679710663640698,0.0013126578742724214
2016-12-16,1,ridge,78,0.001843855149013862,0.0006274266121673193
2016-12-19,1,ridge,78,0.001453277395729202,0.0011422211763193937
2016-12-20,1,ridge,78,-0.002617421881102366,0.0007921368284407553
2016-12-21,1,ridge,78,0.0006792489708535854,0.0007755955151463947
2016-12-22,1,ridge,78,-0.000776322212691305,0.0010659404197228394
2016-12-23,1,ridge,78,0.0,0.0009641229762399466
2016-12-26,1,ridge,78,9.707324183771959e-05,0.0012755016892345146
2016-12-27,1,ridge,78,0.002714231988153237,0.0009296142592345486
2016-12-28,1,ridge,78,-0.006020020122653236,0.0011811412020992615
2016-12-29,1,ridge,78,-0.004587835661954642,0.0010758113215594803
2016-12-30,1,ridge,78,0.006047618900114848,0.0012210449774849447
2017-01-02,1,ridge,78,0.003688608336742227,0.0012998170673246196
2017-01-03,1,ridge,78,-0.004953630643329099,0.0009505753628274257
2017-01-04,1,ridge,78,-0.01155629352838083,0.0008841127730407446
2017-01-05,1,ridge,78,0.006871529934001863,0.0011423736217111402
2017-01-06,1,ridge,78,-0.002841050159812397,0.0011753855915430024
2017-01-09,1,ridge,78,0.0007845445141061447,0.0013905111840571873
2017-01-10,1,ridge,78,-0.002257226533741274,0.0011780505297673389
2017-01-11,1,ridge,78,-0.004233748262676862,0.001022926962425103
2017-01-12,1,ridge,78,-0.001678764034219071,0.0012586150589579737
2017-01-13,1,ridge,78,0.0,0.0011214781458346948
2017-01-16,1,ridge,78,-0.008436355926268568,0.0013354355682100084
2017-01-17,1,ridge,78,0.005962454313246823,0.0011611152077690694
2017-01-18,1,ridge,78,0.002177356362985883,0.0012391966659507502
2017-01-19,1,ridge,78,-0.004061623296250261,0.0010383975254258239
2017-01-20,1,ridge,78,-0.005774032965716103,0.0012092598748654315
2017-01-23,1,ridge,78,0.001895167890558547,0.0012841309099487584
2017-01-24,1,ridge,78,-0.003193934245257601,0.0011510167059516894
2017-01-25,1,ridge,78,0.003492843229698117,0.0010926774110113805
2017-01-26,1,ridge,78,0.00149320619054194,0.0009722604096865567
2017-01-27,1,ridge,78,-0.0009952230120813255,0.0011953059968503365
2017-01-30,1,ridge,78,-0.00920282577817666,0.001322363763493367
2017-01-31,1,ridge,78,0.001305548766908693,0.0011949011905754278
2017-02-01,1,ridge,78,0.001504287502241297,0.0012009833321616702
2017-02-02,1,ridge,78,0.0008013623588221108,0.0013475225645572689
2017-02-03,1,ridge,78,0.0004004404898836356,0.0011475838334985922
2017-02-06,1,ridge,78,0.003497031090430092,0.0011992791342646644
2017-02-07,1,ridge,78,0.0001994614547360385,0.00106937431108672
2017-02-08,1,ridge,78,0.003682878795707722,0.0009600700391009652
2017-02-09,1,ridge,78,0.001489203551467533,0.0008819114646483843
2016-12-16,1,ridge,79,0.001843855149013862,0.00070754773977742
2016-12-19,1,ridge,79,0.001453277395729202,0.001133880632915534
2016-12-20,1,ridge,79,-0.002617421881102366,0.000834953670504378
2016-12-21,1,ridge,79,0.0006792489708535854,0.0008147075252200707
2016-12-22,1,ridge,79,-0.000776322212691305,0.0010639121965518648
2016-12-23,1,ridge,79,0.0,0.0009962121312300403
2016-12-26,1,ridge,79,9.707324183771959e-05,0.0012146355035902471
2016-12-27,1,ridge,79,0.002714231988153237,0.0009559983092878825
2016-12-28,1,ridge,79,-0.006020020122653236,0.0011743318445064641
2016-12-29,1,ridge,79,-0.004587835661954642,0.0011092118485287383
2016-12-30,1,ridge,79,0.006047618900114848,0.0012262765634575468
2017-01-02,1,ridge,79,0.003688608336742227,0.001290991368630463
2017-01-03,1,ridge,79,-0.004953630643329099,0.0010322931624627864
2017-01-04,1,ridge,79,-0.01155629352838083,0.0008791470512126278
2017-01-05,1,ridge,79,0.006871529934001863,0.001139689560913743
2017-01-06,1,ridge,79,-0.002841050159812397,0.0012087834574220392
2017-01-09,1,ridge,79,0.0007845445141061447,0.0014159684328818424
2017-01-10,1,ridge,79,-0.002257226533741274,0.0012058204874912076
2017-01-11,1,ridge,79,-0.004233748262676862,0.001025543030106442
2017-01-12,1,ridge,79,-0.001678764034219071,0.0012772122466773077
2017-01-13,1,ridge,79,0.0,0.0011404317701334582
2017-01-16,1,ridge,79,-0.008436355926268568,0.0013628511867962091
2017-01-17,1,ridge,79,0.005962454313246823,0.001151536648777976
2017-01-18,1,ridge,79,0.002177356362985883,0.0012941895897768702
2017-01-19,1,ridge,79,-0.004061623296250261,0.001060993502971445
2017-01-20,1,ridge,79,-0.005774032965716103,0.0011931496157451182
2017-01-23,1,ridge,79,0.001895167890558547,0.0012837721171467735
2017-01-24,1,ridge,79,-0.003193934245257601,0.0011746122523248826
2017-01-25,1,ridge,79,0.003492843229698117,0.0011018985740277086
2017-01-26,1,ridge,79,0.00149320619054194,0.001014579868894602
2017-01-27,1,ridge,79,-0.0009952230120813255,0.0011954837112935915
2017-01-30,1,ridge,79,-0.00920282577817666,0.0013483422543414982
2017-01-31,1,ridge,79,0.001305548766908693,0.001192703805776761
2017-02-01,1,ridge,79,0.001504287502241297,0.001207773985442035
2017-02-02,1,ridge,79,0.0008013623588221108,0.001394116751771813
2017-02-03,1,ridge,79,0.0004004404898836356,0.0011632990189894127
2017-02-06,1,ridge,79,0.003497031090430092,0.0012195811657002417
2017-02-07,1,ridge,79,0.0001994614547360385,0.0011127308385541447
2017-02-08,1,ridge,79,0.003682878795707722,0.000980680899205933
2017-02-09,1,ridge,79,0.001489203551467533,0.0009276782648892141
2017-02-10,1,ridge,79,0.001586043155634265,0.001048254126833552
2017-02-13,1,ridge,79,0.002868307193746311,0.0008627979455828673
2017-02-14,1,ridge,79,-0.0006915971228584894,0.0010180782164146837
2017-02-15,1,ridge,79,-0.007340574574405956,0.0008284860427471225
2017-02-16,1,ridge,79,0.005064810469462167,0.0009750962219320326
2017-02-17,1,ridge,79,0.0,0.0012088251672112806
2017-02-20,1,ridge,79,0.004151844635461366,0.0008969503915324024
2017-02-21,1,ridge,79,-0.001480823608376092,0.001023216135482007
2017-02-22,1,ridge,79,-0.001680921936301871,0.0011235604291656505
2017-02-23,1,ridge,79,0.0003957653163366714,0.0008902236241206127
2017-02-24,1,ridge,79,0.0003956087481125081,0.0012016851289041591
2017-02-27,1,ridge,79,-9.888751553166486e-05,0.0010819795051828882
2017-02-28,1,ridge,79,0.006505690762138805,0.001175539594483496
2017-03-01,1,ridge,79,0.00411805660891762,0.0009058927134616369
2017-03-02,1,ridge,79,-0.006478868250355596,0.001108867575237425
2017-03-03,1,ridge,79,0.000984348932714596,0.0009168930813321448
2017-03-06,1,ridge,79,0.001671172667141896,0.001169483753894591
2017-03-07,1,ridge,79,0.002550521296302399,0.00102462480251525
2017-03-08,1,ridge,79,-0.002157709742592218,0.001151087852838685
2017-03-09,1,ridge,79,-0.005908436686166141,0.0009143032296158049
2017-01-13,1,ridge,80,0.0,0.0010669660990339444
2017-01-16,1,ridge,80,-0.008436355926268568,0.0012854222703572627
2017-01-17,1,ridge,80,0.005962454313246823,0.0010915592662574382
2017-01-18,1,ridge,80,0.002177356362985883,0.0012146110327099827
2017-01-19,1,ridge,80,-0.004061623296250261,0.000976727604629892
2017-01-20,1,ridge,80,-0.005774032965716103,0.0011222215736401576
2017-01-23,1,ridge,80,0.001895167890558547,0.0012145933084611606
2017-01-24,1,ridge,80,-0.003193934245257601,0.0010985697912731457
2017-01-25,1,ridge,80,0.003492843229698117,0.0010310640439391162
2017-01-26,1,ridge,80,0.00149320619054194,0.0009308146209983887
2017-01-27,1,ridge,80,-0.0009952230120813255,0.0011245262889328202
2017-01-30,1,ridge,80,-0.00920282577817666,0.0012727257644890482
2017-01-31,1,ridge,80,0.001305548766908693,0.0011301941451338704
2017-02-01,1,ridge,80,0.001504287502241297,0.001128509811762715
2017-02-02,1,ridge,80,0.0008013623588221108,0.0013011577210186613
2017-02-03,1,ridge,80,0.0004004404898836356,0.0010760485548948829
2017-02-06,1,ridge,80,0.003497031090430092,0.0011302827259404343
2017-02-07,1,ridge,80,0.0001994614547360385,0.0010216820105804368
2017-02-08,1,ridge,80,0.003682878795707722,0.0008936366959976078
2017-02-09,1,ridge,80,0.001489203551467533,0.0008322067212748951
2017-02-10,1,ridge,80,0.001586043155634265,0.0009689178166813604
2017-02-13,1,ridge,80,0.002868307193746311,0.0007581150640073721
2017-02-14,1,ridge,80,-0.0006915971228584894,0.0009299561393574114
2017-02-15,1,ridge,80,-0.007340574574405956,0.0007309454905596018
2017-02-16,1,ridge,80,0.005064810469462167,0.000881087066394586
2017-02-17,1,ridge,80,0.0,0.00112482266058475
2017-02-20,1,ridge,80,0.004151844635461366,0.0007932184623430126
2017-02-21,1,ridge,80,-0.001480823608376092,0.0009331384299206219
2017-02-22,1,ridge,80,-0.001680921936301871,0.0010421403313145617
2017-02-23,1,ridge,80,0.0003957653163366714,0.0007838413449572394
2017-02-24,1,ridge,80,0.0003956087481125081,0.0011106551698388594
2017-02-27,1,ridge,80,-9.888751553166486e-05,0.000992225197408442
2017-02-28,1,ridge,80,0.006505690762138805,0.0010785211349705304
2017-03-01,1,ridge,80,0.00411805660891762,0.0008001279194425143
2017-03-02,1,ridge,80,-0.006478868250355596,0.0010077646622123847
2017-03-03,1,ridge,80,0.000984348932714596,0.0008138003754652389
2017-03-06,1,ridge,80,0.001671172667141896,0.0010726615143321291
2017-03-07,1,ridge,80,0.002550521296302399,0.000917119464925705
2017-03-08,1,ridge,80,-0.002157709742592218,0.0010526636323810764
2017-03-09,1,ridge,80,-0.005908436686166141,0.0008020358262706233
2017-03-10,1,ridge,80,0.0005924170789368688,0.0007196371629465465
2017-03-13,1,ridge,80,0.003842179988928329,0.0007666761078567248
2017-03-14,1,ridge,80,-0.00948436273700981,0.0010600115552143936
2017-03-15,1,ridge,80,-0.003779218819282448,0.0007354584019238267
2017-03-16,1,ridge,80,-0.0005980265303318077,0.0008681248411569295
2017-03-17,1,ridge,80,0.001096108923454686,0.0011875578992204816
2017-03-20,1,ridge,80,-0.005993425192849955,0.0010923438264291738
2017-03-21,1,ridge,80,-0.001303323659351818,0.0011700686422919336
2017-03-22,1,ridge,80,0.0008022463326380347,0.001100147519980251
2017-03-23,1,ridge,80,-0.001303977315015636,0.0011141877020229944
2017-03-24,1,ridge,80,-0.004627774858731115,0.0012062298305573062
2017-03-27,1,ridge,80,0.005430423642667215,0.0011653968634529692
2017-03-28,1,ridge,80,0.002904213147390422,0.0011110948135146144
2017-03-29,1,ridge,80,0.004091617903252853,0.0010805217639186777
2017-03-30,1,ridge,80,-0.0005977286489979861,0.0011037611793049671
2017-03-31,1,ridge,80,0.001891583022082699,0.0012483336953537818
2017-04-03,1,ridge,80,0.0,0.0009760784042583587
2017-04-04,1,ridge,80,0.0001989060175624502,0.0009976164704768012
2017-04-05,1,ridge,80,0.001093276459339876,0.0008931221337664056
2017-04-06,1,ridge,80,0.005053268122458654,0.000963881074464087
2017-02-10,1,ridge,81,0.001586043155634265,0.0009460190415406063
2017-02-13,1,ridge,81,0.002868307193746311,0.0007222169607581372
2017-02-14,1,ridge,81,-0.0006915971228584894,0.0008966338762992158
2017-02-15,1,ridge,81,-0.007340574574405956,0.0006994641310290842
2017-02-16,1,ridge,81,0.005064810469462167,0.0008513363065562604
2017-02-17,1,ridge,81,0.0,0.0010924596668791294
2017-02-20,1,ridge,81,0.004151844635461366,0.0007557575163390281
2017-02-21,1,ridge,81,-0.001480823608376092,0.0009025806601566729
2017-02-22,1,ridge,81,-0.001680921936301871,0.0010193627750789507
2017-02-23,1,ridge,81,0.0003957653163366714,0.0007468762317962875
2017-02-24,1,ridge,81,0.0003956087481125081,0.0010733961914120398
2017-02-27,1,ridge,81,-9.888751553166486e-05,0.0009605833582732209
2017-02-28,1,ridge,81,0.006505690762138805,0.0010410064999454047
2017-03-01,1,ridge,81,0.00411805660891762,0.000763478111141593
2017-03-02,1,ridge,81,-0.006478868250355596,0.0009708318793269651
2017-03-03,1,ridge,81,0.000984348932714596,0.0007757435272077954
2017-03-06,1,ridge,81,0.001671172667141896,0.0010357592972496733
2017-03-07,1,ridge,81,0.002550521296302399,0.0008753926549642628
2017-03-08,1,ridge,81,-0.002157709742592218,0.0010191949013973237
2017-03-09,1,ridge,81,-0.005908436686166141,0.0007618667070368231
2017-03-10,1,ridge,81,0.0005924170789368688,0.0006847219007072715
2017-03-13,1,ridge,81,0.003842179988928329,0.000729839770146253
2017-03-14,1,ridge,81,-0.00948436273700981,0.001026060650157926
2017-03-15,1,ridge,81,-0.003779218819282448,0.0007111012287539463
2017-03-16,1,ridge,81,-0.0005980265303318077,0.0008396947739737154
2017-03-17,1,ridge,81,0.001096108923454686,0.0011579709095218937
2017-03-20,1,ridge,81,-0.005993425192849955,0.0010562747963609232
2017-03-21,1,ridge,81,-0.001303323659351818,0.0011473570877273708
2017-03-22,1,ridge,81,0.0008022463326380347,0.0010546739942207182
2017-03-23,1,ridge,81,-0.001303977315015636,0.0010793127465994299
2017-03-24,1,ridge,81,-0.004627774858731115,0.0011761034945239296
2017-03-27,1,ridge,81,0.005430423642667215,0.0011330629198768446
2017-03-28,1,ridge,81,0.002904213147390422,0.00107115795336944
2017-03-29,1,ridge,81,0.004091617903252853,0.001039030215396717
2017-03-30,1,ridge,81,-0.0005977286489979861,0.0010720058134798512
2017-03-31,1,ridge,81,0.001891583022082699,0.001225379310792149
2017-04-03,1,ridge,81,0.0,0.0009354067500430712
2017-04-04,1,ridge,81,0.0001989060175624502,0.0009616573234583614
2017-04-05,1,ridge,81,0.001093276459339876,0.0008597185640250681
2017-04-06,1,ridge,81,0.005053268122458654,0.0009325656804173513
2017-04-07,1,ridge,81,-0.001582591823884094,0.0009339989969023384
2017-04-10,1,ridge,81,-0.003073417379853005,0.0008471049698923788
2017-04-11,1,ridge,81,0.0006948235923989188,0.0008090031453309741
2017-04-12,1,ridge,81,-0.002185358970460349,0.000947518760829932
2017-04-13,1,ridge,81,0.0,0.0010728270550863768
2017-04-14,1,ridge,81,-0.002688575181874597,0.0010175645402737822
2017-04-17,1,ridge,81,-0.007908344935570355,0.0007790602960829829
2017-04-18,1,ridge,81,0.002409155953429831,0.0008594472795738399
2017-04-19,1,ridge,81,0.0004009623149148211,0.001147766459211178
2017-04-20,1,ridge,81,0.002002403552532783,0.0006954526449889008
2017-04-21,1,ridge,81,-0.00894163791461633,0.0010296279497829727
2017-04-24,1,ridge,81,-0.003133372958329161,0.0006807243419906843
2017-04-25,1,ridge,81,0.002729618032081049,0.0005903530546929039
2017-04-26,1,ridge,81,0.0003028314765991524,0.000977623086728757
2017-04-27,1,ridge,81,-0.0003028314765991524,0.000953689803470344
2017-04-28,1,ridge,81,0.0003028314765991524,0.0009341263710509361
2017-05-01,1,ridge,81,-0.001009795097418831,0.000946580827586994
2017-05-02,1,ridge,81,0.002321006138070736,0.0007498150374335634
2017-05-03,1,ridge,81,-0.004141210907988579,0.0008489245272390047
2017-05-04,1,ridge,81,-0.001519372285198273,0.0008722388725212772
2017-03-10,1,ridge,82,0.0005924170789368688,0.0006972273634982301
2017-03-13,1,ridge,82,0.003842179988928329,0.0007512654358645599
2017-03-14,1,ridge,82,-0.00948436273700981,0.0010144632117211469
2017-03-15,1,ridge,82,-0.003779218819282448,0.0007242028659419974
2017-03-16,1,ridge,82,-0.0005980265303318077,0.0008704493168821969
2017-03-17,1,ridge,82,0.001096108923454686,0.00115991647841507
2017-03-20,1,ridge,82,-0.005993425192849955,0.0010660760781692699
2017-03-21,1,ridge,82,-0.001303323659351818,0.0011574027955506046
2017-03-22,1,ridge,82,0.0008022463326380347,0.0011003604765887991
2017-03-23,1,ridge,82,-0.001303977315015636,0.001102218462024453
2017-03-24,1,ridge,82,-0.004627774858731115,0.0011738410122691964
2017-03-27,1,ridge,82,0.005430423642667215,0.0011559402431218142
2017-03-28,1,ridge,82,0.002904213147390422,0.0010871817558691403
2017-03-29,1,ridge,82,0.004091617903252853,0.0010640975409062384
2017-03-30,1,ridge,82,-0.0005977286489979861,0.0010784131847227812
2017-03-31,1,ridge,82,0.001891583022082699,0.0012189388572901975
2017-04-03,1,ridge,82,0.0,0.0009672174730372114
2017-04-04,1,ridge,82,0.0001989060175624502,0.000984776341065691
2017-04-05,1,ridge,82,0.001093276459339876,0.0008861763758097742
2017-04-06,1,ridge,82,0.005053268122458654,0.0009505915576833034
2017-04-07,1,ridge,82,-0.001582591823884094,0.0009559231533205097
2017-04-10,1,ridge,82,-0.003073417379853005,0.00084880905934983
2017-04-11,1,ridge,82,0.0006948235923989188,0.0008553602368484615
2017-04-12,1,ridge,82,-0.002185358970460349,0.0009481582239713442
2017-04-13,1,ridge,82,0.0,0.0010988518614406105
2017-04-14,1,ridge,82,-0.002688575181874597,0.0010172710087079644
2017-04-17,1,ridge,82,-0.007908344935570355,0.0007930338531108774
2017-04-18,1,ridge,82,0.002409155953429831,0.0008883380149718635
2017-04-19,1,ridge,82,0.0004009623149148211,0.0011488892299339332
2017-04-20,1,ridge,82,0.002002403552532783,0.0007211466971411756
2017-04-21,1,ridge,82,-0.00894163791461633,0.0010223899105354108
2017-04-24,1,ridge,82,-0.003133372958329161,0.0006895412230931731
2017-04-25,1,ridge,82,0.002729618032081049,0.0006273676506573175
2017-04-26,1,ridge,82,0.0003028314765991524,0.00098878651894344
2017-04-27,1,ridge,82,-0.0003028314765991524,0.0009681324711198813
2017-04-28,1,ridge,82,0.0003028314765991524,0.000949560627488556
2017-05-01,1,ridge,82,-0.001009795097418831,0.0009490569466787139
2017-05-02,1,ridge,82,0.002321006138070736,0.0007616016855047572
2017-05-03,1,ridge,82,-0.004141210907988579,0.0008624784911225829
2017-05-04,1,ridge,82,-0.001519372285198273,0.0008577721072295878
2017-05-05,1,ridge,82,0.004147494691467912,0.0006876470448729594
2017-05-08,1,ridge,82,0.006038665693166578,0.0007729746659699476
2017-05-09,1,ridge,82,0.0001003361261062707,0.0006140520150563929
2017-05-10,1,ridge,82,-0.0005017813342274025,0.0005194022452793293
2017-05-11,1,ridge,82,-0.003721028077837474,0.0006120402287211499
2017-05-12,1,ridge,82,-0.003431573815550593,0.0007275891361350695
2017-05-15,1,ridge,82,-0.008121047576449492,0.0005433221869655438
2017-05-16,1,ridge,82,-0.005416743787608702,0.0007216296247384617
2017-05-17,1,ridge,82,0.003069684186780108,0.0011197024972857351
2017-05-18,1,ridge,82,-0.007589001656872263,0.0009628302314979059
2017-05-19,1,ridge,82,-0.001648465240393193,0.0006902400969064945
2017-05-22,1,ridge,82,0.003807960141002376,0.0007819604890400001
2017-05-23,1,ridge,82,-0.001130582370286071,0.0008240034478211042
2017-05-24,1,ridge,82,0.0001028330506338548,0.0007923780216393179
2017-05-25,1,ridge,82,0.001951821463030967,0.0007952151205643144
2017-05-26,1,ridge,82,0.0,0.0009482278412114651
2017-05-29,1,ridge,82,-0.001643385743729908,0.0008259841702631715
2017-05-30,1,ridge,82,-0.003707522269531971,0.0008587771720314192
2017-05-31,1,ridge,82,0.002884815518068073,0.0010099852833094735
2017-06-01,1,ridge,82,-0.004950505159856178,0.0007049226176315298
2017-04-07,1,ridge,83,-0.001582591823884094,0.0009757578515813881
2017-04-10,1,ridge,83,-0.003073417379853005,0.0008437917956583797
2017-04-11,1,ridge,83,0.0006948235923989188,0.0008980373250242318
2017-04-12,1,ridge,83,-0.002185358970460349,0.0009408970409555298
2017-04-13,1,ridge,83,0.0,0.0011209048362087416
2017-04-14,1,ridge,83,-0.002688575181874597,0.0010109068396672355
2017-04-17,1,ridge,83,-0.007908344935570355,0.0008028782057642165
2017-04-18,1,ridge,83,0.002409155953429831,0.0009136812665862193
2017-04-19,1,ridge,83,0.0004009623149148211,0.0011471522794574147
2017-04-20,1,ridge,83,0.002002403552532783,0.0007439217110314677
2017-04-21,1,ridge,83,-0.00894163791461633,0.001006044580961779
2017-04-24,1,ridge,83,-0.003133372958329161,0.0006914176672168149
2017-04-25,1,ridge,83,0.002729618032081049,0.0006592004984660505
2017-04-26,1,ridge,83,0.0003028314765991524,0.0009916187876209772
2017-04-27,1,ridge,83,-0.0003028314765991524,0.0009783614373803553
2017-04-28,1,ridge,83,0.0003028314765991524,0.0009628098344193303
2017-05-01,1,ridge,83,-0.001009795097418831,0.0009417729464889168
2017-05-02,1,ridge,83,0.002321006138070736,0.0007669092994771569
2017-05-03,1,ridge,83,-0.004141210907988579,0.0008703146139243292
2017-05-04,1,ridge,83,-0.001519372285198273,0.0008335042938648997
2017-05-05,1,ridge,83,0.004147494691467912,0.000723570380147021
2017-05-08,1,ridge,83,0.006038665693166578,0.0007612295200906279
2017-05-09,1,ridge,83,0.0001003361261062707,0.0006221412959440831
2017-05-10,1,ridge,83,-0.0005017813342274025,0.0005284477325740812
2017-05-11,1,ridge,83,-0.003721028077837474,0.0006196219411873974
2017-05-12,1,ridge,83,-0.003431573815550593,0.0006972907572273736
2017-05-15,1,ridge,83,-0.008121047576449492,0.0005347146669984615
2017-05-16,1,ridge,83,-0.005416743787608702,0.0007281829109786844
2017-05-17,1,ridge,83,0.003069684186780108,0.0011387468227829732
2017-05-18,1,ridge,83,-0.007589001656872263,0.0009567843089119033
2017-05-19,1,ridge,83,-0.001648465240393193,0.0006914075373447822
2017-05-22,1,ridge,83,0.003807960141002376,0.000784096283238351
2017-05-23,1,ridge,83,-0.001130582370286071,0.000836604600828762
2017-05-24,1,ridge,83,0.0001028330506338548,0.0007882465119420643
2017-05-25,1,ridge,83,0.001951821463030967,0.0008061909054122787
2017-05-26,1,ridge,83,0.0,0.0009490042389927109
2017-05-29,1,ridge,83,-0.001643385743729908,0.0008384695144287597
2017-05-30,1,ridge,83,-0.003707522269531971,0.0008682220233868147
2017-05-31,1,ridge,83,0.002884815518068073,0.0009712873810809703
2017-06-01,1,ridge,83,-0.004950505159856178,0.0007339664574572658
2017-06-02,1,ridge,83,0.0008267879759946695,0.0007948594613209159
2017-06-05,1,ridge,83,-0.001654260096026761,0.0010455014285197688
2017-06-06,1,ridge,83,0.001137597723386286,0.0008498405240939054
2017-06-07,1,ridge,83,0.00175556403843391,0.0008327852946744533
2017-06-08,1,ridge,83,0.003604720933023664,0.0007714556823378645
2017-06-09,1,ridge,83,-0.001337379963749719,0.0008666567184567285
2017-06-12,1,ridge,83,-0.001751584601143996,0.0008991790123890995
2017-06-13,1,ridge,83,-0.0003094218992254483,0.0006506846356558852
2017-06-14,1,ridge,83,0.005041941020020424,0.0007448575697348034
2017-06-15,1,ridge,83,-0.002775067303278256,0.0008675036906419325
2017-06-16,1,ridge,83,0.004005962935148766,0.0006560275062345697
2017-06-19,1,ridge,83,0.002150428354164902,0.0006048923765092486
2017-06-20,1,ridge,83,-0.002047922075566255,0.0009113662086388441
2017-06-21,1,ridge,83,0.0003074558056503918,0.0007633951147122987
2017-06-22,1,ridge,83,-0.003387224177729742,0.0007290907711612162
2017-06-23,1,ridge,83,0.001746366461610194,0.0007108057933007481
2017-06-26,1,ridge,83,-0.01073170964137304,0.0006100100862339798
2017-06-27,1,ridge,83,-0.003950109086344078,0.0007965323888179899
2017-06-28,1,ridge,83,-0.003965774348081652,0.0007689609921557304
2017-06-29,1,ridge,83,0.0,0.0009378455737701694
2017-05-05,1,ridge,84,0.004147494691467912,0.0007342712257880323
2017-05-08,1,ridge,84,0.006038665693166578,0.0007133386419653324
2017-05-09,1,ridge,84,0.0001003361261062707,0.0006046993623868889
2017-05-10,1,ridge,84,-0.0005017813342274025,0.0005056948638100132
2017-05-11,1,ridge,84,-0.003721028077837474,0.0006001061126114572
2017-05-12,1,ridge,84,-0.003431573815550593,0.0006289511833254155
2017-05-15,1,ridge,84,-0.008121047576449492,0.0004945578879718179
2017-05-16,1,ridge,84,-0.005416743787608702,0.0007157893539823179
2017-05-17,1,ridge,84,0.003069684186780108,0.001145049553710322
2017-05-18,1,ridge,84,-0.007589001656872263,0.0009216911319027645
2017-05-19,1,ridge,84,-0.001648465240393193,0.0006674333796279691
2017-05-22,1,ridge,84,0.003807960141002376,0.0007584297990092091
2017-05-23,1,ridge,84,-0.001130582370286071,0.0008186978527777436
2017-05-24,1,ridge,84,0.0001028330506338548,0.0007538866456947345
2017-05-25,1,ridge,84,0.001951821463030967,0.0007874778259580504
2017-05-26,1,ridge,84,0.0,0.0009105429252289154
2017-05-29,1,ridge,84,-0.001643385743729908,0.0008158009244984437
2017-05-30,1,ridge,84,-0.003707522269531971,0.0008429642883759972
2017-05-31,1,ridge,84,0.002884815518068073,0.0008913369315033046
2017-06-01,1,ridge,84,-0.004950505159856178,0.0007476137003000839
2017-06-02,1,ridge,84,0.0008267879759946695,0.0008065937819125297
2017-06-05,1,ridge,84,-0.001654260096026761,0.0009828794136366537
2017-06-06,1,ridge,84,0.001137597723386286,0.0008928608659692324
2017-06-07,1,ridge,84,0.00175556403843391,0.0008500137467800645
2017-06-08,1,ridge,84,0.003604720933023664,0.0007769026755555012
2017-06-09,1,ridge,84,-0.001337379963749719,0.0008287251436105255
2017-06-12,1,ridge,84,-0.001751584601143996,0.000877553940245782
2017-06-13,1,ridge,84,-0.0003094218992254483,0.0006346651403385602
2017-06-14,1,ridge,84,0.005041941020020424,0.0007879300463523371
2017-06-15,1,ridge,84,-0.002775067303278256,0.0008626866842988223
2017-06-16,1,ridge,84,0.004005962935148766,0.0006500446108659937
2017-06-19,1,ridge,84,0.002150428354164902,0.0006078947515111165
2017-06-20,1,ridge,84,-0.002047922075566255,0.0009114346576304003
2017-06-21,1,ridge,84,0.0003074558056503918,0.0007736870173855497
2017-06-22,1,ridge,84,-0.003387224177729742,0.0007329815475422297
2017-06-23,1,ridge,84,0.001746366461610194,0.0007004853103294049
2017-06-26,1,ridge,84,-0.01073170964137304,0.0006566654235125927
2017-06-27,1,ridge,84,-0.003950109086344078,0.0007755118734935959
2017-06-28,1,ridge,84,-0.003965774348081652,0.000778508304330874
2017-06-29,1,ridge,84,0.0,0.0009623273516251187
2017-06-30,1,ridge,84,0.00615065790985625,0.0009837364091491007
2017-07-03,1,ridge,84,0.0,0.0007329006829780622
2017-07-04,1,ridge,84,0.0007272349808848944,0.0008071090533283066
2017-07-05,1,ridge,84,-0.00510178627537794,0.0007117564317272072
2017-07-06,1,ridge,84,0.002189667732718448,0.0008432084283501965
2017-07-07,1,ridge,84,0.000104150393261726,0.0007543925344349196
2017-07-10,1,ridge,84,-0.003651733412718627,0.0006616284605010286
2017-07-11,1,ridge,84,0.0009402915596421479,0.0006299843465390683
2017-07-12,1,ridge,84,-0.0003133322914559145,0.0006691828231563371
2017-07-13,1,ridge,84,-0.006077135216103535,0.0006086336170659322
2017-07-14,1,ridge,84,-0.0002102165237927167,0.0006113548699675787
2017-07-17,1,ridge,84,-0.005586901160533841,0.0008299047842020048
2017-07-18,1,ridge,84,0.001900940481609936,0.0008538884997920254
2017-07-19,1,ridge,84,-0.004971187983648484,0.000784537376918861
2017-07-20,1,ridge,84,-0.004782918189522256,0.0007866872826946531
2017-07-21,1,ridge,84,0.001277683308398281,0.0009629592872188366
2017-07-24,1,ridge,84,0.0007445620723700586,0.0009168850457282778
2017-07-25,1,ridge,84,-0.00404858852600043,0.0007049301023094854
2017-07-26,1,ridge,84,0.00202634314523209,0.0007007764353444725
2017-07-27,1,ridge,84,-0.006413018986096475,0.0008553634217432192
2017-06-02,1,ridge,85,0.0008267879759946695,0.000818241034426868
2017-06-05,1,ridge,85,-0.001654260096026761,0.0009870555996175287
2017-06-06,1,ridge,85,0.001137597723386286,0.0009027338972287563
2017-06-07,1,ridge,85,0.00175556403843391,0.0008621496250130943
2017-06-08,1,ridge,85,0.003604720933023664,0.0007834128016015778
2017-06-09,1,ridge,85,-0.001337379963749719,0.000830458446125838
2017-06-12,1,ridge,85,-0.001751584601143996,0.000881746909904285
2017-06-13,1,ridge,85,-0.0003094218992254483,0.000639004145434275
2017-06-14,1,ridge,85,0.005041941020020424,0.0008083607715406558
2017-06-15,1,ridge,85,-0.002775067303278256,0.0008726629980868965
2017-06-16,1,ridge,85,0.004005962935148766,0.0006595759079285499
2017-06-19,1,ridge,85,0.002150428354164902,0.00061898703608053
2017-06-20,1,ridge,85,-0.002047922075566255,0.0009292377535196713
2017-06-21,1,ridge,85,0.0003074558056503918,0.0007874717541313434
2017-06-22,1,ridge,85,-0.003387224177729742,0.0007450108831771263
2017-06-23,1,ridge,85,0.001746366461610194,0.0007084294522645006
2017-06-26,1,ridge,85,-0.01073170964137304,0.0006691895924137941
2017-06-27,1,ridge,85,-0.003950109086344078,0.00077797385911995
2017-06-28,1,ridge,85,-0.003965774348081652,0.000783528635218662
2017-06-29,1,ridge,85,0.0,0.0009705381214560715
2017-06-30,1,ridge,85,0.00615065790985625,0.0009852624567891896
2017-07-03,1,ridge,85,0.0,0.0007412351501095034
2017-07-04,1,ridge,85,0.0007272349808848944,0.0008210197650199654
2017-07-05,1,ridge,85,-0.00510178627537794,0.0007265988200448731
2017-07-06,1,ridge,85,0.002189667732718448,0.0008508646832630104
2017-07-07,1,ridge,85,0.000104150393261726,0.0007626711013317282
2017-07-10,1,ridge,85,-0.003651733412718627,0.0006741396001556728
2017-07-11,1,ridge,85,0.0009402915596421479,0.0006374018582862167
2017-07-12,1,ridge,85,-0.0003133322914559145,0.0006816120925347804
2017-07-13,1,ridge,85,-0.006077135216103535,0.0006176219065134817
2017-07-14,1,ridge,85,-0.0002102165237927167,0.0006198523651464847
2017-07-17,1,ridge,85,-0.005586901160533841,0.000844837361306685
2017-07-18,1,ridge,85,0.001900940481609936,0.0008637955270654091
2017-07-19,1,ridge,85,-0.004971187983648484,0.0007941894086140976
2017-07-20,1,ridge,85,-0.004782918189522256,0.0007946447916243955
2017-07-21,1,ridge,85,0.001277683308398281,0.0009765377878523659
2017-07-24,1,ridge,85,0.0007445620723700586,0.0009194398844828808
2017-07-25,1,ridge,85,-0.00404858852600043,0.0007111916594608737
2017-07-26,1,ridge,85,0.00202634314523209,0.0007111669980867745
2017-07-27,1,ridge,85,-0.006413018986096475,0.0008687345744735917
2017-07-28,1,ridge,85,-0.004298308788398764,0.0009027400277935933
2017-07-31,1,ridge,85,0.001936525618632778,0.0009005244884842152
2017-08-01,1,ridge,85,-0.002151926804172533,0.0009691804067159533
2017-08-02,1,ridge,85,0.0,0.000920789670028277
2017-08-03,1,ridge,85,0.007511570891503894,0.0011291697281782752
2017-08-04,1,ridge,85,-0.001176659492875487,0.00093091802919398
2017-08-07,1,ridge,85,0.002351936085232431,0.0007785409834093916
2017-08-08,1,ridge,85,-0.001068376169998331,0.0009030637319129575
2017-08-09,1,ridge,85,-0.001604707485301837,0.0008246601652340908
2017-08-10,1,ridge,85,-0.003539447037177901,0.00108502983910169
2017-08-11,1,ridge,85,0.003646507687138367,0.0008582450893664635
2017-08-14,1,ridge,85,0.004699357147760708,0.0006899140055031435
2017-08-15,1,ridge,85,-0.00330861073477795,0.0007485445343441486
2017-08-16,1,ridge,85,0.0008548835741839511,0.0006629704481532922
2017-08-17,1,ridge,85,-0.002031543067059438,0.0009668585624822577
2017-08-18,1,ridge,85,-0.003645725676466149,0.0007557238233887298
2017-08-21,1,ridge,85,0.00492928559170025,0.0007130763354197633
2017-08-22,1,ridge,85,-0.004284955672501312,0.0005627889688346879
2017-08-23,1,ridge,85,0.001394625554584472,0.0007071092422165316
2017-08-24,1,ridge,85,-0.005805843638866826,0.000730733203637866
2017-06-30,1,ridge,86,0.00615065790985625,0.0009563849105293364
2017-07-03,1,ridge,86,0.0,0.0007222666708873943
2017-07-04,1,ridge,86,0.0007272349808848944,0.0008145188090859412
2017-07-05,1,ridge,86,-0.00510178627537794,0.0007206220359814828
2017-07-06,1,ridge,86,0.002189667732718448,0.0008317939051781316
2017-07-07,1,ridge,86,0.000104150393261726,0.0007431357429713151
2017-07-10,1,ridge,86,-0.003651733412718627,0.0006662557823915553
2017-07-11,1,ridge,86,0.0009402915596421479,0.0006220909913673051
2017-07-12,1,ridge,86,-0.0003133322914559145,0.0006719499724842984
2017-07-13,1,ridge,86,-0.006077135216103535,0.0006007699810439445
2017-07-14,1,ridge,86,-0.0002102165237927167,0.0006034373144006768
2017-07-17,1,ridge,86,-0.005586901160533841,0.0008331373234190998
2017-07-18,1,ridge,86,0.001900940481609936,0.0008488147487914724
2017-07-19,1,ridge,86,-0.004971187983648484,0.0007824014296048412
2017-07-20,1,ridge,86,-0.004782918189522256,0.0007755892172018706
2017-07-21,1,ridge,86,0.001277683308398281,0.0009698130839296394
2017-07-24,1,ridge,86,0.0007445620723700586,0.0008852313833838987
2017-07-25,1,ridge,86,-0.00404858852600043,0.0006964008678937749
2017-07-26,1,ridge,86,0.00202634314523209,0.0007034081599480663
2017-07-27,1,ridge,86,-0.006413018986096475,0.0008620700776279787
2017-07-28,1,ridge,86,-0.004298308788398764,0.0008870476535478506
2017-07-31,1,ridge,86,0.001936525618632778,0.0008776722531080042
2017-08-01,1,ridge,86,-0.002151926804172533,0.0009621398235816804
2017-08-02,1,ridge,86,0.0,0.0009068936097889655
2017-08-03,1,ridge,86,0.007511570891503894,0.0011203326900496174
2017-08-04,1,ridge,86,-0.001176659492875487,0.0009155476396825575
2017-08-07,1,ridge,86,0.002351936085232431,0.0007617952684619992
2017-08-08,1,ridge,86,-0.001068376169998331,0.0008972902296518718
2017-08-09,1,ridge,86,-0.001604707485301837,0.0008087411124268009
2017-08-10,1,ridge,86,-0.003539447037177901,0.0010741127227941714
2017-08-11,1,ridge,86,0.003646507687138367,0.0008482511204372129
2017-08-14,1,ridge,86,0.004699357147760708,0.0006714333708072608
2017-08-15,1,ridge,86,-0.00330861073477795,0.0007327623761220483
2017-08-16,1,ridge,86,0.0008548835741839511,0.0006596899657098346
2017-08-17,1,ridge,86,-0.002031543067059438,0.000948726216840774
2017-08-18,1,ridge,86,-0.003645725676466149,0.000733761897880164
2017-08-21,1,ridge,86,0.00492928559170025,0.0007014876055669298
2017-08-22,1,ridge,86,-0.004284955672501312,0.0005432828892985215
2017-08-23,1,ridge,86,0.001394625554584472,0.0006909915549621305
2017-08-24,1,ridge,86,-0.005805843638866826,0.0007222525790260537
2017-08-25,1,ridge,86,-0.005731294412265164,0.00047587713453172906
2017-08-28,1,ridge,86,0.0004336983695862884,0.0007752209897773337
2017-08-29,1,ridge,86,0.006806054469000067,0.0008485900415594308
2017-08-30,1,ridge,86,-0.002263541791036161,0.0006537444945103319
2017-08-31,1,ridge,86,0.001509597008701569,0.0006348588606231056
2017-09-01,1,ridge,86,-0.001833378782616357,0.000752728678461125
2017-09-04,1,ridge,86,-0.004218730904049117,0.0008135850740837863
2017-09-05,1,ridge,86,0.0004335103568493537,0.0009067985074991874
2017-09-06,1,ridge,86,-0.006849714196508039,0.0007435932287198299
2017-09-07,1,ridge,86,-0.003387796256961728,0.0008956470847579688
2017-09-08,1,ridge,86,0.006002746537626003,0.0010698807903847646
2017-09-11,1,ridge,86,-0.000217651540744157,0.0006982707291882111
2017-09-12,1,ridge,86,0.006941459542340489,0.0006453549876109569
2017-09-13,1,ridge,86,-0.004332762410753865,0.0008339430445845912
2017-09-14,1,ridge,86,-0.00271754066910912,0.000741732173964739
2017-09-15,1,ridge,86,0.00195737339571167,0.0006930516476752541
2017-09-18,1,ridge,86,-0.002828548448086998,0.0007661223507928353
2017-09-19,1,ridge,86,0.007813387552227269,0.0007444127681591522
2017-09-20,1,ridge,86,-0.003465081972723993,0.0007532612867677821
2017-09-21,1,ridge,86,-0.0002169668049303297,0.0006879109464249198
2017-07-28,1,ridge,87,-0.004298308788398764,0.0008465088970234169
2017-07-31,1,ridge,87,0.001936525618632778,0.0008415625720636471
2017-08-01,1,ridge,87,-0.002151926804172533,0.0009039446994957253
2017-08-02,1,ridge,87,0.0,0.0008554888386605138
2017-08-03,1,ridge,87,0.007511570891503894,0.001070950369866154
2017-08-04,1,ridge,87,-0.001176659492875487,0.0008632897030623426
2017-08-07,1,ridge,87,0.002351936085232431,0.0007197388612974712
2017-08-08,1,ridge,87,-0.001068376169998331,0.0008343398052288424
2017-08-09,1,ridge,87,-0.001604707485301837,0.0007662725281983229
2017-08-10,1,ridge,87,-0.003539447037177901,0.0010303516073801977
2017-08-11,1,ridge,87,0.003646507687138367,0.0007992120582722826
2017-08-14,1,ridge,87,0.004699357147760708,0.0006333578942144436
2017-08-15,1,ridge,87,-0.00330861073477795,0.0006825078885156832
2017-08-16,1,ridge,87,0.0008548835741839511,0.0005995655427868181
2017-08-17,1,ridge,87,-0.002031543067059438,0.0009111577879317488
2017-08-18,1,ridge,87,-0.003645725676466149,0.0006980317282445456
2017-08-21,1,ridge,87,0.00492928559170025,0.0006570330098832659
2017-08-22,1,ridge,87,-0.004284955672501312,0.0004958102207962339
2017-08-23,1,ridge,87,0.001394625554584472,0.0006472198957049266
2017-08-24,1,ridge,87,-0.005805843638866826,0.0006630745318350522
2017-08-25,1,ridge,87,-0.005731294412265164,0.00044080333773105463
2017-08-28,1,ridge,87,0.0004336983695862884,0.0007307177820163884
2017-08-29,1,ridge,87,0.006806054469000067,0.000803336460722233
2017-08-30,1,ridge,87,-0.002263541791036161,0.0005877845255764891
2017-08-31,1,ridge,87,0.001509597008701569,0.0005899722997603923
2017-09-01,1,ridge,87,-0.001833378782616357,0.0007056404428356007
2017-09-04,1,ridge,87,-0.004218730904049117,0.0007753713389768977
2017-09-05,1,ridge,87,0.0004335103568493537,0.000877164465302857
2017-09-06,1,ridge,87,-0.006849714196508039,0.0007025258597394017
2017-09-07,1,ridge,87,-0.003387796256961728,0.0008344706321160549
2017-09-08,1,ridge,87,0.006002746537626003,0.0010165958019242533
2017-09-11,1,ridge,87,-0.000217651540744157,0.0006503868360383558
2017-09-12,1,ridge,87,0.006941459542340489,0.0005881039150893769
2017-09-13,1,ridge,87,-0.004332762410753865,0.0007885508727900143
2017-09-14,1,ridge,87,-0.00271754066910912,0.0007131290392596386
2017-09-15,1,ridge,87,0.00195737339571167,0.0006404592746796195
2017-09-18,1,ridge,87,-0.002828548448086998,0.0007145247097346474
2017-09-19,1,ridge,87,0.007813387552227269,0.0006954410410838569
2017-09-20,1,ridge,87,-0.003465081972723993,0.0007019962174170959
2017-09-21,1,ridge,87,-0.0002169668049303297,0.0006465159456356807
2017-09-22,1,ridge,87,0.005194254725796377,0.0007713868091184566
2017-09-25,1,ridge,87,0.003447907736397582,0.0008071925108586726
2017-09-26,1,ridge,87,0.004186127510533488,0.0006136912324594672
2017-09-27,1,ridge,87,-0.003003649544209175,0.0005634341719021043
2017-09-28,1,ridge,87,0.0,0.000625503749253576
2017-09-29,1,ridge,87,0.00514360328188701,0.000509275744117765
2017-10-02,1,ridge,87,0.0001068775718433557,0.0006864755180767462
2017-10-03,1,ridge,87,-0.001176282015541652,0.00040461478484342004
2017-10-04,1,ridge,87,0.005335622518432004,0.000592616689621888
2017-10-05,1,ridge,87,-0.001704303778533145,0.0005883380263114921
2017-10-06,1,ridge,87,-0.001386888791139462,0.0006251232856326874
2017-10-09,1,ridge,87,-0.004065046248169502,0.0005355666728993425
2017-10-10,1,ridge,87,-0.002898397176918976,0.0004418318571793999
2017-10-11,1,ridge,87,0.0004299226205519702,0.000598435075787327
2017-10-12,1,ridge,87,0.0003223207118958626,0.0006715621116612012
2017-10-13,1,ridge,87,0.002360516117532185,0.0005867933260486143
2017-10-16,1,ridge,87,0.002141099201424801,0.0005317294880158104
2017-10-17,1,ridge,87,-0.001605394469055277,0.0005299146158884909
2017-10-18,1,ridge,87,-0.002144542962160045,0.00043864368466210203
2017-10-19,1,ridge,87,0.005779744228235906,0.0006183422761346794
2017-08-25,1,ridge,88,-0.005731294412265164,0.0004624629041124419
2017-08-28,1,ridge,88,0.0004336983695862884,0.0007533198389922173
2017-08-29,1,ridge,88,0.006806054469000067,0.0008197964599238099
2017-08-30,1,ridge,88,-0.002263541791036161,0.0005954419445643663
2017-08-31,1,ridge,88,0.001509597008701569,0.0006040960635748004
2017-09-01,1,ridge,88,-0.001833378782616357,0.0007220460646919656
2017-09-04,1,ridge,88,-0.004218730904049117,0.0007939704156829587
2017-09-05,1,ridge,88,0.0004335103568493537,0.0008987015138851087
2017-09-06,1,ridge,88,-0.006849714196508039,0.0007204811618939576
2017-09-07,1,ridge,88,-0.003387796256961728,0.0008476020675752807
2017-09-08,1,ridge,88,0.006002746537626003,0.0010399071192131813
2017-09-11,1,ridge,88,-0.000217651540744157,0.000668713145595991
2017-09-12,1,ridge,88,0.006941459542340489,0.0005986434337156962
2017-09-13,1,ridge,88,-0.004332762410753865,0.0007999340982534108
2017-09-14,1,ridge,88,-0.00271754066910912,0.0007327385039450614
2017-09-15,1,ridge,88,0.00195737339571167,0.0006493676374886743
2017-09-18,1,ridge,88,-0.002828548448086998,0.0007294058520933759
2017-09-19,1,ridge,88,0.007813387552227269,0.0007107019385363008
2017-09-20,1,ridge,88,-0.003465081972723993,0.0007074114720004874
2017-09-21,1,ridge,88,-0.0002169668049303297,0.0006605375252525786
2017-09-22,1,ridge,88,0.005194254725796377,0.0007854977768962969
2017-09-25,1,ridge,88,0.003447907736397582,0.0008178194712772004
2017-09-26,1,ridge,88,0.004186127510533488,0.0006170299111469161
2017-09-27,1,ridge,88,-0.003003649544209175,0.0005715297673304295
2017-09-28,1,ridge,88,0.0,0.0006436936636603294
2017-09-29,1,ridge,88,0.00514360328188701,0.0005203100427844672
2017-10-02,1,ridge,88,0.0001068775718433557,0.0006936665113132672
2017-10-03,1,ridge,88,-0.001176282015541652,0.000412475078552483
2017-10-04,1,ridge,88,0.005335622518432004,0.0006040650711617828
2017-10-05,1,ridge,88,-0.001704303778533145,0.0005930433884552939
2017-10-06,1,ridge,88,-0.001386888791139462,0.000647541532544657
2017-10-09,1,ridge,88,-0.004065046248169502,0.0005367568317748237
2017-10-10,1,ridge,88,-0.002898397176918976,0.00045728963127764023
2017-10-11,1,ridge,88,0.0004299226205519702,0.0006091206867948171
2017-10-12,1,ridge,88,0.0003223207118958626,0.0006799705587042616
2017-10-13,1,ridge,88,0.002360516117532185,0.0006013400807373911
2017-10-16,1,ridge,88,0.002141099201424801,0.0005452302693601089
2017-10-17,1,ridge,88,-0.001605394469055277,0.0005331619954796324
2017-10-18,1,ridge,88,-0.002144542962160045,0.0004557370801567027
2017-10-19,1,ridge,88,0.005779744228235906,0.0006285683546833654
2017-10-20,1,ridge,88,0.002558091354472936,0.00030076970729050003
2017-10-23,1,ridge,88,-0.001811305167315425,0.0005512096626240847
2017-10-24,1,ridge,88,-0.0006400682958016546,0.00037276415067617893
2017-10-25,1,ridge,88,0.00955827158062128,0.000416121528900503
2017-10-26,1,ridge,88,0.003271252851209994,0.0005264745758505707
2017-10-27,1,ridge,88,-0.003799877909774985,0.0001731368955662371
2017-10-30,1,ridge,88,-0.0001057585533219552,0.00036169565806020495
2017-10-31,1,ridge,88,0.002746093825401807,0.0003173026712400078
2017-11-01,1,ridge,88,-0.001266490934459519,0.00013252790747649208
2017-11-02,1,ridge,88,0.00263671512776309,0.00028276637918189416
2017-11-03,1,ridge,88,-0.001897733832587178,0.00018098402414388733
2017-11-06,1,ridge,88,0.001581694851815918,0.00018246834013012662
2017-11-07,1,ridge,88,-0.0004215407376149116,0.00015197495964919228
2017-11-08,1,ridge,88,-0.0045428211874734,0.00021727873288847279
2017-11-09,1,ridge,88,-0.0005295768804591816,0.000248592952073785
2017-11-10,1,ridge,88,0.001058873457681742,0.0002894829654092421
2017-11-13,1,ridge,88,-0.007009374492576548,0.0002964527851767935
2017-11-14,1,ridge,88,-0.0002131741640987173,0.00024036506605731986
2017-11-15,1,ridge,88,0.001278363868564725,0.0004858371902452884
2017-11-16,1,ridge,88,-0.002878620251028252,0.00012700181367925653
2017-09-22,1,ridge,89,0.005194254725796377,0.0007912935506417569
2017-09-25,1,ridge,89,0.003447907736397582,0.000808509355993445
2017-09-26,1,ridge,89,0.004186127510533488,0.0006391316204449551
2017-09-27,1,ridge,89,-0.003003649544209175,0.0005692345878847309
2017-09-28,1,ridge,89,0.0,0.000645593219165714
2017-09-29,1,ridge,89,0.00514360328188701,0.0005242437396875052
2017-10-02,1,ridge,89,0.0001068775718433557,0.0007078338361564052
2017-10-03,1,ridge,89,-0.001176282015541652,0.00042701396332122223
2017-10-04,1,ridge,89,0.005335622518432004,0.0006140813477336728
2017-10-05,1,ridge,89,-0.001704303778533145,0.0005943169878363908
2017-10-06,1,ridge,89,-0.001386888791139462,0.0006442082259120416
2017-10-09,1,ridge,89,-0.004065046248169502,0.000557767936540973
2017-10-10,1,ridge,89,-0.002898397176918976,0.00044795458368635595
2017-10-11,1,ridge,89,0.0004299226205519702,0.0006259576792932653
2017-10-12,1,ridge,89,0.0003223207118958626,0.0007027909079917558
2017-10-13,1,ridge,89,0.002360516117532185,0.000595294739926205
2017-10-16,1,ridge,89,0.002141099201424801,0.0005393670550960317
2017-10-17,1,ridge,89,-0.001605394469055277,0.0005539397803135354
2017-10-18,1,ridge,89,-0.002144542962160045,0.00044654363588285026
2017-10-19,1,ridge,89,0.005779744228235906,0.0006451978322476393
2017-10-20,1,ridge,89,0.002558091354472936,0.0003095635939210544
2017-10-23,1,ridge,89,-0.001811305167315425,0.0005397268411415002
2017-10-24,1,ridge,89,-0.0006400682958016546,0.00040444237505672556
2017-10-25,1,ridge,89,0.00955827158062128,0.0004150281681534994
2017-10-26,1,ridge,89,0.003271252851209994,0.0005090729784629725
2017-10-27,1,ridge,89,-0.003799877909774985,0.00017673956963485315
2017-10-30,1,ridge,89,-0.0001057585533219552,0.000376258689126742
2017-10-31,1,ridge,89,0.002746093825401807,0.0003296318755606931
2017-11-01,1,ridge,89,-0.001266490934459519,0.00013007163466260778
2017-11-02,1,ridge,89,0.00263671512776309,0.000280750908389146
2017-11-03,1,ridge,89,-0.001897733832587178,0.00017595246763709696
2017-11-06,1,ridge,89,0.001581694851815918,0.00018612272240639788
2017-11-07,1,ridge,89,-0.0004215407376149116,0.0001576979925624176
2017-11-08,1,ridge,89,-0.0045428211874734,0.00023166911027146903
2017-11-09,1,ridge,89,-0.0005295768804591816,0.0002597933627688138
2017-11-10,1,ridge,89,0.001058873457681742,0.00030162108615660525
2017-11-13,1,ridge,89,-0.007009374492576548,0.000282022923218217
2017-11-14,1,ridge,89,-0.0002131741640987173,0.00026380820636258883
2017-11-15,1,ridge,89,0.001278363868564725,0.0005096318880880115
2017-11-16,1,ridge,89,-0.002878620251028252,0.00012808772127043838
2017-11-17,1,ridge,89,0.004474280394920704,0.0003043819519470871
2017-11-20,1,ridge,89,-0.001382758290842112,0.0002529428125055517
2017-11-21,1,ridge,89,-0.007800434914879695,7.458509884588499e-05
2017-11-22,1,ridge,89,0.0,0.0002304375974017098
2017-11-23,1,ridge,89,-0.004731191620996889,0.0004159088199731032
2017-11-24,1,ridge,89,0.001292546496195257,0.0002685745799176991
2017-11-27,1,ridge,89,0.003974866918978748,0.0005769740689910843
2017-11-28,1,ridge,89,-0.001180067722631684,0.0002893133488794398
2017-11-29,1,ridge,89,-0.001181461927880711,0.00030926466801136385
2017-11-30,1,ridge,89,-0.001720985688829835,0.0002593426581787685
2017-12-01,1,ridge,89,0.003224422398134585,0.0005228428712196467
2017-12-04,1,ridge,89,0.002036769745227041,0.00046672430058858295
2017-12-05,1,ridge,89,0.002460025840862023,0.0005594476944187493
2017-12-06,1,ridge,89,0.00202764062852534,0.0006350042660524849
2017-12-07,1,ridge,89,0.001065530202038367,0.00020282601477803223
2017-12-08,1,ridge,89,-0.0003195398653161874,0.00016347516127874758
2017-12-11,1,ridge,89,0.002447200242433389,0.00014991564543188863
2017-12-12,1,ridge,89,-0.007145553786469527,0.00027309223409089137
2017-12-13,1,ridge,89,0.0006419858983592874,0.00020250002930417268
2017-12-14,1,ridge,89,0.004695345303200149,0.00038743690782797404
2017-10-20,1,ridge,90,0.002558091354472936,0.00035838954261259415
2017-10-23,1,ridge,90,-0.001811305167315425,0.0005948067209626361
2017-10-24,1,ridge,90,-0.0006400682958016546,0.0004535721816955608
2017-10-25,1,ridge,90,0.00955827158062128,0.00046930601075136406
2017-10-26,1,ridge,90,0.003271252851209994,0.000568889941077338
2017-10-27,1,ridge,90,-0.003799877909774985,0.00023029313530764824
2017-10-30,1,ridge,90,-0.0001057585533219552,0.00043349998780335035
2017-10-31,1,ridge,90,0.002746093825401807,0.0003870020450534307
2017-11-01,1,ridge,90,-0.001266490934459519,0.00018248256461435698
2017-11-02,1,ridge,90,0.00263671512776309,0.00033743480536171054
2017-11-03,1,ridge,90,-0.001897733832587178,0.00022923125526037598
2017-11-06,1,ridge,90,0.001581694851815918,0.00023761985971390337
2017-11-07,1,ridge,90,-0.0004215407376149116,0.00021109581415034145
2017-11-08,1,ridge,90,-0.0045428211874734,0.0002873539830277415
2017-11-09,1,ridge,90,-0.0005295768804591816,0.00031443149491477225
2017-11-10,1,ridge,90,0.001058873457681742,0.00035699150350033276
2017-11-13,1,ridge,90,-0.007009374492576548,0.00034206452794301667
2017-11-14,1,ridge,90,-0.0002131741640987173,0.00032142091877734717
2017-11-15,1,ridge,90,0.001278363868564725,0.0005692821947584571
2017-11-16,1,ridge,90,-0.002878620251028252,0.00018408981651681978
2017-11-17,1,ridge,90,0.004474280394920704,0.00036139767977383104
2017-11-20,1,ridge,90,-0.001382758290842112,0.00030951183268226824
2017-11-21,1,ridge,90,-0.007800434914879695,0.00012977362188513542
2017-11-22,1,ridge,90,0.0,0.00028397160239919774
2017-11-23,1,ridge,90,-0.004731191620996889,0.0004759949478948321
2017-11-24,1,ridge,90,0.001292546496195257,0.00032598412385360454
2017-11-27,1,ridge,90,0.003974866918978748,0.0006385864261299042
2017-11-28,1,ridge,90,-0.001180067722631684,0.00035049409993883837
2017-11-29,1,ridge,90,-0.001181461927880711,0.00036720445626558563
2017-11-30,1,ridge,90,-0.001720985688829835,0.0003154141599112921
2017-12-01,1,ridge,90,0.003224422398134585,0.000584075688191712
2017-12-04,1,ridge,90,0.002036769745227041,0.0005296232502962404
2017-12-05,1,ridge,90,0.002460025840862023,0.0006213590620915829
2017-12-06,1,ridge,90,0.00202764062852534,0.0007008368668717491
2017-12-07,1,ridge,90,0.001065530202038367,0.0002602466647051133
2017-12-08,1,ridge,90,-0.0003195398653161874,0.00022420547831345926
2017-12-11,1,ridge,90,0.002447200242433389,0.00021085549870676428
2017-12-12,1,ridge,90,-0.007145553786469527,0.00034119580067590695
2017-12-13,1,ridge,90,0.0006419858983592874,0.00026320684593405174
2017-12-14,1,ridge,90,0.004695345303200149,0.000451558170882004
2017-12-15,1,ridge,90,-0.002558364043327543,0.00034798902430057007
2017-12-18,1,ridge,90,-0.00267194088317968,0.00013213842338643243
2017-12-19,1,ridge,90,-0.001392235833986177,0.00025199442991585483
2017-12-20,1,ridge,90,-0.000321560643748775,0.00026027906016192403
2017-12-21,1,ridge,90,0.0007501473855500151,0.0002895622084730376
2017-12-22,1,ridge,90,0.0,0.0002845470055559842
2017-12-25,1,ridge,90,-0.000964578607557165,0.00022194081642185027
2017-12-26,1,ridge,90,-0.002469269599707502,0.0002841370134551327
2017-12-27,1,ridge,90,-0.004632880128333738,0.00029901566884649384
2017-12-28,1,ridge,90,-0.005197066699649255,0.00035321588282011653
2017-12-29,1,ridge,90,0.001410207968151944,0.000584569119644901
2018-01-01,1,ridge,90,-0.004127748637261064,0.0005751573654491434
2018-01-02,1,ridge,90,0.003151662664206079,0.00030064460481660335
2018-01-03,1,ridge,90,-0.00336938528644648,0.00042682949546558435
2018-01-04,1,ridge,90,0.001088139389195497,0.0003368026468202128
2018-01-05,1,ridge,90,0.004449033435964367,0.00043979910621957615
2018-01-08,1,ridge,90,0.001838931774644337,0.0005057560591951739
2018-01-09,1,ridge,90,-0.002163800476402855,0.00047809694759494734
2018-01-10,1,ridge,90,-0.005212304123401346,0.0005544241263831166
2018-01-11,1,ridge,90,-0.009627029827163902,0.00039480294819975686
2017-11-17,1,ridge,91,0.004474280394920704,0.0003827309686948257
2017-11-20,1,ridge,91,-0.001382758290842112,0.0003348679131715579
2017-11-21,1,ridge,91,-0.007800434914879695,0.00014757008825104436
2017-11-22,1,ridge,91,0.0,0.000308933286463644
2017-11-23,1,ridge,91,-0.004731191620996889,0.000499343388828469
2017-11-24,1,ridge,91,0.001292546496195257,0.00035074228109970506
2017-11-27,1,ridge,91,0.003974866918978748,0.0006633355888774285
2017-11-28,1,ridge,91,-0.001180067722631684,0.0003681761417263789
2017-11-29,1,ridge,91,-0.001181461927880711,0.0003933941815054056
2017-11-30,1,ridge,91,-0.001720985688829835,0.0003403416738013734
2017-12-01,1,ridge,91,0.003224422398134585,0.0006079457584345139
2017-12-04,1,ridge,91,0.002036769745227041,0.0005546190901341396
2017-12-05,1,ridge,91,0.002460025840862023,0.000648459958122479
2017-12-06,1,ridge,91,0.00202764062852534,0.0007287103695864886
2017-12-07,1,ridge,91,0.001065530202038367,0.00028722265757401657
2017-12-08,1,ridge,91,-0.0003195398653161874,0.0002451840646220904
2017-12-11,1,ridge,91,0.002447200242433389,0.00023499911517260664
2017-12-12,1,ridge,91,-0.007145553786469527,0.00036878320242085376
2017-12-13,1,ridge,91,0.0006419858983592874,0.00029177893416676654
2017-12-14,1,ridge,91,0.004695345303200149,0.00048236291549017446
2017-12-15,1,ridge,91,-0.002558364043327543,0.00036945130973444135
2017-12-18,1,ridge,91,-0.00267194088317968,0.00015623833319824163
2017-12-19,1,ridge,91,-0.001392235833986177,0.0002829379759237844
2017-12-20,1,ridge,91,-0.000321560643748775,0.0002897522561348256
2017-12-21,1,ridge,91,0.0007501473855500151,0.0003168596285620498
2017-12-22,1,ridge,91,0.0,0.00031197252649106135
2017-12-25,1,ridge,91,-0.000964578607557165,0.0002502107735779057
2017-12-26,1,ridge,91,-0.002469269599707502,0.0003136179707742933
2017-12-27,1,ridge,91,-0.004632880128333738,0.0003271424899748055
2017-12-28,1,ridge,91,-0.005197066699649255,0.0003794595815959622
2017-12-29,1,ridge,91,0.001410207968151944,0.0006095987528218227
2018-01-01,1,ridge,91,-0.004127748637261064,0.0006012150900314766
2018-01-02,1,ridge,91,0.003151662664206079,0.0003270003401488543
2018-01-03,1,ridge,91,-0.00336938528644648,0.00045105364534521757
2018-01-04,1,ridge,91,0.001088139389195497,0.0003556234827069317
2018-01-05,1,ridge,91,0.004449033435964367,0.00046310322727461935
2018-01-08,1,ridge,91,0.001838931774644337,0.0005291453003253821
2018-01-09,1,ridge,91,-0.002163800476402855,0.0005004102405793858
2018-01-10,1,ridge,91,-0.005212304123401346,0.000578700241580319
2018-01-11,1,ridge,91,-0.009627029827163902,0.0004187374405470165
2018-01-12,1,ridge,91,0.0,0.000378968173447875
2018-01-15,1,ridge,91,-0.006396140023650965,0.0006303218139178891
2018-01-16,1,ridge,91,0.001658100197492907,0.0006647530278312943
2018-01-17,1,ridge,91,-0.0004418913019321735,0.0005631156848173522
2018-01-18,1,ridge,91,0.0007731816809766201,0.0005640955407631759
2018-01-19,1,ridge,91,-0.001878764988726189,0.0005084716549412422
2018-01-22,1,ridge,91,-0.003102151834087685,0.00032082655515374445
2018-01-23,1,ridge,91,-0.0101489746383514,0.000493675078909909
2018-01-24,1,ridge,91,0.002015678174069002,0.0007323460133778724
2018-01-25,1,ridge,91,-0.003586241655982647,0.0009880657055236456
2018-01-26,1,ridge,91,0.002690886252016078,0.0006335601201541965
2018-01-29,1,ridge,91,-0.001680955178126275,0.0009858193610273811
2018-01-30,1,ridge,91,-0.0003365303750424431,0.0009382057600064367
2018-01-31,1,ridge,91,-0.00517436475070987,0.0006546164420444965
2018-02-01,1,ridge,91,0.005847312286199724,0.0007247481733082572
2018-02-02,1,ridge,91,0.004028202828605387,0.0011613607100521713
2018-02-05,1,ridge,91,0.0003349522724329645,0.0016029240482350533
2018-02-06,1,ridge,91,0.00745151643383668,0.0008822890599510639
2018-02-07,1,ridge,91,-0.00022163120658103,0.0008311454574089683
2018-02-08,1,ridge,91,0.002324681403359286,0.0010685555403974942
2017-12-15,1,ridge,92,-0.002558364043327543,0.0003363759897560939
2017-12-18,1,ridge,92,-0.00267194088317968,0.00015339952243194073
2017-12-19,1,ridge,92,-0.001392235833986177,0.0002881842977068853
2017-12-20,1,ridge,92,-0.000321560643748775,0.0003019435191855
2017-12-21,1,ridge,92,0.0007501473855500151,0.000307015001188431
2017-12-22,1,ridge,92,0.0,0.00031771444018558284
2017-12-25,1,ridge,92,-0.000964578607557165,0.0002443147641356375
2017-12-26,1,ridge,92,-0.002469269599707502,0.00031912315855574106
2017-12-27,1,ridge,92,-0.004632880128333738,0.00033788728679557875
2017-12-28,1,ridge,92,-0.005197066699649255,0.0003731155560909345
2017-12-29,1,ridge,92,0.001410207968151944,0.000587051444935997
2018-01-01,1,ridge,92,-0.004127748637261064,0.0005917952147385015
2018-01-02,1,ridge,92,0.003151662664206079,0.0003365052611538816
2018-01-03,1,ridge,92,-0.00336938528644648,0.00046490622065922024
2018-01-04,1,ridge,92,0.001088139389195497,0.0003088551944325997
2018-01-05,1,ridge,92,0.004449033435964367,0.00047079173635864704
2018-01-08,1,ridge,92,0.001838931774644337,0.0005273244689427197
2018-01-09,1,ridge,92,-0.002163800476402855,0.0004755922116116333
2018-01-10,1,ridge,92,-0.005212304123401346,0.0005867259496058724
2018-01-11,1,ridge,92,-0.009627029827163902,0.00040861622889308026
2018-01-12,1,ridge,92,0.0,0.00037741616100961633
2018-01-15,1,ridge,92,-0.006396140023650965,0.0006110864424186285
2018-01-16,1,ridge,92,0.001658100197492907,0.0007001322016827971
2018-01-17,1,ridge,92,-0.0004418913019321735,0.0005622195015435901
2018-01-18,1,ridge,92,0.0007731816809766201,0.0005451812429188577
2018-01-19,1,ridge,92,-0.001878764988726189,0.0005111813158309136
2018-01-22,1,ridge,92,-0.003102151834087685,0.00031222414102537383
2018-01-23,1,ridge,92,-0.0101489746383514,0.0004988257651860642
2018-01-24,1,ridge,92,0.002015678174069002,0.0007324732954412309
2018-01-25,1,ridge,92,-0.003586241655982647,0.000994633452152043
2018-01-26,1,ridge,92,0.002690886252016078,0.0006211582463316583
2018-01-29,1,ridge,92,-0.001680955178126275,0.0009901074523228322
2018-01-30,1,ridge,92,-0.0003365303750424431,0.0009419240279195782
2018-01-31,1,ridge,92,-0.00517436475070987,0.0006508063398764695
2018-02-01,1,ridge,92,0.005847312286199724,0.0007336971738839605
2018-02-02,1,ridge,92,0.004028202828605387,0.0011584885430519962
2018-02-05,1,ridge,92,0.0003349522724329645,0.0015886612812984612
2018-02-06,1,ridge,92,0.00745151643383668,0.0008947022998099783
2018-02-07,1,ridge,92,-0.00022163120658103,0.0008315582812600174
2018-02-08,1,ridge,92,0.002324681403359286,0.0010640404408522237
2018-02-09,1,ridge,92,-0.002546361741221581,0.000611995470936427
2018-02-12,1,ridge,92,-0.00566951660379722,0.0003005579930080312
2018-02-13,1,ridge,92,-0.006486992885776033,0.00046273334600139
2018-02-14,1,ridge,92,-0.005964791755032728,0.00029374054469127886
2018-02-15,1,ridge,92,0.005740350052822585,0.0003920634885573172
2018-02-16,1,ridge,92,0.0,0.0006738878467539304
2018-02-19,1,ridge,92,0.006934375175243979,0.0005090757626717963
2018-02-20,1,ridge,92,0.003115960678257146,0.0006399027503022337
2018-02-21,1,ridge,92,-0.002893069782428093,0.000493811495432997
2018-02-22,1,ridge,92,0.0015588467692913,0.0005380931471268493
2018-02-23,1,ridge,92,-0.0003338340875602697,0.00022829594508452875
2018-02-26,1,ridge,92,0.005660078370234523,0.00023894053445233047
2018-02-27,1,ridge,92,0.002762890634167015,0.000726461234128023
2018-02-28,1,ridge,92,-0.003205662392563369,0.0008761754224292623
2018-03-01,1,ridge,92,-0.004216138498844835,0.0006814515528188474
2018-03-02,1,ridge,92,0.001555383048819081,0.0006109570581050005
2018-03-05,1,ridge,92,-0.00511965503338363,0.0003828149850755852
2018-03-06,1,ridge,92,0.0002231395747296361,0.00029353594737770725
2018-03-07,1,ridge,92,0.006006024060211779,0.0006865917459631961
2018-03-08,1,ridge,92,-0.0009985023295895346,0.0004605789164617183
2018-01-12,1,ridge,93,0.0,0.0003677190962287116
2018-01-15,1,ridge,93,-0.006396140023650965,0.0005948769383521418
2018-01-16,1,ridge,93,0.001658100197492907,0.0006969990110792795
2018-01-17,1,ridge,93,-0.0004418913019321735,0.0005523392867519892
2018-01-18,1,ridge,93,0.0007731816809766201,0.0005336458988633824
2018-01-19,1,ridge,93,-0.001878764988726189,0.0005014728875211075
2018-01-22,1,ridge,93,-0.003102151834087685,0.0002997407088826394
2018-01-23,1,ridge,93,-0.0101489746383514,0.0004936660939716545
2018-01-24,1,ridge,93,0.002015678174069002,0.0007192693127328598
2018-01-25,1,ridge,93,-0.003586241655982647,0.0009869928395179039
2018-01-26,1,ridge,93,0.002690886252016078,0.0006125633119576818
2018-01-29,1,ridge,93,-0.001680955178126275,0.0009845256317281786
2018-01-30,1,ridge,93,-0.0003365303750424431,0.0009347657786880129
2018-01-31,1,ridge,93,-0.00517436475070987,0.0006440783214964368
2018-02-01,1,ridge,93,0.005847312286199724,0.0007254148340807531
2018-02-02,1,ridge,93,0.004028202828605387,0.0011521060220343134
2018-02-05,1,ridge,93,0.0003349522724329645,0.001580888102003409
2018-02-06,1,ridge,93,0.00745151643383668,0.0008815633825079531
2018-02-07,1,ridge,93,-0.00022163120658103,0.0008295931948682116
2018-02-08,1,ridge,93,0.002324681403359286,0.0010573924863025823
2018-02-09,1,ridge,93,-0.002546361741221581,0.0005996794648474252
2018-02-12,1,ridge,93,-0.00566951660379722,0.0002908904389063478
2018-02-13,1,ridge,93,-0.006486992885776033,0.0004493471427950747
2018-02-14,1,ridge,93,-0.005964791755032728,0.0002794406635692379
2018-02-15,1,ridge,93,0.005740350052822585,0.00038139582622392226
2018-02-16,1,ridge,93,0.0,0.0006696400525007042
2018-02-19,1,ridge,93,0.006934375175243979,0.0005026920981239656
2018-02-20,1,ridge,93,0.003115960678257146,0.0006352109700871655
2018-02-21,1,ridge,93,-0.002893069782428093,0.00048647849227837945
2018-02-22,1,ridge,93,0.0015588467692913,0.0005281741736724184
2018-02-23,1,ridge,93,-0.0003338340875602697,0.00022102687438954008
2018-02-26,1,ridge,93,0.005660078370234523,0.00023185595605469895
2018-02-27,1,ridge,93,0.002762890634167015,0.0007244762045294103
2018-02-28,1,ridge,93,-0.003205662392563369,0.0008713873716394594
2018-03-01,1,ridge,93,-0.004216138498844835,0.0006741966365682384
2018-03-02,1,ridge,93,0.001555383048819081,0.0005999285831257942
2018-03-05,1,ridge,93,-0.00511965503338363,0.0003705158529412947
2018-03-06,1,ridge,93,0.0002231395747296361,0.0002841562086390568
2018-03-07,1,ridge,93,0.006006024060211779,0.0006808985571545446
2018-03-08,1,ridge,93,-0.0009985023295895346,0.0004617191699698706
2018-03-09,1,ridge,93,-0.002222470078041106,8.769929320602554e-05
2018-03-12,1,ridge,93,-0.002561961858013717,0.0003506506689855541
2018-03-13,1,ridge,93,0.0004460303374562713,0.000537626303901733
2018-03-14,1,ridge,93,0.004893248197752165,0.0006615724869737378
2018-03-15,1,ridge,93,0.0009979487439073509,0.0004627788834568518
2018-03-16,1,ridge,93,-0.005111122237812182,0.00036622406104120536
2018-03-19,1,ridge,93,0.006661510145266725,0.0006244707787901231
2018-03-20,1,ridge,93,-0.006550120560078199,0.00041364089550745167
2018-03-21,1,ridge,93,0.0008906702882276463,0.00036299993517302596
2018-03-22,1,ridge,93,-0.004237767020084604,0.0010000776870207609
2018-03-23,1,ridge,93,-0.005041745036349354,0.001042496639904311
2018-03-26,1,ridge,93,0.003363986128167795,0.0001477929000562241
2018-03-27,1,ridge,93,0.008138737159677945,0.0007799030358753747
2018-03-28,1,ridge,93,0.000998834775900903,0.0007341968684353378
2018-03-29,1,ridge,93,-0.001998668220299038,0.0002972028540891027
2018-03-30,1,ridge,93,0.0008887901929375275,0.0004666766622743253
2018-04-02,1,ridge,93,0.001664355446613364,0.0007463591762163185
2018-04-03,1,ridge,93,-0.0006654098060758784,0.00017475092446222768
2018-04-04,1,ridge,93,0.00354374678719438,0.0002845222334605642
2018-04-05,1,ridge,93,-0.003876617802750282,0.0002234974574018083
2018-02-09,1,ridge,94,-0.002546361741221581,0.0005724908799606429
2018-02-12,1,ridge,94,-0.00566951660379722,0.00022941300397613608
2018-02-13,1,ridge,94,-0.006486992885776033,0.0003885072064416288
2018-02-14,1,ridge,94,-0.005964791755032728,0.00020851501363154798
2018-02-15,1,ridge,94,0.005740350052822585,0.0003167189497834534
2018-02-16,1,ridge,94,0.0,0.0006065233648000084
2018-02-19,1,ridge,94,0.006934375175243979,0.0004531410223885517
2018-02-20,1,ridge,94,0.003115960678257146,0.0005791054527035404
2018-02-21,1,ridge,94,-0.002893069782428093,0.00042659098765239256
2018-02-22,1,ridge,94,0.0015588467692913,0.00048178578390042974
2018-02-23,1,ridge,94,-0.0003338340875602697,0.00015509302018026526
2018-02-26,1,ridge,94,0.005660078370234523,0.00016072539948628521
2018-02-27,1,ridge,94,0.002762890634167015,0.0006751659304781701
2018-02-28,1,ridge,94,-0.003205662392563369,0.0008280866261353088
2018-03-01,1,ridge,94,-0.004216138498844835,0.0006213975248069858
2018-03-02,1,ridge,94,0.001555383048819081,0.000563636960042732
2018-03-05,1,ridge,94,-0.00511965503338363,0.000297827677061626
2018-03-06,1,ridge,94,0.0002231395747296361,0.00021032431865189395
2018-03-07,1,ridge,94,0.006006024060211779,0.0006317467860250114
2018-03-08,1,ridge,94,-0.0009985023295895346,0.0003960081727581047
2018-03-09,1,ridge,94,-0.002222470078041106,1.1185174392715257e-05
2018-03-12,1,ridge,94,-0.002561961858013717,0.0002809782177799555
2018-03-13,1,ridge,94,0.0004460303374562713,0.0004905178962210045
2018-03-14,1,ridge,94,0.004893248197752165,0.0005996793639898859
2018-03-15,1,ridge,94,0.0009979487439073509,0.00040484080538279925
2018-03-16,1,ridge,94,-0.005111122237812182,0.0002996024156552734
2018-03-19,1,ridge,94,0.006661510145266725,0.0005796079378111794
2018-03-20,1,ridge,94,-0.006550120560078199,0.00034776790889274657
2018-03-21,1,ridge,94,0.0008906702882276463,0.00030648103846795034
2018-03-22,1,ridge,94,-0.004237767020084604,0.0009472590871508727
2018-03-23,1,ridge,94,-0.005041745036349354,0.001005225250168622
2018-03-26,1,ridge,94,0.003363986128167795,8.080350843229773e-05
2018-03-27,1,ridge,94,0.008138737159677945,0.0007171187704472111
2018-03-28,1,ridge,94,0.000998834775900903,0.0006864314166073586
2018-03-29,1,ridge,94,-0.001998668220299038,0.00022961689569674798
2018-03-30,1,ridge,94,0.0008887901929375275,0.00038967106217492327
2018-04-02,1,ridge,94,0.001664355446613364,0.0006691435066204928
2018-04-03,1,ridge,94,-0.0006654098060758784,0.00012423351935961918
2018-04-04,1,ridge,94,0.00354374678719438,0.0002369010751788049
2018-04-05,1,ridge,94,-0.003876617802750282,0.00013638781725923118
2018-04-06,1,ridge,94,-0.003000835816758141,0.0005763568037752762
2018-04-09,1,ridge,94,-0.002786603820701394,0.00013556703648250241
2018-04-10,1,ridge,94,-0.0002232641223827159,-6.65710238524483e-05
2018-04-11,1,ridge,94,0.002007584881284608,0.0004359346500887027
2018-04-12,1,ridge,94,0.000556947939765351,0.0002627609848388573
2018-04-13,1,ridge,94,-0.004240604502319556,0.0003410580620182085
2018-04-16,1,ridge,94,0.001117693197834946,0.00037487325299257693
2018-04-17,1,ridge,94,0.001116445354327311,0.00036179464044763885
2018-04-18,1,ridge,94,0.003564271984564549,0.0002880812274953051
2018-04-19,1,ridge,94,0.004216138498844835,0.00052911181072772
2018-04-20,1,ridge,94,0.006950985122725406,0.0006556291582211471
2018-04-23,1,ridge,94,-0.00198107042559581,0.00039766109197711527
2018-04-24,1,ridge,94,0.004397061058275753,0.0004198861150905435
2018-04-25,1,ridge,94,0.004268599487554425,0.000369830806616768
2018-04-26,1,ridge,94,-0.0002184598588694797,0.0002389108973224986
2018-04-27,1,ridge,94,0.003271897345760166,0.00026923643405979327
2018-04-30,1,ridge,94,0.006620025261876883,0.0002745512633610229
2018-05-01,1,ridge,94,0.0006487889500936816,0.0003283039505057745
2018-05-02,1,ridge,94,-0.001081548883278494,0.00037117188006278865
2018-05-03,1,ridge,94,0.001729917179170926,0.00038518868975848775
2018-03-09,1,ridge,95,-0.002222470078041106,1.2026400029140722e-05
2018-03-12,1,ridge,95,-0.002561961858013717,0.000320360822505089
2018-03-13,1,ridge,95,0.0004460303374562713,0.0005442176703895455
2018-03-14,1,ridge,95,0.004893248197752165,0.0006155922303688374
2018-03-15,1,ridge,95,0.0009979487439073509,0.00045307234830146916
2018-03-16,1,ridge,95,-0.005111122237812182,0.0002958349134179238
2018-03-19,1,ridge,95,0.006661510145266725,0.0006176683051158542
2018-03-20,1,ridge,95,-0.006550120560078199,0.00037219801303899286
2018-03-21,1,ridge,95,0.0008906702882276463,0.0003396731667667046
2018-03-22,1,ridge,95,-0.004237767020084604,0.000976638330058558
2018-03-23,1,ridge,95,-0.005041745036349354,0.0010153819030406658
2018-03-26,1,ridge,95,0.003363986128167795,9.802159737749621e-05
2018-03-27,1,ridge,95,0.008138737159677945,0.0007944321343057283
2018-03-28,1,ridge,95,0.000998834775900903,0.0007097679074153353
2018-03-29,1,ridge,95,-0.001998668220299038,0.00026818586872004837
2018-03-30,1,ridge,95,0.0008887901929375275,0.0003868697500193478
2018-04-02,1,ridge,95,0.001664355446613364,0.0006471707719910009
2018-04-03,1,ridge,95,-0.0006654098060758784,0.00016452512531675665
2018-04-04,1,ridge,95,0.00354374678719438,0.00027212502966889854
2018-04-05,1,ridge,95,-0.003876617802750282,0.00013779087919970343
2018-04-06,1,ridge,95,-0.003000835816758141,0.0006076538689411646
2018-04-09,1,ridge,95,-0.002786603820701394,0.00010965629311305593
2018-04-10,1,ridge,95,-0.0002232641223827159,1.7092848497388688e-06
2018-04-11,1,ridge,95,0.002007584881284608,0.0004412612613179442
2018-04-12,1,ridge,95,0.000556947939765351,0.0002563322853610669
2018-04-13,1,ridge,95,-0.004240604502319556,0.00037260843314361626
2018-04-16,1,ridge,95,0.001117693197834946,0.0004193106492404671
2018-04-17,1,ridge,95,0.001116445354327311,0.00038095032148796165
2018-04-18,1,ridge,95,0.003564271984564549,0.0003056534390785522
2018-04-19,1,ridge,95,0.004216138498844835,0.0005628210634253864
2018-04-20,1,ridge,95,0.006950985122725406,0.000678207268979572
2018-04-23,1,ridge,95,-0.00198107042559581,0.00040896469053126823
2018-04-24,1,ridge,95,0.004397061058275753,0.00045976018728812606
2018-04-25,1,ridge,95,0.004268599487554425,0.0003559184661969273
2018-04-26,1,ridge,95,-0.0002184598588694797,0.0002751654324093035
2018-04-27,1,ridge,95,0.003271897345760166,0.0003176954154301474
2018-04-30,1,ridge,95,0.006620025261876883,0.0002565929901881867
2018-05-01,1,ridge,95,0.0006487889500936816,0.00034537317240020506
2018-05-02,1,ridge,95,-0.001081548883278494,0.0003873503366880074
2018-05-03,1,ridge,95,0.001729917179170926,0.0004188124588582103
2018-05-04,1,ridge,95,0.001942586408424596,0.0002157588586616403
2018-05-07,1,ridge,95,0.003981282495583827,0.00018701848132504455
2018-05-08,1,ridge,95,-0.0008594757727191649,0.0002663374225945137
2018-05-09,1,ridge,95,-0.004200555479039636,7.827656551155464e-05
2018-05-10,1,ridge,95,-0.001187969252515408,0.0001194824938293668
2018-05-11,1,ridge,95,0.0005401609811022112,0.0002424434638547289
2018-05-14,1,ridge,95,0.006781146484638789,0.00018493036409690826
2018-05-15,1,ridge,95,0.001821982177031778,0.00051372561447081
2018-05-16,1,ridge,95,0.0008562560728657687,0.00020845865637330045
2018-05-17,1,ridge,95,0.001817113428217887,0.0001994513353097856
2018-05-18,1,ridge,95,0.000427076666751347,0.00023257622298356842
2018-05-21,1,ridge,95,-0.0007475039058082444,4.3024744231222995e-05
2018-05-22,1,ridge,95,0.004157566886350494,0.0002720687508542259
2018-05-23,1,ridge,95,-0.00255645644130098,0.0004503777041832931
2018-05-24,1,ridge,95,0.004575693006023229,0.00039127746014132846
2018-05-25,1,ridge,95,0.0,0.000410973568726646
2018-05-28,1,ridge,95,0.006771796060910162,0.00030010375575619604
2018-05-29,1,ridge,95,-0.007196559792475021,0.0006464819892944616
2018-05-30,1,ridge,95,-0.001807261428491636,9.443962417873147e-05
2018-05-31,1,ridge,95,0.002232025160056494,0.0003970692962517498
2018-04-06,1,ridge,96,-0.003000835816758141,0.0006291349084151816
2018-04-09,1,ridge,96,-0.002786603820701394,5.824783412093106e-05
2018-04-10,1,ridge,96,-0.0002232641223827159,5.8807916026819306e-05
2018-04-11,1,ridge,96,0.002007584881284608,0.00042569024913186607
2018-04-12,1,ridge,96,0.000556947939765351,0.00022196515338992605
2018-04-13,1,ridge,96,-0.004240604502319556,0.00038057235526154867
2018-04-16,1,ridge,96,0.001117693197834946,0.0004507283763626896
2018-04-17,1,ridge,96,0.001116445354327311,0.00037498637764121404
2018-04-18,1,ridge,96,0.003564271984564549,0.00029824758103681173
2018-04-19,1,ridge,96,0.004216138498844835,0.0005760559841567081
2018-04-20,1,ridge,96,0.006950985122725406,0.0006693846854762987
2018-04-23,1,ridge,96,-0.00198107042559581,0.0003903797818717054
2018-04-24,1,ridge,96,0.004397061058275753,0.0004886345153251746
2018-04-25,1,ridge,96,0.004268599487554425,0.00030847059108033575
2018-04-26,1,ridge,96,-0.0002184598588694797,0.0002823298012204617
2018-04-27,1,ridge,96,0.003271897345760166,0.0003486104988217321
2018-04-30,1,ridge,96,0.006620025261876883,0.0002048226936221709
2018-05-01,1,ridge,96,0.0006487889500936816,0.00033124994535602646
2018-05-02,1,ridge,96,-0.001081548883278494,0.0003759186159242869
2018-05-03,1,ridge,96,0.001729917179170926,0.0004248642961527273
2018-05-04,1,ridge,96,0.001942586408424596,0.00021126420169646613
2018-05-07,1,ridge,96,0.003981282495583827,0.00013894795901240882
2018-05-08,1,ridge,96,-0.0008594757727191649,0.00025695303831743904
2018-05-09,1,ridge,96,-0.004200555479039636,7.553781655884439e-05
2018-05-10,1,ridge,96,-0.001187969252515408,0.00010306703849173062
2018-05-11,1,ridge,96,0.0005401609811022112,0.00023400092148671045
2018-05-14,1,ridge,96,0.006781146484638789,0.00015967276457558288
2018-05-15,1,ridge,96,0.001821982177031778,0.0005411090658658324
2018-05-16,1,ridge,96,0.0008562560728657687,0.00018872784599112435
2018-05-17,1,ridge,96,0.001817113428217887,0.00017526013843414988
2018-05-18,1,ridge,96,0.000427076666751347,0.00020404747532199949
2018-05-21,1,ridge,96,-0.0007475039058082444,4.364279407424634e-05
2018-05-22,1,ridge,96,0.004157566886350494,0.000260595165411934
2018-05-23,1,ridge,96,-0.00255645644130098,0.0004118443357418155
2018-05-24,1,ridge,96,0.004575693006023229,0.000425560691724805
2018-05-25,1,ridge,96,0.0,0.00037760427895283276
2018-05-28,1,ridge,96,0.006771796060910162,0.0003148824576384833
2018-05-29,1,ridge,96,-0.007196559792475021,0.0006269286704108539
2018-05-30,1,ridge,96,-0.001807261428491636,3.6136990717931176e-05
2018-05-31,1,ridge,96,0.002232025160056494,0.0004152150099251648
2018-06-01,1,ridge,96,-0.001806493238741602,0.00012981528986804615
2018-06-04,1,ridge,96,-0.001277139381767434,0.00014540761617854814
2018-06-05,1,ridge,96,-0.002559182458821141,0.00021277108519530963
2018-06-06,1,ridge,96,-0.002779858520598921,0.0001207586395372335
2018-06-07,1,ridge,96,0.001604707485301837,0.00021307025646630706
2018-06-08,1,ridge,96,0.0003206327179716695,0.000390252322793067
2018-06-11,1,ridge,96,0.002348170574108188,0.00016856518313938047
2018-06-12,1,ridge,96,-0.0009599488764466813,0.00020773977860236018
2018-06-13,1,ridge,96,0.01124799634637164,0.00035367332086681043
2018-06-14,1,ridge,96,0.0002110149828462582,0.00045766902736271394
2018-06-15,1,ridge,96,0.0001054907960265083,0.00036837550792459355
2018-06-18,1,ridge,96,0.002949233231016812,0.0003272475167174024
2018-06-19,1,ridge,96,-0.0002103713061298862,0.0006275017668603962
2018-06-20,1,ridge,96,-0.003371973690257768,0.00012788632631498362
2018-06-21,1,ridge,96,-0.002324845176898904,0.0005695507270700162
2018-06-22,1,ridge,96,-0.002542374250776192,0.0002506202758905434
2018-06-25,1,ridge,96,0.004022446410171021,0.0007566146943844211
2018-06-26,1,ridge,96,0.006423441240586136,0.00028072002564781594
2018-06-27,1,ridge,96,0.001258785438428944,0.000706503465152042
2018-06-28,1,ridge,96,-0.007893531486985239,0.0002011576018432032
2018-05-04,1,ridge,97,0.001942586408424596,0.00025440336307613567
2018-05-07,1,ridge,97,0.003981282495583827,0.0001908975973930737
2018-05-08,1,ridge,97,-0.0008594757727191649,0.00030503847383076904
2018-05-09,1,ridge,97,-0.004200555479039636,0.00011837197105252413
2018-05-10,1,ridge,97,-0.001187969252515408,0.00013925639818597316
2018-05-11,1,ridge,97,0.0005401609811022112,0.0002689191766305161
2018-05-14,1,ridge,97,0.006781146484638789,0.0002034366840932561
2018-05-15,1,ridge,97,0.001821982177031778,0.0005868789142710812
2018-05-16,1,ridge,97,0.0008562560728657687,0.00023808186151697176
2018-05-17,1,ridge,97,0.001817113428217887,0.00022557198500828548
2018-05-18,1,ridge,97,0.000427076666751347,0.00025404352196505025
2018-05-21,1,ridge,97,-0.0007475039058082444,8.370457433752761e-05
2018-05-22,1,ridge,97,0.004157566886350494,0.00029826810190824933
2018-05-23,1,ridge,97,-0.00255645644130098,0.0004540947200863906
2018-05-24,1,ridge,97,0.004575693006023229,0.000442619356754913
2018-05-25,1,ridge,97,0.0,0.0004181519690678416
2018-05-28,1,ridge,97,0.006771796060910162,0.00033869451285032667
2018-05-29,1,ridge,97,-0.007196559792475021,0.0006588301531271722
2018-05-30,1,ridge,97,-0.001807261428491636,6.186008159014529e-05
2018-05-31,1,ridge,97,0.002232025160056494,0.0004338582431951379
2018-06-01,1,ridge,97,-0.001806493238741602,0.00016191645740545662
2018-06-04,1,ridge,97,-0.001277139381767434,0.0001753597529089298
2018-06-05,1,ridge,97,-0.002559182458821141,0.00023155064843743603
2018-06-06,1,ridge,97,-0.002779858520598921,0.0001456752543501905
2018-06-07,1,ridge,97,0.001604707485301837,0.00024043425697904648
2018-06-08,1,ridge,97,0.0003206327179716695,0.0004204379352514879
2018-06-11,1,ridge,97,0.002348170574108188,0.00020043838931497354
2018-06-12,1,ridge,97,-0.0009599488764466813,0.00024321737808148317
2018-06-13,1,ridge,97,0.01124799634637164,0.0003781064073729574
2018-06-14,1,ridge,97,0.0002110149828462582,0.0005004486061268483
2018-06-15,1,ridge,97,0.0001054907960265083,0.0003997195368731298
2018-06-18,1,ridge,97,0.002949233231016812,0.00036267628680164367
2018-06-19,1,ridge,97,-0.0002103713061298862,0.0006651293722357618
2018-06-20,1,ridge,97,-0.003371973690257768,0.00016536906580611604
2018-06-21,1,ridge,97,-0.002324845176898904,0.0005836117940024352
2018-06-22,1,ridge,97,-0.002542374250776192,0.00027412695705016993
2018-06-25,1,ridge,97,0.004022446410171021,0.0007725844435632964
2018-06-26,1,ridge,97,0.006423441240586136,0.0003207515539651787
2018-06-27,1,ridge,97,0.001258785438428944,0.0007310659337862728
2018-06-28,1,ridge,97,-0.007893531486985239,0.00023797397535815632
2018-06-29,1,ridge,97,0.004112411553092166,0.000291593642103563
2018-07-02,1,ridge,97,-0.003795471082423951,0.0006046493986482257
2018-07-03,1,ridge,97,0.0,0.0006289734848424464
2018-07-04,1,ridge,97,-0.002114836359756289,0.0005749428086345647
2018-07-05,1,ridge,97,-0.004562100109174239,0.0005518607853310443
2018-07-06,1,ridge,97,0.0004252604784475977,0.00031361210910498997
2018-07-09,1,ridge,97,0.0007437709528446135,0.0003543513168376649
2018-07-10,1,ridge,97,0.006035916032534061,0.000465523863303648
2018-07-11,1,ridge,97,0.0009497177941728552,0.0009255124635395472
2018-07-12,1,ridge,97,-0.0006330449673326299,0.00026183177648648944
2018-07-13,1,ridge,97,-0.002536194955570892,0.00043558040435420835
2018-07-16,1,ridge,97,0.004539464116207093,0.0006369394267417025
2018-07-17,1,ridge,97,0.001473529368821502,0.0005810994070753898
2018-07-18,1,ridge,97,0.0007359512501654564,0.00043780721222367057
2018-07-19,1,ridge,97,-0.007383999794639884,0.0006289023645698896
2018-07-20,1,ridge,97,0.002326566193280755,0.000389900053150764
2018-07-23,1,ridge,97,-0.0006339814244462616,0.0006284490544830382
2018-07-24,1,ridge,97,-0.002645924176879255,0.0002692760869602311
2018-07-25,1,ridge,97,0.004124589423061487,0.00027137831711876605
2018-07-26,1,ridge,97,-0.0008446838217359698,0.0005432318916158537
2018-06-01,1,ridge,98,-0.001806493238741602,0.00019374492119908265
2018-06-04,1,ridge,98,-0.001277139381767434,0.0002222154487621151
2018-06-05,1,ridge,98,-0.002559182458821141,0.00027891012296077253
2018-06-06,1,ridge,98,-0.002779858520598921,0.00017956951245466353
2018-06-07,1,ridge,98,0.001604707485301837,0.0002646546425440997
2018-06-08,1,ridge,98,0.0003206327179716695,0.0004349096028176538
2018-06-11,1,ridge,98,0.002348170574108188,0.00022923076336366912
2018-06-12,1,ridge,98,-0.0009599488764466813,0.0002655140034050426
2018-06-13,1,ridge,98,0.01124799634637164,0.00041204544539152254
2018-06-14,1,ridge,98,0.0002110149828462582,0.0005364581325855687
2018-06-15,1,ridge,98,0.0001054907960265083,0.0004351509108697974
2018-06-18,1,ridge,98,0.002949233231016812,0.00038903515967578554
2018-06-19,1,ridge,98,-0.0002103713061298862,0.0006754635248588207
2018-06-20,1,ridge,98,-0.003371973690257768,0.0001987251305267711
2018-06-21,1,ridge,98,-0.002324845176898904,0.0006282388664582019
2018-06-22,1,ridge,98,-0.002542374250776192,0.0002996708206291956
2018-06-25,1,ridge,98,0.004022446410171021,0.00079744859682616
2018-06-26,1,ridge,98,0.006423441240586136,0.0003253185558356087
2018-06-27,1,ridge,98,0.001258785438428944,0.0007778238720437737
2018-06-28,1,ridge,98,-0.007893531486985239,0.0002535432803347555
2018-06-29,1,ridge,98,0.004112411553092166,0.0003288542297114686
2018-07-02,1,ridge,98,-0.003795471082423951,0.0006175753350738926
2018-07-03,1,ridge,98,0.0,0.0006459509437474047
2018-07-04,1,ridge,98,-0.002114836359756289,0.0005938023751322551
2018-07-05,1,ridge,98,-0.004562100109174239,0.0005731746008380341
2018-07-06,1,ridge,98,0.0004252604784475977,0.0003181016256099311
2018-07-09,1,ridge,98,0.0007437709528446135,0.000383195297716642
2018-07-10,1,ridge,98,0.006035916032534061,0.00048488436413785164
2018-07-11,1,ridge,98,0.0009497177941728552,0.0009478845067053762
2018-07-12,1,ridge,98,-0.0006330449673326299,0.0002698806193014834
2018-07-13,1,ridge,98,-0.002536194955570892,0.00045268912495783644
2018-07-16,1,ridge,98,0.004539464116207093,0.0006488115537933046
2018-07-17,1,ridge,98,0.001473529368821502,0.0005983456311189743
2018-07-18,1,ridge,98,0.0007359512501654564,0.0004475480110269157
2018-07-19,1,ridge,98,-0.007383999794639884,0.0006434711718153954
2018-07-20,1,ridge,98,0.002326566193280755,0.00039217841295159775
2018-07-23,1,ridge,98,-0.0006339814244462616,0.0006514636743827217
2018-07-24,1,ridge,98,-0.002645924176879255,0.0002909066967212016
2018-07-25,1,ridge,98,0.004124589423061487,0.00028946929965029247
2018-07-26,1,ridge,98,-0.0008446838217359698,0.0005462367478328013
2018-07-27,1,ridge,98,-0.003703903911683959,0.0005983979024653169
2018-07-30,1,ridge,98,0.001800752565419117,0.00043947714326324824
2018-07-31,1,ridge,98,0.001374861408467432,0.000524651059773864
2018-08-01,1,ridge,98,0.00569081523175452,0.0006476591748025228
2018-08-02,1,ridge,98,-0.0002101944306209802,0.0006156128496450972
2018-08-03,1,ridge,98,0.002309712312904111,0.0004935360185619845
2018-08-06,1,ridge,98,-0.001469199550666822,0.0004326159464010811
2018-08-07,1,ridge,98,-0.001786934831934595,0.0003427470906003003
2018-08-08,1,ridge,98,0.004723178552246132,0.000561798985619849
2018-08-09,1,ridge,98,0.008964930259986126,0.0004753399096442399
2018-08-10,1,ridge,98,0.0003112840492063285,0.0006924677942159485
2018-08-13,1,ridge,98,0.003521130398579153,0.0006280751378022623
2018-08-14,1,ridge,98,-0.0003101897352077998,0.000442039004963902
2018-08-15,1,ridge,98,-0.0006206682727434298,0.0008242109385948716
2018-08-16,1,ridge,98,-0.005603418210258226,0.00024338783573676616
2018-08-17,1,ridge,98,-0.002083334086854016,0.0002720184011280921
2018-08-20,1,ridge,98,-0.006695986516677799,0.00038877757731736967
2018-08-21,1,ridge,98,-0.001155401630556163,0.0003515249278492365
2018-08-22,1,ridge,98,0.005450175947917302,0.0005428509713358507
2018-08-23,1,ridge,98,-0.005450175947917302,0.0005445332028564935
2018-06-29,1,ridge,99,0.004112411553092166,0.0003186121812108375
2018-07-02,1,ridge,99,-0.003795471082423951,0.0006154710541149792
2018-07-03,1,ridge,99,0.0,0.0006389554053808855
2018-07-04,1,ridge,99,-0.002114836359756289,0.000596348466395144
2018-07-05,1,ridge,99,-0.004562100109174239,0.0005628028462121717
2018-07-06,1,ridge,99,0.0004252604784475977,0.0003035365608327893
2018-07-09,1,ridge,99,0.0007437709528446135,0.0003719913743014489
2018-07-10,1,ridge,99,0.006035916032534061,0.0004805736895611627
2018-07-11,1,ridge,99,0.0009497177941728552,0.000949720708695748
2018-07-12,1,ridge,99,-0.0006330449673326299,0.00025129389084676184
2018-07-13,1,ridge,99,-0.002536194955570892,0.00044501696360711284
2018-07-16,1,ridge,99,0.004539464116207093,0.0006361635457558058
2018-07-17,1,ridge,99,0.001473529368821502,0.0005955101746488674
2018-07-18,1,ridge,99,0.0007359512501654564,0.0004380613756881403
2018-07-19,1,ridge,99,-0.007383999794639884,0.0006398068483664485
2018-07-20,1,ridge,99,0.002326566193280755,0.0003726276201200392
2018-07-23,1,ridge,99,-0.0006339814244462616,0.0006437650297850635
2018-07-24,1,ridge,99,-0.002645924176879255,0.00027600481698527397
2018-07-25,1,ridge,99,0.004124589423061487,0.00027945084520244784
2018-07-26,1,ridge,99,-0.0008446838217359698,0.0005404062237858564
2018-07-27,1,ridge,99,-0.003703903911683959,0.000592382407540881
2018-07-30,1,ridge,99,0.001800752565419117,0.00042801478456714844
2018-07-31,1,ridge,99,0.001374861408467432,0.0005161343994617386
2018-08-01,1,ridge,99,0.00569081523175452,0.0006441921915634492
2018-08-02,1,ridge,99,-0.0002101944306209802,0.0006117923937191145
2018-08-03,1,ridge,99,0.002309712312904111,0.00048464938553288673
2018-08-06,1,ridge,99,-0.001469199550666822,0.00042198376031827266
2018-08-07,1,ridge,99,-0.001786934831934595,0.0003264759962543189
2018-08-08,1,ridge,99,0.004723178552246132,0.0005523276083376173
2018-08-09,1,ridge,99,0.008964930259986126,0.00046076316577561805
2018-08-10,1,ridge,99,0.0003112840492063285,0.0006880728476911632
2018-08-13,1,ridge,99,0.003521130398579153,0.0006222159282419372
2018-08-14,1,ridge,99,-0.0003101897352077998,0.0004334384960689079
2018-08-15,1,ridge,99,-0.0006206682727434298,0.0008263365589738793
2018-08-16,1,ridge,99,-0.005603418210258226,0.00022846392815348298
2018-08-17,1,ridge,99,-0.002083334086854016,0.00025775576348311546
2018-08-20,1,ridge,99,-0.006695986516677799,0.00037522534508993154
2018-08-21,1,ridge,99,-0.001155401630556163,0.0003331433251476266
2018-08-22,1,ridge,99,0.005450175947917302,0.0005382212765786844
2018-08-23,1,ridge,99,-0.005450175947917302,0.000532984925018988
2018-08-24,1,ridge,99,-0.003896177202716622,0.0003606781129420285
2018-08-27,1,ridge,99,-0.0006332454037467627,0.00023419760054957817
2018-08-28,1,ridge,99,-0.001267695077863173,0.0005724178784346546
2018-08-29,1,ridge,99,0.001267695077863173,0.0004992175753852277
2018-08-30,1,ridge,99,0.004424319868440385,0.0008100185169878166
2018-08-31,1,ridge,99,0.0,0.0007186450946521239
2018-09-03,1,ridge,99,0.00314828678552459,0.0006804297493557451
2018-09-04,1,ridge,99,-0.002727942096695912,0.000642326999026993
2018-09-05,1,ridge,99,-0.001682439934189262,0.0007787510416352917
2018-09-06,1,ridge,99,0.003571807558264695,0.0007308616499377776
2018-09-07,1,ridge,99,-0.002204609574881111,0.0006415572452172932
2018-09-10,1,ridge,99,0.001050420264651741,0.0005254569378772278
2018-09-11,1,ridge,99,-0.00473560474583401,0.00036531389134995
2018-09-12,1,ridge,99,-0.002957956942269746,0.0005142028959224321
2018-09-13,1,ridge,99,0.004328325575000846,0.0003001330091772416
2018-09-14,1,ridge,99,-0.004539943394010315,0.00044931045278904586
2018-09-17,1,ridge,99,0.00148038517043414,0.0004893986810520786
2018-09-18,1,ridge,99,-0.001057194305040809,0.00037244416255157825
2018-09-19,1,ridge,99,-0.006686148548568305,0.0003378508200941009
2018-09-20,1,ridge,99,0.003295596455372696,0.00034324519539312274
2018-07-27,1,ridge,100,-0.003703903911683959,0.0005885277489715483
2018-07-30,1,ridge,100,0.001800752565419117,0.00042340158026713405
2018-07-31,1,ridge,100,0.001374861408467432,0.0005134131327932756
2018-08-01,1,ridge,100,0.00569081523175452,0.0006387622379415884
2018-08-02,1,ridge,100,-0.0002101944306209802,0.0005938829438938492
2018-08-03,1,ridge,100,0.002309712312904111,0.00048021248772682414
2018-08-06,1,ridge,100,-0.001469199550666822,0.00041203963213507763
2018-08-07,1,ridge,100,-0.001786934831934595,0.0003329290823077033
2018-08-08,1,ridge,100,0.004723178552246132,0.0005476706345619481
2018-08-09,1,ridge,100,0.008964930259986126,0.00045867156572736216
2018-08-10,1,ridge,100,0.0003112840492063285,0.0006744735016995304
2018-08-13,1,ridge,100,0.003521130398579153,0.0006089468388824689
2018-08-14,1,ridge,100,-0.0003101897352077998,0.00042926705867112286
2018-08-15,1,ridge,100,-0.0006206682727434298,0.0008145658506665717
2018-08-16,1,ridge,100,-0.005603418210258226,0.00022615886455700087
2018-08-17,1,ridge,100,-0.002083334086854016,0.0002539198421854846
2018-08-20,1,ridge,100,-0.006695986516677799,0.00037868817296755235
2018-08-21,1,ridge,100,-0.001155401630556163,0.00033797242726910564
2018-08-22,1,ridge,100,0.005450175947917302,0.0005407060963426844
2018-08-23,1,ridge,100,-0.005450175947917302,0.0005208539198205172
2018-08-24,1,ridge,100,-0.003896177202716622,0.00036983772210034217
2018-08-27,1,ridge,100,-0.0006332454037467627,0.00023837181261853732
2018-08-28,1,ridge,100,-0.001267695077863173,0.0005711562509997392
2018-08-29,1,ridge,100,0.001267695077863173,0.0005009572103319497
2018-08-30,1,ridge,100,0.004424319868440385,0.0008026740292392742
2018-08-31,1,ridge,100,0.0,0.0007130676300779437
2018-09-03,1,ridge,100,0.00314828678552459,0.0006750610496628084
2018-09-04,1,ridge,100,-0.002727942096695912,0.0006388245825103678
2018-09-05,1,ridge,100,-0.001682439934189262,0.0007775770419615487
2018-09-06,1,ridge,100,0.003571807558264695,0.0007246003564973789
2018-09-07,1,ridge,100,-0.002204609574881111,0.0006355157268206661
2018-09-10,1,ridge,100,0.001050420264651741,0.0005226213471413501
2018-09-11,1,ridge,100,-0.00473560474583401,0.0003609969035856305
2018-09-12,1,ridge,100,-0.002957956942269746,0.0005150326795883128
2018-09-13,1,ridge,100,0.004328325575000846,0.00030815374221294966
2018-09-14,1,ridge,100,-0.004539943394010315,0.0004434562873197076
2018-09-17,1,ridge,100,0.00148038517043414,0.0004873610187148535
2018-09-18,1,ridge,100,-0.001057194305040809,0.00037491558962024165
2018-09-19,1,ridge,100,-0.006686148548568305,0.0003416092964690521
2018-09-20,1,ridge,100,0.003295596455372696,0.00034907252152966426
2018-09-21,1,ridge,100,-0.0003184544371688247,0.00048492357557079714
2018-09-24,1,ridge,100,-0.0006372132755974036,0.0005845081039400832
2018-09-25,1,ridge,100,0.0006372132755974036,0.000528968655691475
2018-09-26,1,ridge,100,0.007404307150941314,0.0006006293188653352
2018-09-27,1,ridge,100,0.002526051232698556,0.0005753790308123544
2018-09-28,1,ridge,100,0.001785433441790829,0.0003798554054395677
2018-10-01,1,ridge,100,0.00220114338648969,9.133067872316343e-05
2018-10-02,1,ridge,100,0.002614107203071647,0.0005301688249801439
2018-10-03,1,ridge,100,-0.0001044331889623606,0.0003180203038086445
2018-10-04,1,ridge,100,-0.001358624862798585,0.000457545435910505
2018-10-05,1,ridge,100,0.001463058051760946,0.0003807322339756407
2018-10-08,1,ridge,100,-0.0009402915596421479,0.0003858356317474125
2018-10-09,1,ridge,100,-0.001673815643429499,0.0004031780676385751
2018-10-10,1,ridge,100,-0.005143558287871386,0.00068097152554756
2018-10-11,1,ridge,100,0.002102608007597873,0.0008965556386100776
2018-10-12,1,ridge,100,-0.001681732580509632,6.769779232451017e-05
2018-10-15,1,ridge,100,-0.0001052022514249629,0.0005398332864176439
2018-10-16,1,ridge,100,0.00556052421557407,-4.951819108350267e-05
2018-10-17,1,ridge,100,0.003342388739380198,0.0004417885081410153
2018-10-18,1,ridge,100,-0.001983195681577676,0.0006173893317173953
2018-08-24,1,ridge,101,-0.003896177202716622,0.0003830909277531029
2018-08-27,1,ridge,101,-0.0006332454037467627,0.00024675983583444814
2018-08-28,1,ridge,101,-0.001267695077863173,0.0005840765642771682
2018-08-29,1,ridge,101,0.001267695077863173,0.0005286195167906226
2018-08-30,1,ridge,101,0.004424319868440385,0.000828150748544895
2018-08-31,1,ridge,101,0.0,0.0007359331366054802
2018-09-03,1,ridge,101,0.00314828678552459,0.0006965909560278616
2018-09-04,1,ridge,101,-0.002727942096695912,0.0006711060299628497
2018-09-05,1,ridge,101,-0.001682439934189262,0.0008163535571855487
2018-09-06,1,ridge,101,0.003571807558264695,0.000741238596052106
2018-09-07,1,ridge,101,-0.002204609574881111,0.0006605055208075748
2018-09-10,1,ridge,101,0.001050420264651741,0.0005504453638744422
2018-09-11,1,ridge,101,-0.00473560474583401,0.0003812179068178119
2018-09-12,1,ridge,101,-0.002957956942269746,0.0005388148437512714
2018-09-13,1,ridge,101,0.004328325575000846,0.00033406531236578816
2018-09-14,1,ridge,101,-0.004539943394010315,0.000465963919510126
2018-09-17,1,ridge,101,0.00148038517043414,0.0004956675404947066
2018-09-18,1,ridge,101,-0.001057194305040809,0.0004023510780992323
2018-09-19,1,ridge,101,-0.006686148548568305,0.0003622712202466163
2018-09-20,1,ridge,101,0.003295596455372696,0.0003734657347130433
2018-09-21,1,ridge,101,-0.0003184544371688247,0.0004989712373498639
2018-09-24,1,ridge,101,-0.0006372132755974036,0.0006098335540497248
2018-09-25,1,ridge,101,0.0006372132755974036,0.000559709957760303
2018-09-26,1,ridge,101,0.007404307150941314,0.0006327964614991797
2018-09-27,1,ridge,101,0.002526051232698556,0.000611375256619002
2018-09-28,1,ridge,101,0.001785433441790829,0.0003912556818283973
2018-10-01,1,ridge,101,0.00220114338648969,9.640677840328925e-05
2018-10-02,1,ridge,101,0.002614107203071647,0.0005630811322752562
2018-10-03,1,ridge,101,-0.0001044331889623606,0.0003473733473651621
2018-10-04,1,ridge,101,-0.001358624862798585,0.0004872336849891792
2018-10-05,1,ridge,101,0.001463058051760946,0.0004183704206793159
2018-10-08,1,ridge,101,-0.0009402915596421479,0.00041379073149213453
2018-10-09,1,ridge,101,-0.001673815643429499,0.00044785904662310804
2018-10-10,1,ridge,101,-0.005143558287871386,0.0007034649637238725
2018-10-11,1,ridge,101,0.002102608007597873,0.0009305798260177023
2018-10-12,1,ridge,101,-0.001681732580509632,8.422723681414499e-05
2018-10-15,1,ridge,101,-0.0001052022514249629,0.0005689550337080482
2018-10-16,1,ridge,101,0.00556052421557407,-3.297590877573422e-05
2018-10-17,1,ridge,101,0.003342388739380198,0.000478867753024132
2018-10-18,1,ridge,101,-0.001983195681577676,0.0006493465868681037
2018-10-19,1,ridge,101,0.003129566501717918,0.00024749149857543573
2018-10-22,1,ridge,101,-0.0005209147380389467,0.00027156946746329625
2018-10-23,1,ridge,101,0.004885918550798785,0.0007256199537667152
2018-10-24,1,ridge,101,0.002589199312989621,0.0007786649719760475
2018-10-25,1,ridge,101,-0.003315378088611709,0.00011446797978793854
2018-10-26,1,ridge,101,0.002280502698725151,0.0006076457018071737
2018-10-29,1,ridge,101,0.004442385527796411,0.00038260798240629393
2018-10-30,1,ridge,101,0.001236221441047292,9.027806522128709e-05
2018-10-31,1,ridge,101,-0.008789674499368516,-8.148858446839654e-05
2018-11-01,1,ridge,101,0.002696817317476174,8.268937995042295e-05
2018-11-02,1,ridge,101,-0.002696817317476174,0.0002300953497594042
2018-11-05,1,ridge,101,0.0004153686456396244,0.00046675524382095096
2018-11-06,1,ridge,101,-0.003327790092674476,0.00019455388762538902
2018-11-07,1,ridge,101,0.007472014838700858,0.0002558932436978365
2018-11-08,1,ridge,101,0.001962506439921796,0.0005073693676375537
2018-11-09,1,ridge,101,0.006479837535447786,0.0007901578021287067
2018-11-12,1,ridge,101,-0.002463561089947497,0.0007910561571437903
2018-11-13,1,ridge,101,-0.005151994909427415,0.00041103424724871673
2018-11-14,1,ridge,101,0.001342074221985179,0.0006170033421003898
2018-11-15,1,ridge,101,-0.004756989322054928,0.00028805437670967543
2018-09-21,1,ridge,102,-0.0003184544371688247,0.00048766894460558214
2018-09-24,1,ridge,102,-0.0006372132755974036,0.0006037901692802802
2018-09-25,1,ridge,102,0.0006372132755974036,0.0005541713256173532
2018-09-26,1,ridge,102,0.007404307150941314,0.0006256418700287538
2018-09-27,1,ridge,102,0.002526051232698556,0.0006030800748284823
2018-09-28,1,ridge,102,0.001785433441790829,0.0003809657299573329
2018-10-01,1,ridge,102,0.00220114338648969,8.617788269143427e-05
2018-10-02,1,ridge,102,0.002614107203071647,0.0005546775682316075
2018-10-03,1,ridge,102,-0.0001044331889623606,0.00033573384877846234
2018-10-04,1,ridge,102,-0.001358624862798585,0.0004872144130828248
2018-10-05,1,ridge,102,0.001463058051760946,0.0004114307266203538
2018-10-08,1,ridge,102,-0.0009402915596421479,0.00041560697423615714
2018-10-09,1,ridge,102,-0.001673815643429499,0.0004363795913898418
2018-10-10,1,ridge,102,-0.005143558287871386,0.0007053295490568963
2018-10-11,1,ridge,102,0.002102608007597873,0.000942087302968827
2018-10-12,1,ridge,102,-0.001681732580509632,7.370845876438653e-05
2018-10-15,1,ridge,102,-0.0001052022514249629,0.0005639200471551664
2018-10-16,1,ridge,102,0.00556052421557407,-4.329858289935887e-05
2018-10-17,1,ridge,102,0.003342388739380198,0.0004691344514162405
2018-10-18,1,ridge,102,-0.001983195681577676,0.0006468918963024463
2018-10-19,1,ridge,102,0.003129566501717918,0.00023345224247251872
2018-10-22,1,ridge,102,-0.0005209147380389467,0.00025548056607617594
2018-10-23,1,ridge,102,0.004885918550798785,0.0007310704752524355
2018-10-24,1,ridge,102,0.002589199312989621,0.0007696174100113373
2018-10-25,1,ridge,102,-0.003315378088611709,0.00010547924512837692
2018-10-26,1,ridge,102,0.002280502698725151,0.0006019091960117395
2018-10-29,1,ridge,102,0.004442385527796411,0.000377310581379411
2018-10-30,1,ridge,102,0.001236221441047292,7.73156421518006e-05
2018-10-31,1,ridge,102,-0.008789674499368516,-9.332520731697555e-05
2018-11-01,1,ridge,102,0.002696817317476174,7.736149977451471e-05
2018-11-02,1,ridge,102,-0.002696817317476174,0.0002104946678576903
2018-11-05,1,ridge,102,0.0004153686456396244,0.0004637285172378778
2018-11-06,1,ridge,102,-0.003327790092674476,0.00018765118727476617
2018-11-07,1,ridge,102,0.007472014838700858,0.0002421113579758538
2018-11-08,1,ridge,102,0.001962506439921796,0.0004946742273894886
2018-11-09,1,ridge,102,0.006479837535447786,0.0007841835646145241
2018-11-12,1,ridge,102,-0.002463561089947497,0.0007786723601086552
2018-11-13,1,ridge,102,-0.005151994909427415,0.00041509821088418406
2018-11-14,1,ridge,102,0.001342074221985179,0.0006090154413285696
2018-11-15,1,ridge,102,-0.004756989322054928,0.0002731797115345364
2018-11-16,1,ridge,102,-0.002906677017938009,0.0005296451573442212
2018-11-19,1,ridge,102,0.006734729905334191,0.0008337066408691314
2018-11-20,1,ridge,102,-0.001343322340986219,0.0010150314283116002
2018-11-21,1,ridge,102,0.0,0.0002215217704374904
2018-11-22,1,ridge,102,0.00216908621945322,0.0005051122084507242
2018-11-23,1,ridge,102,0.001546471775809799,0.000753023565077968
2018-11-26,1,ridge,102,0.003085787266529749,-0.0002219021555522658
2018-11-27,1,ridge,102,-0.005974471829667038,0.00049355130468481
2018-11-28,1,ridge,102,-0.00010332179582484,9.65197882324539e-06
2018-11-29,1,ridge,102,0.005050255516175994,0.00046266933534626234
2018-11-30,1,ridge,102,-0.002367352245554066,0.0004744393652787119
2018-12-03,1,ridge,102,-0.0007216123193396484,-0.0001477041826821472
2018-12-04,1,ridge,102,0.00103071540767985,0.0009634877272262221
2018-12-05,1,ridge,102,-0.002682072992154616,0.0005387594899426933
2018-12-06,1,ridge,102,-0.003103664812935669,0.0006849898127277354
2018-12-07,1,ridge,102,0.00732982169826446,0.0007863859109037729
2018-12-10,1,ridge,102,0.001747084355798734,0.000693332338787983
2018-12-11,1,ridge,102,-0.00360027133731311,0.00042364929220396367
2018-12-12,1,ridge,102,0.000206079341275256,0.0001884206657714329
2018-12-13,1,ridge,102,0.003907459984517025,0.00014187905488516664
2018-10-19,1,ridge,103,0.003129566501717918,0.0002620519904194277
2018-10-22,1,ridge,103,-0.0005209147380389467,0.00028051680897587356
2018-10-23,1,ridge,103,0.004885918550798785,0.0007601309979213789
2018-10-24,1,ridge,103,0.002589199312989621,0.0007900454672534532
2018-10-25,1,ridge,103,-0.003315378088611709,0.00013574718600446614
2018-10-26,1,ridge,103,0.002280502698725151,0.0006243862611153955
2018-10-29,1,ridge,103,0.004442385527796411,0.0004042484231076549
2018-10-30,1,ridge,103,0.001236221441047292,0.00010911259986096566
2018-10-31,1,ridge,103,-0.008789674499368516,-6.787335224638297e-05
2018-11-01,1,ridge,103,0.002696817317476174,0.00010652484972056739
2018-11-02,1,ridge,103,-0.002696817317476174,0.0002415744972035846
2018-11-05,1,ridge,103,0.0004153686456396244,0.0004948525481775857
2018-11-06,1,ridge,103,-0.003327790092674476,0.00021783357496117428
2018-11-07,1,ridge,103,0.007472014838700858,0.00028723214440187723
2018-11-08,1,ridge,103,0.001962506439921796,0.0005326452932792019
2018-11-09,1,ridge,103,0.006479837535447786,0.0008192779257307191
2018-11-12,1,ridge,103,-0.002463561089947497,0.0008078870475089467
2018-11-13,1,ridge,103,-0.005151994909427415,0.00044370721460249506
2018-11-14,1,ridge,103,0.001342074221985179,0.0006393937794878118
2018-11-15,1,ridge,103,-0.004756989322054928,0.00030433212168787916
2018-11-16,1,ridge,103,-0.002906677017938009,0.0005601809488155338
2018-11-19,1,ridge,103,0.006734729905334191,0.0008654802153162243
2018-11-20,1,ridge,103,-0.001343322340986219,0.0010398950032736811
2018-11-21,1,ridge,103,0.0,0.00024991001917370597
2018-11-22,1,ridge,103,0.00216908621945322,0.000540009806652806
2018-11-23,1,ridge,103,0.001546471775809799,0.0007847586588755538
2018-11-26,1,ridge,103,0.003085787266529749,-0.00020158151525351427
2018-11-27,1,ridge,103,-0.005974471829667038,0.0005310890254516797
2018-11-28,1,ridge,103,-0.00010332179582484,4.015803193523255e-05
2018-11-29,1,ridge,103,0.005050255516175994,0.0004891962800177846
2018-11-30,1,ridge,103,-0.002367352245554066,0.0005082716875754077
2018-12-03,1,ridge,103,-0.0007216123193396484,-0.0001306455606447794
2018-12-04,1,ridge,103,0.00103071540767985,0.000976339379629677
2018-12-05,1,ridge,103,-0.002682072992154616,0.00055760004384999
2018-12-06,1,ridge,103,-0.003103664812935669,0.0006939057285349939
2018-12-07,1,ridge,103,0.00732982169826446,0.0007998228664102621
2018-12-10,1,ridge,103,0.001747084355798734,0.0007122067102428107
2018-12-11,1,ridge,103,-0.00360027133731311,0.0004409129871846884
2018-12-12,1,ridge,103,0.000206079341275256,0.00020904727804346728
2018-12-13,1,ridge,103,0.003907459984517025,0.00015222006801905122
2018-12-14,1,ridge,103,-0.003495428664307632,0.0009872110356412991
2018-12-17,1,ridge,103,0.0,0.0006564234993838073
2018-12-18,1,ridge,103,-0.0007211662600710156,0.0006531461942765333
2018-12-19,1,ridge,103,-0.007759596122337342,0.0005322395372254765
2018-12-20,1,ridge,103,0.007037909406133025,0.0010300293144340105
2018-12-21,1,ridge,103,-0.004237513446480712,0.0007224751021753798
2018-12-24,1,ridge,103,0.0,0.0009733249063651336
2018-12-25,1,ridge,103,0.00516530074049637,0.0006188092582469922
2018-12-26,1,ridge,103,-0.005890576636144118,-0.0004643985945293336
2018-12-27,1,ridge,103,-0.000829531362375846,0.0004125167279706792
2018-12-28,1,ridge,103,-0.002388742892109441,0.0005188772946749292
2018-12-31,1,ridge,103,0.0,0.00040736099170479213
2019-01-01,1,ridge,103,0.006736125787157654,0.0005486834160269229
2019-01-02,1,ridge,103,-0.005281428938775257,0.0009130143714928191
2019-01-03,1,ridge,103,-0.001350719723255622,0.0009249656564929938
2019-01-04,1,ridge,103,-0.005316666159441041,8.81672453102721e-05
2019-01-07,1,ridge,103,0.00240121219931666,0.00045730101413606696
2019-01-08,1,ridge,103,-0.007115978123019673,0.0005083459871763662
2019-01-09,1,ridge,103,0.003355004195443101,0.0005322724248524218
2019-01-10,1,ridge,103,0.001359761728259912,0.0007776158025757214
2018-11-16,1,ridge,104,-0.002906677017938009,0.0005802559876556567
2018-11-19,1,ridge,104,0.006734729905334191,0.0008992392425539466
2018-11-20,1,ridge,104,-0.001343322340986219,0.0010212086864476622
2018-11-21,1,ridge,104,0.0,0.00022429910691484358
2018-11-22,1,ridge,104,0.00216908621945322,0.0005693966579172009
2018-11-23,1,ridge,104,0.001546471775809799,0.0007846674000988058
2018-11-26,1,ridge,104,0.003085787266529749,-0.0002903689035341232
2018-11-27,1,ridge,104,-0.005974471829667038,0.0005513210634942863
2018-11-28,1,ridge,104,-0.00010332179582484,2.1900663568677915e-05
2018-11-29,1,ridge,104,0.005050255516175994,0.000473761924710659
2018-11-30,1,ridge,104,-0.002367352245554066,0.0005089614351841582
2018-12-03,1,ridge,104,-0.0007216123193396484,-0.0001743567352366117
2018-12-04,1,ridge,104,0.00103071540767985,0.0009910765918170897
2018-12-05,1,ridge,104,-0.002682072992154616,0.0005692042581338671
2018-12-06,1,ridge,104,-0.003103664812935669,0.0007017784153474411
2018-12-07,1,ridge,104,0.00732982169826446,0.0007976045607229349
2018-12-10,1,ridge,104,0.001747084355798734,0.0007263036042930028
2018-12-11,1,ridge,104,-0.00360027133731311,0.0004183042327320094
2018-12-12,1,ridge,104,0.000206079341275256,0.0002007694612015629
2018-12-13,1,ridge,104,0.003907459984517025,0.00010089877564615021
2018-12-14,1,ridge,104,-0.003495428664307632,0.0010088955596900748
2018-12-17,1,ridge,104,0.0,0.0006453403539282013
2018-12-18,1,ridge,104,-0.0007211662600710156,0.0006537078989970475
2018-12-19,1,ridge,104,-0.007759596122337342,0.0005265828306887799
2018-12-20,1,ridge,104,0.007037909406133025,0.0010526117102637946
2018-12-21,1,ridge,104,-0.004237513446480712,0.0006927648600136796
2018-12-24,1,ridge,104,0.0,0.0009682647731223952
2018-12-25,1,ridge,104,0.00516530074049637,0.0006149529310884792
2018-12-26,1,ridge,104,-0.005890576636144118,-0.0004841722674215096
2018-12-27,1,ridge,104,-0.000829531362375846,0.00041097844359087757
2018-12-28,1,ridge,104,-0.002388742892109441,0.0005074492461815243
2018-12-31,1,ridge,104,0.0,0.0003915670599805176
2019-01-01,1,ridge,104,0.006736125787157654,0.0005200169577552623
2019-01-02,1,ridge,104,-0.005281428938775257,0.0009260277457512863
2019-01-03,1,ridge,104,-0.001350719723255622,0.000902743483080143
2019-01-04,1,ridge,104,-0.005316666159441041,6.114551484114175e-05
2019-01-07,1,ridge,104,0.00240121219931666,0.0004331533876479767
2019-01-08,1,ridge,104,-0.007115978123019673,0.0004656984318835775
2019-01-09,1,ridge,104,0.003355004195443101,0.0005343123806819489
2019-01-10,1,ridge,104,0.001359761728259912,0.0007536547144570276
2019-01-11,1,ridge,104,-0.0006273525927209533,0.0007047519150030706
2019-01-14,1,ridge,104,0.004487354255697795,0.000919961393786223
2019-01-15,1,ridge,104,0.0002082248836252631,0.00043149255610642323
2019-01-16,1,ridge,104,0.0,0.0005889642032324374
2019-01-17,1,ridge,104,0.002910604965396857,0.0006356598205409435
2019-01-18,1,ridge,104,0.0,0.00037123499374763964
2019-01-21,1,ridge,104,-0.0004152823979950426,0.0005508028067485581
2019-01-22,1,ridge,104,-0.001870907935811239,0.0010941517716869349
2019-01-23,1,ridge,104,0.004981330350203983,0.0005693222842317427
2019-01-24,1,ridge,104,-0.008420445823672296,0.0005674418585073844
2019-01-25,1,ridge,104,-0.0004176673340445802,0.00029413280648704697
2019-01-28,1,ridge,104,0.0007308033942203807,0.0009767283756813587
2019-01-29,1,ridge,104,-0.00502198167829615,0.0007323952746370898
2019-01-30,1,ridge,104,0.002514143373332445,0.0003822608126092809
2019-01-31,1,ridge,104,0.0,0.0005540830911377413
2019-02-01,1,ridge,104,0.002820876341640854,0.0005742313221224057
2019-02-04,1,ridge,104,0.002292622929993549,0.00039731465397513263
2019-02-05,1,ridge,104,0.003325369374230114,0.0007351030349809795
2019-02-06,1,ridge,104,0.001244168123167633,0.0005030553221310672
2019-02-07,1,ridge,104,0.001346104267460291,0.0008868528585149064
2018-12-14,1,ridge,105,-0.003495428664307632,0.0009988177137870357
2018-12-17,1,ridge,105,0.0,0.0006526570597572165
2018-12-18,1,ridge,105,-0.0007211662600710156,0.0006401172062218898
2018-12-19,1,ridge,105,-0.007759596122337342,0.0005466825302459676
2018-12-20,1,ridge,105,0.007037909406133025,0.0010467273679189675
2018-12-21,1,ridge,105,-0.004237513446480712,0.0007098935253074283
2018-12-24,1,ridge,105,0.0,0.0009666471091493696
2018-12-25,1,ridge,105,0.00516530074049637,0.0006204832848926234
2018-12-26,1,ridge,105,-0.005890576636144118,-0.00046806871600550156
2018-12-27,1,ridge,105,-0.000829531362375846,0.0004096476159714005
2018-12-28,1,ridge,105,-0.002388742892109441,0.0005267495366831699
2018-12-31,1,ridge,105,0.0,0.0003997646866616371
2019-01-01,1,ridge,105,0.006736125787157654,0.000527912587407785
2019-01-02,1,ridge,105,-0.005281428938775257,0.0009221690890885409
2019-01-03,1,ridge,105,-0.001350719723255622,0.0009159923641856057
2019-01-04,1,ridge,105,-0.005316666159441041,6.574966010593225e-05
2019-01-07,1,ridge,105,0.00240121219931666,0.0004459224443888255
2019-01-08,1,ridge,105,-0.007115978123019673,0.00048387129851245816
2019-01-09,1,ridge,105,0.003355004195443101,0.0005512160330093886
2019-01-10,1,ridge,105,0.001359761728259912,0.000762336166747009
2019-01-11,1,ridge,105,-0.0006273525927209533,0.000707537593526228
2019-01-14,1,ridge,105,0.004487354255697795,0.0009180021666207712
2019-01-15,1,ridge,105,0.0002082248836252631,0.0004370203755326175
2019-01-16,1,ridge,105,0.0,0.0005946826396700094
2019-01-17,1,ridge,105,0.002910604965396857,0.0006330970582625108
2019-01-18,1,ridge,105,0.0,0.00038420477428706765
2019-01-21,1,ridge,105,-0.0004152823979950426,0.0005578044933132776
2019-01-22,1,ridge,105,-0.001870907935811239,0.0010826496682372466
2019-01-23,1,ridge,105,0.004981330350203983,0.0005703689713021951
2019-01-24,1,ridge,105,-0.008420445823672296,0.0005725355538037237
2019-01-25,1,ridge,105,-0.0004176673340445802,0.0003077237404255754
2019-01-28,1,ridge,105,0.0007308033942203807,0.0009729489545137956
2019-01-29,1,ridge,105,-0.00502198167829615,0.0007441820188651279
2019-01-30,1,ridge,105,0.002514143373332445,0.00039779519773651276
2019-01-31,1,ridge,105,0.0,0.0005617071150557083
2019-02-01,1,ridge,105,0.002820876341640854,0.0005801330245117967
2019-02-04,1,ridge,105,0.002292622929993549,0.0004058510417919007
2019-02-05,1,ridge,105,0.003325369374230114,0.0007258894402961893
2019-02-06,1,ridge,105,0.001244168123167633,0.0005104908763376686
2019-02-07,1,ridge,105,0.001346104267460291,0.0008723355650123517
2019-02-08,1,ridge,105,0.004336609790565049,0.0006426836867373916
2019-02-11,1,ridge,105,-0.003612534248198074,0.0005919491273833431
2019-02-12,1,ridge,105,0.004333477685367626,0.00027428967119497985
2019-02-13,1,ridge,105,-0.001545515737033654,0.0002873665344576708
2019-02-14,1,ridge,105,-0.000825252780485286,0.0007323106135780387
2019-02-15,1,ridge,105,0.0,0.0003936784395600183
2019-02-18,1,ridge,105,-0.003929278139889192,0.00034132368255781705
2019-02-19,1,ridge,105,-0.0007255014050935316,0.00044130609020917794
2019-02-20,1,ridge,105,0.00165751617768084,0.0004984186763320133
2019-02-21,1,ridge,105,-0.001035625610374069,0.0005477566448989763
2019-02-22,1,ridge,105,-0.00103669924275529,0.0003632555419710294
2019-02-25,1,ridge,105,-0.004261739208453186,0.0005394900694729523
2019-02-26,1,ridge,105,0.001561280566952483,0.0005987573302586094
2019-02-27,1,ridge,105,0.0001039987521087582,0.0004485136437130637
2019-02-28,1,ridge,105,0.003840370073626254,0.000647279221705445
2019-03-01,1,ridge,105,0.001552714974758729,0.000397710235722935
2019-03-04,1,ridge,105,0.001963317603011383,0.0005549168184098144
2019-03-05,1,ridge,105,0.0,0.00039730796213112446
2019-03-06,1,ridge,105,0.008224576021092389,0.0006323486804786339
2019-03-07,1,ridge,105,-0.003692690625488382,0.0006594015834544111
2019-01-11,1,ridge,106,-0.0006273525927209533,0.0006878638383485517
2019-01-14,1,ridge,106,0.004487354255697795,0.0009018265864896815
2019-01-15,1,ridge,106,0.0002082248836252631,0.00039036481791687315
2019-01-16,1,ridge,106,0.0,0.0005605072087988563
2019-01-17,1,ridge,106,0.002910604965396857,0.0006056527222164036
2019-01-18,1,ridge,106,0.0,0.0003203458375568545
2019-01-21,1,ridge,106,-0.0004152823979950426,0.0005239643325178585
2019-01-22,1,ridge,106,-0.001870907935811239,0.0010764313338484542
2019-01-23,1,ridge,106,0.004981330350203983,0.0005486624572444502
2019-01-24,1,ridge,106,-0.008420445823672296,0.0005296051567636706
2019-01-25,1,ridge,106,-0.0004176673340445802,0.0002859594518682298
2019-01-28,1,ridge,106,0.0007308033942203807,0.0009684634932508606
2019-01-29,1,ridge,106,-0.00502198167829615,0.0007031726664436188
2019-01-30,1,ridge,106,0.002514143373332445,0.0003607346373753002
2019-01-31,1,ridge,106,0.0,0.0005296959849837319
2019-02-01,1,ridge,106,0.002820876341640854,0.000536553614220691
2019-02-04,1,ridge,106,0.002292622929993549,0.0003656491586675016
2019-02-05,1,ridge,106,0.003325369374230114,0.0006957178446015525
2019-02-06,1,ridge,106,0.001244168123167633,0.0004689313245096871
2019-02-07,1,ridge,106,0.001346104267460291,0.0008689705243402098
2019-02-08,1,ridge,106,0.004336609790565049,0.0006185349361859407
2019-02-11,1,ridge,106,-0.003612534248198074,0.0005509323371131014
2019-02-12,1,ridge,106,0.004333477685367626,0.00023774172161519194
2019-02-13,1,ridge,106,-0.001545515737033654,0.00023157021404251424
2019-02-14,1,ridge,106,-0.000825252780485286,0.0007105240822086003
2019-02-15,1,ridge,106,0.0,0.00034334034278993145
2019-02-18,1,ridge,106,-0.003929278139889192,0.0003080270527026516
2019-02-19,1,ridge,106,-0.0007255014050935316,0.000416660811346718
2019-02-20,1,ridge,106,0.00165751617768084,0.0004624365841805836
2019-02-21,1,ridge,106,-0.001035625610374069,0.0005106113537696543
2019-02-22,1,ridge,106,-0.00103669924275529,0.00032885651354117376
2019-02-25,1,ridge,106,-0.004261739208453186,0.0005288131212023637
2019-02-26,1,ridge,106,0.001561280566952483,0.000577619442335577
2019-02-27,1,ridge,106,0.0001039987521087582,0.00040249415525843034
2019-02-28,1,ridge,106,0.003840370073626254,0.0006153056951331645
2019-03-01,1,ridge,106,0.001552714974758729,0.0003645645694762286
2019-03-04,1,ridge,106,0.001963317603011383,0.0005166430831927009
2019-03-05,1,ridge,106,0.0,0.0003540497170290372
2019-03-06,1,ridge,106,0.008224576021092389,0.0006101244922494996
2019-03-07,1,ridge,106,-0.003692690625488382,0.000610814789033671
2019-03-08,1,ridge,106,-0.0009253072165886778,0.0007958274707732155
2019-03-11,1,ridge,106,-0.002884221200079473,5.794662105743434e-06
2019-03-12,1,ridge,106,-0.004031221542706298,0.0004152671410541798
2019-03-13,1,ridge,106,0.002379352490649467,0.0003552735124628374
2019-03-14,1,ridge,106,-0.001965145173968175,0.0006066690849706653
2019-03-15,1,ridge,106,-0.0007249754343732207,0.0003463990558914029
2019-03-18,1,ridge,106,-0.001451529544644892,0.000329445792437401
2019-03-19,1,ridge,106,-0.006453649962468333,0.0004952569203691242
2019-03-20,1,ridge,106,0.007697947095222091,0.0006945827709882383
2019-03-21,1,ridge,106,0.001553197309399401,0.000474931315051209
2019-03-22,1,ridge,106,-0.0008280716755129092,0.0008975733228424648
2019-03-25,1,ridge,106,0.001758833416010575,0.000839156493880043
2019-03-26,1,ridge,106,0.0003100614980136029,0.00037407016091385104
2019-03-27,1,ridge,106,0.004433682573542264,0.0006107614204747561
2019-03-28,1,ridge,106,0.0008227067514638975,0.0006772824800276953
2019-03-29,1,ridge,106,-0.0005141123962912886,0.0002290093711919768
2019-04-01,1,ridge,106,0.001336142857706335,0.0001912525937417387
2019-04-02,1,ridge,106,-0.002777065297218329,0.0005673857644557964
2019-04-03,1,ridge,106,0.002263375451843963,0.00043126130784418846
2019-04-04,1,ridge,106,0.0008217771392100559,0.0005571291311075478
2019-02-08,1,ridge,107,0.004336609790565049,0.0006820898688152657
2019-02-11,1,ridge,107,-0.003612534248198074,0.0006117969299241732
2019-02-12,1,ridge,107,0.004333477685367626,0.000299457559377299
2019-02-13,1,ridge,107,-0.001545515737033654,0.00028822197990284546
2019-02-14,1,ridge,107,-0.000825252780485286,0.0007727494569290307
2019-02-15,1,ridge,107,0.0,0.00040694877515700957
2019-02-18,1,ridge,107,-0.003929278139889192,0.00036735872943090926
2019-02-19,1,ridge,107,-0.0007255014050935316,0.00048181278320119945
2019-02-20,1,ridge,107,0.00165751617768084,0.0005211057220077454
2019-02-21,1,ridge,107,-0.001035625610374069,0.0005742357697577556
2019-02-22,1,ridge,107,-0.00103669924275529,0.00039059228281248474
2019-02-25,1,ridge,107,-0.004261739208453186,0.0005924700470606146
2019-02-26,1,ridge,107,0.001561280566952483,0.0006452177356691502
2019-02-27,1,ridge,107,0.0001039987521087582,0.00046268333715372717
2019-02-28,1,ridge,107,0.003840370073626254,0.0006786447251134
2019-03-01,1,ridge,107,0.001552714974758729,0.00042922485242230486
2019-03-04,1,ridge,107,0.001963317603011383,0.0005760103897774836
2019-03-05,1,ridge,107,0.0,0.0004168302932818422
2019-03-06,1,ridge,107,0.008224576021092389,0.0006742502851296856
2019-03-07,1,ridge,107,-0.003692690625488382,0.0006725143106404196
2019-03-08,1,ridge,107,-0.0009253072165886778,0.0008666442693003936
2019-03-11,1,ridge,107,-0.002884221200079473,6.98685668972588e-05
2019-03-12,1,ridge,107,-0.004031221542706298,0.0004759222572988848
2019-03-13,1,ridge,107,0.002379352490649467,0.00042040707905080304
2019-03-14,1,ridge,107,-0.001965145173968175,0.0006696443796400396
2019-03-15,1,ridge,107,-0.0007249754343732207,0.00041038990195156264
2019-03-18,1,ridge,107,-0.001451529544644892,0.00038981593671903205
2019-03-19,1,ridge,107,-0.006453649962468333,0.0005621642278165923
2019-03-20,1,ridge,107,0.007697947095222091,0.0007601501139994838
2019-03-21,1,ridge,107,0.001553197309399401,0.0005395304885448433
2019-03-22,1,ridge,107,-0.0008280716755129092,0.0009659970796360054
2019-03-25,1,ridge,107,0.001758833416010575,0.0009103798875973817
2019-03-26,1,ridge,107,0.0003100614980136029,0.00043561511428430146
2019-03-27,1,ridge,107,0.004433682573542264,0.00067701531398472
2019-03-28,1,ridge,107,0.0008227067514638975,0.0007417067542458799
2019-03-29,1,ridge,107,-0.0005141123962912886,0.00028791684074375254
2019-04-01,1,ridge,107,0.001336142857706335,0.0002496635118189589
2019-04-02,1,ridge,107,-0.002777065297218329,0.0006299554043206249
2019-04-03,1,ridge,107,0.002263375451843963,0.0004914675789819778
2019-04-04,1,ridge,107,0.0008217771392100559,0.0006194690218119457
2019-04-05,1,ridge,107,-0.003497226358088135,0.0005816978925145902
2019-04-08,1,ridge,107,-0.0004122436418274589,0.000499734424027498
2019-04-09,1,ridge,107,-0.0006186842845314899,0.0007409060400590069
2019-04-10,1,ridge,107,0.002369547289096552,0.0005256462344527725
2019-04-11,1,ridge,107,-0.002163276661302227,0.0007790075802833352
2019-04-12,1,ridge,107,-0.0003094218992254483,0.0003459207005810169
2019-04-15,1,ridge,107,0.001031034218565097,0.0005834543146531837
2019-04-16,1,ridge,107,-0.0003091986626024834,0.0005287948188718324
2019-04-17,1,ridge,107,0.004730572375926556,0.0005011087476625256
2019-04-18,1,ridge,107,-0.0009237875945640184,0.0006191416873589349
2019-04-19,1,ridge,107,-0.0009246417672184037,0.0005352229187931012
2019-04-22,1,ridge,107,0.003591036537422987,0.0003814026604591201
2019-04-23,1,ridge,107,0.005413424179670834,0.000416050638271339
2019-04-24,1,ridge,107,0.0003055456559897252,0.000561335242429083
2019-04-25,1,ridge,107,-0.001936701079331193,0.0005792598563311693
2019-04-26,1,ridge,107,-0.001531628420111453,0.000534619989601479
2019-04-29,1,ridge,107,-0.003890657103971407,0.0003490346642785843
2019-04-30,1,ridge,107,0.002151970907845246,0.000584439293786552
2019-05-01,1,ridge,107,0.001432078804486814,0.000655377057393206
2019-05-02,1,ridge,107,-0.003173793296321392,0.0008642556485542235
2019-03-08,1,ridge,108,-0.0009253072165886778,0.0009287464526610755
2019-03-11,1,ridge,108,-0.002884221200079473,9.735658848137994e-05
2019-03-12,1,ridge,108,-0.004031221542706298,0.0005224070038341326
2019-03-13,1,ridge,108,0.002379352490649467,0.0004686513985253278
2019-03-14,1,ridge,108,-0.001965145173968175,0.0007159269515757942
2019-03-15,1,ridge,108,-0.0007249754343732207,0.00044631382354051426
2019-03-18,1,ridge,108,-0.001451529544644892,0.00042082866763309284
2019-03-19,1,ridge,108,-0.006453649962468333,0.0006047034577823979
2019-03-20,1,ridge,108,0.007697947095222091,0.000806926538339542
2019-03-21,1,ridge,108,0.001553197309399401,0.0005762447971394348
2019-03-22,1,ridge,108,-0.0008280716755129092,0.0010097339356943645
2019-03-25,1,ridge,108,0.001758833416010575,0.0009642539617690785
2019-03-26,1,ridge,108,0.0003100614980136029,0.00047312966263290637
2019-03-27,1,ridge,108,0.004433682573542264,0.0007140351524711143
2019-03-28,1,ridge,108,0.0008227067514638975,0.0007924967203996899
2019-03-29,1,ridge,108,-0.0005141123962912886,0.00031267115465901654
2019-04-01,1,ridge,108,0.001336142857706335,0.00027905783136529516
2019-04-02,1,ridge,108,-0.002777065297218329,0.0006690501568591799
2019-04-03,1,ridge,108,0.002263375451843963,0.0005353695980471431
2019-04-04,1,ridge,108,0.0008217771392100559,0.0006554788169543372
2019-04-05,1,ridge,108,-0.003497226358088135,0.0006300829685554852
2019-04-08,1,ridge,108,-0.0004122436418274589,0.0005399994986002041
2019-04-09,1,ridge,108,-0.0006186842845314899,0.0007788664644276063
2019-04-10,1,ridge,108,0.002369547289096552,0.0005642693122278942
2019-04-11,1,ridge,108,-0.002163276661302227,0.0008259997139670608
2019-04-12,1,ridge,108,-0.0003094218992254483,0.0003806882323513384
2019-04-15,1,ridge,108,0.001031034218565097,0.0006220411478149742
2019-04-16,1,ridge,108,-0.0003091986626024834,0.0005664911707825227
2019-04-17,1,ridge,108,0.004730572375926556,0.0005392522028101284
2019-04-18,1,ridge,108,-0.0009237875945640184,0.0006608893308582094
2019-04-19,1,ridge,108,-0.0009246417672184037,0.0005765898144735684
2019-04-22,1,ridge,108,0.003591036537422987,0.0004193017543288801
2019-04-23,1,ridge,108,0.005413424179670834,0.00046071993286929755
2019-04-24,1,ridge,108,0.0003055456559897252,0.0005994820866897164
2019-04-25,1,ridge,108,-0.001936701079331193,0.0006202197545793526
2019-04-26,1,ridge,108,-0.001531628420111453,0.0005782272903108155
2019-04-29,1,ridge,108,-0.003890657103971407,0.00038282604454816817
2019-04-30,1,ridge,108,0.002151970907845246,0.0006297883497380752
2019-05-01,1,ridge,108,0.001432078804486814,0.0006898589454807619
2019-05-02,1,ridge,108,-0.003173793296321392,0.0009266512304620747
2019-05-03,1,ridge,108,0.0,0.00034230907445277983
2019-05-06,1,ridge,108,0.001127338064563332,0.0009451343974532604
2019-05-07,1,ridge,108,-0.0001024327785783541,0.0009766229270219834
2019-05-08,1,ridge,108,-0.00256423546833684,0.0008558425750765932
2019-05-09,1,ridge,108,-0.0004108885522624561,0.0010872082587424824
2019-05-10,1,ridge,108,-0.0001027485230800096,0.0005447010044231011
2019-05-13,1,ridge,108,0.002155505068601293,0.0012788990559345036
2019-05-14,1,ridge,108,0.0004100461359355378,0.000651864697032726
2019-05-15,1,ridge,108,0.002967816741118234,0.0005779161687281911
2019-05-16,1,ridge,108,0.001429592809595093,0.0006685878772236379
2019-05-17,1,ridge,108,-0.0007145409378690459,0.0008772315874441438
2019-05-20,1,ridge,108,0.001326598490384079,0.0008688760489569784
2019-05-21,1,ridge,108,-0.0002039775631752505,0.0006220057779100656
2019-05-22,1,ridge,108,-0.001837672798934875,0.0008178575825951787
2019-05-23,1,ridge,108,-0.002557938674103255,0.0011582428057436622
2019-05-24,1,ridge,108,0.0,0.0005035652705226957
2019-05-27,1,ridge,108,0.003477197203675786,0.0007690286034782459
2019-05-28,1,ridge,108,0.00193788627120739,0.0008583205068929278
2019-05-29,1,ridge,108,0.0,0.0009322264158776847
2019-05-30,1,ridge,108,-0.003981831796282087,0.0008221501361494627
2019-04-05,1,ridge,109,-0.003497226358088135,0.0006521304407245903
2019-04-08,1,ridge,109,-0.0004122436418274589,0.0005634650728644423
2019-04-09,1,ridge,109,-0.0006186842845314899,0.0008016800851437004
2019-04-10,1,ridge,109,0.002369547289096552,0.0005883988887710938
2019-04-11,1,ridge,109,-0.002163276661302227,0.0008496512180315314
2019-04-12,1,ridge,109,-0.0003094218992254483,0.00039942500581140357
2019-04-15,1,ridge,109,0.001031034218565097,0.0006432139859271561
2019-04-16,1,ridge,109,-0.0003091986626024834,0.0005861363296476627
2019-04-17,1,ridge,109,0.004730572375926556,0.0005617608603954488
2019-04-18,1,ridge,109,-0.0009237875945640184,0.0006826873176662993
2019-04-19,1,ridge,109,-0.0009246417672184037,0.0005976614628461932
2019-04-22,1,ridge,109,0.003591036537422987,0.0004410140638797769
2019-04-23,1,ridge,109,0.005413424179670834,0.00048178624704899167
2019-04-24,1,ridge,109,0.0003055456559897252,0.0006220372108160677
2019-04-25,1,ridge,109,-0.001936701079331193,0.0006416127985822242
2019-04-26,1,ridge,109,-0.001531628420111453,0.0005987870883879573
2019-04-29,1,ridge,109,-0.003890657103971407,0.00040405414723592754
2019-04-30,1,ridge,109,0.002151970907845246,0.0006551598527514722
2019-05-01,1,ridge,109,0.001432078804486814,0.0007133746841001982
2019-05-02,1,ridge,109,-0.003173793296321392,0.0009506063673077397
2019-05-03,1,ridge,109,0.0,0.00036163125061823716
2019-05-06,1,ridge,109,0.001127338064563332,0.0009722471222589526
2019-05-07,1,ridge,109,-0.0001024327785783541,0.0010051660982069834
2019-05-08,1,ridge,109,-0.00256423546833684,0.0008821856137134038
2019-05-09,1,ridge,109,-0.0004108885522624561,0.0011163593756779492
2019-05-10,1,ridge,109,-0.0001027485230800096,0.0005651367557413997
2019-05-13,1,ridge,109,0.002155505068601293,0.0013059232938459845
2019-05-14,1,ridge,109,0.0004100461359355378,0.0006755206709407401
2019-05-15,1,ridge,109,0.002967816741118234,0.0005988400360857259
2019-05-16,1,ridge,109,0.001429592809595093,0.0006901464449430623
2019-05-17,1,ridge,109,-0.0007145409378690459,0.0009012370271110016
2019-05-20,1,ridge,109,0.001326598490384079,0.0008966727677979783
2019-05-21,1,ridge,109,-0.0002039775631752505,0.0006447071568583633
2019-05-22,1,ridge,109,-0.001837672798934875,0.0008400890591442147
2019-05-23,1,ridge,109,-0.002557938674103255,0.0011861617056666972
2019-05-24,1,ridge,109,0.0,0.0005253166088389971
2019-05-27,1,ridge,109,0.003477197203675786,0.000794123470118626
2019-05-28,1,ridge,109,0.00193788627120739,0.0008833333298670228
2019-05-29,1,ridge,109,0.0,0.000960444881480556
2019-05-30,1,ridge,109,-0.003981831796282087,0.0008445686054706738
2019-05-31,1,ridge,109,-0.006259961947876036,0.0011543156451044871
2019-06-03,1,ridge,109,-0.0007208691934641465,0.0009536359044618001
2019-06-04,1,ridge,109,0.002572150191187283,0.0005405696113819288
2019-06-05,1,ridge,109,-0.002881253279527485,0.0007100314163394886
2019-06-06,1,ridge,109,-0.005165834403447533,0.0008019337636997919
2019-06-07,1,ridge,109,0.002276255509479519,0.0005967061635971497
2019-06-10,1,ridge,109,-0.000723701246370112,0.0008115714089082366
2019-06-11,1,ridge,109,0.003200994007926283,0.0008565359181040184
2019-06-12,1,ridge,109,0.0001030874698093598,0.0012135333611628376
2019-06-13,1,ridge,109,0.005756003146666799,0.0007811718872775036
2019-06-14,1,ridge,109,-0.0001024957721398323,0.0010114321014204526
2019-06-17,1,ridge,109,0.0008196721770401538,0.000988037155127279
2019-06-18,1,ridge,109,-0.00533991821357116,0.0004891551216937007
2019-06-19,1,ridge,109,-0.00505807529997071,0.0008025416429202442
2019-06-20,1,ridge,109,-0.004252015739909965,0.0005470149002271109
2019-06-21,1,ridge,109,-0.002497399841208114,0.0010236414400761804
2019-06-24,1,ridge,109,0.001665626035714851,0.0012556976488711218
2019-06-25,1,ridge,109,0.0007278399073591402,0.001397549182866936
2019-06-26,1,ridge,109,-0.0002079002086494697,0.0008312416043826324
2019-06-27,1,ridge,109,-0.0006239600867994355,0.000924315017100021
2019-05-03,1,ridge,110,0.0,0.00036773841983783187
2019-05-06,1,ridge,110,0.001127338064563332,0.0009789602748286022
2019-05-07,1,ridge,110,-0.0001024327785783541,0.0010048963643325046
2019-05-08,1,ridge,110,-0.00256423546833684,0.0008823602006796899
2019-05-09,1,ridge,110,-0.0004108885522624561,0.0011109062304899527
2019-05-10,1,ridge,110,-0.0001027485230800096,0.0005691244784067659
2019-05-13,1,ridge,110,0.002155505068601293,0.0013037197857528738
2019-05-14,1,ridge,110,0.0004100461359355378,0.000679892322802788
2019-05-15,1,ridge,110,0.002967816741118234,0.0005990883884453998
2019-05-16,1,ridge,110,0.001429592809595093,0.000685857441156476
2019-05-17,1,ridge,110,-0.0007145409378690459,0.0009015041502047796
2019-05-20,1,ridge,110,0.001326598490384079,0.0008942985847493389
2019-05-21,1,ridge,110,-0.0002039775631752505,0.0006411900736420362
2019-05-22,1,ridge,110,-0.001837672798934875,0.0008358064412264758
2019-05-23,1,ridge,110,-0.002557938674103255,0.0011806980950442468
2019-05-24,1,ridge,110,0.0,0.0005334792943572129
2019-05-27,1,ridge,110,0.003477197203675786,0.0007905090915023448
2019-05-28,1,ridge,110,0.00193788627120739,0.0008782857598880487
2019-05-29,1,ridge,110,0.0,0.0009559631233827173
2019-05-30,1,ridge,110,-0.003981831796282087,0.0008385306658149471
2019-05-31,1,ridge,110,-0.006259961947876036,0.0011561982627145435
2019-06-03,1,ridge,110,-0.0007208691934641465,0.000951727208252005
2019-06-04,1,ridge,110,0.002572150191187283,0.0005465297085400399
2019-06-05,1,ridge,110,-0.002881253279527485,0.0007113321669761562
2019-06-06,1,ridge,110,-0.005165834403447533,0.0007973242752361304
2019-06-07,1,ridge,110,0.002276255509479519,0.0006049930208846152
2019-06-10,1,ridge,110,-0.000723701246370112,0.000803579837972734
2019-06-11,1,ridge,110,0.003200994007926283,0.0008534453719718002
2019-06-12,1,ridge,110,0.0001030874698093598,0.0012082500072697537
2019-06-13,1,ridge,110,0.005756003146666799,0.0007841302686937621
2019-06-14,1,ridge,110,-0.0001024957721398323,0.0010099904724844857
2019-06-17,1,ridge,110,0.0008196721770401538,0.0009781154351072097
2019-06-18,1,ridge,110,-0.00533991821357116,0.0004979007876255823
2019-06-19,1,ridge,110,-0.00505807529997071,0.0007923731237985335
2019-06-20,1,ridge,110,-0.004252015739909965,0.0005578708394143219
2019-06-21,1,ridge,110,-0.002497399841208114,0.0010286550888339002
2019-06-24,1,ridge,110,0.001665626035714851,0.0012497235938456095
2019-06-25,1,ridge,110,0.0007278399073591402,0.0013952084033369185
2019-06-26,1,ridge,110,-0.0002079002086494697,0.0008391223099472425
2019-06-27,1,ridge,110,-0.0006239600867994355,0.0009134800255948845
2019-06-28,1,ridge,110,0.007358689992133627,0.0008575150099017551
2019-07-01,1,ridge,110,-0.001136539875401965,0.0006302643378830099
2019-07-02,1,ridge,110,0.0004134366983947757,0.0009715759228917308
2019-07-03,1,ridge,110,0.0,0.0008125111825058563
2019-07-04,1,ridge,110,0.005359180094485438,0.0009888332624325479
2019-07-05,1,ridge,110,0.0009246417672184037,0.0009138735765890106
2019-07-08,1,ridge,110,0.001128957886625592,0.0010051382270333021
2019-07-09,1,ridge,110,-0.004008433343900997,0.0009519887865980835
2019-07-10,1,ridge,110,-0.0005150656822596744,0.0006263896801327524
2019-07-11,1,ridge,110,-0.00247601488303939,0.0006430994352630458
2019-07-12,1,ridge,110,0.001238773772536561,0.0008157706286298914
2019-07-15,1,ridge,110,0.004734467468590964,0.0009018146095868594
2019-07-16,1,ridge,110,-0.001747084355798734,0.0010221672277192578
2019-07-17,1,ridge,110,-0.004432768456311464,0.0008691155469641562
2019-07-18,1,ridge,110,0.003712492662451439,0.00095219353476187
2019-07-19,1,ridge,110,0.001131629152190783,0.000819914148772048
2019-07-22,1,ridge,110,0.004513754073097509,0.0008344463947113833
2019-07-23,1,ridge,110,0.0003070153020070521,0.0005791841261934862
2019-07-24,1,ridge,110,0.0009204807604668019,0.0007814076531229694
2019-07-25,1,ridge,110,0.001940459169877506,0.0009356140489415958
2019-05-31,1,ridge,111,-0.006259961947876036,0.0011437129585749571
2019-06-03,1,ridge,111,-0.0007208691934641465,0.0009515239891038151
2019-06-04,1,ridge,111,0.002572150191187283,0.0005457800554513142
2019-06-05,1,ridge,111,-0.002881253279527485,0.0007058314531158202
2019-06-06,1,ridge,111,-0.005165834403447533,0.0008007713295547069
2019-06-07,1,ridge,111,0.002276255509479519,0.0006086972159115233
2019-06-10,1,ridge,111,-0.000723701246370112,0.000807447854875882
2019-06-11,1,ridge,111,0.003200994007926283,0.0008576827474458901
2019-06-12,1,ridge,111,0.0001030874698093598,0.0012013273331032666
2019-06-13,1,ridge,111,0.005756003146666799,0.0007873051475712531
2019-06-14,1,ridge,111,-0.0001024957721398323,0.00101079742504651
2019-06-17,1,ridge,111,0.0008196721770401538,0.000978122114281945
2019-06-18,1,ridge,111,-0.00533991821357116,0.0005027542106556938
2019-06-19,1,ridge,111,-0.00505807529997071,0.0007964914049354484
2019-06-20,1,ridge,111,-0.004252015739909965,0.0005679321567630033
2019-06-21,1,ridge,111,-0.002497399841208114,0.001029390424563868
2019-06-24,1,ridge,111,0.001665626035714851,0.0012544683080243323
2019-06-25,1,ridge,111,0.0007278399073591402,0.001396197427848193
2019-06-26,1,ridge,111,-0.0002079002086494697,0.0008424171153991435
2019-06-27,1,ridge,111,-0.0006239600867994355,0.0009185718750944538
2019-06-28,1,ridge,111,0.007358689992133627,0.0008528634403910776
2019-07-01,1,ridge,111,-0.001136539875401965,0.0006361880748114067
2019-07-02,1,ridge,111,0.0004134366983947757,0.0009650009068575212
2019-07-03,1,ridge,111,0.0,0.0008151719897875939
2019-07-04,1,ridge,111,0.005359180094485438,0.0009872326763454937
2019-07-05,1,ridge,111,0.0009246417672184037,0.0009187525858191097
2019-07-08,1,ridge,111,0.001128957886625592,0.0010021161718726294
2019-07-09,1,ridge,111,-0.004008433343900997,0.0009536636534918967
2019-07-10,1,ridge,111,-0.0005150656822596744,0.0006320623091017036
2019-07-11,1,ridge,111,-0.00247601488303939,0.0006410906763485932
2019-07-12,1,ridge,111,0.001238773772536561,0.0008174688999961305
2019-07-15,1,ridge,111,0.004734467468590964,0.0009013799827614803
2019-07-16,1,ridge,111,-0.001747084355798734,0.001017687126577295
2019-07-17,1,ridge,111,-0.004432768456311464,0.0008644536284268974
2019-07-18,1,ridge,111,0.003712492662451439,0.00094551958928887
2019-07-19,1,ridge,111,0.001131629152190783,0.0008242430729433621
2019-07-22,1,ridge,111,0.004513754073097509,0.0008339375196352785
2019-07-23,1,ridge,111,0.0003070153020070521,0.0005811072732317237
2019-07-24,1,ridge,111,0.0009204807604668019,0.0007798519463187066
2019-07-25,1,ridge,111,0.001940459169877506,0.0009386663621640392
2019-07-26,1,ridge,111,0.0003060443788234224,0.0005619708226554417
2019-07-29,1,ridge,111,0.0001019939824429272,0.0008719778034456722
2019-07-30,1,ridge,111,0.004782020609981785,0.0006879903442653741
2019-07-31,1,ridge,111,-0.001523693727670583,0.0010830453976397505
2019-08-01,1,ridge,111,-0.003054370120437078,0.0011805270643882241
2019-08-02,1,ridge,111,-0.005624024231212665,0.0012501717892950126
2019-08-05,1,ridge,111,0.001127338064563332,0.0018228778804029238
2019-08-06,1,ridge,111,-0.0009222729556732645,0.0009559812354880673
2019-08-07,1,ridge,111,0.0008198401770949104,0.0011751769275460092
2019-08-08,1,ridge,111,-0.001332581817821143,0.0006639665258335889
2019-08-09,1,ridge,111,-0.001128957886625592,0.00115872750353654
2019-08-12,1,ridge,111,0.004405970547846749,0.0011880311266584597
2019-08-13,1,ridge,111,0.001838611345325702,0.0008869332712570894
2019-08-14,1,ridge,111,0.001529598014029965,0.001443387943049045
2019-08-15,1,ridge,111,0.0,0.001008606185815364
2019-08-16,1,ridge,111,0.002137514173311317,0.0007699849637043195
2019-08-19,1,ridge,111,-0.001628167653869639,0.0005016047018801382
2019-08-20,1,ridge,111,0.00111964997192171,0.001017398390896655
2019-08-21,1,ridge,111,-0.001323357448690388,0.0008259152013086918
2019-08-22,1,ridge,111,-0.005413424179670834,0.0010649314515674881
2019-06-28,1,ridge,112,0.007358689992133627,0.0007432161804893766
2019-07-01,1,ridge,112,-0.001136539875401965,0.0005401267776884269
2019-07-02,1,ridge,112,0.0004134366983947757,0.0008543728921326093
2019-07-03,1,ridge,112,0.0,0.0007117747061915097
2019-07-04,1,ridge,112,0.005359180094485438,0.0008821895546877246
2019-07-05,1,ridge,112,0.0009246417672184037,0.0008252316239201443
2019-07-08,1,ridge,112,0.001128957886625592,0.000903226927433433
2019-07-09,1,ridge,112,-0.004008433343900997,0.0008563846140279354
2019-07-10,1,ridge,112,-0.0005150656822596744,0.0005260850802970554
2019-07-11,1,ridge,112,-0.00247601488303939,0.0005338469143432685
2019-07-12,1,ridge,112,0.001238773772536561,0.0007153801573459392
2019-07-15,1,ridge,112,0.004734467468590964,0.0007997350650479631
2019-07-16,1,ridge,112,-0.001747084355798734,0.0009215220529331161
2019-07-17,1,ridge,112,-0.004432768456311464,0.000757986037856952
2019-07-18,1,ridge,112,0.003712492662451439,0.000839730561862159
2019-07-19,1,ridge,112,0.001131629152190783,0.0007253775997278333
2019-07-22,1,ridge,112,0.004513754073097509,0.0007358754572114538
2019-07-23,1,ridge,112,0.0003070153020070521,0.000483396496127743
2019-07-24,1,ridge,112,0.0009204807604668019,0.0006785457600773961
2019-07-25,1,ridge,112,0.001940459169877506,0.0008420328662965264
2019-07-26,1,ridge,112,0.0003060443788234224,0.0004577955215775655
2019-07-29,1,ridge,112,0.0001019939824429272,0.0007773168759473243
2019-07-30,1,ridge,112,0.004782020609981785,0.0005826062345229378
2019-07-31,1,ridge,112,-0.001523693727670583,0.0009894318604025487
2019-08-01,1,ridge,112,-0.003054370120437078,0.0010724588413247435
2019-08-02,1,ridge,112,-0.005624024231212665,0.0011478675469473506
2019-08-05,1,ridge,112,0.001127338064563332,0.0017195863554698531
2019-08-06,1,ridge,112,-0.0009222729556732645,0.0008469640594673055
2019-08-07,1,ridge,112,0.0008198401770949104,0.0010611266627176437
2019-08-08,1,ridge,112,-0.001332581817821143,0.0005607484598893902
2019-08-09,1,ridge,112,-0.001128957886625592,0.0010580849955443188
2019-08-12,1,ridge,112,0.004405970547846749,0.0010779656631592564
2019-08-13,1,ridge,112,0.001838611345325702,0.0007967192559375658
2019-08-14,1,ridge,112,0.001529598014029965,0.0013268651038398616
2019-08-15,1,ridge,112,0.0,0.0009004162492255946
2019-08-16,1,ridge,112,0.002137514173311317,0.0006670316858041238
2019-08-19,1,ridge,112,-0.001628167653869639,0.00039728876092985134
2019-08-20,1,ridge,112,0.00111964997192171,0.000905516081006114
2019-08-21,1,ridge,112,-0.001323357448690388,0.0007200124808636606
2019-08-22,1,ridge,112,-0.005413424179670834,0.0009611664007723875
2019-08-23,1,ridge,112,0.004496226663142089,0.001266576526568956
2019-08-26,1,ridge,112,-0.0008159935173290833,0.0009810777368558562
2019-08-27,1,ridge,112,0.002140564499110376,0.0009241334304095057
2019-08-28,1,ridge,112,0.003050022697904886,0.0008340387576365831
2019-08-29,1,ridge,112,0.004153376785628105,0.0006617658812245251
2019-08-30,1,ridge,112,0.0,0.0008792046221904022
2019-09-02,1,ridge,112,0.0008084074813741182,0.0007313993762967323
2019-09-03,1,ridge,112,-0.005571045049455492,0.0010443737890038908
2019-09-04,1,ridge,112,-0.0004063801742404394,0.00017624650945696058
2019-09-05,1,ridge,112,-0.0002032520332200249,0.0005452300888120721
2019-09-06,1,ridge,112,-0.00111862522469508,0.0007395524965230088
2019-09-09,1,ridge,112,0.0005086211390858963,0.0008392425101971532
2019-09-10,1,ridge,112,0.003147690064023934,0.0007732280303482409
2019-09-11,1,ridge,112,-0.003351107477255866,0.0005993052750350404
2019-09-12,1,ridge,112,-0.0005087246383306265,0.0005744586364309393
2019-09-13,1,ridge,112,0.003555649603735667,0.0006093096020096376
2019-09-16,1,ridge,112,-0.003555649603735667,0.0006779550210921724
2019-09-17,1,ridge,112,0.003048473044708011,0.0008610842498373651
2019-09-18,1,ridge,112,-0.002946707410874438,0.0008096799027270894
2019-09-19,1,ridge,112,0.002439273493251903,0.0006400434542653243
2019-07-26,1,ridge,113,0.0003060443788234224,0.0005737722701731563
2019-07-29,1,ridge,113,0.0001019939824429272,0.0008919752269565679
2019-07-30,1,ridge,113,0.004782020609981785,0.0006932654802700969
2019-07-31,1,ridge,113,-0.001523693727670583,0.0011065834151776787
2019-08-01,1,ridge,113,-0.003054370120437078,0.0011987712173168012
2019-08-02,1,ridge,113,-0.005624024231212665,0.0012639364999884255
2019-08-05,1,ridge,113,0.001127338064563332,0.0018431821766127703
2019-08-06,1,ridge,113,-0.0009222729556732645,0.0009719328253238618
2019-08-07,1,ridge,113,0.0008198401770949104,0.0011884184650447411
2019-08-08,1,ridge,113,-0.001332581817821143,0.000679752257368084
2019-08-09,1,ridge,113,-0.001128957886625592,0.0011747785963297105
2019-08-12,1,ridge,113,0.004405970547846749,0.0011977623112174596
2019-08-13,1,ridge,113,0.001838611345325702,0.0009153455242598006
2019-08-14,1,ridge,113,0.001529598014029965,0.0014486823584284022
2019-08-15,1,ridge,113,0.0,0.0010210069024737874
2019-08-16,1,ridge,113,0.002137514173311317,0.000785842642526544
2019-08-19,1,ridge,113,-0.001628167653869639,0.0005098360493297069
2019-08-20,1,ridge,113,0.00111964997192171,0.001026081698926719
2019-08-21,1,ridge,113,-0.001323357448690388,0.0008428144280353234
2019-08-22,1,ridge,113,-0.005413424179670834,0.0010815955300882405
2019-08-23,1,ridge,113,0.004496226663142089,0.0013883146959647178
2019-08-26,1,ridge,113,-0.0008159935173290833,0.0011064419059758396
2019-08-27,1,ridge,113,0.002140564499110376,0.0010416954675605812
2019-08-28,1,ridge,113,0.003050022697904886,0.0009534898656804363
2019-08-29,1,ridge,113,0.004153376785628105,0.0007814747601359637
2019-08-30,1,ridge,113,0.0,0.0010021728288275276
2019-09-02,1,ridge,113,0.0008084074813741182,0.0008502536571522228
2019-09-03,1,ridge,113,-0.005571045049455492,0.0011642775686417305
2019-09-04,1,ridge,113,-0.0004063801742404394,0.00028946518651196005
2019-09-05,1,ridge,113,-0.0002032520332200249,0.0006637958918980415
2019-09-06,1,ridge,113,-0.00111862522469508,0.0008586796861458852
2019-09-09,1,ridge,113,0.0005086211390858963,0.0009535537931412125
2019-09-10,1,ridge,113,0.003147690064023934,0.000892145566348254
2019-09-11,1,ridge,113,-0.003351107477255866,0.0007181660680948573
2019-09-12,1,ridge,113,-0.0005087246383306265,0.0006923076658000574
2019-09-13,1,ridge,113,0.003555649603735667,0.0007247792830470143
2019-09-16,1,ridge,113,-0.003555649603735667,0.000779061540635603
2019-09-17,1,ridge,113,0.003048473044708011,0.000987016683583668
2019-09-18,1,ridge,113,-0.002946707410874438,0.0009270998441419143
2019-09-19,1,ridge,113,0.002439273493251903,0.0007583844484773702
2019-09-20,1,ridge,113,0.0009131957410017932,0.0011002054482973035
2019-09-23,1,ridge,113,-0.002640399624795897,0.0009180738827693996
2019-09-24,1,ridge,113,0.007092946952492518,0.0010392899545589743
2019-09-25,1,ridge,113,0.0009083111085201878,0.0009545005990473016
2019-09-26,1,ridge,113,-0.0002017756261887271,0.001003958858300604
2019-09-27,1,ridge,113,0.002720541755556916,0.000843272625174476
2019-09-30,1,ridge,113,-0.002518766129368188,0.0008285657865383844
2019-10-01,1,ridge,113,-0.00111027011152931,0.0009546286673071827
2019-10-02,1,ridge,113,-0.001617142054463727,0.0010462053385458805
2019-10-03,1,ridge,113,-0.0005058936719413154,0.0008168178428731004
2019-10-04,1,ridge,113,0.001617959701728289,0.00046907928572921087
2019-10-07,1,ridge,113,0.001615346136206064,0.000781592396283222
2019-10-08,1,ridge,113,-0.0001008827239195043,0.0009211012641677483
2019-10-09,1,ridge,113,-0.004246290881450676,0.0008132210008051763
2019-10-10,1,ridge,113,-0.004060919286315468,0.0003683040439398526
2019-10-11,1,ridge,113,0.001524777932013777,0.00034782718293212896
2019-10-14,1,ridge,113,-0.001626512506596178,0.0008493447743343326
2019-10-15,1,ridge,113,-0.002954813907965814,0.0006669246512149064
2019-10-16,1,ridge,113,-0.003987531483698348,0.0006602750403572604
2019-10-17,1,ridge,113,-0.003386528969016922,0.0007063258472075749
2019-08-23,1,ridge,114,0.004496226663142089,0.0013453577816549965
2019-08-26,1,ridge,114,-0.0008159935173290833,0.001052908348756123
2019-08-27,1,ridge,114,0.002140564499110376,0.0009929317061228272
2019-08-28,1,ridge,114,0.003050022697904886,0.000905309122058791
2019-08-29,1,ridge,114,0.004153376785628105,0.0007348363650518899
2019-08-30,1,ridge,114,0.0,0.0009556470832117088
2019-09-02,1,ridge,114,0.0008084074813741182,0.0008102469413568791
2019-09-03,1,ridge,114,-0.005571045049455492,0.0011077748975047166
2019-09-04,1,ridge,114,-0.0004063801742404394,0.00024929470818191166
2019-09-05,1,ridge,114,-0.0002032520332200249,0.0006190421550948099
2019-09-06,1,ridge,114,-0.00111862522469508,0.0008173283417782461
2019-09-09,1,ridge,114,0.0005086211390858963,0.0009027030500199317
2019-09-10,1,ridge,114,0.003147690064023934,0.000846783151996598
2019-09-11,1,ridge,114,-0.003351107477255866,0.0006725005011467054
2019-09-12,1,ridge,114,-0.0005087246383306265,0.0006547653560147702
2019-09-13,1,ridge,114,0.003555649603735667,0.0006810971578364532
2019-09-16,1,ridge,114,-0.003555649603735667,0.0007387083979665241
2019-09-17,1,ridge,114,0.003048473044708011,0.0009356370576237144
2019-09-18,1,ridge,114,-0.002946707410874438,0.0008819045420075242
2019-09-19,1,ridge,114,0.002439273493251903,0.0007217304510720238
2019-09-20,1,ridge,114,0.0009131957410017932,0.0010504980941864754
2019-09-23,1,ridge,114,-0.002640399624795897,0.0008740643903270156
2019-09-24,1,ridge,114,0.007092946952492518,0.0009911621451322596
2019-09-25,1,ridge,114,0.0009083111085201878,0.0009089041097301333
2019-09-26,1,ridge,114,-0.0002017756261887271,0.0009523025659884264
2019-09-27,1,ridge,114,0.002720541755556916,0.0008041229509973976
2019-09-30,1,ridge,114,-0.002518766129368188,0.0007794968038192022
2019-10-01,1,ridge,114,-0.00111027011152931,0.0009033805023694362
2019-10-02,1,ridge,114,-0.001617142054463727,0.0009996485737651696
2019-10-03,1,ridge,114,-0.0005058936719413154,0.0007621345812366047
2019-10-04,1,ridge,114,0.001617959701728289,0.0004313790043382619
2019-10-07,1,ridge,114,0.001615346136206064,0.000740167163468341
2019-10-08,1,ridge,114,-0.0001008827239195043,0.0008785739305071037
2019-10-09,1,ridge,114,-0.004246290881450676,0.0007595885800249125
2019-10-10,1,ridge,114,-0.004060919286315468,0.0003314789084155975
2019-10-11,1,ridge,114,0.001524777932013777,0.00030767765204179015
2019-10-14,1,ridge,114,-0.001626512506596178,0.0008093665371018126
2019-10-15,1,ridge,114,-0.002954813907965814,0.0006177455991770749
2019-10-16,1,ridge,114,-0.003987531483698348,0.000623412412289365
2019-10-17,1,ridge,114,-0.003386528969016922,0.0006686195858891625
2019-10-18,1,ridge,114,0.0005138482205451211,0.0011254101047775997
2019-10-21,1,ridge,114,0.002052756545521284,0.0008404496554036721
2019-10-22,1,ridge,114,-0.0004102143427431315,0.0009546475270236867
2019-10-23,1,ridge,114,0.001435014596399498,0.0006517601203944428
2019-10-24,1,ridge,114,0.00204645523175806,0.0008175815604877534
2019-10-25,1,ridge,114,-0.000715783046052465,0.0007002780370429766
2019-10-28,1,ridge,114,-0.0007162957584343488,0.000719074984338454
2019-10-29,1,ridge,114,-0.0004095423421626165,0.0005146811383323686
2019-10-30,1,ridge,114,-0.003076925504480243,0.000733964467422396
2019-10-31,1,ridge,114,-0.001130582370286071,0.0008256939655643676
2019-11-01,1,ridge,114,0.002670228555879284,0.0007729248250960575
2019-11-04,1,ridge,114,0.004910998206627326,0.000492893044999628
2019-11-05,1,ridge,114,-0.0003062318198789882,0.0005506400443158724
2019-11-06,1,ridge,114,0.00193788627120739,0.0008992716473999293
2019-11-07,1,ridge,114,0.002137514173311317,0.0004925530068925434
2019-11-08,1,ridge,114,-0.001526329474648591,0.0005706348501603059
2019-11-11,1,ridge,114,0.001119536018412859,0.0008739654549555324
2019-11-12,1,ridge,114,0.0006101281458334995,0.000590903235817458
2019-11-13,1,ridge,114,-0.002137079122010554,0.0007206836525200328
2019-11-14,1,ridge,114,-0.001631321732083357,0.0008508975706645941
2019-09-20,1,ridge,115,0.0009131957410017932,0.0010823928926161088
2019-09-23,1,ridge,115,-0.002640399624795897,0.0009184537110153263
2019-09-24,1,ridge,115,0.007092946952492518,0.001038569540231183
2019-09-25,1,ridge,115,0.0009083111085201878,0.0009515724544055946
2019-09-26,1,ridge,115,-0.0002017756261887271,0.0009801905971558974
2019-09-27,1,ridge,115,0.002720541755556916,0.000854827233454279
2019-09-30,1,ridge,115,-0.002518766129368188,0.0008283232143886242
2019-10-01,1,ridge,115,-0.00111027011152931,0.0009379605539666961
2019-10-02,1,ridge,115,-0.001617142054463727,0.0010476151491050501
2019-10-03,1,ridge,115,-0.0005058936719413154,0.0007934014605082797
2019-10-04,1,ridge,115,0.001617959701728289,0.00048540344462207475
2019-10-07,1,ridge,115,0.001615346136206064,0.0007864913829239898
2019-10-08,1,ridge,115,-0.0001008827239195043,0.0009220824561632081
2019-10-09,1,ridge,115,-0.004246290881450676,0.0007855072959097546
2019-10-10,1,ridge,115,-0.004060919286315468,0.0003855741797493582
2019-10-11,1,ridge,115,0.001524777932013777,0.0003478619581660663
2019-10-14,1,ridge,115,-0.001626512506596178,0.0008534750652609293
2019-10-15,1,ridge,115,-0.002954813907965814,0.0006589401343150086
2019-10-16,1,ridge,115,-0.003987531483698348,0.0006734888309370715
2019-10-17,1,ridge,115,-0.003386528969016922,0.0007159250076182277
2019-10-18,1,ridge,115,0.0005138482205451211,0.0011575185027402142
2019-10-21,1,ridge,115,0.002052756545521284,0.0008809151145238889
2019-10-22,1,ridge,115,-0.0004102143427431315,0.0009871839696666868
2019-10-23,1,ridge,115,0.001435014596399498,0.0006990677087399253
2019-10-24,1,ridge,115,0.00204645523175806,0.0008509172980899838
2019-10-25,1,ridge,115,-0.000715783046052465,0.0007399262094030436
2019-10-28,1,ridge,115,-0.0007162957584343488,0.0007491485439401248
2019-10-29,1,ridge,115,-0.0004095423421626165,0.0005784533478933588
2019-10-30,1,ridge,115,-0.003076925504480243,0.0007730851921616379
2019-10-31,1,ridge,115,-0.001130582370286071,0.0008714185904829242
2019-11-01,1,ridge,115,0.002670228555879284,0.0007890717138037903
2019-11-04,1,ridge,115,0.004910998206627326,0.0005422270857389354
2019-11-05,1,ridge,115,-0.0003062318198789882,0.0005964636395361976
2019-11-06,1,ridge,115,0.00193788627120739,0.0009260460305436926
2019-11-07,1,ridge,115,0.002137514173311317,0.0005338718811195095
2019-11-08,1,ridge,115,-0.001526329474648591,0.0006162189681911522
2019-11-11,1,ridge,115,0.001119536018412859,0.0009128744500169698
2019-11-12,1,ridge,115,0.0006101281458334995,0.0006283656078605637
2019-11-13,1,ridge,115,-0.002137079122010554,0.0007606935034408252
2019-11-14,1,ridge,115,-0.001631321732083357,0.0008813895744687384
2019-11-15,1,ridge,115,-0.002145156346388788,0.0004939439051254052
2019-11-18,1,ridge,115,0.0007155635367936952,0.0008265949053256157
2019-11-19,1,ridge,115,0.0007150518717260468,0.0007192851498002495
2019-11-20,1,ridge,115,0.000612494915023909,0.0007863306292824278
2019-11-21,1,ridge,115,0.002853359726608495,0.00081607215727668
2019-11-22,1,ridge,115,0.0005086728834440279,0.0007393905167173815
2019-11-25,1,ridge,115,-0.0007122145084093034,0.0005499124000925091
2019-11-26,1,ridge,115,0.001220628775295829,0.0007040008214463241
2019-11-27,1,ridge,115,0.0,0.0006334154894687849
2019-11-28,1,ridge,115,-0.001017087150330553,0.000586838717132552
2019-11-29,1,ridge,115,-0.004180906513358451,0.001002653930483522
2019-12-02,1,ridge,115,-0.001226994018968419,0.000924790725314898
2019-12-03,1,ridge,115,-0.0009212345193203575,0.0009865562938850049
2019-12-04,1,ridge,115,-0.00246078253982418,0.00075899795334712
2019-12-05,1,ridge,115,0.002972684265873049,0.0008827450688773887
2019-12-06,1,ridge,115,-0.0006143135239780051,0.0004612897189521737
2019-12-09,1,ridge,115,-0.002358370741895044,0.000900148255747277
2019-12-10,1,ridge,115,-0.003393493924463975,0.0008121463749550073
2019-12-11,1,ridge,115,0.003290829790088878,0.0009264971711814231
2019-12-12,1,ridge,115,-0.002364188797141509,0.0006783285341398292
2019-10-18,1,ridge,116,0.0005138482205451211,0.0010608028346922366
2019-10-21,1,ridge,116,0.002052756545521284,0.0007870854283104757
2019-10-22,1,ridge,116,-0.0004102143427431315,0.0008944269980556414
2019-10-23,1,ridge,116,0.001435014596399498,0.0006042970516295402
2019-10-24,1,ridge,116,0.00204645523175806,0.0007579564726497776
2019-10-25,1,ridge,116,-0.000715783046052465,0.0006476311408584894
2019-10-28,1,ridge,116,-0.0007162957584343488,0.0006542151521055472
2019-10-29,1,ridge,116,-0.0004095423421626165,0.00048687415692523066
2019-10-30,1,ridge,116,-0.003076925504480243,0.0006781148261317631
2019-10-31,1,ridge,116,-0.001130582370286071,0.0007772516753298006
2019-11-01,1,ridge,116,0.002670228555879284,0.0006902033552801053
2019-11-04,1,ridge,116,0.004910998206627326,0.0004491182425115253
2019-11-05,1,ridge,116,-0.0003062318198789882,0.0005013664054553761
2019-11-06,1,ridge,116,0.00193788627120739,0.0008277059188919449
2019-11-07,1,ridge,116,0.002137514173311317,0.00043790335486703274
2019-11-08,1,ridge,116,-0.001526329474648591,0.0005202823801139502
2019-11-11,1,ridge,116,0.001119536018412859,0.0008141690621707861
2019-11-12,1,ridge,116,0.0006101281458334995,0.0005302067808964746
2019-11-13,1,ridge,116,-0.002137079122010554,0.0006622217721501448
2019-11-14,1,ridge,116,-0.001631321732083357,0.0007816286746911823
2019-11-15,1,ridge,116,-0.002145156346388788,0.00039353678608653657
2019-11-18,1,ridge,116,0.0007155635367936952,0.0007269284718356508
2019-11-19,1,ridge,116,0.0007150518717260468,0.000624504884069788
2019-11-20,1,ridge,116,0.000612494915023909,0.0006861581147865292
2019-11-21,1,ridge,116,0.002853359726608495,0.0007173201006897698
2019-11-22,1,ridge,116,0.0005086728834440279,0.0006424158792470692
2019-11-25,1,ridge,116,-0.0007122145084093034,0.0004486756459640271
2019-11-26,1,ridge,116,0.001220628775295829,0.0006048011847976057
2019-11-27,1,ridge,116,0.0,0.000533957191276533
2019-11-28,1,ridge,116,-0.001017087150330553,0.0004896127887390957
2019-11-29,1,ridge,116,-0.004180906513358451,0.0009054940598592597
2019-12-02,1,ridge,116,-0.001226994018968419,0.0008250315359301966
2019-12-03,1,ridge,116,-0.0009212345193203575,0.0008855107240137712
2019-12-04,1,ridge,116,-0.00246078253982418,0.0006581019717763944
2019-12-05,1,ridge,116,0.002972684265873049,0.0007823154282201974
2019-12-06,1,ridge,116,-0.0006143135239780051,0.00036569570018422167
2019-12-09,1,ridge,116,-0.002358370741895044,0.0008008010521200311
2019-12-10,1,ridge,116,-0.003393493924463975,0.0007137814408110081
2019-12-11,1,ridge,116,0.003290829790088878,0.0008257670413095112
2019-12-12,1,ridge,116,-0.002364188797141509,0.0005811818604667293
2019-12-13,1,ridge,116,-0.001544879034277358,0.00042012785231880235
2019-12-16,1,ridge,116,0.002059308800238746,0.0008516046485394962
2019-12-17,1,ridge,116,0.00184975903118012,0.0006823906325208321
2019-12-18,1,ridge,116,-0.0002053598939344425,0.0008690055330102143
2019-12-19,1,ridge,116,0.003178348910296336,0.0007272047793668603
2019-12-20,1,ridge,116,-0.0003071410313371103,0.0005713853177314399
2019-12-23,1,ridge,116,-0.0001024013108255062,0.0007519803388287994
2019-12-24,1,ridge,116,0.0,0.000697550310681276
2019-12-25,1,ridge,116,-0.001229634338764996,0.0007718363663543589
2019-12-26,1,ridge,116,-0.006274127035598376,0.00044801046182051785
2019-12-27,1,ridge,116,-0.001858928553487793,0.0006316725087116667
2019-12-30,1,ridge,116,-0.003624505598960326,0.000952524031215441
2019-12-31,1,ridge,116,0.0,0.000832367449988348
2020-01-01,1,ridge,116,0.004760928057128133,0.0008124846444304329
2020-01-02,1,ridge,116,-0.0001032577831470149,0.000723135884148742
2020-01-03,1,ridge,116,-0.001757015593343958,0.000978790173177416
2020-01-06,1,ridge,116,0.003407862026868713,0.000804288238373891
2020-01-07,1,ridge,116,0.003088010688576226,0.0009119616057783068
2020-01-08,1,ridge,116,0.001540436761611197,0.0009799713361652636
2020-01-09,1,ridge,116,-0.00092397727429816,0.0005520240363311925
2019-11-15,1,ridge,117,-0.002145156346388788,0.0004780922269881334
2019-11-18,1,ridge,117,0.0007155635367936952,0.0008109993960362643
2019-11-19,1,ridge,117,0.0007150518717260468,0.0007060848344585561
2019-11-20,1,ridge,117,0.000612494915023909,0.0007685169118673164
2019-11-21,1,ridge,117,0.002853359726608495,0.0008004457891810481
2019-11-22,1,ridge,117,0.0005086728834440279,0.0007269437539856406
2019-11-25,1,ridge,117,-0.0007122145084093034,0.0005369424326843032
2019-11-26,1,ridge,117,0.001220628775295829,0.0006884807545838916
2019-11-27,1,ridge,117,0.0,0.0006174596987539363
2019-11-28,1,ridge,117,-0.001017087150330553,0.0005693390264600995
2019-11-29,1,ridge,117,-0.004180906513358451,0.000980653908942766
2019-12-02,1,ridge,117,-0.001226994018968419,0.0009069118311031538
2019-12-03,1,ridge,117,-0.0009212345193203575,0.0009680202773760167
2019-12-04,1,ridge,117,-0.00246078253982418,0.0007464705940516123
2019-12-05,1,ridge,117,0.002972684265873049,0.0008670612380304231
2019-12-06,1,ridge,117,-0.0006143135239780051,0.0004548212742310426
2019-12-09,1,ridge,117,-0.002358370741895044,0.0008851124092114362
2019-12-10,1,ridge,117,-0.003393493924463975,0.0007972901802466028
2019-12-11,1,ridge,117,0.003290829790088878,0.000912405148529902
2019-12-12,1,ridge,117,-0.002364188797141509,0.0006705297099740861
2019-12-13,1,ridge,117,-0.001544879034277358,0.0005090791882541561
2019-12-16,1,ridge,117,0.002059308800238746,0.0009409904266286799
2019-12-17,1,ridge,117,0.00184975903118012,0.000768593650972437
2019-12-18,1,ridge,117,-0.0002053598939344425,0.0009540147996648797
2019-12-19,1,ridge,117,0.003178348910296336,0.0008130257023652496
2019-12-20,1,ridge,117,-0.0003071410313371103,0.0006563545219213308
2019-12-23,1,ridge,117,-0.0001024013108255062,0.0008369925813854738
2019-12-24,1,ridge,117,0.0,0.0007826706130771147
2019-12-25,1,ridge,117,-0.001229634338764996,0.0008591901878426829
2019-12-26,1,ridge,117,-0.006274127035598376,0.0005316301961428463
2019-12-27,1,ridge,117,-0.001858928553487793,0.0007165189350733449
2019-12-30,1,ridge,117,-0.003624505598960326,0.001037512819167505
2019-12-31,1,ridge,117,0.0,0.000915405270103627
2020-01-01,1,ridge,117,0.004760928057128133,0.0008947838144337161
2020-01-02,1,ridge,117,-0.0001032577831470149,0.0008096934621584333
2020-01-03,1,ridge,117,-0.001757015593343958,0.0010598752686315463
2020-01-06,1,ridge,117,0.003407862026868713,0.0008809848915006777
2020-01-07,1,ridge,117,0.003088010688576226,0.0009966809023423612
2020-01-08,1,ridge,117,0.001540436761611197,0.00105893879917561
2020-01-09,1,ridge,117,-0.00092397727429816,0.0006389877095436887
2020-01-10,1,ridge,117,-0.0002054442739636286,0.0009103347288946516
2020-01-13,1,ridge,117,0.0003081505853561595,0.0006635191658792006
2020-01-14,1,ridge,117,-0.001438849169098866,0.000845816576174936
2020-01-15,1,ridge,117,0.0009252120937564001,0.0008332726192000895
2020-01-16,1,ridge,117,0.003282727609437153,0.0006464274215165851
2020-01-17,1,ridge,117,-0.0003072983378853422,0.0007519424798327369
2020-01-20,1,ridge,117,-0.0008199242029505172,0.0007942071365708912
2020-01-21,1,ridge,117,0.0,0.001127095150156212
2020-01-22,1,ridge,117,0.001639176680927612,0.0008159591664476496
2020-01-23,1,ridge,117,0.001636494177233772,0.0011200615475160068
2020-01-24,1,ridge,117,0.001123538241881938,0.0011421950329598323
2020-01-27,1,ridge,117,0.0006123073974348969,0.0013708904354005234
2020-01-28,1,ridge,117,-0.000306106833674491,0.0005308082029425896
2020-01-29,1,ridge,117,-0.001225365209998941,0.0010674484953496952
2020-01-30,1,ridge,117,-0.004916531464620455,0.0009966642607311255
2020-01-31,1,ridge,117,0.004201041067664057,0.0012577714740214627
2020-02-03,1,ridge,117,0.001634655043194932,0.0012471416862603966
2020-02-04,1,ridge,117,0.003464795069153759,0.0007194336944809182
2020-02-05,1,ridge,117,0.002032521024922573,0.0007721362887160093
2020-02-06,1,ridge,117,0.001825743483112596,0.0007414011481008245
2019-12-13,1,ridge,118,-0.001544879034277358,0.0004594762467248538
2019-12-16,1,ridge,118,0.002059308800238746,0.0008988107491412989
2019-12-17,1,ridge,118,0.00184975903118012,0.0007192929917033419
2019-12-18,1,ridge,118,-0.0002053598939344425,0.0009099954628948488
2019-12-19,1,ridge,118,0.003178348910296336,0.0007672246229079782
2019-12-20,1,ridge,118,-0.0003071410313371103,0.0006018685892517192
2019-12-23,1,ridge,118,-0.0001024013108255062,0.0007900905217032554
2019-12-24,1,ridge,118,0.0,0.0007341762542619988
2019-12-25,1,ridge,118,-0.001229634338764996,0.0008155243820520778
2019-12-26,1,ridge,118,-0.006274127035598376,0.000474375814311222
2019-12-27,1,ridge,118,-0.001858928553487793,0.0006666361730709407
2019-12-30,1,ridge,118,-0.003624505598960326,0.0009917479537528348
2019-12-31,1,ridge,118,0.0,0.0008660597166391463
2020-01-01,1,ridge,118,0.004760928057128133,0.0008456818318586767
2020-01-02,1,ridge,118,-0.0001032577831470149,0.0007681398802811283
2020-01-03,1,ridge,118,-0.001757015593343958,0.0010187423815381708
2020-01-06,1,ridge,118,0.003407862026868713,0.0008331478314657603
2020-01-07,1,ridge,118,0.003088010688576226,0.000954210951156979
2020-01-08,1,ridge,118,0.001540436761611197,0.0010113421086239097
2020-01-09,1,ridge,118,-0.00092397727429816,0.0005958212889527917
2020-01-10,1,ridge,118,-0.0002054442739636286,0.0008637987859493605
2020-01-13,1,ridge,118,0.0003081505853561595,0.0006127389748558655
2020-01-14,1,ridge,118,-0.001438849169098866,0.0007994063617701359
2020-01-15,1,ridge,118,0.0009252120937564001,0.0007865082029498477
2020-01-16,1,ridge,118,0.003282727609437153,0.0006002952242730368
2020-01-17,1,ridge,118,-0.0003072983378853422,0.0007065415520528993
2020-01-20,1,ridge,118,-0.0008199242029505172,0.0007463022492260076
2020-01-21,1,ridge,118,0.0,0.001080148058755411
2020-01-22,1,ridge,118,0.001639176680927612,0.0007698401491204404
2020-01-23,1,ridge,118,0.001636494177233772,0.0010723026138048336
2020-01-24,1,ridge,118,0.001123538241881938,0.0010985642493523626
2020-01-27,1,ridge,118,0.0006123073974348969,0.0013310093952229704
2020-01-28,1,ridge,118,-0.000306106833674491,0.00047356747880293766
2020-01-29,1,ridge,118,-0.001225365209998941,0.0010196086304031242
2020-01-30,1,ridge,118,-0.004916531464620455,0.0009439671575273506
2020-01-31,1,ridge,118,0.004201041067664057,0.0012132243185905354
2020-02-03,1,ridge,118,0.001634655043194932,0.0011957666115463312
2020-02-04,1,ridge,118,0.003464795069153759,0.0006708552494399138
2020-02-05,1,ridge,118,0.002032521024922573,0.0007253970659998353
2020-02-06,1,ridge,118,0.001825743483112596,0.0006946338959028365
2020-02-07,1,ridge,118,0.00151891072693644,0.001081652126569475
2020-02-10,1,ridge,118,-0.001113642231014289,0.0010144721610523067
2020-02-11,1,ridge,118,0.003337212987482019,0.0007804320802062703
2020-02-12,1,ridge,118,0.0002018978403786065,0.0008212910653257548
2020-02-13,1,ridge,118,0.0005045663359481978,0.00100195084602388
2020-02-14,1,ridge,118,-0.001211387186296875,0.0008950377379151862
2020-02-17,1,ridge,118,0.004434597067866086,0.000917738984485162
2020-02-18,1,ridge,118,0.002711525638245504,0.001124790299248732
2020-02-19,1,ridge,118,0.001503232231761409,0.0007217679099590544
2020-02-20,1,ridge,118,-0.006026534913168291,0.0008509562394863543
2020-02-21,1,ridge,118,0.001006948025874088,0.0011680266866283743
2020-02-24,1,ridge,118,-0.003932844276568481,0.0018376920265810747
2020-02-25,1,ridge,118,0.0003030762259896846,0.0016093610774450774
2020-02-26,1,ridge,118,-0.004961784267002223,0.0013929591313740451
2020-02-27,1,ridge,118,-0.003864935649185774,0.0018976498371142108
2020-02-28,1,ridge,118,-0.00787768153912971,0.0019093342996383358
2020-03-02,1,ridge,118,-0.002159272855823069,0.0005167943200549095
2020-03-03,1,ridge,118,0.00195382858185944,0.0018404071048784363
2020-03-04,1,ridge,118,-0.005356419893760567,0.0007702658228631051
2020-03-05,1,ridge,118,-0.009026362057839243,0.0019382782497297114
2020-01-10,1,ridge,119,-0.0002054442739636286,0.0008839882636244105
2020-01-13,1,ridge,119,0.0003081505853561595,0.0006307802933071657
2020-01-14,1,ridge,119,-0.001438849169098866,0.0008198087687736918
2020-01-15,1,ridge,119,0.0009252120937564001,0.0008081386356678273
2020-01-16,1,ridge,119,0.003282727609437153,0.0006202897777210784
2020-01-17,1,ridge,119,-0.0003072983378853422,0.0007283438378227443
2020-01-20,1,ridge,119,-0.0008199242029505172,0.0007653023893428278
2020-01-21,1,ridge,119,0.0,0.0011051591875070983
2020-01-22,1,ridge,119,0.001639176680927612,0.0007889839148539071
2020-01-23,1,ridge,119,0.001636494177233772,0.0010976784050854712
2020-01-24,1,ridge,119,0.001123538241881938,0.001123009047167413
2020-01-27,1,ridge,119,0.0006123073974348969,0.00135657718924233
2020-01-28,1,ridge,119,-0.000306106833674491,0.0004880104566807127
2020-01-29,1,ridge,119,-0.001225365209998941,0.0010427010129814684
2020-01-30,1,ridge,119,-0.004916531464620455,0.0009649255936695826
2020-01-31,1,ridge,119,0.004201041067664057,0.0012320122894330717
2020-02-03,1,ridge,119,0.001634655043194932,0.0012285021776082985
2020-02-04,1,ridge,119,0.003464795069153759,0.0006917599722455524
2020-02-05,1,ridge,119,0.002032521024922573,0.0007467637483490442
2020-02-06,1,ridge,119,0.001825743483112596,0.0007125686978428029
2020-02-07,1,ridge,119,0.00151891072693644,0.0011021553710483596
2020-02-10,1,ridge,119,-0.001113642231014289,0.0010380228291064215
2020-02-11,1,ridge,119,0.003337212987482019,0.0007977674247123331
2020-02-12,1,ridge,119,0.0002018978403786065,0.0008431859575583861
2020-02-13,1,ridge,119,0.0005045663359481978,0.0010220672070432703
2020-02-14,1,ridge,119,-0.001211387186296875,0.0009159059559619943
2020-02-17,1,ridge,119,0.004434597067866086,0.0009379126792968531
2020-02-18,1,ridge,119,0.002711525638245504,0.0011491381821426628
2020-02-19,1,ridge,119,0.001503232231761409,0.0007444183278076408
2020-02-20,1,ridge,119,-0.006026534913168291,0.0008680504795253774
2020-02-21,1,ridge,119,0.001006948025874088,0.0011882799651401223
2020-02-24,1,ridge,119,-0.003932844276568481,0.001861794585119788
2020-02-25,1,ridge,119,0.0003030762259896846,0.001630847687613866
2020-02-26,1,ridge,119,-0.004961784267002223,0.0014216077356697275
2020-02-27,1,ridge,119,-0.003864935649185774,0.0019199795802753992
2020-02-28,1,ridge,119,-0.00787768153912971,0.0019395964041293054
2020-03-02,1,ridge,119,-0.002159272855823069,0.0005350804674493321
2020-03-03,1,ridge,119,0.00195382858185944,0.0018643642551811083
2020-03-04,1,ridge,119,-0.005356419893760567,0.0007941035106159239
2020-03-05,1,ridge,119,-0.009026362057839243,0.0019588999762954794
2020-03-06,1,ridge,119,-0.01110889646804125,0.002471684899099001
2020-03-09,1,ridge,119,0.0158916046906219,0.0042774144938942564
2020-03-10,1,ridge,119,0.00103669924275529,0.0008150555733295484
2020-03-11,1,ridge,119,0.009898008430074157,0.0027727526894377815
2020-03-12,1,ridge,119,0.01304676543211247,0.0038472760186247018
2020-03-13,1,ridge,119,-0.006909894377002068,0.00038407752924843086
2020-03-16,1,ridge,119,0.01517940499576387,0.003920039311411999
2020-03-17,1,ridge,119,0.0158425074017714,0.0006342212274572093
2020-03-18,1,ridge,119,0.01559543157457988,0.0031391094869745555
2020-03-19,1,ridge,119,0.00068103325101454,0.0006814754279218954
2020-03-20,1,ridge,119,-0.0032146537838873,0.0016223197636002413
2020-03-23,1,ridge,119,-0.004400339569860634,0.001519739275525623
2020-03-24,1,ridge,119,-0.009749449423980927,-0.0009402451510613695
2020-03-25,1,ridge,119,-0.01696647485180414,0.0004898261211849715
2020-03-26,1,ridge,119,-0.0100147516498339,0.0007992579294458135
2020-03-27,1,ridge,119,0.008302163712995636,0.0022841120462268193
2020-03-30,1,ridge,119,-0.001311607916427704,0.001574443905887703
2020-03-31,1,ridge,119,0.006239955834804967,0.0016542014349463126
2020-04-01,1,ridge,119,0.00510383895010591,0.002685311626089214
2020-04-02,1,ridge,119,0.003984862814347956,0.0007555183365041259
2020-02-07,1,ridge,120,0.00151891072693644,0.0012391343331256412
2020-02-10,1,ridge,120,-0.001113642231014289,0.0011804112137654892
2020-02-11,1,ridge,120,0.003337212987482019,0.0009378354199575978
2020-02-12,1,ridge,120,0.0002018978403786065,0.0009909915721743928
2020-02-13,1,ridge,120,0.0005045663359481978,0.0011607432951152724
2020-02-14,1,ridge,120,-0.001211387186296875,0.0010555300290825706
2020-02-17,1,ridge,120,0.004434597067866086,0.001074873511236642
2020-02-18,1,ridge,120,0.002711525638245504,0.0012840937416507818
2020-02-19,1,ridge,120,0.001503232231761409,0.0008863505518676344
2020-02-20,1,ridge,120,-0.006026534913168291,0.0009985639755443329
2020-02-21,1,ridge,120,0.001006948025874088,0.00132110776461726
2020-02-24,1,ridge,120,-0.003932844276568481,0.0019978815277840747
2020-02-25,1,ridge,120,0.0003030762259896846,0.0017626609621092131
2020-02-26,1,ridge,120,-0.004961784267002223,0.001564307826036945
2020-02-27,1,ridge,120,-0.003864935649185774,0.0020545396779967323
2020-02-28,1,ridge,120,-0.00787768153912971,0.002069850718917627
2020-03-02,1,ridge,120,-0.002159272855823069,0.0006692807582915887
2020-03-03,1,ridge,120,0.00195382858185944,0.0020001278289373627
2020-03-04,1,ridge,120,-0.005356419893760567,0.0009276847668935257
2020-03-05,1,ridge,120,-0.009026362057839243,0.0021039980233806253
2020-03-06,1,ridge,120,-0.01110889646804125,0.0026041986562617154
2020-03-09,1,ridge,120,0.0158916046906219,0.004404527559267814
2020-03-10,1,ridge,120,0.00103669924275529,0.0009537258219672339
2020-03-11,1,ridge,120,0.009898008430074157,0.002914935500403462
2020-03-12,1,ridge,120,0.01304676543211247,0.003979247937528009
2020-03-13,1,ridge,120,-0.006909894377002068,0.0005189110015138551
2020-03-16,1,ridge,120,0.01517940499576387,0.004062713145544968
2020-03-17,1,ridge,120,0.0158425074017714,0.0007765674386022415
2020-03-18,1,ridge,120,0.01559543157457988,0.0032827862831340043
2020-03-19,1,ridge,120,0.00068103325101454,0.0008128288304765576
2020-03-20,1,ridge,120,-0.0032146537838873,0.0017804059775815505
2020-03-23,1,ridge,120,-0.004400339569860634,0.0016482866010893754
2020-03-24,1,ridge,120,-0.009749449423980927,-0.0007878099829844272
2020-03-25,1,ridge,120,-0.01696647485180414,0.0006459015655862455
2020-03-26,1,ridge,120,-0.0100147516498339,0.0009278042092653437
2020-03-27,1,ridge,120,0.008302163712995636,0.002427391291732976
2020-03-30,1,ridge,120,-0.001311607916427704,0.0017177489916630237
2020-03-31,1,ridge,120,0.006239955834804967,0.001800750755474726
2020-04-01,1,ridge,120,0.00510383895010591,0.002818023677158688
2020-04-02,1,ridge,120,0.003984862814347956,0.0008810655315282679
2020-04-03,1,ridge,120,0.0009937395232961777,0.0018349887661366373
2020-04-06,1,ridge,120,-0.007777484612606855,0.0004370678013861663
2020-04-07,1,ridge,120,0.002199780909065474,0.001634268512501794
2020-04-08,1,ridge,120,-0.006010837572704375,0.0011462136010258247
2020-04-09,1,ridge,120,0.0,0.0015254175110108767
2020-04-10,1,ridge,120,-0.001709659993043289,0.0016643805081619882
2020-04-13,1,ridge,120,-0.0046408477159261,0.001834446540185804
2020-04-14,1,ridge,120,0.005747432004692854,0.0013521010982688727
2020-04-15,1,ridge,120,0.005714587710496488,0.0023962570000729366
2020-04-16,1,ridge,120,-0.002502378564197549,0.001737727972072395
2020-04-17,1,ridge,120,0.001802343533859663,0.0010923154225378966
2020-04-20,1,ridge,120,0.002996705868605787,0.0024775270686377003
2020-04-21,1,ridge,120,0.00129578886807824,0.0036855675387017315
2020-04-22,1,ridge,120,0.0003983667018125914,-0.00024850368980554446
2020-04-23,1,ridge,120,-0.0004979831784606148,0.0014235711339977617
2020-04-24,1,ridge,120,-0.003392878217368889,0.0014193876342844434
2020-04-27,1,ridge,120,-0.001800900936955507,0.0015504459703357273
2020-04-28,1,ridge,120,-0.002908290672469782,0.00175153876414321
2020-04-29,1,ridge,120,-0.005539064466716148,0.0010229198860707183
2020-04-30,1,ridge,120,0.000605754687882154,0.0014531592959448844
2020-03-06,1,ridge,121,-0.01110889646804125,0.002336561559408345
2020-03-09,1,ridge,121,0.0158916046906219,0.004010727521099981
2020-03-10,1,ridge,121,0.00103669924275529,0.0008133202681095873
2020-03-11,1,ridge,121,0.009898008430074157,0.002698308276049404
2020-03-12,1,ridge,121,0.01304676543211247,0.0036583202631218763
2020-03-13,1,ridge,121,-0.006909894377002068,0.0003974734527299363
2020-03-16,1,ridge,121,0.01517940499576387,0.0037670547229740376
2020-03-17,1,ridge,121,0.0158425074017714,0.0006523180864770894
2020-03-18,1,ridge,121,0.01559543157457988,0.0030202788720724615
2020-03-19,1,ridge,121,0.00068103325101454,0.0007976137630740929
2020-03-20,1,ridge,121,-0.0032146537838873,0.0016147801043112147
2020-03-23,1,ridge,121,-0.004400339569860634,0.001534019529175981
2020-03-24,1,ridge,121,-0.009749449423980927,-0.0008185869606231476
2020-03-25,1,ridge,121,-0.01696647485180414,0.0005222982480778271
2020-03-26,1,ridge,121,-0.0100147516498339,0.0007658419941346929
2020-03-27,1,ridge,121,0.008302163712995636,0.0021780178838628553
2020-03-30,1,ridge,121,-0.001311607916427704,0.0015672336792059028
2020-03-31,1,ridge,121,0.006239955834804967,0.0016376994834738346
2020-04-01,1,ridge,121,0.00510383895010591,0.00261572078161056
2020-04-02,1,ridge,121,0.003984862814347956,0.0008046369690138287
2020-04-03,1,ridge,121,0.0009937395232961777,0.001716688809489181
2020-04-06,1,ridge,121,-0.007777484612606855,0.0003382457088544051
2020-04-07,1,ridge,121,0.002199780909065474,0.0014702674837588233
2020-04-08,1,ridge,121,-0.006010837572704375,0.0010072267343963891
2020-04-09,1,ridge,121,0.0,0.0013719357548872936
2020-04-10,1,ridge,121,-0.001709659993043289,0.0014979154911909025
2020-04-13,1,ridge,121,-0.0046408477159261,0.0016680066198182797
2020-04-14,1,ridge,121,0.005747432004692854,0.0011650799472067443
2020-04-15,1,ridge,121,0.005714587710496488,0.002175582852633395
2020-04-16,1,ridge,121,-0.002502378564197549,0.0015775427357048607
2020-04-17,1,ridge,121,0.001802343533859663,0.0009425195815035362
2020-04-20,1,ridge,121,0.002996705868605787,0.0022485393849572587
2020-04-21,1,ridge,121,0.00129578886807824,0.0033092470601093268
2020-04-22,1,ridge,121,0.0003983667018125914,-0.00021088496227601955
2020-04-23,1,ridge,121,-0.0004979831784606148,0.0012739939484195085
2020-04-24,1,ridge,121,-0.003392878217368889,0.00123499633672302
2020-04-27,1,ridge,121,-0.001800900936955507,0.0013510921009467973
2020-04-28,1,ridge,121,-0.002908290672469782,0.001581683459626854
2020-04-29,1,ridge,121,-0.005539064466716148,0.0009004556105721073
2020-04-30,1,ridge,121,0.000605754687882154,0.001283224497229835
2020-05-01,1,ridge,121,0.004029014314045121,0.0016958846256715301
2020-05-04,1,ridge,121,0.002309353905497247,0.0014452105746291758
2020-05-05,1,ridge,121,0.003803808390226315,0.0005785111745166021
2020-05-06,1,ridge,121,-0.002000200686869569,0.0013545275676129635
2020-05-07,1,ridge,121,-0.001603046130281172,0.0009633041710843794
2020-05-08,1,ridge,121,0.005100776174035815,0.0005490732315048
2020-05-11,1,ridge,121,-0.003097369714114784,0.0009737244806992274
2020-05-12,1,ridge,121,0.003097369714114784,0.0013519195727979593
2020-05-13,1,ridge,121,0.002291864886410089,0.0013177057480411398
2020-05-14,1,ridge,121,-0.0006969682165935964,0.0007299344575248505
2020-05-15,1,ridge,121,-0.007297478278264435,0.0008730101215975773
2020-05-18,1,ridge,121,-0.003014471736093149,0.0002089612447510574
2020-05-19,1,ridge,121,-0.002519019922385013,0.0010188815948071956
2020-05-20,1,ridge,121,0.002519019922385013,0.0007052465529239981
2020-05-21,1,ridge,121,0.004918947829191112,0.0012823050401156227
2020-05-22,1,ridge,121,0.0,0.0014388510565174466
2020-05-25,1,ridge,121,-0.009558859320713431,0.0008941713822589607
2020-05-26,1,ridge,121,0.00151538140834262,0.000580953109969251
2020-05-27,1,ridge,121,-0.006888195792898344,0.0010012268797604162
2020-05-28,1,ridge,121,-0.0004066693834001711,0.0010473506018933833
2020-04-03,1,ridge,122,0.0009937395232961777,0.000981558222645925
2020-04-06,1,ridge,122,-0.007777484612606855,-0.0007844934811562855
2020-04-07,1,ridge,122,0.002199780909065474,0.0007975377737173749
2020-04-08,1,ridge,122,-0.006010837572704375,0.0001934708354532065
2020-04-09,1,ridge,122,0.0,0.0006696514816357952
2020-04-10,1,ridge,122,-0.001709659993043289,0.0009678172837351136
2020-04-13,1,ridge,122,-0.0046408477159261,0.001193653816742326
2020-04-14,1,ridge,122,0.005747432004692854,0.0006612667035471527
2020-04-15,1,ridge,122,0.005714587710496488,0.002318233336193322
2020-04-16,1,ridge,122,-0.002502378564197549,0.0011562114581031414
2020-04-17,1,ridge,122,0.001802343533859663,0.0001376529040250948
2020-04-20,1,ridge,122,0.002996705868605787,0.0025605336447304763
2020-04-21,1,ridge,122,0.00129578886807824,0.005345282425709117
2020-04-22,1,ridge,122,0.0003983667018125914,-0.0030297262010259038
2020-04-23,1,ridge,122,-0.0004979831784606148,0.0005594455559414994
2020-04-24,1,ridge,122,-0.003392878217368889,0.0008668340013174765
2020-04-27,1,ridge,122,-0.001800900936955507,0.0011190035927889197
2020-04-28,1,ridge,122,-0.002908290672469782,0.0010561278821530902
2020-04-29,1,ridge,122,-0.005539064466716148,-0.00021338949492400995
2020-04-30,1,ridge,122,0.000605754687882154,0.0005444978195131543
2020-05-01,1,ridge,122,0.004029014314045121,0.001441781005357248
2020-05-04,1,ridge,122,0.002309353905497247,0.0011130025082767977
2020-05-05,1,ridge,122,0.003803808390226315,-0.0005827355014791298
2020-05-06,1,ridge,122,-0.002000200686869569,0.0011136730959101413
2020-05-07,1,ridge,122,-0.001603046130281172,0.00043977413902191495
2020-05-08,1,ridge,122,0.005100776174035815,-0.00026537090540640785
2020-05-11,1,ridge,122,-0.003097369714114784,0.0006938247676781011
2020-05-12,1,ridge,122,0.003097369714114784,0.0008028411641522928
2020-05-13,1,ridge,122,0.002291864886410089,0.0012199953517975286
2020-05-14,1,ridge,122,-0.0006969682165935964,0.00017734813595969437
2020-05-15,1,ridge,122,-0.007297478278264435,0.00011536533358461051
2020-05-18,1,ridge,122,-0.003014471736093149,-0.0010045083470155225
2020-05-19,1,ridge,122,-0.002519019922385013,0.0005208092624214353
2020-05-20,1,ridge,122,0.002519019922385013,-0.00011594946216329786
2020-05-21,1,ridge,122,0.004918947829191112,0.0009749211264276865
2020-05-22,1,ridge,122,0.0,0.0011885349240393782
2020-05-25,1,ridge,122,-0.009558859320713431,0.00030290839242918063
2020-05-26,1,ridge,122,0.00151538140834262,-0.00016833401893954938
2020-05-27,1,ridge,122,-0.006888195792898344,0.0005863615773680708
2020-05-28,1,ridge,122,-0.0004066693834001711,0.0004073099252168257
2020-05-29,1,ridge,122,-0.005199583514455597,0.0005777397840102254
2020-06-01,1,ridge,122,-0.001636829009951768,0.000360665952795777
2020-06-02,1,ridge,122,-0.004001031241529063,3.724174224640012e-05
2020-06-03,1,ridge,122,-0.006186862382574709,3.997080432069242e-05
2020-06-04,1,ridge,122,0.002685674581947239,0.0008447234194999508
2020-06-05,1,ridge,122,-0.003306471290969171,-0.0002933593000055244
2020-06-08,1,ridge,122,-0.003109777565749816,0.000794943323498649
2020-06-09,1,ridge,122,-0.003744543589016658,0.001067590168727254
2020-06-10,1,ridge,122,0.007992154222962178,0.0009715532307922198
2020-06-11,1,ridge,122,0.006080925720866048,0.0032036422161795457
2020-06-12,1,ridge,122,-0.006287708186450303,0.0007688270930703003
2020-06-15,1,ridge,122,0.002581712592132135,0.000859166070705592
2020-06-16,1,ridge,122,0.002060581812967754,-0.00028154786826239844
2020-06-17,1,ridge,122,0.002672424244424931,0.00082527809277477
2020-06-18,1,ridge,122,0.002050862080604787,0.0007021511976788706
2020-06-19,1,ridge,122,-0.00595912582320679,0.00044474058425563086
2020-06-22,1,ridge,122,-0.004027058981455056,0.0004105967032483047
2020-06-23,1,ridge,122,0.005159970169109407,0.00023035751761841096
2020-06-24,1,ridge,122,0.002877995613800977,0.0017880132298967104
2020-06-25,1,ridge,122,0.0,0.00022615377028019292
2020-05-01,1,ridge,123,0.004029014314045121,0.0012227369775470464
2020-05-04,1,ridge,123,0.002309353905497247,0.0008891485310265672
2020-05-05,1,ridge,123,0.003803808390226315,-0.0008531817347974632
2020-05-06,1,ridge,123,-0.002000200686869569,0.0008721179923482809
2020-05-07,1,ridge,123,-0.001603046130281172,0.0001488461311726472
2020-05-08,1,ridge,123,0.005100776174035815,-0.0005365232835108324
2020-05-11,1,ridge,123,-0.003097369714114784,0.0004358711422605526
2020-05-12,1,ridge,123,0.003097369714114784,0.0005686003023701378
2020-05-13,1,ridge,123,0.002291864886410089,0.0009942466150563514
2020-05-14,1,ridge,123,-0.0006969682165935964,-3.539319100348321e-05
2020-05-15,1,ridge,123,-0.007297478278264435,-0.00014208649766494732
2020-05-18,1,ridge,123,-0.003014471736093149,-0.0013243863473714056
2020-05-19,1,ridge,123,-0.002519019922385013,0.0002802533503610311
2020-05-20,1,ridge,123,0.002519019922385013,-0.00038434010951516516
2020-05-21,1,ridge,123,0.004918947829191112,0.000749537005165358
2020-05-22,1,ridge,123,0.0,0.0009379716440482692
2020-05-25,1,ridge,123,-0.009558859320713431,2.759755253946753e-05
2020-05-26,1,ridge,123,0.00151538140834262,-0.0004404976954147922
2020-05-27,1,ridge,123,-0.006888195792898344,0.0003029748430200956
2020-05-28,1,ridge,123,-0.0004066693834001711,0.0001439976788791015
2020-05-29,1,ridge,123,-0.005199583514455597,0.00035016714233240684
2020-06-01,1,ridge,123,-0.001636829009951768,9.544518655632645e-05
2020-06-02,1,ridge,123,-0.004001031241529063,-0.00024267774418313605
2020-06-03,1,ridge,123,-0.006186862382574709,-0.00024856465682895445
2020-06-04,1,ridge,123,0.002685674581947239,0.0006174431719096117
2020-06-05,1,ridge,123,-0.003306471290969171,-0.0005714350949921611
2020-06-08,1,ridge,123,-0.003109777565749816,0.0005379558632080029
2020-06-09,1,ridge,123,-0.003744543589016658,0.0008614596251131155
2020-06-10,1,ridge,123,0.007992154222962178,0.0007374361842205902
2020-06-11,1,ridge,123,0.006080925720866048,0.0030432884999721404
2020-06-12,1,ridge,123,-0.006287708186450303,0.0005203420114092392
2020-06-15,1,ridge,123,0.002581712592132135,0.0006317680102911691
2020-06-16,1,ridge,123,0.002060581812967754,-0.0005791757988094496
2020-06-17,1,ridge,123,0.002672424244424931,0.0005792927291219925
2020-06-18,1,ridge,123,0.002050862080604787,0.000478356485439876
2020-06-19,1,ridge,123,-0.00595912582320679,0.00019936323540811667
2020-06-22,1,ridge,123,-0.004027058981455056,0.00018525828366753008
2020-06-23,1,ridge,123,0.005159970169109407,-3.853011139358883e-05
2020-06-24,1,ridge,123,0.002877995613800977,0.0016065897348133554
2020-06-25,1,ridge,123,0.0,-1.8722716676356872e-05
2020-06-26,1,ridge,123,0.001128378844656552,0.000871054511956688
2020-06-29,1,ridge,123,-0.00153901430879877,-0.00013649256527399625
2020-06-30,1,ridge,123,-0.001952824506714634,-0.00021557707868357113
2020-07-01,1,ridge,123,0.001233806448929009,0.0013647454775450767
2020-07-02,1,ridge,123,-0.001542496063974497,0.0009727229624917107
2020-07-03,1,ridge,123,-0.00464181554481069,0.001507320119413114
2020-07-06,1,ridge,123,0.001652892938300177,0.0005846626351770561
2020-07-07,1,ridge,123,-0.004655742722544431,0.001972026580664636
2020-07-08,1,ridge,123,0.002796045936955593,0.001283721766198938
2020-07-09,1,ridge,123,-0.0005171968049086928,0.0018875528005507822
2020-07-10,1,ridge,123,-0.001967791013513853,0.0013240908549681557
2020-07-13,1,ridge,123,-0.002075550765862744,0.001516171080558974
2020-07-14,1,ridge,123,-0.001871686103235071,0.0013628872842881272
2020-07-15,1,ridge,123,0.002806217088647145,0.0010839693697930607
2020-07-16,1,ridge,123,-0.004264398786457235,0.0021104201818116157
2020-07-17,1,ridge,123,-0.001147207718246612,0.0014177606926957967
2020-07-20,1,ridge,123,-0.007436535973145197,0.0013815523143370667
2020-07-21,1,ridge,123,-0.001367629480435006,0.0013216619724981025
2020-07-22,1,ridge,123,-0.003163224906682416,0.002002658932285517
2020-07-23,1,ridge,123,-0.002749578720430357,0.0021913436135835725
2020-05-29,1,ridge,124,-0.005199583514455597,0.0003001993485105967
2020-06-01,1,ridge,124,-0.001636829009951768,4.602832343673973e-06
2020-06-02,1,ridge,124,-0.004001031241529063,-0.000326463971383604
2020-06-03,1,ridge,124,-0.006186862382574709,-0.00034745846895169316
2020-06-04,1,ridge,124,0.002685674581947239,0.0005413165325049399
2020-06-05,1,ridge,124,-0.003306471290969171,-0.0006456064315048718
2020-06-08,1,ridge,124,-0.003109777565749816,0.0004470713958810127
2020-06-09,1,ridge,124,-0.003744543589016658,0.0008011674778395385
2020-06-10,1,ridge,124,0.007992154222962178,0.0006749005205826729
2020-06-11,1,ridge,124,0.006080925720866048,0.0029733939101850887
2020-06-12,1,ridge,124,-0.006287708186450303,0.0004342086662902637
2020-06-15,1,ridge,124,0.002581712592132135,0.0005702022989503587
2020-06-16,1,ridge,124,0.002060581812967754,-0.0006782813582005478
2020-06-17,1,ridge,124,0.002672424244424931,0.0004934498425002387
2020-06-18,1,ridge,124,0.002050862080604787,0.00040942295334966624
2020-06-19,1,ridge,124,-0.00595912582320679,0.00012285772444250743
2020-06-22,1,ridge,124,-0.004027058981455056,0.00011077070561150932
2020-06-23,1,ridge,124,0.005159970169109407,-0.00013294576244320838
2020-06-24,1,ridge,124,0.002877995613800977,0.0015204088183587827
2020-06-25,1,ridge,124,0.0,-9.986383059579039e-05
2020-06-26,1,ridge,124,0.001128378844656552,0.0007889384932309269
2020-06-29,1,ridge,124,-0.00153901430879877,-0.00021578242329856517
2020-06-30,1,ridge,124,-0.001952824506714634,-0.0003123878376286894
2020-07-01,1,ridge,124,0.001233806448929009,0.0012990212841834767
2020-07-02,1,ridge,124,-0.001542496063974497,0.0008863656068186543
2020-07-03,1,ridge,124,-0.00464181554481069,0.0014351418003635398
2020-07-06,1,ridge,124,0.001652892938300177,0.0005008559738749677
2020-07-07,1,ridge,124,-0.004655742722544431,0.0019058862108853071
2020-07-08,1,ridge,124,0.002796045936955593,0.0012225120677566434
2020-07-09,1,ridge,124,-0.0005171968049086928,0.001809789652845336
2020-07-10,1,ridge,124,-0.001967791013513853,0.0012533903982401221
2020-07-13,1,ridge,124,-0.002075550765862744,0.001426734080862765
2020-07-14,1,ridge,124,-0.001871686103235071,0.001297639738671993
2020-07-15,1,ridge,124,0.002806217088647145,0.001006189294443294
2020-07-16,1,ridge,124,-0.004264398786457235,0.002036661921135326
2020-07-17,1,ridge,124,-0.001147207718246612,0.0013436663276950593
2020-07-20,1,ridge,124,-0.007436535973145197,0.0013048587162320835
2020-07-21,1,ridge,124,-0.001367629480435006,0.0012536408006000096
2020-07-22,1,ridge,124,-0.003163224906682416,0.0019335656039025974
2020-07-23,1,ridge,124,-0.002749578720430357,0.0021123379856666977
2020-07-24,1,ridge,124,-0.008080852053939047,0.002327136785957294
2020-07-27,1,ridge,124,0.0003202220233369246,0.0016453717651384349
2020-07-28,1,ridge,124,-0.002671655342804335,0.0022202226217166647
2020-07-29,1,ridge,124,-0.004612010105621067,0.001576118591059771
2020-07-30,1,ridge,124,0.003541346191781258,0.00261000223145256
2020-07-31,1,ridge,124,0.002033282310008211,0.001966609279078182
2020-08-03,1,ridge,124,-0.001711962754948892,0.0015791603626040163
2020-08-04,1,ridge,124,-0.005476523754873952,0.0015485130201748237
2020-08-05,1,ridge,124,-0.0008617904228289675,0.001747430222416588
2020-08-06,1,ridge,124,0.006873617439776325,0.0020876054852136095
2020-08-07,1,ridge,124,0.00160419263320577,0.0023595921972302883
2020-08-10,1,ridge,124,0.0005341595127275056,0.0017579528635856918
2020-08-11,1,ridge,124,-0.002031325870881062,0.0017827181566645303
2020-08-12,1,ridge,124,-0.001177919502261204,0.001291639642100734
2020-08-13,1,ridge,124,-0.002467415294634456,0.0017741045328631276
2020-08-14,1,ridge,124,-0.002688896484306369,0.0018963804697798815
2020-08-17,1,ridge,124,-0.006266226208250458,0.0015715081270365708
2020-08-18,1,ridge,124,0.006696935808965243,0.001852488493741546
2020-08-19,1,ridge,124,-0.001077122034341293,0.002169288739599596
2020-08-20,1,ridge,124,0.004945183158836741,0.001956561207176454
2020-06-26,1,ridge,125,0.001128378844656552,0.0007169435613028862
2020-06-29,1,ridge,125,-0.00153901430879877,-0.0003239855333178397
2020-06-30,1,ridge,125,-0.001952824506714634,-0.00040804322906765327
2020-07-01,1,ridge,125,0.001233806448929009,0.0012070608024662604
2020-07-02,1,ridge,125,-0.001542496063974497,0.0007697888493525467
2020-07-03,1,ridge,125,-0.00464181554481069,0.0013595164088801418
2020-07-06,1,ridge,125,0.001652892938300177,0.0003776156458096822
2020-07-07,1,ridge,125,-0.004655742722544431,0.001838113579566336
2020-07-08,1,ridge,125,0.002796045936955593,0.0011390480416468111
2020-07-09,1,ridge,125,-0.0005171968049086928,0.0017461663962054519
2020-07-10,1,ridge,125,-0.001967791013513853,0.0011571627007436478
2020-07-13,1,ridge,125,-0.002075550765862744,0.0013401998118889448
2020-07-14,1,ridge,125,-0.001871686103235071,0.001217375591160954
2020-07-15,1,ridge,125,0.002806217088647145,0.0009013179417296985
2020-07-16,1,ridge,125,-0.004264398786457235,0.001973851067447096
2020-07-17,1,ridge,125,-0.001147207718246612,0.00126053400216403
2020-07-20,1,ridge,125,-0.007436535973145197,0.0012064357955276842
2020-07-21,1,ridge,125,-0.001367629480435006,0.0011498033009837213
2020-07-22,1,ridge,125,-0.003163224906682416,0.0018537291213803425
2020-07-23,1,ridge,125,-0.002749578720430357,0.002039909131367279
2020-07-24,1,ridge,125,-0.008080852053939047,0.002264284084098523
2020-07-27,1,ridge,125,0.0003202220233369246,0.0015583116535558285
2020-07-28,1,ridge,125,-0.002671655342804335,0.002139602497707023
2020-07-29,1,ridge,125,-0.004612010105621067,0.0014837477195950729
2020-07-30,1,ridge,125,0.003541346191781258,0.0025594156847906515
2020-07-31,1,ridge,125,0.002033282310008211,0.00188979921124224
2020-08-03,1,ridge,125,-0.001711962754948892,0.0014651183198280454
2020-08-04,1,ridge,125,-0.005476523754873952,0.0014603258444926403
2020-08-05,1,ridge,125,-0.0008617904228289675,0.0016508004560592863
2020-08-06,1,ridge,125,0.006873617439776325,0.0020185413462470553
2020-08-07,1,ridge,125,0.00160419263320577,0.0022886805613741876
2020-08-10,1,ridge,125,0.0005341595127275056,0.0016720756603569916
2020-08-11,1,ridge,125,-0.002031325870881062,0.001684783597685545
2020-08-12,1,ridge,125,-0.001177919502261204,0.0011788647354156318
2020-08-13,1,ridge,125,-0.002467415294634456,0.0017087909874364039
2020-08-14,1,ridge,125,-0.002688896484306369,0.0018248283584482712
2020-08-17,1,ridge,125,-0.006266226208250458,0.001478558686605881
2020-08-18,1,ridge,125,0.006696935808965243,0.0017718377122150834
2020-08-19,1,ridge,125,-0.001077122034341293,0.002086320013437299
2020-08-20,1,ridge,125,0.004945183158836741,0.001888728712930362
2020-08-21,1,ridge,125,0.0005360493293729007,0.0016131072091665189
2020-08-24,1,ridge,125,-0.003005584057347299,0.0011066393783697942
2020-08-25,1,ridge,125,-0.0001075095415750127,0.0013025763274404226
2020-08-26,1,ridge,125,-0.0001075211011194455,0.0013208909515299654
2020-08-27,1,ridge,125,-0.006797242548737259,0.001699196522287129
2020-08-28,1,ridge,125,-0.002493091096748223,0.0013277743738959041
2020-08-31,1,ridge,125,0.002168257571072196,0.0019144012967213784
2020-09-01,1,ridge,125,0.00550787071987191,0.0016322783633766025
2020-09-02,1,ridge,125,-0.001185408835399748,0.00147596973663322
2020-09-03,1,ridge,125,-0.000215679931819146,0.002582818546442742
2020-09-04,1,ridge,125,0.0,0.002377298087423466
2020-09-07,1,ridge,125,0.007735320048420924,0.001613240178129358
2020-09-08,1,ridge,125,-0.002035460555991797,0.0026871509861313976
2020-09-09,1,ridge,125,0.0009646819977442433,0.0009107565180526007
2020-09-10,1,ridge,125,-0.0001071409440136506,0.0021700864941923974
2020-09-11,1,ridge,125,-0.003004616489396206,0.0013924610855341787
2020-09-14,1,ridge,125,0.0,0.0011484997772192365
2020-09-15,1,ridge,125,0.001718028984805997,0.0012113959289055433
2020-09-16,1,ridge,125,-0.002578151605298729,0.0013672094686700963
2020-09-17,1,ridge,125,-0.000430338898518734,0.001813617738552118
2020-07-24,1,ridge,126,-0.008080852053939047,0.001195878725422197
2020-07-27,1,ridge,126,0.0003202220233369246,0.0004533248106366243
2020-07-28,1,ridge,126,-0.002671655342804335,0.0010443023573185532
2020-07-29,1,ridge,126,-0.004612010105621067,0.0003943785217228463
2020-07-30,1,ridge,126,0.003541346191781258,0.0014467880376082811
2020-07-31,1,ridge,126,0.002033282310008211,0.0008057975169387777
2020-08-03,1,ridge,126,-0.001711962754948892,0.00040615851347867304
2020-08-04,1,ridge,126,-0.005476523754873952,0.000395063136031224
2020-08-05,1,ridge,126,-0.0008617904228289675,0.0005752233333506483
2020-08-06,1,ridge,126,0.006873617439776325,0.0009365579740521779
2020-08-07,1,ridge,126,0.00160419263320577,0.0012473721422563537
2020-08-10,1,ridge,126,0.0005341595127275056,0.0006294322545799918
2020-08-11,1,ridge,126,-0.002031325870881062,0.0006613899891071191
2020-08-12,1,ridge,126,-0.001177919502261204,0.0001489439519482847
2020-08-13,1,ridge,126,-0.002467415294634456,0.0006778601691631159
2020-08-14,1,ridge,126,-0.002688896484306369,0.0007944833203430749
2020-08-17,1,ridge,126,-0.006266226208250458,0.00043407188808895243
2020-08-18,1,ridge,126,0.006696935808965243,0.0007091616198565005
2020-08-19,1,ridge,126,-0.001077122034341293,0.0010635983998331247
2020-08-20,1,ridge,126,0.004945183158836741,0.0008610625746230591
2020-08-21,1,ridge,126,0.0005360493293729007,0.0006065799772706726
2020-08-24,1,ridge,126,-0.003005584057347299,9.642097659604815e-05
2020-08-25,1,ridge,126,-0.0001075095415750127,0.0003013177068538125
2020-08-26,1,ridge,126,-0.0001075211011194455,0.0003239141162142426
2020-08-27,1,ridge,126,-0.006797242548737259,0.0007101580876929751
2020-08-28,1,ridge,126,-0.002493091096748223,0.000314789714876504
2020-08-31,1,ridge,126,0.002168257571072196,0.0008968865512844676
2020-09-01,1,ridge,126,0.00550787071987191,0.0006344461444074713
2020-09-02,1,ridge,126,-0.001185408835399748,0.0004844171014446368
2020-09-03,1,ridge,126,-0.000215679931819146,0.0015856126536419562
2020-09-04,1,ridge,126,0.0,0.0013669511894666925
2020-09-07,1,ridge,126,0.007735320048420924,0.0006257132520387868
2020-09-08,1,ridge,126,-0.002035460555991797,0.001697234367130578
2020-09-09,1,ridge,126,0.0009646819977442433,-7.311325435035235e-05
2020-09-10,1,ridge,126,-0.0001071409440136506,0.0011938503280499212
2020-09-11,1,ridge,126,-0.003004616489396206,0.00040960932040886704
2020-09-14,1,ridge,126,0.0,0.00015709538350061532
2020-09-15,1,ridge,126,0.001718028984805997,0.0002286635739814136
2020-09-16,1,ridge,126,-0.002578151605298729,0.0003870546974960565
2020-09-17,1,ridge,126,-0.000430338898518734,0.0008202214778458689
2020-09-18,1,ridge,126,0.007824682186147847,0.0008058700162518202
2020-09-21,1,ridge,126,0.003517189876814264,0.0017720140082110117
2020-09-22,1,ridge,126,0.004246741704642787,0.0004986958968784008
2020-09-23,1,ridge,126,-0.0004238635222941767,0.0008928347596860945
2020-09-24,1,ridge,126,0.003068947855572546,0.0006344163145873783
2020-09-25,1,ridge,126,-0.003811141602200863,0.00027328666980310184
2020-09-28,1,ridge,126,-0.004145193797474356,-0.00031519278942007933
2020-09-29,1,ridge,126,0.0,0.0007763979762521259
2020-09-30,1,ridge,126,-0.001918977134724109,0.0003223438019729348
2020-10-01,1,ridge,126,0.001386297209488241,0.0005870909004956422
2020-10-02,1,ridge,126,-0.003522821897864681,0.0008944985381937954
2020-10-05,1,ridge,126,0.001923077515741056,-0.0004444921184863238
2020-10-06,1,ridge,126,-0.0006406150122986176,0.0005638155955577851
2020-10-07,1,ridge,126,-0.0002136295671446575,0.00010497152348939092
2020-10-08,1,ridge,126,-0.00589276896715063,0.00013401905890045624
2020-10-09,1,ridge,126,0.0001074517811163744,0.00029349247427308127
2020-10-12,1,ridge,126,0.004930342248840702,0.0002762572722028071
2020-10-13,1,ridge,126,-0.00160505090366847,0.0008631435354836811
2020-10-14,1,ridge,126,0.005127120823479991,0.0004464974729330852
2020-10-15,1,ridge,126,-0.001919591076809724,0.0011447833370857904
2020-08-21,1,ridge,127,0.0005360493293729007,0.000446862816038135
2020-08-24,1,ridge,127,-0.003005584057347299,-7.240716312098354e-05
2020-08-25,1,ridge,127,-0.0001075095415750127,0.00014588195783112403
2020-08-26,1,ridge,127,-0.0001075211011194455,0.00016585475731845315
2020-08-27,1,ridge,127,-0.006797242548737259,0.0005643798767262125
2020-08-28,1,ridge,127,-0.002493091096748223,0.0001589139375314742
2020-08-31,1,ridge,127,0.002168257571072196,0.0007396289152581529
2020-09-01,1,ridge,127,0.00550787071987191,0.0004819067601658895
2020-09-02,1,ridge,127,-0.001185408835399748,0.0003309430552044878
2020-09-03,1,ridge,127,-0.000215679931819146,0.0014339955080645613
2020-09-04,1,ridge,127,0.0,0.0012244056553363768
2020-09-07,1,ridge,127,0.007735320048420924,0.00046874291846419523
2020-09-08,1,ridge,127,-0.002035460555991797,0.0015476574865725089
2020-09-09,1,ridge,127,0.0009646819977442433,-0.000233650781377197
2020-09-10,1,ridge,127,-0.0001071409440136506,0.0010419364691228326
2020-09-11,1,ridge,127,-0.003004616489396206,0.0002542726410187915
2020-09-14,1,ridge,127,0.0,1.6996712804958963e-06
2020-09-15,1,ridge,127,0.001718028984805997,6.914144399757129e-05
2020-09-16,1,ridge,127,-0.002578151605298729,0.00022922270893250524
2020-09-17,1,ridge,127,-0.000430338898518734,0.0006699922850099709
2020-09-18,1,ridge,127,0.007824682186147847,0.0006520391477413138
2020-09-21,1,ridge,127,0.003517189876814264,0.001645690764574713
2020-09-22,1,ridge,127,0.004246741704642787,0.0003481527180324035
2020-09-23,1,ridge,127,-0.0004238635222941767,0.0007435604767164183
2020-09-24,1,ridge,127,0.003068947855572546,0.0004924906570981105
2020-09-25,1,ridge,127,-0.003811141602200863,0.0001284556541435472
2020-09-28,1,ridge,127,-0.004145193797474356,-0.0004762675648750291
2020-09-29,1,ridge,127,0.0,0.0006312099391024388
2020-09-30,1,ridge,127,-0.001918977134724109,0.000174444655424728
2020-10-01,1,ridge,127,0.001386297209488241,0.0005674625919925841
2020-10-02,1,ridge,127,-0.003522821897864681,0.0008811851340243439
2020-10-05,1,ridge,127,0.001923077515741056,-0.0004831861408988778
2020-10-06,1,ridge,127,-0.0006406150122986176,0.0005354023243421608
2020-10-07,1,ridge,127,-0.0002136295671446575,8.858811130838377e-05
2020-10-08,1,ridge,127,-0.00589276896715063,0.00010539663457645077
2020-10-09,1,ridge,127,0.0001074517811163744,0.00026992974748101916
2020-10-12,1,ridge,127,0.004930342248840702,0.000256521740362394
2020-10-13,1,ridge,127,-0.00160505090366847,0.0008446348526280138
2020-10-14,1,ridge,127,0.005127120823479991,0.0004239144400820617
2020-10-15,1,ridge,127,-0.001919591076809724,0.0011341970035434299
2020-10-16,1,ridge,127,-0.002672226484596862,0.000234970730564823
2020-10-19,1,ridge,127,-0.003860594607245638,0.000665959073088702
2020-10-20,1,ridge,127,-0.004954771015441395,0.0003757357180681517
2020-10-21,1,ridge,127,0.003664586985275164,0.0008821991350196001
2020-10-22,1,ridge,127,-0.001938402502272396,0.0005873455564216185
2020-10-23,1,ridge,127,0.00290619654522839,0.0005229031389100122
2020-10-26,1,ridge,127,-0.001075384553576697,0.0013047365444100521
2020-10-27,1,ridge,127,0.004937221577964834,0.0006891361573855346
2020-10-28,1,ridge,127,0.00597781455591484,0.001980712166800542
2020-10-29,1,ridge,127,0.000851063881157188,0.0005272530530823086
2020-10-30,1,ridge,127,0.0009565818872596665,0.0010514384960753046
2020-11-02,1,ridge,127,-0.006180752839029857,-0.0003851390681902957
2020-11-03,1,ridge,127,-0.001497646835341371,-0.0005508471499251332
2020-11-04,1,ridge,127,-0.009465489623818435,-0.0004056330020033702
2020-11-05,1,ridge,127,-0.003247459013311804,-0.00036295539892666436
2020-11-06,1,ridge,127,0.005298741783868799,0.0008236449958740156
2020-11-09,1,ridge,127,0.0003235024560481747,-0.0006278199967642991
2020-11-10,1,ridge,127,0.003121806722864662,0.00015947486326703292
2020-11-11,1,ridge,127,-0.0008602151068082264,0.0002444356947638567
2020-11-12,1,ridge,127,-0.002261591616056435,0.0009157669452709227
2020-09-18,1,ridge,128,0.007824682186147847,0.0006188705993330095
2020-09-21,1,ridge,128,0.003517189876814264,0.0016049706987020412
2020-09-22,1,ridge,128,0.004246741704642787,0.00032003402644922114
2020-09-23,1,ridge,128,-0.0004238635222941767,0.0007137122339805437
2020-09-24,1,ridge,128,0.003068947855572546,0.0004698235246341816
2020-09-25,1,ridge,128,-0.003811141602200863,9.936741137622258e-05
2020-09-28,1,ridge,128,-0.004145193797474356,-0.0005026778564115209
2020-09-29,1,ridge,128,0.0,0.0006019612448246775
2020-09-30,1,ridge,128,-0.001918977134724109,0.00014788685385631938
2020-10-01,1,ridge,128,0.001386297209488241,0.0005642437449250338
2020-10-02,1,ridge,128,-0.003522821897864681,0.0008784400605467012
2020-10-05,1,ridge,128,0.001923077515741056,-0.000492363768259867
2020-10-06,1,ridge,128,-0.0006406150122986176,0.0005304339396977949
2020-10-07,1,ridge,128,-0.0002136295671446575,8.433347794639002e-05
2020-10-08,1,ridge,128,-0.00589276896715063,9.648726408887711e-05
2020-10-09,1,ridge,128,0.0001074517811163744,0.00026659273606343667
2020-10-12,1,ridge,128,0.004930342248840702,0.0002445645798572435
2020-10-13,1,ridge,128,-0.00160505090366847,0.0008316033639825732
2020-10-14,1,ridge,128,0.005127120823479991,0.00042195761270782755
2020-10-15,1,ridge,128,-0.001919591076809724,0.0011142159291268946
2020-10-16,1,ridge,128,-0.002672226484596862,0.00023378772059385716
2020-10-19,1,ridge,128,-0.003860594607245638,0.0006592064016062091
2020-10-20,1,ridge,128,-0.004954771015441395,0.00036644747960751077
2020-10-21,1,ridge,128,0.003664586985275164,0.0008685551234122952
2020-10-22,1,ridge,128,-0.001938402502272396,0.0005803989891962485
2020-10-23,1,ridge,128,0.00290619654522839,0.0005190224465583674
2020-10-26,1,ridge,128,-0.001075384553576697,0.0012999483617390332
2020-10-27,1,ridge,128,0.004937221577964834,0.0006748569665997895
2020-10-28,1,ridge,128,0.00597781455591484,0.001963225080926631
2020-10-29,1,ridge,128,0.000851063881157188,0.0005222431296902449
2020-10-30,1,ridge,128,0.0009565818872596665,0.0010451143702735045
2020-11-02,1,ridge,128,-0.006180752839029857,-0.0003867866944509369
2020-11-03,1,ridge,128,-0.001497646835341371,-0.0005579262815101648
2020-11-04,1,ridge,128,-0.009465489623818435,-0.00040646349459837753
2020-11-05,1,ridge,128,-0.003247459013311804,-0.00036831392203720185
2020-11-06,1,ridge,128,0.005298741783868799,0.0008211418410094492
2020-11-09,1,ridge,128,0.0003235024560481747,-0.000634603640129688
2020-11-10,1,ridge,128,0.003121806722864662,0.00015346749180981668
2020-11-11,1,ridge,128,-0.0008602151068082264,0.00024390507797243714
2020-11-12,1,ridge,128,-0.002261591616056435,0.0009039705791267581
2020-11-13,1,ridge,128,-0.001186687662858787,0.0003993393554784426
2020-11-16,1,ridge,128,-0.002377608382564844,-0.0002575279396246319
2020-11-17,1,ridge,128,-0.001082602682330958,0.0006598703458035276
2020-11-18,1,ridge,128,-0.0003250094823039618,0.0007976803913653685
2020-11-19,1,ridge,128,0.001082954405168479,0.0006041008462280451
2020-11-20,1,ridge,128,0.00118989683572579,0.0005017609460599971
2020-11-23,1,ridge,128,-0.002923187270752692,0.0002033136745863274
2020-11-24,1,ridge,128,-0.002605581758561293,-0.00026417817581845865
2020-11-25,1,ridge,128,0.0,0.00046578810366429196
2020-11-26,1,ridge,128,-0.00217651625806603,0.0007173343515888414
2020-11-27,1,ridge,128,0.0008711750523753281,0.00031918641663679896
2020-11-30,1,ridge,128,-0.006114223655126594,0.0010693664632015478
2020-12-01,1,ridge,128,-0.002082991489321451,-9.314561435629196e-05
2020-12-02,1,ridge,128,-0.004509714512074048,0.0005410232613757951
2020-12-03,1,ridge,128,-0.0001102475057619401,0.0005318028411030436
2020-12-04,1,ridge,128,0.0009917902625744546,0.000372127204135608
2020-12-07,1,ridge,128,0.001870702058615059,0.0009136666288554036
2020-12-08,1,ridge,128,0.001428179314437727,0.0006833023184959941
2020-12-09,1,ridge,128,-0.002968503086913543,0.0007322011024499045
2020-12-10,1,ridge,128,0.001760176472052954,0.000441257531523432
2020-10-16,1,ridge,129,-0.002672226484596862,0.00020680896103659856
2020-10-19,1,ridge,129,-0.003860594607245638,0.0006394306118355524
2020-10-20,1,ridge,129,-0.004954771015441395,0.0003444518919505212
2020-10-21,1,ridge,129,0.003664586985275164,0.0008526908305959074
2020-10-22,1,ridge,129,-0.001938402502272396,0.0005591606848728854
2020-10-23,1,ridge,129,0.00290619654522839,0.0004932575680501776
2020-10-26,1,ridge,129,-0.001075384553576697,0.0012954809418722019
2020-10-27,1,ridge,129,0.004937221577964834,0.0006525316684988645
2020-10-28,1,ridge,129,0.00597781455591484,0.0019628061330227396
2020-10-29,1,ridge,129,0.000851063881157188,0.0005033515407297758
2020-10-30,1,ridge,129,0.0009565818872596665,0.0010252813114508136
2020-11-02,1,ridge,129,-0.006180752839029857,-0.0004178300120270404
2020-11-03,1,ridge,129,-0.001497646835341371,-0.0005964626354650482
2020-11-04,1,ridge,129,-0.009465489623818435,-0.00044584182810708235
2020-11-05,1,ridge,129,-0.003247459013311804,-0.00039827539466264937
2020-11-06,1,ridge,129,0.005298741783868799,0.0008035934338832066
2020-11-09,1,ridge,129,0.0003235024560481747,-0.0006900948384254763
2020-11-10,1,ridge,129,0.003121806722864662,0.00011904830675303231
2020-11-11,1,ridge,129,-0.0008602151068082264,0.00021408194551841093
2020-11-12,1,ridge,129,-0.002261591616056435,0.0008819306552988255
2020-11-13,1,ridge,129,-0.001186687662858787,0.00037105115771794147
2020-11-16,1,ridge,129,-0.002377608382564844,-0.00028728766322564064
2020-11-17,1,ridge,129,-0.001082602682330958,0.0006337724454659235
2020-11-18,1,ridge,129,-0.0003250094823039618,0.0007709406026894125
2020-11-19,1,ridge,129,0.001082954405168479,0.0005854912891512841
2020-11-20,1,ridge,129,0.00118989683572579,0.00047318873874843475
2020-11-23,1,ridge,129,-0.002923187270752692,0.00017987830680690986
2020-11-24,1,ridge,129,-0.002605581758561293,-0.0003066051545500939
2020-11-25,1,ridge,129,0.0,0.0004395743188456543
2020-11-26,1,ridge,129,-0.00217651625806603,0.0006914199885411966
2020-11-27,1,ridge,129,0.0008711750523753281,0.0002952034488918966
2020-11-30,1,ridge,129,-0.006114223655126594,0.0010468370795637166
2020-12-01,1,ridge,129,-0.002082991489321451,-0.00012040151171325445
2020-12-02,1,ridge,129,-0.004509714512074048,0.0005093284383834603
2020-12-03,1,ridge,129,-0.0001102475057619401,0.0005067613710661614
2020-12-04,1,ridge,129,0.0009917902625744546,0.00034372924659723566
2020-12-07,1,ridge,129,0.001870702058615059,0.0008940719439478846
2020-12-08,1,ridge,129,0.001428179314437727,0.0006590606138558267
2020-12-09,1,ridge,129,-0.002968503086913543,0.0007015442424883445
2020-12-10,1,ridge,129,0.001760176472052954,0.0004194350457031959
2020-12-11,1,ridge,129,-0.002972097515004712,0.0008550292670899794
2020-12-14,1,ridge,129,-0.002649300589203207,0.00045360696552444653
2020-12-15,1,ridge,129,-0.0002210921963454737,0.00022910540306827565
2020-12-16,1,ridge,129,-0.006989544181712937,0.0002638473119669509
2020-12-17,1,ridge,129,0.002224200205194649,0.00022005515756618734
2020-12-18,1,ridge,129,0.000222148173745218,0.0007931193841890833
2020-12-21,1,ridge,129,0.006751921162329033,0.0010880431258312624
2020-12-22,1,ridge,129,-0.002651056451585809,0.0008883320656290302
2020-12-23,1,ridge,129,-0.000995960907868465,2.6698130382304028e-05
2020-12-24,1,ridge,129,0.0,0.0003575549799514109
2020-12-25,1,ridge,129,0.0002214103850519678,0.0005582944142839933
2020-12-28,1,ridge,129,-0.003881777180600565,0.00031571855301618893
2020-12-29,1,ridge,129,-0.003450774281953173,0.00016489973093668388
2020-12-30,1,ridge,129,0.002895002578656936,0.00025902581026754346
2020-12-31,1,ridge,129,0.0,0.00045162613202001276
2021-01-01,1,ridge,129,-0.0007785996722793342,0.0005482024529985253
2021-01-04,1,ridge,129,-0.004796172263493048,0.0007124660836554044
2021-01-05,1,ridge,129,0.001005755239275707,8.11684399311445e-05
2021-01-06,1,ridge,129,0.003345230595050985,0.00019538233697759358
2021-01-07,1,ridge,129,0.003001169373176182,0.00017094376375089318
2020-11-13,1,ridge,130,-0.001186687662858787,0.00033284341517996195
2020-11-16,1,ridge,130,-0.002377608382564844,-0.0003808458390331901
2020-11-17,1,ridge,130,-0.001082602682330958,0.00058836575380669
2020-11-18,1,ridge,130,-0.0003250094823039618,0.0007207619270874794
2020-11-19,1,ridge,130,0.001082954405168479,0.0005377595183832049
2020-11-20,1,ridge,130,0.00118989683572579,0.00041323831986052746
2020-11-23,1,ridge,130,-0.002923187270752692,0.00011516181341389183
2020-11-24,1,ridge,130,-0.002605581758561293,-0.0003932377822469247
2020-11-25,1,ridge,130,0.0,0.00038181391378228004
2020-11-26,1,ridge,130,-0.00217651625806603,0.0006535307255438433
2020-11-27,1,ridge,130,0.0008711750523753281,0.0002270597633721744
2020-11-30,1,ridge,130,-0.006114223655126594,0.0010222610902680873
2020-12-01,1,ridge,130,-0.002082991489321451,-0.00020395925498438813
2020-12-02,1,ridge,130,-0.004509714512074048,0.00044566613277440546
2020-12-03,1,ridge,130,-0.0001102475057619401,0.00044174027226694145
2020-12-04,1,ridge,130,0.0009917902625744546,0.0002712526070717228
2020-12-07,1,ridge,130,0.001870702058615059,0.0008450096677765837
2020-12-08,1,ridge,130,0.001428179314437727,0.0006053067899576629
2020-12-09,1,ridge,130,-0.002968503086913543,0.0006550035261476869
2020-12-10,1,ridge,130,0.001760176472052954,0.000345567137883763
2020-12-11,1,ridge,130,-0.002972097515004712,0.0008191161322293587
2020-12-14,1,ridge,130,-0.002649300589203207,0.00038614603103747204
2020-12-15,1,ridge,130,-0.0002210921963454737,0.0001627040452973152
2020-12-16,1,ridge,130,-0.006989544181712937,0.0001922241889890517
2020-12-17,1,ridge,130,0.002224200205194649,0.00014644588682829722
2020-12-18,1,ridge,130,0.000222148173745218,0.0007439730302509326
2020-12-21,1,ridge,130,0.006751921162329033,0.001063598321032704
2020-12-22,1,ridge,130,-0.002651056451585809,0.0008487357057566395
2020-12-23,1,ridge,130,-0.000995960907868465,-5.23053547249481e-05
2020-12-24,1,ridge,130,0.0,0.00030253564597659745
2020-12-25,1,ridge,130,0.0002214103850519678,0.0005105382080694528
2020-12-28,1,ridge,130,-0.003881777180600565,0.0002522099254318907
2020-12-29,1,ridge,130,-0.003450774281953173,9.465845068118864e-05
2020-12-30,1,ridge,130,0.002895002578656936,0.00020152196692647403
2020-12-31,1,ridge,130,0.0,0.00040596237896321557
2021-01-01,1,ridge,130,-0.0007785996722793342,0.0004934191227467691
2021-01-04,1,ridge,130,-0.004796172263493048,0.0006559729319415039
2021-01-05,1,ridge,130,0.001005755239275707,3.2915961903496585e-07
2021-01-06,1,ridge,130,0.003345230595050985,0.00011691281307745547
2021-01-07,1,ridge,130,0.003001169373176182,0.0001038739827175343
2021-01-08,1,ridge,130,0.003987599435404832,5.484061362118278e-05
2021-01-11,1,ridge,130,-0.004098593386347993,0.0005789295130295774
2021-01-12,1,ridge,130,0.002992520936453857,0.0001308941770229017
2021-01-13,1,ridge,130,-0.001328903850053464,0.00040349061645741864
2021-01-14,1,ridge,130,0.005856046788786706,0.0002731199156003887
2021-01-15,1,ridge,130,-0.0001101746268945547,0.0009631272870992482
2021-01-18,1,ridge,130,-0.002868809205760492,0.0003084156295329591
2021-01-19,1,ridge,130,-0.0003315466682307644,-0.00022393262249722264
2021-01-20,1,ridge,130,-0.003765231469331276,-0.00020892447996316544
2021-01-21,1,ridge,130,0.001219715181430381,0.00030558003231409857
2021-01-22,1,ridge,130,0.001660854060570927,0.0008037925224520472
2021-01-25,1,ridge,130,-0.002436864298504204,0.00017382979905443738
2021-01-26,1,ridge,130,0.005309159689044662,0.0005193039324095141
2021-01-27,1,ridge,130,-0.002098173151163785,0.001106473083916414
2021-01-28,1,ridge,130,0.001325674078371364,0.000552898995187196
2021-01-29,1,ridge,130,0.004406264013789851,0.0010125675587898298
2021-02-01,1,ridge,130,0.002415194938428122,-0.00043341157791738563
2021-02-02,1,ridge,130,-0.0003290014834744781,-0.0005364251565101872
2021-02-03,1,ridge,130,0.003940891799876667,0.0001364609543649974
2021-02-04,1,ridge,130,-0.005367817018667509,9.754105796897758e-05
2020-12-11,1,ridge,131,-0.002972097515004712,0.0007026226547087519
2020-12-14,1,ridge,131,-0.002649300589203207,0.0002785698819513866
2020-12-15,1,ridge,131,-0.0002210921963454737,4.776339213382195e-05
2020-12-16,1,ridge,131,-0.006989544181712937,8.148819386174114e-05
2020-12-17,1,ridge,131,0.002224200205194649,4.159434122069213e-05
2020-12-18,1,ridge,131,0.000222148173745218,0.000634221569147576
2020-12-21,1,ridge,131,0.006751921162329033,0.0009679613192928795
2020-12-22,1,ridge,131,-0.002651056451585809,0.0007422475443642766
2020-12-23,1,ridge,131,-0.000995960907868465,-0.00014786547650894218
2020-12-24,1,ridge,131,0.0,0.00019631603165335955
2020-12-25,1,ridge,131,0.0002214103850519678,0.00040315528147229554
2020-12-28,1,ridge,131,-0.003881777180600565,0.0001505708492538813
2020-12-29,1,ridge,131,-0.003450774281953173,-8.288307687837325e-06
2020-12-30,1,ridge,131,0.002895002578656936,0.0001023063256938055
2020-12-31,1,ridge,131,0.0,0.00030394403773711004
2021-01-01,1,ridge,131,-0.0007785996722793342,0.0003956802073825502
2021-01-04,1,ridge,131,-0.004796172263493048,0.000540650966298391
2021-01-05,1,ridge,131,0.001005755239275707,-0.00011421429268582434
2021-01-06,1,ridge,131,0.003345230595050985,-6.598296681003163e-07
2021-01-07,1,ridge,131,0.003001169373176182,-4.4788867002806034e-06
2021-01-08,1,ridge,131,0.003987599435404832,-5.994046330233669e-05
2021-01-11,1,ridge,131,-0.004098593386347993,0.0004988142145071317
2021-01-12,1,ridge,131,0.002992520936453857,2.475855612294401e-05
2021-01-13,1,ridge,131,-0.001328903850053464,0.0003028257144114652
2021-01-14,1,ridge,131,0.005856046788786706,0.00016610820758291368
2021-01-15,1,ridge,131,-0.0001101746268945547,0.0008675291521275484
2021-01-18,1,ridge,131,-0.002868809205760492,0.00021104695307784147
2021-01-19,1,ridge,131,-0.0003315466682307644,-0.0003294571359643496
2021-01-20,1,ridge,131,-0.003765231469331276,-0.0003046734084637551
2021-01-21,1,ridge,131,0.001219715181430381,0.00020183090025334318
2021-01-22,1,ridge,131,0.001660854060570927,0.0006995274230397303
2021-01-25,1,ridge,131,-0.002436864298504204,7.319137538643405e-05
2021-01-26,1,ridge,131,0.005309159689044662,0.00041606775860664864
2021-01-27,1,ridge,131,-0.002098173151163785,0.001008013964476617
2021-01-28,1,ridge,131,0.001325674078371364,0.00044307226607648547
2021-01-29,1,ridge,131,0.004406264013789851,0.0009192558326200746
2021-02-01,1,ridge,131,0.002415194938428122,-0.0005240248501801373
2021-02-02,1,ridge,131,-0.0003290014834744781,-0.0006098940986835558
2021-02-03,1,ridge,131,0.003940891799876667,4.936918443403336e-05
2021-02-04,1,ridge,131,-0.005367817018667509,1.6366954929096015e-05
2021-02-05,1,ridge,131,-0.001208990640199303,-0.0002208344258044015
2021-02-08,1,ridge,131,-0.005403332328052457,-0.00036689719617233335
2021-02-09,1,ridge,131,-0.0007742934959047432,0.00016482737308221132
2021-02-10,1,ridge,131,0.0005531279525952115,7.785740800174771e-05
2021-02-11,1,ridge,131,0.000663349941405933,0.00018313940268211294
2021-02-12,1,ridge,131,0.0,-0.00012517695842324892
2021-02-15,1,ridge,131,0.0003315100312137886,-0.00015088076883141291
2021-02-16,1,ridge,131,0.00484956312505247,6.413538894946778e-05
2021-02-17,1,ridge,131,-0.003966073282935412,0.0003138793560522935
2021-02-18,1,ridge,131,-0.00254214008139364,0.0004264868790603635
2021-02-19,1,ridge,131,-0.003880916330808226,0.00040786013824172895
2021-02-22,1,ridge,131,0.001776002242821484,0.00030442491225791393
2021-02-23,1,ridge,131,0.0001108954811224194,0.00025866487409299344
2021-02-24,1,ridge,131,-0.0005546004246195224,0.00014760358424722151
2021-02-25,1,ridge,131,0.0082868824045228,0.0007346756468567474
2021-02-26,1,ridge,131,0.001759015405179198,0.0013996861685101395
2021-03-01,1,ridge,131,-0.002749822994355,-0.0004846135221322689
2021-03-02,1,ridge,131,0.001760757580465899,0.0007439499087689904
2021-03-03,1,ridge,131,0.007448824012990407,0.00018907944459475813
2021-03-04,1,ridge,131,0.003812433134656068,0.0007879514141854321
2021-01-08,1,ridge,132,0.003987599435404832,-9.012788822335072e-05
2021-01-11,1,ridge,132,-0.004098593386347993,0.0004840560197006131
2021-01-12,1,ridge,132,0.002992520936453857,-2.719297548898144e-06
2021-01-13,1,ridge,132,-0.001328903850053464,0.0002732209132504612
2021-01-14,1,ridge,132,0.005856046788786706,0.00012839559640455037
2021-01-15,1,ridge,132,-0.0001101746268945547,0.0008449936708282417
2021-01-18,1,ridge,132,-0.002868809205760492,0.00018357942715642748
2021-01-19,1,ridge,132,-0.0003315466682307644,-0.0003637510028885771
2021-01-20,1,ridge,132,-0.003765231469331276,-0.00033288369419514523
2021-01-21,1,ridge,132,0.001219715181430381,0.00017511775662565397
2021-01-22,1,ridge,132,0.001660854060570927,0.000671527130844524
2021-01-25,1,ridge,132,-0.002436864298504204,5.053741831766796e-05
2021-01-26,1,ridge,132,0.005309159689044662,0.00038195422346424277
2021-01-27,1,ridge,132,-0.002098173151163785,0.000985587546828295
2021-01-28,1,ridge,132,0.001325674078371364,0.0004056548738874592
2021-01-29,1,ridge,132,0.004406264013789851,0.0008984812126717565
2021-02-01,1,ridge,132,0.002415194938428122,-0.0005529442976397211
2021-02-02,1,ridge,132,-0.0003290014834744781,-0.0006247329361097453
2021-02-03,1,ridge,132,0.003940891799876667,2.1100156222586555e-05
2021-02-04,1,ridge,132,-0.005367817018667509,-2.6311166561762374e-07
2021-02-05,1,ridge,132,-0.001208990640199303,-0.0002452688577584879
2021-02-08,1,ridge,132,-0.005403332328052457,-0.0003823347151455266
2021-02-09,1,ridge,132,-0.0007742934959047432,0.00013548409859348657
2021-02-10,1,ridge,132,0.0005531279525952115,6.48426214759562e-05
2021-02-11,1,ridge,132,0.000663349941405933,0.00016184240243418741
2021-02-12,1,ridge,132,0.0,-0.00014103877431670967
2021-02-15,1,ridge,132,0.0003315100312137886,-0.00018158411056769572
2021-02-16,1,ridge,132,0.00484956312505247,4.4614415034139614e-05
2021-02-17,1,ridge,132,-0.003966073282935412,0.0002937395987071889
2021-02-18,1,ridge,132,-0.00254214008139364,0.00041639557405860194
2021-02-19,1,ridge,132,-0.003880916330808226,0.0003806703707445822
2021-02-22,1,ridge,132,0.001776002242821484,0.00028352310642281093
2021-02-23,1,ridge,132,0.0001108954811224194,0.0002416784394774199
2021-02-24,1,ridge,132,-0.0005546004246195224,0.00012848154766042851
2021-02-25,1,ridge,132,0.0082868824045228,0.000711722465061849
2021-02-26,1,ridge,132,0.001759015405179198,0.0013996264163909256
2021-03-01,1,ridge,132,-0.002749822994355,-0.0005080126519295063
2021-03-02,1,ridge,132,0.001760757580465899,0.0007156210470454906
2021-03-03,1,ridge,132,0.007448824012990407,0.00016826740424410541
2021-03-04,1,ridge,132,0.003812433134656068,0.0007688308759672156
2021-03-05,1,ridge,132,0.003581315890282433,-0.00026697457658133444
2021-03-08,1,ridge,132,-0.003798778107079848,0.0004437403920069867
2021-03-09,1,ridge,132,-0.001523561073904389,-0.00012143953394710731
2021-03-10,1,ridge,132,-0.004365865917478118,-8.991012562662493e-05
2021-03-11,1,ridge,132,0.002839980062831593,-0.00045328755625575286
2021-03-12,1,ridge,132,0.001634788659001352,0.0005751204145592818
2021-03-15,1,ridge,132,0.0003266372722166011,0.00014358600662877128
2021-03-16,1,ridge,132,-0.004582659411092038,0.0002929323942468405
2021-03-17,1,ridge,132,0.004582659411092038,6.0540151215316025e-05
2021-03-18,1,ridge,132,0.0006529546428524213,0.00084159899090405
2021-03-19,1,ridge,132,-0.001960144371474293,0.0005045392733430994
2021-03-22,1,ridge,132,0.006518927909817229,0.00020667674133815933
2021-03-23,1,ridge,132,0.002055499182096021,0.0012089219686536607
2021-03-24,1,ridge,132,0.0,0.00044927561345083414
2021-03-25,1,ridge,132,0.002590395404241441,0.0003714187693657084
2021-03-26,1,ridge,132,0.001830811991651693,-0.0007713881765496184
2021-03-29,1,ridge,132,0.003865984196465888,0.00010329027525597469
2021-03-30,1,ridge,132,-0.0007505495446959998,0.00027993833276672897
2021-03-31,1,ridge,132,-0.003223036739353979,0.0002927025592300938
2021-04-01,1,ridge,132,0.00096800222670268,-0.0003445230574308432
2021-02-05,1,ridge,133,-0.001208990640199303,-0.00021845400598461144
2021-02-08,1,ridge,133,-0.005403332328052457,-0.00037821254071565005
2021-02-09,1,ridge,133,-0.0007742934959047432,0.00018095717369219472
2021-02-10,1,ridge,133,0.0005531279525952115,7.408082053281171e-05
2021-02-11,1,ridge,133,0.000663349941405933,0.00018159969117983419
2021-02-12,1,ridge,133,0.0,-0.00013080127540097665
2021-02-15,1,ridge,133,0.0003315100312137886,-0.0001486896413820948
2021-02-16,1,ridge,133,0.00484956312505247,6.560092461210155e-05
2021-02-17,1,ridge,133,-0.003966073282935412,0.0003239215737694577
2021-02-18,1,ridge,133,-0.00254214008139364,0.00042870875716139676
2021-02-19,1,ridge,133,-0.003880916330808226,0.0004102422433783781
2021-02-22,1,ridge,133,0.001776002242821484,0.0003076539428806745
2021-02-23,1,ridge,133,0.0001108954811224194,0.00025832468683635655
2021-02-24,1,ridge,133,-0.0005546004246195224,0.00015160262225871073
2021-02-25,1,ridge,133,0.0082868824045228,0.000744695791702557
2021-02-26,1,ridge,133,0.001759015405179198,0.0014026819332553515
2021-03-01,1,ridge,133,-0.002749822994355,-0.0004928401481603024
2021-03-02,1,ridge,133,0.001760757580465899,0.0007553225253568479
2021-03-03,1,ridge,133,0.007448824012990407,0.0001897482535465437
2021-03-04,1,ridge,133,0.003812433134656068,0.000799691649822471
2021-03-05,1,ridge,133,0.003581315890282433,-0.00027828127562912615
2021-03-08,1,ridge,133,-0.003798778107079848,0.00045708153689257746
2021-03-09,1,ridge,133,-0.001523561073904389,-8.781896914040668e-05
2021-03-10,1,ridge,133,-0.004365865917478118,-7.493883261454858e-05
2021-03-11,1,ridge,133,0.002839980062831593,-0.0004421993473911717
2021-03-12,1,ridge,133,0.001634788659001352,0.0006143959748596897
2021-03-15,1,ridge,133,0.0003266372722166011,0.00014712220909646453
2021-03-16,1,ridge,133,-0.004582659411092038,0.00032978341776498867
2021-03-17,1,ridge,133,0.004582659411092038,6.384659703160667e-05
2021-03-18,1,ridge,133,0.0006529546428524213,0.000854308067739085
2021-03-19,1,ridge,133,-0.001960144371474293,0.0005214511259345276
2021-03-22,1,ridge,133,0.006518927909817229,0.00021706598151008185
2021-03-23,1,ridge,133,0.002055499182096021,0.0012276857751528348
2021-03-24,1,ridge,133,0.0,0.00047837702663289537
2021-03-25,1,ridge,133,0.002590395404241441,0.0003822639677169423
2021-03-26,1,ridge,133,0.001830811991651693,-0.000750518387658486
2021-03-29,1,ridge,133,0.003865984196465888,0.00010919130716164747
2021-03-30,1,ridge,133,-0.0007505495446959998,0.000300457193551345
2021-03-31,1,ridge,133,-0.003223036739353979,0.00030232213861233797
2021-04-01,1,ridge,133,0.00096800222670268,-0.00031156611481271163
2021-04-02,1,ridge,133,-0.004525382143817147,0.0002820815142431197
2021-04-05,1,ridge,133,-0.002920025867597431,0.00031922184915769496
2021-04-06,1,ridge,133,0.001407002775542843,0.0004756210333774788
2021-04-07,1,ridge,133,-0.004335580170983455,0.0004850446608640637
2021-04-08,1,ridge,133,0.001085658558485747,0.00038613775502070226
2021-04-09,1,ridge,133,-0.0002170374398104968,0.0005414721469432514
2021-04-12,1,ridge,133,-0.003152347846635983,0.0007241234309913522
2021-04-13,1,ridge,133,-0.001743489599325798,0.00031581539018675703
2021-04-14,1,ridge,133,0.0,0.0003390499954700598
2021-04-15,1,ridge,133,-0.001418826977443111,0.00024877362451764906
2021-04-16,1,ridge,133,-0.005366053504638479,0.00041498093541764646
2021-04-19,1,ridge,133,0.001864955836460069,0.0006598640038722516
2021-04-20,1,ridge,133,-0.0009868962915158264,0.0012252379955881231
2021-04-21,1,ridge,133,0.001972819578916152,0.0008415547612484322
2021-04-22,1,ridge,133,-0.005159460372330393,0.0007634527486522943
2021-04-23,1,ridge,133,-0.0005504486295206945,0.0002384886634791099
2021-04-26,1,ridge,133,0.001100594432029922,0.000762593877218405
2021-04-27,1,ridge,133,-0.003305423899797155,0.0005430073185313264
2021-04-28,1,ridge,133,0.0,0.0006122569174488479
2021-04-29,1,ridge,133,0.007367123319850677,0.0004053091019811793
2021-03-05,1,ridge,134,0.003581315890282433,-0.00031179209658761396
2021-03-08,1,ridge,134,-0.003798778107079848,0.00043372798252645317
2021-03-09,1,ridge,134,-0.001523561073904389,-0.00011726901886268678
2021-03-10,1,ridge,134,-0.004365865917478118,-0.00010302467360776601
2021-03-11,1,ridge,134,0.002839980062831593,-0.00047125453125362876
2021-03-12,1,ridge,134,0.001634788659001352,0.0006035119077934843
2021-03-15,1,ridge,134,0.0003266372722166011,0.00011965849429271106
2021-03-16,1,ridge,134,-0.004582659411092038,0.00031977374096069225
2021-03-17,1,ridge,134,0.004582659411092038,3.0371830320602982e-05
2021-03-18,1,ridge,134,0.0006529546428524213,0.0008331301801636093
2021-03-19,1,ridge,134,-0.001960144371474293,0.0005020610546968744
2021-03-22,1,ridge,134,0.006518927909817229,0.0001908806800817195
2021-03-23,1,ridge,134,0.002055499182096021,0.001209714904365887
2021-03-24,1,ridge,134,0.0,0.0004679962189736598
2021-03-25,1,ridge,134,0.002590395404241441,0.0003552687672731386
2021-03-26,1,ridge,134,0.001830811991651693,-0.0007727545755208033
2021-03-29,1,ridge,134,0.003865984196465888,8.544060388364607e-05
2021-03-30,1,ridge,134,-0.0007505495446959998,0.0002852335982463121
2021-03-31,1,ridge,134,-0.003223036739353979,0.0002674132177652703
2021-04-01,1,ridge,134,0.00096800222670268,-0.00032791544668161554
2021-04-02,1,ridge,134,-0.004525382143817147,0.00025507118660826866
2021-04-05,1,ridge,134,-0.002920025867597431,0.00028033342631992176
2021-04-06,1,ridge,134,0.001407002775542843,0.00045654514599639053
2021-04-07,1,ridge,134,-0.004335580170983455,0.00046080978131555675
2021-04-08,1,ridge,134,0.001085658558485747,0.0003685751423607188
2021-04-09,1,ridge,134,-0.0002170374398104968,0.0005209725382789069
2021-04-12,1,ridge,134,-0.003152347846635983,0.0007118466468734353
2021-04-13,1,ridge,134,-0.001743489599325798,0.00028472468887177514
2021-04-14,1,ridge,134,0.0,0.000333247824266682
2021-04-15,1,ridge,134,-0.001418826977443111,0.00021236813460924156
2021-04-16,1,ridge,134,-0.005366053504638479,0.00039102204097163834
2021-04-19,1,ridge,134,0.001864955836460069,0.0006350788698562183
2021-04-20,1,ridge,134,-0.0009868962915158264,0.001203706938805895
2021-04-21,1,ridge,134,0.001972819578916152,0.0008056295685130893
2021-04-22,1,ridge,134,-0.005159460372330393,0.000750338341799078
2021-04-23,1,ridge,134,-0.0005504486295206945,0.00020903386931087655
2021-04-26,1,ridge,134,0.001100594432029922,0.0007414300717235274
2021-04-27,1,ridge,134,-0.003305423899797155,0.0005169443971326263
2021-04-28,1,ridge,134,0.0,0.0005965267302789013
2021-04-29,1,ridge,134,0.007367123319850677,0.0003817962983665272
2021-04-30,1,ridge,134,-0.00373175715695595,0.0013613545535179762
2021-05-03,1,ridge,134,0.003841304180125071,0.0006279523690357594
2021-05-04,1,ridge,134,0.0002190580512593243,0.0013149344005997984
2021-05-05,1,ridge,134,-0.003950405664117085,0.0006538423093750903
2021-05-06,1,ridge,134,-0.007947938957721945,0.0006524497205688954
2021-05-07,1,ridge,134,-0.0002216803378622956,0.0005948609095440939
2021-05-10,1,ridge,134,-0.0007762684060450553,0.0011834634516021585
2021-05-11,1,ridge,134,0.006303587364350882,0.001797871115152696
2021-05-12,1,ridge,134,0.000440868518107429,0.001565479141896144
2021-05-13,1,ridge,134,-0.004749553303554421,0.0011765007899292882
2021-05-14,1,ridge,134,-0.001773050109885155,5.681699207482411e-05
2021-05-17,1,ridge,134,-0.004557842363132281,0.0008587987031343498
2021-05-18,1,ridge,134,0.004890528809228023,0.0010787469974181418
2021-05-19,1,ridge,134,-0.004222228494758618,0.0015669255452239713
2021-05-20,1,ridge,134,0.002335540181928053,0.0007644917411429736
2021-05-21,1,ridge,134,-0.002001557434597956,0.0010336521342778659
2021-05-24,1,ridge,134,-0.002228661497461815,0.00048367023229386596
2021-05-25,1,ridge,134,0.004452367105804989,0.0008459795562492306
2021-05-26,1,ridge,134,-0.0007777346095041437,0.001044997409063756
2021-05-27,1,ridge,134,0.0006666666913579533,0.0009402578546579359
2021-04-02,1,ridge,135,-0.004525382143817147,0.0002899864247631582
2021-04-05,1,ridge,135,-0.002920025867597431,0.00030782801049432276
2021-04-06,1,ridge,135,0.001407002775542843,0.0004674797417414082
2021-04-07,1,ridge,135,-0.004335580170983455,0.000492082925257793
2021-04-08,1,ridge,135,0.001085658558485747,0.0003779571652410053
2021-04-09,1,ridge,135,-0.0002170374398104968,0.000540287402186647
2021-04-12,1,ridge,135,-0.003152347846635983,0.0007210833145447371
2021-04-13,1,ridge,135,-0.001743489599325798,0.0003161565538664125
2021-04-14,1,ridge,135,0.0,0.0003485801756396185
2021-04-15,1,ridge,135,-0.001418826977443111,0.00024143429789518322
2021-04-16,1,ridge,135,-0.005366053504638479,0.0004045902225988843
2021-04-19,1,ridge,135,0.001864955836460069,0.0006638529204841222
2021-04-20,1,ridge,135,-0.0009868962915158264,0.0012250099027144154
2021-04-21,1,ridge,135,0.001972819578916152,0.0008257173067872233
2021-04-22,1,ridge,135,-0.005159460372330393,0.0007610211358022536
2021-04-23,1,ridge,135,-0.0005504486295206945,0.00024285083519811357
2021-04-26,1,ridge,135,0.001100594432029922,0.0007546273155313795
2021-04-27,1,ridge,135,-0.003305423899797155,0.000554150342965878
2021-04-28,1,ridge,135,0.0,0.0006095826254238424
2021-04-29,1,ridge,135,0.007367123319850677,0.00041690612663775506
2021-04-30,1,ridge,135,-0.00373175715695595,0.0013726239879776202
2021-05-03,1,ridge,135,0.003841304180125071,0.00067051881654803
2021-05-04,1,ridge,135,0.0002190580512593243,0.0013275498737239638
2021-05-05,1,ridge,135,-0.003950405664117085,0.000683738582106982
2021-05-06,1,ridge,135,-0.007947938957721945,0.0006691758618027672
2021-05-07,1,ridge,135,-0.0002216803378622956,0.0006201672285580478
2021-05-10,1,ridge,135,-0.0007762684060450553,0.0012081244070556443
2021-05-11,1,ridge,135,0.006303587364350882,0.0018300808100086094
2021-05-12,1,ridge,135,0.000440868518107429,0.001574416667043177
2021-05-13,1,ridge,135,-0.004749553303554421,0.0012011797060048842
2021-05-14,1,ridge,135,-0.001773050109885155,8.781166874360932e-05
2021-05-17,1,ridge,135,-0.004557842363132281,0.0008921796978587833
2021-05-18,1,ridge,135,0.004890528809228023,0.001097490390085811
2021-05-19,1,ridge,135,-0.004222228494758618,0.0016004779951432114
2021-05-20,1,ridge,135,0.002335540181928053,0.0007923937136607059
2021-05-21,1,ridge,135,-0.002001557434597956,0.0010460650566960319
2021-05-24,1,ridge,135,-0.002228661497461815,0.0005230161817665788
2021-05-25,1,ridge,135,0.004452367105804989,0.000872654500516043
2021-05-26,1,ridge,135,-0.0007777346095041437,0.001055559559781727
2021-05-27,1,ridge,135,0.0006666666913579533,0.0009667155929596543
2021-05-28,1,ridge,135,0.0,0.0008000331121163852
2021-05-31,1,ridge,135,-0.002223952879269575,0.0011327476946598085
2021-06-01,1,ridge,135,0.0008901747555656314,0.0009614074470645603
2021-06-02,1,ridge,135,0.006651171842397829,0.0011955103855651697
2021-06-03,1,ridge,135,-0.004096324576576826,0.0014719948996066684
2021-06-04,1,ridge,135,-0.002110056865959997,0.0009529074501509111
2021-06-07,1,ridge,135,0.001444203994838134,0.001205916519942284
2021-06-08,1,ridge,135,0.0004439511726630485,0.0011588279238242398
2021-06-09,1,ridge,135,-0.0005549697683919774,0.0012625729886109524
2021-06-10,1,ridge,135,0.005425468659221444,0.0010034694014638252
2021-06-11,1,ridge,135,-0.0004417936895366736,0.0010805114191607742
2021-06-14,1,ridge,135,0.0002209212424766349,0.0010196481415896243
2021-06-15,1,ridge,135,0.006495316500222614,0.0010782016126809006
2021-06-16,1,ridge,135,0.008305151004758038,0.0014165082523101243
2021-06-17,1,ridge,135,0.003584817265766205,0.0015011697402814177
2021-06-18,1,ridge,135,-0.003475997416917842,0.0015283473124513946
2021-06-21,1,ridge,135,-0.001524556540526412,0.0006409751794100694
2021-06-22,1,ridge,135,0.0004358248053293323,0.0008858428533504851
2021-06-23,1,ridge,135,0.000108926529163611,0.0011063939378676026
2021-06-24,1,ridge,135,0.0004355875055264136,0.0007348492204419022
2021-04-30,1,ridge,136,-0.00373175715695595,0.0012871813535224412
2021-05-03,1,ridge,136,0.003841304180125071,0.0005389572489160831
2021-05-04,1,ridge,136,0.0002190580512593243,0.0012094235719960732
2021-05-05,1,ridge,136,-0.003950405664117085,0.0005507647090268612
2021-05-06,1,ridge,136,-0.007947938957721945,0.000536098506791569
2021-05-07,1,ridge,136,-0.0002216803378622956,0.0004869282584027315
2021-05-10,1,ridge,136,-0.0007762684060450553,0.001080092857567766
2021-05-11,1,ridge,136,0.006303587364350882,0.0017153549804270274
2021-05-12,1,ridge,136,0.000440868518107429,0.0014618262054611445
2021-05-13,1,ridge,136,-0.004749553303554421,0.0010823358252974344
2021-05-14,1,ridge,136,-0.001773050109885155,-4.045242095980151e-05
2021-05-17,1,ridge,136,-0.004557842363132281,0.0007702396461494105
2021-05-18,1,ridge,136,0.004890528809228023,0.0009735846908860211
2021-05-19,1,ridge,136,-0.004222228494758618,0.0014826759292107194
2021-05-20,1,ridge,136,0.002335540181928053,0.0006668779928170197
2021-05-21,1,ridge,136,-0.002001557434597956,0.0009273409836800996
2021-05-24,1,ridge,136,-0.002228661497461815,0.00039907545520573295
2021-05-25,1,ridge,136,0.004452367105804989,0.0007523568388099926
2021-05-26,1,ridge,136,-0.0007777346095041437,0.0009361174093450745
2021-05-27,1,ridge,136,0.0006666666913579533,0.0008485395707706644
2021-05-28,1,ridge,136,0.0,0.0006692428540921922
2021-05-31,1,ridge,136,-0.002223952879269575,0.0010175346067627265
2021-06-01,1,ridge,136,0.0008901747555656314,0.0008293611439625169
2021-06-02,1,ridge,136,0.006651171842397829,0.001070005993309192
2021-06-03,1,ridge,136,-0.004096324576576826,0.0013466952087999857
2021-06-04,1,ridge,136,-0.002110056865959997,0.000828773169848625
2021-06-07,1,ridge,136,0.001444203994838134,0.0010760822349888694
2021-06-08,1,ridge,136,0.0004439511726630485,0.0010353529788250792
2021-06-09,1,ridge,136,-0.0005549697683919774,0.001138657054985478
2021-06-10,1,ridge,136,0.005425468659221444,0.0008789201804034534
2021-06-11,1,ridge,136,-0.0004417936895366736,0.000958840365723734
2021-06-14,1,ridge,136,0.0002209212424766349,0.0008941354907462897
2021-06-15,1,ridge,136,0.006495316500222614,0.0009558307172944316
2021-06-16,1,ridge,136,0.008305151004758038,0.0012960020030465358
2021-06-17,1,ridge,136,0.003584817265766205,0.0013951419079242687
2021-06-18,1,ridge,136,-0.003475997416917842,0.0014229570879880217
2021-06-21,1,ridge,136,-0.001524556540526412,0.0005332456276586963
2021-06-22,1,ridge,136,0.0004358248053293323,0.0007723369630470878
2021-06-23,1,ridge,136,0.000108926529163611,0.0009954986182045232
2021-06-24,1,ridge,136,0.0004355875055264136,0.0006164111372085015
2021-06-25,1,ridge,136,0.000435397851658692,0.0006488554572912322
2021-06-28,1,ridge,136,0.00173969816629338,0.0009510142863200195
2021-06-29,1,ridge,136,0.004227877727092988,0.0011374049689575742
2021-06-30,1,ridge,136,0.001729356245953717,0.0008693762036569265
2021-07-01,1,ridge,136,-0.00400368440450638,0.0007939909372092581
2021-07-02,1,ridge,136,-0.0002168726965772194,0.000981542625962238
2021-07-05,1,ridge,136,0.003680454468456773,0.0009506876957450812
2021-07-06,1,ridge,136,0.0009719748051786326,0.0014930569451185526
2021-07-07,1,ridge,136,-0.002377608382564844,0.001157106579672936
2021-07-08,1,ridge,136,-0.00314278232128018,0.0016776664521465166
2021-07-09,1,ridge,136,0.001410055008833844,0.00036241114929072023
2021-07-12,1,ridge,136,0.005297023357869968,0.0007781382926925183
2021-07-13,1,ridge,136,-0.003672503587595521,0.0009139994345464709
2021-07-14,1,ridge,136,0.002269903152657626,0.0013244078961169546
2021-07-15,1,ridge,136,0.000755490835135042,0.0013542381713890336
2021-07-16,1,ridge,136,0.002155405511688357,0.001384370663163401
2021-07-19,1,ridge,136,0.0008608630683371032,0.002435558277832302
2021-07-20,1,ridge,136,-0.002369158980222608,0.0006985449331242997
2021-07-21,1,ridge,136,0.0007544323254853325,0.0003641235080875536
2021-07-22,1,ridge,136,0.0009691488401912807,0.0008084802049826442
2021-05-28,1,ridge,137,0.0,0.000497701092880121
2021-05-31,1,ridge,137,-0.002223952879269575,0.0008534841503342121
2021-06-01,1,ridge,137,0.0008901747555656314,0.0006513719845813945
2021-06-02,1,ridge,137,0.006651171842397829,0.000890669681102812
2021-06-03,1,ridge,137,-0.004096324576576826,0.0011771309976551054
2021-06-04,1,ridge,137,-0.002110056865959997,0.0006523875984983743
2021-06-07,1,ridge,137,0.001444203994838134,0.0008984339778441915
2021-06-08,1,ridge,137,0.0004439511726630485,0.000861080515507925
2021-06-09,1,ridge,137,-0.0005549697683919774,0.0009656231110843153
2021-06-10,1,ridge,137,0.005425468659221444,0.0007030543550011525
2021-06-11,1,ridge,137,-0.0004417936895366736,0.0007833044095060159
2021-06-14,1,ridge,137,0.0002209212424766349,0.0007220103389915275
2021-06-15,1,ridge,137,0.006495316500222614,0.0007850384492301513
2021-06-16,1,ridge,137,0.008305151004758038,0.0011235833092582206
2021-06-17,1,ridge,137,0.003584817265766205,0.0012492258911334414
2021-06-18,1,ridge,137,-0.003475997416917842,0.0012763446505376502
2021-06-21,1,ridge,137,-0.001524556540526412,0.0003760286741029133
2021-06-22,1,ridge,137,0.0004358248053293323,0.0006159126778109177
2021-06-23,1,ridge,137,0.000108926529163611,0.0008377778898501132
2021-06-24,1,ridge,137,0.0004355875055264136,0.00045686536631953177
2021-06-25,1,ridge,137,0.000435397851658692,0.000489946041506572
2021-06-28,1,ridge,137,0.00173969816629338,0.000791725821554431
2021-06-29,1,ridge,137,0.004227877727092988,0.0009814721832509087
2021-06-30,1,ridge,137,0.001729356245953717,0.0007154231024704407
2021-07-01,1,ridge,137,-0.00400368440450638,0.0006143270405402759
2021-07-02,1,ridge,137,-0.0002168726965772194,0.0007958541195182978
2021-07-05,1,ridge,137,0.003680454468456773,0.0007705678343246279
2021-07-06,1,ridge,137,0.0009719748051786326,0.0013095038435568145
2021-07-07,1,ridge,137,-0.002377608382564844,0.0009746547008527916
2021-07-08,1,ridge,137,-0.00314278232128018,0.0015011375564512439
2021-07-09,1,ridge,137,0.001410055008833844,0.00016926185184873001
2021-07-12,1,ridge,137,0.005297023357869968,0.000590833768386356
2021-07-13,1,ridge,137,-0.003672503587595521,0.0007298546609725204
2021-07-14,1,ridge,137,0.002269903152657626,0.0011374277116902496
2021-07-15,1,ridge,137,0.000755490835135042,0.001168563732404946
2021-07-16,1,ridge,137,0.002155405511688357,0.0012003104019891618
2021-07-19,1,ridge,137,0.0008608630683371032,0.0022583647958250705
2021-07-20,1,ridge,137,-0.002369158980222608,0.0005053492913336194
2021-07-21,1,ridge,137,0.0007544323254853325,0.0001719958292701171
2021-07-22,1,ridge,137,0.0009691488401912807,0.0006192874274316623
2021-07-23,1,ridge,137,-0.002802329921851587,0.0005933757000160883
2021-07-26,1,ridge,137,-0.002377351454683208,0.001134710649562108
2021-07-27,1,ridge,137,-0.001190798516896407,0.0014709941358454195
2021-07-28,1,ridge,137,-0.004995123862141959,0.0007280027339280698
2021-07-29,1,ridge,137,0.003369019107925197,0.0003265964347081308
2021-07-30,1,ridge,137,-0.001302790326485948,0.0014944286634536003
2021-08-02,1,ridge,137,0.0003258567345403307,0.0010181831942995675
2021-08-03,1,ridge,137,0.002061297176837229,0.0009825226817182474
2021-08-04,1,ridge,137,-0.0003251856296611066,0.0011355466925620891
2021-08-05,1,ridge,137,0.006052763831351449,0.0006298687932574065
2021-08-06,1,ridge,137,0.001507483864677361,0.0012302392106149434
2021-08-09,1,ridge,137,0.001290322759670559,0.0011345486003302386
2021-08-10,1,ridge,137,-0.001505538514294358,0.0004413577188910365
2021-08-11,1,ridge,137,0.001290600308200496,0.0008130193369623506
2021-08-12,1,ridge,137,-0.005604670847170645,0.0009307179554676193
2021-08-13,1,ridge,137,0.001188225902698292,0.0008862167521528608
2021-08-16,1,ridge,137,0.005383303267629813,0.001213036962727807
2021-08-17,1,ridge,137,0.0001073710206647149,0.001430875688905574
2021-08-18,1,ridge,137,0.00460608173359045,0.0011641218883266394
2021-08-19,1,ridge,137,-0.0007483829931800301,0.0016168800192934742
2021-06-25,1,ridge,138,0.000435397851658692,0.0005047349008397766
2021-06-28,1,ridge,138,0.00173969816629338,0.0008003982204815969
2021-06-29,1,ridge,138,0.004227877727092988,0.0010061003916384053
2021-06-30,1,ridge,138,0.001729356245953717,0.0007230034177228954
2021-07-01,1,ridge,138,-0.00400368440450638,0.0006280076260794435
2021-07-02,1,ridge,138,-0.0002168726965772194,0.0008047858986034608
2021-07-05,1,ridge,138,0.003680454468456773,0.0007812284507544336
2021-07-06,1,ridge,138,0.0009719748051786326,0.0013179880050164152
2021-07-07,1,ridge,138,-0.002377608382564844,0.0009955573483535793
2021-07-08,1,ridge,138,-0.00314278232128018,0.0015119747293823147
2021-07-09,1,ridge,138,0.001410055008833844,0.00017976991473386453
2021-07-12,1,ridge,138,0.005297023357869968,0.0006004191147805075
2021-07-13,1,ridge,138,-0.003672503587595521,0.0007409692785675604
2021-07-14,1,ridge,138,0.002269903152657626,0.001156100225976757
2021-07-15,1,ridge,138,0.000755490835135042,0.0011757765531346474
2021-07-16,1,ridge,138,0.002155405511688357,0.0012157818591403296
2021-07-19,1,ridge,138,0.0008608630683371032,0.0022737513872489105
2021-07-20,1,ridge,138,-0.002369158980222608,0.0005172420874214171
2021-07-21,1,ridge,138,0.0007544323254853325,0.00018383092708064978
2021-07-22,1,ridge,138,0.0009691488401912807,0.0006386526580657736
2021-07-23,1,ridge,138,-0.002802329921851587,0.0006080131857022062
2021-07-26,1,ridge,138,-0.002377351454683208,0.0011574213190740355
2021-07-27,1,ridge,138,-0.001190798516896407,0.001492948820784276
2021-07-28,1,ridge,138,-0.004995123862141959,0.0007403711204845151
2021-07-29,1,ridge,138,0.003369019107925197,0.00033760806750279116
2021-07-30,1,ridge,138,-0.001302790326485948,0.0015129508670552138
2021-08-02,1,ridge,138,0.0003258567345403307,0.0010326582958159972
2021-08-03,1,ridge,138,0.002061297176837229,0.001002141371756611
2021-08-04,1,ridge,138,-0.0003251856296611066,0.001152480027518517
2021-08-05,1,ridge,138,0.006052763831351449,0.0006378978322954838
2021-08-06,1,ridge,138,0.001507483864677361,0.0012521641455115363
2021-08-09,1,ridge,138,0.001290322759670559,0.0011445099089179
2021-08-10,1,ridge,138,-0.001505538514294358,0.0004428532573866274
2021-08-11,1,ridge,138,0.001290600308200496,0.0008389454995934134
2021-08-12,1,ridge,138,-0.005604670847170645,0.0009472112104684253
2021-08-13,1,ridge,138,0.001188225902698292,0.0008987379533545001
2021-08-16,1,ridge,138,0.005383303267629813,0.0012247097140186773
2021-08-17,1,ridge,138,0.0001073710206647149,0.00145150682193889
2021-08-18,1,ridge,138,0.00460608173359045,0.0011760272041251758
2021-08-19,1,ridge,138,-0.0007483829931800301,0.00163347854294715
2021-08-20,1,ridge,138,-0.005792143191040822,0.0010609042767612455
2021-08-23,1,ridge,138,-0.000753295704170931,1.6424821133512918e-05
2021-08-24,1,ridge,138,-0.0007538635864001719,0.0005976308226562329
2021-08-25,1,ridge,138,0.002582312603473191,0.0009292618622676171
2021-08-26,1,ridge,138,-0.003983854528761377,0.0014788452789757033
2021-08-27,1,ridge,138,-0.0004316391563721211,0.0005058591371920422
2021-08-30,1,ridge,138,-0.000215889465432717,0.0007955315534549499
2021-08-31,1,ridge,138,-0.001945105432803018,0.0008799234713940689
2021-09-01,1,ridge,138,-0.002490931054573764,0.0008874750865670869
2021-09-02,1,ridge,138,-0.001953761611394711,0.0007731751249705293
2021-09-03,1,ridge,138,0.0,0.001094159257501784
2021-09-06,1,ridge,138,0.005093481616062157,0.0007049171427087252
2021-09-07,1,ridge,138,0.001512205948142054,0.0012496229062010894
2021-09-08,1,ridge,138,-0.001836547807301692,0.0011569606640345306
2021-09-09,1,ridge,138,0.001080730679056785,0.0015817442649232983
2021-09-10,1,ridge,138,0.001079563961051022,0.0007985353644224335
2021-09-13,1,ridge,138,-0.0006475985115690364,0.000772528928987484
2021-09-14,1,ridge,138,-0.0007560620330995249,0.0012814427825330453
2021-09-15,1,ridge,138,0.004097482549741294,0.0009488620534468059
2021-09-16,1,ridge,138,0.002793898228316216,0.001429878585381274
2021-07-23,1,ridge,139,-0.002802329921851587,0.0005270008745565468
2021-07-26,1,ridge,139,-0.002377351454683208,0.0010769559286781208
2021-07-27,1,ridge,139,-0.001190798516896407,0.00141496580013473
2021-07-28,1,ridge,139,-0.004995123862141959,0.0006585532838479082
2021-07-29,1,ridge,139,0.003369019107925197,0.00025119720571869695
2021-07-30,1,ridge,139,-0.001302790326485948,0.0014348454259019954
2021-08-02,1,ridge,139,0.0003258567345403307,0.0009615302297589357
2021-08-03,1,ridge,139,0.002061297176837229,0.0009265346960342524
2021-08-04,1,ridge,139,-0.0003251856296611066,0.0010809315188990021
2021-08-05,1,ridge,139,0.006052763831351449,0.0005690675913341985
2021-08-06,1,ridge,139,0.001507483864677361,0.001180404642093889
2021-08-09,1,ridge,139,0.001290322759670559,0.0010769570883639129
2021-08-10,1,ridge,139,-0.001505538514294358,0.00037271693112852496
2021-08-11,1,ridge,139,0.001290600308200496,0.0007538099525721003
2021-08-12,1,ridge,139,-0.005604670847170645,0.0008756523439133226
2021-08-13,1,ridge,139,0.001188225902698292,0.0008277101719371126
2021-08-16,1,ridge,139,0.005383303267629813,0.001157219569061472
2021-08-17,1,ridge,139,0.0001073710206647149,0.001379716719295323
2021-08-18,1,ridge,139,0.00460608173359045,0.0011061462874074211
2021-08-19,1,ridge,139,-0.0007483829931800301,0.001562963390466162
2021-08-20,1,ridge,139,-0.005792143191040822,0.0009897667158611434
2021-08-23,1,ridge,139,-0.000753295704170931,-5.969600512400027e-05
2021-08-24,1,ridge,139,-0.0007538635864001719,0.0005155995829103251
2021-08-25,1,ridge,139,0.002582312603473191,0.0008554993699595432
2021-08-26,1,ridge,139,-0.003983854528761377,0.0014068663119197907
2021-08-27,1,ridge,139,-0.0004316391563721211,0.00042799518119274226
2021-08-30,1,ridge,139,-0.000215889465432717,0.0007229422178151775
2021-08-31,1,ridge,139,-0.001945105432803018,0.0008131501397100406
2021-09-01,1,ridge,139,-0.002490931054573764,0.0008186889554559935
2021-09-02,1,ridge,139,-0.001953761611394711,0.0007039813081734514
2021-09-03,1,ridge,139,0.0,0.0010322439744868761
2021-09-06,1,ridge,139,0.005093481616062157,0.0006444481236970812
2021-09-07,1,ridge,139,0.001512205948142054,0.001184647201930932
2021-09-08,1,ridge,139,-0.001836547807301692,0.0010891023943739352
2021-09-09,1,ridge,139,0.001080730679056785,0.001515733850782729
2021-09-10,1,ridge,139,0.001079563961051022,0.0007327134299907484
2021-09-13,1,ridge,139,-0.0006475985115690364,0.0007119058417958031
2021-09-14,1,ridge,139,-0.0007560620330995249,0.0012148165191582525
2021-09-15,1,ridge,139,0.004097482549741294,0.000879565930032231
2021-09-16,1,ridge,139,0.002793898228316216,0.001362315936780917
2021-09-17,1,ridge,139,0.000965302804617707,0.0011086367110704235
2021-09-20,1,ridge,139,-0.0008580009106360365,0.001817629887665359
2021-09-21,1,ridge,139,0.002785815580733875,0.0007630737366531709
2021-09-22,1,ridge,139,-0.00461151549181249,0.000600306386337278
2021-09-23,1,ridge,139,0.0032195777971884,0.00038499379433494963
2021-09-24,1,ridge,139,0.0005355899651355855,0.0009104463026397983
2021-09-27,1,ridge,139,0.004167785888742337,0.0006647037617570828
2021-09-28,1,ridge,139,0.006060302424581998,0.0016385732169041656
2021-09-29,1,ridge,139,-0.001166675637450432,0.0010352486029737774
2021-09-30,1,ridge,139,-0.002018378546796207,0.001142583082233547
2021-10-01,1,ridge,139,-0.002768610010428496,0.0010735993081919751
2021-10-04,1,ridge,139,0.002023968733532833,0.0014690245806618341
2021-10-05,1,ridge,139,0.0031874230130855,0.0008771681409513867
2021-10-06,1,ridge,139,-0.0005305321361639415,0.0014586493860409711
2021-10-07,1,ridge,139,-0.001593287288034873,0.0004486833004559793
2021-10-08,1,ridge,139,0.002654070245255546,0.0009697189212302019
2021-10-11,1,ridge,139,0.002118196089591073,0.0008626714635455653
2021-10-12,1,ridge,139,-0.004665968168390044,0.0013128791231197248
2021-10-13,1,ridge,139,-0.001276324359604786,0.0007750439537712004
2021-10-14,1,ridge,139,-0.0002128791918627471,0.00048502984710384876
2021-08-20,1,ridge,140,-0.005792143191040822,0.0009359974800571634
2021-08-23,1,ridge,140,-0.000753295704170931,-0.0001044688970030684
2021-08-24,1,ridge,140,-0.0007538635864001719,0.00046817089273655185
2021-08-25,1,ridge,140,0.002582312603473191,0.0008060420790475335
2021-08-26,1,ridge,140,-0.003983854528761377,0.001354379453717963
2021-08-27,1,ridge,140,-0.0004316391563721211,0.0003794487562307044
2021-08-30,1,ridge,140,-0.000215889465432717,0.0006729680479687079
2021-08-31,1,ridge,140,-0.001945105432803018,0.0007699818502516072
2021-09-01,1,ridge,140,-0.002490931054573764,0.0007751839989114191
2021-09-02,1,ridge,140,-0.001953761611394711,0.0006576898721039399
2021-09-03,1,ridge,140,0.0,0.0009899996015900827
2021-09-06,1,ridge,140,0.005093481616062157,0.0006074936421014777
2021-09-07,1,ridge,140,0.001512205948142054,0.0011430922929005975
2021-09-08,1,ridge,140,-0.001836547807301692,0.001044558930490156
2021-09-09,1,ridge,140,0.001080730679056785,0.0014699446423690902
2021-09-10,1,ridge,140,0.001079563961051022,0.0006932538616334768
2021-09-13,1,ridge,140,-0.0006475985115690364,0.0006664045862681149
2021-09-14,1,ridge,140,-0.0007560620330995249,0.0011666629868519922
2021-09-15,1,ridge,140,0.004097482549741294,0.0008283833658988835
2021-09-16,1,ridge,140,0.002793898228316216,0.0013100865647013111
2021-09-17,1,ridge,140,0.000965302804617707,0.0010730979561576369
2021-09-20,1,ridge,140,-0.0008580009106360365,0.0017753492831427474
2021-09-21,1,ridge,140,0.002785815580733875,0.0007194601901356965
2021-09-22,1,ridge,140,-0.00461151549181249,0.0005499422957152641
2021-09-23,1,ridge,140,0.0032195777971884,0.00034194262800748903
2021-09-24,1,ridge,140,0.0005355899651355855,0.0008654029850950055
2021-09-27,1,ridge,140,0.004167785888742337,0.0006261939765754176
2021-09-28,1,ridge,140,0.006060302424581998,0.0015991798027012272
2021-09-29,1,ridge,140,-0.001166675637450432,0.000991568475496089
2021-09-30,1,ridge,140,-0.002018378546796207,0.0011082045725676727
2021-10-01,1,ridge,140,-0.002768610010428496,0.0010658163292677303
2021-10-04,1,ridge,140,0.002023968733532833,0.0014613540889363804
2021-10-05,1,ridge,140,0.0031874230130855,0.000867669157373074
2021-10-06,1,ridge,140,-0.0005305321361639415,0.0014575283634694215
2021-10-07,1,ridge,140,-0.001593287288034873,0.0004447762907943709
2021-10-08,1,ridge,140,0.002654070245255546,0.0009683016180901869
2021-10-11,1,ridge,140,0.002118196089591073,0.0008597445879226176
2021-10-12,1,ridge,140,-0.004665968168390044,0.0013051115870113216
2021-10-13,1,ridge,140,-0.001276324359604786,0.0007745579442680927
2021-10-14,1,ridge,140,-0.0002128791918627471,0.00047503697033465526
2021-10-15,1,ridge,140,0.0001064452606254207,0.000659757066944048
2021-10-18,1,ridge,140,-0.002344417101079799,0.0009682795951262691
2021-10-19,1,ridge,140,-0.001815367042416582,0.0006970594303877559
2021-10-20,1,ridge,140,0.002242033715555536,0.0008447999593871415
2021-10-21,1,ridge,140,-0.001387332808823416,0.0014561082295516143
2021-10-22,1,ridge,140,0.001813817515149196,0.0008962333145666461
2021-10-25,1,ridge,140,0.001491265721615065,0.0009715238628142545
2021-10-26,1,ridge,140,-0.001597869847295819,0.0008662755312939159
2021-10-27,1,ridge,140,-0.004808986024446682,0.0015661923080955028
2021-10-28,1,ridge,140,0.008214693871429368,0.0008835922829411008
2021-10-29,1,ridge,140,-0.002553192876338706,0.0012809829310647199
2021-11-01,1,ridge,140,0.002234400035852069,0.0008775478047247651
2021-11-02,1,ridge,140,-0.002447460652403421,0.0012612872942623435
2021-11-03,1,ridge,140,0.005206961448287473,0.0012622671854623695
2021-11-04,1,ridge,140,-0.0003180155854431987,0.0011940566709098203
2021-11-05,1,ridge,140,-0.002866700482075935,0.0009443471900817843
2021-11-08,1,ridge,140,-0.0009573959563278223,0.0010088658420427997
2021-11-09,1,ridge,140,0.00942753659031137,0.0013041523598221068
2021-11-10,1,ridge,140,0.003473139311941154,0.001761146765831616
2021-11-11,1,ridge,140,-0.0005254584745983948,0.0008262204317803941
2021-09-17,1,ridge,141,0.000965302804617707,0.001025641678939706
2021-09-20,1,ridge,141,-0.0008580009106360365,0.0017261234479459173
2021-09-21,1,ridge,141,0.002785815580733875,0.0006659485368188621
2021-09-22,1,ridge,141,-0.00461151549181249,0.0004935379019760489
2021-09-23,1,ridge,141,0.0032195777971884,0.0002886794396596917
2021-09-24,1,ridge,141,0.0005355899651355855,0.0008138830975494512
2021-09-27,1,ridge,141,0.004167785888742337,0.0005786930917590056
2021-09-28,1,ridge,141,0.006060302424581998,0.0015512945697548843
2021-09-29,1,ridge,141,-0.001166675637450432,0.0009434568670454524
2021-09-30,1,ridge,141,-0.002018378546796207,0.0010588852356931621
2021-10-01,1,ridge,141,-0.002768610010428496,0.0010603161147715791
2021-10-04,1,ridge,141,0.002023968733532833,0.001459685909897411
2021-10-05,1,ridge,141,0.0031874230130855,0.0008653319067559665
2021-10-06,1,ridge,141,-0.0005305321361639415,0.0014591468638972768
2021-10-07,1,ridge,141,-0.001593287288034873,0.00043890430867953126
2021-10-08,1,ridge,141,0.002654070245255546,0.0009680094862018129
2021-10-11,1,ridge,141,0.002118196089591073,0.0008593394317060858
2021-10-12,1,ridge,141,-0.004665968168390044,0.001305512291011968
2021-10-13,1,ridge,141,-0.001276324359604786,0.0007702904444169404
2021-10-14,1,ridge,141,-0.0002128791918627471,0.00046889039153831595
2021-10-15,1,ridge,141,0.0001064452606254207,0.0006577825442947178
2021-10-18,1,ridge,141,-0.002344417101079799,0.0009690327240594247
2021-10-19,1,ridge,141,-0.001815367042416582,0.0006907332772852362
2021-10-20,1,ridge,141,0.002242033715555536,0.000839974104476207
2021-10-21,1,ridge,141,-0.001387332808823416,0.001457842449278149
2021-10-22,1,ridge,141,0.001813817515149196,0.0008945463126626431
2021-10-25,1,ridge,141,0.001491265721615065,0.0009695822470642765
2021-10-26,1,ridge,141,-0.001597869847295819,0.0008639735934012709
2021-10-27,1,ridge,141,-0.004808986024446682,0.0015613021201876837
2021-10-28,1,ridge,141,0.008214693871429368,0.0008791133055503734
2021-10-29,1,ridge,141,-0.002553192876338706,0.0012850694854251252
2021-11-01,1,ridge,141,0.002234400035852069,0.0008756755300483281
2021-11-02,1,ridge,141,-0.002447460652403421,0.001261402600709765
2021-11-03,1,ridge,141,0.005206961448287473,0.0012647110589238827
2021-11-04,1,ridge,141,-0.0003180155854431987,0.0011903742150298018
2021-11-05,1,ridge,141,-0.002866700482075935,0.0009394331961233886
2021-11-08,1,ridge,141,-0.0009573959563278223,0.0010049237000586057
2021-11-09,1,ridge,141,0.00942753659031137,0.0012976060765249237
2021-11-10,1,ridge,141,0.003473139311941154,0.0017562016499578568
2021-11-11,1,ridge,141,-0.0005254584745983948,0.0008264448587829892
2021-11-12,1,ridge,141,0.002939017545388722,0.0008287352980463112
2021-11-15,1,ridge,141,0.00533111595550384,0.0012305302878058886
2021-11-16,1,ridge,141,-0.0009387223635872743,0.0009569260865357963
2021-11-17,1,ridge,141,-0.003030780393855181,0.001345969914134809
2021-11-18,1,ridge,141,0.00511563468806564,0.0011048830489826253
2021-11-19,1,ridge,141,0.005400366224641573,0.0015902841304844986
2021-11-22,1,ridge,141,-0.0006216328422308237,0.001330510850395448
2021-11-23,1,ridge,141,0.004033723212544693,0.001082614346057313
2021-11-24,1,ridge,141,-0.001136070351986262,0.0011965197113199613
2021-11-25,1,ridge,141,-0.007051776603674398,0.0011568866817175819
2021-11-26,1,ridge,141,0.002598348912898452,0.0032712590648126877
2021-11-29,1,ridge,141,-0.003639581826629268,0.0008005756560419812
2021-11-30,1,ridge,141,0.0004166232744360343,0.0022589988528410403
2021-12-01,1,ridge,141,0.001352828137015649,0.0013719573367981961
2021-12-02,1,ridge,141,-0.0004160599186286973,0.0010661108023917302
2021-12-03,1,ridge,141,0.002182385901263295,0.0013387865012951606
2021-12-06,1,ridge,141,0.0004151530936642445,0.0008515136350215705
2021-12-07,1,ridge,141,-0.004993248697606312,-3.355725513754377e-05
2021-12-08,1,ridge,141,0.003955042624284921,0.0011246386924504874
2021-12-09,1,ridge,141,-0.001767427813628153,0.001661215714789058
2021-10-15,1,ridge,142,0.0001064452606254207,0.0005314012342031417
2021-10-18,1,ridge,142,-0.002344417101079799,0.0008454928982272196
2021-10-19,1,ridge,142,-0.001815367042416582,0.0005584755945513651
2021-10-20,1,ridge,142,0.002242033715555536,0.0007119209042603175
2021-10-21,1,ridge,142,-0.001387332808823416,0.0013280049805246034
2021-10-22,1,ridge,142,0.001813817515149196,0.0007686751641869347
2021-10-25,1,ridge,142,0.001491265721615065,0.0008400054787331718
2021-10-26,1,ridge,142,-0.001597869847295819,0.0007382028784857084
2021-10-27,1,ridge,142,-0.004808986024446682,0.0014304501042190808
2021-10-28,1,ridge,142,0.008214693871429368,0.0007531167605405835
2021-10-29,1,ridge,142,-0.002553192876338706,0.0011617191816063232
2021-11-01,1,ridge,142,0.002234400035852069,0.0007398011778416989
2021-11-02,1,ridge,142,-0.002447460652403421,0.001118988845358745
2021-11-03,1,ridge,142,0.005206961448287473,0.0011283422721182605
2021-11-04,1,ridge,142,-0.0003180155854431987,0.0010506449990204875
2021-11-05,1,ridge,142,-0.002866700482075935,0.0007952751971502507
2021-11-08,1,ridge,142,-0.0009573959563278223,0.0008691585309610553
2021-11-09,1,ridge,142,0.00942753659031137,0.0011554790769144295
2021-11-10,1,ridge,142,0.003473139311941154,0.0016105588109838406
2021-11-11,1,ridge,142,-0.0005254584745983948,0.0006935273588344419
2021-11-12,1,ridge,142,0.002939017545388722,0.0006973495114905294
2021-11-15,1,ridge,142,0.00533111595550384,0.001090296013590719
2021-11-16,1,ridge,142,-0.0009387223635872743,0.0008216186770421352
2021-11-17,1,ridge,142,-0.003030780393855181,0.0012035218906711856
2021-11-18,1,ridge,142,0.00511563468806564,0.0009665447675631138
2021-11-19,1,ridge,142,0.005400366224641573,0.0014520782013260226
2021-11-22,1,ridge,142,-0.0006216328422308237,0.0011969141811682643
2021-11-23,1,ridge,142,0.004033723212544693,0.0009470580124347152
2021-11-24,1,ridge,142,-0.001136070351986262,0.0010577381473053356
2021-11-25,1,ridge,142,-0.007051776603674398,0.0010117729127422847
2021-11-26,1,ridge,142,0.002598348912898452,0.003130255094737779
2021-11-29,1,ridge,142,-0.003639581826629268,0.0006609640421239156
2021-11-30,1,ridge,142,0.0004166232744360343,0.0021219107826358024
2021-12-01,1,ridge,142,0.001352828137015649,0.0012238608286159042
2021-12-02,1,ridge,142,-0.0004160599186286973,0.0009170289932404781
2021-12-03,1,ridge,142,0.002182385901263295,0.0011969064191556958
2021-12-06,1,ridge,142,0.0004151530936642445,0.0006945749681009154
2021-12-07,1,ridge,142,-0.004993248697606312,-0.00017703058459256615
2021-12-08,1,ridge,142,0.003955042624284921,0.0009810465324485713
2021-12-09,1,ridge,142,-0.001767427813628153,0.0015173603762727945
2021-12-10,1,ridge,142,0.002286665584263936,0.000919712341576757
2021-12-13,1,ridge,142,0.002592152418316118,0.0012776411624163561
2021-12-14,1,ridge,142,-0.0006215040597821186,0.0016804782223089007
2021-12-15,1,ridge,142,-0.00488185856599177,0.0007431655922477424
2021-12-16,1,ridge,142,0.005503362625773889,0.0007440690462734206
2021-12-17,1,ridge,142,-0.0002071251043034295,0.0018280718730453685
2021-12-20,1,ridge,142,-0.0006216328422308237,0.001997495832678166
2021-12-21,1,ridge,142,-0.004258198260564505,0.00012831519814426724
2021-12-22,1,ridge,142,-0.0006246746689333449,0.0005881517630574312
2021-12-23,1,ridge,142,0.0007287491863818829,0.0007194331881231942
2021-12-27,1,ridge,142,0.001144105382484106,0.0007281450546023613
2021-12-28,1,ridge,142,-0.002810598841803902,0.001082924557219062
2021-12-29,1,ridge,142,0.0004168837996800789,0.0012482315759607418
2021-12-30,1,ridge,142,0.0,0.0012364725530569474
2021-12-31,1,ridge,142,0.002497659743636582,0.0012014450484832825
2022-01-03,1,ridge,142,0.0005195615017896671,0.001189793801428174
2022-01-04,1,ridge,142,-0.0009354051505727767,0.0008746763684136064
2022-01-05,1,ridge,142,0.001558522836120346,0.001756818921411635
2022-01-06,1,ridge,142,-0.006248718520337704,0.0014889160035379974
2022-01-07,1,ridge,142,0.002816756335272785,0.0014236588335958928
2021-11-12,1,ridge,143,0.002939017545388722,0.0005970487618674229
2021-11-15,1,ridge,143,0.00533111595550384,0.0010024942538881811
2021-11-16,1,ridge,143,-0.0009387223635872743,0.0007275369929649132
2021-11-17,1,ridge,143,-0.003030780393855181,0.0011112270320007794
2021-11-18,1,ridge,143,0.00511563468806564,0.0008753011489043606
2021-11-19,1,ridge,143,0.005400366224641573,0.0013574806823964261
2021-11-22,1,ridge,143,-0.0006216328422308237,0.001104054206952369
2021-11-23,1,ridge,143,0.004033723212544693,0.0008556549668238614
2021-11-24,1,ridge,143,-0.001136070351986262,0.0009645153800024121
2021-11-25,1,ridge,143,-0.007051776603674398,0.0009236552712482322
2021-11-26,1,ridge,143,0.002598348912898452,0.0030475621216940895
2021-11-29,1,ridge,143,-0.003639581826629268,0.0005640955896097019
2021-11-30,1,ridge,143,0.0004166232744360343,0.002034280925380383
2021-12-01,1,ridge,143,0.001352828137015649,0.0011270747197787395
2021-12-02,1,ridge,143,-0.0004160599186286973,0.0008220419735007579
2021-12-03,1,ridge,143,0.002182385901263295,0.0010919992429596153
2021-12-06,1,ridge,143,0.0004151530936642445,0.0006019659935116397
2021-12-07,1,ridge,143,-0.004993248697606312,-0.0002796114850536479
2021-12-08,1,ridge,143,0.003955042624284921,0.0008878669640205334
2021-12-09,1,ridge,143,-0.001767427813628153,0.0014256719703196238
2021-12-10,1,ridge,143,0.002286665584263936,0.0008210568557550628
2021-12-13,1,ridge,143,0.002592152418316118,0.0011703606824254127
2021-12-14,1,ridge,143,-0.0006215040597821186,0.0015909334864709931
2021-12-15,1,ridge,143,-0.00488185856599177,0.0006430941804991443
2021-12-16,1,ridge,143,0.005503362625773889,0.0006442051360975954
2021-12-17,1,ridge,143,-0.0002071251043034295,0.0017299079737308468
2021-12-20,1,ridge,143,-0.0006216328422308237,0.0019033320088315076
2021-12-21,1,ridge,143,-0.004258198260564505,2.5221791561946463e-05
2021-12-22,1,ridge,143,-0.0006246746689333449,0.0004931340130567768
2021-12-23,1,ridge,143,0.0007287491863818829,0.0006192236532072422
2021-12-27,1,ridge,143,0.001144105382484106,0.0006276437252175751
2021-12-28,1,ridge,143,-0.002810598841803902,0.0009856356612582306
2021-12-29,1,ridge,143,0.0004168837996800789,0.0011533124633391078
2021-12-30,1,ridge,143,0.0,0.0011340151136722217
2021-12-31,1,ridge,143,0.002497659743636582,0.0011044054512985688
2022-01-03,1,ridge,143,0.0005195615017896671,0.00108157283680661
2022-01-04,1,ridge,143,-0.0009354051505727767,0.000767389461870372
2022-01-05,1,ridge,143,0.001558522836120346,0.0016565560617258382
2022-01-06,1,ridge,143,-0.006248718520337704,0.0013806846940682897
2022-01-07,1,ridge,143,0.002816756335272785,0.001334883119243341
2022-01-10,1,ridge,143,-0.003862016177488492,0.0013233898922418554
2022-01-11,1,ridge,143,-0.007347571630393901,0.0007872182796604997
2022-01-12,1,ridge,143,-0.00137051310261338,0.0007275280020213068
2022-01-13,1,ridge,143,0.004000847619302306,0.0019246732590931152
2022-01-14,1,ridge,143,0.0009452292884626345,0.0014768914537229858
2022-01-17,1,ridge,143,0.004921733585547372,0.0011759085038948666
2022-01-18,1,ridge,143,-0.002300774911615733,0.0020640490673225894
2022-01-19,1,ridge,143,0.002405229917716412,0.001587156618980932
2022-01-20,1,ridge,143,-0.001045041374238664,0.0013198959062543118
2022-01-21,1,ridge,143,0.002923368129134296,0.002073393769601344
2022-01-24,1,ridge,143,0.0003127117344501329,0.001838222743598456
2022-01-25,1,ridge,143,0.004575239342168302,0.0016833598035217291
2022-01-26,1,ridge,143,0.008882520702679031,0.0011463746631777839
2022-01-27,1,ridge,143,0.000205634382792752,0.0018871934111547833
2022-01-28,1,ridge,143,-0.0075331866490016,0.0009856513185474845
2022-01-31,1,ridge,143,-0.001554968436470183,0.0005224207985645213
2022-02-01,1,ridge,143,-0.004679465721959097,0.0011156069062336449
2022-02-02,1,ridge,143,-0.005854083203839622,0.0011063302579414648
2022-02-03,1,ridge,143,0.001152617092032848,0.0020455781927494862
2022-02-04,1,ridge,143,-0.000942951507870049,0.0010664802514998893
2021-12-10,1,ridge,144,0.002286665584263936,0.0006977210445625082
2021-12-13,1,ridge,144,0.002592152418316118,0.001055510538027612
2021-12-14,1,ridge,144,-0.0006215040597821186,0.0014682372066550124
2021-12-15,1,ridge,144,-0.00488185856599177,0.0005217432005271254
2021-12-16,1,ridge,144,0.005503362625773889,0.0005153349308447701
2021-12-17,1,ridge,144,-0.0002071251043034295,0.0016101961097123372
2021-12-20,1,ridge,144,-0.0006216328422308237,0.0017953851644729357
2021-12-21,1,ridge,144,-0.004258198260564505,-0.00011446918828609721
2021-12-22,1,ridge,144,-0.0006246746689333449,0.0003562363601618561
2021-12-23,1,ridge,144,0.0007287491863818829,0.0004886027996923337
2021-12-27,1,ridge,144,0.001144105382484106,0.0004932226508627673
2021-12-28,1,ridge,144,-0.002810598841803902,0.0008525760189586715
2021-12-29,1,ridge,144,0.0004168837996800789,0.001025126514241364
2021-12-30,1,ridge,144,0.0,0.0010077103016132185
2021-12-31,1,ridge,144,0.002497659743636582,0.000977213630466947
2022-01-03,1,ridge,144,0.0005195615017896671,0.000945872460198102
2022-01-04,1,ridge,144,-0.0009354051505727767,0.0006292427586134568
2022-01-05,1,ridge,144,0.001558522836120346,0.001523935063808592
2022-01-06,1,ridge,144,-0.006248718520337704,0.001251665265564322
2022-01-07,1,ridge,144,0.002816756335272785,0.0011905653552348866
2022-01-10,1,ridge,144,-0.003862016177488492,0.0011957505951774047
2022-01-11,1,ridge,144,-0.007347571630393901,0.0006400830395543498
2022-01-12,1,ridge,144,-0.00137051310261338,0.0005871018928836924
2022-01-13,1,ridge,144,0.004000847619302306,0.0017946156870493324
2022-01-14,1,ridge,144,0.0009452292884626345,0.0013443688754554335
2022-01-17,1,ridge,144,0.004921733585547372,0.00104713833782497
2022-01-18,1,ridge,144,-0.002300774911615733,0.0019305938393763204
2022-01-19,1,ridge,144,0.002405229917716412,0.001450696521838128
2022-01-20,1,ridge,144,-0.001045041374238664,0.0011777200798456795
2022-01-21,1,ridge,144,0.002923368129134296,0.0019546895747711906
2022-01-24,1,ridge,144,0.0003127117344501329,0.001726432806129093
2022-01-25,1,ridge,144,0.004575239342168302,0.0015453805298385676
2022-01-26,1,ridge,144,0.008882520702679031,0.0009993168583879363
2022-01-27,1,ridge,144,0.000205634382792752,0.0017571442985486452
2022-01-28,1,ridge,144,-0.0075331866490016,0.0008534273859915221
2022-01-31,1,ridge,144,-0.001554968436470183,0.00038202580669199253
2022-02-01,1,ridge,144,-0.004679465721959097,0.0009680524980564978
2022-02-02,1,ridge,144,-0.005854083203839622,0.0009616009261119746
2022-02-03,1,ridge,144,0.001152617092032848,0.0019166609420087353
2022-02-04,1,ridge,144,-0.000942951507870049,0.0009261981439435208
2022-02-07,1,ridge,144,0.002512564135883188,0.0014710975161048433
2022-02-08,1,ridge,144,-0.001569612628013139,0.0013121106352320434
2022-02-09,1,ridge,144,0.0006281407241708337,0.0005300873852917752
2022-02-10,1,ridge,144,0.00553150708544603,0.0015517754972229944
2022-02-11,1,ridge,144,0.003013772091468248,0.0016787389692437293
2022-02-14,1,ridge,144,-0.003950930487750526,0.0015673278199665574
2022-02-15,1,ridge,144,-0.003025720916537189,0.001104579461900182
2022-02-16,1,ridge,144,0.001044386517905949,0.000951817798719463
2022-02-17,1,ridge,144,0.002502086376238388,0.0018610194967372195
2022-02-18,1,ridge,144,0.0004164064186751304,0.0016247248472763501
2022-02-21,1,ridge,144,-0.000520535121846244,0.001351117907276138
2022-02-22,1,ridge,144,0.001664759514642178,0.001711510776315564
2022-02-23,1,ridge,144,0.009827834753075138,0.0017585875477322415
2022-02-24,1,ridge,144,-0.005470981388180363,0.0018211421651170526
2022-02-25,1,ridge,144,0.001034554199453197,0.00019921886553062273
2022-02-28,1,ridge,144,0.007212065053992411,0.0011468286850664455
2022-03-01,1,ridge,144,-0.0002053388097564834,0.0014191976294712545
2022-03-02,1,ridge,144,0.004098786351075745,0.00047357612760272024
2022-03-03,1,ridge,144,0.008755910144440548,0.0016415728001397518
2022-03-04,1,ridge,144,0.006466628576879074,0.001919428248109526
2022-01-10,1,ridge,145,-0.003862016177488492,0.0009167275803574195
2022-01-11,1,ridge,145,-0.007347571630393901,0.0003649338160320974
2022-01-12,1,ridge,145,-0.00137051310261338,0.0003170844243471923
2022-01-13,1,ridge,145,0.004000847619302306,0.0015254853603029357
2022-01-14,1,ridge,145,0.0009452292884626345,0.0010670404087598253
2022-01-17,1,ridge,145,0.004921733585547372,0.0007719343015970984
2022-01-18,1,ridge,145,-0.002300774911615733,0.001665545926217906
2022-01-19,1,ridge,145,0.002405229917716412,0.0011784703669329834
2022-01-20,1,ridge,145,-0.001045041374238664,0.0009071894622132844
2022-01-21,1,ridge,145,0.002923368129134296,0.0016778101437340826
2022-01-24,1,ridge,145,0.0003127117344501329,0.001448579612004481
2022-01-25,1,ridge,145,0.004575239342168302,0.0012707398652646812
2022-01-26,1,ridge,145,0.008882520702679031,0.0007269947521618269
2022-01-27,1,ridge,145,0.000205634382792752,0.001480528184144485
2022-01-28,1,ridge,145,-0.0075331866490016,0.0005847231976779884
2022-01-31,1,ridge,145,-0.001554968436470183,0.00011019937724649823
2022-02-01,1,ridge,145,-0.004679465721959097,0.0006917575548438663
2022-02-02,1,ridge,145,-0.005854083203839622,0.0006900807734051095
2022-02-03,1,ridge,145,0.001152617092032848,0.0016405347097268007
2022-02-04,1,ridge,145,-0.000942951507870049,0.0006462834914105983
2022-02-07,1,ridge,145,0.002512564135883188,0.0012064494369003053
2022-02-08,1,ridge,145,-0.001569612628013139,0.0010362844289214723
2022-02-09,1,ridge,145,0.0006281407241708337,0.0002587798020904497
2022-02-10,1,ridge,145,0.00553150708544603,0.001280306373591466
2022-02-11,1,ridge,145,0.003013772091468248,0.0014066037300951763
2022-02-14,1,ridge,145,-0.003950930487750526,0.0012826560635959385
2022-02-15,1,ridge,145,-0.003025720916537189,0.0008404913743388495
2022-02-16,1,ridge,145,0.001044386517905949,0.0006871812725466693
2022-02-17,1,ridge,145,0.002502086376238388,0.0015967394215544526
2022-02-18,1,ridge,145,0.0004164064186751304,0.0013544724618201368
2022-02-21,1,ridge,145,-0.000520535121846244,0.0010803245162206143
2022-02-22,1,ridge,145,0.001664759514642178,0.0014378765348669297
2022-02-23,1,ridge,145,0.009827834753075138,0.0014992761164850904
2022-02-24,1,ridge,145,-0.005470981388180363,0.0015396105772165014
2022-02-25,1,ridge,145,0.001034554199453197,-7.07882047107165e-05
2022-02-28,1,ridge,145,0.007212065053992411,0.0008723464430325169
2022-03-01,1,ridge,145,-0.0002053388097564834,0.0011308224447820646
2022-03-02,1,ridge,145,0.004098786351075745,0.00017331356922377323
2022-03-03,1,ridge,145,0.008755910144440548,0.0013558227989664048
2022-03-04,1,ridge,145,0.006466628576879074,0.0016242016418329998
2022-03-07,1,ridge,145,-0.002319133885411162,0.0020703283813208843
2022-03-08,1,ridge,145,-0.01106441780354128,0.0009183154077053233
2022-03-09,1,ridge,145,0.005496756511036871,0.00043704517251950357
2022-03-10,1,ridge,145,0.006173171453299098,0.0012357962560972976
2022-03-11,1,ridge,145,-0.001211387186296875,0.001067816320167033
2022-03-14,1,ridge,145,0.001009591201352578,0.001586435382128204
2022-03-15,1,ridge,145,-0.004855360539962383,0.0014349355945564443
2022-03-16,1,ridge,145,-0.006612771439429288,-0.0008921841617980282
2022-03-17,1,ridge,145,0.002650358330227753,-0.0006625672110871746
2022-03-18,1,ridge,145,0.002744880491264645,0.0005604148501894188
2022-03-21,1,ridge,145,-0.0001015279964322602,0.0006087710273031972
2022-03-22,1,ridge,145,0.00131906061436915,0.00026037541432436456
2022-03-23,1,ridge,145,0.001722304260402652,0.0008208183084134606
2022-03-24,1,ridge,145,0.0,0.0006103458557138411
2022-03-25,1,ridge,145,0.003032143014425337,0.0007738529508938788
2022-03-28,1,ridge,145,-0.006987724012600616,0.0008839208119573319
2022-03-29,1,ridge,145,-0.00621848173402384,0.0003215338341197186
2022-03-30,1,ridge,145,0.0053034290546492,0.0008396236110167178
2022-03-31,1,ridge,145,0.003249723587069653,0.002023037456829315
2022-04-01,1,ridge,145,0.003744375168687419,0.0007722779858170678
2022-02-07,1,ridge,146,0.002512564135883188,0.000886408190407814
2022-02-08,1,ridge,146,-0.001569612628013139,0.0007216334400686669
2022-02-09,1,ridge,146,0.0006281407241708337,-6.799366082467447e-05
2022-02-10,1,ridge,146,0.00553150708544603,0.0009699233552513695
2022-02-11,1,ridge,146,0.003013772091468248,0.0010944439721875725
2022-02-14,1,ridge,146,-0.003950930487750526,0.0009747038693873123
2022-02-15,1,ridge,146,-0.003025720916537189,0.0005254927043346459
2022-02-16,1,ridge,146,0.001044386517905949,0.00035307074751317536
2022-02-17,1,ridge,146,0.002502086376238388,0.0012907714753383965
2022-02-18,1,ridge,146,0.0004164064186751304,0.0010545443538252047
2022-02-21,1,ridge,146,-0.000520535121846244,0.0007623431012511237
2022-02-22,1,ridge,146,0.001664759514642178,0.0011424127258419135
2022-02-23,1,ridge,146,0.009827834753075138,0.0011882406516243672
2022-02-24,1,ridge,146,-0.005470981388180363,0.0012298816135032171
2022-02-25,1,ridge,146,0.001034554199453197,-0.00038325963023138314
2022-02-28,1,ridge,146,0.007212065053992411,0.0005489975412458816
2022-03-01,1,ridge,146,-0.0002053388097564834,0.0007933896168700259
2022-03-02,1,ridge,146,0.004098786351075745,-0.00015612764506058656
2022-03-03,1,ridge,146,0.008755910144440548,0.0010264297680621522
2022-03-04,1,ridge,146,0.006466628576879074,0.001293119437864094
2022-03-07,1,ridge,146,-0.002319133885411162,0.0017620713036678283
2022-03-08,1,ridge,146,-0.01106441780354128,0.0005881741720114912
2022-03-09,1,ridge,146,0.005496756511036871,0.00011439600703691637
2022-03-10,1,ridge,146,0.006173171453299098,0.0008933845632337238
2022-03-11,1,ridge,146,-0.001211387186296875,0.0007697839445660965
2022-03-14,1,ridge,146,0.001009591201352578,0.0012849935165204932
2022-03-15,1,ridge,146,-0.004855360539962383,0.0011195260607056612
2022-03-16,1,ridge,146,-0.006612771439429288,-0.0012309569598911072
2022-03-17,1,ridge,146,0.002650358330227753,-0.0010312801940220563
2022-03-18,1,ridge,146,0.002744880491264645,0.00023478653285870867
2022-03-21,1,ridge,146,-0.0001015279964322602,0.00028677644172032734
2022-03-22,1,ridge,146,0.00131906061436915,-6.773417227103922e-05
2022-03-23,1,ridge,146,0.001722304260402652,0.000493872080137474
2022-03-24,1,ridge,146,0.0,0.0002959450381151668
2022-03-25,1,ridge,146,0.003032143014425337,0.0004670652396378273
2022-03-28,1,ridge,146,-0.006987724012600616,0.0005909000522163135
2022-03-29,1,ridge,146,-0.00621848173402384,-2.2418719064128134e-06
2022-03-30,1,ridge,146,0.0053034290546492,0.0005009766260967212
2022-03-31,1,ridge,146,0.003249723587069653,0.001714057898123489
2022-04-01,1,ridge,146,0.003744375168687419,0.00042235089779074685
2022-04-04,1,ridge,146,0.004736241029732469,-0.00017044738581227758
2022-04-05,1,ridge,146,0.001306073426230014,0.0008397574257931449
2022-04-06,1,ridge,146,0.001504891179420653,0.001331332494575804
2022-04-07,1,ridge,146,0.0005011275474453569,0.000564767528853086
2022-04-08,1,ridge,146,0.001301757556279703,0.00010418068514350617
2022-04-11,1,ridge,146,0.003596048226419235,0.0013115919225567402
2022-04-12,1,ridge,146,-0.004096523688544629,0.00029410688349748056
2022-04-13,1,ridge,146,0.00439561147303813,-0.0003331733017786427
2022-04-14,1,ridge,146,0.0,0.0003503170697969071
2022-04-15,1,ridge,146,0.004574846367841445,0.0004513646581530068
2022-04-18,1,ridge,146,0.001784475540450359,0.00037052198437903
2022-04-19,1,ridge,146,-0.005661798089467318,0.000404414915505021
2022-04-20,1,ridge,146,0.001890830040383484,0.0003737143771425444
2022-04-21,1,ridge,146,0.00634293504211314,0.0007715592442338799
2022-04-22,1,ridge,146,0.005222458536772834,0.001607553021194918
2022-04-25,1,ridge,146,0.005390848634876377,0.001431101680813457
2022-04-26,1,ridge,146,0.006333760516217701,0.0010956795546421814
2022-04-27,1,ridge,146,0.006486927912843221,0.0003987443154153684
2022-04-28,1,ridge,146,-0.006389798098770605,-0.0007352154422829552
2022-04-29,1,ridge,146,0.007547205635383136,0.0005415471681292899
2022-03-07,1,ridge,147,-0.002319133885411162,0.001856849745339261
2022-03-08,1,ridge,147,-0.01106441780354128,0.0006800940182092902
2022-03-09,1,ridge,147,0.005496756511036871,0.00016798889407463745
2022-03-10,1,ridge,147,0.006173171453299098,0.0009918096067632767
2022-03-11,1,ridge,147,-0.001211387186296875,0.0008500442778809575
2022-03-14,1,ridge,147,0.001009591201352578,0.0013445487928969544
2022-03-15,1,ridge,147,-0.004855360539962383,0.001171417868847394
2022-03-16,1,ridge,147,-0.006612771439429288,-0.0011380179591768836
2022-03-17,1,ridge,147,0.002650358330227753,-0.0009054939509830762
2022-03-18,1,ridge,147,0.002744880491264645,0.00031128671882439196
2022-03-21,1,ridge,147,-0.0001015279964322602,0.0003732734972219345
2022-03-22,1,ridge,147,0.00131906061436915,2.71238976840019e-05
2022-03-23,1,ridge,147,0.001722304260402652,0.0005954232863960541
2022-03-24,1,ridge,147,0.0,0.00036034031042728393
2022-03-25,1,ridge,147,0.003032143014425337,0.0005315147099315342
2022-03-28,1,ridge,147,-0.006987724012600616,0.0006403099521481159
2022-03-29,1,ridge,147,-0.00621848173402384,7.965180240000867e-05
2022-03-30,1,ridge,147,0.0053034290546492,0.0006088244181130663
2022-03-31,1,ridge,147,0.003249723587069653,0.0017878875645912313
2022-04-01,1,ridge,147,0.003744375168687419,0.000526957045655626
2022-04-04,1,ridge,147,0.004736241029732469,-4.772786807858754e-05
2022-04-05,1,ridge,147,0.001306073426230014,0.0009495571189604243
2022-04-06,1,ridge,147,0.001504891179420653,0.0014242577977421336
2022-04-07,1,ridge,147,0.0005011275474453569,0.0006689910242836539
2022-04-08,1,ridge,147,0.001301757556279703,0.00022656347029219467
2022-04-11,1,ridge,147,0.003596048226419235,0.001398280515632535
2022-04-12,1,ridge,147,-0.004096523688544629,0.00043482675293984467
2022-04-13,1,ridge,147,0.00439561147303813,-0.00021610689344609335
2022-04-14,1,ridge,147,0.0,0.00046703767100394485
2022-04-15,1,ridge,147,0.004574846367841445,0.0005671646513217346
2022-04-18,1,ridge,147,0.001784475540450359,0.00048017298253414
2022-04-19,1,ridge,147,-0.005661798089467318,0.00046873743777143027
2022-04-20,1,ridge,147,0.001890830040383484,0.0005011017610677721
2022-04-21,1,ridge,147,0.00634293504211314,0.0008864235360271602
2022-04-22,1,ridge,147,0.005222458536772834,0.0017074651249679544
2022-04-25,1,ridge,147,0.005390848634876377,0.0015085854731003313
2022-04-26,1,ridge,147,0.006333760516217701,0.0012158998602198874
2022-04-27,1,ridge,147,0.006486927912843221,0.0005100214139247346
2022-04-28,1,ridge,147,-0.006389798098770605,-0.000639446117597054
2022-04-29,1,ridge,147,0.007547205635383136,0.0006582487596072128
2022-05-02,1,ridge,147,-0.00270270434788511,0.0007091353934469388
2022-05-03,1,ridge,147,-0.008444602475748297,0.000534667967178513
2022-05-04,1,ridge,147,0.01124369701118688,-0.00029176529690264644
2022-05-05,1,ridge,147,-0.0008678463492470812,0.0017263922142794696
2022-05-06,1,ridge,147,-9.647387977196331e-05,0.0009876119423799159
2022-05-09,1,ridge,147,0.00260153348055514,0.0023347293431609734
2022-05-10,1,ridge,147,-0.0006738220402224826,0.0008215852959003736
2022-05-11,1,ridge,147,0.009583207025807283,0.00031905806137214635
2022-05-12,1,ridge,147,-0.002769688031962758,0.0012478604157612945
2022-05-13,1,ridge,147,-0.003544913891873946,-0.0009849404564658928
2022-05-16,1,ridge,147,-0.007998115389800553,0.0003877144288296621
2022-05-17,1,ridge,147,0.004344265170862727,-0.0002773822363338391
2022-05-18,1,ridge,147,-0.01055546526350337,0.002046695140424512
2022-05-19,1,ridge,147,0.004177399575610252,0.0008892410352645323
2022-05-20,1,ridge,147,-0.01042741992078167,0.0002623636721645546
2022-05-23,1,ridge,147,-0.002157498140021197,0.00026710454215978175
2022-05-24,1,ridge,147,0.001961554179366942,0.0015007169873870825
2022-05-25,1,ridge,147,-0.002256119452251681,0.0006417923190831918
2022-05-26,1,ridge,147,-0.001572481896503497,0.0001524667112990222
2022-05-27,1,ridge,147,0.0,-0.00010925270613018022
2022-04-04,1,ridge,148,0.004736241029732469,-0.00020676148297692472
2022-04-05,1,ridge,148,0.001306073426230014,0.0007891221058543615
2022-04-06,1,ridge,148,0.001504891179420653,0.0012651108850671518
2022-04-07,1,ridge,148,0.0005011275474453569,0.0005043410121786203
2022-04-08,1,ridge,148,0.001301757556279703,6.574757450796267e-05
2022-04-11,1,ridge,148,0.003596048226419235,0.0012275762771963754
2022-04-12,1,ridge,148,-0.004096523688544629,0.00028251391119814214
2022-04-13,1,ridge,148,0.00439561147303813,-0.00037839984419304925
2022-04-14,1,ridge,148,0.0,0.00031494747823704506
2022-04-15,1,ridge,148,0.004574846367841445,0.0004049991368629112
2022-04-18,1,ridge,148,0.001784475540450359,0.0003148862198144575
2022-04-19,1,ridge,148,-0.005661798089467318,0.0002900662106329425
2022-04-20,1,ridge,148,0.001890830040383484,0.0003386717930968837
2022-04-21,1,ridge,148,0.00634293504211314,0.0007241290217982594
2022-04-22,1,ridge,148,0.005222458536772834,0.0015562837640969588
2022-04-25,1,ridge,148,0.005390848634876377,0.0013307630854467725
2022-04-26,1,ridge,148,0.006333760516217701,0.0010540077368321702
2022-04-27,1,ridge,148,0.006486927912843221,0.00034681021013204227
2022-04-28,1,ridge,148,-0.006389798098770605,-0.0008182724236238538
2022-04-29,1,ridge,148,0.007547205635383136,0.0004987190513273229
2022-05-02,1,ridge,148,-0.00270270434788511,0.00055813632372859
2022-05-03,1,ridge,148,-0.008444602475748297,0.0003673617144976829
2022-05-04,1,ridge,148,0.01124369701118688,-0.000447836100232437
2022-05-05,1,ridge,148,-0.0008678463492470812,0.0015813055284657643
2022-05-06,1,ridge,148,-9.647387977196331e-05,0.0008249269508489832
2022-05-09,1,ridge,148,0.00260153348055514,0.0021904979884442522
2022-05-10,1,ridge,148,-0.0006738220402224826,0.0006612742752656086
2022-05-11,1,ridge,148,0.009583207025807283,0.0001717053228043338
2022-05-12,1,ridge,148,-0.002769688031962758,0.0011002191783078626
2022-05-13,1,ridge,148,-0.003544913891873946,-0.0011451091665542394
2022-05-16,1,ridge,148,-0.007998115389800553,0.00024226856853088135
2022-05-17,1,ridge,148,0.004344265170862727,-0.0004306586840779344
2022-05-18,1,ridge,148,-0.01055546526350337,0.0019231907390328319
2022-05-19,1,ridge,148,0.004177399575610252,0.0007390532981840653
2022-05-20,1,ridge,148,-0.01042741992078167,0.00012667488050767959
2022-05-23,1,ridge,148,-0.002157498140021197,0.00010768043114175476
2022-05-24,1,ridge,148,0.001961554179366942,0.0013631234892876576
2022-05-25,1,ridge,148,-0.002256119452251681,0.0004947948791938224
2022-05-26,1,ridge,148,-0.001572481896503497,-7.386382867809356e-06
2022-05-27,1,ridge,148,0.0,-0.00026449489893095614
2022-05-30,1,ridge,148,0.0007865500356345478,0.0001526858858527623
2022-05-31,1,ridge,148,0.00734397425575839,0.001245578503572563
2022-06-01,1,ridge,148,-0.006656250104272843,0.0009664561506422479
2022-06-02,1,ridge,148,0.003137872745307746,4.449430788701323e-05
2022-06-03,1,ridge,148,0.002932840111826707,0.0010665045850776324
2022-06-06,1,ridge,148,-0.001172104060737311,0.00023145009018055472
2022-06-07,1,ridge,148,0.002147809084966923,0.0003666314435999411
2022-06-08,1,ridge,148,0.006609666365027245,0.0006088833251524945
2022-06-09,1,ridge,148,0.00896953498639963,0.0016206861325324413
2022-06-10,1,ridge,148,0.008889797110358089,0.001960447793173698
2022-06-13,1,ridge,148,0.004178543591719652,0.0025019876843449303
2022-06-14,1,ridge,148,-0.003417508547378212,0.0008715541820415492
2022-06-15,1,ridge,148,-0.01465613666555488,4.343413974519571e-05
2022-06-16,1,ridge,148,0.0102722546803653,0.0016008266801038184
2022-06-17,1,ridge,148,0.0,0.0010932518238310719
2022-06-20,1,ridge,148,-0.002582127385033495,0.0003362687089188159
2022-06-21,1,ridge,148,-0.002204861172191208,-0.00024830235887533835
2022-06-22,1,ridge,148,0.002204861172191208,0.0014004655733994235
2022-06-23,1,ridge,148,-0.002396818174411841,0.0006771210995769733
2022-06-24,1,ridge,148,-0.00230636273674989,-0.0008393801153557118
2022-05-02,1,ridge,149,-0.00270270434788511,0.0007741174177233101
2022-05-03,1,ridge,149,-0.008444602475748297,0.0005818358948603912
2022-05-04,1,ridge,149,0.01124369701118688,-0.000245372727917327
2022-05-05,1,ridge,149,-0.0008678463492470812,0.0018169053911440915
2022-05-06,1,ridge,149,-9.647387977196331e-05,0.0010411132689997545
2022-05-09,1,ridge,149,0.00260153348055514,0.0024390328119544015
2022-05-10,1,ridge,149,-0.0006738220402224826,0.0008700669429305765
2022-05-11,1,ridge,149,0.009583207025807283,0.00039139317401333247
2022-05-12,1,ridge,149,-0.002769688031962758,0.001311601390770036
2022-05-13,1,ridge,149,-0.003544913891873946,-0.0009538485690553595
2022-05-16,1,ridge,149,-0.007998115389800553,0.00045410413071172713
2022-05-17,1,ridge,149,0.004344265170862727,-0.00022920601268655542
2022-05-18,1,ridge,149,-0.01055546526350337,0.0021623632636547153
2022-05-19,1,ridge,149,0.004177399575610252,0.0009528300214467655
2022-05-20,1,ridge,149,-0.01042741992078167,0.00033106594566091857
2022-05-23,1,ridge,149,-0.002157498140021197,0.00031057836029460106
2022-05-24,1,ridge,149,0.001961554179366942,0.001581978471256548
2022-05-25,1,ridge,149,-0.002256119452251681,0.0006998184928216466
2022-05-26,1,ridge,149,-0.001572481896503497,0.0001871039783468069
2022-05-27,1,ridge,149,0.0,-6.814313058924095e-05
2022-05-30,1,ridge,149,0.0007865500356345478,0.00036427487767503675
2022-05-31,1,ridge,149,0.00734397425575839,0.001459342744069936
2022-06-01,1,ridge,149,-0.006656250104272843,0.0011918732862653077
2022-06-02,1,ridge,149,0.003137872745307746,0.00026933590751829445
2022-06-03,1,ridge,149,0.002932840111826707,0.0013009344856264162
2022-06-06,1,ridge,149,-0.001172104060737311,0.00046158542699232424
2022-06-07,1,ridge,149,0.002147809084966923,0.0005928527599416801
2022-06-08,1,ridge,149,0.006609666365027245,0.0008477323211827239
2022-06-09,1,ridge,149,0.00896953498639963,0.0018740398308715839
2022-06-10,1,ridge,149,0.008889797110358089,0.002221687624949904
2022-06-13,1,ridge,149,0.004178543591719652,0.0027692773817378524
2022-06-14,1,ridge,149,-0.003417508547378212,0.0011122465444711536
2022-06-15,1,ridge,149,-0.01465613666555488,0.0002760843784965617
2022-06-16,1,ridge,149,0.0102722546803653,0.001864389743408744
2022-06-17,1,ridge,149,0.0,0.001327343565798158
2022-06-20,1,ridge,149,-0.002582127385033495,0.0005736032391150066
2022-06-21,1,ridge,149,-0.002204861172191208,-2.1999034266992365e-05
2022-06-22,1,ridge,149,0.002204861172191208,0.0016477778080118634
2022-06-23,1,ridge,149,-0.002396818174411841,0.0009158629189464869
2022-06-24,1,ridge,149,-0.00230636273674989,-0.0006252209906254405
2022-06-27,1,ridge,149,0.005468951026116109,0.00040582639807538047
2022-06-28,1,ridge,149,0.005724660228850986,0.0011163785959927251
2022-06-29,1,ridge,149,-0.004099343173317394,0.0014460828850329985
2022-06-30,1,ridge,149,0.00438471772935678,0.0014996058639745317
2022-07-01,1,ridge,149,0.0,0.0006253315963137686
2022-07-04,1,ridge,149,0.01322770609755075,0.0002897825738579482
2022-07-05,1,ridge,149,0.005242475964849724,0.0023185527623676623
2022-07-06,1,ridge,149,0.0002800728207636993,0.0008580011303459849
2022-07-07,1,ridge,149,-0.001120762235556683,-0.0003166695127364652
2022-07-08,1,ridge,149,0.009394107125834772,0.0003797794104975136
2022-07-11,1,ridge,149,0.0004627701503299164,0.0012650916901872568
2022-07-12,1,ridge,149,-0.001018377165270756,0.0014962661476187417
2022-07-13,1,ridge,149,0.005357980485454661,0.0008368903023231375
2022-07-14,1,ridge,149,-0.004432140219338798,0.0007979653714747733
2022-07-15,1,ridge,149,-0.006405814969875578,-0.00020775887608754832
2022-07-18,1,ridge,149,-0.006447114132230425,8.171660511851212e-05
2022-07-19,1,ridge,149,0.003742519338338468,-0.0002620780634489264
2022-07-20,1,ridge,149,-0.001588859626743933,0.0006789000204941618
2022-07-21,1,ridge,149,-0.001685078099534998,0.0009115297596935203
2022-07-22,1,ridge,149,-0.002345106839016786,0.0009257257610568039
2022-05-30,1,ridge,150,0.0007865500356345478,-4.812184248925465e-05
2022-05-31,1,ridge,150,0.00734397425575839,0.001026902855795785
2022-06-01,1,ridge,150,-0.006656250104272843,0.0007424351890125455
2022-06-02,1,ridge,150,0.003137872745307746,-0.0001369146650748217
2022-06-03,1,ridge,150,0.002932840111826707,0.0008496459323662567
2022-06-06,1,ridge,150,-0.001172104060737311,6.264188864466173e-06
2022-06-07,1,ridge,150,0.002147809084966923,0.00016236164463848184
2022-06-08,1,ridge,150,0.006609666365027245,0.0003910594438637622
2022-06-09,1,ridge,150,0.00896953498639963,0.001419235509493958
2022-06-10,1,ridge,150,0.008889797110358089,0.0017680293994839168
2022-06-13,1,ridge,150,0.004178543591719652,0.0023180834717584564
2022-06-14,1,ridge,150,-0.003417508547378212,0.0006558917302701898
2022-06-15,1,ridge,150,-0.01465613666555488,-0.00016217982567646785
2022-06-16,1,ridge,150,0.0102722546803653,0.0014453741853297903
2022-06-17,1,ridge,150,0.0,0.0008466024188123306
2022-06-20,1,ridge,150,-0.002582127385033495,0.00012075204528940735
2022-06-21,1,ridge,150,-0.002204861172191208,-0.00048460469304339033
2022-06-22,1,ridge,150,0.002204861172191208,0.0011916621824903397
2022-06-23,1,ridge,150,-0.002396818174411841,0.0004633940356521824
2022-06-24,1,ridge,150,-0.00230636273674989,-0.0010692251508879545
2022-06-27,1,ridge,150,0.005468951026116109,-5.066483376635991e-05
2022-06-28,1,ridge,150,0.005724660228850986,0.0006517760963609353
2022-06-29,1,ridge,150,-0.004099343173317394,0.0010101560502245983
2022-06-30,1,ridge,150,0.00438471772935678,0.00106833638739423
2022-07-01,1,ridge,150,0.0,0.000175719606995567
2022-07-04,1,ridge,150,0.01322770609755075,-0.00015760318957622812
2022-07-05,1,ridge,150,0.005242475964849724,0.0018131168912953895
2022-07-06,1,ridge,150,0.0002800728207636993,0.0004097157373825807
2022-07-07,1,ridge,150,-0.001120762235556683,-0.000754972035079154
2022-07-08,1,ridge,150,0.009394107125834772,-6.492920485740749e-05
2022-07-11,1,ridge,150,0.0004627701503299164,0.0008029099816356396
2022-07-12,1,ridge,150,-0.001018377165270756,0.0010406854429689878
2022-07-13,1,ridge,150,0.005357980485454661,0.0004025089733364119
2022-07-14,1,ridge,150,-0.004432140219338798,0.00033517438807062987
2022-07-15,1,ridge,150,-0.006405814969875578,-0.0006314280299465845
2022-07-18,1,ridge,150,-0.006447114132230425,-0.0003659068097858882
2022-07-19,1,ridge,150,0.003742519338338468,-0.0007044390354787355
2022-07-20,1,ridge,150,-0.001588859626743933,0.00020126035822105615
2022-07-21,1,ridge,150,-0.001685078099534998,0.00045827039553062603
2022-07-22,1,ridge,150,-0.002345106839016786,0.0004736229902380831
2022-07-25,1,ridge,150,0.006645786616571669,0.00011298652331053703
2022-07-26,1,ridge,150,-0.006927569363939234,0.0006295122417968914
2022-07-27,1,ridge,150,-0.0009398496932426781,-0.0007757543477961378
2022-07-28,1,ridge,150,-0.004240289038885514,9.264407179851458e-05
2022-07-29,1,ridge,150,-0.004258345682576881,-8.640726758745663e-05
2022-08-01,1,ridge,150,0.007463778803339594,0.000610805438248428
2022-08-02,1,ridge,150,0.002538191726951133,0.0007737437028891124
2022-08-03,1,ridge,150,-0.007728596433818957,-8.197796667252084e-05
2022-08-04,1,ridge,150,0.008760830373359063,0.00014476016591507944
2022-08-05,1,ridge,150,-0.001783619341661158,0.0002600994285823604
2022-08-08,1,ridge,150,-0.0005639097893794798,-0.0001405537069681145
2022-08-09,1,ridge,150,-0.01106028195996434,0.0004739086508383513
2022-08-10,1,ridge,150,-0.001046174426104329,-0.00011407060658565055
2022-08-11,1,ridge,150,0.005125295957565612,9.19558600939512e-05
2022-08-12,1,ridge,150,0.008671936709554906,2.793356768551904e-05
2022-08-15,1,ridge,150,-0.0004693733951457446,0.0003114866606614383
2022-08-16,1,ridge,150,0.0006570610833849244,0.00040676202308502225
2022-08-17,1,ridge,150,0.00850273751442554,0.0005012954418823886
2022-08-18,1,ridge,150,0.006399279894907295,0.0001811682723943979
2022-08-19,1,ridge,150,0.008102429005440115,0.0006722025703625366
2022-06-27,1,ridge,151,0.005468951026116109,-3.143462823599951e-05
2022-06-28,1,ridge,151,0.005724660228850986,0.000701012483150607
2022-06-29,1,ridge,151,-0.004099343173317394,0.0010614854748159936
2022-06-30,1,ridge,151,0.00438471772935678,0.0011330248831828659
2022-07-01,1,ridge,151,0.0,0.00020673339804457236
2022-07-04,1,ridge,151,0.01322770609755075,-0.00012871983699485858
2022-07-05,1,ridge,151,0.005242475964849724,0.0018929233615704562
2022-07-06,1,ridge,151,0.0002800728207636993,0.0004191793022787444
2022-07-07,1,ridge,151,-0.001120762235556683,-0.0007700161355948842
2022-07-08,1,ridge,151,0.009394107125834772,-4.825225134898684e-05
2022-07-11,1,ridge,151,0.0004627701503299164,0.0008620206333311151
2022-07-12,1,ridge,151,-0.001018377165270756,0.00107413207221623
2022-07-13,1,ridge,151,0.005357980485454661,0.00046193040459472664
2022-07-14,1,ridge,151,-0.004432140219338798,0.0003690799324506478
2022-07-15,1,ridge,151,-0.006405814969875578,-0.0006460545383727612
2022-07-18,1,ridge,151,-0.006447114132230425,-0.0003450002374849399
2022-07-19,1,ridge,151,0.003742519338338468,-0.0007200187883065365
2022-07-20,1,ridge,151,-0.001588859626743933,0.00023533769375044252
2022-07-21,1,ridge,151,-0.001685078099534998,0.0004837574614530668
2022-07-22,1,ridge,151,-0.002345106839016786,0.0005202148996029989
2022-07-25,1,ridge,151,0.006645786616571669,0.00016115286401466848
2022-07-26,1,ridge,151,-0.006927569363939234,0.0006851144387987296
2022-07-27,1,ridge,151,-0.0009398496932426781,-0.000772647644617772
2022-07-28,1,ridge,151,-0.004240289038885514,0.0001312362747216622
2022-07-29,1,ridge,151,-0.004258345682576881,-5.9929932455409925e-05
2022-08-01,1,ridge,151,0.007463778803339594,0.0006608723179913572
2022-08-02,1,ridge,151,0.002538191726951133,0.0008625880382787599
2022-08-03,1,ridge,151,-0.007728596433818957,-6.742634887678493e-05
2022-08-04,1,ridge,151,0.008760830373359063,0.00018954188168124293
2022-08-05,1,ridge,151,-0.001783619341661158,0.00031436625597029336
2022-08-08,1,ridge,151,-0.0005639097893794798,-0.0001081448086746192
2022-08-09,1,ridge,151,-0.01106028195996434,0.0005399237802392129
2022-08-10,1,ridge,151,-0.001046174426104329,-7.197885680059504e-05
2022-08-11,1,ridge,151,0.005125295957565612,0.00013985343478043567
2022-08-12,1,ridge,151,0.008671936709554906,6.559832730783351e-05
2022-08-15,1,ridge,151,-0.0004693733951457446,0.00033864905347963603
2022-08-16,1,ridge,151,0.0006570610833849244,0.0004527032926819348
2022-08-17,1,ridge,151,0.00850273751442554,0.0005769816367158809
2022-08-18,1,ridge,151,0.006399279894907295,0.00022652207428516406
2022-08-19,1,ridge,151,0.008102429005440115,0.0007349991304985637
2022-08-22,1,ridge,151,-0.003950940040938988,0.0011118906572625913
2022-08-23,1,ridge,151,0.0005522319514481566,0.0004525435897707652
2022-08-24,1,ridge,151,-0.001934147506021056,0.00028089604346982674
2022-08-25,1,ridge,151,0.003037697369716597,-0.0002194659054515338
2022-08-26,1,ridge,151,0.0002756972861277518,0.001104711086242745
2022-08-29,1,ridge,151,-0.0005514706022111682,0.00042241477511852007
2022-08-30,1,ridge,151,-0.0006437669785954725,0.0009110569745559523
2022-08-31,1,ridge,151,0.009066411296078769,0.0006672893026543457
2022-09-01,1,ridge,151,-0.001459721087587518,0.001139915018910669
2022-09-02,1,ridge,151,0.002735231464599863,0.0002265015379343257
2022-09-05,1,ridge,151,0.003453920903195851,0.0003303917028970369
2022-09-06,1,ridge,151,-0.003362875243735353,0.0005657707016207843
2022-09-07,1,ridge,151,-0.001184240630315969,0.00017389725774144148
2022-09-08,1,ridge,151,-0.006492638600255951,0.0001253479807073704
2022-09-09,1,ridge,151,-0.006165758271666988,-0.0008129898438304441
2022-09-12,1,ridge,151,0.01366053789324972,-0.0005464399385925323
2022-09-13,1,ridge,151,-0.001457991874823428,0.002002705080508702
2022-09-14,1,ridge,151,0.000729261654926816,0.0006943977686837379
2022-09-15,1,ridge,151,0.0001822323467459697,0.0008961923989137807
2022-09-16,1,ridge,151,-0.0001822323467459697,0.0008081651573868398
2022-07-25,1,ridge,152,0.006645786616571669,0.00021400124810920252
2022-07-26,1,ridge,152,-0.006927569363939234,0.0007430806672963836
2022-07-27,1,ridge,152,-0.0009398496932426781,-0.0007333724258970732
2022-07-28,1,ridge,152,-0.004240289038885514,0.00018254479851304435
2022-07-29,1,ridge,152,-0.004258345682576881,-1.4514021147662875e-05
2022-08-01,1,ridge,152,0.007463778803339594,0.0007156771642817747
2022-08-02,1,ridge,152,0.002538191726951133,0.0009202436128276667
2022-08-03,1,ridge,152,-0.007728596433818957,-1.6524944986920766e-05
2022-08-04,1,ridge,152,0.008760830373359063,0.00024972041578760854
2022-08-05,1,ridge,152,-0.001783619341661158,0.00038204236295470245
2022-08-08,1,ridge,152,-0.0005639097893794798,-5.858177710115761e-05
2022-08-09,1,ridge,152,-0.01106028195996434,0.0006024342180097357
2022-08-10,1,ridge,152,-0.001046174426104329,-1.9992115562805616e-05
2022-08-11,1,ridge,152,0.005125295957565612,0.00021304905539671698
2022-08-12,1,ridge,152,0.008671936709554906,0.00013391342477132216
2022-08-15,1,ridge,152,-0.0004693733951457446,0.00038654636752462405
2022-08-16,1,ridge,152,0.0006570610833849244,0.0005120785709630626
2022-08-17,1,ridge,152,0.00850273751442554,0.0006561557681431947
2022-08-18,1,ridge,152,0.006399279894907295,0.0002869162130936913
2022-08-19,1,ridge,152,0.008102429005440115,0.0008016777473040717
2022-08-22,1,ridge,152,-0.003950940040938988,0.001175914704726481
2022-08-23,1,ridge,152,0.0005522319514481566,0.000520388117562912
2022-08-24,1,ridge,152,-0.001934147506021056,0.00033577834785802793
2022-08-25,1,ridge,152,0.003037697369716597,-0.0001518474841961571
2022-08-26,1,ridge,152,0.0002756972861277518,0.0011722235994042335
2022-08-29,1,ridge,152,-0.0005514706022111682,0.0004912934894066858
2022-08-30,1,ridge,152,-0.0006437669785954725,0.0009710427445127673
2022-08-31,1,ridge,152,0.009066411296078769,0.0007269020070787306
2022-09-01,1,ridge,152,-0.001459721087587518,0.0012049352333053688
2022-09-02,1,ridge,152,0.002735231464599863,0.0002851898735291054
2022-09-05,1,ridge,152,0.003453920903195851,0.00039256279353467433
2022-09-06,1,ridge,152,-0.003362875243735353,0.0006308481517069428
2022-09-07,1,ridge,152,-0.001184240630315969,0.0002259069633571769
2022-09-08,1,ridge,152,-0.006492638600255951,0.00019416403200561662
2022-09-09,1,ridge,152,-0.006165758271666988,-0.0007454824366755193
2022-09-12,1,ridge,152,0.01366053789324972,-0.0004924445274674413
2022-09-13,1,ridge,152,-0.001457991874823428,0.002087260484149524
2022-09-14,1,ridge,152,0.000729261654926816,0.0007527611660588919
2022-09-15,1,ridge,152,0.0001822323467459697,0.0009663829431366734
2022-09-16,1,ridge,152,-0.0001822323467459697,0.0008761874610732495
2022-09-19,1,ridge,152,0.004273705072621148,0.00023479554631140312
2022-09-20,1,ridge,152,0.003894050653052261,0.0007417065712646853
2022-09-21,1,ridge,152,0.006396706346873948,0.0012052407962232143
2022-09-22,1,ridge,152,0.01638942894095141,0.0008665371692638825
2022-09-23,1,ridge,152,0.008007434223701537,0.0020670954213972753
2022-09-26,1,ridge,152,8.763857855864643e-05,0.0012603698579470063
2022-09-27,1,ridge,152,-0.01332117974099845,0.0003045534603792339
2022-09-28,1,ridge,152,-0.003113189083226331,-0.0002300866556097401
2022-09-29,1,ridge,152,-0.001158800325776532,0.0010766490257447824
2022-09-30,1,ridge,152,-0.003305492802908816,0.0008070137807257931
2022-10-03,1,ridge,152,-0.01514770645837782,-0.0006747441252611599
2022-10-04,1,ridge,152,0.00904410614372786,-0.0012958149996529064
2022-10-05,1,ridge,152,0.01065697633502527,0.0003376130664765947
2022-10-06,1,ridge,152,0.004710073137771609,0.0008521058344843542
2022-10-07,1,ridge,152,0.003098307263184275,0.001281749734274586
2022-10-10,1,ridge,152,0.0007068386935040749,0.0011163952168143708
2022-10-11,1,ridge,152,0.0008828463538019804,0.0012389913677885768
2022-10-12,1,ridge,152,-0.00850767272627273,0.0004976050607002334
2022-10-13,1,ridge,152,0.008419423156432515,-0.0006113375680083409
2022-10-14,1,ridge,152,-0.01127147500056758,0.0009233994699150664
2022-08-22,1,ridge,153,-0.003950940040938988,0.0013450796668092282
2022-08-23,1,ridge,153,0.0005522319514481566,0.0006902388800877938
2022-08-24,1,ridge,153,-0.001934147506021056,0.0004899271682284757
2022-08-25,1,ridge,153,0.003037697369716597,1.499806637970602e-05
2022-08-26,1,ridge,153,0.0002756972861277518,0.0013371878104659926
2022-08-29,1,ridge,153,-0.0005514706022111682,0.0006435787502413078
2022-08-30,1,ridge,153,-0.0006437669785954725,0.001127953138926076
2022-08-31,1,ridge,153,0.009066411296078769,0.0008772089265559942
2022-09-01,1,ridge,153,-0.001459721087587518,0.001373858658946155
2022-09-02,1,ridge,153,0.002735231464599863,0.000447718675050105
2022-09-05,1,ridge,153,0.003453920903195851,0.0005524283301953881
2022-09-06,1,ridge,153,-0.003362875243735353,0.0008109779678396743
2022-09-07,1,ridge,153,-0.001184240630315969,0.0003857419534380821
2022-09-08,1,ridge,153,-0.006492638600255951,0.00037253909381176653
2022-09-09,1,ridge,153,-0.006165758271666988,-0.0005810205470767548
2022-09-12,1,ridge,153,0.01366053789324972,-0.00033148087192445846
2022-09-13,1,ridge,153,-0.001457991874823428,0.0022910054637158266
2022-09-14,1,ridge,153,0.000729261654926816,0.0009170248540536798
2022-09-15,1,ridge,153,0.0001822323467459697,0.0011450630353925374
2022-09-16,1,ridge,153,-0.0001822323467459697,0.0010472597091836537
2022-09-19,1,ridge,153,0.004273705072621148,0.0004085786545432047
2022-09-20,1,ridge,153,0.003894050653052261,0.000918280528603204
2022-09-21,1,ridge,153,0.006396706346873948,0.0013795624002951494
2022-09-22,1,ridge,153,0.01638942894095141,0.001037813012822218
2022-09-23,1,ridge,153,0.008007434223701537,0.002276336254851387
2022-09-26,1,ridge,153,8.763857855864643e-05,0.0014687223573134891
2022-09-27,1,ridge,153,-0.01332117974099845,0.0005043935064030175
2022-09-28,1,ridge,153,-0.003113189083226331,-5.8417394653277255e-05
2022-09-29,1,ridge,153,-0.001158800325776532,0.0012727506907629564
2022-09-30,1,ridge,153,-0.003305492802908816,0.000981137555236735
2022-10-03,1,ridge,153,-0.01514770645837782,-0.0004772127137770591
2022-10-04,1,ridge,153,0.00904410614372786,-0.0011055275786416312
2022-10-05,1,ridge,153,0.01065697633502527,0.0005598305515071633
2022-10-06,1,ridge,153,0.004710073137771609,0.0010639243313169276
2022-10-07,1,ridge,153,0.003098307263184275,0.0014985719019084056
2022-10-10,1,ridge,153,0.0007068386935040749,0.0013174713620410108
2022-10-11,1,ridge,153,0.0008828463538019804,0.0014433888813759836
2022-10-12,1,ridge,153,-0.00850767272627273,0.0006956169463517154
2022-10-13,1,ridge,153,0.008419423156432515,-0.0004304938599809292
2022-10-14,1,ridge,153,-0.01127147500056758,0.0011394600622876472
2022-10-17,1,ridge,153,0.0008029620808818194,-0.0004408723217201555
2022-10-18,1,ridge,153,0.007551899424326436,0.00020120810921139142
2022-10-19,1,ridge,153,-0.0008855043525572981,0.0007783589635237362
2022-10-20,1,ridge,153,-0.007737154520910394,0.0006106862526288642
2022-10-21,1,ridge,153,-0.0001785714290463147,-0.00011629729437772073
2022-10-24,1,ridge,153,-0.00932993221599876,0.0004494988269056767
2022-10-25,1,ridge,153,-0.01133028209741838,-0.00011779207953556875
2022-10-26,1,ridge,153,0.008080301806083767,0.00037694501984498265
2022-10-27,1,ridge,153,0.001445739837976134,0.000747259640618919
2022-10-28,1,ridge,153,0.007018204081200352,0.00045950693640140313
2022-10-31,1,ridge,153,-0.0004484103926980509,0.0010114537014539874
2022-11-01,1,ridge,153,-0.001166808910370243,-0.000119551579573183
2022-11-02,1,ridge,153,0.01408976403220219,0.0010781475584800116
2022-11-03,1,ridge,153,-0.01831962229398609,0.0013268863488079714
2022-11-04,1,ridge,153,-0.006877855167186198,-0.0011973748174285582
2022-11-07,1,ridge,153,-0.004368408839821925,3.4476152570225395e-05
2022-11-08,1,ridge,153,0.008265635868870191,0.0007935733958832756
2022-11-09,1,ridge,153,-0.02139412371989824,0.001687199161884138
2022-11-10,1,ridge,153,-0.01790257603806644,-0.0010112189864088194
2022-11-11,1,ridge,153,0.003474997626965681,-0.00030374169349176917
2022-09-19,1,ridge,154,0.004273705072621148,0.0002734003432354637
2022-09-20,1,ridge,154,0.003894050653052261,0.0007908374983629365
2022-09-21,1,ridge,154,0.006396706346873948,0.001238679532897187
2022-09-22,1,ridge,154,0.01638942894095141,0.0009128954599459019
2022-09-23,1,ridge,154,0.008007434223701537,0.002085791392614402
2022-09-26,1,ridge,154,8.763857855864643e-05,0.0012788662835767895
2022-09-27,1,ridge,154,-0.01332117974099845,0.0003616616706194916
2022-09-28,1,ridge,154,-0.003113189083226331,-0.00018928153243018348
2022-09-29,1,ridge,154,-0.001158800325776532,0.001123265640752759
2022-09-30,1,ridge,154,-0.003305492802908816,0.0008686469581512521
2022-10-03,1,ridge,154,-0.01514770645837782,-0.0006151799202369299
2022-10-04,1,ridge,154,0.00904410614372786,-0.0011999520912737468
2022-10-05,1,ridge,154,0.01065697633502527,0.00040778431385596884
2022-10-06,1,ridge,154,0.004710073137771609,0.0009028592046237306
2022-10-07,1,ridge,154,0.003098307263184275,0.0013247252017483566
2022-10-10,1,ridge,154,0.0007068386935040749,0.0011493208670808714
2022-10-11,1,ridge,154,0.0008828463538019804,0.0012750996124982386
2022-10-12,1,ridge,154,-0.00850767272627273,0.0005433221247708246
2022-10-13,1,ridge,154,0.008419423156432515,-0.0005581512977846855
2022-10-14,1,ridge,154,-0.01127147500056758,0.0009775567651169564
2022-10-17,1,ridge,154,0.0008029620808818194,-0.0005660735342318597
2022-10-18,1,ridge,154,0.007551899424326436,5.380138617550571e-05
2022-10-19,1,ridge,154,-0.0008855043525572981,0.0006239499376645999
2022-10-20,1,ridge,154,-0.007737154520910394,0.00047468280468265886
2022-10-21,1,ridge,154,-0.0001785714290463147,-0.00022739039286967766
2022-10-24,1,ridge,154,-0.00932993221599876,0.0003431257815443032
2022-10-25,1,ridge,154,-0.01133028209741838,-0.00022771194026998136
2022-10-26,1,ridge,154,0.008080301806083767,0.00027775215415211596
2022-10-27,1,ridge,154,0.001445739837976134,0.000635875098800253
2022-10-28,1,ridge,154,0.007018204081200352,0.0003440777090827298
2022-10-31,1,ridge,154,-0.0004484103926980509,0.0008687328792566096
2022-11-01,1,ridge,154,-0.001166808910370243,-0.0002597198510897275
2022-11-02,1,ridge,154,0.01408976403220219,0.0009273172030129268
2022-11-03,1,ridge,154,-0.01831962229398609,0.0011752007203989898
2022-11-04,1,ridge,154,-0.006877855167186198,-0.0012885059914162593
2022-11-07,1,ridge,154,-0.004368408839821925,-5.3781969859321826e-05
2022-11-08,1,ridge,154,0.008265635868870191,0.0006625406716293814
2022-11-09,1,ridge,154,-0.02139412371989824,0.0015571338949793797
2022-11-10,1,ridge,154,-0.01790257603806644,-0.0010880074052416345
2022-11-11,1,ridge,154,0.003474997626965681,-0.0003626458494126618
2022-11-14,1,ridge,154,-0.002440628264912093,0.0012746395999510736
2022-11-15,1,ridge,154,-0.001128456015931256,0.00044468584556498956
2022-11-16,1,ridge,154,0.003850312311756809,0.001119831234506233
2022-11-17,1,ridge,154,0.00224698156519576,0.0013332441000921023
2022-11-18,1,ridge,154,0.008381498125415554,0.0005469136195677815
2022-11-21,1,ridge,154,-0.005673114494589626,0.0010719967042761196
2022-11-22,1,ridge,154,-0.010689271961839,0.00012756960898916057
2022-11-23,1,ridge,154,-0.0024539889615669,0.0006076653365045438
2022-11-24,1,ridge,154,0.00132212692788336,0.0006684085156727387
2022-11-25,1,ridge,154,0.006772034909944935,0.0009921061212257434
2022-11-28,1,ridge,154,0.001311475597810308,0.0014415262712939242
2022-11-29,1,ridge,154,-0.00817789019731574,0.0001687093797249342
2022-11-30,1,ridge,154,-0.01158167492925344,-0.0007109882347650024
2022-12-01,1,ridge,154,-0.0018158365002785,0.00019782473173474862
2022-12-02,1,ridge,154,0.00714867458389179,0.0011445570828167268
2022-12-05,1,ridge,154,0.002750511526802057,0.0007729836996214259
2022-12-06,1,ridge,154,-0.004556681512564609,0.0013097475207284337
2022-12-07,1,ridge,154,-0.003144806518031729,0.0009081185299834709
2022-12-08,1,ridge,154,0.0003817158172125801,0.00013550680742172394
2022-12-09,1,ridge,154,0.003048492405652858,0.0002446488481144932
2022-10-17,1,ridge,155,0.0008029620808818194,-0.000527169422727491
2022-10-18,1,ridge,155,0.007551899424326436,0.0001286828079689136
2022-10-19,1,ridge,155,-0.0008855043525572981,0.0007344685097353302
2022-10-20,1,ridge,155,-0.007737154520910394,0.0005513714217991592
2022-10-21,1,ridge,155,-0.0001785714290463147,-0.00014322448539099184
2022-10-24,1,ridge,155,-0.00932993221599876,0.0004460908513822191
2022-10-25,1,ridge,155,-0.01133028209741838,-0.00015725644234518466
2022-10-26,1,ridge,155,0.008080301806083767,0.00034165728608056433
2022-10-27,1,ridge,155,0.001445739837976134,0.0007638136218347826
2022-10-28,1,ridge,155,0.007018204081200352,0.0004594851544329435
2022-10-31,1,ridge,155,-0.0004484103926980509,0.0010088518823534046
2022-11-01,1,ridge,155,-0.001166808910370243,-0.00014546917412362048
2022-11-02,1,ridge,155,0.01408976403220219,0.0010599691481652273
2022-11-03,1,ridge,155,-0.01831962229398609,0.0013342020370074815
2022-11-04,1,ridge,155,-0.006877855167186198,-0.0012207054106828177
2022-11-07,1,ridge,155,-0.004368408839821925,4.469631724952217e-05
2022-11-08,1,ridge,155,0.008265635868870191,0.0007910893020717264
2022-11-09,1,ridge,155,-0.02139412371989824,0.0017155918917390056
2022-11-10,1,ridge,155,-0.01790257603806644,-0.000983434824364654
2022-11-11,1,ridge,155,0.003474997626965681,-0.00027713188235215495
2022-11-14,1,ridge,155,-0.002440628264912093,0.0014065117766805994
2022-11-15,1,ridge,155,-0.001128456015931256,0.0005390857222889925
2022-11-16,1,ridge,155,0.003850312311756809,0.0012698426898469426
2022-11-17,1,ridge,155,0.00224698156519576,0.001501396466280853
2022-11-18,1,ridge,155,0.008381498125415554,0.0006801139714227619
2022-11-21,1,ridge,155,-0.005673114494589626,0.0012214850332948432
2022-11-22,1,ridge,155,-0.010689271961839,0.00024775531878418205
2022-11-23,1,ridge,155,-0.0024539889615669,0.0007145979955691893
2022-11-24,1,ridge,155,0.00132212692788336,0.0007836299315278942
2022-11-25,1,ridge,155,0.006772034909944935,0.001106673801216503
2022-11-28,1,ridge,155,0.001311475597810308,0.001592369078946839
2022-11-29,1,ridge,155,-0.00817789019731574,0.00029932385193625727
2022-11-30,1,ridge,155,-0.01158167492925344,-0.0006099693905703926
2022-12-01,1,ridge,155,-0.0018158365002785,0.0002880396983678009
2022-12-02,1,ridge,155,0.00714867458389179,0.0012697881884801841
2022-12-05,1,ridge,155,0.002750511526802057,0.0008959356094513786
2022-12-06,1,ridge,155,-0.004556681512564609,0.001452483778762964
2022-12-07,1,ridge,155,-0.003144806518031729,0.0010531818801652413
2022-12-08,1,ridge,155,0.0003817158172125801,0.00028064139751681285
2022-12-09,1,ridge,155,0.003048492405652858,0.00036689422707487094
2022-12-12,1,ridge,155,-0.01099910663216974,0.00022288734083297324
2022-12-13,1,ridge,155,-0.00202166133838233,4.3207597370209995e-05
2022-12-14,1,ridge,155,0.007584157698778959,0.0006669899513980669
2022-12-15,1,ridge,155,0.001338048560524996,0.0020277710642126125
2022-12-16,1,ridge,155,0.0001910037251535712,0.001269033096756256
2022-12-19,1,ridge,155,-0.007283911828355194,0.0007726785982295194
2022-12-20,1,ridge,155,0.001921968686970033,0.0010164844844580702
2022-12-21,1,ridge,155,0.002588812031198096,-0.00018856389847166414
2022-12-22,1,ridge,155,-0.00114975580357779,0.000994871934642695
2022-12-23,1,ridge,155,-0.001247062370834051,0.0002396250691974115
2022-12-27,1,ridge,155,0.002684050691106776,0.0005015852666307119
2022-12-28,1,ridge,155,-0.005952970052372386,0.0006615486531841485
2022-12-29,1,ridge,155,-0.003086422203189443,1.631227747521118e-05
2022-12-30,1,ridge,155,0.009613609899821185,0.0004763357247574211
2023-01-03,1,ridge,155,-0.002586579973501202,0.000762815430398355
2023-01-04,1,ridge,155,0.007549369315629662,-1.8152487806743328e-05
2023-01-05,1,ridge,155,-0.01110484319999294,0.0005728690698039617
2023-01-06,1,ridge,155,-0.008507398564911561,-0.0005536412306396419
2023-01-09,1,ridge,155,0.002327386620777361,7.301749318776019e-05
2023-01-10,1,ridge,155,-0.0004844257227905047,0.00023770186095257789
2022-11-14,1,ridge,156,-0.002440628264912093,0.0008748546562372816
2022-11-15,1,ridge,156,-0.001128456015931256,5.265950793997875e-05
2022-11-16,1,ridge,156,0.003850312311756809,0.0007388647103594093
2022-11-17,1,ridge,156,0.00224698156519576,0.000997610617500153
2022-11-18,1,ridge,156,0.008381498125415554,0.00012357014684833887
2022-11-21,1,ridge,156,-0.005673114494589626,0.0007130993422367475
2022-11-22,1,ridge,156,-0.010689271961839,-0.0003108744784523383
2022-11-23,1,ridge,156,-0.0024539889615669,0.00018003997040378185
2022-11-24,1,ridge,156,0.00132212692788336,0.0002614729738869226
2022-11-25,1,ridge,156,0.006772034909944935,0.0005935591754517615
2022-11-28,1,ridge,156,0.001311475597810308,0.0011176481285555728
2022-11-29,1,ridge,156,-0.00817789019731574,-0.00012916249384011186
2022-11-30,1,ridge,156,-0.01158167492925344,-0.0011298063182151091
2022-12-01,1,ridge,156,-0.0018158365002785,-0.00027467791794809284
2022-12-02,1,ridge,156,0.00714867458389179,0.0007583625873585666
2022-12-05,1,ridge,156,0.002750511526802057,0.00044261258716961566
2022-12-06,1,ridge,156,-0.004556681512564609,0.0009687223232334816
2022-12-07,1,ridge,156,-0.003144806518031729,0.0004703245094238701
2022-12-08,1,ridge,156,0.0003817158172125801,-0.00019343377333139785
2022-12-09,1,ridge,156,0.003048492405652858,-0.00013484450473175928
2022-12-12,1,ridge,156,-0.01099910663216974,-0.0003285463468574854
2022-12-13,1,ridge,156,-0.00202166133838233,-0.0004962387491869939
2022-12-14,1,ridge,156,0.007584157698778959,0.00016890815045339882
2022-12-15,1,ridge,156,0.001338048560524996,0.001576339071183245
2022-12-16,1,ridge,156,0.0001910037251535712,0.0007812600236035572
2022-12-19,1,ridge,156,-0.007283911828355194,0.0002670127408053991
2022-12-20,1,ridge,156,0.001921968686970033,0.00047732478650880155
2022-12-21,1,ridge,156,0.002588812031198096,-0.0006741500984381951
2022-12-22,1,ridge,156,-0.00114975580357779,0.0006043274854304254
2022-12-23,1,ridge,156,-0.001247062370834051,-0.0002461231489022689
2022-12-27,1,ridge,156,0.002684050691106776,7.744162477555111e-05
2022-12-28,1,ridge,156,-0.005952970052372386,0.0002639745329713136
2022-12-29,1,ridge,156,-0.003086422203189443,-0.000496181514339228
2022-12-30,1,ridge,156,0.009613609899821185,-7.738033294780628e-06
2023-01-03,1,ridge,156,-0.002586579973501202,0.00031817794036502565
2023-01-04,1,ridge,156,0.007549369315629662,-0.000495266703286764
2023-01-05,1,ridge,156,-0.01110484319999294,0.00011840170206296261
2023-01-06,1,ridge,156,-0.008507398564911561,-0.0010825905481110095
2023-01-09,1,ridge,156,0.002327386620777361,-0.0004045126667739495
2023-01-10,1,ridge,156,-0.0004844257227905047,-0.0002431849780946861
2023-01-11,1,ridge,156,-0.009151154204711354,-0.000654056587143861
2023-01-12,1,ridge,156,-0.0004891171533074612,-0.00010960650743811065
2023-01-13,1,ridge,156,0.0006846970483174175,-8.593338274232322e-05
2023-01-16,1,ridge,156,0.00117267676880406,0.0001486140450908835
2023-01-17,1,ridge,156,-0.0002930402951371036,0.00015135950135923275
2023-01-18,1,ridge,156,-0.002935135655762977,-0.0001182227320258799
2023-01-19,1,ridge,156,-0.0004900279413977415,0.0006423664402883558
2023-01-20,1,ridge,156,0.001273573525070404,-0.0008347828507611454
2023-01-23,1,ridge,156,-0.002156229395644971,-0.0006999004769238874
2023-01-24,1,ridge,156,-0.002751033371890088,0.00027804927214900997
2023-01-25,1,ridge,156,0.001965795797188363,-1.8968724016764496e-05
2023-01-26,1,ridge,156,0.000883348931170147,-0.0004181259498623935
2023-01-27,1,ridge,156,0.003427847242664761,-0.00010557471132955268
2023-01-30,1,ridge,156,-0.001761425252366777,0.0004699041347465328
2023-01-31,1,ridge,156,-0.008656359384687562,-0.0003112777440326077
2023-02-01,1,ridge,156,0.005222458536772834,-0.00011277617999465813
2023-02-02,1,ridge,156,0.01143316309083886,-0.00018395789168914158
2023-02-03,1,ridge,156,0.006778373973098439,0.0006993548385322763
2023-02-06,1,ridge,156,-0.001835305996929826,0.00020776715316284903
2023-02-07,1,ridge,156,-0.000193386192828271,-0.0005530527249903637
2022-12-12,1,ridge,157,-0.01099910663216974,-0.0002936783635561067
2022-12-13,1,ridge,157,-0.00202166133838233,-0.0004987786137553629
2022-12-14,1,ridge,157,0.007584157698778959,0.00020239493877315058
2022-12-15,1,ridge,157,0.001338048560524996,0.0016499870146360108
2022-12-16,1,ridge,157,0.0001910037251535712,0.0008259608252221466
2022-12-19,1,ridge,157,-0.007283911828355194,0.0002997883883145276
2022-12-20,1,ridge,157,0.001921968686970033,0.0004959497020162472
2022-12-21,1,ridge,157,0.002588812031198096,-0.0006333937390700876
2022-12-22,1,ridge,157,-0.00114975580357779,0.0006486998940463376
2022-12-23,1,ridge,157,-0.001247062370834051,-0.0002226805188004086
2022-12-27,1,ridge,157,0.002684050691106776,0.00010547504640791775
2022-12-28,1,ridge,157,-0.005952970052372386,0.00031686699211012654
2022-12-29,1,ridge,157,-0.003086422203189443,-0.0004660107725826721
2022-12-30,1,ridge,157,0.009613609899821185,1.8769121731414238e-05
2023-01-03,1,ridge,157,-0.002586579973501202,0.00036978285734507637
2023-01-04,1,ridge,157,0.007549369315629662,-0.00046372074941738637
2023-01-05,1,ridge,157,-0.01110484319999294,0.00015646101410782512
2023-01-06,1,ridge,157,-0.008507398564911561,-0.001088096093810019
2023-01-09,1,ridge,157,0.002327386620777361,-0.0003796151094454112
2023-01-10,1,ridge,157,-0.0004844257227905047,-0.00019809061139620734
2023-01-11,1,ridge,157,-0.009151154204711354,-0.0006330562531985123
2023-01-12,1,ridge,157,-0.0004891171533074612,-0.00010898776774765227
2023-01-13,1,ridge,157,0.0006846970483174175,-7.050864715137591e-05
2023-01-16,1,ridge,157,0.00117267676880406,0.00019340948617297985
2023-01-17,1,ridge,157,-0.0002930402951371036,0.0001765708677367414
2023-01-18,1,ridge,157,-0.002935135655762977,-7.859204092670064e-05
2023-01-19,1,ridge,157,-0.0004900279413977415,0.0006639378903767787
2023-01-20,1,ridge,157,0.001273573525070404,-0.0008157883175524846
2023-01-23,1,ridge,157,-0.002156229395644971,-0.0006669406220516096
2023-01-24,1,ridge,157,-0.002751033371890088,0.00030460768559695955
2023-01-25,1,ridge,157,0.001965795797188363,5.775912058071149e-06
2023-01-26,1,ridge,157,0.000883348931170147,-0.00039599016327056355
2023-01-27,1,ridge,157,0.003427847242664761,-6.994073788344296e-05
2023-01-30,1,ridge,157,-0.001761425252366777,0.0005174416410261952
2023-01-31,1,ridge,157,-0.008656359384687562,-0.0002936706936366763
2023-02-01,1,ridge,157,0.005222458536772834,-9.132887371286026e-05
2023-02-02,1,ridge,157,0.01143316309083886,-0.00014684781555588205
2023-02-03,1,ridge,157,0.006778373973098439,0.0007651407706637691
2023-02-06,1,ridge,157,-0.001835305996929826,0.00024191039219026493
2023-02-07,1,ridge,157,-0.000193386192828271,-0.0005634525356815793
2023-02-08,1,ridge,157,-0.001839036476302347,9.192197122104062e-05
2023-02-09,1,ridge,157,0.003964230475544284,-0.0001506964658745806
2023-02-10,1,ridge,157,-0.002705577068348397,0.00012391754185568752
2023-02-13,1,ridge,157,-0.001161777650279028,-0.0005921104701664625
2023-02-14,1,ridge,157,0.006661863884845687,-0.00014008334639253504
2023-02-15,1,ridge,157,-0.000577533946171549,-0.00012944216119384816
2023-02-16,1,ridge,157,0.0,3.176820750352494e-05
2023-02-17,1,ridge,157,0.0,0.0003195207854902491
2023-02-20,1,ridge,157,0.003076333900873252,-0.0003038983107658866
2023-02-21,1,ridge,157,0.003832156442938661,0.0006159645432479135
2023-02-22,1,ridge,157,0.0001912228708382813,0.00016050944378489168
2023-02-23,1,ridge,157,0.005814801189373497,-0.00044132236859075434
2023-02-24,1,ridge,157,-0.005145808953403552,0.00048358700376273606
2023-02-27,1,ridge,157,0.00190894397952146,-0.0005959849654333238
2023-02-28,1,ridge,157,-0.003725822318193295,2.090627018484282e-06
2023-03-01,1,ridge,157,0.005250358106563269,-0.000775595159745311
2023-03-02,1,ridge,157,-0.004867582982272189,-0.0005784195727331744
2023-03-03,1,ridge,157,-0.00162780712920263,-0.0012071954098487085
2023-03-06,1,ridge,157,0.01200243023517356,-0.0005279297613312567
2023-03-07,1,ridge,157,0.0004733279777866528,0.0005307486403043855
2023-01-11,1,ridge,158,-0.009151154204711354,-0.0006400828033836979
2023-01-12,1,ridge,158,-0.0004891171533074612,-8.660285978292996e-05
2023-01-13,1,ridge,158,0.0006846970483174175,-5.036639493099878e-05
2023-01-16,1,ridge,158,0.00117267676880406,0.00019099922769745894
2023-01-17,1,ridge,158,-0.0002930402951371036,0.00017304851981309185
2023-01-18,1,ridge,158,-0.002935135655762977,-8.910568758275613e-05
2023-01-19,1,ridge,158,-0.0004900279413977415,0.0006793471119300897
2023-01-20,1,ridge,158,0.001273573525070404,-0.0008102506030827439
2023-01-23,1,ridge,158,-0.002156229395644971,-0.0006767462890932189
2023-01-24,1,ridge,158,-0.002751033371890088,0.0003110479625363715
2023-01-25,1,ridge,158,0.001965795797188363,1.965653169882374e-05
2023-01-26,1,ridge,158,0.000883348931170147,-0.00039572032184447686
2023-01-27,1,ridge,158,0.003427847242664761,-6.992364694859146e-05
2023-01-30,1,ridge,158,-0.001761425252366777,0.000516559582461723
2023-01-31,1,ridge,158,-0.008656359384687562,-0.0003002595591833228
2023-02-01,1,ridge,158,0.005222458536772834,-6.410235836861274e-05
2023-02-02,1,ridge,158,0.01143316309083886,-0.00015998029503215194
2023-02-03,1,ridge,158,0.006778373973098439,0.0007284409390932001
2023-02-06,1,ridge,158,-0.001835305996929826,0.00021324334467702364
2023-02-07,1,ridge,158,-0.000193386192828271,-0.0005776271962826342
2023-02-08,1,ridge,158,-0.001839036476302347,8.039677986884875e-05
2023-02-09,1,ridge,158,0.003964230475544284,-0.00014890571864312015
2023-02-10,1,ridge,158,-0.002705577068348397,9.984629160010404e-05
2023-02-13,1,ridge,158,-0.001161777650279028,-0.0006041150156459661
2023-02-14,1,ridge,158,0.006661863884845687,-0.00014318738281371958
2023-02-15,1,ridge,158,-0.000577533946171549,-0.00016273743082558632
2023-02-16,1,ridge,158,0.0,1.5190472508072215e-05
2023-02-17,1,ridge,158,0.0,0.0003080080043072055
2023-02-20,1,ridge,158,0.003076333900873252,-0.0003103129272806856
2023-02-21,1,ridge,158,0.003832156442938661,0.0006031480646945734
2023-02-22,1,ridge,158,0.0001912228708382813,0.00014656365929964862
2023-02-23,1,ridge,158,0.005814801189373497,-0.00046226848745265295
2023-02-24,1,ridge,158,-0.005145808953403552,0.0004571400947858609
2023-02-27,1,ridge,158,0.00190894397952146,-0.000601355605593232
2023-02-28,1,ridge,158,-0.003725822318193295,-1.2088072262312938e-05
2023-03-01,1,ridge,158,0.005250358106563269,-0.0007557942524828448
2023-03-02,1,ridge,158,-0.004867582982272189,-0.0005949921515222419
2023-03-03,1,ridge,158,-0.00162780712920263,-0.0012070125353734035
2023-03-06,1,ridge,158,0.01200243023517356,-0.0005337281942602697
2023-03-07,1,ridge,158,0.0004733279777866528,0.0005014007303279976
2023-03-08,1,ridge,158,-0.003318010343663857,-0.0003837134990830063
2023-03-09,1,ridge,158,-0.006956052632521192,-5.00135507851725e-05
2023-03-10,1,ridge,158,-0.009414998934602181,0.00017479122826216564
2023-03-13,1,ridge,158,0.0,-1.2231053461351501e-05
2023-03-14,1,ridge,158,0.01008411906662676,-0.0002901180777260099
2023-03-15,1,ridge,158,-0.002200220909602812,0.000972016204650399
2023-03-16,1,ridge,158,-0.00682268538076336,-0.0010099812044450519
2023-03-17,1,ridge,158,-0.004154796063255972,-2.155644204728801e-05
2023-03-20,1,ridge,158,-0.0001936670868838419,-0.0005452602091071123
2023-03-21,1,ridge,158,-0.00885176734420412,-0.000951263806198019
2023-03-22,1,ridge,158,0.001757126574701395,-0.00025609292768302553
2023-03-23,1,ridge,158,0.005737919948932024,-0.00019259704475035045
2023-03-24,1,ridge,158,-0.002524518284162447,0.0002699465108351453
2023-03-27,1,ridge,158,-0.004189201898326722,-0.0006567640100136119
2023-03-28,1,ridge,158,0.002048081858937678,-0.0003774580411822001
2023-03-29,1,ridge,158,-0.004883299087882875,-0.0009516177408853491
2023-03-30,1,ridge,158,0.003615933575812136,-0.000606854003597832
2023-03-31,1,ridge,158,-0.00410557761438568,-0.0007518783332040483
2023-04-03,1,ridge,158,-0.004909672077470617,-0.0007544554682376923
2023-04-04,1,ridge,158,0.00255603756936118,1.4069314700330699e-05
2023-02-08,1,ridge,159,-0.001839036476302347,0.00023666235479204373
2023-02-09,1,ridge,159,0.003964230475544284,1.4262274808198787e-05
2023-02-10,1,ridge,159,-0.002705577068348397,0.00025785795118316035
2023-02-13,1,ridge,159,-0.001161777650279028,-0.00044463339156440075
2023-02-14,1,ridge,159,0.006661863884845687,1.6206534202493764e-05
2023-02-15,1,ridge,159,-0.000577533946171549,6.618150422730597e-06
2023-02-16,1,ridge,159,0.0,0.00016929892658754044
2023-02-17,1,ridge,159,0.0,0.00047672739576943093
2023-02-20,1,ridge,159,0.003076333900873252,-0.00015200118165744657
2023-02-21,1,ridge,159,0.003832156442938661,0.000767409718685982
2023-02-22,1,ridge,159,0.0001912228708382813,0.000311654451183439
2023-02-23,1,ridge,159,0.005814801189373497,-0.00031100056555205026
2023-02-24,1,ridge,159,-0.005145808953403552,0.0006192661189039355
2023-02-27,1,ridge,159,0.00190894397952146,-0.0004551208781381149
2023-02-28,1,ridge,159,-0.003725822318193295,0.00014109793190313503
2023-03-01,1,ridge,159,0.005250358106563269,-0.000613381532992596
2023-03-02,1,ridge,159,-0.004867582982272189,-0.0004408802922870425
2023-03-03,1,ridge,159,-0.00162780712920263,-0.0010681859472533725
2023-03-06,1,ridge,159,0.01200243023517356,-0.00038549885203892234
2023-03-07,1,ridge,159,0.0004733279777866528,0.0006822377505819503
2023-03-08,1,ridge,159,-0.003318010343663857,-0.0002295546440063829
2023-03-09,1,ridge,159,-0.006956052632521192,9.454757177835588e-05
2023-03-10,1,ridge,159,-0.009414998934602181,0.00030877143817846357
2023-03-13,1,ridge,159,0.0,0.00012778147241115223
2023-03-14,1,ridge,159,0.01008411906662676,-0.00011212435834890604
2023-03-15,1,ridge,159,-0.002200220909602812,0.0011424765673698877
2023-03-16,1,ridge,159,-0.00682268538076336,-0.0008602891388544982
2023-03-17,1,ridge,159,-0.004154796063255972,0.0001216868181825173
2023-03-20,1,ridge,159,-0.0001936670868838419,-0.00039547252483225633
2023-03-21,1,ridge,159,-0.00885176734420412,-0.0007878548149689316
2023-03-22,1,ridge,159,0.001757126574701395,-0.00012021384069489272
2023-03-23,1,ridge,159,0.005737919948932024,-3.728515892265308e-05
2023-03-24,1,ridge,159,-0.002524518284162447,0.00043581883038691497
2023-03-27,1,ridge,159,-0.004189201898326722,-0.0005115682302295383
2023-03-28,1,ridge,159,0.002048081858937678,-0.00023010820653979574
2023-03-29,1,ridge,159,-0.004883299087882875,-0.0007884959635988028
2023-03-30,1,ridge,159,0.003615933575812136,-0.0004572968010942486
2023-03-31,1,ridge,159,-0.00410557761438568,-0.0005950380473275285
2023-04-03,1,ridge,159,-0.004909672077470617,-0.0006326562490470011
2023-04-04,1,ridge,159,0.00255603756936118,0.00015152976991324158
2023-04-05,1,ridge,159,-0.0002945941986247647,0.0004216039584887841
2023-04-06,1,ridge,159,0.002648228706734201,-0.00011848704157840732
2023-04-07,1,ridge,159,0.004788204780197702,-0.00024431821293215356
2023-04-10,1,ridge,159,-0.003711304191518217,-0.0002319655848570581
2023-04-11,1,ridge,159,-0.006872879287762146,-0.0009061075914052325
2023-04-12,1,ridge,159,-0.004839276640749013,-5.496986349287934e-06
2023-04-13,1,ridge,159,0.005331766185300957,-0.00045078541902070473
2023-04-14,1,ridge,159,0.005401437144225696,0.0005153006813000084
2023-04-17,1,ridge,159,-0.003433900847914728,-3.265277866000034e-05
2023-04-18,1,ridge,159,0.002159828053430068,-0.00047407815524536155
2023-04-19,1,ridge,159,-0.001275698126983471,0.00034768989323414196
2023-04-20,1,ridge,159,-0.0001964057749610504,0.00030299884368222533
2023-04-21,1,ridge,159,-0.004626675576180794,-2.3236496975682875e-05
2023-04-24,1,ridge,159,0.005019448558448936,-0.00013476601813396617
2023-04-25,1,ridge,159,-0.003836133165466826,0.0009434947938438081
2023-04-26,1,ridge,159,0.0002956101908502262,0.0002642973850030251
2023-04-27,1,ridge,159,0.001575113536914863,-0.0006006256113499513
2023-04-28,1,ridge,159,0.004808409244874134,-0.0006607079281608048
2023-05-01,1,ridge,159,-0.001861741755716295,-0.00020295953616943207
2023-05-02,1,ridge,159,-0.006099379460151155,0.0007832903170137142
2023-03-08,1,ridge,160,-0.003318010343663857,2.0125931335856405e-05
2023-03-09,1,ridge,160,-0.006956052632521192,0.00035774215441166366
2023-03-10,1,ridge,160,-0.009414998934602181,0.000575069229335021
2023-03-13,1,ridge,160,0.0,0.00039912552497881363
2023-03-14,1,ridge,160,0.01008411906662676,0.00012754546499882727
2023-03-15,1,ridge,160,-0.002200220909602812,0.0013807812630008158
2023-03-16,1,ridge,160,-0.00682268538076336,-0.0006040040674398818
2023-03-17,1,ridge,160,-0.004154796063255972,0.0003863826901797505
2023-03-20,1,ridge,160,-0.0001936670868838419,-0.0001546020364989655
2023-03-21,1,ridge,160,-0.00885176734420412,-0.000546424403622818
2023-03-22,1,ridge,160,0.001757126574701395,0.00013398877746055961
2023-03-23,1,ridge,160,0.005737919948932024,0.0002057462600186828
2023-03-24,1,ridge,160,-0.002524518284162447,0.0006674659652449093
2023-03-27,1,ridge,160,-0.004189201898326722,-0.00026819270042295867
2023-03-28,1,ridge,160,0.002048081858937678,2.200293492710882e-05
2023-03-29,1,ridge,160,-0.004883299087882875,-0.0005340407615736512
2023-03-30,1,ridge,160,0.003615933575812136,-0.00020876149186638225
2023-03-31,1,ridge,160,-0.00410557761438568,-0.00033611875751462974
2023-04-03,1,ridge,160,-0.004909672077470617,-0.00039643393655184515
2023-04-04,1,ridge,160,0.00255603756936118,0.00038460085140115555
2023-04-05,1,ridge,160,-0.0002945941986247647,0.000645132171138676
2023-04-06,1,ridge,160,0.002648228706734201,0.00015291269734606973
2023-04-07,1,ridge,160,0.004788204780197702,4.76738072965168e-05
2023-04-10,1,ridge,160,-0.003711304191518217,6.0333308991528795e-05
2023-04-11,1,ridge,160,-0.006872879287762146,-0.0005484429358407279
2023-04-12,1,ridge,160,-0.004839276640749013,0.00021833464961863827
2023-04-13,1,ridge,160,0.005331766185300957,-0.0002150589753238977
2023-04-14,1,ridge,160,0.005401437144225696,0.000720209876106043
2023-04-17,1,ridge,160,-0.003433900847914728,0.0001998222154653006
2023-04-18,1,ridge,160,0.002159828053430068,-0.00023047066630637927
2023-04-19,1,ridge,160,-0.001275698126983471,0.0005635522090851294
2023-04-20,1,ridge,160,-0.0001964057749610504,0.0005339823500617675
2023-04-21,1,ridge,160,-0.004626675576180794,0.0002116985944924569
2023-04-24,1,ridge,160,0.005019448558448936,9.27699159267899e-05
2023-04-25,1,ridge,160,-0.003836133165466826,0.0011552809169650474
2023-04-26,1,ridge,160,0.0002956101908502262,0.0005008164199278187
2023-04-27,1,ridge,160,0.001575113536914863,-0.0003747136923763762
2023-04-28,1,ridge,160,0.004808409244874134,-0.0004376985155311138
2023-05-01,1,ridge,160,-0.001861741755716295,5.0828378910250935e-05
2023-05-02,1,ridge,160,-0.006099379460151155,0.0010264282109191147
2023-05-03,1,ridge,160,0.0005918911093196755,0.000704374409545181
2023-05-04,1,ridge,160,-0.001875524956273189,0.0005672278056738481
2023-05-05,1,ridge,160,0.001678266843393672,-0.0006350300347007303
2023-05-08,1,ridge,160,0.002266122453586483,-0.0002062413445747293
2023-05-09,1,ridge,160,-0.001280220766708418,0.0005229126319830118
2023-05-10,1,ridge,160,0.005699140904743771,0.00047198583058551466
2023-05-11,1,ridge,160,0.006056480367114148,0.000413567940644378
2023-05-12,1,ridge,160,-0.002437717554496288,0.00015462133155976965
2023-05-15,1,ridge,160,0.001268354723916509,-0.00022203453215013564
2023-05-16,1,ridge,160,0.003115267316949222,0.0005256014222036076
2023-05-17,1,ridge,160,0.006781000506436818,-0.0004111887755604038
2023-05-18,1,ridge,160,-0.003675407948283471,-0.00031982186400241906
2023-05-19,1,ridge,160,0.0,0.0001278464946654311
2023-05-22,1,ridge,160,0.002806136632619527,-0.00028693686457766793
2023-05-23,1,ridge,160,0.003857657402358328,0.0007379308635086008
2023-05-24,1,ridge,160,0.003459213596470612,0.0004853995514997769
2023-05-25,1,ridge,160,-0.000383766674574737,0.0003384918068085306
2023-05-26,1,ridge,160,0.0004796853356241471,-0.0005436458651108152
2023-05-29,1,ridge,160,-0.0008635993436030276,0.00029828981435151914
2023-05-30,1,ridge,160,0.001534772483521074,0.0002770154246964412
2023-04-05,1,ridge,161,-0.0002945941986247647,0.0005238569440191966
2023-04-06,1,ridge,161,0.002648228706734201,-2.1847633485699467e-05
2023-04-07,1,ridge,161,0.004788204780197702,-0.00014453663297682326
2023-04-10,1,ridge,161,-0.003711304191518217,-0.00013832795208395908
2023-04-11,1,ridge,161,-0.006872879287762146,-0.0008181098542398595
2023-04-12,1,ridge,161,-0.004839276640749013,9.648070672502137e-05
2023-04-13,1,ridge,161,0.005331766185300957,-0.00032609850154430493
2023-04-14,1,ridge,161,0.005401437144225696,0.0006088645828833618
2023-04-17,1,ridge,161,-0.003433900847914728,8.006794461805507e-05
2023-04-18,1,ridge,161,0.002159828053430068,-0.0003659316332965878
2023-04-19,1,ridge,161,-0.001275698126983471,0.00044808393855090014
2023-04-20,1,ridge,161,-0.0001964057749610504,0.0004168196846494289
2023-04-21,1,ridge,161,-0.004626675576180794,7.090580244053894e-05
2023-04-24,1,ridge,161,0.005019448558448936,-3.191896820767292e-05
2023-04-25,1,ridge,161,-0.003836133165466826,0.0010470909349566252
2023-04-26,1,ridge,161,0.0002956101908502262,0.000390806345979847
2023-04-27,1,ridge,161,0.001575113536914863,-0.000493165831413902
2023-04-28,1,ridge,161,0.004808409244874134,-0.0005672120226785132
2023-05-01,1,ridge,161,-0.001861741755716295,-9.008031288947006e-05
2023-05-02,1,ridge,161,-0.006099379460151155,0.0009061504052953431
2023-05-03,1,ridge,161,0.0005918911093196755,0.0005880688706388853
2023-05-04,1,ridge,161,-0.001875524956273189,0.00043577929408623905
2023-05-05,1,ridge,161,0.001678266843393672,-0.0007840774942174913
2023-05-08,1,ridge,161,0.002266122453586483,-0.00036164919829761056
2023-05-09,1,ridge,161,-0.001280220766708418,0.0003718181616040205
2023-05-10,1,ridge,161,0.005699140904743771,0.0003314664947118019
2023-05-11,1,ridge,161,0.006056480367114148,0.0002484813981681579
2023-05-12,1,ridge,161,-0.002437717554496288,-1.5020855175220895e-05
2023-05-15,1,ridge,161,0.001268354723916509,-0.00037515478287099746
2023-05-16,1,ridge,161,0.003115267316949222,0.0003730230818281356
2023-05-17,1,ridge,161,0.006781000506436818,-0.0005909262902903295
2023-05-18,1,ridge,161,-0.003675407948283471,-0.00048349190092001725
2023-05-19,1,ridge,161,0.0,-2.5547571090725333e-05
2023-05-22,1,ridge,161,0.002806136632619527,-0.0004534355265157589
2023-05-23,1,ridge,161,0.003857657402358328,0.0005791093191679953
2023-05-24,1,ridge,161,0.003459213596470612,0.00030066300224865477
2023-05-25,1,ridge,161,-0.000383766674574737,0.00017891055209658062
2023-05-26,1,ridge,161,0.0004796853356241471,-0.0007042734514019915
2023-05-29,1,ridge,161,-0.0008635993436030276,0.00013965879716349954
2023-05-30,1,ridge,161,0.001534772483521074,0.0001293798833950663
2023-05-31,1,ridge,161,-0.007407797596541421,0.0004044898790833988
2023-06-01,1,ridge,161,0.004335893481704822,-0.0006995716269986996
2023-06-02,1,ridge,161,-9.614922366907308e-05,-0.0010328268631953578
2023-06-05,1,ridge,161,0.001249219400431656,-0.0003220045823764112
2023-06-06,1,ridge,161,-0.0002881429208807518,-0.00011133481649158082
2023-06-07,1,ridge,161,-0.007327452761884956,-0.00020932067962730705
2023-06-08,1,ridge,161,0.002126632024298303,-0.0002460015547964979
2023-06-09,1,ridge,161,0.000868683998452191,4.92835320508094e-05
2023-06-12,1,ridge,161,-0.002995316022750494,-0.0003465646464020242
2023-06-13,1,ridge,161,-0.003781089385239689,-0.0006885671065201682
2023-06-14,1,ridge,161,-0.008192769906352204,-0.00012598616183067361
2023-06-15,1,ridge,161,0.001272327061777823,-0.0006665806843648043
2023-06-16,1,ridge,161,0.002734910866646345,-4.275755027952858e-05
2023-06-19,1,ridge,161,0.0001950648596835691,0.00010989559887768463
2023-06-20,1,ridge,161,-0.004594113940147082,0.0004312455249898583
2023-06-21,1,ridge,161,0.003130199171318182,0.00039446620782823504
2023-06-22,1,ridge,161,0.004968591253278198,0.00034534218033348035
2023-06-23,1,ridge,161,-0.002042901629799587,0.0005405446468344727
2023-06-26,1,ridge,161,-0.001949508366732466,-8.320964590353367e-06
2023-06-27,1,ridge,161,0.003992409996532054,-0.0003190911508896677
2023-05-03,1,ridge,162,0.0005918911093196755,0.0006424585377645852
2023-05-04,1,ridge,162,-0.001875524956273189,0.0004930160586141058
2023-05-05,1,ridge,162,0.001678266843393672,-0.000715936710857934
2023-05-08,1,ridge,162,0.002266122453586483,-0.00030508844554509
2023-05-09,1,ridge,162,-0.001280220766708418,0.000433392824700318
2023-05-10,1,ridge,162,0.005699140904743771,0.00039168438145585746
2023-05-11,1,ridge,162,0.006056480367114148,0.00028912115070991025
2023-05-12,1,ridge,162,-0.002437717554496288,3.103194548852327e-05
2023-05-15,1,ridge,162,0.001268354723916509,-0.0003122399744471656
2023-05-16,1,ridge,162,0.003115267316949222,0.0004253607210516049
2023-05-17,1,ridge,162,0.006781000506436818,-0.0005351123702536346
2023-05-18,1,ridge,162,-0.003675407948283471,-0.0004356771344902773
2023-05-19,1,ridge,162,0.0,3.093192201604047e-05
2023-05-22,1,ridge,162,0.002806136632619527,-0.00040954247641209797
2023-05-23,1,ridge,162,0.003857657402358328,0.0006379650267610439
2023-05-24,1,ridge,162,0.003459213596470612,0.0003466589244073489
2023-05-25,1,ridge,162,-0.000383766674574737,0.00022763775467118073
2023-05-26,1,ridge,162,0.0004796853356241471,-0.0006485726210017051
2023-05-29,1,ridge,162,-0.0008635993436030276,0.00019837858896040733
2023-05-30,1,ridge,162,0.001534772483521074,0.00017396524465082943
2023-05-31,1,ridge,162,-0.007407797596541421,0.0004423866678056782
2023-06-01,1,ridge,162,0.004335893481704822,-0.0006332414361715144
2023-06-02,1,ridge,162,-9.614922366907308e-05,-0.0009681617092859343
2023-06-05,1,ridge,162,0.001249219400431656,-0.000276396337512772
2023-06-06,1,ridge,162,-0.0002881429208807518,-5.522474595883172e-05
2023-06-07,1,ridge,162,-0.007327452761884956,-0.00016531134616274738
2023-06-08,1,ridge,162,0.002126632024298303,-0.0001987254783885029
2023-06-09,1,ridge,162,0.000868683998452191,0.00010412036725485893
2023-06-12,1,ridge,162,-0.002995316022750494,-0.00030924823766550385
2023-06-13,1,ridge,162,-0.003781089385239689,-0.0006278263566504997
2023-06-14,1,ridge,162,-0.008192769906352204,-8.117380121182383e-05
2023-06-15,1,ridge,162,0.001272327061777823,-0.0005909237542089777
2023-06-16,1,ridge,162,0.002734910866646345,2.032490567447463e-05
2023-06-19,1,ridge,162,0.0001950648596835691,0.00014751779217584465
2023-06-20,1,ridge,162,-0.004594113940147082,0.00047818009522356355
2023-06-21,1,ridge,162,0.003130199171318182,0.00045303905179140593
2023-06-22,1,ridge,162,0.004968591253278198,0.0003960475445559023
2023-06-23,1,ridge,162,-0.002042901629799587,0.0005877074415130668
2023-06-26,1,ridge,162,-0.001949508366732466,3.285692511492927e-05
2023-06-27,1,ridge,162,0.003992409996532054,-0.0002652940786746006
2023-06-28,1,ridge,162,0.004266880019034858,-0.0002370780440714233
2023-06-29,1,ridge,162,-0.004169703011037917,-9.796009706003185e-06
2023-06-30,1,ridge,162,0.0004857434398708449,-0.000685899022908532
2023-07-03,1,ridge,162,0.0007766990681723485,-0.00016155490888748397
2023-07-04,1,ridge,162,0.003197522224350102,-0.00017161712328680695
2023-07-05,1,ridge,162,-0.002906415531692907,-5.760276621656231e-05
2023-07-06,1,ridge,162,-0.007791994230779586,0.0009423079715314769
2023-07-07,1,ridge,162,-0.002937722441786583,-0.0002870554958227913
2023-07-10,1,ridge,162,-0.002356407570477614,0.00022539628494242214
2023-07-11,1,ridge,162,-0.01196553213026608,-0.0003831266903955978
2023-07-12,1,ridge,162,-0.007489175749975097,-0.000600286603390033
2023-07-13,1,ridge,162,0.001402243819510929,-0.00040111524461133126
2023-07-14,1,ridge,162,-0.0007008761238092021,0.00033916285232891985
2023-07-17,1,ridge,162,0.001001101294940909,0.0004907125330850064
2023-07-18,1,ridge,162,0.003396267374034423,3.0200063583764016e-05
2023-07-19,1,ridge,162,0.005965418366571384,0.00027969053795139976
2023-07-20,1,ridge,162,0.001881654429906732,-7.168996082618971e-06
2023-07-21,1,ridge,162,0.002766526811438297,0.0001953231396038264
2023-07-24,1,ridge,162,0.0,-6.369349116572864e-05
2023-07-25,1,ridge,162,-0.004549058477721246,-0.0002158626218784164
2023-05-31,1,ridge,163,-0.007407797596541421,0.0007685339359578
2023-06-01,1,ridge,163,0.004335893481704822,-0.00034996580984489534
2023-06-02,1,ridge,163,-9.614922366907308e-05,-0.0006775649200705806
2023-06-05,1,ridge,163,0.001249219400431656,2.605062676538705e-05
2023-06-06,1,ridge,163,-0.0002881429208807518,0.00024163031290659885
2023-06-07,1,ridge,163,-0.007327452761884956,0.00014553637450505697
2023-06-08,1,ridge,163,0.002126632024298303,9.001175755375503e-05
2023-06-09,1,ridge,163,0.000868683998452191,0.0003969110082568399
2023-06-12,1,ridge,163,-0.002995316022750494,6.849315207625316e-06
2023-06-13,1,ridge,163,-0.003781089385239689,-0.0003291760432890984
2023-06-14,1,ridge,163,-0.008192769906352204,0.00021644708059549622
2023-06-15,1,ridge,163,0.001272327061777823,-0.00031154443857752924
2023-06-16,1,ridge,163,0.002734910866646345,0.00031600010174394154
2023-06-19,1,ridge,163,0.0001950648596835691,0.000476151038979725
2023-06-20,1,ridge,163,-0.004594113940147082,0.0007910252902995334
2023-06-21,1,ridge,163,0.003130199171318182,0.0007643156857290509
2023-06-22,1,ridge,163,0.004968591253278198,0.0007000341803448778
2023-06-23,1,ridge,163,-0.002042901629799587,0.0009025224759085901
2023-06-26,1,ridge,163,-0.001949508366732466,0.00035450726251880693
2023-06-27,1,ridge,163,0.003992409996532054,3.442676509982838e-05
2023-06-28,1,ridge,163,0.004266880019034858,8.196185986367988e-05
2023-06-29,1,ridge,163,-0.004169703011037917,0.0003064447393686781
2023-06-30,1,ridge,163,0.0004857434398708449,-0.00038585633104918255
2023-07-03,1,ridge,163,0.0007766990681723485,0.00013741830129743776
2023-07-04,1,ridge,163,0.003197522224350102,0.00014165270003983017
2023-07-05,1,ridge,163,-0.002906415531692907,0.0002774084499906759
2023-07-06,1,ridge,163,-0.007791994230779586,0.0012531341629141365
2023-07-07,1,ridge,163,-0.002937722441786583,1.4933040176330972e-05
2023-07-10,1,ridge,163,-0.002356407570477614,0.0005074015414374853
2023-07-11,1,ridge,163,-0.01196553213026608,-9.101637708379032e-05
2023-07-12,1,ridge,163,-0.007489175749975097,-0.000321109913061117
2023-07-13,1,ridge,163,0.001402243819510929,-0.000130920015403256
2023-07-14,1,ridge,163,-0.0007008761238092021,0.000632683042212073
2023-07-17,1,ridge,163,0.001001101294940909,0.0007770260166300039
2023-07-18,1,ridge,163,0.003396267374034423,0.0003118949285687698
2023-07-19,1,ridge,163,0.005965418366571384,0.0005533983225173521
2023-07-20,1,ridge,163,0.001881654429906732,0.0002964728373636981
2023-07-21,1,ridge,163,0.002766526811438297,0.0004669325471277167
2023-07-24,1,ridge,163,0.0,0.0002292426834805316
2023-07-25,1,ridge,163,-0.004549058477721246,4.674973990769366e-05
2023-07-26,1,ridge,163,0.008684550783551792,0.00014298464655575563
2023-07-27,1,ridge,163,-0.001474999038253877,0.0005153056747820265
2023-07-28,1,ridge,163,0.002358955290872267,-0.0003569691967654657
2023-07-31,1,ridge,163,0.004310351501122689,-6.456904156976087e-05
2023-08-01,1,ridge,163,0.002830789142040047,0.00040493285117938456
2023-08-02,1,ridge,163,-0.0004874957440668126,0.0013029652017145323
2023-08-03,1,ridge,163,-0.005084093860773464,0.0004344897647385861
2023-08-04,1,ridge,163,0.0002940167610727684,5.536333912785189e-05
2023-08-07,1,ridge,163,0.004692549426146719,8.414562679620626e-05
2023-08-08,1,ridge,163,-0.0003902058385287788,0.0006039735012273492
2023-08-09,1,ridge,163,0.0002926686523991862,3.5852804457290124e-05
2023-08-10,1,ridge,163,0.003116480901818264,0.00021912130877669949
2023-08-11,1,ridge,163,0.003397566729933743,0.00021310116334654776
2023-08-14,1,ridge,163,0.0001937984502191625,0.00017362065781616927
2023-08-15,1,ridge,163,0.002129307811870262,0.0010681233339641606
2023-08-16,1,ridge,163,0.001352657211075581,0.0004892389995872622
2023-08-17,1,ridge,163,-0.00183619283289449,0.0005054919821956957
2023-08-18,1,ridge,163,-0.000774143642300551,0.0005822382343056414
2023-08-21,1,ridge,163,0.002513778757744056,-0.0001845116934710486
2023-08-22,1,ridge,163,-0.001352787915261722,0.0003122581171156977
2023-06-28,1,ridge,164,0.004266880019034858,4.576721510041274e-05
2023-06-29,1,ridge,164,-0.004169703011037917,0.0002772710942104421
2023-06-30,1,ridge,164,0.0004857434398708449,-0.0004073026219749984
2023-07-03,1,ridge,164,0.0007766990681723485,0.00012517328043937578
2023-07-04,1,ridge,164,0.003197522224350102,0.00011355962407927667
2023-07-05,1,ridge,164,-0.002906415531692907,0.00020691993464620038
2023-07-06,1,ridge,164,-0.007791994230779586,0.001248196430900382
2023-07-07,1,ridge,164,-0.002937722441786583,-4.152483614385232e-05
2023-07-10,1,ridge,164,-0.002356407570477614,0.0005136843969855892
2023-07-11,1,ridge,164,-0.01196553213026608,-0.00010886168098021631
2023-07-12,1,ridge,164,-0.007489175749975097,-0.0003602783954213605
2023-07-13,1,ridge,164,0.001402243819510929,-0.00012823466144719532
2023-07-14,1,ridge,164,-0.0007008761238092021,0.0005806557656051439
2023-07-17,1,ridge,164,0.001001101294940909,0.0007635665923107369
2023-07-18,1,ridge,164,0.003396267374034423,0.0002997523555011605
2023-07-19,1,ridge,164,0.005965418366571384,0.0005614078304921399
2023-07-20,1,ridge,164,0.001881654429906732,0.00020380417977288373
2023-07-21,1,ridge,164,0.002766526811438297,0.0004857780831269944
2023-07-24,1,ridge,164,0.0,0.00019155766847601325
2023-07-25,1,ridge,164,-0.004549058477721246,7.29826298132558e-05
2023-07-26,1,ridge,164,0.008684550783551792,5.521307781632237e-05
2023-07-27,1,ridge,164,-0.001474999038253877,0.0005163153465476342
2023-07-28,1,ridge,164,0.002358955290872267,-0.0003684030536336227
2023-07-31,1,ridge,164,0.004310351501122689,-8.630472747250893e-05
2023-08-01,1,ridge,164,0.002830789142040047,0.00034766562018388703
2023-08-02,1,ridge,164,-0.0004874957440668126,0.001269278954737449
2023-08-03,1,ridge,164,-0.005084093860773464,0.0004300534270469005
2023-08-04,1,ridge,164,0.0002940167610727684,3.260160047675382e-05
2023-08-07,1,ridge,164,0.004692549426146719,5.6865560043108424e-05
2023-08-08,1,ridge,164,-0.0003902058385287788,0.0005753290503228239
2023-08-09,1,ridge,164,0.0002926686523991862,-8.731836100198836e-06
2023-08-10,1,ridge,164,0.003116480901818264,0.00020757200182489884
2023-08-11,1,ridge,164,0.003397566729933743,0.00012872849077655461
2023-08-14,1,ridge,164,0.0001937984502191625,0.00012321858049345593
2023-08-15,1,ridge,164,0.002129307811870262,0.0010808512401822843
2023-08-16,1,ridge,164,0.001352657211075581,0.0004173527961154143
2023-08-17,1,ridge,164,-0.00183619283289449,0.0004786247148678321
2023-08-18,1,ridge,164,-0.000774143642300551,0.0005781895057178753
2023-08-21,1,ridge,164,0.002513778757744056,-0.0002653420078146848
2023-08-22,1,ridge,164,-0.001352787915261722,0.0003138468988778817
2023-08-23,1,ridge,164,0.005400205987494466,-0.0004773126340243824
2023-08-24,1,ridge,164,0.0009612612486806782,0.000492804496980777
2023-08-25,1,ridge,164,-0.0001921783420923973,-0.00014558647537795414
2023-08-28,1,ridge,164,-0.005106230084136243,-0.00031497427741550125
2023-08-29,1,ridge,164,-0.003580244764877172,-0.0008264285872281913
2023-08-30,1,ridge,164,0.004449180373497619,-9.237159009155928e-05
2023-08-31,1,ridge,164,0.00596557142994758,-2.0707075057278552e-05
2023-09-01,1,ridge,164,0.0,0.0002739855536838792
2023-09-04,1,ridge,164,0.005453254365496818,-0.00021236487272405181
2023-09-05,1,ridge,164,0.000476939962299916,0.0003218185428236658
2023-09-06,1,ridge,164,0.001905488381429343,0.00026568645568250486
2023-09-07,1,ridge,164,0.0002855103516896662,0.00010540985793429427
2023-09-08,1,ridge,164,-0.004960422267007658,8.724823504039738e-05
2023-09-11,1,ridge,164,0.001337920688873062,-0.0003718011572344328
2023-09-12,1,ridge,164,0.0005728470655030904,2.9906848161917064e-05
2023-09-13,1,ridge,164,0.005995164742388148,-3.972333560213503e-05
2023-09-14,1,ridge,164,-0.0007593014791531516,-0.0005617995658726932
2023-09-15,1,ridge,164,-0.001140034324499162,8.849313191494165e-05
2023-09-18,1,ridge,164,-0.000380300441928938,4.9237336927887706e-05
2023-09-19,1,ridge,164,-0.0003804451253799357,-0.000134724311312278
2023-07-26,1,ridge,165,0.008684550783551792,1.894856186921459e-05
2023-07-27,1,ridge,165,-0.001474999038253877,0.0004990705766213352
2023-07-28,1,ridge,165,0.002358955290872267,-0.0003998852137531711
2023-07-31,1,ridge,165,0.004310351501122689,-0.00010616142170373716
2023-08-01,1,ridge,165,0.002830789142040047,0.00033186376421945796
2023-08-02,1,ridge,165,-0.0004874957440668126,0.0012356567687808134
2023-08-03,1,ridge,165,-0.005084093860773464,0.00038582697272417587
2023-08-04,1,ridge,165,0.0002940167610727684,-9.124515737941505e-06
2023-08-07,1,ridge,165,0.004692549426146719,2.69850150794688e-05
2023-08-08,1,ridge,165,-0.0003902058385287788,0.000554485045151819
2023-08-09,1,ridge,165,0.0002926686523991862,-4.429171262058349e-05
2023-08-10,1,ridge,165,0.003116480901818264,0.0001885140717875847
2023-08-11,1,ridge,165,0.003397566729933743,9.55626009276394e-05
2023-08-14,1,ridge,165,0.0001937984502191625,9.104889364531886e-05
2023-08-15,1,ridge,165,0.002129307811870262,0.001046924997778075
2023-08-16,1,ridge,165,0.001352657211075581,0.00038279337770686923
2023-08-17,1,ridge,165,-0.00183619283289449,0.00043725741609659704
2023-08-18,1,ridge,165,-0.000774143642300551,0.0005332223350824843
2023-08-21,1,ridge,165,0.002513778757744056,-0.0003029195283743881
2023-08-22,1,ridge,165,-0.001352787915261722,0.0002841780898428546
2023-08-23,1,ridge,165,0.005400205987494466,-0.0005165100436613107
2023-08-24,1,ridge,165,0.0009612612486806782,0.0004726248817564164
2023-08-25,1,ridge,165,-0.0001921783420923973,-0.00018407056768265776
2023-08-28,1,ridge,165,-0.005106230084136243,-0.000348542627467478
2023-08-29,1,ridge,165,-0.003580244764877172,-0.0008732797105489502
2023-08-30,1,ridge,165,0.004449180373497619,-0.00013808356402729178
2023-08-31,1,ridge,165,0.00596557142994758,-5.6961343419483835e-05
2023-09-01,1,ridge,165,0.0,0.00024888239098200233
2023-09-04,1,ridge,165,0.005453254365496818,-0.0002485239266065565
2023-09-05,1,ridge,165,0.000476939962299916,0.00030082563297808906
2023-09-06,1,ridge,165,0.001905488381429343,0.00023065376740039804
2023-09-07,1,ridge,165,0.0002855103516896662,7.121393883497752e-05
2023-09-08,1,ridge,165,-0.004960422267007658,5.510070213982397e-05
2023-09-11,1,ridge,165,0.001337920688873062,-0.0004206061206241205
2023-09-12,1,ridge,165,0.0005728470655030904,5.930474173535796e-06
2023-09-13,1,ridge,165,0.005995164742388148,-7.12544890285088e-05
2023-09-14,1,ridge,165,-0.0007593014791531516,-0.0005756624640593578
2023-09-15,1,ridge,165,-0.001140034324499162,6.743984473235132e-05
2023-09-18,1,ridge,165,-0.000380300441928938,1.5266707107858377e-05
2023-09-19,1,ridge,165,-0.0003804451253799357,-0.000163879247253898
2023-09-20,1,ridge,165,0.002280502698725151,0.0002542712075567207
2023-09-21,1,ridge,165,0.002085901960444225,0.0007766132245949553
2023-09-22,1,ridge,165,0.003970134716596796,3.254258662611643e-05
2023-09-25,1,ridge,165,0.002167460679855182,0.0003105617763124004
2023-09-26,1,ridge,165,0.004133401845469287,-4.265062741714681e-05
2023-09-27,1,ridge,165,-0.004227541643138544,-0.00031715692007997735
2023-09-28,1,ridge,165,0.0,-0.00011734796956167293
2023-09-29,1,ridge,165,0.006381403036746391,-0.00024169008914998234
2023-10-02,1,ridge,165,0.0009350164309065434,0.0005808391051893946
2023-10-03,1,ridge,165,-0.001870907935811239,0.0005894308165065826
2023-10-04,1,ridge,165,-0.004410460863099708,8.783723646275715e-05
2023-10-05,1,ridge,165,-0.00273108424217039,0.00024144143018431317
2023-10-06,1,ridge,165,0.000377145016727809,-0.0008004181545237233
2023-10-09,1,ridge,165,-0.0024539889615669,-0.0005481652006940578
2023-10-10,1,ridge,165,0.0,-0.0005087375391872207
2023-10-11,1,ridge,165,0.00734397425575839,-0.00016174348276567666
2023-10-12,1,ridge,165,0.0004689331856155832,0.00015828087197566996
2023-10-13,1,ridge,165,-0.00385175918923597,0.0002688280442996482
2023-10-16,1,ridge,165,9.412207640302483e-05,-0.00032059007286096817
2023-10-17,1,ridge,165,0.00300723842833861,-3.0175305842271662e-05
2023-08-23,1,ridge,166,0.005400205987494466,-0.00027230967827827397
2023-08-24,1,ridge,166,0.0009612612486806782,0.0006425037645086502
2023-08-25,1,ridge,166,-0.0001921783420923973,3.638544049352143e-05
2023-08-28,1,ridge,166,-0.005106230084136243,-0.0001855422253350916
2023-08-29,1,ridge,166,-0.003580244764877172,-0.0006863767123367925
2023-08-30,1,ridge,166,0.004449180373497619,5.324417310476466e-05
2023-08-31,1,ridge,166,0.00596557142994758,0.00017202003521944292
2023-09-01,1,ridge,166,0.0,0.00038613621314266474
2023-09-04,1,ridge,166,0.005453254365496818,-8.150588720971021e-05
2023-09-05,1,ridge,166,0.000476939962299916,0.0005133047665993048
2023-09-06,1,ridge,166,0.001905488381429343,0.0003928951562334759
2023-09-07,1,ridge,166,0.0002855103516896662,0.00029847391265975165
2023-09-08,1,ridge,166,-0.004960422267007658,0.00019910082828663634
2023-09-11,1,ridge,166,0.001337920688873062,-0.00020857420110096569
2023-09-12,1,ridge,166,0.0005728470655030904,0.00019695904558165206
2023-09-13,1,ridge,166,0.005995164742388148,0.00012344761564351186
2023-09-14,1,ridge,166,-0.0007593014791531516,-0.0003993996578758897
2023-09-15,1,ridge,166,-0.001140034324499162,0.00022631647710732696
2023-09-18,1,ridge,166,-0.000380300441928938,0.0001975594391189915
2023-09-19,1,ridge,166,-0.0003804451253799357,5.2229625274751454e-05
2023-09-20,1,ridge,166,0.002280502698725151,0.0004067719936198138
2023-09-21,1,ridge,166,0.002085901960444225,0.0009661483450622587
2023-09-22,1,ridge,166,0.003970134716596796,0.00016025807517287865
2023-09-25,1,ridge,166,0.002167460679855182,0.0004403382105060238
2023-09-26,1,ridge,166,0.004133401845469287,0.0002301663152050021
2023-09-27,1,ridge,166,-0.004227541643138544,-0.00014694257913400464
2023-09-28,1,ridge,166,0.0,3.448985861186782e-05
2023-09-29,1,ridge,166,0.006381403036746391,-6.552824397005951e-05
2023-10-02,1,ridge,166,0.0009350164309065434,0.0007202625391835855
2023-10-03,1,ridge,166,-0.001870907935811239,0.0007610317004808066
2023-10-04,1,ridge,166,-0.004410460863099708,0.000278061730166288
2023-10-05,1,ridge,166,-0.00273108424217039,0.00034430947100918565
2023-10-06,1,ridge,166,0.000377145016727809,-0.000609446633490955
2023-10-09,1,ridge,166,-0.0024539889615669,-0.00034240188281089843
2023-10-10,1,ridge,166,0.0,-0.00037109885242623755
2023-10-11,1,ridge,166,0.00734397425575839,1.99293908075201e-05
2023-10-12,1,ridge,166,0.0004689331856155832,0.0003246361256056254
2023-10-13,1,ridge,166,-0.00385175918923597,0.00038119910377871536
2023-10-16,1,ridge,166,9.412207640302483e-05,-0.00011377081657394764
2023-10-17,1,ridge,166,0.00300723842833861,0.00011823216241497759
2023-10-18,1,ridge,166,-0.00300723842833861,0.0006389260881655015
2023-10-19,1,ridge,166,-0.0008474177805739558,0.0004470031552584351
2023-10-20,1,ridge,166,-0.005857362046430836,0.0008257279984567249
2023-10-23,1,ridge,166,0.006892997407081936,0.0007110912888992442
2023-10-24,1,ridge,166,0.002443610238502814,0.0004854024209436035
2023-10-25,1,ridge,166,0.0006568761086374053,0.0002520051492428862
2023-10-26,1,ridge,166,-0.0003753049396646446,0.0011589095345927892
2023-10-27,1,ridge,166,-0.004137677522540351,-5.498881560667124e-05
2023-10-30,1,ridge,166,0.005075675902917354,-1.894534085820519e-05
2023-10-31,1,ridge,166,0.002060504615879033,0.0004405786483272307
2023-11-01,1,ridge,166,-0.007136180518796387,-0.00023061601566941602
2023-11-02,1,ridge,166,-0.0104197210598258,-0.00047851109226259024
2023-11-03,1,ridge,166,0.001807544610483269,0.00012732798269170418
2023-11-06,1,ridge,166,0.003131675157325375,0.0001312266596882818
2023-11-07,1,ridge,166,0.0004736418409017062,0.0012483101955689986
2023-11-08,1,ridge,166,0.003026007037154166,0.0007122357806964586
2023-11-09,1,ridge,166,-0.0004722104257357529,0.0005288416250528866
2023-11-10,1,ridge,166,-0.002175044594770803,0.0003874919402170352
2023-11-13,1,ridge,166,-0.01507086899542731,0.00014889699643627752
2023-11-14,1,ridge,166,0.00326233258056341,-0.0004047197039989321
2023-09-20,1,ridge,167,0.002280502698725151,0.0005057766289352033
2023-09-21,1,ridge,167,0.002085901960444225,0.001093088857002078
2023-09-22,1,ridge,167,0.003970134716596796,0.0002448839244221974
2023-09-25,1,ridge,167,0.002167460679855182,0.000525690028892921
2023-09-26,1,ridge,167,0.004133401845469287,0.00041487136826825967
2023-09-27,1,ridge,167,-0.004227541643138544,-2.9265675388228795e-05
2023-09-28,1,ridge,167,0.0,0.00013150600654513014
2023-09-29,1,ridge,167,0.006381403036746391,5.214966535858689e-05
2023-10-02,1,ridge,167,0.0009350164309065434,0.0008148182632218945
2023-10-03,1,ridge,167,-0.001870907935811239,0.0008794646881462335
2023-10-04,1,ridge,167,-0.004410460863099708,0.00039921315043560894
2023-10-05,1,ridge,167,-0.00273108424217039,0.0004119584234534903
2023-10-06,1,ridge,167,0.000377145016727809,-0.0004824805235573463
2023-10-09,1,ridge,167,-0.0024539889615669,-0.00019794679735816165
2023-10-10,1,ridge,167,0.0,-0.00028155077304834017
2023-10-11,1,ridge,167,0.00734397425575839,0.00013751356841469205
2023-10-12,1,ridge,167,0.0004689331856155832,0.0004395668921025471
2023-10-13,1,ridge,167,-0.00385175918923597,0.0004642248010060104
2023-10-16,1,ridge,167,9.412207640302483e-05,2.2574741333275397e-05
2023-10-17,1,ridge,167,0.00300723842833861,0.00022038389908829459
2023-10-18,1,ridge,167,-0.00300723842833861,0.0007552275375292644
2023-10-19,1,ridge,167,-0.0008474177805739558,0.0005965801686030564
2023-10-20,1,ridge,167,-0.005857362046430836,0.0009434055586935795
2023-10-23,1,ridge,167,0.006892997407081936,0.0008007618578798809
2023-10-24,1,ridge,167,0.002443610238502814,0.0005785255927999988
2023-10-25,1,ridge,167,0.0006568761086374053,0.0003793738733886893
2023-10-26,1,ridge,167,-0.0003753049396646446,0.0012356484210892965
2023-10-27,1,ridge,167,-0.004137677522540351,8.355168149574266e-05
2023-10-30,1,ridge,167,0.005075675902917354,0.00010866192009496674
2023-10-31,1,ridge,167,0.002060504615879033,0.0005150714511454365
2023-11-01,1,ridge,167,-0.007136180518796387,-8.575084502129312e-05
2023-11-02,1,ridge,167,-0.0104197210598258,-0.0003970903540678459
2023-11-03,1,ridge,167,0.001807544610483269,0.00023603869222017175
2023-11-06,1,ridge,167,0.003131675157325375,0.00028585800813264397
2023-11-07,1,ridge,167,0.0004736418409017062,0.001323975003820082
2023-11-08,1,ridge,167,0.003026007037154166,0.0008188269919173958
2023-11-09,1,ridge,167,-0.0004722104257357529,0.000645445151088115
2023-11-10,1,ridge,167,-0.002175044594770803,0.000496666554659118
2023-11-13,1,ridge,167,-0.01507086899542731,0.0002546100239869254
2023-11-14,1,ridge,167,0.00326233258056341,-0.0002894910573142703
2023-11-15,1,ridge,167,-0.0003832518969977272,0.0008116600761677896
2023-11-16,1,ridge,167,-0.004129261160865205,0.001249649921748495
2023-11-17,1,ridge,167,-0.004629637898742267,0.00044164418014635984
2023-11-20,1,ridge,167,0.00125597813718592,0.0006608840626962122
2023-11-21,1,ridge,167,0.003373659761556347,0.0006825362866403966
2023-11-22,1,ridge,167,-0.001444460745156917,0.0010909197943355063
2023-11-23,1,ridge,167,-0.003571949542858555,0.000996024461678655
2023-11-24,1,ridge,167,-0.001936109026866362,0.0006529927080909021
2023-11-27,1,ridge,167,-0.004369999671117952,0.0012184403964350756
2023-11-28,1,ridge,167,9.731886533881351e-05,0.0007386912536422195
2023-11-29,1,ridge,167,0.007175440463740301,0.0010316968855648122
2023-11-30,1,ridge,167,-0.002224695022110978,0.0009478868910899158
2023-12-01,1,ridge,167,0.004251624918330421,0.0008976658938129958
2023-12-04,1,ridge,167,0.003273010238000751,0.0013142169380475203
2023-12-05,1,ridge,167,0.0009606148673375614,0.0007886238287323297
2023-12-06,1,ridge,167,-0.005874156233225847,0.0010579176918605311
2023-12-07,1,ridge,167,0.004529036891286253,0.0007601338040146133
2023-12-08,1,ridge,167,0.0008649272558818311,0.0005648195626950495
2023-12-11,1,ridge,167,-0.002308137204750871,0.00044624018124290955
2023-12-12,1,ridge,167,-0.009577783273233997,0.0008662019581480141
2023-10-18,1,ridge,168,-0.00300723842833861,0.0008311528188461683
2023-10-19,1,ridge,168,-0.0008474177805739558,0.0006811661974951266
2023-10-20,1,ridge,168,-0.005857362046430836,0.0010212598029479985
2023-10-23,1,ridge,168,0.006892997407081936,0.0008728466597455874
2023-10-24,1,ridge,168,0.002443610238502814,0.0006500781324483822
2023-10-25,1,ridge,168,0.0006568761086374053,0.000463082784593834
2023-10-26,1,ridge,168,-0.0003753049396646446,0.0012990383977101421
2023-10-27,1,ridge,168,-0.004137677522540351,0.00017449769304961254
2023-10-30,1,ridge,168,0.005075675902917354,0.00019762624950201194
2023-10-31,1,ridge,168,0.002060504615879033,0.000582109954134535
2023-11-01,1,ridge,168,-0.007136180518796387,4.963606469613163e-06
2023-11-02,1,ridge,168,-0.0104197210598258,-0.0003371688476456549
2023-11-03,1,ridge,168,0.001807544610483269,0.00031569200434977023
2023-11-06,1,ridge,168,0.003131675157325375,0.0003799897548057613
2023-11-07,1,ridge,168,0.0004736418409017062,0.0013829249047008748
2023-11-08,1,ridge,168,0.003026007037154166,0.0008936121049471905
2023-11-09,1,ridge,168,-0.0004722104257357529,0.0007260164785170534
2023-11-10,1,ridge,168,-0.002175044594770803,0.0005634551889665002
2023-11-13,1,ridge,168,-0.01507086899542731,0.0003289464012528366
2023-11-14,1,ridge,168,0.00326233258056341,-0.00022341594344710622
2023-11-15,1,ridge,168,-0.0003832518969977272,0.0008883847867703696
2023-11-16,1,ridge,168,-0.004129261160865205,0.0013315198319054757
2023-11-17,1,ridge,168,-0.004629637898742267,0.0004983445260959152
2023-11-20,1,ridge,168,0.00125597813718592,0.0007093263775438518
2023-11-21,1,ridge,168,0.003373659761556347,0.0007717065890468196
2023-11-22,1,ridge,168,-0.001444460745156917,0.0011416385661732378
2023-11-23,1,ridge,168,-0.003571949542858555,0.0010479612742538456
2023-11-24,1,ridge,168,-0.001936109026866362,0.0007354601167022076
2023-11-27,1,ridge,168,-0.004369999671117952,0.0012854913835705056
2023-11-28,1,ridge,168,9.731886533881351e-05,0.0007931825675871871
2023-11-29,1,ridge,168,0.007175440463740301,0.0010852122671964385
2023-11-30,1,ridge,168,-0.002224695022110978,0.0010309344720113988
2023-12-01,1,ridge,168,0.004251624918330421,0.0009417412969542531
2023-12-04,1,ridge,168,0.003273010238000751,0.0013882128230157569
2023-12-05,1,ridge,168,0.0009606148673375614,0.0008769321582830121
2023-12-06,1,ridge,168,-0.005874156233225847,0.0011225383091397847
2023-12-07,1,ridge,168,0.004529036891286253,0.0008212890436772849
2023-12-08,1,ridge,168,0.0008649272558818311,0.0006355851625717834
2023-12-11,1,ridge,168,-0.002308137204750871,0.0005278706310710676
2023-12-12,1,ridge,168,-0.009577783273233997,0.0009331533360349838
2023-12-13,1,ridge,168,-0.008885475635024065,0.00023116905655414175
2023-12-14,1,ridge,168,0.005769905010475362,0.00030740985317929926
2023-12-15,1,ridge,168,9.750865396984665e-05,0.001120995181360851
2023-12-18,1,ridge,168,-0.003809900569027747,0.000537830869395096
2023-12-19,1,ridge,168,0.002346271484014117,0.0002101309461959119
2023-12-20,1,ridge,168,-0.005581409838194773,0.0014898161484419397
2023-12-21,1,ridge,168,-0.001375651194637229,0.0006181313120565204
2023-12-22,1,ridge,168,-0.002264114763522507,0.0010352204220380082
2023-12-26,1,ridge,168,-0.004741686252526023,0.0005104677948137048
2023-12-27,1,ridge,168,0.002373653572194989,0.0007505513814494037
2023-12-28,1,ridge,168,0.0009873618495657155,0.0012121956475596182
2023-12-29,1,ridge,168,0.00854916030937769,0.0010858013257573312
2024-01-02,1,ridge,168,0.002833555073867622,0.0013340780252778246
2024-01-03,1,ridge,168,-0.0006832268090670723,0.0009487431051829441
2024-01-04,1,ridge,168,-9.764194705841334e-05,0.0007882372675041052
2024-01-05,1,ridge,168,-0.001954843746361234,0.0006620884154003723
2024-01-08,1,ridge,168,0.00351597197833442,0.0006707758406082269
2024-01-09,1,ridge,168,-0.002049481027730948,0.00038855883231155226
2024-01-10,1,ridge,168,-0.0006840948226720656,0.0008663837453618379
2024-01-11,1,ridge,168,0.001074796136490974,0.0006781383524103624
2023-11-15,1,ridge,169,-0.0003832518969977272,0.000702169791564835
2023-11-16,1,ridge,169,-0.004129261160865205,0.0011653912966271406
2023-11-17,1,ridge,169,-0.004629637898742267,0.0002946555918257117
2023-11-20,1,ridge,169,0.00125597813718592,0.0005126164558336277
2023-11-21,1,ridge,169,0.003373659761556347,0.0005877199172054086
2023-11-22,1,ridge,169,-0.001444460745156917,0.0009590641716312792
2023-11-23,1,ridge,169,-0.003571949542858555,0.0008658708167973552
2023-11-24,1,ridge,169,-0.001936109026866362,0.0005542309331954861
2023-11-27,1,ridge,169,-0.004369999671117952,0.0011075613550884198
2023-11-28,1,ridge,169,9.731886533881351e-05,0.0006038014662923684
2023-11-29,1,ridge,169,0.007175440463740301,0.0008974818525400883
2023-11-30,1,ridge,169,-0.002224695022110978,0.0008523241595200873
2023-12-01,1,ridge,169,0.004251624918330421,0.0007627406035209104
2023-12-04,1,ridge,169,0.003273010238000751,0.001214167469429066
2023-12-05,1,ridge,169,0.0009606148673375614,0.0006957211229315524
2023-12-06,1,ridge,169,-0.005874156233225847,0.00094355360256589
2023-12-07,1,ridge,169,0.004529036891286253,0.0006349864994943202
2023-12-08,1,ridge,169,0.0008649272558818311,0.0004401885305169384
2023-12-11,1,ridge,169,-0.002308137204750871,0.0003308209979989394
2023-12-12,1,ridge,169,-0.009577783273233997,0.0007530281488792052
2023-12-13,1,ridge,169,-0.008885475635024065,3.2903520836045685e-05
2023-12-14,1,ridge,169,0.005769905010475362,0.00011202751496754504
2023-12-15,1,ridge,169,9.750865396984665e-05,0.0009365405598792068
2023-12-18,1,ridge,169,-0.003809900569027747,0.0003463526817204162
2023-12-19,1,ridge,169,0.002346271484014117,1.1372968086526035e-05
2023-12-20,1,ridge,169,-0.005581409838194773,0.0012875925423075226
2023-12-21,1,ridge,169,-0.001375651194637229,0.0004337045801591972
2023-12-22,1,ridge,169,-0.002264114763522507,0.0008522416909568654
2023-12-26,1,ridge,169,-0.004741686252526023,0.0003088328021115286
2023-12-27,1,ridge,169,0.002373653572194989,0.0005676629991328405
2023-12-28,1,ridge,169,0.0009873618495657155,0.0010428465540044515
2023-12-29,1,ridge,169,0.00854916030937769,0.0009026408216931149
2024-01-02,1,ridge,169,0.002833555073867622,0.0011606669003001013
2024-01-03,1,ridge,169,-0.0006832268090670723,0.0007556664650835313
2024-01-04,1,ridge,169,-9.764194705841334e-05,0.0006065497376619561
2024-01-05,1,ridge,169,-0.001954843746361234,0.0004650469596247908
2024-01-08,1,ridge,169,0.00351597197833442,0.000499055756335639
2024-01-09,1,ridge,169,-0.002049481027730948,0.00018340519149420776
2024-01-10,1,ridge,169,-0.0006840948226720656,0.0006718707638534
2024-01-11,1,ridge,169,0.001074796136490974,0.00047162837692876286
2024-01-12,1,ridge,169,0.0,0.00012984929538287094
2024-01-15,1,ridge,169,0.009331327428884428,0.00040795257281103987
2024-01-16,1,ridge,169,0.0008703641572607168,0.0007752836470981488
2024-01-17,1,ridge,169,0.0008696072822029777,0.0011680689552496309
2024-01-18,1,ridge,169,-0.002417445455213496,-0.00021737445689769865
2024-01-19,1,ridge,169,0.0003871842077218801,0.00011395028546660218
2024-01-22,1,ridge,169,0.002802611160378277,0.0001817980091202237
2024-01-23,1,ridge,169,-0.003673986536228746,0.0004184167913375158
2024-01-24,1,ridge,169,0.003191337750374501,-0.00010966604506191792
2024-01-25,1,ridge,169,-0.001352657211075581,-4.595542199372298e-05
2024-01-26,1,ridge,169,0.001738794873948457,0.0004292619951151717
2024-01-29,1,ridge,169,-0.002028888189332001,7.959314274044312e-05
2024-01-30,1,ridge,169,-0.001258044391016178,0.0004774681513455235
2024-01-31,1,ridge,169,-0.002132610346844643,0.0012829616045842633
2024-02-01,1,ridge,169,0.008407065025876292,0.00018823152555883806
2024-02-02,1,ridge,169,0.005087115640230344,0.0004892514381071971
2024-02-05,1,ridge,169,-0.002300393998238448,0.00025544061408090533
2024-02-06,1,ridge,169,-0.001440438142178202,-0.0001492502411290284
2024-02-07,1,ridge,169,0.001056524134199321,8.879015531625608e-05
2024-02-08,1,ridge,169,-0.0005761475096957014,8.380954303714253e-05
2023-12-13,1,ridge,170,-0.008885475635024065,-7.786872022851423e-05
2023-12-14,1,ridge,170,0.005769905010475362,-2.4247205273640452e-05
2023-12-15,1,ridge,170,9.750865396984665e-05,0.0007809264161926923
2023-12-18,1,ridge,170,-0.003809900569027747,0.0002478435797354998
2023-12-19,1,ridge,170,0.002346271484014117,-0.00010740232512726218
2023-12-20,1,ridge,170,-0.005581409838194773,0.001084353305832707
2023-12-21,1,ridge,170,-0.001375651194637229,0.00029913384844869426
2023-12-22,1,ridge,170,-0.002264114763522507,0.0006938548184444557
2023-12-26,1,ridge,170,-0.004741686252526023,0.00019022692116169756
2023-12-27,1,ridge,170,0.002373653572194989,0.0004152744015116773
2023-12-28,1,ridge,170,0.0009873618495657155,0.0008909542358880992
2023-12-29,1,ridge,170,0.00854916030937769,0.0007511531404408146
2024-01-02,1,ridge,170,0.002833555073867622,0.0010275526357981235
2024-01-03,1,ridge,170,-0.0006832268090670723,0.0006297051470120119
2024-01-04,1,ridge,170,-9.764194705841334e-05,0.00045569647512196896
2024-01-05,1,ridge,170,-0.001954843746361234,0.0003264250433616931
2024-01-08,1,ridge,170,0.00351597197833442,0.00035669526775459494
2024-01-09,1,ridge,170,-0.002049481027730948,9.387217462373341e-05
2024-01-10,1,ridge,170,-0.0006840948226720656,0.0004492168047222511
2024-01-11,1,ridge,170,0.001074796136490974,0.00031904006851761425
2024-01-12,1,ridge,170,0.0,-6.212644006183004e-06
2024-01-15,1,ridge,170,0.009331327428884428,0.0002635155540660078
2024-01-16,1,ridge,170,0.0008703641572607168,0.0006675322071106435
2024-01-17,1,ridge,170,0.0008696072822029777,0.0009989045007844236
2024-01-18,1,ridge,170,-0.002417445455213496,-0.0003416081232336714
2024-01-19,1,ridge,170,0.0003871842077218801,-3.0251443101998363e-05
2024-01-22,1,ridge,170,0.002802611160378277,4.944629254544447e-05
2024-01-23,1,ridge,170,-0.003673986536228746,0.0002473436578487404
2024-01-24,1,ridge,170,0.003191337750374501,-0.00024592776257170343
2024-01-25,1,ridge,170,-0.001352657211075581,-0.00017507574792501404
2024-01-26,1,ridge,170,0.001738794873948457,0.00028711738481518605
2024-01-29,1,ridge,170,-0.002028888189332001,-4.2616578494875904e-05
2024-01-30,1,ridge,170,-0.001258044391016178,0.0003328747869764544
2024-01-31,1,ridge,170,-0.002132610346844643,0.0011216289155212278
2024-02-01,1,ridge,170,0.008407065025876292,4.3986144034688374e-05
2024-02-02,1,ridge,170,0.005087115640230344,0.00032699461587874215
2024-02-05,1,ridge,170,-0.002300393998238448,0.0001500749380712532
2024-02-06,1,ridge,170,-0.001440438142178202,-0.000311885446441828
2024-02-07,1,ridge,170,0.001056524134199321,-3.687379859377372e-05
2024-02-08,1,ridge,170,-0.0005761475096957014,-5.6918534405244e-05
2024-02-09,1,ridge,170,0.0005761475096957014,0.0001422958982861608
2024-02-12,1,ridge,170,0.007555145199421354,-3.2281290840217413e-06
2024-02-13,1,ridge,170,-0.00228920359413376,0.0005301086247521598
2024-02-14,1,ridge,170,-0.004018759594917931,-3.911933800323451e-05
2024-02-15,1,ridge,170,0.0,-0.0003825855468457365
2024-02-16,1,ridge,170,-9.588187360520806e-05,-0.00012965698696680908
2024-02-19,1,ridge,170,-0.002015645928871379,0.0002473169260085619
2024-02-20,1,ridge,170,-0.0006727858392086006,0.0003202097757170691
2024-02-21,1,ridge,170,-0.0004808385917520752,9.532321726950447e-05
2024-02-22,1,ridge,170,-0.0001924001929936026,-0.0006871199277465623
2024-02-23,1,ridge,170,-0.001058863264933763,0.00023485525673510915
2024-02-26,1,ridge,170,0.0,0.000187945737146115
2024-02-27,1,ridge,170,0.001347449674516277,3.070616889898784e-05
2024-02-28,1,ridge,170,0.001825782470381121,0.0005014540626292794
2024-02-29,1,ridge,170,-0.002884340044086997,0.0001506072956423243
2024-03-01,1,ridge,170,-0.0002888921008104006,-0.0002842976814268884
2024-03-04,1,ridge,170,-0.0002889755835742136,0.00029124449784439144
2024-03-05,1,ridge,170,-0.004151186151394093,0.0009239941420125171
2024-03-06,1,ridge,170,-0.005334897953034989,1.7845237223432524e-05
2024-03-07,1,ridge,170,-0.001070403449645596,0.0003691740864229447
2024-01-12,1,ridge,171,0.0,-3.83788077856575e-05
2024-01-15,1,ridge,171,0.009331327428884428,0.000236762851019042
2024-01-16,1,ridge,171,0.0008703641572607168,0.0006346360203175285
2024-01-17,1,ridge,171,0.0008696072822029777,0.0009740870390252627
2024-01-18,1,ridge,171,-0.002417445455213496,-0.0003704352563412781
2024-01-19,1,ridge,171,0.0003871842077218801,-5.887201811405912e-05
2024-01-22,1,ridge,171,0.002802611160378277,1.6502313095310826e-05
2024-01-23,1,ridge,171,-0.003673986536228746,0.000232745966998049
2024-01-24,1,ridge,171,0.003191337750374501,-0.0002684514075072422
2024-01-25,1,ridge,171,-0.001352657211075581,-0.00020292092301013714
2024-01-26,1,ridge,171,0.001738794873948457,0.00026139661351003797
2024-01-29,1,ridge,171,-0.002028888189332001,-7.213328860185229e-05
2024-01-30,1,ridge,171,-0.001258044391016178,0.0003017304290147404
2024-01-31,1,ridge,171,-0.002132610346844643,0.0011021949851320015
2024-02-01,1,ridge,171,0.008407065025876292,2.0156965055743775e-05
2024-02-02,1,ridge,171,0.005087115640230344,0.00030784544319110226
2024-02-05,1,ridge,171,-0.002300393998238448,0.00011458006257962843
2024-02-06,1,ridge,171,-0.001440438142178202,-0.00032677925013303627
2024-02-07,1,ridge,171,0.001056524134199321,-6.804178664893918e-05
2024-02-08,1,ridge,171,-0.0005761475096957014,-8.563410209030516e-05
2024-02-09,1,ridge,171,0.0005761475096957014,0.00011918500963673799
2024-02-12,1,ridge,171,0.007555145199421354,-3.6479864967061396e-05
2024-02-13,1,ridge,171,-0.00228920359413376,0.0005025410478024107
2024-02-14,1,ridge,171,-0.004018759594917931,-5.8411915972517446e-05
2024-02-15,1,ridge,171,0.0,-0.00041368728080687313
2024-02-16,1,ridge,171,-9.588187360520806e-05,-0.00015291620088812247
2024-02-19,1,ridge,171,-0.002015645928871379,0.00022183062402228988
2024-02-20,1,ridge,171,-0.0006727858392086006,0.00029375198111522766
2024-02-21,1,ridge,171,-0.0004808385917520752,7.276463814975619e-05
2024-02-22,1,ridge,171,-0.0001924001929936026,-0.0007125608352467452
2024-02-23,1,ridge,171,-0.001058863264933763,0.00020979041186421174
2024-02-26,1,ridge,171,0.0,0.0001535041375323181
2024-02-27,1,ridge,171,0.001347449674516277,5.77277497719079e-06
2024-02-28,1,ridge,171,0.001825782470381121,0.0004715716085863245
2024-02-29,1,ridge,171,-0.002884340044086997,0.00012868822678813575
2024-03-01,1,ridge,171,-0.0002888921008104006,-0.0003118728295743355
2024-03-04,1,ridge,171,-0.0002889755835742136,0.0002595632279268752
2024-03-05,1,ridge,171,-0.004151186151394093,0.0009010962009127333
2024-03-06,1,ridge,171,-0.005334897953034989,-1.2036158519397578e-05
2024-03-07,1,ridge,171,-0.001070403449645596,0.0003425920341283778
2024-03-08,1,ridge,171,0.001556571965225295,0.0008159338266607612
2024-03-11,1,ridge,171,0.0008745081449328396,0.00048221851114432725
2024-03-12,1,ridge,171,-0.001652491263040901,-8.952881628351386e-05
2024-03-13,1,ridge,171,0.00552996800946115,0.00021722545493130555
2024-03-14,1,ridge,171,0.0006770153554205294,0.0006959849426976183
2024-03-15,1,ridge,171,0.001545744680298888,0.0005903696491779013
2024-03-18,1,ridge,171,0.002410452885769132,2.7089066355051605e-05
2024-03-19,1,ridge,171,-0.004149583758896291,0.00027620390799230047
2024-03-20,1,ridge,171,0.005689229944488616,9.413194392452953e-05
2024-03-21,1,ridge,171,0.004509049708044444,0.0001728071130161274
2024-03-22,1,ridge,171,-0.002204016032827383,0.0006442034823445899
2024-03-25,1,ridge,171,0.0004795473165319919,0.00027232732316871986
2024-03-26,1,ridge,171,0.0005751533900877348,0.0003727885149708652
2024-03-27,1,ridge,171,0.001914792351433547,8.29621824894243e-05
2024-03-28,1,ridge,171,0.0,0.0002426688690322924
2024-03-29,1,ridge,171,0.004485382335070121,0.00022964752206098253
2024-04-01,1,ridge,171,-0.001906214835693198,0.00047954648926715074
2024-04-02,1,ridge,171,-0.005452732695109042,0.00041238467659255636
2024-04-03,1,ridge,171,-0.001247780552546374,0.0002291630332073164
2024-04-04,1,ridge,171,0.001727281880362419,0.0006416294383449991
2024-02-09,1,ridge,172,0.0005761475096957014,0.00025146622859249806
2024-02-12,1,ridge,172,0.007555145199421354,9.597446704828663e-05
2024-02-13,1,ridge,172,-0.00228920359413376,0.0006327523544703364
2024-02-14,1,ridge,172,-0.004018759594917931,7.161960653049719e-05
2024-02-15,1,ridge,172,0.0,-0.0002854294472790954
2024-02-16,1,ridge,172,-9.588187360520806e-05,-2.6809938905835763e-05
2024-02-19,1,ridge,172,-0.002015645928871379,0.00035183673401566385
2024-02-20,1,ridge,172,-0.0006727858392086006,0.00042291221843574107
2024-02-21,1,ridge,172,-0.0004808385917520752,0.00020017492840909175
2024-02-22,1,ridge,172,-0.0001924001929936026,-0.0005834000724830212
2024-02-23,1,ridge,172,-0.001058863264933763,0.0003438795037165556
2024-02-26,1,ridge,172,0.0,0.0002883865077363641
2024-02-27,1,ridge,172,0.001347449674516277,0.00013437946646883536
2024-02-28,1,ridge,172,0.001825782470381121,0.000607019697510621
2024-02-29,1,ridge,172,-0.002884340044086997,0.0002582361024335895
2024-03-01,1,ridge,172,-0.0002888921008104006,-0.00018770210589910702
2024-03-04,1,ridge,172,-0.0002889755835742136,0.000391183637602989
2024-03-05,1,ridge,172,-0.004151186151394093,0.0010327654499318489
2024-03-06,1,ridge,172,-0.005334897953034989,0.00011497194087627607
2024-03-07,1,ridge,172,-0.001070403449645596,0.0004729561715161834
2024-03-08,1,ridge,172,0.001556571965225295,0.000942608059161766
2024-03-11,1,ridge,172,0.0008745081449328396,0.0006099646078122351
2024-03-12,1,ridge,172,-0.001652491263040901,3.8507569743486645e-05
2024-03-13,1,ridge,172,0.00552996800946115,0.0003451007801650067
2024-03-14,1,ridge,172,0.0006770153554205294,0.0008235259080370736
2024-03-15,1,ridge,172,0.001545744680298888,0.0007205821941494541
2024-03-18,1,ridge,172,0.002410452885769132,0.000152651625293046
2024-03-19,1,ridge,172,-0.004149583758896291,0.00040612922082331046
2024-03-20,1,ridge,172,0.005689229944488616,0.00022604768723270653
2024-03-21,1,ridge,172,0.004509049708044444,0.00029781761619320803
2024-03-22,1,ridge,172,-0.002204016032827383,0.0007777933433355461
2024-03-25,1,ridge,172,0.0004795473165319919,0.00039729254195350447
2024-03-26,1,ridge,172,0.0005751533900877348,0.0004985272633124291
2024-03-27,1,ridge,172,0.001914792351433547,0.00021637138920765938
2024-03-28,1,ridge,172,0.0,0.00037063656648603325
2024-03-29,1,ridge,172,0.004485382335070121,0.000359477857017689
2024-04-01,1,ridge,172,-0.001906214835693198,0.0006084991757752472
2024-04-02,1,ridge,172,-0.005452732695109042,0.0005379076456596348
2024-04-03,1,ridge,172,-0.001247780552546374,0.00036212879168306565
2024-04-04,1,ridge,172,0.001727281880362419,0.0007716657076468065
2024-04-05,1,ridge,172,-0.001535214271974006,0.0005683148352468891
2024-04-08,1,ridge,172,9.601997222841163e-05,0.00041564743459236156
2024-04-09,1,ridge,172,0.01050630485551007,0.0005937320772497867
2024-04-10,1,ridge,172,0.0002849950145158431,0.0008012771005751595
2024-04-11,1,ridge,172,0.007192913843817372,0.0005058458715416993
2024-04-12,1,ridge,172,0.00160188491262403,0.0010145705548786125
2024-04-15,1,ridge,172,0.0004706546893489261,0.0008547563114207147
2024-04-16,1,ridge,172,-0.002921636308489184,0.0010299075495708615
2024-04-17,1,ridge,172,0.001885903434956759,0.0009613672936558582
2024-04-18,1,ridge,172,0.0,0.0004609641872166305
2024-04-19,1,ridge,172,-0.0006596617117127224,0.0009652765387493214
2024-04-22,1,ridge,172,-0.00377786622348264,9.532559929803074e-05
2024-04-23,1,ridge,172,0.001701806215772095,-0.0002524693207646072
2024-04-24,1,ridge,172,-0.002459095157680835,0.0002528122318397644
2024-04-25,1,ridge,172,0.003214524844219468,0.0005389147342457249
2024-04-26,1,ridge,172,-0.003403936720910217,4.868587893234783e-05
2024-04-29,1,ridge,172,0.006043455598782721,0.0004137221612767302
2024-04-30,1,ridge,172,-0.004434597067865198,0.001205194649861875
2024-05-01,1,ridge,172,-0.004264398786458123,0.00092602603862768
2024-05-02,1,ridge,172,-0.002567395505245429,0.00011923608711996675
2024-03-08,1,ridge,173,0.001556571965225295,0.0008092194789941676
2024-03-11,1,ridge,173,0.0008745081449328396,0.0005141189744785431
2024-03-12,1,ridge,173,-0.001652491263040901,-9.052083203574016e-05
2024-03-13,1,ridge,173,0.00552996800946115,0.0002301611343613138
2024-03-14,1,ridge,173,0.0006770153554205294,0.0006885081602554319
2024-03-15,1,ridge,173,0.001545744680298888,0.0006163063789479894
2024-03-18,1,ridge,173,0.002410452885769132,2.240710474415945e-05
2024-03-19,1,ridge,173,-0.004149583758896291,0.00027529768203510816
2024-03-20,1,ridge,173,0.005689229944488616,0.0001150689800032553
2024-03-21,1,ridge,173,0.004509049708044444,0.00015479144728502354
2024-03-22,1,ridge,173,-0.002204016032827383,0.0006537674647404259
2024-03-25,1,ridge,173,0.0004795473165319919,0.0002746577890522089
2024-03-26,1,ridge,173,0.0005751533900877348,0.0003766386941981956
2024-03-27,1,ridge,173,0.001914792351433547,9.414920557047725e-05
2024-03-28,1,ridge,173,0.0,0.00023320564435265137
2024-03-29,1,ridge,173,0.004485382335070121,0.00024261615656100436
2024-04-01,1,ridge,173,-0.001906214835693198,0.0004883526280330063
2024-04-02,1,ridge,173,-0.005452732695109042,0.0004006450215708762
2024-04-03,1,ridge,173,-0.001247780552546374,0.00023962687405543323
2024-04-04,1,ridge,173,0.001727281880362419,0.000644366573360263
2024-04-05,1,ridge,173,-0.001535214271974006,0.00043578584855766885
2024-04-08,1,ridge,173,9.601997222841163e-05,0.00029581175525261033
2024-04-09,1,ridge,173,0.01050630485551007,0.0004709870872144146
2024-04-10,1,ridge,173,0.0002849950145158431,0.0006798167836118397
2024-04-11,1,ridge,173,0.007192913843817372,0.00037484962459429546
2024-04-12,1,ridge,173,0.00160188491262403,0.0008964224175953099
2024-04-15,1,ridge,173,0.0004706546893489261,0.000726601776827169
2024-04-16,1,ridge,173,-0.002921636308489184,0.0009097895438446088
2024-04-17,1,ridge,173,0.001885903434956759,0.0008203157642348045
2024-04-18,1,ridge,173,0.0,0.000332067738984597
2024-04-19,1,ridge,173,-0.0006596617117127224,0.000838870248126397
2024-04-22,1,ridge,173,-0.00377786622348264,-2.9032120558110088e-05
2024-04-23,1,ridge,173,0.001701806215772095,-0.00038172112564373035
2024-04-24,1,ridge,173,-0.002459095157680835,0.0001434848050795837
2024-04-25,1,ridge,173,0.003214524844219468,0.0004290568081920889
2024-04-26,1,ridge,173,-0.003403936720910217,-9.701726770238527e-05
2024-04-29,1,ridge,173,0.006043455598782721,0.000292337720426139
2024-04-30,1,ridge,173,-0.004434597067865198,0.0010935183406479239
2024-05-01,1,ridge,173,-0.004264398786458123,0.0007862825145511147
2024-05-02,1,ridge,173,-0.002567395505245429,4.143985543537178e-06
2024-05-03,1,ridge,173,0.0001904036563251665,8.988498417404419e-05
2024-05-06,1,ridge,173,0.003421080976088398,-3.1182758553429285e-05
2024-05-07,1,ridge,173,0.001327266027232099,0.00022730075473621365
2024-05-08,1,ridge,173,-0.003036343541609199,0.00042520563764316207
2024-05-09,1,ridge,173,0.0006649883872089646,-0.00010082248588081898
2024-05-10,1,ridge,173,-0.0007600228372686146,9.301479914560203e-05
2024-05-13,1,ridge,173,-0.00199781258475884,0.0003962085490843031
2024-05-14,1,ridge,173,-0.006304950194692793,0.00019055811342461764
2024-05-15,1,ridge,173,0.001053589484943274,-2.8544272029476097e-05
2024-05-16,1,ridge,173,-0.0001914791772241742,0.0005433446473371382
2024-05-17,1,ridge,173,0.001243959779569259,0.00030640941649137985
2024-05-20,1,ridge,173,0.0008602973335642972,0.0002992313406727759
2024-05-21,1,ridge,173,0.002576460225757415,0.0006937413680614404
2024-05-22,1,ridge,173,0.001713959665443632,0.0008916149470407256
2024-05-23,1,ridge,173,-0.003717299233618299,0.0008478715930202975
2024-05-24,1,ridge,173,-0.001146569970821965,0.00027759159304899196
2024-05-27,1,ridge,173,9.559772484646345e-05,0.00025907548292559025
2024-05-28,1,ridge,173,0.004673128527236337,0.0005839170173596969
2024-05-29,1,ridge,173,-0.003622156281260835,0.0010800522956995885
2024-05-30,1,ridge,173,-0.0004775777348520194,0.0007987375763803638
2024-04-05,1,ridge,174,-0.001535214271974006,0.0005654734913625081
2024-04-08,1,ridge,174,9.601997222841163e-05,0.00043781441421475415
2024-04-09,1,ridge,174,0.01050630485551007,0.0006129637349104639
2024-04-10,1,ridge,174,0.0002849950145158431,0.0008115988368480236
2024-04-11,1,ridge,174,0.007192913843817372,0.000502673170903111
2024-04-12,1,ridge,174,0.00160188491262403,0.001031438006674892
2024-04-15,1,ridge,174,0.0004706546893489261,0.0008526388531733371
2024-04-16,1,ridge,174,-0.002921636308489184,0.001041407264139046
2024-04-17,1,ridge,174,0.001885903434956759,0.0009391901436441791
2024-04-18,1,ridge,174,0.0,0.00046217251915461134
2024-04-19,1,ridge,174,-0.0006596617117127224,0.0009677380348932861
2024-04-22,1,ridge,174,-0.00377786622348264,0.00010185769806628355
2024-04-23,1,ridge,174,0.001701806215772095,-0.0002526529982754203
2024-04-24,1,ridge,174,-0.002459095157680835,0.00028671411423154646
2024-04-25,1,ridge,174,0.003214524844219468,0.000569317348807068
2024-04-26,1,ridge,174,-0.003403936720910217,1.8721315135877e-05
2024-04-29,1,ridge,174,0.006043455598782721,0.0004241366704494071
2024-04-30,1,ridge,174,-0.004434597067865198,0.0012274202465898639
2024-05-01,1,ridge,174,-0.004264398786458123,0.0009071914889451698
2024-05-02,1,ridge,174,-0.002567395505245429,0.00014081841579895722
2024-05-03,1,ridge,174,0.0001904036563251665,0.00021493301416758155
2024-05-06,1,ridge,174,0.003421080976088398,0.00010377046781069509
2024-05-07,1,ridge,174,0.001327266027232099,0.00035125782151859507
2024-05-08,1,ridge,174,-0.003036343541609199,0.0005535856295468056
2024-05-09,1,ridge,174,0.0006649883872089646,3.604573861930164e-05
2024-05-10,1,ridge,174,-0.0007600228372686146,0.00023604851063426712
2024-05-13,1,ridge,174,-0.00199781258475884,0.0005120663843348901
2024-05-14,1,ridge,174,-0.006304950194692793,0.0003417901794211925
2024-05-15,1,ridge,174,0.001053589484943274,9.975891624507124e-05
2024-05-16,1,ridge,174,-0.0001914791772241742,0.0006671121962754166
2024-05-17,1,ridge,174,0.001243959779569259,0.00043619010424783534
2024-05-20,1,ridge,174,0.0008602973335642972,0.0004381284578997967
2024-05-21,1,ridge,174,0.002576460225757415,0.0008181855083494642
2024-05-22,1,ridge,174,0.001713959665443632,0.0010175738615480065
2024-05-23,1,ridge,174,-0.003717299233618299,0.0009813410756572163
2024-05-24,1,ridge,174,-0.001146569970821965,0.0004145892403325406
2024-05-27,1,ridge,174,9.559772484646345e-05,0.00037471809568889486
2024-05-28,1,ridge,174,0.004673128527236337,0.0007139991833678102
2024-05-29,1,ridge,174,-0.003622156281260835,0.0012184135269555606
2024-05-30,1,ridge,174,-0.0004775777348520194,0.0009233491644685264
2024-05-31,1,ridge,174,-0.005076396132039918,0.00047543814835758957
2024-06-03,1,ridge,174,-0.0002881152480913585,0.00047570992953183415
2024-06-04,1,ridge,174,0.001535656314840317,0.0011302248867879595
2024-06-05,1,ridge,174,-0.001631713180578309,0.00026915971387582
2024-06-06,1,ridge,174,0.007560206352589027,0.0003596699451228663
2024-06-07,1,ridge,174,0.002475720175196372,0.0011085770272208219
2024-06-10,1,ridge,174,0.0007605286040117676,0.0003191195172369251
2024-06-11,1,ridge,174,-0.005622543043831918,0.0007593361149725113
2024-06-12,1,ridge,174,0.005337412594720981,0.00011261154940371177
2024-06-13,1,ridge,174,0.003321473990720136,0.0009450487042298678
2024-06-14,1,ridge,174,-0.002181439666220975,0.0008456209662320241
2024-06-17,1,ridge,174,-0.000569854702475503,0.0003404024094254856
2024-06-18,1,ridge,174,-9.500736314205227e-05,0.00028487980082016385
2024-06-19,1,ridge,174,0.003225197255932066,0.000485936415420315
2024-06-20,1,ridge,174,0.001986849605775554,0.00045888948614814515
2024-06-21,1,ridge,174,-0.003123967135675976,0.00100140667102889
2024-06-24,1,ridge,174,0.001326511469859959,0.0003425089380087463
2024-06-25,1,ridge,174,0.004157617252309009,0.0007893869569115014
2024-06-26,1,ridge,174,-0.00132100415511438,0.000557684681736623
2024-06-27,1,ridge,174,-0.0003777505002888759,0.0006061253125493988
2024-05-03,1,ridge,175,0.0001904036563251665,0.00022749757670870348
2024-05-06,1,ridge,175,0.003421080976088398,0.00012172566499455052
2024-05-07,1,ridge,175,0.001327266027232099,0.00035869257194835855
2024-05-08,1,ridge,175,-0.003036343541609199,0.0005703612449677172
2024-05-09,1,ridge,175,0.0006649883872089646,5.8780258952005214e-05
2024-05-10,1,ridge,175,-0.0007600228372686146,0.00025887540226095555
2024-05-13,1,ridge,175,-0.00199781258475884,0.0005160111473594712
2024-05-14,1,ridge,175,-0.006304950194692793,0.00037192244955769875
2024-05-15,1,ridge,175,0.001053589484943274,0.00012006908863806639
2024-05-16,1,ridge,175,-0.0001914791772241742,0.0006753565626792205
2024-05-17,1,ridge,175,0.001243959779569259,0.00045721370262683913
2024-05-20,1,ridge,175,0.0008602973335642972,0.00046134070393836623
2024-05-21,1,ridge,175,0.002576460225757415,0.0008348334335455839
2024-05-22,1,ridge,175,0.001713959665443632,0.001030007301037727
2024-05-23,1,ridge,175,-0.003717299233618299,0.0009957275165927877
2024-05-24,1,ridge,175,-0.001146569970821965,0.0004384736021437546
2024-05-27,1,ridge,175,9.559772484646345e-05,0.00038143704145969856
2024-05-28,1,ridge,175,0.004673128527236337,0.0007291695594675133
2024-05-29,1,ridge,175,-0.003622156281260835,0.00124103836599914
2024-05-30,1,ridge,175,-0.0004775777348520194,0.0009428919126251792
2024-05-31,1,ridge,175,-0.005076396132039918,0.0004873168666079595
2024-06-03,1,ridge,175,-0.0002881152480913585,0.0005058093102947273
2024-06-04,1,ridge,175,0.001535656314840317,0.001137234616260581
2024-06-05,1,ridge,175,-0.001631713180578309,0.0002822066088390501
2024-06-06,1,ridge,175,0.007560206352589027,0.0003844774335835575
2024-06-07,1,ridge,175,0.002475720175196372,0.0011141278475942564
2024-06-10,1,ridge,175,0.0007605286040117676,0.00034051677937821297
2024-06-11,1,ridge,175,-0.005622543043831918,0.0007745444946008363
2024-06-12,1,ridge,175,0.005337412594720981,0.00013916612294877543
2024-06-13,1,ridge,175,0.003321473990720136,0.0009544565941464376
2024-06-14,1,ridge,175,-0.002181439666220975,0.0008664055800922854
2024-06-17,1,ridge,175,-0.000569854702475503,0.00035224746348619363
2024-06-18,1,ridge,175,-9.500736314205227e-05,0.0003049182683820885
2024-06-19,1,ridge,175,0.003225197255932066,0.0004951248602391797
2024-06-20,1,ridge,175,0.001986849605775554,0.00047743209701511574
2024-06-21,1,ridge,175,-0.003123967135675976,0.001014494025050957
2024-06-24,1,ridge,175,0.001326511469859959,0.0003615256159739531
2024-06-25,1,ridge,175,0.004157617252309009,0.0007962058307879665
2024-06-26,1,ridge,175,-0.00132100415511438,0.0005706659815366522
2024-06-27,1,ridge,175,-0.0003777505002888759,0.0006284651705400741
2024-06-28,1,ridge,175,0.0002833262520720581,0.0007730541242153386
2024-07-01,1,ridge,175,-0.001701162871272643,0.00021328465513185567
2024-07-02,1,ridge,175,-0.003031453628826064,0.0006362468830580299
2024-07-03,1,ridge,175,-0.00256495651952271,-6.177362391202279e-05
2024-07-04,1,ridge,175,-0.002380840132294892,0.000467566097698021
2024-07-05,1,ridge,175,0.001143510702078743,0.0005129937386754721
2024-07-08,1,ridge,175,0.00123732943021615,0.0010983815260018368
2024-07-09,1,ridge,175,-0.000761252296729964,0.0007951823786230064
2024-07-10,1,ridge,175,-0.005823683460080886,4.7565451442884603e-05
2024-07-11,1,ridge,175,-0.003356834303551715,0.0006704501751523375
2024-07-12,1,ridge,175,0.0009602458967155059,0.0003925959241194865
2024-07-15,1,ridge,175,0.000767533377409535,0.001066668928555146
2024-07-16,1,ridge,175,-0.004999529690693727,0.0008200290184268118
2024-07-17,1,ridge,175,0.004040020885549112,0.0010312377224838795
2024-07-18,1,ridge,175,0.002205495452181516,0.0011686037749648406
2024-07-19,1,ridge,175,-0.0008624407606587781,0.0016752341247231936
2024-07-22,1,ridge,175,0.00134125331469459,0.000355262606421172
2024-07-23,1,ridge,175,-0.0005746025823674117,0.0011134400211689098
2024-07-24,1,ridge,175,-0.0002874251516793436,0.0016007369552345034
2024-07-25,1,ridge,175,-0.0003833620901847468,0.0013351457939603736
2024-05-31,1,ridge,176,-0.005076396132039918,0.00042465062051809063
2024-06-03,1,ridge,176,-0.0002881152480913585,0.0004296125141221302
2024-06-04,1,ridge,176,0.001535656314840317,0.001089272805045267
2024-06-05,1,ridge,176,-0.001631713180578309,0.0002292638970053487
2024-06-06,1,ridge,176,0.007560206352589027,0.00031046125369232306
2024-06-07,1,ridge,176,0.002475720175196372,0.0010514177739213483
2024-06-10,1,ridge,176,0.0007605286040117676,0.00026930510962351237
2024-06-11,1,ridge,176,-0.005622543043831918,0.0007150700178515598
2024-06-12,1,ridge,176,0.005337412594720981,6.912000469779092e-05
2024-06-13,1,ridge,176,0.003321473990720136,0.0008896937232544378
2024-06-14,1,ridge,176,-0.002181439666220975,0.0008032327501943849
2024-06-17,1,ridge,176,-0.000569854702475503,0.0002921634799352753
2024-06-18,1,ridge,176,-9.500736314205227e-05,0.00024062016271394408
2024-06-19,1,ridge,176,0.003225197255932066,0.0004367256355015418
2024-06-20,1,ridge,176,0.001986849605775554,0.0004050049951689526
2024-06-21,1,ridge,176,-0.003123967135675976,0.00094833084272737
2024-06-24,1,ridge,176,0.001326511469859959,0.000293873032118293
2024-06-25,1,ridge,176,0.004157617252309009,0.0007410317355011475
2024-06-26,1,ridge,176,-0.00132100415511438,0.0005005190134027935
2024-06-27,1,ridge,176,-0.0003777505002888759,0.0005575593684716414
2024-06-28,1,ridge,176,0.0002833262520720581,0.0007143626633061048
2024-07-01,1,ridge,176,-0.001701162871272643,0.00012777863575125155
2024-07-02,1,ridge,176,-0.003031453628826064,0.0005973779892011861
2024-07-03,1,ridge,176,-0.00256495651952271,-0.00012837959505681646
2024-07-04,1,ridge,176,-0.002380840132294892,0.00041165216301398115
2024-07-05,1,ridge,176,0.001143510702078743,0.0004027934665233358
2024-07-08,1,ridge,176,0.00123732943021615,0.0010607850591633605
2024-07-09,1,ridge,176,-0.000761252296729964,0.0007347336833611873
2024-07-10,1,ridge,176,-0.005823683460080886,-2.7785392801640124e-05
2024-07-11,1,ridge,176,-0.003356834303551715,0.0006391193203683586
2024-07-12,1,ridge,176,0.0009602458967155059,0.0003131603955536875
2024-07-15,1,ridge,176,0.000767533377409535,0.0010043187727664204
2024-07-16,1,ridge,176,-0.004999529690693727,0.000758097065534648
2024-07-17,1,ridge,176,0.004040020885549112,0.0009642770311005695
2024-07-18,1,ridge,176,0.002205495452181516,0.001089617528859508
2024-07-19,1,ridge,176,-0.0008624407606587781,0.0016275855750124803
2024-07-22,1,ridge,176,0.00134125331469459,0.0002941721059204024
2024-07-23,1,ridge,176,-0.0005746025823674117,0.0010384592120693513
2024-07-24,1,ridge,176,-0.0002874251516793436,0.0015431945445101083
2024-07-25,1,ridge,176,-0.0003833620901847468,0.0012755129980909726
2024-07-26,1,ridge,176,0.0022979711376232,0.0002577359507411124
2024-07-29,1,ridge,176,-9.564344132328984e-05,0.0006564694233769353
2024-07-30,1,ridge,176,-0.004313450253719431,0.000940785166873083
2024-07-31,1,ridge,176,0.00306925236148281,-0.0003498774598765318
2024-08-01,1,ridge,176,-0.01165548040456432,0.0017044473452807228
2024-08-02,1,ridge,176,-0.005051006367637889,0.0021315632575150123
2024-08-05,1,ridge,176,0.002722942458455613,0.0029547945381660228
2024-08-06,1,ridge,176,0.002231169378802633,0.000197776451460909
2024-08-07,1,ridge,176,9.689453037964313e-05,0.0005269566185624379
2024-08-08,1,ridge,176,-0.0006784589550292708,0.00012238277498811322
2024-08-09,1,ridge,176,0.0,0.0002435311752791309
2024-08-12,1,ridge,176,-0.005639295450452941,0.0003993127355271025
2024-08-13,1,ridge,176,9.749914695955653e-05,0.00012154932823326916
2024-08-14,1,ridge,176,0.003989302298676556,0.0007510200834023653
2024-08-15,1,ridge,176,-0.005062316106939413,-8.620306866385257e-06
2024-08-16,1,ridge,176,-0.005578678524862823,0.00040236565230485083
2024-08-19,1,ridge,176,-0.004426309297278053,0.0007773247588205827
2024-08-20,1,ridge,176,-0.003951012646679963,0.001124504935914037
2024-08-21,1,ridge,176,0.00464083775410451,0.001036139352870454
2024-08-22,1,ridge,176,-0.007812926060248415,0.00107725711095492
2024-06-28,1,ridge,177,0.0002833262520720581,0.0007652009574715256
2024-07-01,1,ridge,177,-0.001701162871272643,0.00020328974576213417
2024-07-02,1,ridge,177,-0.003031453628826064,0.0006319357150765363
2024-07-03,1,ridge,177,-0.00256495651952271,-6.376526251883276e-05
2024-07-04,1,ridge,177,-0.002380840132294892,0.00046659316339143055
2024-07-05,1,ridge,177,0.001143510702078743,0.0004981381611246618
2024-07-08,1,ridge,177,0.00123732943021615,0.0010904887585034158
2024-07-09,1,ridge,177,-0.000761252296729964,0.0007844990380158146
2024-07-10,1,ridge,177,-0.005823683460080886,3.9995588384288475e-05
2024-07-11,1,ridge,177,-0.003356834303551715,0.0006838989216243316
2024-07-12,1,ridge,177,0.0009602458967155059,0.0003943769718002979
2024-07-15,1,ridge,177,0.000767533377409535,0.0010585713511232467
2024-07-16,1,ridge,177,-0.004999529690693727,0.0008120330047501484
2024-07-17,1,ridge,177,0.004040020885549112,0.001032639264084952
2024-07-18,1,ridge,177,0.002205495452181516,0.0011620019025545755
2024-07-19,1,ridge,177,-0.0008624407606587781,0.001659087359179237
2024-07-22,1,ridge,177,0.00134125331469459,0.00035246773989764486
2024-07-23,1,ridge,177,-0.0005746025823674117,0.0011015524695785445
2024-07-24,1,ridge,177,-0.0002874251516793436,0.0015980988535608488
2024-07-25,1,ridge,177,-0.0003833620901847468,0.001325035828018908
2024-07-26,1,ridge,177,0.0022979711376232,0.00032263197448234387
2024-07-29,1,ridge,177,-9.564344132328984e-05,0.0007143244121257937
2024-07-30,1,ridge,177,-0.004313450253719431,0.0010005185974150883
2024-07-31,1,ridge,177,0.00306925236148281,-0.0002871462016687119
2024-08-01,1,ridge,177,-0.01165548040456432,0.0017641338604337245
2024-08-02,1,ridge,177,-0.005051006367637889,0.002198753319792823
2024-08-05,1,ridge,177,0.002722942458455613,0.0030265558490053628
2024-08-06,1,ridge,177,0.002231169378802633,0.0002559011451372082
2024-08-07,1,ridge,177,9.689453037964313e-05,0.0005709979292970605
2024-08-08,1,ridge,177,-0.0006784589550292708,0.00016589024286990932
2024-08-09,1,ridge,177,0.0,0.00032725788755015914
2024-08-12,1,ridge,177,-0.005639295450452941,0.0004551416019773222
2024-08-13,1,ridge,177,9.749914695955653e-05,0.0001805406745226828
2024-08-14,1,ridge,177,0.003989302298676556,0.0008125880174054572
2024-08-15,1,ridge,177,-0.005062316106939413,5.7235359593191856e-05
2024-08-16,1,ridge,177,-0.005578678524862823,0.0004627707560594937
2024-08-19,1,ridge,177,-0.004426309297278053,0.0008282452069497111
2024-08-20,1,ridge,177,-0.003951012646679963,0.0011777562054068945
2024-08-21,1,ridge,177,0.00464083775410451,0.0011024263831009471
2024-08-22,1,ridge,177,-0.007812926060248415,0.0011337019836727906
2024-08-23,1,ridge,177,0.001289874664129442,0.00031818079769684575
2024-08-26,1,ridge,177,-0.002979148181560198,0.0010120879939617068
2024-08-27,1,ridge,177,0.005356092947305768,0.001084086939647636
2024-08-28,1,ridge,177,0.002469990881796669,0.0013629067547239583
2024-08-29,1,ridge,177,0.003546103006750734,0.0007012208126430794
2024-08-30,1,ridge,177,-0.0004917629801584056,0.0008542408927348119
2024-09-02,1,ridge,177,0.001671008399834584,0.0007162118228387377
2024-09-03,1,ridge,177,-0.004528012461306297,0.0023025362389171317
2024-09-04,1,ridge,177,-0.002469502909575816,0.0013857758400277291
2024-09-05,1,ridge,177,0.000692075760482247,0.0011384436499038565
2024-09-06,1,ridge,177,0.003650179162603351,0.0018463309073220616
2024-09-09,1,ridge,177,0.0007874791232813649,0.0005980460229000785
2024-09-10,1,ridge,177,0.0004918597315235473,0.0010684796058237581
2024-09-11,1,ridge,177,-0.003053437486890687,0.000623451063138222
2024-09-12,1,ridge,177,-0.002568156290999823,-0.0001349676196799991
2024-09-13,1,ridge,177,-0.003467581618898485,0.0006001760528499577
2024-09-16,1,ridge,177,0.001289362935878557,0.0006617785344023685
2024-09-17,1,ridge,177,-0.002878556754649431,0.0007377523877305776
2024-09-18,1,ridge,177,9.939863832020279e-05,0.0009772929709257181
2024-09-19,1,ridge,177,0.001092733432132675,-0.00018121638111090748
2024-07-26,1,ridge,178,0.0022979711376232,0.0001595809520309001
2024-07-29,1,ridge,178,-9.564344132328984e-05,0.0005405701832037829
2024-07-30,1,ridge,178,-0.004313450253719431,0.0008292740840158859
2024-07-31,1,ridge,178,0.00306925236148281,-0.00047020091884926815
2024-08-01,1,ridge,178,-0.01165548040456432,0.0016018848208264349
2024-08-02,1,ridge,178,-0.005051006367637889,0.002048058551966968
2024-08-05,1,ridge,178,0.002722942458455613,0.0028993940925496516
2024-08-06,1,ridge,178,0.002231169378802633,8.555140385205825e-05
2024-08-07,1,ridge,178,9.689453037964313e-05,0.0003838522001989456
2024-08-08,1,ridge,178,-0.0006784589550292708,-1.8957142280641534e-05
2024-08-09,1,ridge,178,0.0,0.0001985427356189051
2024-08-12,1,ridge,178,-0.005639295450452941,0.0002837729240480809
2024-08-13,1,ridge,178,9.749914695955653e-05,1.5205899277821223e-05
2024-08-14,1,ridge,178,0.003989302298676556,0.0006586536334831448
2024-08-15,1,ridge,178,-0.005062316106939413,-9.355053285190905e-05
2024-08-16,1,ridge,178,-0.005578678524862823,0.000291240882748568
2024-08-19,1,ridge,178,-0.004426309297278053,0.0006543359847460353
2024-08-20,1,ridge,178,-0.003951012646679963,0.001005205073390118
2024-08-21,1,ridge,178,0.00464083775410451,0.0009593160972231893
2024-08-22,1,ridge,178,-0.007812926060248415,0.0009755197164201125
2024-08-23,1,ridge,178,0.001289874664129442,0.00015093196611446212
2024-08-26,1,ridge,178,-0.002979148181560198,0.0008570046151377226
2024-08-27,1,ridge,178,0.005356092947305768,0.0009176836166549826
2024-08-28,1,ridge,178,0.002469990881796669,0.0012209774100314247
2024-08-29,1,ridge,178,0.003546103006750734,0.000552743324473783
2024-08-30,1,ridge,178,-0.0004917629801584056,0.0006951062450408878
2024-09-02,1,ridge,178,0.001671008399834584,0.0005984909805038269
2024-09-03,1,ridge,178,-0.004528012461306297,0.002108455016542178
2024-09-04,1,ridge,178,-0.002469502909575816,0.0012370704268191675
2024-09-05,1,ridge,178,0.000692075760482247,0.0009715057150735255
2024-09-06,1,ridge,178,0.003650179162603351,0.0017051343459690658
2024-09-09,1,ridge,178,0.0007874791232813649,0.0004267207855902783
2024-09-10,1,ridge,178,0.0004918597315235473,0.0009218124641490587
2024-09-11,1,ridge,178,-0.003053437486890687,0.0004421187757231754
2024-09-12,1,ridge,178,-0.002568156290999823,-0.0002978845699755671
2024-09-13,1,ridge,178,-0.003467581618898485,0.00044433913930546005
2024-09-16,1,ridge,178,0.001289362935878557,0.0004909927251663842
2024-09-17,1,ridge,178,-0.002878556754649431,0.0005917668860517182
2024-09-18,1,ridge,178,9.939863832020279e-05,0.0008176577876501539
2024-09-19,1,ridge,178,0.001092733432132675,-0.000354984445539737
2024-09-20,1,ridge,178,0.001289874664129442,0.0007731717015920707
2024-09-23,1,ridge,178,-0.003775088925998205,0.0007488342518712284
2024-09-24,1,ridge,178,0.004369855002214429,-3.6657413904862747e-06
2024-09-25,1,ridge,178,-0.003872317801046243,0.0010734039939087846
2024-09-26,1,ridge,178,-0.001393728448603859,0.00014471498934936697
2024-09-27,1,ridge,178,0.003976939025664983,0.0004037669231073979
2024-09-30,1,ridge,178,0.004060014489216002,0.0007978714976020589
2024-10-01,1,ridge,178,0.004830689139530442,0.0007782835957116192
2024-10-02,1,ridge,178,0.003044142381227743,0.0002827535013207194
2024-10-03,1,ridge,178,0.005183132233444354,0.0004648405961535429
2024-10-04,1,ridge,178,0.0001950648596835691,6.502318984364467e-05
2024-10-07,1,ridge,178,9.751816283554149e-05,0.0003912295005641871
2024-10-08,1,ridge,178,0.003698661020078653,0.0013142590624783208
2024-10-09,1,ridge,178,0.0005827505992419546,0.00045388627382698964
2024-10-10,1,ridge,178,-0.0009714397499918093,0.00011791467004537722
2024-10-11,1,ridge,178,0.003976919737874063,0.00013571714512798885
2024-10-14,1,ridge,178,-0.0003872966740896544,0.0005026544800108351
2024-10-15,1,ridge,178,0.003190720618508003,0.0012057456694970724
2024-10-16,1,ridge,178,0.002217830329072079,0.0005546289998687908
2024-10-17,1,ridge,178,-0.003183640719001346,0.0003671341552427098
2024-08-23,1,ridge,179,0.001289874664129442,-0.00015470867938761248
2024-08-26,1,ridge,179,-0.002979148181560198,0.0005489109276679202
2024-08-27,1,ridge,179,0.005356092947305768,0.0006061644423063365
2024-08-28,1,ridge,179,0.002469990881796669,0.000932677601851306
2024-08-29,1,ridge,179,0.003546103006750734,0.00025750009429598787
2024-08-30,1,ridge,179,-0.0004917629801584056,0.0004025109695979328
2024-09-02,1,ridge,179,0.001671008399834584,0.0003297913138207857
2024-09-03,1,ridge,179,-0.004528012461306297,0.0017642223606048368
2024-09-04,1,ridge,179,-0.002469502909575816,0.0009193944057886689
2024-09-05,1,ridge,179,0.000692075760482247,0.0006534469726659814
2024-09-06,1,ridge,179,0.003650179162603351,0.0013993754530929627
2024-09-09,1,ridge,179,0.0007874791232813649,0.0001197236209251053
2024-09-10,1,ridge,179,0.0004918597315235473,0.0006246647491663604
2024-09-11,1,ridge,179,-0.003053437486890687,0.00012237528627221593
2024-09-12,1,ridge,179,-0.002568156290999823,-0.0005831347146796242
2024-09-13,1,ridge,179,-0.003467581618898485,0.0001423103176260453
2024-09-16,1,ridge,179,0.001289362935878557,0.00017847365578459775
2024-09-17,1,ridge,179,-0.002878556754649431,0.00029703169680527083
2024-09-18,1,ridge,179,9.939863832020279e-05,0.0005124266206903687
2024-09-19,1,ridge,179,0.001092733432132675,-0.0006525843437914674
2024-09-20,1,ridge,179,0.001289874664129442,0.00045326216250190414
2024-09-23,1,ridge,179,-0.003775088925998205,0.0004451288176384467
2024-09-24,1,ridge,179,0.004369855002214429,-0.0003031498438452173
2024-09-25,1,ridge,179,-0.003872317801046243,0.0007739962935405234
2024-09-26,1,ridge,179,-0.001393728448603859,-0.00014791418405259437
2024-09-27,1,ridge,179,0.003976939025664983,0.00012152309538292048
2024-09-30,1,ridge,179,0.004060014489216002,0.000499926895028779
2024-10-01,1,ridge,179,0.004830689139530442,0.00047711119664243184
2024-10-02,1,ridge,179,0.003044142381227743,1.513225835871973e-06
2024-10-03,1,ridge,179,0.005183132233444354,0.00017958979384898797
2024-10-04,1,ridge,179,0.0001950648596835691,-0.00021136906281151165
2024-10-07,1,ridge,179,9.751816283554149e-05,0.00010368230145928921
2024-10-08,1,ridge,179,0.003698661020078653,0.001052103027299695
2024-10-09,1,ridge,179,0.0005827505992419546,0.00015989624783396535
2024-10-10,1,ridge,179,-0.0009714397499918093,-0.00016501356700395227
2024-10-11,1,ridge,179,0.003976919737874063,-0.00014165399689001657
2024-10-14,1,ridge,179,-0.0003872966740896544,0.0002060224938997153
2024-10-15,1,ridge,179,0.003190720618508003,0.0009214382905670118
2024-10-16,1,ridge,179,0.002217830329072079,0.0002547250499013123
2024-10-17,1,ridge,179,-0.003183640719001346,8.589649205085762e-05
2024-10-18,1,ridge,179,0.005012058684959797,-9.359922179867606e-05
2024-10-21,1,ridge,179,0.0005767012847259778,0.0003616219758475435
2024-10-22,1,ridge,179,0.003453240841690075,0.00010251853952627797
2024-10-23,1,ridge,179,-0.00354933462929985,0.000653309712492758
2024-10-24,1,ridge,179,0.001920123477802349,0.00015131616873933685
2024-10-25,1,ridge,179,0.000575318838382799,4.894143818289407e-05
2024-10-28,1,ridge,179,0.0,0.0003142719978133932
2024-10-29,1,ridge,179,-0.003168357506201147,5.973075971282043e-05
2024-10-30,1,ridge,179,-9.616771657228185e-05,0.0003107324374805044
2024-10-31,1,ridge,179,0.002881016109731682,0.000961800280839052
2024-11-01,1,ridge,179,-0.003746941982861074,-3.860970728598561e-05
2024-11-04,1,ridge,179,-0.004534280114365075,-2.0108448221089792e-05
2024-11-05,1,ridge,179,0.01601875890943028,-0.00047726768229910596
2024-11-06,1,ridge,179,-0.0055343652710933,0.0001843788794351322
2024-11-07,1,ridge,179,0.004677589551111083,-0.0006681005494066324
2024-11-08,1,ridge,179,0.005129677819998513,0.0006229360342675388
2024-11-11,1,ridge,179,0.004537727582138551,0.00042929339663614154
2024-11-12,1,ridge,179,0.00432941852719626,0.000773918101467414
2024-11-13,1,ridge,179,0.001782782550534989,0.00020879271852572857
2024-11-14,1,ridge,179,0.000187476565978173,0.0002139196812830306
2024-09-20,1,ridge,180,0.001289874664129442,0.000406721623479779
2024-09-23,1,ridge,180,-0.003775088925998205,0.00040944343621525294
2024-09-24,1,ridge,180,0.004369855002214429,-0.0003433519976456953
2024-09-25,1,ridge,180,-0.003872317801046243,0.0007414276269955992
2024-09-26,1,ridge,180,-0.001393728448603859,-0.00018827252815334752
2024-09-27,1,ridge,180,0.003976939025664983,8.648725963401092e-05
2024-09-30,1,ridge,180,0.004060014489216002,0.00045943718118119324
2024-10-01,1,ridge,180,0.004830689139530442,0.00043243709562562215
2024-10-02,1,ridge,180,0.003044142381227743,-2.2318953020806272e-05
2024-10-03,1,ridge,180,0.005183132233444354,0.0001386481363166279
2024-10-04,1,ridge,180,0.0001950648596835691,-0.00024714790092077307
2024-10-07,1,ridge,180,9.751816283554149e-05,6.294329229968146e-05
2024-10-08,1,ridge,180,0.003698661020078653,0.0010343245480799973
2024-10-09,1,ridge,180,0.0005827505992419546,0.00012056407522472164
2024-10-10,1,ridge,180,-0.0009714397499918093,-0.0001971626357819778
2024-10-11,1,ridge,180,0.003976919737874063,-0.00015914256621839013
2024-10-14,1,ridge,180,-0.0003872966740896544,0.0001510989959426474
2024-10-15,1,ridge,180,0.003190720618508003,0.0009033992810834992
2024-10-16,1,ridge,180,0.002217830329072079,0.0002091805694815136
2024-10-17,1,ridge,180,-0.003183640719001346,5.8728437505946426e-05
2024-10-18,1,ridge,180,0.005012058684959797,-0.00013934997993404795
2024-10-21,1,ridge,180,0.0005767012847259778,0.00035164980074051924
2024-10-22,1,ridge,180,0.003453240841690075,5.160752055002573e-05
2024-10-23,1,ridge,180,-0.00354933462929985,0.0006169553143011159
2024-10-24,1,ridge,180,0.001920123477802349,0.00011368523512490146
2024-10-25,1,ridge,180,0.000575318838382799,1.57675265180011e-05
2024-10-28,1,ridge,180,0.0,0.0002807449996174751
2024-10-29,1,ridge,180,-0.003168357506201147,2.7178164464481574e-05
2024-10-30,1,ridge,180,-9.616771657228185e-05,0.00027343849732453624
2024-10-31,1,ridge,180,0.002881016109731682,0.0009323048121620916
2024-11-01,1,ridge,180,-0.003746941982861074,-7.533968047450234e-05
2024-11-04,1,ridge,180,-0.004534280114365075,-4.436350590523521e-05
2024-11-05,1,ridge,180,0.01601875890943028,-0.0005074203686678206
2024-11-06,1,ridge,180,-0.0055343652710933,0.0001431513592950143
2024-11-07,1,ridge,180,0.004677589551111083,-0.0006911825949892555
2024-11-08,1,ridge,180,0.005129677819998513,0.0005892148861089768
2024-11-11,1,ridge,180,0.004537727582138551,0.0004026093915855177
2024-11-12,1,ridge,180,0.00432941852719626,0.0007290220043234595
2024-11-13,1,ridge,180,0.001782782550534989,0.0001697184686995177
2024-11-14,1,ridge,180,0.000187476565978173,0.00017779606717863394
2024-11-15,1,ridge,180,-0.003850312311756809,0.0005666351928136752
2024-11-18,1,ridge,180,-0.0006588545581642791,-0.0005299707510709226
2024-11-19,1,ridge,180,0.004415432980365175,-0.0001076991647227192
2024-11-20,1,ridge,180,0.002714722004225401,0.0001976942326476925
2024-11-21,1,ridge,180,0.005407434395699795,-0.00019423674311561432
2024-11-22,1,ridge,180,-0.006810680802114888,-0.00022647752273670477
2024-11-25,1,ridge,180,0.001777113127285901,0.00012305842595543097
2024-11-26,1,ridge,180,-0.008728761601357604,9.099166679359386e-05
2024-11-27,1,ridge,180,0.000565450962196401,-3.206017137363127e-05
2024-11-28,1,ridge,180,-0.003775726592444961,0.000183394082339864
2024-11-29,1,ridge,180,0.006692140532185142,1.8583734782292135e-06
2024-12-02,1,ridge,180,-0.0008458249646698945,0.00017074056335467143
2024-12-03,1,ridge,180,-0.0003761519698288751,-0.00035896015046493063
2024-12-04,1,ridge,180,-0.005753918624418652,1.1913807792622214e-05
2024-12-05,1,ridge,180,0.003305475928412349,0.00022006447101831692
2024-12-06,1,ridge,180,0.0007540056907648918,0.00029730885871962946
2024-12-09,1,ridge,180,0.002446599507795355,2.2899326595524847e-05
2024-12-10,1,ridge,180,0.002909297720929516,0.00038034279702992864
2024-12-11,1,ridge,180,0.002340058165214209,-0.00011491985129632522
2024-12-12,1,ridge,180,0.0003739016682180463,0.00044523965545165763
2024-10-18,1,ridge,181,0.005012058684959797,3.1777467457160305e-06
2024-10-21,1,ridge,181,0.0005767012847259778,0.0004959832412516651
2024-10-22,1,ridge,181,0.003453240841690075,0.00018790525891500118
2024-10-23,1,ridge,181,-0.00354933462929985,0.0007509675132315807
2024-10-24,1,ridge,181,0.001920123477802349,0.00024228605860745198
2024-10-25,1,ridge,181,0.000575318838382799,0.00015597764041182325
2024-10-28,1,ridge,181,0.0,0.00040747786392827023
2024-10-29,1,ridge,181,-0.003168357506201147,0.00016151236110112241
2024-10-30,1,ridge,181,-9.616771657228185e-05,0.00041065975185802794
2024-10-31,1,ridge,181,0.002881016109731682,0.0010752506120115103
2024-11-01,1,ridge,181,-0.003746941982861074,6.072884973119656e-05
2024-11-04,1,ridge,181,-0.004534280114365075,0.00010383840102564003
2024-11-05,1,ridge,181,0.01601875890943028,-0.0003600254107359834
2024-11-06,1,ridge,181,-0.0055343652710933,0.00028074813328403045
2024-11-07,1,ridge,181,0.004677589551111083,-0.0005410771240377528
2024-11-08,1,ridge,181,0.005129677819998513,0.0007229128121082362
2024-11-11,1,ridge,181,0.004537727582138551,0.0005398831767808566
2024-11-12,1,ridge,181,0.00432941852719626,0.0008672325679642269
2024-11-13,1,ridge,181,0.001782782550534989,0.0003097692338466859
2024-11-14,1,ridge,181,0.000187476565978173,0.00030909448290673445
2024-11-15,1,ridge,181,-0.003850312311756809,0.000697559775872406
2024-11-18,1,ridge,181,-0.0006588545581642791,-0.0003910261655374807
2024-11-19,1,ridge,181,0.004415432980365175,2.929167058533127e-05
2024-11-20,1,ridge,181,0.002714722004225401,0.0003344634898916161
2024-11-21,1,ridge,181,0.005407434395699795,-5.5600060585055794e-05
2024-11-22,1,ridge,181,-0.006810680802114888,-0.00010068917670096489
2024-11-25,1,ridge,181,0.001777113127285901,0.0002522224258151165
2024-11-26,1,ridge,181,-0.008728761601357604,0.00022933479368543986
2024-11-27,1,ridge,181,0.000565450962196401,0.00010778862188290435
2024-11-28,1,ridge,181,-0.003775726592444961,0.0003170208965152822
2024-11-29,1,ridge,181,0.006692140532185142,0.0001409026461222
2024-12-02,1,ridge,181,-0.0008458249646698945,0.00031199168726944043
2024-12-03,1,ridge,181,-0.0003761519698288751,-0.00021150146153521056
2024-12-04,1,ridge,181,-0.005753918624418652,0.00015467620339889465
2024-12-05,1,ridge,181,0.003305475928412349,0.00036256167706542983
2024-12-06,1,ridge,181,0.0007540056907648918,0.0004504917735728966
2024-12-09,1,ridge,181,0.002446599507795355,0.00017126634284574674
2024-12-10,1,ridge,181,0.002909297720929516,0.0005333401538235392
2024-12-11,1,ridge,181,0.002340058165214209,3.92349882905871e-05
2024-12-12,1,ridge,181,0.0003739016682180463,0.0005988823197797356
2024-12-13,1,ridge,181,-0.001309267932280811,0.0005210277835553052
2024-12-16,1,ridge,181,0.0009353662640627647,0.00048642410820617335
2024-12-17,1,ridge,181,0.009954033535206186,0.0008251942315950636
2024-12-18,1,ridge,181,0.003511369344306736,0.0014101683350903182
2024-12-19,1,ridge,181,-0.00731383161192678,0.0007952170498550896
2024-12-20,1,ridge,181,0.003895024863140861,0.00012832145554434553
2024-12-23,1,ridge,181,0.001479837487966762,0.0002852803772220207
2024-12-24,1,ridge,181,-0.0006471594549362081,-6.801034075451959e-05
2024-12-26,1,ridge,181,-0.00120297983322537,0.00038020947525586895
2024-12-27,1,ridge,181,0.00120297983322537,0.0004846363177470913
2024-12-30,1,ridge,181,0.003323795876913671,0.0009167415503944729
2024-12-31,1,ridge,181,0.008261475297340226,0.0004924849348190524
2025-01-02,1,ridge,181,-0.004030416741070297,0.0006029805804946633
2025-01-03,1,ridge,181,-0.006353320021797337,0.00015086296631400218
2025-01-06,1,ridge,181,0.002583027266426896,0.0003453231240615011
2025-01-07,1,ridge,181,0.005054460974406538,0.0008572140588872358
2025-01-08,1,ridge,181,0.000824666743946878,0.0008340116911078544
2025-01-09,1,ridge,181,0.004295578510284948,0.0005616768080335752
2025-01-10,1,ridge,181,0.002823188433148438,0.0010966573992726321
2025-01-13,1,ridge,181,-0.006294779714391296,0.0005310194295318697
2024-11-15,1,ridge,182,-0.003850312311756809,0.0008824515347810107
2024-11-18,1,ridge,182,-0.0006588545581642791,-0.00020589730472834783
2024-11-19,1,ridge,182,0.004415432980365175,0.0002112203931117999
2024-11-20,1,ridge,182,0.002714722004225401,0.0005089162822932938
2024-11-21,1,ridge,182,0.005407434395699795,0.0001250630183986581
2024-11-22,1,ridge,182,-0.006810680802114888,5.843230688065091e-05
2024-11-25,1,ridge,182,0.001777113127285901,0.00043957924788157844
2024-11-26,1,ridge,182,-0.008728761601357604,0.00041453934373156514
2024-11-27,1,ridge,182,0.000565450962196401,0.00031600622121476035
2024-11-28,1,ridge,182,-0.003775726592444961,0.0004935681953323844
2024-11-29,1,ridge,182,0.006692140532185142,0.00033739456739238023
2024-12-02,1,ridge,182,-0.0008458249646698945,0.0004884520994611794
2024-12-03,1,ridge,182,-0.0003761519698288751,-1.7655438394350708e-05
2024-12-04,1,ridge,182,-0.005753918624418652,0.00034313207350141086
2024-12-05,1,ridge,182,0.003305475928412349,0.0005556685367268778
2024-12-06,1,ridge,182,0.0007540056907648918,0.0006521051368875432
2024-12-09,1,ridge,182,0.002446599507795355,0.00036019815023555603
2024-12-10,1,ridge,182,0.002909297720929516,0.0007270680835125606
2024-12-11,1,ridge,182,0.002340058165214209,0.0002299319921911315
2024-12-12,1,ridge,182,0.0003739016682180463,0.0007943157901240495
2024-12-13,1,ridge,182,-0.001309267932280811,0.0007026739080066165
2024-12-16,1,ridge,182,0.0009353662640627647,0.0006886259954042647
2024-12-17,1,ridge,182,0.009954033535206186,0.001028735256996826
2024-12-18,1,ridge,182,0.003511369344306736,0.0016060759222982996
2024-12-19,1,ridge,182,-0.00731383161192678,0.0009897417755167668
2024-12-20,1,ridge,182,0.003895024863140861,0.0003421460663221932
2024-12-23,1,ridge,182,0.001479837487966762,0.00048349607815104703
2024-12-24,1,ridge,182,-0.0006471594549362081,0.00014069725224327614
2024-12-26,1,ridge,182,-0.00120297983322537,0.000580785595906027
2024-12-27,1,ridge,182,0.00120297983322537,0.0006865099462184982
2024-12-30,1,ridge,182,0.003323795876913671,0.0011234298566662362
2024-12-31,1,ridge,182,0.008261475297340226,0.000683493325987618
2025-01-02,1,ridge,182,-0.004030416741070297,0.0007904612135833678
2025-01-03,1,ridge,182,-0.006353320021797337,0.00036124759789060224
2025-01-06,1,ridge,182,0.002583027266426896,0.0005621044978951875
2025-01-07,1,ridge,182,0.005054460974406538,0.0010630620293028518
2025-01-08,1,ridge,182,0.000824666743946878,0.001040143579475863
2025-01-09,1,ridge,182,0.004295578510284948,0.0007733712358582625
2025-01-10,1,ridge,182,0.002823188433148438,0.0012987689562119049
2025-01-13,1,ridge,182,-0.006294779714391296,0.0007403243299556282
2025-01-14,1,ridge,182,-0.001648653972988967,0.0006810298181621857
2025-01-15,1,ridge,182,-0.001192387208463153,-9.273205967744923e-05
2025-01-16,1,ridge,182,0.003572904721575121,0.0006906870739488666
2025-01-17,1,ridge,182,0.0,0.0005216493526192961
2025-01-20,1,ridge,182,-0.0118671187068573,0.00020987645634607284
2025-01-21,1,ridge,182,0.001017435226278174,0.0006722825635768016
2025-01-22,1,ridge,182,-0.001109980689302681,0.0008572209794208018
2025-01-23,1,ridge,182,-0.00566153073791309,0.0007818639457363271
2025-01-24,1,ridge,182,-0.0009311854662996666,0.0008334215584310254
2025-01-27,1,ridge,182,0.004925431638655553,0.001761485498719051
2025-01-28,1,ridge,182,0.001204428736881979,0.0007664014159921037
2025-01-29,1,ridge,182,-0.001853568649322845,0.001044642080810403
2025-01-30,1,ridge,182,0.005273639460006585,0.0007225781184263214
2025-01-31,1,ridge,182,0.005704836966316407,0.0011221422959805751
2025-02-03,1,ridge,182,-0.009495346751416278,0.001450439458612127
2025-02-04,1,ridge,182,-0.003526031304707189,0.0005840951670646972
2025-02-05,1,ridge,182,0.00102197249569258,0.0012004880810225654
2025-02-06,1,ridge,182,0.003244799583625557,0.0009376251366793528
2025-02-07,1,ridge,182,0.002588280239550045,0.001412832267585332
2025-02-10,1,ridge,182,-0.003329021014160993,0.00046460978576114815
2024-12-13,1,ridge,183,-0.001309267932280811,0.0006313384464562894
2024-12-16,1,ridge,183,0.0009353662640627647,0.0006144563956895809
2024-12-17,1,ridge,183,0.009954033535206186,0.0009905462600123007
2024-12-18,1,ridge,183,0.003511369344306736,0.0015224719946183903
2024-12-19,1,ridge,183,-0.00731383161192678,0.0009298163294296229
2024-12-20,1,ridge,183,0.003895024863140861,0.0002780685698856847
2024-12-23,1,ridge,183,0.001479837487966762,0.00042008470261508594
2024-12-24,1,ridge,183,-0.0006471594549362081,6.8093043998522e-05
2024-12-26,1,ridge,183,-0.00120297983322537,0.000528066806477525
2024-12-27,1,ridge,183,0.00120297983322537,0.0006251524809386121
2024-12-30,1,ridge,183,0.003323795876913671,0.0010563478682350269
2024-12-31,1,ridge,183,0.008261475297340226,0.0006156893755975962
2025-01-02,1,ridge,183,-0.004030416741070297,0.0006951014022752722
2025-01-03,1,ridge,183,-0.006353320021797337,0.00029441260205494276
2025-01-06,1,ridge,183,0.002583027266426896,0.0004924192117681764
2025-01-07,1,ridge,183,0.005054460974406538,0.0009917373793413816
2025-01-08,1,ridge,183,0.000824666743946878,0.0009696129362795135
2025-01-09,1,ridge,183,0.004295578510284948,0.000704557695283634
2025-01-10,1,ridge,183,0.002823188433148438,0.001232767516176814
2025-01-13,1,ridge,183,-0.006294779714391296,0.0006643501798157134
2025-01-14,1,ridge,183,-0.001648653972988967,0.0006246287119242014
2025-01-15,1,ridge,183,-0.001192387208463153,-0.0001519191430019506
2025-01-16,1,ridge,183,0.003572904721575121,0.0006258994104329353
2025-01-17,1,ridge,183,0.0,0.0004508323587330438
2025-01-20,1,ridge,183,-0.0118671187068573,0.00014933689539184524
2025-01-21,1,ridge,183,0.001017435226278174,0.0006147373997901565
2025-01-22,1,ridge,183,-0.001109980689302681,0.0007983940458451057
2025-01-23,1,ridge,183,-0.00566153073791309,0.0007138270545549342
2025-01-24,1,ridge,183,-0.0009311854662996666,0.0007807373431875029
2025-01-27,1,ridge,183,0.004925431638655553,0.0017085901085209306
2025-01-28,1,ridge,183,0.001204428736881979,0.0006975722726649864
2025-01-29,1,ridge,183,-0.001853568649322845,0.0009823050116622943
2025-01-30,1,ridge,183,0.005273639460006585,0.0006677669378054937
2025-01-31,1,ridge,183,0.005704836966316407,0.001048787849271864
2025-02-03,1,ridge,183,-0.009495346751416278,0.0013946765307329835
2025-02-04,1,ridge,183,-0.003526031304707189,0.0005274481392221501
2025-02-05,1,ridge,183,0.00102197249569258,0.001146527376044603
2025-02-06,1,ridge,183,0.003244799583625557,0.0008718362214313329
2025-02-07,1,ridge,183,0.002588280239550045,0.0013572397160514459
2025-02-10,1,ridge,183,-0.003329021014160993,0.00040794515691279943
2025-02-11,1,ridge,183,-0.0001852709593066493,0.0007138102303516745
2025-02-12,1,ridge,183,-0.005853675251461077,0.0009084621281794759
2025-02-13,1,ridge,183,-0.005606967310562538,0.0003823338473074215
2025-02-14,1,ridge,183,-0.001312828395608534,0.001081614422884701
2025-02-17,1,ridge,183,0.004493968802826487,0.0010975213730634878
2025-02-18,1,ridge,183,0.001120343689214209,0.0008067212795625615
2025-02-19,1,ridge,183,-0.007492776461331729,0.0012382844745737192
2025-02-20,1,ridge,183,0.002253733698809768,0.001296409981179412
2025-02-21,1,ridge,183,-9.380423063998222e-05,0.0016569127596487692
2025-02-24,1,ridge,183,-0.002724157431229557,0.001175908675976033
2025-02-25,1,ridge,183,0.001034174867709403,0.0016000450222297036
2025-02-26,1,ridge,183,0.007675784199534519,0.0008279839592302597
2025-02-27,1,ridge,183,0.003444266844542909,0.001597408367159549
2025-02-28,1,ridge,183,-0.008023928103567002,0.0010707754200278284
2025-03-03,1,ridge,183,-0.009506401301430323,0.0009477925102032333
2025-03-04,1,ridge,183,-0.01371188880057694,0.0017573099050934295
2025-03-05,1,ridge,183,-0.002303706144568984,0.0007732036516563316
2025-03-06,1,ridge,183,-0.002116402906377601,0.0017911186635982553
2025-03-07,1,ridge,183,0.001251143034098234,0.0015864062525870323
2025-03-10,1,ridge,183,-0.006561829971336586,0.0026985206587122204
2025-01-14,1,ridge,184,-0.001648653972988967,0.0006813238821034978
2025-01-15,1,ridge,184,-0.001192387208463153,-8.748779840736439e-05
2025-01-16,1,ridge,184,0.003572904721575121,0.0006917741278230909
2025-01-17,1,ridge,184,0.0,0.0005031666226227641
2025-01-20,1,ridge,184,-0.0118671187068573,0.00020166327294407585
2025-01-21,1,ridge,184,0.001017435226278174,0.0006715944201108254
2025-01-22,1,ridge,184,-0.001109980689302681,0.000861501886182482
2025-01-23,1,ridge,184,-0.00566153073791309,0.0007619915179034821
2025-01-24,1,ridge,184,-0.0009311854662996666,0.0008396823690851169
2025-01-27,1,ridge,184,0.004925431638655553,0.001776502016315738
2025-01-28,1,ridge,184,0.001204428736881979,0.0007498578659997398
2025-01-29,1,ridge,184,-0.001853568649322845,0.0010385375230971578
2025-01-30,1,ridge,184,0.005273639460006585,0.0007312157571576123
2025-01-31,1,ridge,184,0.005704836966316407,0.0010965013538663337
2025-02-03,1,ridge,184,-0.009495346751416278,0.0014558764948191143
2025-02-04,1,ridge,184,-0.003526031304707189,0.0005830557276002874
2025-02-05,1,ridge,184,0.00102197249569258,0.0012184292038194438
2025-02-06,1,ridge,184,0.003244799583625557,0.0009298286752420523
2025-02-07,1,ridge,184,0.002588280239550045,0.001419525838841959
2025-02-10,1,ridge,184,-0.003329021014160993,0.00046488932829017387
2025-02-11,1,ridge,184,-0.0001852709593066493,0.0007700118255380901
2025-02-12,1,ridge,184,-0.005853675251461077,0.0009683896636838751
2025-02-13,1,ridge,184,-0.005606967310562538,0.00044694849871074465
2025-02-14,1,ridge,184,-0.001312828395608534,0.0011393237732301171
2025-02-17,1,ridge,184,0.004493968802826487,0.0011607080399157793
2025-02-18,1,ridge,184,0.001120343689214209,0.0008715385226426267
2025-02-19,1,ridge,184,-0.007492776461331729,0.0012920245567624431
2025-02-20,1,ridge,184,0.002253733698809768,0.001362337178772163
2025-02-21,1,ridge,184,-9.380423063998222e-05,0.0017306047667771365
2025-02-24,1,ridge,184,-0.002724157431229557,0.0012389254000094224
2025-02-25,1,ridge,184,0.001034174867709403,0.001662524306261041
2025-02-26,1,ridge,184,0.007675784199534519,0.0008963526095883119
2025-02-27,1,ridge,184,0.003444266844542909,0.0016524922144571007
2025-02-28,1,ridge,184,-0.008023928103567002,0.0011068558653449386
2025-03-03,1,ridge,184,-0.009506401301430323,0.0010132717930181636
2025-03-04,1,ridge,184,-0.01371188880057694,0.0018191966732053978
2025-03-05,1,ridge,184,-0.002303706144568984,0.0008411761643641001
2025-03-06,1,ridge,184,-0.002116402906377601,0.0018537387893711572
2025-03-07,1,ridge,184,0.001251143034098234,0.0016392356727163036
2025-03-10,1,ridge,184,-0.006561829971336586,0.0027653950253895476
2025-03-11,1,ridge,184,0.003093284245118788,0.001638683119339804
2025-03-12,1,ridge,184,0.002121096051701521,0.001022722973398051
2025-03-13,1,ridge,184,-0.001059985644898731,0.001912285397000839
2025-03-14,1,ridge,184,-0.003380176090069575,0.00037356032773607634
2025-03-17,1,ridge,184,-0.001258409729980592,0.000929671269190696
2025-03-18,1,ridge,184,0.00183868053929892,0.0014403136644560283
2025-03-19,1,ridge,184,0.004052494932409445,0.0012004258193958838
2025-03-20,1,ridge,184,0.002308359205255073,0.0015942545528438235
2025-03-21,1,ridge,184,0.001631869812583453,0.0015783358107659994
2025-03-24,1,ridge,184,-0.0007676070229143406,0.0006955354169107691
2025-03-25,1,ridge,184,0.00354525355759705,0.0011965546710930074
2025-03-26,1,ridge,184,-0.002106473394764663,0.0014844729351262344
2025-03-27,1,ridge,184,-0.002783511899427715,0.0011366645514675582
2025-03-28,1,ridge,184,0.001632653423885522,0.0019454026654162609
2025-03-31,1,ridge,184,0.0004796853356241471,0.0012357154186105493
2025-04-01,1,ridge,184,-0.004325474134805773,0.0007497149736528808
2025-04-02,1,ridge,184,-0.01690345278974714,0.000757513061349076
2025-04-03,1,ridge,184,0.009264291722032247,0.003586989431530388
2025-04-04,1,ridge,184,0.002326935314063583,0.004804803944905732
2025-04-07,1,ridge,184,-0.002909516163631665,0.003696291231824765
2025-02-11,1,ridge,185,-0.0001852709593066493,0.00038695689708230274
2025-02-12,1,ridge,185,-0.005853675251461077,0.0005886429625783306
2025-02-13,1,ridge,185,-0.005606967310562538,5.491946901728953e-05
2025-02-14,1,ridge,185,-0.001312828395608534,0.0007556713226863251
2025-02-17,1,ridge,185,0.004493968802826487,0.0007838038073384599
2025-02-18,1,ridge,185,0.001120343689214209,0.0004887404862592498
2025-02-19,1,ridge,185,-0.007492776461331729,0.0009101234825992754
2025-02-20,1,ridge,185,0.002253733698809768,0.0009693549078362238
2025-02-21,1,ridge,185,-9.380423063998222e-05,0.001355949812886004
2025-02-24,1,ridge,185,-0.002724157431229557,0.0008675720516707366
2025-02-25,1,ridge,185,0.001034174867709403,0.00129434758968361
2025-02-26,1,ridge,185,0.007675784199534519,0.0005265713335226936
2025-02-27,1,ridge,185,0.003444266844542909,0.0012965366857528692
2025-02-28,1,ridge,185,-0.008023928103567002,0.0007499434914126355
2025-03-03,1,ridge,185,-0.009506401301430323,0.0006425909232249196
2025-03-04,1,ridge,185,-0.01371188880057694,0.0014440733072035455
2025-03-05,1,ridge,185,-0.002303706144568984,0.00046730893006624585
2025-03-06,1,ridge,185,-0.002116402906377601,0.0014966850243425145
2025-03-07,1,ridge,185,0.001251143034098234,0.0012719104206966138
2025-03-10,1,ridge,185,-0.006561829971336586,0.0024135896728958673
2025-03-11,1,ridge,185,0.003093284245118788,0.0012817488796022264
2025-03-12,1,ridge,185,0.002121096051701521,0.000674376126820836
2025-03-13,1,ridge,185,-0.001059985644898731,0.0015654049312692458
2025-03-14,1,ridge,185,-0.003380176090069575,1.9262880788937167e-05
2025-03-17,1,ridge,185,-0.001258409729980592,0.0005771660477686312
2025-03-18,1,ridge,185,0.00183868053929892,0.001092877069725173
2025-03-19,1,ridge,185,0.004052494932409445,0.0008563728416584751
2025-03-20,1,ridge,185,0.002308359205255073,0.0012569920464628782
2025-03-21,1,ridge,185,0.001631869812583453,0.001237830246864807
2025-03-24,1,ridge,185,-0.0007676070229143406,0.00034461676159578026
2025-03-25,1,ridge,185,0.00354525355759705,0.0008476149210990145
2025-03-26,1,ridge,185,-0.002106473394764663,0.0011342302389619064
2025-03-27,1,ridge,185,-0.002783511899427715,0.0007693186086744425
2025-03-28,1,ridge,185,0.001632653423885522,0.0015866939829203405
2025-03-31,1,ridge,185,0.0004796853356241471,0.0008771637869037203
2025-04-01,1,ridge,185,-0.004325474134805773,0.0003933588208828884
2025-04-02,1,ridge,185,-0.01690345278974714,0.00038933543663688803
2025-04-03,1,ridge,185,0.009264291722032247,0.0032333652056840186
2025-04-04,1,ridge,185,0.002326935314063583,0.004495227082169348
2025-04-07,1,ridge,185,-0.002909516163631665,0.0033743428953813097
2025-04-08,1,ridge,185,-0.0005829204478677852,0.0005377277877330891
2025-04-09,1,ridge,185,-0.01992508377325919,-0.0012247568967495492
2025-04-10,1,ridge,185,-0.007662872745569871,0.0006892504765771006
2025-04-11,1,ridge,185,-0.004605995927194684,0.0005910487639927172
2025-04-14,1,ridge,185,0.005704293676257244,0.0007359776873451081
2025-04-15,1,ridge,185,-0.00831709789606272,0.0012452098616597105
2025-04-16,1,ridge,185,0.0,0.001683840339433208
2025-04-17,1,ridge,185,-0.0111303385211956,0.0009284428782159651
2025-04-21,1,ridge,185,0.006490895000236918,0.001929490340792877
2025-04-22,1,ridge,185,0.009257461967902003,0.0007112319927211759
2025-04-23,1,ridge,185,-0.004618018446943317,0.0007358208442508151
2025-04-24,1,ridge,185,0.0009052049901479009,0.0005097946261664176
2025-04-25,1,ridge,185,-0.004635236029899126,0.0009445599780792533
2025-04-28,1,ridge,185,0.002320303689177017,0.0011199522688885273
2025-04-29,1,ridge,185,0.002314932340722109,0.0011775766480839481
2025-04-30,1,ridge,185,0.007810975022356281,0.001374656203955863
2025-05-01,1,ridge,185,-0.002196925189589471,0.0007268007476845057
2025-05-02,1,ridge,185,-0.002001401648755063,0.0002782232003596722
2025-05-05,1,ridge,185,-0.005927580524733855,0.0010526444831758849
2025-05-06,1,ridge,185,0.003721402333473733,0.0006420245630749509
2025-03-11,1,ridge,186,0.003093284245118788,0.000571211118771748
2025-03-12,1,ridge,186,0.002121096051701521,1.947363792645059e-05
2025-03-13,1,ridge,186,-0.001059985644898731,0.0008924050340410057
2025-03-14,1,ridge,186,-0.003380176090069575,-0.0006168594260025303
2025-03-17,1,ridge,186,-0.001258409729980592,-9.002228808344627e-05
2025-03-18,1,ridge,186,0.00183868053929892,0.0004348603312483689
2025-03-19,1,ridge,186,0.004052494932409445,0.0002076767413986733
2025-03-20,1,ridge,186,0.002308359205255073,0.0006203878640941761
2025-03-21,1,ridge,186,0.001631869812583453,0.0005946874824449443
2025-03-24,1,ridge,186,-0.0007676070229143406,-0.0002768961594971167
2025-03-25,1,ridge,186,0.00354525355759705,0.00019757129925649877
2025-03-26,1,ridge,186,-0.002106473394764663,0.0005049632962714601
2025-03-27,1,ridge,186,-0.002783511899427715,0.00010987373424977055
2025-03-28,1,ridge,186,0.001632653423885522,0.0009085903041269967
2025-03-31,1,ridge,186,0.0004796853356241471,0.00022678189629871955
2025-04-01,1,ridge,186,-0.004325474134805773,-0.00024203973897645993
2025-04-02,1,ridge,186,-0.01690345278974714,-0.00027464742035326363
2025-04-03,1,ridge,186,0.009264291722032247,0.0024742099064778175
2025-04-04,1,ridge,186,0.002326935314063583,0.003836980963426469
2025-04-07,1,ridge,186,-0.002909516163631665,0.0026911173111973737
2025-04-08,1,ridge,186,-0.0005829204478677852,-9.171129710395506e-05
2025-04-09,1,ridge,186,-0.01992508377325919,-0.001856211114039486
2025-04-10,1,ridge,186,-0.007662872745569871,-3.5255229246955675e-05
2025-04-11,1,ridge,186,-0.004605995927194684,-0.00012556820832144728
2025-04-14,1,ridge,186,0.005704293676257244,5.1012899325949396e-05
2025-04-15,1,ridge,186,-0.00831709789606272,0.0005809229729987695
2025-04-16,1,ridge,186,0.0,0.0009860330230540887
2025-04-17,1,ridge,186,-0.0111303385211956,0.0002712136354850601
2025-04-21,1,ridge,186,0.006490895000236918,0.0012181641913352591
2025-04-22,1,ridge,186,0.009257461967902003,8.869489342940246e-05
2025-04-23,1,ridge,186,-0.004618018446943317,0.00014645297887885757
2025-04-24,1,ridge,186,0.0009052049901479009,-0.00013173904160432596
2025-04-25,1,ridge,186,-0.004635236029899126,0.0003173221992479983
2025-04-28,1,ridge,186,0.002320303689177017,0.00045371089300157554
2025-04-29,1,ridge,186,0.002314932340722109,0.0005378194060016131
2025-04-30,1,ridge,186,0.007810975022356281,0.0007469063825501393
2025-05-01,1,ridge,186,-0.002196925189589471,0.00012960657608337907
2025-05-02,1,ridge,186,-0.002001401648755063,-0.00031648949283816366
2025-05-05,1,ridge,186,-0.005927580524733855,0.00042631939444260215
2025-05-06,1,ridge,186,0.003721402333473733,-1.154362159820453e-05
2025-05-07,1,ridge,186,0.01028723179505686,0.0005748889241565551
2025-05-08,1,ridge,186,-0.002985373896024157,-0.00019099172739413885
2025-05-09,1,ridge,186,0.01434744840814162,-0.0003078930770902405
2025-05-12,1,ridge,186,-0.007791350622988524,-0.0007264648273778881
2025-05-13,1,ridge,186,0.0003959612009758473,-0.0006092903232364053
2025-05-14,1,ridge,186,-0.001584786385571135,0.00012953322178834304
2025-05-15,1,ridge,186,0.002079517509302242,7.070567190242257e-05
2025-05-16,1,ridge,186,-0.006550241760718833,-0.00015477836065209407
2025-05-19,1,ridge,186,-0.003091500841674311,-0.00026214076389436585
2025-05-20,1,ridge,186,-0.005608989064182168,-0.00011270536878893526
2025-05-21,1,ridge,186,0.00400962846735986,0.0005142313322204506
2025-05-22,1,ridge,186,-0.00853976154813374,0.0004952188925423538
2025-05-23,1,ridge,186,0.0,2.628480028759816e-05
2025-05-26,1,ridge,186,0.004128284572251673,0.00013600714059275646
2025-05-27,1,ridge,186,0.003610836420703478,-0.000346808520943208
2025-05-28,1,ridge,186,-0.006025324515221087,0.00034644975947541195
2025-05-29,1,ridge,186,0.00050349933091276,-0.0001919055003469786
2025-05-30,1,ridge,186,-0.006261381797467713,0.00034821652253504734
2025-06-02,1,ridge,186,0.005254129496353954,-0.00018589813227668986
2025-06-03,1,ridge,186,-0.004444002869767871,-5.534559193823697e-05
2025-04-08,1,ridge,187,-0.0005829204478677852,-0.0001949698714908075
2025-04-09,1,ridge,187,-0.01992508377325919,-0.002029343069089453
2025-04-10,1,ridge,187,-0.007662872745569871,-0.00011113558463860735
2025-04-11,1,ridge,187,-0.004605995927194684,-0.00021922993322431161
2025-04-14,1,ridge,187,0.005704293676257244,-3.969200589812254e-05
2025-04-15,1,ridge,187,-0.00831709789606272,0.00048037329027457193
2025-04-16,1,ridge,187,0.0,0.0008879511362930032
2025-04-17,1,ridge,187,-0.0111303385211956,0.00016032539495311265
2025-04-21,1,ridge,187,0.006490895000236918,0.001145952213751446
2025-04-22,1,ridge,187,0.009257461967902003,-2.608729168034849e-05
2025-04-23,1,ridge,187,-0.004618018446943317,3.846507100519736e-05
2025-04-24,1,ridge,187,0.0009052049901479009,-0.0002488336941553282
2025-04-25,1,ridge,187,-0.004635236029899126,0.0002095499758488419
2025-04-28,1,ridge,187,0.002320303689177017,0.0003538921563474223
2025-04-29,1,ridge,187,0.002314932340722109,0.0004275691876236069
2025-04-30,1,ridge,187,0.007810975022356281,0.0006361483134425481
2025-05-01,1,ridge,187,-0.002196925189589471,4.836441235091059e-06
2025-05-02,1,ridge,187,-0.002001401648755063,-0.00043698056412018796
2025-05-05,1,ridge,187,-0.005927580524733855,0.00031616527258277783
2025-05-06,1,ridge,187,0.003721402333473733,-0.00012929553526598705
2025-05-07,1,ridge,187,0.01028723179505686,0.00045570994008253124
2025-05-08,1,ridge,187,-0.002985373896024157,-0.000332562660047772
2025-05-09,1,ridge,187,0.01434744840814162,-0.00044215609029912644
2025-05-12,1,ridge,187,-0.007791350622988524,-0.0008652306414112489
2025-05-13,1,ridge,187,0.0003959612009758473,-0.0007458483217573253
2025-05-14,1,ridge,187,-0.001584786385571135,2.15015926410693e-05
2025-05-15,1,ridge,187,0.002079517509302242,-5.1494969735182907e-05
2025-05-16,1,ridge,187,-0.006550241760718833,-0.000287439283948461
2025-05-19,1,ridge,187,-0.003091500841674311,-0.0003911667807776511
2025-05-20,1,ridge,187,-0.005608989064182168,-0.0002303843687306539
2025-05-21,1,ridge,187,0.00400962846735986,0.00041101918335513445
2025-05-22,1,ridge,187,-0.00853976154813374,0.00037472017146481613
2025-05-23,1,ridge,187,0.0,-8.829519075414008e-05
2025-05-26,1,ridge,187,0.004128284572251673,1.5669222294405812e-05
2025-05-27,1,ridge,187,0.003610836420703478,-0.0004784933926846065
2025-05-28,1,ridge,187,-0.006025324515221087,0.00021801056103585377
2025-05-29,1,ridge,187,0.00050349933091276,-0.0003078785607920727
2025-05-30,1,ridge,187,-0.006261381797467713,0.0002301181076376338
2025-06-02,1,ridge,187,0.005254129496353954,-0.0003142031977501789
2025-06-03,1,ridge,187,-0.004444002869767871,-0.00018125835734192353
2025-06-04,1,ridge,187,-0.0005062522256658042,-0.0001485249355218873
2025-06-05,1,ridge,187,0.004547069927185454,0.0001413119956855623
2025-06-06,1,ridge,187,-0.002523596958339702,-0.0002720401585988385
2025-06-09,1,ridge,187,0.001615835536379784,-0.00017325871622331994
2025-06-10,1,ridge,187,-0.004753966370039997,-5.5226393357895874e-05
2025-06-11,1,ridge,187,-0.007224656201886503,-0.0004012553604095888
2025-06-12,1,ridge,187,0.002651709865890695,-4.6624817094006055e-05
2025-06-13,1,ridge,187,-0.001835049959334256,0.0002041905209580139
2025-06-16,1,ridge,187,0.008332534747031772,-0.0004586428125618675
2025-06-17,1,ridge,187,0.0008092252110625253,0.00025454618710725344
2025-06-18,1,ridge,187,0.0,-5.3898273290959705e-05
2025-06-19,1,ridge,187,-0.00192298019887005,0.00031711495535216604
2025-06-20,1,ridge,187,-0.002942222991964449,-0.00027266206756730696
2025-06-23,1,ridge,187,-0.005706149576854891,0.00023560992891196684
2025-06-24,1,ridge,187,-0.001841056058528245,-8.757569951331206e-05
2025-06-25,1,ridge,187,-0.005440653978999954,-4.506001573825291e-05
2025-06-26,1,ridge,187,0.002570034825040146,-0.00031157214090129967
2025-06-27,1,ridge,187,-0.005353111403652022,-0.00023859173678514068
2025-06-30,1,ridge,187,-0.0006195147332892503,-7.147777457284646e-05
2025-07-01,1,ridge,187,-0.0004132231463751523,0.00022768720949845837
2025-05-07,1,ridge,188,0.01028723179505686,0.0002656828827364056
2025-05-08,1,ridge,188,-0.002985373896024157,-0.0005310517746932068
2025-05-09,1,ridge,188,0.01434744840814162,-0.0006497843843812255
2025-05-12,1,ridge,188,-0.007791350622988524,-0.001082048913739255
2025-05-13,1,ridge,188,0.0003959612009758473,-0.000948135858853464
2025-05-14,1,ridge,188,-0.001584786385571135,-0.0001505006079313177
2025-05-15,1,ridge,188,0.002079517509302242,-0.00023005225976626363
2025-05-16,1,ridge,188,-0.006550241760718833,-0.0004568986052979037
2025-05-19,1,ridge,188,-0.003091500841674311,-0.0006066739963206834
2025-05-20,1,ridge,188,-0.005608989064182168,-0.00044124871171460407
2025-05-21,1,ridge,188,0.00400962846735986,0.00022164622428780538
2025-05-22,1,ridge,188,-0.00853976154813374,0.00018169601190599715
2025-05-23,1,ridge,188,0.0,-0.000316014792190169
2025-05-26,1,ridge,188,0.004128284572251673,-0.00019315626781028796
2025-05-27,1,ridge,188,0.003610836420703478,-0.0007014324157447621
2025-05-28,1,ridge,188,-0.006025324515221087,2.743745920614872e-05
2025-05-29,1,ridge,188,0.00050349933091276,-0.0005332175015445514
2025-05-30,1,ridge,188,-0.006261381797467713,4.1422364904240014e-05
2025-06-02,1,ridge,188,0.005254129496353954,-0.0005463459878545585
2025-06-03,1,ridge,188,-0.004444002869767871,-0.0003966634536720462
2025-06-04,1,ridge,188,-0.0005062522256658042,-0.00036443171457404514
2025-06-05,1,ridge,188,0.004547069927185454,-6.493869263179813e-05
2025-06-06,1,ridge,188,-0.002523596958339702,-0.0004930061958748554
2025-06-09,1,ridge,188,0.001615835536379784,-0.00037706223197008914
2025-06-10,1,ridge,188,-0.004753966370039997,-0.0002582985828947116
2025-06-11,1,ridge,188,-0.007224656201886503,-0.0006323360106079959
2025-06-12,1,ridge,188,0.002651709865890695,-0.0002668233691967185
2025-06-13,1,ridge,188,-0.001835049959334256,-2.7768587146163648e-05
2025-06-16,1,ridge,188,0.008332534747031772,-0.0006922014636427358
2025-06-17,1,ridge,188,0.0008092252110625253,4.0745287155198834e-05
2025-06-18,1,ridge,188,0.0,-0.0002628957710071325
2025-06-19,1,ridge,188,-0.00192298019887005,0.00013757378429149584
2025-06-20,1,ridge,188,-0.002942222991964449,-0.00048788729484890674
2025-06-23,1,ridge,188,-0.005706149576854891,5.831095632185312e-05
2025-06-24,1,ridge,188,-0.001841056058528245,-0.0002873840685167858
2025-06-25,1,ridge,188,-0.005440653978999954,-0.00027394181546773515
2025-06-26,1,ridge,188,0.002570034825040146,-0.0005483505042767091
2025-06-27,1,ridge,188,-0.005353111403652022,-0.00045774073330099007
2025-06-30,1,ridge,188,-0.0006195147332892503,-0.0003053023594765101
2025-07-01,1,ridge,188,-0.0004132231463751523,1.2284210755714712e-05
2025-07-02,1,ridge,188,0.004124567612584507,-0.0003672060904569652
2025-07-03,1,ridge,188,-0.002266406656753261,-0.0003331489045082307
2025-07-04,1,ridge,188,0.005348706436001827,2.6400405989185566e-06
2025-07-07,1,ridge,188,0.0004102564160106681,-5.163362199130854e-06
2025-07-08,1,ridge,188,0.0004100881747026719,-0.00036229788469399507
2025-07-09,1,ridge,188,0.00092208397496929,-0.0004271732577161044
2025-07-10,1,ridge,188,0.002046036519396388,-0.00018278661302413741
2025-07-11,1,ridge,188,0.002347778345816565,-0.00026260530016491133
2025-07-14,1,ridge,188,0.005490608608078595,1.9678875622933587e-05
2025-07-15,1,ridge,188,-0.002334907918306151,-0.00012890939888011635
2025-07-16,1,ridge,188,0.003449678745684359,-0.0006005530131793078
2025-07-17,1,ridge,188,-0.002535369747159955,-0.000728281097180546
2025-07-18,1,ridge,188,-0.006417788034113414,-0.00046856301241011695
2025-07-21,1,ridge,188,-0.004712157868977052,-0.0005123697707066057
2025-07-22,1,ridge,188,-0.001849949140130036,-0.00015781539214940654
2025-07-23,1,ridge,188,0.00174726392157698,-0.0006620743723761575
2025-07-24,1,ridge,188,0.002666394770204583,-0.000451327583128463
2025-07-25,1,ridge,188,0.01008822944114307,-5.886543049673913e-05
2025-07-28,1,ridge,188,0.002632646315997356,-0.00014992184310222648
2025-07-29,1,ridge,188,0.00936044275956327,-0.0005758721677340077
2025-06-04,1,ridge,189,-0.0005062522256658042,-0.0004399193638994967
2025-06-05,1,ridge,189,0.004547069927185454,-0.0001630965630061964
2025-06-06,1,ridge,189,-0.002523596958339702,-0.0006083703004296305
2025-06-09,1,ridge,189,0.001615835536379784,-0.000459684691664692
2025-06-10,1,ridge,189,-0.004753966370039997,-0.00036089931968426693
2025-06-11,1,ridge,189,-0.007224656201886503,-0.000718716673470385
2025-06-12,1,ridge,189,0.002651709865890695,-0.0003422710071834483
2025-06-13,1,ridge,189,-0.001835049959334256,-0.00011761126396845997
2025-06-16,1,ridge,189,0.008332534747031772,-0.0007903807160025234
2025-06-17,1,ridge,189,0.0008092252110625253,-7.89631001109579e-05
2025-06-18,1,ridge,189,0.0,-0.000356565074202735
2025-06-19,1,ridge,189,-0.00192298019887005,4.322261879428045e-05
2025-06-20,1,ridge,189,-0.002942222991964449,-0.0005827037611539878
2025-06-23,1,ridge,189,-0.005706149576854891,-2.0104184765439232e-05
2025-06-24,1,ridge,189,-0.001841056058528245,-0.00037696174344651993
2025-06-25,1,ridge,189,-0.005440653978999954,-0.00036166064562202435
2025-06-26,1,ridge,189,0.002570034825040146,-0.0006206332505338462
2025-06-27,1,ridge,189,-0.005353111403652022,-0.0005640140492612833
2025-06-30,1,ridge,189,-0.0006195147332892503,-0.0003848895656039517
2025-07-01,1,ridge,189,-0.0004132231463751523,-6.958370382120042e-05
2025-07-02,1,ridge,189,0.004124567612584507,-0.00046178569190794867
2025-07-03,1,ridge,189,-0.002266406656753261,-0.00044710989919334007
2025-07-04,1,ridge,189,0.005348706436001827,-8.112572999078774e-05
2025-07-07,1,ridge,189,0.0004102564160106681,-0.00010993510007177835
2025-07-08,1,ridge,189,0.0004100881747026719,-0.00045732494373816867
2025-07-09,1,ridge,189,0.00092208397496929,-0.0005231280710215347
2025-07-10,1,ridge,189,0.002046036519396388,-0.00028972175853360697
2025-07-11,1,ridge,189,0.002347778345816565,-0.0003591375962710995
2025-07-14,1,ridge,189,0.005490608608078595,-8.952816079627266e-05
2025-07-15,1,ridge,189,-0.002334907918306151,-0.0002535903526470804
2025-07-16,1,ridge,189,0.003449678745684359,-0.0006912096177163775
2025-07-17,1,ridge,189,-0.002535369747159955,-0.0008435547499347279
2025-07-18,1,ridge,189,-0.006417788034113414,-0.0005651565310318177
2025-07-21,1,ridge,189,-0.004712157868977052,-0.0005850593885227818
2025-07-22,1,ridge,189,-0.001849949140130036,-0.0002372307727611329
2025-07-23,1,ridge,189,0.00174726392157698,-0.0007621492520285588
2025-07-24,1,ridge,189,0.002666394770204583,-0.0005637142250731807
2025-07-25,1,ridge,189,0.01008822944114307,-0.000167932394044159
2025-07-28,1,ridge,189,0.002632646315997356,-0.00028793112928925905
2025-07-29,1,ridge,189,0.00936044275956327,-0.0006802774943701407
2025-07-30,1,ridge,189,0.001501576937626758,-0.0002258761004866856
2025-07-31,1,ridge,189,-0.008337148386662108,-0.00023914482827444122
2025-08-01,1,ridge,189,-0.003637837479948836,0.00037254628554580653
2025-08-04,1,ridge,189,0.0,-0.0007390582628038944
2025-08-05,1,ridge,189,-0.00609262648257225,-0.00021638631493077682
2025-08-06,1,ridge,189,0.002238275428300796,-0.0006338190229213765
2025-08-07,1,ridge,189,-0.002238275428300796,-0.0005050303781311935
2025-08-08,1,ridge,189,0.003457044622430239,-0.0006981889765439269
2025-08-11,1,ridge,189,-0.004272206681019242,-0.00017577736359745033
2025-08-12,1,ridge,189,-0.00265387519240079,-0.0008631604835271619
2025-08-13,1,ridge,189,0.004181759370453619,-0.0007380077400619353
2025-08-14,1,ridge,189,-0.004079556907285564,-0.0004275266984295684
2025-08-15,1,ridge,189,0.00326497586234531,-0.00019648829524967622
2025-08-18,1,ridge,189,0.0009163570360719575,-0.0004050691560150378
2025-08-19,1,ridge,189,-0.0004071661294036133,-6.066568716776291e-05
2025-08-20,1,ridge,189,0.004064220184881506,-0.00045031774996268456
2025-08-21,1,ridge,189,-0.009167834406440534,-0.00028351246744495577
2025-08-22,1,ridge,189,0.007239389251580519,-0.0011776931954373211
2025-08-25,1,ridge,189,-0.002135775030021492,-0.0004127897989075136
2025-08-26,1,ridge,189,0.0001018070756799716,-0.000208133640359471
2025-07-02,1,ridge,190,0.004124567612584507,-0.0006417146352852882
2025-07-03,1,ridge,190,-0.002266406656753261,-0.0006239923365551608
2025-07-04,1,ridge,190,0.005348706436001827,-0.00026280351275160445
2025-07-07,1,ridge,190,0.0004102564160106681,-0.00028810815894094333
2025-07-08,1,ridge,190,0.0004100881747026719,-0.0006377706922541528
2025-07-09,1,ridge,190,0.00092208397496929,-0.0007019293095586101
2025-07-10,1,ridge,190,0.002046036519396388,-0.0004675094051249458
2025-07-11,1,ridge,190,0.002347778345816565,-0.0005402884308013794
2025-07-14,1,ridge,190,0.005490608608078595,-0.0002740236797925655
2025-07-15,1,ridge,190,-0.002334907918306151,-0.00043301011604021623
2025-07-16,1,ridge,190,0.003449678745684359,-0.0008690094113552372
2025-07-17,1,ridge,190,-0.002535369747159955,-0.001021674533833973
2025-07-18,1,ridge,190,-0.006417788034113414,-0.0007432729105840714
2025-07-21,1,ridge,190,-0.004712157868977052,-0.0007644522791103588
2025-07-22,1,ridge,190,-0.001849949140130036,-0.0004171983115511778
2025-07-23,1,ridge,190,0.00174726392157698,-0.0009410108757777684
2025-07-24,1,ridge,190,0.002666394770204583,-0.0007402219747969137
2025-07-25,1,ridge,190,0.01008822944114307,-0.00035275359128413556
2025-07-28,1,ridge,190,0.002632646315997356,-0.00046117289064181587
2025-07-29,1,ridge,190,0.00936044275956327,-0.0008495989110071278
2025-07-30,1,ridge,190,0.001501576937626758,-0.0003912539731523439
2025-07-31,1,ridge,190,-0.008337148386662108,-0.00040528380923207446
2025-08-01,1,ridge,190,-0.003637837479948836,0.00019916657065659497
2025-08-04,1,ridge,190,0.0,-0.0009156527013603243
2025-08-05,1,ridge,190,-0.00609262648257225,-0.00038951390533533434
2025-08-06,1,ridge,190,0.002238275428300796,-0.0008087232722198594
2025-08-07,1,ridge,190,-0.002238275428300796,-0.0006791853887751036
2025-08-08,1,ridge,190,0.003457044622430239,-0.0008716738123500432
2025-08-11,1,ridge,190,-0.004272206681019242,-0.00035407751278024703
2025-08-12,1,ridge,190,-0.00265387519240079,-0.0010407836793473201
2025-08-13,1,ridge,190,0.004181759370453619,-0.0009166589644083081
2025-08-14,1,ridge,190,-0.004079556907285564,-0.0006070259283385516
2025-08-15,1,ridge,190,0.00326497586234531,-0.0003736339627141768
2025-08-18,1,ridge,190,0.0009163570360719575,-0.0005852491086699107
2025-08-19,1,ridge,190,-0.0004071661294036133,-0.00025141039794122737
2025-08-20,1,ridge,190,0.004064220184881506,-0.0006346623816611445
2025-08-21,1,ridge,190,-0.009167834406440534,-0.0004689509155367752
2025-08-22,1,ridge,190,0.007239389251580519,-0.0013611498028614343
2025-08-25,1,ridge,190,-0.002135775030021492,-0.0005872193917512035
2025-08-26,1,ridge,190,0.0001018070756799716,-0.00038894189752743905
2025-08-27,1,ridge,190,-0.004284846384376984,-0.0007134803304028398
2025-08-28,1,ridge,190,-0.0004090397848219851,-0.0007890139788974705
2025-08-29,1,ridge,190,0.0,-0.00033870606664111573
2025-09-01,1,ridge,190,0.006423022540627876,-0.0009134723531597914
2025-09-02,1,ridge,190,-0.002645773396450224,-0.00023201498427709446
2025-09-03,1,ridge,190,0.002137514173311317,-0.0007312150919565296
2025-09-04,1,ridge,190,-0.005914763317488969,-0.0008712299087274603
2025-09-05,1,ridge,190,-0.003278355564009239,-0.0006238055896732838
2025-09-08,1,ridge,190,0.003482896370613275,-0.0009065203314166845
2025-09-09,1,ridge,190,-0.0001022651736839464,-0.0006360775120262338
2025-09-10,1,ridge,190,-0.002560034166576131,-0.0008411339184533086
2025-09-11,1,ridge,190,0.0002050440851970592,-0.0008607211619511192
2025-09-12,1,ridge,190,-0.002566077877161455,-0.000738380951049489
2025-09-15,1,ridge,190,-0.006909737180741615,-0.0009224472459306824
2025-09-16,1,ridge,190,0.002480621427076279,-0.0005256550264681195
2025-09-17,1,ridge,190,0.004942858379914483,-0.0004655594413154364
2025-09-18,1,ridge,190,0.002974513706551107,-0.0005686995300805849
2025-09-19,1,ridge,190,-0.003077241119450846,-0.000453389127533891
2025-09-22,1,ridge,190,-0.0008221994296686574,-0.0009288029492477616
2025-09-23,1,ridge,190,0.006252262462088432,-0.0005272057802022825
2025-07-30,1,ridge,191,0.001501576937626758,-8.488616781775272e-05
2025-07-31,1,ridge,191,-0.008337148386662108,-0.0001089850338614678
2025-08-01,1,ridge,191,-0.003637837479948836,0.0004731640784214863
2025-08-04,1,ridge,191,0.0,-0.0006362950688987963
2025-08-05,1,ridge,191,-0.00609262648257225,-0.00011491549936947797
2025-08-06,1,ridge,191,0.002238275428300796,-0.00053140492799648
2025-08-07,1,ridge,191,-0.002238275428300796,-0.0004008078501655637
2025-08-08,1,ridge,191,0.003457044622430239,-0.0005855450898277139
2025-08-11,1,ridge,191,-0.004272206681019242,-6.389786865670471e-05
2025-08-12,1,ridge,191,-0.00265387519240079,-0.0007574843255852611
2025-08-13,1,ridge,191,0.004181759370453619,-0.0006434208666838135
2025-08-14,1,ridge,191,-0.004079556907285564,-0.0003010460515330064
2025-08-15,1,ridge,191,0.00326497586234531,-9.005736722557544e-05
2025-08-18,1,ridge,191,0.0009163570360719575,-0.00028668948004262524
2025-08-19,1,ridge,191,-0.0004071661294036133,6.0765955908759e-05
2025-08-20,1,ridge,191,0.004064220184881506,-0.00033102942582435087
2025-08-21,1,ridge,191,-0.009167834406440534,-0.00015758309303291746
2025-08-22,1,ridge,191,0.007239389251580519,-0.001077956281064844
2025-08-25,1,ridge,191,-0.002135775030021492,-0.0003004437489135967
2025-08-26,1,ridge,191,0.0001018070756799716,-8.900197465570319e-05
2025-08-27,1,ridge,191,-0.004284846384376984,-0.00040853512331983494
2025-08-28,1,ridge,191,-0.0004090397848219851,-0.0004943616957715303
2025-08-29,1,ridge,191,0.0,-4.83198308654057e-05
2025-09-01,1,ridge,191,0.006423022540627876,-0.0006221028129574026
2025-09-02,1,ridge,191,-0.002645773396450224,7.115936240998416e-05
2025-09-03,1,ridge,191,0.002137514173311317,-0.00042723200145907835
2025-09-04,1,ridge,191,-0.005914763317488969,-0.0005770247148253654
2025-09-05,1,ridge,191,-0.003278355564009239,-0.0003515909831684956
2025-09-08,1,ridge,191,0.003482896370613275,-0.0006236348052402276
2025-09-09,1,ridge,191,-0.0001022651736839464,-0.0003402020130157373
2025-09-10,1,ridge,191,-0.002560034166576131,-0.0005497359801946922
2025-09-11,1,ridge,191,0.0002050440851970592,-0.0005706118227984801
2025-09-12,1,ridge,191,-0.002566077877161455,-0.0004398946976014879
2025-09-15,1,ridge,191,-0.006909737180741615,-0.0006323223213366278
2025-09-16,1,ridge,191,0.002480621427076279,-0.00022948594912010958
2025-09-17,1,ridge,191,0.004942858379914483,-0.00017155721206239734
2025-09-18,1,ridge,191,0.002974513706551107,-0.00025900962894260957
2025-09-19,1,ridge,191,-0.003077241119450846,-0.00014325479815947026
2025-09-22,1,ridge,191,-0.0008221994296686574,-0.0006363950218043887
2025-09-23,1,ridge,191,0.006252262462088432,-0.00021921892078566855
2025-09-24,1,ridge,191,0.00692396616100055,-0.0004029656380772253
2025-09-25,1,ridge,191,-0.004067112876258605,1.6361115172756912e-05
2025-09-26,1,ridge,191,-0.002448231356490638,-0.000756052909401985
2025-09-29,1,ridge,191,-0.001328632215479963,-0.00021307463312199737
2025-09-30,1,ridge,191,-0.0007161491942477838,-0.00046951346640137896
2025-10-01,1,ridge,191,0.001431785885833037,-0.00045839004906982235
2025-10-02,1,ridge,191,-0.001329447452545374,-0.0004006344422419983
2025-10-03,1,ridge,191,0.003983051785760416,-0.0005927993891787006
2025-10-06,1,ridge,191,0.004779103101931526,-0.0008986115805195215
2025-10-07,1,ridge,191,0.003443041375984279,-0.00027969428701625677
2025-10-08,1,ridge,191,0.006248130777192884,-0.0008401015986648365
2025-10-09,1,ridge,191,-0.005641763906668373,2.8293213025006958e-05
2025-10-10,1,ridge,191,0.002925601077889972,0.000983087430992862
2025-10-13,1,ridge,191,-0.002218637457070294,-0.000766373796079549
2025-10-14,1,ridge,191,-0.002628388088177225,-0.00011930579484337315
2025-10-15,1,ridge,191,-0.004565523072589173,-0.000726105239630213
2025-10-16,1,ridge,191,0.0009147736573265064,-0.0003384596465153853
2025-10-17,1,ridge,191,0.001624200945830268,0.00010319528279035062
2025-10-20,1,ridge,191,0.003442692748181209,-0.0012746413616560176
2025-10-21,1,ridge,191,-0.0003032907064648427,-0.00025589825448343515
